timestamp,timestamp_sent,action,send_amount,from_node_id,to_node_id,message_type,original_data,possibly_mutated_data
1750577124903,1750577124903,1086,1,0,1,TMStatusChange,"newEvent: neCLOSING_LEDGER; ledgerSeq: 1; ledgerHash: ""-}\351f\032\255\274\334m\326c\017\014ao[\342\230\003\245\245\3341Hm\326^\017jy\335\261""; ledgerHashPrevious: ""\000\000\000\000\000\000\000\000\000\000\000\000\000\000\000\000\000\000\000\000\000\000\000\000\000\000\000\000\000\000\000\000""; networkTime: 803892324; firstSeq: 1; lastSeq: 1; ","newEvent: neCLOSING_LEDGER; ledgerSeq: 1; ledgerHash: ""-}\351f\032\255\274\334m\326c\017\014ao[\342\230\003\245\245\3341Hm\326^\017jy\335\261""; ledgerHashPrevious: ""\000\000\000\000\000\000\000\000\000\000\000\000\000\000\000\000\000\000\000\000\000\000\000\000\000\000\000\000\000\000\000\000""; networkTime: 803892324; firstSeq: 1; lastSeq: 1; "
1750577124903,1750577124903,2178,1,0,4,TMStatusChange,"newEvent: neCLOSING_LEDGER; ledgerSeq: 1; ledgerHash: ""-}\351f\032\255\274\334m\326c\017\014ao[\342\230\003\245\245\3341Hm\326^\017jy\335\261""; ledgerHashPrevious: ""\000\000\000\000\000\000\000\000\000\000\000\000\000\000\000\000\000\000\000\000\000\000\000\000\000\000\000\000\000\000\000\000""; networkTime: 803892324; firstSeq: 1; lastSeq: 1; ","newEvent: neCLOSING_LEDGER; ledgerSeq: 1; ledgerHash: ""-}\351f\032\255\274\334m\326c\017\014ao[\342\230\003\245\245\3341Hm\326^\017jy\335\261""; ledgerHashPrevious: ""\000\000\000\000\000\000\000\000\000\000\000\000\000\000\000\000\000\000\000\000\000\000\000\000\000\000\000\000\000\000\000\000""; networkTime: 803892324; firstSeq: 1; lastSeq: 1; "
1750577124904,1750577124904,313,1,0,3,TMStatusChange,"newEvent: neCLOSING_LEDGER; ledgerSeq: 1; ledgerHash: ""-}\351f\032\255\274\334m\326c\017\014ao[\342\230\003\245\245\3341Hm\326^\017jy\335\261""; ledgerHashPrevious: ""\000\000\000\000\000\000\000\000\000\000\000\000\000\000\000\000\000\000\000\000\000\000\000\000\000\000\000\000\000\000\000\000""; networkTime: 803892324; firstSeq: 1; lastSeq: 1; ","newEvent: neCLOSING_LEDGER; ledgerSeq: 1; ledgerHash: ""-}\351f\032\255\274\334m\326c\017\014ao[\342\230\003\245\245\3341Hm\326^\017jy\335\261""; ledgerHashPrevious: ""\000\000\000\000\000\000\000\000\000\000\000\000\000\000\000\000\000\000\000\000\000\000\000\000\000\000\000\000\000\000\000\000""; networkTime: 803892324; firstSeq: 1; lastSeq: 1; "
1750577124905,1750577124905,3470,1,0,2,TMStatusChange,"newEvent: neCLOSING_LEDGER; ledgerSeq: 1; ledgerHash: ""-}\351f\032\255\274\334m\326c\017\014ao[\342\230\003\245\245\3341Hm\326^\017jy\335\261""; ledgerHashPrevious: ""\000\000\000\000\000\000\000\000\000\000\000\000\000\000\000\000\000\000\000\000\000\000\000\000\000\000\000\000\000\000\000\000""; networkTime: 803892324; firstSeq: 1; lastSeq: 1; ","newEvent: neCLOSING_LEDGER; ledgerSeq: 1; ledgerHash: ""-}\351f\032\255\274\334m\326c\017\014ao[\342\230\003\245\245\3341Hm\326^\017jy\335\261""; ledgerHashPrevious: ""\000\000\000\000\000\000\000\000\000\000\000\000\000\000\000\000\000\000\000\000\000\000\000\000\000\000\000\000\000\000\000\000""; networkTime: 803892324; firstSeq: 1; lastSeq: 1; "
1750577124905,1750577124905,0,1,4,1,TMEndpoints,version: 2; ,version: 2; 
1750577124907,1750577124907,0,1,4,0,TMEndpoints,version: 2; ,version: 2; 
1750577124907,1750577124907,3260,1,4,1,TMStatusChange,"newEvent: neCLOSING_LEDGER; ledgerSeq: 1; ledgerHash: ""-}\351f\032\255\274\334m\326c\017\014ao[\342\230\003\245\245\3341Hm\326^\017jy\335\261""; ledgerHashPrevious: ""\000\000\000\000\000\000\000\000\000\000\000\000\000\000\000\000\000\000\000\000\000\000\000\000\000\000\000\000\000\000\000\000""; networkTime: 803892324; firstSeq: 1; lastSeq: 1; ","newEvent: neCLOSING_LEDGER; ledgerSeq: 1; ledgerHash: ""-}\351f\032\255\274\334m\326c\017\014ao[\342\230\003\245\245\3341Hm\326^\017jy\335\261""; ledgerHashPrevious: ""\000\000\000\000\000\000\000\000\000\000\000\000\000\000\000\000\000\000\000\000\000\000\000\000\000\000\000\000\000\000\000\000""; networkTime: 803892324; firstSeq: 1; lastSeq: 1; "
1750577124907,1750577124908,2720,1,4,0,TMStatusChange,"newEvent: neCLOSING_LEDGER; ledgerSeq: 1; ledgerHash: ""-}\351f\032\255\274\334m\326c\017\014ao[\342\230\003\245\245\3341Hm\326^\017jy\335\261""; ledgerHashPrevious: ""\000\000\000\000\000\000\000\000\000\000\000\000\000\000\000\000\000\000\000\000\000\000\000\000\000\000\000\000\000\000\000\000""; networkTime: 803892324; firstSeq: 1; lastSeq: 1; ","newEvent: neCLOSING_LEDGER; ledgerSeq: 1; ledgerHash: ""-}\351f\032\255\274\334m\326c\017\014ao[\342\230\003\245\245\3341Hm\326^\017jy\335\261""; ledgerHashPrevious: ""\000\000\000\000\000\000\000\000\000\000\000\000\000\000\000\000\000\000\000\000\000\000\000\000\000\000\000\000\000\000\000\000""; networkTime: 803892324; firstSeq: 1; lastSeq: 1; "
1750577125043,1750577125043,2791,1,2,1,TMStatusChange,"newEvent: neCLOSING_LEDGER; ledgerSeq: 1; ledgerHash: ""-}\351f\032\255\274\334m\326c\017\014ao[\342\230\003\245\245\3341Hm\326^\017jy\335\261""; ledgerHashPrevious: ""\000\000\000\000\000\000\000\000\000\000\000\000\000\000\000\000\000\000\000\000\000\000\000\000\000\000\000\000\000\000\000\000""; networkTime: 803892325; firstSeq: 1; lastSeq: 1; ","newEvent: neCLOSING_LEDGER; ledgerSeq: 1; ledgerHash: ""-}\351f\032\255\274\334m\326c\017\014ao[\342\230\003\245\245\3341Hm\326^\017jy\335\261""; ledgerHashPrevious: ""\000\000\000\000\000\000\000\000\000\000\000\000\000\000\000\000\000\000\000\000\000\000\000\000\000\000\000\000\000\000\000\000""; networkTime: 803892325; firstSeq: 1; lastSeq: 1; "
1750577125044,1750577125044,2447,1,2,0,TMStatusChange,"newEvent: neCLOSING_LEDGER; ledgerSeq: 1; ledgerHash: ""-}\351f\032\255\274\334m\326c\017\014ao[\342\230\003\245\245\3341Hm\326^\017jy\335\261""; ledgerHashPrevious: ""\000\000\000\000\000\000\000\000\000\000\000\000\000\000\000\000\000\000\000\000\000\000\000\000\000\000\000\000\000\000\000\000""; networkTime: 803892325; firstSeq: 1; lastSeq: 1; ","newEvent: neCLOSING_LEDGER; ledgerSeq: 1; ledgerHash: ""-}\351f\032\255\274\334m\326c\017\014ao[\342\230\003\245\245\3341Hm\326^\017jy\335\261""; ledgerHashPrevious: ""\000\000\000\000\000\000\000\000\000\000\000\000\000\000\000\000\000\000\000\000\000\000\000\000\000\000\000\000\000\000\000\000""; networkTime: 803892325; firstSeq: 1; lastSeq: 1; "
1750577125044,1750577125044,2755,1,2,4,TMStatusChange,"newEvent: neCLOSING_LEDGER; ledgerSeq: 1; ledgerHash: ""-}\351f\032\255\274\334m\326c\017\014ao[\342\230\003\245\245\3341Hm\326^\017jy\335\261""; ledgerHashPrevious: ""\000\000\000\000\000\000\000\000\000\000\000\000\000\000\000\000\000\000\000\000\000\000\000\000\000\000\000\000\000\000\000\000""; networkTime: 803892325; firstSeq: 1; lastSeq: 1; ","newEvent: neCLOSING_LEDGER; ledgerSeq: 1; ledgerHash: ""-}\351f\032\255\274\334m\326c\017\014ao[\342\230\003\245\245\3341Hm\326^\017jy\335\261""; ledgerHashPrevious: ""\000\000\000\000\000\000\000\000\000\000\000\000\000\000\000\000\000\000\000\000\000\000\000\000\000\000\000\000\000\000\000\000""; networkTime: 803892325; firstSeq: 1; lastSeq: 1; "
1750577125044,1750577125045,3343,1,2,3,TMStatusChange,"newEvent: neCLOSING_LEDGER; ledgerSeq: 1; ledgerHash: ""-}\351f\032\255\274\334m\326c\017\014ao[\342\230\003\245\245\3341Hm\326^\017jy\335\261""; ledgerHashPrevious: ""\000\000\000\000\000\000\000\000\000\000\000\000\000\000\000\000\000\000\000\000\000\000\000\000\000\000\000\000\000\000\000\000""; networkTime: 803892325; firstSeq: 1; lastSeq: 1; ","newEvent: neCLOSING_LEDGER; ledgerSeq: 1; ledgerHash: ""-}\351f\032\255\274\334m\326c\017\014ao[\342\230\003\245\245\3341Hm\326^\017jy\335\261""; ledgerHashPrevious: ""\000\000\000\000\000\000\000\000\000\000\000\000\000\000\000\000\000\000\000\000\000\000\000\000\000\000\000\000\000\000\000\000""; networkTime: 803892325; firstSeq: 1; lastSeq: 1; "
1750577125058,1750577125058,46,1,1,3,TMStatusChange,"newEvent: neCLOSING_LEDGER; ledgerSeq: 1; ledgerHash: ""-}\351f\032\255\274\334m\326c\017\014ao[\342\230\003\245\245\3341Hm\326^\017jy\335\261""; ledgerHashPrevious: ""\000\000\000\000\000\000\000\000\000\000\000\000\000\000\000\000\000\000\000\000\000\000\000\000\000\000\000\000\000\000\000\000""; networkTime: 803892325; firstSeq: 1; lastSeq: 1; ","newEvent: neCLOSING_LEDGER; ledgerSeq: 1; ledgerHash: ""-}\351f\032\255\274\334m\326c\017\014ao[\342\230\003\245\245\3341Hm\326^\017jy\335\261""; ledgerHashPrevious: ""\000\000\000\000\000\000\000\000\000\000\000\000\000\000\000\000\000\000\000\000\000\000\000\000\000\000\000\000\000\000\000\000""; networkTime: 803892325; firstSeq: 1; lastSeq: 1; "
1750577125058,1750577125058,192,1,1,0,TMStatusChange,"newEvent: neCLOSING_LEDGER; ledgerSeq: 1; ledgerHash: ""-}\351f\032\255\274\334m\326c\017\014ao[\342\230\003\245\245\3341Hm\326^\017jy\335\261""; ledgerHashPrevious: ""\000\000\000\000\000\000\000\000\000\000\000\000\000\000\000\000\000\000\000\000\000\000\000\000\000\000\000\000\000\000\000\000""; networkTime: 803892325; firstSeq: 1; lastSeq: 1; ","newEvent: neCLOSING_LEDGER; ledgerSeq: 1; ledgerHash: ""-}\351f\032\255\274\334m\326c\017\014ao[\342\230\003\245\245\3341Hm\326^\017jy\335\261""; ledgerHashPrevious: ""\000\000\000\000\000\000\000\000\000\000\000\000\000\000\000\000\000\000\000\000\000\000\000\000\000\000\000\000\000\000\000\000""; networkTime: 803892325; firstSeq: 1; lastSeq: 1; "
1750577125059,1750577125059,2677,1,1,4,TMStatusChange,"newEvent: neCLOSING_LEDGER; ledgerSeq: 1; ledgerHash: ""-}\351f\032\255\274\334m\326c\017\014ao[\342\230\003\245\245\3341Hm\326^\017jy\335\261""; ledgerHashPrevious: ""\000\000\000\000\000\000\000\000\000\000\000\000\000\000\000\000\000\000\000\000\000\000\000\000\000\000\000\000\000\000\000\000""; networkTime: 803892325; firstSeq: 1; lastSeq: 1; ","newEvent: neCLOSING_LEDGER; ledgerSeq: 1; ledgerHash: ""-}\351f\032\255\274\334m\326c\017\014ao[\342\230\003\245\245\3341Hm\326^\017jy\335\261""; ledgerHashPrevious: ""\000\000\000\000\000\000\000\000\000\000\000\000\000\000\000\000\000\000\000\000\000\000\000\000\000\000\000\000\000\000\000\000""; networkTime: 803892325; firstSeq: 1; lastSeq: 1; "
1750577125059,1750577125059,866,1,1,2,TMStatusChange,"newEvent: neCLOSING_LEDGER; ledgerSeq: 1; ledgerHash: ""-}\351f\032\255\274\334m\326c\017\014ao[\342\230\003\245\245\3341Hm\326^\017jy\335\261""; ledgerHashPrevious: ""\000\000\000\000\000\000\000\000\000\000\000\000\000\000\000\000\000\000\000\000\000\000\000\000\000\000\000\000\000\000\000\000""; networkTime: 803892325; firstSeq: 1; lastSeq: 1; ","newEvent: neCLOSING_LEDGER; ledgerSeq: 1; ledgerHash: ""-}\351f\032\255\274\334m\326c\017\014ao[\342\230\003\245\245\3341Hm\326^\017jy\335\261""; ledgerHashPrevious: ""\000\000\000\000\000\000\000\000\000\000\000\000\000\000\000\000\000\000\000\000\000\000\000\000\000\000\000\000\000\000\000\000""; networkTime: 803892325; firstSeq: 1; lastSeq: 1; "
1750577125482,1750577125482,3268,1,3,4,TMStatusChange,"newEvent: neCLOSING_LEDGER; ledgerSeq: 1; ledgerHash: ""-}\351f\032\255\274\334m\326c\017\014ao[\342\230\003\245\245\3341Hm\326^\017jy\335\261""; ledgerHashPrevious: ""\000\000\000\000\000\000\000\000\000\000\000\000\000\000\000\000\000\000\000\000\000\000\000\000\000\000\000\000\000\000\000\000""; networkTime: 803892325; firstSeq: 1; lastSeq: 1; ","newEvent: neCLOSING_LEDGER; ledgerSeq: 1; ledgerHash: ""-}\351f\032\255\274\334m\326c\017\014ao[\342\230\003\245\245\3341Hm\326^\017jy\335\261""; ledgerHashPrevious: ""\000\000\000\000\000\000\000\000\000\000\000\000\000\000\000\000\000\000\000\000\000\000\000\000\000\000\000\000\000\000\000\000""; networkTime: 803892325; firstSeq: 1; lastSeq: 1; "
1750577125483,1750577125483,414,1,3,2,TMStatusChange,"newEvent: neCLOSING_LEDGER; ledgerSeq: 1; ledgerHash: ""-}\351f\032\255\274\334m\326c\017\014ao[\342\230\003\245\245\3341Hm\326^\017jy\335\261""; ledgerHashPrevious: ""\000\000\000\000\000\000\000\000\000\000\000\000\000\000\000\000\000\000\000\000\000\000\000\000\000\000\000\000\000\000\000\000""; networkTime: 803892325; firstSeq: 1; lastSeq: 1; ","newEvent: neCLOSING_LEDGER; ledgerSeq: 1; ledgerHash: ""-}\351f\032\255\274\334m\326c\017\014ao[\342\230\003\245\245\3341Hm\326^\017jy\335\261""; ledgerHashPrevious: ""\000\000\000\000\000\000\000\000\000\000\000\000\000\000\000\000\000\000\000\000\000\000\000\000\000\000\000\000\000\000\000\000""; networkTime: 803892325; firstSeq: 1; lastSeq: 1; "
1750577125483,1750577125483,3943,1,3,1,TMStatusChange,"newEvent: neCLOSING_LEDGER; ledgerSeq: 1; ledgerHash: ""-}\351f\032\255\274\334m\326c\017\014ao[\342\230\003\245\245\3341Hm\326^\017jy\335\261""; ledgerHashPrevious: ""\000\000\000\000\000\000\000\000\000\000\000\000\000\000\000\000\000\000\000\000\000\000\000\000\000\000\000\000\000\000\000\000""; networkTime: 803892325; firstSeq: 1; lastSeq: 1; ","newEvent: neCLOSING_LEDGER; ledgerSeq: 1; ledgerHash: ""-}\351f\032\255\274\334m\326c\017\014ao[\342\230\003\245\245\3341Hm\326^\017jy\335\261""; ledgerHashPrevious: ""\000\000\000\000\000\000\000\000\000\000\000\000\000\000\000\000\000\000\000\000\000\000\000\000\000\000\000\000\000\000\000\000""; networkTime: 803892325; firstSeq: 1; lastSeq: 1; "
1750577125483,1750577125483,655,1,3,0,TMStatusChange,"newEvent: neCLOSING_LEDGER; ledgerSeq: 1; ledgerHash: ""-}\351f\032\255\274\334m\326c\017\014ao[\342\230\003\245\245\3341Hm\326^\017jy\335\261""; ledgerHashPrevious: ""\000\000\000\000\000\000\000\000\000\000\000\000\000\000\000\000\000\000\000\000\000\000\000\000\000\000\000\000\000\000\000\000""; networkTime: 803892325; firstSeq: 1; lastSeq: 1; ","newEvent: neCLOSING_LEDGER; ledgerSeq: 1; ledgerHash: ""-}\351f\032\255\274\334m\326c\017\014ao[\342\230\003\245\245\3341Hm\326^\017jy\335\261""; ledgerHashPrevious: ""\000\000\000\000\000\000\000\000\000\000\000\000\000\000\000\000\000\000\000\000\000\000\000\000\000\000\000\000\000\000\000\000""; networkTime: 803892325; firstSeq: 1; lastSeq: 1; "
1750577139775,1750577139775,2407,1,4,3,TMStatusChange,"newEvent: neACCEPTED_LEDGER; ledgerSeq: 2; ledgerHash: ""\367\345\025\032H\227!<\221\010\364\357\210;`\021\002|\333\300 \354\225a\3335\\234\223\225\314\265""; ledgerHashPrevious: ""-}\351f\032\255\274\334m\326c\017\014ao[\342\230\003\245\245\3341Hm\326^\017jy\335\261""; networkTime: 803892339; firstSeq: 1; lastSeq: 1; ","newEvent: neACCEPTED_LEDGER; ledgerSeq: 2; ledgerHash: ""\367\345\025\032H\227!<\221\010\364\357\210;`\021\002|\333\300 \354\225a\3335\\234\223\225\314\265""; ledgerHashPrevious: ""-}\351f\032\255\274\334m\326c\017\014ao[\342\230\003\245\245\3341Hm\326^\017jy\335\261""; networkTime: 803892339; firstSeq: 1; lastSeq: 1; "
1750577139777,1750577139777,406,1,4,2,TMValidation,"validation: """"\200\000\000\000&\000\000\000\002)/\352ls:UH-\013b\304]\310Q\367\345\025\032H\227!<\221\010\364\357\210;`\021\002|\333\300 \354\225a\3335\\234\223\225\314\265P\027\000\000\000\000\000\000\000\000\000\000\000\000\000\000\000\000\000\000\000\000\000\000\000\000\000\000\000\000\000\000\000\000P\031-}\351f\032\255\274\334m\326c\017\014ao[\342\230\003\245\245\3341Hm\326^\017jy\335\261s!\003\211\303A\235N*9\010=d5\266h\211JKh\0341\350\031\261\350\267\321\n\220\326d\001?\306vG0E\002!\000\230p\020\251\211\313\223Z\334\343\324\272\226zDGyr\361\356\343\371\342\033L\000\332\005:h\017\023\002 BU\274Y\237\203\301~$0\t\236\251%\376\031\214$\227f\225\327P\271\334)\242\273\014c\007\370""; ","validation: """"\200\000\000\000&\000\000\000\002)/\352ls:UH-\013b\304]\310Q\367\345\025\032H\227!<\221\010\364\357\210;`\021\002|\333\300 \354\225a\3335\\234\223\225\314\265P\027\000\000\000\000\000\000\000\000\000\000\000\000\000\000\000\000\000\000\000\000\000\000\000\000\000\000\000\000\000\000\000\000P\031-}\351f\032\255\274\334m\326c\017\014ao[\342\230\003\245\245\3341Hm\326^\017jy\335\261s!\003\211\303A\235N*9\010=d5\266h\211JKh\0341\350\031\261\350\267\321\n\220\326d\001?\306vG0E\002!\000\230p\020\251\211\313\223Z\334\343\324\272\226zDGyr\361\356\343\371\342\033L\000\332\005:h\017\023\002 BU\274Y\237\203\301~$0\t\236\251%\376\031\214$\227f\225\327P\271\334)\242\273\014c\007\370""; "
1750577139777,1750577139777,594,1,4,2,TMStatusChange,"newEvent: neACCEPTED_LEDGER; ledgerSeq: 2; ledgerHash: ""\367\345\025\032H\227!<\221\010\364\357\210;`\021\002|\333\300 \354\225a\3335\\234\223\225\314\265""; ledgerHashPrevious: ""-}\351f\032\255\274\334m\326c\017\014ao[\342\230\003\245\245\3341Hm\326^\017jy\335\261""; networkTime: 803892339; firstSeq: 1; lastSeq: 1; ","newEvent: neACCEPTED_LEDGER; ledgerSeq: 2; ledgerHash: ""\367\345\025\032H\227!<\221\010\364\357\210;`\021\002|\333\300 \354\225a\3335\\234\223\225\314\265""; ledgerHashPrevious: ""-}\351f\032\255\274\334m\326c\017\014ao[\342\230\003\245\245\3341Hm\326^\017jy\335\261""; networkTime: 803892339; firstSeq: 1; lastSeq: 1; "
1750577139778,1750577139778,3916,1,4,1,TMValidation,"validation: """"\200\000\000\000&\000\000\000\002)/\352ls:UH-\013b\304]\310Q\367\345\025\032H\227!<\221\010\364\357\210;`\021\002|\333\300 \354\225a\3335\\234\223\225\314\265P\027\000\000\000\000\000\000\000\000\000\000\000\000\000\000\000\000\000\000\000\000\000\000\000\000\000\000\000\000\000\000\000\000P\031-}\351f\032\255\274\334m\326c\017\014ao[\342\230\003\245\245\3341Hm\326^\017jy\335\261s!\003\211\303A\235N*9\010=d5\266h\211JKh\0341\350\031\261\350\267\321\n\220\326d\001?\306vG0E\002!\000\230p\020\251\211\313\223Z\334\343\324\272\226zDGyr\361\356\343\371\342\033L\000\332\005:h\017\023\002 BU\274Y\237\203\301~$0\t\236\251%\376\031\214$\227f\225\327P\271\334)\242\273\014c\007\370""; ","validation: """"\200\000\000\000&\000\000\000\002)/\352ls:UH-\013b\304]\310Q\367\345\025\032H\227!<\221\010\364\357\210;`\021\002|\333\300 \354\225a\3335\\234\223\225\314\265P\027\000\000\000\000\000\000\000\000\000\000\000\000\000\000\000\000\000\000\000\000\000\000\000\000\000\000\000\000\000\000\000\000P\031-}\351f\032\255\274\334m\326c\017\014ao[\342\230\003\245\245\3341Hm\326^\017jy\335\261s!\003\211\303A\235N*9\010=d5\266h\211JKh\0341\350\031\261\350\267\321\n\220\326d\001?\306vG0E\002!\000\230p\020\251\211\313\223Z\334\343\324\272\226zDGyr\361\356\343\371\342\033L\000\332\005:h\017\023\002 BU\274Y\237\203\301~$0\t\236\251%\376\031\214$\227f\225\327P\271\334)\242\273\014c\007\370""; "
1750577139775,1750577139776,2214,1,4,3,TMValidation,"validation: """"\200\000\000\000&\000\000\000\002)/\352ls:UH-\013b\304]\310Q\367\345\025\032H\227!<\221\010\364\357\210;`\021\002|\333\300 \354\225a\3335\\234\223\225\314\265P\027\000\000\000\000\000\000\000\000\000\000\000\000\000\000\000\000\000\000\000\000\000\000\000\000\000\000\000\000\000\000\000\000P\031-}\351f\032\255\274\334m\326c\017\014ao[\342\230\003\245\245\3341Hm\326^\017jy\335\261s!\003\211\303A\235N*9\010=d5\266h\211JKh\0341\350\031\261\350\267\321\n\220\326d\001?\306vG0E\002!\000\230p\020\251\211\313\223Z\334\343\324\272\226zDGyr\361\356\343\371\342\033L\000\332\005:h\017\023\002 BU\274Y\237\203\301~$0\t\236\251%\376\031\214$\227f\225\327P\271\334)\242\273\014c\007\370""; ","validation: """"\200\000\000\000&\000\000\000\002)/\352ls:UH-\013b\304]\310Q\367\345\025\032H\227!<\221\010\364\357\210;`\021\002|\333\300 \354\225a\3335\\234\223\225\314\265P\027\000\000\000\000\000\000\000\000\000\000\000\000\000\000\000\000\000\000\000\000\000\000\000\000\000\000\000\000\000\000\000\000P\031-}\351f\032\255\274\334m\326c\017\014ao[\342\230\003\245\245\3341Hm\326^\017jy\335\261s!\003\211\303A\235N*9\010=d5\266h\211JKh\0341\350\031\261\350\267\321\n\220\326d\001?\306vG0E\002!\000\230p\020\251\211\313\223Z\334\343\324\272\226zDGyr\361\356\343\371\342\033L\000\332\005:h\017\023\002 BU\274Y\237\203\301~$0\t\236\251%\376\031\214$\227f\225\327P\271\334)\242\273\014c\007\370""; "
1750577139779,1750577139779,2720,1,4,0,TMStatusChange,"newEvent: neACCEPTED_LEDGER; ledgerSeq: 2; ledgerHash: ""\367\345\025\032H\227!<\221\010\364\357\210;`\021\002|\333\300 \354\225a\3335\\234\223\225\314\265""; ledgerHashPrevious: ""-}\351f\032\255\274\334m\326c\017\014ao[\342\230\003\245\245\3341Hm\326^\017jy\335\261""; networkTime: 803892339; firstSeq: 1; lastSeq: 1; ","newEvent: neACCEPTED_LEDGER; ledgerSeq: 2; ledgerHash: ""\367\345\025\032H\227!<\221\010\364\357\210;`\021\002|\333\300 \354\225a\3335\\234\223\225\314\265""; ledgerHashPrevious: ""-}\351f\032\255\274\334m\326c\017\014ao[\342\230\003\245\245\3341Hm\326^\017jy\335\261""; networkTime: 803892339; firstSeq: 1; lastSeq: 1; "
1750577139779,1750577139779,3260,1,4,1,TMStatusChange,"newEvent: neACCEPTED_LEDGER; ledgerSeq: 2; ledgerHash: ""\367\345\025\032H\227!<\221\010\364\357\210;`\021\002|\333\300 \354\225a\3335\\234\223\225\314\265""; ledgerHashPrevious: ""-}\351f\032\255\274\334m\326c\017\014ao[\342\230\003\245\245\3341Hm\326^\017jy\335\261""; networkTime: 803892339; firstSeq: 1; lastSeq: 1; ","newEvent: neACCEPTED_LEDGER; ledgerSeq: 2; ledgerHash: ""\367\345\025\032H\227!<\221\010\364\357\210;`\021\002|\333\300 \354\225a\3335\\234\223\225\314\265""; ledgerHashPrevious: ""-}\351f\032\255\274\334m\326c\017\014ao[\342\230\003\245\245\3341Hm\326^\017jy\335\261""; networkTime: 803892339; firstSeq: 1; lastSeq: 1; "
1750577139779,1750577139780,3273,1,4,0,TMValidation,"validation: """"\200\000\000\000&\000\000\000\002)/\352ls:UH-\013b\304]\310Q\367\345\025\032H\227!<\221\010\364\357\210;`\021\002|\333\300 \354\225a\3335\\234\223\225\314\265P\027\000\000\000\000\000\000\000\000\000\000\000\000\000\000\000\000\000\000\000\000\000\000\000\000\000\000\000\000\000\000\000\000P\031-}\351f\032\255\274\334m\326c\017\014ao[\342\230\003\245\245\3341Hm\326^\017jy\335\261s!\003\211\303A\235N*9\010=d5\266h\211JKh\0341\350\031\261\350\267\321\n\220\326d\001?\306vG0E\002!\000\230p\020\251\211\313\223Z\334\343\324\272\226zDGyr\361\356\343\371\342\033L\000\332\005:h\017\023\002 BU\274Y\237\203\301~$0\t\236\251%\376\031\214$\227f\225\327P\271\334)\242\273\014c\007\370""; ","validation: """"\200\000\000\000&\000\000\000\002)/\352ls:UH-\013b\304]\310Q\367\345\025\032H\227!<\221\010\364\357\210;`\021\002|\333\300 \354\225a\3335\\234\223\225\314\265P\027\000\000\000\000\000\000\000\000\000\000\000\000\000\000\000\000\000\000\000\000\000\000\000\000\000\000\000\000\000\000\000\000P\031-}\351f\032\255\274\334m\326c\017\014ao[\342\230\003\245\245\3341Hm\326^\017jy\335\261s!\003\211\303A\235N*9\010=d5\266h\211JKh\0341\350\031\261\350\267\321\n\220\326d\001?\306vG0E\002!\000\230p\020\251\211\313\223Z\334\343\324\272\226zDGyr\361\356\343\371\342\033L\000\332\005:h\017\023\002 BU\274Y\237\203\301~$0\t\236\251%\376\031\214$\227f\225\327P\271\334)\242\273\014c\007\370""; "
1750577139863,1750577139864,1675,1,0,4,TMValidation,"validation: """"\200\000\000\000&\000\000\000\002)/\352ls:\277\013l\020Sh\241gQ\367\345\025\032H\227!<\221\010\364\357\210;`\021\002|\333\300 \354\225a\3335\\234\223\225\314\265P\027\000\000\000\000\000\000\000\000\000\000\000\000\000\000\000\000\000\000\000\000\000\000\000\000\000\000\000\000\000\000\000\000P\031-}\351f\032\255\274\334m\326c\017\014ao[\342\230\003\245\245\3341Hm\326^\017jy\335\261s!\003\355a`\035`\253\330A\240\246w|.n\327\250\337\232\257\300\315\245\312T\301L\2254\274lS\301vG0E\002!\000\324\365s\250\320\005D\234\3673\375d]t&\351\037\030<]I*\200\322,kiT*\005\364\247\002 8P\336\357\254K\342\311n,>L1\022,i\213\376z:'9'\007Q\370=\034\276$\347\014""; ","validation: """"\200\000\000\000&\000\000\000\002)/\352ls:\277\013l\020Sh\241gQ\367\345\025\032H\227!<\221\010\364\357\210;`\021\002|\333\300 \354\225a\3335\\234\223\225\314\265P\027\000\000\000\000\000\000\000\000\000\000\000\000\000\000\000\000\000\000\000\000\000\000\000\000\000\000\000\000\000\000\000\000P\031-}\351f\032\255\274\334m\326c\017\014ao[\342\230\003\245\245\3341Hm\326^\017jy\335\261s!\003\355a`\035`\253\330A\240\246w|.n\327\250\337\232\257\300\315\245\312T\301L\2254\274lS\301vG0E\002!\000\324\365s\250\320\005D\234\3673\375d]t&\351\037\030<]I*\200\322,kiT*\005\364\247\002 8P\336\357\254K\342\311n,>L1\022,i\213\376z:'9'\007Q\370=\034\276$\347\014""; "
1750577139864,1750577139864,3933,1,0,3,TMValidation,"validation: """"\200\000\000\000&\000\000\000\002)/\352ls:\277\013l\020Sh\241gQ\367\345\025\032H\227!<\221\010\364\357\210;`\021\002|\333\300 \354\225a\3335\\234\223\225\314\265P\027\000\000\000\000\000\000\000\000\000\000\000\000\000\000\000\000\000\000\000\000\000\000\000\000\000\000\000\000\000\000\000\000P\031-}\351f\032\255\274\334m\326c\017\014ao[\342\230\003\245\245\3341Hm\326^\017jy\335\261s!\003\355a`\035`\253\330A\240\246w|.n\327\250\337\232\257\300\315\245\312T\301L\2254\274lS\301vG0E\002!\000\324\365s\250\320\005D\234\3673\375d]t&\351\037\030<]I*\200\322,kiT*\005\364\247\002 8P\336\357\254K\342\311n,>L1\022,i\213\376z:'9'\007Q\370=\034\276$\347\014""; ","validation: """"\200\000\000\000&\000\000\000\002)/\352ls:\277\013l\020Sh\241gQ\367\345\025\032H\227!<\221\010\364\357\210;`\021\002|\333\300 \354\225a\3335\\234\223\225\314\265P\027\000\000\000\000\000\000\000\000\000\000\000\000\000\000\000\000\000\000\000\000\000\000\000\000\000\000\000\000\000\000\000\000P\031-}\351f\032\255\274\334m\326c\017\014ao[\342\230\003\245\245\3341Hm\326^\017jy\335\261s!\003\355a`\035`\253\330A\240\246w|.n\327\250\337\232\257\300\315\245\312T\301L\2254\274lS\301vG0E\002!\000\324\365s\250\320\005D\234\3673\375d]t&\351\037\030<]I*\200\322,kiT*\005\364\247\002 8P\336\357\254K\342\311n,>L1\022,i\213\376z:'9'\007Q\370=\034\276$\347\014""; "
1750577139865,1750577139865,313,1,0,3,TMStatusChange,"newEvent: neACCEPTED_LEDGER; ledgerSeq: 2; ledgerHash: ""\367\345\025\032H\227!<\221\010\364\357\210;`\021\002|\333\300 \354\225a\3335\\234\223\225\314\265""; ledgerHashPrevious: ""-}\351f\032\255\274\334m\326c\017\014ao[\342\230\003\245\245\3341Hm\326^\017jy\335\261""; networkTime: 803892339; firstSeq: 1; lastSeq: 1; ","newEvent: neACCEPTED_LEDGER; ledgerSeq: 2; ledgerHash: ""\367\345\025\032H\227!<\221\010\364\357\210;`\021\002|\333\300 \354\225a\3335\\234\223\225\314\265""; ledgerHashPrevious: ""-}\351f\032\255\274\334m\326c\017\014ao[\342\230\003\245\245\3341Hm\326^\017jy\335\261""; networkTime: 803892339; firstSeq: 1; lastSeq: 1; "
1750577139865,1750577139865,2178,1,0,4,TMStatusChange,"newEvent: neACCEPTED_LEDGER; ledgerSeq: 2; ledgerHash: ""\367\345\025\032H\227!<\221\010\364\357\210;`\021\002|\333\300 \354\225a\3335\\234\223\225\314\265""; ledgerHashPrevious: ""-}\351f\032\255\274\334m\326c\017\014ao[\342\230\003\245\245\3341Hm\326^\017jy\335\261""; networkTime: 803892339; firstSeq: 1; lastSeq: 1; ","newEvent: neACCEPTED_LEDGER; ledgerSeq: 2; ledgerHash: ""\367\345\025\032H\227!<\221\010\364\357\210;`\021\002|\333\300 \354\225a\3335\\234\223\225\314\265""; ledgerHashPrevious: ""-}\351f\032\255\274\334m\326c\017\014ao[\342\230\003\245\245\3341Hm\326^\017jy\335\261""; networkTime: 803892339; firstSeq: 1; lastSeq: 1; "
1750577139865,1750577139865,3734,1,0,1,TMValidation,"validation: """"\200\000\000\000&\000\000\000\002)/\352ls:\277\013l\020Sh\241gQ\367\345\025\032H\227!<\221\010\364\357\210;`\021\002|\333\300 \354\225a\3335\\234\223\225\314\265P\027\000\000\000\000\000\000\000\000\000\000\000\000\000\000\000\000\000\000\000\000\000\000\000\000\000\000\000\000\000\000\000\000P\031-}\351f\032\255\274\334m\326c\017\014ao[\342\230\003\245\245\3341Hm\326^\017jy\335\261s!\003\355a`\035`\253\330A\240\246w|.n\327\250\337\232\257\300\315\245\312T\301L\2254\274lS\301vG0E\002!\000\324\365s\250\320\005D\234\3673\375d]t&\351\037\030<]I*\200\322,kiT*\005\364\247\002 8P\336\357\254K\342\311n,>L1\022,i\213\376z:'9'\007Q\370=\034\276$\347\014""; ","validation: """"\200\000\000\000&\000\000\000\002)/\352ls:\277\013l\020Sh\241gQ\367\345\025\032H\227!<\221\010\364\357\210;`\021\002|\333\300 \354\225a\3335\\234\223\225\314\265P\027\000\000\000\000\000\000\000\000\000\000\000\000\000\000\000\000\000\000\000\000\000\000\000\000\000\000\000\000\000\000\000\000P\031-}\351f\032\255\274\334m\326c\017\014ao[\342\230\003\245\245\3341Hm\326^\017jy\335\261s!\003\355a`\035`\253\330A\240\246w|.n\327\250\337\232\257\300\315\245\312T\301L\2254\274lS\301vG0E\002!\000\324\365s\250\320\005D\234\3673\375d]t&\351\037\030<]I*\200\322,kiT*\005\364\247\002 8P\336\357\254K\342\311n,>L1\022,i\213\376z:'9'\007Q\370=\034\276$\347\014""; "
1750577139866,1750577139866,1086,1,0,1,TMStatusChange,"newEvent: neACCEPTED_LEDGER; ledgerSeq: 2; ledgerHash: ""\367\345\025\032H\227!<\221\010\364\357\210;`\021\002|\333\300 \354\225a\3335\\234\223\225\314\265""; ledgerHashPrevious: ""-}\351f\032\255\274\334m\326c\017\014ao[\342\230\003\245\245\3341Hm\326^\017jy\335\261""; networkTime: 803892339; firstSeq: 1; lastSeq: 1; ","newEvent: neACCEPTED_LEDGER; ledgerSeq: 2; ledgerHash: ""\367\345\025\032H\227!<\221\010\364\357\210;`\021\002|\333\300 \354\225a\3335\\234\223\225\314\265""; ledgerHashPrevious: ""-}\351f\032\255\274\334m\326c\017\014ao[\342\230\003\245\245\3341Hm\326^\017jy\335\261""; networkTime: 803892339; firstSeq: 1; lastSeq: 1; "
1750577139866,1750577139866,3470,1,0,2,TMStatusChange,"newEvent: neACCEPTED_LEDGER; ledgerSeq: 2; ledgerHash: ""\367\345\025\032H\227!<\221\010\364\357\210;`\021\002|\333\300 \354\225a\3335\\234\223\225\314\265""; ledgerHashPrevious: ""-}\351f\032\255\274\334m\326c\017\014ao[\342\230\003\245\245\3341Hm\326^\017jy\335\261""; networkTime: 803892339; firstSeq: 1; lastSeq: 1; ","newEvent: neACCEPTED_LEDGER; ledgerSeq: 2; ledgerHash: ""\367\345\025\032H\227!<\221\010\364\357\210;`\021\002|\333\300 \354\225a\3335\\234\223\225\314\265""; ledgerHashPrevious: ""-}\351f\032\255\274\334m\326c\017\014ao[\342\230\003\245\245\3341Hm\326^\017jy\335\261""; networkTime: 803892339; firstSeq: 1; lastSeq: 1; "
1750577139866,1750577139867,1971,1,0,2,TMValidation,"validation: """"\200\000\000\000&\000\000\000\002)/\352ls:\277\013l\020Sh\241gQ\367\345\025\032H\227!<\221\010\364\357\210;`\021\002|\333\300 \354\225a\3335\\234\223\225\314\265P\027\000\000\000\000\000\000\000\000\000\000\000\000\000\000\000\000\000\000\000\000\000\000\000\000\000\000\000\000\000\000\000\000P\031-}\351f\032\255\274\334m\326c\017\014ao[\342\230\003\245\245\3341Hm\326^\017jy\335\261s!\003\355a`\035`\253\330A\240\246w|.n\327\250\337\232\257\300\315\245\312T\301L\2254\274lS\301vG0E\002!\000\324\365s\250\320\005D\234\3673\375d]t&\351\037\030<]I*\200\322,kiT*\005\364\247\002 8P\336\357\254K\342\311n,>L1\022,i\213\376z:'9'\007Q\370=\034\276$\347\014""; ","validation: """"\200\000\000\000&\000\000\000\002)/\352ls:\277\013l\020Sh\241gQ\367\345\025\032H\227!<\221\010\364\357\210;`\021\002|\333\300 \354\225a\3335\\234\223\225\314\265P\027\000\000\000\000\000\000\000\000\000\000\000\000\000\000\000\000\000\000\000\000\000\000\000\000\000\000\000\000\000\000\000\000P\031-}\351f\032\255\274\334m\326c\017\014ao[\342\230\003\245\245\3341Hm\326^\017jy\335\261s!\003\355a`\035`\253\330A\240\246w|.n\327\250\337\232\257\300\315\245\312T\301L\2254\274lS\301vG0E\002!\000\324\365s\250\320\005D\234\3673\375d]t&\351\037\030<]I*\200\322,kiT*\005\364\247\002 8P\336\357\254K\342\311n,>L1\022,i\213\376z:'9'\007Q\370=\034\276$\347\014""; "
1750577140054,1750577140054,3343,1,2,3,TMStatusChange,"newEvent: neACCEPTED_LEDGER; ledgerSeq: 2; ledgerHash: ""\251\006\353\035\210d\276;lh""\336 \006\234\226\351\247\303\375XP\023\265\030\214M\0256r\336\250""; ledgerHashPrevious: ""-}\351f\032\255\274\334m\326c\017\014ao[\342\230\003\245\245\3341Hm\326^\017jy\335\261""; networkTime: 803892340; firstSeq: 1; lastSeq: 1; ","newEvent: neACCEPTED_LEDGER; ledgerSeq: 2; ledgerHash: ""\251\006\353\035\210d\276;lh""\336 \006\234\226\351\247\303\375XP\023\265\030\214M\0256r\336\250""; ledgerHashPrevious: ""-}\351f\032\255\274\334m\326c\017\014ao[\342\230\003\245\245\3341Hm\326^\017jy\335\261""; networkTime: 803892340; firstSeq: 1; lastSeq: 1; "
1750577140056,1750577140056,2791,1,2,1,TMStatusChange,"newEvent: neACCEPTED_LEDGER; ledgerSeq: 2; ledgerHash: ""\251\006\353\035\210d\276;lh""\336 \006\234\226\351\247\303\375XP\023\265\030\214M\0256r\336\250""; ledgerHashPrevious: ""-}\351f\032\255\274\334m\326c\017\014ao[\342\230\003\245\245\3341Hm\326^\017jy\335\261""; networkTime: 803892340; firstSeq: 1; lastSeq: 1; ","newEvent: neACCEPTED_LEDGER; ledgerSeq: 2; ledgerHash: ""\251\006\353\035\210d\276;lh""\336 \006\234\226\351\247\303\375XP\023\265\030\214M\0256r\336\250""; ledgerHashPrevious: ""-}\351f\032\255\274\334m\326c\017\014ao[\342\230\003\245\245\3341Hm\326^\017jy\335\261""; networkTime: 803892340; firstSeq: 1; lastSeq: 1; "
1750577140055,1750577140055,2082,1,2,4,TMValidation,"validation: """"\200\000\000\000&\000\000\000\002)/\352lt:V\303\357EFc\206CQ\251\006\353\035\210d\276;lh""\336 \006\234\226\351\247\303\375XP\023\265\030\214M\0256r\336\250P\027\000\000\000\000\000\000\000\000\000\000\000\000\000\000\000\000\000\000\000\000\000\000\000\000\000\000\000\000\000\000\000\000P\031-}\351f\032\255\274\334m\326c\017\014ao[\342\230\003\245\245\3341Hm\326^\017jy\335\261s!\0020\374\336\227\217\364@Q\303\005\274\252\256X\2138\221\303\201)\016\0232J\362\305P\235O=J6vF0D\002 xb\233\327\220bi\213\254K`2\206>\034d\000\361\013\216i\271Q%\022\260m\227m\213\025\253\002 *X\376\026\013'\273Vq\036U\004\254\277\371\324\216\310'4\030=\347\266\255a\240\264\3248\253\365""; ","validation: """"\200\000\000\000&\000\000\000\002)/\352lt:V\303\357EFc\206CQ\251\006\353\035\210d\276;lh""\336 \006\234\226\351\247\303\375XP\023\265\030\214M\0256r\336\250P\027\000\000\000\000\000\000\000\000\000\000\000\000\000\000\000\000\000\000\000\000\000\000\000\000\000\000\000\000\000\000\000\000P\031-}\351f\032\255\274\334m\326c\017\014ao[\342\230\003\245\245\3341Hm\326^\017jy\335\261s!\0020\374\336\227\217\364@Q\303\005\274\252\256X\2138\221\303\201)\016\0232J\362\305P\235O=J6vF0D\002 xb\233\327\220bi\213\254K`2\206>\034d\000\361\013\216i\271Q%\022\260m\227m\213\025\253\002 *X\376\026\013'\273Vq\036U\004\254\277\371\324\216\310'4\030=\347\266\255a\240\264\3248\253\365""; "
1750577140056,1750577140056,2755,1,2,4,TMStatusChange,"newEvent: neACCEPTED_LEDGER; ledgerSeq: 2; ledgerHash: ""\251\006\353\035\210d\276;lh""\336 \006\234\226\351\247\303\375XP\023\265\030\214M\0256r\336\250""; ledgerHashPrevious: ""-}\351f\032\255\274\334m\326c\017\014ao[\342\230\003\245\245\3341Hm\326^\017jy\335\261""; networkTime: 803892340; firstSeq: 1; lastSeq: 1; ","newEvent: neACCEPTED_LEDGER; ledgerSeq: 2; ledgerHash: ""\251\006\353\035\210d\276;lh""\336 \006\234\226\351\247\303\375XP\023\265\030\214M\0256r\336\250""; ledgerHashPrevious: ""-}\351f\032\255\274\334m\326c\017\014ao[\342\230\003\245\245\3341Hm\326^\017jy\335\261""; networkTime: 803892340; firstSeq: 1; lastSeq: 1; "
1750577140055,1750577140055,1339,1,2,3,TMValidation,"validation: """"\200\000\000\000&\000\000\000\002)/\352lt:V\303\357EFc\206CQ\251\006\353\035\210d\276;lh""\336 \006\234\226\351\247\303\375XP\023\265\030\214M\0256r\336\250P\027\000\000\000\000\000\000\000\000\000\000\000\000\000\000\000\000\000\000\000\000\000\000\000\000\000\000\000\000\000\000\000\000P\031-}\351f\032\255\274\334m\326c\017\014ao[\342\230\003\245\245\3341Hm\326^\017jy\335\261s!\0020\374\336\227\217\364@Q\303\005\274\252\256X\2138\221\303\201)\016\0232J\362\305P\235O=J6vF0D\002 xb\233\327\220bi\213\254K`2\206>\034d\000\361\013\216i\271Q%\022\260m\227m\213\025\253\002 *X\376\026\013'\273Vq\036U\004\254\277\371\324\216\310'4\030=\347\266\255a\240\264\3248\253\365""; ","validation: """"\200\000\000\000&\000\000\000\002)/\352lt:V\303\357EFc\206CQ\251\006\353\035\210d\276;lh""\336 \006\234\226\351\247\303\375XP\023\265\030\214M\0256r\336\250P\027\000\000\000\000\000\000\000\000\000\000\000\000\000\000\000\000\000\000\000\000\000\000\000\000\000\000\000\000\000\000\000\000P\031-}\351f\032\255\274\334m\326c\017\014ao[\342\230\003\245\245\3341Hm\326^\017jy\335\261s!\0020\374\336\227\217\364@Q\303\005\274\252\256X\2138\221\303\201)\016\0232J\362\305P\235O=J6vF0D\002 xb\233\327\220bi\213\254K`2\206>\034d\000\361\013\216i\271Q%\022\260m\227m\213\025\253\002 *X\376\026\013'\273Vq\036U\004\254\277\371\324\216\310'4\030=\347\266\255a\240\264\3248\253\365""; "
1750577140057,1750577140057,2447,1,2,0,TMStatusChange,"newEvent: neACCEPTED_LEDGER; ledgerSeq: 2; ledgerHash: ""\251\006\353\035\210d\276;lh""\336 \006\234\226\351\247\303\375XP\023\265\030\214M\0256r\336\250""; ledgerHashPrevious: ""-}\351f\032\255\274\334m\326c\017\014ao[\342\230\003\245\245\3341Hm\326^\017jy\335\261""; networkTime: 803892340; firstSeq: 1; lastSeq: 1; ","newEvent: neACCEPTED_LEDGER; ledgerSeq: 2; ledgerHash: ""\251\006\353\035\210d\276;lh""\336 \006\234\226\351\247\303\375XP\023\265\030\214M\0256r\336\250""; ledgerHashPrevious: ""-}\351f\032\255\274\334m\326c\017\014ao[\342\230\003\245\245\3341Hm\326^\017jy\335\261""; networkTime: 803892340; firstSeq: 1; lastSeq: 1; "
1750577140057,1750577140057,2806,1,2,0,TMValidation,"validation: """"\200\000\000\000&\000\000\000\002)/\352lt:V\303\357EFc\206CQ\251\006\353\035\210d\276;lh""\336 \006\234\226\351\247\303\375XP\023\265\030\214M\0256r\336\250P\027\000\000\000\000\000\000\000\000\000\000\000\000\000\000\000\000\000\000\000\000\000\000\000\000\000\000\000\000\000\000\000\000P\031-}\351f\032\255\274\334m\326c\017\014ao[\342\230\003\245\245\3341Hm\326^\017jy\335\261s!\0020\374\336\227\217\364@Q\303\005\274\252\256X\2138\221\303\201)\016\0232J\362\305P\235O=J6vF0D\002 xb\233\327\220bi\213\254K`2\206>\034d\000\361\013\216i\271Q%\022\260m\227m\213\025\253\002 *X\376\026\013'\273Vq\036U\004\254\277\371\324\216\310'4\030=\347\266\255a\240\264\3248\253\365""; ","validation: """"\200\000\000\000&\000\000\000\002)/\352lt:V\303\357EFc\206CQ\251\006\353\035\210d\276;lh""\336 \006\234\226\351\247\303\375XP\023\265\030\214M\0256r\336\250P\027\000\000\000\000\000\000\000\000\000\000\000\000\000\000\000\000\000\000\000\000\000\000\000\000\000\000\000\000\000\000\000\000P\031-}\351f\032\255\274\334m\326c\017\014ao[\342\230\003\245\245\3341Hm\326^\017jy\335\261s!\0020\374\336\227\217\364@Q\303\005\274\252\256X\2138\221\303\201)\016\0232J\362\305P\235O=J6vF0D\002 xb\233\327\220bi\213\254K`2\206>\034d\000\361\013\216i\271Q%\022\260m\227m\213\025\253\002 *X\376\026\013'\273Vq\036U\004\254\277\371\324\216\310'4\030=\347\266\255a\240\264\3248\253\365""; "
1750577140058,1750577140058,1288,1,2,1,TMValidation,"validation: """"\200\000\000\000&\000\000\000\002)/\352lt:V\303\357EFc\206CQ\251\006\353\035\210d\276;lh""\336 \006\234\226\351\247\303\375XP\023\265\030\214M\0256r\336\250P\027\000\000\000\000\000\000\000\000\000\000\000\000\000\000\000\000\000\000\000\000\000\000\000\000\000\000\000\000\000\000\000\000P\031-}\351f\032\255\274\334m\326c\017\014ao[\342\230\003\245\245\3341Hm\326^\017jy\335\261s!\0020\374\336\227\217\364@Q\303\005\274\252\256X\2138\221\303\201)\016\0232J\362\305P\235O=J6vF0D\002 xb\233\327\220bi\213\254K`2\206>\034d\000\361\013\216i\271Q%\022\260m\227m\213\025\253\002 *X\376\026\013'\273Vq\036U\004\254\277\371\324\216\310'4\030=\347\266\255a\240\264\3248\253\365""; ","validation: """"\200\000\000\000&\000\000\000\002)/\352lt:V\303\357EFc\206CQ\251\006\353\035\210d\276;lh""\336 \006\234\226\351\247\303\375XP\023\265\030\214M\0256r\336\250P\027\000\000\000\000\000\000\000\000\000\000\000\000\000\000\000\000\000\000\000\000\000\000\000\000\000\000\000\000\000\000\000\000P\031-}\351f\032\255\274\334m\326c\017\014ao[\342\230\003\245\245\3341Hm\326^\017jy\335\261s!\0020\374\336\227\217\364@Q\303\005\274\252\256X\2138\221\303\201)\016\0232J\362\305P\235O=J6vF0D\002 xb\233\327\220bi\213\254K`2\206>\034d\000\361\013\216i\271Q%\022\260m\227m\213\025\253\002 *X\376\026\013'\273Vq\036U\004\254\277\371\324\216\310'4\030=\347\266\255a\240\264\3248\253\365""; "
1750577140066,1750577140066,2677,1,1,4,TMStatusChange,"newEvent: neACCEPTED_LEDGER; ledgerSeq: 2; ledgerHash: ""\251\006\353\035\210d\276;lh""\336 \006\234\226\351\247\303\375XP\023\265\030\214M\0256r\336\250""; ledgerHashPrevious: ""-}\351f\032\255\274\334m\326c\017\014ao[\342\230\003\245\245\3341Hm\326^\017jy\335\261""; networkTime: 803892340; firstSeq: 1; lastSeq: 1; ","newEvent: neACCEPTED_LEDGER; ledgerSeq: 2; ledgerHash: ""\251\006\353\035\210d\276;lh""\336 \006\234\226\351\247\303\375XP\023\265\030\214M\0256r\336\250""; ledgerHashPrevious: ""-}\351f\032\255\274\334m\326c\017\014ao[\342\230\003\245\245\3341Hm\326^\017jy\335\261""; networkTime: 803892340; firstSeq: 1; lastSeq: 1; "
1750577140066,1750577140066,1500,1,1,4,TMValidation,"validation: """"\200\000\000\000&\000\000\000\002)/\352lt:=_=\241F\200f\001Q\251\006\353\035\210d\276;lh""\336 \006\234\226\351\247\303\375XP\023\265\030\214M\0256r\336\250P\027\000\000\000\000\000\000\000\000\000\000\000\000\000\000\000\000\000\000\000\000\000\000\000\000\000\000\000\000\000\000\000\000P\031-}\351f\032\255\274\334m\326c\017\014ao[\342\230\003\245\245\3341Hm\326^\017jy\335\261s!\002\027\261XS\001B\350\357\305\256\215tn\000\301\3171+)\342\371W\337\360C \324\243C\222\361wvF0D\002 b\364\220\210<\333*w\265\021\n1\007\230\364XR\2356`\206\3449E\244\005\337\3776\336\341\210\002 ic\003m\302\031\300p\376\327k<z\262\301M$Tx\265\242\362\271\313\007\303-\360\357\255W\366""; ","validation: """"\200\000\000\000&\000\000\000\002)/\352lt:=_=\241F\200f\001Q\251\006\353\035\210d\276;lh""\336 \006\234\226\351\247\303\375XP\023\265\030\214M\0256r\336\250P\027\000\000\000\000\000\000\000\000\000\000\000\000\000\000\000\000\000\000\000\000\000\000\000\000\000\000\000\000\000\000\000\000P\031-}\351f\032\255\274\334m\326c\017\014ao[\342\230\003\245\245\3341Hm\326^\017jy\335\261s!\002\027\261XS\001B\350\357\305\256\215tn\000\301\3171+)\342\371W\337\360C \324\243C\222\361wvF0D\002 b\364\220\210<\333*w\265\021\n1\007\230\364XR\2356`\206\3449E\244\005\337\3776\336\341\210\002 ic\003m\302\031\300p\376\327k<z\262\301M$Tx\265\242\362\271\313\007\303-\360\357\255W\366""; "
1750577140067,1750577140067,192,1,1,0,TMStatusChange,"newEvent: neACCEPTED_LEDGER; ledgerSeq: 2; ledgerHash: ""\251\006\353\035\210d\276;lh""\336 \006\234\226\351\247\303\375XP\023\265\030\214M\0256r\336\250""; ledgerHashPrevious: ""-}\351f\032\255\274\334m\326c\017\014ao[\342\230\003\245\245\3341Hm\326^\017jy\335\261""; networkTime: 803892340; firstSeq: 1; lastSeq: 1; ","newEvent: neACCEPTED_LEDGER; ledgerSeq: 2; ledgerHash: ""\251\006\353\035\210d\276;lh""\336 \006\234\226\351\247\303\375XP\023\265\030\214M\0256r\336\250""; ledgerHashPrevious: ""-}\351f\032\255\274\334m\326c\017\014ao[\342\230\003\245\245\3341Hm\326^\017jy\335\261""; networkTime: 803892340; firstSeq: 1; lastSeq: 1; "
1750577140067,1750577140067,866,1,1,2,TMStatusChange,"newEvent: neACCEPTED_LEDGER; ledgerSeq: 2; ledgerHash: ""\251\006\353\035\210d\276;lh""\336 \006\234\226\351\247\303\375XP\023\265\030\214M\0256r\336\250""; ledgerHashPrevious: ""-}\351f\032\255\274\334m\326c\017\014ao[\342\230\003\245\245\3341Hm\326^\017jy\335\261""; networkTime: 803892340; firstSeq: 1; lastSeq: 1; ","newEvent: neACCEPTED_LEDGER; ledgerSeq: 2; ledgerHash: ""\251\006\353\035\210d\276;lh""\336 \006\234\226\351\247\303\375XP\023\265\030\214M\0256r\336\250""; ledgerHashPrevious: ""-}\351f\032\255\274\334m\326c\017\014ao[\342\230\003\245\245\3341Hm\326^\017jy\335\261""; networkTime: 803892340; firstSeq: 1; lastSeq: 1; "
1750577140068,1750577140068,2238,1,1,2,TMValidation,"validation: """"\200\000\000\000&\000\000\000\002)/\352lt:=_=\241F\200f\001Q\251\006\353\035\210d\276;lh""\336 \006\234\226\351\247\303\375XP\023\265\030\214M\0256r\336\250P\027\000\000\000\000\000\000\000\000\000\000\000\000\000\000\000\000\000\000\000\000\000\000\000\000\000\000\000\000\000\000\000\000P\031-}\351f\032\255\274\334m\326c\017\014ao[\342\230\003\245\245\3341Hm\326^\017jy\335\261s!\002\027\261XS\001B\350\357\305\256\215tn\000\301\3171+)\342\371W\337\360C \324\243C\222\361wvF0D\002 b\364\220\210<\333*w\265\021\n1\007\230\364XR\2356`\206\3449E\244\005\337\3776\336\341\210\002 ic\003m\302\031\300p\376\327k<z\262\301M$Tx\265\242\362\271\313\007\303-\360\357\255W\366""; ","validation: """"\200\000\000\000&\000\000\000\002)/\352lt:=_=\241F\200f\001Q\251\006\353\035\210d\276;lh""\336 \006\234\226\351\247\303\375XP\023\265\030\214M\0256r\336\250P\027\000\000\000\000\000\000\000\000\000\000\000\000\000\000\000\000\000\000\000\000\000\000\000\000\000\000\000\000\000\000\000\000P\031-}\351f\032\255\274\334m\326c\017\014ao[\342\230\003\245\245\3341Hm\326^\017jy\335\261s!\002\027\261XS\001B\350\357\305\256\215tn\000\301\3171+)\342\371W\337\360C \324\243C\222\361wvF0D\002 b\364\220\210<\333*w\265\021\n1\007\230\364XR\2356`\206\3449E\244\005\337\3776\336\341\210\002 ic\003m\302\031\300p\376\327k<z\262\301M$Tx\265\242\362\271\313\007\303-\360\357\255W\366""; "
1750577140068,1750577140069,46,1,1,3,TMStatusChange,"newEvent: neACCEPTED_LEDGER; ledgerSeq: 2; ledgerHash: ""\251\006\353\035\210d\276;lh""\336 \006\234\226\351\247\303\375XP\023\265\030\214M\0256r\336\250""; ledgerHashPrevious: ""-}\351f\032\255\274\334m\326c\017\014ao[\342\230\003\245\245\3341Hm\326^\017jy\335\261""; networkTime: 803892340; firstSeq: 1; lastSeq: 1; ","newEvent: neACCEPTED_LEDGER; ledgerSeq: 2; ledgerHash: ""\251\006\353\035\210d\276;lh""\336 \006\234\226\351\247\303\375XP\023\265\030\214M\0256r\336\250""; ledgerHashPrevious: ""-}\351f\032\255\274\334m\326c\017\014ao[\342\230\003\245\245\3341Hm\326^\017jy\335\261""; networkTime: 803892340; firstSeq: 1; lastSeq: 1; "
1750577140069,1750577140069,1591,1,1,0,TMValidation,"validation: """"\200\000\000\000&\000\000\000\002)/\352lt:=_=\241F\200f\001Q\251\006\353\035\210d\276;lh""\336 \006\234\226\351\247\303\375XP\023\265\030\214M\0256r\336\250P\027\000\000\000\000\000\000\000\000\000\000\000\000\000\000\000\000\000\000\000\000\000\000\000\000\000\000\000\000\000\000\000\000P\031-}\351f\032\255\274\334m\326c\017\014ao[\342\230\003\245\245\3341Hm\326^\017jy\335\261s!\002\027\261XS\001B\350\357\305\256\215tn\000\301\3171+)\342\371W\337\360C \324\243C\222\361wvF0D\002 b\364\220\210<\333*w\265\021\n1\007\230\364XR\2356`\206\3449E\244\005\337\3776\336\341\210\002 ic\003m\302\031\300p\376\327k<z\262\301M$Tx\265\242\362\271\313\007\303-\360\357\255W\366""; ","validation: """"\200\000\000\000&\000\000\000\002)/\352lt:=_=\241F\200f\001Q\251\006\353\035\210d\276;lh""\336 \006\234\226\351\247\303\375XP\023\265\030\214M\0256r\336\250P\027\000\000\000\000\000\000\000\000\000\000\000\000\000\000\000\000\000\000\000\000\000\000\000\000\000\000\000\000\000\000\000\000P\031-}\351f\032\255\274\334m\326c\017\014ao[\342\230\003\245\245\3341Hm\326^\017jy\335\261s!\002\027\261XS\001B\350\357\305\256\215tn\000\301\3171+)\342\371W\337\360C \324\243C\222\361wvF0D\002 b\364\220\210<\333*w\265\021\n1\007\230\364XR\2356`\206\3449E\244\005\337\3776\336\341\210\002 ic\003m\302\031\300p\376\327k<z\262\301M$Tx\265\242\362\271\313\007\303-\360\357\255W\366""; "
1750577140069,1750577140070,3087,1,1,3,TMValidation,"validation: """"\200\000\000\000&\000\000\000\002)/\352lt:=_=\241F\200f\001Q\251\006\353\035\210d\276;lh""\336 \006\234\226\351\247\303\375XP\023\265\030\214M\0256r\336\250P\027\000\000\000\000\000\000\000\000\000\000\000\000\000\000\000\000\000\000\000\000\000\000\000\000\000\000\000\000\000\000\000\000P\031-}\351f\032\255\274\334m\326c\017\014ao[\342\230\003\245\245\3341Hm\326^\017jy\335\261s!\002\027\261XS\001B\350\357\305\256\215tn\000\301\3171+)\342\371W\337\360C \324\243C\222\361wvF0D\002 b\364\220\210<\333*w\265\021\n1\007\230\364XR\2356`\206\3449E\244\005\337\3776\336\341\210\002 ic\003m\302\031\300p\376\327k<z\262\301M$Tx\265\242\362\271\313\007\303-\360\357\255W\366""; ","validation: """"\200\000\000\000&\000\000\000\002)/\352lt:=_=\241F\200f\001Q\251\006\353\035\210d\276;lh""\336 \006\234\226\351\247\303\375XP\023\265\030\214M\0256r\336\250P\027\000\000\000\000\000\000\000\000\000\000\000\000\000\000\000\000\000\000\000\000\000\000\000\000\000\000\000\000\000\000\000\000P\031-}\351f\032\255\274\334m\326c\017\014ao[\342\230\003\245\245\3341Hm\326^\017jy\335\261s!\002\027\261XS\001B\350\357\305\256\215tn\000\301\3171+)\342\371W\337\360C \324\243C\222\361wvF0D\002 b\364\220\210<\333*w\265\021\n1\007\230\364XR\2356`\206\3449E\244\005\337\3776\336\341\210\002 ic\003m\302\031\300p\376\327k<z\262\301M$Tx\265\242\362\271\313\007\303-\360\357\255W\366""; "
1750577140184,1750577140184,3217,1,2,3,TMGetLedger,"itype: liBASE; ledgerHash: ""\367\345\025\032H\227!<\221\010\364\357\210;`\021\002|\333\300 \354\225a\3335\\234\223\225\314\265""; ledgerSeq: 2; ","itype: liBASE; ledgerHash: ""\367\345\025\032H\227!<\221\010\364\357\210;`\021\002|\333\300 \354\225a\3335\\234\223\225\314\265""; ledgerSeq: 2; "
1750577140185,1750577140185,746,1,2,0,TMGetLedger,"itype: liBASE; ledgerHash: ""\367\345\025\032H\227!<\221\010\364\357\210;`\021\002|\333\300 \354\225a\3335\\234\223\225\314\265""; ledgerSeq: 2; ","itype: liBASE; ledgerHash: ""\367\345\025\032H\227!<\221\010\364\357\210;`\021\002|\333\300 \354\225a\3335\\234\223\225\314\265""; ledgerSeq: 2; "
1750577140185,1750577140185,75,1,2,4,TMGetLedger,"itype: liBASE; ledgerHash: ""\367\345\025\032H\227!<\221\010\364\357\210;`\021\002|\333\300 \354\225a\3335\\234\223\225\314\265""; ledgerSeq: 2; ","itype: liBASE; ledgerHash: ""\367\345\025\032H\227!<\221\010\364\357\210;`\021\002|\333\300 \354\225a\3335\\234\223\225\314\265""; ledgerSeq: 2; "
1750577140186,1750577140186,1417,1,2,1,TMGetLedger,"itype: liBASE; ledgerHash: ""\367\345\025\032H\227!<\221\010\364\357\210;`\021\002|\333\300 \354\225a\3335\\234\223\225\314\265""; ledgerSeq: 2; ","itype: liBASE; ledgerHash: ""\367\345\025\032H\227!<\221\010\364\357\210;`\021\002|\333\300 \354\225a\3335\\234\223\225\314\265""; ledgerSeq: 2; "
1750577140188,1750577140188,746,1,2,0,TMGetLedger,"itype: liBASE; ledgerHash: ""\367\345\025\032H\227!<\221\010\364\357\210;`\021\002|\333\300 \354\225a\3335\\234\223\225\314\265""; ledgerSeq: 2; queryType: qtINDIRECT; ","itype: liBASE; ledgerHash: ""\367\345\025\032H\227!<\221\010\364\357\210;`\021\002|\333\300 \354\225a\3335\\234\223\225\314\265""; ledgerSeq: 2; queryType: qtINDIRECT; "
1750577140188,1750577140189,1288,1,2,1,TMValidation,"validation: """"\200\000\000\000&\000\000\000\002)/\352ls:UH-\013b\304]\310Q\367\345\025\032H\227!<\221\010\364\357\210;`\021\002|\333\300 \354\225a\3335\\234\223\225\314\265P\027\000\000\000\000\000\000\000\000\000\000\000\000\000\000\000\000\000\000\000\000\000\000\000\000\000\000\000\000\000\000\000\000P\031-}\351f\032\255\274\334m\326c\017\014ao[\342\230\003\245\245\3341Hm\326^\017jy\335\261s!\003\211\303A\235N*9\010=d5\266h\211JKh\0341\350\031\261\350\267\321\n\220\326d\001?\306vG0E\002!\000\230p\020\251\211\313\223Z\334\343\324\272\226zDGyr\361\356\343\371\342\033L\000\332\005:h\017\023\002 BU\274Y\237\203\301~$0\t\236\251%\376\031\214$\227f\225\327P\271\334)\242\273\014c\007\370""; ","validation: """"\200\000\000\000&\000\000\000\002)/\352ls:UH-\013b\304]\310Q\367\345\025\032H\227!<\221\010\364\357\210;`\021\002|\333\300 \354\225a\3335\\234\223\225\314\265P\027\000\000\000\000\000\000\000\000\000\000\000\000\000\000\000\000\000\000\000\000\000\000\000\000\000\000\000\000\000\000\000\000P\031-}\351f\032\255\274\334m\326c\017\014ao[\342\230\003\245\245\3341Hm\326^\017jy\335\261s!\003\211\303A\235N*9\010=d5\266h\211JKh\0341\350\031\261\350\267\321\n\220\326d\001?\306vG0E\002!\000\230p\020\251\211\313\223Z\334\343\324\272\226zDGyr\361\356\343\371\342\033L\000\332\005:h\017\023\002 BU\274Y\237\203\301~$0\t\236\251%\376\031\214$\227f\225\327P\271\334)\242\273\014c\007\370""; "
1750577140189,1750577140189,2806,1,2,0,TMValidation,"validation: """"\200\000\000\000&\000\000\000\002)/\352ls:UH-\013b\304]\310Q\367\345\025\032H\227!<\221\010\364\357\210;`\021\002|\333\300 \354\225a\3335\\234\223\225\314\265P\027\000\000\000\000\000\000\000\000\000\000\000\000\000\000\000\000\000\000\000\000\000\000\000\000\000\000\000\000\000\000\000\000P\031-}\351f\032\255\274\334m\326c\017\014ao[\342\230\003\245\245\3341Hm\326^\017jy\335\261s!\003\211\303A\235N*9\010=d5\266h\211JKh\0341\350\031\261\350\267\321\n\220\326d\001?\306vG0E\002!\000\230p\020\251\211\313\223Z\334\343\324\272\226zDGyr\361\356\343\371\342\033L\000\332\005:h\017\023\002 BU\274Y\237\203\301~$0\t\236\251%\376\031\214$\227f\225\327P\271\334)\242\273\014c\007\370""; ","validation: """"\200\000\000\000&\000\000\000\002)/\352ls:UH-\013b\304]\310Q\367\345\025\032H\227!<\221\010\364\357\210;`\021\002|\333\300 \354\225a\3335\\234\223\225\314\265P\027\000\000\000\000\000\000\000\000\000\000\000\000\000\000\000\000\000\000\000\000\000\000\000\000\000\000\000\000\000\000\000\000P\031-}\351f\032\255\274\334m\326c\017\014ao[\342\230\003\245\245\3341Hm\326^\017jy\335\261s!\003\211\303A\235N*9\010=d5\266h\211JKh\0341\350\031\261\350\267\321\n\220\326d\001?\306vG0E\002!\000\230p\020\251\211\313\223Z\334\343\324\272\226zDGyr\361\356\343\371\342\033L\000\332\005:h\017\023\002 BU\274Y\237\203\301~$0\t\236\251%\376\031\214$\227f\225\327P\271\334)\242\273\014c\007\370""; "
1750577140189,1750577140189,75,1,2,4,TMGetLedger,"itype: liBASE; ledgerHash: ""\367\345\025\032H\227!<\221\010\364\357\210;`\021\002|\333\300 \354\225a\3335\\234\223\225\314\265""; ledgerSeq: 2; queryType: qtINDIRECT; ","itype: liBASE; ledgerHash: ""\367\345\025\032H\227!<\221\010\364\357\210;`\021\002|\333\300 \354\225a\3335\\234\223\225\314\265""; ledgerSeq: 2; queryType: qtINDIRECT; "
1750577140189,1750577140189,3217,1,2,3,TMGetLedger,"itype: liBASE; ledgerHash: ""\367\345\025\032H\227!<\221\010\364\357\210;`\021\002|\333\300 \354\225a\3335\\234\223\225\314\265""; ledgerSeq: 2; queryType: qtINDIRECT; ","itype: liBASE; ledgerHash: ""\367\345\025\032H\227!<\221\010\364\357\210;`\021\002|\333\300 \354\225a\3335\\234\223\225\314\265""; ledgerSeq: 2; queryType: qtINDIRECT; "
1750577140189,1750577140190,1339,1,2,3,TMValidation,"validation: """"\200\000\000\000&\000\000\000\002)/\352ls:UH-\013b\304]\310Q\367\345\025\032H\227!<\221\010\364\357\210;`\021\002|\333\300 \354\225a\3335\\234\223\225\314\265P\027\000\000\000\000\000\000\000\000\000\000\000\000\000\000\000\000\000\000\000\000\000\000\000\000\000\000\000\000\000\000\000\000P\031-}\351f\032\255\274\334m\326c\017\014ao[\342\230\003\245\245\3341Hm\326^\017jy\335\261s!\003\211\303A\235N*9\010=d5\266h\211JKh\0341\350\031\261\350\267\321\n\220\326d\001?\306vG0E\002!\000\230p\020\251\211\313\223Z\334\343\324\272\226zDGyr\361\356\343\371\342\033L\000\332\005:h\017\023\002 BU\274Y\237\203\301~$0\t\236\251%\376\031\214$\227f\225\327P\271\334)\242\273\014c\007\370""; ","validation: """"\200\000\000\000&\000\000\000\002)/\352ls:UH-\013b\304]\310Q\367\345\025\032H\227!<\221\010\364\357\210;`\021\002|\333\300 \354\225a\3335\\234\223\225\314\265P\027\000\000\000\000\000\000\000\000\000\000\000\000\000\000\000\000\000\000\000\000\000\000\000\000\000\000\000\000\000\000\000\000P\031-}\351f\032\255\274\334m\326c\017\014ao[\342\230\003\245\245\3341Hm\326^\017jy\335\261s!\003\211\303A\235N*9\010=d5\266h\211JKh\0341\350\031\261\350\267\321\n\220\326d\001?\306vG0E\002!\000\230p\020\251\211\313\223Z\334\343\324\272\226zDGyr\361\356\343\371\342\033L\000\332\005:h\017\023\002 BU\274Y\237\203\301~$0\t\236\251%\376\031\214$\227f\225\327P\271\334)\242\273\014c\007\370""; "
1750577140190,1750577140190,1417,1,2,1,TMGetLedger,"itype: liBASE; ledgerHash: ""\367\345\025\032H\227!<\221\010\364\357\210;`\021\002|\333\300 \354\225a\3335\\234\223\225\314\265""; ledgerSeq: 2; queryType: qtINDIRECT; ","itype: liBASE; ledgerHash: ""\367\345\025\032H\227!<\221\010\364\357\210;`\021\002|\333\300 \354\225a\3335\\234\223\225\314\265""; ledgerSeq: 2; queryType: qtINDIRECT; "
1750577140261,1750577140262,2155,1,4,2,TMLedgerData,"ledgerHash: ""\367\345\025\032H\227!<\221\010\364\357\210;`\021\002|\333\300 \354\225a\3335\\234\223\225\314\265""; ledgerSeq: 2; type: liBASE; nodes {;   nodedata: ""\000\000\000\002\001cEx]\212\000\000-}\351f\032\255\274\334m\326c\017\014ao[\342\230\003\245\245\3341Hm\326^\017jy\335\261\000\000\000\000\000\000\000\000\000\000\000\000\000\000\000\000\000\000\000\000\000\000\000\000\000\000\000\000\000\000\000\000{e\2655L\2440\340\020\277~\333\017WF\230\334\351\277\266\267\357{\321\317\275\374\330\255\231Z\226(\366\274\006/\352l`\n\000""; }; nodes {;   nodedata: ""\303\016\021\310<Z\337\266>\225@&n\022\246\274\353\220\345b3\035\313\350L\354\254\002\005\305\035\017\002E\344\037@\210\363\010\336T\226\247'\204_{\261\370""1\235\2445\343\033Y!\212\201\341\272\225'\007>L\014O\253g\352\035\214I\361\342\213\274\243\225\r\327qi\207\254\211\347\300?w\214Ha~\260\013\003""; }; ","ledgerHash: ""\367\345\025\032H\227!<\221\010\364\357\210;`\021\002|\333\300 \354\225a\3335\\234\223\225\314\265""; ledgerSeq: 2; type: liBASE; nodes {;   nodedata: ""\000\000\000\002\001cEx]\212\000\000-}\351f\032\255\274\334m\326c\017\014ao[\342\230\003\245\245\3341Hm\326^\017jy\335\261\000\000\000\000\000\000\000\000\000\000\000\000\000\000\000\000\000\000\000\000\000\000\000\000\000\000\000\000\000\000\000\000{e\2655L\2440\340\020\277~\333\017WF\230\334\351\277\266\267\357{\321\317\275\374\330\255\231Z\226(\366\274\006/\352l`\n\000""; }; nodes {;   nodedata: ""\303\016\021\310<Z\337\266>\225@&n\022\246\274\353\220\345b3\035\313\350L\354\254\002\005\305\035\017\002E\344\037@\210\363\010\336T\226\247'\204_{\261\370""1\235\2445\343\033Y!\212\201\341\272\225'\007>L\014O\253g\352\035\214I\361\342\213\274\243\225\r\327qi\207\254\211\347\300?w\214Ha~\260\013\003""; }; "
1750577140262,1750577140262,2155,1,4,2,TMLedgerData,"ledgerHash: ""\367\345\025\032H\227!<\221\010\364\357\210;`\021\002|\333\300 \354\225a\3335\\234\223\225\314\265""; ledgerSeq: 2; type: liBASE; nodes {;   nodedata: ""\000\000\000\002\001cEx]\212\000\000-}\351f\032\255\274\334m\326c\017\014ao[\342\230\003\245\245\3341Hm\326^\017jy\335\261\000\000\000\000\000\000\000\000\000\000\000\000\000\000\000\000\000\000\000\000\000\000\000\000\000\000\000\000\000\000\000\000{e\2655L\2440\340\020\277~\333\017WF\230\334\351\277\266\267\357{\321\317\275\374\330\255\231Z\226(\366\274\006/\352l`\n\000""; }; nodes {;   nodedata: ""\303\016\021\310<Z\337\266>\225@&n\022\246\274\353\220\345b3\035\313\350L\354\254\002\005\305\035\017\002E\344\037@\210\363\010\336T\226\247'\204_{\261\370""1\235\2445\343\033Y!\212\201\341\272\225'\007>L\014O\253g\352\035\214I\361\342\213\274\243\225\r\327qi\207\254\211\347\300?w\214Ha~\260\013\003""; }; ","ledgerHash: ""\367\345\025\032H\227!<\221\010\364\357\210;`\021\002|\333\300 \354\225a\3335\\234\223\225\314\265""; ledgerSeq: 2; type: liBASE; nodes {;   nodedata: ""\000\000\000\002\001cEx]\212\000\000-}\351f\032\255\274\334m\326c\017\014ao[\342\230\003\245\245\3341Hm\326^\017jy\335\261\000\000\000\000\000\000\000\000\000\000\000\000\000\000\000\000\000\000\000\000\000\000\000\000\000\000\000\000\000\000\000\000{e\2655L\2440\340\020\277~\333\017WF\230\334\351\277\266\267\357{\321\317\275\374\330\255\231Z\226(\366\274\006/\352l`\n\000""; }; nodes {;   nodedata: ""\303\016\021\310<Z\337\266>\225@&n\022\246\274\353\220\345b3\035\313\350L\354\254\002\005\305\035\017\002E\344\037@\210\363\010\336T\226\247'\204_{\261\370""1\235\2445\343\033Y!\212\201\341\272\225'\007>L\014O\253g\352\035\214I\361\342\213\274\243\225\r\327qi\207\254\211\347\300?w\214Ha~\260\013\003""; }; "
1750577140492,1750577140492,2584,1,3,4,TMValidation,"validation: """"\200\000\000\000&\000\000\000\002)/\352lt:\n\340\202\317\336\256\373\021Q\251\006\353\035\210d\276;lh""\336 \006\234\226\351\247\303\375XP\023\265\030\214M\0256r\336\250P\027\000\000\000\000\000\000\000\000\000\000\000\000\000\000\000\000\000\000\000\000\000\000\000\000\000\000\000\000\000\000\000\000P\031-}\351f\032\255\274\334m\326c\017\014ao[\342\230\003\245\245\3341Hm\326^\017jy\335\261s!\002R\222\037\304:\321\321\271\263\252z\205\220}\236\252\003\177\276\013\025i\355\322\260\370\351\354\263\242\037\025vG0E\002!\000\355h\027\033C\216=C\367\232\215p\341\276:\365\346\245\227\0265WAQ\343\037\321\266\031\035<4\002 %g\344P\243)p\247\372\222\333\326n~\355\\025-A\377w\330v\346\317\270k\210\257n\034\334""; ","validation: """"\200\000\000\000&\000\000\000\002)/\352lt:\n\340\202\317\336\256\373\021Q\251\006\353\035\210d\276;lh""\336 \006\234\226\351\247\303\375XP\023\265\030\214M\0256r\336\250P\027\000\000\000\000\000\000\000\000\000\000\000\000\000\000\000\000\000\000\000\000\000\000\000\000\000\000\000\000\000\000\000\000P\031-}\351f\032\255\274\334m\326c\017\014ao[\342\230\003\245\245\3341Hm\326^\017jy\335\261s!\002R\222\037\304:\321\321\271\263\252z\205\220}\236\252\003\177\276\013\025i\355\322\260\370\351\354\263\242\037\025vG0E\002!\000\355h\027\033C\216=C\367\232\215p\341\276:\365\346\245\227\0265WAQ\343\037\321\266\031\035<4\002 %g\344P\243)p\247\372\222\333\326n~\355\\025-A\377w\330v\346\317\270k\210\257n\034\334""; "
1750577140494,1750577140494,414,1,3,2,TMStatusChange,"newEvent: neACCEPTED_LEDGER; ledgerSeq: 2; ledgerHash: ""\251\006\353\035\210d\276;lh""\336 \006\234\226\351\247\303\375XP\023\265\030\214M\0256r\336\250""; ledgerHashPrevious: ""-}\351f\032\255\274\334m\326c\017\014ao[\342\230\003\245\245\3341Hm\326^\017jy\335\261""; networkTime: 803892340; firstSeq: 1; lastSeq: 1; ","newEvent: neACCEPTED_LEDGER; ledgerSeq: 2; ledgerHash: ""\251\006\353\035\210d\276;lh""\336 \006\234\226\351\247\303\375XP\023\265\030\214M\0256r\336\250""; ledgerHashPrevious: ""-}\351f\032\255\274\334m\326c\017\014ao[\342\230\003\245\245\3341Hm\326^\017jy\335\261""; networkTime: 803892340; firstSeq: 1; lastSeq: 1; "
1750577140494,1750577140494,1042,1,3,2,TMValidation,"validation: """"\200\000\000\000&\000\000\000\002)/\352lt:\n\340\202\317\336\256\373\021Q\251\006\353\035\210d\276;lh""\336 \006\234\226\351\247\303\375XP\023\265\030\214M\0256r\336\250P\027\000\000\000\000\000\000\000\000\000\000\000\000\000\000\000\000\000\000\000\000\000\000\000\000\000\000\000\000\000\000\000\000P\031-}\351f\032\255\274\334m\326c\017\014ao[\342\230\003\245\245\3341Hm\326^\017jy\335\261s!\002R\222\037\304:\321\321\271\263\252z\205\220}\236\252\003\177\276\013\025i\355\322\260\370\351\354\263\242\037\025vG0E\002!\000\355h\027\033C\216=C\367\232\215p\341\276:\365\346\245\227\0265WAQ\343\037\321\266\031\035<4\002 %g\344P\243)p\247\372\222\333\326n~\355\\025-A\377w\330v\346\317\270k\210\257n\034\334""; ","validation: """"\200\000\000\000&\000\000\000\002)/\352lt:\n\340\202\317\336\256\373\021Q\251\006\353\035\210d\276;lh""\336 \006\234\226\351\247\303\375XP\023\265\030\214M\0256r\336\250P\027\000\000\000\000\000\000\000\000\000\000\000\000\000\000\000\000\000\000\000\000\000\000\000\000\000\000\000\000\000\000\000\000P\031-}\351f\032\255\274\334m\326c\017\014ao[\342\230\003\245\245\3341Hm\326^\017jy\335\261s!\002R\222\037\304:\321\321\271\263\252z\205\220}\236\252\003\177\276\013\025i\355\322\260\370\351\354\263\242\037\025vG0E\002!\000\355h\027\033C\216=C\367\232\215p\341\276:\365\346\245\227\0265WAQ\343\037\321\266\031\035<4\002 %g\344P\243)p\247\372\222\333\326n~\355\\025-A\377w\330v\346\317\270k\210\257n\034\334""; "
1750577140494,1750577140495,655,1,3,0,TMStatusChange,"newEvent: neACCEPTED_LEDGER; ledgerSeq: 2; ledgerHash: ""\251\006\353\035\210d\276;lh""\336 \006\234\226\351\247\303\375XP\023\265\030\214M\0256r\336\250""; ledgerHashPrevious: ""-}\351f\032\255\274\334m\326c\017\014ao[\342\230\003\245\245\3341Hm\326^\017jy\335\261""; networkTime: 803892340; firstSeq: 1; lastSeq: 1; ","newEvent: neACCEPTED_LEDGER; ledgerSeq: 2; ledgerHash: ""\251\006\353\035\210d\276;lh""\336 \006\234\226\351\247\303\375XP\023\265\030\214M\0256r\336\250""; ledgerHashPrevious: ""-}\351f\032\255\274\334m\326c\017\014ao[\342\230\003\245\245\3341Hm\326^\017jy\335\261""; networkTime: 803892340; firstSeq: 1; lastSeq: 1; "
1750577140495,1750577140495,1592,1,3,0,TMValidation,"validation: """"\200\000\000\000&\000\000\000\002)/\352lt:\n\340\202\317\336\256\373\021Q\251\006\353\035\210d\276;lh""\336 \006\234\226\351\247\303\375XP\023\265\030\214M\0256r\336\250P\027\000\000\000\000\000\000\000\000\000\000\000\000\000\000\000\000\000\000\000\000\000\000\000\000\000\000\000\000\000\000\000\000P\031-}\351f\032\255\274\334m\326c\017\014ao[\342\230\003\245\245\3341Hm\326^\017jy\335\261s!\002R\222\037\304:\321\321\271\263\252z\205\220}\236\252\003\177\276\013\025i\355\322\260\370\351\354\263\242\037\025vG0E\002!\000\355h\027\033C\216=C\367\232\215p\341\276:\365\346\245\227\0265WAQ\343\037\321\266\031\035<4\002 %g\344P\243)p\247\372\222\333\326n~\355\\025-A\377w\330v\346\317\270k\210\257n\034\334""; ","validation: """"\200\000\000\000&\000\000\000\002)/\352lt:\n\340\202\317\336\256\373\021Q\251\006\353\035\210d\276;lh""\336 \006\234\226\351\247\303\375XP\023\265\030\214M\0256r\336\250P\027\000\000\000\000\000\000\000\000\000\000\000\000\000\000\000\000\000\000\000\000\000\000\000\000\000\000\000\000\000\000\000\000P\031-}\351f\032\255\274\334m\326c\017\014ao[\342\230\003\245\245\3341Hm\326^\017jy\335\261s!\002R\222\037\304:\321\321\271\263\252z\205\220}\236\252\003\177\276\013\025i\355\322\260\370\351\354\263\242\037\025vG0E\002!\000\355h\027\033C\216=C\367\232\215p\341\276:\365\346\245\227\0265WAQ\343\037\321\266\031\035<4\002 %g\344P\243)p\247\372\222\333\326n~\355\\025-A\377w\330v\346\317\270k\210\257n\034\334""; "
1750577140495,1750577140495,3943,1,3,1,TMStatusChange,"newEvent: neACCEPTED_LEDGER; ledgerSeq: 2; ledgerHash: ""\251\006\353\035\210d\276;lh""\336 \006\234\226\351\247\303\375XP\023\265\030\214M\0256r\336\250""; ledgerHashPrevious: ""-}\351f\032\255\274\334m\326c\017\014ao[\342\230\003\245\245\3341Hm\326^\017jy\335\261""; networkTime: 803892340; firstSeq: 1; lastSeq: 1; ","newEvent: neACCEPTED_LEDGER; ledgerSeq: 2; ledgerHash: ""\251\006\353\035\210d\276;lh""\336 \006\234\226\351\247\303\375XP\023\265\030\214M\0256r\336\250""; ledgerHashPrevious: ""-}\351f\032\255\274\334m\326c\017\014ao[\342\230\003\245\245\3341Hm\326^\017jy\335\261""; networkTime: 803892340; firstSeq: 1; lastSeq: 1; "
1750577140495,1750577140495,3268,1,3,4,TMStatusChange,"newEvent: neACCEPTED_LEDGER; ledgerSeq: 2; ledgerHash: ""\251\006\353\035\210d\276;lh""\336 \006\234\226\351\247\303\375XP\023\265\030\214M\0256r\336\250""; ledgerHashPrevious: ""-}\351f\032\255\274\334m\326c\017\014ao[\342\230\003\245\245\3341Hm\326^\017jy\335\261""; networkTime: 803892340; firstSeq: 1; lastSeq: 1; ","newEvent: neACCEPTED_LEDGER; ledgerSeq: 2; ledgerHash: ""\251\006\353\035\210d\276;lh""\336 \006\234\226\351\247\303\375XP\023\265\030\214M\0256r\336\250""; ledgerHashPrevious: ""-}\351f\032\255\274\334m\326c\017\014ao[\342\230\003\245\245\3341Hm\326^\017jy\335\261""; networkTime: 803892340; firstSeq: 1; lastSeq: 1; "
1750577140496,1750577140496,3103,1,3,1,TMValidation,"validation: """"\200\000\000\000&\000\000\000\002)/\352lt:\n\340\202\317\336\256\373\021Q\251\006\353\035\210d\276;lh""\336 \006\234\226\351\247\303\375XP\023\265\030\214M\0256r\336\250P\027\000\000\000\000\000\000\000\000\000\000\000\000\000\000\000\000\000\000\000\000\000\000\000\000\000\000\000\000\000\000\000\000P\031-}\351f\032\255\274\334m\326c\017\014ao[\342\230\003\245\245\3341Hm\326^\017jy\335\261s!\002R\222\037\304:\321\321\271\263\252z\205\220}\236\252\003\177\276\013\025i\355\322\260\370\351\354\263\242\037\025vG0E\002!\000\355h\027\033C\216=C\367\232\215p\341\276:\365\346\245\227\0265WAQ\343\037\321\266\031\035<4\002 %g\344P\243)p\247\372\222\333\326n~\355\\025-A\377w\330v\346\317\270k\210\257n\034\334""; ","validation: """"\200\000\000\000&\000\000\000\002)/\352lt:\n\340\202\317\336\256\373\021Q\251\006\353\035\210d\276;lh""\336 \006\234\226\351\247\303\375XP\023\265\030\214M\0256r\336\250P\027\000\000\000\000\000\000\000\000\000\000\000\000\000\000\000\000\000\000\000\000\000\000\000\000\000\000\000\000\000\000\000\000P\031-}\351f\032\255\274\334m\326c\017\014ao[\342\230\003\245\245\3341Hm\326^\017jy\335\261s!\002R\222\037\304:\321\321\271\263\252z\205\220}\236\252\003\177\276\013\025i\355\322\260\370\351\354\263\242\037\025vG0E\002!\000\355h\027\033C\216=C\367\232\215p\341\276:\365\346\245\227\0265WAQ\343\037\321\266\031\035<4\002 %g\344P\243)p\247\372\222\333\326n~\355\\025-A\377w\330v\346\317\270k\210\257n\034\334""; "
1750577140775,1750577140775,464,1,4,3,TMProposeSet,"proposeSeq: 0; currentTxHash: ""\000\000\000\000\000\000\000\000\000\000\000\000\000\000\000\000\000\000\000\000\000\000\000\000\000\000\000\000\000\000\000\000""; nodePubKey: ""\003\211\303A\235N*9\010=d5\266h\211JKh\0341\350\031\261\350\267\321\n\220\326d\001?\306""; closeTime: 803892340; signature: ""0D\002 h/S>\241\201N\026\351zr\230\322\343\232\236}\371P\306\220\374\350v""~\250&\330i\271\021\002 \t$\305\335\312\031\347H\334\321\211\232q\301\225\363\236\223<\315\2527\236\310S\366\325\026$\324\225\376""; previousledger: ""\367\345\025\032H\227!<\221\010\364\357\210;`\021\002|\333\300 \354\225a\3335\\234\223\225\314\265""; ","proposeSeq: 0; currentTxHash: ""\000\000\000\000\000\000\000\000\000\000\000\000\000\000\000\000\000\000\000\000\000\000\000\000\000\000\000\000\000\000\000\000""; nodePubKey: ""\003\211\303A\235N*9\010=d5\266h\211JKh\0341\350\031\261\350\267\321\n\220\326d\001?\306""; closeTime: 803892340; signature: ""0D\002 h/S>\241\201N\026\351zr\230\322\343\232\236}\371P\306\220\374\350v""~\250&\330i\271\021\002 \t$\305\335\312\031\347H\334\321\211\232q\301\225\363\236\223<\315\2527\236\310S\366\325\026$\324\225\376""; previousledger: ""\367\345\025\032H\227!<\221\010\364\357\210;`\021\002|\333\300 \354\225a\3335\\234\223\225\314\265""; "
1750577140776,1750577140776,1514,1,4,1,TMProposeSet,"proposeSeq: 0; currentTxHash: ""\000\000\000\000\000\000\000\000\000\000\000\000\000\000\000\000\000\000\000\000\000\000\000\000\000\000\000\000\000\000\000\000""; nodePubKey: ""\003\211\303A\235N*9\010=d5\266h\211JKh\0341\350\031\261\350\267\321\n\220\326d\001?\306""; closeTime: 803892340; signature: ""0D\002 h/S>\241\201N\026\351zr\230\322\343\232\236}\371P\306\220\374\350v""~\250&\330i\271\021\002 \t$\305\335\312\031\347H\334\321\211\232q\301\225\363\236\223<\315\2527\236\310S\366\325\026$\324\225\376""; previousledger: ""\367\345\025\032H\227!<\221\010\364\357\210;`\021\002|\333\300 \354\225a\3335\\234\223\225\314\265""; ","proposeSeq: 0; currentTxHash: ""\000\000\000\000\000\000\000\000\000\000\000\000\000\000\000\000\000\000\000\000\000\000\000\000\000\000\000\000\000\000\000\000""; nodePubKey: ""\003\211\303A\235N*9\010=d5\266h\211JKh\0341\350\031\261\350\267\321\n\220\326d\001?\306""; closeTime: 803892340; signature: ""0D\002 h/S>\241\201N\026\351zr\230\322\343\232\236}\371P\306\220\374\350v""~\250&\330i\271\021\002 \t$\305\335\312\031\347H\334\321\211\232q\301\225\363\236\223<\315\2527\236\310S\366\325\026$\324\225\376""; previousledger: ""\367\345\025\032H\227!<\221\010\364\357\210;`\021\002|\333\300 \354\225a\3335\\234\223\225\314\265""; "
1750577140776,1750577140776,803,1,4,2,TMProposeSet,"proposeSeq: 0; currentTxHash: ""\000\000\000\000\000\000\000\000\000\000\000\000\000\000\000\000\000\000\000\000\000\000\000\000\000\000\000\000\000\000\000\000""; nodePubKey: ""\003\211\303A\235N*9\010=d5\266h\211JKh\0341\350\031\261\350\267\321\n\220\326d\001?\306""; closeTime: 803892340; signature: ""0D\002 h/S>\241\201N\026\351zr\230\322\343\232\236}\371P\306\220\374\350v""~\250&\330i\271\021\002 \t$\305\335\312\031\347H\334\321\211\232q\301\225\363\236\223<\315\2527\236\310S\366\325\026$\324\225\376""; previousledger: ""\367\345\025\032H\227!<\221\010\364\357\210;`\021\002|\333\300 \354\225a\3335\\234\223\225\314\265""; ","proposeSeq: 0; currentTxHash: ""\000\000\000\000\000\000\000\000\000\000\000\000\000\000\000\000\000\000\000\000\000\000\000\000\000\000\000\000\000\000\000\000""; nodePubKey: ""\003\211\303A\235N*9\010=d5\266h\211JKh\0341\350\031\261\350\267\321\n\220\326d\001?\306""; closeTime: 803892340; signature: ""0D\002 h/S>\241\201N\026\351zr\230\322\343\232\236}\371P\306\220\374\350v""~\250&\330i\271\021\002 \t$\305\335\312\031\347H\334\321\211\232q\301\225\363\236\223<\315\2527\236\310S\366\325\026$\324\225\376""; previousledger: ""\367\345\025\032H\227!<\221\010\364\357\210;`\021\002|\333\300 \354\225a\3335\\234\223\225\314\265""; "
1750577140778,1750577140778,1846,1,4,0,TMProposeSet,"proposeSeq: 0; currentTxHash: ""\000\000\000\000\000\000\000\000\000\000\000\000\000\000\000\000\000\000\000\000\000\000\000\000\000\000\000\000\000\000\000\000""; nodePubKey: ""\003\211\303A\235N*9\010=d5\266h\211JKh\0341\350\031\261\350\267\321\n\220\326d\001?\306""; closeTime: 803892340; signature: ""0D\002 h/S>\241\201N\026\351zr\230\322\343\232\236}\371P\306\220\374\350v""~\250&\330i\271\021\002 \t$\305\335\312\031\347H\334\321\211\232q\301\225\363\236\223<\315\2527\236\310S\366\325\026$\324\225\376""; previousledger: ""\367\345\025\032H\227!<\221\010\364\357\210;`\021\002|\333\300 \354\225a\3335\\234\223\225\314\265""; ","proposeSeq: 0; currentTxHash: ""\000\000\000\000\000\000\000\000\000\000\000\000\000\000\000\000\000\000\000\000\000\000\000\000\000\000\000\000\000\000\000\000""; nodePubKey: ""\003\211\303A\235N*9\010=d5\266h\211JKh\0341\350\031\261\350\267\321\n\220\326d\001?\306""; closeTime: 803892340; signature: ""0D\002 h/S>\241\201N\026\351zr\230\322\343\232\236}\371P\306\220\374\350v""~\250&\330i\271\021\002 \t$\305\335\312\031\347H\334\321\211\232q\301\225\363\236\223<\315\2527\236\310S\366\325\026$\324\225\376""; previousledger: ""\367\345\025\032H\227!<\221\010\364\357\210;`\021\002|\333\300 \354\225a\3335\\234\223\225\314\265""; "
1750577140773,1750577140842,2407,1,4,3,TMStatusChange,"newEvent: neCLOSING_LEDGER; ledgerSeq: 2; ledgerHash: ""\367\345\025\032H\227!<\221\010\364\357\210;`\021\002|\333\300 \354\225a\3335\\234\223\225\314\265""; ledgerHashPrevious: ""-}\351f\032\255\274\334m\326c\017\014ao[\342\230\003\245\245\3341Hm\326^\017jy\335\261""; networkTime: 803892340; firstSeq: 1; lastSeq: 1; ","newEvent: neCLOSING_LEDGER; ledgerSeq: 2; ledgerHash: ""\367\345\025\032H\227!<\221\010\364\357\210;`\021\002|\333\300 \354\225a\3335\\234\223\225\314\265""; ledgerHashPrevious: ""-}\351f\032\255\274\334m\326c\017\014ao[\342\230\003\245\245\3341Hm\326^\017jy\335\261""; networkTime: 803892340; firstSeq: 1; lastSeq: 1; "
1750577140777,1750577140843,3260,1,4,1,TMStatusChange,"newEvent: neCLOSING_LEDGER; ledgerSeq: 2; ledgerHash: ""\367\345\025\032H\227!<\221\010\364\357\210;`\021\002|\333\300 \354\225a\3335\\234\223\225\314\265""; ledgerHashPrevious: ""-}\351f\032\255\274\334m\326c\017\014ao[\342\230\003\245\245\3341Hm\326^\017jy\335\261""; networkTime: 803892340; firstSeq: 1; lastSeq: 1; ","newEvent: neCLOSING_LEDGER; ledgerSeq: 2; ledgerHash: ""\367\345\025\032H\227!<\221\010\364\357\210;`\021\002|\333\300 \354\225a\3335\\234\223\225\314\265""; ledgerHashPrevious: ""-}\351f\032\255\274\334m\326c\017\014ao[\342\230\003\245\245\3341Hm\326^\017jy\335\261""; networkTime: 803892340; firstSeq: 1; lastSeq: 1; "
1750577140775,1750577140842,594,1,4,2,TMStatusChange,"newEvent: neCLOSING_LEDGER; ledgerSeq: 2; ledgerHash: ""\367\345\025\032H\227!<\221\010\364\357\210;`\021\002|\333\300 \354\225a\3335\\234\223\225\314\265""; ledgerHashPrevious: ""-}\351f\032\255\274\334m\326c\017\014ao[\342\230\003\245\245\3341Hm\326^\017jy\335\261""; networkTime: 803892340; firstSeq: 1; lastSeq: 1; ","newEvent: neCLOSING_LEDGER; ledgerSeq: 2; ledgerHash: ""\367\345\025\032H\227!<\221\010\364\357\210;`\021\002|\333\300 \354\225a\3335\\234\223\225\314\265""; ledgerHashPrevious: ""-}\351f\032\255\274\334m\326c\017\014ao[\342\230\003\245\245\3341Hm\326^\017jy\335\261""; networkTime: 803892340; firstSeq: 1; lastSeq: 1; "
1750577140778,1750577140843,2720,1,4,0,TMStatusChange,"newEvent: neCLOSING_LEDGER; ledgerSeq: 2; ledgerHash: ""\367\345\025\032H\227!<\221\010\364\357\210;`\021\002|\333\300 \354\225a\3335\\234\223\225\314\265""; ledgerHashPrevious: ""-}\351f\032\255\274\334m\326c\017\014ao[\342\230\003\245\245\3341Hm\326^\017jy\335\261""; networkTime: 803892340; firstSeq: 1; lastSeq: 1; ","newEvent: neCLOSING_LEDGER; ledgerSeq: 2; ledgerHash: ""\367\345\025\032H\227!<\221\010\364\357\210;`\021\002|\333\300 \354\225a\3335\\234\223\225\314\265""; ledgerHashPrevious: ""-}\351f\032\255\274\334m\326c\017\014ao[\342\230\003\245\245\3341Hm\326^\017jy\335\261""; networkTime: 803892340; firstSeq: 1; lastSeq: 1; "
1750577140863,1750577140863,3145,1,0,3,TMProposeSet,"proposeSeq: 0; currentTxHash: ""\000\000\000\000\000\000\000\000\000\000\000\000\000\000\000\000\000\000\000\000\000\000\000\000\000\000\000\000\000\000\000\000""; nodePubKey: ""\003\355a`\035`\253\330A\240\246w|.n\327\250\337\232\257\300\315\245\312T\301L\2254\274lS\301""; closeTime: 803892340; signature: ""0E\002!\000\366\325\025:\261\233Y\004\355:\275\376\360\215l\317\325\276\020\374\037\353K\222\275N\010\014o\020\362\363\002 \004\310\0179\273`\322\033\360\022\343o\340\361\350 \353e\341\371M\r\352\371\202\3769BC\33748""; previousledger: ""\367\345\025\032H\227!<\221\010\364\357\210;`\021\002|\333\300 \354\225a\3335\\234\223\225\314\265""; ","proposeSeq: 0; currentTxHash: ""\000\000\000\000\000\000\000\000\000\000\000\000\000\000\000\000\000\000\000\000\000\000\000\000\000\000\000\000\000\000\000\000""; nodePubKey: ""\003\355a`\035`\253\330A\240\246w|.n\327\250\337\232\257\300\315\245\312T\301L\2254\274lS\301""; closeTime: 803892340; signature: ""0E\002!\000\366\325\025:\261\233Y\004\355:\275\376\360\215l\317\325\276\020\374\037\353K\222\275N\010\014o\020\362\363\002 \004\310\0179\273`\322\033\360\022\343o\340\361\350 \353e\341\371M\r\352\371\202\3769BC\33748""; previousledger: ""\367\345\025\032H\227!<\221\010\364\357\210;`\021\002|\333\300 \354\225a\3335\\234\223\225\314\265""; "
1750577140864,1750577140864,1390,1,0,1,TMProposeSet,"proposeSeq: 0; currentTxHash: ""\000\000\000\000\000\000\000\000\000\000\000\000\000\000\000\000\000\000\000\000\000\000\000\000\000\000\000\000\000\000\000\000""; nodePubKey: ""\003\355a`\035`\253\330A\240\246w|.n\327\250\337\232\257\300\315\245\312T\301L\2254\274lS\301""; closeTime: 803892340; signature: ""0E\002!\000\366\325\025:\261\233Y\004\355:\275\376\360\215l\317\325\276\020\374\037\353K\222\275N\010\014o\020\362\363\002 \004\310\0179\273`\322\033\360\022\343o\340\361\350 \353e\341\371M\r\352\371\202\3769BC\33748""; previousledger: ""\367\345\025\032H\227!<\221\010\364\357\210;`\021\002|\333\300 \354\225a\3335\\234\223\225\314\265""; ","proposeSeq: 0; currentTxHash: ""\000\000\000\000\000\000\000\000\000\000\000\000\000\000\000\000\000\000\000\000\000\000\000\000\000\000\000\000\000\000\000\000""; nodePubKey: ""\003\355a`\035`\253\330A\240\246w|.n\327\250\337\232\257\300\315\245\312T\301L\2254\274lS\301""; closeTime: 803892340; signature: ""0E\002!\000\366\325\025:\261\233Y\004\355:\275\376\360\215l\317\325\276\020\374\037\353K\222\275N\010\014o\020\362\363\002 \004\310\0179\273`\322\033\360\022\343o\340\361\350 \353e\341\371M\r\352\371\202\3769BC\33748""; previousledger: ""\367\345\025\032H\227!<\221\010\364\357\210;`\021\002|\333\300 \354\225a\3335\\234\223\225\314\265""; "
1750577140866,1750577140866,957,1,0,4,TMProposeSet,"proposeSeq: 0; currentTxHash: ""\000\000\000\000\000\000\000\000\000\000\000\000\000\000\000\000\000\000\000\000\000\000\000\000\000\000\000\000\000\000\000\000""; nodePubKey: ""\003\355a`\035`\253\330A\240\246w|.n\327\250\337\232\257\300\315\245\312T\301L\2254\274lS\301""; closeTime: 803892340; signature: ""0E\002!\000\366\325\025:\261\233Y\004\355:\275\376\360\215l\317\325\276\020\374\037\353K\222\275N\010\014o\020\362\363\002 \004\310\0179\273`\322\033\360\022\343o\340\361\350 \353e\341\371M\r\352\371\202\3769BC\33748""; previousledger: ""\367\345\025\032H\227!<\221\010\364\357\210;`\021\002|\333\300 \354\225a\3335\\234\223\225\314\265""; ","proposeSeq: 0; currentTxHash: ""\000\000\000\000\000\000\000\000\000\000\000\000\000\000\000\000\000\000\000\000\000\000\000\000\000\000\000\000\000\000\000\000""; nodePubKey: ""\003\355a`\035`\253\330A\240\246w|.n\327\250\337\232\257\300\315\245\312T\301L\2254\274lS\301""; closeTime: 803892340; signature: ""0E\002!\000\366\325\025:\261\233Y\004\355:\275\376\360\215l\317\325\276\020\374\037\353K\222\275N\010\014o\020\362\363\002 \004\310\0179\273`\322\033\360\022\343o\340\361\350 \353e\341\371M\r\352\371\202\3769BC\33748""; previousledger: ""\367\345\025\032H\227!<\221\010\364\357\210;`\021\002|\333\300 \354\225a\3335\\234\223\225\314\265""; "
1750577140866,1750577140866,3589,1,0,2,TMProposeSet,"proposeSeq: 0; currentTxHash: ""\000\000\000\000\000\000\000\000\000\000\000\000\000\000\000\000\000\000\000\000\000\000\000\000\000\000\000\000\000\000\000\000""; nodePubKey: ""\003\355a`\035`\253\330A\240\246w|.n\327\250\337\232\257\300\315\245\312T\301L\2254\274lS\301""; closeTime: 803892340; signature: ""0E\002!\000\366\325\025:\261\233Y\004\355:\275\376\360\215l\317\325\276\020\374\037\353K\222\275N\010\014o\020\362\363\002 \004\310\0179\273`\322\033\360\022\343o\340\361\350 \353e\341\371M\r\352\371\202\3769BC\33748""; previousledger: ""\367\345\025\032H\227!<\221\010\364\357\210;`\021\002|\333\300 \354\225a\3335\\234\223\225\314\265""; ","proposeSeq: 0; currentTxHash: ""\000\000\000\000\000\000\000\000\000\000\000\000\000\000\000\000\000\000\000\000\000\000\000\000\000\000\000\000\000\000\000\000""; nodePubKey: ""\003\355a`\035`\253\330A\240\246w|.n\327\250\337\232\257\300\315\245\312T\301L\2254\274lS\301""; closeTime: 803892340; signature: ""0E\002!\000\366\325\025:\261\233Y\004\355:\275\376\360\215l\317\325\276\020\374\037\353K\222\275N\010\014o\020\362\363\002 \004\310\0179\273`\322\033\360\022\343o\340\361\350 \353e\341\371M\r\352\371\202\3769BC\33748""; previousledger: ""\367\345\025\032H\227!<\221\010\364\357\210;`\021\002|\333\300 \354\225a\3335\\234\223\225\314\265""; "
1750577140864,1750577140926,313,1,0,3,TMStatusChange,"newEvent: neCLOSING_LEDGER; ledgerSeq: 2; ledgerHash: ""\367\345\025\032H\227!<\221\010\364\357\210;`\021\002|\333\300 \354\225a\3335\\234\223\225\314\265""; ledgerHashPrevious: ""-}\351f\032\255\274\334m\326c\017\014ao[\342\230\003\245\245\3341Hm\326^\017jy\335\261""; networkTime: 803892340; firstSeq: 1; lastSeq: 1; ","newEvent: neCLOSING_LEDGER; ledgerSeq: 2; ledgerHash: ""\367\345\025\032H\227!<\221\010\364\357\210;`\021\002|\333\300 \354\225a\3335\\234\223\225\314\265""; ledgerHashPrevious: ""-}\351f\032\255\274\334m\326c\017\014ao[\342\230\003\245\245\3341Hm\326^\017jy\335\261""; networkTime: 803892340; firstSeq: 1; lastSeq: 1; "
1750577140865,1750577140926,2178,1,0,4,TMStatusChange,"newEvent: neCLOSING_LEDGER; ledgerSeq: 2; ledgerHash: ""\367\345\025\032H\227!<\221\010\364\357\210;`\021\002|\333\300 \354\225a\3335\\234\223\225\314\265""; ledgerHashPrevious: ""-}\351f\032\255\274\334m\326c\017\014ao[\342\230\003\245\245\3341Hm\326^\017jy\335\261""; networkTime: 803892340; firstSeq: 1; lastSeq: 1; ","newEvent: neCLOSING_LEDGER; ledgerSeq: 2; ledgerHash: ""\367\345\025\032H\227!<\221\010\364\357\210;`\021\002|\333\300 \354\225a\3335\\234\223\225\314\265""; ledgerHashPrevious: ""-}\351f\032\255\274\334m\326c\017\014ao[\342\230\003\245\245\3341Hm\326^\017jy\335\261""; networkTime: 803892340; firstSeq: 1; lastSeq: 1; "
1750577140867,1750577140928,3470,1,0,2,TMStatusChange,"newEvent: neCLOSING_LEDGER; ledgerSeq: 2; ledgerHash: ""\367\345\025\032H\227!<\221\010\364\357\210;`\021\002|\333\300 \354\225a\3335\\234\223\225\314\265""; ledgerHashPrevious: ""-}\351f\032\255\274\334m\326c\017\014ao[\342\230\003\245\245\3341Hm\326^\017jy\335\261""; networkTime: 803892340; firstSeq: 1; lastSeq: 1; ","newEvent: neCLOSING_LEDGER; ledgerSeq: 2; ledgerHash: ""\367\345\025\032H\227!<\221\010\364\357\210;`\021\002|\333\300 \354\225a\3335\\234\223\225\314\265""; ledgerHashPrevious: ""-}\351f\032\255\274\334m\326c\017\014ao[\342\230\003\245\245\3341Hm\326^\017jy\335\261""; networkTime: 803892340; firstSeq: 1; lastSeq: 1; "
1750577140865,1750577140927,1086,1,0,1,TMStatusChange,"newEvent: neCLOSING_LEDGER; ledgerSeq: 2; ledgerHash: ""\367\345\025\032H\227!<\221\010\364\357\210;`\021\002|\333\300 \354\225a\3335\\234\223\225\314\265""; ledgerHashPrevious: ""-}\351f\032\255\274\334m\326c\017\014ao[\342\230\003\245\245\3341Hm\326^\017jy\335\261""; networkTime: 803892340; firstSeq: 1; lastSeq: 1; ","newEvent: neCLOSING_LEDGER; ledgerSeq: 2; ledgerHash: ""\367\345\025\032H\227!<\221\010\364\357\210;`\021\002|\333\300 \354\225a\3335\\234\223\225\314\265""; ledgerHashPrevious: ""-}\351f\032\255\274\334m\326c\017\014ao[\342\230\003\245\245\3341Hm\326^\017jy\335\261""; networkTime: 803892340; firstSeq: 1; lastSeq: 1; "
1750577140934,1750577140934,1119,1,0,2,TMLedgerData,"ledgerHash: ""\367\345\025\032H\227!<\221\010\364\357\210;`\021\002|\333\300 \354\225a\3335\\234\223\225\314\265""; ledgerSeq: 2; type: liBASE; nodes {;   nodedata: ""\000\000\000\002\001cEx]\212\000\000-}\351f\032\255\274\334m\326c\017\014ao[\342\230\003\245\245\3341Hm\326^\017jy\335\261\000\000\000\000\000\000\000\000\000\000\000\000\000\000\000\000\000\000\000\000\000\000\000\000\000\000\000\000\000\000\000\000{e\2655L\2440\340\020\277~\333\017WF\230\334\351\277\266\267\357{\321\317\275\374\330\255\231Z\226(\366\274\006/\352l`\n\000""; }; nodes {;   nodedata: ""\303\016\021\310<Z\337\266>\225@&n\022\246\274\353\220\345b3\035\313\350L\354\254\002\005\305\035\017\002E\344\037@\210\363\010\336T\226\247'\204_{\261\370""1\235\2445\343\033Y!\212\201\341\272\225'\007>L\014O\253g\352\035\214I\361\342\213\274\243\225\r\327qi\207\254\211\347\300?w\214Ha~\260\013\003""; }; ","ledgerHash: ""\367\345\025\032H\227!<\221\010\364\357\210;`\021\002|\333\300 \354\225a\3335\\234\223\225\314\265""; ledgerSeq: 2; type: liBASE; nodes {;   nodedata: ""\000\000\000\002\001cEx]\212\000\000-}\351f\032\255\274\334m\326c\017\014ao[\342\230\003\245\245\3341Hm\326^\017jy\335\261\000\000\000\000\000\000\000\000\000\000\000\000\000\000\000\000\000\000\000\000\000\000\000\000\000\000\000\000\000\000\000\000{e\2655L\2440\340\020\277~\333\017WF\230\334\351\277\266\267\357{\321\317\275\374\330\255\231Z\226(\366\274\006/\352l`\n\000""; }; nodes {;   nodedata: ""\303\016\021\310<Z\337\266>\225@&n\022\246\274\353\220\345b3\035\313\350L\354\254\002\005\305\035\017\002E\344\037@\210\363\010\336T\226\247'\204_{\261\370""1\235\2445\343\033Y!\212\201\341\272\225'\007>L\014O\253g\352\035\214I\361\342\213\274\243\225\r\327qi\207\254\211\347\300?w\214Ha~\260\013\003""; }; "
1750577140934,1750577140934,1119,1,0,2,TMLedgerData,"ledgerHash: ""\367\345\025\032H\227!<\221\010\364\357\210;`\021\002|\333\300 \354\225a\3335\\234\223\225\314\265""; ledgerSeq: 2; type: liBASE; nodes {;   nodedata: ""\000\000\000\002\001cEx]\212\000\000-}\351f\032\255\274\334m\326c\017\014ao[\342\230\003\245\245\3341Hm\326^\017jy\335\261\000\000\000\000\000\000\000\000\000\000\000\000\000\000\000\000\000\000\000\000\000\000\000\000\000\000\000\000\000\000\000\000{e\2655L\2440\340\020\277~\333\017WF\230\334\351\277\266\267\357{\321\317\275\374\330\255\231Z\226(\366\274\006/\352l`\n\000""; }; nodes {;   nodedata: ""\303\016\021\310<Z\337\266>\225@&n\022\246\274\353\220\345b3\035\313\350L\354\254\002\005\305\035\017\002E\344\037@\210\363\010\336T\226\247'\204_{\261\370""1\235\2445\343\033Y!\212\201\341\272\225'\007>L\014O\253g\352\035\214I\361\342\213\274\243\225\r\327qi\207\254\211\347\300?w\214Ha~\260\013\003""; }; ","ledgerHash: ""\367\345\025\032H\227!<\221\010\364\357\210;`\021\002|\333\300 \354\225a\3335\\234\223\225\314\265""; ledgerSeq: 2; type: liBASE; nodes {;   nodedata: ""\000\000\000\002\001cEx]\212\000\000-}\351f\032\255\274\334m\326c\017\014ao[\342\230\003\245\245\3341Hm\326^\017jy\335\261\000\000\000\000\000\000\000\000\000\000\000\000\000\000\000\000\000\000\000\000\000\000\000\000\000\000\000\000\000\000\000\000{e\2655L\2440\340\020\277~\333\017WF\230\334\351\277\266\267\357{\321\317\275\374\330\255\231Z\226(\366\274\006/\352l`\n\000""; }; nodes {;   nodedata: ""\303\016\021\310<Z\337\266>\225@&n\022\246\274\353\220\345b3\035\313\350L\354\254\002\005\305\035\017\002E\344\037@\210\363\010\336T\226\247'\204_{\261\370""1\235\2445\343\033Y!\212\201\341\272\225'\007>L\014O\253g\352\035\214I\361\342\213\274\243\225\r\327qi\207\254\211\347\300?w\214Ha~\260\013\003""; }; "
1750577141346,1750577141346,1500,1,1,4,TMValidation,"validation: """"\200\000\000\000&\000\000\000\002)/\352lt:V\303\357EFc\206CQ\251\006\353\035\210d\276;lh""\336 \006\234\226\351\247\303\375XP\023\265\030\214M\0256r\336\250P\027\000\000\000\000\000\000\000\000\000\000\000\000\000\000\000\000\000\000\000\000\000\000\000\000\000\000\000\000\000\000\000\000P\031-}\351f\032\255\274\334m\326c\017\014ao[\342\230\003\245\245\3341Hm\326^\017jy\335\261s!\0020\374\336\227\217\364@Q\303\005\274\252\256X\2138\221\303\201)\016\0232J\362\305P\235O=J6vF0D\002 xb\233\327\220bi\213\254K`2\206>\034d\000\361\013\216i\271Q%\022\260m\227m\213\025\253\002 *X\376\026\013'\273Vq\036U\004\254\277\371\324\216\310'4\030=\347\266\255a\240\264\3248\253\365""; ","validation: """"\200\000\000\000&\000\000\000\002)/\352lt:V\303\357EFc\206CQ\251\006\353\035\210d\276;lh""\336 \006\234\226\351\247\303\375XP\023\265\030\214M\0256r\336\250P\027\000\000\000\000\000\000\000\000\000\000\000\000\000\000\000\000\000\000\000\000\000\000\000\000\000\000\000\000\000\000\000\000P\031-}\351f\032\255\274\334m\326c\017\014ao[\342\230\003\245\245\3341Hm\326^\017jy\335\261s!\0020\374\336\227\217\364@Q\303\005\274\252\256X\2138\221\303\201)\016\0232J\362\305P\235O=J6vF0D\002 xb\233\327\220bi\213\254K`2\206>\034d\000\361\013\216i\271Q%\022\260m\227m\213\025\253\002 *X\376\026\013'\273Vq\036U\004\254\277\371\324\216\310'4\030=\347\266\255a\240\264\3248\253\365""; "
1750577141346,1750577141346,3087,1,1,3,TMValidation,"validation: """"\200\000\000\000&\000\000\000\002)/\352lt:V\303\357EFc\206CQ\251\006\353\035\210d\276;lh""\336 \006\234\226\351\247\303\375XP\023\265\030\214M\0256r\336\250P\027\000\000\000\000\000\000\000\000\000\000\000\000\000\000\000\000\000\000\000\000\000\000\000\000\000\000\000\000\000\000\000\000P\031-}\351f\032\255\274\334m\326c\017\014ao[\342\230\003\245\245\3341Hm\326^\017jy\335\261s!\0020\374\336\227\217\364@Q\303\005\274\252\256X\2138\221\303\201)\016\0232J\362\305P\235O=J6vF0D\002 xb\233\327\220bi\213\254K`2\206>\034d\000\361\013\216i\271Q%\022\260m\227m\213\025\253\002 *X\376\026\013'\273Vq\036U\004\254\277\371\324\216\310'4\030=\347\266\255a\240\264\3248\253\365""; ","validation: """"\200\000\000\000&\000\000\000\002)/\352lt:V\303\357EFc\206CQ\251\006\353\035\210d\276;lh""\336 \006\234\226\351\247\303\375XP\023\265\030\214M\0256r\336\250P\027\000\000\000\000\000\000\000\000\000\000\000\000\000\000\000\000\000\000\000\000\000\000\000\000\000\000\000\000\000\000\000\000P\031-}\351f\032\255\274\334m\326c\017\014ao[\342\230\003\245\245\3341Hm\326^\017jy\335\261s!\0020\374\336\227\217\364@Q\303\005\274\252\256X\2138\221\303\201)\016\0232J\362\305P\235O=J6vF0D\002 xb\233\327\220bi\213\254K`2\206>\034d\000\361\013\216i\271Q%\022\260m\227m\213\025\253\002 *X\376\026\013'\273Vq\036U\004\254\277\371\324\216\310'4\030=\347\266\255a\240\264\3248\253\365""; "
1750577141347,1750577141348,1591,1,1,0,TMValidation,"validation: """"\200\000\000\000&\000\000\000\002)/\352lt:V\303\357EFc\206CQ\251\006\353\035\210d\276;lh""\336 \006\234\226\351\247\303\375XP\023\265\030\214M\0256r\336\250P\027\000\000\000\000\000\000\000\000\000\000\000\000\000\000\000\000\000\000\000\000\000\000\000\000\000\000\000\000\000\000\000\000P\031-}\351f\032\255\274\334m\326c\017\014ao[\342\230\003\245\245\3341Hm\326^\017jy\335\261s!\0020\374\336\227\217\364@Q\303\005\274\252\256X\2138\221\303\201)\016\0232J\362\305P\235O=J6vF0D\002 xb\233\327\220bi\213\254K`2\206>\034d\000\361\013\216i\271Q%\022\260m\227m\213\025\253\002 *X\376\026\013'\273Vq\036U\004\254\277\371\324\216\310'4\030=\347\266\255a\240\264\3248\253\365""; ","validation: """"\200\000\000\000&\000\000\000\002)/\352lt:V\303\357EFc\206CQ\251\006\353\035\210d\276;lh""\336 \006\234\226\351\247\303\375XP\023\265\030\214M\0256r\336\250P\027\000\000\000\000\000\000\000\000\000\000\000\000\000\000\000\000\000\000\000\000\000\000\000\000\000\000\000\000\000\000\000\000P\031-}\351f\032\255\274\334m\326c\017\014ao[\342\230\003\245\245\3341Hm\326^\017jy\335\261s!\0020\374\336\227\217\364@Q\303\005\274\252\256X\2138\221\303\201)\016\0232J\362\305P\235O=J6vF0D\002 xb\233\327\220bi\213\254K`2\206>\034d\000\361\013\216i\271Q%\022\260m\227m\213\025\253\002 *X\376\026\013'\273Vq\036U\004\254\277\371\324\216\310'4\030=\347\266\255a\240\264\3248\253\365""; "
1750577141396,1750577141397,2584,1,3,4,TMValidation,"validation: """"\200\000\000\000&\000\000\000\002)/\352lt:V\303\357EFc\206CQ\251\006\353\035\210d\276;lh""\336 \006\234\226\351\247\303\375XP\023\265\030\214M\0256r\336\250P\027\000\000\000\000\000\000\000\000\000\000\000\000\000\000\000\000\000\000\000\000\000\000\000\000\000\000\000\000\000\000\000\000P\031-}\351f\032\255\274\334m\326c\017\014ao[\342\230\003\245\245\3341Hm\326^\017jy\335\261s!\0020\374\336\227\217\364@Q\303\005\274\252\256X\2138\221\303\201)\016\0232J\362\305P\235O=J6vF0D\002 xb\233\327\220bi\213\254K`2\206>\034d\000\361\013\216i\271Q%\022\260m\227m\213\025\253\002 *X\376\026\013'\273Vq\036U\004\254\277\371\324\216\310'4\030=\347\266\255a\240\264\3248\253\365""; ","validation: """"\200\000\000\000&\000\000\000\002)/\352lt:V\303\357EFc\206CQ\251\006\353\035\210d\276;lh""\336 \006\234\226\351\247\303\375XP\023\265\030\214M\0256r\336\250P\027\000\000\000\000\000\000\000\000\000\000\000\000\000\000\000\000\000\000\000\000\000\000\000\000\000\000\000\000\000\000\000\000P\031-}\351f\032\255\274\334m\326c\017\014ao[\342\230\003\245\245\3341Hm\326^\017jy\335\261s!\0020\374\336\227\217\364@Q\303\005\274\252\256X\2138\221\303\201)\016\0232J\362\305P\235O=J6vF0D\002 xb\233\327\220bi\213\254K`2\206>\034d\000\361\013\216i\271Q%\022\260m\227m\213\025\253\002 *X\376\026\013'\273Vq\036U\004\254\277\371\324\216\310'4\030=\347\266\255a\240\264\3248\253\365""; "
1750577141397,1750577141397,1592,1,3,0,TMValidation,"validation: """"\200\000\000\000&\000\000\000\002)/\352lt:V\303\357EFc\206CQ\251\006\353\035\210d\276;lh""\336 \006\234\226\351\247\303\375XP\023\265\030\214M\0256r\336\250P\027\000\000\000\000\000\000\000\000\000\000\000\000\000\000\000\000\000\000\000\000\000\000\000\000\000\000\000\000\000\000\000\000P\031-}\351f\032\255\274\334m\326c\017\014ao[\342\230\003\245\245\3341Hm\326^\017jy\335\261s!\0020\374\336\227\217\364@Q\303\005\274\252\256X\2138\221\303\201)\016\0232J\362\305P\235O=J6vF0D\002 xb\233\327\220bi\213\254K`2\206>\034d\000\361\013\216i\271Q%\022\260m\227m\213\025\253\002 *X\376\026\013'\273Vq\036U\004\254\277\371\324\216\310'4\030=\347\266\255a\240\264\3248\253\365""; ","validation: """"\200\000\000\000&\000\000\000\002)/\352lt:V\303\357EFc\206CQ\251\006\353\035\210d\276;lh""\336 \006\234\226\351\247\303\375XP\023\265\030\214M\0256r\336\250P\027\000\000\000\000\000\000\000\000\000\000\000\000\000\000\000\000\000\000\000\000\000\000\000\000\000\000\000\000\000\000\000\000P\031-}\351f\032\255\274\334m\326c\017\014ao[\342\230\003\245\245\3341Hm\326^\017jy\335\261s!\0020\374\336\227\217\364@Q\303\005\274\252\256X\2138\221\303\201)\016\0232J\362\305P\235O=J6vF0D\002 xb\233\327\220bi\213\254K`2\206>\034d\000\361\013\216i\271Q%\022\260m\227m\213\025\253\002 *X\376\026\013'\273Vq\036U\004\254\277\371\324\216\310'4\030=\347\266\255a\240\264\3248\253\365""; "
1750577141398,1750577141398,3103,1,3,1,TMValidation,"validation: """"\200\000\000\000&\000\000\000\002)/\352lt:V\303\357EFc\206CQ\251\006\353\035\210d\276;lh""\336 \006\234\226\351\247\303\375XP\023\265\030\214M\0256r\336\250P\027\000\000\000\000\000\000\000\000\000\000\000\000\000\000\000\000\000\000\000\000\000\000\000\000\000\000\000\000\000\000\000\000P\031-}\351f\032\255\274\334m\326c\017\014ao[\342\230\003\245\245\3341Hm\326^\017jy\335\261s!\0020\374\336\227\217\364@Q\303\005\274\252\256X\2138\221\303\201)\016\0232J\362\305P\235O=J6vF0D\002 xb\233\327\220bi\213\254K`2\206>\034d\000\361\013\216i\271Q%\022\260m\227m\213\025\253\002 *X\376\026\013'\273Vq\036U\004\254\277\371\324\216\310'4\030=\347\266\255a\240\264\3248\253\365""; ","validation: """"\200\000\000\000&\000\000\000\002)/\352lt:V\303\357EFc\206CQ\251\006\353\035\210d\276;lh""\336 \006\234\226\351\247\303\375XP\023\265\030\214M\0256r\336\250P\027\000\000\000\000\000\000\000\000\000\000\000\000\000\000\000\000\000\000\000\000\000\000\000\000\000\000\000\000\000\000\000\000P\031-}\351f\032\255\274\334m\326c\017\014ao[\342\230\003\245\245\3341Hm\326^\017jy\335\261s!\0020\374\336\227\217\364@Q\303\005\274\252\256X\2138\221\303\201)\016\0232J\362\305P\235O=J6vF0D\002 xb\233\327\220bi\213\254K`2\206>\034d\000\361\013\216i\271Q%\022\260m\227m\213\025\253\002 *X\376\026\013'\273Vq\036U\004\254\277\371\324\216\310'4\030=\347\266\255a\240\264\3248\253\365""; "
1750577141475,1750577141475,2310,1,1,0,TMGetLedger,"itype: liBASE; ledgerHash: ""\367\345\025\032H\227!<\221\010\364\357\210;`\021\002|\333\300 \354\225a\3335\\234\223\225\314\265""; ledgerSeq: 2; ","itype: liBASE; ledgerHash: ""\367\345\025\032H\227!<\221\010\364\357\210;`\021\002|\333\300 \354\225a\3335\\234\223\225\314\265""; ledgerSeq: 2; "
1750577141477,1750577141477,1591,1,1,0,TMValidation,"validation: """"\200\000\000\000&\000\000\000\002)/\352ls:UH-\013b\304]\310Q\367\345\025\032H\227!<\221\010\364\357\210;`\021\002|\333\300 \354\225a\3335\\234\223\225\314\265P\027\000\000\000\000\000\000\000\000\000\000\000\000\000\000\000\000\000\000\000\000\000\000\000\000\000\000\000\000\000\000\000\000P\031-}\351f\032\255\274\334m\326c\017\014ao[\342\230\003\245\245\3341Hm\326^\017jy\335\261s!\003\211\303A\235N*9\010=d5\266h\211JKh\0341\350\031\261\350\267\321\n\220\326d\001?\306vG0E\002!\000\230p\020\251\211\313\223Z\334\343\324\272\226zDGyr\361\356\343\371\342\033L\000\332\005:h\017\023\002 BU\274Y\237\203\301~$0\t\236\251%\376\031\214$\227f\225\327P\271\334)\242\273\014c\007\370""; ","validation: """"\200\000\000\000&\000\000\000\002)/\352ls:UH-\013b\304]\310Q\367\345\025\032H\227!<\221\010\364\357\210;`\021\002|\333\300 \354\225a\3335\\234\223\225\314\265P\027\000\000\000\000\000\000\000\000\000\000\000\000\000\000\000\000\000\000\000\000\000\000\000\000\000\000\000\000\000\000\000\000P\031-}\351f\032\255\274\334m\326c\017\014ao[\342\230\003\245\245\3341Hm\326^\017jy\335\261s!\003\211\303A\235N*9\010=d5\266h\211JKh\0341\350\031\261\350\267\321\n\220\326d\001?\306vG0E\002!\000\230p\020\251\211\313\223Z\334\343\324\272\226zDGyr\361\356\343\371\342\033L\000\332\005:h\017\023\002 BU\274Y\237\203\301~$0\t\236\251%\376\031\214$\227f\225\327P\271\334)\242\273\014c\007\370""; "
1750577141478,1750577141478,1500,1,1,4,TMValidation,"validation: """"\200\000\000\000&\000\000\000\002)/\352ls:UH-\013b\304]\310Q\367\345\025\032H\227!<\221\010\364\357\210;`\021\002|\333\300 \354\225a\3335\\234\223\225\314\265P\027\000\000\000\000\000\000\000\000\000\000\000\000\000\000\000\000\000\000\000\000\000\000\000\000\000\000\000\000\000\000\000\000P\031-}\351f\032\255\274\334m\326c\017\014ao[\342\230\003\245\245\3341Hm\326^\017jy\335\261s!\003\211\303A\235N*9\010=d5\266h\211JKh\0341\350\031\261\350\267\321\n\220\326d\001?\306vG0E\002!\000\230p\020\251\211\313\223Z\334\343\324\272\226zDGyr\361\356\343\371\342\033L\000\332\005:h\017\023\002 BU\274Y\237\203\301~$0\t\236\251%\376\031\214$\227f\225\327P\271\334)\242\273\014c\007\370""; ","validation: """"\200\000\000\000&\000\000\000\002)/\352ls:UH-\013b\304]\310Q\367\345\025\032H\227!<\221\010\364\357\210;`\021\002|\333\300 \354\225a\3335\\234\223\225\314\265P\027\000\000\000\000\000\000\000\000\000\000\000\000\000\000\000\000\000\000\000\000\000\000\000\000\000\000\000\000\000\000\000\000P\031-}\351f\032\255\274\334m\326c\017\014ao[\342\230\003\245\245\3341Hm\326^\017jy\335\261s!\003\211\303A\235N*9\010=d5\266h\211JKh\0341\350\031\261\350\267\321\n\220\326d\001?\306vG0E\002!\000\230p\020\251\211\313\223Z\334\343\324\272\226zDGyr\361\356\343\371\342\033L\000\332\005:h\017\023\002 BU\274Y\237\203\301~$0\t\236\251%\376\031\214$\227f\225\327P\271\334)\242\273\014c\007\370""; "
1750577141478,1750577141478,3087,1,1,3,TMValidation,"validation: """"\200\000\000\000&\000\000\000\002)/\352ls:UH-\013b\304]\310Q\367\345\025\032H\227!<\221\010\364\357\210;`\021\002|\333\300 \354\225a\3335\\234\223\225\314\265P\027\000\000\000\000\000\000\000\000\000\000\000\000\000\000\000\000\000\000\000\000\000\000\000\000\000\000\000\000\000\000\000\000P\031-}\351f\032\255\274\334m\326c\017\014ao[\342\230\003\245\245\3341Hm\326^\017jy\335\261s!\003\211\303A\235N*9\010=d5\266h\211JKh\0341\350\031\261\350\267\321\n\220\326d\001?\306vG0E\002!\000\230p\020\251\211\313\223Z\334\343\324\272\226zDGyr\361\356\343\371\342\033L\000\332\005:h\017\023\002 BU\274Y\237\203\301~$0\t\236\251%\376\031\214$\227f\225\327P\271\334)\242\273\014c\007\370""; ","validation: """"\200\000\000\000&\000\000\000\002)/\352ls:UH-\013b\304]\310Q\367\345\025\032H\227!<\221\010\364\357\210;`\021\002|\333\300 \354\225a\3335\\234\223\225\314\265P\027\000\000\000\000\000\000\000\000\000\000\000\000\000\000\000\000\000\000\000\000\000\000\000\000\000\000\000\000\000\000\000\000P\031-}\351f\032\255\274\334m\326c\017\014ao[\342\230\003\245\245\3341Hm\326^\017jy\335\261s!\003\211\303A\235N*9\010=d5\266h\211JKh\0341\350\031\261\350\267\321\n\220\326d\001?\306vG0E\002!\000\230p\020\251\211\313\223Z\334\343\324\272\226zDGyr\361\356\343\371\342\033L\000\332\005:h\017\023\002 BU\274Y\237\203\301~$0\t\236\251%\376\031\214$\227f\225\327P\271\334)\242\273\014c\007\370""; "
1750577141478,1750577141478,2618,1,1,4,TMGetLedger,"itype: liBASE; ledgerHash: ""\367\345\025\032H\227!<\221\010\364\357\210;`\021\002|\333\300 \354\225a\3335\\234\223\225\314\265""; ledgerSeq: 2; ","itype: liBASE; ledgerHash: ""\367\345\025\032H\227!<\221\010\364\357\210;`\021\002|\333\300 \354\225a\3335\\234\223\225\314\265""; ledgerSeq: 2; "
1750577141479,1750577141479,395,1,1,3,TMGetLedger,"itype: liBASE; ledgerHash: ""\367\345\025\032H\227!<\221\010\364\357\210;`\021\002|\333\300 \354\225a\3335\\234\223\225\314\265""; ledgerSeq: 2; ","itype: liBASE; ledgerHash: ""\367\345\025\032H\227!<\221\010\364\357\210;`\021\002|\333\300 \354\225a\3335\\234\223\225\314\265""; ledgerSeq: 2; "
1750577141480,1750577141480,495,1,1,2,TMGetLedger,"itype: liBASE; ledgerHash: ""\367\345\025\032H\227!<\221\010\364\357\210;`\021\002|\333\300 \354\225a\3335\\234\223\225\314\265""; ledgerSeq: 2; ","itype: liBASE; ledgerHash: ""\367\345\025\032H\227!<\221\010\364\357\210;`\021\002|\333\300 \354\225a\3335\\234\223\225\314\265""; ledgerSeq: 2; "
1750577141480,1750577141481,2310,1,1,0,TMGetLedger,"itype: liBASE; ledgerHash: ""\367\345\025\032H\227!<\221\010\364\357\210;`\021\002|\333\300 \354\225a\3335\\234\223\225\314\265""; ledgerSeq: 2; queryType: qtINDIRECT; ","itype: liBASE; ledgerHash: ""\367\345\025\032H\227!<\221\010\364\357\210;`\021\002|\333\300 \354\225a\3335\\234\223\225\314\265""; ledgerSeq: 2; queryType: qtINDIRECT; "
1750577141481,1750577141481,495,1,1,2,TMGetLedger,"itype: liBASE; ledgerHash: ""\367\345\025\032H\227!<\221\010\364\357\210;`\021\002|\333\300 \354\225a\3335\\234\223\225\314\265""; ledgerSeq: 2; queryType: qtINDIRECT; ","itype: liBASE; ledgerHash: ""\367\345\025\032H\227!<\221\010\364\357\210;`\021\002|\333\300 \354\225a\3335\\234\223\225\314\265""; ledgerSeq: 2; queryType: qtINDIRECT; "
1750577141482,1750577141482,2618,1,1,4,TMGetLedger,"itype: liBASE; ledgerHash: ""\367\345\025\032H\227!<\221\010\364\357\210;`\021\002|\333\300 \354\225a\3335\\234\223\225\314\265""; ledgerSeq: 2; queryType: qtINDIRECT; ","itype: liBASE; ledgerHash: ""\367\345\025\032H\227!<\221\010\364\357\210;`\021\002|\333\300 \354\225a\3335\\234\223\225\314\265""; ledgerSeq: 2; queryType: qtINDIRECT; "
1750577141482,1750577141482,395,1,1,3,TMGetLedger,"itype: liBASE; ledgerHash: ""\367\345\025\032H\227!<\221\010\364\357\210;`\021\002|\333\300 \354\225a\3335\\234\223\225\314\265""; ledgerSeq: 2; queryType: qtINDIRECT; ","itype: liBASE; ledgerHash: ""\367\345\025\032H\227!<\221\010\364\357\210;`\021\002|\333\300 \354\225a\3335\\234\223\225\314\265""; ledgerSeq: 2; queryType: qtINDIRECT; "
1750577141526,1750577141526,238,1,3,0,TMGetLedger,"itype: liBASE; ledgerHash: ""\367\345\025\032H\227!<\221\010\364\357\210;`\021\002|\333\300 \354\225a\3335\\234\223\225\314\265""; ledgerSeq: 2; ","itype: liBASE; ledgerHash: ""\367\345\025\032H\227!<\221\010\364\357\210;`\021\002|\333\300 \354\225a\3335\\234\223\225\314\265""; ledgerSeq: 2; "
1750577141527,1750577141527,139,1,3,4,TMGetLedger,"itype: liBASE; ledgerHash: ""\367\345\025\032H\227!<\221\010\364\357\210;`\021\002|\333\300 \354\225a\3335\\234\223\225\314\265""; ledgerSeq: 2; ","itype: liBASE; ledgerHash: ""\367\345\025\032H\227!<\221\010\364\357\210;`\021\002|\333\300 \354\225a\3335\\234\223\225\314\265""; ledgerSeq: 2; "
1750577141528,1750577141528,2584,1,3,4,TMValidation,"validation: """"\200\000\000\000&\000\000\000\002)/\352ls:UH-\013b\304]\310Q\367\345\025\032H\227!<\221\010\364\357\210;`\021\002|\333\300 \354\225a\3335\\234\223\225\314\265P\027\000\000\000\000\000\000\000\000\000\000\000\000\000\000\000\000\000\000\000\000\000\000\000\000\000\000\000\000\000\000\000\000P\031-}\351f\032\255\274\334m\326c\017\014ao[\342\230\003\245\245\3341Hm\326^\017jy\335\261s!\003\211\303A\235N*9\010=d5\266h\211JKh\0341\350\031\261\350\267\321\n\220\326d\001?\306vG0E\002!\000\230p\020\251\211\313\223Z\334\343\324\272\226zDGyr\361\356\343\371\342\033L\000\332\005:h\017\023\002 BU\274Y\237\203\301~$0\t\236\251%\376\031\214$\227f\225\327P\271\334)\242\273\014c\007\370""; ","validation: """"\200\000\000\000&\000\000\000\002)/\352ls:UH-\013b\304]\310Q\367\345\025\032H\227!<\221\010\364\357\210;`\021\002|\333\300 \354\225a\3335\\234\223\225\314\265P\027\000\000\000\000\000\000\000\000\000\000\000\000\000\000\000\000\000\000\000\000\000\000\000\000\000\000\000\000\000\000\000\000P\031-}\351f\032\255\274\334m\326c\017\014ao[\342\230\003\245\245\3341Hm\326^\017jy\335\261s!\003\211\303A\235N*9\010=d5\266h\211JKh\0341\350\031\261\350\267\321\n\220\326d\001?\306vG0E\002!\000\230p\020\251\211\313\223Z\334\343\324\272\226zDGyr\361\356\343\371\342\033L\000\332\005:h\017\023\002 BU\274Y\237\203\301~$0\t\236\251%\376\031\214$\227f\225\327P\271\334)\242\273\014c\007\370""; "
1750577141528,1750577141528,3324,1,3,2,TMGetLedger,"itype: liBASE; ledgerHash: ""\367\345\025\032H\227!<\221\010\364\357\210;`\021\002|\333\300 \354\225a\3335\\234\223\225\314\265""; ledgerSeq: 2; ","itype: liBASE; ledgerHash: ""\367\345\025\032H\227!<\221\010\364\357\210;`\021\002|\333\300 \354\225a\3335\\234\223\225\314\265""; ledgerSeq: 2; "
1750577141528,1750577141528,1117,1,3,1,TMGetLedger,"itype: liBASE; ledgerHash: ""\367\345\025\032H\227!<\221\010\364\357\210;`\021\002|\333\300 \354\225a\3335\\234\223\225\314\265""; ledgerSeq: 2; ","itype: liBASE; ledgerHash: ""\367\345\025\032H\227!<\221\010\364\357\210;`\021\002|\333\300 \354\225a\3335\\234\223\225\314\265""; ledgerSeq: 2; "
1750577141529,1750577141529,3103,1,3,1,TMValidation,"validation: """"\200\000\000\000&\000\000\000\002)/\352ls:UH-\013b\304]\310Q\367\345\025\032H\227!<\221\010\364\357\210;`\021\002|\333\300 \354\225a\3335\\234\223\225\314\265P\027\000\000\000\000\000\000\000\000\000\000\000\000\000\000\000\000\000\000\000\000\000\000\000\000\000\000\000\000\000\000\000\000P\031-}\351f\032\255\274\334m\326c\017\014ao[\342\230\003\245\245\3341Hm\326^\017jy\335\261s!\003\211\303A\235N*9\010=d5\266h\211JKh\0341\350\031\261\350\267\321\n\220\326d\001?\306vG0E\002!\000\230p\020\251\211\313\223Z\334\343\324\272\226zDGyr\361\356\343\371\342\033L\000\332\005:h\017\023\002 BU\274Y\237\203\301~$0\t\236\251%\376\031\214$\227f\225\327P\271\334)\242\273\014c\007\370""; ","validation: """"\200\000\000\000&\000\000\000\002)/\352ls:UH-\013b\304]\310Q\367\345\025\032H\227!<\221\010\364\357\210;`\021\002|\333\300 \354\225a\3335\\234\223\225\314\265P\027\000\000\000\000\000\000\000\000\000\000\000\000\000\000\000\000\000\000\000\000\000\000\000\000\000\000\000\000\000\000\000\000P\031-}\351f\032\255\274\334m\326c\017\014ao[\342\230\003\245\245\3341Hm\326^\017jy\335\261s!\003\211\303A\235N*9\010=d5\266h\211JKh\0341\350\031\261\350\267\321\n\220\326d\001?\306vG0E\002!\000\230p\020\251\211\313\223Z\334\343\324\272\226zDGyr\361\356\343\371\342\033L\000\332\005:h\017\023\002 BU\274Y\237\203\301~$0\t\236\251%\376\031\214$\227f\225\327P\271\334)\242\273\014c\007\370""; "
1750577141530,1750577141530,238,1,3,0,TMGetLedger,"itype: liBASE; ledgerHash: ""\367\345\025\032H\227!<\221\010\364\357\210;`\021\002|\333\300 \354\225a\3335\\234\223\225\314\265""; ledgerSeq: 2; queryType: qtINDIRECT; ","itype: liBASE; ledgerHash: ""\367\345\025\032H\227!<\221\010\364\357\210;`\021\002|\333\300 \354\225a\3335\\234\223\225\314\265""; ledgerSeq: 2; queryType: qtINDIRECT; "
1750577141531,1750577141531,1592,1,3,0,TMValidation,"validation: """"\200\000\000\000&\000\000\000\002)/\352ls:UH-\013b\304]\310Q\367\345\025\032H\227!<\221\010\364\357\210;`\021\002|\333\300 \354\225a\3335\\234\223\225\314\265P\027\000\000\000\000\000\000\000\000\000\000\000\000\000\000\000\000\000\000\000\000\000\000\000\000\000\000\000\000\000\000\000\000P\031-}\351f\032\255\274\334m\326c\017\014ao[\342\230\003\245\245\3341Hm\326^\017jy\335\261s!\003\211\303A\235N*9\010=d5\266h\211JKh\0341\350\031\261\350\267\321\n\220\326d\001?\306vG0E\002!\000\230p\020\251\211\313\223Z\334\343\324\272\226zDGyr\361\356\343\371\342\033L\000\332\005:h\017\023\002 BU\274Y\237\203\301~$0\t\236\251%\376\031\214$\227f\225\327P\271\334)\242\273\014c\007\370""; ","validation: """"\200\000\000\000&\000\000\000\002)/\352ls:UH-\013b\304]\310Q\367\345\025\032H\227!<\221\010\364\357\210;`\021\002|\333\300 \354\225a\3335\\234\223\225\314\265P\027\000\000\000\000\000\000\000\000\000\000\000\000\000\000\000\000\000\000\000\000\000\000\000\000\000\000\000\000\000\000\000\000P\031-}\351f\032\255\274\334m\326c\017\014ao[\342\230\003\245\245\3341Hm\326^\017jy\335\261s!\003\211\303A\235N*9\010=d5\266h\211JKh\0341\350\031\261\350\267\321\n\220\326d\001?\306vG0E\002!\000\230p\020\251\211\313\223Z\334\343\324\272\226zDGyr\361\356\343\371\342\033L\000\332\005:h\017\023\002 BU\274Y\237\203\301~$0\t\236\251%\376\031\214$\227f\225\327P\271\334)\242\273\014c\007\370""; "
1750577141531,1750577141531,1117,1,3,1,TMGetLedger,"itype: liBASE; ledgerHash: ""\367\345\025\032H\227!<\221\010\364\357\210;`\021\002|\333\300 \354\225a\3335\\234\223\225\314\265""; ledgerSeq: 2; queryType: qtINDIRECT; ","itype: liBASE; ledgerHash: ""\367\345\025\032H\227!<\221\010\364\357\210;`\021\002|\333\300 \354\225a\3335\\234\223\225\314\265""; ledgerSeq: 2; queryType: qtINDIRECT; "
1750577141532,1750577141532,3324,1,3,2,TMGetLedger,"itype: liBASE; ledgerHash: ""\367\345\025\032H\227!<\221\010\364\357\210;`\021\002|\333\300 \354\225a\3335\\234\223\225\314\265""; ledgerSeq: 2; queryType: qtINDIRECT; ","itype: liBASE; ledgerHash: ""\367\345\025\032H\227!<\221\010\364\357\210;`\021\002|\333\300 \354\225a\3335\\234\223\225\314\265""; ledgerSeq: 2; queryType: qtINDIRECT; "
1750577141532,1750577141532,139,1,3,4,TMGetLedger,"itype: liBASE; ledgerHash: ""\367\345\025\032H\227!<\221\010\364\357\210;`\021\002|\333\300 \354\225a\3335\\234\223\225\314\265""; ledgerSeq: 2; queryType: qtINDIRECT; ","itype: liBASE; ledgerHash: ""\367\345\025\032H\227!<\221\010\364\357\210;`\021\002|\333\300 \354\225a\3335\\234\223\225\314\265""; ledgerSeq: 2; queryType: qtINDIRECT; "
1750577141537,1750577141537,1288,1,2,1,TMValidation,"validation: """"\200\000\000\000&\000\000\000\002)/\352lt:\n\340\202\317\336\256\373\021Q\251\006\353\035\210d\276;lh""\336 \006\234\226\351\247\303\375XP\023\265\030\214M\0256r\336\250P\027\000\000\000\000\000\000\000\000\000\000\000\000\000\000\000\000\000\000\000\000\000\000\000\000\000\000\000\000\000\000\000\000P\031-}\351f\032\255\274\334m\326c\017\014ao[\342\230\003\245\245\3341Hm\326^\017jy\335\261s!\002R\222\037\304:\321\321\271\263\252z\205\220}\236\252\003\177\276\013\025i\355\322\260\370\351\354\263\242\037\025vG0E\002!\000\355h\027\033C\216=C\367\232\215p\341\276:\365\346\245\227\0265WAQ\343\037\321\266\031\035<4\002 %g\344P\243)p\247\372\222\333\326n~\355\\025-A\377w\330v\346\317\270k\210\257n\034\334""; ","validation: """"\200\000\000\000&\000\000\000\002)/\352lt:\n\340\202\317\336\256\373\021Q\251\006\353\035\210d\276;lh""\336 \006\234\226\351\247\303\375XP\023\265\030\214M\0256r\336\250P\027\000\000\000\000\000\000\000\000\000\000\000\000\000\000\000\000\000\000\000\000\000\000\000\000\000\000\000\000\000\000\000\000P\031-}\351f\032\255\274\334m\326c\017\014ao[\342\230\003\245\245\3341Hm\326^\017jy\335\261s!\002R\222\037\304:\321\321\271\263\252z\205\220}\236\252\003\177\276\013\025i\355\322\260\370\351\354\263\242\037\025vG0E\002!\000\355h\027\033C\216=C\367\232\215p\341\276:\365\346\245\227\0265WAQ\343\037\321\266\031\035<4\002 %g\344P\243)p\247\372\222\333\326n~\355\\025-A\377w\330v\346\317\270k\210\257n\034\334""; "
1750577141537,1750577141537,2082,1,2,4,TMValidation,"validation: """"\200\000\000\000&\000\000\000\002)/\352lt:\n\340\202\317\336\256\373\021Q\251\006\353\035\210d\276;lh""\336 \006\234\226\351\247\303\375XP\023\265\030\214M\0256r\336\250P\027\000\000\000\000\000\000\000\000\000\000\000\000\000\000\000\000\000\000\000\000\000\000\000\000\000\000\000\000\000\000\000\000P\031-}\351f\032\255\274\334m\326c\017\014ao[\342\230\003\245\245\3341Hm\326^\017jy\335\261s!\002R\222\037\304:\321\321\271\263\252z\205\220}\236\252\003\177\276\013\025i\355\322\260\370\351\354\263\242\037\025vG0E\002!\000\355h\027\033C\216=C\367\232\215p\341\276:\365\346\245\227\0265WAQ\343\037\321\266\031\035<4\002 %g\344P\243)p\247\372\222\333\326n~\355\\025-A\377w\330v\346\317\270k\210\257n\034\334""; ","validation: """"\200\000\000\000&\000\000\000\002)/\352lt:\n\340\202\317\336\256\373\021Q\251\006\353\035\210d\276;lh""\336 \006\234\226\351\247\303\375XP\023\265\030\214M\0256r\336\250P\027\000\000\000\000\000\000\000\000\000\000\000\000\000\000\000\000\000\000\000\000\000\000\000\000\000\000\000\000\000\000\000\000P\031-}\351f\032\255\274\334m\326c\017\014ao[\342\230\003\245\245\3341Hm\326^\017jy\335\261s!\002R\222\037\304:\321\321\271\263\252z\205\220}\236\252\003\177\276\013\025i\355\322\260\370\351\354\263\242\037\025vG0E\002!\000\355h\027\033C\216=C\367\232\215p\341\276:\365\346\245\227\0265WAQ\343\037\321\266\031\035<4\002 %g\344P\243)p\247\372\222\333\326n~\355\\025-A\377w\330v\346\317\270k\210\257n\034\334""; "
1750577141537,1750577141537,2806,1,2,0,TMValidation,"validation: """"\200\000\000\000&\000\000\000\002)/\352lt:\n\340\202\317\336\256\373\021Q\251\006\353\035\210d\276;lh""\336 \006\234\226\351\247\303\375XP\023\265\030\214M\0256r\336\250P\027\000\000\000\000\000\000\000\000\000\000\000\000\000\000\000\000\000\000\000\000\000\000\000\000\000\000\000\000\000\000\000\000P\031-}\351f\032\255\274\334m\326c\017\014ao[\342\230\003\245\245\3341Hm\326^\017jy\335\261s!\002R\222\037\304:\321\321\271\263\252z\205\220}\236\252\003\177\276\013\025i\355\322\260\370\351\354\263\242\037\025vG0E\002!\000\355h\027\033C\216=C\367\232\215p\341\276:\365\346\245\227\0265WAQ\343\037\321\266\031\035<4\002 %g\344P\243)p\247\372\222\333\326n~\355\\025-A\377w\330v\346\317\270k\210\257n\034\334""; ","validation: """"\200\000\000\000&\000\000\000\002)/\352lt:\n\340\202\317\336\256\373\021Q\251\006\353\035\210d\276;lh""\336 \006\234\226\351\247\303\375XP\023\265\030\214M\0256r\336\250P\027\000\000\000\000\000\000\000\000\000\000\000\000\000\000\000\000\000\000\000\000\000\000\000\000\000\000\000\000\000\000\000\000P\031-}\351f\032\255\274\334m\326c\017\014ao[\342\230\003\245\245\3341Hm\326^\017jy\335\261s!\002R\222\037\304:\321\321\271\263\252z\205\220}\236\252\003\177\276\013\025i\355\322\260\370\351\354\263\242\037\025vG0E\002!\000\355h\027\033C\216=C\367\232\215p\341\276:\365\346\245\227\0265WAQ\343\037\321\266\031\035<4\002 %g\344P\243)p\247\372\222\333\326n~\355\\025-A\377w\330v\346\317\270k\210\257n\034\334""; "
1750577141541,1750577141541,2214,1,4,3,TMValidation,"validation: """"\200\000\000\000&\000\000\000\002)/\352ls:\277\013l\020Sh\241gQ\367\345\025\032H\227!<\221\010\364\357\210;`\021\002|\333\300 \354\225a\3335\\234\223\225\314\265P\027\000\000\000\000\000\000\000\000\000\000\000\000\000\000\000\000\000\000\000\000\000\000\000\000\000\000\000\000\000\000\000\000P\031-}\351f\032\255\274\334m\326c\017\014ao[\342\230\003\245\245\3341Hm\326^\017jy\335\261s!\003\355a`\035`\253\330A\240\246w|.n\327\250\337\232\257\300\315\245\312T\301L\2254\274lS\301vG0E\002!\000\324\365s\250\320\005D\234\3673\375d]t&\351\037\030<]I*\200\322,kiT*\005\364\247\002 8P\336\357\254K\342\311n,>L1\022,i\213\376z:'9'\007Q\370=\034\276$\347\014""; ","validation: """"\200\000\000\000&\000\000\000\002)/\352ls:\277\013l\020Sh\241gQ\367\345\025\032H\227!<\221\010\364\357\210;`\021\002|\333\300 \354\225a\3335\\234\223\225\314\265P\027\000\000\000\000\000\000\000\000\000\000\000\000\000\000\000\000\000\000\000\000\000\000\000\000\000\000\000\000\000\000\000\000P\031-}\351f\032\255\274\334m\326c\017\014ao[\342\230\003\245\245\3341Hm\326^\017jy\335\261s!\003\355a`\035`\253\330A\240\246w|.n\327\250\337\232\257\300\315\245\312T\301L\2254\274lS\301vG0E\002!\000\324\365s\250\320\005D\234\3673\375d]t&\351\037\030<]I*\200\322,kiT*\005\364\247\002 8P\336\357\254K\342\311n,>L1\022,i\213\376z:'9'\007Q\370=\034\276$\347\014""; "
1750577141542,1750577141542,3916,1,4,1,TMValidation,"validation: """"\200\000\000\000&\000\000\000\002)/\352ls:\277\013l\020Sh\241gQ\367\345\025\032H\227!<\221\010\364\357\210;`\021\002|\333\300 \354\225a\3335\\234\223\225\314\265P\027\000\000\000\000\000\000\000\000\000\000\000\000\000\000\000\000\000\000\000\000\000\000\000\000\000\000\000\000\000\000\000\000P\031-}\351f\032\255\274\334m\326c\017\014ao[\342\230\003\245\245\3341Hm\326^\017jy\335\261s!\003\355a`\035`\253\330A\240\246w|.n\327\250\337\232\257\300\315\245\312T\301L\2254\274lS\301vG0E\002!\000\324\365s\250\320\005D\234\3673\375d]t&\351\037\030<]I*\200\322,kiT*\005\364\247\002 8P\336\357\254K\342\311n,>L1\022,i\213\376z:'9'\007Q\370=\034\276$\347\014""; ","validation: """"\200\000\000\000&\000\000\000\002)/\352ls:\277\013l\020Sh\241gQ\367\345\025\032H\227!<\221\010\364\357\210;`\021\002|\333\300 \354\225a\3335\\234\223\225\314\265P\027\000\000\000\000\000\000\000\000\000\000\000\000\000\000\000\000\000\000\000\000\000\000\000\000\000\000\000\000\000\000\000\000P\031-}\351f\032\255\274\334m\326c\017\014ao[\342\230\003\245\245\3341Hm\326^\017jy\335\261s!\003\355a`\035`\253\330A\240\246w|.n\327\250\337\232\257\300\315\245\312T\301L\2254\274lS\301vG0E\002!\000\324\365s\250\320\005D\234\3673\375d]t&\351\037\030<]I*\200\322,kiT*\005\364\247\002 8P\336\357\254K\342\311n,>L1\022,i\213\376z:'9'\007Q\370=\034\276$\347\014""; "
1750577141542,1750577141542,406,1,4,2,TMValidation,"validation: """"\200\000\000\000&\000\000\000\002)/\352ls:\277\013l\020Sh\241gQ\367\345\025\032H\227!<\221\010\364\357\210;`\021\002|\333\300 \354\225a\3335\\234\223\225\314\265P\027\000\000\000\000\000\000\000\000\000\000\000\000\000\000\000\000\000\000\000\000\000\000\000\000\000\000\000\000\000\000\000\000P\031-}\351f\032\255\274\334m\326c\017\014ao[\342\230\003\245\245\3341Hm\326^\017jy\335\261s!\003\355a`\035`\253\330A\240\246w|.n\327\250\337\232\257\300\315\245\312T\301L\2254\274lS\301vG0E\002!\000\324\365s\250\320\005D\234\3673\375d]t&\351\037\030<]I*\200\322,kiT*\005\364\247\002 8P\336\357\254K\342\311n,>L1\022,i\213\376z:'9'\007Q\370=\034\276$\347\014""; ","validation: """"\200\000\000\000&\000\000\000\002)/\352ls:\277\013l\020Sh\241gQ\367\345\025\032H\227!<\221\010\364\357\210;`\021\002|\333\300 \354\225a\3335\\234\223\225\314\265P\027\000\000\000\000\000\000\000\000\000\000\000\000\000\000\000\000\000\000\000\000\000\000\000\000\000\000\000\000\000\000\000\000P\031-}\351f\032\255\274\334m\326c\017\014ao[\342\230\003\245\245\3341Hm\326^\017jy\335\261s!\003\355a`\035`\253\330A\240\246w|.n\327\250\337\232\257\300\315\245\312T\301L\2254\274lS\301vG0E\002!\000\324\365s\250\320\005D\234\3673\375d]t&\351\037\030<]I*\200\322,kiT*\005\364\247\002 8P\336\357\254K\342\311n,>L1\022,i\213\376z:'9'\007Q\370=\034\276$\347\014""; "
1750577141568,1750577141568,3398,1,4,2,TMGetLedger,"itype: liBASE; ledgerHash: ""\251\006\353\035\210d\276;lh""\336 \006\234\226\351\247\303\375XP\023\265\030\214M\0256r\336\250""; ledgerSeq: 2; ","itype: liBASE; ledgerHash: ""\251\006\353\035\210d\276;lh""\336 \006\234\226\351\247\303\375XP\023\265\030\214M\0256r\336\250""; ledgerSeq: 2; "
1750577141569,1750577141569,3285,1,4,0,TMGetLedger,"itype: liBASE; ledgerHash: ""\251\006\353\035\210d\276;lh""\336 \006\234\226\351\247\303\375XP\023\265\030\214M\0256r\336\250""; ledgerSeq: 2; ","itype: liBASE; ledgerHash: ""\251\006\353\035\210d\276;lh""\336 \006\234\226\351\247\303\375XP\023\265\030\214M\0256r\336\250""; ledgerSeq: 2; "
1750577141569,1750577141569,1858,1,4,1,TMGetLedger,"itype: liBASE; ledgerHash: ""\251\006\353\035\210d\276;lh""\336 \006\234\226\351\247\303\375XP\023\265\030\214M\0256r\336\250""; ledgerSeq: 2; ","itype: liBASE; ledgerHash: ""\251\006\353\035\210d\276;lh""\336 \006\234\226\351\247\303\375XP\023\265\030\214M\0256r\336\250""; ledgerSeq: 2; "
1750577141570,1750577141570,3631,1,4,3,TMGetLedger,"itype: liBASE; ledgerHash: ""\251\006\353\035\210d\276;lh""\336 \006\234\226\351\247\303\375XP\023\265\030\214M\0256r\336\250""; ledgerSeq: 2; ","itype: liBASE; ledgerHash: ""\251\006\353\035\210d\276;lh""\336 \006\234\226\351\247\303\375XP\023\265\030\214M\0256r\336\250""; ledgerSeq: 2; "
1750577141571,1750577141571,2214,1,4,3,TMValidation,"validation: """"\200\000\000\000&\000\000\000\002)/\352lt:=_=\241F\200f\001Q\251\006\353\035\210d\276;lh""\336 \006\234\226\351\247\303\375XP\023\265\030\214M\0256r\336\250P\027\000\000\000\000\000\000\000\000\000\000\000\000\000\000\000\000\000\000\000\000\000\000\000\000\000\000\000\000\000\000\000\000P\031-}\351f\032\255\274\334m\326c\017\014ao[\342\230\003\245\245\3341Hm\326^\017jy\335\261s!\002\027\261XS\001B\350\357\305\256\215tn\000\301\3171+)\342\371W\337\360C \324\243C\222\361wvF0D\002 b\364\220\210<\333*w\265\021\n1\007\230\364XR\2356`\206\3449E\244\005\337\3776\336\341\210\002 ic\003m\302\031\300p\376\327k<z\262\301M$Tx\265\242\362\271\313\007\303-\360\357\255W\366""; ","validation: """"\200\000\000\000&\000\000\000\002)/\352lt:=_=\241F\200f\001Q\251\006\353\035\210d\276;lh""\336 \006\234\226\351\247\303\375XP\023\265\030\214M\0256r\336\250P\027\000\000\000\000\000\000\000\000\000\000\000\000\000\000\000\000\000\000\000\000\000\000\000\000\000\000\000\000\000\000\000\000P\031-}\351f\032\255\274\334m\326c\017\014ao[\342\230\003\245\245\3341Hm\326^\017jy\335\261s!\002\027\261XS\001B\350\357\305\256\215tn\000\301\3171+)\342\371W\337\360C \324\243C\222\361wvF0D\002 b\364\220\210<\333*w\265\021\n1\007\230\364XR\2356`\206\3449E\244\005\337\3776\336\341\210\002 ic\003m\302\031\300p\376\327k<z\262\301M$Tx\265\242\362\271\313\007\303-\360\357\255W\366""; "
1750577141571,1750577141572,406,1,4,2,TMValidation,"validation: """"\200\000\000\000&\000\000\000\002)/\352lt:=_=\241F\200f\001Q\251\006\353\035\210d\276;lh""\336 \006\234\226\351\247\303\375XP\023\265\030\214M\0256r\336\250P\027\000\000\000\000\000\000\000\000\000\000\000\000\000\000\000\000\000\000\000\000\000\000\000\000\000\000\000\000\000\000\000\000P\031-}\351f\032\255\274\334m\326c\017\014ao[\342\230\003\245\245\3341Hm\326^\017jy\335\261s!\002\027\261XS\001B\350\357\305\256\215tn\000\301\3171+)\342\371W\337\360C \324\243C\222\361wvF0D\002 b\364\220\210<\333*w\265\021\n1\007\230\364XR\2356`\206\3449E\244\005\337\3776\336\341\210\002 ic\003m\302\031\300p\376\327k<z\262\301M$Tx\265\242\362\271\313\007\303-\360\357\255W\366""; ","validation: """"\200\000\000\000&\000\000\000\002)/\352lt:=_=\241F\200f\001Q\251\006\353\035\210d\276;lh""\336 \006\234\226\351\247\303\375XP\023\265\030\214M\0256r\336\250P\027\000\000\000\000\000\000\000\000\000\000\000\000\000\000\000\000\000\000\000\000\000\000\000\000\000\000\000\000\000\000\000\000P\031-}\351f\032\255\274\334m\326c\017\014ao[\342\230\003\245\245\3341Hm\326^\017jy\335\261s!\002\027\261XS\001B\350\357\305\256\215tn\000\301\3171+)\342\371W\337\360C \324\243C\222\361wvF0D\002 b\364\220\210<\333*w\265\021\n1\007\230\364XR\2356`\206\3449E\244\005\337\3776\336\341\210\002 ic\003m\302\031\300p\376\327k<z\262\301M$Tx\265\242\362\271\313\007\303-\360\357\255W\366""; "
1750577141572,1750577141572,3398,1,4,2,TMGetLedger,"itype: liBASE; ledgerHash: ""\251\006\353\035\210d\276;lh""\336 \006\234\226\351\247\303\375XP\023\265\030\214M\0256r\336\250""; ledgerSeq: 2; queryType: qtINDIRECT; ","itype: liBASE; ledgerHash: ""\251\006\353\035\210d\276;lh""\336 \006\234\226\351\247\303\375XP\023\265\030\214M\0256r\336\250""; ledgerSeq: 2; queryType: qtINDIRECT; "
1750577141572,1750577141572,3285,1,4,0,TMGetLedger,"itype: liBASE; ledgerHash: ""\251\006\353\035\210d\276;lh""\336 \006\234\226\351\247\303\375XP\023\265\030\214M\0256r\336\250""; ledgerSeq: 2; queryType: qtINDIRECT; ","itype: liBASE; ledgerHash: ""\251\006\353\035\210d\276;lh""\336 \006\234\226\351\247\303\375XP\023\265\030\214M\0256r\336\250""; ledgerSeq: 2; queryType: qtINDIRECT; "
1750577141573,1750577141573,3631,1,4,3,TMGetLedger,"itype: liBASE; ledgerHash: ""\251\006\353\035\210d\276;lh""\336 \006\234\226\351\247\303\375XP\023\265\030\214M\0256r\336\250""; ledgerSeq: 2; queryType: qtINDIRECT; ","itype: liBASE; ledgerHash: ""\251\006\353\035\210d\276;lh""\336 \006\234\226\351\247\303\375XP\023\265\030\214M\0256r\336\250""; ledgerSeq: 2; queryType: qtINDIRECT; "
1750577141573,1750577141573,3273,1,4,0,TMValidation,"validation: """"\200\000\000\000&\000\000\000\002)/\352lt:=_=\241F\200f\001Q\251\006\353\035\210d\276;lh""\336 \006\234\226\351\247\303\375XP\023\265\030\214M\0256r\336\250P\027\000\000\000\000\000\000\000\000\000\000\000\000\000\000\000\000\000\000\000\000\000\000\000\000\000\000\000\000\000\000\000\000P\031-}\351f\032\255\274\334m\326c\017\014ao[\342\230\003\245\245\3341Hm\326^\017jy\335\261s!\002\027\261XS\001B\350\357\305\256\215tn\000\301\3171+)\342\371W\337\360C \324\243C\222\361wvF0D\002 b\364\220\210<\333*w\265\021\n1\007\230\364XR\2356`\206\3449E\244\005\337\3776\336\341\210\002 ic\003m\302\031\300p\376\327k<z\262\301M$Tx\265\242\362\271\313\007\303-\360\357\255W\366""; ","validation: """"\200\000\000\000&\000\000\000\002)/\352lt:=_=\241F\200f\001Q\251\006\353\035\210d\276;lh""\336 \006\234\226\351\247\303\375XP\023\265\030\214M\0256r\336\250P\027\000\000\000\000\000\000\000\000\000\000\000\000\000\000\000\000\000\000\000\000\000\000\000\000\000\000\000\000\000\000\000\000P\031-}\351f\032\255\274\334m\326c\017\014ao[\342\230\003\245\245\3341Hm\326^\017jy\335\261s!\002\027\261XS\001B\350\357\305\256\215tn\000\301\3171+)\342\371W\337\360C \324\243C\222\361wvF0D\002 b\364\220\210<\333*w\265\021\n1\007\230\364XR\2356`\206\3449E\244\005\337\3776\336\341\210\002 ic\003m\302\031\300p\376\327k<z\262\301M$Tx\265\242\362\271\313\007\303-\360\357\255W\366""; "
1750577141602,1750577141602,2310,1,1,0,TMGetLedger,"itype: liBASE; ledgerHash: ""\367\345\025\032H\227!<\221\010\364\357\210;`\021\002|\333\300 \354\225a\3335\\234\223\225\314\265""; ledgerSeq: 2; requestCookie: 3; queryType: qtINDIRECT; ","itype: liBASE; ledgerHash: ""\367\345\025\032H\227!<\221\010\364\357\210;`\021\002|\333\300 \354\225a\3335\\234\223\225\314\265""; ledgerSeq: 2; requestCookie: 3; queryType: qtINDIRECT; "
1750577141610,1750577141610,1858,1,4,1,TMGetLedger,"itype: liBASE; ledgerHash: ""\251\006\353\035\210d\276;lh""\336 \006\234\226\351\247\303\375XP\023\265\030\214M\0256r\336\250""; ledgerSeq: 2; queryType: qtINDIRECT; ","itype: liBASE; ledgerHash: ""\251\006\353\035\210d\276;lh""\336 \006\234\226\351\247\303\375XP\023\265\030\214M\0256r\336\250""; ledgerSeq: 2; queryType: qtINDIRECT; "
1750577141659,1750577141659,1856,1,0,1,TMGetLedger,"itype: liBASE; ledgerHash: ""\251\006\353\035\210d\276;lh""\336 \006\234\226\351\247\303\375XP\023\265\030\214M\0256r\336\250""; ledgerSeq: 2; ","itype: liBASE; ledgerHash: ""\251\006\353\035\210d\276;lh""\336 \006\234\226\351\247\303\375XP\023\265\030\214M\0256r\336\250""; ledgerSeq: 2; "
1750577141660,1750577141660,2514,1,0,4,TMGetLedger,"itype: liBASE; ledgerHash: ""\251\006\353\035\210d\276;lh""\336 \006\234\226\351\247\303\375XP\023\265\030\214M\0256r\336\250""; ledgerSeq: 2; ","itype: liBASE; ledgerHash: ""\251\006\353\035\210d\276;lh""\336 \006\234\226\351\247\303\375XP\023\265\030\214M\0256r\336\250""; ledgerSeq: 2; "
1750577141661,1750577141661,1522,1,0,3,TMGetLedger,"itype: liBASE; ledgerHash: ""\251\006\353\035\210d\276;lh""\336 \006\234\226\351\247\303\375XP\023\265\030\214M\0256r\336\250""; ledgerSeq: 2; ","itype: liBASE; ledgerHash: ""\251\006\353\035\210d\276;lh""\336 \006\234\226\351\247\303\375XP\023\265\030\214M\0256r\336\250""; ledgerSeq: 2; "
1750577141660,1750577141660,3456,1,0,2,TMGetLedger,"itype: liBASE; ledgerHash: ""\251\006\353\035\210d\276;lh""\336 \006\234\226\351\247\303\375XP\023\265\030\214M\0256r\336\250""; ledgerSeq: 2; ","itype: liBASE; ledgerHash: ""\251\006\353\035\210d\276;lh""\336 \006\234\226\351\247\303\375XP\023\265\030\214M\0256r\336\250""; ledgerSeq: 2; "
1750577141661,1750577141661,1856,1,0,1,TMGetLedger,"itype: liBASE; ledgerHash: ""\251\006\353\035\210d\276;lh""\336 \006\234\226\351\247\303\375XP\023\265\030\214M\0256r\336\250""; ledgerSeq: 2; queryType: qtINDIRECT; ","itype: liBASE; ledgerHash: ""\251\006\353\035\210d\276;lh""\336 \006\234\226\351\247\303\375XP\023\265\030\214M\0256r\336\250""; ledgerSeq: 2; queryType: qtINDIRECT; "
1750577141662,1750577141662,1675,1,0,4,TMValidation,"validation: """"\200\000\000\000&\000\000\000\002)/\352lt:=_=\241F\200f\001Q\251\006\353\035\210d\276;lh""\336 \006\234\226\351\247\303\375XP\023\265\030\214M\0256r\336\250P\027\000\000\000\000\000\000\000\000\000\000\000\000\000\000\000\000\000\000\000\000\000\000\000\000\000\000\000\000\000\000\000\000P\031-}\351f\032\255\274\334m\326c\017\014ao[\342\230\003\245\245\3341Hm\326^\017jy\335\261s!\002\027\261XS\001B\350\357\305\256\215tn\000\301\3171+)\342\371W\337\360C \324\243C\222\361wvF0D\002 b\364\220\210<\333*w\265\021\n1\007\230\364XR\2356`\206\3449E\244\005\337\3776\336\341\210\002 ic\003m\302\031\300p\376\327k<z\262\301M$Tx\265\242\362\271\313\007\303-\360\357\255W\366""; ","validation: """"\200\000\000\000&\000\000\000\002)/\352lt:=_=\241F\200f\001Q\251\006\353\035\210d\276;lh""\336 \006\234\226\351\247\303\375XP\023\265\030\214M\0256r\336\250P\027\000\000\000\000\000\000\000\000\000\000\000\000\000\000\000\000\000\000\000\000\000\000\000\000\000\000\000\000\000\000\000\000P\031-}\351f\032\255\274\334m\326c\017\014ao[\342\230\003\245\245\3341Hm\326^\017jy\335\261s!\002\027\261XS\001B\350\357\305\256\215tn\000\301\3171+)\342\371W\337\360C \324\243C\222\361wvF0D\002 b\364\220\210<\333*w\265\021\n1\007\230\364XR\2356`\206\3449E\244\005\337\3776\336\341\210\002 ic\003m\302\031\300p\376\327k<z\262\301M$Tx\265\242\362\271\313\007\303-\360\357\255W\366""; "
1750577141663,1750577141663,1971,1,0,2,TMValidation,"validation: """"\200\000\000\000&\000\000\000\002)/\352lt:=_=\241F\200f\001Q\251\006\353\035\210d\276;lh""\336 \006\234\226\351\247\303\375XP\023\265\030\214M\0256r\336\250P\027\000\000\000\000\000\000\000\000\000\000\000\000\000\000\000\000\000\000\000\000\000\000\000\000\000\000\000\000\000\000\000\000P\031-}\351f\032\255\274\334m\326c\017\014ao[\342\230\003\245\245\3341Hm\326^\017jy\335\261s!\002\027\261XS\001B\350\357\305\256\215tn\000\301\3171+)\342\371W\337\360C \324\243C\222\361wvF0D\002 b\364\220\210<\333*w\265\021\n1\007\230\364XR\2356`\206\3449E\244\005\337\3776\336\341\210\002 ic\003m\302\031\300p\376\327k<z\262\301M$Tx\265\242\362\271\313\007\303-\360\357\255W\366""; ","validation: """"\200\000\000\000&\000\000\000\002)/\352lt:=_=\241F\200f\001Q\251\006\353\035\210d\276;lh""\336 \006\234\226\351\247\303\375XP\023\265\030\214M\0256r\336\250P\027\000\000\000\000\000\000\000\000\000\000\000\000\000\000\000\000\000\000\000\000\000\000\000\000\000\000\000\000\000\000\000\000P\031-}\351f\032\255\274\334m\326c\017\014ao[\342\230\003\245\245\3341Hm\326^\017jy\335\261s!\002\027\261XS\001B\350\357\305\256\215tn\000\301\3171+)\342\371W\337\360C \324\243C\222\361wvF0D\002 b\364\220\210<\333*w\265\021\n1\007\230\364XR\2356`\206\3449E\244\005\337\3776\336\341\210\002 ic\003m\302\031\300p\376\327k<z\262\301M$Tx\265\242\362\271\313\007\303-\360\357\255W\366""; "
1750577141663,1750577141663,3456,1,0,2,TMGetLedger,"itype: liBASE; ledgerHash: ""\251\006\353\035\210d\276;lh""\336 \006\234\226\351\247\303\375XP\023\265\030\214M\0256r\336\250""; ledgerSeq: 2; queryType: qtINDIRECT; ","itype: liBASE; ledgerHash: ""\251\006\353\035\210d\276;lh""\336 \006\234\226\351\247\303\375XP\023\265\030\214M\0256r\336\250""; ledgerSeq: 2; queryType: qtINDIRECT; "
1750577141664,1750577141664,3933,1,0,3,TMValidation,"validation: """"\200\000\000\000&\000\000\000\002)/\352lt:=_=\241F\200f\001Q\251\006\353\035\210d\276;lh""\336 \006\234\226\351\247\303\375XP\023\265\030\214M\0256r\336\250P\027\000\000\000\000\000\000\000\000\000\000\000\000\000\000\000\000\000\000\000\000\000\000\000\000\000\000\000\000\000\000\000\000P\031-}\351f\032\255\274\334m\326c\017\014ao[\342\230\003\245\245\3341Hm\326^\017jy\335\261s!\002\027\261XS\001B\350\357\305\256\215tn\000\301\3171+)\342\371W\337\360C \324\243C\222\361wvF0D\002 b\364\220\210<\333*w\265\021\n1\007\230\364XR\2356`\206\3449E\244\005\337\3776\336\341\210\002 ic\003m\302\031\300p\376\327k<z\262\301M$Tx\265\242\362\271\313\007\303-\360\357\255W\366""; ","validation: """"\200\000\000\000&\000\000\000\002)/\352lt:=_=\241F\200f\001Q\251\006\353\035\210d\276;lh""\336 \006\234\226\351\247\303\375XP\023\265\030\214M\0256r\336\250P\027\000\000\000\000\000\000\000\000\000\000\000\000\000\000\000\000\000\000\000\000\000\000\000\000\000\000\000\000\000\000\000\000P\031-}\351f\032\255\274\334m\326c\017\014ao[\342\230\003\245\245\3341Hm\326^\017jy\335\261s!\002\027\261XS\001B\350\357\305\256\215tn\000\301\3171+)\342\371W\337\360C \324\243C\222\361wvF0D\002 b\364\220\210<\333*w\265\021\n1\007\230\364XR\2356`\206\3449E\244\005\337\3776\336\341\210\002 ic\003m\302\031\300p\376\327k<z\262\301M$Tx\265\242\362\271\313\007\303-\360\357\255W\366""; "
1750577141664,1750577141664,1522,1,0,3,TMGetLedger,"itype: liBASE; ledgerHash: ""\251\006\353\035\210d\276;lh""\336 \006\234\226\351\247\303\375XP\023\265\030\214M\0256r\336\250""; ledgerSeq: 2; queryType: qtINDIRECT; ","itype: liBASE; ledgerHash: ""\251\006\353\035\210d\276;lh""\336 \006\234\226\351\247\303\375XP\023\265\030\214M\0256r\336\250""; ledgerSeq: 2; queryType: qtINDIRECT; "
1750577141664,1750577141664,2514,1,0,4,TMGetLedger,"itype: liBASE; ledgerHash: ""\251\006\353\035\210d\276;lh""\336 \006\234\226\351\247\303\375XP\023\265\030\214M\0256r\336\250""; ledgerSeq: 2; queryType: qtINDIRECT; ","itype: liBASE; ledgerHash: ""\251\006\353\035\210d\276;lh""\336 \006\234\226\351\247\303\375XP\023\265\030\214M\0256r\336\250""; ledgerSeq: 2; queryType: qtINDIRECT; "
1750577141667,1750577141667,1234,1,4,3,TMLedgerData,"ledgerHash: ""\367\345\025\032H\227!<\221\010\364\357\210;`\021\002|\333\300 \354\225a\3335\\234\223\225\314\265""; ledgerSeq: 2; type: liBASE; nodes {;   nodedata: ""\000\000\000\002\001cEx]\212\000\000-}\351f\032\255\274\334m\326c\017\014ao[\342\230\003\245\245\3341Hm\326^\017jy\335\261\000\000\000\000\000\000\000\000\000\000\000\000\000\000\000\000\000\000\000\000\000\000\000\000\000\000\000\000\000\000\000\000{e\2655L\2440\340\020\277~\333\017WF\230\334\351\277\266\267\357{\321\317\275\374\330\255\231Z\226(\366\274\006/\352l`\n\000""; }; nodes {;   nodedata: ""\303\016\021\310<Z\337\266>\225@&n\022\246\274\353\220\345b3\035\313\350L\354\254\002\005\305\035\017\002E\344\037@\210\363\010\336T\226\247'\204_{\261\370""1\235\2445\343\033Y!\212\201\341\272\225'\007>L\014O\253g\352\035\214I\361\342\213\274\243\225\r\327qi\207\254\211\347\300?w\214Ha~\260\013\003""; }; ","ledgerHash: ""\367\345\025\032H\227!<\221\010\364\357\210;`\021\002|\333\300 \354\225a\3335\\234\223\225\314\265""; ledgerSeq: 2; type: liBASE; nodes {;   nodedata: ""\000\000\000\002\001cEx]\212\000\000-}\351f\032\255\274\334m\326c\017\014ao[\342\230\003\245\245\3341Hm\326^\017jy\335\261\000\000\000\000\000\000\000\000\000\000\000\000\000\000\000\000\000\000\000\000\000\000\000\000\000\000\000\000\000\000\000\000{e\2655L\2440\340\020\277~\333\017WF\230\334\351\277\266\267\357{\321\317\275\374\330\255\231Z\226(\366\274\006/\352l`\n\000""; }; nodes {;   nodedata: ""\303\016\021\310<Z\337\266>\225@&n\022\246\274\353\220\345b3\035\313\350L\354\254\002\005\305\035\017\002E\344\037@\210\363\010\336T\226\247'\204_{\261\370""1\235\2445\343\033Y!\212\201\341\272\225'\007>L\014O\253g\352\035\214I\361\342\213\274\243\225\r\327qi\207\254\211\347\300?w\214Ha~\260\013\003""; }; "
1750577141667,1750577141668,1234,1,4,3,TMLedgerData,"ledgerHash: ""\367\345\025\032H\227!<\221\010\364\357\210;`\021\002|\333\300 \354\225a\3335\\234\223\225\314\265""; ledgerSeq: 2; type: liBASE; nodes {;   nodedata: ""\000\000\000\002\001cEx]\212\000\000-}\351f\032\255\274\334m\326c\017\014ao[\342\230\003\245\245\3341Hm\326^\017jy\335\261\000\000\000\000\000\000\000\000\000\000\000\000\000\000\000\000\000\000\000\000\000\000\000\000\000\000\000\000\000\000\000\000{e\2655L\2440\340\020\277~\333\017WF\230\334\351\277\266\267\357{\321\317\275\374\330\255\231Z\226(\366\274\006/\352l`\n\000""; }; nodes {;   nodedata: ""\303\016\021\310<Z\337\266>\225@&n\022\246\274\353\220\345b3\035\313\350L\354\254\002\005\305\035\017\002E\344\037@\210\363\010\336T\226\247'\204_{\261\370""1\235\2445\343\033Y!\212\201\341\272\225'\007>L\014O\253g\352\035\214I\361\342\213\274\243\225\r\327qi\207\254\211\347\300?w\214Ha~\260\013\003""; }; ","ledgerHash: ""\367\345\025\032H\227!<\221\010\364\357\210;`\021\002|\333\300 \354\225a\3335\\234\223\225\314\265""; ledgerSeq: 2; type: liBASE; nodes {;   nodedata: ""\000\000\000\002\001cEx]\212\000\000-}\351f\032\255\274\334m\326c\017\014ao[\342\230\003\245\245\3341Hm\326^\017jy\335\261\000\000\000\000\000\000\000\000\000\000\000\000\000\000\000\000\000\000\000\000\000\000\000\000\000\000\000\000\000\000\000\000{e\2655L\2440\340\020\277~\333\017WF\230\334\351\277\266\267\357{\321\317\275\374\330\255\231Z\226(\366\274\006/\352l`\n\000""; }; nodes {;   nodedata: ""\303\016\021\310<Z\337\266>\225@&n\022\246\274\353\220\345b3\035\313\350L\354\254\002\005\305\035\017\002E\344\037@\210\363\010\336T\226\247'\204_{\261\370""1\235\2445\343\033Y!\212\201\341\272\225'\007>L\014O\253g\352\035\214I\361\342\213\274\243\225\r\327qi\207\254\211\347\300?w\214Ha~\260\013\003""; }; "
1750577141765,1750577141765,1925,1,0,3,TMLedgerData,"ledgerHash: ""\367\345\025\032H\227!<\221\010\364\357\210;`\021\002|\333\300 \354\225a\3335\\234\223\225\314\265""; ledgerSeq: 2; type: liBASE; nodes {;   nodedata: ""\000\000\000\002\001cEx]\212\000\000-}\351f\032\255\274\334m\326c\017\014ao[\342\230\003\245\245\3341Hm\326^\017jy\335\261\000\000\000\000\000\000\000\000\000\000\000\000\000\000\000\000\000\000\000\000\000\000\000\000\000\000\000\000\000\000\000\000{e\2655L\2440\340\020\277~\333\017WF\230\334\351\277\266\267\357{\321\317\275\374\330\255\231Z\226(\366\274\006/\352l`\n\000""; }; nodes {;   nodedata: ""\303\016\021\310<Z\337\266>\225@&n\022\246\274\353\220\345b3\035\313\350L\354\254\002\005\305\035\017\002E\344\037@\210\363\010\336T\226\247'\204_{\261\370""1\235\2445\343\033Y!\212\201\341\272\225'\007>L\014O\253g\352\035\214I\361\342\213\274\243\225\r\327qi\207\254\211\347\300?w\214Ha~\260\013\003""; }; ","ledgerHash: ""\367\345\025\032H\227!<\221\010\364\357\210;`\021\002|\333\300 \354\225a\3335\\234\223\225\314\265""; ledgerSeq: 2; type: liBASE; nodes {;   nodedata: ""\000\000\000\002\001cEx]\212\000\000-}\351f\032\255\274\334m\326c\017\014ao[\342\230\003\245\245\3341Hm\326^\017jy\335\261\000\000\000\000\000\000\000\000\000\000\000\000\000\000\000\000\000\000\000\000\000\000\000\000\000\000\000\000\000\000\000\000{e\2655L\2440\340\020\277~\333\017WF\230\334\351\277\266\267\357{\321\317\275\374\330\255\231Z\226(\366\274\006/\352l`\n\000""; }; nodes {;   nodedata: ""\303\016\021\310<Z\337\266>\225@&n\022\246\274\353\220\345b3\035\313\350L\354\254\002\005\305\035\017\002E\344\037@\210\363\010\336T\226\247'\204_{\261\370""1\235\2445\343\033Y!\212\201\341\272\225'\007>L\014O\253g\352\035\214I\361\342\213\274\243\225\r\327qi\207\254\211\347\300?w\214Ha~\260\013\003""; }; "
1750577141766,1750577141766,1925,1,0,3,TMLedgerData,"ledgerHash: ""\367\345\025\032H\227!<\221\010\364\357\210;`\021\002|\333\300 \354\225a\3335\\234\223\225\314\265""; ledgerSeq: 2; type: liBASE; nodes {;   nodedata: ""\000\000\000\002\001cEx]\212\000\000-}\351f\032\255\274\334m\326c\017\014ao[\342\230\003\245\245\3341Hm\326^\017jy\335\261\000\000\000\000\000\000\000\000\000\000\000\000\000\000\000\000\000\000\000\000\000\000\000\000\000\000\000\000\000\000\000\000{e\2655L\2440\340\020\277~\333\017WF\230\334\351\277\266\267\357{\321\317\275\374\330\255\231Z\226(\366\274\006/\352l`\n\000""; }; nodes {;   nodedata: ""\303\016\021\310<Z\337\266>\225@&n\022\246\274\353\220\345b3\035\313\350L\354\254\002\005\305\035\017\002E\344\037@\210\363\010\336T\226\247'\204_{\261\370""1\235\2445\343\033Y!\212\201\341\272\225'\007>L\014O\253g\352\035\214I\361\342\213\274\243\225\r\327qi\207\254\211\347\300?w\214Ha~\260\013\003""; }; ","ledgerHash: ""\367\345\025\032H\227!<\221\010\364\357\210;`\021\002|\333\300 \354\225a\3335\\234\223\225\314\265""; ledgerSeq: 2; type: liBASE; nodes {;   nodedata: ""\000\000\000\002\001cEx]\212\000\000-}\351f\032\255\274\334m\326c\017\014ao[\342\230\003\245\245\3341Hm\326^\017jy\335\261\000\000\000\000\000\000\000\000\000\000\000\000\000\000\000\000\000\000\000\000\000\000\000\000\000\000\000\000\000\000\000\000{e\2655L\2440\340\020\277~\333\017WF\230\334\351\277\266\267\357{\321\317\275\374\330\255\231Z\226(\366\274\006/\352l`\n\000""; }; nodes {;   nodedata: ""\303\016\021\310<Z\337\266>\225@&n\022\246\274\353\220\345b3\035\313\350L\354\254\002\005\305\035\017\002E\344\037@\210\363\010\336T\226\247'\204_{\261\370""1\235\2445\343\033Y!\212\201\341\272\225'\007>L\014O\253g\352\035\214I\361\342\213\274\243\225\r\327qi\207\254\211\347\300?w\214Ha~\260\013\003""; }; "
1750577141823,1750577141823,464,1,4,3,TMProposeSet,"proposeSeq: 0; currentTxHash: ""\000\000\000\000\000\000\000\000\000\000\000\000\000\000\000\000\000\000\000\000\000\000\000\000\000\000\000\000\000\000\000\000""; nodePubKey: ""\003\355a`\035`\253\330A\240\246w|.n\327\250\337\232\257\300\315\245\312T\301L\2254\274lS\301""; closeTime: 803892340; signature: ""0E\002!\000\366\325\025:\261\233Y\004\355:\275\376\360\215l\317\325\276\020\374\037\353K\222\275N\010\014o\020\362\363\002 \004\310\0179\273`\322\033\360\022\343o\340\361\350 \353e\341\371M\r\352\371\202\3769BC\33748""; previousledger: ""\367\345\025\032H\227!<\221\010\364\357\210;`\021\002|\333\300 \354\225a\3335\\234\223\225\314\265""; ","proposeSeq: 0; currentTxHash: ""\000\000\000\000\000\000\000\000\000\000\000\000\000\000\000\000\000\000\000\000\000\000\000\000\000\000\000\000\000\000\000\000""; nodePubKey: ""\003\355a`\035`\253\330A\240\246w|.n\327\250\337\232\257\300\315\245\312T\301L\2254\274lS\301""; closeTime: 803892340; signature: ""0E\002!\000\366\325\025:\261\233Y\004\355:\275\376\360\215l\317\325\276\020\374\037\353K\222\275N\010\014o\020\362\363\002 \004\310\0179\273`\322\033\360\022\343o\340\361\350 \353e\341\371M\r\352\371\202\3769BC\33748""; previousledger: ""\367\345\025\032H\227!<\221\010\364\357\210;`\021\002|\333\300 \354\225a\3335\\234\223\225\314\265""; "
1750577141824,1750577141824,1514,1,4,1,TMProposeSet,"proposeSeq: 0; currentTxHash: ""\000\000\000\000\000\000\000\000\000\000\000\000\000\000\000\000\000\000\000\000\000\000\000\000\000\000\000\000\000\000\000\000""; nodePubKey: ""\003\355a`\035`\253\330A\240\246w|.n\327\250\337\232\257\300\315\245\312T\301L\2254\274lS\301""; closeTime: 803892340; signature: ""0E\002!\000\366\325\025:\261\233Y\004\355:\275\376\360\215l\317\325\276\020\374\037\353K\222\275N\010\014o\020\362\363\002 \004\310\0179\273`\322\033\360\022\343o\340\361\350 \353e\341\371M\r\352\371\202\3769BC\33748""; previousledger: ""\367\345\025\032H\227!<\221\010\364\357\210;`\021\002|\333\300 \354\225a\3335\\234\223\225\314\265""; ","proposeSeq: 0; currentTxHash: ""\000\000\000\000\000\000\000\000\000\000\000\000\000\000\000\000\000\000\000\000\000\000\000\000\000\000\000\000\000\000\000\000""; nodePubKey: ""\003\355a`\035`\253\330A\240\246w|.n\327\250\337\232\257\300\315\245\312T\301L\2254\274lS\301""; closeTime: 803892340; signature: ""0E\002!\000\366\325\025:\261\233Y\004\355:\275\376\360\215l\317\325\276\020\374\037\353K\222\275N\010\014o\020\362\363\002 \004\310\0179\273`\322\033\360\022\343o\340\361\350 \353e\341\371M\r\352\371\202\3769BC\33748""; previousledger: ""\367\345\025\032H\227!<\221\010\364\357\210;`\021\002|\333\300 \354\225a\3335\\234\223\225\314\265""; "
1750577141823,1750577141823,803,1,4,2,TMProposeSet,"proposeSeq: 0; currentTxHash: ""\000\000\000\000\000\000\000\000\000\000\000\000\000\000\000\000\000\000\000\000\000\000\000\000\000\000\000\000\000\000\000\000""; nodePubKey: ""\003\355a`\035`\253\330A\240\246w|.n\327\250\337\232\257\300\315\245\312T\301L\2254\274lS\301""; closeTime: 803892340; signature: ""0E\002!\000\366\325\025:\261\233Y\004\355:\275\376\360\215l\317\325\276\020\374\037\353K\222\275N\010\014o\020\362\363\002 \004\310\0179\273`\322\033\360\022\343o\340\361\350 \353e\341\371M\r\352\371\202\3769BC\33748""; previousledger: ""\367\345\025\032H\227!<\221\010\364\357\210;`\021\002|\333\300 \354\225a\3335\\234\223\225\314\265""; ","proposeSeq: 0; currentTxHash: ""\000\000\000\000\000\000\000\000\000\000\000\000\000\000\000\000\000\000\000\000\000\000\000\000\000\000\000\000\000\000\000\000""; nodePubKey: ""\003\355a`\035`\253\330A\240\246w|.n\327\250\337\232\257\300\315\245\312T\301L\2254\274lS\301""; closeTime: 803892340; signature: ""0E\002!\000\366\325\025:\261\233Y\004\355:\275\376\360\215l\317\325\276\020\374\037\353K\222\275N\010\014o\020\362\363\002 \004\310\0179\273`\322\033\360\022\343o\340\361\350 \353e\341\371M\r\352\371\202\3769BC\33748""; previousledger: ""\367\345\025\032H\227!<\221\010\364\357\210;`\021\002|\333\300 \354\225a\3335\\234\223\225\314\265""; "
1750577141837,1750577141838,1288,1,2,1,TMValidation,"validation: """"\200\000\000\000&\000\000\000\002)/\352ls:\277\013l\020Sh\241gQ\367\345\025\032H\227!<\221\010\364\357\210;`\021\002|\333\300 \354\225a\3335\\234\223\225\314\265P\027\000\000\000\000\000\000\000\000\000\000\000\000\000\000\000\000\000\000\000\000\000\000\000\000\000\000\000\000\000\000\000\000P\031-}\351f\032\255\274\334m\326c\017\014ao[\342\230\003\245\245\3341Hm\326^\017jy\335\261s!\003\355a`\035`\253\330A\240\246w|.n\327\250\337\232\257\300\315\245\312T\301L\2254\274lS\301vG0E\002!\000\324\365s\250\320\005D\234\3673\375d]t&\351\037\030<]I*\200\322,kiT*\005\364\247\002 8P\336\357\254K\342\311n,>L1\022,i\213\376z:'9'\007Q\370=\034\276$\347\014""; ","validation: """"\200\000\000\000&\000\000\000\002)/\352ls:\277\013l\020Sh\241gQ\367\345\025\032H\227!<\221\010\364\357\210;`\021\002|\333\300 \354\225a\3335\\234\223\225\314\265P\027\000\000\000\000\000\000\000\000\000\000\000\000\000\000\000\000\000\000\000\000\000\000\000\000\000\000\000\000\000\000\000\000P\031-}\351f\032\255\274\334m\326c\017\014ao[\342\230\003\245\245\3341Hm\326^\017jy\335\261s!\003\355a`\035`\253\330A\240\246w|.n\327\250\337\232\257\300\315\245\312T\301L\2254\274lS\301vG0E\002!\000\324\365s\250\320\005D\234\3673\375d]t&\351\037\030<]I*\200\322,kiT*\005\364\247\002 8P\336\357\254K\342\311n,>L1\022,i\213\376z:'9'\007Q\370=\034\276$\347\014""; "
1750577141838,1750577141838,1339,1,2,3,TMValidation,"validation: """"\200\000\000\000&\000\000\000\002)/\352ls:\277\013l\020Sh\241gQ\367\345\025\032H\227!<\221\010\364\357\210;`\021\002|\333\300 \354\225a\3335\\234\223\225\314\265P\027\000\000\000\000\000\000\000\000\000\000\000\000\000\000\000\000\000\000\000\000\000\000\000\000\000\000\000\000\000\000\000\000P\031-}\351f\032\255\274\334m\326c\017\014ao[\342\230\003\245\245\3341Hm\326^\017jy\335\261s!\003\355a`\035`\253\330A\240\246w|.n\327\250\337\232\257\300\315\245\312T\301L\2254\274lS\301vG0E\002!\000\324\365s\250\320\005D\234\3673\375d]t&\351\037\030<]I*\200\322,kiT*\005\364\247\002 8P\336\357\254K\342\311n,>L1\022,i\213\376z:'9'\007Q\370=\034\276$\347\014""; ","validation: """"\200\000\000\000&\000\000\000\002)/\352ls:\277\013l\020Sh\241gQ\367\345\025\032H\227!<\221\010\364\357\210;`\021\002|\333\300 \354\225a\3335\\234\223\225\314\265P\027\000\000\000\000\000\000\000\000\000\000\000\000\000\000\000\000\000\000\000\000\000\000\000\000\000\000\000\000\000\000\000\000P\031-}\351f\032\255\274\334m\326c\017\014ao[\342\230\003\245\245\3341Hm\326^\017jy\335\261s!\003\355a`\035`\253\330A\240\246w|.n\327\250\337\232\257\300\315\245\312T\301L\2254\274lS\301vG0E\002!\000\324\365s\250\320\005D\234\3673\375d]t&\351\037\030<]I*\200\322,kiT*\005\364\247\002 8P\336\357\254K\342\311n,>L1\022,i\213\376z:'9'\007Q\370=\034\276$\347\014""; "
1750577141838,1750577141838,2082,1,2,4,TMValidation,"validation: """"\200\000\000\000&\000\000\000\002)/\352ls:\277\013l\020Sh\241gQ\367\345\025\032H\227!<\221\010\364\357\210;`\021\002|\333\300 \354\225a\3335\\234\223\225\314\265P\027\000\000\000\000\000\000\000\000\000\000\000\000\000\000\000\000\000\000\000\000\000\000\000\000\000\000\000\000\000\000\000\000P\031-}\351f\032\255\274\334m\326c\017\014ao[\342\230\003\245\245\3341Hm\326^\017jy\335\261s!\003\355a`\035`\253\330A\240\246w|.n\327\250\337\232\257\300\315\245\312T\301L\2254\274lS\301vG0E\002!\000\324\365s\250\320\005D\234\3673\375d]t&\351\037\030<]I*\200\322,kiT*\005\364\247\002 8P\336\357\254K\342\311n,>L1\022,i\213\376z:'9'\007Q\370=\034\276$\347\014""; ","validation: """"\200\000\000\000&\000\000\000\002)/\352ls:\277\013l\020Sh\241gQ\367\345\025\032H\227!<\221\010\364\357\210;`\021\002|\333\300 \354\225a\3335\\234\223\225\314\265P\027\000\000\000\000\000\000\000\000\000\000\000\000\000\000\000\000\000\000\000\000\000\000\000\000\000\000\000\000\000\000\000\000P\031-}\351f\032\255\274\334m\326c\017\014ao[\342\230\003\245\245\3341Hm\326^\017jy\335\261s!\003\355a`\035`\253\330A\240\246w|.n\327\250\337\232\257\300\315\245\312T\301L\2254\274lS\301vG0E\002!\000\324\365s\250\320\005D\234\3673\375d]t&\351\037\030<]I*\200\322,kiT*\005\364\247\002 8P\336\357\254K\342\311n,>L1\022,i\213\376z:'9'\007Q\370=\034\276$\347\014""; "
1750577141873,1750577141873,238,1,3,0,TMGetLedger,"itype: liBASE; ledgerHash: ""\367\345\025\032H\227!<\221\010\364\357\210;`\021\002|\333\300 \354\225a\3335\\234\223\225\314\265""; ledgerSeq: 2; requestCookie: 3; queryType: qtINDIRECT; ","itype: liBASE; ledgerHash: ""\367\345\025\032H\227!<\221\010\364\357\210;`\021\002|\333\300 \354\225a\3335\\234\223\225\314\265""; ledgerSeq: 2; requestCookie: 3; queryType: qtINDIRECT; "
1750577141972,1750577141973,75,1,2,4,TMGetLedger,"itype: liBASE; ledgerHash: ""\367\345\025\032H\227!<\221\010\364\357\210;`\021\002|\333\300 \354\225a\3335\\234\223\225\314\265""; ledgerSeq: 2; requestCookie: 3; queryType: qtINDIRECT; ","itype: liBASE; ledgerHash: ""\367\345\025\032H\227!<\221\010\364\357\210;`\021\002|\333\300 \354\225a\3335\\234\223\225\314\265""; ledgerSeq: 2; requestCookie: 3; queryType: qtINDIRECT; "
1750577141977,1750577141977,1339,1,2,3,TMValidation,"validation: """"\200\000\000\000&\000\000\000\002)/\352lt:=_=\241F\200f\001Q\251\006\353\035\210d\276;lh""\336 \006\234\226\351\247\303\375XP\023\265\030\214M\0256r\336\250P\027\000\000\000\000\000\000\000\000\000\000\000\000\000\000\000\000\000\000\000\000\000\000\000\000\000\000\000\000\000\000\000\000P\031-}\351f\032\255\274\334m\326c\017\014ao[\342\230\003\245\245\3341Hm\326^\017jy\335\261s!\002\027\261XS\001B\350\357\305\256\215tn\000\301\3171+)\342\371W\337\360C \324\243C\222\361wvF0D\002 b\364\220\210<\333*w\265\021\n1\007\230\364XR\2356`\206\3449E\244\005\337\3776\336\341\210\002 ic\003m\302\031\300p\376\327k<z\262\301M$Tx\265\242\362\271\313\007\303-\360\357\255W\366""; ","validation: """"\200\000\000\000&\000\000\000\002)/\352lt:=_=\241F\200f\001Q\251\006\353\035\210d\276;lh""\336 \006\234\226\351\247\303\375XP\023\265\030\214M\0256r\336\250P\027\000\000\000\000\000\000\000\000\000\000\000\000\000\000\000\000\000\000\000\000\000\000\000\000\000\000\000\000\000\000\000\000P\031-}\351f\032\255\274\334m\326c\017\014ao[\342\230\003\245\245\3341Hm\326^\017jy\335\261s!\002\027\261XS\001B\350\357\305\256\215tn\000\301\3171+)\342\371W\337\360C \324\243C\222\361wvF0D\002 b\364\220\210<\333*w\265\021\n1\007\230\364XR\2356`\206\3449E\244\005\337\3776\336\341\210\002 ic\003m\302\031\300p\376\327k<z\262\301M$Tx\265\242\362\271\313\007\303-\360\357\255W\366""; "
1750577141978,1750577141978,2806,1,2,0,TMValidation,"validation: """"\200\000\000\000&\000\000\000\002)/\352lt:=_=\241F\200f\001Q\251\006\353\035\210d\276;lh""\336 \006\234\226\351\247\303\375XP\023\265\030\214M\0256r\336\250P\027\000\000\000\000\000\000\000\000\000\000\000\000\000\000\000\000\000\000\000\000\000\000\000\000\000\000\000\000\000\000\000\000P\031-}\351f\032\255\274\334m\326c\017\014ao[\342\230\003\245\245\3341Hm\326^\017jy\335\261s!\002\027\261XS\001B\350\357\305\256\215tn\000\301\3171+)\342\371W\337\360C \324\243C\222\361wvF0D\002 b\364\220\210<\333*w\265\021\n1\007\230\364XR\2356`\206\3449E\244\005\337\3776\336\341\210\002 ic\003m\302\031\300p\376\327k<z\262\301M$Tx\265\242\362\271\313\007\303-\360\357\255W\366""; ","validation: """"\200\000\000\000&\000\000\000\002)/\352lt:=_=\241F\200f\001Q\251\006\353\035\210d\276;lh""\336 \006\234\226\351\247\303\375XP\023\265\030\214M\0256r\336\250P\027\000\000\000\000\000\000\000\000\000\000\000\000\000\000\000\000\000\000\000\000\000\000\000\000\000\000\000\000\000\000\000\000P\031-}\351f\032\255\274\334m\326c\017\014ao[\342\230\003\245\245\3341Hm\326^\017jy\335\261s!\002\027\261XS\001B\350\357\305\256\215tn\000\301\3171+)\342\371W\337\360C \324\243C\222\361wvF0D\002 b\364\220\210<\333*w\265\021\n1\007\230\364XR\2356`\206\3449E\244\005\337\3776\336\341\210\002 ic\003m\302\031\300p\376\327k<z\262\301M$Tx\265\242\362\271\313\007\303-\360\357\255W\366""; "
1750577141978,1750577141978,1288,1,2,1,TMValidation,"validation: """"\200\000\000\000&\000\000\000\002)/\352lt:=_=\241F\200f\001Q\251\006\353\035\210d\276;lh""\336 \006\234\226\351\247\303\375XP\023\265\030\214M\0256r\336\250P\027\000\000\000\000\000\000\000\000\000\000\000\000\000\000\000\000\000\000\000\000\000\000\000\000\000\000\000\000\000\000\000\000P\031-}\351f\032\255\274\334m\326c\017\014ao[\342\230\003\245\245\3341Hm\326^\017jy\335\261s!\002\027\261XS\001B\350\357\305\256\215tn\000\301\3171+)\342\371W\337\360C \324\243C\222\361wvF0D\002 b\364\220\210<\333*w\265\021\n1\007\230\364XR\2356`\206\3449E\244\005\337\3776\336\341\210\002 ic\003m\302\031\300p\376\327k<z\262\301M$Tx\265\242\362\271\313\007\303-\360\357\255W\366""; ","validation: """"\200\000\000\000&\000\000\000\002)/\352lt:=_=\241F\200f\001Q\251\006\353\035\210d\276;lh""\336 \006\234\226\351\247\303\375XP\023\265\030\214M\0256r\336\250P\027\000\000\000\000\000\000\000\000\000\000\000\000\000\000\000\000\000\000\000\000\000\000\000\000\000\000\000\000\000\000\000\000P\031-}\351f\032\255\274\334m\326c\017\014ao[\342\230\003\245\245\3341Hm\326^\017jy\335\261s!\002\027\261XS\001B\350\357\305\256\215tn\000\301\3171+)\342\371W\337\360C \324\243C\222\361wvF0D\002 b\364\220\210<\333*w\265\021\n1\007\230\364XR\2356`\206\3449E\244\005\337\3776\336\341\210\002 ic\003m\302\031\300p\376\327k<z\262\301M$Tx\265\242\362\271\313\007\303-\360\357\255W\366""; "
1750577142050,1750577142050,2155,1,4,2,TMLedgerData,"ledgerHash: ""\367\345\025\032H\227!<\221\010\364\357\210;`\021\002|\333\300 \354\225a\3335\\234\223\225\314\265""; ledgerSeq: 2; type: liBASE; nodes {;   nodedata: ""\000\000\000\002\001cEx]\212\000\000-}\351f\032\255\274\334m\326c\017\014ao[\342\230\003\245\245\3341Hm\326^\017jy\335\261\000\000\000\000\000\000\000\000\000\000\000\000\000\000\000\000\000\000\000\000\000\000\000\000\000\000\000\000\000\000\000\000{e\2655L\2440\340\020\277~\333\017WF\230\334\351\277\266\267\357{\321\317\275\374\330\255\231Z\226(\366\274\006/\352l`\n\000""; }; nodes {;   nodedata: ""\303\016\021\310<Z\337\266>\225@&n\022\246\274\353\220\345b3\035\313\350L\354\254\002\005\305\035\017\002E\344\037@\210\363\010\336T\226\247'\204_{\261\370""1\235\2445\343\033Y!\212\201\341\272\225'\007>L\014O\253g\352\035\214I\361\342\213\274\243\225\r\327qi\207\254\211\347\300?w\214Ha~\260\013\003""; }; requestCookie: 3; ","ledgerHash: ""\367\345\025\032H\227!<\221\010\364\357\210;`\021\002|\333\300 \354\225a\3335\\234\223\225\314\265""; ledgerSeq: 2; type: liBASE; nodes {;   nodedata: ""\000\000\000\002\001cEx]\212\000\000-}\351f\032\255\274\334m\326c\017\014ao[\342\230\003\245\245\3341Hm\326^\017jy\335\261\000\000\000\000\000\000\000\000\000\000\000\000\000\000\000\000\000\000\000\000\000\000\000\000\000\000\000\000\000\000\000\000{e\2655L\2440\340\020\277~\333\017WF\230\334\351\277\266\267\357{\321\317\275\374\330\255\231Z\226(\366\274\006/\352l`\n\000""; }; nodes {;   nodedata: ""\303\016\021\310<Z\337\266>\225@&n\022\246\274\353\220\345b3\035\313\350L\354\254\002\005\305\035\017\002E\344\037@\210\363\010\336T\226\247'\204_{\261\370""1\235\2445\343\033Y!\212\201\341\272\225'\007>L\014O\253g\352\035\214I\361\342\213\274\243\225\r\327qi\207\254\211\347\300?w\214Ha~\260\013\003""; }; requestCookie: 3; "
1750577142086,1750577142087,1971,1,0,2,TMValidation,"validation: """"\200\000\000\000&\000\000\000\002)/\352lt:\n\340\202\317\336\256\373\021Q\251\006\353\035\210d\276;lh""\336 \006\234\226\351\247\303\375XP\023\265\030\214M\0256r\336\250P\027\000\000\000\000\000\000\000\000\000\000\000\000\000\000\000\000\000\000\000\000\000\000\000\000\000\000\000\000\000\000\000\000P\031-}\351f\032\255\274\334m\326c\017\014ao[\342\230\003\245\245\3341Hm\326^\017jy\335\261s!\002R\222\037\304:\321\321\271\263\252z\205\220}\236\252\003\177\276\013\025i\355\322\260\370\351\354\263\242\037\025vG0E\002!\000\355h\027\033C\216=C\367\232\215p\341\276:\365\346\245\227\0265WAQ\343\037\321\266\031\035<4\002 %g\344P\243)p\247\372\222\333\326n~\355\\025-A\377w\330v\346\317\270k\210\257n\034\334""; ","validation: """"\200\000\000\000&\000\000\000\002)/\352lt:\n\340\202\317\336\256\373\021Q\251\006\353\035\210d\276;lh""\336 \006\234\226\351\247\303\375XP\023\265\030\214M\0256r\336\250P\027\000\000\000\000\000\000\000\000\000\000\000\000\000\000\000\000\000\000\000\000\000\000\000\000\000\000\000\000\000\000\000\000P\031-}\351f\032\255\274\334m\326c\017\014ao[\342\230\003\245\245\3341Hm\326^\017jy\335\261s!\002R\222\037\304:\321\321\271\263\252z\205\220}\236\252\003\177\276\013\025i\355\322\260\370\351\354\263\242\037\025vG0E\002!\000\355h\027\033C\216=C\367\232\215p\341\276:\365\346\245\227\0265WAQ\343\037\321\266\031\035<4\002 %g\344P\243)p\247\372\222\333\326n~\355\\025-A\377w\330v\346\317\270k\210\257n\034\334""; "
1750577142087,1750577142087,1675,1,0,4,TMValidation,"validation: """"\200\000\000\000&\000\000\000\002)/\352lt:\n\340\202\317\336\256\373\021Q\251\006\353\035\210d\276;lh""\336 \006\234\226\351\247\303\375XP\023\265\030\214M\0256r\336\250P\027\000\000\000\000\000\000\000\000\000\000\000\000\000\000\000\000\000\000\000\000\000\000\000\000\000\000\000\000\000\000\000\000P\031-}\351f\032\255\274\334m\326c\017\014ao[\342\230\003\245\245\3341Hm\326^\017jy\335\261s!\002R\222\037\304:\321\321\271\263\252z\205\220}\236\252\003\177\276\013\025i\355\322\260\370\351\354\263\242\037\025vG0E\002!\000\355h\027\033C\216=C\367\232\215p\341\276:\365\346\245\227\0265WAQ\343\037\321\266\031\035<4\002 %g\344P\243)p\247\372\222\333\326n~\355\\025-A\377w\330v\346\317\270k\210\257n\034\334""; ","validation: """"\200\000\000\000&\000\000\000\002)/\352lt:\n\340\202\317\336\256\373\021Q\251\006\353\035\210d\276;lh""\336 \006\234\226\351\247\303\375XP\023\265\030\214M\0256r\336\250P\027\000\000\000\000\000\000\000\000\000\000\000\000\000\000\000\000\000\000\000\000\000\000\000\000\000\000\000\000\000\000\000\000P\031-}\351f\032\255\274\334m\326c\017\014ao[\342\230\003\245\245\3341Hm\326^\017jy\335\261s!\002R\222\037\304:\321\321\271\263\252z\205\220}\236\252\003\177\276\013\025i\355\322\260\370\351\354\263\242\037\025vG0E\002!\000\355h\027\033C\216=C\367\232\215p\341\276:\365\346\245\227\0265WAQ\343\037\321\266\031\035<4\002 %g\344P\243)p\247\372\222\333\326n~\355\\025-A\377w\330v\346\317\270k\210\257n\034\334""; "
1750577142087,1750577142087,3734,1,0,1,TMValidation,"validation: """"\200\000\000\000&\000\000\000\002)/\352lt:\n\340\202\317\336\256\373\021Q\251\006\353\035\210d\276;lh""\336 \006\234\226\351\247\303\375XP\023\265\030\214M\0256r\336\250P\027\000\000\000\000\000\000\000\000\000\000\000\000\000\000\000\000\000\000\000\000\000\000\000\000\000\000\000\000\000\000\000\000P\031-}\351f\032\255\274\334m\326c\017\014ao[\342\230\003\245\245\3341Hm\326^\017jy\335\261s!\002R\222\037\304:\321\321\271\263\252z\205\220}\236\252\003\177\276\013\025i\355\322\260\370\351\354\263\242\037\025vG0E\002!\000\355h\027\033C\216=C\367\232\215p\341\276:\365\346\245\227\0265WAQ\343\037\321\266\031\035<4\002 %g\344P\243)p\247\372\222\333\326n~\355\\025-A\377w\330v\346\317\270k\210\257n\034\334""; ","validation: """"\200\000\000\000&\000\000\000\002)/\352lt:\n\340\202\317\336\256\373\021Q\251\006\353\035\210d\276;lh""\336 \006\234\226\351\247\303\375XP\023\265\030\214M\0256r\336\250P\027\000\000\000\000\000\000\000\000\000\000\000\000\000\000\000\000\000\000\000\000\000\000\000\000\000\000\000\000\000\000\000\000P\031-}\351f\032\255\274\334m\326c\017\014ao[\342\230\003\245\245\3341Hm\326^\017jy\335\261s!\002R\222\037\304:\321\321\271\263\252z\205\220}\236\252\003\177\276\013\025i\355\322\260\370\351\354\263\242\037\025vG0E\002!\000\355h\027\033C\216=C\367\232\215p\341\276:\365\346\245\227\0265WAQ\343\037\321\266\031\035<4\002 %g\344P\243)p\247\372\222\333\326n~\355\\025-A\377w\330v\346\317\270k\210\257n\034\334""; "
1750577142112,1750577142112,1925,1,0,3,TMLedgerData,"ledgerHash: ""\367\345\025\032H\227!<\221\010\364\357\210;`\021\002|\333\300 \354\225a\3335\\234\223\225\314\265""; ledgerSeq: 2; type: liBASE; nodes {;   nodedata: ""\000\000\000\002\001cEx]\212\000\000-}\351f\032\255\274\334m\326c\017\014ao[\342\230\003\245\245\3341Hm\326^\017jy\335\261\000\000\000\000\000\000\000\000\000\000\000\000\000\000\000\000\000\000\000\000\000\000\000\000\000\000\000\000\000\000\000\000{e\2655L\2440\340\020\277~\333\017WF\230\334\351\277\266\267\357{\321\317\275\374\330\255\231Z\226(\366\274\006/\352l`\n\000""; }; nodes {;   nodedata: ""\303\016\021\310<Z\337\266>\225@&n\022\246\274\353\220\345b3\035\313\350L\354\254\002\005\305\035\017\002E\344\037@\210\363\010\336T\226\247'\204_{\261\370""1\235\2445\343\033Y!\212\201\341\272\225'\007>L\014O\253g\352\035\214I\361\342\213\274\243\225\r\327qi\207\254\211\347\300?w\214Ha~\260\013\003""; }; requestCookie: 3; ","ledgerHash: ""\367\345\025\032H\227!<\221\010\364\357\210;`\021\002|\333\300 \354\225a\3335\\234\223\225\314\265""; ledgerSeq: 2; type: liBASE; nodes {;   nodedata: ""\000\000\000\002\001cEx]\212\000\000-}\351f\032\255\274\334m\326c\017\014ao[\342\230\003\245\245\3341Hm\326^\017jy\335\261\000\000\000\000\000\000\000\000\000\000\000\000\000\000\000\000\000\000\000\000\000\000\000\000\000\000\000\000\000\000\000\000{e\2655L\2440\340\020\277~\333\017WF\230\334\351\277\266\267\357{\321\317\275\374\330\255\231Z\226(\366\274\006/\352l`\n\000""; }; nodes {;   nodedata: ""\303\016\021\310<Z\337\266>\225@&n\022\246\274\353\220\345b3\035\313\350L\354\254\002\005\305\035\017\002E\344\037@\210\363\010\336T\226\247'\204_{\261\370""1\235\2445\343\033Y!\212\201\341\272\225'\007>L\014O\253g\352\035\214I\361\342\213\274\243\225\r\327qi\207\254\211\347\300?w\214Ha~\260\013\003""; }; requestCookie: 3; "
1750577142138,1750577142138,2214,1,4,3,TMValidation,"validation: """"\200\000\000\000&\000\000\000\002)/\352lt:V\303\357EFc\206CQ\251\006\353\035\210d\276;lh""\336 \006\234\226\351\247\303\375XP\023\265\030\214M\0256r\336\250P\027\000\000\000\000\000\000\000\000\000\000\000\000\000\000\000\000\000\000\000\000\000\000\000\000\000\000\000\000\000\000\000\000P\031-}\351f\032\255\274\334m\326c\017\014ao[\342\230\003\245\245\3341Hm\326^\017jy\335\261s!\0020\374\336\227\217\364@Q\303\005\274\252\256X\2138\221\303\201)\016\0232J\362\305P\235O=J6vF0D\002 xb\233\327\220bi\213\254K`2\206>\034d\000\361\013\216i\271Q%\022\260m\227m\213\025\253\002 *X\376\026\013'\273Vq\036U\004\254\277\371\324\216\310'4\030=\347\266\255a\240\264\3248\253\365""; ","validation: """"\200\000\000\000&\000\000\000\002)/\352lt:V\303\357EFc\206CQ\251\006\353\035\210d\276;lh""\336 \006\234\226\351\247\303\375XP\023\265\030\214M\0256r\336\250P\027\000\000\000\000\000\000\000\000\000\000\000\000\000\000\000\000\000\000\000\000\000\000\000\000\000\000\000\000\000\000\000\000P\031-}\351f\032\255\274\334m\326c\017\014ao[\342\230\003\245\245\3341Hm\326^\017jy\335\261s!\0020\374\336\227\217\364@Q\303\005\274\252\256X\2138\221\303\201)\016\0232J\362\305P\235O=J6vF0D\002 xb\233\327\220bi\213\254K`2\206>\034d\000\361\013\216i\271Q%\022\260m\227m\213\025\253\002 *X\376\026\013'\273Vq\036U\004\254\277\371\324\216\310'4\030=\347\266\255a\240\264\3248\253\365""; "
1750577142139,1750577142139,3916,1,4,1,TMValidation,"validation: """"\200\000\000\000&\000\000\000\002)/\352lt:V\303\357EFc\206CQ\251\006\353\035\210d\276;lh""\336 \006\234\226\351\247\303\375XP\023\265\030\214M\0256r\336\250P\027\000\000\000\000\000\000\000\000\000\000\000\000\000\000\000\000\000\000\000\000\000\000\000\000\000\000\000\000\000\000\000\000P\031-}\351f\032\255\274\334m\326c\017\014ao[\342\230\003\245\245\3341Hm\326^\017jy\335\261s!\0020\374\336\227\217\364@Q\303\005\274\252\256X\2138\221\303\201)\016\0232J\362\305P\235O=J6vF0D\002 xb\233\327\220bi\213\254K`2\206>\034d\000\361\013\216i\271Q%\022\260m\227m\213\025\253\002 *X\376\026\013'\273Vq\036U\004\254\277\371\324\216\310'4\030=\347\266\255a\240\264\3248\253\365""; ","validation: """"\200\000\000\000&\000\000\000\002)/\352lt:V\303\357EFc\206CQ\251\006\353\035\210d\276;lh""\336 \006\234\226\351\247\303\375XP\023\265\030\214M\0256r\336\250P\027\000\000\000\000\000\000\000\000\000\000\000\000\000\000\000\000\000\000\000\000\000\000\000\000\000\000\000\000\000\000\000\000P\031-}\351f\032\255\274\334m\326c\017\014ao[\342\230\003\245\245\3341Hm\326^\017jy\335\261s!\0020\374\336\227\217\364@Q\303\005\274\252\256X\2138\221\303\201)\016\0232J\362\305P\235O=J6vF0D\002 xb\233\327\220bi\213\254K`2\206>\034d\000\361\013\216i\271Q%\022\260m\227m\213\025\253\002 *X\376\026\013'\273Vq\036U\004\254\277\371\324\216\310'4\030=\347\266\255a\240\264\3248\253\365""; "
1750577142139,1750577142139,3273,1,4,0,TMValidation,"validation: """"\200\000\000\000&\000\000\000\002)/\352lt:V\303\357EFc\206CQ\251\006\353\035\210d\276;lh""\336 \006\234\226\351\247\303\375XP\023\265\030\214M\0256r\336\250P\027\000\000\000\000\000\000\000\000\000\000\000\000\000\000\000\000\000\000\000\000\000\000\000\000\000\000\000\000\000\000\000\000P\031-}\351f\032\255\274\334m\326c\017\014ao[\342\230\003\245\245\3341Hm\326^\017jy\335\261s!\0020\374\336\227\217\364@Q\303\005\274\252\256X\2138\221\303\201)\016\0232J\362\305P\235O=J6vF0D\002 xb\233\327\220bi\213\254K`2\206>\034d\000\361\013\216i\271Q%\022\260m\227m\213\025\253\002 *X\376\026\013'\273Vq\036U\004\254\277\371\324\216\310'4\030=\347\266\255a\240\264\3248\253\365""; ","validation: """"\200\000\000\000&\000\000\000\002)/\352lt:V\303\357EFc\206CQ\251\006\353\035\210d\276;lh""\336 \006\234\226\351\247\303\375XP\023\265\030\214M\0256r\336\250P\027\000\000\000\000\000\000\000\000\000\000\000\000\000\000\000\000\000\000\000\000\000\000\000\000\000\000\000\000\000\000\000\000P\031-}\351f\032\255\274\334m\326c\017\014ao[\342\230\003\245\245\3341Hm\326^\017jy\335\261s!\0020\374\336\227\217\364@Q\303\005\274\252\256X\2138\221\303\201)\016\0232J\362\305P\235O=J6vF0D\002 xb\233\327\220bi\213\254K`2\206>\034d\000\361\013\216i\271Q%\022\260m\227m\213\025\253\002 *X\376\026\013'\273Vq\036U\004\254\277\371\324\216\310'4\030=\347\266\255a\240\264\3248\253\365""; "
