timestamp,timestamp_sent,action,send_amount,from_node_id,to_node_id,message_type,original_data,possibly_mutated_data
1750576758664,1750576758664,1560,1,0,3,TMStatusChange,"newEvent: neCLOSING_LEDGER; ledgerSeq: 1; ledgerHash: ""-}\351f\032\255\274\334m\326c\017\014ao[\342\230\003\245\245\3341Hm\326^\017jy\335\261""; ledgerHashPrevious: ""\000\000\000\000\000\000\000\000\000\000\000\000\000\000\000\000\000\000\000\000\000\000\000\000\000\000\000\000\000\000\000\000""; networkTime: 803891958; firstSeq: 1; lastSeq: 1; ","newEvent: neCLOSING_LEDGER; ledgerSeq: 1; ledgerHash: ""-}\351f\032\255\274\334m\326c\017\014ao[\342\230\003\245\245\3341Hm\326^\017jy\335\261""; ledgerHashPrevious: ""\000\000\000\000\000\000\000\000\000\000\000\000\000\000\000\000\000\000\000\000\000\000\000\000\000\000\000\000\000\000\000\000""; networkTime: 803891958; firstSeq: 1; lastSeq: 1; "
1750576758666,1750576758666,2952,1,0,1,TMStatusChange,"newEvent: neCLOSING_LEDGER; ledgerSeq: 1; ledgerHash: ""-}\351f\032\255\274\334m\326c\017\014ao[\342\230\003\245\245\3341Hm\326^\017jy\335\261""; ledgerHashPrevious: ""\000\000\000\000\000\000\000\000\000\000\000\000\000\000\000\000\000\000\000\000\000\000\000\000\000\000\000\000\000\000\000\000""; networkTime: 803891958; firstSeq: 1; lastSeq: 1; ","newEvent: neCLOSING_LEDGER; ledgerSeq: 1; ledgerHash: ""-}\351f\032\255\274\334m\326c\017\014ao[\342\230\003\245\245\3341Hm\326^\017jy\335\261""; ledgerHashPrevious: ""\000\000\000\000\000\000\000\000\000\000\000\000\000\000\000\000\000\000\000\000\000\000\000\000\000\000\000\000\000\000\000\000""; networkTime: 803891958; firstSeq: 1; lastSeq: 1; "
1750576758667,1750576758667,3049,1,0,2,TMStatusChange,"newEvent: neCLOSING_LEDGER; ledgerSeq: 1; ledgerHash: ""-}\351f\032\255\274\334m\326c\017\014ao[\342\230\003\245\245\3341Hm\326^\017jy\335\261""; ledgerHashPrevious: ""\000\000\000\000\000\000\000\000\000\000\000\000\000\000\000\000\000\000\000\000\000\000\000\000\000\000\000\000\000\000\000\000""; networkTime: 803891958; firstSeq: 1; lastSeq: 1; ","newEvent: neCLOSING_LEDGER; ledgerSeq: 1; ledgerHash: ""-}\351f\032\255\274\334m\326c\017\014ao[\342\230\003\245\245\3341Hm\326^\017jy\335\261""; ledgerHashPrevious: ""\000\000\000\000\000\000\000\000\000\000\000\000\000\000\000\000\000\000\000\000\000\000\000\000\000\000\000\000\000\000\000\000""; networkTime: 803891958; firstSeq: 1; lastSeq: 1; "
1750576758668,1750576758668,1191,1,0,4,TMStatusChange,"newEvent: neCLOSING_LEDGER; ledgerSeq: 1; ledgerHash: ""-}\351f\032\255\274\334m\326c\017\014ao[\342\230\003\245\245\3341Hm\326^\017jy\335\261""; ledgerHashPrevious: ""\000\000\000\000\000\000\000\000\000\000\000\000\000\000\000\000\000\000\000\000\000\000\000\000\000\000\000\000\000\000\000\000""; networkTime: 803891958; firstSeq: 1; lastSeq: 1; ","newEvent: neCLOSING_LEDGER; ledgerSeq: 1; ledgerHash: ""-}\351f\032\255\274\334m\326c\017\014ao[\342\230\003\245\245\3341Hm\326^\017jy\335\261""; ledgerHashPrevious: ""\000\000\000\000\000\000\000\000\000\000\000\000\000\000\000\000\000\000\000\000\000\000\000\000\000\000\000\000\000\000\000\000""; networkTime: 803891958; firstSeq: 1; lastSeq: 1; "
1750576758669,1750576758669,2951,1,2,0,TMStatusChange,"newEvent: neCLOSING_LEDGER; ledgerSeq: 1; ledgerHash: ""-}\351f\032\255\274\334m\326c\017\014ao[\342\230\003\245\245\3341Hm\326^\017jy\335\261""; ledgerHashPrevious: ""\000\000\000\000\000\000\000\000\000\000\000\000\000\000\000\000\000\000\000\000\000\000\000\000\000\000\000\000\000\000\000\000""; networkTime: 803891958; firstSeq: 1; lastSeq: 1; ","newEvent: neCLOSING_LEDGER; ledgerSeq: 1; ledgerHash: ""-}\351f\032\255\274\334m\326c\017\014ao[\342\230\003\245\245\3341Hm\326^\017jy\335\261""; ledgerHashPrevious: ""\000\000\000\000\000\000\000\000\000\000\000\000\000\000\000\000\000\000\000\000\000\000\000\000\000\000\000\000\000\000\000\000""; networkTime: 803891958; firstSeq: 1; lastSeq: 1; "
1750576758670,1750576758670,1575,1,2,1,TMStatusChange,"newEvent: neCLOSING_LEDGER; ledgerSeq: 1; ledgerHash: ""-}\351f\032\255\274\334m\326c\017\014ao[\342\230\003\245\245\3341Hm\326^\017jy\335\261""; ledgerHashPrevious: ""\000\000\000\000\000\000\000\000\000\000\000\000\000\000\000\000\000\000\000\000\000\000\000\000\000\000\000\000\000\000\000\000""; networkTime: 803891958; firstSeq: 1; lastSeq: 1; ","newEvent: neCLOSING_LEDGER; ledgerSeq: 1; ledgerHash: ""-}\351f\032\255\274\334m\326c\017\014ao[\342\230\003\245\245\3341Hm\326^\017jy\335\261""; ledgerHashPrevious: ""\000\000\000\000\000\000\000\000\000\000\000\000\000\000\000\000\000\000\000\000\000\000\000\000\000\000\000\000\000\000\000\000""; networkTime: 803891958; firstSeq: 1; lastSeq: 1; "
1750576758671,1750576758671,862,1,3,4,TMStatusChange,"newEvent: neCLOSING_LEDGER; ledgerSeq: 1; ledgerHash: ""-}\351f\032\255\274\334m\326c\017\014ao[\342\230\003\245\245\3341Hm\326^\017jy\335\261""; ledgerHashPrevious: ""\000\000\000\000\000\000\000\000\000\000\000\000\000\000\000\000\000\000\000\000\000\000\000\000\000\000\000\000\000\000\000\000""; networkTime: 803891958; firstSeq: 1; lastSeq: 1; ","newEvent: neCLOSING_LEDGER; ledgerSeq: 1; ledgerHash: ""-}\351f\032\255\274\334m\326c\017\014ao[\342\230\003\245\245\3341Hm\326^\017jy\335\261""; ledgerHashPrevious: ""\000\000\000\000\000\000\000\000\000\000\000\000\000\000\000\000\000\000\000\000\000\000\000\000\000\000\000\000\000\000\000\000""; networkTime: 803891958; firstSeq: 1; lastSeq: 1; "
1750576758672,1750576758672,513,1,3,0,TMStatusChange,"newEvent: neCLOSING_LEDGER; ledgerSeq: 1; ledgerHash: ""-}\351f\032\255\274\334m\326c\017\014ao[\342\230\003\245\245\3341Hm\326^\017jy\335\261""; ledgerHashPrevious: ""\000\000\000\000\000\000\000\000\000\000\000\000\000\000\000\000\000\000\000\000\000\000\000\000\000\000\000\000\000\000\000\000""; networkTime: 803891958; firstSeq: 1; lastSeq: 1; ","newEvent: neCLOSING_LEDGER; ledgerSeq: 1; ledgerHash: ""-}\351f\032\255\274\334m\326c\017\014ao[\342\230\003\245\245\3341Hm\326^\017jy\335\261""; ledgerHashPrevious: ""\000\000\000\000\000\000\000\000\000\000\000\000\000\000\000\000\000\000\000\000\000\000\000\000\000\000\000\000\000\000\000\000""; networkTime: 803891958; firstSeq: 1; lastSeq: 1; "
1750576758672,1750576758673,2989,1,3,1,TMStatusChange,"newEvent: neCLOSING_LEDGER; ledgerSeq: 1; ledgerHash: ""-}\351f\032\255\274\334m\326c\017\014ao[\342\230\003\245\245\3341Hm\326^\017jy\335\261""; ledgerHashPrevious: ""\000\000\000\000\000\000\000\000\000\000\000\000\000\000\000\000\000\000\000\000\000\000\000\000\000\000\000\000\000\000\000\000""; networkTime: 803891958; firstSeq: 1; lastSeq: 1; ","newEvent: neCLOSING_LEDGER; ledgerSeq: 1; ledgerHash: ""-}\351f\032\255\274\334m\326c\017\014ao[\342\230\003\245\245\3341Hm\326^\017jy\335\261""; ledgerHashPrevious: ""\000\000\000\000\000\000\000\000\000\000\000\000\000\000\000\000\000\000\000\000\000\000\000\000\000\000\000\000\000\000\000\000""; networkTime: 803891958; firstSeq: 1; lastSeq: 1; "
1750576758673,1750576758673,2340,1,4,0,TMStatusChange,"newEvent: neCLOSING_LEDGER; ledgerSeq: 1; ledgerHash: ""-}\351f\032\255\274\334m\326c\017\014ao[\342\230\003\245\245\3341Hm\326^\017jy\335\261""; ledgerHashPrevious: ""\000\000\000\000\000\000\000\000\000\000\000\000\000\000\000\000\000\000\000\000\000\000\000\000\000\000\000\000\000\000\000\000""; networkTime: 803891958; firstSeq: 1; lastSeq: 1; ","newEvent: neCLOSING_LEDGER; ledgerSeq: 1; ledgerHash: ""-}\351f\032\255\274\334m\326c\017\014ao[\342\230\003\245\245\3341Hm\326^\017jy\335\261""; ledgerHashPrevious: ""\000\000\000\000\000\000\000\000\000\000\000\000\000\000\000\000\000\000\000\000\000\000\000\000\000\000\000\000\000\000\000\000""; networkTime: 803891958; firstSeq: 1; lastSeq: 1; "
1750576758675,1750576758675,3970,1,4,1,TMStatusChange,"newEvent: neCLOSING_LEDGER; ledgerSeq: 1; ledgerHash: ""-}\351f\032\255\274\334m\326c\017\014ao[\342\230\003\245\245\3341Hm\326^\017jy\335\261""; ledgerHashPrevious: ""\000\000\000\000\000\000\000\000\000\000\000\000\000\000\000\000\000\000\000\000\000\000\000\000\000\000\000\000\000\000\000\000""; networkTime: 803891958; firstSeq: 1; lastSeq: 1; ","newEvent: neCLOSING_LEDGER; ledgerSeq: 1; ledgerHash: ""-}\351f\032\255\274\334m\326c\017\014ao[\342\230\003\245\245\3341Hm\326^\017jy\335\261""; ledgerHashPrevious: ""\000\000\000\000\000\000\000\000\000\000\000\000\000\000\000\000\000\000\000\000\000\000\000\000\000\000\000\000\000\000\000\000""; networkTime: 803891958; firstSeq: 1; lastSeq: 1; "
1750576758675,1750576758675,0,1,4,0,TMEndpoints,version: 2; ,version: 2; 
1750576758675,1750576758675,1309,1,3,2,TMStatusChange,"newEvent: neCLOSING_LEDGER; ledgerSeq: 1; ledgerHash: ""-}\351f\032\255\274\334m\326c\017\014ao[\342\230\003\245\245\3341Hm\326^\017jy\335\261""; ledgerHashPrevious: ""\000\000\000\000\000\000\000\000\000\000\000\000\000\000\000\000\000\000\000\000\000\000\000\000\000\000\000\000\000\000\000\000""; networkTime: 803891958; firstSeq: 1; lastSeq: 1; ","newEvent: neCLOSING_LEDGER; ledgerSeq: 1; ledgerHash: ""-}\351f\032\255\274\334m\326c\017\014ao[\342\230\003\245\245\3341Hm\326^\017jy\335\261""; ledgerHashPrevious: ""\000\000\000\000\000\000\000\000\000\000\000\000\000\000\000\000\000\000\000\000\000\000\000\000\000\000\000\000\000\000\000\000""; networkTime: 803891958; firstSeq: 1; lastSeq: 1; "
1750576758675,1750576758675,0,1,4,1,TMEndpoints,version: 2; ,version: 2; 
1750576758857,1750576758857,1137,1,1,4,TMStatusChange,"newEvent: neCLOSING_LEDGER; ledgerSeq: 1; ledgerHash: ""-}\351f\032\255\274\334m\326c\017\014ao[\342\230\003\245\245\3341Hm\326^\017jy\335\261""; ledgerHashPrevious: ""\000\000\000\000\000\000\000\000\000\000\000\000\000\000\000\000\000\000\000\000\000\000\000\000\000\000\000\000\000\000\000\000""; networkTime: 803891958; firstSeq: 1; lastSeq: 1; ","newEvent: neCLOSING_LEDGER; ledgerSeq: 1; ledgerHash: ""-}\351f\032\255\274\334m\326c\017\014ao[\342\230\003\245\245\3341Hm\326^\017jy\335\261""; ledgerHashPrevious: ""\000\000\000\000\000\000\000\000\000\000\000\000\000\000\000\000\000\000\000\000\000\000\000\000\000\000\000\000\000\000\000\000""; networkTime: 803891958; firstSeq: 1; lastSeq: 1; "
1750576758858,1750576758858,2386,1,1,0,TMStatusChange,"newEvent: neCLOSING_LEDGER; ledgerSeq: 1; ledgerHash: ""-}\351f\032\255\274\334m\326c\017\014ao[\342\230\003\245\245\3341Hm\326^\017jy\335\261""; ledgerHashPrevious: ""\000\000\000\000\000\000\000\000\000\000\000\000\000\000\000\000\000\000\000\000\000\000\000\000\000\000\000\000\000\000\000\000""; networkTime: 803891958; firstSeq: 1; lastSeq: 1; ","newEvent: neCLOSING_LEDGER; ledgerSeq: 1; ledgerHash: ""-}\351f\032\255\274\334m\326c\017\014ao[\342\230\003\245\245\3341Hm\326^\017jy\335\261""; ledgerHashPrevious: ""\000\000\000\000\000\000\000\000\000\000\000\000\000\000\000\000\000\000\000\000\000\000\000\000\000\000\000\000\000\000\000\000""; networkTime: 803891958; firstSeq: 1; lastSeq: 1; "
1750576758858,1750576758858,2844,1,1,2,TMStatusChange,"newEvent: neCLOSING_LEDGER; ledgerSeq: 1; ledgerHash: ""-}\351f\032\255\274\334m\326c\017\014ao[\342\230\003\245\245\3341Hm\326^\017jy\335\261""; ledgerHashPrevious: ""\000\000\000\000\000\000\000\000\000\000\000\000\000\000\000\000\000\000\000\000\000\000\000\000\000\000\000\000\000\000\000\000""; networkTime: 803891958; firstSeq: 1; lastSeq: 1; ","newEvent: neCLOSING_LEDGER; ledgerSeq: 1; ledgerHash: ""-}\351f\032\255\274\334m\326c\017\014ao[\342\230\003\245\245\3341Hm\326^\017jy\335\261""; ledgerHashPrevious: ""\000\000\000\000\000\000\000\000\000\000\000\000\000\000\000\000\000\000\000\000\000\000\000\000\000\000\000\000\000\000\000\000""; networkTime: 803891958; firstSeq: 1; lastSeq: 1; "
1750576758857,1750576758857,1638,1,1,3,TMStatusChange,"newEvent: neCLOSING_LEDGER; ledgerSeq: 1; ledgerHash: ""-}\351f\032\255\274\334m\326c\017\014ao[\342\230\003\245\245\3341Hm\326^\017jy\335\261""; ledgerHashPrevious: ""\000\000\000\000\000\000\000\000\000\000\000\000\000\000\000\000\000\000\000\000\000\000\000\000\000\000\000\000\000\000\000\000""; networkTime: 803891958; firstSeq: 1; lastSeq: 1; ","newEvent: neCLOSING_LEDGER; ledgerSeq: 1; ledgerHash: ""-}\351f\032\255\274\334m\326c\017\014ao[\342\230\003\245\245\3341Hm\326^\017jy\335\261""; ledgerHashPrevious: ""\000\000\000\000\000\000\000\000\000\000\000\000\000\000\000\000\000\000\000\000\000\000\000\000\000\000\000\000\000\000\000\000""; networkTime: 803891958; firstSeq: 1; lastSeq: 1; "
1750576773177,1750576773177,3794,1,0,3,TMValidation,"validation: """"\200\000\000\000&\000\000\000\002)/\352k\005:\030\016l\375\261lU\035Q0\355\311\211\352@\036\313K1\024B\343N\323V\367s\355lu\324\374V\207\371F\260\325\345\213\261P\027\000\000\000\000\000\000\000\000\000\000\000\000\000\000\000\000\000\000\000\000\000\000\000\000\000\000\000\000\000\000\000\000P\031-}\351f\032\255\274\334m\326c\017\014ao[\342\230\003\245\245\3341Hm\326^\017jy\335\261s!\002\005\363\0222\231\333G\357\305\020\014\241\033\231\261Z#\243\036\0267\020\210\265\022\240%\336\332\221\202\352vF0D\002 `u\204\327&\000Dw\323\315z\032\013\014\364\r\024\327\223u7\003\342\374\300W\021V\001\264V\254\002 e`\003\020f\220\207\251\347\302\243\374\032\306\304\352\277\032\275\233\241C]\004\347+2A\270\3424\t""; ","validation: """"\200\000\000\000&\000\000\000\002)/\352k\005:\030\016l\375\261lU\035Q0\355\311\211\352@\036\313K1\024B\343N\323V\367s\355lu\324\374V\207\371F\260\325\345\213\261P\027\000\000\000\000\000\000\000\000\000\000\000\000\000\000\000\000\000\000\000\000\000\000\000\000\000\000\000\000\000\000\000\000P\031-}\351f\032\255\274\334m\326c\017\014ao[\342\230\003\245\245\3341Hm\326^\017jy\335\261s!\002\005\363\0222\231\333G\357\305\020\014\241\033\231\261Z#\243\036\0267\020\210\265\022\240%\336\332\221\202\352vF0D\002 `u\204\327&\000Dw\323\315z\032\013\014\364\r\024\327\223u7\003\342\374\300W\021V\001\264V\254\002 e`\003\020f\220\207\251\347\302\243\374\032\306\304\352\277\032\275\233\241C]\004\347+2A\270\3424\t""; "
1750576773178,1750576773178,1560,1,0,3,TMStatusChange,"newEvent: neACCEPTED_LEDGER; ledgerSeq: 2; ledgerHash: ""0\355\311\211\352@\036\313K1\024B\343N\323V\367s\355lu\324\374V\207\371F\260\325\345\213\261""; ledgerHashPrevious: ""-}\351f\032\255\274\334m\326c\017\014ao[\342\230\003\245\245\3341Hm\326^\017jy\335\261""; networkTime: 803891973; firstSeq: 1; lastSeq: 1; ","newEvent: neACCEPTED_LEDGER; ledgerSeq: 2; ledgerHash: ""0\355\311\211\352@\036\313K1\024B\343N\323V\367s\355lu\324\374V\207\371F\260\325\345\213\261""; ledgerHashPrevious: ""-}\351f\032\255\274\334m\326c\017\014ao[\342\230\003\245\245\3341Hm\326^\017jy\335\261""; networkTime: 803891973; firstSeq: 1; lastSeq: 1; "
1750576773178,1750576773178,2019,1,0,4,TMValidation,"validation: """"\200\000\000\000&\000\000\000\002)/\352k\005:\030\016l\375\261lU\035Q0\355\311\211\352@\036\313K1\024B\343N\323V\367s\355lu\324\374V\207\371F\260\325\345\213\261P\027\000\000\000\000\000\000\000\000\000\000\000\000\000\000\000\000\000\000\000\000\000\000\000\000\000\000\000\000\000\000\000\000P\031-}\351f\032\255\274\334m\326c\017\014ao[\342\230\003\245\245\3341Hm\326^\017jy\335\261s!\002\005\363\0222\231\333G\357\305\020\014\241\033\231\261Z#\243\036\0267\020\210\265\022\240%\336\332\221\202\352vF0D\002 `u\204\327&\000Dw\323\315z\032\013\014\364\r\024\327\223u7\003\342\374\300W\021V\001\264V\254\002 e`\003\020f\220\207\251\347\302\243\374\032\306\304\352\277\032\275\233\241C]\004\347+2A\270\3424\t""; ","validation: """"\200\000\000\000&\000\000\000\002)/\352k\005:\030\016l\375\261lU\035Q0\355\311\211\352@\036\313K1\024B\343N\323V\367s\355lu\324\374V\207\371F\260\325\345\213\261P\027\000\000\000\000\000\000\000\000\000\000\000\000\000\000\000\000\000\000\000\000\000\000\000\000\000\000\000\000\000\000\000\000P\031-}\351f\032\255\274\334m\326c\017\014ao[\342\230\003\245\245\3341Hm\326^\017jy\335\261s!\002\005\363\0222\231\333G\357\305\020\014\241\033\231\261Z#\243\036\0267\020\210\265\022\240%\336\332\221\202\352vF0D\002 `u\204\327&\000Dw\323\315z\032\013\014\364\r\024\327\223u7\003\342\374\300W\021V\001\264V\254\002 e`\003\020f\220\207\251\347\302\243\374\032\306\304\352\277\032\275\233\241C]\004\347+2A\270\3424\t""; "
1750576773180,1750576773180,1191,1,0,4,TMStatusChange,"newEvent: neACCEPTED_LEDGER; ledgerSeq: 2; ledgerHash: ""0\355\311\211\352@\036\313K1\024B\343N\323V\367s\355lu\324\374V\207\371F\260\325\345\213\261""; ledgerHashPrevious: ""-}\351f\032\255\274\334m\326c\017\014ao[\342\230\003\245\245\3341Hm\326^\017jy\335\261""; networkTime: 803891973; firstSeq: 1; lastSeq: 1; ","newEvent: neACCEPTED_LEDGER; ledgerSeq: 2; ledgerHash: ""0\355\311\211\352@\036\313K1\024B\343N\323V\367s\355lu\324\374V\207\371F\260\325\345\213\261""; ledgerHashPrevious: ""-}\351f\032\255\274\334m\326c\017\014ao[\342\230\003\245\245\3341Hm\326^\017jy\335\261""; networkTime: 803891973; firstSeq: 1; lastSeq: 1; "
1750576773180,1750576773180,3049,1,0,2,TMStatusChange,"newEvent: neACCEPTED_LEDGER; ledgerSeq: 2; ledgerHash: ""0\355\311\211\352@\036\313K1\024B\343N\323V\367s\355lu\324\374V\207\371F\260\325\345\213\261""; ledgerHashPrevious: ""-}\351f\032\255\274\334m\326c\017\014ao[\342\230\003\245\245\3341Hm\326^\017jy\335\261""; networkTime: 803891973; firstSeq: 1; lastSeq: 1; ","newEvent: neACCEPTED_LEDGER; ledgerSeq: 2; ledgerHash: ""0\355\311\211\352@\036\313K1\024B\343N\323V\367s\355lu\324\374V\207\371F\260\325\345\213\261""; ledgerHashPrevious: ""-}\351f\032\255\274\334m\326c\017\014ao[\342\230\003\245\245\3341Hm\326^\017jy\335\261""; networkTime: 803891973; firstSeq: 1; lastSeq: 1; "
1750576773181,1750576773181,2952,1,0,1,TMStatusChange,"newEvent: neACCEPTED_LEDGER; ledgerSeq: 2; ledgerHash: ""0\355\311\211\352@\036\313K1\024B\343N\323V\367s\355lu\324\374V\207\371F\260\325\345\213\261""; ledgerHashPrevious: ""-}\351f\032\255\274\334m\326c\017\014ao[\342\230\003\245\245\3341Hm\326^\017jy\335\261""; networkTime: 803891973; firstSeq: 1; lastSeq: 1; ","newEvent: neACCEPTED_LEDGER; ledgerSeq: 2; ledgerHash: ""0\355\311\211\352@\036\313K1\024B\343N\323V\367s\355lu\324\374V\207\371F\260\325\345\213\261""; ledgerHashPrevious: ""-}\351f\032\255\274\334m\326c\017\014ao[\342\230\003\245\245\3341Hm\326^\017jy\335\261""; networkTime: 803891973; firstSeq: 1; lastSeq: 1; "
1750576773179,1750576773179,219,1,0,1,TMValidation,"validation: """"\200\000\000\000&\000\000\000\002)/\352k\005:\030\016l\375\261lU\035Q0\355\311\211\352@\036\313K1\024B\343N\323V\367s\355lu\324\374V\207\371F\260\325\345\213\261P\027\000\000\000\000\000\000\000\000\000\000\000\000\000\000\000\000\000\000\000\000\000\000\000\000\000\000\000\000\000\000\000\000P\031-}\351f\032\255\274\334m\326c\017\014ao[\342\230\003\245\245\3341Hm\326^\017jy\335\261s!\002\005\363\0222\231\333G\357\305\020\014\241\033\231\261Z#\243\036\0267\020\210\265\022\240%\336\332\221\202\352vF0D\002 `u\204\327&\000Dw\323\315z\032\013\014\364\r\024\327\223u7\003\342\374\300W\021V\001\264V\254\002 e`\003\020f\220\207\251\347\302\243\374\032\306\304\352\277\032\275\233\241C]\004\347+2A\270\3424\t""; ","validation: """"\200\000\000\000&\000\000\000\002)/\352k\005:\030\016l\375\261lU\035Q0\355\311\211\352@\036\313K1\024B\343N\323V\367s\355lu\324\374V\207\371F\260\325\345\213\261P\027\000\000\000\000\000\000\000\000\000\000\000\000\000\000\000\000\000\000\000\000\000\000\000\000\000\000\000\000\000\000\000\000P\031-}\351f\032\255\274\334m\326c\017\014ao[\342\230\003\245\245\3341Hm\326^\017jy\335\261s!\002\005\363\0222\231\333G\357\305\020\014\241\033\231\261Z#\243\036\0267\020\210\265\022\240%\336\332\221\202\352vF0D\002 `u\204\327&\000Dw\323\315z\032\013\014\364\r\024\327\223u7\003\342\374\300W\021V\001\264V\254\002 e`\003\020f\220\207\251\347\302\243\374\032\306\304\352\277\032\275\233\241C]\004\347+2A\270\3424\t""; "
1750576773180,1750576773180,3783,1,0,2,TMValidation,"validation: """"\200\000\000\000&\000\000\000\002)/\352k\005:\030\016l\375\261lU\035Q0\355\311\211\352@\036\313K1\024B\343N\323V\367s\355lu\324\374V\207\371F\260\325\345\213\261P\027\000\000\000\000\000\000\000\000\000\000\000\000\000\000\000\000\000\000\000\000\000\000\000\000\000\000\000\000\000\000\000\000P\031-}\351f\032\255\274\334m\326c\017\014ao[\342\230\003\245\245\3341Hm\326^\017jy\335\261s!\002\005\363\0222\231\333G\357\305\020\014\241\033\231\261Z#\243\036\0267\020\210\265\022\240%\336\332\221\202\352vF0D\002 `u\204\327&\000Dw\323\315z\032\013\014\364\r\024\327\223u7\003\342\374\300W\021V\001\264V\254\002 e`\003\020f\220\207\251\347\302\243\374\032\306\304\352\277\032\275\233\241C]\004\347+2A\270\3424\t""; ","validation: """"\200\000\000\000&\000\000\000\002)/\352k\005:\030\016l\375\261lU\035Q0\355\311\211\352@\036\313K1\024B\343N\323V\367s\355lu\324\374V\207\371F\260\325\345\213\261P\027\000\000\000\000\000\000\000\000\000\000\000\000\000\000\000\000\000\000\000\000\000\000\000\000\000\000\000\000\000\000\000\000P\031-}\351f\032\255\274\334m\326c\017\014ao[\342\230\003\245\245\3341Hm\326^\017jy\335\261s!\002\005\363\0222\231\333G\357\305\020\014\241\033\231\261Z#\243\036\0267\020\210\265\022\240%\336\332\221\202\352vF0D\002 `u\204\327&\000Dw\323\315z\032\013\014\364\r\024\327\223u7\003\342\374\300W\021V\001\264V\254\002 e`\003\020f\220\207\251\347\302\243\374\032\306\304\352\277\032\275\233\241C]\004\347+2A\270\3424\t""; "
1750576773235,1750576773235,185,1,2,4,TMValidation,"validation: """"\200\000\000\000&\000\000\000\002)/\352k\005:F\231\033)\227\311<\340Q0\355\311\211\352@\036\313K1\024B\343N\323V\367s\355lu\324\374V\207\371F\260\325\345\213\261P\027\000\000\000\000\000\000\000\000\000\000\000\000\000\000\000\000\000\000\000\000\000\000\000\000\000\000\000\000\000\000\000\000P\031-}\351f\032\255\274\334m\326c\017\014ao[\342\230\003\245\245\3341Hm\326^\017jy\335\261s!\002\246\346\346\007\2326A*\334\272\022\321\346\247[\222\030\343\261w\244R\r\357}\243\273\253\020\375b6vG0E\002!\000\234<\356\312;\237\235\361\254;\334\223\267[\332\034 \227\307\257,\035\211\3310\353\023r\347\317\316\324\002 ""\036\336K4\0238\330K\031MuJ\265'[\261\321\323\217\201\022{\032Q<\362W\nd\351k""; ","validation: """"\200\000\000\000&\000\000\000\002)/\352k\005:F\231\033)\227\311<\340Q0\355\311\211\352@\036\313K1\024B\343N\323V\367s\355lu\324\374V\207\371F\260\325\345\213\261P\027\000\000\000\000\000\000\000\000\000\000\000\000\000\000\000\000\000\000\000\000\000\000\000\000\000\000\000\000\000\000\000\000P\031-}\351f\032\255\274\334m\326c\017\014ao[\342\230\003\245\245\3341Hm\326^\017jy\335\261s!\002\246\346\346\007\2326A*\334\272\022\321\346\247[\222\030\343\261w\244R\r\357}\243\273\253\020\375b6vG0E\002!\000\234<\356\312;\237\235\361\254;\334\223\267[\332\034 \227\307\257,\035\211\3310\353\023r\347\317\316\324\002 ""\036\336K4\0238\330K\031MuJ\265'[\261\321\323\217\201\022{\032Q<\362W\nd\351k""; "
1750576773237,1750576773237,2951,1,2,0,TMStatusChange,"newEvent: neACCEPTED_LEDGER; ledgerSeq: 2; ledgerHash: ""0\355\311\211\352@\036\313K1\024B\343N\323V\367s\355lu\324\374V\207\371F\260\325\345\213\261""; ledgerHashPrevious: ""-}\351f\032\255\274\334m\326c\017\014ao[\342\230\003\245\245\3341Hm\326^\017jy\335\261""; networkTime: 803891973; firstSeq: 1; lastSeq: 1; ","newEvent: neACCEPTED_LEDGER; ledgerSeq: 2; ledgerHash: ""0\355\311\211\352@\036\313K1\024B\343N\323V\367s\355lu\324\374V\207\371F\260\325\345\213\261""; ledgerHashPrevious: ""-}\351f\032\255\274\334m\326c\017\014ao[\342\230\003\245\245\3341Hm\326^\017jy\335\261""; networkTime: 803891973; firstSeq: 1; lastSeq: 1; "
1750576773237,1750576773237,2143,1,2,4,TMStatusChange,"newEvent: neACCEPTED_LEDGER; ledgerSeq: 2; ledgerHash: ""0\355\311\211\352@\036\313K1\024B\343N\323V\367s\355lu\324\374V\207\371F\260\325\345\213\261""; ledgerHashPrevious: ""-}\351f\032\255\274\334m\326c\017\014ao[\342\230\003\245\245\3341Hm\326^\017jy\335\261""; networkTime: 803891973; firstSeq: 1; lastSeq: 1; ","newEvent: neACCEPTED_LEDGER; ledgerSeq: 2; ledgerHash: ""0\355\311\211\352@\036\313K1\024B\343N\323V\367s\355lu\324\374V\207\371F\260\325\345\213\261""; ledgerHashPrevious: ""-}\351f\032\255\274\334m\326c\017\014ao[\342\230\003\245\245\3341Hm\326^\017jy\335\261""; networkTime: 803891973; firstSeq: 1; lastSeq: 1; "
1750576773237,1750576773237,716,1,2,3,TMStatusChange,"newEvent: neACCEPTED_LEDGER; ledgerSeq: 2; ledgerHash: ""0\355\311\211\352@\036\313K1\024B\343N\323V\367s\355lu\324\374V\207\371F\260\325\345\213\261""; ledgerHashPrevious: ""-}\351f\032\255\274\334m\326c\017\014ao[\342\230\003\245\245\3341Hm\326^\017jy\335\261""; networkTime: 803891973; firstSeq: 1; lastSeq: 1; ","newEvent: neACCEPTED_LEDGER; ledgerSeq: 2; ledgerHash: ""0\355\311\211\352@\036\313K1\024B\343N\323V\367s\355lu\324\374V\207\371F\260\325\345\213\261""; ledgerHashPrevious: ""-}\351f\032\255\274\334m\326c\017\014ao[\342\230\003\245\245\3341Hm\326^\017jy\335\261""; networkTime: 803891973; firstSeq: 1; lastSeq: 1; "
1750576773239,1750576773239,1713,1,2,3,TMValidation,"validation: """"\200\000\000\000&\000\000\000\002)/\352k\005:F\231\033)\227\311<\340Q0\355\311\211\352@\036\313K1\024B\343N\323V\367s\355lu\324\374V\207\371F\260\325\345\213\261P\027\000\000\000\000\000\000\000\000\000\000\000\000\000\000\000\000\000\000\000\000\000\000\000\000\000\000\000\000\000\000\000\000P\031-}\351f\032\255\274\334m\326c\017\014ao[\342\230\003\245\245\3341Hm\326^\017jy\335\261s!\002\246\346\346\007\2326A*\334\272\022\321\346\247[\222\030\343\261w\244R\r\357}\243\273\253\020\375b6vG0E\002!\000\234<\356\312;\237\235\361\254;\334\223\267[\332\034 \227\307\257,\035\211\3310\353\023r\347\317\316\324\002 ""\036\336K4\0238\330K\031MuJ\265'[\261\321\323\217\201\022{\032Q<\362W\nd\351k""; ","validation: """"\200\000\000\000&\000\000\000\002)/\352k\005:F\231\033)\227\311<\340Q0\355\311\211\352@\036\313K1\024B\343N\323V\367s\355lu\324\374V\207\371F\260\325\345\213\261P\027\000\000\000\000\000\000\000\000\000\000\000\000\000\000\000\000\000\000\000\000\000\000\000\000\000\000\000\000\000\000\000\000P\031-}\351f\032\255\274\334m\326c\017\014ao[\342\230\003\245\245\3341Hm\326^\017jy\335\261s!\002\246\346\346\007\2326A*\334\272\022\321\346\247[\222\030\343\261w\244R\r\357}\243\273\253\020\375b6vG0E\002!\000\234<\356\312;\237\235\361\254;\334\223\267[\332\034 \227\307\257,\035\211\3310\353\023r\347\317\316\324\002 ""\036\336K4\0238\330K\031MuJ\265'[\261\321\323\217\201\022{\032Q<\362W\nd\351k""; "
1750576773239,1750576773239,1027,1,2,0,TMValidation,"validation: """"\200\000\000\000&\000\000\000\002)/\352k\005:F\231\033)\227\311<\340Q0\355\311\211\352@\036\313K1\024B\343N\323V\367s\355lu\324\374V\207\371F\260\325\345\213\261P\027\000\000\000\000\000\000\000\000\000\000\000\000\000\000\000\000\000\000\000\000\000\000\000\000\000\000\000\000\000\000\000\000P\031-}\351f\032\255\274\334m\326c\017\014ao[\342\230\003\245\245\3341Hm\326^\017jy\335\261s!\002\246\346\346\007\2326A*\334\272\022\321\346\247[\222\030\343\261w\244R\r\357}\243\273\253\020\375b6vG0E\002!\000\234<\356\312;\237\235\361\254;\334\223\267[\332\034 \227\307\257,\035\211\3310\353\023r\347\317\316\324\002 ""\036\336K4\0238\330K\031MuJ\265'[\261\321\323\217\201\022{\032Q<\362W\nd\351k""; ","validation: """"\200\000\000\000&\000\000\000\002)/\352k\005:F\231\033)\227\311<\340Q0\355\311\211\352@\036\313K1\024B\343N\323V\367s\355lu\324\374V\207\371F\260\325\345\213\261P\027\000\000\000\000\000\000\000\000\000\000\000\000\000\000\000\000\000\000\000\000\000\000\000\000\000\000\000\000\000\000\000\000P\031-}\351f\032\255\274\334m\326c\017\014ao[\342\230\003\245\245\3341Hm\326^\017jy\335\261s!\002\246\346\346\007\2326A*\334\272\022\321\346\247[\222\030\343\261w\244R\r\357}\243\273\253\020\375b6vG0E\002!\000\234<\356\312;\237\235\361\254;\334\223\267[\332\034 \227\307\257,\035\211\3310\353\023r\347\317\316\324\002 ""\036\336K4\0238\330K\031MuJ\265'[\261\321\323\217\201\022{\032Q<\362W\nd\351k""; "
1750576773240,1750576773240,1575,1,2,1,TMStatusChange,"newEvent: neACCEPTED_LEDGER; ledgerSeq: 2; ledgerHash: ""0\355\311\211\352@\036\313K1\024B\343N\323V\367s\355lu\324\374V\207\371F\260\325\345\213\261""; ledgerHashPrevious: ""-}\351f\032\255\274\334m\326c\017\014ao[\342\230\003\245\245\3341Hm\326^\017jy\335\261""; networkTime: 803891973; firstSeq: 1; lastSeq: 1; ","newEvent: neACCEPTED_LEDGER; ledgerSeq: 2; ledgerHash: ""0\355\311\211\352@\036\313K1\024B\343N\323V\367s\355lu\324\374V\207\371F\260\325\345\213\261""; ledgerHashPrevious: ""-}\351f\032\255\274\334m\326c\017\014ao[\342\230\003\245\245\3341Hm\326^\017jy\335\261""; networkTime: 803891973; firstSeq: 1; lastSeq: 1; "
1750576773241,1750576773241,541,1,2,1,TMValidation,"validation: """"\200\000\000\000&\000\000\000\002)/\352k\005:F\231\033)\227\311<\340Q0\355\311\211\352@\036\313K1\024B\343N\323V\367s\355lu\324\374V\207\371F\260\325\345\213\261P\027\000\000\000\000\000\000\000\000\000\000\000\000\000\000\000\000\000\000\000\000\000\000\000\000\000\000\000\000\000\000\000\000P\031-}\351f\032\255\274\334m\326c\017\014ao[\342\230\003\245\245\3341Hm\326^\017jy\335\261s!\002\246\346\346\007\2326A*\334\272\022\321\346\247[\222\030\343\261w\244R\r\357}\243\273\253\020\375b6vG0E\002!\000\234<\356\312;\237\235\361\254;\334\223\267[\332\034 \227\307\257,\035\211\3310\353\023r\347\317\316\324\002 ""\036\336K4\0238\330K\031MuJ\265'[\261\321\323\217\201\022{\032Q<\362W\nd\351k""; ","validation: """"\200\000\000\000&\000\000\000\002)/\352k\005:F\231\033)\227\311<\340Q0\355\311\211\352@\036\313K1\024B\343N\323V\367s\355lu\324\374V\207\371F\260\325\345\213\261P\027\000\000\000\000\000\000\000\000\000\000\000\000\000\000\000\000\000\000\000\000\000\000\000\000\000\000\000\000\000\000\000\000P\031-}\351f\032\255\274\334m\326c\017\014ao[\342\230\003\245\245\3341Hm\326^\017jy\335\261s!\002\246\346\346\007\2326A*\334\272\022\321\346\247[\222\030\343\261w\244R\r\357}\243\273\253\020\375b6vG0E\002!\000\234<\356\312;\237\235\361\254;\334\223\267[\332\034 \227\307\257,\035\211\3310\353\023r\347\317\316\324\002 ""\036\336K4\0238\330K\031MuJ\265'[\261\321\323\217\201\022{\032Q<\362W\nd\351k""; "
1750576773399,1750576773399,494,1,1,4,TMValidation,"validation: """"\200\000\000\000&\000\000\000\002)/\352k\005:\030\016l\375\261lU\035Q0\355\311\211\352@\036\313K1\024B\343N\323V\367s\355lu\324\374V\207\371F\260\325\345\213\261P\027\000\000\000\000\000\000\000\000\000\000\000\000\000\000\000\000\000\000\000\000\000\000\000\000\000\000\000\000\000\000\000\000P\031-}\351f\032\255\274\334m\326c\017\014ao[\342\230\003\245\245\3341Hm\326^\017jy\335\261s!\002\005\363\0222\231\333G\357\305\020\014\241\033\231\261Z#\243\036\0267\020\210\265\022\240%\336\332\221\202\352vF0D\002 `u\204\327&\000Dw\323\315z\032\013\014\364\r\024\327\223u7\003\342\374\300W\021V\001\264V\254\002 e`\003\020f\220\207\251\347\302\243\374\032\306\304\352\277\032\275\233\241C]\004\347+2A\270\3424\t""; ","validation: """"\200\000\000\000&\000\000\000\002)/\352k\005:\030\016l\375\261lU\035Q0\355\311\211\352@\036\313K1\024B\343N\323V\367s\355lu\324\374V\207\371F\260\325\345\213\261P\027\000\000\000\000\000\000\000\000\000\000\000\000\000\000\000\000\000\000\000\000\000\000\000\000\000\000\000\000\000\000\000\000P\031-}\351f\032\255\274\334m\326c\017\014ao[\342\230\003\245\245\3341Hm\326^\017jy\335\261s!\002\005\363\0222\231\333G\357\305\020\014\241\033\231\261Z#\243\036\0267\020\210\265\022\240%\336\332\221\202\352vF0D\002 `u\204\327&\000Dw\323\315z\032\013\014\364\r\024\327\223u7\003\342\374\300W\021V\001\264V\254\002 e`\003\020f\220\207\251\347\302\243\374\032\306\304\352\277\032\275\233\241C]\004\347+2A\270\3424\t""; "
1750576773400,1750576773400,2434,1,1,4,TMGetLedger,"itype: liBASE; ledgerHash: ""0\355\311\211\352@\036\313K1\024B\343N\323V\367s\355lu\324\374V\207\371F\260\325\345\213\261""; queryType: qtINDIRECT; ","itype: liBASE; ledgerHash: ""0\355\311\211\352@\036\313K1\024B\343N\323V\367s\355lu\324\374V\207\371F\260\325\345\213\261""; queryType: qtINDIRECT; "
1750576773400,1750576773400,2434,1,1,4,TMGetLedger,"itype: liBASE; ledgerHash: ""0\355\311\211\352@\036\313K1\024B\343N\323V\367s\355lu\324\374V\207\371F\260\325\345\213\261""; ","itype: liBASE; ledgerHash: ""0\355\311\211\352@\036\313K1\024B\343N\323V\367s\355lu\324\374V\207\371F\260\325\345\213\261""; "
1750576773407,1750576773407,1534,1,1,0,TMGetLedger,"itype: liBASE; ledgerHash: ""0\355\311\211\352@\036\313K1\024B\343N\323V\367s\355lu\324\374V\207\371F\260\325\345\213\261""; ","itype: liBASE; ledgerHash: ""0\355\311\211\352@\036\313K1\024B\343N\323V\367s\355lu\324\374V\207\371F\260\325\345\213\261""; "
1750576773408,1750576773408,1000,1,1,2,TMValidation,"validation: """"\200\000\000\000&\000\000\000\002)/\352k\005:\030\016l\375\261lU\035Q0\355\311\211\352@\036\313K1\024B\343N\323V\367s\355lu\324\374V\207\371F\260\325\345\213\261P\027\000\000\000\000\000\000\000\000\000\000\000\000\000\000\000\000\000\000\000\000\000\000\000\000\000\000\000\000\000\000\000\000P\031-}\351f\032\255\274\334m\326c\017\014ao[\342\230\003\245\245\3341Hm\326^\017jy\335\261s!\002\005\363\0222\231\333G\357\305\020\014\241\033\231\261Z#\243\036\0267\020\210\265\022\240%\336\332\221\202\352vF0D\002 `u\204\327&\000Dw\323\315z\032\013\014\364\r\024\327\223u7\003\342\374\300W\021V\001\264V\254\002 e`\003\020f\220\207\251\347\302\243\374\032\306\304\352\277\032\275\233\241C]\004\347+2A\270\3424\t""; ","validation: """"\200\000\000\000&\000\000\000\002)/\352k\005:\030\016l\375\261lU\035Q0\355\311\211\352@\036\313K1\024B\343N\323V\367s\355lu\324\374V\207\371F\260\325\345\213\261P\027\000\000\000\000\000\000\000\000\000\000\000\000\000\000\000\000\000\000\000\000\000\000\000\000\000\000\000\000\000\000\000\000P\031-}\351f\032\255\274\334m\326c\017\014ao[\342\230\003\245\245\3341Hm\326^\017jy\335\261s!\002\005\363\0222\231\333G\357\305\020\014\241\033\231\261Z#\243\036\0267\020\210\265\022\240%\336\332\221\202\352vF0D\002 `u\204\327&\000Dw\323\315z\032\013\014\364\r\024\327\223u7\003\342\374\300W\021V\001\264V\254\002 e`\003\020f\220\207\251\347\302\243\374\032\306\304\352\277\032\275\233\241C]\004\347+2A\270\3424\t""; "
1750576773408,1750576773408,301,1,1,2,TMGetLedger,"itype: liBASE; ledgerHash: ""0\355\311\211\352@\036\313K1\024B\343N\323V\367s\355lu\324\374V\207\371F\260\325\345\213\261""; queryType: qtINDIRECT; ","itype: liBASE; ledgerHash: ""0\355\311\211\352@\036\313K1\024B\343N\323V\367s\355lu\324\374V\207\371F\260\325\345\213\261""; queryType: qtINDIRECT; "
1750576773408,1750576773409,1534,1,1,0,TMGetLedger,"itype: liBASE; ledgerHash: ""0\355\311\211\352@\036\313K1\024B\343N\323V\367s\355lu\324\374V\207\371F\260\325\345\213\261""; queryType: qtINDIRECT; ","itype: liBASE; ledgerHash: ""0\355\311\211\352@\036\313K1\024B\343N\323V\367s\355lu\324\374V\207\371F\260\325\345\213\261""; queryType: qtINDIRECT; "
1750576773409,1750576773409,2156,1,1,3,TMValidation,"validation: """"\200\000\000\000&\000\000\000\002)/\352k\005:\030\016l\375\261lU\035Q0\355\311\211\352@\036\313K1\024B\343N\323V\367s\355lu\324\374V\207\371F\260\325\345\213\261P\027\000\000\000\000\000\000\000\000\000\000\000\000\000\000\000\000\000\000\000\000\000\000\000\000\000\000\000\000\000\000\000\000P\031-}\351f\032\255\274\334m\326c\017\014ao[\342\230\003\245\245\3341Hm\326^\017jy\335\261s!\002\005\363\0222\231\333G\357\305\020\014\241\033\231\261Z#\243\036\0267\020\210\265\022\240%\336\332\221\202\352vF0D\002 `u\204\327&\000Dw\323\315z\032\013\014\364\r\024\327\223u7\003\342\374\300W\021V\001\264V\254\002 e`\003\020f\220\207\251\347\302\243\374\032\306\304\352\277\032\275\233\241C]\004\347+2A\270\3424\t""; ","validation: """"\200\000\000\000&\000\000\000\002)/\352k\005:\030\016l\375\261lU\035Q0\355\311\211\352@\036\313K1\024B\343N\323V\367s\355lu\324\374V\207\371F\260\325\345\213\261P\027\000\000\000\000\000\000\000\000\000\000\000\000\000\000\000\000\000\000\000\000\000\000\000\000\000\000\000\000\000\000\000\000P\031-}\351f\032\255\274\334m\326c\017\014ao[\342\230\003\245\245\3341Hm\326^\017jy\335\261s!\002\005\363\0222\231\333G\357\305\020\014\241\033\231\261Z#\243\036\0267\020\210\265\022\240%\336\332\221\202\352vF0D\002 `u\204\327&\000Dw\323\315z\032\013\014\364\r\024\327\223u7\003\342\374\300W\021V\001\264V\254\002 e`\003\020f\220\207\251\347\302\243\374\032\306\304\352\277\032\275\233\241C]\004\347+2A\270\3424\t""; "
1750576773410,1750576773410,301,1,1,2,TMGetLedger,"itype: liBASE; ledgerHash: ""0\355\311\211\352@\036\313K1\024B\343N\323V\367s\355lu\324\374V\207\371F\260\325\345\213\261""; ","itype: liBASE; ledgerHash: ""0\355\311\211\352@\036\313K1\024B\343N\323V\367s\355lu\324\374V\207\371F\260\325\345\213\261""; "
1750576773410,1750576773410,643,1,1,3,TMGetLedger,"itype: liBASE; ledgerHash: ""0\355\311\211\352@\036\313K1\024B\343N\323V\367s\355lu\324\374V\207\371F\260\325\345\213\261""; queryType: qtINDIRECT; ","itype: liBASE; ledgerHash: ""0\355\311\211\352@\036\313K1\024B\343N\323V\367s\355lu\324\374V\207\371F\260\325\345\213\261""; queryType: qtINDIRECT; "
1750576773410,1750576773411,643,1,1,3,TMGetLedger,"itype: liBASE; ledgerHash: ""0\355\311\211\352@\036\313K1\024B\343N\323V\367s\355lu\324\374V\207\371F\260\325\345\213\261""; ","itype: liBASE; ledgerHash: ""0\355\311\211\352@\036\313K1\024B\343N\323V\367s\355lu\324\374V\207\371F\260\325\345\213\261""; "
1750576773424,1750576773424,490,1,4,3,TMValidation,"validation: """"\200\000\000\000&\000\000\000\002)/\352k\005:F\231\033)\227\311<\340Q0\355\311\211\352@\036\313K1\024B\343N\323V\367s\355lu\324\374V\207\371F\260\325\345\213\261P\027\000\000\000\000\000\000\000\000\000\000\000\000\000\000\000\000\000\000\000\000\000\000\000\000\000\000\000\000\000\000\000\000P\031-}\351f\032\255\274\334m\326c\017\014ao[\342\230\003\245\245\3341Hm\326^\017jy\335\261s!\002\246\346\346\007\2326A*\334\272\022\321\346\247[\222\030\343\261w\244R\r\357}\243\273\253\020\375b6vG0E\002!\000\234<\356\312;\237\235\361\254;\334\223\267[\332\034 \227\307\257,\035\211\3310\353\023r\347\317\316\324\002 ""\036\336K4\0238\330K\031MuJ\265'[\261\321\323\217\201\022{\032Q<\362W\nd\351k""; ","validation: """"\200\000\000\000&\000\000\000\002)/\352k\005:F\231\033)\227\311<\340Q0\355\311\211\352@\036\313K1\024B\343N\323V\367s\355lu\324\374V\207\371F\260\325\345\213\261P\027\000\000\000\000\000\000\000\000\000\000\000\000\000\000\000\000\000\000\000\000\000\000\000\000\000\000\000\000\000\000\000\000P\031-}\351f\032\255\274\334m\326c\017\014ao[\342\230\003\245\245\3341Hm\326^\017jy\335\261s!\002\246\346\346\007\2326A*\334\272\022\321\346\247[\222\030\343\261w\244R\r\357}\243\273\253\020\375b6vG0E\002!\000\234<\356\312;\237\235\361\254;\334\223\267[\332\034 \227\307\257,\035\211\3310\353\023r\347\317\316\324\002 ""\036\336K4\0238\330K\031MuJ\265'[\261\321\323\217\201\022{\032Q<\362W\nd\351k""; "
1750576773425,1750576773425,3345,1,4,1,TMValidation,"validation: """"\200\000\000\000&\000\000\000\002)/\352k\005:F\231\033)\227\311<\340Q0\355\311\211\352@\036\313K1\024B\343N\323V\367s\355lu\324\374V\207\371F\260\325\345\213\261P\027\000\000\000\000\000\000\000\000\000\000\000\000\000\000\000\000\000\000\000\000\000\000\000\000\000\000\000\000\000\000\000\000P\031-}\351f\032\255\274\334m\326c\017\014ao[\342\230\003\245\245\3341Hm\326^\017jy\335\261s!\002\246\346\346\007\2326A*\334\272\022\321\346\247[\222\030\343\261w\244R\r\357}\243\273\253\020\375b6vG0E\002!\000\234<\356\312;\237\235\361\254;\334\223\267[\332\034 \227\307\257,\035\211\3310\353\023r\347\317\316\324\002 ""\036\336K4\0238\330K\031MuJ\265'[\261\321\323\217\201\022{\032Q<\362W\nd\351k""; ","validation: """"\200\000\000\000&\000\000\000\002)/\352k\005:F\231\033)\227\311<\340Q0\355\311\211\352@\036\313K1\024B\343N\323V\367s\355lu\324\374V\207\371F\260\325\345\213\261P\027\000\000\000\000\000\000\000\000\000\000\000\000\000\000\000\000\000\000\000\000\000\000\000\000\000\000\000\000\000\000\000\000P\031-}\351f\032\255\274\334m\326c\017\014ao[\342\230\003\245\245\3341Hm\326^\017jy\335\261s!\002\246\346\346\007\2326A*\334\272\022\321\346\247[\222\030\343\261w\244R\r\357}\243\273\253\020\375b6vG0E\002!\000\234<\356\312;\237\235\361\254;\334\223\267[\332\034 \227\307\257,\035\211\3310\353\023r\347\317\316\324\002 ""\036\336K4\0238\330K\031MuJ\265'[\261\321\323\217\201\022{\032Q<\362W\nd\351k""; "
1750576773425,1750576773425,1483,1,4,1,TMGetLedger,"itype: liBASE; ledgerHash: ""0\355\311\211\352@\036\313K1\024B\343N\323V\367s\355lu\324\374V\207\371F\260\325\345\213\261""; ","itype: liBASE; ledgerHash: ""0\355\311\211\352@\036\313K1\024B\343N\323V\367s\355lu\324\374V\207\371F\260\325\345\213\261""; "
1750576773425,1750576773426,3205,1,4,3,TMGetLedger,"itype: liBASE; ledgerHash: ""0\355\311\211\352@\036\313K1\024B\343N\323V\367s\355lu\324\374V\207\371F\260\325\345\213\261""; ","itype: liBASE; ledgerHash: ""0\355\311\211\352@\036\313K1\024B\343N\323V\367s\355lu\324\374V\207\371F\260\325\345\213\261""; "
1750576773426,1750576773427,1044,1,4,0,TMValidation,"validation: """"\200\000\000\000&\000\000\000\002)/\352k\005:F\231\033)\227\311<\340Q0\355\311\211\352@\036\313K1\024B\343N\323V\367s\355lu\324\374V\207\371F\260\325\345\213\261P\027\000\000\000\000\000\000\000\000\000\000\000\000\000\000\000\000\000\000\000\000\000\000\000\000\000\000\000\000\000\000\000\000P\031-}\351f\032\255\274\334m\326c\017\014ao[\342\230\003\245\245\3341Hm\326^\017jy\335\261s!\002\246\346\346\007\2326A*\334\272\022\321\346\247[\222\030\343\261w\244R\r\357}\243\273\253\020\375b6vG0E\002!\000\234<\356\312;\237\235\361\254;\334\223\267[\332\034 \227\307\257,\035\211\3310\353\023r\347\317\316\324\002 ""\036\336K4\0238\330K\031MuJ\265'[\261\321\323\217\201\022{\032Q<\362W\nd\351k""; ","validation: """"\200\000\000\000&\000\000\000\002)/\352k\005:F\231\033)\227\311<\340Q0\355\311\211\352@\036\313K1\024B\343N\323V\367s\355lu\324\374V\207\371F\260\325\345\213\261P\027\000\000\000\000\000\000\000\000\000\000\000\000\000\000\000\000\000\000\000\000\000\000\000\000\000\000\000\000\000\000\000\000P\031-}\351f\032\255\274\334m\326c\017\014ao[\342\230\003\245\245\3341Hm\326^\017jy\335\261s!\002\246\346\346\007\2326A*\334\272\022\321\346\247[\222\030\343\261w\244R\r\357}\243\273\253\020\375b6vG0E\002!\000\234<\356\312;\237\235\361\254;\334\223\267[\332\034 \227\307\257,\035\211\3310\353\023r\347\317\316\324\002 ""\036\336K4\0238\330K\031MuJ\265'[\261\321\323\217\201\022{\032Q<\362W\nd\351k""; "
1750576773427,1750576773427,2753,1,4,0,TMGetLedger,"itype: liBASE; ledgerHash: ""0\355\311\211\352@\036\313K1\024B\343N\323V\367s\355lu\324\374V\207\371F\260\325\345\213\261""; ","itype: liBASE; ledgerHash: ""0\355\311\211\352@\036\313K1\024B\343N\323V\367s\355lu\324\374V\207\371F\260\325\345\213\261""; "
1750576773428,1750576773428,2763,1,4,2,TMGetLedger,"itype: liBASE; ledgerHash: ""0\355\311\211\352@\036\313K1\024B\343N\323V\367s\355lu\324\374V\207\371F\260\325\345\213\261""; queryType: qtINDIRECT; ","itype: liBASE; ledgerHash: ""0\355\311\211\352@\036\313K1\024B\343N\323V\367s\355lu\324\374V\207\371F\260\325\345\213\261""; queryType: qtINDIRECT; "
1750576773429,1750576773429,2763,1,4,2,TMGetLedger,"itype: liBASE; ledgerHash: ""0\355\311\211\352@\036\313K1\024B\343N\323V\367s\355lu\324\374V\207\371F\260\325\345\213\261""; ","itype: liBASE; ledgerHash: ""0\355\311\211\352@\036\313K1\024B\343N\323V\367s\355lu\324\374V\207\371F\260\325\345\213\261""; "
1750576773429,1750576773429,1483,1,4,1,TMGetLedger,"itype: liBASE; ledgerHash: ""0\355\311\211\352@\036\313K1\024B\343N\323V\367s\355lu\324\374V\207\371F\260\325\345\213\261""; queryType: qtINDIRECT; ","itype: liBASE; ledgerHash: ""0\355\311\211\352@\036\313K1\024B\343N\323V\367s\355lu\324\374V\207\371F\260\325\345\213\261""; queryType: qtINDIRECT; "
1750576773429,1750576773429,3205,1,4,3,TMGetLedger,"itype: liBASE; ledgerHash: ""0\355\311\211\352@\036\313K1\024B\343N\323V\367s\355lu\324\374V\207\371F\260\325\345\213\261""; queryType: qtINDIRECT; ","itype: liBASE; ledgerHash: ""0\355\311\211\352@\036\313K1\024B\343N\323V\367s\355lu\324\374V\207\371F\260\325\345\213\261""; queryType: qtINDIRECT; "
1750576773430,1750576773430,2753,1,4,0,TMGetLedger,"itype: liBASE; ledgerHash: ""0\355\311\211\352@\036\313K1\024B\343N\323V\367s\355lu\324\374V\207\371F\260\325\345\213\261""; queryType: qtINDIRECT; ","itype: liBASE; ledgerHash: ""0\355\311\211\352@\036\313K1\024B\343N\323V\367s\355lu\324\374V\207\371F\260\325\345\213\261""; queryType: qtINDIRECT; "
1750576773442,1750576773442,1208,1,4,2,TMStatusChange,"newEvent: neLOST_SYNC; ledgerSeq: 2; ledgerHash: ""0\355\311\211\352@\036\313K1\024B\343N\323V\367s\355lu\324\374V\207\371F\260\325\345\213\261""; ledgerHashPrevious: ""-}\351f\032\255\274\334m\326c\017\014ao[\342\230\003\245\245\3341Hm\326^\017jy\335\261""; networkTime: 803891973; firstSeq: 1; lastSeq: 1; ","newEvent: neLOST_SYNC; ledgerSeq: 2; ledgerHash: ""0\355\311\211\352@\036\313K1\024B\343N\323V\367s\355lu\324\374V\207\371F\260\325\345\213\261""; ledgerHashPrevious: ""-}\351f\032\255\274\334m\326c\017\014ao[\342\230\003\245\245\3341Hm\326^\017jy\335\261""; networkTime: 803891973; firstSeq: 1; lastSeq: 1; "
1750576773443,1750576773443,216,1,4,3,TMStatusChange,"newEvent: neLOST_SYNC; ledgerSeq: 2; ledgerHash: ""0\355\311\211\352@\036\313K1\024B\343N\323V\367s\355lu\324\374V\207\371F\260\325\345\213\261""; ledgerHashPrevious: ""-}\351f\032\255\274\334m\326c\017\014ao[\342\230\003\245\245\3341Hm\326^\017jy\335\261""; networkTime: 803891973; firstSeq: 1; lastSeq: 1; ","newEvent: neLOST_SYNC; ledgerSeq: 2; ledgerHash: ""0\355\311\211\352@\036\313K1\024B\343N\323V\367s\355lu\324\374V\207\371F\260\325\345\213\261""; ledgerHashPrevious: ""-}\351f\032\255\274\334m\326c\017\014ao[\342\230\003\245\245\3341Hm\326^\017jy\335\261""; networkTime: 803891973; firstSeq: 1; lastSeq: 1; "
1750576773442,1750576773442,1879,1,4,2,TMValidation,"validation: """"\200\000\000\000&\000\000\000\002)/\352k\005:\225\031\312\0231#ajQ0\355\311\211\352@\036\313K1\024B\343N\323V\367s\355lu\324\374V\207\371F\260\325\345\213\261P\027\000\000\000\000\000\000\000\000\000\000\000\000\000\000\000\000\000\000\000\000\000\000\000\000\000\000\000\000\000\000\000\000P\031-}\351f\032\255\274\334m\326c\017\014ao[\342\230\003\245\245\3341Hm\326^\017jy\335\261s!\002i\265d-H\225\336\350\317n\272\016O\317\257\273\327\352\371\231\250\230(\240\353\331\024\207\241\020\304!vG0E\002!\000\316\245\230\375\274r\006\206{\275\240:\003\206\221\247\371\226v\304\342\034^\271\205\346\020lfJ\337\377\002 Iy\020+o\250\327\013\207\021\211^\204\031\017\260U\344\241\305*e\003\361\037\017K\252\025e\274\034""; ","validation: """"\200\000\000\000&\000\000\000\002)/\352k\005:\225\031\312\0231#ajQ0\355\311\211\352@\036\313K1\024B\343N\323V\367s\355lu\324\374V\207\371F\260\325\345\213\261P\027\000\000\000\000\000\000\000\000\000\000\000\000\000\000\000\000\000\000\000\000\000\000\000\000\000\000\000\000\000\000\000\000P\031-}\351f\032\255\274\334m\326c\017\014ao[\342\230\003\245\245\3341Hm\326^\017jy\335\261s!\002i\265d-H\225\336\350\317n\272\016O\317\257\273\327\352\371\231\250\230(\240\353\331\024\207\241\020\304!vG0E\002!\000\316\245\230\375\274r\006\206{\275\240:\003\206\221\247\371\226v\304\342\034^\271\205\346\020lfJ\337\377\002 Iy\020+o\250\327\013\207\021\211^\204\031\017\260U\344\241\305*e\003\361\037\017K\252\025e\274\034""; "
1750576773443,1750576773443,1044,1,4,0,TMValidation,"validation: """"\200\000\000\000&\000\000\000\002)/\352k\005:\225\031\312\0231#ajQ0\355\311\211\352@\036\313K1\024B\343N\323V\367s\355lu\324\374V\207\371F\260\325\345\213\261P\027\000\000\000\000\000\000\000\000\000\000\000\000\000\000\000\000\000\000\000\000\000\000\000\000\000\000\000\000\000\000\000\000P\031-}\351f\032\255\274\334m\326c\017\014ao[\342\230\003\245\245\3341Hm\326^\017jy\335\261s!\002i\265d-H\225\336\350\317n\272\016O\317\257\273\327\352\371\231\250\230(\240\353\331\024\207\241\020\304!vG0E\002!\000\316\245\230\375\274r\006\206{\275\240:\003\206\221\247\371\226v\304\342\034^\271\205\346\020lfJ\337\377\002 Iy\020+o\250\327\013\207\021\211^\204\031\017\260U\344\241\305*e\003\361\037\017K\252\025e\274\034""; ","validation: """"\200\000\000\000&\000\000\000\002)/\352k\005:\225\031\312\0231#ajQ0\355\311\211\352@\036\313K1\024B\343N\323V\367s\355lu\324\374V\207\371F\260\325\345\213\261P\027\000\000\000\000\000\000\000\000\000\000\000\000\000\000\000\000\000\000\000\000\000\000\000\000\000\000\000\000\000\000\000\000P\031-}\351f\032\255\274\334m\326c\017\014ao[\342\230\003\245\245\3341Hm\326^\017jy\335\261s!\002i\265d-H\225\336\350\317n\272\016O\317\257\273\327\352\371\231\250\230(\240\353\331\024\207\241\020\304!vG0E\002!\000\316\245\230\375\274r\006\206{\275\240:\003\206\221\247\371\226v\304\342\034^\271\205\346\020lfJ\337\377\002 Iy\020+o\250\327\013\207\021\211^\204\031\017\260U\344\241\305*e\003\361\037\017K\252\025e\274\034""; "
1750576773444,1750576773444,2340,1,4,0,TMStatusChange,"newEvent: neLOST_SYNC; ledgerSeq: 2; ledgerHash: ""0\355\311\211\352@\036\313K1\024B\343N\323V\367s\355lu\324\374V\207\371F\260\325\345\213\261""; ledgerHashPrevious: ""-}\351f\032\255\274\334m\326c\017\014ao[\342\230\003\245\245\3341Hm\326^\017jy\335\261""; networkTime: 803891973; firstSeq: 1; lastSeq: 1; ","newEvent: neLOST_SYNC; ledgerSeq: 2; ledgerHash: ""0\355\311\211\352@\036\313K1\024B\343N\323V\367s\355lu\324\374V\207\371F\260\325\345\213\261""; ledgerHashPrevious: ""-}\351f\032\255\274\334m\326c\017\014ao[\342\230\003\245\245\3341Hm\326^\017jy\335\261""; networkTime: 803891973; firstSeq: 1; lastSeq: 1; "
1750576773444,1750576773444,490,1,4,3,TMValidation,"validation: """"\200\000\000\000&\000\000\000\002)/\352k\005:\225\031\312\0231#ajQ0\355\311\211\352@\036\313K1\024B\343N\323V\367s\355lu\324\374V\207\371F\260\325\345\213\261P\027\000\000\000\000\000\000\000\000\000\000\000\000\000\000\000\000\000\000\000\000\000\000\000\000\000\000\000\000\000\000\000\000P\031-}\351f\032\255\274\334m\326c\017\014ao[\342\230\003\245\245\3341Hm\326^\017jy\335\261s!\002i\265d-H\225\336\350\317n\272\016O\317\257\273\327\352\371\231\250\230(\240\353\331\024\207\241\020\304!vG0E\002!\000\316\245\230\375\274r\006\206{\275\240:\003\206\221\247\371\226v\304\342\034^\271\205\346\020lfJ\337\377\002 Iy\020+o\250\327\013\207\021\211^\204\031\017\260U\344\241\305*e\003\361\037\017K\252\025e\274\034""; ","validation: """"\200\000\000\000&\000\000\000\002)/\352k\005:\225\031\312\0231#ajQ0\355\311\211\352@\036\313K1\024B\343N\323V\367s\355lu\324\374V\207\371F\260\325\345\213\261P\027\000\000\000\000\000\000\000\000\000\000\000\000\000\000\000\000\000\000\000\000\000\000\000\000\000\000\000\000\000\000\000\000P\031-}\351f\032\255\274\334m\326c\017\014ao[\342\230\003\245\245\3341Hm\326^\017jy\335\261s!\002i\265d-H\225\336\350\317n\272\016O\317\257\273\327\352\371\231\250\230(\240\353\331\024\207\241\020\304!vG0E\002!\000\316\245\230\375\274r\006\206{\275\240:\003\206\221\247\371\226v\304\342\034^\271\205\346\020lfJ\337\377\002 Iy\020+o\250\327\013\207\021\211^\204\031\017\260U\344\241\305*e\003\361\037\017K\252\025e\274\034""; "
1750576773444,1750576773444,3970,1,4,1,TMStatusChange,"newEvent: neLOST_SYNC; ledgerSeq: 2; ledgerHash: ""0\355\311\211\352@\036\313K1\024B\343N\323V\367s\355lu\324\374V\207\371F\260\325\345\213\261""; ledgerHashPrevious: ""-}\351f\032\255\274\334m\326c\017\014ao[\342\230\003\245\245\3341Hm\326^\017jy\335\261""; networkTime: 803891973; firstSeq: 1; lastSeq: 1; ","newEvent: neLOST_SYNC; ledgerSeq: 2; ledgerHash: ""0\355\311\211\352@\036\313K1\024B\343N\323V\367s\355lu\324\374V\207\371F\260\325\345\213\261""; ledgerHashPrevious: ""-}\351f\032\255\274\334m\326c\017\014ao[\342\230\003\245\245\3341Hm\326^\017jy\335\261""; networkTime: 803891973; firstSeq: 1; lastSeq: 1; "
1750576773444,1750576773445,3345,1,4,1,TMValidation,"validation: """"\200\000\000\000&\000\000\000\002)/\352k\005:\225\031\312\0231#ajQ0\355\311\211\352@\036\313K1\024B\343N\323V\367s\355lu\324\374V\207\371F\260\325\345\213\261P\027\000\000\000\000\000\000\000\000\000\000\000\000\000\000\000\000\000\000\000\000\000\000\000\000\000\000\000\000\000\000\000\000P\031-}\351f\032\255\274\334m\326c\017\014ao[\342\230\003\245\245\3341Hm\326^\017jy\335\261s!\002i\265d-H\225\336\350\317n\272\016O\317\257\273\327\352\371\231\250\230(\240\353\331\024\207\241\020\304!vG0E\002!\000\316\245\230\375\274r\006\206{\275\240:\003\206\221\247\371\226v\304\342\034^\271\205\346\020lfJ\337\377\002 Iy\020+o\250\327\013\207\021\211^\204\031\017\260U\344\241\305*e\003\361\037\017K\252\025e\274\034""; ","validation: """"\200\000\000\000&\000\000\000\002)/\352k\005:\225\031\312\0231#ajQ0\355\311\211\352@\036\313K1\024B\343N\323V\367s\355lu\324\374V\207\371F\260\325\345\213\261P\027\000\000\000\000\000\000\000\000\000\000\000\000\000\000\000\000\000\000\000\000\000\000\000\000\000\000\000\000\000\000\000\000P\031-}\351f\032\255\274\334m\326c\017\014ao[\342\230\003\245\245\3341Hm\326^\017jy\335\261s!\002i\265d-H\225\336\350\317n\272\016O\317\257\273\327\352\371\231\250\230(\240\353\331\024\207\241\020\304!vG0E\002!\000\316\245\230\375\274r\006\206{\275\240:\003\206\221\247\371\226v\304\342\034^\271\205\346\020lfJ\337\377\002 Iy\020+o\250\327\013\207\021\211^\204\031\017\260U\344\241\305*e\003\361\037\017K\252\025e\274\034""; "
1750576773657,1750576773657,1309,1,3,2,TMStatusChange,"newEvent: neACCEPTED_LEDGER; ledgerSeq: 2; ledgerHash: ""0\355\311\211\352@\036\313K1\024B\343N\323V\367s\355lu\324\374V\207\371F\260\325\345\213\261""; ledgerHashPrevious: ""-}\351f\032\255\274\334m\326c\017\014ao[\342\230\003\245\245\3341Hm\326^\017jy\335\261""; networkTime: 803891973; firstSeq: 1; lastSeq: 1; ","newEvent: neACCEPTED_LEDGER; ledgerSeq: 2; ledgerHash: ""0\355\311\211\352@\036\313K1\024B\343N\323V\367s\355lu\324\374V\207\371F\260\325\345\213\261""; ledgerHashPrevious: ""-}\351f\032\255\274\334m\326c\017\014ao[\342\230\003\245\245\3341Hm\326^\017jy\335\261""; networkTime: 803891973; firstSeq: 1; lastSeq: 1; "
1750576773659,1750576773659,108,1,3,0,TMValidation,"validation: """"\200\000\000\000&\000\000\000\002)/\352k\005:\373\252\211\251\2041h\203Q0\355\311\211\352@\036\313K1\024B\343N\323V\367s\355lu\324\374V\207\371F\260\325\345\213\261P\027\000\000\000\000\000\000\000\000\000\000\000\000\000\000\000\000\000\000\000\000\000\000\000\000\000\000\000\000\000\000\000\000P\031-}\351f\032\255\274\334m\326c\017\014ao[\342\230\003\245\245\3341Hm\326^\017jy\335\261s!\003uv\3157M_,X\323\216\327\373A""\226\013\275\210\0079\020Q\007\035\231@s\266\345\000\272\252vF0D\002 i\020\3006@\035\200\365\273\03233c\273\326:&\200\322C\316\313\222\316S\227\200\001k\236p\311\002 %M(\260\303zf's\r\272\221\352\276\024\325\025\227\020\226\032\303]\006\335\306\301\2114\275B~""; ","validation: """"\200\000\000\000&\000\000\000\002)/\352k\005:\373\252\211\251\2041h\203Q0\355\311\211\352@\036\313K1\024B\343N\323V\367s\355lu\324\374V\207\371F\260\325\345\213\261P\027\000\000\000\000\000\000\000\000\000\000\000\000\000\000\000\000\000\000\000\000\000\000\000\000\000\000\000\000\000\000\000\000P\031-}\351f\032\255\274\334m\326c\017\014ao[\342\230\003\245\245\3341Hm\326^\017jy\335\261s!\003uv\3157M_,X\323\216\327\373A""\226\013\275\210\0079\020Q\007\035\231@s\266\345\000\272\252vF0D\002 i\020\3006@\035\200\365\273\03233c\273\326:&\200\322C\316\313\222\316S\227\200\001k\236p\311\002 %M(\260\303zf's\r\272\221\352\276\024\325\025\227\020\226\032\303]\006\335\306\301\2114\275B~""; "
1750576773658,1750576773658,1433,1,3,2,TMValidation,"validation: """"\200\000\000\000&\000\000\000\002)/\352k\005:\373\252\211\251\2041h\203Q0\355\311\211\352@\036\313K1\024B\343N\323V\367s\355lu\324\374V\207\371F\260\325\345\213\261P\027\000\000\000\000\000\000\000\000\000\000\000\000\000\000\000\000\000\000\000\000\000\000\000\000\000\000\000\000\000\000\000\000P\031-}\351f\032\255\274\334m\326c\017\014ao[\342\230\003\245\245\3341Hm\326^\017jy\335\261s!\003uv\3157M_,X\323\216\327\373A""\226\013\275\210\0079\020Q\007\035\231@s\266\345\000\272\252vF0D\002 i\020\3006@\035\200\365\273\03233c\273\326:&\200\322C\316\313\222\316S\227\200\001k\236p\311\002 %M(\260\303zf's\r\272\221\352\276\024\325\025\227\020\226\032\303]\006\335\306\301\2114\275B~""; ","validation: """"\200\000\000\000&\000\000\000\002)/\352k\005:\373\252\211\251\2041h\203Q0\355\311\211\352@\036\313K1\024B\343N\323V\367s\355lu\324\374V\207\371F\260\325\345\213\261P\027\000\000\000\000\000\000\000\000\000\000\000\000\000\000\000\000\000\000\000\000\000\000\000\000\000\000\000\000\000\000\000\000P\031-}\351f\032\255\274\334m\326c\017\014ao[\342\230\003\245\245\3341Hm\326^\017jy\335\261s!\003uv\3157M_,X\323\216\327\373A""\226\013\275\210\0079\020Q\007\035\231@s\266\345\000\272\252vF0D\002 i\020\3006@\035\200\365\273\03233c\273\326:&\200\322C\316\313\222\316S\227\200\001k\236p\311\002 %M(\260\303zf's\r\272\221\352\276\024\325\025\227\020\226\032\303]\006\335\306\301\2114\275B~""; "
1750576773659,1750576773659,513,1,3,0,TMStatusChange,"newEvent: neACCEPTED_LEDGER; ledgerSeq: 2; ledgerHash: ""0\355\311\211\352@\036\313K1\024B\343N\323V\367s\355lu\324\374V\207\371F\260\325\345\213\261""; ledgerHashPrevious: ""-}\351f\032\255\274\334m\326c\017\014ao[\342\230\003\245\245\3341Hm\326^\017jy\335\261""; networkTime: 803891973; firstSeq: 1; lastSeq: 1; ","newEvent: neACCEPTED_LEDGER; ledgerSeq: 2; ledgerHash: ""0\355\311\211\352@\036\313K1\024B\343N\323V\367s\355lu\324\374V\207\371F\260\325\345\213\261""; ledgerHashPrevious: ""-}\351f\032\255\274\334m\326c\017\014ao[\342\230\003\245\245\3341Hm\326^\017jy\335\261""; networkTime: 803891973; firstSeq: 1; lastSeq: 1; "
1750576773659,1750576773659,862,1,3,4,TMStatusChange,"newEvent: neACCEPTED_LEDGER; ledgerSeq: 2; ledgerHash: ""0\355\311\211\352@\036\313K1\024B\343N\323V\367s\355lu\324\374V\207\371F\260\325\345\213\261""; ledgerHashPrevious: ""-}\351f\032\255\274\334m\326c\017\014ao[\342\230\003\245\245\3341Hm\326^\017jy\335\261""; networkTime: 803891973; firstSeq: 1; lastSeq: 1; ","newEvent: neACCEPTED_LEDGER; ledgerSeq: 2; ledgerHash: ""0\355\311\211\352@\036\313K1\024B\343N\323V\367s\355lu\324\374V\207\371F\260\325\345\213\261""; ledgerHashPrevious: ""-}\351f\032\255\274\334m\326c\017\014ao[\342\230\003\245\245\3341Hm\326^\017jy\335\261""; networkTime: 803891973; firstSeq: 1; lastSeq: 1; "
1750576773658,1750576773658,139,1,3,4,TMValidation,"validation: """"\200\000\000\000&\000\000\000\002)/\352k\005:\373\252\211\251\2041h\203Q0\355\311\211\352@\036\313K1\024B\343N\323V\367s\355lu\324\374V\207\371F\260\325\345\213\261P\027\000\000\000\000\000\000\000\000\000\000\000\000\000\000\000\000\000\000\000\000\000\000\000\000\000\000\000\000\000\000\000\000P\031-}\351f\032\255\274\334m\326c\017\014ao[\342\230\003\245\245\3341Hm\326^\017jy\335\261s!\003uv\3157M_,X\323\216\327\373A""\226\013\275\210\0079\020Q\007\035\231@s\266\345\000\272\252vF0D\002 i\020\3006@\035\200\365\273\03233c\273\326:&\200\322C\316\313\222\316S\227\200\001k\236p\311\002 %M(\260\303zf's\r\272\221\352\276\024\325\025\227\020\226\032\303]\006\335\306\301\2114\275B~""; ","validation: """"\200\000\000\000&\000\000\000\002)/\352k\005:\373\252\211\251\2041h\203Q0\355\311\211\352@\036\313K1\024B\343N\323V\367s\355lu\324\374V\207\371F\260\325\345\213\261P\027\000\000\000\000\000\000\000\000\000\000\000\000\000\000\000\000\000\000\000\000\000\000\000\000\000\000\000\000\000\000\000\000P\031-}\351f\032\255\274\334m\326c\017\014ao[\342\230\003\245\245\3341Hm\326^\017jy\335\261s!\003uv\3157M_,X\323\216\327\373A""\226\013\275\210\0079\020Q\007\035\231@s\266\345\000\272\252vF0D\002 i\020\3006@\035\200\365\273\03233c\273\326:&\200\322C\316\313\222\316S\227\200\001k\236p\311\002 %M(\260\303zf's\r\272\221\352\276\024\325\025\227\020\226\032\303]\006\335\306\301\2114\275B~""; "
1750576773660,1750576773660,2989,1,3,1,TMStatusChange,"newEvent: neACCEPTED_LEDGER; ledgerSeq: 2; ledgerHash: ""0\355\311\211\352@\036\313K1\024B\343N\323V\367s\355lu\324\374V\207\371F\260\325\345\213\261""; ledgerHashPrevious: ""-}\351f\032\255\274\334m\326c\017\014ao[\342\230\003\245\245\3341Hm\326^\017jy\335\261""; networkTime: 803891973; firstSeq: 1; lastSeq: 1; ","newEvent: neACCEPTED_LEDGER; ledgerSeq: 2; ledgerHash: ""0\355\311\211\352@\036\313K1\024B\343N\323V\367s\355lu\324\374V\207\371F\260\325\345\213\261""; ledgerHashPrevious: ""-}\351f\032\255\274\334m\326c\017\014ao[\342\230\003\245\245\3341Hm\326^\017jy\335\261""; networkTime: 803891973; firstSeq: 1; lastSeq: 1; "
1750576773660,1750576773661,1360,1,3,1,TMValidation,"validation: """"\200\000\000\000&\000\000\000\002)/\352k\005:\373\252\211\251\2041h\203Q0\355\311\211\352@\036\313K1\024B\343N\323V\367s\355lu\324\374V\207\371F\260\325\345\213\261P\027\000\000\000\000\000\000\000\000\000\000\000\000\000\000\000\000\000\000\000\000\000\000\000\000\000\000\000\000\000\000\000\000P\031-}\351f\032\255\274\334m\326c\017\014ao[\342\230\003\245\245\3341Hm\326^\017jy\335\261s!\003uv\3157M_,X\323\216\327\373A""\226\013\275\210\0079\020Q\007\035\231@s\266\345\000\272\252vF0D\002 i\020\3006@\035\200\365\273\03233c\273\326:&\200\322C\316\313\222\316S\227\200\001k\236p\311\002 %M(\260\303zf's\r\272\221\352\276\024\325\025\227\020\226\032\303]\006\335\306\301\2114\275B~""; ","validation: """"\200\000\000\000&\000\000\000\002)/\352k\005:\373\252\211\251\2041h\203Q0\355\311\211\352@\036\313K1\024B\343N\323V\367s\355lu\324\374V\207\371F\260\325\345\213\261P\027\000\000\000\000\000\000\000\000\000\000\000\000\000\000\000\000\000\000\000\000\000\000\000\000\000\000\000\000\000\000\000\000P\031-}\351f\032\255\274\334m\326c\017\014ao[\342\230\003\245\245\3341Hm\326^\017jy\335\261s!\003uv\3157M_,X\323\216\327\373A""\226\013\275\210\0079\020Q\007\035\231@s\266\345\000\272\252vF0D\002 i\020\3006@\035\200\365\273\03233c\273\326:&\200\322C\316\313\222\316S\227\200\001k\236p\311\002 %M(\260\303zf's\r\272\221\352\276\024\325\025\227\020\226\032\303]\006\335\306\301\2114\275B~""; "
1750576773702,1750576773702,3673,1,2,1,TMLedgerData,"ledgerHash: ""0\355\311\211\352@\036\313K1\024B\343N\323V\367s\355lu\324\374V\207\371F\260\325\345\213\261""; ledgerSeq: 2; type: liBASE; nodes {;   nodedata: ""\000\000\000\002\001cEx]\212\000\000-}\351f\032\255\274\334m\326c\017\014ao[\342\230\003\245\245\3341Hm\326^\017jy\335\261\000\000\000\000\000\000\000\000\000\000\000\000\000\000\000\000\000\000\000\000\000\000\000\000\000\000\000\000\000\000\000\000{e\2655L\2440\340\020\277~\333\017WF\230\334\351\277\266\267\357{\321\317\275\374\330\255\231Z\226(\366\274\006/\352j\370\n\000""; }; nodes {;   nodedata: ""\303\016\021\310<Z\337\266>\225@&n\022\246\274\353\220\345b3\035\313\350L\354\254\002\005\305\035\017\002E\344\037@\210\363\010\336T\226\247'\204_{\261\370""1\235\2445\343\033Y!\212\201\341\272\225'\007>L\014O\253g\352\035\214I\361\342\213\274\243\225\r\327qi\207\254\211\347\300?w\214Ha~\260\013\003""; }; ","ledgerHash: ""0\355\311\211\352@\036\313K1\024B\343N\323V\367s\355lu\324\374V\207\371F\260\325\345\213\261""; ledgerSeq: 2; type: liBASE; nodes {;   nodedata: ""\000\000\000\002\001cEx]\212\000\000-}\351f\032\255\274\334m\326c\017\014ao[\342\230\003\245\245\3341Hm\326^\017jy\335\261\000\000\000\000\000\000\000\000\000\000\000\000\000\000\000\000\000\000\000\000\000\000\000\000\000\000\000\000\000\000\000\000{e\2655L\2440\340\020\277~\333\017WF\230\334\351\277\266\267\357{\321\317\275\374\330\255\231Z\226(\366\274\006/\352j\370\n\000""; }; nodes {;   nodedata: ""\303\016\021\310<Z\337\266>\225@&n\022\246\274\353\220\345b3\035\313\350L\354\254\002\005\305\035\017\002E\344\037@\210\363\010\336T\226\247'\204_{\261\370""1\235\2445\343\033Y!\212\201\341\272\225'\007>L\014O\253g\352\035\214I\361\342\213\274\243\225\r\327qi\207\254\211\347\300?w\214Ha~\260\013\003""; }; "
1750576773702,1750576773702,3673,1,2,1,TMLedgerData,"ledgerHash: ""0\355\311\211\352@\036\313K1\024B\343N\323V\367s\355lu\324\374V\207\371F\260\325\345\213\261""; ledgerSeq: 2; type: liBASE; nodes {;   nodedata: ""\000\000\000\002\001cEx]\212\000\000-}\351f\032\255\274\334m\326c\017\014ao[\342\230\003\245\245\3341Hm\326^\017jy\335\261\000\000\000\000\000\000\000\000\000\000\000\000\000\000\000\000\000\000\000\000\000\000\000\000\000\000\000\000\000\000\000\000{e\2655L\2440\340\020\277~\333\017WF\230\334\351\277\266\267\357{\321\317\275\374\330\255\231Z\226(\366\274\006/\352j\370\n\000""; }; nodes {;   nodedata: ""\303\016\021\310<Z\337\266>\225@&n\022\246\274\353\220\345b3\035\313\350L\354\254\002\005\305\035\017\002E\344\037@\210\363\010\336T\226\247'\204_{\261\370""1\235\2445\343\033Y!\212\201\341\272\225'\007>L\014O\253g\352\035\214I\361\342\213\274\243\225\r\327qi\207\254\211\347\300?w\214Ha~\260\013\003""; }; ","ledgerHash: ""0\355\311\211\352@\036\313K1\024B\343N\323V\367s\355lu\324\374V\207\371F\260\325\345\213\261""; ledgerSeq: 2; type: liBASE; nodes {;   nodedata: ""\000\000\000\002\001cEx]\212\000\000-}\351f\032\255\274\334m\326c\017\014ao[\342\230\003\245\245\3341Hm\326^\017jy\335\261\000\000\000\000\000\000\000\000\000\000\000\000\000\000\000\000\000\000\000\000\000\000\000\000\000\000\000\000\000\000\000\000{e\2655L\2440\340\020\277~\333\017WF\230\334\351\277\266\267\357{\321\317\275\374\330\255\231Z\226(\366\274\006/\352j\370\n\000""; }; nodes {;   nodedata: ""\303\016\021\310<Z\337\266>\225@&n\022\246\274\353\220\345b3\035\313\350L\354\254\002\005\305\035\017\002E\344\037@\210\363\010\336T\226\247'\204_{\261\370""1\235\2445\343\033Y!\212\201\341\272\225'\007>L\014O\253g\352\035\214I\361\342\213\274\243\225\r\327qi\207\254\211\347\300?w\214Ha~\260\013\003""; }; "
1750576773768,1750576773768,2019,1,0,4,TMValidation,"validation: """"\200\000\000\000&\000\000\000\002)/\352k\005:\373\252\211\251\2041h\203Q0\355\311\211\352@\036\313K1\024B\343N\323V\367s\355lu\324\374V\207\371F\260\325\345\213\261P\027\000\000\000\000\000\000\000\000\000\000\000\000\000\000\000\000\000\000\000\000\000\000\000\000\000\000\000\000\000\000\000\000P\031-}\351f\032\255\274\334m\326c\017\014ao[\342\230\003\245\245\3341Hm\326^\017jy\335\261s!\003uv\3157M_,X\323\216\327\373A""\226\013\275\210\0079\020Q\007\035\231@s\266\345\000\272\252vF0D\002 i\020\3006@\035\200\365\273\03233c\273\326:&\200\322C\316\313\222\316S\227\200\001k\236p\311\002 %M(\260\303zf's\r\272\221\352\276\024\325\025\227\020\226\032\303]\006\335\306\301\2114\275B~""; ","validation: """"\200\000\000\000&\000\000\000\002)/\352k\005:\373\252\211\251\2041h\203Q0\355\311\211\352@\036\313K1\024B\343N\323V\367s\355lu\324\374V\207\371F\260\325\345\213\261P\027\000\000\000\000\000\000\000\000\000\000\000\000\000\000\000\000\000\000\000\000\000\000\000\000\000\000\000\000\000\000\000\000P\031-}\351f\032\255\274\334m\326c\017\014ao[\342\230\003\245\245\3341Hm\326^\017jy\335\261s!\003uv\3157M_,X\323\216\327\373A""\226\013\275\210\0079\020Q\007\035\231@s\266\345\000\272\252vF0D\002 i\020\3006@\035\200\365\273\03233c\273\326:&\200\322C\316\313\222\316S\227\200\001k\236p\311\002 %M(\260\303zf's\r\272\221\352\276\024\325\025\227\020\226\032\303]\006\335\306\301\2114\275B~""; "
1750576773768,1750576773768,219,1,0,1,TMValidation,"validation: """"\200\000\000\000&\000\000\000\002)/\352k\005:\373\252\211\251\2041h\203Q0\355\311\211\352@\036\313K1\024B\343N\323V\367s\355lu\324\374V\207\371F\260\325\345\213\261P\027\000\000\000\000\000\000\000\000\000\000\000\000\000\000\000\000\000\000\000\000\000\000\000\000\000\000\000\000\000\000\000\000P\031-}\351f\032\255\274\334m\326c\017\014ao[\342\230\003\245\245\3341Hm\326^\017jy\335\261s!\003uv\3157M_,X\323\216\327\373A""\226\013\275\210\0079\020Q\007\035\231@s\266\345\000\272\252vF0D\002 i\020\3006@\035\200\365\273\03233c\273\326:&\200\322C\316\313\222\316S\227\200\001k\236p\311\002 %M(\260\303zf's\r\272\221\352\276\024\325\025\227\020\226\032\303]\006\335\306\301\2114\275B~""; ","validation: """"\200\000\000\000&\000\000\000\002)/\352k\005:\373\252\211\251\2041h\203Q0\355\311\211\352@\036\313K1\024B\343N\323V\367s\355lu\324\374V\207\371F\260\325\345\213\261P\027\000\000\000\000\000\000\000\000\000\000\000\000\000\000\000\000\000\000\000\000\000\000\000\000\000\000\000\000\000\000\000\000P\031-}\351f\032\255\274\334m\326c\017\014ao[\342\230\003\245\245\3341Hm\326^\017jy\335\261s!\003uv\3157M_,X\323\216\327\373A""\226\013\275\210\0079\020Q\007\035\231@s\266\345\000\272\252vF0D\002 i\020\3006@\035\200\365\273\03233c\273\326:&\200\322C\316\313\222\316S\227\200\001k\236p\311\002 %M(\260\303zf's\r\272\221\352\276\024\325\025\227\020\226\032\303]\006\335\306\301\2114\275B~""; "
1750576773768,1750576773768,3783,1,0,2,TMValidation,"validation: """"\200\000\000\000&\000\000\000\002)/\352k\005:\373\252\211\251\2041h\203Q0\355\311\211\352@\036\313K1\024B\343N\323V\367s\355lu\324\374V\207\371F\260\325\345\213\261P\027\000\000\000\000\000\000\000\000\000\000\000\000\000\000\000\000\000\000\000\000\000\000\000\000\000\000\000\000\000\000\000\000P\031-}\351f\032\255\274\334m\326c\017\014ao[\342\230\003\245\245\3341Hm\326^\017jy\335\261s!\003uv\3157M_,X\323\216\327\373A""\226\013\275\210\0079\020Q\007\035\231@s\266\345\000\272\252vF0D\002 i\020\3006@\035\200\365\273\03233c\273\326:&\200\322C\316\313\222\316S\227\200\001k\236p\311\002 %M(\260\303zf's\r\272\221\352\276\024\325\025\227\020\226\032\303]\006\335\306\301\2114\275B~""; ","validation: """"\200\000\000\000&\000\000\000\002)/\352k\005:\373\252\211\251\2041h\203Q0\355\311\211\352@\036\313K1\024B\343N\323V\367s\355lu\324\374V\207\371F\260\325\345\213\261P\027\000\000\000\000\000\000\000\000\000\000\000\000\000\000\000\000\000\000\000\000\000\000\000\000\000\000\000\000\000\000\000\000P\031-}\351f\032\255\274\334m\326c\017\014ao[\342\230\003\245\245\3341Hm\326^\017jy\335\261s!\003uv\3157M_,X\323\216\327\373A""\226\013\275\210\0079\020Q\007\035\231@s\266\345\000\272\252vF0D\002 i\020\3006@\035\200\365\273\03233c\273\326:&\200\322C\316\313\222\316S\227\200\001k\236p\311\002 %M(\260\303zf's\r\272\221\352\276\024\325\025\227\020\226\032\303]\006\335\306\301\2114\275B~""; "
1750576773779,1750576773779,494,1,1,4,TMValidation,"validation: """"\200\000\000\000&\000\000\000\002)/\352k\005:F\231\033)\227\311<\340Q0\355\311\211\352@\036\313K1\024B\343N\323V\367s\355lu\324\374V\207\371F\260\325\345\213\261P\027\000\000\000\000\000\000\000\000\000\000\000\000\000\000\000\000\000\000\000\000\000\000\000\000\000\000\000\000\000\000\000\000P\031-}\351f\032\255\274\334m\326c\017\014ao[\342\230\003\245\245\3341Hm\326^\017jy\335\261s!\002\246\346\346\007\2326A*\334\272\022\321\346\247[\222\030\343\261w\244R\r\357}\243\273\253\020\375b6vG0E\002!\000\234<\356\312;\237\235\361\254;\334\223\267[\332\034 \227\307\257,\035\211\3310\353\023r\347\317\316\324\002 ""\036\336K4\0238\330K\031MuJ\265'[\261\321\323\217\201\022{\032Q<\362W\nd\351k""; ","validation: """"\200\000\000\000&\000\000\000\002)/\352k\005:F\231\033)\227\311<\340Q0\355\311\211\352@\036\313K1\024B\343N\323V\367s\355lu\324\374V\207\371F\260\325\345\213\261P\027\000\000\000\000\000\000\000\000\000\000\000\000\000\000\000\000\000\000\000\000\000\000\000\000\000\000\000\000\000\000\000\000P\031-}\351f\032\255\274\334m\326c\017\014ao[\342\230\003\245\245\3341Hm\326^\017jy\335\261s!\002\246\346\346\007\2326A*\334\272\022\321\346\247[\222\030\343\261w\244R\r\357}\243\273\253\020\375b6vG0E\002!\000\234<\356\312;\237\235\361\254;\334\223\267[\332\034 \227\307\257,\035\211\3310\353\023r\347\317\316\324\002 ""\036\336K4\0238\330K\031MuJ\265'[\261\321\323\217\201\022{\032Q<\362W\nd\351k""; "
1750576773779,1750576773779,3831,1,1,0,TMValidation,"validation: """"\200\000\000\000&\000\000\000\002)/\352k\005:F\231\033)\227\311<\340Q0\355\311\211\352@\036\313K1\024B\343N\323V\367s\355lu\324\374V\207\371F\260\325\345\213\261P\027\000\000\000\000\000\000\000\000\000\000\000\000\000\000\000\000\000\000\000\000\000\000\000\000\000\000\000\000\000\000\000\000P\031-}\351f\032\255\274\334m\326c\017\014ao[\342\230\003\245\245\3341Hm\326^\017jy\335\261s!\002\246\346\346\007\2326A*\334\272\022\321\346\247[\222\030\343\261w\244R\r\357}\243\273\253\020\375b6vG0E\002!\000\234<\356\312;\237\235\361\254;\334\223\267[\332\034 \227\307\257,\035\211\3310\353\023r\347\317\316\324\002 ""\036\336K4\0238\330K\031MuJ\265'[\261\321\323\217\201\022{\032Q<\362W\nd\351k""; ","validation: """"\200\000\000\000&\000\000\000\002)/\352k\005:F\231\033)\227\311<\340Q0\355\311\211\352@\036\313K1\024B\343N\323V\367s\355lu\324\374V\207\371F\260\325\345\213\261P\027\000\000\000\000\000\000\000\000\000\000\000\000\000\000\000\000\000\000\000\000\000\000\000\000\000\000\000\000\000\000\000\000P\031-}\351f\032\255\274\334m\326c\017\014ao[\342\230\003\245\245\3341Hm\326^\017jy\335\261s!\002\246\346\346\007\2326A*\334\272\022\321\346\247[\222\030\343\261w\244R\r\357}\243\273\253\020\375b6vG0E\002!\000\234<\356\312;\237\235\361\254;\334\223\267[\332\034 \227\307\257,\035\211\3310\353\023r\347\317\316\324\002 ""\036\336K4\0238\330K\031MuJ\265'[\261\321\323\217\201\022{\032Q<\362W\nd\351k""; "
1750576773779,1750576773779,2156,1,1,3,TMValidation,"validation: """"\200\000\000\000&\000\000\000\002)/\352k\005:F\231\033)\227\311<\340Q0\355\311\211\352@\036\313K1\024B\343N\323V\367s\355lu\324\374V\207\371F\260\325\345\213\261P\027\000\000\000\000\000\000\000\000\000\000\000\000\000\000\000\000\000\000\000\000\000\000\000\000\000\000\000\000\000\000\000\000P\031-}\351f\032\255\274\334m\326c\017\014ao[\342\230\003\245\245\3341Hm\326^\017jy\335\261s!\002\246\346\346\007\2326A*\334\272\022\321\346\247[\222\030\343\261w\244R\r\357}\243\273\253\020\375b6vG0E\002!\000\234<\356\312;\237\235\361\254;\334\223\267[\332\034 \227\307\257,\035\211\3310\353\023r\347\317\316\324\002 ""\036\336K4\0238\330K\031MuJ\265'[\261\321\323\217\201\022{\032Q<\362W\nd\351k""; ","validation: """"\200\000\000\000&\000\000\000\002)/\352k\005:F\231\033)\227\311<\340Q0\355\311\211\352@\036\313K1\024B\343N\323V\367s\355lu\324\374V\207\371F\260\325\345\213\261P\027\000\000\000\000\000\000\000\000\000\000\000\000\000\000\000\000\000\000\000\000\000\000\000\000\000\000\000\000\000\000\000\000P\031-}\351f\032\255\274\334m\326c\017\014ao[\342\230\003\245\245\3341Hm\326^\017jy\335\261s!\002\246\346\346\007\2326A*\334\272\022\321\346\247[\222\030\343\261w\244R\r\357}\243\273\253\020\375b6vG0E\002!\000\234<\356\312;\237\235\361\254;\334\223\267[\332\034 \227\307\257,\035\211\3310\353\023r\347\317\316\324\002 ""\036\336K4\0238\330K\031MuJ\265'[\261\321\323\217\201\022{\032Q<\362W\nd\351k""; "
1750576773799,1750576773799,1879,1,4,2,TMValidation,"validation: """"\200\000\000\000&\000\000\000\002)/\352k\005:\373\252\211\251\2041h\203Q0\355\311\211\352@\036\313K1\024B\343N\323V\367s\355lu\324\374V\207\371F\260\325\345\213\261P\027\000\000\000\000\000\000\000\000\000\000\000\000\000\000\000\000\000\000\000\000\000\000\000\000\000\000\000\000\000\000\000\000P\031-}\351f\032\255\274\334m\326c\017\014ao[\342\230\003\245\245\3341Hm\326^\017jy\335\261s!\003uv\3157M_,X\323\216\327\373A""\226\013\275\210\0079\020Q\007\035\231@s\266\345\000\272\252vF0D\002 i\020\3006@\035\200\365\273\03233c\273\326:&\200\322C\316\313\222\316S\227\200\001k\236p\311\002 %M(\260\303zf's\r\272\221\352\276\024\325\025\227\020\226\032\303]\006\335\306\301\2114\275B~""; ","validation: """"\200\000\000\000&\000\000\000\002)/\352k\005:\373\252\211\251\2041h\203Q0\355\311\211\352@\036\313K1\024B\343N\323V\367s\355lu\324\374V\207\371F\260\325\345\213\261P\027\000\000\000\000\000\000\000\000\000\000\000\000\000\000\000\000\000\000\000\000\000\000\000\000\000\000\000\000\000\000\000\000P\031-}\351f\032\255\274\334m\326c\017\014ao[\342\230\003\245\245\3341Hm\326^\017jy\335\261s!\003uv\3157M_,X\323\216\327\373A""\226\013\275\210\0079\020Q\007\035\231@s\266\345\000\272\252vF0D\002 i\020\3006@\035\200\365\273\03233c\273\326:&\200\322C\316\313\222\316S\227\200\001k\236p\311\002 %M(\260\303zf's\r\272\221\352\276\024\325\025\227\020\226\032\303]\006\335\306\301\2114\275B~""; "
1750576773799,1750576773800,3345,1,4,1,TMValidation,"validation: """"\200\000\000\000&\000\000\000\002)/\352k\005:\373\252\211\251\2041h\203Q0\355\311\211\352@\036\313K1\024B\343N\323V\367s\355lu\324\374V\207\371F\260\325\345\213\261P\027\000\000\000\000\000\000\000\000\000\000\000\000\000\000\000\000\000\000\000\000\000\000\000\000\000\000\000\000\000\000\000\000P\031-}\351f\032\255\274\334m\326c\017\014ao[\342\230\003\245\245\3341Hm\326^\017jy\335\261s!\003uv\3157M_,X\323\216\327\373A""\226\013\275\210\0079\020Q\007\035\231@s\266\345\000\272\252vF0D\002 i\020\3006@\035\200\365\273\03233c\273\326:&\200\322C\316\313\222\316S\227\200\001k\236p\311\002 %M(\260\303zf's\r\272\221\352\276\024\325\025\227\020\226\032\303]\006\335\306\301\2114\275B~""; ","validation: """"\200\000\000\000&\000\000\000\002)/\352k\005:\373\252\211\251\2041h\203Q0\355\311\211\352@\036\313K1\024B\343N\323V\367s\355lu\324\374V\207\371F\260\325\345\213\261P\027\000\000\000\000\000\000\000\000\000\000\000\000\000\000\000\000\000\000\000\000\000\000\000\000\000\000\000\000\000\000\000\000P\031-}\351f\032\255\274\334m\326c\017\014ao[\342\230\003\245\245\3341Hm\326^\017jy\335\261s!\003uv\3157M_,X\323\216\327\373A""\226\013\275\210\0079\020Q\007\035\231@s\266\345\000\272\252vF0D\002 i\020\3006@\035\200\365\273\03233c\273\326:&\200\322C\316\313\222\316S\227\200\001k\236p\311\002 %M(\260\303zf's\r\272\221\352\276\024\325\025\227\020\226\032\303]\006\335\306\301\2114\275B~""; "
1750576773800,1750576773800,1044,1,4,0,TMValidation,"validation: """"\200\000\000\000&\000\000\000\002)/\352k\005:\373\252\211\251\2041h\203Q0\355\311\211\352@\036\313K1\024B\343N\323V\367s\355lu\324\374V\207\371F\260\325\345\213\261P\027\000\000\000\000\000\000\000\000\000\000\000\000\000\000\000\000\000\000\000\000\000\000\000\000\000\000\000\000\000\000\000\000P\031-}\351f\032\255\274\334m\326c\017\014ao[\342\230\003\245\245\3341Hm\326^\017jy\335\261s!\003uv\3157M_,X\323\216\327\373A""\226\013\275\210\0079\020Q\007\035\231@s\266\345\000\272\252vF0D\002 i\020\3006@\035\200\365\273\03233c\273\326:&\200\322C\316\313\222\316S\227\200\001k\236p\311\002 %M(\260\303zf's\r\272\221\352\276\024\325\025\227\020\226\032\303]\006\335\306\301\2114\275B~""; ","validation: """"\200\000\000\000&\000\000\000\002)/\352k\005:\373\252\211\251\2041h\203Q0\355\311\211\352@\036\313K1\024B\343N\323V\367s\355lu\324\374V\207\371F\260\325\345\213\261P\027\000\000\000\000\000\000\000\000\000\000\000\000\000\000\000\000\000\000\000\000\000\000\000\000\000\000\000\000\000\000\000\000P\031-}\351f\032\255\274\334m\326c\017\014ao[\342\230\003\245\245\3341Hm\326^\017jy\335\261s!\003uv\3157M_,X\323\216\327\373A""\226\013\275\210\0079\020Q\007\035\231@s\266\345\000\272\252vF0D\002 i\020\3006@\035\200\365\273\03233c\273\326:&\200\322C\316\313\222\316S\227\200\001k\236p\311\002 %M(\260\303zf's\r\272\221\352\276\024\325\025\227\020\226\032\303]\006\335\306\301\2114\275B~""; "
1750576773869,1750576773869,1137,1,1,4,TMStatusChange,"newEvent: neLOST_SYNC; ledgerSeq: 2; ledgerHash: ""0\355\311\211\352@\036\313K1\024B\343N\323V\367s\355lu\324\374V\207\371F\260\325\345\213\261""; ledgerHashPrevious: ""-}\351f\032\255\274\334m\326c\017\014ao[\342\230\003\245\245\3341Hm\326^\017jy\335\261""; networkTime: 803891973; firstSeq: 1; lastSeq: 1; ","newEvent: neLOST_SYNC; ledgerSeq: 2; ledgerHash: ""0\355\311\211\352@\036\313K1\024B\343N\323V\367s\355lu\324\374V\207\371F\260\325\345\213\261""; ledgerHashPrevious: ""-}\351f\032\255\274\334m\326c\017\014ao[\342\230\003\245\245\3341Hm\326^\017jy\335\261""; networkTime: 803891973; firstSeq: 1; lastSeq: 1; "
1750576773869,1750576773870,1638,1,1,3,TMStatusChange,"newEvent: neLOST_SYNC; ledgerSeq: 2; ledgerHash: ""0\355\311\211\352@\036\313K1\024B\343N\323V\367s\355lu\324\374V\207\371F\260\325\345\213\261""; ledgerHashPrevious: ""-}\351f\032\255\274\334m\326c\017\014ao[\342\230\003\245\245\3341Hm\326^\017jy\335\261""; networkTime: 803891973; firstSeq: 1; lastSeq: 1; ","newEvent: neLOST_SYNC; ledgerSeq: 2; ledgerHash: ""0\355\311\211\352@\036\313K1\024B\343N\323V\367s\355lu\324\374V\207\371F\260\325\345\213\261""; ledgerHashPrevious: ""-}\351f\032\255\274\334m\326c\017\014ao[\342\230\003\245\245\3341Hm\326^\017jy\335\261""; networkTime: 803891973; firstSeq: 1; lastSeq: 1; "
1750576773870,1750576773870,2156,1,1,3,TMValidation,"validation: """"\200\000\000\000&\000\000\000\002)/\352k\005:~\324\314\253\264\317\217]Q0\355\311\211\352@\036\313K1\024B\343N\323V\367s\355lu\324\374V\207\371F\260\325\345\213\261P\027\000\000\000\000\000\000\000\000\000\000\000\000\000\000\000\000\000\000\000\000\000\000\000\000\000\000\000\000\000\000\000\000P\031-}\351f\032\255\274\334m\326c\017\014ao[\342\230\003\245\245\3341Hm\326^\017jy\335\261s!\003\031\332\276_\315\363\210\315\246\030F\330\251\017g\263\037\257\332\007 \253\203\233\205\365\344\036\245\374\253\323vG0E\002!\000\207|\004~NyH.\226\3059\320LO\253\356\004\331\263\240\216H\202\214\264\352q\2656k`\337\002 Pz\252\370\230e\341\363\007\256N/H6\037.\222\216\252|\373%#.\300]\372\325\217\224h\357""; ","validation: """"\200\000\000\000&\000\000\000\002)/\352k\005:~\324\314\253\264\317\217]Q0\355\311\211\352@\036\313K1\024B\343N\323V\367s\355lu\324\374V\207\371F\260\325\345\213\261P\027\000\000\000\000\000\000\000\000\000\000\000\000\000\000\000\000\000\000\000\000\000\000\000\000\000\000\000\000\000\000\000\000P\031-}\351f\032\255\274\334m\326c\017\014ao[\342\230\003\245\245\3341Hm\326^\017jy\335\261s!\003\031\332\276_\315\363\210\315\246\030F\330\251\017g\263\037\257\332\007 \253\203\233\205\365\344\036\245\374\253\323vG0E\002!\000\207|\004~NyH.\226\3059\320LO\253\356\004\331\263\240\216H\202\214\264\352q\2656k`\337\002 Pz\252\370\230e\341\363\007\256N/H6\037.\222\216\252|\373%#.\300]\372\325\217\224h\357""; "
1750576773870,1750576773870,2386,1,1,0,TMStatusChange,"newEvent: neLOST_SYNC; ledgerSeq: 2; ledgerHash: ""0\355\311\211\352@\036\313K1\024B\343N\323V\367s\355lu\324\374V\207\371F\260\325\345\213\261""; ledgerHashPrevious: ""-}\351f\032\255\274\334m\326c\017\014ao[\342\230\003\245\245\3341Hm\326^\017jy\335\261""; networkTime: 803891973; firstSeq: 1; lastSeq: 1; ","newEvent: neLOST_SYNC; ledgerSeq: 2; ledgerHash: ""0\355\311\211\352@\036\313K1\024B\343N\323V\367s\355lu\324\374V\207\371F\260\325\345\213\261""; ledgerHashPrevious: ""-}\351f\032\255\274\334m\326c\017\014ao[\342\230\003\245\245\3341Hm\326^\017jy\335\261""; networkTime: 803891973; firstSeq: 1; lastSeq: 1; "
1750576773871,1750576773871,3831,1,1,0,TMValidation,"validation: """"\200\000\000\000&\000\000\000\002)/\352k\005:~\324\314\253\264\317\217]Q0\355\311\211\352@\036\313K1\024B\343N\323V\367s\355lu\324\374V\207\371F\260\325\345\213\261P\027\000\000\000\000\000\000\000\000\000\000\000\000\000\000\000\000\000\000\000\000\000\000\000\000\000\000\000\000\000\000\000\000P\031-}\351f\032\255\274\334m\326c\017\014ao[\342\230\003\245\245\3341Hm\326^\017jy\335\261s!\003\031\332\276_\315\363\210\315\246\030F\330\251\017g\263\037\257\332\007 \253\203\233\205\365\344\036\245\374\253\323vG0E\002!\000\207|\004~NyH.\226\3059\320LO\253\356\004\331\263\240\216H\202\214\264\352q\2656k`\337\002 Pz\252\370\230e\341\363\007\256N/H6\037.\222\216\252|\373%#.\300]\372\325\217\224h\357""; ","validation: """"\200\000\000\000&\000\000\000\002)/\352k\005:~\324\314\253\264\317\217]Q0\355\311\211\352@\036\313K1\024B\343N\323V\367s\355lu\324\374V\207\371F\260\325\345\213\261P\027\000\000\000\000\000\000\000\000\000\000\000\000\000\000\000\000\000\000\000\000\000\000\000\000\000\000\000\000\000\000\000\000P\031-}\351f\032\255\274\334m\326c\017\014ao[\342\230\003\245\245\3341Hm\326^\017jy\335\261s!\003\031\332\276_\315\363\210\315\246\030F\330\251\017g\263\037\257\332\007 \253\203\233\205\365\344\036\245\374\253\323vG0E\002!\000\207|\004~NyH.\226\3059\320LO\253\356\004\331\263\240\216H\202\214\264\352q\2656k`\337\002 Pz\252\370\230e\341\363\007\256N/H6\037.\222\216\252|\373%#.\300]\372\325\217\224h\357""; "
1750576773871,1750576773871,494,1,1,4,TMValidation,"validation: """"\200\000\000\000&\000\000\000\002)/\352k\005:~\324\314\253\264\317\217]Q0\355\311\211\352@\036\313K1\024B\343N\323V\367s\355lu\324\374V\207\371F\260\325\345\213\261P\027\000\000\000\000\000\000\000\000\000\000\000\000\000\000\000\000\000\000\000\000\000\000\000\000\000\000\000\000\000\000\000\000P\031-}\351f\032\255\274\334m\326c\017\014ao[\342\230\003\245\245\3341Hm\326^\017jy\335\261s!\003\031\332\276_\315\363\210\315\246\030F\330\251\017g\263\037\257\332\007 \253\203\233\205\365\344\036\245\374\253\323vG0E\002!\000\207|\004~NyH.\226\3059\320LO\253\356\004\331\263\240\216H\202\214\264\352q\2656k`\337\002 Pz\252\370\230e\341\363\007\256N/H6\037.\222\216\252|\373%#.\300]\372\325\217\224h\357""; ","validation: """"\200\000\000\000&\000\000\000\002)/\352k\005:~\324\314\253\264\317\217]Q0\355\311\211\352@\036\313K1\024B\343N\323V\367s\355lu\324\374V\207\371F\260\325\345\213\261P\027\000\000\000\000\000\000\000\000\000\000\000\000\000\000\000\000\000\000\000\000\000\000\000\000\000\000\000\000\000\000\000\000P\031-}\351f\032\255\274\334m\326c\017\014ao[\342\230\003\245\245\3341Hm\326^\017jy\335\261s!\003\031\332\276_\315\363\210\315\246\030F\330\251\017g\263\037\257\332\007 \253\203\233\205\365\344\036\245\374\253\323vG0E\002!\000\207|\004~NyH.\226\3059\320LO\253\356\004\331\263\240\216H\202\214\264\352q\2656k`\337\002 Pz\252\370\230e\341\363\007\256N/H6\037.\222\216\252|\373%#.\300]\372\325\217\224h\357""; "
1750576773872,1750576773872,1000,1,1,2,TMValidation,"validation: """"\200\000\000\000&\000\000\000\002)/\352k\005:~\324\314\253\264\317\217]Q0\355\311\211\352@\036\313K1\024B\343N\323V\367s\355lu\324\374V\207\371F\260\325\345\213\261P\027\000\000\000\000\000\000\000\000\000\000\000\000\000\000\000\000\000\000\000\000\000\000\000\000\000\000\000\000\000\000\000\000P\031-}\351f\032\255\274\334m\326c\017\014ao[\342\230\003\245\245\3341Hm\326^\017jy\335\261s!\003\031\332\276_\315\363\210\315\246\030F\330\251\017g\263\037\257\332\007 \253\203\233\205\365\344\036\245\374\253\323vG0E\002!\000\207|\004~NyH.\226\3059\320LO\253\356\004\331\263\240\216H\202\214\264\352q\2656k`\337\002 Pz\252\370\230e\341\363\007\256N/H6\037.\222\216\252|\373%#.\300]\372\325\217\224h\357""; ","validation: """"\200\000\000\000&\000\000\000\002)/\352k\005:~\324\314\253\264\317\217]Q0\355\311\211\352@\036\313K1\024B\343N\323V\367s\355lu\324\374V\207\371F\260\325\345\213\261P\027\000\000\000\000\000\000\000\000\000\000\000\000\000\000\000\000\000\000\000\000\000\000\000\000\000\000\000\000\000\000\000\000P\031-}\351f\032\255\274\334m\326c\017\014ao[\342\230\003\245\245\3341Hm\326^\017jy\335\261s!\003\031\332\276_\315\363\210\315\246\030F\330\251\017g\263\037\257\332\007 \253\203\233\205\365\344\036\245\374\253\323vG0E\002!\000\207|\004~NyH.\226\3059\320LO\253\356\004\331\263\240\216H\202\214\264\352q\2656k`\337\002 Pz\252\370\230e\341\363\007\256N/H6\037.\222\216\252|\373%#.\300]\372\325\217\224h\357""; "
1750576773872,1750576773872,2844,1,1,2,TMStatusChange,"newEvent: neLOST_SYNC; ledgerSeq: 2; ledgerHash: ""0\355\311\211\352@\036\313K1\024B\343N\323V\367s\355lu\324\374V\207\371F\260\325\345\213\261""; ledgerHashPrevious: ""-}\351f\032\255\274\334m\326c\017\014ao[\342\230\003\245\245\3341Hm\326^\017jy\335\261""; networkTime: 803891973; firstSeq: 1; lastSeq: 1; ","newEvent: neLOST_SYNC; ledgerSeq: 2; ledgerHash: ""0\355\311\211\352@\036\313K1\024B\343N\323V\367s\355lu\324\374V\207\371F\260\325\345\213\261""; ledgerHashPrevious: ""-}\351f\032\255\274\334m\326c\017\014ao[\342\230\003\245\245\3341Hm\326^\017jy\335\261""; networkTime: 803891973; firstSeq: 1; lastSeq: 1; "
1750576773895,1750576773895,490,1,4,3,TMValidation,"validation: """"\200\000\000\000&\000\000\000\002)/\352k\005:\030\016l\375\261lU\035Q0\355\311\211\352@\036\313K1\024B\343N\323V\367s\355lu\324\374V\207\371F\260\325\345\213\261P\027\000\000\000\000\000\000\000\000\000\000\000\000\000\000\000\000\000\000\000\000\000\000\000\000\000\000\000\000\000\000\000\000P\031-}\351f\032\255\274\334m\326c\017\014ao[\342\230\003\245\245\3341Hm\326^\017jy\335\261s!\002\005\363\0222\231\333G\357\305\020\014\241\033\231\261Z#\243\036\0267\020\210\265\022\240%\336\332\221\202\352vF0D\002 `u\204\327&\000Dw\323\315z\032\013\014\364\r\024\327\223u7\003\342\374\300W\021V\001\264V\254\002 e`\003\020f\220\207\251\347\302\243\374\032\306\304\352\277\032\275\233\241C]\004\347+2A\270\3424\t""; ","validation: """"\200\000\000\000&\000\000\000\002)/\352k\005:\030\016l\375\261lU\035Q0\355\311\211\352@\036\313K1\024B\343N\323V\367s\355lu\324\374V\207\371F\260\325\345\213\261P\027\000\000\000\000\000\000\000\000\000\000\000\000\000\000\000\000\000\000\000\000\000\000\000\000\000\000\000\000\000\000\000\000P\031-}\351f\032\255\274\334m\326c\017\014ao[\342\230\003\245\245\3341Hm\326^\017jy\335\261s!\002\005\363\0222\231\333G\357\305\020\014\241\033\231\261Z#\243\036\0267\020\210\265\022\240%\336\332\221\202\352vF0D\002 `u\204\327&\000Dw\323\315z\032\013\014\364\r\024\327\223u7\003\342\374\300W\021V\001\264V\254\002 e`\003\020f\220\207\251\347\302\243\374\032\306\304\352\277\032\275\233\241C]\004\347+2A\270\3424\t""; "
1750576773896,1750576773896,1879,1,4,2,TMValidation,"validation: """"\200\000\000\000&\000\000\000\002)/\352k\005:\030\016l\375\261lU\035Q0\355\311\211\352@\036\313K1\024B\343N\323V\367s\355lu\324\374V\207\371F\260\325\345\213\261P\027\000\000\000\000\000\000\000\000\000\000\000\000\000\000\000\000\000\000\000\000\000\000\000\000\000\000\000\000\000\000\000\000P\031-}\351f\032\255\274\334m\326c\017\014ao[\342\230\003\245\245\3341Hm\326^\017jy\335\261s!\002\005\363\0222\231\333G\357\305\020\014\241\033\231\261Z#\243\036\0267\020\210\265\022\240%\336\332\221\202\352vF0D\002 `u\204\327&\000Dw\323\315z\032\013\014\364\r\024\327\223u7\003\342\374\300W\021V\001\264V\254\002 e`\003\020f\220\207\251\347\302\243\374\032\306\304\352\277\032\275\233\241C]\004\347+2A\270\3424\t""; ","validation: """"\200\000\000\000&\000\000\000\002)/\352k\005:\030\016l\375\261lU\035Q0\355\311\211\352@\036\313K1\024B\343N\323V\367s\355lu\324\374V\207\371F\260\325\345\213\261P\027\000\000\000\000\000\000\000\000\000\000\000\000\000\000\000\000\000\000\000\000\000\000\000\000\000\000\000\000\000\000\000\000P\031-}\351f\032\255\274\334m\326c\017\014ao[\342\230\003\245\245\3341Hm\326^\017jy\335\261s!\002\005\363\0222\231\333G\357\305\020\014\241\033\231\261Z#\243\036\0267\020\210\265\022\240%\336\332\221\202\352vF0D\002 `u\204\327&\000Dw\323\315z\032\013\014\364\r\024\327\223u7\003\342\374\300W\021V\001\264V\254\002 e`\003\020f\220\207\251\347\302\243\374\032\306\304\352\277\032\275\233\241C]\004\347+2A\270\3424\t""; "
1750576773896,1750576773896,1044,1,4,0,TMValidation,"validation: """"\200\000\000\000&\000\000\000\002)/\352k\005:\030\016l\375\261lU\035Q0\355\311\211\352@\036\313K1\024B\343N\323V\367s\355lu\324\374V\207\371F\260\325\345\213\261P\027\000\000\000\000\000\000\000\000\000\000\000\000\000\000\000\000\000\000\000\000\000\000\000\000\000\000\000\000\000\000\000\000P\031-}\351f\032\255\274\334m\326c\017\014ao[\342\230\003\245\245\3341Hm\326^\017jy\335\261s!\002\005\363\0222\231\333G\357\305\020\014\241\033\231\261Z#\243\036\0267\020\210\265\022\240%\336\332\221\202\352vF0D\002 `u\204\327&\000Dw\323\315z\032\013\014\364\r\024\327\223u7\003\342\374\300W\021V\001\264V\254\002 e`\003\020f\220\207\251\347\302\243\374\032\306\304\352\277\032\275\233\241C]\004\347+2A\270\3424\t""; ","validation: """"\200\000\000\000&\000\000\000\002)/\352k\005:\030\016l\375\261lU\035Q0\355\311\211\352@\036\313K1\024B\343N\323V\367s\355lu\324\374V\207\371F\260\325\345\213\261P\027\000\000\000\000\000\000\000\000\000\000\000\000\000\000\000\000\000\000\000\000\000\000\000\000\000\000\000\000\000\000\000\000P\031-}\351f\032\255\274\334m\326c\017\014ao[\342\230\003\245\245\3341Hm\326^\017jy\335\261s!\002\005\363\0222\231\333G\357\305\020\014\241\033\231\261Z#\243\036\0267\020\210\265\022\240%\336\332\221\202\352vF0D\002 `u\204\327&\000Dw\323\315z\032\013\014\364\r\024\327\223u7\003\342\374\300W\021V\001\264V\254\002 e`\003\020f\220\207\251\347\302\243\374\032\306\304\352\277\032\275\233\241C]\004\347+2A\270\3424\t""; "
1750576773915,1750576773915,1433,1,3,2,TMValidation,"validation: """"\200\000\000\000&\000\000\000\002)/\352k\005:F\231\033)\227\311<\340Q0\355\311\211\352@\036\313K1\024B\343N\323V\367s\355lu\324\374V\207\371F\260\325\345\213\261P\027\000\000\000\000\000\000\000\000\000\000\000\000\000\000\000\000\000\000\000\000\000\000\000\000\000\000\000\000\000\000\000\000P\031-}\351f\032\255\274\334m\326c\017\014ao[\342\230\003\245\245\3341Hm\326^\017jy\335\261s!\002\246\346\346\007\2326A*\334\272\022\321\346\247[\222\030\343\261w\244R\r\357}\243\273\253\020\375b6vG0E\002!\000\234<\356\312;\237\235\361\254;\334\223\267[\332\034 \227\307\257,\035\211\3310\353\023r\347\317\316\324\002 ""\036\336K4\0238\330K\031MuJ\265'[\261\321\323\217\201\022{\032Q<\362W\nd\351k""; ","validation: """"\200\000\000\000&\000\000\000\002)/\352k\005:F\231\033)\227\311<\340Q0\355\311\211\352@\036\313K1\024B\343N\323V\367s\355lu\324\374V\207\371F\260\325\345\213\261P\027\000\000\000\000\000\000\000\000\000\000\000\000\000\000\000\000\000\000\000\000\000\000\000\000\000\000\000\000\000\000\000\000P\031-}\351f\032\255\274\334m\326c\017\014ao[\342\230\003\245\245\3341Hm\326^\017jy\335\261s!\002\246\346\346\007\2326A*\334\272\022\321\346\247[\222\030\343\261w\244R\r\357}\243\273\253\020\375b6vG0E\002!\000\234<\356\312;\237\235\361\254;\334\223\267[\332\034 \227\307\257,\035\211\3310\353\023r\347\317\316\324\002 ""\036\336K4\0238\330K\031MuJ\265'[\261\321\323\217\201\022{\032Q<\362W\nd\351k""; "
1750576773916,1750576773916,1360,1,3,1,TMValidation,"validation: """"\200\000\000\000&\000\000\000\002)/\352k\005:F\231\033)\227\311<\340Q0\355\311\211\352@\036\313K1\024B\343N\323V\367s\355lu\324\374V\207\371F\260\325\345\213\261P\027\000\000\000\000\000\000\000\000\000\000\000\000\000\000\000\000\000\000\000\000\000\000\000\000\000\000\000\000\000\000\000\000P\031-}\351f\032\255\274\334m\326c\017\014ao[\342\230\003\245\245\3341Hm\326^\017jy\335\261s!\002\246\346\346\007\2326A*\334\272\022\321\346\247[\222\030\343\261w\244R\r\357}\243\273\253\020\375b6vG0E\002!\000\234<\356\312;\237\235\361\254;\334\223\267[\332\034 \227\307\257,\035\211\3310\353\023r\347\317\316\324\002 ""\036\336K4\0238\330K\031MuJ\265'[\261\321\323\217\201\022{\032Q<\362W\nd\351k""; ","validation: """"\200\000\000\000&\000\000\000\002)/\352k\005:F\231\033)\227\311<\340Q0\355\311\211\352@\036\313K1\024B\343N\323V\367s\355lu\324\374V\207\371F\260\325\345\213\261P\027\000\000\000\000\000\000\000\000\000\000\000\000\000\000\000\000\000\000\000\000\000\000\000\000\000\000\000\000\000\000\000\000P\031-}\351f\032\255\274\334m\326c\017\014ao[\342\230\003\245\245\3341Hm\326^\017jy\335\261s!\002\246\346\346\007\2326A*\334\272\022\321\346\247[\222\030\343\261w\244R\r\357}\243\273\253\020\375b6vG0E\002!\000\234<\356\312;\237\235\361\254;\334\223\267[\332\034 \227\307\257,\035\211\3310\353\023r\347\317\316\324\002 ""\036\336K4\0238\330K\031MuJ\265'[\261\321\323\217\201\022{\032Q<\362W\nd\351k""; "
1750576773916,1750576773916,108,1,3,0,TMValidation,"validation: """"\200\000\000\000&\000\000\000\002)/\352k\005:F\231\033)\227\311<\340Q0\355\311\211\352@\036\313K1\024B\343N\323V\367s\355lu\324\374V\207\371F\260\325\345\213\261P\027\000\000\000\000\000\000\000\000\000\000\000\000\000\000\000\000\000\000\000\000\000\000\000\000\000\000\000\000\000\000\000\000P\031-}\351f\032\255\274\334m\326c\017\014ao[\342\230\003\245\245\3341Hm\326^\017jy\335\261s!\002\246\346\346\007\2326A*\334\272\022\321\346\247[\222\030\343\261w\244R\r\357}\243\273\253\020\375b6vG0E\002!\000\234<\356\312;\237\235\361\254;\334\223\267[\332\034 \227\307\257,\035\211\3310\353\023r\347\317\316\324\002 ""\036\336K4\0238\330K\031MuJ\265'[\261\321\323\217\201\022{\032Q<\362W\nd\351k""; ","validation: """"\200\000\000\000&\000\000\000\002)/\352k\005:F\231\033)\227\311<\340Q0\355\311\211\352@\036\313K1\024B\343N\323V\367s\355lu\324\374V\207\371F\260\325\345\213\261P\027\000\000\000\000\000\000\000\000\000\000\000\000\000\000\000\000\000\000\000\000\000\000\000\000\000\000\000\000\000\000\000\000P\031-}\351f\032\255\274\334m\326c\017\014ao[\342\230\003\245\245\3341Hm\326^\017jy\335\261s!\002\246\346\346\007\2326A*\334\272\022\321\346\247[\222\030\343\261w\244R\r\357}\243\273\253\020\375b6vG0E\002!\000\234<\356\312;\237\235\361\254;\334\223\267[\332\034 \227\307\257,\035\211\3310\353\023r\347\317\316\324\002 ""\036\336K4\0238\330K\031MuJ\265'[\261\321\323\217\201\022{\032Q<\362W\nd\351k""; "
1750576773934,1750576773934,1360,1,3,1,TMValidation,"validation: """"\200\000\000\000&\000\000\000\002)/\352k\005:\225\031\312\0231#ajQ0\355\311\211\352@\036\313K1\024B\343N\323V\367s\355lu\324\374V\207\371F\260\325\345\213\261P\027\000\000\000\000\000\000\000\000\000\000\000\000\000\000\000\000\000\000\000\000\000\000\000\000\000\000\000\000\000\000\000\000P\031-}\351f\032\255\274\334m\326c\017\014ao[\342\230\003\245\245\3341Hm\326^\017jy\335\261s!\002i\265d-H\225\336\350\317n\272\016O\317\257\273\327\352\371\231\250\230(\240\353\331\024\207\241\020\304!vG0E\002!\000\316\245\230\375\274r\006\206{\275\240:\003\206\221\247\371\226v\304\342\034^\271\205\346\020lfJ\337\377\002 Iy\020+o\250\327\013\207\021\211^\204\031\017\260U\344\241\305*e\003\361\037\017K\252\025e\274\034""; ","validation: """"\200\000\000\000&\000\000\000\002)/\352k\005:\225\031\312\0231#ajQ0\355\311\211\352@\036\313K1\024B\343N\323V\367s\355lu\324\374V\207\371F\260\325\345\213\261P\027\000\000\000\000\000\000\000\000\000\000\000\000\000\000\000\000\000\000\000\000\000\000\000\000\000\000\000\000\000\000\000\000P\031-}\351f\032\255\274\334m\326c\017\014ao[\342\230\003\245\245\3341Hm\326^\017jy\335\261s!\002i\265d-H\225\336\350\317n\272\016O\317\257\273\327\352\371\231\250\230(\240\353\331\024\207\241\020\304!vG0E\002!\000\316\245\230\375\274r\006\206{\275\240:\003\206\221\247\371\226v\304\342\034^\271\205\346\020lfJ\337\377\002 Iy\020+o\250\327\013\207\021\211^\204\031\017\260U\344\241\305*e\003\361\037\017K\252\025e\274\034""; "
1750576773934,1750576773934,108,1,3,0,TMValidation,"validation: """"\200\000\000\000&\000\000\000\002)/\352k\005:\225\031\312\0231#ajQ0\355\311\211\352@\036\313K1\024B\343N\323V\367s\355lu\324\374V\207\371F\260\325\345\213\261P\027\000\000\000\000\000\000\000\000\000\000\000\000\000\000\000\000\000\000\000\000\000\000\000\000\000\000\000\000\000\000\000\000P\031-}\351f\032\255\274\334m\326c\017\014ao[\342\230\003\245\245\3341Hm\326^\017jy\335\261s!\002i\265d-H\225\336\350\317n\272\016O\317\257\273\327\352\371\231\250\230(\240\353\331\024\207\241\020\304!vG0E\002!\000\316\245\230\375\274r\006\206{\275\240:\003\206\221\247\371\226v\304\342\034^\271\205\346\020lfJ\337\377\002 Iy\020+o\250\327\013\207\021\211^\204\031\017\260U\344\241\305*e\003\361\037\017K\252\025e\274\034""; ","validation: """"\200\000\000\000&\000\000\000\002)/\352k\005:\225\031\312\0231#ajQ0\355\311\211\352@\036\313K1\024B\343N\323V\367s\355lu\324\374V\207\371F\260\325\345\213\261P\027\000\000\000\000\000\000\000\000\000\000\000\000\000\000\000\000\000\000\000\000\000\000\000\000\000\000\000\000\000\000\000\000P\031-}\351f\032\255\274\334m\326c\017\014ao[\342\230\003\245\245\3341Hm\326^\017jy\335\261s!\002i\265d-H\225\336\350\317n\272\016O\317\257\273\327\352\371\231\250\230(\240\353\331\024\207\241\020\304!vG0E\002!\000\316\245\230\375\274r\006\206{\275\240:\003\206\221\247\371\226v\304\342\034^\271\205\346\020lfJ\337\377\002 Iy\020+o\250\327\013\207\021\211^\204\031\017\260U\344\241\305*e\003\361\037\017K\252\025e\274\034""; "
1750576773934,1750576773934,1433,1,3,2,TMValidation,"validation: """"\200\000\000\000&\000\000\000\002)/\352k\005:\225\031\312\0231#ajQ0\355\311\211\352@\036\313K1\024B\343N\323V\367s\355lu\324\374V\207\371F\260\325\345\213\261P\027\000\000\000\000\000\000\000\000\000\000\000\000\000\000\000\000\000\000\000\000\000\000\000\000\000\000\000\000\000\000\000\000P\031-}\351f\032\255\274\334m\326c\017\014ao[\342\230\003\245\245\3341Hm\326^\017jy\335\261s!\002i\265d-H\225\336\350\317n\272\016O\317\257\273\327\352\371\231\250\230(\240\353\331\024\207\241\020\304!vG0E\002!\000\316\245\230\375\274r\006\206{\275\240:\003\206\221\247\371\226v\304\342\034^\271\205\346\020lfJ\337\377\002 Iy\020+o\250\327\013\207\021\211^\204\031\017\260U\344\241\305*e\003\361\037\017K\252\025e\274\034""; ","validation: """"\200\000\000\000&\000\000\000\002)/\352k\005:\225\031\312\0231#ajQ0\355\311\211\352@\036\313K1\024B\343N\323V\367s\355lu\324\374V\207\371F\260\325\345\213\261P\027\000\000\000\000\000\000\000\000\000\000\000\000\000\000\000\000\000\000\000\000\000\000\000\000\000\000\000\000\000\000\000\000P\031-}\351f\032\255\274\334m\326c\017\014ao[\342\230\003\245\245\3341Hm\326^\017jy\335\261s!\002i\265d-H\225\336\350\317n\272\016O\317\257\273\327\352\371\231\250\230(\240\353\331\024\207\241\020\304!vG0E\002!\000\316\245\230\375\274r\006\206{\275\240:\003\206\221\247\371\226v\304\342\034^\271\205\346\020lfJ\337\377\002 Iy\020+o\250\327\013\207\021\211^\204\031\017\260U\344\241\305*e\003\361\037\017K\252\025e\274\034""; "
1750576773990,1750576773990,2156,1,1,3,TMValidation,"validation: """"\200\000\000\000&\000\000\000\002)/\352k\005:\373\252\211\251\2041h\203Q0\355\311\211\352@\036\313K1\024B\343N\323V\367s\355lu\324\374V\207\371F\260\325\345\213\261P\027\000\000\000\000\000\000\000\000\000\000\000\000\000\000\000\000\000\000\000\000\000\000\000\000\000\000\000\000\000\000\000\000P\031-}\351f\032\255\274\334m\326c\017\014ao[\342\230\003\245\245\3341Hm\326^\017jy\335\261s!\003uv\3157M_,X\323\216\327\373A""\226\013\275\210\0079\020Q\007\035\231@s\266\345\000\272\252vF0D\002 i\020\3006@\035\200\365\273\03233c\273\326:&\200\322C\316\313\222\316S\227\200\001k\236p\311\002 %M(\260\303zf's\r\272\221\352\276\024\325\025\227\020\226\032\303]\006\335\306\301\2114\275B~""; ","validation: """"\200\000\000\000&\000\000\000\002)/\352k\005:\373\252\211\251\2041h\203Q0\355\311\211\352@\036\313K1\024B\343N\323V\367s\355lu\324\374V\207\371F\260\325\345\213\261P\027\000\000\000\000\000\000\000\000\000\000\000\000\000\000\000\000\000\000\000\000\000\000\000\000\000\000\000\000\000\000\000\000P\031-}\351f\032\255\274\334m\326c\017\014ao[\342\230\003\245\245\3341Hm\326^\017jy\335\261s!\003uv\3157M_,X\323\216\327\373A""\226\013\275\210\0079\020Q\007\035\231@s\266\345\000\272\252vF0D\002 i\020\3006@\035\200\365\273\03233c\273\326:&\200\322C\316\313\222\316S\227\200\001k\236p\311\002 %M(\260\303zf's\r\272\221\352\276\024\325\025\227\020\226\032\303]\006\335\306\301\2114\275B~""; "
1750576773990,1750576773990,494,1,1,4,TMValidation,"validation: """"\200\000\000\000&\000\000\000\002)/\352k\005:\373\252\211\251\2041h\203Q0\355\311\211\352@\036\313K1\024B\343N\323V\367s\355lu\324\374V\207\371F\260\325\345\213\261P\027\000\000\000\000\000\000\000\000\000\000\000\000\000\000\000\000\000\000\000\000\000\000\000\000\000\000\000\000\000\000\000\000P\031-}\351f\032\255\274\334m\326c\017\014ao[\342\230\003\245\245\3341Hm\326^\017jy\335\261s!\003uv\3157M_,X\323\216\327\373A""\226\013\275\210\0079\020Q\007\035\231@s\266\345\000\272\252vF0D\002 i\020\3006@\035\200\365\273\03233c\273\326:&\200\322C\316\313\222\316S\227\200\001k\236p\311\002 %M(\260\303zf's\r\272\221\352\276\024\325\025\227\020\226\032\303]\006\335\306\301\2114\275B~""; ","validation: """"\200\000\000\000&\000\000\000\002)/\352k\005:\373\252\211\251\2041h\203Q0\355\311\211\352@\036\313K1\024B\343N\323V\367s\355lu\324\374V\207\371F\260\325\345\213\261P\027\000\000\000\000\000\000\000\000\000\000\000\000\000\000\000\000\000\000\000\000\000\000\000\000\000\000\000\000\000\000\000\000P\031-}\351f\032\255\274\334m\326c\017\014ao[\342\230\003\245\245\3341Hm\326^\017jy\335\261s!\003uv\3157M_,X\323\216\327\373A""\226\013\275\210\0079\020Q\007\035\231@s\266\345\000\272\252vF0D\002 i\020\3006@\035\200\365\273\03233c\273\326:&\200\322C\316\313\222\316S\227\200\001k\236p\311\002 %M(\260\303zf's\r\272\221\352\276\024\325\025\227\020\226\032\303]\006\335\306\301\2114\275B~""; "
1750576773991,1750576773991,1000,1,1,2,TMValidation,"validation: """"\200\000\000\000&\000\000\000\002)/\352k\005:\373\252\211\251\2041h\203Q0\355\311\211\352@\036\313K1\024B\343N\323V\367s\355lu\324\374V\207\371F\260\325\345\213\261P\027\000\000\000\000\000\000\000\000\000\000\000\000\000\000\000\000\000\000\000\000\000\000\000\000\000\000\000\000\000\000\000\000P\031-}\351f\032\255\274\334m\326c\017\014ao[\342\230\003\245\245\3341Hm\326^\017jy\335\261s!\003uv\3157M_,X\323\216\327\373A""\226\013\275\210\0079\020Q\007\035\231@s\266\345\000\272\252vF0D\002 i\020\3006@\035\200\365\273\03233c\273\326:&\200\322C\316\313\222\316S\227\200\001k\236p\311\002 %M(\260\303zf's\r\272\221\352\276\024\325\025\227\020\226\032\303]\006\335\306\301\2114\275B~""; ","validation: """"\200\000\000\000&\000\000\000\002)/\352k\005:\373\252\211\251\2041h\203Q0\355\311\211\352@\036\313K1\024B\343N\323V\367s\355lu\324\374V\207\371F\260\325\345\213\261P\027\000\000\000\000\000\000\000\000\000\000\000\000\000\000\000\000\000\000\000\000\000\000\000\000\000\000\000\000\000\000\000\000P\031-}\351f\032\255\274\334m\326c\017\014ao[\342\230\003\245\245\3341Hm\326^\017jy\335\261s!\003uv\3157M_,X\323\216\327\373A""\226\013\275\210\0079\020Q\007\035\231@s\266\345\000\272\252vF0D\002 i\020\3006@\035\200\365\273\03233c\273\326:&\200\322C\316\313\222\316S\227\200\001k\236p\311\002 %M(\260\303zf's\r\272\221\352\276\024\325\025\227\020\226\032\303]\006\335\306\301\2114\275B~""; "
1750576774026,1750576774026,2019,1,0,4,TMValidation,"validation: """"\200\000\000\000&\000\000\000\002)/\352k\005:F\231\033)\227\311<\340Q0\355\311\211\352@\036\313K1\024B\343N\323V\367s\355lu\324\374V\207\371F\260\325\345\213\261P\027\000\000\000\000\000\000\000\000\000\000\000\000\000\000\000\000\000\000\000\000\000\000\000\000\000\000\000\000\000\000\000\000P\031-}\351f\032\255\274\334m\326c\017\014ao[\342\230\003\245\245\3341Hm\326^\017jy\335\261s!\002\246\346\346\007\2326A*\334\272\022\321\346\247[\222\030\343\261w\244R\r\357}\243\273\253\020\375b6vG0E\002!\000\234<\356\312;\237\235\361\254;\334\223\267[\332\034 \227\307\257,\035\211\3310\353\023r\347\317\316\324\002 ""\036\336K4\0238\330K\031MuJ\265'[\261\321\323\217\201\022{\032Q<\362W\nd\351k""; ","validation: """"\200\000\000\000&\000\000\000\002)/\352k\005:F\231\033)\227\311<\340Q0\355\311\211\352@\036\313K1\024B\343N\323V\367s\355lu\324\374V\207\371F\260\325\345\213\261P\027\000\000\000\000\000\000\000\000\000\000\000\000\000\000\000\000\000\000\000\000\000\000\000\000\000\000\000\000\000\000\000\000P\031-}\351f\032\255\274\334m\326c\017\014ao[\342\230\003\245\245\3341Hm\326^\017jy\335\261s!\002\246\346\346\007\2326A*\334\272\022\321\346\247[\222\030\343\261w\244R\r\357}\243\273\253\020\375b6vG0E\002!\000\234<\356\312;\237\235\361\254;\334\223\267[\332\034 \227\307\257,\035\211\3310\353\023r\347\317\316\324\002 ""\036\336K4\0238\330K\031MuJ\265'[\261\321\323\217\201\022{\032Q<\362W\nd\351k""; "
1750576774026,1750576774026,3783,1,0,2,TMValidation,"validation: """"\200\000\000\000&\000\000\000\002)/\352k\005:F\231\033)\227\311<\340Q0\355\311\211\352@\036\313K1\024B\343N\323V\367s\355lu\324\374V\207\371F\260\325\345\213\261P\027\000\000\000\000\000\000\000\000\000\000\000\000\000\000\000\000\000\000\000\000\000\000\000\000\000\000\000\000\000\000\000\000P\031-}\351f\032\255\274\334m\326c\017\014ao[\342\230\003\245\245\3341Hm\326^\017jy\335\261s!\002\246\346\346\007\2326A*\334\272\022\321\346\247[\222\030\343\261w\244R\r\357}\243\273\253\020\375b6vG0E\002!\000\234<\356\312;\237\235\361\254;\334\223\267[\332\034 \227\307\257,\035\211\3310\353\023r\347\317\316\324\002 ""\036\336K4\0238\330K\031MuJ\265'[\261\321\323\217\201\022{\032Q<\362W\nd\351k""; ","validation: """"\200\000\000\000&\000\000\000\002)/\352k\005:F\231\033)\227\311<\340Q0\355\311\211\352@\036\313K1\024B\343N\323V\367s\355lu\324\374V\207\371F\260\325\345\213\261P\027\000\000\000\000\000\000\000\000\000\000\000\000\000\000\000\000\000\000\000\000\000\000\000\000\000\000\000\000\000\000\000\000P\031-}\351f\032\255\274\334m\326c\017\014ao[\342\230\003\245\245\3341Hm\326^\017jy\335\261s!\002\246\346\346\007\2326A*\334\272\022\321\346\247[\222\030\343\261w\244R\r\357}\243\273\253\020\375b6vG0E\002!\000\234<\356\312;\237\235\361\254;\334\223\267[\332\034 \227\307\257,\035\211\3310\353\023r\347\317\316\324\002 ""\036\336K4\0238\330K\031MuJ\265'[\261\321\323\217\201\022{\032Q<\362W\nd\351k""; "
1750576774026,1750576774027,219,1,0,1,TMValidation,"validation: """"\200\000\000\000&\000\000\000\002)/\352k\005:F\231\033)\227\311<\340Q0\355\311\211\352@\036\313K1\024B\343N\323V\367s\355lu\324\374V\207\371F\260\325\345\213\261P\027\000\000\000\000\000\000\000\000\000\000\000\000\000\000\000\000\000\000\000\000\000\000\000\000\000\000\000\000\000\000\000\000P\031-}\351f\032\255\274\334m\326c\017\014ao[\342\230\003\245\245\3341Hm\326^\017jy\335\261s!\002\246\346\346\007\2326A*\334\272\022\321\346\247[\222\030\343\261w\244R\r\357}\243\273\253\020\375b6vG0E\002!\000\234<\356\312;\237\235\361\254;\334\223\267[\332\034 \227\307\257,\035\211\3310\353\023r\347\317\316\324\002 ""\036\336K4\0238\330K\031MuJ\265'[\261\321\323\217\201\022{\032Q<\362W\nd\351k""; ","validation: """"\200\000\000\000&\000\000\000\002)/\352k\005:F\231\033)\227\311<\340Q0\355\311\211\352@\036\313K1\024B\343N\323V\367s\355lu\324\374V\207\371F\260\325\345\213\261P\027\000\000\000\000\000\000\000\000\000\000\000\000\000\000\000\000\000\000\000\000\000\000\000\000\000\000\000\000\000\000\000\000P\031-}\351f\032\255\274\334m\326c\017\014ao[\342\230\003\245\245\3341Hm\326^\017jy\335\261s!\002\246\346\346\007\2326A*\334\272\022\321\346\247[\222\030\343\261w\244R\r\357}\243\273\253\020\375b6vG0E\002!\000\234<\356\312;\237\235\361\254;\334\223\267[\332\034 \227\307\257,\035\211\3310\353\023r\347\317\316\324\002 ""\036\336K4\0238\330K\031MuJ\265'[\261\321\323\217\201\022{\032Q<\362W\nd\351k""; "
1750576774044,1750576774045,3923,1,3,1,TMLedgerData,"ledgerHash: ""0\355\311\211\352@\036\313K1\024B\343N\323V\367s\355lu\324\374V\207\371F\260\325\345\213\261""; ledgerSeq: 2; type: liBASE; nodes {;   nodedata: ""\000\000\000\002\001cEx]\212\000\000-}\351f\032\255\274\334m\326c\017\014ao[\342\230\003\245\245\3341Hm\326^\017jy\335\261\000\000\000\000\000\000\000\000\000\000\000\000\000\000\000\000\000\000\000\000\000\000\000\000\000\000\000\000\000\000\000\000{e\2655L\2440\340\020\277~\333\017WF\230\334\351\277\266\267\357{\321\317\275\374\330\255\231Z\226(\366\274\006/\352j\370\n\000""; }; nodes {;   nodedata: ""\303\016\021\310<Z\337\266>\225@&n\022\246\274\353\220\345b3\035\313\350L\354\254\002\005\305\035\017\002E\344\037@\210\363\010\336T\226\247'\204_{\261\370""1\235\2445\343\033Y!\212\201\341\272\225'\007>L\014O\253g\352\035\214I\361\342\213\274\243\225\r\327qi\207\254\211\347\300?w\214Ha~\260\013\003""; }; ","ledgerHash: ""0\355\311\211\352@\036\313K1\024B\343N\323V\367s\355lu\324\374V\207\371F\260\325\345\213\261""; ledgerSeq: 2; type: liBASE; nodes {;   nodedata: ""\000\000\000\002\001cEx]\212\000\000-}\351f\032\255\274\334m\326c\017\014ao[\342\230\003\245\245\3341Hm\326^\017jy\335\261\000\000\000\000\000\000\000\000\000\000\000\000\000\000\000\000\000\000\000\000\000\000\000\000\000\000\000\000\000\000\000\000{e\2655L\2440\340\020\277~\333\017WF\230\334\351\277\266\267\357{\321\317\275\374\330\255\231Z\226(\366\274\006/\352j\370\n\000""; }; nodes {;   nodedata: ""\303\016\021\310<Z\337\266>\225@&n\022\246\274\353\220\345b3\035\313\350L\354\254\002\005\305\035\017\002E\344\037@\210\363\010\336T\226\247'\204_{\261\370""1\235\2445\343\033Y!\212\201\341\272\225'\007>L\014O\253g\352\035\214I\361\342\213\274\243\225\r\327qi\207\254\211\347\300?w\214Ha~\260\013\003""; }; "
1750576774046,1750576774046,3783,1,0,2,TMValidation,"validation: """"\200\000\000\000&\000\000\000\002)/\352k\005:\225\031\312\0231#ajQ0\355\311\211\352@\036\313K1\024B\343N\323V\367s\355lu\324\374V\207\371F\260\325\345\213\261P\027\000\000\000\000\000\000\000\000\000\000\000\000\000\000\000\000\000\000\000\000\000\000\000\000\000\000\000\000\000\000\000\000P\031-}\351f\032\255\274\334m\326c\017\014ao[\342\230\003\245\245\3341Hm\326^\017jy\335\261s!\002i\265d-H\225\336\350\317n\272\016O\317\257\273\327\352\371\231\250\230(\240\353\331\024\207\241\020\304!vG0E\002!\000\316\245\230\375\274r\006\206{\275\240:\003\206\221\247\371\226v\304\342\034^\271\205\346\020lfJ\337\377\002 Iy\020+o\250\327\013\207\021\211^\204\031\017\260U\344\241\305*e\003\361\037\017K\252\025e\274\034""; ","validation: """"\200\000\000\000&\000\000\000\002)/\352k\005:\225\031\312\0231#ajQ0\355\311\211\352@\036\313K1\024B\343N\323V\367s\355lu\324\374V\207\371F\260\325\345\213\261P\027\000\000\000\000\000\000\000\000\000\000\000\000\000\000\000\000\000\000\000\000\000\000\000\000\000\000\000\000\000\000\000\000P\031-}\351f\032\255\274\334m\326c\017\014ao[\342\230\003\245\245\3341Hm\326^\017jy\335\261s!\002i\265d-H\225\336\350\317n\272\016O\317\257\273\327\352\371\231\250\230(\240\353\331\024\207\241\020\304!vG0E\002!\000\316\245\230\375\274r\006\206{\275\240:\003\206\221\247\371\226v\304\342\034^\271\205\346\020lfJ\337\377\002 Iy\020+o\250\327\013\207\021\211^\204\031\017\260U\344\241\305*e\003\361\037\017K\252\025e\274\034""; "
1750576774046,1750576774046,2019,1,0,4,TMValidation,"validation: """"\200\000\000\000&\000\000\000\002)/\352k\005:\225\031\312\0231#ajQ0\355\311\211\352@\036\313K1\024B\343N\323V\367s\355lu\324\374V\207\371F\260\325\345\213\261P\027\000\000\000\000\000\000\000\000\000\000\000\000\000\000\000\000\000\000\000\000\000\000\000\000\000\000\000\000\000\000\000\000P\031-}\351f\032\255\274\334m\326c\017\014ao[\342\230\003\245\245\3341Hm\326^\017jy\335\261s!\002i\265d-H\225\336\350\317n\272\016O\317\257\273\327\352\371\231\250\230(\240\353\331\024\207\241\020\304!vG0E\002!\000\316\245\230\375\274r\006\206{\275\240:\003\206\221\247\371\226v\304\342\034^\271\205\346\020lfJ\337\377\002 Iy\020+o\250\327\013\207\021\211^\204\031\017\260U\344\241\305*e\003\361\037\017K\252\025e\274\034""; ","validation: """"\200\000\000\000&\000\000\000\002)/\352k\005:\225\031\312\0231#ajQ0\355\311\211\352@\036\313K1\024B\343N\323V\367s\355lu\324\374V\207\371F\260\325\345\213\261P\027\000\000\000\000\000\000\000\000\000\000\000\000\000\000\000\000\000\000\000\000\000\000\000\000\000\000\000\000\000\000\000\000P\031-}\351f\032\255\274\334m\326c\017\014ao[\342\230\003\245\245\3341Hm\326^\017jy\335\261s!\002i\265d-H\225\336\350\317n\272\016O\317\257\273\327\352\371\231\250\230(\240\353\331\024\207\241\020\304!vG0E\002!\000\316\245\230\375\274r\006\206{\275\240:\003\206\221\247\371\226v\304\342\034^\271\205\346\020lfJ\337\377\002 Iy\020+o\250\327\013\207\021\211^\204\031\017\260U\344\241\305*e\003\361\037\017K\252\025e\274\034""; "
1750576774046,1750576774046,219,1,0,1,TMValidation,"validation: """"\200\000\000\000&\000\000\000\002)/\352k\005:\225\031\312\0231#ajQ0\355\311\211\352@\036\313K1\024B\343N\323V\367s\355lu\324\374V\207\371F\260\325\345\213\261P\027\000\000\000\000\000\000\000\000\000\000\000\000\000\000\000\000\000\000\000\000\000\000\000\000\000\000\000\000\000\000\000\000P\031-}\351f\032\255\274\334m\326c\017\014ao[\342\230\003\245\245\3341Hm\326^\017jy\335\261s!\002i\265d-H\225\336\350\317n\272\016O\317\257\273\327\352\371\231\250\230(\240\353\331\024\207\241\020\304!vG0E\002!\000\316\245\230\375\274r\006\206{\275\240:\003\206\221\247\371\226v\304\342\034^\271\205\346\020lfJ\337\377\002 Iy\020+o\250\327\013\207\021\211^\204\031\017\260U\344\241\305*e\003\361\037\017K\252\025e\274\034""; ","validation: """"\200\000\000\000&\000\000\000\002)/\352k\005:\225\031\312\0231#ajQ0\355\311\211\352@\036\313K1\024B\343N\323V\367s\355lu\324\374V\207\371F\260\325\345\213\261P\027\000\000\000\000\000\000\000\000\000\000\000\000\000\000\000\000\000\000\000\000\000\000\000\000\000\000\000\000\000\000\000\000P\031-}\351f\032\255\274\334m\326c\017\014ao[\342\230\003\245\245\3341Hm\326^\017jy\335\261s!\002i\265d-H\225\336\350\317n\272\016O\317\257\273\327\352\371\231\250\230(\240\353\331\024\207\241\020\304!vG0E\002!\000\316\245\230\375\274r\006\206{\275\240:\003\206\221\247\371\226v\304\342\034^\271\205\346\020lfJ\337\377\002 Iy\020+o\250\327\013\207\021\211^\204\031\017\260U\344\241\305*e\003\361\037\017K\252\025e\274\034""; "
1750576774045,1750576774045,3923,1,3,1,TMLedgerData,"ledgerHash: ""0\355\311\211\352@\036\313K1\024B\343N\323V\367s\355lu\324\374V\207\371F\260\325\345\213\261""; ledgerSeq: 2; type: liBASE; nodes {;   nodedata: ""\000\000\000\002\001cEx]\212\000\000-}\351f\032\255\274\334m\326c\017\014ao[\342\230\003\245\245\3341Hm\326^\017jy\335\261\000\000\000\000\000\000\000\000\000\000\000\000\000\000\000\000\000\000\000\000\000\000\000\000\000\000\000\000\000\000\000\000{e\2655L\2440\340\020\277~\333\017WF\230\334\351\277\266\267\357{\321\317\275\374\330\255\231Z\226(\366\274\006/\352j\370\n\000""; }; nodes {;   nodedata: ""\303\016\021\310<Z\337\266>\225@&n\022\246\274\353\220\345b3\035\313\350L\354\254\002\005\305\035\017\002E\344\037@\210\363\010\336T\226\247'\204_{\261\370""1\235\2445\343\033Y!\212\201\341\272\225'\007>L\014O\253g\352\035\214I\361\342\213\274\243\225\r\327qi\207\254\211\347\300?w\214Ha~\260\013\003""; }; ","ledgerHash: ""0\355\311\211\352@\036\313K1\024B\343N\323V\367s\355lu\324\374V\207\371F\260\325\345\213\261""; ledgerSeq: 2; type: liBASE; nodes {;   nodedata: ""\000\000\000\002\001cEx]\212\000\000-}\351f\032\255\274\334m\326c\017\014ao[\342\230\003\245\245\3341Hm\326^\017jy\335\261\000\000\000\000\000\000\000\000\000\000\000\000\000\000\000\000\000\000\000\000\000\000\000\000\000\000\000\000\000\000\000\000{e\2655L\2440\340\020\277~\333\017WF\230\334\351\277\266\267\357{\321\317\275\374\330\255\231Z\226(\366\274\006/\352j\370\n\000""; }; nodes {;   nodedata: ""\303\016\021\310<Z\337\266>\225@&n\022\246\274\353\220\345b3\035\313\350L\354\254\002\005\305\035\017\002E\344\037@\210\363\010\336T\226\247'\204_{\261\370""1\235\2445\343\033Y!\212\201\341\272\225'\007>L\014O\253g\352\035\214I\361\342\213\274\243\225\r\327qi\207\254\211\347\300?w\214Ha~\260\013\003""; }; "
1750576774266,1750576774266,1000,1,1,2,TMValidation,"validation: """"\200\000\000\000&\000\000\000\002)/\352k\005:\225\031\312\0231#ajQ0\355\311\211\352@\036\313K1\024B\343N\323V\367s\355lu\324\374V\207\371F\260\325\345\213\261P\027\000\000\000\000\000\000\000\000\000\000\000\000\000\000\000\000\000\000\000\000\000\000\000\000\000\000\000\000\000\000\000\000P\031-}\351f\032\255\274\334m\326c\017\014ao[\342\230\003\245\245\3341Hm\326^\017jy\335\261s!\002i\265d-H\225\336\350\317n\272\016O\317\257\273\327\352\371\231\250\230(\240\353\331\024\207\241\020\304!vG0E\002!\000\316\245\230\375\274r\006\206{\275\240:\003\206\221\247\371\226v\304\342\034^\271\205\346\020lfJ\337\377\002 Iy\020+o\250\327\013\207\021\211^\204\031\017\260U\344\241\305*e\003\361\037\017K\252\025e\274\034""; ","validation: """"\200\000\000\000&\000\000\000\002)/\352k\005:\225\031\312\0231#ajQ0\355\311\211\352@\036\313K1\024B\343N\323V\367s\355lu\324\374V\207\371F\260\325\345\213\261P\027\000\000\000\000\000\000\000\000\000\000\000\000\000\000\000\000\000\000\000\000\000\000\000\000\000\000\000\000\000\000\000\000P\031-}\351f\032\255\274\334m\326c\017\014ao[\342\230\003\245\245\3341Hm\326^\017jy\335\261s!\002i\265d-H\225\336\350\317n\272\016O\317\257\273\327\352\371\231\250\230(\240\353\331\024\207\241\020\304!vG0E\002!\000\316\245\230\375\274r\006\206{\275\240:\003\206\221\247\371\226v\304\342\034^\271\205\346\020lfJ\337\377\002 Iy\020+o\250\327\013\207\021\211^\204\031\017\260U\344\241\305*e\003\361\037\017K\252\025e\274\034""; "
1750576774266,1750576774266,494,1,1,4,TMValidation,"validation: """"\200\000\000\000&\000\000\000\002)/\352k\005:\225\031\312\0231#ajQ0\355\311\211\352@\036\313K1\024B\343N\323V\367s\355lu\324\374V\207\371F\260\325\345\213\261P\027\000\000\000\000\000\000\000\000\000\000\000\000\000\000\000\000\000\000\000\000\000\000\000\000\000\000\000\000\000\000\000\000P\031-}\351f\032\255\274\334m\326c\017\014ao[\342\230\003\245\245\3341Hm\326^\017jy\335\261s!\002i\265d-H\225\336\350\317n\272\016O\317\257\273\327\352\371\231\250\230(\240\353\331\024\207\241\020\304!vG0E\002!\000\316\245\230\375\274r\006\206{\275\240:\003\206\221\247\371\226v\304\342\034^\271\205\346\020lfJ\337\377\002 Iy\020+o\250\327\013\207\021\211^\204\031\017\260U\344\241\305*e\003\361\037\017K\252\025e\274\034""; ","validation: """"\200\000\000\000&\000\000\000\002)/\352k\005:\225\031\312\0231#ajQ0\355\311\211\352@\036\313K1\024B\343N\323V\367s\355lu\324\374V\207\371F\260\325\345\213\261P\027\000\000\000\000\000\000\000\000\000\000\000\000\000\000\000\000\000\000\000\000\000\000\000\000\000\000\000\000\000\000\000\000P\031-}\351f\032\255\274\334m\326c\017\014ao[\342\230\003\245\245\3341Hm\326^\017jy\335\261s!\002i\265d-H\225\336\350\317n\272\016O\317\257\273\327\352\371\231\250\230(\240\353\331\024\207\241\020\304!vG0E\002!\000\316\245\230\375\274r\006\206{\275\240:\003\206\221\247\371\226v\304\342\034^\271\205\346\020lfJ\337\377\002 Iy\020+o\250\327\013\207\021\211^\204\031\017\260U\344\241\305*e\003\361\037\017K\252\025e\274\034""; "
1750576774266,1750576774266,2156,1,1,3,TMValidation,"validation: """"\200\000\000\000&\000\000\000\002)/\352k\005:\225\031\312\0231#ajQ0\355\311\211\352@\036\313K1\024B\343N\323V\367s\355lu\324\374V\207\371F\260\325\345\213\261P\027\000\000\000\000\000\000\000\000\000\000\000\000\000\000\000\000\000\000\000\000\000\000\000\000\000\000\000\000\000\000\000\000P\031-}\351f\032\255\274\334m\326c\017\014ao[\342\230\003\245\245\3341Hm\326^\017jy\335\261s!\002i\265d-H\225\336\350\317n\272\016O\317\257\273\327\352\371\231\250\230(\240\353\331\024\207\241\020\304!vG0E\002!\000\316\245\230\375\274r\006\206{\275\240:\003\206\221\247\371\226v\304\342\034^\271\205\346\020lfJ\337\377\002 Iy\020+o\250\327\013\207\021\211^\204\031\017\260U\344\241\305*e\003\361\037\017K\252\025e\274\034""; ","validation: """"\200\000\000\000&\000\000\000\002)/\352k\005:\225\031\312\0231#ajQ0\355\311\211\352@\036\313K1\024B\343N\323V\367s\355lu\324\374V\207\371F\260\325\345\213\261P\027\000\000\000\000\000\000\000\000\000\000\000\000\000\000\000\000\000\000\000\000\000\000\000\000\000\000\000\000\000\000\000\000P\031-}\351f\032\255\274\334m\326c\017\014ao[\342\230\003\245\245\3341Hm\326^\017jy\335\261s!\002i\265d-H\225\336\350\317n\272\016O\317\257\273\327\352\371\231\250\230(\240\353\331\024\207\241\020\304!vG0E\002!\000\316\245\230\375\274r\006\206{\275\240:\003\206\221\247\371\226v\304\342\034^\271\205\346\020lfJ\337\377\002 Iy\020+o\250\327\013\207\021\211^\204\031\017\260U\344\241\305*e\003\361\037\017K\252\025e\274\034""; "
1750576774365,1750576774366,1044,1,4,0,TMValidation,"validation: """"\200\000\000\000&\000\000\000\002)/\352k\005:~\324\314\253\264\317\217]Q0\355\311\211\352@\036\313K1\024B\343N\323V\367s\355lu\324\374V\207\371F\260\325\345\213\261P\027\000\000\000\000\000\000\000\000\000\000\000\000\000\000\000\000\000\000\000\000\000\000\000\000\000\000\000\000\000\000\000\000P\031-}\351f\032\255\274\334m\326c\017\014ao[\342\230\003\245\245\3341Hm\326^\017jy\335\261s!\003\031\332\276_\315\363\210\315\246\030F\330\251\017g\263\037\257\332\007 \253\203\233\205\365\344\036\245\374\253\323vG0E\002!\000\207|\004~NyH.\226\3059\320LO\253\356\004\331\263\240\216H\202\214\264\352q\2656k`\337\002 Pz\252\370\230e\341\363\007\256N/H6\037.\222\216\252|\373%#.\300]\372\325\217\224h\357""; ","validation: """"\200\000\000\000&\000\000\000\002)/\352k\005:~\324\314\253\264\317\217]Q0\355\311\211\352@\036\313K1\024B\343N\323V\367s\355lu\324\374V\207\371F\260\325\345\213\261P\027\000\000\000\000\000\000\000\000\000\000\000\000\000\000\000\000\000\000\000\000\000\000\000\000\000\000\000\000\000\000\000\000P\031-}\351f\032\255\274\334m\326c\017\014ao[\342\230\003\245\245\3341Hm\326^\017jy\335\261s!\003\031\332\276_\315\363\210\315\246\030F\330\251\017g\263\037\257\332\007 \253\203\233\205\365\344\036\245\374\253\323vG0E\002!\000\207|\004~NyH.\226\3059\320LO\253\356\004\331\263\240\216H\202\214\264\352q\2656k`\337\002 Pz\252\370\230e\341\363\007\256N/H6\037.\222\216\252|\373%#.\300]\372\325\217\224h\357""; "
1750576774366,1750576774367,490,1,4,3,TMValidation,"validation: """"\200\000\000\000&\000\000\000\002)/\352k\005:~\324\314\253\264\317\217]Q0\355\311\211\352@\036\313K1\024B\343N\323V\367s\355lu\324\374V\207\371F\260\325\345\213\261P\027\000\000\000\000\000\000\000\000\000\000\000\000\000\000\000\000\000\000\000\000\000\000\000\000\000\000\000\000\000\000\000\000P\031-}\351f\032\255\274\334m\326c\017\014ao[\342\230\003\245\245\3341Hm\326^\017jy\335\261s!\003\031\332\276_\315\363\210\315\246\030F\330\251\017g\263\037\257\332\007 \253\203\233\205\365\344\036\245\374\253\323vG0E\002!\000\207|\004~NyH.\226\3059\320LO\253\356\004\331\263\240\216H\202\214\264\352q\2656k`\337\002 Pz\252\370\230e\341\363\007\256N/H6\037.\222\216\252|\373%#.\300]\372\325\217\224h\357""; ","validation: """"\200\000\000\000&\000\000\000\002)/\352k\005:~\324\314\253\264\317\217]Q0\355\311\211\352@\036\313K1\024B\343N\323V\367s\355lu\324\374V\207\371F\260\325\345\213\261P\027\000\000\000\000\000\000\000\000\000\000\000\000\000\000\000\000\000\000\000\000\000\000\000\000\000\000\000\000\000\000\000\000P\031-}\351f\032\255\274\334m\326c\017\014ao[\342\230\003\245\245\3341Hm\326^\017jy\335\261s!\003\031\332\276_\315\363\210\315\246\030F\330\251\017g\263\037\257\332\007 \253\203\233\205\365\344\036\245\374\253\323vG0E\002!\000\207|\004~NyH.\226\3059\320LO\253\356\004\331\263\240\216H\202\214\264\352q\2656k`\337\002 Pz\252\370\230e\341\363\007\256N/H6\037.\222\216\252|\373%#.\300]\372\325\217\224h\357""; "
1750576774367,1750576774367,1879,1,4,2,TMValidation,"validation: """"\200\000\000\000&\000\000\000\002)/\352k\005:~\324\314\253\264\317\217]Q0\355\311\211\352@\036\313K1\024B\343N\323V\367s\355lu\324\374V\207\371F\260\325\345\213\261P\027\000\000\000\000\000\000\000\000\000\000\000\000\000\000\000\000\000\000\000\000\000\000\000\000\000\000\000\000\000\000\000\000P\031-}\351f\032\255\274\334m\326c\017\014ao[\342\230\003\245\245\3341Hm\326^\017jy\335\261s!\003\031\332\276_\315\363\210\315\246\030F\330\251\017g\263\037\257\332\007 \253\203\233\205\365\344\036\245\374\253\323vG0E\002!\000\207|\004~NyH.\226\3059\320LO\253\356\004\331\263\240\216H\202\214\264\352q\2656k`\337\002 Pz\252\370\230e\341\363\007\256N/H6\037.\222\216\252|\373%#.\300]\372\325\217\224h\357""; ","validation: """"\200\000\000\000&\000\000\000\002)/\352k\005:~\324\314\253\264\317\217]Q0\355\311\211\352@\036\313K1\024B\343N\323V\367s\355lu\324\374V\207\371F\260\325\345\213\261P\027\000\000\000\000\000\000\000\000\000\000\000\000\000\000\000\000\000\000\000\000\000\000\000\000\000\000\000\000\000\000\000\000P\031-}\351f\032\255\274\334m\326c\017\014ao[\342\230\003\245\245\3341Hm\326^\017jy\335\261s!\003\031\332\276_\315\363\210\315\246\030F\330\251\017g\263\037\257\332\007 \253\203\233\205\365\344\036\245\374\253\323vG0E\002!\000\207|\004~NyH.\226\3059\320LO\253\356\004\331\263\240\216H\202\214\264\352q\2656k`\337\002 Pz\252\370\230e\341\363\007\256N/H6\037.\222\216\252|\373%#.\300]\372\325\217\224h\357""; "
1750576774387,1750576774388,1433,1,3,2,TMValidation,"validation: """"\200\000\000\000&\000\000\000\002)/\352k\005:\030\016l\375\261lU\035Q0\355\311\211\352@\036\313K1\024B\343N\323V\367s\355lu\324\374V\207\371F\260\325\345\213\261P\027\000\000\000\000\000\000\000\000\000\000\000\000\000\000\000\000\000\000\000\000\000\000\000\000\000\000\000\000\000\000\000\000P\031-}\351f\032\255\274\334m\326c\017\014ao[\342\230\003\245\245\3341Hm\326^\017jy\335\261s!\002\005\363\0222\231\333G\357\305\020\014\241\033\231\261Z#\243\036\0267\020\210\265\022\240%\336\332\221\202\352vF0D\002 `u\204\327&\000Dw\323\315z\032\013\014\364\r\024\327\223u7\003\342\374\300W\021V\001\264V\254\002 e`\003\020f\220\207\251\347\302\243\374\032\306\304\352\277\032\275\233\241C]\004\347+2A\270\3424\t""; ","validation: """"\200\000\000\000&\000\000\000\002)/\352k\005:\030\016l\375\261lU\035Q0\355\311\211\352@\036\313K1\024B\343N\323V\367s\355lu\324\374V\207\371F\260\325\345\213\261P\027\000\000\000\000\000\000\000\000\000\000\000\000\000\000\000\000\000\000\000\000\000\000\000\000\000\000\000\000\000\000\000\000P\031-}\351f\032\255\274\334m\326c\017\014ao[\342\230\003\245\245\3341Hm\326^\017jy\335\261s!\002\005\363\0222\231\333G\357\305\020\014\241\033\231\261Z#\243\036\0267\020\210\265\022\240%\336\332\221\202\352vF0D\002 `u\204\327&\000Dw\323\315z\032\013\014\364\r\024\327\223u7\003\342\374\300W\021V\001\264V\254\002 e`\003\020f\220\207\251\347\302\243\374\032\306\304\352\277\032\275\233\241C]\004\347+2A\270\3424\t""; "
1750576774388,1750576774388,1360,1,3,1,TMValidation,"validation: """"\200\000\000\000&\000\000\000\002)/\352k\005:\030\016l\375\261lU\035Q0\355\311\211\352@\036\313K1\024B\343N\323V\367s\355lu\324\374V\207\371F\260\325\345\213\261P\027\000\000\000\000\000\000\000\000\000\000\000\000\000\000\000\000\000\000\000\000\000\000\000\000\000\000\000\000\000\000\000\000P\031-}\351f\032\255\274\334m\326c\017\014ao[\342\230\003\245\245\3341Hm\326^\017jy\335\261s!\002\005\363\0222\231\333G\357\305\020\014\241\033\231\261Z#\243\036\0267\020\210\265\022\240%\336\332\221\202\352vF0D\002 `u\204\327&\000Dw\323\315z\032\013\014\364\r\024\327\223u7\003\342\374\300W\021V\001\264V\254\002 e`\003\020f\220\207\251\347\302\243\374\032\306\304\352\277\032\275\233\241C]\004\347+2A\270\3424\t""; ","validation: """"\200\000\000\000&\000\000\000\002)/\352k\005:\030\016l\375\261lU\035Q0\355\311\211\352@\036\313K1\024B\343N\323V\367s\355lu\324\374V\207\371F\260\325\345\213\261P\027\000\000\000\000\000\000\000\000\000\000\000\000\000\000\000\000\000\000\000\000\000\000\000\000\000\000\000\000\000\000\000\000P\031-}\351f\032\255\274\334m\326c\017\014ao[\342\230\003\245\245\3341Hm\326^\017jy\335\261s!\002\005\363\0222\231\333G\357\305\020\014\241\033\231\261Z#\243\036\0267\020\210\265\022\240%\336\332\221\202\352vF0D\002 `u\204\327&\000Dw\323\315z\032\013\014\364\r\024\327\223u7\003\342\374\300W\021V\001\264V\254\002 e`\003\020f\220\207\251\347\302\243\374\032\306\304\352\277\032\275\233\241C]\004\347+2A\270\3424\t""; "
1750576774388,1750576774388,108,1,3,0,TMValidation,"validation: """"\200\000\000\000&\000\000\000\002)/\352k\005:\030\016l\375\261lU\035Q0\355\311\211\352@\036\313K1\024B\343N\323V\367s\355lu\324\374V\207\371F\260\325\345\213\261P\027\000\000\000\000\000\000\000\000\000\000\000\000\000\000\000\000\000\000\000\000\000\000\000\000\000\000\000\000\000\000\000\000P\031-}\351f\032\255\274\334m\326c\017\014ao[\342\230\003\245\245\3341Hm\326^\017jy\335\261s!\002\005\363\0222\231\333G\357\305\020\014\241\033\231\261Z#\243\036\0267\020\210\265\022\240%\336\332\221\202\352vF0D\002 `u\204\327&\000Dw\323\315z\032\013\014\364\r\024\327\223u7\003\342\374\300W\021V\001\264V\254\002 e`\003\020f\220\207\251\347\302\243\374\032\306\304\352\277\032\275\233\241C]\004\347+2A\270\3424\t""; ","validation: """"\200\000\000\000&\000\000\000\002)/\352k\005:\030\016l\375\261lU\035Q0\355\311\211\352@\036\313K1\024B\343N\323V\367s\355lu\324\374V\207\371F\260\325\345\213\261P\027\000\000\000\000\000\000\000\000\000\000\000\000\000\000\000\000\000\000\000\000\000\000\000\000\000\000\000\000\000\000\000\000P\031-}\351f\032\255\274\334m\326c\017\014ao[\342\230\003\245\245\3341Hm\326^\017jy\335\261s!\002\005\363\0222\231\333G\357\305\020\014\241\033\231\261Z#\243\036\0267\020\210\265\022\240%\336\332\221\202\352vF0D\002 `u\204\327&\000Dw\323\315z\032\013\014\364\r\024\327\223u7\003\342\374\300W\021V\001\264V\254\002 e`\003\020f\220\207\251\347\302\243\374\032\306\304\352\277\032\275\233\241C]\004\347+2A\270\3424\t""; "
1750576774403,1750576774403,1027,1,2,0,TMValidation,"validation: """"\200\000\000\000&\000\000\000\002)/\352k\005:\030\016l\375\261lU\035Q0\355\311\211\352@\036\313K1\024B\343N\323V\367s\355lu\324\374V\207\371F\260\325\345\213\261P\027\000\000\000\000\000\000\000\000\000\000\000\000\000\000\000\000\000\000\000\000\000\000\000\000\000\000\000\000\000\000\000\000P\031-}\351f\032\255\274\334m\326c\017\014ao[\342\230\003\245\245\3341Hm\326^\017jy\335\261s!\002\005\363\0222\231\333G\357\305\020\014\241\033\231\261Z#\243\036\0267\020\210\265\022\240%\336\332\221\202\352vF0D\002 `u\204\327&\000Dw\323\315z\032\013\014\364\r\024\327\223u7\003\342\374\300W\021V\001\264V\254\002 e`\003\020f\220\207\251\347\302\243\374\032\306\304\352\277\032\275\233\241C]\004\347+2A\270\3424\t""; ","validation: """"\200\000\000\000&\000\000\000\002)/\352k\005:\030\016l\375\261lU\035Q0\355\311\211\352@\036\313K1\024B\343N\323V\367s\355lu\324\374V\207\371F\260\325\345\213\261P\027\000\000\000\000\000\000\000\000\000\000\000\000\000\000\000\000\000\000\000\000\000\000\000\000\000\000\000\000\000\000\000\000P\031-}\351f\032\255\274\334m\326c\017\014ao[\342\230\003\245\245\3341Hm\326^\017jy\335\261s!\002\005\363\0222\231\333G\357\305\020\014\241\033\231\261Z#\243\036\0267\020\210\265\022\240%\336\332\221\202\352vF0D\002 `u\204\327&\000Dw\323\315z\032\013\014\364\r\024\327\223u7\003\342\374\300W\021V\001\264V\254\002 e`\003\020f\220\207\251\347\302\243\374\032\306\304\352\277\032\275\233\241C]\004\347+2A\270\3424\t""; "
1750576774403,1750576774403,185,1,2,4,TMValidation,"validation: """"\200\000\000\000&\000\000\000\002)/\352k\005:\030\016l\375\261lU\035Q0\355\311\211\352@\036\313K1\024B\343N\323V\367s\355lu\324\374V\207\371F\260\325\345\213\261P\027\000\000\000\000\000\000\000\000\000\000\000\000\000\000\000\000\000\000\000\000\000\000\000\000\000\000\000\000\000\000\000\000P\031-}\351f\032\255\274\334m\326c\017\014ao[\342\230\003\245\245\3341Hm\326^\017jy\335\261s!\002\005\363\0222\231\333G\357\305\020\014\241\033\231\261Z#\243\036\0267\020\210\265\022\240%\336\332\221\202\352vF0D\002 `u\204\327&\000Dw\323\315z\032\013\014\364\r\024\327\223u7\003\342\374\300W\021V\001\264V\254\002 e`\003\020f\220\207\251\347\302\243\374\032\306\304\352\277\032\275\233\241C]\004\347+2A\270\3424\t""; ","validation: """"\200\000\000\000&\000\000\000\002)/\352k\005:\030\016l\375\261lU\035Q0\355\311\211\352@\036\313K1\024B\343N\323V\367s\355lu\324\374V\207\371F\260\325\345\213\261P\027\000\000\000\000\000\000\000\000\000\000\000\000\000\000\000\000\000\000\000\000\000\000\000\000\000\000\000\000\000\000\000\000P\031-}\351f\032\255\274\334m\326c\017\014ao[\342\230\003\245\245\3341Hm\326^\017jy\335\261s!\002\005\363\0222\231\333G\357\305\020\014\241\033\231\261Z#\243\036\0267\020\210\265\022\240%\336\332\221\202\352vF0D\002 `u\204\327&\000Dw\323\315z\032\013\014\364\r\024\327\223u7\003\342\374\300W\021V\001\264V\254\002 e`\003\020f\220\207\251\347\302\243\374\032\306\304\352\277\032\275\233\241C]\004\347+2A\270\3424\t""; "
1750576774404,1750576774404,1713,1,2,3,TMValidation,"validation: """"\200\000\000\000&\000\000\000\002)/\352k\005:\030\016l\375\261lU\035Q0\355\311\211\352@\036\313K1\024B\343N\323V\367s\355lu\324\374V\207\371F\260\325\345\213\261P\027\000\000\000\000\000\000\000\000\000\000\000\000\000\000\000\000\000\000\000\000\000\000\000\000\000\000\000\000\000\000\000\000P\031-}\351f\032\255\274\334m\326c\017\014ao[\342\230\003\245\245\3341Hm\326^\017jy\335\261s!\002\005\363\0222\231\333G\357\305\020\014\241\033\231\261Z#\243\036\0267\020\210\265\022\240%\336\332\221\202\352vF0D\002 `u\204\327&\000Dw\323\315z\032\013\014\364\r\024\327\223u7\003\342\374\300W\021V\001\264V\254\002 e`\003\020f\220\207\251\347\302\243\374\032\306\304\352\277\032\275\233\241C]\004\347+2A\270\3424\t""; ","validation: """"\200\000\000\000&\000\000\000\002)/\352k\005:\030\016l\375\261lU\035Q0\355\311\211\352@\036\313K1\024B\343N\323V\367s\355lu\324\374V\207\371F\260\325\345\213\261P\027\000\000\000\000\000\000\000\000\000\000\000\000\000\000\000\000\000\000\000\000\000\000\000\000\000\000\000\000\000\000\000\000P\031-}\351f\032\255\274\334m\326c\017\014ao[\342\230\003\245\245\3341Hm\326^\017jy\335\261s!\002\005\363\0222\231\333G\357\305\020\014\241\033\231\261Z#\243\036\0267\020\210\265\022\240%\336\332\221\202\352vF0D\002 `u\204\327&\000Dw\323\315z\032\013\014\364\r\024\327\223u7\003\342\374\300W\021V\001\264V\254\002 e`\003\020f\220\207\251\347\302\243\374\032\306\304\352\277\032\275\233\241C]\004\347+2A\270\3424\t""; "
1750576774859,1750576774859,1433,1,3,2,TMValidation,"validation: """"\200\000\000\000&\000\000\000\002)/\352k\005:~\324\314\253\264\317\217]Q0\355\311\211\352@\036\313K1\024B\343N\323V\367s\355lu\324\374V\207\371F\260\325\345\213\261P\027\000\000\000\000\000\000\000\000\000\000\000\000\000\000\000\000\000\000\000\000\000\000\000\000\000\000\000\000\000\000\000\000P\031-}\351f\032\255\274\334m\326c\017\014ao[\342\230\003\245\245\3341Hm\326^\017jy\335\261s!\003\031\332\276_\315\363\210\315\246\030F\330\251\017g\263\037\257\332\007 \253\203\233\205\365\344\036\245\374\253\323vG0E\002!\000\207|\004~NyH.\226\3059\320LO\253\356\004\331\263\240\216H\202\214\264\352q\2656k`\337\002 Pz\252\370\230e\341\363\007\256N/H6\037.\222\216\252|\373%#.\300]\372\325\217\224h\357""; ","validation: """"\200\000\000\000&\000\000\000\002)/\352k\005:~\324\314\253\264\317\217]Q0\355\311\211\352@\036\313K1\024B\343N\323V\367s\355lu\324\374V\207\371F\260\325\345\213\261P\027\000\000\000\000\000\000\000\000\000\000\000\000\000\000\000\000\000\000\000\000\000\000\000\000\000\000\000\000\000\000\000\000P\031-}\351f\032\255\274\334m\326c\017\014ao[\342\230\003\245\245\3341Hm\326^\017jy\335\261s!\003\031\332\276_\315\363\210\315\246\030F\330\251\017g\263\037\257\332\007 \253\203\233\205\365\344\036\245\374\253\323vG0E\002!\000\207|\004~NyH.\226\3059\320LO\253\356\004\331\263\240\216H\202\214\264\352q\2656k`\337\002 Pz\252\370\230e\341\363\007\256N/H6\037.\222\216\252|\373%#.\300]\372\325\217\224h\357""; "
1750576774860,1750576774860,108,1,3,0,TMValidation,"validation: """"\200\000\000\000&\000\000\000\002)/\352k\005:~\324\314\253\264\317\217]Q0\355\311\211\352@\036\313K1\024B\343N\323V\367s\355lu\324\374V\207\371F\260\325\345\213\261P\027\000\000\000\000\000\000\000\000\000\000\000\000\000\000\000\000\000\000\000\000\000\000\000\000\000\000\000\000\000\000\000\000P\031-}\351f\032\255\274\334m\326c\017\014ao[\342\230\003\245\245\3341Hm\326^\017jy\335\261s!\003\031\332\276_\315\363\210\315\246\030F\330\251\017g\263\037\257\332\007 \253\203\233\205\365\344\036\245\374\253\323vG0E\002!\000\207|\004~NyH.\226\3059\320LO\253\356\004\331\263\240\216H\202\214\264\352q\2656k`\337\002 Pz\252\370\230e\341\363\007\256N/H6\037.\222\216\252|\373%#.\300]\372\325\217\224h\357""; ","validation: """"\200\000\000\000&\000\000\000\002)/\352k\005:~\324\314\253\264\317\217]Q0\355\311\211\352@\036\313K1\024B\343N\323V\367s\355lu\324\374V\207\371F\260\325\345\213\261P\027\000\000\000\000\000\000\000\000\000\000\000\000\000\000\000\000\000\000\000\000\000\000\000\000\000\000\000\000\000\000\000\000P\031-}\351f\032\255\274\334m\326c\017\014ao[\342\230\003\245\245\3341Hm\326^\017jy\335\261s!\003\031\332\276_\315\363\210\315\246\030F\330\251\017g\263\037\257\332\007 \253\203\233\205\365\344\036\245\374\253\323vG0E\002!\000\207|\004~NyH.\226\3059\320LO\253\356\004\331\263\240\216H\202\214\264\352q\2656k`\337\002 Pz\252\370\230e\341\363\007\256N/H6\037.\222\216\252|\373%#.\300]\372\325\217\224h\357""; "
1750576774860,1750576774860,1360,1,3,1,TMValidation,"validation: """"\200\000\000\000&\000\000\000\002)/\352k\005:~\324\314\253\264\317\217]Q0\355\311\211\352@\036\313K1\024B\343N\323V\367s\355lu\324\374V\207\371F\260\325\345\213\261P\027\000\000\000\000\000\000\000\000\000\000\000\000\000\000\000\000\000\000\000\000\000\000\000\000\000\000\000\000\000\000\000\000P\031-}\351f\032\255\274\334m\326c\017\014ao[\342\230\003\245\245\3341Hm\326^\017jy\335\261s!\003\031\332\276_\315\363\210\315\246\030F\330\251\017g\263\037\257\332\007 \253\203\233\205\365\344\036\245\374\253\323vG0E\002!\000\207|\004~NyH.\226\3059\320LO\253\356\004\331\263\240\216H\202\214\264\352q\2656k`\337\002 Pz\252\370\230e\341\363\007\256N/H6\037.\222\216\252|\373%#.\300]\372\325\217\224h\357""; ","validation: """"\200\000\000\000&\000\000\000\002)/\352k\005:~\324\314\253\264\317\217]Q0\355\311\211\352@\036\313K1\024B\343N\323V\367s\355lu\324\374V\207\371F\260\325\345\213\261P\027\000\000\000\000\000\000\000\000\000\000\000\000\000\000\000\000\000\000\000\000\000\000\000\000\000\000\000\000\000\000\000\000P\031-}\351f\032\255\274\334m\326c\017\014ao[\342\230\003\245\245\3341Hm\326^\017jy\335\261s!\003\031\332\276_\315\363\210\315\246\030F\330\251\017g\263\037\257\332\007 \253\203\233\205\365\344\036\245\374\253\323vG0E\002!\000\207|\004~NyH.\226\3059\320LO\253\356\004\331\263\240\216H\202\214\264\352q\2656k`\337\002 Pz\252\370\230e\341\363\007\256N/H6\037.\222\216\252|\373%#.\300]\372\325\217\224h\357""; "
1750576774872,1750576774872,185,1,2,4,TMValidation,"validation: """"\200\000\000\000&\000\000\000\002)/\352k\005:~\324\314\253\264\317\217]Q0\355\311\211\352@\036\313K1\024B\343N\323V\367s\355lu\324\374V\207\371F\260\325\345\213\261P\027\000\000\000\000\000\000\000\000\000\000\000\000\000\000\000\000\000\000\000\000\000\000\000\000\000\000\000\000\000\000\000\000P\031-}\351f\032\255\274\334m\326c\017\014ao[\342\230\003\245\245\3341Hm\326^\017jy\335\261s!\003\031\332\276_\315\363\210\315\246\030F\330\251\017g\263\037\257\332\007 \253\203\233\205\365\344\036\245\374\253\323vG0E\002!\000\207|\004~NyH.\226\3059\320LO\253\356\004\331\263\240\216H\202\214\264\352q\2656k`\337\002 Pz\252\370\230e\341\363\007\256N/H6\037.\222\216\252|\373%#.\300]\372\325\217\224h\357""; ","validation: """"\200\000\000\000&\000\000\000\002)/\352k\005:~\324\314\253\264\317\217]Q0\355\311\211\352@\036\313K1\024B\343N\323V\367s\355lu\324\374V\207\371F\260\325\345\213\261P\027\000\000\000\000\000\000\000\000\000\000\000\000\000\000\000\000\000\000\000\000\000\000\000\000\000\000\000\000\000\000\000\000P\031-}\351f\032\255\274\334m\326c\017\014ao[\342\230\003\245\245\3341Hm\326^\017jy\335\261s!\003\031\332\276_\315\363\210\315\246\030F\330\251\017g\263\037\257\332\007 \253\203\233\205\365\344\036\245\374\253\323vG0E\002!\000\207|\004~NyH.\226\3059\320LO\253\356\004\331\263\240\216H\202\214\264\352q\2656k`\337\002 Pz\252\370\230e\341\363\007\256N/H6\037.\222\216\252|\373%#.\300]\372\325\217\224h\357""; "
1750576774872,1750576774872,1713,1,2,3,TMValidation,"validation: """"\200\000\000\000&\000\000\000\002)/\352k\005:~\324\314\253\264\317\217]Q0\355\311\211\352@\036\313K1\024B\343N\323V\367s\355lu\324\374V\207\371F\260\325\345\213\261P\027\000\000\000\000\000\000\000\000\000\000\000\000\000\000\000\000\000\000\000\000\000\000\000\000\000\000\000\000\000\000\000\000P\031-}\351f\032\255\274\334m\326c\017\014ao[\342\230\003\245\245\3341Hm\326^\017jy\335\261s!\003\031\332\276_\315\363\210\315\246\030F\330\251\017g\263\037\257\332\007 \253\203\233\205\365\344\036\245\374\253\323vG0E\002!\000\207|\004~NyH.\226\3059\320LO\253\356\004\331\263\240\216H\202\214\264\352q\2656k`\337\002 Pz\252\370\230e\341\363\007\256N/H6\037.\222\216\252|\373%#.\300]\372\325\217\224h\357""; ","validation: """"\200\000\000\000&\000\000\000\002)/\352k\005:~\324\314\253\264\317\217]Q0\355\311\211\352@\036\313K1\024B\343N\323V\367s\355lu\324\374V\207\371F\260\325\345\213\261P\027\000\000\000\000\000\000\000\000\000\000\000\000\000\000\000\000\000\000\000\000\000\000\000\000\000\000\000\000\000\000\000\000P\031-}\351f\032\255\274\334m\326c\017\014ao[\342\230\003\245\245\3341Hm\326^\017jy\335\261s!\003\031\332\276_\315\363\210\315\246\030F\330\251\017g\263\037\257\332\007 \253\203\233\205\365\344\036\245\374\253\323vG0E\002!\000\207|\004~NyH.\226\3059\320LO\253\356\004\331\263\240\216H\202\214\264\352q\2656k`\337\002 Pz\252\370\230e\341\363\007\256N/H6\037.\222\216\252|\373%#.\300]\372\325\217\224h\357""; "
1750576774872,1750576774872,1027,1,2,0,TMValidation,"validation: """"\200\000\000\000&\000\000\000\002)/\352k\005:~\324\314\253\264\317\217]Q0\355\311\211\352@\036\313K1\024B\343N\323V\367s\355lu\324\374V\207\371F\260\325\345\213\261P\027\000\000\000\000\000\000\000\000\000\000\000\000\000\000\000\000\000\000\000\000\000\000\000\000\000\000\000\000\000\000\000\000P\031-}\351f\032\255\274\334m\326c\017\014ao[\342\230\003\245\245\3341Hm\326^\017jy\335\261s!\003\031\332\276_\315\363\210\315\246\030F\330\251\017g\263\037\257\332\007 \253\203\233\205\365\344\036\245\374\253\323vG0E\002!\000\207|\004~NyH.\226\3059\320LO\253\356\004\331\263\240\216H\202\214\264\352q\2656k`\337\002 Pz\252\370\230e\341\363\007\256N/H6\037.\222\216\252|\373%#.\300]\372\325\217\224h\357""; ","validation: """"\200\000\000\000&\000\000\000\002)/\352k\005:~\324\314\253\264\317\217]Q0\355\311\211\352@\036\313K1\024B\343N\323V\367s\355lu\324\374V\207\371F\260\325\345\213\261P\027\000\000\000\000\000\000\000\000\000\000\000\000\000\000\000\000\000\000\000\000\000\000\000\000\000\000\000\000\000\000\000\000P\031-}\351f\032\255\274\334m\326c\017\014ao[\342\230\003\245\245\3341Hm\326^\017jy\335\261s!\003\031\332\276_\315\363\210\315\246\030F\330\251\017g\263\037\257\332\007 \253\203\233\205\365\344\036\245\374\253\323vG0E\002!\000\207|\004~NyH.\226\3059\320LO\253\356\004\331\263\240\216H\202\214\264\352q\2656k`\337\002 Pz\252\370\230e\341\363\007\256N/H6\037.\222\216\252|\373%#.\300]\372\325\217\224h\357""; "
1750576774908,1750576774909,725,1,1,4,TMLedgerData,"ledgerHash: ""0\355\311\211\352@\036\313K1\024B\343N\323V\367s\355lu\324\374V\207\371F\260\325\345\213\261""; ledgerSeq: 2; type: liBASE; nodes {;   nodedata: ""\000\000\000\002\001cEx]\212\000\000-}\351f\032\255\274\334m\326c\017\014ao[\342\230\003\245\245\3341Hm\326^\017jy\335\261\000\000\000\000\000\000\000\000\000\000\000\000\000\000\000\000\000\000\000\000\000\000\000\000\000\000\000\000\000\000\000\000{e\2655L\2440\340\020\277~\333\017WF\230\334\351\277\266\267\357{\321\317\275\374\330\255\231Z\226(\366\274\006/\352j\370\n\000""; }; nodes {;   nodedata: ""\303\016\021\310<Z\337\266>\225@&n\022\246\274\353\220\345b3\035\313\350L\354\254\002\005\305\035\017\002E\344\037@\210\363\010\336T\226\247'\204_{\261\370""1\235\2445\343\033Y!\212\201\341\272\225'\007>L\014O\253g\352\035\214I\361\342\213\274\243\225\r\327qi\207\254\211\347\300?w\214Ha~\260\013\003""; }; ","ledgerHash: ""0\355\311\211\352@\036\313K1\024B\343N\323V\367s\355lu\324\374V\207\371F\260\325\345\213\261""; ledgerSeq: 2; type: liBASE; nodes {;   nodedata: ""\000\000\000\002\001cEx]\212\000\000-}\351f\032\255\274\334m\326c\017\014ao[\342\230\003\245\245\3341Hm\326^\017jy\335\261\000\000\000\000\000\000\000\000\000\000\000\000\000\000\000\000\000\000\000\000\000\000\000\000\000\000\000\000\000\000\000\000{e\2655L\2440\340\020\277~\333\017WF\230\334\351\277\266\267\357{\321\317\275\374\330\255\231Z\226(\366\274\006/\352j\370\n\000""; }; nodes {;   nodedata: ""\303\016\021\310<Z\337\266>\225@&n\022\246\274\353\220\345b3\035\313\350L\354\254\002\005\305\035\017\002E\344\037@\210\363\010\336T\226\247'\204_{\261\370""1\235\2445\343\033Y!\212\201\341\272\225'\007>L\014O\253g\352\035\214I\361\342\213\274\243\225\r\327qi\207\254\211\347\300?w\214Ha~\260\013\003""; }; "
1750576774909,1750576774909,725,1,1,4,TMLedgerData,"ledgerHash: ""0\355\311\211\352@\036\313K1\024B\343N\323V\367s\355lu\324\374V\207\371F\260\325\345\213\261""; ledgerSeq: 2; type: liBASE; nodes {;   nodedata: ""\000\000\000\002\001cEx]\212\000\000-}\351f\032\255\274\334m\326c\017\014ao[\342\230\003\245\245\3341Hm\326^\017jy\335\261\000\000\000\000\000\000\000\000\000\000\000\000\000\000\000\000\000\000\000\000\000\000\000\000\000\000\000\000\000\000\000\000{e\2655L\2440\340\020\277~\333\017WF\230\334\351\277\266\267\357{\321\317\275\374\330\255\231Z\226(\366\274\006/\352j\370\n\000""; }; nodes {;   nodedata: ""\303\016\021\310<Z\337\266>\225@&n\022\246\274\353\220\345b3\035\313\350L\354\254\002\005\305\035\017\002E\344\037@\210\363\010\336T\226\247'\204_{\261\370""1\235\2445\343\033Y!\212\201\341\272\225'\007>L\014O\253g\352\035\214I\361\342\213\274\243\225\r\327qi\207\254\211\347\300?w\214Ha~\260\013\003""; }; ","ledgerHash: ""0\355\311\211\352@\036\313K1\024B\343N\323V\367s\355lu\324\374V\207\371F\260\325\345\213\261""; ledgerSeq: 2; type: liBASE; nodes {;   nodedata: ""\000\000\000\002\001cEx]\212\000\000-}\351f\032\255\274\334m\326c\017\014ao[\342\230\003\245\245\3341Hm\326^\017jy\335\261\000\000\000\000\000\000\000\000\000\000\000\000\000\000\000\000\000\000\000\000\000\000\000\000\000\000\000\000\000\000\000\000{e\2655L\2440\340\020\277~\333\017WF\230\334\351\277\266\267\357{\321\317\275\374\330\255\231Z\226(\366\274\006/\352j\370\n\000""; }; nodes {;   nodedata: ""\303\016\021\310<Z\337\266>\225@&n\022\246\274\353\220\345b3\035\313\350L\354\254\002\005\305\035\017\002E\344\037@\210\363\010\336T\226\247'\204_{\261\370""1\235\2445\343\033Y!\212\201\341\272\225'\007>L\014O\253g\352\035\214I\361\342\213\274\243\225\r\327qi\207\254\211\347\300?w\214Ha~\260\013\003""; }; "
1750576774934,1750576774934,862,1,0,1,TMLedgerData,"ledgerHash: ""0\355\311\211\352@\036\313K1\024B\343N\323V\367s\355lu\324\374V\207\371F\260\325\345\213\261""; ledgerSeq: 2; type: liBASE; nodes {;   nodedata: ""\000\000\000\002\001cEx]\212\000\000-}\351f\032\255\274\334m\326c\017\014ao[\342\230\003\245\245\3341Hm\326^\017jy\335\261\000\000\000\000\000\000\000\000\000\000\000\000\000\000\000\000\000\000\000\000\000\000\000\000\000\000\000\000\000\000\000\000{e\2655L\2440\340\020\277~\333\017WF\230\334\351\277\266\267\357{\321\317\275\374\330\255\231Z\226(\366\274\006/\352j\370\n\000""; }; nodes {;   nodedata: ""\303\016\021\310<Z\337\266>\225@&n\022\246\274\353\220\345b3\035\313\350L\354\254\002\005\305\035\017\002E\344\037@\210\363\010\336T\226\247'\204_{\261\370""1\235\2445\343\033Y!\212\201\341\272\225'\007>L\014O\253g\352\035\214I\361\342\213\274\243\225\r\327qi\207\254\211\347\300?w\214Ha~\260\013\003""; }; ","ledgerHash: ""0\355\311\211\352@\036\313K1\024B\343N\323V\367s\355lu\324\374V\207\371F\260\325\345\213\261""; ledgerSeq: 2; type: liBASE; nodes {;   nodedata: ""\000\000\000\002\001cEx]\212\000\000-}\351f\032\255\274\334m\326c\017\014ao[\342\230\003\245\245\3341Hm\326^\017jy\335\261\000\000\000\000\000\000\000\000\000\000\000\000\000\000\000\000\000\000\000\000\000\000\000\000\000\000\000\000\000\000\000\000{e\2655L\2440\340\020\277~\333\017WF\230\334\351\277\266\267\357{\321\317\275\374\330\255\231Z\226(\366\274\006/\352j\370\n\000""; }; nodes {;   nodedata: ""\303\016\021\310<Z\337\266>\225@&n\022\246\274\353\220\345b3\035\313\350L\354\254\002\005\305\035\017\002E\344\037@\210\363\010\336T\226\247'\204_{\261\370""1\235\2445\343\033Y!\212\201\341\272\225'\007>L\014O\253g\352\035\214I\361\342\213\274\243\225\r\327qi\207\254\211\347\300?w\214Ha~\260\013\003""; }; "
1750576774934,1750576774934,862,1,0,1,TMLedgerData,"ledgerHash: ""0\355\311\211\352@\036\313K1\024B\343N\323V\367s\355lu\324\374V\207\371F\260\325\345\213\261""; ledgerSeq: 2; type: liBASE; nodes {;   nodedata: ""\000\000\000\002\001cEx]\212\000\000-}\351f\032\255\274\334m\326c\017\014ao[\342\230\003\245\245\3341Hm\326^\017jy\335\261\000\000\000\000\000\000\000\000\000\000\000\000\000\000\000\000\000\000\000\000\000\000\000\000\000\000\000\000\000\000\000\000{e\2655L\2440\340\020\277~\333\017WF\230\334\351\277\266\267\357{\321\317\275\374\330\255\231Z\226(\366\274\006/\352j\370\n\000""; }; nodes {;   nodedata: ""\303\016\021\310<Z\337\266>\225@&n\022\246\274\353\220\345b3\035\313\350L\354\254\002\005\305\035\017\002E\344\037@\210\363\010\336T\226\247'\204_{\261\370""1\235\2445\343\033Y!\212\201\341\272\225'\007>L\014O\253g\352\035\214I\361\342\213\274\243\225\r\327qi\207\254\211\347\300?w\214Ha~\260\013\003""; }; ","ledgerHash: ""0\355\311\211\352@\036\313K1\024B\343N\323V\367s\355lu\324\374V\207\371F\260\325\345\213\261""; ledgerSeq: 2; type: liBASE; nodes {;   nodedata: ""\000\000\000\002\001cEx]\212\000\000-}\351f\032\255\274\334m\326c\017\014ao[\342\230\003\245\245\3341Hm\326^\017jy\335\261\000\000\000\000\000\000\000\000\000\000\000\000\000\000\000\000\000\000\000\000\000\000\000\000\000\000\000\000\000\000\000\000{e\2655L\2440\340\020\277~\333\017WF\230\334\351\277\266\267\357{\321\317\275\374\330\255\231Z\226(\366\274\006/\352j\370\n\000""; }; nodes {;   nodedata: ""\303\016\021\310<Z\337\266>\225@&n\022\246\274\353\220\345b3\035\313\350L\354\254\002\005\305\035\017\002E\344\037@\210\363\010\336T\226\247'\204_{\261\370""1\235\2445\343\033Y!\212\201\341\272\225'\007>L\014O\253g\352\035\214I\361\342\213\274\243\225\r\327qi\207\254\211\347\300?w\214Ha~\260\013\003""; }; "
1750576774970,1750576774970,2019,1,0,4,TMValidation,"validation: """"\200\000\000\000&\000\000\000\002)/\352k\005:~\324\314\253\264\317\217]Q0\355\311\211\352@\036\313K1\024B\343N\323V\367s\355lu\324\374V\207\371F\260\325\345\213\261P\027\000\000\000\000\000\000\000\000\000\000\000\000\000\000\000\000\000\000\000\000\000\000\000\000\000\000\000\000\000\000\000\000P\031-}\351f\032\255\274\334m\326c\017\014ao[\342\230\003\245\245\3341Hm\326^\017jy\335\261s!\003\031\332\276_\315\363\210\315\246\030F\330\251\017g\263\037\257\332\007 \253\203\233\205\365\344\036\245\374\253\323vG0E\002!\000\207|\004~NyH.\226\3059\320LO\253\356\004\331\263\240\216H\202\214\264\352q\2656k`\337\002 Pz\252\370\230e\341\363\007\256N/H6\037.\222\216\252|\373%#.\300]\372\325\217\224h\357""; ","validation: """"\200\000\000\000&\000\000\000\002)/\352k\005:~\324\314\253\264\317\217]Q0\355\311\211\352@\036\313K1\024B\343N\323V\367s\355lu\324\374V\207\371F\260\325\345\213\261P\027\000\000\000\000\000\000\000\000\000\000\000\000\000\000\000\000\000\000\000\000\000\000\000\000\000\000\000\000\000\000\000\000P\031-}\351f\032\255\274\334m\326c\017\014ao[\342\230\003\245\245\3341Hm\326^\017jy\335\261s!\003\031\332\276_\315\363\210\315\246\030F\330\251\017g\263\037\257\332\007 \253\203\233\205\365\344\036\245\374\253\323vG0E\002!\000\207|\004~NyH.\226\3059\320LO\253\356\004\331\263\240\216H\202\214\264\352q\2656k`\337\002 Pz\252\370\230e\341\363\007\256N/H6\037.\222\216\252|\373%#.\300]\372\325\217\224h\357""; "
1750576774970,1750576774970,3783,1,0,2,TMValidation,"validation: """"\200\000\000\000&\000\000\000\002)/\352k\005:~\324\314\253\264\317\217]Q0\355\311\211\352@\036\313K1\024B\343N\323V\367s\355lu\324\374V\207\371F\260\325\345\213\261P\027\000\000\000\000\000\000\000\000\000\000\000\000\000\000\000\000\000\000\000\000\000\000\000\000\000\000\000\000\000\000\000\000P\031-}\351f\032\255\274\334m\326c\017\014ao[\342\230\003\245\245\3341Hm\326^\017jy\335\261s!\003\031\332\276_\315\363\210\315\246\030F\330\251\017g\263\037\257\332\007 \253\203\233\205\365\344\036\245\374\253\323vG0E\002!\000\207|\004~NyH.\226\3059\320LO\253\356\004\331\263\240\216H\202\214\264\352q\2656k`\337\002 Pz\252\370\230e\341\363\007\256N/H6\037.\222\216\252|\373%#.\300]\372\325\217\224h\357""; ","validation: """"\200\000\000\000&\000\000\000\002)/\352k\005:~\324\314\253\264\317\217]Q0\355\311\211\352@\036\313K1\024B\343N\323V\367s\355lu\324\374V\207\371F\260\325\345\213\261P\027\000\000\000\000\000\000\000\000\000\000\000\000\000\000\000\000\000\000\000\000\000\000\000\000\000\000\000\000\000\000\000\000P\031-}\351f\032\255\274\334m\326c\017\014ao[\342\230\003\245\245\3341Hm\326^\017jy\335\261s!\003\031\332\276_\315\363\210\315\246\030F\330\251\017g\263\037\257\332\007 \253\203\233\205\365\344\036\245\374\253\323vG0E\002!\000\207|\004~NyH.\226\3059\320LO\253\356\004\331\263\240\216H\202\214\264\352q\2656k`\337\002 Pz\252\370\230e\341\363\007\256N/H6\037.\222\216\252|\373%#.\300]\372\325\217\224h\357""; "
1750576774978,1750576774978,219,1,0,1,TMValidation,"validation: """"\200\000\000\000&\000\000\000\002)/\352k\005:~\324\314\253\264\317\217]Q0\355\311\211\352@\036\313K1\024B\343N\323V\367s\355lu\324\374V\207\371F\260\325\345\213\261P\027\000\000\000\000\000\000\000\000\000\000\000\000\000\000\000\000\000\000\000\000\000\000\000\000\000\000\000\000\000\000\000\000P\031-}\351f\032\255\274\334m\326c\017\014ao[\342\230\003\245\245\3341Hm\326^\017jy\335\261s!\003\031\332\276_\315\363\210\315\246\030F\330\251\017g\263\037\257\332\007 \253\203\233\205\365\344\036\245\374\253\323vG0E\002!\000\207|\004~NyH.\226\3059\320LO\253\356\004\331\263\240\216H\202\214\264\352q\2656k`\337\002 Pz\252\370\230e\341\363\007\256N/H6\037.\222\216\252|\373%#.\300]\372\325\217\224h\357""; ","validation: """"\200\000\000\000&\000\000\000\002)/\352k\005:~\324\314\253\264\317\217]Q0\355\311\211\352@\036\313K1\024B\343N\323V\367s\355lu\324\374V\207\371F\260\325\345\213\261P\027\000\000\000\000\000\000\000\000\000\000\000\000\000\000\000\000\000\000\000\000\000\000\000\000\000\000\000\000\000\000\000\000P\031-}\351f\032\255\274\334m\326c\017\014ao[\342\230\003\245\245\3341Hm\326^\017jy\335\261s!\003\031\332\276_\315\363\210\315\246\030F\330\251\017g\263\037\257\332\007 \253\203\233\205\365\344\036\245\374\253\323vG0E\002!\000\207|\004~NyH.\226\3059\320LO\253\356\004\331\263\240\216H\202\214\264\352q\2656k`\337\002 Pz\252\370\230e\341\363\007\256N/H6\037.\222\216\252|\373%#.\300]\372\325\217\224h\357""; "
1750576774993,1750576774993,185,1,2,4,TMValidation,"validation: """"\200\000\000\000&\000\000\000\002)/\352k\005:\373\252\211\251\2041h\203Q0\355\311\211\352@\036\313K1\024B\343N\323V\367s\355lu\324\374V\207\371F\260\325\345\213\261P\027\000\000\000\000\000\000\000\000\000\000\000\000\000\000\000\000\000\000\000\000\000\000\000\000\000\000\000\000\000\000\000\000P\031-}\351f\032\255\274\334m\326c\017\014ao[\342\230\003\245\245\3341Hm\326^\017jy\335\261s!\003uv\3157M_,X\323\216\327\373A""\226\013\275\210\0079\020Q\007\035\231@s\266\345\000\272\252vF0D\002 i\020\3006@\035\200\365\273\03233c\273\326:&\200\322C\316\313\222\316S\227\200\001k\236p\311\002 %M(\260\303zf's\r\272\221\352\276\024\325\025\227\020\226\032\303]\006\335\306\301\2114\275B~""; ","validation: """"\200\000\000\000&\000\000\000\002)/\352k\005:\373\252\211\251\2041h\203Q0\355\311\211\352@\036\313K1\024B\343N\323V\367s\355lu\324\374V\207\371F\260\325\345\213\261P\027\000\000\000\000\000\000\000\000\000\000\000\000\000\000\000\000\000\000\000\000\000\000\000\000\000\000\000\000\000\000\000\000P\031-}\351f\032\255\274\334m\326c\017\014ao[\342\230\003\245\245\3341Hm\326^\017jy\335\261s!\003uv\3157M_,X\323\216\327\373A""\226\013\275\210\0079\020Q\007\035\231@s\266\345\000\272\252vF0D\002 i\020\3006@\035\200\365\273\03233c\273\326:&\200\322C\316\313\222\316S\227\200\001k\236p\311\002 %M(\260\303zf's\r\272\221\352\276\024\325\025\227\020\226\032\303]\006\335\306\301\2114\275B~""; "
1750576774993,1750576774993,1027,1,2,0,TMValidation,"validation: """"\200\000\000\000&\000\000\000\002)/\352k\005:\373\252\211\251\2041h\203Q0\355\311\211\352@\036\313K1\024B\343N\323V\367s\355lu\324\374V\207\371F\260\325\345\213\261P\027\000\000\000\000\000\000\000\000\000\000\000\000\000\000\000\000\000\000\000\000\000\000\000\000\000\000\000\000\000\000\000\000P\031-}\351f\032\255\274\334m\326c\017\014ao[\342\230\003\245\245\3341Hm\326^\017jy\335\261s!\003uv\3157M_,X\323\216\327\373A""\226\013\275\210\0079\020Q\007\035\231@s\266\345\000\272\252vF0D\002 i\020\3006@\035\200\365\273\03233c\273\326:&\200\322C\316\313\222\316S\227\200\001k\236p\311\002 %M(\260\303zf's\r\272\221\352\276\024\325\025\227\020\226\032\303]\006\335\306\301\2114\275B~""; ","validation: """"\200\000\000\000&\000\000\000\002)/\352k\005:\373\252\211\251\2041h\203Q0\355\311\211\352@\036\313K1\024B\343N\323V\367s\355lu\324\374V\207\371F\260\325\345\213\261P\027\000\000\000\000\000\000\000\000\000\000\000\000\000\000\000\000\000\000\000\000\000\000\000\000\000\000\000\000\000\000\000\000P\031-}\351f\032\255\274\334m\326c\017\014ao[\342\230\003\245\245\3341Hm\326^\017jy\335\261s!\003uv\3157M_,X\323\216\327\373A""\226\013\275\210\0079\020Q\007\035\231@s\266\345\000\272\252vF0D\002 i\020\3006@\035\200\365\273\03233c\273\326:&\200\322C\316\313\222\316S\227\200\001k\236p\311\002 %M(\260\303zf's\r\272\221\352\276\024\325\025\227\020\226\032\303]\006\335\306\301\2114\275B~""; "
1750576774994,1750576774994,1713,1,2,3,TMValidation,"validation: """"\200\000\000\000&\000\000\000\002)/\352k\005:\373\252\211\251\2041h\203Q0\355\311\211\352@\036\313K1\024B\343N\323V\367s\355lu\324\374V\207\371F\260\325\345\213\261P\027\000\000\000\000\000\000\000\000\000\000\000\000\000\000\000\000\000\000\000\000\000\000\000\000\000\000\000\000\000\000\000\000P\031-}\351f\032\255\274\334m\326c\017\014ao[\342\230\003\245\245\3341Hm\326^\017jy\335\261s!\003uv\3157M_,X\323\216\327\373A""\226\013\275\210\0079\020Q\007\035\231@s\266\345\000\272\252vF0D\002 i\020\3006@\035\200\365\273\03233c\273\326:&\200\322C\316\313\222\316S\227\200\001k\236p\311\002 %M(\260\303zf's\r\272\221\352\276\024\325\025\227\020\226\032\303]\006\335\306\301\2114\275B~""; ","validation: """"\200\000\000\000&\000\000\000\002)/\352k\005:\373\252\211\251\2041h\203Q0\355\311\211\352@\036\313K1\024B\343N\323V\367s\355lu\324\374V\207\371F\260\325\345\213\261P\027\000\000\000\000\000\000\000\000\000\000\000\000\000\000\000\000\000\000\000\000\000\000\000\000\000\000\000\000\000\000\000\000P\031-}\351f\032\255\274\334m\326c\017\014ao[\342\230\003\245\245\3341Hm\326^\017jy\335\261s!\003uv\3157M_,X\323\216\327\373A""\226\013\275\210\0079\020Q\007\035\231@s\266\345\000\272\252vF0D\002 i\020\3006@\035\200\365\273\03233c\273\326:&\200\322C\316\313\222\316S\227\200\001k\236p\311\002 %M(\260\303zf's\r\272\221\352\276\024\325\025\227\020\226\032\303]\006\335\306\301\2114\275B~""; "
1750576775268,1750576775268,1713,1,2,3,TMValidation,"validation: """"\200\000\000\000&\000\000\000\002)/\352k\005:\225\031\312\0231#ajQ0\355\311\211\352@\036\313K1\024B\343N\323V\367s\355lu\324\374V\207\371F\260\325\345\213\261P\027\000\000\000\000\000\000\000\000\000\000\000\000\000\000\000\000\000\000\000\000\000\000\000\000\000\000\000\000\000\000\000\000P\031-}\351f\032\255\274\334m\326c\017\014ao[\342\230\003\245\245\3341Hm\326^\017jy\335\261s!\002i\265d-H\225\336\350\317n\272\016O\317\257\273\327\352\371\231\250\230(\240\353\331\024\207\241\020\304!vG0E\002!\000\316\245\230\375\274r\006\206{\275\240:\003\206\221\247\371\226v\304\342\034^\271\205\346\020lfJ\337\377\002 Iy\020+o\250\327\013\207\021\211^\204\031\017\260U\344\241\305*e\003\361\037\017K\252\025e\274\034""; ","validation: """"\200\000\000\000&\000\000\000\002)/\352k\005:\225\031\312\0231#ajQ0\355\311\211\352@\036\313K1\024B\343N\323V\367s\355lu\324\374V\207\371F\260\325\345\213\261P\027\000\000\000\000\000\000\000\000\000\000\000\000\000\000\000\000\000\000\000\000\000\000\000\000\000\000\000\000\000\000\000\000P\031-}\351f\032\255\274\334m\326c\017\014ao[\342\230\003\245\245\3341Hm\326^\017jy\335\261s!\002i\265d-H\225\336\350\317n\272\016O\317\257\273\327\352\371\231\250\230(\240\353\331\024\207\241\020\304!vG0E\002!\000\316\245\230\375\274r\006\206{\275\240:\003\206\221\247\371\226v\304\342\034^\271\205\346\020lfJ\337\377\002 Iy\020+o\250\327\013\207\021\211^\204\031\017\260U\344\241\305*e\003\361\037\017K\252\025e\274\034""; "
1750576775268,1750576775269,185,1,2,4,TMValidation,"validation: """"\200\000\000\000&\000\000\000\002)/\352k\005:\225\031\312\0231#ajQ0\355\311\211\352@\036\313K1\024B\343N\323V\367s\355lu\324\374V\207\371F\260\325\345\213\261P\027\000\000\000\000\000\000\000\000\000\000\000\000\000\000\000\000\000\000\000\000\000\000\000\000\000\000\000\000\000\000\000\000P\031-}\351f\032\255\274\334m\326c\017\014ao[\342\230\003\245\245\3341Hm\326^\017jy\335\261s!\002i\265d-H\225\336\350\317n\272\016O\317\257\273\327\352\371\231\250\230(\240\353\331\024\207\241\020\304!vG0E\002!\000\316\245\230\375\274r\006\206{\275\240:\003\206\221\247\371\226v\304\342\034^\271\205\346\020lfJ\337\377\002 Iy\020+o\250\327\013\207\021\211^\204\031\017\260U\344\241\305*e\003\361\037\017K\252\025e\274\034""; ","validation: """"\200\000\000\000&\000\000\000\002)/\352k\005:\225\031\312\0231#ajQ0\355\311\211\352@\036\313K1\024B\343N\323V\367s\355lu\324\374V\207\371F\260\325\345\213\261P\027\000\000\000\000\000\000\000\000\000\000\000\000\000\000\000\000\000\000\000\000\000\000\000\000\000\000\000\000\000\000\000\000P\031-}\351f\032\255\274\334m\326c\017\014ao[\342\230\003\245\245\3341Hm\326^\017jy\335\261s!\002i\265d-H\225\336\350\317n\272\016O\317\257\273\327\352\371\231\250\230(\240\353\331\024\207\241\020\304!vG0E\002!\000\316\245\230\375\274r\006\206{\275\240:\003\206\221\247\371\226v\304\342\034^\271\205\346\020lfJ\337\377\002 Iy\020+o\250\327\013\207\021\211^\204\031\017\260U\344\241\305*e\003\361\037\017K\252\025e\274\034""; "
1750576775269,1750576775269,1027,1,2,0,TMValidation,"validation: """"\200\000\000\000&\000\000\000\002)/\352k\005:\225\031\312\0231#ajQ0\355\311\211\352@\036\313K1\024B\343N\323V\367s\355lu\324\374V\207\371F\260\325\345\213\261P\027\000\000\000\000\000\000\000\000\000\000\000\000\000\000\000\000\000\000\000\000\000\000\000\000\000\000\000\000\000\000\000\000P\031-}\351f\032\255\274\334m\326c\017\014ao[\342\230\003\245\245\3341Hm\326^\017jy\335\261s!\002i\265d-H\225\336\350\317n\272\016O\317\257\273\327\352\371\231\250\230(\240\353\331\024\207\241\020\304!vG0E\002!\000\316\245\230\375\274r\006\206{\275\240:\003\206\221\247\371\226v\304\342\034^\271\205\346\020lfJ\337\377\002 Iy\020+o\250\327\013\207\021\211^\204\031\017\260U\344\241\305*e\003\361\037\017K\252\025e\274\034""; ","validation: """"\200\000\000\000&\000\000\000\002)/\352k\005:\225\031\312\0231#ajQ0\355\311\211\352@\036\313K1\024B\343N\323V\367s\355lu\324\374V\207\371F\260\325\345\213\261P\027\000\000\000\000\000\000\000\000\000\000\000\000\000\000\000\000\000\000\000\000\000\000\000\000\000\000\000\000\000\000\000\000P\031-}\351f\032\255\274\334m\326c\017\014ao[\342\230\003\245\245\3341Hm\326^\017jy\335\261s!\002i\265d-H\225\336\350\317n\272\016O\317\257\273\327\352\371\231\250\230(\240\353\331\024\207\241\020\304!vG0E\002!\000\316\245\230\375\274r\006\206{\275\240:\003\206\221\247\371\226v\304\342\034^\271\205\346\020lfJ\337\377\002 Iy\020+o\250\327\013\207\021\211^\204\031\017\260U\344\241\305*e\003\361\037\017K\252\025e\274\034""; "
1750576775834,1750576775834,1735,1,4,1,TMLedgerData,"ledgerHash: ""0\355\311\211\352@\036\313K1\024B\343N\323V\367s\355lu\324\374V\207\371F\260\325\345\213\261""; ledgerSeq: 2; type: liBASE; nodes {;   nodedata: ""\000\000\000\002\001cEx]\212\000\000-}\351f\032\255\274\334m\326c\017\014ao[\342\230\003\245\245\3341Hm\326^\017jy\335\261\000\000\000\000\000\000\000\000\000\000\000\000\000\000\000\000\000\000\000\000\000\000\000\000\000\000\000\000\000\000\000\000{e\2655L\2440\340\020\277~\333\017WF\230\334\351\277\266\267\357{\321\317\275\374\330\255\231Z\226(\366\274\006/\352j\370\n\000""; }; nodes {;   nodedata: ""\303\016\021\310<Z\337\266>\225@&n\022\246\274\353\220\345b3\035\313\350L\354\254\002\005\305\035\017\002E\344\037@\210\363\010\336T\226\247'\204_{\261\370""1\235\2445\343\033Y!\212\201\341\272\225'\007>L\014O\253g\352\035\214I\361\342\213\274\243\225\r\327qi\207\254\211\347\300?w\214Ha~\260\013\003""; }; ","ledgerHash: ""0\355\311\211\352@\036\313K1\024B\343N\323V\367s\355lu\324\374V\207\371F\260\325\345\213\261""; ledgerSeq: 2; type: liBASE; nodes {;   nodedata: ""\000\000\000\002\001cEx]\212\000\000-}\351f\032\255\274\334m\326c\017\014ao[\342\230\003\245\245\3341Hm\326^\017jy\335\261\000\000\000\000\000\000\000\000\000\000\000\000\000\000\000\000\000\000\000\000\000\000\000\000\000\000\000\000\000\000\000\000{e\2655L\2440\340\020\277~\333\017WF\230\334\351\277\266\267\357{\321\317\275\374\330\255\231Z\226(\366\274\006/\352j\370\n\000""; }; nodes {;   nodedata: ""\303\016\021\310<Z\337\266>\225@&n\022\246\274\353\220\345b3\035\313\350L\354\254\002\005\305\035\017\002E\344\037@\210\363\010\336T\226\247'\204_{\261\370""1\235\2445\343\033Y!\212\201\341\272\225'\007>L\014O\253g\352\035\214I\361\342\213\274\243\225\r\327qi\207\254\211\347\300?w\214Ha~\260\013\003""; }; "
1750576775835,1750576775835,1735,1,4,1,TMLedgerData,"ledgerHash: ""0\355\311\211\352@\036\313K1\024B\343N\323V\367s\355lu\324\374V\207\371F\260\325\345\213\261""; ledgerSeq: 2; type: liBASE; nodes {;   nodedata: ""\000\000\000\002\001cEx]\212\000\000-}\351f\032\255\274\334m\326c\017\014ao[\342\230\003\245\245\3341Hm\326^\017jy\335\261\000\000\000\000\000\000\000\000\000\000\000\000\000\000\000\000\000\000\000\000\000\000\000\000\000\000\000\000\000\000\000\000{e\2655L\2440\340\020\277~\333\017WF\230\334\351\277\266\267\357{\321\317\275\374\330\255\231Z\226(\366\274\006/\352j\370\n\000""; }; nodes {;   nodedata: ""\303\016\021\310<Z\337\266>\225@&n\022\246\274\353\220\345b3\035\313\350L\354\254\002\005\305\035\017\002E\344\037@\210\363\010\336T\226\247'\204_{\261\370""1\235\2445\343\033Y!\212\201\341\272\225'\007>L\014O\253g\352\035\214I\361\342\213\274\243\225\r\327qi\207\254\211\347\300?w\214Ha~\260\013\003""; }; ","ledgerHash: ""0\355\311\211\352@\036\313K1\024B\343N\323V\367s\355lu\324\374V\207\371F\260\325\345\213\261""; ledgerSeq: 2; type: liBASE; nodes {;   nodedata: ""\000\000\000\002\001cEx]\212\000\000-}\351f\032\255\274\334m\326c\017\014ao[\342\230\003\245\245\3341Hm\326^\017jy\335\261\000\000\000\000\000\000\000\000\000\000\000\000\000\000\000\000\000\000\000\000\000\000\000\000\000\000\000\000\000\000\000\000{e\2655L\2440\340\020\277~\333\017WF\230\334\351\277\266\267\357{\321\317\275\374\330\255\231Z\226(\366\274\006/\352j\370\n\000""; }; nodes {;   nodedata: ""\303\016\021\310<Z\337\266>\225@&n\022\246\274\353\220\345b3\035\313\350L\354\254\002\005\305\035\017\002E\344\037@\210\363\010\336T\226\247'\204_{\261\370""1\235\2445\343\033Y!\212\201\341\272\225'\007>L\014O\253g\352\035\214I\361\342\213\274\243\225\r\327qi\207\254\211\347\300?w\214Ha~\260\013\003""; }; "
1750576776178,1750576776179,2072,1,0,4,TMLedgerData,"ledgerHash: ""0\355\311\211\352@\036\313K1\024B\343N\323V\367s\355lu\324\374V\207\371F\260\325\345\213\261""; ledgerSeq: 2; type: liBASE; nodes {;   nodedata: ""\000\000\000\002\001cEx]\212\000\000-}\351f\032\255\274\334m\326c\017\014ao[\342\230\003\245\245\3341Hm\326^\017jy\335\261\000\000\000\000\000\000\000\000\000\000\000\000\000\000\000\000\000\000\000\000\000\000\000\000\000\000\000\000\000\000\000\000{e\2655L\2440\340\020\277~\333\017WF\230\334\351\277\266\267\357{\321\317\275\374\330\255\231Z\226(\366\274\006/\352j\370\n\000""; }; nodes {;   nodedata: ""\303\016\021\310<Z\337\266>\225@&n\022\246\274\353\220\345b3\035\313\350L\354\254\002\005\305\035\017\002E\344\037@\210\363\010\336T\226\247'\204_{\261\370""1\235\2445\343\033Y!\212\201\341\272\225'\007>L\014O\253g\352\035\214I\361\342\213\274\243\225\r\327qi\207\254\211\347\300?w\214Ha~\260\013\003""; }; ","ledgerHash: ""0\355\311\211\352@\036\313K1\024B\343N\323V\367s\355lu\324\374V\207\371F\260\325\345\213\261""; ledgerSeq: 2; type: liBASE; nodes {;   nodedata: ""\000\000\000\002\001cEx]\212\000\000-}\351f\032\255\274\334m\326c\017\014ao[\342\230\003\245\245\3341Hm\326^\017jy\335\261\000\000\000\000\000\000\000\000\000\000\000\000\000\000\000\000\000\000\000\000\000\000\000\000\000\000\000\000\000\000\000\000{e\2655L\2440\340\020\277~\333\017WF\230\334\351\277\266\267\357{\321\317\275\374\330\255\231Z\226(\366\274\006/\352j\370\n\000""; }; nodes {;   nodedata: ""\303\016\021\310<Z\337\266>\225@&n\022\246\274\353\220\345b3\035\313\350L\354\254\002\005\305\035\017\002E\344\037@\210\363\010\336T\226\247'\204_{\261\370""1\235\2445\343\033Y!\212\201\341\272\225'\007>L\014O\253g\352\035\214I\361\342\213\274\243\225\r\327qi\207\254\211\347\300?w\214Ha~\260\013\003""; }; "
1750576776179,1750576776179,2072,1,0,4,TMLedgerData,"ledgerHash: ""0\355\311\211\352@\036\313K1\024B\343N\323V\367s\355lu\324\374V\207\371F\260\325\345\213\261""; ledgerSeq: 2; type: liBASE; nodes {;   nodedata: ""\000\000\000\002\001cEx]\212\000\000-}\351f\032\255\274\334m\326c\017\014ao[\342\230\003\245\245\3341Hm\326^\017jy\335\261\000\000\000\000\000\000\000\000\000\000\000\000\000\000\000\000\000\000\000\000\000\000\000\000\000\000\000\000\000\000\000\000{e\2655L\2440\340\020\277~\333\017WF\230\334\351\277\266\267\357{\321\317\275\374\330\255\231Z\226(\366\274\006/\352j\370\n\000""; }; nodes {;   nodedata: ""\303\016\021\310<Z\337\266>\225@&n\022\246\274\353\220\345b3\035\313\350L\354\254\002\005\305\035\017\002E\344\037@\210\363\010\336T\226\247'\204_{\261\370""1\235\2445\343\033Y!\212\201\341\272\225'\007>L\014O\253g\352\035\214I\361\342\213\274\243\225\r\327qi\207\254\211\347\300?w\214Ha~\260\013\003""; }; ","ledgerHash: ""0\355\311\211\352@\036\313K1\024B\343N\323V\367s\355lu\324\374V\207\371F\260\325\345\213\261""; ledgerSeq: 2; type: liBASE; nodes {;   nodedata: ""\000\000\000\002\001cEx]\212\000\000-}\351f\032\255\274\334m\326c\017\014ao[\342\230\003\245\245\3341Hm\326^\017jy\335\261\000\000\000\000\000\000\000\000\000\000\000\000\000\000\000\000\000\000\000\000\000\000\000\000\000\000\000\000\000\000\000\000{e\2655L\2440\340\020\277~\333\017WF\230\334\351\277\266\267\357{\321\317\275\374\330\255\231Z\226(\366\274\006/\352j\370\n\000""; }; nodes {;   nodedata: ""\303\016\021\310<Z\337\266>\225@&n\022\246\274\353\220\345b3\035\313\350L\354\254\002\005\305\035\017\002E\344\037@\210\363\010\336T\226\247'\204_{\261\370""1\235\2445\343\033Y!\212\201\341\272\225'\007>L\014O\253g\352\035\214I\361\342\213\274\243\225\r\327qi\207\254\211\347\300?w\214Ha~\260\013\003""; }; "
1750576776188,1750576776188,493,1,2,4,TMLedgerData,"ledgerHash: ""0\355\311\211\352@\036\313K1\024B\343N\323V\367s\355lu\324\374V\207\371F\260\325\345\213\261""; ledgerSeq: 2; type: liBASE; nodes {;   nodedata: ""\000\000\000\002\001cEx]\212\000\000-}\351f\032\255\274\334m\326c\017\014ao[\342\230\003\245\245\3341Hm\326^\017jy\335\261\000\000\000\000\000\000\000\000\000\000\000\000\000\000\000\000\000\000\000\000\000\000\000\000\000\000\000\000\000\000\000\000{e\2655L\2440\340\020\277~\333\017WF\230\334\351\277\266\267\357{\321\317\275\374\330\255\231Z\226(\366\274\006/\352j\370\n\000""; }; nodes {;   nodedata: ""\303\016\021\310<Z\337\266>\225@&n\022\246\274\353\220\345b3\035\313\350L\354\254\002\005\305\035\017\002E\344\037@\210\363\010\336T\226\247'\204_{\261\370""1\235\2445\343\033Y!\212\201\341\272\225'\007>L\014O\253g\352\035\214I\361\342\213\274\243\225\r\327qi\207\254\211\347\300?w\214Ha~\260\013\003""; }; ","ledgerHash: ""0\355\311\211\352@\036\313K1\024B\343N\323V\367s\355lu\324\374V\207\371F\260\325\345\213\261""; ledgerSeq: 2; type: liBASE; nodes {;   nodedata: ""\000\000\000\002\001cEx]\212\000\000-}\351f\032\255\274\334m\326c\017\014ao[\342\230\003\245\245\3341Hm\326^\017jy\335\261\000\000\000\000\000\000\000\000\000\000\000\000\000\000\000\000\000\000\000\000\000\000\000\000\000\000\000\000\000\000\000\000{e\2655L\2440\340\020\277~\333\017WF\230\334\351\277\266\267\357{\321\317\275\374\330\255\231Z\226(\366\274\006/\352j\370\n\000""; }; nodes {;   nodedata: ""\303\016\021\310<Z\337\266>\225@&n\022\246\274\353\220\345b3\035\313\350L\354\254\002\005\305\035\017\002E\344\037@\210\363\010\336T\226\247'\204_{\261\370""1\235\2445\343\033Y!\212\201\341\272\225'\007>L\014O\253g\352\035\214I\361\342\213\274\243\225\r\327qi\207\254\211\347\300?w\214Ha~\260\013\003""; }; "
1750576776189,1750576776189,493,1,2,4,TMLedgerData,"ledgerHash: ""0\355\311\211\352@\036\313K1\024B\343N\323V\367s\355lu\324\374V\207\371F\260\325\345\213\261""; ledgerSeq: 2; type: liBASE; nodes {;   nodedata: ""\000\000\000\002\001cEx]\212\000\000-}\351f\032\255\274\334m\326c\017\014ao[\342\230\003\245\245\3341Hm\326^\017jy\335\261\000\000\000\000\000\000\000\000\000\000\000\000\000\000\000\000\000\000\000\000\000\000\000\000\000\000\000\000\000\000\000\000{e\2655L\2440\340\020\277~\333\017WF\230\334\351\277\266\267\357{\321\317\275\374\330\255\231Z\226(\366\274\006/\352j\370\n\000""; }; nodes {;   nodedata: ""\303\016\021\310<Z\337\266>\225@&n\022\246\274\353\220\345b3\035\313\350L\354\254\002\005\305\035\017\002E\344\037@\210\363\010\336T\226\247'\204_{\261\370""1\235\2445\343\033Y!\212\201\341\272\225'\007>L\014O\253g\352\035\214I\361\342\213\274\243\225\r\327qi\207\254\211\347\300?w\214Ha~\260\013\003""; }; ","ledgerHash: ""0\355\311\211\352@\036\313K1\024B\343N\323V\367s\355lu\324\374V\207\371F\260\325\345\213\261""; ledgerSeq: 2; type: liBASE; nodes {;   nodedata: ""\000\000\000\002\001cEx]\212\000\000-}\351f\032\255\274\334m\326c\017\014ao[\342\230\003\245\245\3341Hm\326^\017jy\335\261\000\000\000\000\000\000\000\000\000\000\000\000\000\000\000\000\000\000\000\000\000\000\000\000\000\000\000\000\000\000\000\000{e\2655L\2440\340\020\277~\333\017WF\230\334\351\277\266\267\357{\321\317\275\374\330\255\231Z\226(\366\274\006/\352j\370\n\000""; }; nodes {;   nodedata: ""\303\016\021\310<Z\337\266>\225@&n\022\246\274\353\220\345b3\035\313\350L\354\254\002\005\305\035\017\002E\344\037@\210\363\010\336T\226\247'\204_{\261\370""1\235\2445\343\033Y!\212\201\341\272\225'\007>L\014O\253g\352\035\214I\361\342\213\274\243\225\r\327qi\207\254\211\347\300?w\214Ha~\260\013\003""; }; "
1750576776631,1750576776631,63,1,3,4,TMLedgerData,"ledgerHash: ""0\355\311\211\352@\036\313K1\024B\343N\323V\367s\355lu\324\374V\207\371F\260\325\345\213\261""; ledgerSeq: 2; type: liBASE; nodes {;   nodedata: ""\000\000\000\002\001cEx]\212\000\000-}\351f\032\255\274\334m\326c\017\014ao[\342\230\003\245\245\3341Hm\326^\017jy\335\261\000\000\000\000\000\000\000\000\000\000\000\000\000\000\000\000\000\000\000\000\000\000\000\000\000\000\000\000\000\000\000\000{e\2655L\2440\340\020\277~\333\017WF\230\334\351\277\266\267\357{\321\317\275\374\330\255\231Z\226(\366\274\006/\352j\370\n\000""; }; nodes {;   nodedata: ""\303\016\021\310<Z\337\266>\225@&n\022\246\274\353\220\345b3\035\313\350L\354\254\002\005\305\035\017\002E\344\037@\210\363\010\336T\226\247'\204_{\261\370""1\235\2445\343\033Y!\212\201\341\272\225'\007>L\014O\253g\352\035\214I\361\342\213\274\243\225\r\327qi\207\254\211\347\300?w\214Ha~\260\013\003""; }; ","ledgerHash: ""0\355\311\211\352@\036\313K1\024B\343N\323V\367s\355lu\324\374V\207\371F\260\325\345\213\261""; ledgerSeq: 2; type: liBASE; nodes {;   nodedata: ""\000\000\000\002\001cEx]\212\000\000-}\351f\032\255\274\334m\326c\017\014ao[\342\230\003\245\245\3341Hm\326^\017jy\335\261\000\000\000\000\000\000\000\000\000\000\000\000\000\000\000\000\000\000\000\000\000\000\000\000\000\000\000\000\000\000\000\000{e\2655L\2440\340\020\277~\333\017WF\230\334\351\277\266\267\357{\321\317\275\374\330\255\231Z\226(\366\274\006/\352j\370\n\000""; }; nodes {;   nodedata: ""\303\016\021\310<Z\337\266>\225@&n\022\246\274\353\220\345b3\035\313\350L\354\254\002\005\305\035\017\002E\344\037@\210\363\010\336T\226\247'\204_{\261\370""1\235\2445\343\033Y!\212\201\341\272\225'\007>L\014O\253g\352\035\214I\361\342\213\274\243\225\r\327qi\207\254\211\347\300?w\214Ha~\260\013\003""; }; "
1750576776674,1750576776674,63,1,3,4,TMLedgerData,"ledgerHash: ""0\355\311\211\352@\036\313K1\024B\343N\323V\367s\355lu\324\374V\207\371F\260\325\345\213\261""; ledgerSeq: 2; type: liBASE; nodes {;   nodedata: ""\000\000\000\002\001cEx]\212\000\000-}\351f\032\255\274\334m\326c\017\014ao[\342\230\003\245\245\3341Hm\326^\017jy\335\261\000\000\000\000\000\000\000\000\000\000\000\000\000\000\000\000\000\000\000\000\000\000\000\000\000\000\000\000\000\000\000\000{e\2655L\2440\340\020\277~\333\017WF\230\334\351\277\266\267\357{\321\317\275\374\330\255\231Z\226(\366\274\006/\352j\370\n\000""; }; nodes {;   nodedata: ""\303\016\021\310<Z\337\266>\225@&n\022\246\274\353\220\345b3\035\313\350L\354\254\002\005\305\035\017\002E\344\037@\210\363\010\336T\226\247'\204_{\261\370""1\235\2445\343\033Y!\212\201\341\272\225'\007>L\014O\253g\352\035\214I\361\342\213\274\243\225\r\327qi\207\254\211\347\300?w\214Ha~\260\013\003""; }; ","ledgerHash: ""0\355\311\211\352@\036\313K1\024B\343N\323V\367s\355lu\324\374V\207\371F\260\325\345\213\261""; ledgerSeq: 2; type: liBASE; nodes {;   nodedata: ""\000\000\000\002\001cEx]\212\000\000-}\351f\032\255\274\334m\326c\017\014ao[\342\230\003\245\245\3341Hm\326^\017jy\335\261\000\000\000\000\000\000\000\000\000\000\000\000\000\000\000\000\000\000\000\000\000\000\000\000\000\000\000\000\000\000\000\000{e\2655L\2440\340\020\277~\333\017WF\230\334\351\277\266\267\357{\321\317\275\374\330\255\231Z\226(\366\274\006/\352j\370\n\000""; }; nodes {;   nodedata: ""\303\016\021\310<Z\337\266>\225@&n\022\246\274\353\220\345b3\035\313\350L\354\254\002\005\305\035\017\002E\344\037@\210\363\010\336T\226\247'\204_{\261\370""1\235\2445\343\033Y!\212\201\341\272\225'\007>L\014O\253g\352\035\214I\361\342\213\274\243\225\r\327qi\207\254\211\347\300?w\214Ha~\260\013\003""; }; "
1750576780180,1750576780181,3385,1,0,3,TMProposeSet,"proposeSeq: 0; currentTxHash: ""\000\000\000\000\000\000\000\000\000\000\000\000\000\000\000\000\000\000\000\000\000\000\000\000\000\000\000\000\000\000\000\000""; nodePubKey: ""\002\005\363\0222\231\333G\357\305\020\014\241\033\231\261Z#\243\036\0267\020\210\265\022\240%\336\332\221\202\352""; closeTime: 803891980; signature: ""0E\002!\000\325\361E'\037\275\210\234\026.d\314\215\265\347\004*H\3161\311\274\037v\310\342-\331#4t\251\002 /,Y\245\372X\201\2676\336\375=\250\210\022\351Yi\3531\215\315;\272\227V/\225?\016\310\203""; previousledger: ""0\355\311\211\352@\036\313K1\024B\343N\323V\367s\355lu\324\374V\207\371F\260\325\345\213\261""; ","proposeSeq: 0; currentTxHash: ""\000\000\000\000\000\000\000\000\000\000\000\000\000\000\000\000\000\000\000\000\000\000\000\000\000\000\000\000\000\000\000\000""; nodePubKey: ""\002\005\363\0222\231\333G\357\305\020\014\241\033\231\261Z#\243\036\0267\020\210\265\022\240%\336\332\221\202\352""; closeTime: 803891980; signature: ""0E\002!\000\325\361E'\037\275\210\234\026.d\314\215\265\347\004*H\3161\311\274\037v\310\342-\331#4t\251\002 /,Y\245\372X\201\2676\336\375=\250\210\022\351Yi\3531\215\315;\272\227V/\225?\016\310\203""; previousledger: ""0\355\311\211\352@\036\313K1\024B\343N\323V\367s\355lu\324\374V\207\371F\260\325\345\213\261""; "
1750576780183,1750576780183,400,1,0,4,TMProposeSet,"proposeSeq: 0; currentTxHash: ""\000\000\000\000\000\000\000\000\000\000\000\000\000\000\000\000\000\000\000\000\000\000\000\000\000\000\000\000\000\000\000\000""; nodePubKey: ""\002\005\363\0222\231\333G\357\305\020\014\241\033\231\261Z#\243\036\0267\020\210\265\022\240%\336\332\221\202\352""; closeTime: 803891980; signature: ""0E\002!\000\325\361E'\037\275\210\234\026.d\314\215\265\347\004*H\3161\311\274\037v\310\342-\331#4t\251\002 /,Y\245\372X\201\2676\336\375=\250\210\022\351Yi\3531\215\315;\272\227V/\225?\016\310\203""; previousledger: ""0\355\311\211\352@\036\313K1\024B\343N\323V\367s\355lu\324\374V\207\371F\260\325\345\213\261""; ","proposeSeq: 0; currentTxHash: ""\000\000\000\000\000\000\000\000\000\000\000\000\000\000\000\000\000\000\000\000\000\000\000\000\000\000\000\000\000\000\000\000""; nodePubKey: ""\002\005\363\0222\231\333G\357\305\020\014\241\033\231\261Z#\243\036\0267\020\210\265\022\240%\336\332\221\202\352""; closeTime: 803891980; signature: ""0E\002!\000\325\361E'\037\275\210\234\026.d\314\215\265\347\004*H\3161\311\274\037v\310\342-\331#4t\251\002 /,Y\245\372X\201\2676\336\375=\250\210\022\351Yi\3531\215\315;\272\227V/\225?\016\310\203""; previousledger: ""0\355\311\211\352@\036\313K1\024B\343N\323V\367s\355lu\324\374V\207\371F\260\325\345\213\261""; "
1750576780183,1750576780183,3625,1,0,2,TMProposeSet,"proposeSeq: 0; currentTxHash: ""\000\000\000\000\000\000\000\000\000\000\000\000\000\000\000\000\000\000\000\000\000\000\000\000\000\000\000\000\000\000\000\000""; nodePubKey: ""\002\005\363\0222\231\333G\357\305\020\014\241\033\231\261Z#\243\036\0267\020\210\265\022\240%\336\332\221\202\352""; closeTime: 803891980; signature: ""0E\002!\000\325\361E'\037\275\210\234\026.d\314\215\265\347\004*H\3161\311\274\037v\310\342-\331#4t\251\002 /,Y\245\372X\201\2676\336\375=\250\210\022\351Yi\3531\215\315;\272\227V/\225?\016\310\203""; previousledger: ""0\355\311\211\352@\036\313K1\024B\343N\323V\367s\355lu\324\374V\207\371F\260\325\345\213\261""; ","proposeSeq: 0; currentTxHash: ""\000\000\000\000\000\000\000\000\000\000\000\000\000\000\000\000\000\000\000\000\000\000\000\000\000\000\000\000\000\000\000\000""; nodePubKey: ""\002\005\363\0222\231\333G\357\305\020\014\241\033\231\261Z#\243\036\0267\020\210\265\022\240%\336\332\221\202\352""; closeTime: 803891980; signature: ""0E\002!\000\325\361E'\037\275\210\234\026.d\314\215\265\347\004*H\3161\311\274\037v\310\342-\331#4t\251\002 /,Y\245\372X\201\2676\336\375=\250\210\022\351Yi\3531\215\315;\272\227V/\225?\016\310\203""; previousledger: ""0\355\311\211\352@\036\313K1\024B\343N\323V\367s\355lu\324\374V\207\371F\260\325\345\213\261""; "
1750576780185,1750576780185,465,1,0,1,TMProposeSet,"proposeSeq: 0; currentTxHash: ""\000\000\000\000\000\000\000\000\000\000\000\000\000\000\000\000\000\000\000\000\000\000\000\000\000\000\000\000\000\000\000\000""; nodePubKey: ""\002\005\363\0222\231\333G\357\305\020\014\241\033\231\261Z#\243\036\0267\020\210\265\022\240%\336\332\221\202\352""; closeTime: 803891980; signature: ""0E\002!\000\325\361E'\037\275\210\234\026.d\314\215\265\347\004*H\3161\311\274\037v\310\342-\331#4t\251\002 /,Y\245\372X\201\2676\336\375=\250\210\022\351Yi\3531\215\315;\272\227V/\225?\016\310\203""; previousledger: ""0\355\311\211\352@\036\313K1\024B\343N\323V\367s\355lu\324\374V\207\371F\260\325\345\213\261""; ","proposeSeq: 0; currentTxHash: ""\000\000\000\000\000\000\000\000\000\000\000\000\000\000\000\000\000\000\000\000\000\000\000\000\000\000\000\000\000\000\000\000""; nodePubKey: ""\002\005\363\0222\231\333G\357\305\020\014\241\033\231\261Z#\243\036\0267\020\210\265\022\240%\336\332\221\202\352""; closeTime: 803891980; signature: ""0E\002!\000\325\361E'\037\275\210\234\026.d\314\215\265\347\004*H\3161\311\274\037v\310\342-\331#4t\251\002 /,Y\245\372X\201\2676\336\375=\250\210\022\351Yi\3531\215\315;\272\227V/\225?\016\310\203""; previousledger: ""0\355\311\211\352@\036\313K1\024B\343N\323V\367s\355lu\324\374V\207\371F\260\325\345\213\261""; "
1750576780237,1750576780237,505,1,2,4,TMProposeSet,"proposeSeq: 0; currentTxHash: ""\000\000\000\000\000\000\000\000\000\000\000\000\000\000\000\000\000\000\000\000\000\000\000\000\000\000\000\000\000\000\000\000""; nodePubKey: ""\002\246\346\346\007\2326A*\334\272\022\321\346\247[\222\030\343\261w\244R\r\357}\243\273\253\020\375b6""; closeTime: 803891980; signature: ""0E\002!\000\351cU\235.\305\254\305diPU\317\377>w\343\334\005@rQU(\235\303\326\177\313\340\2419\002 =\217B\021\307[\333\020\331*S\232\263=\256\002'\272r\031\232\257\360\323\253C\326\217\363B=\246""; previousledger: ""0\355\311\211\352@\036\313K1\024B\343N\323V\367s\355lu\324\374V\207\371F\260\325\345\213\261""; ","proposeSeq: 0; currentTxHash: ""\000\000\000\000\000\000\000\000\000\000\000\000\000\000\000\000\000\000\000\000\000\000\000\000\000\000\000\000\000\000\000\000""; nodePubKey: ""\002\246\346\346\007\2326A*\334\272\022\321\346\247[\222\030\343\261w\244R\r\357}\243\273\253\020\375b6""; closeTime: 803891980; signature: ""0E\002!\000\351cU\235.\305\254\305diPU\317\377>w\343\334\005@rQU(\235\303\326\177\313\340\2419\002 =\217B\021\307[\333\020\331*S\232\263=\256\002'\272r\031\232\257\360\323\253C\326\217\363B=\246""; previousledger: ""0\355\311\211\352@\036\313K1\024B\343N\323V\367s\355lu\324\374V\207\371F\260\325\345\213\261""; "
1750576780242,1750576780242,930,1,2,3,TMProposeSet,"proposeSeq: 0; currentTxHash: ""\000\000\000\000\000\000\000\000\000\000\000\000\000\000\000\000\000\000\000\000\000\000\000\000\000\000\000\000\000\000\000\000""; nodePubKey: ""\002\246\346\346\007\2326A*\334\272\022\321\346\247[\222\030\343\261w\244R\r\357}\243\273\253\020\375b6""; closeTime: 803891980; signature: ""0E\002!\000\351cU\235.\305\254\305diPU\317\377>w\343\334\005@rQU(\235\303\326\177\313\340\2419\002 =\217B\021\307[\333\020\331*S\232\263=\256\002'\272r\031\232\257\360\323\253C\326\217\363B=\246""; previousledger: ""0\355\311\211\352@\036\313K1\024B\343N\323V\367s\355lu\324\374V\207\371F\260\325\345\213\261""; ","proposeSeq: 0; currentTxHash: ""\000\000\000\000\000\000\000\000\000\000\000\000\000\000\000\000\000\000\000\000\000\000\000\000\000\000\000\000\000\000\000\000""; nodePubKey: ""\002\246\346\346\007\2326A*\334\272\022\321\346\247[\222\030\343\261w\244R\r\357}\243\273\253\020\375b6""; closeTime: 803891980; signature: ""0E\002!\000\351cU\235.\305\254\305diPU\317\377>w\343\334\005@rQU(\235\303\326\177\313\340\2419\002 =\217B\021\307[\333\020\331*S\232\263=\256\002'\272r\031\232\257\360\323\253C\326\217\363B=\246""; previousledger: ""0\355\311\211\352@\036\313K1\024B\343N\323V\367s\355lu\324\374V\207\371F\260\325\345\213\261""; "
1750576780243,1750576780243,2648,1,2,0,TMProposeSet,"proposeSeq: 0; currentTxHash: ""\000\000\000\000\000\000\000\000\000\000\000\000\000\000\000\000\000\000\000\000\000\000\000\000\000\000\000\000\000\000\000\000""; nodePubKey: ""\002\246\346\346\007\2326A*\334\272\022\321\346\247[\222\030\343\261w\244R\r\357}\243\273\253\020\375b6""; closeTime: 803891980; signature: ""0E\002!\000\351cU\235.\305\254\305diPU\317\377>w\343\334\005@rQU(\235\303\326\177\313\340\2419\002 =\217B\021\307[\333\020\331*S\232\263=\256\002'\272r\031\232\257\360\323\253C\326\217\363B=\246""; previousledger: ""0\355\311\211\352@\036\313K1\024B\343N\323V\367s\355lu\324\374V\207\371F\260\325\345\213\261""; ","proposeSeq: 0; currentTxHash: ""\000\000\000\000\000\000\000\000\000\000\000\000\000\000\000\000\000\000\000\000\000\000\000\000\000\000\000\000\000\000\000\000""; nodePubKey: ""\002\246\346\346\007\2326A*\334\272\022\321\346\247[\222\030\343\261w\244R\r\357}\243\273\253\020\375b6""; closeTime: 803891980; signature: ""0E\002!\000\351cU\235.\305\254\305diPU\317\377>w\343\334\005@rQU(\235\303\326\177\313\340\2419\002 =\217B\021\307[\333\020\331*S\232\263=\256\002'\272r\031\232\257\360\323\253C\326\217\363B=\246""; previousledger: ""0\355\311\211\352@\036\313K1\024B\343N\323V\367s\355lu\324\374V\207\371F\260\325\345\213\261""; "
1750576780243,1750576780243,1881,1,2,1,TMProposeSet,"proposeSeq: 0; currentTxHash: ""\000\000\000\000\000\000\000\000\000\000\000\000\000\000\000\000\000\000\000\000\000\000\000\000\000\000\000\000\000\000\000\000""; nodePubKey: ""\002\246\346\346\007\2326A*\334\272\022\321\346\247[\222\030\343\261w\244R\r\357}\243\273\253\020\375b6""; closeTime: 803891980; signature: ""0E\002!\000\351cU\235.\305\254\305diPU\317\377>w\343\334\005@rQU(\235\303\326\177\313\340\2419\002 =\217B\021\307[\333\020\331*S\232\263=\256\002'\272r\031\232\257\360\323\253C\326\217\363B=\246""; previousledger: ""0\355\311\211\352@\036\313K1\024B\343N\323V\367s\355lu\324\374V\207\371F\260\325\345\213\261""; ","proposeSeq: 0; currentTxHash: ""\000\000\000\000\000\000\000\000\000\000\000\000\000\000\000\000\000\000\000\000\000\000\000\000\000\000\000\000\000\000\000\000""; nodePubKey: ""\002\246\346\346\007\2326A*\334\272\022\321\346\247[\222\030\343\261w\244R\r\357}\243\273\253\020\375b6""; closeTime: 803891980; signature: ""0E\002!\000\351cU\235.\305\254\305diPU\317\377>w\343\334\005@rQU(\235\303\326\177\313\340\2419\002 =\217B\021\307[\333\020\331*S\232\263=\256\002'\272r\031\232\257\360\323\253C\326\217\363B=\246""; previousledger: ""0\355\311\211\352@\036\313K1\024B\343N\323V\367s\355lu\324\374V\207\371F\260\325\345\213\261""; "
1750576780182,1750576780259,1560,1,0,3,TMStatusChange,"newEvent: neCLOSING_LEDGER; ledgerSeq: 2; ledgerHash: ""0\355\311\211\352@\036\313K1\024B\343N\323V\367s\355lu\324\374V\207\371F\260\325\345\213\261""; ledgerHashPrevious: ""-}\351f\032\255\274\334m\326c\017\014ao[\342\230\003\245\245\3341Hm\326^\017jy\335\261""; networkTime: 803891980; firstSeq: 1; lastSeq: 1; ","newEvent: neCLOSING_LEDGER; ledgerSeq: 2; ledgerHash: ""0\355\311\211\352@\036\313K1\024B\343N\323V\367s\355lu\324\374V\207\371F\260\325\345\213\261""; ledgerHashPrevious: ""-}\351f\032\255\274\334m\326c\017\014ao[\342\230\003\245\245\3341Hm\326^\017jy\335\261""; networkTime: 803891980; firstSeq: 1; lastSeq: 1; "
1750576780183,1750576780259,1191,1,0,4,TMStatusChange,"newEvent: neCLOSING_LEDGER; ledgerSeq: 2; ledgerHash: ""0\355\311\211\352@\036\313K1\024B\343N\323V\367s\355lu\324\374V\207\371F\260\325\345\213\261""; ledgerHashPrevious: ""-}\351f\032\255\274\334m\326c\017\014ao[\342\230\003\245\245\3341Hm\326^\017jy\335\261""; networkTime: 803891980; firstSeq: 1; lastSeq: 1; ","newEvent: neCLOSING_LEDGER; ledgerSeq: 2; ledgerHash: ""0\355\311\211\352@\036\313K1\024B\343N\323V\367s\355lu\324\374V\207\371F\260\325\345\213\261""; ledgerHashPrevious: ""-}\351f\032\255\274\334m\326c\017\014ao[\342\230\003\245\245\3341Hm\326^\017jy\335\261""; networkTime: 803891980; firstSeq: 1; lastSeq: 1; "
1750576780185,1750576780260,2952,1,0,1,TMStatusChange,"newEvent: neCLOSING_LEDGER; ledgerSeq: 2; ledgerHash: ""0\355\311\211\352@\036\313K1\024B\343N\323V\367s\355lu\324\374V\207\371F\260\325\345\213\261""; ledgerHashPrevious: ""-}\351f\032\255\274\334m\326c\017\014ao[\342\230\003\245\245\3341Hm\326^\017jy\335\261""; networkTime: 803891980; firstSeq: 1; lastSeq: 1; ","newEvent: neCLOSING_LEDGER; ledgerSeq: 2; ledgerHash: ""0\355\311\211\352@\036\313K1\024B\343N\323V\367s\355lu\324\374V\207\371F\260\325\345\213\261""; ledgerHashPrevious: ""-}\351f\032\255\274\334m\326c\017\014ao[\342\230\003\245\245\3341Hm\326^\017jy\335\261""; networkTime: 803891980; firstSeq: 1; lastSeq: 1; "
1750576780185,1750576780261,3049,1,0,2,TMStatusChange,"newEvent: neCLOSING_LEDGER; ledgerSeq: 2; ledgerHash: ""0\355\311\211\352@\036\313K1\024B\343N\323V\367s\355lu\324\374V\207\371F\260\325\345\213\261""; ledgerHashPrevious: ""-}\351f\032\255\274\334m\326c\017\014ao[\342\230\003\245\245\3341Hm\326^\017jy\335\261""; networkTime: 803891980; firstSeq: 1; lastSeq: 1; ","newEvent: neCLOSING_LEDGER; ledgerSeq: 2; ledgerHash: ""0\355\311\211\352@\036\313K1\024B\343N\323V\367s\355lu\324\374V\207\371F\260\325\345\213\261""; ledgerHashPrevious: ""-}\351f\032\255\274\334m\326c\017\014ao[\342\230\003\245\245\3341Hm\326^\017jy\335\261""; networkTime: 803891980; firstSeq: 1; lastSeq: 1; "
1750576780237,1750576780322,2143,1,2,4,TMStatusChange,"newEvent: neCLOSING_LEDGER; ledgerSeq: 2; ledgerHash: ""0\355\311\211\352@\036\313K1\024B\343N\323V\367s\355lu\324\374V\207\371F\260\325\345\213\261""; ledgerHashPrevious: ""-}\351f\032\255\274\334m\326c\017\014ao[\342\230\003\245\245\3341Hm\326^\017jy\335\261""; networkTime: 803891980; firstSeq: 1; lastSeq: 1; ","newEvent: neCLOSING_LEDGER; ledgerSeq: 2; ledgerHash: ""0\355\311\211\352@\036\313K1\024B\343N\323V\367s\355lu\324\374V\207\371F\260\325\345\213\261""; ledgerHashPrevious: ""-}\351f\032\255\274\334m\326c\017\014ao[\342\230\003\245\245\3341Hm\326^\017jy\335\261""; networkTime: 803891980; firstSeq: 1; lastSeq: 1; "
1750576780241,1750576780324,716,1,2,3,TMStatusChange,"newEvent: neCLOSING_LEDGER; ledgerSeq: 2; ledgerHash: ""0\355\311\211\352@\036\313K1\024B\343N\323V\367s\355lu\324\374V\207\371F\260\325\345\213\261""; ledgerHashPrevious: ""-}\351f\032\255\274\334m\326c\017\014ao[\342\230\003\245\245\3341Hm\326^\017jy\335\261""; networkTime: 803891980; firstSeq: 1; lastSeq: 1; ","newEvent: neCLOSING_LEDGER; ledgerSeq: 2; ledgerHash: ""0\355\311\211\352@\036\313K1\024B\343N\323V\367s\355lu\324\374V\207\371F\260\325\345\213\261""; ledgerHashPrevious: ""-}\351f\032\255\274\334m\326c\017\014ao[\342\230\003\245\245\3341Hm\326^\017jy\335\261""; networkTime: 803891980; firstSeq: 1; lastSeq: 1; "
1750576780242,1750576780324,2951,1,2,0,TMStatusChange,"newEvent: neCLOSING_LEDGER; ledgerSeq: 2; ledgerHash: ""0\355\311\211\352@\036\313K1\024B\343N\323V\367s\355lu\324\374V\207\371F\260\325\345\213\261""; ledgerHashPrevious: ""-}\351f\032\255\274\334m\326c\017\014ao[\342\230\003\245\245\3341Hm\326^\017jy\335\261""; networkTime: 803891980; firstSeq: 1; lastSeq: 1; ","newEvent: neCLOSING_LEDGER; ledgerSeq: 2; ledgerHash: ""0\355\311\211\352@\036\313K1\024B\343N\323V\367s\355lu\324\374V\207\371F\260\325\345\213\261""; ledgerHashPrevious: ""-}\351f\032\255\274\334m\326c\017\014ao[\342\230\003\245\245\3341Hm\326^\017jy\335\261""; networkTime: 803891980; firstSeq: 1; lastSeq: 1; "
1750576780243,1750576780324,1575,1,2,1,TMStatusChange,"newEvent: neCLOSING_LEDGER; ledgerSeq: 2; ledgerHash: ""0\355\311\211\352@\036\313K1\024B\343N\323V\367s\355lu\324\374V\207\371F\260\325\345\213\261""; ledgerHashPrevious: ""-}\351f\032\255\274\334m\326c\017\014ao[\342\230\003\245\245\3341Hm\326^\017jy\335\261""; networkTime: 803891980; firstSeq: 1; lastSeq: 1; ","newEvent: neCLOSING_LEDGER; ledgerSeq: 2; ledgerHash: ""0\355\311\211\352@\036\313K1\024B\343N\323V\367s\355lu\324\374V\207\371F\260\325\345\213\261""; ledgerHashPrevious: ""-}\351f\032\255\274\334m\326c\017\014ao[\342\230\003\245\245\3341Hm\326^\017jy\335\261""; networkTime: 803891980; firstSeq: 1; lastSeq: 1; "
1750576780443,1750576780444,2284,1,4,2,TMProposeSet,"proposeSeq: 0; currentTxHash: ""\000\000\000\000\000\000\000\000\000\000\000\000\000\000\000\000\000\000\000\000\000\000\000\000\000\000\000\000\000\000\000\000""; nodePubKey: ""\002i\265d-H\225\336\350\317n\272\016O\317\257\273\327\352\371\231\250\230(\240\353\331\024\207\241\020\304!""; closeTime: 803891980; signature: ""0E\002!\000\320_R.\027?65\355n\257\273\372\231\270$g\314\232\203\037:\013""\207\255'\314\206\217y\032\002 j\351\320M\213\252\320\306o2\320'\377q\3515\3058\207eX\257\241\357\023;-H\343\344\322\033""; previousledger: ""0\355\311\211\352@\036\313K1\024B\343N\323V\367s\355lu\324\374V\207\371F\260\325\345\213\261""; ","proposeSeq: 0; currentTxHash: ""\000\000\000\000\000\000\000\000\000\000\000\000\000\000\000\000\000\000\000\000\000\000\000\000\000\000\000\000\000\000\000\000""; nodePubKey: ""\002i\265d-H\225\336\350\317n\272\016O\317\257\273\327\352\371\231\250\230(\240\353\331\024\207\241\020\304!""; closeTime: 803891980; signature: ""0E\002!\000\320_R.\027?65\355n\257\273\372\231\270$g\314\232\203\037:\013""\207\255'\314\206\217y\032\002 j\351\320M\213\252\320\306o2\320'\377q\3515\3058\207eX\257\241\357\023;-H\343\344\322\033""; previousledger: ""0\355\311\211\352@\036\313K1\024B\343N\323V\367s\355lu\324\374V\207\371F\260\325\345\213\261""; "
1750576780446,1750576780446,3125,1,4,3,TMProposeSet,"proposeSeq: 0; currentTxHash: ""\000\000\000\000\000\000\000\000\000\000\000\000\000\000\000\000\000\000\000\000\000\000\000\000\000\000\000\000\000\000\000\000""; nodePubKey: ""\002i\265d-H\225\336\350\317n\272\016O\317\257\273\327\352\371\231\250\230(\240\353\331\024\207\241\020\304!""; closeTime: 803891980; signature: ""0E\002!\000\320_R.\027?65\355n\257\273\372\231\270$g\314\232\203\037:\013""\207\255'\314\206\217y\032\002 j\351\320M\213\252\320\306o2\320'\377q\3515\3058\207eX\257\241\357\023;-H\343\344\322\033""; previousledger: ""0\355\311\211\352@\036\313K1\024B\343N\323V\367s\355lu\324\374V\207\371F\260\325\345\213\261""; ","proposeSeq: 0; currentTxHash: ""\000\000\000\000\000\000\000\000\000\000\000\000\000\000\000\000\000\000\000\000\000\000\000\000\000\000\000\000\000\000\000\000""; nodePubKey: ""\002i\265d-H\225\336\350\317n\272\016O\317\257\273\327\352\371\231\250\230(\240\353\331\024\207\241\020\304!""; closeTime: 803891980; signature: ""0E\002!\000\320_R.\027?65\355n\257\273\372\231\270$g\314\232\203\037:\013""\207\255'\314\206\217y\032\002 j\351\320M\213\252\320\306o2\320'\377q\3515\3058\207eX\257\241\357\023;-H\343\344\322\033""; previousledger: ""0\355\311\211\352@\036\313K1\024B\343N\323V\367s\355lu\324\374V\207\371F\260\325\345\213\261""; "
1750576780448,1750576780448,1256,1,4,1,TMProposeSet,"proposeSeq: 0; currentTxHash: ""\000\000\000\000\000\000\000\000\000\000\000\000\000\000\000\000\000\000\000\000\000\000\000\000\000\000\000\000\000\000\000\000""; nodePubKey: ""\002i\265d-H\225\336\350\317n\272\016O\317\257\273\327\352\371\231\250\230(\240\353\331\024\207\241\020\304!""; closeTime: 803891980; signature: ""0E\002!\000\320_R.\027?65\355n\257\273\372\231\270$g\314\232\203\037:\013""\207\255'\314\206\217y\032\002 j\351\320M\213\252\320\306o2\320'\377q\3515\3058\207eX\257\241\357\023;-H\343\344\322\033""; previousledger: ""0\355\311\211\352@\036\313K1\024B\343N\323V\367s\355lu\324\374V\207\371F\260\325\345\213\261""; ","proposeSeq: 0; currentTxHash: ""\000\000\000\000\000\000\000\000\000\000\000\000\000\000\000\000\000\000\000\000\000\000\000\000\000\000\000\000\000\000\000\000""; nodePubKey: ""\002i\265d-H\225\336\350\317n\272\016O\317\257\273\327\352\371\231\250\230(\240\353\331\024\207\241\020\304!""; closeTime: 803891980; signature: ""0E\002!\000\320_R.\027?65\355n\257\273\372\231\270$g\314\232\203\037:\013""\207\255'\314\206\217y\032\002 j\351\320M\213\252\320\306o2\320'\377q\3515\3058\207eX\257\241\357\023;-H\343\344\322\033""; previousledger: ""0\355\311\211\352@\036\313K1\024B\343N\323V\367s\355lu\324\374V\207\371F\260\325\345\213\261""; "
1750576780486,1750576780486,798,1,4,0,TMProposeSet,"proposeSeq: 0; currentTxHash: ""\000\000\000\000\000\000\000\000\000\000\000\000\000\000\000\000\000\000\000\000\000\000\000\000\000\000\000\000\000\000\000\000""; nodePubKey: ""\002i\265d-H\225\336\350\317n\272\016O\317\257\273\327\352\371\231\250\230(\240\353\331\024\207\241\020\304!""; closeTime: 803891980; signature: ""0E\002!\000\320_R.\027?65\355n\257\273\372\231\270$g\314\232\203\037:\013""\207\255'\314\206\217y\032\002 j\351\320M\213\252\320\306o2\320'\377q\3515\3058\207eX\257\241\357\023;-H\343\344\322\033""; previousledger: ""0\355\311\211\352@\036\313K1\024B\343N\323V\367s\355lu\324\374V\207\371F\260\325\345\213\261""; ","proposeSeq: 0; currentTxHash: ""\000\000\000\000\000\000\000\000\000\000\000\000\000\000\000\000\000\000\000\000\000\000\000\000\000\000\000\000\000\000\000\000""; nodePubKey: ""\002i\265d-H\225\336\350\317n\272\016O\317\257\273\327\352\371\231\250\230(\240\353\331\024\207\241\020\304!""; closeTime: 803891980; signature: ""0E\002!\000\320_R.\027?65\355n\257\273\372\231\270$g\314\232\203\037:\013""\207\255'\314\206\217y\032\002 j\351\320M\213\252\320\306o2\320'\377q\3515\3058\207eX\257\241\357\023;-H\343\344\322\033""; previousledger: ""0\355\311\211\352@\036\313K1\024B\343N\323V\367s\355lu\324\374V\207\371F\260\325\345\213\261""; "
1750576780445,1750576780504,216,1,4,3,TMStatusChange,"newEvent: neCLOSING_LEDGER; ledgerSeq: 2; ledgerHash: ""0\355\311\211\352@\036\313K1\024B\343N\323V\367s\355lu\324\374V\207\371F\260\325\345\213\261""; ledgerHashPrevious: ""-}\351f\032\255\274\334m\326c\017\014ao[\342\230\003\245\245\3341Hm\326^\017jy\335\261""; networkTime: 803891980; firstSeq: 1; lastSeq: 1; ","newEvent: neCLOSING_LEDGER; ledgerSeq: 2; ledgerHash: ""0\355\311\211\352@\036\313K1\024B\343N\323V\367s\355lu\324\374V\207\371F\260\325\345\213\261""; ledgerHashPrevious: ""-}\351f\032\255\274\334m\326c\017\014ao[\342\230\003\245\245\3341Hm\326^\017jy\335\261""; networkTime: 803891980; firstSeq: 1; lastSeq: 1; "
1750576780448,1750576780505,2340,1,4,0,TMStatusChange,"newEvent: neCLOSING_LEDGER; ledgerSeq: 2; ledgerHash: ""0\355\311\211\352@\036\313K1\024B\343N\323V\367s\355lu\324\374V\207\371F\260\325\345\213\261""; ledgerHashPrevious: ""-}\351f\032\255\274\334m\326c\017\014ao[\342\230\003\245\245\3341Hm\326^\017jy\335\261""; networkTime: 803891980; firstSeq: 1; lastSeq: 1; ","newEvent: neCLOSING_LEDGER; ledgerSeq: 2; ledgerHash: ""0\355\311\211\352@\036\313K1\024B\343N\323V\367s\355lu\324\374V\207\371F\260\325\345\213\261""; ledgerHashPrevious: ""-}\351f\032\255\274\334m\326c\017\014ao[\342\230\003\245\245\3341Hm\326^\017jy\335\261""; networkTime: 803891980; firstSeq: 1; lastSeq: 1; "
1750576780447,1750576780505,3970,1,4,1,TMStatusChange,"newEvent: neCLOSING_LEDGER; ledgerSeq: 2; ledgerHash: ""0\355\311\211\352@\036\313K1\024B\343N\323V\367s\355lu\324\374V\207\371F\260\325\345\213\261""; ledgerHashPrevious: ""-}\351f\032\255\274\334m\326c\017\014ao[\342\230\003\245\245\3341Hm\326^\017jy\335\261""; networkTime: 803891980; firstSeq: 1; lastSeq: 1; ","newEvent: neCLOSING_LEDGER; ledgerSeq: 2; ledgerHash: ""0\355\311\211\352@\036\313K1\024B\343N\323V\367s\355lu\324\374V\207\371F\260\325\345\213\261""; ledgerHashPrevious: ""-}\351f\032\255\274\334m\326c\017\014ao[\342\230\003\245\245\3341Hm\326^\017jy\335\261""; networkTime: 803891980; firstSeq: 1; lastSeq: 1; "
1750576780447,1750576780504,1208,1,4,2,TMStatusChange,"newEvent: neCLOSING_LEDGER; ledgerSeq: 2; ledgerHash: ""0\355\311\211\352@\036\313K1\024B\343N\323V\367s\355lu\324\374V\207\371F\260\325\345\213\261""; ledgerHashPrevious: ""-}\351f\032\255\274\334m\326c\017\014ao[\342\230\003\245\245\3341Hm\326^\017jy\335\261""; networkTime: 803891980; firstSeq: 1; lastSeq: 1; ","newEvent: neCLOSING_LEDGER; ledgerSeq: 2; ledgerHash: ""0\355\311\211\352@\036\313K1\024B\343N\323V\367s\355lu\324\374V\207\371F\260\325\345\213\261""; ledgerHashPrevious: ""-}\351f\032\255\274\334m\326c\017\014ao[\342\230\003\245\245\3341Hm\326^\017jy\335\261""; networkTime: 803891980; firstSeq: 1; lastSeq: 1; "
1750576780583,1750576780583,2284,1,4,2,TMProposeSet,"proposeSeq: 0; currentTxHash: ""\000\000\000\000\000\000\000\000\000\000\000\000\000\000\000\000\000\000\000\000\000\000\000\000\000\000\000\000\000\000\000\000""; nodePubKey: ""\002\005\363\0222\231\333G\357\305\020\014\241\033\231\261Z#\243\036\0267\020\210\265\022\240%\336\332\221\202\352""; closeTime: 803891980; signature: ""0E\002!\000\325\361E'\037\275\210\234\026.d\314\215\265\347\004*H\3161\311\274\037v\310\342-\331#4t\251\002 /,Y\245\372X\201\2676\336\375=\250\210\022\351Yi\3531\215\315;\272\227V/\225?\016\310\203""; previousledger: ""0\355\311\211\352@\036\313K1\024B\343N\323V\367s\355lu\324\374V\207\371F\260\325\345\213\261""; ","proposeSeq: 0; currentTxHash: ""\000\000\000\000\000\000\000\000\000\000\000\000\000\000\000\000\000\000\000\000\000\000\000\000\000\000\000\000\000\000\000\000""; nodePubKey: ""\002\005\363\0222\231\333G\357\305\020\014\241\033\231\261Z#\243\036\0267\020\210\265\022\240%\336\332\221\202\352""; closeTime: 803891980; signature: ""0E\002!\000\325\361E'\037\275\210\234\026.d\314\215\265\347\004*H\3161\311\274\037v\310\342-\331#4t\251\002 /,Y\245\372X\201\2676\336\375=\250\210\022\351Yi\3531\215\315;\272\227V/\225?\016\310\203""; previousledger: ""0\355\311\211\352@\036\313K1\024B\343N\323V\367s\355lu\324\374V\207\371F\260\325\345\213\261""; "
1750576780583,1750576780584,1256,1,4,1,TMProposeSet,"proposeSeq: 0; currentTxHash: ""\000\000\000\000\000\000\000\000\000\000\000\000\000\000\000\000\000\000\000\000\000\000\000\000\000\000\000\000\000\000\000\000""; nodePubKey: ""\002\005\363\0222\231\333G\357\305\020\014\241\033\231\261Z#\243\036\0267\020\210\265\022\240%\336\332\221\202\352""; closeTime: 803891980; signature: ""0E\002!\000\325\361E'\037\275\210\234\026.d\314\215\265\347\004*H\3161\311\274\037v\310\342-\331#4t\251\002 /,Y\245\372X\201\2676\336\375=\250\210\022\351Yi\3531\215\315;\272\227V/\225?\016\310\203""; previousledger: ""0\355\311\211\352@\036\313K1\024B\343N\323V\367s\355lu\324\374V\207\371F\260\325\345\213\261""; ","proposeSeq: 0; currentTxHash: ""\000\000\000\000\000\000\000\000\000\000\000\000\000\000\000\000\000\000\000\000\000\000\000\000\000\000\000\000\000\000\000\000""; nodePubKey: ""\002\005\363\0222\231\333G\357\305\020\014\241\033\231\261Z#\243\036\0267\020\210\265\022\240%\336\332\221\202\352""; closeTime: 803891980; signature: ""0E\002!\000\325\361E'\037\275\210\234\026.d\314\215\265\347\004*H\3161\311\274\037v\310\342-\331#4t\251\002 /,Y\245\372X\201\2676\336\375=\250\210\022\351Yi\3531\215\315;\272\227V/\225?\016\310\203""; previousledger: ""0\355\311\211\352@\036\313K1\024B\343N\323V\367s\355lu\324\374V\207\371F\260\325\345\213\261""; "
1750576780584,1750576780584,3125,1,4,3,TMProposeSet,"proposeSeq: 0; currentTxHash: ""\000\000\000\000\000\000\000\000\000\000\000\000\000\000\000\000\000\000\000\000\000\000\000\000\000\000\000\000\000\000\000\000""; nodePubKey: ""\002\005\363\0222\231\333G\357\305\020\014\241\033\231\261Z#\243\036\0267\020\210\265\022\240%\336\332\221\202\352""; closeTime: 803891980; signature: ""0E\002!\000\325\361E'\037\275\210\234\026.d\314\215\265\347\004*H\3161\311\274\037v\310\342-\331#4t\251\002 /,Y\245\372X\201\2676\336\375=\250\210\022\351Yi\3531\215\315;\272\227V/\225?\016\310\203""; previousledger: ""0\355\311\211\352@\036\313K1\024B\343N\323V\367s\355lu\324\374V\207\371F\260\325\345\213\261""; ","proposeSeq: 0; currentTxHash: ""\000\000\000\000\000\000\000\000\000\000\000\000\000\000\000\000\000\000\000\000\000\000\000\000\000\000\000\000\000\000\000\000""; nodePubKey: ""\002\005\363\0222\231\333G\357\305\020\014\241\033\231\261Z#\243\036\0267\020\210\265\022\240%\336\332\221\202\352""; closeTime: 803891980; signature: ""0E\002!\000\325\361E'\037\275\210\234\026.d\314\215\265\347\004*H\3161\311\274\037v\310\342-\331#4t\251\002 /,Y\245\372X\201\2676\336\375=\250\210\022\351Yi\3531\215\315;\272\227V/\225?\016\310\203""; previousledger: ""0\355\311\211\352@\036\313K1\024B\343N\323V\367s\355lu\324\374V\207\371F\260\325\345\213\261""; "
1750576780649,1750576780649,3472,1,1,4,TMProposeSet,"proposeSeq: 0; currentTxHash: ""\000\000\000\000\000\000\000\000\000\000\000\000\000\000\000\000\000\000\000\000\000\000\000\000\000\000\000\000\000\000\000\000""; nodePubKey: ""\002\005\363\0222\231\333G\357\305\020\014\241\033\231\261Z#\243\036\0267\020\210\265\022\240%\336\332\221\202\352""; closeTime: 803891980; signature: ""0E\002!\000\325\361E'\037\275\210\234\026.d\314\215\265\347\004*H\3161\311\274\037v\310\342-\331#4t\251\002 /,Y\245\372X\201\2676\336\375=\250\210\022\351Yi\3531\215\315;\272\227V/\225?\016\310\203""; previousledger: ""0\355\311\211\352@\036\313K1\024B\343N\323V\367s\355lu\324\374V\207\371F\260\325\345\213\261""; ","proposeSeq: 0; currentTxHash: ""\000\000\000\000\000\000\000\000\000\000\000\000\000\000\000\000\000\000\000\000\000\000\000\000\000\000\000\000\000\000\000\000""; nodePubKey: ""\002\005\363\0222\231\333G\357\305\020\014\241\033\231\261Z#\243\036\0267\020\210\265\022\240%\336\332\221\202\352""; closeTime: 803891980; signature: ""0E\002!\000\325\361E'\037\275\210\234\026.d\314\215\265\347\004*H\3161\311\274\037v\310\342-\331#4t\251\002 /,Y\245\372X\201\2676\336\375=\250\210\022\351Yi\3531\215\315;\272\227V/\225?\016\310\203""; previousledger: ""0\355\311\211\352@\036\313K1\024B\343N\323V\367s\355lu\324\374V\207\371F\260\325\345\213\261""; "
1750576780649,1750576780649,2300,1,1,2,TMProposeSet,"proposeSeq: 0; currentTxHash: ""\000\000\000\000\000\000\000\000\000\000\000\000\000\000\000\000\000\000\000\000\000\000\000\000\000\000\000\000\000\000\000\000""; nodePubKey: ""\002\005\363\0222\231\333G\357\305\020\014\241\033\231\261Z#\243\036\0267\020\210\265\022\240%\336\332\221\202\352""; closeTime: 803891980; signature: ""0E\002!\000\325\361E'\037\275\210\234\026.d\314\215\265\347\004*H\3161\311\274\037v\310\342-\331#4t\251\002 /,Y\245\372X\201\2676\336\375=\250\210\022\351Yi\3531\215\315;\272\227V/\225?\016\310\203""; previousledger: ""0\355\311\211\352@\036\313K1\024B\343N\323V\367s\355lu\324\374V\207\371F\260\325\345\213\261""; ","proposeSeq: 0; currentTxHash: ""\000\000\000\000\000\000\000\000\000\000\000\000\000\000\000\000\000\000\000\000\000\000\000\000\000\000\000\000\000\000\000\000""; nodePubKey: ""\002\005\363\0222\231\333G\357\305\020\014\241\033\231\261Z#\243\036\0267\020\210\265\022\240%\336\332\221\202\352""; closeTime: 803891980; signature: ""0E\002!\000\325\361E'\037\275\210\234\026.d\314\215\265\347\004*H\3161\311\274\037v\310\342-\331#4t\251\002 /,Y\245\372X\201\2676\336\375=\250\210\022\351Yi\3531\215\315;\272\227V/\225?\016\310\203""; previousledger: ""0\355\311\211\352@\036\313K1\024B\343N\323V\367s\355lu\324\374V\207\371F\260\325\345\213\261""; "
1750576780650,1750576780650,334,1,1,3,TMProposeSet,"proposeSeq: 0; currentTxHash: ""\000\000\000\000\000\000\000\000\000\000\000\000\000\000\000\000\000\000\000\000\000\000\000\000\000\000\000\000\000\000\000\000""; nodePubKey: ""\002\005\363\0222\231\333G\357\305\020\014\241\033\231\261Z#\243\036\0267\020\210\265\022\240%\336\332\221\202\352""; closeTime: 803891980; signature: ""0E\002!\000\325\361E'\037\275\210\234\026.d\314\215\265\347\004*H\3161\311\274\037v\310\342-\331#4t\251\002 /,Y\245\372X\201\2676\336\375=\250\210\022\351Yi\3531\215\315;\272\227V/\225?\016\310\203""; previousledger: ""0\355\311\211\352@\036\313K1\024B\343N\323V\367s\355lu\324\374V\207\371F\260\325\345\213\261""; ","proposeSeq: 0; currentTxHash: ""\000\000\000\000\000\000\000\000\000\000\000\000\000\000\000\000\000\000\000\000\000\000\000\000\000\000\000\000\000\000\000\000""; nodePubKey: ""\002\005\363\0222\231\333G\357\305\020\014\241\033\231\261Z#\243\036\0267\020\210\265\022\240%\336\332\221\202\352""; closeTime: 803891980; signature: ""0E\002!\000\325\361E'\037\275\210\234\026.d\314\215\265\347\004*H\3161\311\274\037v\310\342-\331#4t\251\002 /,Y\245\372X\201\2676\336\375=\250\210\022\351Yi\3531\215\315;\272\227V/\225?\016\310\203""; previousledger: ""0\355\311\211\352@\036\313K1\024B\343N\323V\367s\355lu\324\374V\207\371F\260\325\345\213\261""; "
1750576780658,1750576780658,3672,1,3,4,TMProposeSet,"proposeSeq: 0; currentTxHash: ""\000\000\000\000\000\000\000\000\000\000\000\000\000\000\000\000\000\000\000\000\000\000\000\000\000\000\000\000\000\000\000\000""; nodePubKey: ""\003uv\3157M_,X\323\216\327\373A""\226\013\275\210\0079\020Q\007\035\231@s\266\345\000\272\252""; closeTime: 803891980; signature: ""0D\002 \004\311\360\3574(\303\022\351'p2\365\374>\237\306\244\303\033\036\256\2136\242\274\311\202\020|\2163\002 \030\364\213\361\214,\336Fl\3514\231\352$\025m'\r\240\304\265~\023\206O\234\323\027\333z\271O""; previousledger: ""0\355\311\211\352@\036\313K1\024B\343N\323V\367s\355lu\324\374V\207\371F\260\325\345\213\261""; ","proposeSeq: 0; currentTxHash: ""\000\000\000\000\000\000\000\000\000\000\000\000\000\000\000\000\000\000\000\000\000\000\000\000\000\000\000\000\000\000\000\000""; nodePubKey: ""\003uv\3157M_,X\323\216\327\373A""\226\013\275\210\0079\020Q\007\035\231@s\266\345\000\272\252""; closeTime: 803891980; signature: ""0D\002 \004\311\360\3574(\303\022\351'p2\365\374>\237\306\244\303\033\036\256\2136\242\274\311\202\020|\2163\002 \030\364\213\361\214,\336Fl\3514\231\352$\025m'\r\240\304\265~\023\206O\234\323\027\333z\271O""; previousledger: ""0\355\311\211\352@\036\313K1\024B\343N\323V\367s\355lu\324\374V\207\371F\260\325\345\213\261""; "
1750576780659,1750576780660,3303,1,3,2,TMProposeSet,"proposeSeq: 0; currentTxHash: ""\000\000\000\000\000\000\000\000\000\000\000\000\000\000\000\000\000\000\000\000\000\000\000\000\000\000\000\000\000\000\000\000""; nodePubKey: ""\003uv\3157M_,X\323\216\327\373A""\226\013\275\210\0079\020Q\007\035\231@s\266\345\000\272\252""; closeTime: 803891980; signature: ""0D\002 \004\311\360\3574(\303\022\351'p2\365\374>\237\306\244\303\033\036\256\2136\242\274\311\202\020|\2163\002 \030\364\213\361\214,\336Fl\3514\231\352$\025m'\r\240\304\265~\023\206O\234\323\027\333z\271O""; previousledger: ""0\355\311\211\352@\036\313K1\024B\343N\323V\367s\355lu\324\374V\207\371F\260\325\345\213\261""; ","proposeSeq: 0; currentTxHash: ""\000\000\000\000\000\000\000\000\000\000\000\000\000\000\000\000\000\000\000\000\000\000\000\000\000\000\000\000\000\000\000\000""; nodePubKey: ""\003uv\3157M_,X\323\216\327\373A""\226\013\275\210\0079\020Q\007\035\231@s\266\345\000\272\252""; closeTime: 803891980; signature: ""0D\002 \004\311\360\3574(\303\022\351'p2\365\374>\237\306\244\303\033\036\256\2136\242\274\311\202\020|\2163\002 \030\364\213\361\214,\336Fl\3514\231\352$\025m'\r\240\304\265~\023\206O\234\323\027\333z\271O""; previousledger: ""0\355\311\211\352@\036\313K1\024B\343N\323V\367s\355lu\324\374V\207\371F\260\325\345\213\261""; "
1750576780660,1750576780660,105,1,3,0,TMProposeSet,"proposeSeq: 0; currentTxHash: ""\000\000\000\000\000\000\000\000\000\000\000\000\000\000\000\000\000\000\000\000\000\000\000\000\000\000\000\000\000\000\000\000""; nodePubKey: ""\003uv\3157M_,X\323\216\327\373A""\226\013\275\210\0079\020Q\007\035\231@s\266\345\000\272\252""; closeTime: 803891980; signature: ""0D\002 \004\311\360\3574(\303\022\351'p2\365\374>\237\306\244\303\033\036\256\2136\242\274\311\202\020|\2163\002 \030\364\213\361\214,\336Fl\3514\231\352$\025m'\r\240\304\265~\023\206O\234\323\027\333z\271O""; previousledger: ""0\355\311\211\352@\036\313K1\024B\343N\323V\367s\355lu\324\374V\207\371F\260\325\345\213\261""; ","proposeSeq: 0; currentTxHash: ""\000\000\000\000\000\000\000\000\000\000\000\000\000\000\000\000\000\000\000\000\000\000\000\000\000\000\000\000\000\000\000\000""; nodePubKey: ""\003uv\3157M_,X\323\216\327\373A""\226\013\275\210\0079\020Q\007\035\231@s\266\345\000\272\252""; closeTime: 803891980; signature: ""0D\002 \004\311\360\3574(\303\022\351'p2\365\374>\237\306\244\303\033\036\256\2136\242\274\311\202\020|\2163\002 \030\364\213\361\214,\336Fl\3514\231\352$\025m'\r\240\304\265~\023\206O\234\323\027\333z\271O""; previousledger: ""0\355\311\211\352@\036\313K1\024B\343N\323V\367s\355lu\324\374V\207\371F\260\325\345\213\261""; "
1750576780662,1750576780662,1133,1,3,1,TMProposeSet,"proposeSeq: 0; currentTxHash: ""\000\000\000\000\000\000\000\000\000\000\000\000\000\000\000\000\000\000\000\000\000\000\000\000\000\000\000\000\000\000\000\000""; nodePubKey: ""\003uv\3157M_,X\323\216\327\373A""\226\013\275\210\0079\020Q\007\035\231@s\266\345\000\272\252""; closeTime: 803891980; signature: ""0D\002 \004\311\360\3574(\303\022\351'p2\365\374>\237\306\244\303\033\036\256\2136\242\274\311\202\020|\2163\002 \030\364\213\361\214,\336Fl\3514\231\352$\025m'\r\240\304\265~\023\206O\234\323\027\333z\271O""; previousledger: ""0\355\311\211\352@\036\313K1\024B\343N\323V\367s\355lu\324\374V\207\371F\260\325\345\213\261""; ","proposeSeq: 0; currentTxHash: ""\000\000\000\000\000\000\000\000\000\000\000\000\000\000\000\000\000\000\000\000\000\000\000\000\000\000\000\000\000\000\000\000""; nodePubKey: ""\003uv\3157M_,X\323\216\327\373A""\226\013\275\210\0079\020Q\007\035\231@s\266\345\000\272\252""; closeTime: 803891980; signature: ""0D\002 \004\311\360\3574(\303\022\351'p2\365\374>\237\306\244\303\033\036\256\2136\242\274\311\202\020|\2163\002 \030\364\213\361\214,\336Fl\3514\231\352$\025m'\r\240\304\265~\023\206O\234\323\027\333z\271O""; previousledger: ""0\355\311\211\352@\036\313K1\024B\343N\323V\367s\355lu\324\374V\207\371F\260\325\345\213\261""; "
1750576780660,1750576780735,862,1,3,4,TMStatusChange,"newEvent: neCLOSING_LEDGER; ledgerSeq: 2; ledgerHash: ""0\355\311\211\352@\036\313K1\024B\343N\323V\367s\355lu\324\374V\207\371F\260\325\345\213\261""; ledgerHashPrevious: ""-}\351f\032\255\274\334m\326c\017\014ao[\342\230\003\245\245\3341Hm\326^\017jy\335\261""; networkTime: 803891980; firstSeq: 1; lastSeq: 1; ","newEvent: neCLOSING_LEDGER; ledgerSeq: 2; ledgerHash: ""0\355\311\211\352@\036\313K1\024B\343N\323V\367s\355lu\324\374V\207\371F\260\325\345\213\261""; ledgerHashPrevious: ""-}\351f\032\255\274\334m\326c\017\014ao[\342\230\003\245\245\3341Hm\326^\017jy\335\261""; networkTime: 803891980; firstSeq: 1; lastSeq: 1; "
1750576780662,1750576780736,2989,1,3,1,TMStatusChange,"newEvent: neCLOSING_LEDGER; ledgerSeq: 2; ledgerHash: ""0\355\311\211\352@\036\313K1\024B\343N\323V\367s\355lu\324\374V\207\371F\260\325\345\213\261""; ledgerHashPrevious: ""-}\351f\032\255\274\334m\326c\017\014ao[\342\230\003\245\245\3341Hm\326^\017jy\335\261""; networkTime: 803891980; firstSeq: 1; lastSeq: 1; ","newEvent: neCLOSING_LEDGER; ledgerSeq: 2; ledgerHash: ""0\355\311\211\352@\036\313K1\024B\343N\323V\367s\355lu\324\374V\207\371F\260\325\345\213\261""; ledgerHashPrevious: ""-}\351f\032\255\274\334m\326c\017\014ao[\342\230\003\245\245\3341Hm\326^\017jy\335\261""; networkTime: 803891980; firstSeq: 1; lastSeq: 1; "
1750576780661,1750576780736,513,1,3,0,TMStatusChange,"newEvent: neCLOSING_LEDGER; ledgerSeq: 2; ledgerHash: ""0\355\311\211\352@\036\313K1\024B\343N\323V\367s\355lu\324\374V\207\371F\260\325\345\213\261""; ledgerHashPrevious: ""-}\351f\032\255\274\334m\326c\017\014ao[\342\230\003\245\245\3341Hm\326^\017jy\335\261""; networkTime: 803891980; firstSeq: 1; lastSeq: 1; ","newEvent: neCLOSING_LEDGER; ledgerSeq: 2; ledgerHash: ""0\355\311\211\352@\036\313K1\024B\343N\323V\367s\355lu\324\374V\207\371F\260\325\345\213\261""; ledgerHashPrevious: ""-}\351f\032\255\274\334m\326c\017\014ao[\342\230\003\245\245\3341Hm\326^\017jy\335\261""; networkTime: 803891980; firstSeq: 1; lastSeq: 1; "
1750576780661,1750576780735,1309,1,3,2,TMStatusChange,"newEvent: neCLOSING_LEDGER; ledgerSeq: 2; ledgerHash: ""0\355\311\211\352@\036\313K1\024B\343N\323V\367s\355lu\324\374V\207\371F\260\325\345\213\261""; ledgerHashPrevious: ""-}\351f\032\255\274\334m\326c\017\014ao[\342\230\003\245\245\3341Hm\326^\017jy\335\261""; networkTime: 803891980; firstSeq: 1; lastSeq: 1; ","newEvent: neCLOSING_LEDGER; ledgerSeq: 2; ledgerHash: ""0\355\311\211\352@\036\313K1\024B\343N\323V\367s\355lu\324\374V\207\371F\260\325\345\213\261""; ledgerHashPrevious: ""-}\351f\032\255\274\334m\326c\017\014ao[\342\230\003\245\245\3341Hm\326^\017jy\335\261""; networkTime: 803891980; firstSeq: 1; lastSeq: 1; "
1750576780743,1750576780744,3125,1,4,3,TMProposeSet,"proposeSeq: 0; currentTxHash: ""\000\000\000\000\000\000\000\000\000\000\000\000\000\000\000\000\000\000\000\000\000\000\000\000\000\000\000\000\000\000\000\000""; nodePubKey: ""\002\246\346\346\007\2326A*\334\272\022\321\346\247[\222\030\343\261w\244R\r\357}\243\273\253\020\375b6""; closeTime: 803891980; signature: ""0E\002!\000\351cU\235.\305\254\305diPU\317\377>w\343\334\005@rQU(\235\303\326\177\313\340\2419\002 =\217B\021\307[\333\020\331*S\232\263=\256\002'\272r\031\232\257\360\323\253C\326\217\363B=\246""; previousledger: ""0\355\311\211\352@\036\313K1\024B\343N\323V\367s\355lu\324\374V\207\371F\260\325\345\213\261""; ","proposeSeq: 0; currentTxHash: ""\000\000\000\000\000\000\000\000\000\000\000\000\000\000\000\000\000\000\000\000\000\000\000\000\000\000\000\000\000\000\000\000""; nodePubKey: ""\002\246\346\346\007\2326A*\334\272\022\321\346\247[\222\030\343\261w\244R\r\357}\243\273\253\020\375b6""; closeTime: 803891980; signature: ""0E\002!\000\351cU\235.\305\254\305diPU\317\377>w\343\334\005@rQU(\235\303\326\177\313\340\2419\002 =\217B\021\307[\333\020\331*S\232\263=\256\002'\272r\031\232\257\360\323\253C\326\217\363B=\246""; previousledger: ""0\355\311\211\352@\036\313K1\024B\343N\323V\367s\355lu\324\374V\207\371F\260\325\345\213\261""; "
1750576780744,1750576780744,1256,1,4,1,TMProposeSet,"proposeSeq: 0; currentTxHash: ""\000\000\000\000\000\000\000\000\000\000\000\000\000\000\000\000\000\000\000\000\000\000\000\000\000\000\000\000\000\000\000\000""; nodePubKey: ""\002\246\346\346\007\2326A*\334\272\022\321\346\247[\222\030\343\261w\244R\r\357}\243\273\253\020\375b6""; closeTime: 803891980; signature: ""0E\002!\000\351cU\235.\305\254\305diPU\317\377>w\343\334\005@rQU(\235\303\326\177\313\340\2419\002 =\217B\021\307[\333\020\331*S\232\263=\256\002'\272r\031\232\257\360\323\253C\326\217\363B=\246""; previousledger: ""0\355\311\211\352@\036\313K1\024B\343N\323V\367s\355lu\324\374V\207\371F\260\325\345\213\261""; ","proposeSeq: 0; currentTxHash: ""\000\000\000\000\000\000\000\000\000\000\000\000\000\000\000\000\000\000\000\000\000\000\000\000\000\000\000\000\000\000\000\000""; nodePubKey: ""\002\246\346\346\007\2326A*\334\272\022\321\346\247[\222\030\343\261w\244R\r\357}\243\273\253\020\375b6""; closeTime: 803891980; signature: ""0E\002!\000\351cU\235.\305\254\305diPU\317\377>w\343\334\005@rQU(\235\303\326\177\313\340\2419\002 =\217B\021\307[\333\020\331*S\232\263=\256\002'\272r\031\232\257\360\323\253C\326\217\363B=\246""; previousledger: ""0\355\311\211\352@\036\313K1\024B\343N\323V\367s\355lu\324\374V\207\371F\260\325\345\213\261""; "
1750576780744,1750576780745,798,1,4,0,TMProposeSet,"proposeSeq: 0; currentTxHash: ""\000\000\000\000\000\000\000\000\000\000\000\000\000\000\000\000\000\000\000\000\000\000\000\000\000\000\000\000\000\000\000\000""; nodePubKey: ""\002\246\346\346\007\2326A*\334\272\022\321\346\247[\222\030\343\261w\244R\r\357}\243\273\253\020\375b6""; closeTime: 803891980; signature: ""0E\002!\000\351cU\235.\305\254\305diPU\317\377>w\343\334\005@rQU(\235\303\326\177\313\340\2419\002 =\217B\021\307[\333\020\331*S\232\263=\256\002'\272r\031\232\257\360\323\253C\326\217\363B=\246""; previousledger: ""0\355\311\211\352@\036\313K1\024B\343N\323V\367s\355lu\324\374V\207\371F\260\325\345\213\261""; ","proposeSeq: 0; currentTxHash: ""\000\000\000\000\000\000\000\000\000\000\000\000\000\000\000\000\000\000\000\000\000\000\000\000\000\000\000\000\000\000\000\000""; nodePubKey: ""\002\246\346\346\007\2326A*\334\272\022\321\346\247[\222\030\343\261w\244R\r\357}\243\273\253\020\375b6""; closeTime: 803891980; signature: ""0E\002!\000\351cU\235.\305\254\305diPU\317\377>w\343\334\005@rQU(\235\303\326\177\313\340\2419\002 =\217B\021\307[\333\020\331*S\232\263=\256\002'\272r\031\232\257\360\323\253C\326\217\363B=\246""; previousledger: ""0\355\311\211\352@\036\313K1\024B\343N\323V\367s\355lu\324\374V\207\371F\260\325\345\213\261""; "
1750576780766,1750576780766,400,1,0,4,TMProposeSet,"proposeSeq: 0; currentTxHash: ""\000\000\000\000\000\000\000\000\000\000\000\000\000\000\000\000\000\000\000\000\000\000\000\000\000\000\000\000\000\000\000\000""; nodePubKey: ""\003uv\3157M_,X\323\216\327\373A""\226\013\275\210\0079\020Q\007\035\231@s\266\345\000\272\252""; closeTime: 803891980; signature: ""0D\002 \004\311\360\3574(\303\022\351'p2\365\374>\237\306\244\303\033\036\256\2136\242\274\311\202\020|\2163\002 \030\364\213\361\214,\336Fl\3514\231\352$\025m'\r\240\304\265~\023\206O\234\323\027\333z\271O""; previousledger: ""0\355\311\211\352@\036\313K1\024B\343N\323V\367s\355lu\324\374V\207\371F\260\325\345\213\261""; ","proposeSeq: 0; currentTxHash: ""\000\000\000\000\000\000\000\000\000\000\000\000\000\000\000\000\000\000\000\000\000\000\000\000\000\000\000\000\000\000\000\000""; nodePubKey: ""\003uv\3157M_,X\323\216\327\373A""\226\013\275\210\0079\020Q\007\035\231@s\266\345\000\272\252""; closeTime: 803891980; signature: ""0D\002 \004\311\360\3574(\303\022\351'p2\365\374>\237\306\244\303\033\036\256\2136\242\274\311\202\020|\2163\002 \030\364\213\361\214,\336Fl\3514\231\352$\025m'\r\240\304\265~\023\206O\234\323\027\333z\271O""; previousledger: ""0\355\311\211\352@\036\313K1\024B\343N\323V\367s\355lu\324\374V\207\371F\260\325\345\213\261""; "
1750576780766,1750576780767,3625,1,0,2,TMProposeSet,"proposeSeq: 0; currentTxHash: ""\000\000\000\000\000\000\000\000\000\000\000\000\000\000\000\000\000\000\000\000\000\000\000\000\000\000\000\000\000\000\000\000""; nodePubKey: ""\003uv\3157M_,X\323\216\327\373A""\226\013\275\210\0079\020Q\007\035\231@s\266\345\000\272\252""; closeTime: 803891980; signature: ""0D\002 \004\311\360\3574(\303\022\351'p2\365\374>\237\306\244\303\033\036\256\2136\242\274\311\202\020|\2163\002 \030\364\213\361\214,\336Fl\3514\231\352$\025m'\r\240\304\265~\023\206O\234\323\027\333z\271O""; previousledger: ""0\355\311\211\352@\036\313K1\024B\343N\323V\367s\355lu\324\374V\207\371F\260\325\345\213\261""; ","proposeSeq: 0; currentTxHash: ""\000\000\000\000\000\000\000\000\000\000\000\000\000\000\000\000\000\000\000\000\000\000\000\000\000\000\000\000\000\000\000\000""; nodePubKey: ""\003uv\3157M_,X\323\216\327\373A""\226\013\275\210\0079\020Q\007\035\231@s\266\345\000\272\252""; closeTime: 803891980; signature: ""0D\002 \004\311\360\3574(\303\022\351'p2\365\374>\237\306\244\303\033\036\256\2136\242\274\311\202\020|\2163\002 \030\364\213\361\214,\336Fl\3514\231\352$\025m'\r\240\304\265~\023\206O\234\323\027\333z\271O""; previousledger: ""0\355\311\211\352@\036\313K1\024B\343N\323V\367s\355lu\324\374V\207\371F\260\325\345\213\261""; "
1750576780767,1750576780767,465,1,0,1,TMProposeSet,"proposeSeq: 0; currentTxHash: ""\000\000\000\000\000\000\000\000\000\000\000\000\000\000\000\000\000\000\000\000\000\000\000\000\000\000\000\000\000\000\000\000""; nodePubKey: ""\003uv\3157M_,X\323\216\327\373A""\226\013\275\210\0079\020Q\007\035\231@s\266\345\000\272\252""; closeTime: 803891980; signature: ""0D\002 \004\311\360\3574(\303\022\351'p2\365\374>\237\306\244\303\033\036\256\2136\242\274\311\202\020|\2163\002 \030\364\213\361\214,\336Fl\3514\231\352$\025m'\r\240\304\265~\023\206O\234\323\027\333z\271O""; previousledger: ""0\355\311\211\352@\036\313K1\024B\343N\323V\367s\355lu\324\374V\207\371F\260\325\345\213\261""; ","proposeSeq: 0; currentTxHash: ""\000\000\000\000\000\000\000\000\000\000\000\000\000\000\000\000\000\000\000\000\000\000\000\000\000\000\000\000\000\000\000\000""; nodePubKey: ""\003uv\3157M_,X\323\216\327\373A""\226\013\275\210\0079\020Q\007\035\231@s\266\345\000\272\252""; closeTime: 803891980; signature: ""0D\002 \004\311\360\3574(\303\022\351'p2\365\374>\237\306\244\303\033\036\256\2136\242\274\311\202\020|\2163\002 \030\364\213\361\214,\336Fl\3514\231\352$\025m'\r\240\304\265~\023\206O\234\323\027\333z\271O""; previousledger: ""0\355\311\211\352@\036\313K1\024B\343N\323V\367s\355lu\324\374V\207\371F\260\325\345\213\261""; "
1750576780871,1750576780871,3472,1,1,4,TMProposeSet,"proposeSeq: 0; currentTxHash: ""\000\000\000\000\000\000\000\000\000\000\000\000\000\000\000\000\000\000\000\000\000\000\000\000\000\000\000\000\000\000\000\000""; nodePubKey: ""\003\031\332\276_\315\363\210\315\246\030F\330\251\017g\263\037\257\332\007 \253\203\233\205\365\344\036\245\374\253\323""; closeTime: 803891980; signature: ""0E\002!\000\303E.\001\342\035\330\005YF\204\376\312n\201\323\311K\023n _8\223\345fR\027\010I\347\364\002 \032`\356(\2739\032C\200\213\214\360\261*e\016fE\331\310\341\207\366\023\240\273\000\010\003'L\320""; previousledger: ""0\355\311\211\352@\036\313K1\024B\343N\323V\367s\355lu\324\374V\207\371F\260\325\345\213\261""; ","proposeSeq: 0; currentTxHash: ""\000\000\000\000\000\000\000\000\000\000\000\000\000\000\000\000\000\000\000\000\000\000\000\000\000\000\000\000\000\000\000\000""; nodePubKey: ""\003\031\332\276_\315\363\210\315\246\030F\330\251\017g\263\037\257\332\007 \253\203\233\205\365\344\036\245\374\253\323""; closeTime: 803891980; signature: ""0E\002!\000\303E.\001\342\035\330\005YF\204\376\312n\201\323\311K\023n _8\223\345fR\027\010I\347\364\002 \032`\356(\2739\032C\200\213\214\360\261*e\016fE\331\310\341\207\366\023\240\273\000\010\003'L\320""; previousledger: ""0\355\311\211\352@\036\313K1\024B\343N\323V\367s\355lu\324\374V\207\371F\260\325\345\213\261""; "
1750576780880,1750576780880,334,1,1,3,TMProposeSet,"proposeSeq: 0; currentTxHash: ""\000\000\000\000\000\000\000\000\000\000\000\000\000\000\000\000\000\000\000\000\000\000\000\000\000\000\000\000\000\000\000\000""; nodePubKey: ""\003\031\332\276_\315\363\210\315\246\030F\330\251\017g\263\037\257\332\007 \253\203\233\205\365\344\036\245\374\253\323""; closeTime: 803891980; signature: ""0E\002!\000\303E.\001\342\035\330\005YF\204\376\312n\201\323\311K\023n _8\223\345fR\027\010I\347\364\002 \032`\356(\2739\032C\200\213\214\360\261*e\016fE\331\310\341\207\366\023\240\273\000\010\003'L\320""; previousledger: ""0\355\311\211\352@\036\313K1\024B\343N\323V\367s\355lu\324\374V\207\371F\260\325\345\213\261""; ","proposeSeq: 0; currentTxHash: ""\000\000\000\000\000\000\000\000\000\000\000\000\000\000\000\000\000\000\000\000\000\000\000\000\000\000\000\000\000\000\000\000""; nodePubKey: ""\003\031\332\276_\315\363\210\315\246\030F\330\251\017g\263\037\257\332\007 \253\203\233\205\365\344\036\245\374\253\323""; closeTime: 803891980; signature: ""0E\002!\000\303E.\001\342\035\330\005YF\204\376\312n\201\323\311K\023n _8\223\345fR\027\010I\347\364\002 \032`\356(\2739\032C\200\213\214\360\261*e\016fE\331\310\341\207\366\023\240\273\000\010\003'L\320""; previousledger: ""0\355\311\211\352@\036\313K1\024B\343N\323V\367s\355lu\324\374V\207\371F\260\325\345\213\261""; "
1750576780881,1750576780881,2840,1,1,0,TMProposeSet,"proposeSeq: 0; currentTxHash: ""\000\000\000\000\000\000\000\000\000\000\000\000\000\000\000\000\000\000\000\000\000\000\000\000\000\000\000\000\000\000\000\000""; nodePubKey: ""\003\031\332\276_\315\363\210\315\246\030F\330\251\017g\263\037\257\332\007 \253\203\233\205\365\344\036\245\374\253\323""; closeTime: 803891980; signature: ""0E\002!\000\303E.\001\342\035\330\005YF\204\376\312n\201\323\311K\023n _8\223\345fR\027\010I\347\364\002 \032`\356(\2739\032C\200\213\214\360\261*e\016fE\331\310\341\207\366\023\240\273\000\010\003'L\320""; previousledger: ""0\355\311\211\352@\036\313K1\024B\343N\323V\367s\355lu\324\374V\207\371F\260\325\345\213\261""; ","proposeSeq: 0; currentTxHash: ""\000\000\000\000\000\000\000\000\000\000\000\000\000\000\000\000\000\000\000\000\000\000\000\000\000\000\000\000\000\000\000\000""; nodePubKey: ""\003\031\332\276_\315\363\210\315\246\030F\330\251\017g\263\037\257\332\007 \253\203\233\205\365\344\036\245\374\253\323""; closeTime: 803891980; signature: ""0E\002!\000\303E.\001\342\035\330\005YF\204\376\312n\201\323\311K\023n _8\223\345fR\027\010I\347\364\002 \032`\356(\2739\032C\200\213\214\360\261*e\016fE\331\310\341\207\366\023\240\273\000\010\003'L\320""; previousledger: ""0\355\311\211\352@\036\313K1\024B\343N\323V\367s\355lu\324\374V\207\371F\260\325\345\213\261""; "
1750576780888,1750576780888,2300,1,1,2,TMProposeSet,"proposeSeq: 0; currentTxHash: ""\000\000\000\000\000\000\000\000\000\000\000\000\000\000\000\000\000\000\000\000\000\000\000\000\000\000\000\000\000\000\000\000""; nodePubKey: ""\003\031\332\276_\315\363\210\315\246\030F\330\251\017g\263\037\257\332\007 \253\203\233\205\365\344\036\245\374\253\323""; closeTime: 803891980; signature: ""0E\002!\000\303E.\001\342\035\330\005YF\204\376\312n\201\323\311K\023n _8\223\345fR\027\010I\347\364\002 \032`\356(\2739\032C\200\213\214\360\261*e\016fE\331\310\341\207\366\023\240\273\000\010\003'L\320""; previousledger: ""0\355\311\211\352@\036\313K1\024B\343N\323V\367s\355lu\324\374V\207\371F\260\325\345\213\261""; ","proposeSeq: 0; currentTxHash: ""\000\000\000\000\000\000\000\000\000\000\000\000\000\000\000\000\000\000\000\000\000\000\000\000\000\000\000\000\000\000\000\000""; nodePubKey: ""\003\031\332\276_\315\363\210\315\246\030F\330\251\017g\263\037\257\332\007 \253\203\233\205\365\344\036\245\374\253\323""; closeTime: 803891980; signature: ""0E\002!\000\303E.\001\342\035\330\005YF\204\376\312n\201\323\311K\023n _8\223\345fR\027\010I\347\364\002 \032`\356(\2739\032C\200\213\214\360\261*e\016fE\331\310\341\207\366\023\240\273\000\010\003'L\320""; previousledger: ""0\355\311\211\352@\036\313K1\024B\343N\323V\367s\355lu\324\374V\207\371F\260\325\345\213\261""; "
1750576780872,1750576780958,1137,1,1,4,TMStatusChange,"newEvent: neCLOSING_LEDGER; ledgerSeq: 2; ledgerHash: ""0\355\311\211\352@\036\313K1\024B\343N\323V\367s\355lu\324\374V\207\371F\260\325\345\213\261""; ledgerHashPrevious: ""-}\351f\032\255\274\334m\326c\017\014ao[\342\230\003\245\245\3341Hm\326^\017jy\335\261""; networkTime: 803891980; firstSeq: 1; lastSeq: 1; ","newEvent: neCLOSING_LEDGER; ledgerSeq: 2; ledgerHash: ""0\355\311\211\352@\036\313K1\024B\343N\323V\367s\355lu\324\374V\207\371F\260\325\345\213\261""; ledgerHashPrevious: ""-}\351f\032\255\274\334m\326c\017\014ao[\342\230\003\245\245\3341Hm\326^\017jy\335\261""; networkTime: 803891980; firstSeq: 1; lastSeq: 1; "
1750576780873,1750576780958,2844,1,1,2,TMStatusChange,"newEvent: neCLOSING_LEDGER; ledgerSeq: 2; ledgerHash: ""0\355\311\211\352@\036\313K1\024B\343N\323V\367s\355lu\324\374V\207\371F\260\325\345\213\261""; ledgerHashPrevious: ""-}\351f\032\255\274\334m\326c\017\014ao[\342\230\003\245\245\3341Hm\326^\017jy\335\261""; networkTime: 803891980; firstSeq: 1; lastSeq: 1; ","newEvent: neCLOSING_LEDGER; ledgerSeq: 2; ledgerHash: ""0\355\311\211\352@\036\313K1\024B\343N\323V\367s\355lu\324\374V\207\371F\260\325\345\213\261""; ledgerHashPrevious: ""-}\351f\032\255\274\334m\326c\017\014ao[\342\230\003\245\245\3341Hm\326^\017jy\335\261""; networkTime: 803891980; firstSeq: 1; lastSeq: 1; "
1750576780887,1750576780959,2386,1,1,0,TMStatusChange,"newEvent: neCLOSING_LEDGER; ledgerSeq: 2; ledgerHash: ""0\355\311\211\352@\036\313K1\024B\343N\323V\367s\355lu\324\374V\207\371F\260\325\345\213\261""; ledgerHashPrevious: ""-}\351f\032\255\274\334m\326c\017\014ao[\342\230\003\245\245\3341Hm\326^\017jy\335\261""; networkTime: 803891980; firstSeq: 1; lastSeq: 1; ","newEvent: neCLOSING_LEDGER; ledgerSeq: 2; ledgerHash: ""0\355\311\211\352@\036\313K1\024B\343N\323V\367s\355lu\324\374V\207\371F\260\325\345\213\261""; ledgerHashPrevious: ""-}\351f\032\255\274\334m\326c\017\014ao[\342\230\003\245\245\3341Hm\326^\017jy\335\261""; networkTime: 803891980; firstSeq: 1; lastSeq: 1; "
1750576780888,1750576780961,1638,1,1,3,TMStatusChange,"newEvent: neCLOSING_LEDGER; ledgerSeq: 2; ledgerHash: ""0\355\311\211\352@\036\313K1\024B\343N\323V\367s\355lu\324\374V\207\371F\260\325\345\213\261""; ledgerHashPrevious: ""-}\351f\032\255\274\334m\326c\017\014ao[\342\230\003\245\245\3341Hm\326^\017jy\335\261""; networkTime: 803891980; firstSeq: 1; lastSeq: 1; ","newEvent: neCLOSING_LEDGER; ledgerSeq: 2; ledgerHash: ""0\355\311\211\352@\036\313K1\024B\343N\323V\367s\355lu\324\374V\207\371F\260\325\345\213\261""; ledgerHashPrevious: ""-}\351f\032\255\274\334m\326c\017\014ao[\342\230\003\245\245\3341Hm\326^\017jy\335\261""; networkTime: 803891980; firstSeq: 1; lastSeq: 1; "
1750576780985,1750576780985,3672,1,3,4,TMProposeSet,"proposeSeq: 0; currentTxHash: ""\000\000\000\000\000\000\000\000\000\000\000\000\000\000\000\000\000\000\000\000\000\000\000\000\000\000\000\000\000\000\000\000""; nodePubKey: ""\002\005\363\0222\231\333G\357\305\020\014\241\033\231\261Z#\243\036\0267\020\210\265\022\240%\336\332\221\202\352""; closeTime: 803891980; signature: ""0E\002!\000\325\361E'\037\275\210\234\026.d\314\215\265\347\004*H\3161\311\274\037v\310\342-\331#4t\251\002 /,Y\245\372X\201\2676\336\375=\250\210\022\351Yi\3531\215\315;\272\227V/\225?\016\310\203""; previousledger: ""0\355\311\211\352@\036\313K1\024B\343N\323V\367s\355lu\324\374V\207\371F\260\325\345\213\261""; ","proposeSeq: 0; currentTxHash: ""\000\000\000\000\000\000\000\000\000\000\000\000\000\000\000\000\000\000\000\000\000\000\000\000\000\000\000\000\000\000\000\000""; nodePubKey: ""\002\005\363\0222\231\333G\357\305\020\014\241\033\231\261Z#\243\036\0267\020\210\265\022\240%\336\332\221\202\352""; closeTime: 803891980; signature: ""0E\002!\000\325\361E'\037\275\210\234\026.d\314\215\265\347\004*H\3161\311\274\037v\310\342-\331#4t\251\002 /,Y\245\372X\201\2676\336\375=\250\210\022\351Yi\3531\215\315;\272\227V/\225?\016\310\203""; previousledger: ""0\355\311\211\352@\036\313K1\024B\343N\323V\367s\355lu\324\374V\207\371F\260\325\345\213\261""; "
1750576780986,1750576780986,105,1,3,0,TMProposeSet,"proposeSeq: 0; currentTxHash: ""\000\000\000\000\000\000\000\000\000\000\000\000\000\000\000\000\000\000\000\000\000\000\000\000\000\000\000\000\000\000\000\000""; nodePubKey: ""\002\005\363\0222\231\333G\357\305\020\014\241\033\231\261Z#\243\036\0267\020\210\265\022\240%\336\332\221\202\352""; closeTime: 803891980; signature: ""0E\002!\000\325\361E'\037\275\210\234\026.d\314\215\265\347\004*H\3161\311\274\037v\310\342-\331#4t\251\002 /,Y\245\372X\201\2676\336\375=\250\210\022\351Yi\3531\215\315;\272\227V/\225?\016\310\203""; previousledger: ""0\355\311\211\352@\036\313K1\024B\343N\323V\367s\355lu\324\374V\207\371F\260\325\345\213\261""; ","proposeSeq: 0; currentTxHash: ""\000\000\000\000\000\000\000\000\000\000\000\000\000\000\000\000\000\000\000\000\000\000\000\000\000\000\000\000\000\000\000\000""; nodePubKey: ""\002\005\363\0222\231\333G\357\305\020\014\241\033\231\261Z#\243\036\0267\020\210\265\022\240%\336\332\221\202\352""; closeTime: 803891980; signature: ""0E\002!\000\325\361E'\037\275\210\234\026.d\314\215\265\347\004*H\3161\311\274\037v\310\342-\331#4t\251\002 /,Y\245\372X\201\2676\336\375=\250\210\022\351Yi\3531\215\315;\272\227V/\225?\016\310\203""; previousledger: ""0\355\311\211\352@\036\313K1\024B\343N\323V\367s\355lu\324\374V\207\371F\260\325\345\213\261""; "
1750576780987,1750576780987,3303,1,3,2,TMProposeSet,"proposeSeq: 0; currentTxHash: ""\000\000\000\000\000\000\000\000\000\000\000\000\000\000\000\000\000\000\000\000\000\000\000\000\000\000\000\000\000\000\000\000""; nodePubKey: ""\002\005\363\0222\231\333G\357\305\020\014\241\033\231\261Z#\243\036\0267\020\210\265\022\240%\336\332\221\202\352""; closeTime: 803891980; signature: ""0E\002!\000\325\361E'\037\275\210\234\026.d\314\215\265\347\004*H\3161\311\274\037v\310\342-\331#4t\251\002 /,Y\245\372X\201\2676\336\375=\250\210\022\351Yi\3531\215\315;\272\227V/\225?\016\310\203""; previousledger: ""0\355\311\211\352@\036\313K1\024B\343N\323V\367s\355lu\324\374V\207\371F\260\325\345\213\261""; ","proposeSeq: 0; currentTxHash: ""\000\000\000\000\000\000\000\000\000\000\000\000\000\000\000\000\000\000\000\000\000\000\000\000\000\000\000\000\000\000\000\000""; nodePubKey: ""\002\005\363\0222\231\333G\357\305\020\014\241\033\231\261Z#\243\036\0267\020\210\265\022\240%\336\332\221\202\352""; closeTime: 803891980; signature: ""0E\002!\000\325\361E'\037\275\210\234\026.d\314\215\265\347\004*H\3161\311\274\037v\310\342-\331#4t\251\002 /,Y\245\372X\201\2676\336\375=\250\210\022\351Yi\3531\215\315;\272\227V/\225?\016\310\203""; previousledger: ""0\355\311\211\352@\036\313K1\024B\343N\323V\367s\355lu\324\374V\207\371F\260\325\345\213\261""; "
1750576781169,1750576781169,1256,1,4,1,TMProposeSet,"proposeSeq: 0; currentTxHash: ""\000\000\000\000\000\000\000\000\000\000\000\000\000\000\000\000\000\000\000\000\000\000\000\000\000\000\000\000\000\000\000\000""; nodePubKey: ""\003uv\3157M_,X\323\216\327\373A""\226\013\275\210\0079\020Q\007\035\231@s\266\345\000\272\252""; closeTime: 803891980; signature: ""0D\002 \004\311\360\3574(\303\022\351'p2\365\374>\237\306\244\303\033\036\256\2136\242\274\311\202\020|\2163\002 \030\364\213\361\214,\336Fl\3514\231\352$\025m'\r\240\304\265~\023\206O\234\323\027\333z\271O""; previousledger: ""0\355\311\211\352@\036\313K1\024B\343N\323V\367s\355lu\324\374V\207\371F\260\325\345\213\261""; ","proposeSeq: 0; currentTxHash: ""\000\000\000\000\000\000\000\000\000\000\000\000\000\000\000\000\000\000\000\000\000\000\000\000\000\000\000\000\000\000\000\000""; nodePubKey: ""\003uv\3157M_,X\323\216\327\373A""\226\013\275\210\0079\020Q\007\035\231@s\266\345\000\272\252""; closeTime: 803891980; signature: ""0D\002 \004\311\360\3574(\303\022\351'p2\365\374>\237\306\244\303\033\036\256\2136\242\274\311\202\020|\2163\002 \030\364\213\361\214,\336Fl\3514\231\352$\025m'\r\240\304\265~\023\206O\234\323\027\333z\271O""; previousledger: ""0\355\311\211\352@\036\313K1\024B\343N\323V\367s\355lu\324\374V\207\371F\260\325\345\213\261""; "
1750576781169,1750576781170,2284,1,4,2,TMProposeSet,"proposeSeq: 0; currentTxHash: ""\000\000\000\000\000\000\000\000\000\000\000\000\000\000\000\000\000\000\000\000\000\000\000\000\000\000\000\000\000\000\000\000""; nodePubKey: ""\003uv\3157M_,X\323\216\327\373A""\226\013\275\210\0079\020Q\007\035\231@s\266\345\000\272\252""; closeTime: 803891980; signature: ""0D\002 \004\311\360\3574(\303\022\351'p2\365\374>\237\306\244\303\033\036\256\2136\242\274\311\202\020|\2163\002 \030\364\213\361\214,\336Fl\3514\231\352$\025m'\r\240\304\265~\023\206O\234\323\027\333z\271O""; previousledger: ""0\355\311\211\352@\036\313K1\024B\343N\323V\367s\355lu\324\374V\207\371F\260\325\345\213\261""; ","proposeSeq: 0; currentTxHash: ""\000\000\000\000\000\000\000\000\000\000\000\000\000\000\000\000\000\000\000\000\000\000\000\000\000\000\000\000\000\000\000\000""; nodePubKey: ""\003uv\3157M_,X\323\216\327\373A""\226\013\275\210\0079\020Q\007\035\231@s\266\345\000\272\252""; closeTime: 803891980; signature: ""0D\002 \004\311\360\3574(\303\022\351'p2\365\374>\237\306\244\303\033\036\256\2136\242\274\311\202\020|\2163\002 \030\364\213\361\214,\336Fl\3514\231\352$\025m'\r\240\304\265~\023\206O\234\323\027\333z\271O""; previousledger: ""0\355\311\211\352@\036\313K1\024B\343N\323V\367s\355lu\324\374V\207\371F\260\325\345\213\261""; "
1750576781169,1750576781169,3125,1,4,3,TMProposeSet,"proposeSeq: 0; currentTxHash: ""\000\000\000\000\000\000\000\000\000\000\000\000\000\000\000\000\000\000\000\000\000\000\000\000\000\000\000\000\000\000\000\000""; nodePubKey: ""\003uv\3157M_,X\323\216\327\373A""\226\013\275\210\0079\020Q\007\035\231@s\266\345\000\272\252""; closeTime: 803891980; signature: ""0D\002 \004\311\360\3574(\303\022\351'p2\365\374>\237\306\244\303\033\036\256\2136\242\274\311\202\020|\2163\002 \030\364\213\361\214,\336Fl\3514\231\352$\025m'\r\240\304\265~\023\206O\234\323\027\333z\271O""; previousledger: ""0\355\311\211\352@\036\313K1\024B\343N\323V\367s\355lu\324\374V\207\371F\260\325\345\213\261""; ","proposeSeq: 0; currentTxHash: ""\000\000\000\000\000\000\000\000\000\000\000\000\000\000\000\000\000\000\000\000\000\000\000\000\000\000\000\000\000\000\000\000""; nodePubKey: ""\003uv\3157M_,X\323\216\327\373A""\226\013\275\210\0079\020Q\007\035\231@s\266\345\000\272\252""; closeTime: 803891980; signature: ""0D\002 \004\311\360\3574(\303\022\351'p2\365\374>\237\306\244\303\033\036\256\2136\242\274\311\202\020|\2163\002 \030\364\213\361\214,\336Fl\3514\231\352$\025m'\r\240\304\265~\023\206O\234\323\027\333z\271O""; previousledger: ""0\355\311\211\352@\036\313K1\024B\343N\323V\367s\355lu\324\374V\207\371F\260\325\345\213\261""; "
1750576781172,1750576781172,3672,1,3,4,TMProposeSet,"proposeSeq: 0; currentTxHash: ""\000\000\000\000\000\000\000\000\000\000\000\000\000\000\000\000\000\000\000\000\000\000\000\000\000\000\000\000\000\000\000\000""; nodePubKey: ""\002\246\346\346\007\2326A*\334\272\022\321\346\247[\222\030\343\261w\244R\r\357}\243\273\253\020\375b6""; closeTime: 803891980; signature: ""0E\002!\000\351cU\235.\305\254\305diPU\317\377>w\343\334\005@rQU(\235\303\326\177\313\340\2419\002 =\217B\021\307[\333\020\331*S\232\263=\256\002'\272r\031\232\257\360\323\253C\326\217\363B=\246""; previousledger: ""0\355\311\211\352@\036\313K1\024B\343N\323V\367s\355lu\324\374V\207\371F\260\325\345\213\261""; ","proposeSeq: 0; currentTxHash: ""\000\000\000\000\000\000\000\000\000\000\000\000\000\000\000\000\000\000\000\000\000\000\000\000\000\000\000\000\000\000\000\000""; nodePubKey: ""\002\246\346\346\007\2326A*\334\272\022\321\346\247[\222\030\343\261w\244R\r\357}\243\273\253\020\375b6""; closeTime: 803891980; signature: ""0E\002!\000\351cU\235.\305\254\305diPU\317\377>w\343\334\005@rQU(\235\303\326\177\313\340\2419\002 =\217B\021\307[\333\020\331*S\232\263=\256\002'\272r\031\232\257\360\323\253C\326\217\363B=\246""; previousledger: ""0\355\311\211\352@\036\313K1\024B\343N\323V\367s\355lu\324\374V\207\371F\260\325\345\213\261""; "
1750576781173,1750576781173,1133,1,3,1,TMProposeSet,"proposeSeq: 0; currentTxHash: ""\000\000\000\000\000\000\000\000\000\000\000\000\000\000\000\000\000\000\000\000\000\000\000\000\000\000\000\000\000\000\000\000""; nodePubKey: ""\002\246\346\346\007\2326A*\334\272\022\321\346\247[\222\030\343\261w\244R\r\357}\243\273\253\020\375b6""; closeTime: 803891980; signature: ""0E\002!\000\351cU\235.\305\254\305diPU\317\377>w\343\334\005@rQU(\235\303\326\177\313\340\2419\002 =\217B\021\307[\333\020\331*S\232\263=\256\002'\272r\031\232\257\360\323\253C\326\217\363B=\246""; previousledger: ""0\355\311\211\352@\036\313K1\024B\343N\323V\367s\355lu\324\374V\207\371F\260\325\345\213\261""; ","proposeSeq: 0; currentTxHash: ""\000\000\000\000\000\000\000\000\000\000\000\000\000\000\000\000\000\000\000\000\000\000\000\000\000\000\000\000\000\000\000\000""; nodePubKey: ""\002\246\346\346\007\2326A*\334\272\022\321\346\247[\222\030\343\261w\244R\r\357}\243\273\253\020\375b6""; closeTime: 803891980; signature: ""0E\002!\000\351cU\235.\305\254\305diPU\317\377>w\343\334\005@rQU(\235\303\326\177\313\340\2419\002 =\217B\021\307[\333\020\331*S\232\263=\256\002'\272r\031\232\257\360\323\253C\326\217\363B=\246""; previousledger: ""0\355\311\211\352@\036\313K1\024B\343N\323V\367s\355lu\324\374V\207\371F\260\325\345\213\261""; "
1750576781173,1750576781173,105,1,3,0,TMProposeSet,"proposeSeq: 0; currentTxHash: ""\000\000\000\000\000\000\000\000\000\000\000\000\000\000\000\000\000\000\000\000\000\000\000\000\000\000\000\000\000\000\000\000""; nodePubKey: ""\002\246\346\346\007\2326A*\334\272\022\321\346\247[\222\030\343\261w\244R\r\357}\243\273\253\020\375b6""; closeTime: 803891980; signature: ""0E\002!\000\351cU\235.\305\254\305diPU\317\377>w\343\334\005@rQU(\235\303\326\177\313\340\2419\002 =\217B\021\307[\333\020\331*S\232\263=\256\002'\272r\031\232\257\360\323\253C\326\217\363B=\246""; previousledger: ""0\355\311\211\352@\036\313K1\024B\343N\323V\367s\355lu\324\374V\207\371F\260\325\345\213\261""; ","proposeSeq: 0; currentTxHash: ""\000\000\000\000\000\000\000\000\000\000\000\000\000\000\000\000\000\000\000\000\000\000\000\000\000\000\000\000\000\000\000\000""; nodePubKey: ""\002\246\346\346\007\2326A*\334\272\022\321\346\247[\222\030\343\261w\244R\r\357}\243\273\253\020\375b6""; closeTime: 803891980; signature: ""0E\002!\000\351cU\235.\305\254\305diPU\317\377>w\343\334\005@rQU(\235\303\326\177\313\340\2419\002 =\217B\021\307[\333\020\331*S\232\263=\256\002'\272r\031\232\257\360\323\253C\326\217\363B=\246""; previousledger: ""0\355\311\211\352@\036\313K1\024B\343N\323V\367s\355lu\324\374V\207\371F\260\325\345\213\261""; "
1750576781208,1750576781208,3672,1,3,4,TMProposeSet,"proposeSeq: 0; currentTxHash: ""\000\000\000\000\000\000\000\000\000\000\000\000\000\000\000\000\000\000\000\000\000\000\000\000\000\000\000\000\000\000\000\000""; nodePubKey: ""\003\031\332\276_\315\363\210\315\246\030F\330\251\017g\263\037\257\332\007 \253\203\233\205\365\344\036\245\374\253\323""; closeTime: 803891980; signature: ""0E\002!\000\303E.\001\342\035\330\005YF\204\376\312n\201\323\311K\023n _8\223\345fR\027\010I\347\364\002 \032`\356(\2739\032C\200\213\214\360\261*e\016fE\331\310\341\207\366\023\240\273\000\010\003'L\320""; previousledger: ""0\355\311\211\352@\036\313K1\024B\343N\323V\367s\355lu\324\374V\207\371F\260\325\345\213\261""; ","proposeSeq: 0; currentTxHash: ""\000\000\000\000\000\000\000\000\000\000\000\000\000\000\000\000\000\000\000\000\000\000\000\000\000\000\000\000\000\000\000\000""; nodePubKey: ""\003\031\332\276_\315\363\210\315\246\030F\330\251\017g\263\037\257\332\007 \253\203\233\205\365\344\036\245\374\253\323""; closeTime: 803891980; signature: ""0E\002!\000\303E.\001\342\035\330\005YF\204\376\312n\201\323\311K\023n _8\223\345fR\027\010I\347\364\002 \032`\356(\2739\032C\200\213\214\360\261*e\016fE\331\310\341\207\366\023\240\273\000\010\003'L\320""; previousledger: ""0\355\311\211\352@\036\313K1\024B\343N\323V\367s\355lu\324\374V\207\371F\260\325\345\213\261""; "
1750576781208,1750576781209,3303,1,3,2,TMProposeSet,"proposeSeq: 0; currentTxHash: ""\000\000\000\000\000\000\000\000\000\000\000\000\000\000\000\000\000\000\000\000\000\000\000\000\000\000\000\000\000\000\000\000""; nodePubKey: ""\003\031\332\276_\315\363\210\315\246\030F\330\251\017g\263\037\257\332\007 \253\203\233\205\365\344\036\245\374\253\323""; closeTime: 803891980; signature: ""0E\002!\000\303E.\001\342\035\330\005YF\204\376\312n\201\323\311K\023n _8\223\345fR\027\010I\347\364\002 \032`\356(\2739\032C\200\213\214\360\261*e\016fE\331\310\341\207\366\023\240\273\000\010\003'L\320""; previousledger: ""0\355\311\211\352@\036\313K1\024B\343N\323V\367s\355lu\324\374V\207\371F\260\325\345\213\261""; ","proposeSeq: 0; currentTxHash: ""\000\000\000\000\000\000\000\000\000\000\000\000\000\000\000\000\000\000\000\000\000\000\000\000\000\000\000\000\000\000\000\000""; nodePubKey: ""\003\031\332\276_\315\363\210\315\246\030F\330\251\017g\263\037\257\332\007 \253\203\233\205\365\344\036\245\374\253\323""; closeTime: 803891980; signature: ""0E\002!\000\303E.\001\342\035\330\005YF\204\376\312n\201\323\311K\023n _8\223\345fR\027\010I\347\364\002 \032`\356(\2739\032C\200\213\214\360\261*e\016fE\331\310\341\207\366\023\240\273\000\010\003'L\320""; previousledger: ""0\355\311\211\352@\036\313K1\024B\343N\323V\367s\355lu\324\374V\207\371F\260\325\345\213\261""; "
1750576781209,1750576781209,105,1,3,0,TMProposeSet,"proposeSeq: 0; currentTxHash: ""\000\000\000\000\000\000\000\000\000\000\000\000\000\000\000\000\000\000\000\000\000\000\000\000\000\000\000\000\000\000\000\000""; nodePubKey: ""\003\031\332\276_\315\363\210\315\246\030F\330\251\017g\263\037\257\332\007 \253\203\233\205\365\344\036\245\374\253\323""; closeTime: 803891980; signature: ""0E\002!\000\303E.\001\342\035\330\005YF\204\376\312n\201\323\311K\023n _8\223\345fR\027\010I\347\364\002 \032`\356(\2739\032C\200\213\214\360\261*e\016fE\331\310\341\207\366\023\240\273\000\010\003'L\320""; previousledger: ""0\355\311\211\352@\036\313K1\024B\343N\323V\367s\355lu\324\374V\207\371F\260\325\345\213\261""; ","proposeSeq: 0; currentTxHash: ""\000\000\000\000\000\000\000\000\000\000\000\000\000\000\000\000\000\000\000\000\000\000\000\000\000\000\000\000\000\000\000\000""; nodePubKey: ""\003\031\332\276_\315\363\210\315\246\030F\330\251\017g\263\037\257\332\007 \253\203\233\205\365\344\036\245\374\253\323""; closeTime: 803891980; signature: ""0E\002!\000\303E.\001\342\035\330\005YF\204\376\312n\201\323\311K\023n _8\223\345fR\027\010I\347\364\002 \032`\356(\2739\032C\200\213\214\360\261*e\016fE\331\310\341\207\366\023\240\273\000\010\003'L\320""; previousledger: ""0\355\311\211\352@\036\313K1\024B\343N\323V\367s\355lu\324\374V\207\371F\260\325\345\213\261""; "
1750576781234,1750576781234,3472,1,1,4,TMProposeSet,"proposeSeq: 0; currentTxHash: ""\000\000\000\000\000\000\000\000\000\000\000\000\000\000\000\000\000\000\000\000\000\000\000\000\000\000\000\000\000\000\000\000""; nodePubKey: ""\003uv\3157M_,X\323\216\327\373A""\226\013\275\210\0079\020Q\007\035\231@s\266\345\000\272\252""; closeTime: 803891980; signature: ""0D\002 \004\311\360\3574(\303\022\351'p2\365\374>\237\306\244\303\033\036\256\2136\242\274\311\202\020|\2163\002 \030\364\213\361\214,\336Fl\3514\231\352$\025m'\r\240\304\265~\023\206O\234\323\027\333z\271O""; previousledger: ""0\355\311\211\352@\036\313K1\024B\343N\323V\367s\355lu\324\374V\207\371F\260\325\345\213\261""; ","proposeSeq: 0; currentTxHash: ""\000\000\000\000\000\000\000\000\000\000\000\000\000\000\000\000\000\000\000\000\000\000\000\000\000\000\000\000\000\000\000\000""; nodePubKey: ""\003uv\3157M_,X\323\216\327\373A""\226\013\275\210\0079\020Q\007\035\231@s\266\345\000\272\252""; closeTime: 803891980; signature: ""0D\002 \004\311\360\3574(\303\022\351'p2\365\374>\237\306\244\303\033\036\256\2136\242\274\311\202\020|\2163\002 \030\364\213\361\214,\336Fl\3514\231\352$\025m'\r\240\304\265~\023\206O\234\323\027\333z\271O""; previousledger: ""0\355\311\211\352@\036\313K1\024B\343N\323V\367s\355lu\324\374V\207\371F\260\325\345\213\261""; "
1750576781234,1750576781234,334,1,1,3,TMProposeSet,"proposeSeq: 0; currentTxHash: ""\000\000\000\000\000\000\000\000\000\000\000\000\000\000\000\000\000\000\000\000\000\000\000\000\000\000\000\000\000\000\000\000""; nodePubKey: ""\003uv\3157M_,X\323\216\327\373A""\226\013\275\210\0079\020Q\007\035\231@s\266\345\000\272\252""; closeTime: 803891980; signature: ""0D\002 \004\311\360\3574(\303\022\351'p2\365\374>\237\306\244\303\033\036\256\2136\242\274\311\202\020|\2163\002 \030\364\213\361\214,\336Fl\3514\231\352$\025m'\r\240\304\265~\023\206O\234\323\027\333z\271O""; previousledger: ""0\355\311\211\352@\036\313K1\024B\343N\323V\367s\355lu\324\374V\207\371F\260\325\345\213\261""; ","proposeSeq: 0; currentTxHash: ""\000\000\000\000\000\000\000\000\000\000\000\000\000\000\000\000\000\000\000\000\000\000\000\000\000\000\000\000\000\000\000\000""; nodePubKey: ""\003uv\3157M_,X\323\216\327\373A""\226\013\275\210\0079\020Q\007\035\231@s\266\345\000\272\252""; closeTime: 803891980; signature: ""0D\002 \004\311\360\3574(\303\022\351'p2\365\374>\237\306\244\303\033\036\256\2136\242\274\311\202\020|\2163\002 \030\364\213\361\214,\336Fl\3514\231\352$\025m'\r\240\304\265~\023\206O\234\323\027\333z\271O""; previousledger: ""0\355\311\211\352@\036\313K1\024B\343N\323V\367s\355lu\324\374V\207\371F\260\325\345\213\261""; "
1750576781234,1750576781234,2300,1,1,2,TMProposeSet,"proposeSeq: 0; currentTxHash: ""\000\000\000\000\000\000\000\000\000\000\000\000\000\000\000\000\000\000\000\000\000\000\000\000\000\000\000\000\000\000\000\000""; nodePubKey: ""\003uv\3157M_,X\323\216\327\373A""\226\013\275\210\0079\020Q\007\035\231@s\266\345\000\272\252""; closeTime: 803891980; signature: ""0D\002 \004\311\360\3574(\303\022\351'p2\365\374>\237\306\244\303\033\036\256\2136\242\274\311\202\020|\2163\002 \030\364\213\361\214,\336Fl\3514\231\352$\025m'\r\240\304\265~\023\206O\234\323\027\333z\271O""; previousledger: ""0\355\311\211\352@\036\313K1\024B\343N\323V\367s\355lu\324\374V\207\371F\260\325\345\213\261""; ","proposeSeq: 0; currentTxHash: ""\000\000\000\000\000\000\000\000\000\000\000\000\000\000\000\000\000\000\000\000\000\000\000\000\000\000\000\000\000\000\000\000""; nodePubKey: ""\003uv\3157M_,X\323\216\327\373A""\226\013\275\210\0079\020Q\007\035\231@s\266\345\000\272\252""; closeTime: 803891980; signature: ""0D\002 \004\311\360\3574(\303\022\351'p2\365\374>\237\306\244\303\033\036\256\2136\242\274\311\202\020|\2163\002 \030\364\213\361\214,\336Fl\3514\231\352$\025m'\r\240\304\265~\023\206O\234\323\027\333z\271O""; previousledger: ""0\355\311\211\352@\036\313K1\024B\343N\323V\367s\355lu\324\374V\207\371F\260\325\345\213\261""; "
1750576781279,1750576781279,400,1,0,4,TMProposeSet,"proposeSeq: 0; currentTxHash: ""\000\000\000\000\000\000\000\000\000\000\000\000\000\000\000\000\000\000\000\000\000\000\000\000\000\000\000\000\000\000\000\000""; nodePubKey: ""\002\246\346\346\007\2326A*\334\272\022\321\346\247[\222\030\343\261w\244R\r\357}\243\273\253\020\375b6""; closeTime: 803891980; signature: ""0E\002!\000\351cU\235.\305\254\305diPU\317\377>w\343\334\005@rQU(\235\303\326\177\313\340\2419\002 =\217B\021\307[\333\020\331*S\232\263=\256\002'\272r\031\232\257\360\323\253C\326\217\363B=\246""; previousledger: ""0\355\311\211\352@\036\313K1\024B\343N\323V\367s\355lu\324\374V\207\371F\260\325\345\213\261""; ","proposeSeq: 0; currentTxHash: ""\000\000\000\000\000\000\000\000\000\000\000\000\000\000\000\000\000\000\000\000\000\000\000\000\000\000\000\000\000\000\000\000""; nodePubKey: ""\002\246\346\346\007\2326A*\334\272\022\321\346\247[\222\030\343\261w\244R\r\357}\243\273\253\020\375b6""; closeTime: 803891980; signature: ""0E\002!\000\351cU\235.\305\254\305diPU\317\377>w\343\334\005@rQU(\235\303\326\177\313\340\2419\002 =\217B\021\307[\333\020\331*S\232\263=\256\002'\272r\031\232\257\360\323\253C\326\217\363B=\246""; previousledger: ""0\355\311\211\352@\036\313K1\024B\343N\323V\367s\355lu\324\374V\207\371F\260\325\345\213\261""; "
1750576781280,1750576781280,465,1,0,1,TMProposeSet,"proposeSeq: 0; currentTxHash: ""\000\000\000\000\000\000\000\000\000\000\000\000\000\000\000\000\000\000\000\000\000\000\000\000\000\000\000\000\000\000\000\000""; nodePubKey: ""\002\246\346\346\007\2326A*\334\272\022\321\346\247[\222\030\343\261w\244R\r\357}\243\273\253\020\375b6""; closeTime: 803891980; signature: ""0E\002!\000\351cU\235.\305\254\305diPU\317\377>w\343\334\005@rQU(\235\303\326\177\313\340\2419\002 =\217B\021\307[\333\020\331*S\232\263=\256\002'\272r\031\232\257\360\323\253C\326\217\363B=\246""; previousledger: ""0\355\311\211\352@\036\313K1\024B\343N\323V\367s\355lu\324\374V\207\371F\260\325\345\213\261""; ","proposeSeq: 0; currentTxHash: ""\000\000\000\000\000\000\000\000\000\000\000\000\000\000\000\000\000\000\000\000\000\000\000\000\000\000\000\000\000\000\000\000""; nodePubKey: ""\002\246\346\346\007\2326A*\334\272\022\321\346\247[\222\030\343\261w\244R\r\357}\243\273\253\020\375b6""; closeTime: 803891980; signature: ""0E\002!\000\351cU\235.\305\254\305diPU\317\377>w\343\334\005@rQU(\235\303\326\177\313\340\2419\002 =\217B\021\307[\333\020\331*S\232\263=\256\002'\272r\031\232\257\360\323\253C\326\217\363B=\246""; previousledger: ""0\355\311\211\352@\036\313K1\024B\343N\323V\367s\355lu\324\374V\207\371F\260\325\345\213\261""; "
1750576781279,1750576781279,3625,1,0,2,TMProposeSet,"proposeSeq: 0; currentTxHash: ""\000\000\000\000\000\000\000\000\000\000\000\000\000\000\000\000\000\000\000\000\000\000\000\000\000\000\000\000\000\000\000\000""; nodePubKey: ""\002\246\346\346\007\2326A*\334\272\022\321\346\247[\222\030\343\261w\244R\r\357}\243\273\253\020\375b6""; closeTime: 803891980; signature: ""0E\002!\000\351cU\235.\305\254\305diPU\317\377>w\343\334\005@rQU(\235\303\326\177\313\340\2419\002 =\217B\021\307[\333\020\331*S\232\263=\256\002'\272r\031\232\257\360\323\253C\326\217\363B=\246""; previousledger: ""0\355\311\211\352@\036\313K1\024B\343N\323V\367s\355lu\324\374V\207\371F\260\325\345\213\261""; ","proposeSeq: 0; currentTxHash: ""\000\000\000\000\000\000\000\000\000\000\000\000\000\000\000\000\000\000\000\000\000\000\000\000\000\000\000\000\000\000\000\000""; nodePubKey: ""\002\246\346\346\007\2326A*\334\272\022\321\346\247[\222\030\343\261w\244R\r\357}\243\273\253\020\375b6""; closeTime: 803891980; signature: ""0E\002!\000\351cU\235.\305\254\305diPU\317\377>w\343\334\005@rQU(\235\303\326\177\313\340\2419\002 =\217B\021\307[\333\020\331*S\232\263=\256\002'\272r\031\232\257\360\323\253C\326\217\363B=\246""; previousledger: ""0\355\311\211\352@\036\313K1\024B\343N\323V\367s\355lu\324\374V\207\371F\260\325\345\213\261""; "
1750576781286,1750576781286,465,1,0,1,TMProposeSet,"proposeSeq: 0; currentTxHash: ""\000\000\000\000\000\000\000\000\000\000\000\000\000\000\000\000\000\000\000\000\000\000\000\000\000\000\000\000\000\000\000\000""; nodePubKey: ""\002i\265d-H\225\336\350\317n\272\016O\317\257\273\327\352\371\231\250\230(\240\353\331\024\207\241\020\304!""; closeTime: 803891980; signature: ""0E\002!\000\320_R.\027?65\355n\257\273\372\231\270$g\314\232\203\037:\013""\207\255'\314\206\217y\032\002 j\351\320M\213\252\320\306o2\320'\377q\3515\3058\207eX\257\241\357\023;-H\343\344\322\033""; previousledger: ""0\355\311\211\352@\036\313K1\024B\343N\323V\367s\355lu\324\374V\207\371F\260\325\345\213\261""; ","proposeSeq: 0; currentTxHash: ""\000\000\000\000\000\000\000\000\000\000\000\000\000\000\000\000\000\000\000\000\000\000\000\000\000\000\000\000\000\000\000\000""; nodePubKey: ""\002i\265d-H\225\336\350\317n\272\016O\317\257\273\327\352\371\231\250\230(\240\353\331\024\207\241\020\304!""; closeTime: 803891980; signature: ""0E\002!\000\320_R.\027?65\355n\257\273\372\231\270$g\314\232\203\037:\013""\207\255'\314\206\217y\032\002 j\351\320M\213\252\320\306o2\320'\377q\3515\3058\207eX\257\241\357\023;-H\343\344\322\033""; previousledger: ""0\355\311\211\352@\036\313K1\024B\343N\323V\367s\355lu\324\374V\207\371F\260\325\345\213\261""; "
1750576781287,1750576781287,3625,1,0,2,TMProposeSet,"proposeSeq: 0; currentTxHash: ""\000\000\000\000\000\000\000\000\000\000\000\000\000\000\000\000\000\000\000\000\000\000\000\000\000\000\000\000\000\000\000\000""; nodePubKey: ""\002i\265d-H\225\336\350\317n\272\016O\317\257\273\327\352\371\231\250\230(\240\353\331\024\207\241\020\304!""; closeTime: 803891980; signature: ""0E\002!\000\320_R.\027?65\355n\257\273\372\231\270$g\314\232\203\037:\013""\207\255'\314\206\217y\032\002 j\351\320M\213\252\320\306o2\320'\377q\3515\3058\207eX\257\241\357\023;-H\343\344\322\033""; previousledger: ""0\355\311\211\352@\036\313K1\024B\343N\323V\367s\355lu\324\374V\207\371F\260\325\345\213\261""; ","proposeSeq: 0; currentTxHash: ""\000\000\000\000\000\000\000\000\000\000\000\000\000\000\000\000\000\000\000\000\000\000\000\000\000\000\000\000\000\000\000\000""; nodePubKey: ""\002i\265d-H\225\336\350\317n\272\016O\317\257\273\327\352\371\231\250\230(\240\353\331\024\207\241\020\304!""; closeTime: 803891980; signature: ""0E\002!\000\320_R.\027?65\355n\257\273\372\231\270$g\314\232\203\037:\013""\207\255'\314\206\217y\032\002 j\351\320M\213\252\320\306o2\320'\377q\3515\3058\207eX\257\241\357\023;-H\343\344\322\033""; previousledger: ""0\355\311\211\352@\036\313K1\024B\343N\323V\367s\355lu\324\374V\207\371F\260\325\345\213\261""; "
1750576781288,1750576781288,3385,1,0,3,TMProposeSet,"proposeSeq: 0; currentTxHash: ""\000\000\000\000\000\000\000\000\000\000\000\000\000\000\000\000\000\000\000\000\000\000\000\000\000\000\000\000\000\000\000\000""; nodePubKey: ""\002i\265d-H\225\336\350\317n\272\016O\317\257\273\327\352\371\231\250\230(\240\353\331\024\207\241\020\304!""; closeTime: 803891980; signature: ""0E\002!\000\320_R.\027?65\355n\257\273\372\231\270$g\314\232\203\037:\013""\207\255'\314\206\217y\032\002 j\351\320M\213\252\320\306o2\320'\377q\3515\3058\207eX\257\241\357\023;-H\343\344\322\033""; previousledger: ""0\355\311\211\352@\036\313K1\024B\343N\323V\367s\355lu\324\374V\207\371F\260\325\345\213\261""; ","proposeSeq: 0; currentTxHash: ""\000\000\000\000\000\000\000\000\000\000\000\000\000\000\000\000\000\000\000\000\000\000\000\000\000\000\000\000\000\000\000\000""; nodePubKey: ""\002i\265d-H\225\336\350\317n\272\016O\317\257\273\327\352\371\231\250\230(\240\353\331\024\207\241\020\304!""; closeTime: 803891980; signature: ""0E\002!\000\320_R.\027?65\355n\257\273\372\231\270$g\314\232\203\037:\013""\207\255'\314\206\217y\032\002 j\351\320M\213\252\320\306o2\320'\377q\3515\3058\207eX\257\241\357\023;-H\343\344\322\033""; previousledger: ""0\355\311\211\352@\036\313K1\024B\343N\323V\367s\355lu\324\374V\207\371F\260\325\345\213\261""; "
1750576781316,1750576781316,465,1,0,1,TMProposeSet,"proposeSeq: 0; currentTxHash: ""\000\000\000\000\000\000\000\000\000\000\000\000\000\000\000\000\000\000\000\000\000\000\000\000\000\000\000\000\000\000\000\000""; nodePubKey: ""\003\031\332\276_\315\363\210\315\246\030F\330\251\017g\263\037\257\332\007 \253\203\233\205\365\344\036\245\374\253\323""; closeTime: 803891980; signature: ""0E\002!\000\303E.\001\342\035\330\005YF\204\376\312n\201\323\311K\023n _8\223\345fR\027\010I\347\364\002 \032`\356(\2739\032C\200\213\214\360\261*e\016fE\331\310\341\207\366\023\240\273\000\010\003'L\320""; previousledger: ""0\355\311\211\352@\036\313K1\024B\343N\323V\367s\355lu\324\374V\207\371F\260\325\345\213\261""; ","proposeSeq: 0; currentTxHash: ""\000\000\000\000\000\000\000\000\000\000\000\000\000\000\000\000\000\000\000\000\000\000\000\000\000\000\000\000\000\000\000\000""; nodePubKey: ""\003\031\332\276_\315\363\210\315\246\030F\330\251\017g\263\037\257\332\007 \253\203\233\205\365\344\036\245\374\253\323""; closeTime: 803891980; signature: ""0E\002!\000\303E.\001\342\035\330\005YF\204\376\312n\201\323\311K\023n _8\223\345fR\027\010I\347\364\002 \032`\356(\2739\032C\200\213\214\360\261*e\016fE\331\310\341\207\366\023\240\273\000\010\003'L\320""; previousledger: ""0\355\311\211\352@\036\313K1\024B\343N\323V\367s\355lu\324\374V\207\371F\260\325\345\213\261""; "
1750576781316,1750576781316,3625,1,0,2,TMProposeSet,"proposeSeq: 0; currentTxHash: ""\000\000\000\000\000\000\000\000\000\000\000\000\000\000\000\000\000\000\000\000\000\000\000\000\000\000\000\000\000\000\000\000""; nodePubKey: ""\003\031\332\276_\315\363\210\315\246\030F\330\251\017g\263\037\257\332\007 \253\203\233\205\365\344\036\245\374\253\323""; closeTime: 803891980; signature: ""0E\002!\000\303E.\001\342\035\330\005YF\204\376\312n\201\323\311K\023n _8\223\345fR\027\010I\347\364\002 \032`\356(\2739\032C\200\213\214\360\261*e\016fE\331\310\341\207\366\023\240\273\000\010\003'L\320""; previousledger: ""0\355\311\211\352@\036\313K1\024B\343N\323V\367s\355lu\324\374V\207\371F\260\325\345\213\261""; ","proposeSeq: 0; currentTxHash: ""\000\000\000\000\000\000\000\000\000\000\000\000\000\000\000\000\000\000\000\000\000\000\000\000\000\000\000\000\000\000\000\000""; nodePubKey: ""\003\031\332\276_\315\363\210\315\246\030F\330\251\017g\263\037\257\332\007 \253\203\233\205\365\344\036\245\374\253\323""; closeTime: 803891980; signature: ""0E\002!\000\303E.\001\342\035\330\005YF\204\376\312n\201\323\311K\023n _8\223\345fR\027\010I\347\364\002 \032`\356(\2739\032C\200\213\214\360\261*e\016fE\331\310\341\207\366\023\240\273\000\010\003'L\320""; previousledger: ""0\355\311\211\352@\036\313K1\024B\343N\323V\367s\355lu\324\374V\207\371F\260\325\345\213\261""; "
1750576781316,1750576781316,400,1,0,4,TMProposeSet,"proposeSeq: 0; currentTxHash: ""\000\000\000\000\000\000\000\000\000\000\000\000\000\000\000\000\000\000\000\000\000\000\000\000\000\000\000\000\000\000\000\000""; nodePubKey: ""\003\031\332\276_\315\363\210\315\246\030F\330\251\017g\263\037\257\332\007 \253\203\233\205\365\344\036\245\374\253\323""; closeTime: 803891980; signature: ""0E\002!\000\303E.\001\342\035\330\005YF\204\376\312n\201\323\311K\023n _8\223\345fR\027\010I\347\364\002 \032`\356(\2739\032C\200\213\214\360\261*e\016fE\331\310\341\207\366\023\240\273\000\010\003'L\320""; previousledger: ""0\355\311\211\352@\036\313K1\024B\343N\323V\367s\355lu\324\374V\207\371F\260\325\345\213\261""; ","proposeSeq: 0; currentTxHash: ""\000\000\000\000\000\000\000\000\000\000\000\000\000\000\000\000\000\000\000\000\000\000\000\000\000\000\000\000\000\000\000\000""; nodePubKey: ""\003\031\332\276_\315\363\210\315\246\030F\330\251\017g\263\037\257\332\007 \253\203\233\205\365\344\036\245\374\253\323""; closeTime: 803891980; signature: ""0E\002!\000\303E.\001\342\035\330\005YF\204\376\312n\201\323\311K\023n _8\223\345fR\027\010I\347\364\002 \032`\356(\2739\032C\200\213\214\360\261*e\016fE\331\310\341\207\366\023\240\273\000\010\003'L\320""; previousledger: ""0\355\311\211\352@\036\313K1\024B\343N\323V\367s\355lu\324\374V\207\371F\260\325\345\213\261""; "
1750576781702,1750576781702,2300,1,1,2,TMProposeSet,"proposeSeq: 0; currentTxHash: ""\000\000\000\000\000\000\000\000\000\000\000\000\000\000\000\000\000\000\000\000\000\000\000\000\000\000\000\000\000\000\000\000""; nodePubKey: ""\002i\265d-H\225\336\350\317n\272\016O\317\257\273\327\352\371\231\250\230(\240\353\331\024\207\241\020\304!""; closeTime: 803891980; signature: ""0E\002!\000\320_R.\027?65\355n\257\273\372\231\270$g\314\232\203\037:\013""\207\255'\314\206\217y\032\002 j\351\320M\213\252\320\306o2\320'\377q\3515\3058\207eX\257\241\357\023;-H\343\344\322\033""; previousledger: ""0\355\311\211\352@\036\313K1\024B\343N\323V\367s\355lu\324\374V\207\371F\260\325\345\213\261""; ","proposeSeq: 0; currentTxHash: ""\000\000\000\000\000\000\000\000\000\000\000\000\000\000\000\000\000\000\000\000\000\000\000\000\000\000\000\000\000\000\000\000""; nodePubKey: ""\002i\265d-H\225\336\350\317n\272\016O\317\257\273\327\352\371\231\250\230(\240\353\331\024\207\241\020\304!""; closeTime: 803891980; signature: ""0E\002!\000\320_R.\027?65\355n\257\273\372\231\270$g\314\232\203\037:\013""\207\255'\314\206\217y\032\002 j\351\320M\213\252\320\306o2\320'\377q\3515\3058\207eX\257\241\357\023;-H\343\344\322\033""; previousledger: ""0\355\311\211\352@\036\313K1\024B\343N\323V\367s\355lu\324\374V\207\371F\260\325\345\213\261""; "
1750576781703,1750576781703,334,1,1,3,TMProposeSet,"proposeSeq: 0; currentTxHash: ""\000\000\000\000\000\000\000\000\000\000\000\000\000\000\000\000\000\000\000\000\000\000\000\000\000\000\000\000\000\000\000\000""; nodePubKey: ""\002i\265d-H\225\336\350\317n\272\016O\317\257\273\327\352\371\231\250\230(\240\353\331\024\207\241\020\304!""; closeTime: 803891980; signature: ""0E\002!\000\320_R.\027?65\355n\257\273\372\231\270$g\314\232\203\037:\013""\207\255'\314\206\217y\032\002 j\351\320M\213\252\320\306o2\320'\377q\3515\3058\207eX\257\241\357\023;-H\343\344\322\033""; previousledger: ""0\355\311\211\352@\036\313K1\024B\343N\323V\367s\355lu\324\374V\207\371F\260\325\345\213\261""; ","proposeSeq: 0; currentTxHash: ""\000\000\000\000\000\000\000\000\000\000\000\000\000\000\000\000\000\000\000\000\000\000\000\000\000\000\000\000\000\000\000\000""; nodePubKey: ""\002i\265d-H\225\336\350\317n\272\016O\317\257\273\327\352\371\231\250\230(\240\353\331\024\207\241\020\304!""; closeTime: 803891980; signature: ""0E\002!\000\320_R.\027?65\355n\257\273\372\231\270$g\314\232\203\037:\013""\207\255'\314\206\217y\032\002 j\351\320M\213\252\320\306o2\320'\377q\3515\3058\207eX\257\241\357\023;-H\343\344\322\033""; previousledger: ""0\355\311\211\352@\036\313K1\024B\343N\323V\367s\355lu\324\374V\207\371F\260\325\345\213\261""; "
1750576781703,1750576781704,2840,1,1,0,TMProposeSet,"proposeSeq: 0; currentTxHash: ""\000\000\000\000\000\000\000\000\000\000\000\000\000\000\000\000\000\000\000\000\000\000\000\000\000\000\000\000\000\000\000\000""; nodePubKey: ""\002i\265d-H\225\336\350\317n\272\016O\317\257\273\327\352\371\231\250\230(\240\353\331\024\207\241\020\304!""; closeTime: 803891980; signature: ""0E\002!\000\320_R.\027?65\355n\257\273\372\231\270$g\314\232\203\037:\013""\207\255'\314\206\217y\032\002 j\351\320M\213\252\320\306o2\320'\377q\3515\3058\207eX\257\241\357\023;-H\343\344\322\033""; previousledger: ""0\355\311\211\352@\036\313K1\024B\343N\323V\367s\355lu\324\374V\207\371F\260\325\345\213\261""; ","proposeSeq: 0; currentTxHash: ""\000\000\000\000\000\000\000\000\000\000\000\000\000\000\000\000\000\000\000\000\000\000\000\000\000\000\000\000\000\000\000\000""; nodePubKey: ""\002i\265d-H\225\336\350\317n\272\016O\317\257\273\327\352\371\231\250\230(\240\353\331\024\207\241\020\304!""; closeTime: 803891980; signature: ""0E\002!\000\320_R.\027?65\355n\257\273\372\231\270$g\314\232\203\037:\013""\207\255'\314\206\217y\032\002 j\351\320M\213\252\320\306o2\320'\377q\3515\3058\207eX\257\241\357\023;-H\343\344\322\033""; previousledger: ""0\355\311\211\352@\036\313K1\024B\343N\323V\367s\355lu\324\374V\207\371F\260\325\345\213\261""; "
1750576781719,1750576781719,3125,1,4,3,TMProposeSet,"proposeSeq: 0; currentTxHash: ""\000\000\000\000\000\000\000\000\000\000\000\000\000\000\000\000\000\000\000\000\000\000\000\000\000\000\000\000\000\000\000\000""; nodePubKey: ""\003\031\332\276_\315\363\210\315\246\030F\330\251\017g\263\037\257\332\007 \253\203\233\205\365\344\036\245\374\253\323""; closeTime: 803891980; signature: ""0E\002!\000\303E.\001\342\035\330\005YF\204\376\312n\201\323\311K\023n _8\223\345fR\027\010I\347\364\002 \032`\356(\2739\032C\200\213\214\360\261*e\016fE\331\310\341\207\366\023\240\273\000\010\003'L\320""; previousledger: ""0\355\311\211\352@\036\313K1\024B\343N\323V\367s\355lu\324\374V\207\371F\260\325\345\213\261""; ","proposeSeq: 0; currentTxHash: ""\000\000\000\000\000\000\000\000\000\000\000\000\000\000\000\000\000\000\000\000\000\000\000\000\000\000\000\000\000\000\000\000""; nodePubKey: ""\003\031\332\276_\315\363\210\315\246\030F\330\251\017g\263\037\257\332\007 \253\203\233\205\365\344\036\245\374\253\323""; closeTime: 803891980; signature: ""0E\002!\000\303E.\001\342\035\330\005YF\204\376\312n\201\323\311K\023n _8\223\345fR\027\010I\347\364\002 \032`\356(\2739\032C\200\213\214\360\261*e\016fE\331\310\341\207\366\023\240\273\000\010\003'L\320""; previousledger: ""0\355\311\211\352@\036\313K1\024B\343N\323V\367s\355lu\324\374V\207\371F\260\325\345\213\261""; "
1750576781719,1750576781719,1256,1,4,1,TMProposeSet,"proposeSeq: 0; currentTxHash: ""\000\000\000\000\000\000\000\000\000\000\000\000\000\000\000\000\000\000\000\000\000\000\000\000\000\000\000\000\000\000\000\000""; nodePubKey: ""\003\031\332\276_\315\363\210\315\246\030F\330\251\017g\263\037\257\332\007 \253\203\233\205\365\344\036\245\374\253\323""; closeTime: 803891980; signature: ""0E\002!\000\303E.\001\342\035\330\005YF\204\376\312n\201\323\311K\023n _8\223\345fR\027\010I\347\364\002 \032`\356(\2739\032C\200\213\214\360\261*e\016fE\331\310\341\207\366\023\240\273\000\010\003'L\320""; previousledger: ""0\355\311\211\352@\036\313K1\024B\343N\323V\367s\355lu\324\374V\207\371F\260\325\345\213\261""; ","proposeSeq: 0; currentTxHash: ""\000\000\000\000\000\000\000\000\000\000\000\000\000\000\000\000\000\000\000\000\000\000\000\000\000\000\000\000\000\000\000\000""; nodePubKey: ""\003\031\332\276_\315\363\210\315\246\030F\330\251\017g\263\037\257\332\007 \253\203\233\205\365\344\036\245\374\253\323""; closeTime: 803891980; signature: ""0E\002!\000\303E.\001\342\035\330\005YF\204\376\312n\201\323\311K\023n _8\223\345fR\027\010I\347\364\002 \032`\356(\2739\032C\200\213\214\360\261*e\016fE\331\310\341\207\366\023\240\273\000\010\003'L\320""; previousledger: ""0\355\311\211\352@\036\313K1\024B\343N\323V\367s\355lu\324\374V\207\371F\260\325\345\213\261""; "
1750576781720,1750576781720,2284,1,4,2,TMProposeSet,"proposeSeq: 0; currentTxHash: ""\000\000\000\000\000\000\000\000\000\000\000\000\000\000\000\000\000\000\000\000\000\000\000\000\000\000\000\000\000\000\000\000""; nodePubKey: ""\003\031\332\276_\315\363\210\315\246\030F\330\251\017g\263\037\257\332\007 \253\203\233\205\365\344\036\245\374\253\323""; closeTime: 803891980; signature: ""0E\002!\000\303E.\001\342\035\330\005YF\204\376\312n\201\323\311K\023n _8\223\345fR\027\010I\347\364\002 \032`\356(\2739\032C\200\213\214\360\261*e\016fE\331\310\341\207\366\023\240\273\000\010\003'L\320""; previousledger: ""0\355\311\211\352@\036\313K1\024B\343N\323V\367s\355lu\324\374V\207\371F\260\325\345\213\261""; ","proposeSeq: 0; currentTxHash: ""\000\000\000\000\000\000\000\000\000\000\000\000\000\000\000\000\000\000\000\000\000\000\000\000\000\000\000\000\000\000\000\000""; nodePubKey: ""\003\031\332\276_\315\363\210\315\246\030F\330\251\017g\263\037\257\332\007 \253\203\233\205\365\344\036\245\374\253\323""; closeTime: 803891980; signature: ""0E\002!\000\303E.\001\342\035\330\005YF\204\376\312n\201\323\311K\023n _8\223\345fR\027\010I\347\364\002 \032`\356(\2739\032C\200\213\214\360\261*e\016fE\331\310\341\207\366\023\240\273\000\010\003'L\320""; previousledger: ""0\355\311\211\352@\036\313K1\024B\343N\323V\367s\355lu\324\374V\207\371F\260\325\345\213\261""; "
1750576781746,1750576781746,3472,1,1,4,TMProposeSet,"proposeSeq: 0; currentTxHash: ""\000\000\000\000\000\000\000\000\000\000\000\000\000\000\000\000\000\000\000\000\000\000\000\000\000\000\000\000\000\000\000\000""; nodePubKey: ""\002\246\346\346\007\2326A*\334\272\022\321\346\247[\222\030\343\261w\244R\r\357}\243\273\253\020\375b6""; closeTime: 803891980; signature: ""0E\002!\000\351cU\235.\305\254\305diPU\317\377>w\343\334\005@rQU(\235\303\326\177\313\340\2419\002 =\217B\021\307[\333\020\331*S\232\263=\256\002'\272r\031\232\257\360\323\253C\326\217\363B=\246""; previousledger: ""0\355\311\211\352@\036\313K1\024B\343N\323V\367s\355lu\324\374V\207\371F\260\325\345\213\261""; ","proposeSeq: 0; currentTxHash: ""\000\000\000\000\000\000\000\000\000\000\000\000\000\000\000\000\000\000\000\000\000\000\000\000\000\000\000\000\000\000\000\000""; nodePubKey: ""\002\246\346\346\007\2326A*\334\272\022\321\346\247[\222\030\343\261w\244R\r\357}\243\273\253\020\375b6""; closeTime: 803891980; signature: ""0E\002!\000\351cU\235.\305\254\305diPU\317\377>w\343\334\005@rQU(\235\303\326\177\313\340\2419\002 =\217B\021\307[\333\020\331*S\232\263=\256\002'\272r\031\232\257\360\323\253C\326\217\363B=\246""; previousledger: ""0\355\311\211\352@\036\313K1\024B\343N\323V\367s\355lu\324\374V\207\371F\260\325\345\213\261""; "
1750576781747,1750576781747,334,1,1,3,TMProposeSet,"proposeSeq: 0; currentTxHash: ""\000\000\000\000\000\000\000\000\000\000\000\000\000\000\000\000\000\000\000\000\000\000\000\000\000\000\000\000\000\000\000\000""; nodePubKey: ""\002\246\346\346\007\2326A*\334\272\022\321\346\247[\222\030\343\261w\244R\r\357}\243\273\253\020\375b6""; closeTime: 803891980; signature: ""0E\002!\000\351cU\235.\305\254\305diPU\317\377>w\343\334\005@rQU(\235\303\326\177\313\340\2419\002 =\217B\021\307[\333\020\331*S\232\263=\256\002'\272r\031\232\257\360\323\253C\326\217\363B=\246""; previousledger: ""0\355\311\211\352@\036\313K1\024B\343N\323V\367s\355lu\324\374V\207\371F\260\325\345\213\261""; ","proposeSeq: 0; currentTxHash: ""\000\000\000\000\000\000\000\000\000\000\000\000\000\000\000\000\000\000\000\000\000\000\000\000\000\000\000\000\000\000\000\000""; nodePubKey: ""\002\246\346\346\007\2326A*\334\272\022\321\346\247[\222\030\343\261w\244R\r\357}\243\273\253\020\375b6""; closeTime: 803891980; signature: ""0E\002!\000\351cU\235.\305\254\305diPU\317\377>w\343\334\005@rQU(\235\303\326\177\313\340\2419\002 =\217B\021\307[\333\020\331*S\232\263=\256\002'\272r\031\232\257\360\323\253C\326\217\363B=\246""; previousledger: ""0\355\311\211\352@\036\313K1\024B\343N\323V\367s\355lu\324\374V\207\371F\260\325\345\213\261""; "
1750576781747,1750576781747,2300,1,1,2,TMProposeSet,"proposeSeq: 0; currentTxHash: ""\000\000\000\000\000\000\000\000\000\000\000\000\000\000\000\000\000\000\000\000\000\000\000\000\000\000\000\000\000\000\000\000""; nodePubKey: ""\002\246\346\346\007\2326A*\334\272\022\321\346\247[\222\030\343\261w\244R\r\357}\243\273\253\020\375b6""; closeTime: 803891980; signature: ""0E\002!\000\351cU\235.\305\254\305diPU\317\377>w\343\334\005@rQU(\235\303\326\177\313\340\2419\002 =\217B\021\307[\333\020\331*S\232\263=\256\002'\272r\031\232\257\360\323\253C\326\217\363B=\246""; previousledger: ""0\355\311\211\352@\036\313K1\024B\343N\323V\367s\355lu\324\374V\207\371F\260\325\345\213\261""; ","proposeSeq: 0; currentTxHash: ""\000\000\000\000\000\000\000\000\000\000\000\000\000\000\000\000\000\000\000\000\000\000\000\000\000\000\000\000\000\000\000\000""; nodePubKey: ""\002\246\346\346\007\2326A*\334\272\022\321\346\247[\222\030\343\261w\244R\r\357}\243\273\253\020\375b6""; closeTime: 803891980; signature: ""0E\002!\000\351cU\235.\305\254\305diPU\317\377>w\343\334\005@rQU(\235\303\326\177\313\340\2419\002 =\217B\021\307[\333\020\331*S\232\263=\256\002'\272r\031\232\257\360\323\253C\326\217\363B=\246""; previousledger: ""0\355\311\211\352@\036\313K1\024B\343N\323V\367s\355lu\324\374V\207\371F\260\325\345\213\261""; "
1750576782121,1750576782121,3672,1,3,4,TMProposeSet,"proposeSeq: 0; currentTxHash: ""\000\000\000\000\000\000\000\000\000\000\000\000\000\000\000\000\000\000\000\000\000\000\000\000\000\000\000\000\000\000\000\000""; nodePubKey: ""\002i\265d-H\225\336\350\317n\272\016O\317\257\273\327\352\371\231\250\230(\240\353\331\024\207\241\020\304!""; closeTime: 803891980; signature: ""0E\002!\000\320_R.\027?65\355n\257\273\372\231\270$g\314\232\203\037:\013""\207\255'\314\206\217y\032\002 j\351\320M\213\252\320\306o2\320'\377q\3515\3058\207eX\257\241\357\023;-H\343\344\322\033""; previousledger: ""0\355\311\211\352@\036\313K1\024B\343N\323V\367s\355lu\324\374V\207\371F\260\325\345\213\261""; ","proposeSeq: 0; currentTxHash: ""\000\000\000\000\000\000\000\000\000\000\000\000\000\000\000\000\000\000\000\000\000\000\000\000\000\000\000\000\000\000\000\000""; nodePubKey: ""\002i\265d-H\225\336\350\317n\272\016O\317\257\273\327\352\371\231\250\230(\240\353\331\024\207\241\020\304!""; closeTime: 803891980; signature: ""0E\002!\000\320_R.\027?65\355n\257\273\372\231\270$g\314\232\203\037:\013""\207\255'\314\206\217y\032\002 j\351\320M\213\252\320\306o2\320'\377q\3515\3058\207eX\257\241\357\023;-H\343\344\322\033""; previousledger: ""0\355\311\211\352@\036\313K1\024B\343N\323V\367s\355lu\324\374V\207\371F\260\325\345\213\261""; "
1750576782131,1750576782131,3303,1,3,2,TMProposeSet,"proposeSeq: 0; currentTxHash: ""\000\000\000\000\000\000\000\000\000\000\000\000\000\000\000\000\000\000\000\000\000\000\000\000\000\000\000\000\000\000\000\000""; nodePubKey: ""\002i\265d-H\225\336\350\317n\272\016O\317\257\273\327\352\371\231\250\230(\240\353\331\024\207\241\020\304!""; closeTime: 803891980; signature: ""0E\002!\000\320_R.\027?65\355n\257\273\372\231\270$g\314\232\203\037:\013""\207\255'\314\206\217y\032\002 j\351\320M\213\252\320\306o2\320'\377q\3515\3058\207eX\257\241\357\023;-H\343\344\322\033""; previousledger: ""0\355\311\211\352@\036\313K1\024B\343N\323V\367s\355lu\324\374V\207\371F\260\325\345\213\261""; ","proposeSeq: 0; currentTxHash: ""\000\000\000\000\000\000\000\000\000\000\000\000\000\000\000\000\000\000\000\000\000\000\000\000\000\000\000\000\000\000\000\000""; nodePubKey: ""\002i\265d-H\225\336\350\317n\272\016O\317\257\273\327\352\371\231\250\230(\240\353\331\024\207\241\020\304!""; closeTime: 803891980; signature: ""0E\002!\000\320_R.\027?65\355n\257\273\372\231\270$g\314\232\203\037:\013""\207\255'\314\206\217y\032\002 j\351\320M\213\252\320\306o2\320'\377q\3515\3058\207eX\257\241\357\023;-H\343\344\322\033""; previousledger: ""0\355\311\211\352@\036\313K1\024B\343N\323V\367s\355lu\324\374V\207\371F\260\325\345\213\261""; "
1750576782131,1750576782131,105,1,3,0,TMProposeSet,"proposeSeq: 0; currentTxHash: ""\000\000\000\000\000\000\000\000\000\000\000\000\000\000\000\000\000\000\000\000\000\000\000\000\000\000\000\000\000\000\000\000""; nodePubKey: ""\002i\265d-H\225\336\350\317n\272\016O\317\257\273\327\352\371\231\250\230(\240\353\331\024\207\241\020\304!""; closeTime: 803891980; signature: ""0E\002!\000\320_R.\027?65\355n\257\273\372\231\270$g\314\232\203\037:\013""\207\255'\314\206\217y\032\002 j\351\320M\213\252\320\306o2\320'\377q\3515\3058\207eX\257\241\357\023;-H\343\344\322\033""; previousledger: ""0\355\311\211\352@\036\313K1\024B\343N\323V\367s\355lu\324\374V\207\371F\260\325\345\213\261""; ","proposeSeq: 0; currentTxHash: ""\000\000\000\000\000\000\000\000\000\000\000\000\000\000\000\000\000\000\000\000\000\000\000\000\000\000\000\000\000\000\000\000""; nodePubKey: ""\002i\265d-H\225\336\350\317n\272\016O\317\257\273\327\352\371\231\250\230(\240\353\331\024\207\241\020\304!""; closeTime: 803891980; signature: ""0E\002!\000\320_R.\027?65\355n\257\273\372\231\270$g\314\232\203\037:\013""\207\255'\314\206\217y\032\002 j\351\320M\213\252\320\306o2\320'\377q\3515\3058\207eX\257\241\357\023;-H\343\344\322\033""; previousledger: ""0\355\311\211\352@\036\313K1\024B\343N\323V\367s\355lu\324\374V\207\371F\260\325\345\213\261""; "
1750576782179,1750576782179,2019,1,0,4,TMValidation,"validation: """"\200\000\000\001&\000\000\000\003)/\352k\016:\030\016l\375\261lU\035Qt\361\032\213\221\243\004\006][\376s\340\253\234K}\\013\0362\202`\234\371~d\0310\204\264,P\027\000\000\000\000\000\000\000\000\000\000\000\000\000\000\000\000\000\000\000\000\000\000\000\000\000\000\000\000\000\000\000\000P\031-}\351f\032\255\274\334m\326c\017\014ao[\342\230\003\245\245\3341Hm\326^\017jy\335\261s!\002\005\363\0222\231\333G\357\305\020\014\241\033\231\261Z#\243\036\0267\020\210\265\022\240%\336\332\221\202\352vG0E\002!\000\220A\330\322/`\306\371b&L\231\366\337wx5.~*\232Su\375\0035'T\302\321\254/\002 N\337\n\243O\303dS\370y\343\342\331\267\230\211y2\211j\0242\366;A\244\345\305\025inN""; ","validation: """"\200\000\000\001&\000\000\000\003)/\352k\016:\030\016l\375\261lU\035Qt\361\032\213\221\243\004\006][\376s\340\253\234K}\\013\0362\202`\234\371~d\0310\204\264,P\027\000\000\000\000\000\000\000\000\000\000\000\000\000\000\000\000\000\000\000\000\000\000\000\000\000\000\000\000\000\000\000\000P\031-}\351f\032\255\274\334m\326c\017\014ao[\342\230\003\245\245\3341Hm\326^\017jy\335\261s!\002\005\363\0222\231\333G\357\305\020\014\241\033\231\261Z#\243\036\0267\020\210\265\022\240%\336\332\221\202\352vG0E\002!\000\220A\330\322/`\306\371b&L\231\366\337wx5.~*\232Su\375\0035'T\302\321\254/\002 N\337\n\243O\303dS\370y\343\342\331\267\230\211y2\211j\0242\366;A\244\345\305\025inN""; "
1750576782180,1750576782180,1560,1,0,3,TMStatusChange,"newEvent: neACCEPTED_LEDGER; ledgerSeq: 3; ledgerHash: ""t\361\032\213\221\243\004\006][\376s\340\253\234K}\\013\0362\202`\234\371~d\0310\204\264,""; ledgerHashPrevious: ""0\355\311\211\352@\036\313K1\024B\343N\323V\367s\355lu\324\374V\207\371F\260\325\345\213\261""; networkTime: 803891982; firstSeq: 1; lastSeq: 1; ","newEvent: neACCEPTED_LEDGER; ledgerSeq: 3; ledgerHash: ""t\361\032\213\221\243\004\006][\376s\340\253\234K}\\013\0362\202`\234\371~d\0310\204\264,""; ledgerHashPrevious: ""0\355\311\211\352@\036\313K1\024B\343N\323V\367s\355lu\324\374V\207\371F\260\325\345\213\261""; networkTime: 803891982; firstSeq: 1; lastSeq: 1; "
1750576782180,1750576782180,1191,1,0,4,TMStatusChange,"newEvent: neACCEPTED_LEDGER; ledgerSeq: 3; ledgerHash: ""t\361\032\213\221\243\004\006][\376s\340\253\234K}\\013\0362\202`\234\371~d\0310\204\264,""; ledgerHashPrevious: ""0\355\311\211\352@\036\313K1\024B\343N\323V\367s\355lu\324\374V\207\371F\260\325\345\213\261""; networkTime: 803891982; firstSeq: 1; lastSeq: 1; ","newEvent: neACCEPTED_LEDGER; ledgerSeq: 3; ledgerHash: ""t\361\032\213\221\243\004\006][\376s\340\253\234K}\\013\0362\202`\234\371~d\0310\204\264,""; ledgerHashPrevious: ""0\355\311\211\352@\036\313K1\024B\343N\323V\367s\355lu\324\374V\207\371F\260\325\345\213\261""; networkTime: 803891982; firstSeq: 1; lastSeq: 1; "
1750576782181,1750576782181,2952,1,0,1,TMStatusChange,"newEvent: neACCEPTED_LEDGER; ledgerSeq: 3; ledgerHash: ""t\361\032\213\221\243\004\006][\376s\340\253\234K}\\013\0362\202`\234\371~d\0310\204\264,""; ledgerHashPrevious: ""0\355\311\211\352@\036\313K1\024B\343N\323V\367s\355lu\324\374V\207\371F\260\325\345\213\261""; networkTime: 803891982; firstSeq: 1; lastSeq: 1; ","newEvent: neACCEPTED_LEDGER; ledgerSeq: 3; ledgerHash: ""t\361\032\213\221\243\004\006][\376s\340\253\234K}\\013\0362\202`\234\371~d\0310\204\264,""; ledgerHashPrevious: ""0\355\311\211\352@\036\313K1\024B\343N\323V\367s\355lu\324\374V\207\371F\260\325\345\213\261""; networkTime: 803891982; firstSeq: 1; lastSeq: 1; "
1750576782181,1750576782181,3783,1,0,2,TMValidation,"validation: """"\200\000\000\001&\000\000\000\003)/\352k\016:\030\016l\375\261lU\035Qt\361\032\213\221\243\004\006][\376s\340\253\234K}\\013\0362\202`\234\371~d\0310\204\264,P\027\000\000\000\000\000\000\000\000\000\000\000\000\000\000\000\000\000\000\000\000\000\000\000\000\000\000\000\000\000\000\000\000P\031-}\351f\032\255\274\334m\326c\017\014ao[\342\230\003\245\245\3341Hm\326^\017jy\335\261s!\002\005\363\0222\231\333G\357\305\020\014\241\033\231\261Z#\243\036\0267\020\210\265\022\240%\336\332\221\202\352vG0E\002!\000\220A\330\322/`\306\371b&L\231\366\337wx5.~*\232Su\375\0035'T\302\321\254/\002 N\337\n\243O\303dS\370y\343\342\331\267\230\211y2\211j\0242\366;A\244\345\305\025inN""; ","validation: """"\200\000\000\001&\000\000\000\003)/\352k\016:\030\016l\375\261lU\035Qt\361\032\213\221\243\004\006][\376s\340\253\234K}\\013\0362\202`\234\371~d\0310\204\264,P\027\000\000\000\000\000\000\000\000\000\000\000\000\000\000\000\000\000\000\000\000\000\000\000\000\000\000\000\000\000\000\000\000P\031-}\351f\032\255\274\334m\326c\017\014ao[\342\230\003\245\245\3341Hm\326^\017jy\335\261s!\002\005\363\0222\231\333G\357\305\020\014\241\033\231\261Z#\243\036\0267\020\210\265\022\240%\336\332\221\202\352vG0E\002!\000\220A\330\322/`\306\371b&L\231\366\337wx5.~*\232Su\375\0035'T\302\321\254/\002 N\337\n\243O\303dS\370y\343\342\331\267\230\211y2\211j\0242\366;A\244\345\305\025inN""; "
1750576782181,1750576782182,219,1,0,1,TMValidation,"validation: """"\200\000\000\001&\000\000\000\003)/\352k\016:\030\016l\375\261lU\035Qt\361\032\213\221\243\004\006][\376s\340\253\234K}\\013\0362\202`\234\371~d\0310\204\264,P\027\000\000\000\000\000\000\000\000\000\000\000\000\000\000\000\000\000\000\000\000\000\000\000\000\000\000\000\000\000\000\000\000P\031-}\351f\032\255\274\334m\326c\017\014ao[\342\230\003\245\245\3341Hm\326^\017jy\335\261s!\002\005\363\0222\231\333G\357\305\020\014\241\033\231\261Z#\243\036\0267\020\210\265\022\240%\336\332\221\202\352vG0E\002!\000\220A\330\322/`\306\371b&L\231\366\337wx5.~*\232Su\375\0035'T\302\321\254/\002 N\337\n\243O\303dS\370y\343\342\331\267\230\211y2\211j\0242\366;A\244\345\305\025inN""; ","validation: """"\200\000\000\001&\000\000\000\003)/\352k\016:\030\016l\375\261lU\035Qt\361\032\213\221\243\004\006][\376s\340\253\234K}\\013\0362\202`\234\371~d\0310\204\264,P\027\000\000\000\000\000\000\000\000\000\000\000\000\000\000\000\000\000\000\000\000\000\000\000\000\000\000\000\000\000\000\000\000P\031-}\351f\032\255\274\334m\326c\017\014ao[\342\230\003\245\245\3341Hm\326^\017jy\335\261s!\002\005\363\0222\231\333G\357\305\020\014\241\033\231\261Z#\243\036\0267\020\210\265\022\240%\336\332\221\202\352vG0E\002!\000\220A\330\322/`\306\371b&L\231\366\337wx5.~*\232Su\375\0035'T\302\321\254/\002 N\337\n\243O\303dS\370y\343\342\331\267\230\211y2\211j\0242\366;A\244\345\305\025inN""; "
1750576782182,1750576782182,3049,1,0,2,TMStatusChange,"newEvent: neACCEPTED_LEDGER; ledgerSeq: 3; ledgerHash: ""t\361\032\213\221\243\004\006][\376s\340\253\234K}\\013\0362\202`\234\371~d\0310\204\264,""; ledgerHashPrevious: ""0\355\311\211\352@\036\313K1\024B\343N\323V\367s\355lu\324\374V\207\371F\260\325\345\213\261""; networkTime: 803891982; firstSeq: 1; lastSeq: 1; ","newEvent: neACCEPTED_LEDGER; ledgerSeq: 3; ledgerHash: ""t\361\032\213\221\243\004\006][\376s\340\253\234K}\\013\0362\202`\234\371~d\0310\204\264,""; ledgerHashPrevious: ""0\355\311\211\352@\036\313K1\024B\343N\323V\367s\355lu\324\374V\207\371F\260\325\345\213\261""; networkTime: 803891982; firstSeq: 1; lastSeq: 1; "
1750576782222,1750576782222,3794,1,0,3,TMValidation,"validation: """"\200\000\000\001&\000\000\000\003)/\352k\016:\030\016l\375\261lU\035Qt\361\032\213\221\243\004\006][\376s\340\253\234K}\\013\0362\202`\234\371~d\0310\204\264,P\027\000\000\000\000\000\000\000\000\000\000\000\000\000\000\000\000\000\000\000\000\000\000\000\000\000\000\000\000\000\000\000\000P\031-}\351f\032\255\274\334m\326c\017\014ao[\342\230\003\245\245\3341Hm\326^\017jy\335\261s!\002\005\363\0222\231\333G\357\305\020\014\241\033\231\261Z#\243\036\0267\020\210\265\022\240%\336\332\221\202\352vG0E\002!\000\220A\330\322/`\306\371b&L\231\366\337wx5.~*\232Su\375\0035'T\302\321\254/\002 N\337\n\243O\303dS\370y\343\342\331\267\230\211y2\211j\0242\366;A\244\345\305\025inN""; ","validation: """"\200\000\000\001&\000\000\000\003)/\352k\016:\030\016l\375\261lU\035Qt\361\032\213\221\243\004\006][\376s\340\253\234K}\\013\0362\202`\234\371~d\0310\204\264,P\027\000\000\000\000\000\000\000\000\000\000\000\000\000\000\000\000\000\000\000\000\000\000\000\000\000\000\000\000\000\000\000\000P\031-}\351f\032\255\274\334m\326c\017\014ao[\342\230\003\245\245\3341Hm\326^\017jy\335\261s!\002\005\363\0222\231\333G\357\305\020\014\241\033\231\261Z#\243\036\0267\020\210\265\022\240%\336\332\221\202\352vG0E\002!\000\220A\330\322/`\306\371b&L\231\366\337wx5.~*\232Su\375\0035'T\302\321\254/\002 N\337\n\243O\303dS\370y\343\342\331\267\230\211y2\211j\0242\366;A\244\345\305\025inN""; "
1750576782401,1750576782402,643,1,1,3,TMGetLedger,"itype: liBASE; ledgerHash: ""t\361\032\213\221\243\004\006][\376s\340\253\234K}\\013\0362\202`\234\371~d\0310\204\264,""; ","itype: liBASE; ledgerHash: ""t\361\032\213\221\243\004\006][\376s\340\253\234K}\\013\0362\202`\234\371~d\0310\204\264,""; "
1750576782402,1750576782402,2156,1,1,3,TMValidation,"validation: """"\200\000\000\001&\000\000\000\003)/\352k\016:\030\016l\375\261lU\035Qt\361\032\213\221\243\004\006][\376s\340\253\234K}\\013\0362\202`\234\371~d\0310\204\264,P\027\000\000\000\000\000\000\000\000\000\000\000\000\000\000\000\000\000\000\000\000\000\000\000\000\000\000\000\000\000\000\000\000P\031-}\351f\032\255\274\334m\326c\017\014ao[\342\230\003\245\245\3341Hm\326^\017jy\335\261s!\002\005\363\0222\231\333G\357\305\020\014\241\033\231\261Z#\243\036\0267\020\210\265\022\240%\336\332\221\202\352vG0E\002!\000\220A\330\322/`\306\371b&L\231\366\337wx5.~*\232Su\375\0035'T\302\321\254/\002 N\337\n\243O\303dS\370y\343\342\331\267\230\211y2\211j\0242\366;A\244\345\305\025inN""; ","validation: """"\200\000\000\001&\000\000\000\003)/\352k\016:\030\016l\375\261lU\035Qt\361\032\213\221\243\004\006][\376s\340\253\234K}\\013\0362\202`\234\371~d\0310\204\264,P\027\000\000\000\000\000\000\000\000\000\000\000\000\000\000\000\000\000\000\000\000\000\000\000\000\000\000\000\000\000\000\000\000P\031-}\351f\032\255\274\334m\326c\017\014ao[\342\230\003\245\245\3341Hm\326^\017jy\335\261s!\002\005\363\0222\231\333G\357\305\020\014\241\033\231\261Z#\243\036\0267\020\210\265\022\240%\336\332\221\202\352vG0E\002!\000\220A\330\322/`\306\371b&L\231\366\337wx5.~*\232Su\375\0035'T\302\321\254/\002 N\337\n\243O\303dS\370y\343\342\331\267\230\211y2\211j\0242\366;A\244\345\305\025inN""; "
1750576782403,1750576782403,2434,1,1,4,TMGetLedger,"itype: liBASE; ledgerHash: ""t\361\032\213\221\243\004\006][\376s\340\253\234K}\\013\0362\202`\234\371~d\0310\204\264,""; ","itype: liBASE; ledgerHash: ""t\361\032\213\221\243\004\006][\376s\340\253\234K}\\013\0362\202`\234\371~d\0310\204\264,""; "
1750576782403,1750576782403,1534,1,1,0,TMGetLedger,"itype: liBASE; ledgerHash: ""t\361\032\213\221\243\004\006][\376s\340\253\234K}\\013\0362\202`\234\371~d\0310\204\264,""; ","itype: liBASE; ledgerHash: ""t\361\032\213\221\243\004\006][\376s\340\253\234K}\\013\0362\202`\234\371~d\0310\204\264,""; "
1750576782404,1750576782404,494,1,1,4,TMValidation,"validation: """"\200\000\000\001&\000\000\000\003)/\352k\016:\030\016l\375\261lU\035Qt\361\032\213\221\243\004\006][\376s\340\253\234K}\\013\0362\202`\234\371~d\0310\204\264,P\027\000\000\000\000\000\000\000\000\000\000\000\000\000\000\000\000\000\000\000\000\000\000\000\000\000\000\000\000\000\000\000\000P\031-}\351f\032\255\274\334m\326c\017\014ao[\342\230\003\245\245\3341Hm\326^\017jy\335\261s!\002\005\363\0222\231\333G\357\305\020\014\241\033\231\261Z#\243\036\0267\020\210\265\022\240%\336\332\221\202\352vG0E\002!\000\220A\330\322/`\306\371b&L\231\366\337wx5.~*\232Su\375\0035'T\302\321\254/\002 N\337\n\243O\303dS\370y\343\342\331\267\230\211y2\211j\0242\366;A\244\345\305\025inN""; ","validation: """"\200\000\000\001&\000\000\000\003)/\352k\016:\030\016l\375\261lU\035Qt\361\032\213\221\243\004\006][\376s\340\253\234K}\\013\0362\202`\234\371~d\0310\204\264,P\027\000\000\000\000\000\000\000\000\000\000\000\000\000\000\000\000\000\000\000\000\000\000\000\000\000\000\000\000\000\000\000\000P\031-}\351f\032\255\274\334m\326c\017\014ao[\342\230\003\245\245\3341Hm\326^\017jy\335\261s!\002\005\363\0222\231\333G\357\305\020\014\241\033\231\261Z#\243\036\0267\020\210\265\022\240%\336\332\221\202\352vG0E\002!\000\220A\330\322/`\306\371b&L\231\366\337wx5.~*\232Su\375\0035'T\302\321\254/\002 N\337\n\243O\303dS\370y\343\342\331\267\230\211y2\211j\0242\366;A\244\345\305\025inN""; "
1750576782404,1750576782404,1000,1,1,2,TMValidation,"validation: """"\200\000\000\001&\000\000\000\003)/\352k\016:\030\016l\375\261lU\035Qt\361\032\213\221\243\004\006][\376s\340\253\234K}\\013\0362\202`\234\371~d\0310\204\264,P\027\000\000\000\000\000\000\000\000\000\000\000\000\000\000\000\000\000\000\000\000\000\000\000\000\000\000\000\000\000\000\000\000P\031-}\351f\032\255\274\334m\326c\017\014ao[\342\230\003\245\245\3341Hm\326^\017jy\335\261s!\002\005\363\0222\231\333G\357\305\020\014\241\033\231\261Z#\243\036\0267\020\210\265\022\240%\336\332\221\202\352vG0E\002!\000\220A\330\322/`\306\371b&L\231\366\337wx5.~*\232Su\375\0035'T\302\321\254/\002 N\337\n\243O\303dS\370y\343\342\331\267\230\211y2\211j\0242\366;A\244\345\305\025inN""; ","validation: """"\200\000\000\001&\000\000\000\003)/\352k\016:\030\016l\375\261lU\035Qt\361\032\213\221\243\004\006][\376s\340\253\234K}\\013\0362\202`\234\371~d\0310\204\264,P\027\000\000\000\000\000\000\000\000\000\000\000\000\000\000\000\000\000\000\000\000\000\000\000\000\000\000\000\000\000\000\000\000P\031-}\351f\032\255\274\334m\326c\017\014ao[\342\230\003\245\245\3341Hm\326^\017jy\335\261s!\002\005\363\0222\231\333G\357\305\020\014\241\033\231\261Z#\243\036\0267\020\210\265\022\240%\336\332\221\202\352vG0E\002!\000\220A\330\322/`\306\371b&L\231\366\337wx5.~*\232Su\375\0035'T\302\321\254/\002 N\337\n\243O\303dS\370y\343\342\331\267\230\211y2\211j\0242\366;A\244\345\305\025inN""; "
1750576782405,1750576782405,1534,1,1,0,TMGetLedger,"itype: liBASE; ledgerHash: ""t\361\032\213\221\243\004\006][\376s\340\253\234K}\\013\0362\202`\234\371~d\0310\204\264,""; queryType: qtINDIRECT; ","itype: liBASE; ledgerHash: ""t\361\032\213\221\243\004\006][\376s\340\253\234K}\\013\0362\202`\234\371~d\0310\204\264,""; queryType: qtINDIRECT; "
1750576782406,1750576782406,301,1,1,2,TMGetLedger,"itype: liBASE; ledgerHash: ""t\361\032\213\221\243\004\006][\376s\340\253\234K}\\013\0362\202`\234\371~d\0310\204\264,""; ","itype: liBASE; ledgerHash: ""t\361\032\213\221\243\004\006][\376s\340\253\234K}\\013\0362\202`\234\371~d\0310\204\264,""; "
1750576782406,1750576782406,643,1,1,3,TMGetLedger,"itype: liBASE; ledgerHash: ""t\361\032\213\221\243\004\006][\376s\340\253\234K}\\013\0362\202`\234\371~d\0310\204\264,""; queryType: qtINDIRECT; ","itype: liBASE; ledgerHash: ""t\361\032\213\221\243\004\006][\376s\340\253\234K}\\013\0362\202`\234\371~d\0310\204\264,""; queryType: qtINDIRECT; "
1750576782407,1750576782407,2434,1,1,4,TMGetLedger,"itype: liBASE; ledgerHash: ""t\361\032\213\221\243\004\006][\376s\340\253\234K}\\013\0362\202`\234\371~d\0310\204\264,""; queryType: qtINDIRECT; ","itype: liBASE; ledgerHash: ""t\361\032\213\221\243\004\006][\376s\340\253\234K}\\013\0362\202`\234\371~d\0310\204\264,""; queryType: qtINDIRECT; "
1750576782407,1750576782407,301,1,1,2,TMGetLedger,"itype: liBASE; ledgerHash: ""t\361\032\213\221\243\004\006][\376s\340\253\234K}\\013\0362\202`\234\371~d\0310\204\264,""; queryType: qtINDIRECT; ","itype: liBASE; ledgerHash: ""t\361\032\213\221\243\004\006][\376s\340\253\234K}\\013\0362\202`\234\371~d\0310\204\264,""; queryType: qtINDIRECT; "
1750576782444,1750576782444,216,1,4,3,TMStatusChange,"newEvent: neACCEPTED_LEDGER; ledgerSeq: 3; ledgerHash: ""t\361\032\213\221\243\004\006][\376s\340\253\234K}\\013\0362\202`\234\371~d\0310\204\264,""; ledgerHashPrevious: ""0\355\311\211\352@\036\313K1\024B\343N\323V\367s\355lu\324\374V\207\371F\260\325\345\213\261""; networkTime: 803891982; firstSeq: 1; lastSeq: 1; ","newEvent: neACCEPTED_LEDGER; ledgerSeq: 3; ledgerHash: ""t\361\032\213\221\243\004\006][\376s\340\253\234K}\\013\0362\202`\234\371~d\0310\204\264,""; ledgerHashPrevious: ""0\355\311\211\352@\036\313K1\024B\343N\323V\367s\355lu\324\374V\207\371F\260\325\345\213\261""; networkTime: 803891982; firstSeq: 1; lastSeq: 1; "
1750576782444,1750576782444,1879,1,4,2,TMValidation,"validation: """"\200\000\000\001&\000\000\000\003)/\352k\016:\225\031\312\0231#ajQt\361\032\213\221\243\004\006][\376s\340\253\234K}\\013\0362\202`\234\371~d\0310\204\264,P\027\000\000\000\000\000\000\000\000\000\000\000\000\000\000\000\000\000\000\000\000\000\000\000\000\000\000\000\000\000\000\000\000P\031-}\351f\032\255\274\334m\326c\017\014ao[\342\230\003\245\245\3341Hm\326^\017jy\335\261s!\002i\265d-H\225\336\350\317n\272\016O\317\257\273\327\352\371\231\250\230(\240\353\331\024\207\241\020\304!vG0E\002!\000\344L5\315\345\361\0337&|J{\237:\317;4\210g\377\344\007\353-1\025\t\330\017\216\346\372\002 l\313\343l\267\203a\323\371\244\214<\335\334X\032b\013\214k\375\213c\370\351_\263\324+\021\302\361""; ","validation: """"\200\000\000\001&\000\000\000\003)/\352k\016:\225\031\312\0231#ajQt\361\032\213\221\243\004\006][\376s\340\253\234K}\\013\0362\202`\234\371~d\0310\204\264,P\027\000\000\000\000\000\000\000\000\000\000\000\000\000\000\000\000\000\000\000\000\000\000\000\000\000\000\000\000\000\000\000\000P\031-}\351f\032\255\274\334m\326c\017\014ao[\342\230\003\245\245\3341Hm\326^\017jy\335\261s!\002i\265d-H\225\336\350\317n\272\016O\317\257\273\327\352\371\231\250\230(\240\353\331\024\207\241\020\304!vG0E\002!\000\344L5\315\345\361\0337&|J{\237:\317;4\210g\377\344\007\353-1\025\t\330\017\216\346\372\002 l\313\343l\267\203a\323\371\244\214<\335\334X\032b\013\214k\375\213c\370\351_\263\324+\021\302\361""; "
1750576782446,1750576782446,490,1,4,3,TMValidation,"validation: """"\200\000\000\001&\000\000\000\003)/\352k\016:\225\031\312\0231#ajQt\361\032\213\221\243\004\006][\376s\340\253\234K}\\013\0362\202`\234\371~d\0310\204\264,P\027\000\000\000\000\000\000\000\000\000\000\000\000\000\000\000\000\000\000\000\000\000\000\000\000\000\000\000\000\000\000\000\000P\031-}\351f\032\255\274\334m\326c\017\014ao[\342\230\003\245\245\3341Hm\326^\017jy\335\261s!\002i\265d-H\225\336\350\317n\272\016O\317\257\273\327\352\371\231\250\230(\240\353\331\024\207\241\020\304!vG0E\002!\000\344L5\315\345\361\0337&|J{\237:\317;4\210g\377\344\007\353-1\025\t\330\017\216\346\372\002 l\313\343l\267\203a\323\371\244\214<\335\334X\032b\013\214k\375\213c\370\351_\263\324+\021\302\361""; ","validation: """"\200\000\000\001&\000\000\000\003)/\352k\016:\225\031\312\0231#ajQt\361\032\213\221\243\004\006][\376s\340\253\234K}\\013\0362\202`\234\371~d\0310\204\264,P\027\000\000\000\000\000\000\000\000\000\000\000\000\000\000\000\000\000\000\000\000\000\000\000\000\000\000\000\000\000\000\000\000P\031-}\351f\032\255\274\334m\326c\017\014ao[\342\230\003\245\245\3341Hm\326^\017jy\335\261s!\002i\265d-H\225\336\350\317n\272\016O\317\257\273\327\352\371\231\250\230(\240\353\331\024\207\241\020\304!vG0E\002!\000\344L5\315\345\361\0337&|J{\237:\317;4\210g\377\344\007\353-1\025\t\330\017\216\346\372\002 l\313\343l\267\203a\323\371\244\214<\335\334X\032b\013\214k\375\213c\370\351_\263\324+\021\302\361""; "
1750576782446,1750576782446,3345,1,4,1,TMValidation,"validation: """"\200\000\000\001&\000\000\000\003)/\352k\016:\225\031\312\0231#ajQt\361\032\213\221\243\004\006][\376s\340\253\234K}\\013\0362\202`\234\371~d\0310\204\264,P\027\000\000\000\000\000\000\000\000\000\000\000\000\000\000\000\000\000\000\000\000\000\000\000\000\000\000\000\000\000\000\000\000P\031-}\351f\032\255\274\334m\326c\017\014ao[\342\230\003\245\245\3341Hm\326^\017jy\335\261s!\002i\265d-H\225\336\350\317n\272\016O\317\257\273\327\352\371\231\250\230(\240\353\331\024\207\241\020\304!vG0E\002!\000\344L5\315\345\361\0337&|J{\237:\317;4\210g\377\344\007\353-1\025\t\330\017\216\346\372\002 l\313\343l\267\203a\323\371\244\214<\335\334X\032b\013\214k\375\213c\370\351_\263\324+\021\302\361""; ","validation: """"\200\000\000\001&\000\000\000\003)/\352k\016:\225\031\312\0231#ajQt\361\032\213\221\243\004\006][\376s\340\253\234K}\\013\0362\202`\234\371~d\0310\204\264,P\027\000\000\000\000\000\000\000\000\000\000\000\000\000\000\000\000\000\000\000\000\000\000\000\000\000\000\000\000\000\000\000\000P\031-}\351f\032\255\274\334m\326c\017\014ao[\342\230\003\245\245\3341Hm\326^\017jy\335\261s!\002i\265d-H\225\336\350\317n\272\016O\317\257\273\327\352\371\231\250\230(\240\353\331\024\207\241\020\304!vG0E\002!\000\344L5\315\345\361\0337&|J{\237:\317;4\210g\377\344\007\353-1\025\t\330\017\216\346\372\002 l\313\343l\267\203a\323\371\244\214<\335\334X\032b\013\214k\375\213c\370\351_\263\324+\021\302\361""; "
1750576782445,1750576782445,3970,1,4,1,TMStatusChange,"newEvent: neACCEPTED_LEDGER; ledgerSeq: 3; ledgerHash: ""t\361\032\213\221\243\004\006][\376s\340\253\234K}\\013\0362\202`\234\371~d\0310\204\264,""; ledgerHashPrevious: ""0\355\311\211\352@\036\313K1\024B\343N\323V\367s\355lu\324\374V\207\371F\260\325\345\213\261""; networkTime: 803891982; firstSeq: 1; lastSeq: 1; ","newEvent: neACCEPTED_LEDGER; ledgerSeq: 3; ledgerHash: ""t\361\032\213\221\243\004\006][\376s\340\253\234K}\\013\0362\202`\234\371~d\0310\204\264,""; ledgerHashPrevious: ""0\355\311\211\352@\036\313K1\024B\343N\323V\367s\355lu\324\374V\207\371F\260\325\345\213\261""; networkTime: 803891982; firstSeq: 1; lastSeq: 1; "
1750576782447,1750576782447,2340,1,4,0,TMStatusChange,"newEvent: neACCEPTED_LEDGER; ledgerSeq: 3; ledgerHash: ""t\361\032\213\221\243\004\006][\376s\340\253\234K}\\013\0362\202`\234\371~d\0310\204\264,""; ledgerHashPrevious: ""0\355\311\211\352@\036\313K1\024B\343N\323V\367s\355lu\324\374V\207\371F\260\325\345\213\261""; networkTime: 803891982; firstSeq: 1; lastSeq: 1; ","newEvent: neACCEPTED_LEDGER; ledgerSeq: 3; ledgerHash: ""t\361\032\213\221\243\004\006][\376s\340\253\234K}\\013\0362\202`\234\371~d\0310\204\264,""; ledgerHashPrevious: ""0\355\311\211\352@\036\313K1\024B\343N\323V\367s\355lu\324\374V\207\371F\260\325\345\213\261""; networkTime: 803891982; firstSeq: 1; lastSeq: 1; "
1750576782447,1750576782447,1208,1,4,2,TMStatusChange,"newEvent: neACCEPTED_LEDGER; ledgerSeq: 3; ledgerHash: ""t\361\032\213\221\243\004\006][\376s\340\253\234K}\\013\0362\202`\234\371~d\0310\204\264,""; ledgerHashPrevious: ""0\355\311\211\352@\036\313K1\024B\343N\323V\367s\355lu\324\374V\207\371F\260\325\345\213\261""; networkTime: 803891982; firstSeq: 1; lastSeq: 1; ","newEvent: neACCEPTED_LEDGER; ledgerSeq: 3; ledgerHash: ""t\361\032\213\221\243\004\006][\376s\340\253\234K}\\013\0362\202`\234\371~d\0310\204\264,""; ledgerHashPrevious: ""0\355\311\211\352@\036\313K1\024B\343N\323V\367s\355lu\324\374V\207\371F\260\325\345\213\261""; networkTime: 803891982; firstSeq: 1; lastSeq: 1; "
1750576782448,1750576782448,1044,1,4,0,TMValidation,"validation: """"\200\000\000\001&\000\000\000\003)/\352k\016:\225\031\312\0231#ajQt\361\032\213\221\243\004\006][\376s\340\253\234K}\\013\0362\202`\234\371~d\0310\204\264,P\027\000\000\000\000\000\000\000\000\000\000\000\000\000\000\000\000\000\000\000\000\000\000\000\000\000\000\000\000\000\000\000\000P\031-}\351f\032\255\274\334m\326c\017\014ao[\342\230\003\245\245\3341Hm\326^\017jy\335\261s!\002i\265d-H\225\336\350\317n\272\016O\317\257\273\327\352\371\231\250\230(\240\353\331\024\207\241\020\304!vG0E\002!\000\344L5\315\345\361\0337&|J{\237:\317;4\210g\377\344\007\353-1\025\t\330\017\216\346\372\002 l\313\343l\267\203a\323\371\244\214<\335\334X\032b\013\214k\375\213c\370\351_\263\324+\021\302\361""; ","validation: """"\200\000\000\001&\000\000\000\003)/\352k\016:\225\031\312\0231#ajQt\361\032\213\221\243\004\006][\376s\340\253\234K}\\013\0362\202`\234\371~d\0310\204\264,P\027\000\000\000\000\000\000\000\000\000\000\000\000\000\000\000\000\000\000\000\000\000\000\000\000\000\000\000\000\000\000\000\000P\031-}\351f\032\255\274\334m\326c\017\014ao[\342\230\003\245\245\3341Hm\326^\017jy\335\261s!\002i\265d-H\225\336\350\317n\272\016O\317\257\273\327\352\371\231\250\230(\240\353\331\024\207\241\020\304!vG0E\002!\000\344L5\315\345\361\0337&|J{\237:\317;4\210g\377\344\007\353-1\025\t\330\017\216\346\372\002 l\313\343l\267\203a\323\371\244\214<\335\334X\032b\013\214k\375\213c\370\351_\263\324+\021\302\361""; "
1750576782659,1750576782659,1433,1,3,2,TMValidation,"validation: """"\200\000\000\001&\000\000\000\003)/\352k\016:\373\252\211\251\2041h\203Qt\361\032\213\221\243\004\006][\376s\340\253\234K}\\013\0362\202`\234\371~d\0310\204\264,P\027\000\000\000\000\000\000\000\000\000\000\000\000\000\000\000\000\000\000\000\000\000\000\000\000\000\000\000\000\000\000\000\000P\031-}\351f\032\255\274\334m\326c\017\014ao[\342\230\003\245\245\3341Hm\326^\017jy\335\261s!\003uv\3157M_,X\323\216\327\373A""\226\013\275\210\0079\020Q\007\035\231@s\266\345\000\272\252vF0D\002 \031\345\306'\376c\272>\314\372\034\310\t,\222\346HL\326\244\024\227\346\244A\226\342xj\316S\025\002 O\267\323\224\354<\237\330\362\205\017\345\212\367\250K#\261\000<\271]\334\021\244\030\262\273Q\353\306\344""; ","validation: """"\200\000\000\001&\000\000\000\003)/\352k\016:\373\252\211\251\2041h\203Qt\361\032\213\221\243\004\006][\376s\340\253\234K}\\013\0362\202`\234\371~d\0310\204\264,P\027\000\000\000\000\000\000\000\000\000\000\000\000\000\000\000\000\000\000\000\000\000\000\000\000\000\000\000\000\000\000\000\000P\031-}\351f\032\255\274\334m\326c\017\014ao[\342\230\003\245\245\3341Hm\326^\017jy\335\261s!\003uv\3157M_,X\323\216\327\373A""\226\013\275\210\0079\020Q\007\035\231@s\266\345\000\272\252vF0D\002 \031\345\306'\376c\272>\314\372\034\310\t,\222\346HL\326\244\024\227\346\244A\226\342xj\316S\025\002 O\267\323\224\354<\237\330\362\205\017\345\212\367\250K#\261\000<\271]\334\021\244\030\262\273Q\353\306\344""; "
1750576782662,1750576782662,108,1,3,0,TMValidation,"validation: """"\200\000\000\001&\000\000\000\003)/\352k\016:\373\252\211\251\2041h\203Qt\361\032\213\221\243\004\006][\376s\340\253\234K}\\013\0362\202`\234\371~d\0310\204\264,P\027\000\000\000\000\000\000\000\000\000\000\000\000\000\000\000\000\000\000\000\000\000\000\000\000\000\000\000\000\000\000\000\000P\031-}\351f\032\255\274\334m\326c\017\014ao[\342\230\003\245\245\3341Hm\326^\017jy\335\261s!\003uv\3157M_,X\323\216\327\373A""\226\013\275\210\0079\020Q\007\035\231@s\266\345\000\272\252vF0D\002 \031\345\306'\376c\272>\314\372\034\310\t,\222\346HL\326\244\024\227\346\244A\226\342xj\316S\025\002 O\267\323\224\354<\237\330\362\205\017\345\212\367\250K#\261\000<\271]\334\021\244\030\262\273Q\353\306\344""; ","validation: """"\200\000\000\001&\000\000\000\003)/\352k\016:\373\252\211\251\2041h\203Qt\361\032\213\221\243\004\006][\376s\340\253\234K}\\013\0362\202`\234\371~d\0310\204\264,P\027\000\000\000\000\000\000\000\000\000\000\000\000\000\000\000\000\000\000\000\000\000\000\000\000\000\000\000\000\000\000\000\000P\031-}\351f\032\255\274\334m\326c\017\014ao[\342\230\003\245\245\3341Hm\326^\017jy\335\261s!\003uv\3157M_,X\323\216\327\373A""\226\013\275\210\0079\020Q\007\035\231@s\266\345\000\272\252vF0D\002 \031\345\306'\376c\272>\314\372\034\310\t,\222\346HL\326\244\024\227\346\244A\226\342xj\316S\025\002 O\267\323\224\354<\237\330\362\205\017\345\212\367\250K#\261\000<\271]\334\021\244\030\262\273Q\353\306\344""; "
1750576782661,1750576782661,862,1,3,4,TMStatusChange,"newEvent: neACCEPTED_LEDGER; ledgerSeq: 3; ledgerHash: ""t\361\032\213\221\243\004\006][\376s\340\253\234K}\\013\0362\202`\234\371~d\0310\204\264,""; ledgerHashPrevious: ""0\355\311\211\352@\036\313K1\024B\343N\323V\367s\355lu\324\374V\207\371F\260\325\345\213\261""; networkTime: 803891982; firstSeq: 1; lastSeq: 1; ","newEvent: neACCEPTED_LEDGER; ledgerSeq: 3; ledgerHash: ""t\361\032\213\221\243\004\006][\376s\340\253\234K}\\013\0362\202`\234\371~d\0310\204\264,""; ledgerHashPrevious: ""0\355\311\211\352@\036\313K1\024B\343N\323V\367s\355lu\324\374V\207\371F\260\325\345\213\261""; networkTime: 803891982; firstSeq: 1; lastSeq: 1; "
1750576782662,1750576782662,139,1,3,4,TMValidation,"validation: """"\200\000\000\001&\000\000\000\003)/\352k\016:\373\252\211\251\2041h\203Qt\361\032\213\221\243\004\006][\376s\340\253\234K}\\013\0362\202`\234\371~d\0310\204\264,P\027\000\000\000\000\000\000\000\000\000\000\000\000\000\000\000\000\000\000\000\000\000\000\000\000\000\000\000\000\000\000\000\000P\031-}\351f\032\255\274\334m\326c\017\014ao[\342\230\003\245\245\3341Hm\326^\017jy\335\261s!\003uv\3157M_,X\323\216\327\373A""\226\013\275\210\0079\020Q\007\035\231@s\266\345\000\272\252vF0D\002 \031\345\306'\376c\272>\314\372\034\310\t,\222\346HL\326\244\024\227\346\244A\226\342xj\316S\025\002 O\267\323\224\354<\237\330\362\205\017\345\212\367\250K#\261\000<\271]\334\021\244\030\262\273Q\353\306\344""; ","validation: """"\200\000\000\001&\000\000\000\003)/\352k\016:\373\252\211\251\2041h\203Qt\361\032\213\221\243\004\006][\376s\340\253\234K}\\013\0362\202`\234\371~d\0310\204\264,P\027\000\000\000\000\000\000\000\000\000\000\000\000\000\000\000\000\000\000\000\000\000\000\000\000\000\000\000\000\000\000\000\000P\031-}\351f\032\255\274\334m\326c\017\014ao[\342\230\003\245\245\3341Hm\326^\017jy\335\261s!\003uv\3157M_,X\323\216\327\373A""\226\013\275\210\0079\020Q\007\035\231@s\266\345\000\272\252vF0D\002 \031\345\306'\376c\272>\314\372\034\310\t,\222\346HL\326\244\024\227\346\244A\226\342xj\316S\025\002 O\267\323\224\354<\237\330\362\205\017\345\212\367\250K#\261\000<\271]\334\021\244\030\262\273Q\353\306\344""; "
1750576782661,1750576782661,1309,1,3,2,TMStatusChange,"newEvent: neACCEPTED_LEDGER; ledgerSeq: 3; ledgerHash: ""t\361\032\213\221\243\004\006][\376s\340\253\234K}\\013\0362\202`\234\371~d\0310\204\264,""; ledgerHashPrevious: ""0\355\311\211\352@\036\313K1\024B\343N\323V\367s\355lu\324\374V\207\371F\260\325\345\213\261""; networkTime: 803891982; firstSeq: 1; lastSeq: 1; ","newEvent: neACCEPTED_LEDGER; ledgerSeq: 3; ledgerHash: ""t\361\032\213\221\243\004\006][\376s\340\253\234K}\\013\0362\202`\234\371~d\0310\204\264,""; ledgerHashPrevious: ""0\355\311\211\352@\036\313K1\024B\343N\323V\367s\355lu\324\374V\207\371F\260\325\345\213\261""; networkTime: 803891982; firstSeq: 1; lastSeq: 1; "
1750576782663,1750576782663,513,1,3,0,TMStatusChange,"newEvent: neACCEPTED_LEDGER; ledgerSeq: 3; ledgerHash: ""t\361\032\213\221\243\004\006][\376s\340\253\234K}\\013\0362\202`\234\371~d\0310\204\264,""; ledgerHashPrevious: ""0\355\311\211\352@\036\313K1\024B\343N\323V\367s\355lu\324\374V\207\371F\260\325\345\213\261""; networkTime: 803891982; firstSeq: 1; lastSeq: 1; ","newEvent: neACCEPTED_LEDGER; ledgerSeq: 3; ledgerHash: ""t\361\032\213\221\243\004\006][\376s\340\253\234K}\\013\0362\202`\234\371~d\0310\204\264,""; ledgerHashPrevious: ""0\355\311\211\352@\036\313K1\024B\343N\323V\367s\355lu\324\374V\207\371F\260\325\345\213\261""; networkTime: 803891982; firstSeq: 1; lastSeq: 1; "
1750576782663,1750576782663,2989,1,3,1,TMStatusChange,"newEvent: neACCEPTED_LEDGER; ledgerSeq: 3; ledgerHash: ""t\361\032\213\221\243\004\006][\376s\340\253\234K}\\013\0362\202`\234\371~d\0310\204\264,""; ledgerHashPrevious: ""0\355\311\211\352@\036\313K1\024B\343N\323V\367s\355lu\324\374V\207\371F\260\325\345\213\261""; networkTime: 803891982; firstSeq: 1; lastSeq: 1; ","newEvent: neACCEPTED_LEDGER; ledgerSeq: 3; ledgerHash: ""t\361\032\213\221\243\004\006][\376s\340\253\234K}\\013\0362\202`\234\371~d\0310\204\264,""; ledgerHashPrevious: ""0\355\311\211\352@\036\313K1\024B\343N\323V\367s\355lu\324\374V\207\371F\260\325\345\213\261""; networkTime: 803891982; firstSeq: 1; lastSeq: 1; "
1750576782702,1750576782702,1360,1,3,1,TMValidation,"validation: """"\200\000\000\001&\000\000\000\003)/\352k\016:\373\252\211\251\2041h\203Qt\361\032\213\221\243\004\006][\376s\340\253\234K}\\013\0362\202`\234\371~d\0310\204\264,P\027\000\000\000\000\000\000\000\000\000\000\000\000\000\000\000\000\000\000\000\000\000\000\000\000\000\000\000\000\000\000\000\000P\031-}\351f\032\255\274\334m\326c\017\014ao[\342\230\003\245\245\3341Hm\326^\017jy\335\261s!\003uv\3157M_,X\323\216\327\373A""\226\013\275\210\0079\020Q\007\035\231@s\266\345\000\272\252vF0D\002 \031\345\306'\376c\272>\314\372\034\310\t,\222\346HL\326\244\024\227\346\244A\226\342xj\316S\025\002 O\267\323\224\354<\237\330\362\205\017\345\212\367\250K#\261\000<\271]\334\021\244\030\262\273Q\353\306\344""; ","validation: """"\200\000\000\001&\000\000\000\003)/\352k\016:\373\252\211\251\2041h\203Qt\361\032\213\221\243\004\006][\376s\340\253\234K}\\013\0362\202`\234\371~d\0310\204\264,P\027\000\000\000\000\000\000\000\000\000\000\000\000\000\000\000\000\000\000\000\000\000\000\000\000\000\000\000\000\000\000\000\000P\031-}\351f\032\255\274\334m\326c\017\014ao[\342\230\003\245\245\3341Hm\326^\017jy\335\261s!\003uv\3157M_,X\323\216\327\373A""\226\013\275\210\0079\020Q\007\035\231@s\266\345\000\272\252vF0D\002 \031\345\306'\376c\272>\314\372\034\310\t,\222\346HL\326\244\024\227\346\244A\226\342xj\316S\025\002 O\267\323\224\354<\237\330\362\205\017\345\212\367\250K#\261\000<\271]\334\021\244\030\262\273Q\353\306\344""; "
1750576782730,1750576782730,930,1,2,3,TMProposeSet,"proposeSeq: 0; currentTxHash: ""\000\000\000\000\000\000\000\000\000\000\000\000\000\000\000\000\000\000\000\000\000\000\000\000\000\000\000\000\000\000\000\000""; nodePubKey: ""\002i\265d-H\225\336\350\317n\272\016O\317\257\273\327\352\371\231\250\230(\240\353\331\024\207\241\020\304!""; closeTime: 803891980; signature: ""0E\002!\000\320_R.\027?65\355n\257\273\372\231\270$g\314\232\203\037:\013""\207\255'\314\206\217y\032\002 j\351\320M\213\252\320\306o2\320'\377q\3515\3058\207eX\257\241\357\023;-H\343\344\322\033""; previousledger: ""0\355\311\211\352@\036\313K1\024B\343N\323V\367s\355lu\324\374V\207\371F\260\325\345\213\261""; ","proposeSeq: 0; currentTxHash: ""\000\000\000\000\000\000\000\000\000\000\000\000\000\000\000\000\000\000\000\000\000\000\000\000\000\000\000\000\000\000\000\000""; nodePubKey: ""\002i\265d-H\225\336\350\317n\272\016O\317\257\273\327\352\371\231\250\230(\240\353\331\024\207\241\020\304!""; closeTime: 803891980; signature: ""0E\002!\000\320_R.\027?65\355n\257\273\372\231\270$g\314\232\203\037:\013""\207\255'\314\206\217y\032\002 j\351\320M\213\252\320\306o2\320'\377q\3515\3058\207eX\257\241\357\023;-H\343\344\322\033""; previousledger: ""0\355\311\211\352@\036\313K1\024B\343N\323V\367s\355lu\324\374V\207\371F\260\325\345\213\261""; "
1750576782731,1750576782731,1881,1,2,1,TMProposeSet,"proposeSeq: 0; currentTxHash: ""\000\000\000\000\000\000\000\000\000\000\000\000\000\000\000\000\000\000\000\000\000\000\000\000\000\000\000\000\000\000\000\000""; nodePubKey: ""\002i\265d-H\225\336\350\317n\272\016O\317\257\273\327\352\371\231\250\230(\240\353\331\024\207\241\020\304!""; closeTime: 803891980; signature: ""0E\002!\000\320_R.\027?65\355n\257\273\372\231\270$g\314\232\203\037:\013""\207\255'\314\206\217y\032\002 j\351\320M\213\252\320\306o2\320'\377q\3515\3058\207eX\257\241\357\023;-H\343\344\322\033""; previousledger: ""0\355\311\211\352@\036\313K1\024B\343N\323V\367s\355lu\324\374V\207\371F\260\325\345\213\261""; ","proposeSeq: 0; currentTxHash: ""\000\000\000\000\000\000\000\000\000\000\000\000\000\000\000\000\000\000\000\000\000\000\000\000\000\000\000\000\000\000\000\000""; nodePubKey: ""\002i\265d-H\225\336\350\317n\272\016O\317\257\273\327\352\371\231\250\230(\240\353\331\024\207\241\020\304!""; closeTime: 803891980; signature: ""0E\002!\000\320_R.\027?65\355n\257\273\372\231\270$g\314\232\203\037:\013""\207\255'\314\206\217y\032\002 j\351\320M\213\252\320\306o2\320'\377q\3515\3058\207eX\257\241\357\023;-H\343\344\322\033""; previousledger: ""0\355\311\211\352@\036\313K1\024B\343N\323V\367s\355lu\324\374V\207\371F\260\325\345\213\261""; "
1750576782731,1750576782732,2648,1,2,0,TMProposeSet,"proposeSeq: 0; currentTxHash: ""\000\000\000\000\000\000\000\000\000\000\000\000\000\000\000\000\000\000\000\000\000\000\000\000\000\000\000\000\000\000\000\000""; nodePubKey: ""\002i\265d-H\225\336\350\317n\272\016O\317\257\273\327\352\371\231\250\230(\240\353\331\024\207\241\020\304!""; closeTime: 803891980; signature: ""0E\002!\000\320_R.\027?65\355n\257\273\372\231\270$g\314\232\203\037:\013""\207\255'\314\206\217y\032\002 j\351\320M\213\252\320\306o2\320'\377q\3515\3058\207eX\257\241\357\023;-H\343\344\322\033""; previousledger: ""0\355\311\211\352@\036\313K1\024B\343N\323V\367s\355lu\324\374V\207\371F\260\325\345\213\261""; ","proposeSeq: 0; currentTxHash: ""\000\000\000\000\000\000\000\000\000\000\000\000\000\000\000\000\000\000\000\000\000\000\000\000\000\000\000\000\000\000\000\000""; nodePubKey: ""\002i\265d-H\225\336\350\317n\272\016O\317\257\273\327\352\371\231\250\230(\240\353\331\024\207\241\020\304!""; closeTime: 803891980; signature: ""0E\002!\000\320_R.\027?65\355n\257\273\372\231\270$g\314\232\203\037:\013""\207\255'\314\206\217y\032\002 j\351\320M\213\252\320\306o2\320'\377q\3515\3058\207eX\257\241\357\023;-H\343\344\322\033""; previousledger: ""0\355\311\211\352@\036\313K1\024B\343N\323V\367s\355lu\324\374V\207\371F\260\325\345\213\261""; "
1750576782771,1750576782771,3783,1,0,2,TMValidation,"validation: """"\200\000\000\001&\000\000\000\003)/\352k\016:\373\252\211\251\2041h\203Qt\361\032\213\221\243\004\006][\376s\340\253\234K}\\013\0362\202`\234\371~d\0310\204\264,P\027\000\000\000\000\000\000\000\000\000\000\000\000\000\000\000\000\000\000\000\000\000\000\000\000\000\000\000\000\000\000\000\000P\031-}\351f\032\255\274\334m\326c\017\014ao[\342\230\003\245\245\3341Hm\326^\017jy\335\261s!\003uv\3157M_,X\323\216\327\373A""\226\013\275\210\0079\020Q\007\035\231@s\266\345\000\272\252vF0D\002 \031\345\306'\376c\272>\314\372\034\310\t,\222\346HL\326\244\024\227\346\244A\226\342xj\316S\025\002 O\267\323\224\354<\237\330\362\205\017\345\212\367\250K#\261\000<\271]\334\021\244\030\262\273Q\353\306\344""; ","validation: """"\200\000\000\001&\000\000\000\003)/\352k\016:\373\252\211\251\2041h\203Qt\361\032\213\221\243\004\006][\376s\340\253\234K}\\013\0362\202`\234\371~d\0310\204\264,P\027\000\000\000\000\000\000\000\000\000\000\000\000\000\000\000\000\000\000\000\000\000\000\000\000\000\000\000\000\000\000\000\000P\031-}\351f\032\255\274\334m\326c\017\014ao[\342\230\003\245\245\3341Hm\326^\017jy\335\261s!\003uv\3157M_,X\323\216\327\373A""\226\013\275\210\0079\020Q\007\035\231@s\266\345\000\272\252vF0D\002 \031\345\306'\376c\272>\314\372\034\310\t,\222\346HL\326\244\024\227\346\244A\226\342xj\316S\025\002 O\267\323\224\354<\237\330\362\205\017\345\212\367\250K#\261\000<\271]\334\021\244\030\262\273Q\353\306\344""; "
1750576782771,1750576782772,2019,1,0,4,TMValidation,"validation: """"\200\000\000\001&\000\000\000\003)/\352k\016:\373\252\211\251\2041h\203Qt\361\032\213\221\243\004\006][\376s\340\253\234K}\\013\0362\202`\234\371~d\0310\204\264,P\027\000\000\000\000\000\000\000\000\000\000\000\000\000\000\000\000\000\000\000\000\000\000\000\000\000\000\000\000\000\000\000\000P\031-}\351f\032\255\274\334m\326c\017\014ao[\342\230\003\245\245\3341Hm\326^\017jy\335\261s!\003uv\3157M_,X\323\216\327\373A""\226\013\275\210\0079\020Q\007\035\231@s\266\345\000\272\252vF0D\002 \031\345\306'\376c\272>\314\372\034\310\t,\222\346HL\326\244\024\227\346\244A\226\342xj\316S\025\002 O\267\323\224\354<\237\330\362\205\017\345\212\367\250K#\261\000<\271]\334\021\244\030\262\273Q\353\306\344""; ","validation: """"\200\000\000\001&\000\000\000\003)/\352k\016:\373\252\211\251\2041h\203Qt\361\032\213\221\243\004\006][\376s\340\253\234K}\\013\0362\202`\234\371~d\0310\204\264,P\027\000\000\000\000\000\000\000\000\000\000\000\000\000\000\000\000\000\000\000\000\000\000\000\000\000\000\000\000\000\000\000\000P\031-}\351f\032\255\274\334m\326c\017\014ao[\342\230\003\245\245\3341Hm\326^\017jy\335\261s!\003uv\3157M_,X\323\216\327\373A""\226\013\275\210\0079\020Q\007\035\231@s\266\345\000\272\252vF0D\002 \031\345\306'\376c\272>\314\372\034\310\t,\222\346HL\326\244\024\227\346\244A\226\342xj\316S\025\002 O\267\323\224\354<\237\330\362\205\017\345\212\367\250K#\261\000<\271]\334\021\244\030\262\273Q\353\306\344""; "
1750576782772,1750576782772,219,1,0,1,TMValidation,"validation: """"\200\000\000\001&\000\000\000\003)/\352k\016:\373\252\211\251\2041h\203Qt\361\032\213\221\243\004\006][\376s\340\253\234K}\\013\0362\202`\234\371~d\0310\204\264,P\027\000\000\000\000\000\000\000\000\000\000\000\000\000\000\000\000\000\000\000\000\000\000\000\000\000\000\000\000\000\000\000\000P\031-}\351f\032\255\274\334m\326c\017\014ao[\342\230\003\245\245\3341Hm\326^\017jy\335\261s!\003uv\3157M_,X\323\216\327\373A""\226\013\275\210\0079\020Q\007\035\231@s\266\345\000\272\252vF0D\002 \031\345\306'\376c\272>\314\372\034\310\t,\222\346HL\326\244\024\227\346\244A\226\342xj\316S\025\002 O\267\323\224\354<\237\330\362\205\017\345\212\367\250K#\261\000<\271]\334\021\244\030\262\273Q\353\306\344""; ","validation: """"\200\000\000\001&\000\000\000\003)/\352k\016:\373\252\211\251\2041h\203Qt\361\032\213\221\243\004\006][\376s\340\253\234K}\\013\0362\202`\234\371~d\0310\204\264,P\027\000\000\000\000\000\000\000\000\000\000\000\000\000\000\000\000\000\000\000\000\000\000\000\000\000\000\000\000\000\000\000\000P\031-}\351f\032\255\274\334m\326c\017\014ao[\342\230\003\245\245\3341Hm\326^\017jy\335\261s!\003uv\3157M_,X\323\216\327\373A""\226\013\275\210\0079\020Q\007\035\231@s\266\345\000\272\252vF0D\002 \031\345\306'\376c\272>\314\372\034\310\t,\222\346HL\326\244\024\227\346\244A\226\342xj\316S\025\002 O\267\323\224\354<\237\330\362\205\017\345\212\367\250K#\261\000<\271]\334\021\244\030\262\273Q\353\306\344""; "
1750576782801,1750576782801,1879,1,4,2,TMValidation,"validation: """"\200\000\000\001&\000\000\000\003)/\352k\016:\373\252\211\251\2041h\203Qt\361\032\213\221\243\004\006][\376s\340\253\234K}\\013\0362\202`\234\371~d\0310\204\264,P\027\000\000\000\000\000\000\000\000\000\000\000\000\000\000\000\000\000\000\000\000\000\000\000\000\000\000\000\000\000\000\000\000P\031-}\351f\032\255\274\334m\326c\017\014ao[\342\230\003\245\245\3341Hm\326^\017jy\335\261s!\003uv\3157M_,X\323\216\327\373A""\226\013\275\210\0079\020Q\007\035\231@s\266\345\000\272\252vF0D\002 \031\345\306'\376c\272>\314\372\034\310\t,\222\346HL\326\244\024\227\346\244A\226\342xj\316S\025\002 O\267\323\224\354<\237\330\362\205\017\345\212\367\250K#\261\000<\271]\334\021\244\030\262\273Q\353\306\344""; ","validation: """"\200\000\000\001&\000\000\000\003)/\352k\016:\373\252\211\251\2041h\203Qt\361\032\213\221\243\004\006][\376s\340\253\234K}\\013\0362\202`\234\371~d\0310\204\264,P\027\000\000\000\000\000\000\000\000\000\000\000\000\000\000\000\000\000\000\000\000\000\000\000\000\000\000\000\000\000\000\000\000P\031-}\351f\032\255\274\334m\326c\017\014ao[\342\230\003\245\245\3341Hm\326^\017jy\335\261s!\003uv\3157M_,X\323\216\327\373A""\226\013\275\210\0079\020Q\007\035\231@s\266\345\000\272\252vF0D\002 \031\345\306'\376c\272>\314\372\034\310\t,\222\346HL\326\244\024\227\346\244A\226\342xj\316S\025\002 O\267\323\224\354<\237\330\362\205\017\345\212\367\250K#\261\000<\271]\334\021\244\030\262\273Q\353\306\344""; "
1750576782801,1750576782802,3345,1,4,1,TMValidation,"validation: """"\200\000\000\001&\000\000\000\003)/\352k\016:\373\252\211\251\2041h\203Qt\361\032\213\221\243\004\006][\376s\340\253\234K}\\013\0362\202`\234\371~d\0310\204\264,P\027\000\000\000\000\000\000\000\000\000\000\000\000\000\000\000\000\000\000\000\000\000\000\000\000\000\000\000\000\000\000\000\000P\031-}\351f\032\255\274\334m\326c\017\014ao[\342\230\003\245\245\3341Hm\326^\017jy\335\261s!\003uv\3157M_,X\323\216\327\373A""\226\013\275\210\0079\020Q\007\035\231@s\266\345\000\272\252vF0D\002 \031\345\306'\376c\272>\314\372\034\310\t,\222\346HL\326\244\024\227\346\244A\226\342xj\316S\025\002 O\267\323\224\354<\237\330\362\205\017\345\212\367\250K#\261\000<\271]\334\021\244\030\262\273Q\353\306\344""; ","validation: """"\200\000\000\001&\000\000\000\003)/\352k\016:\373\252\211\251\2041h\203Qt\361\032\213\221\243\004\006][\376s\340\253\234K}\\013\0362\202`\234\371~d\0310\204\264,P\027\000\000\000\000\000\000\000\000\000\000\000\000\000\000\000\000\000\000\000\000\000\000\000\000\000\000\000\000\000\000\000\000P\031-}\351f\032\255\274\334m\326c\017\014ao[\342\230\003\245\245\3341Hm\326^\017jy\335\261s!\003uv\3157M_,X\323\216\327\373A""\226\013\275\210\0079\020Q\007\035\231@s\266\345\000\272\252vF0D\002 \031\345\306'\376c\272>\314\372\034\310\t,\222\346HL\326\244\024\227\346\244A\226\342xj\316S\025\002 O\267\323\224\354<\237\330\362\205\017\345\212\367\250K#\261\000<\271]\334\021\244\030\262\273Q\353\306\344""; "
1750576782802,1750576782802,1044,1,4,0,TMValidation,"validation: """"\200\000\000\001&\000\000\000\003)/\352k\016:\373\252\211\251\2041h\203Qt\361\032\213\221\243\004\006][\376s\340\253\234K}\\013\0362\202`\234\371~d\0310\204\264,P\027\000\000\000\000\000\000\000\000\000\000\000\000\000\000\000\000\000\000\000\000\000\000\000\000\000\000\000\000\000\000\000\000P\031-}\351f\032\255\274\334m\326c\017\014ao[\342\230\003\245\245\3341Hm\326^\017jy\335\261s!\003uv\3157M_,X\323\216\327\373A""\226\013\275\210\0079\020Q\007\035\231@s\266\345\000\272\252vF0D\002 \031\345\306'\376c\272>\314\372\034\310\t,\222\346HL\326\244\024\227\346\244A\226\342xj\316S\025\002 O\267\323\224\354<\237\330\362\205\017\345\212\367\250K#\261\000<\271]\334\021\244\030\262\273Q\353\306\344""; ","validation: """"\200\000\000\001&\000\000\000\003)/\352k\016:\373\252\211\251\2041h\203Qt\361\032\213\221\243\004\006][\376s\340\253\234K}\\013\0362\202`\234\371~d\0310\204\264,P\027\000\000\000\000\000\000\000\000\000\000\000\000\000\000\000\000\000\000\000\000\000\000\000\000\000\000\000\000\000\000\000\000P\031-}\351f\032\255\274\334m\326c\017\014ao[\342\230\003\245\245\3341Hm\326^\017jy\335\261s!\003uv\3157M_,X\323\216\327\373A""\226\013\275\210\0079\020Q\007\035\231@s\266\345\000\272\252vF0D\002 \031\345\306'\376c\272>\314\372\034\310\t,\222\346HL\326\244\024\227\346\244A\226\342xj\316S\025\002 O\267\323\224\354<\237\330\362\205\017\345\212\367\250K#\261\000<\271]\334\021\244\030\262\273Q\353\306\344""; "
1750576782870,1750576782870,930,1,2,3,TMProposeSet,"proposeSeq: 0; currentTxHash: ""\000\000\000\000\000\000\000\000\000\000\000\000\000\000\000\000\000\000\000\000\000\000\000\000\000\000\000\000\000\000\000\000""; nodePubKey: ""\002\005\363\0222\231\333G\357\305\020\014\241\033\231\261Z#\243\036\0267\020\210\265\022\240%\336\332\221\202\352""; closeTime: 803891980; signature: ""0E\002!\000\325\361E'\037\275\210\234\026.d\314\215\265\347\004*H\3161\311\274\037v\310\342-\331#4t\251\002 /,Y\245\372X\201\2676\336\375=\250\210\022\351Yi\3531\215\315;\272\227V/\225?\016\310\203""; previousledger: ""0\355\311\211\352@\036\313K1\024B\343N\323V\367s\355lu\324\374V\207\371F\260\325\345\213\261""; ","proposeSeq: 0; currentTxHash: ""\000\000\000\000\000\000\000\000\000\000\000\000\000\000\000\000\000\000\000\000\000\000\000\000\000\000\000\000\000\000\000\000""; nodePubKey: ""\002\005\363\0222\231\333G\357\305\020\014\241\033\231\261Z#\243\036\0267\020\210\265\022\240%\336\332\221\202\352""; closeTime: 803891980; signature: ""0E\002!\000\325\361E'\037\275\210\234\026.d\314\215\265\347\004*H\3161\311\274\037v\310\342-\331#4t\251\002 /,Y\245\372X\201\2676\336\375=\250\210\022\351Yi\3531\215\315;\272\227V/\225?\016\310\203""; previousledger: ""0\355\311\211\352@\036\313K1\024B\343N\323V\367s\355lu\324\374V\207\371F\260\325\345\213\261""; "
1750576782870,1750576782870,1881,1,2,1,TMProposeSet,"proposeSeq: 0; currentTxHash: ""\000\000\000\000\000\000\000\000\000\000\000\000\000\000\000\000\000\000\000\000\000\000\000\000\000\000\000\000\000\000\000\000""; nodePubKey: ""\002\005\363\0222\231\333G\357\305\020\014\241\033\231\261Z#\243\036\0267\020\210\265\022\240%\336\332\221\202\352""; closeTime: 803891980; signature: ""0E\002!\000\325\361E'\037\275\210\234\026.d\314\215\265\347\004*H\3161\311\274\037v\310\342-\331#4t\251\002 /,Y\245\372X\201\2676\336\375=\250\210\022\351Yi\3531\215\315;\272\227V/\225?\016\310\203""; previousledger: ""0\355\311\211\352@\036\313K1\024B\343N\323V\367s\355lu\324\374V\207\371F\260\325\345\213\261""; ","proposeSeq: 0; currentTxHash: ""\000\000\000\000\000\000\000\000\000\000\000\000\000\000\000\000\000\000\000\000\000\000\000\000\000\000\000\000\000\000\000\000""; nodePubKey: ""\002\005\363\0222\231\333G\357\305\020\014\241\033\231\261Z#\243\036\0267\020\210\265\022\240%\336\332\221\202\352""; closeTime: 803891980; signature: ""0E\002!\000\325\361E'\037\275\210\234\026.d\314\215\265\347\004*H\3161\311\274\037v\310\342-\331#4t\251\002 /,Y\245\372X\201\2676\336\375=\250\210\022\351Yi\3531\215\315;\272\227V/\225?\016\310\203""; previousledger: ""0\355\311\211\352@\036\313K1\024B\343N\323V\367s\355lu\324\374V\207\371F\260\325\345\213\261""; "
1750576782871,1750576782871,2648,1,2,0,TMProposeSet,"proposeSeq: 0; currentTxHash: ""\000\000\000\000\000\000\000\000\000\000\000\000\000\000\000\000\000\000\000\000\000\000\000\000\000\000\000\000\000\000\000\000""; nodePubKey: ""\002\005\363\0222\231\333G\357\305\020\014\241\033\231\261Z#\243\036\0267\020\210\265\022\240%\336\332\221\202\352""; closeTime: 803891980; signature: ""0E\002!\000\325\361E'\037\275\210\234\026.d\314\215\265\347\004*H\3161\311\274\037v\310\342-\331#4t\251\002 /,Y\245\372X\201\2676\336\375=\250\210\022\351Yi\3531\215\315;\272\227V/\225?\016\310\203""; previousledger: ""0\355\311\211\352@\036\313K1\024B\343N\323V\367s\355lu\324\374V\207\371F\260\325\345\213\261""; ","proposeSeq: 0; currentTxHash: ""\000\000\000\000\000\000\000\000\000\000\000\000\000\000\000\000\000\000\000\000\000\000\000\000\000\000\000\000\000\000\000\000""; nodePubKey: ""\002\005\363\0222\231\333G\357\305\020\014\241\033\231\261Z#\243\036\0267\020\210\265\022\240%\336\332\221\202\352""; closeTime: 803891980; signature: ""0E\002!\000\325\361E'\037\275\210\234\026.d\314\215\265\347\004*H\3161\311\274\037v\310\342-\331#4t\251\002 /,Y\245\372X\201\2676\336\375=\250\210\022\351Yi\3531\215\315;\272\227V/\225?\016\310\203""; previousledger: ""0\355\311\211\352@\036\313K1\024B\343N\323V\367s\355lu\324\374V\207\371F\260\325\345\213\261""; "
1750576782872,1750576782872,3831,1,1,0,TMValidation,"validation: """"\200\000\000\001&\000\000\000\003)/\352k\016:~\324\314\253\264\317\217]Qt\361\032\213\221\243\004\006][\376s\340\253\234K}\\013\0362\202`\234\371~d\0310\204\264,P\027\000\000\000\000\000\000\000\000\000\000\000\000\000\000\000\000\000\000\000\000\000\000\000\000\000\000\000\000\000\000\000\000P\031-}\351f\032\255\274\334m\326c\017\014ao[\342\230\003\245\245\3341Hm\326^\017jy\335\261s!\003\031\332\276_\315\363\210\315\246\030F\330\251\017g\263\037\257\332\007 \253\203\233\205\365\344\036\245\374\253\323vF0D\002 \032\302'\023\260\001\367\030\251\230\227Y\351\321\214\334\350\267/A\217\334C\177\206|\333y\352\177\366\200\002 l\217\031?n\nf\027\275E\363Q6[\326V\337\016`>?Y\315!|5C\266x)V\251""; ","validation: """"\200\000\000\001&\000\000\000\003)/\352k\016:~\324\314\253\264\317\217]Qt\361\032\213\221\243\004\006][\376s\340\253\234K}\\013\0362\202`\234\371~d\0310\204\264,P\027\000\000\000\000\000\000\000\000\000\000\000\000\000\000\000\000\000\000\000\000\000\000\000\000\000\000\000\000\000\000\000\000P\031-}\351f\032\255\274\334m\326c\017\014ao[\342\230\003\245\245\3341Hm\326^\017jy\335\261s!\003\031\332\276_\315\363\210\315\246\030F\330\251\017g\263\037\257\332\007 \253\203\233\205\365\344\036\245\374\253\323vF0D\002 \032\302'\023\260\001\367\030\251\230\227Y\351\321\214\334\350\267/A\217\334C\177\206|\333y\352\177\366\200\002 l\217\031?n\nf\027\275E\363Q6[\326V\337\016`>?Y\315!|5C\266x)V\251""; "
1750576782873,1750576782873,1137,1,1,4,TMStatusChange,"newEvent: neACCEPTED_LEDGER; ledgerSeq: 3; ledgerHash: ""t\361\032\213\221\243\004\006][\376s\340\253\234K}\\013\0362\202`\234\371~d\0310\204\264,""; ledgerHashPrevious: ""0\355\311\211\352@\036\313K1\024B\343N\323V\367s\355lu\324\374V\207\371F\260\325\345\213\261""; networkTime: 803891982; firstSeq: 1; lastSeq: 1; ","newEvent: neACCEPTED_LEDGER; ledgerSeq: 3; ledgerHash: ""t\361\032\213\221\243\004\006][\376s\340\253\234K}\\013\0362\202`\234\371~d\0310\204\264,""; ledgerHashPrevious: ""0\355\311\211\352@\036\313K1\024B\343N\323V\367s\355lu\324\374V\207\371F\260\325\345\213\261""; networkTime: 803891982; firstSeq: 1; lastSeq: 1; "
1750576782874,1750576782874,2386,1,1,0,TMStatusChange,"newEvent: neACCEPTED_LEDGER; ledgerSeq: 3; ledgerHash: ""t\361\032\213\221\243\004\006][\376s\340\253\234K}\\013\0362\202`\234\371~d\0310\204\264,""; ledgerHashPrevious: ""0\355\311\211\352@\036\313K1\024B\343N\323V\367s\355lu\324\374V\207\371F\260\325\345\213\261""; networkTime: 803891982; firstSeq: 1; lastSeq: 1; ","newEvent: neACCEPTED_LEDGER; ledgerSeq: 3; ledgerHash: ""t\361\032\213\221\243\004\006][\376s\340\253\234K}\\013\0362\202`\234\371~d\0310\204\264,""; ledgerHashPrevious: ""0\355\311\211\352@\036\313K1\024B\343N\323V\367s\355lu\324\374V\207\371F\260\325\345\213\261""; networkTime: 803891982; firstSeq: 1; lastSeq: 1; "
1750576782874,1750576782874,2844,1,1,2,TMStatusChange,"newEvent: neACCEPTED_LEDGER; ledgerSeq: 3; ledgerHash: ""t\361\032\213\221\243\004\006][\376s\340\253\234K}\\013\0362\202`\234\371~d\0310\204\264,""; ledgerHashPrevious: ""0\355\311\211\352@\036\313K1\024B\343N\323V\367s\355lu\324\374V\207\371F\260\325\345\213\261""; networkTime: 803891982; firstSeq: 1; lastSeq: 1; ","newEvent: neACCEPTED_LEDGER; ledgerSeq: 3; ledgerHash: ""t\361\032\213\221\243\004\006][\376s\340\253\234K}\\013\0362\202`\234\371~d\0310\204\264,""; ledgerHashPrevious: ""0\355\311\211\352@\036\313K1\024B\343N\323V\367s\355lu\324\374V\207\371F\260\325\345\213\261""; networkTime: 803891982; firstSeq: 1; lastSeq: 1; "
1750576782875,1750576782875,1000,1,1,2,TMValidation,"validation: """"\200\000\000\001&\000\000\000\003)/\352k\016:~\324\314\253\264\317\217]Qt\361\032\213\221\243\004\006][\376s\340\253\234K}\\013\0362\202`\234\371~d\0310\204\264,P\027\000\000\000\000\000\000\000\000\000\000\000\000\000\000\000\000\000\000\000\000\000\000\000\000\000\000\000\000\000\000\000\000P\031-}\351f\032\255\274\334m\326c\017\014ao[\342\230\003\245\245\3341Hm\326^\017jy\335\261s!\003\031\332\276_\315\363\210\315\246\030F\330\251\017g\263\037\257\332\007 \253\203\233\205\365\344\036\245\374\253\323vF0D\002 \032\302'\023\260\001\367\030\251\230\227Y\351\321\214\334\350\267/A\217\334C\177\206|\333y\352\177\366\200\002 l\217\031?n\nf\027\275E\363Q6[\326V\337\016`>?Y\315!|5C\266x)V\251""; ","validation: """"\200\000\000\001&\000\000\000\003)/\352k\016:~\324\314\253\264\317\217]Qt\361\032\213\221\243\004\006][\376s\340\253\234K}\\013\0362\202`\234\371~d\0310\204\264,P\027\000\000\000\000\000\000\000\000\000\000\000\000\000\000\000\000\000\000\000\000\000\000\000\000\000\000\000\000\000\000\000\000P\031-}\351f\032\255\274\334m\326c\017\014ao[\342\230\003\245\245\3341Hm\326^\017jy\335\261s!\003\031\332\276_\315\363\210\315\246\030F\330\251\017g\263\037\257\332\007 \253\203\233\205\365\344\036\245\374\253\323vF0D\002 \032\302'\023\260\001\367\030\251\230\227Y\351\321\214\334\350\267/A\217\334C\177\206|\333y\352\177\366\200\002 l\217\031?n\nf\027\275E\363Q6[\326V\337\016`>?Y\315!|5C\266x)V\251""; "
1750576782875,1750576782875,2156,1,1,3,TMValidation,"validation: """"\200\000\000\001&\000\000\000\003)/\352k\016:~\324\314\253\264\317\217]Qt\361\032\213\221\243\004\006][\376s\340\253\234K}\\013\0362\202`\234\371~d\0310\204\264,P\027\000\000\000\000\000\000\000\000\000\000\000\000\000\000\000\000\000\000\000\000\000\000\000\000\000\000\000\000\000\000\000\000P\031-}\351f\032\255\274\334m\326c\017\014ao[\342\230\003\245\245\3341Hm\326^\017jy\335\261s!\003\031\332\276_\315\363\210\315\246\030F\330\251\017g\263\037\257\332\007 \253\203\233\205\365\344\036\245\374\253\323vF0D\002 \032\302'\023\260\001\367\030\251\230\227Y\351\321\214\334\350\267/A\217\334C\177\206|\333y\352\177\366\200\002 l\217\031?n\nf\027\275E\363Q6[\326V\337\016`>?Y\315!|5C\266x)V\251""; ","validation: """"\200\000\000\001&\000\000\000\003)/\352k\016:~\324\314\253\264\317\217]Qt\361\032\213\221\243\004\006][\376s\340\253\234K}\\013\0362\202`\234\371~d\0310\204\264,P\027\000\000\000\000\000\000\000\000\000\000\000\000\000\000\000\000\000\000\000\000\000\000\000\000\000\000\000\000\000\000\000\000P\031-}\351f\032\255\274\334m\326c\017\014ao[\342\230\003\245\245\3341Hm\326^\017jy\335\261s!\003\031\332\276_\315\363\210\315\246\030F\330\251\017g\263\037\257\332\007 \253\203\233\205\365\344\036\245\374\253\323vF0D\002 \032\302'\023\260\001\367\030\251\230\227Y\351\321\214\334\350\267/A\217\334C\177\206|\333y\352\177\366\200\002 l\217\031?n\nf\027\275E\363Q6[\326V\337\016`>?Y\315!|5C\266x)V\251""; "
1750576782875,1750576782875,1638,1,1,3,TMStatusChange,"newEvent: neACCEPTED_LEDGER; ledgerSeq: 3; ledgerHash: ""t\361\032\213\221\243\004\006][\376s\340\253\234K}\\013\0362\202`\234\371~d\0310\204\264,""; ledgerHashPrevious: ""0\355\311\211\352@\036\313K1\024B\343N\323V\367s\355lu\324\374V\207\371F\260\325\345\213\261""; networkTime: 803891982; firstSeq: 1; lastSeq: 1; ","newEvent: neACCEPTED_LEDGER; ledgerSeq: 3; ledgerHash: ""t\361\032\213\221\243\004\006][\376s\340\253\234K}\\013\0362\202`\234\371~d\0310\204\264,""; ledgerHashPrevious: ""0\355\311\211\352@\036\313K1\024B\343N\323V\367s\355lu\324\374V\207\371F\260\325\345\213\261""; networkTime: 803891982; firstSeq: 1; lastSeq: 1; "
1750576782898,1750576782898,490,1,4,3,TMValidation,"validation: """"\200\000\000\001&\000\000\000\003)/\352k\016:\030\016l\375\261lU\035Qt\361\032\213\221\243\004\006][\376s\340\253\234K}\\013\0362\202`\234\371~d\0310\204\264,P\027\000\000\000\000\000\000\000\000\000\000\000\000\000\000\000\000\000\000\000\000\000\000\000\000\000\000\000\000\000\000\000\000P\031-}\351f\032\255\274\334m\326c\017\014ao[\342\230\003\245\245\3341Hm\326^\017jy\335\261s!\002\005\363\0222\231\333G\357\305\020\014\241\033\231\261Z#\243\036\0267\020\210\265\022\240%\336\332\221\202\352vG0E\002!\000\220A\330\322/`\306\371b&L\231\366\337wx5.~*\232Su\375\0035'T\302\321\254/\002 N\337\n\243O\303dS\370y\343\342\331\267\230\211y2\211j\0242\366;A\244\345\305\025inN""; ","validation: """"\200\000\000\001&\000\000\000\003)/\352k\016:\030\016l\375\261lU\035Qt\361\032\213\221\243\004\006][\376s\340\253\234K}\\013\0362\202`\234\371~d\0310\204\264,P\027\000\000\000\000\000\000\000\000\000\000\000\000\000\000\000\000\000\000\000\000\000\000\000\000\000\000\000\000\000\000\000\000P\031-}\351f\032\255\274\334m\326c\017\014ao[\342\230\003\245\245\3341Hm\326^\017jy\335\261s!\002\005\363\0222\231\333G\357\305\020\014\241\033\231\261Z#\243\036\0267\020\210\265\022\240%\336\332\221\202\352vG0E\002!\000\220A\330\322/`\306\371b&L\231\366\337wx5.~*\232Su\375\0035'T\302\321\254/\002 N\337\n\243O\303dS\370y\343\342\331\267\230\211y2\211j\0242\366;A\244\345\305\025inN""; "
1750576782899,1750576782899,1879,1,4,2,TMValidation,"validation: """"\200\000\000\001&\000\000\000\003)/\352k\016:\030\016l\375\261lU\035Qt\361\032\213\221\243\004\006][\376s\340\253\234K}\\013\0362\202`\234\371~d\0310\204\264,P\027\000\000\000\000\000\000\000\000\000\000\000\000\000\000\000\000\000\000\000\000\000\000\000\000\000\000\000\000\000\000\000\000P\031-}\351f\032\255\274\334m\326c\017\014ao[\342\230\003\245\245\3341Hm\326^\017jy\335\261s!\002\005\363\0222\231\333G\357\305\020\014\241\033\231\261Z#\243\036\0267\020\210\265\022\240%\336\332\221\202\352vG0E\002!\000\220A\330\322/`\306\371b&L\231\366\337wx5.~*\232Su\375\0035'T\302\321\254/\002 N\337\n\243O\303dS\370y\343\342\331\267\230\211y2\211j\0242\366;A\244\345\305\025inN""; ","validation: """"\200\000\000\001&\000\000\000\003)/\352k\016:\030\016l\375\261lU\035Qt\361\032\213\221\243\004\006][\376s\340\253\234K}\\013\0362\202`\234\371~d\0310\204\264,P\027\000\000\000\000\000\000\000\000\000\000\000\000\000\000\000\000\000\000\000\000\000\000\000\000\000\000\000\000\000\000\000\000P\031-}\351f\032\255\274\334m\326c\017\014ao[\342\230\003\245\245\3341Hm\326^\017jy\335\261s!\002\005\363\0222\231\333G\357\305\020\014\241\033\231\261Z#\243\036\0267\020\210\265\022\240%\336\332\221\202\352vG0E\002!\000\220A\330\322/`\306\371b&L\231\366\337wx5.~*\232Su\375\0035'T\302\321\254/\002 N\337\n\243O\303dS\370y\343\342\331\267\230\211y2\211j\0242\366;A\244\345\305\025inN""; "
1750576782899,1750576782899,1044,1,4,0,TMValidation,"validation: """"\200\000\000\001&\000\000\000\003)/\352k\016:\030\016l\375\261lU\035Qt\361\032\213\221\243\004\006][\376s\340\253\234K}\\013\0362\202`\234\371~d\0310\204\264,P\027\000\000\000\000\000\000\000\000\000\000\000\000\000\000\000\000\000\000\000\000\000\000\000\000\000\000\000\000\000\000\000\000P\031-}\351f\032\255\274\334m\326c\017\014ao[\342\230\003\245\245\3341Hm\326^\017jy\335\261s!\002\005\363\0222\231\333G\357\305\020\014\241\033\231\261Z#\243\036\0267\020\210\265\022\240%\336\332\221\202\352vG0E\002!\000\220A\330\322/`\306\371b&L\231\366\337wx5.~*\232Su\375\0035'T\302\321\254/\002 N\337\n\243O\303dS\370y\343\342\331\267\230\211y2\211j\0242\366;A\244\345\305\025inN""; ","validation: """"\200\000\000\001&\000\000\000\003)/\352k\016:\030\016l\375\261lU\035Qt\361\032\213\221\243\004\006][\376s\340\253\234K}\\013\0362\202`\234\371~d\0310\204\264,P\027\000\000\000\000\000\000\000\000\000\000\000\000\000\000\000\000\000\000\000\000\000\000\000\000\000\000\000\000\000\000\000\000P\031-}\351f\032\255\274\334m\326c\017\014ao[\342\230\003\245\245\3341Hm\326^\017jy\335\261s!\002\005\363\0222\231\333G\357\305\020\014\241\033\231\261Z#\243\036\0267\020\210\265\022\240%\336\332\221\202\352vG0E\002!\000\220A\330\322/`\306\371b&L\231\366\337wx5.~*\232Su\375\0035'T\302\321\254/\002 N\337\n\243O\303dS\370y\343\342\331\267\230\211y2\211j\0242\366;A\244\345\305\025inN""; "
1750576782914,1750576782914,494,1,1,4,TMValidation,"validation: """"\200\000\000\001&\000\000\000\003)/\352k\016:~\324\314\253\264\317\217]Qt\361\032\213\221\243\004\006][\376s\340\253\234K}\\013\0362\202`\234\371~d\0310\204\264,P\027\000\000\000\000\000\000\000\000\000\000\000\000\000\000\000\000\000\000\000\000\000\000\000\000\000\000\000\000\000\000\000\000P\031-}\351f\032\255\274\334m\326c\017\014ao[\342\230\003\245\245\3341Hm\326^\017jy\335\261s!\003\031\332\276_\315\363\210\315\246\030F\330\251\017g\263\037\257\332\007 \253\203\233\205\365\344\036\245\374\253\323vF0D\002 \032\302'\023\260\001\367\030\251\230\227Y\351\321\214\334\350\267/A\217\334C\177\206|\333y\352\177\366\200\002 l\217\031?n\nf\027\275E\363Q6[\326V\337\016`>?Y\315!|5C\266x)V\251""; ","validation: """"\200\000\000\001&\000\000\000\003)/\352k\016:~\324\314\253\264\317\217]Qt\361\032\213\221\243\004\006][\376s\340\253\234K}\\013\0362\202`\234\371~d\0310\204\264,P\027\000\000\000\000\000\000\000\000\000\000\000\000\000\000\000\000\000\000\000\000\000\000\000\000\000\000\000\000\000\000\000\000P\031-}\351f\032\255\274\334m\326c\017\014ao[\342\230\003\245\245\3341Hm\326^\017jy\335\261s!\003\031\332\276_\315\363\210\315\246\030F\330\251\017g\263\037\257\332\007 \253\203\233\205\365\344\036\245\374\253\323vF0D\002 \032\302'\023\260\001\367\030\251\230\227Y\351\321\214\334\350\267/A\217\334C\177\206|\333y\352\177\366\200\002 l\217\031?n\nf\027\275E\363Q6[\326V\337\016`>?Y\315!|5C\266x)V\251""; "
1750576782936,1750576782937,1433,1,3,2,TMValidation,"validation: """"\200\000\000\001&\000\000\000\003)/\352k\016:\225\031\312\0231#ajQt\361\032\213\221\243\004\006][\376s\340\253\234K}\\013\0362\202`\234\371~d\0310\204\264,P\027\000\000\000\000\000\000\000\000\000\000\000\000\000\000\000\000\000\000\000\000\000\000\000\000\000\000\000\000\000\000\000\000P\031-}\351f\032\255\274\334m\326c\017\014ao[\342\230\003\245\245\3341Hm\326^\017jy\335\261s!\002i\265d-H\225\336\350\317n\272\016O\317\257\273\327\352\371\231\250\230(\240\353\331\024\207\241\020\304!vG0E\002!\000\344L5\315\345\361\0337&|J{\237:\317;4\210g\377\344\007\353-1\025\t\330\017\216\346\372\002 l\313\343l\267\203a\323\371\244\214<\335\334X\032b\013\214k\375\213c\370\351_\263\324+\021\302\361""; ","validation: """"\200\000\000\001&\000\000\000\003)/\352k\016:\225\031\312\0231#ajQt\361\032\213\221\243\004\006][\376s\340\253\234K}\\013\0362\202`\234\371~d\0310\204\264,P\027\000\000\000\000\000\000\000\000\000\000\000\000\000\000\000\000\000\000\000\000\000\000\000\000\000\000\000\000\000\000\000\000P\031-}\351f\032\255\274\334m\326c\017\014ao[\342\230\003\245\245\3341Hm\326^\017jy\335\261s!\002i\265d-H\225\336\350\317n\272\016O\317\257\273\327\352\371\231\250\230(\240\353\331\024\207\241\020\304!vG0E\002!\000\344L5\315\345\361\0337&|J{\237:\317;4\210g\377\344\007\353-1\025\t\330\017\216\346\372\002 l\313\343l\267\203a\323\371\244\214<\335\334X\032b\013\214k\375\213c\370\351_\263\324+\021\302\361""; "
1750576782937,1750576782937,108,1,3,0,TMValidation,"validation: """"\200\000\000\001&\000\000\000\003)/\352k\016:\225\031\312\0231#ajQt\361\032\213\221\243\004\006][\376s\340\253\234K}\\013\0362\202`\234\371~d\0310\204\264,P\027\000\000\000\000\000\000\000\000\000\000\000\000\000\000\000\000\000\000\000\000\000\000\000\000\000\000\000\000\000\000\000\000P\031-}\351f\032\255\274\334m\326c\017\014ao[\342\230\003\245\245\3341Hm\326^\017jy\335\261s!\002i\265d-H\225\336\350\317n\272\016O\317\257\273\327\352\371\231\250\230(\240\353\331\024\207\241\020\304!vG0E\002!\000\344L5\315\345\361\0337&|J{\237:\317;4\210g\377\344\007\353-1\025\t\330\017\216\346\372\002 l\313\343l\267\203a\323\371\244\214<\335\334X\032b\013\214k\375\213c\370\351_\263\324+\021\302\361""; ","validation: """"\200\000\000\001&\000\000\000\003)/\352k\016:\225\031\312\0231#ajQt\361\032\213\221\243\004\006][\376s\340\253\234K}\\013\0362\202`\234\371~d\0310\204\264,P\027\000\000\000\000\000\000\000\000\000\000\000\000\000\000\000\000\000\000\000\000\000\000\000\000\000\000\000\000\000\000\000\000P\031-}\351f\032\255\274\334m\326c\017\014ao[\342\230\003\245\245\3341Hm\326^\017jy\335\261s!\002i\265d-H\225\336\350\317n\272\016O\317\257\273\327\352\371\231\250\230(\240\353\331\024\207\241\020\304!vG0E\002!\000\344L5\315\345\361\0337&|J{\237:\317;4\210g\377\344\007\353-1\025\t\330\017\216\346\372\002 l\313\343l\267\203a\323\371\244\214<\335\334X\032b\013\214k\375\213c\370\351_\263\324+\021\302\361""; "
1750576782938,1750576782938,1360,1,3,1,TMValidation,"validation: """"\200\000\000\001&\000\000\000\003)/\352k\016:\225\031\312\0231#ajQt\361\032\213\221\243\004\006][\376s\340\253\234K}\\013\0362\202`\234\371~d\0310\204\264,P\027\000\000\000\000\000\000\000\000\000\000\000\000\000\000\000\000\000\000\000\000\000\000\000\000\000\000\000\000\000\000\000\000P\031-}\351f\032\255\274\334m\326c\017\014ao[\342\230\003\245\245\3341Hm\326^\017jy\335\261s!\002i\265d-H\225\336\350\317n\272\016O\317\257\273\327\352\371\231\250\230(\240\353\331\024\207\241\020\304!vG0E\002!\000\344L5\315\345\361\0337&|J{\237:\317;4\210g\377\344\007\353-1\025\t\330\017\216\346\372\002 l\313\343l\267\203a\323\371\244\214<\335\334X\032b\013\214k\375\213c\370\351_\263\324+\021\302\361""; ","validation: """"\200\000\000\001&\000\000\000\003)/\352k\016:\225\031\312\0231#ajQt\361\032\213\221\243\004\006][\376s\340\253\234K}\\013\0362\202`\234\371~d\0310\204\264,P\027\000\000\000\000\000\000\000\000\000\000\000\000\000\000\000\000\000\000\000\000\000\000\000\000\000\000\000\000\000\000\000\000P\031-}\351f\032\255\274\334m\326c\017\014ao[\342\230\003\245\245\3341Hm\326^\017jy\335\261s!\002i\265d-H\225\336\350\317n\272\016O\317\257\273\327\352\371\231\250\230(\240\353\331\024\207\241\020\304!vG0E\002!\000\344L5\315\345\361\0337&|J{\237:\317;4\210g\377\344\007\353-1\025\t\330\017\216\346\372\002 l\313\343l\267\203a\323\371\244\214<\335\334X\032b\013\214k\375\213c\370\351_\263\324+\021\302\361""; "
1750576782991,1750576782991,494,1,1,4,TMValidation,"validation: """"\200\000\000\001&\000\000\000\003)/\352k\016:\373\252\211\251\2041h\203Qt\361\032\213\221\243\004\006][\376s\340\253\234K}\\013\0362\202`\234\371~d\0310\204\264,P\027\000\000\000\000\000\000\000\000\000\000\000\000\000\000\000\000\000\000\000\000\000\000\000\000\000\000\000\000\000\000\000\000P\031-}\351f\032\255\274\334m\326c\017\014ao[\342\230\003\245\245\3341Hm\326^\017jy\335\261s!\003uv\3157M_,X\323\216\327\373A""\226\013\275\210\0079\020Q\007\035\231@s\266\345\000\272\252vF0D\002 \031\345\306'\376c\272>\314\372\034\310\t,\222\346HL\326\244\024\227\346\244A\226\342xj\316S\025\002 O\267\323\224\354<\237\330\362\205\017\345\212\367\250K#\261\000<\271]\334\021\244\030\262\273Q\353\306\344""; ","validation: """"\200\000\000\001&\000\000\000\003)/\352k\016:\373\252\211\251\2041h\203Qt\361\032\213\221\243\004\006][\376s\340\253\234K}\\013\0362\202`\234\371~d\0310\204\264,P\027\000\000\000\000\000\000\000\000\000\000\000\000\000\000\000\000\000\000\000\000\000\000\000\000\000\000\000\000\000\000\000\000P\031-}\351f\032\255\274\334m\326c\017\014ao[\342\230\003\245\245\3341Hm\326^\017jy\335\261s!\003uv\3157M_,X\323\216\327\373A""\226\013\275\210\0079\020Q\007\035\231@s\266\345\000\272\252vF0D\002 \031\345\306'\376c\272>\314\372\034\310\t,\222\346HL\326\244\024\227\346\244A\226\342xj\316S\025\002 O\267\323\224\354<\237\330\362\205\017\345\212\367\250K#\261\000<\271]\334\021\244\030\262\273Q\353\306\344""; "
1750576782992,1750576782992,2156,1,1,3,TMValidation,"validation: """"\200\000\000\001&\000\000\000\003)/\352k\016:\373\252\211\251\2041h\203Qt\361\032\213\221\243\004\006][\376s\340\253\234K}\\013\0362\202`\234\371~d\0310\204\264,P\027\000\000\000\000\000\000\000\000\000\000\000\000\000\000\000\000\000\000\000\000\000\000\000\000\000\000\000\000\000\000\000\000P\031-}\351f\032\255\274\334m\326c\017\014ao[\342\230\003\245\245\3341Hm\326^\017jy\335\261s!\003uv\3157M_,X\323\216\327\373A""\226\013\275\210\0079\020Q\007\035\231@s\266\345\000\272\252vF0D\002 \031\345\306'\376c\272>\314\372\034\310\t,\222\346HL\326\244\024\227\346\244A\226\342xj\316S\025\002 O\267\323\224\354<\237\330\362\205\017\345\212\367\250K#\261\000<\271]\334\021\244\030\262\273Q\353\306\344""; ","validation: """"\200\000\000\001&\000\000\000\003)/\352k\016:\373\252\211\251\2041h\203Qt\361\032\213\221\243\004\006][\376s\340\253\234K}\\013\0362\202`\234\371~d\0310\204\264,P\027\000\000\000\000\000\000\000\000\000\000\000\000\000\000\000\000\000\000\000\000\000\000\000\000\000\000\000\000\000\000\000\000P\031-}\351f\032\255\274\334m\326c\017\014ao[\342\230\003\245\245\3341Hm\326^\017jy\335\261s!\003uv\3157M_,X\323\216\327\373A""\226\013\275\210\0079\020Q\007\035\231@s\266\345\000\272\252vF0D\002 \031\345\306'\376c\272>\314\372\034\310\t,\222\346HL\326\244\024\227\346\244A\226\342xj\316S\025\002 O\267\323\224\354<\237\330\362\205\017\345\212\367\250K#\261\000<\271]\334\021\244\030\262\273Q\353\306\344""; "
1750576782992,1750576782992,1000,1,1,2,TMValidation,"validation: """"\200\000\000\001&\000\000\000\003)/\352k\016:\373\252\211\251\2041h\203Qt\361\032\213\221\243\004\006][\376s\340\253\234K}\\013\0362\202`\234\371~d\0310\204\264,P\027\000\000\000\000\000\000\000\000\000\000\000\000\000\000\000\000\000\000\000\000\000\000\000\000\000\000\000\000\000\000\000\000P\031-}\351f\032\255\274\334m\326c\017\014ao[\342\230\003\245\245\3341Hm\326^\017jy\335\261s!\003uv\3157M_,X\323\216\327\373A""\226\013\275\210\0079\020Q\007\035\231@s\266\345\000\272\252vF0D\002 \031\345\306'\376c\272>\314\372\034\310\t,\222\346HL\326\244\024\227\346\244A\226\342xj\316S\025\002 O\267\323\224\354<\237\330\362\205\017\345\212\367\250K#\261\000<\271]\334\021\244\030\262\273Q\353\306\344""; ","validation: """"\200\000\000\001&\000\000\000\003)/\352k\016:\373\252\211\251\2041h\203Qt\361\032\213\221\243\004\006][\376s\340\253\234K}\\013\0362\202`\234\371~d\0310\204\264,P\027\000\000\000\000\000\000\000\000\000\000\000\000\000\000\000\000\000\000\000\000\000\000\000\000\000\000\000\000\000\000\000\000P\031-}\351f\032\255\274\334m\326c\017\014ao[\342\230\003\245\245\3341Hm\326^\017jy\335\261s!\003uv\3157M_,X\323\216\327\373A""\226\013\275\210\0079\020Q\007\035\231@s\266\345\000\272\252vF0D\002 \031\345\306'\376c\272>\314\372\034\310\t,\222\346HL\326\244\024\227\346\244A\226\342xj\316S\025\002 O\267\323\224\354<\237\330\362\205\017\345\212\367\250K#\261\000<\271]\334\021\244\030\262\273Q\353\306\344""; "
1750576783047,1750576783047,3923,1,3,1,TMLedgerData,"ledgerHash: ""t\361\032\213\221\243\004\006][\376s\340\253\234K}\\013\0362\202`\234\371~d\0310\204\264,""; ledgerSeq: 3; type: liBASE; nodes {;   nodedata: ""\000\000\000\003\001cEx]\212\000\0000\355\311\211\352@\036\313K1\024B\343N\323V\367s\355lu\324\374V\207\371F\260\325\345\213\261\000\000\000\000\000\000\000\000\000\000\000\000\000\000\000\000\000\000\000\000\000\000\000\000\000\000\000\000\000\000\000\000G\031\225\227\375i-7\214L\232J\366\0003\306\007\027W>k)\252\327\257I,-\303\022\267\323/\352j\370/\352k\014\n\000""; }; nodes {;   nodedata: ""\303\016\021\310<Z\337\266>\225@&n\022\246\274\353\220\345b3\035\313\350L\354\254\002\005\305\035\017\002E\344\037@\210\363\010\336T\226\247'\204_{\261\370""1\235\2445\343\033Y!\212\201\341\272\225'\007\013\357A\200H\036\034)'\260\323\r\306\345\321\200\220rdO\002\200Zsx\207\262 \r\023\222\n\013\003""; }; ","ledgerHash: ""t\361\032\213\221\243\004\006][\376s\340\253\234K}\\013\0362\202`\234\371~d\0310\204\264,""; ledgerSeq: 3; type: liBASE; nodes {;   nodedata: ""\000\000\000\003\001cEx]\212\000\0000\355\311\211\352@\036\313K1\024B\343N\323V\367s\355lu\324\374V\207\371F\260\325\345\213\261\000\000\000\000\000\000\000\000\000\000\000\000\000\000\000\000\000\000\000\000\000\000\000\000\000\000\000\000\000\000\000\000G\031\225\227\375i-7\214L\232J\366\0003\306\007\027W>k)\252\327\257I,-\303\022\267\323/\352j\370/\352k\014\n\000""; }; nodes {;   nodedata: ""\303\016\021\310<Z\337\266>\225@&n\022\246\274\353\220\345b3\035\313\350L\354\254\002\005\305\035\017\002E\344\037@\210\363\010\336T\226\247'\204_{\261\370""1\235\2445\343\033Y!\212\201\341\272\225'\007\013\357A\200H\036\034)'\260\323\r\306\345\321\200\220rdO\002\200Zsx\207\262 \r\023\222\n\013\003""; }; "
1750576783048,1750576783048,3923,1,3,1,TMLedgerData,"ledgerHash: ""t\361\032\213\221\243\004\006][\376s\340\253\234K}\\013\0362\202`\234\371~d\0310\204\264,""; ledgerSeq: 3; type: liBASE; nodes {;   nodedata: ""\000\000\000\003\001cEx]\212\000\0000\355\311\211\352@\036\313K1\024B\343N\323V\367s\355lu\324\374V\207\371F\260\325\345\213\261\000\000\000\000\000\000\000\000\000\000\000\000\000\000\000\000\000\000\000\000\000\000\000\000\000\000\000\000\000\000\000\000G\031\225\227\375i-7\214L\232J\366\0003\306\007\027W>k)\252\327\257I,-\303\022\267\323/\352j\370/\352k\014\n\000""; }; nodes {;   nodedata: ""\303\016\021\310<Z\337\266>\225@&n\022\246\274\353\220\345b3\035\313\350L\354\254\002\005\305\035\017\002E\344\037@\210\363\010\336T\226\247'\204_{\261\370""1\235\2445\343\033Y!\212\201\341\272\225'\007\013\357A\200H\036\034)'\260\323\r\306\345\321\200\220rdO\002\200Zsx\207\262 \r\023\222\n\013\003""; }; ","ledgerHash: ""t\361\032\213\221\243\004\006][\376s\340\253\234K}\\013\0362\202`\234\371~d\0310\204\264,""; ledgerSeq: 3; type: liBASE; nodes {;   nodedata: ""\000\000\000\003\001cEx]\212\000\0000\355\311\211\352@\036\313K1\024B\343N\323V\367s\355lu\324\374V\207\371F\260\325\345\213\261\000\000\000\000\000\000\000\000\000\000\000\000\000\000\000\000\000\000\000\000\000\000\000\000\000\000\000\000\000\000\000\000G\031\225\227\375i-7\214L\232J\366\0003\306\007\027W>k)\252\327\257I,-\303\022\267\323/\352j\370/\352k\014\n\000""; }; nodes {;   nodedata: ""\303\016\021\310<Z\337\266>\225@&n\022\246\274\353\220\345b3\035\313\350L\354\254\002\005\305\035\017\002E\344\037@\210\363\010\336T\226\247'\204_{\261\370""1\235\2445\343\033Y!\212\201\341\272\225'\007\013\357A\200H\036\034)'\260\323\r\306\345\321\200\220rdO\002\200Zsx\207\262 \r\023\222\n\013\003""; }; "
1750576783048,1750576783049,3783,1,0,2,TMValidation,"validation: """"\200\000\000\001&\000\000\000\003)/\352k\016:\225\031\312\0231#ajQt\361\032\213\221\243\004\006][\376s\340\253\234K}\\013\0362\202`\234\371~d\0310\204\264,P\027\000\000\000\000\000\000\000\000\000\000\000\000\000\000\000\000\000\000\000\000\000\000\000\000\000\000\000\000\000\000\000\000P\031-}\351f\032\255\274\334m\326c\017\014ao[\342\230\003\245\245\3341Hm\326^\017jy\335\261s!\002i\265d-H\225\336\350\317n\272\016O\317\257\273\327\352\371\231\250\230(\240\353\331\024\207\241\020\304!vG0E\002!\000\344L5\315\345\361\0337&|J{\237:\317;4\210g\377\344\007\353-1\025\t\330\017\216\346\372\002 l\313\343l\267\203a\323\371\244\214<\335\334X\032b\013\214k\375\213c\370\351_\263\324+\021\302\361""; ","validation: """"\200\000\000\001&\000\000\000\003)/\352k\016:\225\031\312\0231#ajQt\361\032\213\221\243\004\006][\376s\340\253\234K}\\013\0362\202`\234\371~d\0310\204\264,P\027\000\000\000\000\000\000\000\000\000\000\000\000\000\000\000\000\000\000\000\000\000\000\000\000\000\000\000\000\000\000\000\000P\031-}\351f\032\255\274\334m\326c\017\014ao[\342\230\003\245\245\3341Hm\326^\017jy\335\261s!\002i\265d-H\225\336\350\317n\272\016O\317\257\273\327\352\371\231\250\230(\240\353\331\024\207\241\020\304!vG0E\002!\000\344L5\315\345\361\0337&|J{\237:\317;4\210g\377\344\007\353-1\025\t\330\017\216\346\372\002 l\313\343l\267\203a\323\371\244\214<\335\334X\032b\013\214k\375\213c\370\351_\263\324+\021\302\361""; "
1750576783049,1750576783049,2019,1,0,4,TMValidation,"validation: """"\200\000\000\001&\000\000\000\003)/\352k\016:\225\031\312\0231#ajQt\361\032\213\221\243\004\006][\376s\340\253\234K}\\013\0362\202`\234\371~d\0310\204\264,P\027\000\000\000\000\000\000\000\000\000\000\000\000\000\000\000\000\000\000\000\000\000\000\000\000\000\000\000\000\000\000\000\000P\031-}\351f\032\255\274\334m\326c\017\014ao[\342\230\003\245\245\3341Hm\326^\017jy\335\261s!\002i\265d-H\225\336\350\317n\272\016O\317\257\273\327\352\371\231\250\230(\240\353\331\024\207\241\020\304!vG0E\002!\000\344L5\315\345\361\0337&|J{\237:\317;4\210g\377\344\007\353-1\025\t\330\017\216\346\372\002 l\313\343l\267\203a\323\371\244\214<\335\334X\032b\013\214k\375\213c\370\351_\263\324+\021\302\361""; ","validation: """"\200\000\000\001&\000\000\000\003)/\352k\016:\225\031\312\0231#ajQt\361\032\213\221\243\004\006][\376s\340\253\234K}\\013\0362\202`\234\371~d\0310\204\264,P\027\000\000\000\000\000\000\000\000\000\000\000\000\000\000\000\000\000\000\000\000\000\000\000\000\000\000\000\000\000\000\000\000P\031-}\351f\032\255\274\334m\326c\017\014ao[\342\230\003\245\245\3341Hm\326^\017jy\335\261s!\002i\265d-H\225\336\350\317n\272\016O\317\257\273\327\352\371\231\250\230(\240\353\331\024\207\241\020\304!vG0E\002!\000\344L5\315\345\361\0337&|J{\237:\317;4\210g\377\344\007\353-1\025\t\330\017\216\346\372\002 l\313\343l\267\203a\323\371\244\214<\335\334X\032b\013\214k\375\213c\370\351_\263\324+\021\302\361""; "
1750576783050,1750576783050,219,1,0,1,TMValidation,"validation: """"\200\000\000\001&\000\000\000\003)/\352k\016:\225\031\312\0231#ajQt\361\032\213\221\243\004\006][\376s\340\253\234K}\\013\0362\202`\234\371~d\0310\204\264,P\027\000\000\000\000\000\000\000\000\000\000\000\000\000\000\000\000\000\000\000\000\000\000\000\000\000\000\000\000\000\000\000\000P\031-}\351f\032\255\274\334m\326c\017\014ao[\342\230\003\245\245\3341Hm\326^\017jy\335\261s!\002i\265d-H\225\336\350\317n\272\016O\317\257\273\327\352\371\231\250\230(\240\353\331\024\207\241\020\304!vG0E\002!\000\344L5\315\345\361\0337&|J{\237:\317;4\210g\377\344\007\353-1\025\t\330\017\216\346\372\002 l\313\343l\267\203a\323\371\244\214<\335\334X\032b\013\214k\375\213c\370\351_\263\324+\021\302\361""; ","validation: """"\200\000\000\001&\000\000\000\003)/\352k\016:\225\031\312\0231#ajQt\361\032\213\221\243\004\006][\376s\340\253\234K}\\013\0362\202`\234\371~d\0310\204\264,P\027\000\000\000\000\000\000\000\000\000\000\000\000\000\000\000\000\000\000\000\000\000\000\000\000\000\000\000\000\000\000\000\000P\031-}\351f\032\255\274\334m\326c\017\014ao[\342\230\003\245\245\3341Hm\326^\017jy\335\261s!\002i\265d-H\225\336\350\317n\272\016O\317\257\273\327\352\371\231\250\230(\240\353\331\024\207\241\020\304!vG0E\002!\000\344L5\315\345\361\0337&|J{\237:\317;4\210g\377\344\007\353-1\025\t\330\017\216\346\372\002 l\313\343l\267\203a\323\371\244\214<\335\334X\032b\013\214k\375\213c\370\351_\263\324+\021\302\361""; "
1750576783173,1750576783174,505,1,2,4,TMProposeSet,"proposeSeq: 0; currentTxHash: ""\000\000\000\000\000\000\000\000\000\000\000\000\000\000\000\000\000\000\000\000\000\000\000\000\000\000\000\000\000\000\000\000""; nodePubKey: ""\003\031\332\276_\315\363\210\315\246\030F\330\251\017g\263\037\257\332\007 \253\203\233\205\365\344\036\245\374\253\323""; closeTime: 803891980; signature: ""0E\002!\000\303E.\001\342\035\330\005YF\204\376\312n\201\323\311K\023n _8\223\345fR\027\010I\347\364\002 \032`\356(\2739\032C\200\213\214\360\261*e\016fE\331\310\341\207\366\023\240\273\000\010\003'L\320""; previousledger: ""0\355\311\211\352@\036\313K1\024B\343N\323V\367s\355lu\324\374V\207\371F\260\325\345\213\261""; ","proposeSeq: 0; currentTxHash: ""\000\000\000\000\000\000\000\000\000\000\000\000\000\000\000\000\000\000\000\000\000\000\000\000\000\000\000\000\000\000\000\000""; nodePubKey: ""\003\031\332\276_\315\363\210\315\246\030F\330\251\017g\263\037\257\332\007 \253\203\233\205\365\344\036\245\374\253\323""; closeTime: 803891980; signature: ""0E\002!\000\303E.\001\342\035\330\005YF\204\376\312n\201\323\311K\023n _8\223\345fR\027\010I\347\364\002 \032`\356(\2739\032C\200\213\214\360\261*e\016fE\331\310\341\207\366\023\240\273\000\010\003'L\320""; previousledger: ""0\355\311\211\352@\036\313K1\024B\343N\323V\367s\355lu\324\374V\207\371F\260\325\345\213\261""; "
1750576783174,1750576783175,930,1,2,3,TMProposeSet,"proposeSeq: 0; currentTxHash: ""\000\000\000\000\000\000\000\000\000\000\000\000\000\000\000\000\000\000\000\000\000\000\000\000\000\000\000\000\000\000\000\000""; nodePubKey: ""\003\031\332\276_\315\363\210\315\246\030F\330\251\017g\263\037\257\332\007 \253\203\233\205\365\344\036\245\374\253\323""; closeTime: 803891980; signature: ""0E\002!\000\303E.\001\342\035\330\005YF\204\376\312n\201\323\311K\023n _8\223\345fR\027\010I\347\364\002 \032`\356(\2739\032C\200\213\214\360\261*e\016fE\331\310\341\207\366\023\240\273\000\010\003'L\320""; previousledger: ""0\355\311\211\352@\036\313K1\024B\343N\323V\367s\355lu\324\374V\207\371F\260\325\345\213\261""; ","proposeSeq: 0; currentTxHash: ""\000\000\000\000\000\000\000\000\000\000\000\000\000\000\000\000\000\000\000\000\000\000\000\000\000\000\000\000\000\000\000\000""; nodePubKey: ""\003\031\332\276_\315\363\210\315\246\030F\330\251\017g\263\037\257\332\007 \253\203\233\205\365\344\036\245\374\253\323""; closeTime: 803891980; signature: ""0E\002!\000\303E.\001\342\035\330\005YF\204\376\312n\201\323\311K\023n _8\223\345fR\027\010I\347\364\002 \032`\356(\2739\032C\200\213\214\360\261*e\016fE\331\310\341\207\366\023\240\273\000\010\003'L\320""; previousledger: ""0\355\311\211\352@\036\313K1\024B\343N\323V\367s\355lu\324\374V\207\371F\260\325\345\213\261""; "
1750576783174,1750576783174,2648,1,2,0,TMProposeSet,"proposeSeq: 0; currentTxHash: ""\000\000\000\000\000\000\000\000\000\000\000\000\000\000\000\000\000\000\000\000\000\000\000\000\000\000\000\000\000\000\000\000""; nodePubKey: ""\003\031\332\276_\315\363\210\315\246\030F\330\251\017g\263\037\257\332\007 \253\203\233\205\365\344\036\245\374\253\323""; closeTime: 803891980; signature: ""0E\002!\000\303E.\001\342\035\330\005YF\204\376\312n\201\323\311K\023n _8\223\345fR\027\010I\347\364\002 \032`\356(\2739\032C\200\213\214\360\261*e\016fE\331\310\341\207\366\023\240\273\000\010\003'L\320""; previousledger: ""0\355\311\211\352@\036\313K1\024B\343N\323V\367s\355lu\324\374V\207\371F\260\325\345\213\261""; ","proposeSeq: 0; currentTxHash: ""\000\000\000\000\000\000\000\000\000\000\000\000\000\000\000\000\000\000\000\000\000\000\000\000\000\000\000\000\000\000\000\000""; nodePubKey: ""\003\031\332\276_\315\363\210\315\246\030F\330\251\017g\263\037\257\332\007 \253\203\233\205\365\344\036\245\374\253\323""; closeTime: 803891980; signature: ""0E\002!\000\303E.\001\342\035\330\005YF\204\376\312n\201\323\311K\023n _8\223\345fR\027\010I\347\364\002 \032`\356(\2739\032C\200\213\214\360\261*e\016fE\331\310\341\207\366\023\240\273\000\010\003'L\320""; previousledger: ""0\355\311\211\352@\036\313K1\024B\343N\323V\367s\355lu\324\374V\207\371F\260\325\345\213\261""; "
1750576783179,1750576783179,400,1,0,4,TMProposeSet,"proposeSeq: 0; currentTxHash: ""\000\000\000\000\000\000\000\000\000\000\000\000\000\000\000\000\000\000\000\000\000\000\000\000\000\000\000\000\000\000\000\000""; nodePubKey: ""\002\005\363\0222\231\333G\357\305\020\014\241\033\231\261Z#\243\036\0267\020\210\265\022\240%\336\332\221\202\352""; closeTime: 803891983; signature: ""0D\002 %\266gd\035eo\221wO\005TXB\325\0348;\246\366\331C\350,\236\360\201\346\252\022\016\215\002 m\005\211\272\253e\350F\342\352\231g-\010\240\206Ey\360\030[>4\303\354O\026'\364\310\305\016""; previousledger: ""t\361\032\213\221\243\004\006][\376s\340\253\234K}\\013\0362\202`\234\371~d\0310\204\264,""; ","proposeSeq: 0; currentTxHash: ""\000\000\000\000\000\000\000\000\000\000\000\000\000\000\000\000\000\000\000\000\000\000\000\000\000\000\000\000\000\000\000\000""; nodePubKey: ""\002\005\363\0222\231\333G\357\305\020\014\241\033\231\261Z#\243\036\0267\020\210\265\022\240%\336\332\221\202\352""; closeTime: 803891983; signature: ""0D\002 %\266gd\035eo\221wO\005TXB\325\0348;\246\366\331C\350,\236\360\201\346\252\022\016\215\002 m\005\211\272\253e\350F\342\352\231g-\010\240\206Ey\360\030[>4\303\354O\026'\364\310\305\016""; previousledger: ""t\361\032\213\221\243\004\006][\376s\340\253\234K}\\013\0362\202`\234\371~d\0310\204\264,""; "
1750576783179,1750576783179,3385,1,0,3,TMProposeSet,"proposeSeq: 0; currentTxHash: ""\000\000\000\000\000\000\000\000\000\000\000\000\000\000\000\000\000\000\000\000\000\000\000\000\000\000\000\000\000\000\000\000""; nodePubKey: ""\002\005\363\0222\231\333G\357\305\020\014\241\033\231\261Z#\243\036\0267\020\210\265\022\240%\336\332\221\202\352""; closeTime: 803891983; signature: ""0D\002 %\266gd\035eo\221wO\005TXB\325\0348;\246\366\331C\350,\236\360\201\346\252\022\016\215\002 m\005\211\272\253e\350F\342\352\231g-\010\240\206Ey\360\030[>4\303\354O\026'\364\310\305\016""; previousledger: ""t\361\032\213\221\243\004\006][\376s\340\253\234K}\\013\0362\202`\234\371~d\0310\204\264,""; ","proposeSeq: 0; currentTxHash: ""\000\000\000\000\000\000\000\000\000\000\000\000\000\000\000\000\000\000\000\000\000\000\000\000\000\000\000\000\000\000\000\000""; nodePubKey: ""\002\005\363\0222\231\333G\357\305\020\014\241\033\231\261Z#\243\036\0267\020\210\265\022\240%\336\332\221\202\352""; closeTime: 803891983; signature: ""0D\002 %\266gd\035eo\221wO\005TXB\325\0348;\246\366\331C\350,\236\360\201\346\252\022\016\215\002 m\005\211\272\253e\350F\342\352\231g-\010\240\206Ey\360\030[>4\303\354O\026'\364\310\305\016""; previousledger: ""t\361\032\213\221\243\004\006][\376s\340\253\234K}\\013\0362\202`\234\371~d\0310\204\264,""; "
1750576783182,1750576783182,465,1,0,1,TMProposeSet,"proposeSeq: 0; currentTxHash: ""\000\000\000\000\000\000\000\000\000\000\000\000\000\000\000\000\000\000\000\000\000\000\000\000\000\000\000\000\000\000\000\000""; nodePubKey: ""\002\005\363\0222\231\333G\357\305\020\014\241\033\231\261Z#\243\036\0267\020\210\265\022\240%\336\332\221\202\352""; closeTime: 803891983; signature: ""0D\002 %\266gd\035eo\221wO\005TXB\325\0348;\246\366\331C\350,\236\360\201\346\252\022\016\215\002 m\005\211\272\253e\350F\342\352\231g-\010\240\206Ey\360\030[>4\303\354O\026'\364\310\305\016""; previousledger: ""t\361\032\213\221\243\004\006][\376s\340\253\234K}\\013\0362\202`\234\371~d\0310\204\264,""; ","proposeSeq: 0; currentTxHash: ""\000\000\000\000\000\000\000\000\000\000\000\000\000\000\000\000\000\000\000\000\000\000\000\000\000\000\000\000\000\000\000\000""; nodePubKey: ""\002\005\363\0222\231\333G\357\305\020\014\241\033\231\261Z#\243\036\0267\020\210\265\022\240%\336\332\221\202\352""; closeTime: 803891983; signature: ""0D\002 %\266gd\035eo\221wO\005TXB\325\0348;\246\366\331C\350,\236\360\201\346\252\022\016\215\002 m\005\211\272\253e\350F\342\352\231g-\010\240\206Ey\360\030[>4\303\354O\026'\364\310\305\016""; previousledger: ""t\361\032\213\221\243\004\006][\376s\340\253\234K}\\013\0362\202`\234\371~d\0310\204\264,""; "
1750576783183,1750576783183,3625,1,0,2,TMProposeSet,"proposeSeq: 0; currentTxHash: ""\000\000\000\000\000\000\000\000\000\000\000\000\000\000\000\000\000\000\000\000\000\000\000\000\000\000\000\000\000\000\000\000""; nodePubKey: ""\002\005\363\0222\231\333G\357\305\020\014\241\033\231\261Z#\243\036\0267\020\210\265\022\240%\336\332\221\202\352""; closeTime: 803891983; signature: ""0D\002 %\266gd\035eo\221wO\005TXB\325\0348;\246\366\331C\350,\236\360\201\346\252\022\016\215\002 m\005\211\272\253e\350F\342\352\231g-\010\240\206Ey\360\030[>4\303\354O\026'\364\310\305\016""; previousledger: ""t\361\032\213\221\243\004\006][\376s\340\253\234K}\\013\0362\202`\234\371~d\0310\204\264,""; ","proposeSeq: 0; currentTxHash: ""\000\000\000\000\000\000\000\000\000\000\000\000\000\000\000\000\000\000\000\000\000\000\000\000\000\000\000\000\000\000\000\000""; nodePubKey: ""\002\005\363\0222\231\333G\357\305\020\014\241\033\231\261Z#\243\036\0267\020\210\265\022\240%\336\332\221\202\352""; closeTime: 803891983; signature: ""0D\002 %\266gd\035eo\221wO\005TXB\325\0348;\246\366\331C\350,\236\360\201\346\252\022\016\215\002 m\005\211\272\253e\350F\342\352\231g-\010\240\206Ey\360\030[>4\303\354O\026'\364\310\305\016""; previousledger: ""t\361\032\213\221\243\004\006][\376s\340\253\234K}\\013\0362\202`\234\371~d\0310\204\264,""; "
1750576783239,1750576783239,1713,1,2,3,TMValidation,"validation: """"\200\000\000\001&\000\000\000\003)/\352k\017:F\231\033)\227\311<\340Qt\361\032\213\221\243\004\006][\376s\340\253\234K}\\013\0362\202`\234\371~d\0310\204\264,P\027\000\000\000\000\000\000\000\000\000\000\000\000\000\000\000\000\000\000\000\000\000\000\000\000\000\000\000\000\000\000\000\000P\031-}\351f\032\255\274\334m\326c\017\014ao[\342\230\003\245\245\3341Hm\326^\017jy\335\261s!\002\246\346\346\007\2326A*\334\272\022\321\346\247[\222\030\343\261w\244R\r\357}\243\273\253\020\375b6vG0E\002!\000\313\315\217n\260\021\034/t\0023\265\333\266h\353\254Ua~\2234l\033o\325w\276\355u\033'\002 S\331\r\367\026\270\235\247bP\267\007i\245e\3048\2238t\212\350\367)\361MJ\273;\205\242K""; ","validation: """"\200\000\000\001&\000\000\000\003)/\352k\017:F\231\033)\227\311<\340Qt\361\032\213\221\243\004\006][\376s\340\253\234K}\\013\0362\202`\234\371~d\0310\204\264,P\027\000\000\000\000\000\000\000\000\000\000\000\000\000\000\000\000\000\000\000\000\000\000\000\000\000\000\000\000\000\000\000\000P\031-}\351f\032\255\274\334m\326c\017\014ao[\342\230\003\245\245\3341Hm\326^\017jy\335\261s!\002\246\346\346\007\2326A*\334\272\022\321\346\247[\222\030\343\261w\244R\r\357}\243\273\253\020\375b6vG0E\002!\000\313\315\217n\260\021\034/t\0023\265\333\266h\353\254Ua~\2234l\033o\325w\276\355u\033'\002 S\331\r\367\026\270\235\247bP\267\007i\245e\3048\2238t\212\350\367)\361MJ\273;\205\242K""; "
1750576783240,1750576783240,185,1,2,4,TMValidation,"validation: """"\200\000\000\001&\000\000\000\003)/\352k\017:F\231\033)\227\311<\340Qt\361\032\213\221\243\004\006][\376s\340\253\234K}\\013\0362\202`\234\371~d\0310\204\264,P\027\000\000\000\000\000\000\000\000\000\000\000\000\000\000\000\000\000\000\000\000\000\000\000\000\000\000\000\000\000\000\000\000P\031-}\351f\032\255\274\334m\326c\017\014ao[\342\230\003\245\245\3341Hm\326^\017jy\335\261s!\002\246\346\346\007\2326A*\334\272\022\321\346\247[\222\030\343\261w\244R\r\357}\243\273\253\020\375b6vG0E\002!\000\313\315\217n\260\021\034/t\0023\265\333\266h\353\254Ua~\2234l\033o\325w\276\355u\033'\002 S\331\r\367\026\270\235\247bP\267\007i\245e\3048\2238t\212\350\367)\361MJ\273;\205\242K""; ","validation: """"\200\000\000\001&\000\000\000\003)/\352k\017:F\231\033)\227\311<\340Qt\361\032\213\221\243\004\006][\376s\340\253\234K}\\013\0362\202`\234\371~d\0310\204\264,P\027\000\000\000\000\000\000\000\000\000\000\000\000\000\000\000\000\000\000\000\000\000\000\000\000\000\000\000\000\000\000\000\000P\031-}\351f\032\255\274\334m\326c\017\014ao[\342\230\003\245\245\3341Hm\326^\017jy\335\261s!\002\246\346\346\007\2326A*\334\272\022\321\346\247[\222\030\343\261w\244R\r\357}\243\273\253\020\375b6vG0E\002!\000\313\315\217n\260\021\034/t\0023\265\333\266h\353\254Ua~\2234l\033o\325w\276\355u\033'\002 S\331\r\367\026\270\235\247bP\267\007i\245e\3048\2238t\212\350\367)\361MJ\273;\205\242K""; "
1750576783241,1750576783241,541,1,2,1,TMValidation,"validation: """"\200\000\000\001&\000\000\000\003)/\352k\017:F\231\033)\227\311<\340Qt\361\032\213\221\243\004\006][\376s\340\253\234K}\\013\0362\202`\234\371~d\0310\204\264,P\027\000\000\000\000\000\000\000\000\000\000\000\000\000\000\000\000\000\000\000\000\000\000\000\000\000\000\000\000\000\000\000\000P\031-}\351f\032\255\274\334m\326c\017\014ao[\342\230\003\245\245\3341Hm\326^\017jy\335\261s!\002\246\346\346\007\2326A*\334\272\022\321\346\247[\222\030\343\261w\244R\r\357}\243\273\253\020\375b6vG0E\002!\000\313\315\217n\260\021\034/t\0023\265\333\266h\353\254Ua~\2234l\033o\325w\276\355u\033'\002 S\331\r\367\026\270\235\247bP\267\007i\245e\3048\2238t\212\350\367)\361MJ\273;\205\242K""; ","validation: """"\200\000\000\001&\000\000\000\003)/\352k\017:F\231\033)\227\311<\340Qt\361\032\213\221\243\004\006][\376s\340\253\234K}\\013\0362\202`\234\371~d\0310\204\264,P\027\000\000\000\000\000\000\000\000\000\000\000\000\000\000\000\000\000\000\000\000\000\000\000\000\000\000\000\000\000\000\000\000P\031-}\351f\032\255\274\334m\326c\017\014ao[\342\230\003\245\245\3341Hm\326^\017jy\335\261s!\002\246\346\346\007\2326A*\334\272\022\321\346\247[\222\030\343\261w\244R\r\357}\243\273\253\020\375b6vG0E\002!\000\313\315\217n\260\021\034/t\0023\265\333\266h\353\254Ua~\2234l\033o\325w\276\355u\033'\002 S\331\r\367\026\270\235\247bP\267\007i\245e\3048\2238t\212\350\367)\361MJ\273;\205\242K""; "
1750576783242,1750576783242,1027,1,2,0,TMValidation,"validation: """"\200\000\000\001&\000\000\000\003)/\352k\017:F\231\033)\227\311<\340Qt\361\032\213\221\243\004\006][\376s\340\253\234K}\\013\0362\202`\234\371~d\0310\204\264,P\027\000\000\000\000\000\000\000\000\000\000\000\000\000\000\000\000\000\000\000\000\000\000\000\000\000\000\000\000\000\000\000\000P\031-}\351f\032\255\274\334m\326c\017\014ao[\342\230\003\245\245\3341Hm\326^\017jy\335\261s!\002\246\346\346\007\2326A*\334\272\022\321\346\247[\222\030\343\261w\244R\r\357}\243\273\253\020\375b6vG0E\002!\000\313\315\217n\260\021\034/t\0023\265\333\266h\353\254Ua~\2234l\033o\325w\276\355u\033'\002 S\331\r\367\026\270\235\247bP\267\007i\245e\3048\2238t\212\350\367)\361MJ\273;\205\242K""; ","validation: """"\200\000\000\001&\000\000\000\003)/\352k\017:F\231\033)\227\311<\340Qt\361\032\213\221\243\004\006][\376s\340\253\234K}\\013\0362\202`\234\371~d\0310\204\264,P\027\000\000\000\000\000\000\000\000\000\000\000\000\000\000\000\000\000\000\000\000\000\000\000\000\000\000\000\000\000\000\000\000P\031-}\351f\032\255\274\334m\326c\017\014ao[\342\230\003\245\245\3341Hm\326^\017jy\335\261s!\002\246\346\346\007\2326A*\334\272\022\321\346\247[\222\030\343\261w\244R\r\357}\243\273\253\020\375b6vG0E\002!\000\313\315\217n\260\021\034/t\0023\265\333\266h\353\254Ua~\2234l\033o\325w\276\355u\033'\002 S\331\r\367\026\270\235\247bP\267\007i\245e\3048\2238t\212\350\367)\361MJ\273;\205\242K""; "
1750576783179,1750576783253,1191,1,0,4,TMStatusChange,"newEvent: neCLOSING_LEDGER; ledgerSeq: 3; ledgerHash: ""t\361\032\213\221\243\004\006][\376s\340\253\234K}\\013\0362\202`\234\371~d\0310\204\264,""; ledgerHashPrevious: ""0\355\311\211\352@\036\313K1\024B\343N\323V\367s\355lu\324\374V\207\371F\260\325\345\213\261""; networkTime: 803891983; firstSeq: 1; lastSeq: 3; ","newEvent: neCLOSING_LEDGER; ledgerSeq: 3; ledgerHash: ""t\361\032\213\221\243\004\006][\376s\340\253\234K}\\013\0362\202`\234\371~d\0310\204\264,""; ledgerHashPrevious: ""0\355\311\211\352@\036\313K1\024B\343N\323V\367s\355lu\324\374V\207\371F\260\325\345\213\261""; networkTime: 803891983; firstSeq: 1; lastSeq: 3; "
1750576783181,1750576783254,2952,1,0,1,TMStatusChange,"newEvent: neCLOSING_LEDGER; ledgerSeq: 3; ledgerHash: ""t\361\032\213\221\243\004\006][\376s\340\253\234K}\\013\0362\202`\234\371~d\0310\204\264,""; ledgerHashPrevious: ""0\355\311\211\352@\036\313K1\024B\343N\323V\367s\355lu\324\374V\207\371F\260\325\345\213\261""; networkTime: 803891983; firstSeq: 1; lastSeq: 3; ","newEvent: neCLOSING_LEDGER; ledgerSeq: 3; ledgerHash: ""t\361\032\213\221\243\004\006][\376s\340\253\234K}\\013\0362\202`\234\371~d\0310\204\264,""; ledgerHashPrevious: ""0\355\311\211\352@\036\313K1\024B\343N\323V\367s\355lu\324\374V\207\371F\260\325\345\213\261""; networkTime: 803891983; firstSeq: 1; lastSeq: 3; "
1750576783182,1750576783255,1560,1,0,3,TMStatusChange,"newEvent: neCLOSING_LEDGER; ledgerSeq: 3; ledgerHash: ""t\361\032\213\221\243\004\006][\376s\340\253\234K}\\013\0362\202`\234\371~d\0310\204\264,""; ledgerHashPrevious: ""0\355\311\211\352@\036\313K1\024B\343N\323V\367s\355lu\324\374V\207\371F\260\325\345\213\261""; networkTime: 803891983; firstSeq: 1; lastSeq: 3; ","newEvent: neCLOSING_LEDGER; ledgerSeq: 3; ledgerHash: ""t\361\032\213\221\243\004\006][\376s\340\253\234K}\\013\0362\202`\234\371~d\0310\204\264,""; ledgerHashPrevious: ""0\355\311\211\352@\036\313K1\024B\343N\323V\367s\355lu\324\374V\207\371F\260\325\345\213\261""; networkTime: 803891983; firstSeq: 1; lastSeq: 3; "
1750576783183,1750576783256,3049,1,0,2,TMStatusChange,"newEvent: neCLOSING_LEDGER; ledgerSeq: 3; ledgerHash: ""t\361\032\213\221\243\004\006][\376s\340\253\234K}\\013\0362\202`\234\371~d\0310\204\264,""; ledgerHashPrevious: ""0\355\311\211\352@\036\313K1\024B\343N\323V\367s\355lu\324\374V\207\371F\260\325\345\213\261""; networkTime: 803891983; firstSeq: 1; lastSeq: 3; ","newEvent: neCLOSING_LEDGER; ledgerSeq: 3; ledgerHash: ""t\361\032\213\221\243\004\006][\376s\340\253\234K}\\013\0362\202`\234\371~d\0310\204\264,""; ledgerHashPrevious: ""0\355\311\211\352@\036\313K1\024B\343N\323V\367s\355lu\324\374V\207\371F\260\325\345\213\261""; networkTime: 803891983; firstSeq: 1; lastSeq: 3; "
1750576783238,1750576783256,1575,1,2,1,TMStatusChange,"newEvent: neACCEPTED_LEDGER; ledgerSeq: 3; ledgerHash: ""t\361\032\213\221\243\004\006][\376s\340\253\234K}\\013\0362\202`\234\371~d\0310\204\264,""; ledgerHashPrevious: ""0\355\311\211\352@\036\313K1\024B\343N\323V\367s\355lu\324\374V\207\371F\260\325\345\213\261""; networkTime: 803891983; firstSeq: 1; lastSeq: 1; ","newEvent: neACCEPTED_LEDGER; ledgerSeq: 3; ledgerHash: ""t\361\032\213\221\243\004\006][\376s\340\253\234K}\\013\0362\202`\234\371~d\0310\204\264,""; ledgerHashPrevious: ""0\355\311\211\352@\036\313K1\024B\343N\323V\367s\355lu\324\374V\207\371F\260\325\345\213\261""; networkTime: 803891983; firstSeq: 1; lastSeq: 1; "
1750576783239,1750576783257,2951,1,2,0,TMStatusChange,"newEvent: neACCEPTED_LEDGER; ledgerSeq: 3; ledgerHash: ""t\361\032\213\221\243\004\006][\376s\340\253\234K}\\013\0362\202`\234\371~d\0310\204\264,""; ledgerHashPrevious: ""0\355\311\211\352@\036\313K1\024B\343N\323V\367s\355lu\324\374V\207\371F\260\325\345\213\261""; networkTime: 803891983; firstSeq: 1; lastSeq: 1; ","newEvent: neACCEPTED_LEDGER; ledgerSeq: 3; ledgerHash: ""t\361\032\213\221\243\004\006][\376s\340\253\234K}\\013\0362\202`\234\371~d\0310\204\264,""; ledgerHashPrevious: ""0\355\311\211\352@\036\313K1\024B\343N\323V\367s\355lu\324\374V\207\371F\260\325\345\213\261""; networkTime: 803891983; firstSeq: 1; lastSeq: 1; "
1750576783239,1750576783257,2143,1,2,4,TMStatusChange,"newEvent: neACCEPTED_LEDGER; ledgerSeq: 3; ledgerHash: ""t\361\032\213\221\243\004\006][\376s\340\253\234K}\\013\0362\202`\234\371~d\0310\204\264,""; ledgerHashPrevious: ""0\355\311\211\352@\036\313K1\024B\343N\323V\367s\355lu\324\374V\207\371F\260\325\345\213\261""; networkTime: 803891983; firstSeq: 1; lastSeq: 1; ","newEvent: neACCEPTED_LEDGER; ledgerSeq: 3; ledgerHash: ""t\361\032\213\221\243\004\006][\376s\340\253\234K}\\013\0362\202`\234\371~d\0310\204\264,""; ledgerHashPrevious: ""0\355\311\211\352@\036\313K1\024B\343N\323V\367s\355lu\324\374V\207\371F\260\325\345\213\261""; networkTime: 803891983; firstSeq: 1; lastSeq: 1; "
1750576783240,1750576783258,716,1,2,3,TMStatusChange,"newEvent: neACCEPTED_LEDGER; ledgerSeq: 3; ledgerHash: ""t\361\032\213\221\243\004\006][\376s\340\253\234K}\\013\0362\202`\234\371~d\0310\204\264,""; ledgerHashPrevious: ""0\355\311\211\352@\036\313K1\024B\343N\323V\367s\355lu\324\374V\207\371F\260\325\345\213\261""; networkTime: 803891983; firstSeq: 1; lastSeq: 1; ","newEvent: neACCEPTED_LEDGER; ledgerSeq: 3; ledgerHash: ""t\361\032\213\221\243\004\006][\376s\340\253\234K}\\013\0362\202`\234\371~d\0310\204\264,""; ledgerHashPrevious: ""0\355\311\211\352@\036\313K1\024B\343N\323V\367s\355lu\324\374V\207\371F\260\325\345\213\261""; networkTime: 803891983; firstSeq: 1; lastSeq: 1; "
1750576783268,1750576783268,1000,1,1,2,TMValidation,"validation: """"\200\000\000\001&\000\000\000\003)/\352k\016:\225\031\312\0231#ajQt\361\032\213\221\243\004\006][\376s\340\253\234K}\\013\0362\202`\234\371~d\0310\204\264,P\027\000\000\000\000\000\000\000\000\000\000\000\000\000\000\000\000\000\000\000\000\000\000\000\000\000\000\000\000\000\000\000\000P\031-}\351f\032\255\274\334m\326c\017\014ao[\342\230\003\245\245\3341Hm\326^\017jy\335\261s!\002i\265d-H\225\336\350\317n\272\016O\317\257\273\327\352\371\231\250\230(\240\353\331\024\207\241\020\304!vG0E\002!\000\344L5\315\345\361\0337&|J{\237:\317;4\210g\377\344\007\353-1\025\t\330\017\216\346\372\002 l\313\343l\267\203a\323\371\244\214<\335\334X\032b\013\214k\375\213c\370\351_\263\324+\021\302\361""; ","validation: """"\200\000\000\001&\000\000\000\003)/\352k\016:\225\031\312\0231#ajQt\361\032\213\221\243\004\006][\376s\340\253\234K}\\013\0362\202`\234\371~d\0310\204\264,P\027\000\000\000\000\000\000\000\000\000\000\000\000\000\000\000\000\000\000\000\000\000\000\000\000\000\000\000\000\000\000\000\000P\031-}\351f\032\255\274\334m\326c\017\014ao[\342\230\003\245\245\3341Hm\326^\017jy\335\261s!\002i\265d-H\225\336\350\317n\272\016O\317\257\273\327\352\371\231\250\230(\240\353\331\024\207\241\020\304!vG0E\002!\000\344L5\315\345\361\0337&|J{\237:\317;4\210g\377\344\007\353-1\025\t\330\017\216\346\372\002 l\313\343l\267\203a\323\371\244\214<\335\334X\032b\013\214k\375\213c\370\351_\263\324+\021\302\361""; "
1750576783269,1750576783269,2156,1,1,3,TMValidation,"validation: """"\200\000\000\001&\000\000\000\003)/\352k\016:\225\031\312\0231#ajQt\361\032\213\221\243\004\006][\376s\340\253\234K}\\013\0362\202`\234\371~d\0310\204\264,P\027\000\000\000\000\000\000\000\000\000\000\000\000\000\000\000\000\000\000\000\000\000\000\000\000\000\000\000\000\000\000\000\000P\031-}\351f\032\255\274\334m\326c\017\014ao[\342\230\003\245\245\3341Hm\326^\017jy\335\261s!\002i\265d-H\225\336\350\317n\272\016O\317\257\273\327\352\371\231\250\230(\240\353\331\024\207\241\020\304!vG0E\002!\000\344L5\315\345\361\0337&|J{\237:\317;4\210g\377\344\007\353-1\025\t\330\017\216\346\372\002 l\313\343l\267\203a\323\371\244\214<\335\334X\032b\013\214k\375\213c\370\351_\263\324+\021\302\361""; ","validation: """"\200\000\000\001&\000\000\000\003)/\352k\016:\225\031\312\0231#ajQt\361\032\213\221\243\004\006][\376s\340\253\234K}\\013\0362\202`\234\371~d\0310\204\264,P\027\000\000\000\000\000\000\000\000\000\000\000\000\000\000\000\000\000\000\000\000\000\000\000\000\000\000\000\000\000\000\000\000P\031-}\351f\032\255\274\334m\326c\017\014ao[\342\230\003\245\245\3341Hm\326^\017jy\335\261s!\002i\265d-H\225\336\350\317n\272\016O\317\257\273\327\352\371\231\250\230(\240\353\331\024\207\241\020\304!vG0E\002!\000\344L5\315\345\361\0337&|J{\237:\317;4\210g\377\344\007\353-1\025\t\330\017\216\346\372\002 l\313\343l\267\203a\323\371\244\214<\335\334X\032b\013\214k\375\213c\370\351_\263\324+\021\302\361""; "
1750576783269,1750576783269,494,1,1,4,TMValidation,"validation: """"\200\000\000\001&\000\000\000\003)/\352k\016:\225\031\312\0231#ajQt\361\032\213\221\243\004\006][\376s\340\253\234K}\\013\0362\202`\234\371~d\0310\204\264,P\027\000\000\000\000\000\000\000\000\000\000\000\000\000\000\000\000\000\000\000\000\000\000\000\000\000\000\000\000\000\000\000\000P\031-}\351f\032\255\274\334m\326c\017\014ao[\342\230\003\245\245\3341Hm\326^\017jy\335\261s!\002i\265d-H\225\336\350\317n\272\016O\317\257\273\327\352\371\231\250\230(\240\353\331\024\207\241\020\304!vG0E\002!\000\344L5\315\345\361\0337&|J{\237:\317;4\210g\377\344\007\353-1\025\t\330\017\216\346\372\002 l\313\343l\267\203a\323\371\244\214<\335\334X\032b\013\214k\375\213c\370\351_\263\324+\021\302\361""; ","validation: """"\200\000\000\001&\000\000\000\003)/\352k\016:\225\031\312\0231#ajQt\361\032\213\221\243\004\006][\376s\340\253\234K}\\013\0362\202`\234\371~d\0310\204\264,P\027\000\000\000\000\000\000\000\000\000\000\000\000\000\000\000\000\000\000\000\000\000\000\000\000\000\000\000\000\000\000\000\000P\031-}\351f\032\255\274\334m\326c\017\014ao[\342\230\003\245\245\3341Hm\326^\017jy\335\261s!\002i\265d-H\225\336\350\317n\272\016O\317\257\273\327\352\371\231\250\230(\240\353\331\024\207\241\020\304!vG0E\002!\000\344L5\315\345\361\0337&|J{\237:\317;4\210g\377\344\007\353-1\025\t\330\017\216\346\372\002 l\313\343l\267\203a\323\371\244\214<\335\334X\032b\013\214k\375\213c\370\351_\263\324+\021\302\361""; "
1750576783391,1750576783392,1360,1,3,1,TMValidation,"validation: """"\200\000\000\001&\000\000\000\003)/\352k\016:\030\016l\375\261lU\035Qt\361\032\213\221\243\004\006][\376s\340\253\234K}\\013\0362\202`\234\371~d\0310\204\264,P\027\000\000\000\000\000\000\000\000\000\000\000\000\000\000\000\000\000\000\000\000\000\000\000\000\000\000\000\000\000\000\000\000P\031-}\351f\032\255\274\334m\326c\017\014ao[\342\230\003\245\245\3341Hm\326^\017jy\335\261s!\002\005\363\0222\231\333G\357\305\020\014\241\033\231\261Z#\243\036\0267\020\210\265\022\240%\336\332\221\202\352vG0E\002!\000\220A\330\322/`\306\371b&L\231\366\337wx5.~*\232Su\375\0035'T\302\321\254/\002 N\337\n\243O\303dS\370y\343\342\331\267\230\211y2\211j\0242\366;A\244\345\305\025inN""; ","validation: """"\200\000\000\001&\000\000\000\003)/\352k\016:\030\016l\375\261lU\035Qt\361\032\213\221\243\004\006][\376s\340\253\234K}\\013\0362\202`\234\371~d\0310\204\264,P\027\000\000\000\000\000\000\000\000\000\000\000\000\000\000\000\000\000\000\000\000\000\000\000\000\000\000\000\000\000\000\000\000P\031-}\351f\032\255\274\334m\326c\017\014ao[\342\230\003\245\245\3341Hm\326^\017jy\335\261s!\002\005\363\0222\231\333G\357\305\020\014\241\033\231\261Z#\243\036\0267\020\210\265\022\240%\336\332\221\202\352vG0E\002!\000\220A\330\322/`\306\371b&L\231\366\337wx5.~*\232Su\375\0035'T\302\321\254/\002 N\337\n\243O\303dS\370y\343\342\331\267\230\211y2\211j\0242\366;A\244\345\305\025inN""; "
1750576783392,1750576783392,1433,1,3,2,TMValidation,"validation: """"\200\000\000\001&\000\000\000\003)/\352k\016:\030\016l\375\261lU\035Qt\361\032\213\221\243\004\006][\376s\340\253\234K}\\013\0362\202`\234\371~d\0310\204\264,P\027\000\000\000\000\000\000\000\000\000\000\000\000\000\000\000\000\000\000\000\000\000\000\000\000\000\000\000\000\000\000\000\000P\031-}\351f\032\255\274\334m\326c\017\014ao[\342\230\003\245\245\3341Hm\326^\017jy\335\261s!\002\005\363\0222\231\333G\357\305\020\014\241\033\231\261Z#\243\036\0267\020\210\265\022\240%\336\332\221\202\352vG0E\002!\000\220A\330\322/`\306\371b&L\231\366\337wx5.~*\232Su\375\0035'T\302\321\254/\002 N\337\n\243O\303dS\370y\343\342\331\267\230\211y2\211j\0242\366;A\244\345\305\025inN""; ","validation: """"\200\000\000\001&\000\000\000\003)/\352k\016:\030\016l\375\261lU\035Qt\361\032\213\221\243\004\006][\376s\340\253\234K}\\013\0362\202`\234\371~d\0310\204\264,P\027\000\000\000\000\000\000\000\000\000\000\000\000\000\000\000\000\000\000\000\000\000\000\000\000\000\000\000\000\000\000\000\000P\031-}\351f\032\255\274\334m\326c\017\014ao[\342\230\003\245\245\3341Hm\326^\017jy\335\261s!\002\005\363\0222\231\333G\357\305\020\014\241\033\231\261Z#\243\036\0267\020\210\265\022\240%\336\332\221\202\352vG0E\002!\000\220A\330\322/`\306\371b&L\231\366\337wx5.~*\232Su\375\0035'T\302\321\254/\002 N\337\n\243O\303dS\370y\343\342\331\267\230\211y2\211j\0242\366;A\244\345\305\025inN""; "
1750576783392,1750576783392,108,1,3,0,TMValidation,"validation: """"\200\000\000\001&\000\000\000\003)/\352k\016:\030\016l\375\261lU\035Qt\361\032\213\221\243\004\006][\376s\340\253\234K}\\013\0362\202`\234\371~d\0310\204\264,P\027\000\000\000\000\000\000\000\000\000\000\000\000\000\000\000\000\000\000\000\000\000\000\000\000\000\000\000\000\000\000\000\000P\031-}\351f\032\255\274\334m\326c\017\014ao[\342\230\003\245\245\3341Hm\326^\017jy\335\261s!\002\005\363\0222\231\333G\357\305\020\014\241\033\231\261Z#\243\036\0267\020\210\265\022\240%\336\332\221\202\352vG0E\002!\000\220A\330\322/`\306\371b&L\231\366\337wx5.~*\232Su\375\0035'T\302\321\254/\002 N\337\n\243O\303dS\370y\343\342\331\267\230\211y2\211j\0242\366;A\244\345\305\025inN""; ","validation: """"\200\000\000\001&\000\000\000\003)/\352k\016:\030\016l\375\261lU\035Qt\361\032\213\221\243\004\006][\376s\340\253\234K}\\013\0362\202`\234\371~d\0310\204\264,P\027\000\000\000\000\000\000\000\000\000\000\000\000\000\000\000\000\000\000\000\000\000\000\000\000\000\000\000\000\000\000\000\000P\031-}\351f\032\255\274\334m\326c\017\014ao[\342\230\003\245\245\3341Hm\326^\017jy\335\261s!\002\005\363\0222\231\333G\357\305\020\014\241\033\231\261Z#\243\036\0267\020\210\265\022\240%\336\332\221\202\352vG0E\002!\000\220A\330\322/`\306\371b&L\231\366\337wx5.~*\232Su\375\0035'T\302\321\254/\002 N\337\n\243O\303dS\370y\343\342\331\267\230\211y2\211j\0242\366;A\244\345\305\025inN""; "
1750576783404,1750576783404,1713,1,2,3,TMValidation,"validation: """"\200\000\000\001&\000\000\000\003)/\352k\016:\030\016l\375\261lU\035Qt\361\032\213\221\243\004\006][\376s\340\253\234K}\\013\0362\202`\234\371~d\0310\204\264,P\027\000\000\000\000\000\000\000\000\000\000\000\000\000\000\000\000\000\000\000\000\000\000\000\000\000\000\000\000\000\000\000\000P\031-}\351f\032\255\274\334m\326c\017\014ao[\342\230\003\245\245\3341Hm\326^\017jy\335\261s!\002\005\363\0222\231\333G\357\305\020\014\241\033\231\261Z#\243\036\0267\020\210\265\022\240%\336\332\221\202\352vG0E\002!\000\220A\330\322/`\306\371b&L\231\366\337wx5.~*\232Su\375\0035'T\302\321\254/\002 N\337\n\243O\303dS\370y\343\342\331\267\230\211y2\211j\0242\366;A\244\345\305\025inN""; ","validation: """"\200\000\000\001&\000\000\000\003)/\352k\016:\030\016l\375\261lU\035Qt\361\032\213\221\243\004\006][\376s\340\253\234K}\\013\0362\202`\234\371~d\0310\204\264,P\027\000\000\000\000\000\000\000\000\000\000\000\000\000\000\000\000\000\000\000\000\000\000\000\000\000\000\000\000\000\000\000\000P\031-}\351f\032\255\274\334m\326c\017\014ao[\342\230\003\245\245\3341Hm\326^\017jy\335\261s!\002\005\363\0222\231\333G\357\305\020\014\241\033\231\261Z#\243\036\0267\020\210\265\022\240%\336\332\221\202\352vG0E\002!\000\220A\330\322/`\306\371b&L\231\366\337wx5.~*\232Su\375\0035'T\302\321\254/\002 N\337\n\243O\303dS\370y\343\342\331\267\230\211y2\211j\0242\366;A\244\345\305\025inN""; "
1750576783404,1750576783404,185,1,2,4,TMValidation,"validation: """"\200\000\000\001&\000\000\000\003)/\352k\016:\030\016l\375\261lU\035Qt\361\032\213\221\243\004\006][\376s\340\253\234K}\\013\0362\202`\234\371~d\0310\204\264,P\027\000\000\000\000\000\000\000\000\000\000\000\000\000\000\000\000\000\000\000\000\000\000\000\000\000\000\000\000\000\000\000\000P\031-}\351f\032\255\274\334m\326c\017\014ao[\342\230\003\245\245\3341Hm\326^\017jy\335\261s!\002\005\363\0222\231\333G\357\305\020\014\241\033\231\261Z#\243\036\0267\020\210\265\022\240%\336\332\221\202\352vG0E\002!\000\220A\330\322/`\306\371b&L\231\366\337wx5.~*\232Su\375\0035'T\302\321\254/\002 N\337\n\243O\303dS\370y\343\342\331\267\230\211y2\211j\0242\366;A\244\345\305\025inN""; ","validation: """"\200\000\000\001&\000\000\000\003)/\352k\016:\030\016l\375\261lU\035Qt\361\032\213\221\243\004\006][\376s\340\253\234K}\\013\0362\202`\234\371~d\0310\204\264,P\027\000\000\000\000\000\000\000\000\000\000\000\000\000\000\000\000\000\000\000\000\000\000\000\000\000\000\000\000\000\000\000\000P\031-}\351f\032\255\274\334m\326c\017\014ao[\342\230\003\245\245\3341Hm\326^\017jy\335\261s!\002\005\363\0222\231\333G\357\305\020\014\241\033\231\261Z#\243\036\0267\020\210\265\022\240%\336\332\221\202\352vG0E\002!\000\220A\330\322/`\306\371b&L\231\366\337wx5.~*\232Su\375\0035'T\302\321\254/\002 N\337\n\243O\303dS\370y\343\342\331\267\230\211y2\211j\0242\366;A\244\345\305\025inN""; "
1750576783404,1750576783404,1027,1,2,0,TMValidation,"validation: """"\200\000\000\001&\000\000\000\003)/\352k\016:\030\016l\375\261lU\035Qt\361\032\213\221\243\004\006][\376s\340\253\234K}\\013\0362\202`\234\371~d\0310\204\264,P\027\000\000\000\000\000\000\000\000\000\000\000\000\000\000\000\000\000\000\000\000\000\000\000\000\000\000\000\000\000\000\000\000P\031-}\351f\032\255\274\334m\326c\017\014ao[\342\230\003\245\245\3341Hm\326^\017jy\335\261s!\002\005\363\0222\231\333G\357\305\020\014\241\033\231\261Z#\243\036\0267\020\210\265\022\240%\336\332\221\202\352vG0E\002!\000\220A\330\322/`\306\371b&L\231\366\337wx5.~*\232Su\375\0035'T\302\321\254/\002 N\337\n\243O\303dS\370y\343\342\331\267\230\211y2\211j\0242\366;A\244\345\305\025inN""; ","validation: """"\200\000\000\001&\000\000\000\003)/\352k\016:\030\016l\375\261lU\035Qt\361\032\213\221\243\004\006][\376s\340\253\234K}\\013\0362\202`\234\371~d\0310\204\264,P\027\000\000\000\000\000\000\000\000\000\000\000\000\000\000\000\000\000\000\000\000\000\000\000\000\000\000\000\000\000\000\000\000P\031-}\351f\032\255\274\334m\326c\017\014ao[\342\230\003\245\245\3341Hm\326^\017jy\335\261s!\002\005\363\0222\231\333G\357\305\020\014\241\033\231\261Z#\243\036\0267\020\210\265\022\240%\336\332\221\202\352vG0E\002!\000\220A\330\322/`\306\371b&L\231\366\337wx5.~*\232Su\375\0035'T\302\321\254/\002 N\337\n\243O\303dS\370y\343\342\331\267\230\211y2\211j\0242\366;A\244\345\305\025inN""; "
1750576783411,1750576783411,490,1,4,3,TMValidation,"validation: """"\200\000\000\001&\000\000\000\003)/\352k\016:~\324\314\253\264\317\217]Qt\361\032\213\221\243\004\006][\376s\340\253\234K}\\013\0362\202`\234\371~d\0310\204\264,P\027\000\000\000\000\000\000\000\000\000\000\000\000\000\000\000\000\000\000\000\000\000\000\000\000\000\000\000\000\000\000\000\000P\031-}\351f\032\255\274\334m\326c\017\014ao[\342\230\003\245\245\3341Hm\326^\017jy\335\261s!\003\031\332\276_\315\363\210\315\246\030F\330\251\017g\263\037\257\332\007 \253\203\233\205\365\344\036\245\374\253\323vF0D\002 \032\302'\023\260\001\367\030\251\230\227Y\351\321\214\334\350\267/A\217\334C\177\206|\333y\352\177\366\200\002 l\217\031?n\nf\027\275E\363Q6[\326V\337\016`>?Y\315!|5C\266x)V\251""; ","validation: """"\200\000\000\001&\000\000\000\003)/\352k\016:~\324\314\253\264\317\217]Qt\361\032\213\221\243\004\006][\376s\340\253\234K}\\013\0362\202`\234\371~d\0310\204\264,P\027\000\000\000\000\000\000\000\000\000\000\000\000\000\000\000\000\000\000\000\000\000\000\000\000\000\000\000\000\000\000\000\000P\031-}\351f\032\255\274\334m\326c\017\014ao[\342\230\003\245\245\3341Hm\326^\017jy\335\261s!\003\031\332\276_\315\363\210\315\246\030F\330\251\017g\263\037\257\332\007 \253\203\233\205\365\344\036\245\374\253\323vF0D\002 \032\302'\023\260\001\367\030\251\230\227Y\351\321\214\334\350\267/A\217\334C\177\206|\333y\352\177\366\200\002 l\217\031?n\nf\027\275E\363Q6[\326V\337\016`>?Y\315!|5C\266x)V\251""; "
1750576783411,1750576783411,1044,1,4,0,TMValidation,"validation: """"\200\000\000\001&\000\000\000\003)/\352k\016:~\324\314\253\264\317\217]Qt\361\032\213\221\243\004\006][\376s\340\253\234K}\\013\0362\202`\234\371~d\0310\204\264,P\027\000\000\000\000\000\000\000\000\000\000\000\000\000\000\000\000\000\000\000\000\000\000\000\000\000\000\000\000\000\000\000\000P\031-}\351f\032\255\274\334m\326c\017\014ao[\342\230\003\245\245\3341Hm\326^\017jy\335\261s!\003\031\332\276_\315\363\210\315\246\030F\330\251\017g\263\037\257\332\007 \253\203\233\205\365\344\036\245\374\253\323vF0D\002 \032\302'\023\260\001\367\030\251\230\227Y\351\321\214\334\350\267/A\217\334C\177\206|\333y\352\177\366\200\002 l\217\031?n\nf\027\275E\363Q6[\326V\337\016`>?Y\315!|5C\266x)V\251""; ","validation: """"\200\000\000\001&\000\000\000\003)/\352k\016:~\324\314\253\264\317\217]Qt\361\032\213\221\243\004\006][\376s\340\253\234K}\\013\0362\202`\234\371~d\0310\204\264,P\027\000\000\000\000\000\000\000\000\000\000\000\000\000\000\000\000\000\000\000\000\000\000\000\000\000\000\000\000\000\000\000\000P\031-}\351f\032\255\274\334m\326c\017\014ao[\342\230\003\245\245\3341Hm\326^\017jy\335\261s!\003\031\332\276_\315\363\210\315\246\030F\330\251\017g\263\037\257\332\007 \253\203\233\205\365\344\036\245\374\253\323vF0D\002 \032\302'\023\260\001\367\030\251\230\227Y\351\321\214\334\350\267/A\217\334C\177\206|\333y\352\177\366\200\002 l\217\031?n\nf\027\275E\363Q6[\326V\337\016`>?Y\315!|5C\266x)V\251""; "
1750576783412,1750576783412,1879,1,4,2,TMValidation,"validation: """"\200\000\000\001&\000\000\000\003)/\352k\016:~\324\314\253\264\317\217]Qt\361\032\213\221\243\004\006][\376s\340\253\234K}\\013\0362\202`\234\371~d\0310\204\264,P\027\000\000\000\000\000\000\000\000\000\000\000\000\000\000\000\000\000\000\000\000\000\000\000\000\000\000\000\000\000\000\000\000P\031-}\351f\032\255\274\334m\326c\017\014ao[\342\230\003\245\245\3341Hm\326^\017jy\335\261s!\003\031\332\276_\315\363\210\315\246\030F\330\251\017g\263\037\257\332\007 \253\203\233\205\365\344\036\245\374\253\323vF0D\002 \032\302'\023\260\001\367\030\251\230\227Y\351\321\214\334\350\267/A\217\334C\177\206|\333y\352\177\366\200\002 l\217\031?n\nf\027\275E\363Q6[\326V\337\016`>?Y\315!|5C\266x)V\251""; ","validation: """"\200\000\000\001&\000\000\000\003)/\352k\016:~\324\314\253\264\317\217]Qt\361\032\213\221\243\004\006][\376s\340\253\234K}\\013\0362\202`\234\371~d\0310\204\264,P\027\000\000\000\000\000\000\000\000\000\000\000\000\000\000\000\000\000\000\000\000\000\000\000\000\000\000\000\000\000\000\000\000P\031-}\351f\032\255\274\334m\326c\017\014ao[\342\230\003\245\245\3341Hm\326^\017jy\335\261s!\003\031\332\276_\315\363\210\315\246\030F\330\251\017g\263\037\257\332\007 \253\203\233\205\365\344\036\245\374\253\323vF0D\002 \032\302'\023\260\001\367\030\251\230\227Y\351\321\214\334\350\267/A\217\334C\177\206|\333y\352\177\366\200\002 l\217\031?n\nf\027\275E\363Q6[\326V\337\016`>?Y\315!|5C\266x)V\251""; "
1750576783425,1750576783426,3345,1,4,1,TMValidation,"validation: """"\200\000\000\001&\000\000\000\003)/\352k\017:F\231\033)\227\311<\340Qt\361\032\213\221\243\004\006][\376s\340\253\234K}\\013\0362\202`\234\371~d\0310\204\264,P\027\000\000\000\000\000\000\000\000\000\000\000\000\000\000\000\000\000\000\000\000\000\000\000\000\000\000\000\000\000\000\000\000P\031-}\351f\032\255\274\334m\326c\017\014ao[\342\230\003\245\245\3341Hm\326^\017jy\335\261s!\002\246\346\346\007\2326A*\334\272\022\321\346\247[\222\030\343\261w\244R\r\357}\243\273\253\020\375b6vG0E\002!\000\313\315\217n\260\021\034/t\0023\265\333\266h\353\254Ua~\2234l\033o\325w\276\355u\033'\002 S\331\r\367\026\270\235\247bP\267\007i\245e\3048\2238t\212\350\367)\361MJ\273;\205\242K""; ","validation: """"\200\000\000\001&\000\000\000\003)/\352k\017:F\231\033)\227\311<\340Qt\361\032\213\221\243\004\006][\376s\340\253\234K}\\013\0362\202`\234\371~d\0310\204\264,P\027\000\000\000\000\000\000\000\000\000\000\000\000\000\000\000\000\000\000\000\000\000\000\000\000\000\000\000\000\000\000\000\000P\031-}\351f\032\255\274\334m\326c\017\014ao[\342\230\003\245\245\3341Hm\326^\017jy\335\261s!\002\246\346\346\007\2326A*\334\272\022\321\346\247[\222\030\343\261w\244R\r\357}\243\273\253\020\375b6vG0E\002!\000\313\315\217n\260\021\034/t\0023\265\333\266h\353\254Ua~\2234l\033o\325w\276\355u\033'\002 S\331\r\367\026\270\235\247bP\267\007i\245e\3048\2238t\212\350\367)\361MJ\273;\205\242K""; "
1750576783426,1750576783427,1044,1,4,0,TMValidation,"validation: """"\200\000\000\001&\000\000\000\003)/\352k\017:F\231\033)\227\311<\340Qt\361\032\213\221\243\004\006][\376s\340\253\234K}\\013\0362\202`\234\371~d\0310\204\264,P\027\000\000\000\000\000\000\000\000\000\000\000\000\000\000\000\000\000\000\000\000\000\000\000\000\000\000\000\000\000\000\000\000P\031-}\351f\032\255\274\334m\326c\017\014ao[\342\230\003\245\245\3341Hm\326^\017jy\335\261s!\002\246\346\346\007\2326A*\334\272\022\321\346\247[\222\030\343\261w\244R\r\357}\243\273\253\020\375b6vG0E\002!\000\313\315\217n\260\021\034/t\0023\265\333\266h\353\254Ua~\2234l\033o\325w\276\355u\033'\002 S\331\r\367\026\270\235\247bP\267\007i\245e\3048\2238t\212\350\367)\361MJ\273;\205\242K""; ","validation: """"\200\000\000\001&\000\000\000\003)/\352k\017:F\231\033)\227\311<\340Qt\361\032\213\221\243\004\006][\376s\340\253\234K}\\013\0362\202`\234\371~d\0310\204\264,P\027\000\000\000\000\000\000\000\000\000\000\000\000\000\000\000\000\000\000\000\000\000\000\000\000\000\000\000\000\000\000\000\000P\031-}\351f\032\255\274\334m\326c\017\014ao[\342\230\003\245\245\3341Hm\326^\017jy\335\261s!\002\246\346\346\007\2326A*\334\272\022\321\346\247[\222\030\343\261w\244R\r\357}\243\273\253\020\375b6vG0E\002!\000\313\315\217n\260\021\034/t\0023\265\333\266h\353\254Ua~\2234l\033o\325w\276\355u\033'\002 S\331\r\367\026\270\235\247bP\267\007i\245e\3048\2238t\212\350\367)\361MJ\273;\205\242K""; "
1750576783427,1750576783427,490,1,4,3,TMValidation,"validation: """"\200\000\000\001&\000\000\000\003)/\352k\017:F\231\033)\227\311<\340Qt\361\032\213\221\243\004\006][\376s\340\253\234K}\\013\0362\202`\234\371~d\0310\204\264,P\027\000\000\000\000\000\000\000\000\000\000\000\000\000\000\000\000\000\000\000\000\000\000\000\000\000\000\000\000\000\000\000\000P\031-}\351f\032\255\274\334m\326c\017\014ao[\342\230\003\245\245\3341Hm\326^\017jy\335\261s!\002\246\346\346\007\2326A*\334\272\022\321\346\247[\222\030\343\261w\244R\r\357}\243\273\253\020\375b6vG0E\002!\000\313\315\217n\260\021\034/t\0023\265\333\266h\353\254Ua~\2234l\033o\325w\276\355u\033'\002 S\331\r\367\026\270\235\247bP\267\007i\245e\3048\2238t\212\350\367)\361MJ\273;\205\242K""; ","validation: """"\200\000\000\001&\000\000\000\003)/\352k\017:F\231\033)\227\311<\340Qt\361\032\213\221\243\004\006][\376s\340\253\234K}\\013\0362\202`\234\371~d\0310\204\264,P\027\000\000\000\000\000\000\000\000\000\000\000\000\000\000\000\000\000\000\000\000\000\000\000\000\000\000\000\000\000\000\000\000P\031-}\351f\032\255\274\334m\326c\017\014ao[\342\230\003\245\245\3341Hm\326^\017jy\335\261s!\002\246\346\346\007\2326A*\334\272\022\321\346\247[\222\030\343\261w\244R\r\357}\243\273\253\020\375b6vG0E\002!\000\313\315\217n\260\021\034/t\0023\265\333\266h\353\254Ua~\2234l\033o\325w\276\355u\033'\002 S\331\r\367\026\270\235\247bP\267\007i\245e\3048\2238t\212\350\367)\361MJ\273;\205\242K""; "
1750576783476,1750576783476,798,1,4,0,TMProposeSet,"proposeSeq: 0; currentTxHash: ""\000\000\000\000\000\000\000\000\000\000\000\000\000\000\000\000\000\000\000\000\000\000\000\000\000\000\000\000\000\000\000\000""; nodePubKey: ""\002i\265d-H\225\336\350\317n\272\016O\317\257\273\327\352\371\231\250\230(\240\353\331\024\207\241\020\304!""; closeTime: 803891983; signature: ""0E\002!\000\224\275\243\344\303\375\354\023Tv\370\226\364\350\375OCe\251\221\030\217\340\343\274\004\007\206x$\334\035\002 /Y6\240\270\272\006\367\310\n{\022\377#\256R\302\027^2\203\0215\254\346B\361\274\234\330\230\355""; previousledger: ""t\361\032\213\221\243\004\006][\376s\340\253\234K}\\013\0362\202`\234\371~d\0310\204\264,""; ","proposeSeq: 0; currentTxHash: ""\000\000\000\000\000\000\000\000\000\000\000\000\000\000\000\000\000\000\000\000\000\000\000\000\000\000\000\000\000\000\000\000""; nodePubKey: ""\002i\265d-H\225\336\350\317n\272\016O\317\257\273\327\352\371\231\250\230(\240\353\331\024\207\241\020\304!""; closeTime: 803891983; signature: ""0E\002!\000\224\275\243\344\303\375\354\023Tv\370\226\364\350\375OCe\251\221\030\217\340\343\274\004\007\206x$\334\035\002 /Y6\240\270\272\006\367\310\n{\022\377#\256R\302\027^2\203\0215\254\346B\361\274\234\330\230\355""; previousledger: ""t\361\032\213\221\243\004\006][\376s\340\253\234K}\\013\0362\202`\234\371~d\0310\204\264,""; "
1750576783477,1750576783477,1256,1,4,1,TMProposeSet,"proposeSeq: 0; currentTxHash: ""\000\000\000\000\000\000\000\000\000\000\000\000\000\000\000\000\000\000\000\000\000\000\000\000\000\000\000\000\000\000\000\000""; nodePubKey: ""\002i\265d-H\225\336\350\317n\272\016O\317\257\273\327\352\371\231\250\230(\240\353\331\024\207\241\020\304!""; closeTime: 803891983; signature: ""0E\002!\000\224\275\243\344\303\375\354\023Tv\370\226\364\350\375OCe\251\221\030\217\340\343\274\004\007\206x$\334\035\002 /Y6\240\270\272\006\367\310\n{\022\377#\256R\302\027^2\203\0215\254\346B\361\274\234\330\230\355""; previousledger: ""t\361\032\213\221\243\004\006][\376s\340\253\234K}\\013\0362\202`\234\371~d\0310\204\264,""; ","proposeSeq: 0; currentTxHash: ""\000\000\000\000\000\000\000\000\000\000\000\000\000\000\000\000\000\000\000\000\000\000\000\000\000\000\000\000\000\000\000\000""; nodePubKey: ""\002i\265d-H\225\336\350\317n\272\016O\317\257\273\327\352\371\231\250\230(\240\353\331\024\207\241\020\304!""; closeTime: 803891983; signature: ""0E\002!\000\224\275\243\344\303\375\354\023Tv\370\226\364\350\375OCe\251\221\030\217\340\343\274\004\007\206x$\334\035\002 /Y6\240\270\272\006\367\310\n{\022\377#\256R\302\027^2\203\0215\254\346B\361\274\234\330\230\355""; previousledger: ""t\361\032\213\221\243\004\006][\376s\340\253\234K}\\013\0362\202`\234\371~d\0310\204\264,""; "
1750576783478,1750576783478,3125,1,4,3,TMProposeSet,"proposeSeq: 0; currentTxHash: ""\000\000\000\000\000\000\000\000\000\000\000\000\000\000\000\000\000\000\000\000\000\000\000\000\000\000\000\000\000\000\000\000""; nodePubKey: ""\002i\265d-H\225\336\350\317n\272\016O\317\257\273\327\352\371\231\250\230(\240\353\331\024\207\241\020\304!""; closeTime: 803891983; signature: ""0E\002!\000\224\275\243\344\303\375\354\023Tv\370\226\364\350\375OCe\251\221\030\217\340\343\274\004\007\206x$\334\035\002 /Y6\240\270\272\006\367\310\n{\022\377#\256R\302\027^2\203\0215\254\346B\361\274\234\330\230\355""; previousledger: ""t\361\032\213\221\243\004\006][\376s\340\253\234K}\\013\0362\202`\234\371~d\0310\204\264,""; ","proposeSeq: 0; currentTxHash: ""\000\000\000\000\000\000\000\000\000\000\000\000\000\000\000\000\000\000\000\000\000\000\000\000\000\000\000\000\000\000\000\000""; nodePubKey: ""\002i\265d-H\225\336\350\317n\272\016O\317\257\273\327\352\371\231\250\230(\240\353\331\024\207\241\020\304!""; closeTime: 803891983; signature: ""0E\002!\000\224\275\243\344\303\375\354\023Tv\370\226\364\350\375OCe\251\221\030\217\340\343\274\004\007\206x$\334\035\002 /Y6\240\270\272\006\367\310\n{\022\377#\256R\302\027^2\203\0215\254\346B\361\274\234\330\230\355""; previousledger: ""t\361\032\213\221\243\004\006][\376s\340\253\234K}\\013\0362\202`\234\371~d\0310\204\264,""; "
1750576783486,1750576783486,2284,1,4,2,TMProposeSet,"proposeSeq: 0; currentTxHash: ""\000\000\000\000\000\000\000\000\000\000\000\000\000\000\000\000\000\000\000\000\000\000\000\000\000\000\000\000\000\000\000\000""; nodePubKey: ""\002i\265d-H\225\336\350\317n\272\016O\317\257\273\327\352\371\231\250\230(\240\353\331\024\207\241\020\304!""; closeTime: 803891983; signature: ""0E\002!\000\224\275\243\344\303\375\354\023Tv\370\226\364\350\375OCe\251\221\030\217\340\343\274\004\007\206x$\334\035\002 /Y6\240\270\272\006\367\310\n{\022\377#\256R\302\027^2\203\0215\254\346B\361\274\234\330\230\355""; previousledger: ""t\361\032\213\221\243\004\006][\376s\340\253\234K}\\013\0362\202`\234\371~d\0310\204\264,""; ","proposeSeq: 0; currentTxHash: ""\000\000\000\000\000\000\000\000\000\000\000\000\000\000\000\000\000\000\000\000\000\000\000\000\000\000\000\000\000\000\000\000""; nodePubKey: ""\002i\265d-H\225\336\350\317n\272\016O\317\257\273\327\352\371\231\250\230(\240\353\331\024\207\241\020\304!""; closeTime: 803891983; signature: ""0E\002!\000\224\275\243\344\303\375\354\023Tv\370\226\364\350\375OCe\251\221\030\217\340\343\274\004\007\206x$\334\035\002 /Y6\240\270\272\006\367\310\n{\022\377#\256R\302\027^2\203\0215\254\346B\361\274\234\330\230\355""; previousledger: ""t\361\032\213\221\243\004\006][\376s\340\253\234K}\\013\0362\202`\234\371~d\0310\204\264,""; "
1750576783580,1750576783580,3125,1,4,3,TMProposeSet,"proposeSeq: 0; currentTxHash: ""\000\000\000\000\000\000\000\000\000\000\000\000\000\000\000\000\000\000\000\000\000\000\000\000\000\000\000\000\000\000\000\000""; nodePubKey: ""\002\005\363\0222\231\333G\357\305\020\014\241\033\231\261Z#\243\036\0267\020\210\265\022\240%\336\332\221\202\352""; closeTime: 803891983; signature: ""0D\002 %\266gd\035eo\221wO\005TXB\325\0348;\246\366\331C\350,\236\360\201\346\252\022\016\215\002 m\005\211\272\253e\350F\342\352\231g-\010\240\206Ey\360\030[>4\303\354O\026'\364\310\305\016""; previousledger: ""t\361\032\213\221\243\004\006][\376s\340\253\234K}\\013\0362\202`\234\371~d\0310\204\264,""; ","proposeSeq: 0; currentTxHash: ""\000\000\000\000\000\000\000\000\000\000\000\000\000\000\000\000\000\000\000\000\000\000\000\000\000\000\000\000\000\000\000\000""; nodePubKey: ""\002\005\363\0222\231\333G\357\305\020\014\241\033\231\261Z#\243\036\0267\020\210\265\022\240%\336\332\221\202\352""; closeTime: 803891983; signature: ""0D\002 %\266gd\035eo\221wO\005TXB\325\0348;\246\366\331C\350,\236\360\201\346\252\022\016\215\002 m\005\211\272\253e\350F\342\352\231g-\010\240\206Ey\360\030[>4\303\354O\026'\364\310\305\016""; previousledger: ""t\361\032\213\221\243\004\006][\376s\340\253\234K}\\013\0362\202`\234\371~d\0310\204\264,""; "
1750576783581,1750576783581,2284,1,4,2,TMProposeSet,"proposeSeq: 0; currentTxHash: ""\000\000\000\000\000\000\000\000\000\000\000\000\000\000\000\000\000\000\000\000\000\000\000\000\000\000\000\000\000\000\000\000""; nodePubKey: ""\002\005\363\0222\231\333G\357\305\020\014\241\033\231\261Z#\243\036\0267\020\210\265\022\240%\336\332\221\202\352""; closeTime: 803891983; signature: ""0D\002 %\266gd\035eo\221wO\005TXB\325\0348;\246\366\331C\350,\236\360\201\346\252\022\016\215\002 m\005\211\272\253e\350F\342\352\231g-\010\240\206Ey\360\030[>4\303\354O\026'\364\310\305\016""; previousledger: ""t\361\032\213\221\243\004\006][\376s\340\253\234K}\\013\0362\202`\234\371~d\0310\204\264,""; ","proposeSeq: 0; currentTxHash: ""\000\000\000\000\000\000\000\000\000\000\000\000\000\000\000\000\000\000\000\000\000\000\000\000\000\000\000\000\000\000\000\000""; nodePubKey: ""\002\005\363\0222\231\333G\357\305\020\014\241\033\231\261Z#\243\036\0267\020\210\265\022\240%\336\332\221\202\352""; closeTime: 803891983; signature: ""0D\002 %\266gd\035eo\221wO\005TXB\325\0348;\246\366\331C\350,\236\360\201\346\252\022\016\215\002 m\005\211\272\253e\350F\342\352\231g-\010\240\206Ey\360\030[>4\303\354O\026'\364\310\305\016""; previousledger: ""t\361\032\213\221\243\004\006][\376s\340\253\234K}\\013\0362\202`\234\371~d\0310\204\264,""; "
1750576783580,1750576783581,1256,1,4,1,TMProposeSet,"proposeSeq: 0; currentTxHash: ""\000\000\000\000\000\000\000\000\000\000\000\000\000\000\000\000\000\000\000\000\000\000\000\000\000\000\000\000\000\000\000\000""; nodePubKey: ""\002\005\363\0222\231\333G\357\305\020\014\241\033\231\261Z#\243\036\0267\020\210\265\022\240%\336\332\221\202\352""; closeTime: 803891983; signature: ""0D\002 %\266gd\035eo\221wO\005TXB\325\0348;\246\366\331C\350,\236\360\201\346\252\022\016\215\002 m\005\211\272\253e\350F\342\352\231g-\010\240\206Ey\360\030[>4\303\354O\026'\364\310\305\016""; previousledger: ""t\361\032\213\221\243\004\006][\376s\340\253\234K}\\013\0362\202`\234\371~d\0310\204\264,""; ","proposeSeq: 0; currentTxHash: ""\000\000\000\000\000\000\000\000\000\000\000\000\000\000\000\000\000\000\000\000\000\000\000\000\000\000\000\000\000\000\000\000""; nodePubKey: ""\002\005\363\0222\231\333G\357\305\020\014\241\033\231\261Z#\243\036\0267\020\210\265\022\240%\336\332\221\202\352""; closeTime: 803891983; signature: ""0D\002 %\266gd\035eo\221wO\005TXB\325\0348;\246\366\331C\350,\236\360\201\346\252\022\016\215\002 m\005\211\272\253e\350F\342\352\231g-\010\240\206Ey\360\030[>4\303\354O\026'\364\310\305\016""; previousledger: ""t\361\032\213\221\243\004\006][\376s\340\253\234K}\\013\0362\202`\234\371~d\0310\204\264,""; "
1750576783443,1750576783606,1208,1,4,2,TMStatusChange,"newEvent: neCLOSING_LEDGER; ledgerSeq: 3; ledgerHash: ""t\361\032\213\221\243\004\006][\376s\340\253\234K}\\013\0362\202`\234\371~d\0310\204\264,""; ledgerHashPrevious: ""0\355\311\211\352@\036\313K1\024B\343N\323V\367s\355lu\324\374V\207\371F\260\325\345\213\261""; networkTime: 803891983; firstSeq: 1; lastSeq: 3; ","newEvent: neCLOSING_LEDGER; ledgerSeq: 3; ledgerHash: ""t\361\032\213\221\243\004\006][\376s\340\253\234K}\\013\0362\202`\234\371~d\0310\204\264,""; ledgerHashPrevious: ""0\355\311\211\352@\036\313K1\024B\343N\323V\367s\355lu\324\374V\207\371F\260\325\345\213\261""; networkTime: 803891983; firstSeq: 1; lastSeq: 3; "
1750576783478,1750576783608,216,1,4,3,TMStatusChange,"newEvent: neCLOSING_LEDGER; ledgerSeq: 3; ledgerHash: ""t\361\032\213\221\243\004\006][\376s\340\253\234K}\\013\0362\202`\234\371~d\0310\204\264,""; ledgerHashPrevious: ""0\355\311\211\352@\036\313K1\024B\343N\323V\367s\355lu\324\374V\207\371F\260\325\345\213\261""; networkTime: 803891983; firstSeq: 1; lastSeq: 3; ","newEvent: neCLOSING_LEDGER; ledgerSeq: 3; ledgerHash: ""t\361\032\213\221\243\004\006][\376s\340\253\234K}\\013\0362\202`\234\371~d\0310\204\264,""; ledgerHashPrevious: ""0\355\311\211\352@\036\313K1\024B\343N\323V\367s\355lu\324\374V\207\371F\260\325\345\213\261""; networkTime: 803891983; firstSeq: 1; lastSeq: 3; "
1750576783478,1750576783608,3970,1,4,1,TMStatusChange,"newEvent: neCLOSING_LEDGER; ledgerSeq: 3; ledgerHash: ""t\361\032\213\221\243\004\006][\376s\340\253\234K}\\013\0362\202`\234\371~d\0310\204\264,""; ledgerHashPrevious: ""0\355\311\211\352@\036\313K1\024B\343N\323V\367s\355lu\324\374V\207\371F\260\325\345\213\261""; networkTime: 803891983; firstSeq: 1; lastSeq: 3; ","newEvent: neCLOSING_LEDGER; ledgerSeq: 3; ledgerHash: ""t\361\032\213\221\243\004\006][\376s\340\253\234K}\\013\0362\202`\234\371~d\0310\204\264,""; ledgerHashPrevious: ""0\355\311\211\352@\036\313K1\024B\343N\323V\367s\355lu\324\374V\207\371F\260\325\345\213\261""; networkTime: 803891983; firstSeq: 1; lastSeq: 3; "
1750576783444,1750576783607,2340,1,4,0,TMStatusChange,"newEvent: neCLOSING_LEDGER; ledgerSeq: 3; ledgerHash: ""t\361\032\213\221\243\004\006][\376s\340\253\234K}\\013\0362\202`\234\371~d\0310\204\264,""; ledgerHashPrevious: ""0\355\311\211\352@\036\313K1\024B\343N\323V\367s\355lu\324\374V\207\371F\260\325\345\213\261""; networkTime: 803891983; firstSeq: 1; lastSeq: 3; ","newEvent: neCLOSING_LEDGER; ledgerSeq: 3; ledgerHash: ""t\361\032\213\221\243\004\006][\376s\340\253\234K}\\013\0362\202`\234\371~d\0310\204\264,""; ledgerHashPrevious: ""0\355\311\211\352@\036\313K1\024B\343N\323V\367s\355lu\324\374V\207\371F\260\325\345\213\261""; networkTime: 803891983; firstSeq: 1; lastSeq: 3; "
1750576783648,1750576783648,334,1,1,3,TMProposeSet,"proposeSeq: 0; currentTxHash: ""\000\000\000\000\000\000\000\000\000\000\000\000\000\000\000\000\000\000\000\000\000\000\000\000\000\000\000\000\000\000\000\000""; nodePubKey: ""\002\005\363\0222\231\333G\357\305\020\014\241\033\231\261Z#\243\036\0267\020\210\265\022\240%\336\332\221\202\352""; closeTime: 803891983; signature: ""0D\002 %\266gd\035eo\221wO\005TXB\325\0348;\246\366\331C\350,\236\360\201\346\252\022\016\215\002 m\005\211\272\253e\350F\342\352\231g-\010\240\206Ey\360\030[>4\303\354O\026'\364\310\305\016""; previousledger: ""t\361\032\213\221\243\004\006][\376s\340\253\234K}\\013\0362\202`\234\371~d\0310\204\264,""; ","proposeSeq: 0; currentTxHash: ""\000\000\000\000\000\000\000\000\000\000\000\000\000\000\000\000\000\000\000\000\000\000\000\000\000\000\000\000\000\000\000\000""; nodePubKey: ""\002\005\363\0222\231\333G\357\305\020\014\241\033\231\261Z#\243\036\0267\020\210\265\022\240%\336\332\221\202\352""; closeTime: 803891983; signature: ""0D\002 %\266gd\035eo\221wO\005TXB\325\0348;\246\366\331C\350,\236\360\201\346\252\022\016\215\002 m\005\211\272\253e\350F\342\352\231g-\010\240\206Ey\360\030[>4\303\354O\026'\364\310\305\016""; previousledger: ""t\361\032\213\221\243\004\006][\376s\340\253\234K}\\013\0362\202`\234\371~d\0310\204\264,""; "
1750576783648,1750576783648,2300,1,1,2,TMProposeSet,"proposeSeq: 0; currentTxHash: ""\000\000\000\000\000\000\000\000\000\000\000\000\000\000\000\000\000\000\000\000\000\000\000\000\000\000\000\000\000\000\000\000""; nodePubKey: ""\002\005\363\0222\231\333G\357\305\020\014\241\033\231\261Z#\243\036\0267\020\210\265\022\240%\336\332\221\202\352""; closeTime: 803891983; signature: ""0D\002 %\266gd\035eo\221wO\005TXB\325\0348;\246\366\331C\350,\236\360\201\346\252\022\016\215\002 m\005\211\272\253e\350F\342\352\231g-\010\240\206Ey\360\030[>4\303\354O\026'\364\310\305\016""; previousledger: ""t\361\032\213\221\243\004\006][\376s\340\253\234K}\\013\0362\202`\234\371~d\0310\204\264,""; ","proposeSeq: 0; currentTxHash: ""\000\000\000\000\000\000\000\000\000\000\000\000\000\000\000\000\000\000\000\000\000\000\000\000\000\000\000\000\000\000\000\000""; nodePubKey: ""\002\005\363\0222\231\333G\357\305\020\014\241\033\231\261Z#\243\036\0267\020\210\265\022\240%\336\332\221\202\352""; closeTime: 803891983; signature: ""0D\002 %\266gd\035eo\221wO\005TXB\325\0348;\246\366\331C\350,\236\360\201\346\252\022\016\215\002 m\005\211\272\253e\350F\342\352\231g-\010\240\206Ey\360\030[>4\303\354O\026'\364\310\305\016""; previousledger: ""t\361\032\213\221\243\004\006][\376s\340\253\234K}\\013\0362\202`\234\371~d\0310\204\264,""; "
1750576783648,1750576783648,3472,1,1,4,TMProposeSet,"proposeSeq: 0; currentTxHash: ""\000\000\000\000\000\000\000\000\000\000\000\000\000\000\000\000\000\000\000\000\000\000\000\000\000\000\000\000\000\000\000\000""; nodePubKey: ""\002\005\363\0222\231\333G\357\305\020\014\241\033\231\261Z#\243\036\0267\020\210\265\022\240%\336\332\221\202\352""; closeTime: 803891983; signature: ""0D\002 %\266gd\035eo\221wO\005TXB\325\0348;\246\366\331C\350,\236\360\201\346\252\022\016\215\002 m\005\211\272\253e\350F\342\352\231g-\010\240\206Ey\360\030[>4\303\354O\026'\364\310\305\016""; previousledger: ""t\361\032\213\221\243\004\006][\376s\340\253\234K}\\013\0362\202`\234\371~d\0310\204\264,""; ","proposeSeq: 0; currentTxHash: ""\000\000\000\000\000\000\000\000\000\000\000\000\000\000\000\000\000\000\000\000\000\000\000\000\000\000\000\000\000\000\000\000""; nodePubKey: ""\002\005\363\0222\231\333G\357\305\020\014\241\033\231\261Z#\243\036\0267\020\210\265\022\240%\336\332\221\202\352""; closeTime: 803891983; signature: ""0D\002 %\266gd\035eo\221wO\005TXB\325\0348;\246\366\331C\350,\236\360\201\346\252\022\016\215\002 m\005\211\272\253e\350F\342\352\231g-\010\240\206Ey\360\030[>4\303\354O\026'\364\310\305\016""; previousledger: ""t\361\032\213\221\243\004\006][\376s\340\253\234K}\\013\0362\202`\234\371~d\0310\204\264,""; "
1750576783661,1750576783661,1133,1,3,1,TMProposeSet,"proposeSeq: 0; currentTxHash: ""\000\000\000\000\000\000\000\000\000\000\000\000\000\000\000\000\000\000\000\000\000\000\000\000\000\000\000\000\000\000\000\000""; nodePubKey: ""\003uv\3157M_,X\323\216\327\373A""\226\013\275\210\0079\020Q\007\035\231@s\266\345\000\272\252""; closeTime: 803891983; signature: ""0E\002!\000\254\215\343\323\n-\215\333sia\200\321\330a\333\027\2509\256\327\241\!\331\333\273\263\374\317\357=\002 0\267\034\312J\177\3653\376\373H\243\365}\006l\351[\225y\315-5>\354@}/\251\264\370\032""; previousledger: ""t\361\032\213\221\243\004\006][\376s\340\253\234K}\\013\0362\202`\234\371~d\0310\204\264,""; ","proposeSeq: 0; currentTxHash: ""\000\000\000\000\000\000\000\000\000\000\000\000\000\000\000\000\000\000\000\000\000\000\000\000\000\000\000\000\000\000\000\000""; nodePubKey: ""\003uv\3157M_,X\323\216\327\373A""\226\013\275\210\0079\020Q\007\035\231@s\266\345\000\272\252""; closeTime: 803891983; signature: ""0E\002!\000\254\215\343\323\n-\215\333sia\200\321\330a\333\027\2509\256\327\241\!\331\333\273\263\374\317\357=\002 0\267\034\312J\177\3653\376\373H\243\365}\006l\351[\225y\315-5>\354@}/\251\264\370\032""; previousledger: ""t\361\032\213\221\243\004\006][\376s\340\253\234K}\\013\0362\202`\234\371~d\0310\204\264,""; "
1750576783662,1750576783662,3303,1,3,2,TMProposeSet,"proposeSeq: 0; currentTxHash: ""\000\000\000\000\000\000\000\000\000\000\000\000\000\000\000\000\000\000\000\000\000\000\000\000\000\000\000\000\000\000\000\000""; nodePubKey: ""\003uv\3157M_,X\323\216\327\373A""\226\013\275\210\0079\020Q\007\035\231@s\266\345\000\272\252""; closeTime: 803891983; signature: ""0E\002!\000\254\215\343\323\n-\215\333sia\200\321\330a\333\027\2509\256\327\241\!\331\333\273\263\374\317\357=\002 0\267\034\312J\177\3653\376\373H\243\365}\006l\351[\225y\315-5>\354@}/\251\264\370\032""; previousledger: ""t\361\032\213\221\243\004\006][\376s\340\253\234K}\\013\0362\202`\234\371~d\0310\204\264,""; ","proposeSeq: 0; currentTxHash: ""\000\000\000\000\000\000\000\000\000\000\000\000\000\000\000\000\000\000\000\000\000\000\000\000\000\000\000\000\000\000\000\000""; nodePubKey: ""\003uv\3157M_,X\323\216\327\373A""\226\013\275\210\0079\020Q\007\035\231@s\266\345\000\272\252""; closeTime: 803891983; signature: ""0E\002!\000\254\215\343\323\n-\215\333sia\200\321\330a\333\027\2509\256\327\241\!\331\333\273\263\374\317\357=\002 0\267\034\312J\177\3653\376\373H\243\365}\006l\351[\225y\315-5>\354@}/\251\264\370\032""; previousledger: ""t\361\032\213\221\243\004\006][\376s\340\253\234K}\\013\0362\202`\234\371~d\0310\204\264,""; "
1750576783662,1750576783662,105,1,3,0,TMProposeSet,"proposeSeq: 0; currentTxHash: ""\000\000\000\000\000\000\000\000\000\000\000\000\000\000\000\000\000\000\000\000\000\000\000\000\000\000\000\000\000\000\000\000""; nodePubKey: ""\003uv\3157M_,X\323\216\327\373A""\226\013\275\210\0079\020Q\007\035\231@s\266\345\000\272\252""; closeTime: 803891983; signature: ""0E\002!\000\254\215\343\323\n-\215\333sia\200\321\330a\333\027\2509\256\327\241\!\331\333\273\263\374\317\357=\002 0\267\034\312J\177\3653\376\373H\243\365}\006l\351[\225y\315-5>\354@}/\251\264\370\032""; previousledger: ""t\361\032\213\221\243\004\006][\376s\340\253\234K}\\013\0362\202`\234\371~d\0310\204\264,""; ","proposeSeq: 0; currentTxHash: ""\000\000\000\000\000\000\000\000\000\000\000\000\000\000\000\000\000\000\000\000\000\000\000\000\000\000\000\000\000\000\000\000""; nodePubKey: ""\003uv\3157M_,X\323\216\327\373A""\226\013\275\210\0079\020Q\007\035\231@s\266\345\000\272\252""; closeTime: 803891983; signature: ""0E\002!\000\254\215\343\323\n-\215\333sia\200\321\330a\333\027\2509\256\327\241\!\331\333\273\263\374\317\357=\002 0\267\034\312J\177\3653\376\373H\243\365}\006l\351[\225y\315-5>\354@}/\251\264\370\032""; previousledger: ""t\361\032\213\221\243\004\006][\376s\340\253\234K}\\013\0362\202`\234\371~d\0310\204\264,""; "
1750576783664,1750576783664,3672,1,3,4,TMProposeSet,"proposeSeq: 0; currentTxHash: ""\000\000\000\000\000\000\000\000\000\000\000\000\000\000\000\000\000\000\000\000\000\000\000\000\000\000\000\000\000\000\000\000""; nodePubKey: ""\003uv\3157M_,X\323\216\327\373A""\226\013\275\210\0079\020Q\007\035\231@s\266\345\000\272\252""; closeTime: 803891983; signature: ""0E\002!\000\254\215\343\323\n-\215\333sia\200\321\330a\333\027\2509\256\327\241\!\331\333\273\263\374\317\357=\002 0\267\034\312J\177\3653\376\373H\243\365}\006l\351[\225y\315-5>\354@}/\251\264\370\032""; previousledger: ""t\361\032\213\221\243\004\006][\376s\340\253\234K}\\013\0362\202`\234\371~d\0310\204\264,""; ","proposeSeq: 0; currentTxHash: ""\000\000\000\000\000\000\000\000\000\000\000\000\000\000\000\000\000\000\000\000\000\000\000\000\000\000\000\000\000\000\000\000""; nodePubKey: ""\003uv\3157M_,X\323\216\327\373A""\226\013\275\210\0079\020Q\007\035\231@s\266\345\000\272\252""; closeTime: 803891983; signature: ""0E\002!\000\254\215\343\323\n-\215\333sia\200\321\330a\333\027\2509\256\327\241\!\331\333\273\263\374\317\357=\002 0\267\034\312J\177\3653\376\373H\243\365}\006l\351[\225y\315-5>\354@}/\251\264\370\032""; previousledger: ""t\361\032\213\221\243\004\006][\376s\340\253\234K}\\013\0362\202`\234\371~d\0310\204\264,""; "
1750576783765,1750576783765,3625,1,0,2,TMProposeSet,"proposeSeq: 0; currentTxHash: ""\000\000\000\000\000\000\000\000\000\000\000\000\000\000\000\000\000\000\000\000\000\000\000\000\000\000\000\000\000\000\000\000""; nodePubKey: ""\003uv\3157M_,X\323\216\327\373A""\226\013\275\210\0079\020Q\007\035\231@s\266\345\000\272\252""; closeTime: 803891983; signature: ""0E\002!\000\254\215\343\323\n-\215\333sia\200\321\330a\333\027\2509\256\327\241\!\331\333\273\263\374\317\357=\002 0\267\034\312J\177\3653\376\373H\243\365}\006l\351[\225y\315-5>\354@}/\251\264\370\032""; previousledger: ""t\361\032\213\221\243\004\006][\376s\340\253\234K}\\013\0362\202`\234\371~d\0310\204\264,""; ","proposeSeq: 0; currentTxHash: ""\000\000\000\000\000\000\000\000\000\000\000\000\000\000\000\000\000\000\000\000\000\000\000\000\000\000\000\000\000\000\000\000""; nodePubKey: ""\003uv\3157M_,X\323\216\327\373A""\226\013\275\210\0079\020Q\007\035\231@s\266\345\000\272\252""; closeTime: 803891983; signature: ""0E\002!\000\254\215\343\323\n-\215\333sia\200\321\330a\333\027\2509\256\327\241\!\331\333\273\263\374\317\357=\002 0\267\034\312J\177\3653\376\373H\243\365}\006l\351[\225y\315-5>\354@}/\251\264\370\032""; previousledger: ""t\361\032\213\221\243\004\006][\376s\340\253\234K}\\013\0362\202`\234\371~d\0310\204\264,""; "
1750576783766,1750576783767,400,1,0,4,TMProposeSet,"proposeSeq: 0; currentTxHash: ""\000\000\000\000\000\000\000\000\000\000\000\000\000\000\000\000\000\000\000\000\000\000\000\000\000\000\000\000\000\000\000\000""; nodePubKey: ""\003uv\3157M_,X\323\216\327\373A""\226\013\275\210\0079\020Q\007\035\231@s\266\345\000\272\252""; closeTime: 803891983; signature: ""0E\002!\000\254\215\343\323\n-\215\333sia\200\321\330a\333\027\2509\256\327\241\!\331\333\273\263\374\317\357=\002 0\267\034\312J\177\3653\376\373H\243\365}\006l\351[\225y\315-5>\354@}/\251\264\370\032""; previousledger: ""t\361\032\213\221\243\004\006][\376s\340\253\234K}\\013\0362\202`\234\371~d\0310\204\264,""; ","proposeSeq: 0; currentTxHash: ""\000\000\000\000\000\000\000\000\000\000\000\000\000\000\000\000\000\000\000\000\000\000\000\000\000\000\000\000\000\000\000\000""; nodePubKey: ""\003uv\3157M_,X\323\216\327\373A""\226\013\275\210\0079\020Q\007\035\231@s\266\345\000\272\252""; closeTime: 803891983; signature: ""0E\002!\000\254\215\343\323\n-\215\333sia\200\321\330a\333\027\2509\256\327\241\!\331\333\273\263\374\317\357=\002 0\267\034\312J\177\3653\376\373H\243\365}\006l\351[\225y\315-5>\354@}/\251\264\370\032""; previousledger: ""t\361\032\213\221\243\004\006][\376s\340\253\234K}\\013\0362\202`\234\371~d\0310\204\264,""; "
1750576783767,1750576783767,465,1,0,1,TMProposeSet,"proposeSeq: 0; currentTxHash: ""\000\000\000\000\000\000\000\000\000\000\000\000\000\000\000\000\000\000\000\000\000\000\000\000\000\000\000\000\000\000\000\000""; nodePubKey: ""\003uv\3157M_,X\323\216\327\373A""\226\013\275\210\0079\020Q\007\035\231@s\266\345\000\272\252""; closeTime: 803891983; signature: ""0E\002!\000\254\215\343\323\n-\215\333sia\200\321\330a\333\027\2509\256\327\241\!\331\333\273\263\374\317\357=\002 0\267\034\312J\177\3653\376\373H\243\365}\006l\351[\225y\315-5>\354@}/\251\264\370\032""; previousledger: ""t\361\032\213\221\243\004\006][\376s\340\253\234K}\\013\0362\202`\234\371~d\0310\204\264,""; ","proposeSeq: 0; currentTxHash: ""\000\000\000\000\000\000\000\000\000\000\000\000\000\000\000\000\000\000\000\000\000\000\000\000\000\000\000\000\000\000\000\000""; nodePubKey: ""\003uv\3157M_,X\323\216\327\373A""\226\013\275\210\0079\020Q\007\035\231@s\266\345\000\272\252""; closeTime: 803891983; signature: ""0E\002!\000\254\215\343\323\n-\215\333sia\200\321\330a\333\027\2509\256\327\241\!\331\333\273\263\374\317\357=\002 0\267\034\312J\177\3653\376\373H\243\365}\006l\351[\225y\315-5>\354@}/\251\264\370\032""; previousledger: ""t\361\032\213\221\243\004\006][\376s\340\253\234K}\\013\0362\202`\234\371~d\0310\204\264,""; "
1750576783782,1750576783782,494,1,1,4,TMValidation,"validation: """"\200\000\000\001&\000\000\000\003)/\352k\017:F\231\033)\227\311<\340Qt\361\032\213\221\243\004\006][\376s\340\253\234K}\\013\0362\202`\234\371~d\0310\204\264,P\027\000\000\000\000\000\000\000\000\000\000\000\000\000\000\000\000\000\000\000\000\000\000\000\000\000\000\000\000\000\000\000\000P\031-}\351f\032\255\274\334m\326c\017\014ao[\342\230\003\245\245\3341Hm\326^\017jy\335\261s!\002\246\346\346\007\2326A*\334\272\022\321\346\247[\222\030\343\261w\244R\r\357}\243\273\253\020\375b6vG0E\002!\000\313\315\217n\260\021\034/t\0023\265\333\266h\353\254Ua~\2234l\033o\325w\276\355u\033'\002 S\331\r\367\026\270\235\247bP\267\007i\245e\3048\2238t\212\350\367)\361MJ\273;\205\242K""; ","validation: """"\200\000\000\001&\000\000\000\003)/\352k\017:F\231\033)\227\311<\340Qt\361\032\213\221\243\004\006][\376s\340\253\234K}\\013\0362\202`\234\371~d\0310\204\264,P\027\000\000\000\000\000\000\000\000\000\000\000\000\000\000\000\000\000\000\000\000\000\000\000\000\000\000\000\000\000\000\000\000P\031-}\351f\032\255\274\334m\326c\017\014ao[\342\230\003\245\245\3341Hm\326^\017jy\335\261s!\002\246\346\346\007\2326A*\334\272\022\321\346\247[\222\030\343\261w\244R\r\357}\243\273\253\020\375b6vG0E\002!\000\313\315\217n\260\021\034/t\0023\265\333\266h\353\254Ua~\2234l\033o\325w\276\355u\033'\002 S\331\r\367\026\270\235\247bP\267\007i\245e\3048\2238t\212\350\367)\361MJ\273;\205\242K""; "
1750576783783,1750576783783,3831,1,1,0,TMValidation,"validation: """"\200\000\000\001&\000\000\000\003)/\352k\017:F\231\033)\227\311<\340Qt\361\032\213\221\243\004\006][\376s\340\253\234K}\\013\0362\202`\234\371~d\0310\204\264,P\027\000\000\000\000\000\000\000\000\000\000\000\000\000\000\000\000\000\000\000\000\000\000\000\000\000\000\000\000\000\000\000\000P\031-}\351f\032\255\274\334m\326c\017\014ao[\342\230\003\245\245\3341Hm\326^\017jy\335\261s!\002\246\346\346\007\2326A*\334\272\022\321\346\247[\222\030\343\261w\244R\r\357}\243\273\253\020\375b6vG0E\002!\000\313\315\217n\260\021\034/t\0023\265\333\266h\353\254Ua~\2234l\033o\325w\276\355u\033'\002 S\331\r\367\026\270\235\247bP\267\007i\245e\3048\2238t\212\350\367)\361MJ\273;\205\242K""; ","validation: """"\200\000\000\001&\000\000\000\003)/\352k\017:F\231\033)\227\311<\340Qt\361\032\213\221\243\004\006][\376s\340\253\234K}\\013\0362\202`\234\371~d\0310\204\264,P\027\000\000\000\000\000\000\000\000\000\000\000\000\000\000\000\000\000\000\000\000\000\000\000\000\000\000\000\000\000\000\000\000P\031-}\351f\032\255\274\334m\326c\017\014ao[\342\230\003\245\245\3341Hm\326^\017jy\335\261s!\002\246\346\346\007\2326A*\334\272\022\321\346\247[\222\030\343\261w\244R\r\357}\243\273\253\020\375b6vG0E\002!\000\313\315\217n\260\021\034/t\0023\265\333\266h\353\254Ua~\2234l\033o\325w\276\355u\033'\002 S\331\r\367\026\270\235\247bP\267\007i\245e\3048\2238t\212\350\367)\361MJ\273;\205\242K""; "
1750576783783,1750576783784,2156,1,1,3,TMValidation,"validation: """"\200\000\000\001&\000\000\000\003)/\352k\017:F\231\033)\227\311<\340Qt\361\032\213\221\243\004\006][\376s\340\253\234K}\\013\0362\202`\234\371~d\0310\204\264,P\027\000\000\000\000\000\000\000\000\000\000\000\000\000\000\000\000\000\000\000\000\000\000\000\000\000\000\000\000\000\000\000\000P\031-}\351f\032\255\274\334m\326c\017\014ao[\342\230\003\245\245\3341Hm\326^\017jy\335\261s!\002\246\346\346\007\2326A*\334\272\022\321\346\247[\222\030\343\261w\244R\r\357}\243\273\253\020\375b6vG0E\002!\000\313\315\217n\260\021\034/t\0023\265\333\266h\353\254Ua~\2234l\033o\325w\276\355u\033'\002 S\331\r\367\026\270\235\247bP\267\007i\245e\3048\2238t\212\350\367)\361MJ\273;\205\242K""; ","validation: """"\200\000\000\001&\000\000\000\003)/\352k\017:F\231\033)\227\311<\340Qt\361\032\213\221\243\004\006][\376s\340\253\234K}\\013\0362\202`\234\371~d\0310\204\264,P\027\000\000\000\000\000\000\000\000\000\000\000\000\000\000\000\000\000\000\000\000\000\000\000\000\000\000\000\000\000\000\000\000P\031-}\351f\032\255\274\334m\326c\017\014ao[\342\230\003\245\245\3341Hm\326^\017jy\335\261s!\002\246\346\346\007\2326A*\334\272\022\321\346\247[\222\030\343\261w\244R\r\357}\243\273\253\020\375b6vG0E\002!\000\313\315\217n\260\021\034/t\0023\265\333\266h\353\254Ua~\2234l\033o\325w\276\355u\033'\002 S\331\r\367\026\270\235\247bP\267\007i\245e\3048\2238t\212\350\367)\361MJ\273;\205\242K""; "
1750576783659,1750576783840,862,1,3,4,TMStatusChange,"newEvent: neCLOSING_LEDGER; ledgerSeq: 3; ledgerHash: ""t\361\032\213\221\243\004\006][\376s\340\253\234K}\\013\0362\202`\234\371~d\0310\204\264,""; ledgerHashPrevious: ""0\355\311\211\352@\036\313K1\024B\343N\323V\367s\355lu\324\374V\207\371F\260\325\345\213\261""; networkTime: 803891983; firstSeq: 1; lastSeq: 3; ","newEvent: neCLOSING_LEDGER; ledgerSeq: 3; ledgerHash: ""t\361\032\213\221\243\004\006][\376s\340\253\234K}\\013\0362\202`\234\371~d\0310\204\264,""; ledgerHashPrevious: ""0\355\311\211\352@\036\313K1\024B\343N\323V\367s\355lu\324\374V\207\371F\260\325\345\213\261""; networkTime: 803891983; firstSeq: 1; lastSeq: 3; "
1750576783660,1750576783840,1309,1,3,2,TMStatusChange,"newEvent: neCLOSING_LEDGER; ledgerSeq: 3; ledgerHash: ""t\361\032\213\221\243\004\006][\376s\340\253\234K}\\013\0362\202`\234\371~d\0310\204\264,""; ledgerHashPrevious: ""0\355\311\211\352@\036\313K1\024B\343N\323V\367s\355lu\324\374V\207\371F\260\325\345\213\261""; networkTime: 803891983; firstSeq: 1; lastSeq: 3; ","newEvent: neCLOSING_LEDGER; ledgerSeq: 3; ledgerHash: ""t\361\032\213\221\243\004\006][\376s\340\253\234K}\\013\0362\202`\234\371~d\0310\204\264,""; ledgerHashPrevious: ""0\355\311\211\352@\036\313K1\024B\343N\323V\367s\355lu\324\374V\207\371F\260\325\345\213\261""; networkTime: 803891983; firstSeq: 1; lastSeq: 3; "
1750576783661,1750576783841,2989,1,3,1,TMStatusChange,"newEvent: neCLOSING_LEDGER; ledgerSeq: 3; ledgerHash: ""t\361\032\213\221\243\004\006][\376s\340\253\234K}\\013\0362\202`\234\371~d\0310\204\264,""; ledgerHashPrevious: ""0\355\311\211\352@\036\313K1\024B\343N\323V\367s\355lu\324\374V\207\371F\260\325\345\213\261""; networkTime: 803891983; firstSeq: 1; lastSeq: 3; ","newEvent: neCLOSING_LEDGER; ledgerSeq: 3; ledgerHash: ""t\361\032\213\221\243\004\006][\376s\340\253\234K}\\013\0362\202`\234\371~d\0310\204\264,""; ledgerHashPrevious: ""0\355\311\211\352@\036\313K1\024B\343N\323V\367s\355lu\324\374V\207\371F\260\325\345\213\261""; networkTime: 803891983; firstSeq: 1; lastSeq: 3; "
1750576783661,1750576783842,513,1,3,0,TMStatusChange,"newEvent: neCLOSING_LEDGER; ledgerSeq: 3; ledgerHash: ""t\361\032\213\221\243\004\006][\376s\340\253\234K}\\013\0362\202`\234\371~d\0310\204\264,""; ledgerHashPrevious: ""0\355\311\211\352@\036\313K1\024B\343N\323V\367s\355lu\324\374V\207\371F\260\325\345\213\261""; networkTime: 803891983; firstSeq: 1; lastSeq: 3; ","newEvent: neCLOSING_LEDGER; ledgerSeq: 3; ledgerHash: ""t\361\032\213\221\243\004\006][\376s\340\253\234K}\\013\0362\202`\234\371~d\0310\204\264,""; ledgerHashPrevious: ""0\355\311\211\352@\036\313K1\024B\343N\323V\367s\355lu\324\374V\207\371F\260\325\345\213\261""; networkTime: 803891983; firstSeq: 1; lastSeq: 3; "
1750576783873,1750576783873,3472,1,1,4,TMProposeSet,"proposeSeq: 0; currentTxHash: ""\000\000\000\000\000\000\000\000\000\000\000\000\000\000\000\000\000\000\000\000\000\000\000\000\000\000\000\000\000\000\000\000""; nodePubKey: ""\003\031\332\276_\315\363\210\315\246\030F\330\251\017g\263\037\257\332\007 \253\203\233\205\365\344\036\245\374\253\323""; closeTime: 803891983; signature: ""0E\002!\000\317v\350!\242d\367\276\203\320\315\000y\027\356p\265y\363\023kv8\200*\252\225\326\240\377\350\233\002 (\3404c\322V\376\231\003\026\312K\314d<6\017(d\216\271\300\t#\017\320\2324\252\305v\270""; previousledger: ""t\361\032\213\221\243\004\006][\376s\340\253\234K}\\013\0362\202`\234\371~d\0310\204\264,""; ","proposeSeq: 0; currentTxHash: ""\000\000\000\000\000\000\000\000\000\000\000\000\000\000\000\000\000\000\000\000\000\000\000\000\000\000\000\000\000\000\000\000""; nodePubKey: ""\003\031\332\276_\315\363\210\315\246\030F\330\251\017g\263\037\257\332\007 \253\203\233\205\365\344\036\245\374\253\323""; closeTime: 803891983; signature: ""0E\002!\000\317v\350!\242d\367\276\203\320\315\000y\027\356p\265y\363\023kv8\200*\252\225\326\240\377\350\233\002 (\3404c\322V\376\231\003\026\312K\314d<6\017(d\216\271\300\t#\017\320\2324\252\305v\270""; previousledger: ""t\361\032\213\221\243\004\006][\376s\340\253\234K}\\013\0362\202`\234\371~d\0310\204\264,""; "
1750576783875,1750576783875,2840,1,1,0,TMProposeSet,"proposeSeq: 0; currentTxHash: ""\000\000\000\000\000\000\000\000\000\000\000\000\000\000\000\000\000\000\000\000\000\000\000\000\000\000\000\000\000\000\000\000""; nodePubKey: ""\003\031\332\276_\315\363\210\315\246\030F\330\251\017g\263\037\257\332\007 \253\203\233\205\365\344\036\245\374\253\323""; closeTime: 803891983; signature: ""0E\002!\000\317v\350!\242d\367\276\203\320\315\000y\027\356p\265y\363\023kv8\200*\252\225\326\240\377\350\233\002 (\3404c\322V\376\231\003\026\312K\314d<6\017(d\216\271\300\t#\017\320\2324\252\305v\270""; previousledger: ""t\361\032\213\221\243\004\006][\376s\340\253\234K}\\013\0362\202`\234\371~d\0310\204\264,""; ","proposeSeq: 0; currentTxHash: ""\000\000\000\000\000\000\000\000\000\000\000\000\000\000\000\000\000\000\000\000\000\000\000\000\000\000\000\000\000\000\000\000""; nodePubKey: ""\003\031\332\276_\315\363\210\315\246\030F\330\251\017g\263\037\257\332\007 \253\203\233\205\365\344\036\245\374\253\323""; closeTime: 803891983; signature: ""0E\002!\000\317v\350!\242d\367\276\203\320\315\000y\027\356p\265y\363\023kv8\200*\252\225\326\240\377\350\233\002 (\3404c\322V\376\231\003\026\312K\314d<6\017(d\216\271\300\t#\017\320\2324\252\305v\270""; previousledger: ""t\361\032\213\221\243\004\006][\376s\340\253\234K}\\013\0362\202`\234\371~d\0310\204\264,""; "
1750576783875,1750576783875,334,1,1,3,TMProposeSet,"proposeSeq: 0; currentTxHash: ""\000\000\000\000\000\000\000\000\000\000\000\000\000\000\000\000\000\000\000\000\000\000\000\000\000\000\000\000\000\000\000\000""; nodePubKey: ""\003\031\332\276_\315\363\210\315\246\030F\330\251\017g\263\037\257\332\007 \253\203\233\205\365\344\036\245\374\253\323""; closeTime: 803891983; signature: ""0E\002!\000\317v\350!\242d\367\276\203\320\315\000y\027\356p\265y\363\023kv8\200*\252\225\326\240\377\350\233\002 (\3404c\322V\376\231\003\026\312K\314d<6\017(d\216\271\300\t#\017\320\2324\252\305v\270""; previousledger: ""t\361\032\213\221\243\004\006][\376s\340\253\234K}\\013\0362\202`\234\371~d\0310\204\264,""; ","proposeSeq: 0; currentTxHash: ""\000\000\000\000\000\000\000\000\000\000\000\000\000\000\000\000\000\000\000\000\000\000\000\000\000\000\000\000\000\000\000\000""; nodePubKey: ""\003\031\332\276_\315\363\210\315\246\030F\330\251\017g\263\037\257\332\007 \253\203\233\205\365\344\036\245\374\253\323""; closeTime: 803891983; signature: ""0E\002!\000\317v\350!\242d\367\276\203\320\315\000y\027\356p\265y\363\023kv8\200*\252\225\326\240\377\350\233\002 (\3404c\322V\376\231\003\026\312K\314d<6\017(d\216\271\300\t#\017\320\2324\252\305v\270""; previousledger: ""t\361\032\213\221\243\004\006][\376s\340\253\234K}\\013\0362\202`\234\371~d\0310\204\264,""; "
1750576783877,1750576783878,2300,1,1,2,TMProposeSet,"proposeSeq: 0; currentTxHash: ""\000\000\000\000\000\000\000\000\000\000\000\000\000\000\000\000\000\000\000\000\000\000\000\000\000\000\000\000\000\000\000\000""; nodePubKey: ""\003\031\332\276_\315\363\210\315\246\030F\330\251\017g\263\037\257\332\007 \253\203\233\205\365\344\036\245\374\253\323""; closeTime: 803891983; signature: ""0E\002!\000\317v\350!\242d\367\276\203\320\315\000y\027\356p\265y\363\023kv8\200*\252\225\326\240\377\350\233\002 (\3404c\322V\376\231\003\026\312K\314d<6\017(d\216\271\300\t#\017\320\2324\252\305v\270""; previousledger: ""t\361\032\213\221\243\004\006][\376s\340\253\234K}\\013\0362\202`\234\371~d\0310\204\264,""; ","proposeSeq: 0; currentTxHash: ""\000\000\000\000\000\000\000\000\000\000\000\000\000\000\000\000\000\000\000\000\000\000\000\000\000\000\000\000\000\000\000\000""; nodePubKey: ""\003\031\332\276_\315\363\210\315\246\030F\330\251\017g\263\037\257\332\007 \253\203\233\205\365\344\036\245\374\253\323""; closeTime: 803891983; signature: ""0E\002!\000\317v\350!\242d\367\276\203\320\315\000y\027\356p\265y\363\023kv8\200*\252\225\326\240\377\350\233\002 (\3404c\322V\376\231\003\026\312K\314d<6\017(d\216\271\300\t#\017\320\2324\252\305v\270""; previousledger: ""t\361\032\213\221\243\004\006][\376s\340\253\234K}\\013\0362\202`\234\371~d\0310\204\264,""; "
1750576783878,1750576783879,185,1,2,4,TMValidation,"validation: """"\200\000\000\001&\000\000\000\003)/\352k\016:~\324\314\253\264\317\217]Qt\361\032\213\221\243\004\006][\376s\340\253\234K}\\013\0362\202`\234\371~d\0310\204\264,P\027\000\000\000\000\000\000\000\000\000\000\000\000\000\000\000\000\000\000\000\000\000\000\000\000\000\000\000\000\000\000\000\000P\031-}\351f\032\255\274\334m\326c\017\014ao[\342\230\003\245\245\3341Hm\326^\017jy\335\261s!\003\031\332\276_\315\363\210\315\246\030F\330\251\017g\263\037\257\332\007 \253\203\233\205\365\344\036\245\374\253\323vF0D\002 \032\302'\023\260\001\367\030\251\230\227Y\351\321\214\334\350\267/A\217\334C\177\206|\333y\352\177\366\200\002 l\217\031?n\nf\027\275E\363Q6[\326V\337\016`>?Y\315!|5C\266x)V\251""; ","validation: """"\200\000\000\001&\000\000\000\003)/\352k\016:~\324\314\253\264\317\217]Qt\361\032\213\221\243\004\006][\376s\340\253\234K}\\013\0362\202`\234\371~d\0310\204\264,P\027\000\000\000\000\000\000\000\000\000\000\000\000\000\000\000\000\000\000\000\000\000\000\000\000\000\000\000\000\000\000\000\000P\031-}\351f\032\255\274\334m\326c\017\014ao[\342\230\003\245\245\3341Hm\326^\017jy\335\261s!\003\031\332\276_\315\363\210\315\246\030F\330\251\017g\263\037\257\332\007 \253\203\233\205\365\344\036\245\374\253\323vF0D\002 \032\302'\023\260\001\367\030\251\230\227Y\351\321\214\334\350\267/A\217\334C\177\206|\333y\352\177\366\200\002 l\217\031?n\nf\027\275E\363Q6[\326V\337\016`>?Y\315!|5C\266x)V\251""; "
1750576783879,1750576783879,1713,1,2,3,TMValidation,"validation: """"\200\000\000\001&\000\000\000\003)/\352k\016:~\324\314\253\264\317\217]Qt\361\032\213\221\243\004\006][\376s\340\253\234K}\\013\0362\202`\234\371~d\0310\204\264,P\027\000\000\000\000\000\000\000\000\000\000\000\000\000\000\000\000\000\000\000\000\000\000\000\000\000\000\000\000\000\000\000\000P\031-}\351f\032\255\274\334m\326c\017\014ao[\342\230\003\245\245\3341Hm\326^\017jy\335\261s!\003\031\332\276_\315\363\210\315\246\030F\330\251\017g\263\037\257\332\007 \253\203\233\205\365\344\036\245\374\253\323vF0D\002 \032\302'\023\260\001\367\030\251\230\227Y\351\321\214\334\350\267/A\217\334C\177\206|\333y\352\177\366\200\002 l\217\031?n\nf\027\275E\363Q6[\326V\337\016`>?Y\315!|5C\266x)V\251""; ","validation: """"\200\000\000\001&\000\000\000\003)/\352k\016:~\324\314\253\264\317\217]Qt\361\032\213\221\243\004\006][\376s\340\253\234K}\\013\0362\202`\234\371~d\0310\204\264,P\027\000\000\000\000\000\000\000\000\000\000\000\000\000\000\000\000\000\000\000\000\000\000\000\000\000\000\000\000\000\000\000\000P\031-}\351f\032\255\274\334m\326c\017\014ao[\342\230\003\245\245\3341Hm\326^\017jy\335\261s!\003\031\332\276_\315\363\210\315\246\030F\330\251\017g\263\037\257\332\007 \253\203\233\205\365\344\036\245\374\253\323vF0D\002 \032\302'\023\260\001\367\030\251\230\227Y\351\321\214\334\350\267/A\217\334C\177\206|\333y\352\177\366\200\002 l\217\031?n\nf\027\275E\363Q6[\326V\337\016`>?Y\315!|5C\266x)V\251""; "
1750576783879,1750576783879,1027,1,2,0,TMValidation,"validation: """"\200\000\000\001&\000\000\000\003)/\352k\016:~\324\314\253\264\317\217]Qt\361\032\213\221\243\004\006][\376s\340\253\234K}\\013\0362\202`\234\371~d\0310\204\264,P\027\000\000\000\000\000\000\000\000\000\000\000\000\000\000\000\000\000\000\000\000\000\000\000\000\000\000\000\000\000\000\000\000P\031-}\351f\032\255\274\334m\326c\017\014ao[\342\230\003\245\245\3341Hm\326^\017jy\335\261s!\003\031\332\276_\315\363\210\315\246\030F\330\251\017g\263\037\257\332\007 \253\203\233\205\365\344\036\245\374\253\323vF0D\002 \032\302'\023\260\001\367\030\251\230\227Y\351\321\214\334\350\267/A\217\334C\177\206|\333y\352\177\366\200\002 l\217\031?n\nf\027\275E\363Q6[\326V\337\016`>?Y\315!|5C\266x)V\251""; ","validation: """"\200\000\000\001&\000\000\000\003)/\352k\016:~\324\314\253\264\317\217]Qt\361\032\213\221\243\004\006][\376s\340\253\234K}\\013\0362\202`\234\371~d\0310\204\264,P\027\000\000\000\000\000\000\000\000\000\000\000\000\000\000\000\000\000\000\000\000\000\000\000\000\000\000\000\000\000\000\000\000P\031-}\351f\032\255\274\334m\326c\017\014ao[\342\230\003\245\245\3341Hm\326^\017jy\335\261s!\003\031\332\276_\315\363\210\315\246\030F\330\251\017g\263\037\257\332\007 \253\203\233\205\365\344\036\245\374\253\323vF0D\002 \032\302'\023\260\001\367\030\251\230\227Y\351\321\214\334\350\267/A\217\334C\177\206|\333y\352\177\366\200\002 l\217\031?n\nf\027\275E\363Q6[\326V\337\016`>?Y\315!|5C\266x)V\251""; "
1750576783913,1750576783913,1360,1,3,1,TMValidation,"validation: """"\200\000\000\001&\000\000\000\003)/\352k\016:~\324\314\253\264\317\217]Qt\361\032\213\221\243\004\006][\376s\340\253\234K}\\013\0362\202`\234\371~d\0310\204\264,P\027\000\000\000\000\000\000\000\000\000\000\000\000\000\000\000\000\000\000\000\000\000\000\000\000\000\000\000\000\000\000\000\000P\031-}\351f\032\255\274\334m\326c\017\014ao[\342\230\003\245\245\3341Hm\326^\017jy\335\261s!\003\031\332\276_\315\363\210\315\246\030F\330\251\017g\263\037\257\332\007 \253\203\233\205\365\344\036\245\374\253\323vF0D\002 \032\302'\023\260\001\367\030\251\230\227Y\351\321\214\334\350\267/A\217\334C\177\206|\333y\352\177\366\200\002 l\217\031?n\nf\027\275E\363Q6[\326V\337\016`>?Y\315!|5C\266x)V\251""; ","validation: """"\200\000\000\001&\000\000\000\003)/\352k\016:~\324\314\253\264\317\217]Qt\361\032\213\221\243\004\006][\376s\340\253\234K}\\013\0362\202`\234\371~d\0310\204\264,P\027\000\000\000\000\000\000\000\000\000\000\000\000\000\000\000\000\000\000\000\000\000\000\000\000\000\000\000\000\000\000\000\000P\031-}\351f\032\255\274\334m\326c\017\014ao[\342\230\003\245\245\3341Hm\326^\017jy\335\261s!\003\031\332\276_\315\363\210\315\246\030F\330\251\017g\263\037\257\332\007 \253\203\233\205\365\344\036\245\374\253\323vF0D\002 \032\302'\023\260\001\367\030\251\230\227Y\351\321\214\334\350\267/A\217\334C\177\206|\333y\352\177\366\200\002 l\217\031?n\nf\027\275E\363Q6[\326V\337\016`>?Y\315!|5C\266x)V\251""; "
1750576783913,1750576783913,108,1,3,0,TMValidation,"validation: """"\200\000\000\001&\000\000\000\003)/\352k\016:~\324\314\253\264\317\217]Qt\361\032\213\221\243\004\006][\376s\340\253\234K}\\013\0362\202`\234\371~d\0310\204\264,P\027\000\000\000\000\000\000\000\000\000\000\000\000\000\000\000\000\000\000\000\000\000\000\000\000\000\000\000\000\000\000\000\000P\031-}\351f\032\255\274\334m\326c\017\014ao[\342\230\003\245\245\3341Hm\326^\017jy\335\261s!\003\031\332\276_\315\363\210\315\246\030F\330\251\017g\263\037\257\332\007 \253\203\233\205\365\344\036\245\374\253\323vF0D\002 \032\302'\023\260\001\367\030\251\230\227Y\351\321\214\334\350\267/A\217\334C\177\206|\333y\352\177\366\200\002 l\217\031?n\nf\027\275E\363Q6[\326V\337\016`>?Y\315!|5C\266x)V\251""; ","validation: """"\200\000\000\001&\000\000\000\003)/\352k\016:~\324\314\253\264\317\217]Qt\361\032\213\221\243\004\006][\376s\340\253\234K}\\013\0362\202`\234\371~d\0310\204\264,P\027\000\000\000\000\000\000\000\000\000\000\000\000\000\000\000\000\000\000\000\000\000\000\000\000\000\000\000\000\000\000\000\000P\031-}\351f\032\255\274\334m\326c\017\014ao[\342\230\003\245\245\3341Hm\326^\017jy\335\261s!\003\031\332\276_\315\363\210\315\246\030F\330\251\017g\263\037\257\332\007 \253\203\233\205\365\344\036\245\374\253\323vF0D\002 \032\302'\023\260\001\367\030\251\230\227Y\351\321\214\334\350\267/A\217\334C\177\206|\333y\352\177\366\200\002 l\217\031?n\nf\027\275E\363Q6[\326V\337\016`>?Y\315!|5C\266x)V\251""; "
1750576783913,1750576783914,1433,1,3,2,TMValidation,"validation: """"\200\000\000\001&\000\000\000\003)/\352k\016:~\324\314\253\264\317\217]Qt\361\032\213\221\243\004\006][\376s\340\253\234K}\\013\0362\202`\234\371~d\0310\204\264,P\027\000\000\000\000\000\000\000\000\000\000\000\000\000\000\000\000\000\000\000\000\000\000\000\000\000\000\000\000\000\000\000\000P\031-}\351f\032\255\274\334m\326c\017\014ao[\342\230\003\245\245\3341Hm\326^\017jy\335\261s!\003\031\332\276_\315\363\210\315\246\030F\330\251\017g\263\037\257\332\007 \253\203\233\205\365\344\036\245\374\253\323vF0D\002 \032\302'\023\260\001\367\030\251\230\227Y\351\321\214\334\350\267/A\217\334C\177\206|\333y\352\177\366\200\002 l\217\031?n\nf\027\275E\363Q6[\326V\337\016`>?Y\315!|5C\266x)V\251""; ","validation: """"\200\000\000\001&\000\000\000\003)/\352k\016:~\324\314\253\264\317\217]Qt\361\032\213\221\243\004\006][\376s\340\253\234K}\\013\0362\202`\234\371~d\0310\204\264,P\027\000\000\000\000\000\000\000\000\000\000\000\000\000\000\000\000\000\000\000\000\000\000\000\000\000\000\000\000\000\000\000\000P\031-}\351f\032\255\274\334m\326c\017\014ao[\342\230\003\245\245\3341Hm\326^\017jy\335\261s!\003\031\332\276_\315\363\210\315\246\030F\330\251\017g\263\037\257\332\007 \253\203\233\205\365\344\036\245\374\253\323vF0D\002 \032\302'\023\260\001\367\030\251\230\227Y\351\321\214\334\350\267/A\217\334C\177\206|\333y\352\177\366\200\002 l\217\031?n\nf\027\275E\363Q6[\326V\337\016`>?Y\315!|5C\266x)V\251""; "
1750576783919,1750576783919,1360,1,3,1,TMValidation,"validation: """"\200\000\000\001&\000\000\000\003)/\352k\017:F\231\033)\227\311<\340Qt\361\032\213\221\243\004\006][\376s\340\253\234K}\\013\0362\202`\234\371~d\0310\204\264,P\027\000\000\000\000\000\000\000\000\000\000\000\000\000\000\000\000\000\000\000\000\000\000\000\000\000\000\000\000\000\000\000\000P\031-}\351f\032\255\274\334m\326c\017\014ao[\342\230\003\245\245\3341Hm\326^\017jy\335\261s!\002\246\346\346\007\2326A*\334\272\022\321\346\247[\222\030\343\261w\244R\r\357}\243\273\253\020\375b6vG0E\002!\000\313\315\217n\260\021\034/t\0023\265\333\266h\353\254Ua~\2234l\033o\325w\276\355u\033'\002 S\331\r\367\026\270\235\247bP\267\007i\245e\3048\2238t\212\350\367)\361MJ\273;\205\242K""; ","validation: """"\200\000\000\001&\000\000\000\003)/\352k\017:F\231\033)\227\311<\340Qt\361\032\213\221\243\004\006][\376s\340\253\234K}\\013\0362\202`\234\371~d\0310\204\264,P\027\000\000\000\000\000\000\000\000\000\000\000\000\000\000\000\000\000\000\000\000\000\000\000\000\000\000\000\000\000\000\000\000P\031-}\351f\032\255\274\334m\326c\017\014ao[\342\230\003\245\245\3341Hm\326^\017jy\335\261s!\002\246\346\346\007\2326A*\334\272\022\321\346\247[\222\030\343\261w\244R\r\357}\243\273\253\020\375b6vG0E\002!\000\313\315\217n\260\021\034/t\0023\265\333\266h\353\254Ua~\2234l\033o\325w\276\355u\033'\002 S\331\r\367\026\270\235\247bP\267\007i\245e\3048\2238t\212\350\367)\361MJ\273;\205\242K""; "
1750576783919,1750576783919,108,1,3,0,TMValidation,"validation: """"\200\000\000\001&\000\000\000\003)/\352k\017:F\231\033)\227\311<\340Qt\361\032\213\221\243\004\006][\376s\340\253\234K}\\013\0362\202`\234\371~d\0310\204\264,P\027\000\000\000\000\000\000\000\000\000\000\000\000\000\000\000\000\000\000\000\000\000\000\000\000\000\000\000\000\000\000\000\000P\031-}\351f\032\255\274\334m\326c\017\014ao[\342\230\003\245\245\3341Hm\326^\017jy\335\261s!\002\246\346\346\007\2326A*\334\272\022\321\346\247[\222\030\343\261w\244R\r\357}\243\273\253\020\375b6vG0E\002!\000\313\315\217n\260\021\034/t\0023\265\333\266h\353\254Ua~\2234l\033o\325w\276\355u\033'\002 S\331\r\367\026\270\235\247bP\267\007i\245e\3048\2238t\212\350\367)\361MJ\273;\205\242K""; ","validation: """"\200\000\000\001&\000\000\000\003)/\352k\017:F\231\033)\227\311<\340Qt\361\032\213\221\243\004\006][\376s\340\253\234K}\\013\0362\202`\234\371~d\0310\204\264,P\027\000\000\000\000\000\000\000\000\000\000\000\000\000\000\000\000\000\000\000\000\000\000\000\000\000\000\000\000\000\000\000\000P\031-}\351f\032\255\274\334m\326c\017\014ao[\342\230\003\245\245\3341Hm\326^\017jy\335\261s!\002\246\346\346\007\2326A*\334\272\022\321\346\247[\222\030\343\261w\244R\r\357}\243\273\253\020\375b6vG0E\002!\000\313\315\217n\260\021\034/t\0023\265\333\266h\353\254Ua~\2234l\033o\325w\276\355u\033'\002 S\331\r\367\026\270\235\247bP\267\007i\245e\3048\2238t\212\350\367)\361MJ\273;\205\242K""; "
1750576783938,1750576783938,862,1,0,1,TMLedgerData,"ledgerHash: ""t\361\032\213\221\243\004\006][\376s\340\253\234K}\\013\0362\202`\234\371~d\0310\204\264,""; ledgerSeq: 3; type: liBASE; nodes {;   nodedata: ""\000\000\000\003\001cEx]\212\000\0000\355\311\211\352@\036\313K1\024B\343N\323V\367s\355lu\324\374V\207\371F\260\325\345\213\261\000\000\000\000\000\000\000\000\000\000\000\000\000\000\000\000\000\000\000\000\000\000\000\000\000\000\000\000\000\000\000\000G\031\225\227\375i-7\214L\232J\366\0003\306\007\027W>k)\252\327\257I,-\303\022\267\323/\352j\370/\352k\014\n\000""; }; nodes {;   nodedata: ""\303\016\021\310<Z\337\266>\225@&n\022\246\274\353\220\345b3\035\313\350L\354\254\002\005\305\035\017\002E\344\037@\210\363\010\336T\226\247'\204_{\261\370""1\235\2445\343\033Y!\212\201\341\272\225'\007\013\357A\200H\036\034)'\260\323\r\306\345\321\200\220rdO\002\200Zsx\207\262 \r\023\222\n\013\003""; }; ","ledgerHash: ""t\361\032\213\221\243\004\006][\376s\340\253\234K}\\013\0362\202`\234\371~d\0310\204\264,""; ledgerSeq: 3; type: liBASE; nodes {;   nodedata: ""\000\000\000\003\001cEx]\212\000\0000\355\311\211\352@\036\313K1\024B\343N\323V\367s\355lu\324\374V\207\371F\260\325\345\213\261\000\000\000\000\000\000\000\000\000\000\000\000\000\000\000\000\000\000\000\000\000\000\000\000\000\000\000\000\000\000\000\000G\031\225\227\375i-7\214L\232J\366\0003\306\007\027W>k)\252\327\257I,-\303\022\267\323/\352j\370/\352k\014\n\000""; }; nodes {;   nodedata: ""\303\016\021\310<Z\337\266>\225@&n\022\246\274\353\220\345b3\035\313\350L\354\254\002\005\305\035\017\002E\344\037@\210\363\010\336T\226\247'\204_{\261\370""1\235\2445\343\033Y!\212\201\341\272\225'\007\013\357A\200H\036\034)'\260\323\r\306\345\321\200\220rdO\002\200Zsx\207\262 \r\023\222\n\013\003""; }; "
1750576783939,1750576783939,862,1,0,1,TMLedgerData,"ledgerHash: ""t\361\032\213\221\243\004\006][\376s\340\253\234K}\\013\0362\202`\234\371~d\0310\204\264,""; ledgerSeq: 3; type: liBASE; nodes {;   nodedata: ""\000\000\000\003\001cEx]\212\000\0000\355\311\211\352@\036\313K1\024B\343N\323V\367s\355lu\324\374V\207\371F\260\325\345\213\261\000\000\000\000\000\000\000\000\000\000\000\000\000\000\000\000\000\000\000\000\000\000\000\000\000\000\000\000\000\000\000\000G\031\225\227\375i-7\214L\232J\366\0003\306\007\027W>k)\252\327\257I,-\303\022\267\323/\352j\370/\352k\014\n\000""; }; nodes {;   nodedata: ""\303\016\021\310<Z\337\266>\225@&n\022\246\274\353\220\345b3\035\313\350L\354\254\002\005\305\035\017\002E\344\037@\210\363\010\336T\226\247'\204_{\261\370""1\235\2445\343\033Y!\212\201\341\272\225'\007\013\357A\200H\036\034)'\260\323\r\306\345\321\200\220rdO\002\200Zsx\207\262 \r\023\222\n\013\003""; }; ","ledgerHash: ""t\361\032\213\221\243\004\006][\376s\340\253\234K}\\013\0362\202`\234\371~d\0310\204\264,""; ledgerSeq: 3; type: liBASE; nodes {;   nodedata: ""\000\000\000\003\001cEx]\212\000\0000\355\311\211\352@\036\313K1\024B\343N\323V\367s\355lu\324\374V\207\371F\260\325\345\213\261\000\000\000\000\000\000\000\000\000\000\000\000\000\000\000\000\000\000\000\000\000\000\000\000\000\000\000\000\000\000\000\000G\031\225\227\375i-7\214L\232J\366\0003\306\007\027W>k)\252\327\257I,-\303\022\267\323/\352j\370/\352k\014\n\000""; }; nodes {;   nodedata: ""\303\016\021\310<Z\337\266>\225@&n\022\246\274\353\220\345b3\035\313\350L\354\254\002\005\305\035\017\002E\344\037@\210\363\010\336T\226\247'\204_{\261\370""1\235\2445\343\033Y!\212\201\341\272\225'\007\013\357A\200H\036\034)'\260\323\r\306\345\321\200\220rdO\002\200Zsx\207\262 \r\023\222\n\013\003""; }; "
1750576783946,1750576783946,1433,1,3,2,TMValidation,"validation: """"\200\000\000\001&\000\000\000\003)/\352k\017:F\231\033)\227\311<\340Qt\361\032\213\221\243\004\006][\376s\340\253\234K}\\013\0362\202`\234\371~d\0310\204\264,P\027\000\000\000\000\000\000\000\000\000\000\000\000\000\000\000\000\000\000\000\000\000\000\000\000\000\000\000\000\000\000\000\000P\031-}\351f\032\255\274\334m\326c\017\014ao[\342\230\003\245\245\3341Hm\326^\017jy\335\261s!\002\246\346\346\007\2326A*\334\272\022\321\346\247[\222\030\343\261w\244R\r\357}\243\273\253\020\375b6vG0E\002!\000\313\315\217n\260\021\034/t\0023\265\333\266h\353\254Ua~\2234l\033o\325w\276\355u\033'\002 S\331\r\367\026\270\235\247bP\267\007i\245e\3048\2238t\212\350\367)\361MJ\273;\205\242K""; ","validation: """"\200\000\000\001&\000\000\000\003)/\352k\017:F\231\033)\227\311<\340Qt\361\032\213\221\243\004\006][\376s\340\253\234K}\\013\0362\202`\234\371~d\0310\204\264,P\027\000\000\000\000\000\000\000\000\000\000\000\000\000\000\000\000\000\000\000\000\000\000\000\000\000\000\000\000\000\000\000\000P\031-}\351f\032\255\274\334m\326c\017\014ao[\342\230\003\245\245\3341Hm\326^\017jy\335\261s!\002\246\346\346\007\2326A*\334\272\022\321\346\247[\222\030\343\261w\244R\r\357}\243\273\253\020\375b6vG0E\002!\000\313\315\217n\260\021\034/t\0023\265\333\266h\353\254Ua~\2234l\033o\325w\276\355u\033'\002 S\331\r\367\026\270\235\247bP\267\007i\245e\3048\2238t\212\350\367)\361MJ\273;\205\242K""; "
1750576783964,1750576783966,3528,1,1,4,TMTransaction,"rawTransaction: ""\022\000\000""\000\000\000\000$\000\000\000\001 \033\000\000\000\027a@\000\000\027H\206*@h@\000\000\000\000\000\000\ns!\0030\347\374\235V\273%\326\211;\243\363\027\256[\3173\263)\033\326=\263&T\243\023""/\177\320 tF0D\002 \025\217\022\312\233t\304\273<\207\321\rJ{\303\361D\201\353\232g\313[&@\316\264@\372\313\327\\002 xG`\373\266\230\343:B\315\212\3213\240$\007+]7\033\35515$\3217\364\016\271yw\360\201\024\265\367by\212S\325C\240\024\312\370\262\227\317\370\362\3717\350\203\024~H\363\377\355\377\005.\244\231\226\377\220\2011g\021?\222\261""; status: tsCURRENT; receiveTimestamp: 803891983; deferred: false; ","rawTransaction: ""\022\000\000""\000\000\000\000$\000\000\000\001 \033\000\000\000\027a@\000\000\027H\206*@h@\000\000\000\000\000\000\ns!\0030\347\374\235V\273%\326\211;\243\363\027\256[\3173\263)\033\326=\263&T\243\023""/\177\320 tF0D\002 \025\217\022\312\233t\304\273<\207\321\rJ{\303\361D\201\353\232g\313[&@\316\264@\372\313\327\\002 xG`\373\266\230\343:B\315\212\3213\240$\007+]7\033\35515$\3217\364\016\271yw\360\201\024\265\367by\212S\325C\240\024\312\370\262\227\317\370\362\3717\350\203\024~H\363\377\355\377\005.\244\231\226\377\220\2011g\021?\222\261""; status: tsCURRENT; receiveTimestamp: 803891983; deferred: false; "
1750576783965,1750576783966,1613,1,1,0,TMTransaction,"rawTransaction: ""\022\000\000""\000\000\000\000$\000\000\000\001 \033\000\000\000\027a@\000\000\027H\206*@h@\000\000\000\000\000\000\ns!\0030\347\374\235V\273%\326\211;\243\363\027\256[\3173\263)\033\326=\263&T\243\023""/\177\320 tF0D\002 \025\217\022\312\233t\304\273<\207\321\rJ{\303\361D\201\353\232g\313[&@\316\264@\372\313\327\\002 xG`\373\266\230\343:B\315\212\3213\240$\007+]7\033\35515$\3217\364\016\271yw\360\201\024\265\367by\212S\325C\240\024\312\370\262\227\317\370\362\3717\350\203\024~H\363\377\355\377\005.\244\231\226\377\220\2011g\021?\222\261""; status: tsCURRENT; receiveTimestamp: 803891983; deferred: false; ","rawTransaction: ""\022\000\000""\000\000\000\000$\000\000\000\001 \033\000\000\000\027a@\000\000\027H\206*@h@\000\000\000\000\000\000\ns!\0030\347\374\235V\273%\326\211;\243\363\027\256[\3173\263)\033\326=\263&T\243\023""/\177\320 tF0D\002 \025\217\022\312\233t\304\273<\207\321\rJ{\303\361D\201\353\232g\313[&@\316\264@\372\313\327\\002 xG`\373\266\230\343:B\315\212\3213\240$\007+]7\033\35515$\3217\364\016\271yw\360\201\024\265\367by\212S\325C\240\024\312\370\262\227\317\370\362\3717\350\203\024~H\363\377\355\377\005.\244\231\226\377\220\2011g\021?\222\261""; status: tsCURRENT; receiveTimestamp: 803891983; deferred: false; "
1750576783965,1750576783967,2070,1,1,2,TMTransaction,"rawTransaction: ""\022\000\000""\000\000\000\000$\000\000\000\001 \033\000\000\000\027a@\000\000\027H\206*@h@\000\000\000\000\000\000\ns!\0030\347\374\235V\273%\326\211;\243\363\027\256[\3173\263)\033\326=\263&T\243\023""/\177\320 tF0D\002 \025\217\022\312\233t\304\273<\207\321\rJ{\303\361D\201\353\232g\313[&@\316\264@\372\313\327\\002 xG`\373\266\230\343:B\315\212\3213\240$\007+]7\033\35515$\3217\364\016\271yw\360\201\024\265\367by\212S\325C\240\024\312\370\262\227\317\370\362\3717\350\203\024~H\363\377\355\377\005.\244\231\226\377\220\2011g\021?\222\261""; status: tsCURRENT; receiveTimestamp: 803891983; deferred: false; ","rawTransaction: ""\022\000\000""\000\000\000\000$\000\000\000\001 \033\000\000\000\027a@\000\000\027H\206*@h@\000\000\000\000\000\000\ns!\0030\347\374\235V\273%\326\211;\243\363\027\256[\3173\263)\033\326=\263&T\243\023""/\177\320 tF0D\002 \025\217\022\312\233t\304\273<\207\321\rJ{\303\361D\201\353\232g\313[&@\316\264@\372\313\327\\002 xG`\373\266\230\343:B\315\212\3213\240$\007+]7\033\35515$\3217\364\016\271yw\360\201\024\265\367by\212S\325C\240\024\312\370\262\227\317\370\362\3717\350\203\024~H\363\377\355\377\005.\244\231\226\377\220\2011g\021?\222\261""; status: tsCURRENT; receiveTimestamp: 803891983; deferred: false; "
1750576783965,1750576783967,285,1,1,3,TMTransaction,"rawTransaction: ""\022\000\000""\000\000\000\000$\000\000\000\001 \033\000\000\000\027a@\000\000\027H\206*@h@\000\000\000\000\000\000\ns!\0030\347\374\235V\273%\326\211;\243\363\027\256[\3173\263)\033\326=\263&T\243\023""/\177\320 tF0D\002 \025\217\022\312\233t\304\273<\207\321\rJ{\303\361D\201\353\232g\313[&@\316\264@\372\313\327\\002 xG`\373\266\230\343:B\315\212\3213\240$\007+]7\033\35515$\3217\364\016\271yw\360\201\024\265\367by\212S\325C\240\024\312\370\262\227\317\370\362\3717\350\203\024~H\363\377\355\377\005.\244\231\226\377\220\2011g\021?\222\261""; status: tsCURRENT; receiveTimestamp: 803891983; deferred: false; ","rawTransaction: ""\022\000\000""\000\000\000\000$\000\000\000\001 \033\000\000\000\027a@\000\000\027H\206*@h@\000\000\000\000\000\000\ns!\0030\347\374\235V\273%\326\211;\243\363\027\256[\3173\263)\033\326=\263&T\243\023""/\177\320 tF0D\002 \025\217\022\312\233t\304\273<\207\321\rJ{\303\361D\201\353\232g\313[&@\316\264@\372\313\327\\002 xG`\373\266\230\343:B\315\212\3213\240$\007+]7\033\35515$\3217\364\016\271yw\360\201\024\265\367by\212S\325C\240\024\312\370\262\227\317\370\362\3717\350\203\024~H\363\377\355\377\005.\244\231\226\377\220\2011g\021?\222\261""; status: tsCURRENT; receiveTimestamp: 803891983; deferred: false; "
1750576783984,1750576783984,105,1,3,0,TMProposeSet,"proposeSeq: 0; currentTxHash: ""\000\000\000\000\000\000\000\000\000\000\000\000\000\000\000\000\000\000\000\000\000\000\000\000\000\000\000\000\000\000\000\000""; nodePubKey: ""\002\005\363\0222\231\333G\357\305\020\014\241\033\231\261Z#\243\036\0267\020\210\265\022\240%\336\332\221\202\352""; closeTime: 803891983; signature: ""0D\002 %\266gd\035eo\221wO\005TXB\325\0348;\246\366\331C\350,\236\360\201\346\252\022\016\215\002 m\005\211\272\253e\350F\342\352\231g-\010\240\206Ey\360\030[>4\303\354O\026'\364\310\305\016""; previousledger: ""t\361\032\213\221\243\004\006][\376s\340\253\234K}\\013\0362\202`\234\371~d\0310\204\264,""; ","proposeSeq: 0; currentTxHash: ""\000\000\000\000\000\000\000\000\000\000\000\000\000\000\000\000\000\000\000\000\000\000\000\000\000\000\000\000\000\000\000\000""; nodePubKey: ""\002\005\363\0222\231\333G\357\305\020\014\241\033\231\261Z#\243\036\0267\020\210\265\022\240%\336\332\221\202\352""; closeTime: 803891983; signature: ""0D\002 %\266gd\035eo\221wO\005TXB\325\0348;\246\366\331C\350,\236\360\201\346\252\022\016\215\002 m\005\211\272\253e\350F\342\352\231g-\010\240\206Ey\360\030[>4\303\354O\026'\364\310\305\016""; previousledger: ""t\361\032\213\221\243\004\006][\376s\340\253\234K}\\013\0362\202`\234\371~d\0310\204\264,""; "
1750576783984,1750576783984,3672,1,3,4,TMProposeSet,"proposeSeq: 0; currentTxHash: ""\000\000\000\000\000\000\000\000\000\000\000\000\000\000\000\000\000\000\000\000\000\000\000\000\000\000\000\000\000\000\000\000""; nodePubKey: ""\002\005\363\0222\231\333G\357\305\020\014\241\033\231\261Z#\243\036\0267\020\210\265\022\240%\336\332\221\202\352""; closeTime: 803891983; signature: ""0D\002 %\266gd\035eo\221wO\005TXB\325\0348;\246\366\331C\350,\236\360\201\346\252\022\016\215\002 m\005\211\272\253e\350F\342\352\231g-\010\240\206Ey\360\030[>4\303\354O\026'\364\310\305\016""; previousledger: ""t\361\032\213\221\243\004\006][\376s\340\253\234K}\\013\0362\202`\234\371~d\0310\204\264,""; ","proposeSeq: 0; currentTxHash: ""\000\000\000\000\000\000\000\000\000\000\000\000\000\000\000\000\000\000\000\000\000\000\000\000\000\000\000\000\000\000\000\000""; nodePubKey: ""\002\005\363\0222\231\333G\357\305\020\014\241\033\231\261Z#\243\036\0267\020\210\265\022\240%\336\332\221\202\352""; closeTime: 803891983; signature: ""0D\002 %\266gd\035eo\221wO\005TXB\325\0348;\246\366\331C\350,\236\360\201\346\252\022\016\215\002 m\005\211\272\253e\350F\342\352\231g-\010\240\206Ey\360\030[>4\303\354O\026'\364\310\305\016""; previousledger: ""t\361\032\213\221\243\004\006][\376s\340\253\234K}\\013\0362\202`\234\371~d\0310\204\264,""; "
1750576783984,1750576783985,3303,1,3,2,TMProposeSet,"proposeSeq: 0; currentTxHash: ""\000\000\000\000\000\000\000\000\000\000\000\000\000\000\000\000\000\000\000\000\000\000\000\000\000\000\000\000\000\000\000\000""; nodePubKey: ""\002\005\363\0222\231\333G\357\305\020\014\241\033\231\261Z#\243\036\0267\020\210\265\022\240%\336\332\221\202\352""; closeTime: 803891983; signature: ""0D\002 %\266gd\035eo\221wO\005TXB\325\0348;\246\366\331C\350,\236\360\201\346\252\022\016\215\002 m\005\211\272\253e\350F\342\352\231g-\010\240\206Ey\360\030[>4\303\354O\026'\364\310\305\016""; previousledger: ""t\361\032\213\221\243\004\006][\376s\340\253\234K}\\013\0362\202`\234\371~d\0310\204\264,""; ","proposeSeq: 0; currentTxHash: ""\000\000\000\000\000\000\000\000\000\000\000\000\000\000\000\000\000\000\000\000\000\000\000\000\000\000\000\000\000\000\000\000""; nodePubKey: ""\002\005\363\0222\231\333G\357\305\020\014\241\033\231\261Z#\243\036\0267\020\210\265\022\240%\336\332\221\202\352""; closeTime: 803891983; signature: ""0D\002 %\266gd\035eo\221wO\005TXB\325\0348;\246\366\331C\350,\236\360\201\346\252\022\016\215\002 m\005\211\272\253e\350F\342\352\231g-\010\240\206Ey\360\030[>4\303\354O\026'\364\310\305\016""; previousledger: ""t\361\032\213\221\243\004\006][\376s\340\253\234K}\\013\0362\202`\234\371~d\0310\204\264,""; "
1750576783994,1750576783994,1713,1,2,3,TMValidation,"validation: """"\200\000\000\001&\000\000\000\003)/\352k\016:\373\252\211\251\2041h\203Qt\361\032\213\221\243\004\006][\376s\340\253\234K}\\013\0362\202`\234\371~d\0310\204\264,P\027\000\000\000\000\000\000\000\000\000\000\000\000\000\000\000\000\000\000\000\000\000\000\000\000\000\000\000\000\000\000\000\000P\031-}\351f\032\255\274\334m\326c\017\014ao[\342\230\003\245\245\3341Hm\326^\017jy\335\261s!\003uv\3157M_,X\323\216\327\373A""\226\013\275\210\0079\020Q\007\035\231@s\266\345\000\272\252vF0D\002 \031\345\306'\376c\272>\314\372\034\310\t,\222\346HL\326\244\024\227\346\244A\226\342xj\316S\025\002 O\267\323\224\354<\237\330\362\205\017\345\212\367\250K#\261\000<\271]\334\021\244\030\262\273Q\353\306\344""; ","validation: """"\200\000\000\001&\000\000\000\003)/\352k\016:\373\252\211\251\2041h\203Qt\361\032\213\221\243\004\006][\376s\340\253\234K}\\013\0362\202`\234\371~d\0310\204\264,P\027\000\000\000\000\000\000\000\000\000\000\000\000\000\000\000\000\000\000\000\000\000\000\000\000\000\000\000\000\000\000\000\000P\031-}\351f\032\255\274\334m\326c\017\014ao[\342\230\003\245\245\3341Hm\326^\017jy\335\261s!\003uv\3157M_,X\323\216\327\373A""\226\013\275\210\0079\020Q\007\035\231@s\266\345\000\272\252vF0D\002 \031\345\306'\376c\272>\314\372\034\310\t,\222\346HL\326\244\024\227\346\244A\226\342xj\316S\025\002 O\267\323\224\354<\237\330\362\205\017\345\212\367\250K#\261\000<\271]\334\021\244\030\262\273Q\353\306\344""; "
1750576783995,1750576783995,185,1,2,4,TMValidation,"validation: """"\200\000\000\001&\000\000\000\003)/\352k\016:\373\252\211\251\2041h\203Qt\361\032\213\221\243\004\006][\376s\340\253\234K}\\013\0362\202`\234\371~d\0310\204\264,P\027\000\000\000\000\000\000\000\000\000\000\000\000\000\000\000\000\000\000\000\000\000\000\000\000\000\000\000\000\000\000\000\000P\031-}\351f\032\255\274\334m\326c\017\014ao[\342\230\003\245\245\3341Hm\326^\017jy\335\261s!\003uv\3157M_,X\323\216\327\373A""\226\013\275\210\0079\020Q\007\035\231@s\266\345\000\272\252vF0D\002 \031\345\306'\376c\272>\314\372\034\310\t,\222\346HL\326\244\024\227\346\244A\226\342xj\316S\025\002 O\267\323\224\354<\237\330\362\205\017\345\212\367\250K#\261\000<\271]\334\021\244\030\262\273Q\353\306\344""; ","validation: """"\200\000\000\001&\000\000\000\003)/\352k\016:\373\252\211\251\2041h\203Qt\361\032\213\221\243\004\006][\376s\340\253\234K}\\013\0362\202`\234\371~d\0310\204\264,P\027\000\000\000\000\000\000\000\000\000\000\000\000\000\000\000\000\000\000\000\000\000\000\000\000\000\000\000\000\000\000\000\000P\031-}\351f\032\255\274\334m\326c\017\014ao[\342\230\003\245\245\3341Hm\326^\017jy\335\261s!\003uv\3157M_,X\323\216\327\373A""\226\013\275\210\0079\020Q\007\035\231@s\266\345\000\272\252vF0D\002 \031\345\306'\376c\272>\314\372\034\310\t,\222\346HL\326\244\024\227\346\244A\226\342xj\316S\025\002 O\267\323\224\354<\237\330\362\205\017\345\212\367\250K#\261\000<\271]\334\021\244\030\262\273Q\353\306\344""; "
1750576783995,1750576783995,1027,1,2,0,TMValidation,"validation: """"\200\000\000\001&\000\000\000\003)/\352k\016:\373\252\211\251\2041h\203Qt\361\032\213\221\243\004\006][\376s\340\253\234K}\\013\0362\202`\234\371~d\0310\204\264,P\027\000\000\000\000\000\000\000\000\000\000\000\000\000\000\000\000\000\000\000\000\000\000\000\000\000\000\000\000\000\000\000\000P\031-}\351f\032\255\274\334m\326c\017\014ao[\342\230\003\245\245\3341Hm\326^\017jy\335\261s!\003uv\3157M_,X\323\216\327\373A""\226\013\275\210\0079\020Q\007\035\231@s\266\345\000\272\252vF0D\002 \031\345\306'\376c\272>\314\372\034\310\t,\222\346HL\326\244\024\227\346\244A\226\342xj\316S\025\002 O\267\323\224\354<\237\330\362\205\017\345\212\367\250K#\261\000<\271]\334\021\244\030\262\273Q\353\306\344""; ","validation: """"\200\000\000\001&\000\000\000\003)/\352k\016:\373\252\211\251\2041h\203Qt\361\032\213\221\243\004\006][\376s\340\253\234K}\\013\0362\202`\234\371~d\0310\204\264,P\027\000\000\000\000\000\000\000\000\000\000\000\000\000\000\000\000\000\000\000\000\000\000\000\000\000\000\000\000\000\000\000\000P\031-}\351f\032\255\274\334m\326c\017\014ao[\342\230\003\245\245\3341Hm\326^\017jy\335\261s!\003uv\3157M_,X\323\216\327\373A""\226\013\275\210\0079\020Q\007\035\231@s\266\345\000\272\252vF0D\002 \031\345\306'\376c\272>\314\372\034\310\t,\222\346HL\326\244\024\227\346\244A\226\342xj\316S\025\002 O\267\323\224\354<\237\330\362\205\017\345\212\367\250K#\261\000<\271]\334\021\244\030\262\273Q\353\306\344""; "
1750576783873,1750576784008,1137,1,1,4,TMStatusChange,"newEvent: neCLOSING_LEDGER; ledgerSeq: 3; ledgerHash: ""t\361\032\213\221\243\004\006][\376s\340\253\234K}\\013\0362\202`\234\371~d\0310\204\264,""; ledgerHashPrevious: ""0\355\311\211\352@\036\313K1\024B\343N\323V\367s\355lu\324\374V\207\371F\260\325\345\213\261""; networkTime: 803891983; firstSeq: 1; lastSeq: 3; ","newEvent: neCLOSING_LEDGER; ledgerSeq: 3; ledgerHash: ""t\361\032\213\221\243\004\006][\376s\340\253\234K}\\013\0362\202`\234\371~d\0310\204\264,""; ledgerHashPrevious: ""0\355\311\211\352@\036\313K1\024B\343N\323V\367s\355lu\324\374V\207\371F\260\325\345\213\261""; networkTime: 803891983; firstSeq: 1; lastSeq: 3; "
1750576783877,1750576784009,2386,1,1,0,TMStatusChange,"newEvent: neCLOSING_LEDGER; ledgerSeq: 3; ledgerHash: ""t\361\032\213\221\243\004\006][\376s\340\253\234K}\\013\0362\202`\234\371~d\0310\204\264,""; ledgerHashPrevious: ""0\355\311\211\352@\036\313K1\024B\343N\323V\367s\355lu\324\374V\207\371F\260\325\345\213\261""; networkTime: 803891983; firstSeq: 1; lastSeq: 3; ","newEvent: neCLOSING_LEDGER; ledgerSeq: 3; ledgerHash: ""t\361\032\213\221\243\004\006][\376s\340\253\234K}\\013\0362\202`\234\371~d\0310\204\264,""; ledgerHashPrevious: ""0\355\311\211\352@\036\313K1\024B\343N\323V\367s\355lu\324\374V\207\371F\260\325\345\213\261""; networkTime: 803891983; firstSeq: 1; lastSeq: 3; "
1750576783874,1750576784009,1638,1,1,3,TMStatusChange,"newEvent: neCLOSING_LEDGER; ledgerSeq: 3; ledgerHash: ""t\361\032\213\221\243\004\006][\376s\340\253\234K}\\013\0362\202`\234\371~d\0310\204\264,""; ledgerHashPrevious: ""0\355\311\211\352@\036\313K1\024B\343N\323V\367s\355lu\324\374V\207\371F\260\325\345\213\261""; networkTime: 803891983; firstSeq: 1; lastSeq: 3; ","newEvent: neCLOSING_LEDGER; ledgerSeq: 3; ledgerHash: ""t\361\032\213\221\243\004\006][\376s\340\253\234K}\\013\0362\202`\234\371~d\0310\204\264,""; ledgerHashPrevious: ""0\355\311\211\352@\036\313K1\024B\343N\323V\367s\355lu\324\374V\207\371F\260\325\345\213\261""; networkTime: 803891983; firstSeq: 1; lastSeq: 3; "
1750576783877,1750576784010,2844,1,1,2,TMStatusChange,"newEvent: neCLOSING_LEDGER; ledgerSeq: 3; ledgerHash: ""t\361\032\213\221\243\004\006][\376s\340\253\234K}\\013\0362\202`\234\371~d\0310\204\264,""; ledgerHashPrevious: ""0\355\311\211\352@\036\313K1\024B\343N\323V\367s\355lu\324\374V\207\371F\260\325\345\213\261""; networkTime: 803891983; firstSeq: 1; lastSeq: 3; ","newEvent: neCLOSING_LEDGER; ledgerSeq: 3; ledgerHash: ""t\361\032\213\221\243\004\006][\376s\340\253\234K}\\013\0362\202`\234\371~d\0310\204\264,""; ledgerHashPrevious: ""0\355\311\211\352@\036\313K1\024B\343N\323V\367s\355lu\324\374V\207\371F\260\325\345\213\261""; networkTime: 803891983; firstSeq: 1; lastSeq: 3; "
1750576784018,1750576784018,3783,1,0,2,TMValidation,"validation: """"\200\000\000\001&\000\000\000\003)/\352k\016:~\324\314\253\264\317\217]Qt\361\032\213\221\243\004\006][\376s\340\253\234K}\\013\0362\202`\234\371~d\0310\204\264,P\027\000\000\000\000\000\000\000\000\000\000\000\000\000\000\000\000\000\000\000\000\000\000\000\000\000\000\000\000\000\000\000\000P\031-}\351f\032\255\274\334m\326c\017\014ao[\342\230\003\245\245\3341Hm\326^\017jy\335\261s!\003\031\332\276_\315\363\210\315\246\030F\330\251\017g\263\037\257\332\007 \253\203\233\205\365\344\036\245\374\253\323vF0D\002 \032\302'\023\260\001\367\030\251\230\227Y\351\321\214\334\350\267/A\217\334C\177\206|\333y\352\177\366\200\002 l\217\031?n\nf\027\275E\363Q6[\326V\337\016`>?Y\315!|5C\266x)V\251""; ","validation: """"\200\000\000\001&\000\000\000\003)/\352k\016:~\324\314\253\264\317\217]Qt\361\032\213\221\243\004\006][\376s\340\253\234K}\\013\0362\202`\234\371~d\0310\204\264,P\027\000\000\000\000\000\000\000\000\000\000\000\000\000\000\000\000\000\000\000\000\000\000\000\000\000\000\000\000\000\000\000\000P\031-}\351f\032\255\274\334m\326c\017\014ao[\342\230\003\245\245\3341Hm\326^\017jy\335\261s!\003\031\332\276_\315\363\210\315\246\030F\330\251\017g\263\037\257\332\007 \253\203\233\205\365\344\036\245\374\253\323vF0D\002 \032\302'\023\260\001\367\030\251\230\227Y\351\321\214\334\350\267/A\217\334C\177\206|\333y\352\177\366\200\002 l\217\031?n\nf\027\275E\363Q6[\326V\337\016`>?Y\315!|5C\266x)V\251""; "
1750576784019,1750576784019,219,1,0,1,TMValidation,"validation: """"\200\000\000\001&\000\000\000\003)/\352k\016:~\324\314\253\264\317\217]Qt\361\032\213\221\243\004\006][\376s\340\253\234K}\\013\0362\202`\234\371~d\0310\204\264,P\027\000\000\000\000\000\000\000\000\000\000\000\000\000\000\000\000\000\000\000\000\000\000\000\000\000\000\000\000\000\000\000\000P\031-}\351f\032\255\274\334m\326c\017\014ao[\342\230\003\245\245\3341Hm\326^\017jy\335\261s!\003\031\332\276_\315\363\210\315\246\030F\330\251\017g\263\037\257\332\007 \253\203\233\205\365\344\036\245\374\253\323vF0D\002 \032\302'\023\260\001\367\030\251\230\227Y\351\321\214\334\350\267/A\217\334C\177\206|\333y\352\177\366\200\002 l\217\031?n\nf\027\275E\363Q6[\326V\337\016`>?Y\315!|5C\266x)V\251""; ","validation: """"\200\000\000\001&\000\000\000\003)/\352k\016:~\324\314\253\264\317\217]Qt\361\032\213\221\243\004\006][\376s\340\253\234K}\\013\0362\202`\234\371~d\0310\204\264,P\027\000\000\000\000\000\000\000\000\000\000\000\000\000\000\000\000\000\000\000\000\000\000\000\000\000\000\000\000\000\000\000\000P\031-}\351f\032\255\274\334m\326c\017\014ao[\342\230\003\245\245\3341Hm\326^\017jy\335\261s!\003\031\332\276_\315\363\210\315\246\030F\330\251\017g\263\037\257\332\007 \253\203\233\205\365\344\036\245\374\253\323vF0D\002 \032\302'\023\260\001\367\030\251\230\227Y\351\321\214\334\350\267/A\217\334C\177\206|\333y\352\177\366\200\002 l\217\031?n\nf\027\275E\363Q6[\326V\337\016`>?Y\315!|5C\266x)V\251""; "
1750576784020,1750576784020,2019,1,0,4,TMValidation,"validation: """"\200\000\000\001&\000\000\000\003)/\352k\016:~\324\314\253\264\317\217]Qt\361\032\213\221\243\004\006][\376s\340\253\234K}\\013\0362\202`\234\371~d\0310\204\264,P\027\000\000\000\000\000\000\000\000\000\000\000\000\000\000\000\000\000\000\000\000\000\000\000\000\000\000\000\000\000\000\000\000P\031-}\351f\032\255\274\334m\326c\017\014ao[\342\230\003\245\245\3341Hm\326^\017jy\335\261s!\003\031\332\276_\315\363\210\315\246\030F\330\251\017g\263\037\257\332\007 \253\203\233\205\365\344\036\245\374\253\323vF0D\002 \032\302'\023\260\001\367\030\251\230\227Y\351\321\214\334\350\267/A\217\334C\177\206|\333y\352\177\366\200\002 l\217\031?n\nf\027\275E\363Q6[\326V\337\016`>?Y\315!|5C\266x)V\251""; ","validation: """"\200\000\000\001&\000\000\000\003)/\352k\016:~\324\314\253\264\317\217]Qt\361\032\213\221\243\004\006][\376s\340\253\234K}\\013\0362\202`\234\371~d\0310\204\264,P\027\000\000\000\000\000\000\000\000\000\000\000\000\000\000\000\000\000\000\000\000\000\000\000\000\000\000\000\000\000\000\000\000P\031-}\351f\032\255\274\334m\326c\017\014ao[\342\230\003\245\245\3341Hm\326^\017jy\335\261s!\003\031\332\276_\315\363\210\315\246\030F\330\251\017g\263\037\257\332\007 \253\203\233\205\365\344\036\245\374\253\323vF0D\002 \032\302'\023\260\001\367\030\251\230\227Y\351\321\214\334\350\267/A\217\334C\177\206|\333y\352\177\366\200\002 l\217\031?n\nf\027\275E\363Q6[\326V\337\016`>?Y\315!|5C\266x)V\251""; "
1750576784029,1750576784029,2019,1,0,4,TMValidation,"validation: """"\200\000\000\001&\000\000\000\003)/\352k\017:F\231\033)\227\311<\340Qt\361\032\213\221\243\004\006][\376s\340\253\234K}\\013\0362\202`\234\371~d\0310\204\264,P\027\000\000\000\000\000\000\000\000\000\000\000\000\000\000\000\000\000\000\000\000\000\000\000\000\000\000\000\000\000\000\000\000P\031-}\351f\032\255\274\334m\326c\017\014ao[\342\230\003\245\245\3341Hm\326^\017jy\335\261s!\002\246\346\346\007\2326A*\334\272\022\321\346\247[\222\030\343\261w\244R\r\357}\243\273\253\020\375b6vG0E\002!\000\313\315\217n\260\021\034/t\0023\265\333\266h\353\254Ua~\2234l\033o\325w\276\355u\033'\002 S\331\r\367\026\270\235\247bP\267\007i\245e\3048\2238t\212\350\367)\361MJ\273;\205\242K""; ","validation: """"\200\000\000\001&\000\000\000\003)/\352k\017:F\231\033)\227\311<\340Qt\361\032\213\221\243\004\006][\376s\340\253\234K}\\013\0362\202`\234\371~d\0310\204\264,P\027\000\000\000\000\000\000\000\000\000\000\000\000\000\000\000\000\000\000\000\000\000\000\000\000\000\000\000\000\000\000\000\000P\031-}\351f\032\255\274\334m\326c\017\014ao[\342\230\003\245\245\3341Hm\326^\017jy\335\261s!\002\246\346\346\007\2326A*\334\272\022\321\346\247[\222\030\343\261w\244R\r\357}\243\273\253\020\375b6vG0E\002!\000\313\315\217n\260\021\034/t\0023\265\333\266h\353\254Ua~\2234l\033o\325w\276\355u\033'\002 S\331\r\367\026\270\235\247bP\267\007i\245e\3048\2238t\212\350\367)\361MJ\273;\205\242K""; "
1750576784030,1750576784030,219,1,0,1,TMValidation,"validation: """"\200\000\000\001&\000\000\000\003)/\352k\017:F\231\033)\227\311<\340Qt\361\032\213\221\243\004\006][\376s\340\253\234K}\\013\0362\202`\234\371~d\0310\204\264,P\027\000\000\000\000\000\000\000\000\000\000\000\000\000\000\000\000\000\000\000\000\000\000\000\000\000\000\000\000\000\000\000\000P\031-}\351f\032\255\274\334m\326c\017\014ao[\342\230\003\245\245\3341Hm\326^\017jy\335\261s!\002\246\346\346\007\2326A*\334\272\022\321\346\247[\222\030\343\261w\244R\r\357}\243\273\253\020\375b6vG0E\002!\000\313\315\217n\260\021\034/t\0023\265\333\266h\353\254Ua~\2234l\033o\325w\276\355u\033'\002 S\331\r\367\026\270\235\247bP\267\007i\245e\3048\2238t\212\350\367)\361MJ\273;\205\242K""; ","validation: """"\200\000\000\001&\000\000\000\003)/\352k\017:F\231\033)\227\311<\340Qt\361\032\213\221\243\004\006][\376s\340\253\234K}\\013\0362\202`\234\371~d\0310\204\264,P\027\000\000\000\000\000\000\000\000\000\000\000\000\000\000\000\000\000\000\000\000\000\000\000\000\000\000\000\000\000\000\000\000P\031-}\351f\032\255\274\334m\326c\017\014ao[\342\230\003\245\245\3341Hm\326^\017jy\335\261s!\002\246\346\346\007\2326A*\334\272\022\321\346\247[\222\030\343\261w\244R\r\357}\243\273\253\020\375b6vG0E\002!\000\313\315\217n\260\021\034/t\0023\265\333\266h\353\254Ua~\2234l\033o\325w\276\355u\033'\002 S\331\r\367\026\270\235\247bP\267\007i\245e\3048\2238t\212\350\367)\361MJ\273;\205\242K""; "
1750576784030,1750576784030,3783,1,0,2,TMValidation,"validation: """"\200\000\000\001&\000\000\000\003)/\352k\017:F\231\033)\227\311<\340Qt\361\032\213\221\243\004\006][\376s\340\253\234K}\\013\0362\202`\234\371~d\0310\204\264,P\027\000\000\000\000\000\000\000\000\000\000\000\000\000\000\000\000\000\000\000\000\000\000\000\000\000\000\000\000\000\000\000\000P\031-}\351f\032\255\274\334m\326c\017\014ao[\342\230\003\245\245\3341Hm\326^\017jy\335\261s!\002\246\346\346\007\2326A*\334\272\022\321\346\247[\222\030\343\261w\244R\r\357}\243\273\253\020\375b6vG0E\002!\000\313\315\217n\260\021\034/t\0023\265\333\266h\353\254Ua~\2234l\033o\325w\276\355u\033'\002 S\331\r\367\026\270\235\247bP\267\007i\245e\3048\2238t\212\350\367)\361MJ\273;\205\242K""; ","validation: """"\200\000\000\001&\000\000\000\003)/\352k\017:F\231\033)\227\311<\340Qt\361\032\213\221\243\004\006][\376s\340\253\234K}\\013\0362\202`\234\371~d\0310\204\264,P\027\000\000\000\000\000\000\000\000\000\000\000\000\000\000\000\000\000\000\000\000\000\000\000\000\000\000\000\000\000\000\000\000P\031-}\351f\032\255\274\334m\326c\017\014ao[\342\230\003\245\245\3341Hm\326^\017jy\335\261s!\002\246\346\346\007\2326A*\334\272\022\321\346\247[\222\030\343\261w\244R\r\357}\243\273\253\020\375b6vG0E\002!\000\313\315\217n\260\021\034/t\0023\265\333\266h\353\254Ua~\2234l\033o\325w\276\355u\033'\002 S\331\r\367\026\270\235\247bP\267\007i\245e\3048\2238t\212\350\367)\361MJ\273;\205\242K""; "
1750576784167,1750576784168,3125,1,4,3,TMProposeSet,"proposeSeq: 0; currentTxHash: ""\000\000\000\000\000\000\000\000\000\000\000\000\000\000\000\000\000\000\000\000\000\000\000\000\000\000\000\000\000\000\000\000""; nodePubKey: ""\003uv\3157M_,X\323\216\327\373A""\226\013\275\210\0079\020Q\007\035\231@s\266\345\000\272\252""; closeTime: 803891983; signature: ""0E\002!\000\254\215\343\323\n-\215\333sia\200\321\330a\333\027\2509\256\327\241\!\331\333\273\263\374\317\357=\002 0\267\034\312J\177\3653\376\373H\243\365}\006l\351[\225y\315-5>\354@}/\251\264\370\032""; previousledger: ""t\361\032\213\221\243\004\006][\376s\340\253\234K}\\013\0362\202`\234\371~d\0310\204\264,""; ","proposeSeq: 0; currentTxHash: ""\000\000\000\000\000\000\000\000\000\000\000\000\000\000\000\000\000\000\000\000\000\000\000\000\000\000\000\000\000\000\000\000""; nodePubKey: ""\003uv\3157M_,X\323\216\327\373A""\226\013\275\210\0079\020Q\007\035\231@s\266\345\000\272\252""; closeTime: 803891983; signature: ""0E\002!\000\254\215\343\323\n-\215\333sia\200\321\330a\333\027\2509\256\327\241\!\331\333\273\263\374\317\357=\002 0\267\034\312J\177\3653\376\373H\243\365}\006l\351[\225y\315-5>\354@}/\251\264\370\032""; previousledger: ""t\361\032\213\221\243\004\006][\376s\340\253\234K}\\013\0362\202`\234\371~d\0310\204\264,""; "
1750576784169,1750576784169,2284,1,4,2,TMProposeSet,"proposeSeq: 0; currentTxHash: ""\000\000\000\000\000\000\000\000\000\000\000\000\000\000\000\000\000\000\000\000\000\000\000\000\000\000\000\000\000\000\000\000""; nodePubKey: ""\003uv\3157M_,X\323\216\327\373A""\226\013\275\210\0079\020Q\007\035\231@s\266\345\000\272\252""; closeTime: 803891983; signature: ""0E\002!\000\254\215\343\323\n-\215\333sia\200\321\330a\333\027\2509\256\327\241\!\331\333\273\263\374\317\357=\002 0\267\034\312J\177\3653\376\373H\243\365}\006l\351[\225y\315-5>\354@}/\251\264\370\032""; previousledger: ""t\361\032\213\221\243\004\006][\376s\340\253\234K}\\013\0362\202`\234\371~d\0310\204\264,""; ","proposeSeq: 0; currentTxHash: ""\000\000\000\000\000\000\000\000\000\000\000\000\000\000\000\000\000\000\000\000\000\000\000\000\000\000\000\000\000\000\000\000""; nodePubKey: ""\003uv\3157M_,X\323\216\327\373A""\226\013\275\210\0079\020Q\007\035\231@s\266\345\000\272\252""; closeTime: 803891983; signature: ""0E\002!\000\254\215\343\323\n-\215\333sia\200\321\330a\333\027\2509\256\327\241\!\331\333\273\263\374\317\357=\002 0\267\034\312J\177\3653\376\373H\243\365}\006l\351[\225y\315-5>\354@}/\251\264\370\032""; previousledger: ""t\361\032\213\221\243\004\006][\376s\340\253\234K}\\013\0362\202`\234\371~d\0310\204\264,""; "
1750576784168,1750576784168,1256,1,4,1,TMProposeSet,"proposeSeq: 0; currentTxHash: ""\000\000\000\000\000\000\000\000\000\000\000\000\000\000\000\000\000\000\000\000\000\000\000\000\000\000\000\000\000\000\000\000""; nodePubKey: ""\003uv\3157M_,X\323\216\327\373A""\226\013\275\210\0079\020Q\007\035\231@s\266\345\000\272\252""; closeTime: 803891983; signature: ""0E\002!\000\254\215\343\323\n-\215\333sia\200\321\330a\333\027\2509\256\327\241\!\331\333\273\263\374\317\357=\002 0\267\034\312J\177\3653\376\373H\243\365}\006l\351[\225y\315-5>\354@}/\251\264\370\032""; previousledger: ""t\361\032\213\221\243\004\006][\376s\340\253\234K}\\013\0362\202`\234\371~d\0310\204\264,""; ","proposeSeq: 0; currentTxHash: ""\000\000\000\000\000\000\000\000\000\000\000\000\000\000\000\000\000\000\000\000\000\000\000\000\000\000\000\000\000\000\000\000""; nodePubKey: ""\003uv\3157M_,X\323\216\327\373A""\226\013\275\210\0079\020Q\007\035\231@s\266\345\000\272\252""; closeTime: 803891983; signature: ""0E\002!\000\254\215\343\323\n-\215\333sia\200\321\330a\333\027\2509\256\327\241\!\331\333\273\263\374\317\357=\002 0\267\034\312J\177\3653\376\373H\243\365}\006l\351[\225y\315-5>\354@}/\251\264\370\032""; previousledger: ""t\361\032\213\221\243\004\006][\376s\340\253\234K}\\013\0362\202`\234\371~d\0310\204\264,""; "
1750576784208,1750576784208,3672,1,3,4,TMProposeSet,"proposeSeq: 0; currentTxHash: ""\000\000\000\000\000\000\000\000\000\000\000\000\000\000\000\000\000\000\000\000\000\000\000\000\000\000\000\000\000\000\000\000""; nodePubKey: ""\003\031\332\276_\315\363\210\315\246\030F\330\251\017g\263\037\257\332\007 \253\203\233\205\365\344\036\245\374\253\323""; closeTime: 803891983; signature: ""0E\002!\000\317v\350!\242d\367\276\203\320\315\000y\027\356p\265y\363\023kv8\200*\252\225\326\240\377\350\233\002 (\3404c\322V\376\231\003\026\312K\314d<6\017(d\216\271\300\t#\017\320\2324\252\305v\270""; previousledger: ""t\361\032\213\221\243\004\006][\376s\340\253\234K}\\013\0362\202`\234\371~d\0310\204\264,""; ","proposeSeq: 0; currentTxHash: ""\000\000\000\000\000\000\000\000\000\000\000\000\000\000\000\000\000\000\000\000\000\000\000\000\000\000\000\000\000\000\000\000""; nodePubKey: ""\003\031\332\276_\315\363\210\315\246\030F\330\251\017g\263\037\257\332\007 \253\203\233\205\365\344\036\245\374\253\323""; closeTime: 803891983; signature: ""0E\002!\000\317v\350!\242d\367\276\203\320\315\000y\027\356p\265y\363\023kv8\200*\252\225\326\240\377\350\233\002 (\3404c\322V\376\231\003\026\312K\314d<6\017(d\216\271\300\t#\017\320\2324\252\305v\270""; previousledger: ""t\361\032\213\221\243\004\006][\376s\340\253\234K}\\013\0362\202`\234\371~d\0310\204\264,""; "
1750576784209,1750576784209,105,1,3,0,TMProposeSet,"proposeSeq: 0; currentTxHash: ""\000\000\000\000\000\000\000\000\000\000\000\000\000\000\000\000\000\000\000\000\000\000\000\000\000\000\000\000\000\000\000\000""; nodePubKey: ""\003\031\332\276_\315\363\210\315\246\030F\330\251\017g\263\037\257\332\007 \253\203\233\205\365\344\036\245\374\253\323""; closeTime: 803891983; signature: ""0E\002!\000\317v\350!\242d\367\276\203\320\315\000y\027\356p\265y\363\023kv8\200*\252\225\326\240\377\350\233\002 (\3404c\322V\376\231\003\026\312K\314d<6\017(d\216\271\300\t#\017\320\2324\252\305v\270""; previousledger: ""t\361\032\213\221\243\004\006][\376s\340\253\234K}\\013\0362\202`\234\371~d\0310\204\264,""; ","proposeSeq: 0; currentTxHash: ""\000\000\000\000\000\000\000\000\000\000\000\000\000\000\000\000\000\000\000\000\000\000\000\000\000\000\000\000\000\000\000\000""; nodePubKey: ""\003\031\332\276_\315\363\210\315\246\030F\330\251\017g\263\037\257\332\007 \253\203\233\205\365\344\036\245\374\253\323""; closeTime: 803891983; signature: ""0E\002!\000\317v\350!\242d\367\276\203\320\315\000y\027\356p\265y\363\023kv8\200*\252\225\326\240\377\350\233\002 (\3404c\322V\376\231\003\026\312K\314d<6\017(d\216\271\300\t#\017\320\2324\252\305v\270""; previousledger: ""t\361\032\213\221\243\004\006][\376s\340\253\234K}\\013\0362\202`\234\371~d\0310\204\264,""; "
1750576784209,1750576784209,3303,1,3,2,TMProposeSet,"proposeSeq: 0; currentTxHash: ""\000\000\000\000\000\000\000\000\000\000\000\000\000\000\000\000\000\000\000\000\000\000\000\000\000\000\000\000\000\000\000\000""; nodePubKey: ""\003\031\332\276_\315\363\210\315\246\030F\330\251\017g\263\037\257\332\007 \253\203\233\205\365\344\036\245\374\253\323""; closeTime: 803891983; signature: ""0E\002!\000\317v\350!\242d\367\276\203\320\315\000y\027\356p\265y\363\023kv8\200*\252\225\326\240\377\350\233\002 (\3404c\322V\376\231\003\026\312K\314d<6\017(d\216\271\300\t#\017\320\2324\252\305v\270""; previousledger: ""t\361\032\213\221\243\004\006][\376s\340\253\234K}\\013\0362\202`\234\371~d\0310\204\264,""; ","proposeSeq: 0; currentTxHash: ""\000\000\000\000\000\000\000\000\000\000\000\000\000\000\000\000\000\000\000\000\000\000\000\000\000\000\000\000\000\000\000\000""; nodePubKey: ""\003\031\332\276_\315\363\210\315\246\030F\330\251\017g\263\037\257\332\007 \253\203\233\205\365\344\036\245\374\253\323""; closeTime: 803891983; signature: ""0E\002!\000\317v\350!\242d\367\276\203\320\315\000y\027\356p\265y\363\023kv8\200*\252\225\326\240\377\350\233\002 (\3404c\322V\376\231\003\026\312K\314d<6\017(d\216\271\300\t#\017\320\2324\252\305v\270""; previousledger: ""t\361\032\213\221\243\004\006][\376s\340\253\234K}\\013\0362\202`\234\371~d\0310\204\264,""; "
1750576784233,1750576784233,3472,1,1,4,TMProposeSet,"proposeSeq: 0; currentTxHash: ""\000\000\000\000\000\000\000\000\000\000\000\000\000\000\000\000\000\000\000\000\000\000\000\000\000\000\000\000\000\000\000\000""; nodePubKey: ""\003uv\3157M_,X\323\216\327\373A""\226\013\275\210\0079\020Q\007\035\231@s\266\345\000\272\252""; closeTime: 803891983; signature: ""0E\002!\000\254\215\343\323\n-\215\333sia\200\321\330a\333\027\2509\256\327\241\!\331\333\273\263\374\317\357=\002 0\267\034\312J\177\3653\376\373H\243\365}\006l\351[\225y\315-5>\354@}/\251\264\370\032""; previousledger: ""t\361\032\213\221\243\004\006][\376s\340\253\234K}\\013\0362\202`\234\371~d\0310\204\264,""; ","proposeSeq: 0; currentTxHash: ""\000\000\000\000\000\000\000\000\000\000\000\000\000\000\000\000\000\000\000\000\000\000\000\000\000\000\000\000\000\000\000\000""; nodePubKey: ""\003uv\3157M_,X\323\216\327\373A""\226\013\275\210\0079\020Q\007\035\231@s\266\345\000\272\252""; closeTime: 803891983; signature: ""0E\002!\000\254\215\343\323\n-\215\333sia\200\321\330a\333\027\2509\256\327\241\!\331\333\273\263\374\317\357=\002 0\267\034\312J\177\3653\376\373H\243\365}\006l\351[\225y\315-5>\354@}/\251\264\370\032""; previousledger: ""t\361\032\213\221\243\004\006][\376s\340\253\234K}\\013\0362\202`\234\371~d\0310\204\264,""; "
1750576784234,1750576784234,2300,1,1,2,TMProposeSet,"proposeSeq: 0; currentTxHash: ""\000\000\000\000\000\000\000\000\000\000\000\000\000\000\000\000\000\000\000\000\000\000\000\000\000\000\000\000\000\000\000\000""; nodePubKey: ""\003uv\3157M_,X\323\216\327\373A""\226\013\275\210\0079\020Q\007\035\231@s\266\345\000\272\252""; closeTime: 803891983; signature: ""0E\002!\000\254\215\343\323\n-\215\333sia\200\321\330a\333\027\2509\256\327\241\!\331\333\273\263\374\317\357=\002 0\267\034\312J\177\3653\376\373H\243\365}\006l\351[\225y\315-5>\354@}/\251\264\370\032""; previousledger: ""t\361\032\213\221\243\004\006][\376s\340\253\234K}\\013\0362\202`\234\371~d\0310\204\264,""; ","proposeSeq: 0; currentTxHash: ""\000\000\000\000\000\000\000\000\000\000\000\000\000\000\000\000\000\000\000\000\000\000\000\000\000\000\000\000\000\000\000\000""; nodePubKey: ""\003uv\3157M_,X\323\216\327\373A""\226\013\275\210\0079\020Q\007\035\231@s\266\345\000\272\252""; closeTime: 803891983; signature: ""0E\002!\000\254\215\343\323\n-\215\333sia\200\321\330a\333\027\2509\256\327\241\!\331\333\273\263\374\317\357=\002 0\267\034\312J\177\3653\376\373H\243\365}\006l\351[\225y\315-5>\354@}/\251\264\370\032""; previousledger: ""t\361\032\213\221\243\004\006][\376s\340\253\234K}\\013\0362\202`\234\371~d\0310\204\264,""; "
1750576784234,1750576784234,334,1,1,3,TMProposeSet,"proposeSeq: 0; currentTxHash: ""\000\000\000\000\000\000\000\000\000\000\000\000\000\000\000\000\000\000\000\000\000\000\000\000\000\000\000\000\000\000\000\000""; nodePubKey: ""\003uv\3157M_,X\323\216\327\373A""\226\013\275\210\0079\020Q\007\035\231@s\266\345\000\272\252""; closeTime: 803891983; signature: ""0E\002!\000\254\215\343\323\n-\215\333sia\200\321\330a\333\027\2509\256\327\241\!\331\333\273\263\374\317\357=\002 0\267\034\312J\177\3653\376\373H\243\365}\006l\351[\225y\315-5>\354@}/\251\264\370\032""; previousledger: ""t\361\032\213\221\243\004\006][\376s\340\253\234K}\\013\0362\202`\234\371~d\0310\204\264,""; ","proposeSeq: 0; currentTxHash: ""\000\000\000\000\000\000\000\000\000\000\000\000\000\000\000\000\000\000\000\000\000\000\000\000\000\000\000\000\000\000\000\000""; nodePubKey: ""\003uv\3157M_,X\323\216\327\373A""\226\013\275\210\0079\020Q\007\035\231@s\266\345\000\272\252""; closeTime: 803891983; signature: ""0E\002!\000\254\215\343\323\n-\215\333sia\200\321\330a\333\027\2509\256\327\241\!\331\333\273\263\374\317\357=\002 0\267\034\312J\177\3653\376\373H\243\365}\006l\351[\225y\315-5>\354@}/\251\264\370\032""; previousledger: ""t\361\032\213\221\243\004\006][\376s\340\253\234K}\\013\0362\202`\234\371~d\0310\204\264,""; "
1750576784239,1750576784239,2648,1,2,0,TMProposeSet,"proposeSeq: 0; currentTxHash: ""\000\000\000\000\000\000\000\000\000\000\000\000\000\000\000\000\000\000\000\000\000\000\000\000\000\000\000\000\000\000\000\000""; nodePubKey: ""\002\246\346\346\007\2326A*\334\272\022\321\346\247[\222\030\343\261w\244R\r\357}\243\273\253\020\375b6""; closeTime: 803891984; signature: ""0D\002 :\265\036\377\244\205\0049N\364q\323\314\032\220\354q\221\000\333\335\2330\354\n\360\333\255\306\251\265\377\002 \nL\266\312O\213zd\032\000{\272\027\366\325\357\230D\236\362\367\216<\3463\022\246M\332m""5""; previousledger: ""t\361\032\213\221\243\004\006][\376s\340\253\234K}\\013\0362\202`\234\371~d\0310\204\264,""; ","proposeSeq: 0; currentTxHash: ""\000\000\000\000\000\000\000\000\000\000\000\000\000\000\000\000\000\000\000\000\000\000\000\000\000\000\000\000\000\000\000\000""; nodePubKey: ""\002\246\346\346\007\2326A*\334\272\022\321\346\247[\222\030\343\261w\244R\r\357}\243\273\253\020\375b6""; closeTime: 803891984; signature: ""0D\002 :\265\036\377\244\205\0049N\364q\323\314\032\220\354q\221\000\333\335\2330\354\n\360\333\255\306\251\265\377\002 \nL\266\312O\213zd\032\000{\272\027\366\325\357\230D\236\362\367\216<\3463\022\246M\332m""5""; previousledger: ""t\361\032\213\221\243\004\006][\376s\340\253\234K}\\013\0362\202`\234\371~d\0310\204\264,""; "
1750576784241,1750576784241,1881,1,2,1,TMProposeSet,"proposeSeq: 0; currentTxHash: ""\000\000\000\000\000\000\000\000\000\000\000\000\000\000\000\000\000\000\000\000\000\000\000\000\000\000\000\000\000\000\000\000""; nodePubKey: ""\002\246\346\346\007\2326A*\334\272\022\321\346\247[\222\030\343\261w\244R\r\357}\243\273\253\020\375b6""; closeTime: 803891984; signature: ""0D\002 :\265\036\377\244\205\0049N\364q\323\314\032\220\354q\221\000\333\335\2330\354\n\360\333\255\306\251\265\377\002 \nL\266\312O\213zd\032\000{\272\027\366\325\357\230D\236\362\367\216<\3463\022\246M\332m""5""; previousledger: ""t\361\032\213\221\243\004\006][\376s\340\253\234K}\\013\0362\202`\234\371~d\0310\204\264,""; ","proposeSeq: 0; currentTxHash: ""\000\000\000\000\000\000\000\000\000\000\000\000\000\000\000\000\000\000\000\000\000\000\000\000\000\000\000\000\000\000\000\000""; nodePubKey: ""\002\246\346\346\007\2326A*\334\272\022\321\346\247[\222\030\343\261w\244R\r\357}\243\273\253\020\375b6""; closeTime: 803891984; signature: ""0D\002 :\265\036\377\244\205\0049N\364q\323\314\032\220\354q\221\000\333\335\2330\354\n\360\333\255\306\251\265\377\002 \nL\266\312O\213zd\032\000{\272\027\366\325\357\230D\236\362\367\216<\3463\022\246M\332m""5""; previousledger: ""t\361\032\213\221\243\004\006][\376s\340\253\234K}\\013\0362\202`\234\371~d\0310\204\264,""; "
1750576784241,1750576784241,930,1,2,3,TMProposeSet,"proposeSeq: 0; currentTxHash: ""\000\000\000\000\000\000\000\000\000\000\000\000\000\000\000\000\000\000\000\000\000\000\000\000\000\000\000\000\000\000\000\000""; nodePubKey: ""\002\246\346\346\007\2326A*\334\272\022\321\346\247[\222\030\343\261w\244R\r\357}\243\273\253\020\375b6""; closeTime: 803891984; signature: ""0D\002 :\265\036\377\244\205\0049N\364q\323\314\032\220\354q\221\000\333\335\2330\354\n\360\333\255\306\251\265\377\002 \nL\266\312O\213zd\032\000{\272\027\366\325\357\230D\236\362\367\216<\3463\022\246M\332m""5""; previousledger: ""t\361\032\213\221\243\004\006][\376s\340\253\234K}\\013\0362\202`\234\371~d\0310\204\264,""; ","proposeSeq: 0; currentTxHash: ""\000\000\000\000\000\000\000\000\000\000\000\000\000\000\000\000\000\000\000\000\000\000\000\000\000\000\000\000\000\000\000\000""; nodePubKey: ""\002\246\346\346\007\2326A*\334\272\022\321\346\247[\222\030\343\261w\244R\r\357}\243\273\253\020\375b6""; closeTime: 803891984; signature: ""0D\002 :\265\036\377\244\205\0049N\364q\323\314\032\220\354q\221\000\333\335\2330\354\n\360\333\255\306\251\265\377\002 \nL\266\312O\213zd\032\000{\272\027\366\325\357\230D\236\362\367\216<\3463\022\246M\332m""5""; previousledger: ""t\361\032\213\221\243\004\006][\376s\340\253\234K}\\013\0362\202`\234\371~d\0310\204\264,""; "
1750576784243,1750576784243,3625,1,0,2,TMProposeSet,"proposeSeq: 0; currentTxHash: ""\000\000\000\000\000\000\000\000\000\000\000\000\000\000\000\000\000\000\000\000\000\000\000\000\000\000\000\000\000\000\000\000""; nodePubKey: ""\002i\265d-H\225\336\350\317n\272\016O\317\257\273\327\352\371\231\250\230(\240\353\331\024\207\241\020\304!""; closeTime: 803891983; signature: ""0E\002!\000\224\275\243\344\303\375\354\023Tv\370\226\364\350\375OCe\251\221\030\217\340\343\274\004\007\206x$\334\035\002 /Y6\240\270\272\006\367\310\n{\022\377#\256R\302\027^2\203\0215\254\346B\361\274\234\330\230\355""; previousledger: ""t\361\032\213\221\243\004\006][\376s\340\253\234K}\\013\0362\202`\234\371~d\0310\204\264,""; ","proposeSeq: 0; currentTxHash: ""\000\000\000\000\000\000\000\000\000\000\000\000\000\000\000\000\000\000\000\000\000\000\000\000\000\000\000\000\000\000\000\000""; nodePubKey: ""\002i\265d-H\225\336\350\317n\272\016O\317\257\273\327\352\371\231\250\230(\240\353\331\024\207\241\020\304!""; closeTime: 803891983; signature: ""0E\002!\000\224\275\243\344\303\375\354\023Tv\370\226\364\350\375OCe\251\221\030\217\340\343\274\004\007\206x$\334\035\002 /Y6\240\270\272\006\367\310\n{\022\377#\256R\302\027^2\203\0215\254\346B\361\274\234\330\230\355""; previousledger: ""t\361\032\213\221\243\004\006][\376s\340\253\234K}\\013\0362\202`\234\371~d\0310\204\264,""; "
1750576784243,1750576784243,3385,1,0,3,TMProposeSet,"proposeSeq: 0; currentTxHash: ""\000\000\000\000\000\000\000\000\000\000\000\000\000\000\000\000\000\000\000\000\000\000\000\000\000\000\000\000\000\000\000\000""; nodePubKey: ""\002i\265d-H\225\336\350\317n\272\016O\317\257\273\327\352\371\231\250\230(\240\353\331\024\207\241\020\304!""; closeTime: 803891983; signature: ""0E\002!\000\224\275\243\344\303\375\354\023Tv\370\226\364\350\375OCe\251\221\030\217\340\343\274\004\007\206x$\334\035\002 /Y6\240\270\272\006\367\310\n{\022\377#\256R\302\027^2\203\0215\254\346B\361\274\234\330\230\355""; previousledger: ""t\361\032\213\221\243\004\006][\376s\340\253\234K}\\013\0362\202`\234\371~d\0310\204\264,""; ","proposeSeq: 0; currentTxHash: ""\000\000\000\000\000\000\000\000\000\000\000\000\000\000\000\000\000\000\000\000\000\000\000\000\000\000\000\000\000\000\000\000""; nodePubKey: ""\002i\265d-H\225\336\350\317n\272\016O\317\257\273\327\352\371\231\250\230(\240\353\331\024\207\241\020\304!""; closeTime: 803891983; signature: ""0E\002!\000\224\275\243\344\303\375\354\023Tv\370\226\364\350\375OCe\251\221\030\217\340\343\274\004\007\206x$\334\035\002 /Y6\240\270\272\006\367\310\n{\022\377#\256R\302\027^2\203\0215\254\346B\361\274\234\330\230\355""; previousledger: ""t\361\032\213\221\243\004\006][\376s\340\253\234K}\\013\0362\202`\234\371~d\0310\204\264,""; "
1750576784244,1750576784244,465,1,0,1,TMProposeSet,"proposeSeq: 0; currentTxHash: ""\000\000\000\000\000\000\000\000\000\000\000\000\000\000\000\000\000\000\000\000\000\000\000\000\000\000\000\000\000\000\000\000""; nodePubKey: ""\002i\265d-H\225\336\350\317n\272\016O\317\257\273\327\352\371\231\250\230(\240\353\331\024\207\241\020\304!""; closeTime: 803891983; signature: ""0E\002!\000\224\275\243\344\303\375\354\023Tv\370\226\364\350\375OCe\251\221\030\217\340\343\274\004\007\206x$\334\035\002 /Y6\240\270\272\006\367\310\n{\022\377#\256R\302\027^2\203\0215\254\346B\361\274\234\330\230\355""; previousledger: ""t\361\032\213\221\243\004\006][\376s\340\253\234K}\\013\0362\202`\234\371~d\0310\204\264,""; ","proposeSeq: 0; currentTxHash: ""\000\000\000\000\000\000\000\000\000\000\000\000\000\000\000\000\000\000\000\000\000\000\000\000\000\000\000\000\000\000\000\000""; nodePubKey: ""\002i\265d-H\225\336\350\317n\272\016O\317\257\273\327\352\371\231\250\230(\240\353\331\024\207\241\020\304!""; closeTime: 803891983; signature: ""0E\002!\000\224\275\243\344\303\375\354\023Tv\370\226\364\350\375OCe\251\221\030\217\340\343\274\004\007\206x$\334\035\002 /Y6\240\270\272\006\367\310\n{\022\377#\256R\302\027^2\203\0215\254\346B\361\274\234\330\230\355""; previousledger: ""t\361\032\213\221\243\004\006][\376s\340\253\234K}\\013\0362\202`\234\371~d\0310\204\264,""; "
1750576784250,1750576784251,1379,1,3,4,TMTransaction,"rawTransaction: ""\022\000\000""\000\000\000\000$\000\000\000\001 \033\000\000\000\027a@\000\000\027H\206*@h@\000\000\000\000\000\000\ns!\0030\347\374\235V\273%\326\211;\243\363\027\256[\3173\263)\033\326=\263&T\243\023""/\177\320 tF0D\002 \025\217\022\312\233t\304\273<\207\321\rJ{\303\361D\201\353\232g\313[&@\316\264@\372\313\327\\002 xG`\373\266\230\343:B\315\212\3213\240$\007+]7\033\35515$\3217\364\016\271yw\360\201\024\265\367by\212S\325C\240\024\312\370\262\227\317\370\362\3717\350\203\024~H\363\377\355\377\005.\244\231\226\377\220\2011g\021?\222\261""; status: tsCURRENT; receiveTimestamp: 803891984; deferred: false; ","rawTransaction: ""\022\000\000""\000\000\000\000$\000\000\000\001 \033\000\000\000\027a@\000\000\027H\206*@h@\000\000\000\000\000\000\ns!\0030\347\374\235V\273%\326\211;\243\363\027\256[\3173\263)\033\326=\263&T\243\023""/\177\320 tF0D\002 \025\217\022\312\233t\304\273<\207\321\rJ{\303\361D\201\353\232g\313[&@\316\264@\372\313\327\\002 xG`\373\266\230\343:B\315\212\3213\240$\007+]7\033\35515$\3217\364\016\271yw\360\201\024\265\367by\212S\325C\240\024\312\370\262\227\317\370\362\3717\350\203\024~H\363\377\355\377\005.\244\231\226\377\220\2011g\021?\222\261""; status: tsCURRENT; receiveTimestamp: 803891984; deferred: false; "
1750576784250,1750576784251,3054,1,3,2,TMTransaction,"rawTransaction: ""\022\000\000""\000\000\000\000$\000\000\000\001 \033\000\000\000\027a@\000\000\027H\206*@h@\000\000\000\000\000\000\ns!\0030\347\374\235V\273%\326\211;\243\363\027\256[\3173\263)\033\326=\263&T\243\023""/\177\320 tF0D\002 \025\217\022\312\233t\304\273<\207\321\rJ{\303\361D\201\353\232g\313[&@\316\264@\372\313\327\\002 xG`\373\266\230\343:B\315\212\3213\240$\007+]7\033\35515$\3217\364\016\271yw\360\201\024\265\367by\212S\325C\240\024\312\370\262\227\317\370\362\3717\350\203\024~H\363\377\355\377\005.\244\231\226\377\220\2011g\021?\222\261""; status: tsCURRENT; receiveTimestamp: 803891984; deferred: false; ","rawTransaction: ""\022\000\000""\000\000\000\000$\000\000\000\001 \033\000\000\000\027a@\000\000\027H\206*@h@\000\000\000\000\000\000\ns!\0030\347\374\235V\273%\326\211;\243\363\027\256[\3173\263)\033\326=\263&T\243\023""/\177\320 tF0D\002 \025\217\022\312\233t\304\273<\207\321\rJ{\303\361D\201\353\232g\313[&@\316\264@\372\313\327\\002 xG`\373\266\230\343:B\315\212\3213\240$\007+]7\033\35515$\3217\364\016\271yw\360\201\024\265\367by\212S\325C\240\024\312\370\262\227\317\370\362\3717\350\203\024~H\363\377\355\377\005.\244\231\226\377\220\2011g\021?\222\261""; status: tsCURRENT; receiveTimestamp: 803891984; deferred: false; "
1750576784251,1750576784252,1211,1,3,0,TMTransaction,"rawTransaction: ""\022\000\000""\000\000\000\000$\000\000\000\001 \033\000\000\000\027a@\000\000\027H\206*@h@\000\000\000\000\000\000\ns!\0030\347\374\235V\273%\326\211;\243\363\027\256[\3173\263)\033\326=\263&T\243\023""/\177\320 tF0D\002 \025\217\022\312\233t\304\273<\207\321\rJ{\303\361D\201\353\232g\313[&@\316\264@\372\313\327\\002 xG`\373\266\230\343:B\315\212\3213\240$\007+]7\033\35515$\3217\364\016\271yw\360\201\024\265\367by\212S\325C\240\024\312\370\262\227\317\370\362\3717\350\203\024~H\363\377\355\377\005.\244\231\226\377\220\2011g\021?\222\261""; status: tsCURRENT; receiveTimestamp: 803891984; deferred: false; ","rawTransaction: ""\022\000\000""\000\000\000\000$\000\000\000\001 \033\000\000\000\027a@\000\000\027H\206*@h@\000\000\000\000\000\000\ns!\0030\347\374\235V\273%\326\211;\243\363\027\256[\3173\263)\033\326=\263&T\243\023""/\177\320 tF0D\002 \025\217\022\312\233t\304\273<\207\321\rJ{\303\361D\201\353\232g\313[&@\316\264@\372\313\327\\002 xG`\373\266\230\343:B\315\212\3213\240$\007+]7\033\35515$\3217\364\016\271yw\360\201\024\265\367by\212S\325C\240\024\312\370\262\227\317\370\362\3717\350\203\024~H\363\377\355\377\005.\244\231\226\377\220\2011g\021?\222\261""; status: tsCURRENT; receiveTimestamp: 803891984; deferred: false; "
1750576784271,1750576784271,1713,1,2,3,TMValidation,"validation: """"\200\000\000\001&\000\000\000\003)/\352k\016:\225\031\312\0231#ajQt\361\032\213\221\243\004\006][\376s\340\253\234K}\\013\0362\202`\234\371~d\0310\204\264,P\027\000\000\000\000\000\000\000\000\000\000\000\000\000\000\000\000\000\000\000\000\000\000\000\000\000\000\000\000\000\000\000\000P\031-}\351f\032\255\274\334m\326c\017\014ao[\342\230\003\245\245\3341Hm\326^\017jy\335\261s!\002i\265d-H\225\336\350\317n\272\016O\317\257\273\327\352\371\231\250\230(\240\353\331\024\207\241\020\304!vG0E\002!\000\344L5\315\345\361\0337&|J{\237:\317;4\210g\377\344\007\353-1\025\t\330\017\216\346\372\002 l\313\343l\267\203a\323\371\244\214<\335\334X\032b\013\214k\375\213c\370\351_\263\324+\021\302\361""; ","validation: """"\200\000\000\001&\000\000\000\003)/\352k\016:\225\031\312\0231#ajQt\361\032\213\221\243\004\006][\376s\340\253\234K}\\013\0362\202`\234\371~d\0310\204\264,P\027\000\000\000\000\000\000\000\000\000\000\000\000\000\000\000\000\000\000\000\000\000\000\000\000\000\000\000\000\000\000\000\000P\031-}\351f\032\255\274\334m\326c\017\014ao[\342\230\003\245\245\3341Hm\326^\017jy\335\261s!\002i\265d-H\225\336\350\317n\272\016O\317\257\273\327\352\371\231\250\230(\240\353\331\024\207\241\020\304!vG0E\002!\000\344L5\315\345\361\0337&|J{\237:\317;4\210g\377\344\007\353-1\025\t\330\017\216\346\372\002 l\313\343l\267\203a\323\371\244\214<\335\334X\032b\013\214k\375\213c\370\351_\263\324+\021\302\361""; "
1750576784271,1750576784271,1027,1,2,0,TMValidation,"validation: """"\200\000\000\001&\000\000\000\003)/\352k\016:\225\031\312\0231#ajQt\361\032\213\221\243\004\006][\376s\340\253\234K}\\013\0362\202`\234\371~d\0310\204\264,P\027\000\000\000\000\000\000\000\000\000\000\000\000\000\000\000\000\000\000\000\000\000\000\000\000\000\000\000\000\000\000\000\000P\031-}\351f\032\255\274\334m\326c\017\014ao[\342\230\003\245\245\3341Hm\326^\017jy\335\261s!\002i\265d-H\225\336\350\317n\272\016O\317\257\273\327\352\371\231\250\230(\240\353\331\024\207\241\020\304!vG0E\002!\000\344L5\315\345\361\0337&|J{\237:\317;4\210g\377\344\007\353-1\025\t\330\017\216\346\372\002 l\313\343l\267\203a\323\371\244\214<\335\334X\032b\013\214k\375\213c\370\351_\263\324+\021\302\361""; ","validation: """"\200\000\000\001&\000\000\000\003)/\352k\016:\225\031\312\0231#ajQt\361\032\213\221\243\004\006][\376s\340\253\234K}\\013\0362\202`\234\371~d\0310\204\264,P\027\000\000\000\000\000\000\000\000\000\000\000\000\000\000\000\000\000\000\000\000\000\000\000\000\000\000\000\000\000\000\000\000P\031-}\351f\032\255\274\334m\326c\017\014ao[\342\230\003\245\245\3341Hm\326^\017jy\335\261s!\002i\265d-H\225\336\350\317n\272\016O\317\257\273\327\352\371\231\250\230(\240\353\331\024\207\241\020\304!vG0E\002!\000\344L5\315\345\361\0337&|J{\237:\317;4\210g\377\344\007\353-1\025\t\330\017\216\346\372\002 l\313\343l\267\203a\323\371\244\214<\335\334X\032b\013\214k\375\213c\370\351_\263\324+\021\302\361""; "
1750576784282,1750576784282,185,1,2,4,TMValidation,"validation: """"\200\000\000\001&\000\000\000\003)/\352k\016:\225\031\312\0231#ajQt\361\032\213\221\243\004\006][\376s\340\253\234K}\\013\0362\202`\234\371~d\0310\204\264,P\027\000\000\000\000\000\000\000\000\000\000\000\000\000\000\000\000\000\000\000\000\000\000\000\000\000\000\000\000\000\000\000\000P\031-}\351f\032\255\274\334m\326c\017\014ao[\342\230\003\245\245\3341Hm\326^\017jy\335\261s!\002i\265d-H\225\336\350\317n\272\016O\317\257\273\327\352\371\231\250\230(\240\353\331\024\207\241\020\304!vG0E\002!\000\344L5\315\345\361\0337&|J{\237:\317;4\210g\377\344\007\353-1\025\t\330\017\216\346\372\002 l\313\343l\267\203a\323\371\244\214<\335\334X\032b\013\214k\375\213c\370\351_\263\324+\021\302\361""; ","validation: """"\200\000\000\001&\000\000\000\003)/\352k\016:\225\031\312\0231#ajQt\361\032\213\221\243\004\006][\376s\340\253\234K}\\013\0362\202`\234\371~d\0310\204\264,P\027\000\000\000\000\000\000\000\000\000\000\000\000\000\000\000\000\000\000\000\000\000\000\000\000\000\000\000\000\000\000\000\000P\031-}\351f\032\255\274\334m\326c\017\014ao[\342\230\003\245\245\3341Hm\326^\017jy\335\261s!\002i\265d-H\225\336\350\317n\272\016O\317\257\273\327\352\371\231\250\230(\240\353\331\024\207\241\020\304!vG0E\002!\000\344L5\315\345\361\0337&|J{\237:\317;4\210g\377\344\007\353-1\025\t\330\017\216\346\372\002 l\313\343l\267\203a\323\371\244\214<\335\334X\032b\013\214k\375\213c\370\351_\263\324+\021\302\361""; "
1750576784282,1750576784282,505,1,2,4,TMProposeSet,"proposeSeq: 0; currentTxHash: ""\000\000\000\000\000\000\000\000\000\000\000\000\000\000\000\000\000\000\000\000\000\000\000\000\000\000\000\000\000\000\000\000""; nodePubKey: ""\002\246\346\346\007\2326A*\334\272\022\321\346\247[\222\030\343\261w\244R\r\357}\243\273\253\020\375b6""; closeTime: 803891984; signature: ""0D\002 :\265\036\377\244\205\0049N\364q\323\314\032\220\354q\221\000\333\335\2330\354\n\360\333\255\306\251\265\377\002 \nL\266\312O\213zd\032\000{\272\027\366\325\357\230D\236\362\367\216<\3463\022\246M\332m""5""; previousledger: ""t\361\032\213\221\243\004\006][\376s\340\253\234K}\\013\0362\202`\234\371~d\0310\204\264,""; ","proposeSeq: 0; currentTxHash: ""\000\000\000\000\000\000\000\000\000\000\000\000\000\000\000\000\000\000\000\000\000\000\000\000\000\000\000\000\000\000\000\000""; nodePubKey: ""\002\246\346\346\007\2326A*\334\272\022\321\346\247[\222\030\343\261w\244R\r\357}\243\273\253\020\375b6""; closeTime: 803891984; signature: ""0D\002 :\265\036\377\244\205\0049N\364q\323\314\032\220\354q\221\000\333\335\2330\354\n\360\333\255\306\251\265\377\002 \nL\266\312O\213zd\032\000{\272\027\366\325\357\230D\236\362\367\216<\3463\022\246M\332m""5""; previousledger: ""t\361\032\213\221\243\004\006][\376s\340\253\234K}\\013\0362\202`\234\371~d\0310\204\264,""; "
1750576784238,1750576784296,2143,1,2,4,TMStatusChange,"newEvent: neCLOSING_LEDGER; ledgerSeq: 3; ledgerHash: ""t\361\032\213\221\243\004\006][\376s\340\253\234K}\\013\0362\202`\234\371~d\0310\204\264,""; ledgerHashPrevious: ""0\355\311\211\352@\036\313K1\024B\343N\323V\367s\355lu\324\374V\207\371F\260\325\345\213\261""; networkTime: 803891984; firstSeq: 1; lastSeq: 3; ","newEvent: neCLOSING_LEDGER; ledgerSeq: 3; ledgerHash: ""t\361\032\213\221\243\004\006][\376s\340\253\234K}\\013\0362\202`\234\371~d\0310\204\264,""; ledgerHashPrevious: ""0\355\311\211\352@\036\313K1\024B\343N\323V\367s\355lu\324\374V\207\371F\260\325\345\213\261""; networkTime: 803891984; firstSeq: 1; lastSeq: 3; "
1750576784239,1750576784296,2951,1,2,0,TMStatusChange,"newEvent: neCLOSING_LEDGER; ledgerSeq: 3; ledgerHash: ""t\361\032\213\221\243\004\006][\376s\340\253\234K}\\013\0362\202`\234\371~d\0310\204\264,""; ledgerHashPrevious: ""0\355\311\211\352@\036\313K1\024B\343N\323V\367s\355lu\324\374V\207\371F\260\325\345\213\261""; networkTime: 803891984; firstSeq: 1; lastSeq: 3; ","newEvent: neCLOSING_LEDGER; ledgerSeq: 3; ledgerHash: ""t\361\032\213\221\243\004\006][\376s\340\253\234K}\\013\0362\202`\234\371~d\0310\204\264,""; ledgerHashPrevious: ""0\355\311\211\352@\036\313K1\024B\343N\323V\367s\355lu\324\374V\207\371F\260\325\345\213\261""; networkTime: 803891984; firstSeq: 1; lastSeq: 3; "
1750576784240,1750576784296,1575,1,2,1,TMStatusChange,"newEvent: neCLOSING_LEDGER; ledgerSeq: 3; ledgerHash: ""t\361\032\213\221\243\004\006][\376s\340\253\234K}\\013\0362\202`\234\371~d\0310\204\264,""; ledgerHashPrevious: ""0\355\311\211\352@\036\313K1\024B\343N\323V\367s\355lu\324\374V\207\371F\260\325\345\213\261""; networkTime: 803891984; firstSeq: 1; lastSeq: 3; ","newEvent: neCLOSING_LEDGER; ledgerSeq: 3; ledgerHash: ""t\361\032\213\221\243\004\006][\376s\340\253\234K}\\013\0362\202`\234\371~d\0310\204\264,""; ledgerHashPrevious: ""0\355\311\211\352@\036\313K1\024B\343N\323V\367s\355lu\324\374V\207\371F\260\325\345\213\261""; networkTime: 803891984; firstSeq: 1; lastSeq: 3; "
1750576784241,1750576784297,716,1,2,3,TMStatusChange,"newEvent: neCLOSING_LEDGER; ledgerSeq: 3; ledgerHash: ""t\361\032\213\221\243\004\006][\376s\340\253\234K}\\013\0362\202`\234\371~d\0310\204\264,""; ledgerHashPrevious: ""0\355\311\211\352@\036\313K1\024B\343N\323V\367s\355lu\324\374V\207\371F\260\325\345\213\261""; networkTime: 803891984; firstSeq: 1; lastSeq: 3; ","newEvent: neCLOSING_LEDGER; ledgerSeq: 3; ledgerHash: ""t\361\032\213\221\243\004\006][\376s\340\253\234K}\\013\0362\202`\234\371~d\0310\204\264,""; ledgerHashPrevious: ""0\355\311\211\352@\036\313K1\024B\343N\323V\367s\355lu\324\374V\207\371F\260\325\345\213\261""; networkTime: 803891984; firstSeq: 1; lastSeq: 3; "
1750576784335,1750576784335,400,1,0,4,TMProposeSet,"proposeSeq: 0; currentTxHash: ""\000\000\000\000\000\000\000\000\000\000\000\000\000\000\000\000\000\000\000\000\000\000\000\000\000\000\000\000\000\000\000\000""; nodePubKey: ""\003\031\332\276_\315\363\210\315\246\030F\330\251\017g\263\037\257\332\007 \253\203\233\205\365\344\036\245\374\253\323""; closeTime: 803891983; signature: ""0E\002!\000\317v\350!\242d\367\276\203\320\315\000y\027\356p\265y\363\023kv8\200*\252\225\326\240\377\350\233\002 (\3404c\322V\376\231\003\026\312K\314d<6\017(d\216\271\300\t#\017\320\2324\252\305v\270""; previousledger: ""t\361\032\213\221\243\004\006][\376s\340\253\234K}\\013\0362\202`\234\371~d\0310\204\264,""; ","proposeSeq: 0; currentTxHash: ""\000\000\000\000\000\000\000\000\000\000\000\000\000\000\000\000\000\000\000\000\000\000\000\000\000\000\000\000\000\000\000\000""; nodePubKey: ""\003\031\332\276_\315\363\210\315\246\030F\330\251\017g\263\037\257\332\007 \253\203\233\205\365\344\036\245\374\253\323""; closeTime: 803891983; signature: ""0E\002!\000\317v\350!\242d\367\276\203\320\315\000y\027\356p\265y\363\023kv8\200*\252\225\326\240\377\350\233\002 (\3404c\322V\376\231\003\026\312K\314d<6\017(d\216\271\300\t#\017\320\2324\252\305v\270""; previousledger: ""t\361\032\213\221\243\004\006][\376s\340\253\234K}\\013\0362\202`\234\371~d\0310\204\264,""; "
1750576784336,1750576784336,3625,1,0,2,TMProposeSet,"proposeSeq: 0; currentTxHash: ""\000\000\000\000\000\000\000\000\000\000\000\000\000\000\000\000\000\000\000\000\000\000\000\000\000\000\000\000\000\000\000\000""; nodePubKey: ""\003\031\332\276_\315\363\210\315\246\030F\330\251\017g\263\037\257\332\007 \253\203\233\205\365\344\036\245\374\253\323""; closeTime: 803891983; signature: ""0E\002!\000\317v\350!\242d\367\276\203\320\315\000y\027\356p\265y\363\023kv8\200*\252\225\326\240\377\350\233\002 (\3404c\322V\376\231\003\026\312K\314d<6\017(d\216\271\300\t#\017\320\2324\252\305v\270""; previousledger: ""t\361\032\213\221\243\004\006][\376s\340\253\234K}\\013\0362\202`\234\371~d\0310\204\264,""; ","proposeSeq: 0; currentTxHash: ""\000\000\000\000\000\000\000\000\000\000\000\000\000\000\000\000\000\000\000\000\000\000\000\000\000\000\000\000\000\000\000\000""; nodePubKey: ""\003\031\332\276_\315\363\210\315\246\030F\330\251\017g\263\037\257\332\007 \253\203\233\205\365\344\036\245\374\253\323""; closeTime: 803891983; signature: ""0E\002!\000\317v\350!\242d\367\276\203\320\315\000y\027\356p\265y\363\023kv8\200*\252\225\326\240\377\350\233\002 (\3404c\322V\376\231\003\026\312K\314d<6\017(d\216\271\300\t#\017\320\2324\252\305v\270""; previousledger: ""t\361\032\213\221\243\004\006][\376s\340\253\234K}\\013\0362\202`\234\371~d\0310\204\264,""; "
1750576784334,1750576784334,465,1,0,1,TMProposeSet,"proposeSeq: 0; currentTxHash: ""\000\000\000\000\000\000\000\000\000\000\000\000\000\000\000\000\000\000\000\000\000\000\000\000\000\000\000\000\000\000\000\000""; nodePubKey: ""\003\031\332\276_\315\363\210\315\246\030F\330\251\017g\263\037\257\332\007 \253\203\233\205\365\344\036\245\374\253\323""; closeTime: 803891983; signature: ""0E\002!\000\317v\350!\242d\367\276\203\320\315\000y\027\356p\265y\363\023kv8\200*\252\225\326\240\377\350\233\002 (\3404c\322V\376\231\003\026\312K\314d<6\017(d\216\271\300\t#\017\320\2324\252\305v\270""; previousledger: ""t\361\032\213\221\243\004\006][\376s\340\253\234K}\\013\0362\202`\234\371~d\0310\204\264,""; ","proposeSeq: 0; currentTxHash: ""\000\000\000\000\000\000\000\000\000\000\000\000\000\000\000\000\000\000\000\000\000\000\000\000\000\000\000\000\000\000\000\000""; nodePubKey: ""\003\031\332\276_\315\363\210\315\246\030F\330\251\017g\263\037\257\332\007 \253\203\233\205\365\344\036\245\374\253\323""; closeTime: 803891983; signature: ""0E\002!\000\317v\350!\242d\367\276\203\320\315\000y\027\356p\265y\363\023kv8\200*\252\225\326\240\377\350\233\002 (\3404c\322V\376\231\003\026\312K\314d<6\017(d\216\271\300\t#\017\320\2324\252\305v\270""; previousledger: ""t\361\032\213\221\243\004\006][\376s\340\253\234K}\\013\0362\202`\234\371~d\0310\204\264,""; "
1750576784703,1750576784704,334,1,1,3,TMProposeSet,"proposeSeq: 0; currentTxHash: ""\000\000\000\000\000\000\000\000\000\000\000\000\000\000\000\000\000\000\000\000\000\000\000\000\000\000\000\000\000\000\000\000""; nodePubKey: ""\002i\265d-H\225\336\350\317n\272\016O\317\257\273\327\352\371\231\250\230(\240\353\331\024\207\241\020\304!""; closeTime: 803891983; signature: ""0E\002!\000\224\275\243\344\303\375\354\023Tv\370\226\364\350\375OCe\251\221\030\217\340\343\274\004\007\206x$\334\035\002 /Y6\240\270\272\006\367\310\n{\022\377#\256R\302\027^2\203\0215\254\346B\361\274\234\330\230\355""; previousledger: ""t\361\032\213\221\243\004\006][\376s\340\253\234K}\\013\0362\202`\234\371~d\0310\204\264,""; ","proposeSeq: 0; currentTxHash: ""\000\000\000\000\000\000\000\000\000\000\000\000\000\000\000\000\000\000\000\000\000\000\000\000\000\000\000\000\000\000\000\000""; nodePubKey: ""\002i\265d-H\225\336\350\317n\272\016O\317\257\273\327\352\371\231\250\230(\240\353\331\024\207\241\020\304!""; closeTime: 803891983; signature: ""0E\002!\000\224\275\243\344\303\375\354\023Tv\370\226\364\350\375OCe\251\221\030\217\340\343\274\004\007\206x$\334\035\002 /Y6\240\270\272\006\367\310\n{\022\377#\256R\302\027^2\203\0215\254\346B\361\274\234\330\230\355""; previousledger: ""t\361\032\213\221\243\004\006][\376s\340\253\234K}\\013\0362\202`\234\371~d\0310\204\264,""; "
1750576784704,1750576784704,2840,1,1,0,TMProposeSet,"proposeSeq: 0; currentTxHash: ""\000\000\000\000\000\000\000\000\000\000\000\000\000\000\000\000\000\000\000\000\000\000\000\000\000\000\000\000\000\000\000\000""; nodePubKey: ""\002i\265d-H\225\336\350\317n\272\016O\317\257\273\327\352\371\231\250\230(\240\353\331\024\207\241\020\304!""; closeTime: 803891983; signature: ""0E\002!\000\224\275\243\344\303\375\354\023Tv\370\226\364\350\375OCe\251\221\030\217\340\343\274\004\007\206x$\334\035\002 /Y6\240\270\272\006\367\310\n{\022\377#\256R\302\027^2\203\0215\254\346B\361\274\234\330\230\355""; previousledger: ""t\361\032\213\221\243\004\006][\376s\340\253\234K}\\013\0362\202`\234\371~d\0310\204\264,""; ","proposeSeq: 0; currentTxHash: ""\000\000\000\000\000\000\000\000\000\000\000\000\000\000\000\000\000\000\000\000\000\000\000\000\000\000\000\000\000\000\000\000""; nodePubKey: ""\002i\265d-H\225\336\350\317n\272\016O\317\257\273\327\352\371\231\250\230(\240\353\331\024\207\241\020\304!""; closeTime: 803891983; signature: ""0E\002!\000\224\275\243\344\303\375\354\023Tv\370\226\364\350\375OCe\251\221\030\217\340\343\274\004\007\206x$\334\035\002 /Y6\240\270\272\006\367\310\n{\022\377#\256R\302\027^2\203\0215\254\346B\361\274\234\330\230\355""; previousledger: ""t\361\032\213\221\243\004\006][\376s\340\253\234K}\\013\0362\202`\234\371~d\0310\204\264,""; "
1750576784705,1750576784705,2300,1,1,2,TMProposeSet,"proposeSeq: 0; currentTxHash: ""\000\000\000\000\000\000\000\000\000\000\000\000\000\000\000\000\000\000\000\000\000\000\000\000\000\000\000\000\000\000\000\000""; nodePubKey: ""\002i\265d-H\225\336\350\317n\272\016O\317\257\273\327\352\371\231\250\230(\240\353\331\024\207\241\020\304!""; closeTime: 803891983; signature: ""0E\002!\000\224\275\243\344\303\375\354\023Tv\370\226\364\350\375OCe\251\221\030\217\340\343\274\004\007\206x$\334\035\002 /Y6\240\270\272\006\367\310\n{\022\377#\256R\302\027^2\203\0215\254\346B\361\274\234\330\230\355""; previousledger: ""t\361\032\213\221\243\004\006][\376s\340\253\234K}\\013\0362\202`\234\371~d\0310\204\264,""; ","proposeSeq: 0; currentTxHash: ""\000\000\000\000\000\000\000\000\000\000\000\000\000\000\000\000\000\000\000\000\000\000\000\000\000\000\000\000\000\000\000\000""; nodePubKey: ""\002i\265d-H\225\336\350\317n\272\016O\317\257\273\327\352\371\231\250\230(\240\353\331\024\207\241\020\304!""; closeTime: 803891983; signature: ""0E\002!\000\224\275\243\344\303\375\354\023Tv\370\226\364\350\375OCe\251\221\030\217\340\343\274\004\007\206x$\334\035\002 /Y6\240\270\272\006\367\310\n{\022\377#\256R\302\027^2\203\0215\254\346B\361\274\234\330\230\355""; previousledger: ""t\361\032\213\221\243\004\006][\376s\340\253\234K}\\013\0362\202`\234\371~d\0310\204\264,""; "
1750576784718,1750576784719,3125,1,4,3,TMProposeSet,"proposeSeq: 0; currentTxHash: ""\000\000\000\000\000\000\000\000\000\000\000\000\000\000\000\000\000\000\000\000\000\000\000\000\000\000\000\000\000\000\000\000""; nodePubKey: ""\003\031\332\276_\315\363\210\315\246\030F\330\251\017g\263\037\257\332\007 \253\203\233\205\365\344\036\245\374\253\323""; closeTime: 803891983; signature: ""0E\002!\000\317v\350!\242d\367\276\203\320\315\000y\027\356p\265y\363\023kv8\200*\252\225\326\240\377\350\233\002 (\3404c\322V\376\231\003\026\312K\314d<6\017(d\216\271\300\t#\017\320\2324\252\305v\270""; previousledger: ""t\361\032\213\221\243\004\006][\376s\340\253\234K}\\013\0362\202`\234\371~d\0310\204\264,""; ","proposeSeq: 0; currentTxHash: ""\000\000\000\000\000\000\000\000\000\000\000\000\000\000\000\000\000\000\000\000\000\000\000\000\000\000\000\000\000\000\000\000""; nodePubKey: ""\003\031\332\276_\315\363\210\315\246\030F\330\251\017g\263\037\257\332\007 \253\203\233\205\365\344\036\245\374\253\323""; closeTime: 803891983; signature: ""0E\002!\000\317v\350!\242d\367\276\203\320\315\000y\027\356p\265y\363\023kv8\200*\252\225\326\240\377\350\233\002 (\3404c\322V\376\231\003\026\312K\314d<6\017(d\216\271\300\t#\017\320\2324\252\305v\270""; previousledger: ""t\361\032\213\221\243\004\006][\376s\340\253\234K}\\013\0362\202`\234\371~d\0310\204\264,""; "
1750576784719,1750576784719,1256,1,4,1,TMProposeSet,"proposeSeq: 0; currentTxHash: ""\000\000\000\000\000\000\000\000\000\000\000\000\000\000\000\000\000\000\000\000\000\000\000\000\000\000\000\000\000\000\000\000""; nodePubKey: ""\003\031\332\276_\315\363\210\315\246\030F\330\251\017g\263\037\257\332\007 \253\203\233\205\365\344\036\245\374\253\323""; closeTime: 803891983; signature: ""0E\002!\000\317v\350!\242d\367\276\203\320\315\000y\027\356p\265y\363\023kv8\200*\252\225\326\240\377\350\233\002 (\3404c\322V\376\231\003\026\312K\314d<6\017(d\216\271\300\t#\017\320\2324\252\305v\270""; previousledger: ""t\361\032\213\221\243\004\006][\376s\340\253\234K}\\013\0362\202`\234\371~d\0310\204\264,""; ","proposeSeq: 0; currentTxHash: ""\000\000\000\000\000\000\000\000\000\000\000\000\000\000\000\000\000\000\000\000\000\000\000\000\000\000\000\000\000\000\000\000""; nodePubKey: ""\003\031\332\276_\315\363\210\315\246\030F\330\251\017g\263\037\257\332\007 \253\203\233\205\365\344\036\245\374\253\323""; closeTime: 803891983; signature: ""0E\002!\000\317v\350!\242d\367\276\203\320\315\000y\027\356p\265y\363\023kv8\200*\252\225\326\240\377\350\233\002 (\3404c\322V\376\231\003\026\312K\314d<6\017(d\216\271\300\t#\017\320\2324\252\305v\270""; previousledger: ""t\361\032\213\221\243\004\006][\376s\340\253\234K}\\013\0362\202`\234\371~d\0310\204\264,""; "
1750576784719,1750576784719,2284,1,4,2,TMProposeSet,"proposeSeq: 0; currentTxHash: ""\000\000\000\000\000\000\000\000\000\000\000\000\000\000\000\000\000\000\000\000\000\000\000\000\000\000\000\000\000\000\000\000""; nodePubKey: ""\003\031\332\276_\315\363\210\315\246\030F\330\251\017g\263\037\257\332\007 \253\203\233\205\365\344\036\245\374\253\323""; closeTime: 803891983; signature: ""0E\002!\000\317v\350!\242d\367\276\203\320\315\000y\027\356p\265y\363\023kv8\200*\252\225\326\240\377\350\233\002 (\3404c\322V\376\231\003\026\312K\314d<6\017(d\216\271\300\t#\017\320\2324\252\305v\270""; previousledger: ""t\361\032\213\221\243\004\006][\376s\340\253\234K}\\013\0362\202`\234\371~d\0310\204\264,""; ","proposeSeq: 0; currentTxHash: ""\000\000\000\000\000\000\000\000\000\000\000\000\000\000\000\000\000\000\000\000\000\000\000\000\000\000\000\000\000\000\000\000""; nodePubKey: ""\003\031\332\276_\315\363\210\315\246\030F\330\251\017g\263\037\257\332\007 \253\203\233\205\365\344\036\245\374\253\323""; closeTime: 803891983; signature: ""0E\002!\000\317v\350!\242d\367\276\203\320\315\000y\027\356p\265y\363\023kv8\200*\252\225\326\240\377\350\233\002 (\3404c\322V\376\231\003\026\312K\314d<6\017(d\216\271\300\t#\017\320\2324\252\305v\270""; previousledger: ""t\361\032\213\221\243\004\006][\376s\340\253\234K}\\013\0362\202`\234\371~d\0310\204\264,""; "
1750576784790,1750576784790,1256,1,4,1,TMProposeSet,"proposeSeq: 0; currentTxHash: ""\000\000\000\000\000\000\000\000\000\000\000\000\000\000\000\000\000\000\000\000\000\000\000\000\000\000\000\000\000\000\000\000""; nodePubKey: ""\002\246\346\346\007\2326A*\334\272\022\321\346\247[\222\030\343\261w\244R\r\357}\243\273\253\020\375b6""; closeTime: 803891984; signature: ""0D\002 :\265\036\377\244\205\0049N\364q\323\314\032\220\354q\221\000\333\335\2330\354\n\360\333\255\306\251\265\377\002 \nL\266\312O\213zd\032\000{\272\027\366\325\357\230D\236\362\367\216<\3463\022\246M\332m""5""; previousledger: ""t\361\032\213\221\243\004\006][\376s\340\253\234K}\\013\0362\202`\234\371~d\0310\204\264,""; ","proposeSeq: 0; currentTxHash: ""\000\000\000\000\000\000\000\000\000\000\000\000\000\000\000\000\000\000\000\000\000\000\000\000\000\000\000\000\000\000\000\000""; nodePubKey: ""\002\246\346\346\007\2326A*\334\272\022\321\346\247[\222\030\343\261w\244R\r\357}\243\273\253\020\375b6""; closeTime: 803891984; signature: ""0D\002 :\265\036\377\244\205\0049N\364q\323\314\032\220\354q\221\000\333\335\2330\354\n\360\333\255\306\251\265\377\002 \nL\266\312O\213zd\032\000{\272\027\366\325\357\230D\236\362\367\216<\3463\022\246M\332m""5""; previousledger: ""t\361\032\213\221\243\004\006][\376s\340\253\234K}\\013\0362\202`\234\371~d\0310\204\264,""; "
1750576784790,1750576784790,3125,1,4,3,TMProposeSet,"proposeSeq: 0; currentTxHash: ""\000\000\000\000\000\000\000\000\000\000\000\000\000\000\000\000\000\000\000\000\000\000\000\000\000\000\000\000\000\000\000\000""; nodePubKey: ""\002\246\346\346\007\2326A*\334\272\022\321\346\247[\222\030\343\261w\244R\r\357}\243\273\253\020\375b6""; closeTime: 803891984; signature: ""0D\002 :\265\036\377\244\205\0049N\364q\323\314\032\220\354q\221\000\333\335\2330\354\n\360\333\255\306\251\265\377\002 \nL\266\312O\213zd\032\000{\272\027\366\325\357\230D\236\362\367\216<\3463\022\246M\332m""5""; previousledger: ""t\361\032\213\221\243\004\006][\376s\340\253\234K}\\013\0362\202`\234\371~d\0310\204\264,""; ","proposeSeq: 0; currentTxHash: ""\000\000\000\000\000\000\000\000\000\000\000\000\000\000\000\000\000\000\000\000\000\000\000\000\000\000\000\000\000\000\000\000""; nodePubKey: ""\002\246\346\346\007\2326A*\334\272\022\321\346\247[\222\030\343\261w\244R\r\357}\243\273\253\020\375b6""; closeTime: 803891984; signature: ""0D\002 :\265\036\377\244\205\0049N\364q\323\314\032\220\354q\221\000\333\335\2330\354\n\360\333\255\306\251\265\377\002 \nL\266\312O\213zd\032\000{\272\027\366\325\357\230D\236\362\367\216<\3463\022\246M\332m""5""; previousledger: ""t\361\032\213\221\243\004\006][\376s\340\253\234K}\\013\0362\202`\234\371~d\0310\204\264,""; "
1750576784790,1750576784791,798,1,4,0,TMProposeSet,"proposeSeq: 0; currentTxHash: ""\000\000\000\000\000\000\000\000\000\000\000\000\000\000\000\000\000\000\000\000\000\000\000\000\000\000\000\000\000\000\000\000""; nodePubKey: ""\002\246\346\346\007\2326A*\334\272\022\321\346\247[\222\030\343\261w\244R\r\357}\243\273\253\020\375b6""; closeTime: 803891984; signature: ""0D\002 :\265\036\377\244\205\0049N\364q\323\314\032\220\354q\221\000\333\335\2330\354\n\360\333\255\306\251\265\377\002 \nL\266\312O\213zd\032\000{\272\027\366\325\357\230D\236\362\367\216<\3463\022\246M\332m""5""; previousledger: ""t\361\032\213\221\243\004\006][\376s\340\253\234K}\\013\0362\202`\234\371~d\0310\204\264,""; ","proposeSeq: 0; currentTxHash: ""\000\000\000\000\000\000\000\000\000\000\000\000\000\000\000\000\000\000\000\000\000\000\000\000\000\000\000\000\000\000\000\000""; nodePubKey: ""\002\246\346\346\007\2326A*\334\272\022\321\346\247[\222\030\343\261w\244R\r\357}\243\273\253\020\375b6""; closeTime: 803891984; signature: ""0D\002 :\265\036\377\244\205\0049N\364q\323\314\032\220\354q\221\000\333\335\2330\354\n\360\333\255\306\251\265\377\002 \nL\266\312O\213zd\032\000{\272\027\366\325\357\230D\236\362\367\216<\3463\022\246M\332m""5""; previousledger: ""t\361\032\213\221\243\004\006][\376s\340\253\234K}\\013\0362\202`\234\371~d\0310\204\264,""; "
1750576784837,1750576784837,1735,1,4,1,TMLedgerData,"ledgerHash: ""t\361\032\213\221\243\004\006][\376s\340\253\234K}\\013\0362\202`\234\371~d\0310\204\264,""; ledgerSeq: 3; type: liBASE; nodes {;   nodedata: ""\000\000\000\003\001cEx]\212\000\0000\355\311\211\352@\036\313K1\024B\343N\323V\367s\355lu\324\374V\207\371F\260\325\345\213\261\000\000\000\000\000\000\000\000\000\000\000\000\000\000\000\000\000\000\000\000\000\000\000\000\000\000\000\000\000\000\000\000G\031\225\227\375i-7\214L\232J\366\0003\306\007\027W>k)\252\327\257I,-\303\022\267\323/\352j\370/\352k\014\n\000""; }; nodes {;   nodedata: ""\303\016\021\310<Z\337\266>\225@&n\022\246\274\353\220\345b3\035\313\350L\354\254\002\005\305\035\017\002E\344\037@\210\363\010\336T\226\247'\204_{\261\370""1\235\2445\343\033Y!\212\201\341\272\225'\007\013\357A\200H\036\034)'\260\323\r\306\345\321\200\220rdO\002\200Zsx\207\262 \r\023\222\n\013\003""; }; ","ledgerHash: ""t\361\032\213\221\243\004\006][\376s\340\253\234K}\\013\0362\202`\234\371~d\0310\204\264,""; ledgerSeq: 3; type: liBASE; nodes {;   nodedata: ""\000\000\000\003\001cEx]\212\000\0000\355\311\211\352@\036\313K1\024B\343N\323V\367s\355lu\324\374V\207\371F\260\325\345\213\261\000\000\000\000\000\000\000\000\000\000\000\000\000\000\000\000\000\000\000\000\000\000\000\000\000\000\000\000\000\000\000\000G\031\225\227\375i-7\214L\232J\366\0003\306\007\027W>k)\252\327\257I,-\303\022\267\323/\352j\370/\352k\014\n\000""; }; nodes {;   nodedata: ""\303\016\021\310<Z\337\266>\225@&n\022\246\274\353\220\345b3\035\313\350L\354\254\002\005\305\035\017\002E\344\037@\210\363\010\336T\226\247'\204_{\261\370""1\235\2445\343\033Y!\212\201\341\272\225'\007\013\357A\200H\036\034)'\260\323\r\306\345\321\200\220rdO\002\200Zsx\207\262 \r\023\222\n\013\003""; }; "
1750576784838,1750576784839,1735,1,4,1,TMLedgerData,"ledgerHash: ""t\361\032\213\221\243\004\006][\376s\340\253\234K}\\013\0362\202`\234\371~d\0310\204\264,""; ledgerSeq: 3; type: liBASE; nodes {;   nodedata: ""\000\000\000\003\001cEx]\212\000\0000\355\311\211\352@\036\313K1\024B\343N\323V\367s\355lu\324\374V\207\371F\260\325\345\213\261\000\000\000\000\000\000\000\000\000\000\000\000\000\000\000\000\000\000\000\000\000\000\000\000\000\000\000\000\000\000\000\000G\031\225\227\375i-7\214L\232J\366\0003\306\007\027W>k)\252\327\257I,-\303\022\267\323/\352j\370/\352k\014\n\000""; }; nodes {;   nodedata: ""\303\016\021\310<Z\337\266>\225@&n\022\246\274\353\220\345b3\035\313\350L\354\254\002\005\305\035\017\002E\344\037@\210\363\010\336T\226\247'\204_{\261\370""1\235\2445\343\033Y!\212\201\341\272\225'\007\013\357A\200H\036\034)'\260\323\r\306\345\321\200\220rdO\002\200Zsx\207\262 \r\023\222\n\013\003""; }; ","ledgerHash: ""t\361\032\213\221\243\004\006][\376s\340\253\234K}\\013\0362\202`\234\371~d\0310\204\264,""; ledgerSeq: 3; type: liBASE; nodes {;   nodedata: ""\000\000\000\003\001cEx]\212\000\0000\355\311\211\352@\036\313K1\024B\343N\323V\367s\355lu\324\374V\207\371F\260\325\345\213\261\000\000\000\000\000\000\000\000\000\000\000\000\000\000\000\000\000\000\000\000\000\000\000\000\000\000\000\000\000\000\000\000G\031\225\227\375i-7\214L\232J\366\0003\306\007\027W>k)\252\327\257I,-\303\022\267\323/\352j\370/\352k\014\n\000""; }; nodes {;   nodedata: ""\303\016\021\310<Z\337\266>\225@&n\022\246\274\353\220\345b3\035\313\350L\354\254\002\005\305\035\017\002E\344\037@\210\363\010\336T\226\247'\204_{\261\370""1\235\2445\343\033Y!\212\201\341\272\225'\007\013\357A\200H\036\034)'\260\323\r\306\345\321\200\220rdO\002\200Zsx\207\262 \r\023\222\n\013\003""; }; "
1750576784864,1750576784866,1613,1,1,0,TMTransaction,"rawTransaction: ""\022\000\000""\000\000\000\000$\000\000\000\002 \033\000\000\000\027a@\000\000\027H\206*@h@\000\000\000\000\000\000\ns!\0030\347\374\235V\273%\326\211;\243\363\027\256[\3173\263)\033\326=\263&T\243\023""/\177\320 tF0D\002 \0178\177xG\230\372\261?\210t\202n\206\217M5.:\326r\314W0\230\365T\326\037\371N\272\002 J\344F\3349\305\031\023#\023\010\356#\314\326\321&\352\247\266O\310\326\307\341\013*\021c\220\245\032\201\024\265\367by\212S\325C\240\024\312\370\262\227\317\370\362\3717\350\203\024O\217\226\315\3632\220\035\215\273P:\260\027\270\320\n\246\333\324""; status: tsCURRENT; receiveTimestamp: 803891984; deferred: false; ","rawTransaction: ""\022\000\000""\000\000\000\000$\000\000\000\002 \033\000\000\000\027a@\000\000\027H\206*@h@\000\000\000\000\000\000\ns!\0030\347\374\235V\273%\326\211;\243\363\027\256[\3173\263)\033\326=\263&T\243\023""/\177\320 tF0D\002 \0178\177xG\230\372\261?\210t\202n\206\217M5.:\326r\314W0\230\365T\326\037\371N\272\002 J\344F\3349\305\031\023#\023\010\356#\314\326\321&\352\247\266O\310\326\307\341\013*\021c\220\245\032\201\024\265\367by\212S\325C\240\024\312\370\262\227\317\370\362\3717\350\203\024O\217\226\315\3632\220\035\215\273P:\260\027\270\320\n\246\333\324""; status: tsCURRENT; receiveTimestamp: 803891984; deferred: false; "
1750576784865,1750576784866,285,1,1,3,TMTransaction,"rawTransaction: ""\022\000\000""\000\000\000\000$\000\000\000\002 \033\000\000\000\027a@\000\000\027H\206*@h@\000\000\000\000\000\000\ns!\0030\347\374\235V\273%\326\211;\243\363\027\256[\3173\263)\033\326=\263&T\243\023""/\177\320 tF0D\002 \0178\177xG\230\372\261?\210t\202n\206\217M5.:\326r\314W0\230\365T\326\037\371N\272\002 J\344F\3349\305\031\023#\023\010\356#\314\326\321&\352\247\266O\310\326\307\341\013*\021c\220\245\032\201\024\265\367by\212S\325C\240\024\312\370\262\227\317\370\362\3717\350\203\024O\217\226\315\3632\220\035\215\273P:\260\027\270\320\n\246\333\324""; status: tsCURRENT; receiveTimestamp: 803891984; deferred: false; ","rawTransaction: ""\022\000\000""\000\000\000\000$\000\000\000\002 \033\000\000\000\027a@\000\000\027H\206*@h@\000\000\000\000\000\000\ns!\0030\347\374\235V\273%\326\211;\243\363\027\256[\3173\263)\033\326=\263&T\243\023""/\177\320 tF0D\002 \0178\177xG\230\372\261?\210t\202n\206\217M5.:\326r\314W0\230\365T\326\037\371N\272\002 J\344F\3349\305\031\023#\023\010\356#\314\326\321&\352\247\266O\310\326\307\341\013*\021c\220\245\032\201\024\265\367by\212S\325C\240\024\312\370\262\227\317\370\362\3717\350\203\024O\217\226\315\3632\220\035\215\273P:\260\027\270\320\n\246\333\324""; status: tsCURRENT; receiveTimestamp: 803891984; deferred: false; "
1750576784865,1750576784867,2070,1,1,2,TMTransaction,"rawTransaction: ""\022\000\000""\000\000\000\000$\000\000\000\002 \033\000\000\000\027a@\000\000\027H\206*@h@\000\000\000\000\000\000\ns!\0030\347\374\235V\273%\326\211;\243\363\027\256[\3173\263)\033\326=\263&T\243\023""/\177\320 tF0D\002 \0178\177xG\230\372\261?\210t\202n\206\217M5.:\326r\314W0\230\365T\326\037\371N\272\002 J\344F\3349\305\031\023#\023\010\356#\314\326\321&\352\247\266O\310\326\307\341\013*\021c\220\245\032\201\024\265\367by\212S\325C\240\024\312\370\262\227\317\370\362\3717\350\203\024O\217\226\315\3632\220\035\215\273P:\260\027\270\320\n\246\333\324""; status: tsCURRENT; receiveTimestamp: 803891984; deferred: false; ","rawTransaction: ""\022\000\000""\000\000\000\000$\000\000\000\002 \033\000\000\000\027a@\000\000\027H\206*@h@\000\000\000\000\000\000\ns!\0030\347\374\235V\273%\326\211;\243\363\027\256[\3173\263)\033\326=\263&T\243\023""/\177\320 tF0D\002 \0178\177xG\230\372\261?\210t\202n\206\217M5.:\326r\314W0\230\365T\326\037\371N\272\002 J\344F\3349\305\031\023#\023\010\356#\314\326\321&\352\247\266O\310\326\307\341\013*\021c\220\245\032\201\024\265\367by\212S\325C\240\024\312\370\262\227\317\370\362\3717\350\203\024O\217\226\315\3632\220\035\215\273P:\260\027\270\320\n\246\333\324""; status: tsCURRENT; receiveTimestamp: 803891984; deferred: false; "
1750576784866,1750576784867,3528,1,1,4,TMTransaction,"rawTransaction: ""\022\000\000""\000\000\000\000$\000\000\000\002 \033\000\000\000\027a@\000\000\027H\206*@h@\000\000\000\000\000\000\ns!\0030\347\374\235V\273%\326\211;\243\363\027\256[\3173\263)\033\326=\263&T\243\023""/\177\320 tF0D\002 \0178\177xG\230\372\261?\210t\202n\206\217M5.:\326r\314W0\230\365T\326\037\371N\272\002 J\344F\3349\305\031\023#\023\010\356#\314\326\321&\352\247\266O\310\326\307\341\013*\021c\220\245\032\201\024\265\367by\212S\325C\240\024\312\370\262\227\317\370\362\3717\350\203\024O\217\226\315\3632\220\035\215\273P:\260\027\270\320\n\246\333\324""; status: tsCURRENT; receiveTimestamp: 803891984; deferred: false; ","rawTransaction: ""\022\000\000""\000\000\000\000$\000\000\000\002 \033\000\000\000\027a@\000\000\027H\206*@h@\000\000\000\000\000\000\ns!\0030\347\374\235V\273%\326\211;\243\363\027\256[\3173\263)\033\326=\263&T\243\023""/\177\320 tF0D\002 \0178\177xG\230\372\261?\210t\202n\206\217M5.:\326r\314W0\230\365T\326\037\371N\272\002 J\344F\3349\305\031\023#\023\010\356#\314\326\321&\352\247\266O\310\326\307\341\013*\021c\220\245\032\201\024\265\367by\212S\325C\240\024\312\370\262\227\317\370\362\3717\350\203\024O\217\226\315\3632\220\035\215\273P:\260\027\270\320\n\246\333\324""; status: tsCURRENT; receiveTimestamp: 803891984; deferred: false; "
1750576785039,1750576785039,3303,1,3,2,TMProposeSet,"proposeSeq: 0; currentTxHash: ""\000\000\000\000\000\000\000\000\000\000\000\000\000\000\000\000\000\000\000\000\000\000\000\000\000\000\000\000\000\000\000\000""; nodePubKey: ""\002i\265d-H\225\336\350\317n\272\016O\317\257\273\327\352\371\231\250\230(\240\353\331\024\207\241\020\304!""; closeTime: 803891983; signature: ""0E\002!\000\224\275\243\344\303\375\354\023Tv\370\226\364\350\375OCe\251\221\030\217\340\343\274\004\007\206x$\334\035\002 /Y6\240\270\272\006\367\310\n{\022\377#\256R\302\027^2\203\0215\254\346B\361\274\234\330\230\355""; previousledger: ""t\361\032\213\221\243\004\006][\376s\340\253\234K}\\013\0362\202`\234\371~d\0310\204\264,""; ","proposeSeq: 0; currentTxHash: ""\000\000\000\000\000\000\000\000\000\000\000\000\000\000\000\000\000\000\000\000\000\000\000\000\000\000\000\000\000\000\000\000""; nodePubKey: ""\002i\265d-H\225\336\350\317n\272\016O\317\257\273\327\352\371\231\250\230(\240\353\331\024\207\241\020\304!""; closeTime: 803891983; signature: ""0E\002!\000\224\275\243\344\303\375\354\023Tv\370\226\364\350\375OCe\251\221\030\217\340\343\274\004\007\206x$\334\035\002 /Y6\240\270\272\006\367\310\n{\022\377#\256R\302\027^2\203\0215\254\346B\361\274\234\330\230\355""; previousledger: ""t\361\032\213\221\243\004\006][\376s\340\253\234K}\\013\0362\202`\234\371~d\0310\204\264,""; "
1750576785039,1750576785039,3672,1,3,4,TMProposeSet,"proposeSeq: 0; currentTxHash: ""\000\000\000\000\000\000\000\000\000\000\000\000\000\000\000\000\000\000\000\000\000\000\000\000\000\000\000\000\000\000\000\000""; nodePubKey: ""\002i\265d-H\225\336\350\317n\272\016O\317\257\273\327\352\371\231\250\230(\240\353\331\024\207\241\020\304!""; closeTime: 803891983; signature: ""0E\002!\000\224\275\243\344\303\375\354\023Tv\370\226\364\350\375OCe\251\221\030\217\340\343\274\004\007\206x$\334\035\002 /Y6\240\270\272\006\367\310\n{\022\377#\256R\302\027^2\203\0215\254\346B\361\274\234\330\230\355""; previousledger: ""t\361\032\213\221\243\004\006][\376s\340\253\234K}\\013\0362\202`\234\371~d\0310\204\264,""; ","proposeSeq: 0; currentTxHash: ""\000\000\000\000\000\000\000\000\000\000\000\000\000\000\000\000\000\000\000\000\000\000\000\000\000\000\000\000\000\000\000\000""; nodePubKey: ""\002i\265d-H\225\336\350\317n\272\016O\317\257\273\327\352\371\231\250\230(\240\353\331\024\207\241\020\304!""; closeTime: 803891983; signature: ""0E\002!\000\224\275\243\344\303\375\354\023Tv\370\226\364\350\375OCe\251\221\030\217\340\343\274\004\007\206x$\334\035\002 /Y6\240\270\272\006\367\310\n{\022\377#\256R\302\027^2\203\0215\254\346B\361\274\234\330\230\355""; previousledger: ""t\361\032\213\221\243\004\006][\376s\340\253\234K}\\013\0362\202`\234\371~d\0310\204\264,""; "
1750576785040,1750576785040,105,1,3,0,TMProposeSet,"proposeSeq: 0; currentTxHash: ""\000\000\000\000\000\000\000\000\000\000\000\000\000\000\000\000\000\000\000\000\000\000\000\000\000\000\000\000\000\000\000\000""; nodePubKey: ""\002i\265d-H\225\336\350\317n\272\016O\317\257\273\327\352\371\231\250\230(\240\353\331\024\207\241\020\304!""; closeTime: 803891983; signature: ""0E\002!\000\224\275\243\344\303\375\354\023Tv\370\226\364\350\375OCe\251\221\030\217\340\343\274\004\007\206x$\334\035\002 /Y6\240\270\272\006\367\310\n{\022\377#\256R\302\027^2\203\0215\254\346B\361\274\234\330\230\355""; previousledger: ""t\361\032\213\221\243\004\006][\376s\340\253\234K}\\013\0362\202`\234\371~d\0310\204\264,""; ","proposeSeq: 0; currentTxHash: ""\000\000\000\000\000\000\000\000\000\000\000\000\000\000\000\000\000\000\000\000\000\000\000\000\000\000\000\000\000\000\000\000""; nodePubKey: ""\002i\265d-H\225\336\350\317n\272\016O\317\257\273\327\352\371\231\250\230(\240\353\331\024\207\241\020\304!""; closeTime: 803891983; signature: ""0E\002!\000\224\275\243\344\303\375\354\023Tv\370\226\364\350\375OCe\251\221\030\217\340\343\274\004\007\206x$\334\035\002 /Y6\240\270\272\006\367\310\n{\022\377#\256R\302\027^2\203\0215\254\346B\361\274\234\330\230\355""; previousledger: ""t\361\032\213\221\243\004\006][\376s\340\253\234K}\\013\0362\202`\234\371~d\0310\204\264,""; "
1750576785149,1750576785150,1379,1,3,4,TMTransaction,"rawTransaction: ""\022\000\000""\000\000\000\000$\000\000\000\002 \033\000\000\000\027a@\000\000\027H\206*@h@\000\000\000\000\000\000\ns!\0030\347\374\235V\273%\326\211;\243\363\027\256[\3173\263)\033\326=\263&T\243\023""/\177\320 tF0D\002 \0178\177xG\230\372\261?\210t\202n\206\217M5.:\326r\314W0\230\365T\326\037\371N\272\002 J\344F\3349\305\031\023#\023\010\356#\314\326\321&\352\247\266O\310\326\307\341\013*\021c\220\245\032\201\024\265\367by\212S\325C\240\024\312\370\262\227\317\370\362\3717\350\203\024O\217\226\315\3632\220\035\215\273P:\260\027\270\320\n\246\333\324""; status: tsCURRENT; receiveTimestamp: 803891985; deferred: false; ","rawTransaction: ""\022\000\000""\000\000\000\000$\000\000\000\002 \033\000\000\000\027a@\000\000\027H\206*@h@\000\000\000\000\000\000\ns!\0030\347\374\235V\273%\326\211;\243\363\027\256[\3173\263)\033\326=\263&T\243\023""/\177\320 tF0D\002 \0178\177xG\230\372\261?\210t\202n\206\217M5.:\326r\314W0\230\365T\326\037\371N\272\002 J\344F\3349\305\031\023#\023\010\356#\314\326\321&\352\247\266O\310\326\307\341\013*\021c\220\245\032\201\024\265\367by\212S\325C\240\024\312\370\262\227\317\370\362\3717\350\203\024O\217\226\315\3632\220\035\215\273P:\260\027\270\320\n\246\333\324""; status: tsCURRENT; receiveTimestamp: 803891985; deferred: false; "
1750576785150,1750576785150,1211,1,3,0,TMTransaction,"rawTransaction: ""\022\000\000""\000\000\000\000$\000\000\000\002 \033\000\000\000\027a@\000\000\027H\206*@h@\000\000\000\000\000\000\ns!\0030\347\374\235V\273%\326\211;\243\363\027\256[\3173\263)\033\326=\263&T\243\023""/\177\320 tF0D\002 \0178\177xG\230\372\261?\210t\202n\206\217M5.:\326r\314W0\230\365T\326\037\371N\272\002 J\344F\3349\305\031\023#\023\010\356#\314\326\321&\352\247\266O\310\326\307\341\013*\021c\220\245\032\201\024\265\367by\212S\325C\240\024\312\370\262\227\317\370\362\3717\350\203\024O\217\226\315\3632\220\035\215\273P:\260\027\270\320\n\246\333\324""; status: tsCURRENT; receiveTimestamp: 803891985; deferred: false; ","rawTransaction: ""\022\000\000""\000\000\000\000$\000\000\000\002 \033\000\000\000\027a@\000\000\027H\206*@h@\000\000\000\000\000\000\ns!\0030\347\374\235V\273%\326\211;\243\363\027\256[\3173\263)\033\326=\263&T\243\023""/\177\320 tF0D\002 \0178\177xG\230\372\261?\210t\202n\206\217M5.:\326r\314W0\230\365T\326\037\371N\272\002 J\344F\3349\305\031\023#\023\010\356#\314\326\321&\352\247\266O\310\326\307\341\013*\021c\220\245\032\201\024\265\367by\212S\325C\240\024\312\370\262\227\317\370\362\3717\350\203\024O\217\226\315\3632\220\035\215\273P:\260\027\270\320\n\246\333\324""; status: tsCURRENT; receiveTimestamp: 803891985; deferred: false; "
1750576785150,1750576785151,3054,1,3,2,TMTransaction,"rawTransaction: ""\022\000\000""\000\000\000\000$\000\000\000\002 \033\000\000\000\027a@\000\000\027H\206*@h@\000\000\000\000\000\000\ns!\0030\347\374\235V\273%\326\211;\243\363\027\256[\3173\263)\033\326=\263&T\243\023""/\177\320 tF0D\002 \0178\177xG\230\372\261?\210t\202n\206\217M5.:\326r\314W0\230\365T\326\037\371N\272\002 J\344F\3349\305\031\023#\023\010\356#\314\326\321&\352\247\266O\310\326\307\341\013*\021c\220\245\032\201\024\265\367by\212S\325C\240\024\312\370\262\227\317\370\362\3717\350\203\024O\217\226\315\3632\220\035\215\273P:\260\027\270\320\n\246\333\324""; status: tsCURRENT; receiveTimestamp: 803891985; deferred: false; ","rawTransaction: ""\022\000\000""\000\000\000\000$\000\000\000\002 \033\000\000\000\027a@\000\000\027H\206*@h@\000\000\000\000\000\000\ns!\0030\347\374\235V\273%\326\211;\243\363\027\256[\3173\263)\033\326=\263&T\243\023""/\177\320 tF0D\002 \0178\177xG\230\372\261?\210t\202n\206\217M5.:\326r\314W0\230\365T\326\037\371N\272\002 J\344F\3349\305\031\023#\023\010\356#\314\326\321&\352\247\266O\310\326\307\341\013*\021c\220\245\032\201\024\265\367by\212S\325C\240\024\312\370\262\227\317\370\362\3717\350\203\024O\217\226\315\3632\220\035\215\273P:\260\027\270\320\n\246\333\324""; status: tsCURRENT; receiveTimestamp: 803891985; deferred: false; "
1750576785170,1750576785170,3672,1,3,4,TMProposeSet,"proposeSeq: 0; currentTxHash: ""\000\000\000\000\000\000\000\000\000\000\000\000\000\000\000\000\000\000\000\000\000\000\000\000\000\000\000\000\000\000\000\000""; nodePubKey: ""\002\246\346\346\007\2326A*\334\272\022\321\346\247[\222\030\343\261w\244R\r\357}\243\273\253\020\375b6""; closeTime: 803891984; signature: ""0D\002 :\265\036\377\244\205\0049N\364q\323\314\032\220\354q\221\000\333\335\2330\354\n\360\333\255\306\251\265\377\002 \nL\266\312O\213zd\032\000{\272\027\366\325\357\230D\236\362\367\216<\3463\022\246M\332m""5""; previousledger: ""t\361\032\213\221\243\004\006][\376s\340\253\234K}\\013\0362\202`\234\371~d\0310\204\264,""; ","proposeSeq: 0; currentTxHash: ""\000\000\000\000\000\000\000\000\000\000\000\000\000\000\000\000\000\000\000\000\000\000\000\000\000\000\000\000\000\000\000\000""; nodePubKey: ""\002\246\346\346\007\2326A*\334\272\022\321\346\247[\222\030\343\261w\244R\r\357}\243\273\253\020\375b6""; closeTime: 803891984; signature: ""0D\002 :\265\036\377\244\205\0049N\364q\323\314\032\220\354q\221\000\333\335\2330\354\n\360\333\255\306\251\265\377\002 \nL\266\312O\213zd\032\000{\272\027\366\325\357\230D\236\362\367\216<\3463\022\246M\332m""5""; previousledger: ""t\361\032\213\221\243\004\006][\376s\340\253\234K}\\013\0362\202`\234\371~d\0310\204\264,""; "
1750576785171,1750576785171,105,1,3,0,TMProposeSet,"proposeSeq: 0; currentTxHash: ""\000\000\000\000\000\000\000\000\000\000\000\000\000\000\000\000\000\000\000\000\000\000\000\000\000\000\000\000\000\000\000\000""; nodePubKey: ""\002\246\346\346\007\2326A*\334\272\022\321\346\247[\222\030\343\261w\244R\r\357}\243\273\253\020\375b6""; closeTime: 803891984; signature: ""0D\002 :\265\036\377\244\205\0049N\364q\323\314\032\220\354q\221\000\333\335\2330\354\n\360\333\255\306\251\265\377\002 \nL\266\312O\213zd\032\000{\272\027\366\325\357\230D\236\362\367\216<\3463\022\246M\332m""5""; previousledger: ""t\361\032\213\221\243\004\006][\376s\340\253\234K}\\013\0362\202`\234\371~d\0310\204\264,""; ","proposeSeq: 0; currentTxHash: ""\000\000\000\000\000\000\000\000\000\000\000\000\000\000\000\000\000\000\000\000\000\000\000\000\000\000\000\000\000\000\000\000""; nodePubKey: ""\002\246\346\346\007\2326A*\334\272\022\321\346\247[\222\030\343\261w\244R\r\357}\243\273\253\020\375b6""; closeTime: 803891984; signature: ""0D\002 :\265\036\377\244\205\0049N\364q\323\314\032\220\354q\221\000\333\335\2330\354\n\360\333\255\306\251\265\377\002 \nL\266\312O\213zd\032\000{\272\027\366\325\357\230D\236\362\367\216<\3463\022\246M\332m""5""; previousledger: ""t\361\032\213\221\243\004\006][\376s\340\253\234K}\\013\0362\202`\234\371~d\0310\204\264,""; "
1750576785171,1750576785171,1133,1,3,1,TMProposeSet,"proposeSeq: 0; currentTxHash: ""\000\000\000\000\000\000\000\000\000\000\000\000\000\000\000\000\000\000\000\000\000\000\000\000\000\000\000\000\000\000\000\000""; nodePubKey: ""\002\246\346\346\007\2326A*\334\272\022\321\346\247[\222\030\343\261w\244R\r\357}\243\273\253\020\375b6""; closeTime: 803891984; signature: ""0D\002 :\265\036\377\244\205\0049N\364q\323\314\032\220\354q\221\000\333\335\2330\354\n\360\333\255\306\251\265\377\002 \nL\266\312O\213zd\032\000{\272\027\366\325\357\230D\236\362\367\216<\3463\022\246M\332m""5""; previousledger: ""t\361\032\213\221\243\004\006][\376s\340\253\234K}\\013\0362\202`\234\371~d\0310\204\264,""; ","proposeSeq: 0; currentTxHash: ""\000\000\000\000\000\000\000\000\000\000\000\000\000\000\000\000\000\000\000\000\000\000\000\000\000\000\000\000\000\000\000\000""; nodePubKey: ""\002\246\346\346\007\2326A*\334\272\022\321\346\247[\222\030\343\261w\244R\r\357}\243\273\253\020\375b6""; closeTime: 803891984; signature: ""0D\002 :\265\036\377\244\205\0049N\364q\323\314\032\220\354q\221\000\333\335\2330\354\n\360\333\255\306\251\265\377\002 \nL\266\312O\213zd\032\000{\272\027\366\325\357\230D\236\362\367\216<\3463\022\246M\332m""5""; previousledger: ""t\361\032\213\221\243\004\006][\376s\340\253\234K}\\013\0362\202`\234\371~d\0310\204\264,""; "
1750576785188,1750576785188,2019,1,0,4,TMValidation,"validation: """"\200\000\000\001&\000\000\000\004)/\352k\021:\030\016l\375\261lU\035Q2\262\253\351\035\214\260\336\037!\340\337w\327\364\353\202\243\240<'Mb\336\312E\233'\345-\035<P\027\000\000\000\000\000\000\000\000\000\000\000\000\000\000\000\000\000\000\000\000\000\000\000\000\000\000\000\000\000\000\000\000P\031t\361\032\213\221\243\004\006][\376s\340\253\234K}\\013\0362\202`\234\371~d\0310\204\264,s!\002\005\363\0222\231\333G\357\305\020\014\241\033\231\261Z#\243\036\0267\020\210\265\022\240%\336\332\221\202\352vG0E\002!\000\214\366\216\314\025\353\220=.\177\351\346\307R\301c\223\317,z[F\211z\262m[7q\326\231\035\002 h\261h3\345\223\325""\323\301\355\003\207\264\346\362\321\310&z\310\371\002\035\230\307\327\303\251\357[\037""; ","validation: """"\200\000\000\001&\000\000\000\004)/\352k\021:\030\016l\375\261lU\035Q2\262\253\351\035\214\260\336\037!\340\337w\327\364\353\202\243\240<'Mb\336\312E\233'\345-\035<P\027\000\000\000\000\000\000\000\000\000\000\000\000\000\000\000\000\000\000\000\000\000\000\000\000\000\000\000\000\000\000\000\000P\031t\361\032\213\221\243\004\006][\376s\340\253\234K}\\013\0362\202`\234\371~d\0310\204\264,s!\002\005\363\0222\231\333G\357\305\020\014\241\033\231\261Z#\243\036\0267\020\210\265\022\240%\336\332\221\202\352vG0E\002!\000\214\366\216\314\025\353\220=.\177\351\346\307R\301c\223\317,z[F\211z\262m[7q\326\231\035\002 h\261h3\345\223\325""\323\301\355\003\207\264\346\362\321\310&z\310\371\002\035\230\307\327\303\251\357[\037""; "
1750576785188,1750576785188,1560,1,0,3,TMStatusChange,"newEvent: neACCEPTED_LEDGER; ledgerSeq: 4; ledgerHash: ""2\262\253\351\035\214\260\336\037!\340\337w\327\364\353\202\243\240<'Mb\336\312E\233'\345-\035<""; ledgerHashPrevious: ""t\361\032\213\221\243\004\006][\376s\340\253\234K}\\013\0362\202`\234\371~d\0310\204\264,""; networkTime: 803891985; firstSeq: 1; lastSeq: 3; ","newEvent: neACCEPTED_LEDGER; ledgerSeq: 4; ledgerHash: ""2\262\253\351\035\214\260\336\037!\340\337w\327\364\353\202\243\240<'Mb\336\312E\233'\345-\035<""; ledgerHashPrevious: ""t\361\032\213\221\243\004\006][\376s\340\253\234K}\\013\0362\202`\234\371~d\0310\204\264,""; networkTime: 803891985; firstSeq: 1; lastSeq: 3; "
1750576785189,1750576785189,219,1,0,1,TMValidation,"validation: """"\200\000\000\001&\000\000\000\004)/\352k\021:\030\016l\375\261lU\035Q2\262\253\351\035\214\260\336\037!\340\337w\327\364\353\202\243\240<'Mb\336\312E\233'\345-\035<P\027\000\000\000\000\000\000\000\000\000\000\000\000\000\000\000\000\000\000\000\000\000\000\000\000\000\000\000\000\000\000\000\000P\031t\361\032\213\221\243\004\006][\376s\340\253\234K}\\013\0362\202`\234\371~d\0310\204\264,s!\002\005\363\0222\231\333G\357\305\020\014\241\033\231\261Z#\243\036\0267\020\210\265\022\240%\336\332\221\202\352vG0E\002!\000\214\366\216\314\025\353\220=.\177\351\346\307R\301c\223\317,z[F\211z\262m[7q\326\231\035\002 h\261h3\345\223\325""\323\301\355\003\207\264\346\362\321\310&z\310\371\002\035\230\307\327\303\251\357[\037""; ","validation: """"\200\000\000\001&\000\000\000\004)/\352k\021:\030\016l\375\261lU\035Q2\262\253\351\035\214\260\336\037!\340\337w\327\364\353\202\243\240<'Mb\336\312E\233'\345-\035<P\027\000\000\000\000\000\000\000\000\000\000\000\000\000\000\000\000\000\000\000\000\000\000\000\000\000\000\000\000\000\000\000\000P\031t\361\032\213\221\243\004\006][\376s\340\253\234K}\\013\0362\202`\234\371~d\0310\204\264,s!\002\005\363\0222\231\333G\357\305\020\014\241\033\231\261Z#\243\036\0267\020\210\265\022\240%\336\332\221\202\352vG0E\002!\000\214\366\216\314\025\353\220=.\177\351\346\307R\301c\223\317,z[F\211z\262m[7q\326\231\035\002 h\261h3\345\223\325""\323\301\355\003\207\264\346\362\321\310&z\310\371\002\035\230\307\327\303\251\357[\037""; "
1750576785189,1750576785190,3783,1,0,2,TMValidation,"validation: """"\200\000\000\001&\000\000\000\004)/\352k\021:\030\016l\375\261lU\035Q2\262\253\351\035\214\260\336\037!\340\337w\327\364\353\202\243\240<'Mb\336\312E\233'\345-\035<P\027\000\000\000\000\000\000\000\000\000\000\000\000\000\000\000\000\000\000\000\000\000\000\000\000\000\000\000\000\000\000\000\000P\031t\361\032\213\221\243\004\006][\376s\340\253\234K}\\013\0362\202`\234\371~d\0310\204\264,s!\002\005\363\0222\231\333G\357\305\020\014\241\033\231\261Z#\243\036\0267\020\210\265\022\240%\336\332\221\202\352vG0E\002!\000\214\366\216\314\025\353\220=.\177\351\346\307R\301c\223\317,z[F\211z\262m[7q\326\231\035\002 h\261h3\345\223\325""\323\301\355\003\207\264\346\362\321\310&z\310\371\002\035\230\307\327\303\251\357[\037""; ","validation: """"\200\000\000\001&\000\000\000\004)/\352k\021:\030\016l\375\261lU\035Q2\262\253\351\035\214\260\336\037!\340\337w\327\364\353\202\243\240<'Mb\336\312E\233'\345-\035<P\027\000\000\000\000\000\000\000\000\000\000\000\000\000\000\000\000\000\000\000\000\000\000\000\000\000\000\000\000\000\000\000\000P\031t\361\032\213\221\243\004\006][\376s\340\253\234K}\\013\0362\202`\234\371~d\0310\204\264,s!\002\005\363\0222\231\333G\357\305\020\014\241\033\231\261Z#\243\036\0267\020\210\265\022\240%\336\332\221\202\352vG0E\002!\000\214\366\216\314\025\353\220=.\177\351\346\307R\301c\223\317,z[F\211z\262m[7q\326\231\035\002 h\261h3\345\223\325""\323\301\355\003\207\264\346\362\321\310&z\310\371\002\035\230\307\327\303\251\357[\037""; "
1750576785190,1750576785190,1191,1,0,4,TMStatusChange,"newEvent: neACCEPTED_LEDGER; ledgerSeq: 4; ledgerHash: ""2\262\253\351\035\214\260\336\037!\340\337w\327\364\353\202\243\240<'Mb\336\312E\233'\345-\035<""; ledgerHashPrevious: ""t\361\032\213\221\243\004\006][\376s\340\253\234K}\\013\0362\202`\234\371~d\0310\204\264,""; networkTime: 803891985; firstSeq: 1; lastSeq: 3; ","newEvent: neACCEPTED_LEDGER; ledgerSeq: 4; ledgerHash: ""2\262\253\351\035\214\260\336\037!\340\337w\327\364\353\202\243\240<'Mb\336\312E\233'\345-\035<""; ledgerHashPrevious: ""t\361\032\213\221\243\004\006][\376s\340\253\234K}\\013\0362\202`\234\371~d\0310\204\264,""; networkTime: 803891985; firstSeq: 1; lastSeq: 3; "
1750576785190,1750576785190,2952,1,0,1,TMStatusChange,"newEvent: neACCEPTED_LEDGER; ledgerSeq: 4; ledgerHash: ""2\262\253\351\035\214\260\336\037!\340\337w\327\364\353\202\243\240<'Mb\336\312E\233'\345-\035<""; ledgerHashPrevious: ""t\361\032\213\221\243\004\006][\376s\340\253\234K}\\013\0362\202`\234\371~d\0310\204\264,""; networkTime: 803891985; firstSeq: 1; lastSeq: 3; ","newEvent: neACCEPTED_LEDGER; ledgerSeq: 4; ledgerHash: ""2\262\253\351\035\214\260\336\037!\340\337w\327\364\353\202\243\240<'Mb\336\312E\233'\345-\035<""; ledgerHashPrevious: ""t\361\032\213\221\243\004\006][\376s\340\253\234K}\\013\0362\202`\234\371~d\0310\204\264,""; networkTime: 803891985; firstSeq: 1; lastSeq: 3; "
1750576785190,1750576785190,3794,1,0,3,TMValidation,"validation: """"\200\000\000\001&\000\000\000\004)/\352k\021:\030\016l\375\261lU\035Q2\262\253\351\035\214\260\336\037!\340\337w\327\364\353\202\243\240<'Mb\336\312E\233'\345-\035<P\027\000\000\000\000\000\000\000\000\000\000\000\000\000\000\000\000\000\000\000\000\000\000\000\000\000\000\000\000\000\000\000\000P\031t\361\032\213\221\243\004\006][\376s\340\253\234K}\\013\0362\202`\234\371~d\0310\204\264,s!\002\005\363\0222\231\333G\357\305\020\014\241\033\231\261Z#\243\036\0267\020\210\265\022\240%\336\332\221\202\352vG0E\002!\000\214\366\216\314\025\353\220=.\177\351\346\307R\301c\223\317,z[F\211z\262m[7q\326\231\035\002 h\261h3\345\223\325""\323\301\355\003\207\264\346\362\321\310&z\310\371\002\035\230\307\327\303\251\357[\037""; ","validation: """"\200\000\000\001&\000\000\000\004)/\352k\021:\030\016l\375\261lU\035Q2\262\253\351\035\214\260\336\037!\340\337w\327\364\353\202\243\240<'Mb\336\312E\233'\345-\035<P\027\000\000\000\000\000\000\000\000\000\000\000\000\000\000\000\000\000\000\000\000\000\000\000\000\000\000\000\000\000\000\000\000P\031t\361\032\213\221\243\004\006][\376s\340\253\234K}\\013\0362\202`\234\371~d\0310\204\264,s!\002\005\363\0222\231\333G\357\305\020\014\241\033\231\261Z#\243\036\0267\020\210\265\022\240%\336\332\221\202\352vG0E\002!\000\214\366\216\314\025\353\220=.\177\351\346\307R\301c\223\317,z[F\211z\262m[7q\326\231\035\002 h\261h3\345\223\325""\323\301\355\003\207\264\346\362\321\310&z\310\371\002\035\230\307\327\303\251\357[\037""; "
1750576785190,1750576785190,3049,1,0,2,TMStatusChange,"newEvent: neACCEPTED_LEDGER; ledgerSeq: 4; ledgerHash: ""2\262\253\351\035\214\260\336\037!\340\337w\327\364\353\202\243\240<'Mb\336\312E\233'\345-\035<""; ledgerHashPrevious: ""t\361\032\213\221\243\004\006][\376s\340\253\234K}\\013\0362\202`\234\371~d\0310\204\264,""; networkTime: 803891985; firstSeq: 1; lastSeq: 3; ","newEvent: neACCEPTED_LEDGER; ledgerSeq: 4; ledgerHash: ""2\262\253\351\035\214\260\336\037!\340\337w\327\364\353\202\243\240<'Mb\336\312E\233'\345-\035<""; ledgerHashPrevious: ""t\361\032\213\221\243\004\006][\376s\340\253\234K}\\013\0362\202`\234\371~d\0310\204\264,""; networkTime: 803891985; firstSeq: 1; lastSeq: 3; "
1750576785410,1750576785410,494,1,1,4,TMValidation,"validation: """"\200\000\000\001&\000\000\000\004)/\352k\021:\030\016l\375\261lU\035Q2\262\253\351\035\214\260\336\037!\340\337w\327\364\353\202\243\240<'Mb\336\312E\233'\345-\035<P\027\000\000\000\000\000\000\000\000\000\000\000\000\000\000\000\000\000\000\000\000\000\000\000\000\000\000\000\000\000\000\000\000P\031t\361\032\213\221\243\004\006][\376s\340\253\234K}\\013\0362\202`\234\371~d\0310\204\264,s!\002\005\363\0222\231\333G\357\305\020\014\241\033\231\261Z#\243\036\0267\020\210\265\022\240%\336\332\221\202\352vG0E\002!\000\214\366\216\314\025\353\220=.\177\351\346\307R\301c\223\317,z[F\211z\262m[7q\326\231\035\002 h\261h3\345\223\325""\323\301\355\003\207\264\346\362\321\310&z\310\371\002\035\230\307\327\303\251\357[\037""; ","validation: """"\200\000\000\001&\000\000\000\004)/\352k\021:\030\016l\375\261lU\035Q2\262\253\351\035\214\260\336\037!\340\337w\327\364\353\202\243\240<'Mb\336\312E\233'\345-\035<P\027\000\000\000\000\000\000\000\000\000\000\000\000\000\000\000\000\000\000\000\000\000\000\000\000\000\000\000\000\000\000\000\000P\031t\361\032\213\221\243\004\006][\376s\340\253\234K}\\013\0362\202`\234\371~d\0310\204\264,s!\002\005\363\0222\231\333G\357\305\020\014\241\033\231\261Z#\243\036\0267\020\210\265\022\240%\336\332\221\202\352vG0E\002!\000\214\366\216\314\025\353\220=.\177\351\346\307R\301c\223\317,z[F\211z\262m[7q\326\231\035\002 h\261h3\345\223\325""\323\301\355\003\207\264\346\362\321\310&z\310\371\002\035\230\307\327\303\251\357[\037""; "
1750576785410,1750576785410,1000,1,1,2,TMValidation,"validation: """"\200\000\000\001&\000\000\000\004)/\352k\021:\030\016l\375\261lU\035Q2\262\253\351\035\214\260\336\037!\340\337w\327\364\353\202\243\240<'Mb\336\312E\233'\345-\035<P\027\000\000\000\000\000\000\000\000\000\000\000\000\000\000\000\000\000\000\000\000\000\000\000\000\000\000\000\000\000\000\000\000P\031t\361\032\213\221\243\004\006][\376s\340\253\234K}\\013\0362\202`\234\371~d\0310\204\264,s!\002\005\363\0222\231\333G\357\305\020\014\241\033\231\261Z#\243\036\0267\020\210\265\022\240%\336\332\221\202\352vG0E\002!\000\214\366\216\314\025\353\220=.\177\351\346\307R\301c\223\317,z[F\211z\262m[7q\326\231\035\002 h\261h3\345\223\325""\323\301\355\003\207\264\346\362\321\310&z\310\371\002\035\230\307\327\303\251\357[\037""; ","validation: """"\200\000\000\001&\000\000\000\004)/\352k\021:\030\016l\375\261lU\035Q2\262\253\351\035\214\260\336\037!\340\337w\327\364\353\202\243\240<'Mb\336\312E\233'\345-\035<P\027\000\000\000\000\000\000\000\000\000\000\000\000\000\000\000\000\000\000\000\000\000\000\000\000\000\000\000\000\000\000\000\000P\031t\361\032\213\221\243\004\006][\376s\340\253\234K}\\013\0362\202`\234\371~d\0310\204\264,s!\002\005\363\0222\231\333G\357\305\020\014\241\033\231\261Z#\243\036\0267\020\210\265\022\240%\336\332\221\202\352vG0E\002!\000\214\366\216\314\025\353\220=.\177\351\346\307R\301c\223\317,z[F\211z\262m[7q\326\231\035\002 h\261h3\345\223\325""\323\301\355\003\207\264\346\362\321\310&z\310\371\002\035\230\307\327\303\251\357[\037""; "
1750576785413,1750576785413,1534,1,1,0,TMGetLedger,"itype: liBASE; ledgerHash: ""2\262\253\351\035\214\260\336\037!\340\337w\327\364\353\202\243\240<'Mb\336\312E\233'\345-\035<""; ","itype: liBASE; ledgerHash: ""2\262\253\351\035\214\260\336\037!\340\337w\327\364\353\202\243\240<'Mb\336\312E\233'\345-\035<""; "
1750576785413,1750576785413,643,1,1,3,TMGetLedger,"itype: liBASE; ledgerHash: ""2\262\253\351\035\214\260\336\037!\340\337w\327\364\353\202\243\240<'Mb\336\312E\233'\345-\035<""; ","itype: liBASE; ledgerHash: ""2\262\253\351\035\214\260\336\037!\340\337w\327\364\353\202\243\240<'Mb\336\312E\233'\345-\035<""; "
1750576785414,1750576785414,2156,1,1,3,TMValidation,"validation: """"\200\000\000\001&\000\000\000\004)/\352k\021:\030\016l\375\261lU\035Q2\262\253\351\035\214\260\336\037!\340\337w\327\364\353\202\243\240<'Mb\336\312E\233'\345-\035<P\027\000\000\000\000\000\000\000\000\000\000\000\000\000\000\000\000\000\000\000\000\000\000\000\000\000\000\000\000\000\000\000\000P\031t\361\032\213\221\243\004\006][\376s\340\253\234K}\\013\0362\202`\234\371~d\0310\204\264,s!\002\005\363\0222\231\333G\357\305\020\014\241\033\231\261Z#\243\036\0267\020\210\265\022\240%\336\332\221\202\352vG0E\002!\000\214\366\216\314\025\353\220=.\177\351\346\307R\301c\223\317,z[F\211z\262m[7q\326\231\035\002 h\261h3\345\223\325""\323\301\355\003\207\264\346\362\321\310&z\310\371\002\035\230\307\327\303\251\357[\037""; ","validation: """"\200\000\000\001&\000\000\000\004)/\352k\021:\030\016l\375\261lU\035Q2\262\253\351\035\214\260\336\037!\340\337w\327\364\353\202\243\240<'Mb\336\312E\233'\345-\035<P\027\000\000\000\000\000\000\000\000\000\000\000\000\000\000\000\000\000\000\000\000\000\000\000\000\000\000\000\000\000\000\000\000P\031t\361\032\213\221\243\004\006][\376s\340\253\234K}\\013\0362\202`\234\371~d\0310\204\264,s!\002\005\363\0222\231\333G\357\305\020\014\241\033\231\261Z#\243\036\0267\020\210\265\022\240%\336\332\221\202\352vG0E\002!\000\214\366\216\314\025\353\220=.\177\351\346\307R\301c\223\317,z[F\211z\262m[7q\326\231\035\002 h\261h3\345\223\325""\323\301\355\003\207\264\346\362\321\310&z\310\371\002\035\230\307\327\303\251\357[\037""; "
1750576785416,1750576785416,2434,1,1,4,TMGetLedger,"itype: liBASE; ledgerHash: ""2\262\253\351\035\214\260\336\037!\340\337w\327\364\353\202\243\240<'Mb\336\312E\233'\345-\035<""; ","itype: liBASE; ledgerHash: ""2\262\253\351\035\214\260\336\037!\340\337w\327\364\353\202\243\240<'Mb\336\312E\233'\345-\035<""; "
1750576785416,1750576785417,301,1,1,2,TMGetLedger,"itype: liBASE; ledgerHash: ""2\262\253\351\035\214\260\336\037!\340\337w\327\364\353\202\243\240<'Mb\336\312E\233'\345-\035<""; ","itype: liBASE; ledgerHash: ""2\262\253\351\035\214\260\336\037!\340\337w\327\364\353\202\243\240<'Mb\336\312E\233'\345-\035<""; "
1750576785418,1750576785419,301,1,1,2,TMGetLedger,"itype: liBASE; ledgerHash: ""2\262\253\351\035\214\260\336\037!\340\337w\327\364\353\202\243\240<'Mb\336\312E\233'\345-\035<""; queryType: qtINDIRECT; ","itype: liBASE; ledgerHash: ""2\262\253\351\035\214\260\336\037!\340\337w\327\364\353\202\243\240<'Mb\336\312E\233'\345-\035<""; queryType: qtINDIRECT; "
1750576785419,1750576785419,2434,1,1,4,TMGetLedger,"itype: liBASE; ledgerHash: ""2\262\253\351\035\214\260\336\037!\340\337w\327\364\353\202\243\240<'Mb\336\312E\233'\345-\035<""; queryType: qtINDIRECT; ","itype: liBASE; ledgerHash: ""2\262\253\351\035\214\260\336\037!\340\337w\327\364\353\202\243\240<'Mb\336\312E\233'\345-\035<""; queryType: qtINDIRECT; "
1750576785420,1750576785420,1534,1,1,0,TMGetLedger,"itype: liBASE; ledgerHash: ""2\262\253\351\035\214\260\336\037!\340\337w\327\364\353\202\243\240<'Mb\336\312E\233'\345-\035<""; queryType: qtINDIRECT; ","itype: liBASE; ledgerHash: ""2\262\253\351\035\214\260\336\037!\340\337w\327\364\353\202\243\240<'Mb\336\312E\233'\345-\035<""; queryType: qtINDIRECT; "
1750576785420,1750576785420,643,1,1,3,TMGetLedger,"itype: liBASE; ledgerHash: ""2\262\253\351\035\214\260\336\037!\340\337w\327\364\353\202\243\240<'Mb\336\312E\233'\345-\035<""; queryType: qtINDIRECT; ","itype: liBASE; ledgerHash: ""2\262\253\351\035\214\260\336\037!\340\337w\327\364\353\202\243\240<'Mb\336\312E\233'\345-\035<""; queryType: qtINDIRECT; "
1750576785452,1750576785452,1879,1,4,2,TMValidation,"validation: """"\200\000\000\001&\000\000\000\004)/\352k\021:\225\031\312\0231#ajQ2\262\253\351\035\214\260\336\037!\340\337w\327\364\353\202\243\240<'Mb\336\312E\233'\345-\035<P\027\000\000\000\000\000\000\000\000\000\000\000\000\000\000\000\000\000\000\000\000\000\000\000\000\000\000\000\000\000\000\000\000P\031t\361\032\213\221\243\004\006][\376s\340\253\234K}\\013\0362\202`\234\371~d\0310\204\264,s!\002i\265d-H\225\336\350\317n\272\016O\317\257\273\327\352\371\231\250\230(\240\353\331\024\207\241\020\304!vF0D\002 %v\367z*\301+2B+\t^\364\014\013k\273Ez\002i\003\312K\007 \036n\322\344lq\002 9\324\005E0G\024\220\214Y\355\3215\237\327\234\344\212\362/ \031\356\254\214Xz\213\333\0034\321""; ","validation: """"\200\000\000\001&\000\000\000\004)/\352k\021:\225\031\312\0231#ajQ2\262\253\351\035\214\260\336\037!\340\337w\327\364\353\202\243\240<'Mb\336\312E\233'\345-\035<P\027\000\000\000\000\000\000\000\000\000\000\000\000\000\000\000\000\000\000\000\000\000\000\000\000\000\000\000\000\000\000\000\000P\031t\361\032\213\221\243\004\006][\376s\340\253\234K}\\013\0362\202`\234\371~d\0310\204\264,s!\002i\265d-H\225\336\350\317n\272\016O\317\257\273\327\352\371\231\250\230(\240\353\331\024\207\241\020\304!vF0D\002 %v\367z*\301+2B+\t^\364\014\013k\273Ez\002i\003\312K\007 \036n\322\344lq\002 9\324\005E0G\024\220\214Y\355\3215\237\327\234\344\212\362/ \031\356\254\214Xz\213\333\0034\321""; "
1750576785452,1750576785453,490,1,4,3,TMValidation,"validation: """"\200\000\000\001&\000\000\000\004)/\352k\021:\225\031\312\0231#ajQ2\262\253\351\035\214\260\336\037!\340\337w\327\364\353\202\243\240<'Mb\336\312E\233'\345-\035<P\027\000\000\000\000\000\000\000\000\000\000\000\000\000\000\000\000\000\000\000\000\000\000\000\000\000\000\000\000\000\000\000\000P\031t\361\032\213\221\243\004\006][\376s\340\253\234K}\\013\0362\202`\234\371~d\0310\204\264,s!\002i\265d-H\225\336\350\317n\272\016O\317\257\273\327\352\371\231\250\230(\240\353\331\024\207\241\020\304!vF0D\002 %v\367z*\301+2B+\t^\364\014\013k\273Ez\002i\003\312K\007 \036n\322\344lq\002 9\324\005E0G\024\220\214Y\355\3215\237\327\234\344\212\362/ \031\356\254\214Xz\213\333\0034\321""; ","validation: """"\200\000\000\001&\000\000\000\004)/\352k\021:\225\031\312\0231#ajQ2\262\253\351\035\214\260\336\037!\340\337w\327\364\353\202\243\240<'Mb\336\312E\233'\345-\035<P\027\000\000\000\000\000\000\000\000\000\000\000\000\000\000\000\000\000\000\000\000\000\000\000\000\000\000\000\000\000\000\000\000P\031t\361\032\213\221\243\004\006][\376s\340\253\234K}\\013\0362\202`\234\371~d\0310\204\264,s!\002i\265d-H\225\336\350\317n\272\016O\317\257\273\327\352\371\231\250\230(\240\353\331\024\207\241\020\304!vF0D\002 %v\367z*\301+2B+\t^\364\014\013k\273Ez\002i\003\312K\007 \036n\322\344lq\002 9\324\005E0G\024\220\214Y\355\3215\237\327\234\344\212\362/ \031\356\254\214Xz\213\333\0034\321""; "
1750576785453,1750576785453,216,1,4,3,TMStatusChange,"newEvent: neACCEPTED_LEDGER; ledgerSeq: 4; ledgerHash: ""2\262\253\351\035\214\260\336\037!\340\337w\327\364\353\202\243\240<'Mb\336\312E\233'\345-\035<""; ledgerHashPrevious: ""t\361\032\213\221\243\004\006][\376s\340\253\234K}\\013\0362\202`\234\371~d\0310\204\264,""; networkTime: 803891985; firstSeq: 1; lastSeq: 3; ","newEvent: neACCEPTED_LEDGER; ledgerSeq: 4; ledgerHash: ""2\262\253\351\035\214\260\336\037!\340\337w\327\364\353\202\243\240<'Mb\336\312E\233'\345-\035<""; ledgerHashPrevious: ""t\361\032\213\221\243\004\006][\376s\340\253\234K}\\013\0362\202`\234\371~d\0310\204\264,""; networkTime: 803891985; firstSeq: 1; lastSeq: 3; "
1750576785454,1750576785454,2340,1,4,0,TMStatusChange,"newEvent: neACCEPTED_LEDGER; ledgerSeq: 4; ledgerHash: ""2\262\253\351\035\214\260\336\037!\340\337w\327\364\353\202\243\240<'Mb\336\312E\233'\345-\035<""; ledgerHashPrevious: ""t\361\032\213\221\243\004\006][\376s\340\253\234K}\\013\0362\202`\234\371~d\0310\204\264,""; networkTime: 803891985; firstSeq: 1; lastSeq: 3; ","newEvent: neACCEPTED_LEDGER; ledgerSeq: 4; ledgerHash: ""2\262\253\351\035\214\260\336\037!\340\337w\327\364\353\202\243\240<'Mb\336\312E\233'\345-\035<""; ledgerHashPrevious: ""t\361\032\213\221\243\004\006][\376s\340\253\234K}\\013\0362\202`\234\371~d\0310\204\264,""; networkTime: 803891985; firstSeq: 1; lastSeq: 3; "
1750576785454,1750576785454,1208,1,4,2,TMStatusChange,"newEvent: neACCEPTED_LEDGER; ledgerSeq: 4; ledgerHash: ""2\262\253\351\035\214\260\336\037!\340\337w\327\364\353\202\243\240<'Mb\336\312E\233'\345-\035<""; ledgerHashPrevious: ""t\361\032\213\221\243\004\006][\376s\340\253\234K}\\013\0362\202`\234\371~d\0310\204\264,""; networkTime: 803891985; firstSeq: 1; lastSeq: 3; ","newEvent: neACCEPTED_LEDGER; ledgerSeq: 4; ledgerHash: ""2\262\253\351\035\214\260\336\037!\340\337w\327\364\353\202\243\240<'Mb\336\312E\233'\345-\035<""; ledgerHashPrevious: ""t\361\032\213\221\243\004\006][\376s\340\253\234K}\\013\0362\202`\234\371~d\0310\204\264,""; networkTime: 803891985; firstSeq: 1; lastSeq: 3; "
1750576785454,1750576785455,3345,1,4,1,TMValidation,"validation: """"\200\000\000\001&\000\000\000\004)/\352k\021:\225\031\312\0231#ajQ2\262\253\351\035\214\260\336\037!\340\337w\327\364\353\202\243\240<'Mb\336\312E\233'\345-\035<P\027\000\000\000\000\000\000\000\000\000\000\000\000\000\000\000\000\000\000\000\000\000\000\000\000\000\000\000\000\000\000\000\000P\031t\361\032\213\221\243\004\006][\376s\340\253\234K}\\013\0362\202`\234\371~d\0310\204\264,s!\002i\265d-H\225\336\350\317n\272\016O\317\257\273\327\352\371\231\250\230(\240\353\331\024\207\241\020\304!vF0D\002 %v\367z*\301+2B+\t^\364\014\013k\273Ez\002i\003\312K\007 \036n\322\344lq\002 9\324\005E0G\024\220\214Y\355\3215\237\327\234\344\212\362/ \031\356\254\214Xz\213\333\0034\321""; ","validation: """"\200\000\000\001&\000\000\000\004)/\352k\021:\225\031\312\0231#ajQ2\262\253\351\035\214\260\336\037!\340\337w\327\364\353\202\243\240<'Mb\336\312E\233'\345-\035<P\027\000\000\000\000\000\000\000\000\000\000\000\000\000\000\000\000\000\000\000\000\000\000\000\000\000\000\000\000\000\000\000\000P\031t\361\032\213\221\243\004\006][\376s\340\253\234K}\\013\0362\202`\234\371~d\0310\204\264,s!\002i\265d-H\225\336\350\317n\272\016O\317\257\273\327\352\371\231\250\230(\240\353\331\024\207\241\020\304!vF0D\002 %v\367z*\301+2B+\t^\364\014\013k\273Ez\002i\003\312K\007 \036n\322\344lq\002 9\324\005E0G\024\220\214Y\355\3215\237\327\234\344\212\362/ \031\356\254\214Xz\213\333\0034\321""; "
1750576785455,1750576785455,3970,1,4,1,TMStatusChange,"newEvent: neACCEPTED_LEDGER; ledgerSeq: 4; ledgerHash: ""2\262\253\351\035\214\260\336\037!\340\337w\327\364\353\202\243\240<'Mb\336\312E\233'\345-\035<""; ledgerHashPrevious: ""t\361\032\213\221\243\004\006][\376s\340\253\234K}\\013\0362\202`\234\371~d\0310\204\264,""; networkTime: 803891985; firstSeq: 1; lastSeq: 3; ","newEvent: neACCEPTED_LEDGER; ledgerSeq: 4; ledgerHash: ""2\262\253\351\035\214\260\336\037!\340\337w\327\364\353\202\243\240<'Mb\336\312E\233'\345-\035<""; ledgerHashPrevious: ""t\361\032\213\221\243\004\006][\376s\340\253\234K}\\013\0362\202`\234\371~d\0310\204\264,""; networkTime: 803891985; firstSeq: 1; lastSeq: 3; "
1750576785467,1750576785467,920,1,0,4,TMTransaction,"rawTransaction: ""\022\000\000""\000\000\000\000$\000\000\000\001 \033\000\000\000\027a@\000\000\027H\206*@h@\000\000\000\000\000\000\ns!\0030\347\374\235V\273%\326\211;\243\363\027\256[\3173\263)\033\326=\263&T\243\023""/\177\320 tF0D\002 \025\217\022\312\233t\304\273<\207\321\rJ{\303\361D\201\353\232g\313[&@\316\264@\372\313\327\\002 xG`\373\266\230\343:B\315\212\3213\240$\007+]7\033\35515$\3217\364\016\271yw\360\201\024\265\367by\212S\325C\240\024\312\370\262\227\317\370\362\3717\350\203\024~H\363\377\355\377\005.\244\231\226\377\220\2011g\021?\222\261""; status: tsCURRENT; receiveTimestamp: 803891985; deferred: false; ","rawTransaction: ""\022\000\000""\000\000\000\000$\000\000\000\001 \033\000\000\000\027a@\000\000\027H\206*@h@\000\000\000\000\000\000\ns!\0030\347\374\235V\273%\326\211;\243\363\027\256[\3173\263)\033\326=\263&T\243\023""/\177\320 tF0D\002 \025\217\022\312\233t\304\273<\207\321\rJ{\303\361D\201\353\232g\313[&@\316\264@\372\313\327\\002 xG`\373\266\230\343:B\315\212\3213\240$\007+]7\033\35515$\3217\364\016\271yw\360\201\024\265\367by\212S\325C\240\024\312\370\262\227\317\370\362\3717\350\203\024~H\363\377\355\377\005.\244\231\226\377\220\2011g\021?\222\261""; status: tsCURRENT; receiveTimestamp: 803891985; deferred: false; "
1750576785467,1750576785467,3808,1,0,1,TMTransaction,"rawTransaction: ""\022\000\000""\000\000\000\000$\000\000\000\001 \033\000\000\000\027a@\000\000\027H\206*@h@\000\000\000\000\000\000\ns!\0030\347\374\235V\273%\326\211;\243\363\027\256[\3173\263)\033\326=\263&T\243\023""/\177\320 tF0D\002 \025\217\022\312\233t\304\273<\207\321\rJ{\303\361D\201\353\232g\313[&@\316\264@\372\313\327\\002 xG`\373\266\230\343:B\315\212\3213\240$\007+]7\033\35515$\3217\364\016\271yw\360\201\024\265\367by\212S\325C\240\024\312\370\262\227\317\370\362\3717\350\203\024~H\363\377\355\377\005.\244\231\226\377\220\2011g\021?\222\261""; status: tsCURRENT; receiveTimestamp: 803891985; deferred: false; ","rawTransaction: ""\022\000\000""\000\000\000\000$\000\000\000\001 \033\000\000\000\027a@\000\000\027H\206*@h@\000\000\000\000\000\000\ns!\0030\347\374\235V\273%\326\211;\243\363\027\256[\3173\263)\033\326=\263&T\243\023""/\177\320 tF0D\002 \025\217\022\312\233t\304\273<\207\321\rJ{\303\361D\201\353\232g\313[&@\316\264@\372\313\327\\002 xG`\373\266\230\343:B\315\212\3213\240$\007+]7\033\35515$\3217\364\016\271yw\360\201\024\265\367by\212S\325C\240\024\312\370\262\227\317\370\362\3717\350\203\024~H\363\377\355\377\005.\244\231\226\377\220\2011g\021?\222\261""; status: tsCURRENT; receiveTimestamp: 803891985; deferred: false; "
1750576785467,1750576785468,2268,1,0,2,TMTransaction,"rawTransaction: ""\022\000\000""\000\000\000\000$\000\000\000\001 \033\000\000\000\027a@\000\000\027H\206*@h@\000\000\000\000\000\000\ns!\0030\347\374\235V\273%\326\211;\243\363\027\256[\3173\263)\033\326=\263&T\243\023""/\177\320 tF0D\002 \025\217\022\312\233t\304\273<\207\321\rJ{\303\361D\201\353\232g\313[&@\316\264@\372\313\327\\002 xG`\373\266\230\343:B\315\212\3213\240$\007+]7\033\35515$\3217\364\016\271yw\360\201\024\265\367by\212S\325C\240\024\312\370\262\227\317\370\362\3717\350\203\024~H\363\377\355\377\005.\244\231\226\377\220\2011g\021?\222\261""; status: tsCURRENT; receiveTimestamp: 803891985; deferred: false; ","rawTransaction: ""\022\000\000""\000\000\000\000$\000\000\000\001 \033\000\000\000\027a@\000\000\027H\206*@h@\000\000\000\000\000\000\ns!\0030\347\374\235V\273%\326\211;\243\363\027\256[\3173\263)\033\326=\263&T\243\023""/\177\320 tF0D\002 \025\217\022\312\233t\304\273<\207\321\rJ{\303\361D\201\353\232g\313[&@\316\264@\372\313\327\\002 xG`\373\266\230\343:B\315\212\3213\240$\007+]7\033\35515$\3217\364\016\271yw\360\201\024\265\367by\212S\325C\240\024\312\370\262\227\317\370\362\3717\350\203\024~H\363\377\355\377\005.\244\231\226\377\220\2011g\021?\222\261""; status: tsCURRENT; receiveTimestamp: 803891985; deferred: false; "
1750576785494,1750576785494,1044,1,4,0,TMValidation,"validation: """"\200\000\000\001&\000\000\000\004)/\352k\021:\225\031\312\0231#ajQ2\262\253\351\035\214\260\336\037!\340\337w\327\364\353\202\243\240<'Mb\336\312E\233'\345-\035<P\027\000\000\000\000\000\000\000\000\000\000\000\000\000\000\000\000\000\000\000\000\000\000\000\000\000\000\000\000\000\000\000\000P\031t\361\032\213\221\243\004\006][\376s\340\253\234K}\\013\0362\202`\234\371~d\0310\204\264,s!\002i\265d-H\225\336\350\317n\272\016O\317\257\273\327\352\371\231\250\230(\240\353\331\024\207\241\020\304!vF0D\002 %v\367z*\301+2B+\t^\364\014\013k\273Ez\002i\003\312K\007 \036n\322\344lq\002 9\324\005E0G\024\220\214Y\355\3215\237\327\234\344\212\362/ \031\356\254\214Xz\213\333\0034\321""; ","validation: """"\200\000\000\001&\000\000\000\004)/\352k\021:\225\031\312\0231#ajQ2\262\253\351\035\214\260\336\037!\340\337w\327\364\353\202\243\240<'Mb\336\312E\233'\345-\035<P\027\000\000\000\000\000\000\000\000\000\000\000\000\000\000\000\000\000\000\000\000\000\000\000\000\000\000\000\000\000\000\000\000P\031t\361\032\213\221\243\004\006][\376s\340\253\234K}\\013\0362\202`\234\371~d\0310\204\264,s!\002i\265d-H\225\336\350\317n\272\016O\317\257\273\327\352\371\231\250\230(\240\353\331\024\207\241\020\304!vF0D\002 %v\367z*\301+2B+\t^\364\014\013k\273Ez\002i\003\312K\007 \036n\322\344lq\002 9\324\005E0G\024\220\214Y\355\3215\237\327\234\344\212\362/ \031\356\254\214Xz\213\333\0034\321""; "
1750576785615,1750576785617,3528,1,1,4,TMTransaction,"rawTransaction: ""\022\000\000""\000\000\000\000$\000\000\000\003 \033\000\000\000\027a@\000\000\027H\206*@h@\000\000\000\000\000\000\ns!\0030\347\374\235V\273%\326\211;\243\363\027\256[\3173\263)\033\326=\263&T\243\023""/\177\320 tF0D\002 F?5j\240&c\234r\205{%\3608\016\273\244\270\264\364,5N)JW\366X\270\022\2407\002 \005\372\2618R\335py\322,%\323]\361y\350\240\326x7\232}\275\254J\321K$\304\322D\262\201\024\265\367by\212S\325C\240\024\312\370\262\227\317\370\362\3717\350\203\024\033X\247\021T!\3235\270\274R\235\240\3362w\273T?$""; status: tsCURRENT; receiveTimestamp: 803891985; deferred: false; ","rawTransaction: ""\022\000\000""\000\000\000\000$\000\000\000\003 \033\000\000\000\027a@\000\000\027H\206*@h@\000\000\000\000\000\000\ns!\0030\347\374\235V\273%\326\211;\243\363\027\256[\3173\263)\033\326=\263&T\243\023""/\177\320 tF0D\002 F?5j\240&c\234r\205{%\3608\016\273\244\270\264\364,5N)JW\366X\270\022\2407\002 \005\372\2618R\335py\322,%\323]\361y\350\240\326x7\232}\275\254J\321K$\304\322D\262\201\024\265\367by\212S\325C\240\024\312\370\262\227\317\370\362\3717\350\203\024\033X\247\021T!\3235\270\274R\235\240\3362w\273T?$""; status: tsCURRENT; receiveTimestamp: 803891985; deferred: false; "
1750576785616,1750576785617,285,1,1,3,TMTransaction,"rawTransaction: ""\022\000\000""\000\000\000\000$\000\000\000\003 \033\000\000\000\027a@\000\000\027H\206*@h@\000\000\000\000\000\000\ns!\0030\347\374\235V\273%\326\211;\243\363\027\256[\3173\263)\033\326=\263&T\243\023""/\177\320 tF0D\002 F?5j\240&c\234r\205{%\3608\016\273\244\270\264\364,5N)JW\366X\270\022\2407\002 \005\372\2618R\335py\322,%\323]\361y\350\240\326x7\232}\275\254J\321K$\304\322D\262\201\024\265\367by\212S\325C\240\024\312\370\262\227\317\370\362\3717\350\203\024\033X\247\021T!\3235\270\274R\235\240\3362w\273T?$""; status: tsCURRENT; receiveTimestamp: 803891985; deferred: false; ","rawTransaction: ""\022\000\000""\000\000\000\000$\000\000\000\003 \033\000\000\000\027a@\000\000\027H\206*@h@\000\000\000\000\000\000\ns!\0030\347\374\235V\273%\326\211;\243\363\027\256[\3173\263)\033\326=\263&T\243\023""/\177\320 tF0D\002 F?5j\240&c\234r\205{%\3608\016\273\244\270\264\364,5N)JW\366X\270\022\2407\002 \005\372\2618R\335py\322,%\323]\361y\350\240\326x7\232}\275\254J\321K$\304\322D\262\201\024\265\367by\212S\325C\240\024\312\370\262\227\317\370\362\3717\350\203\024\033X\247\021T!\3235\270\274R\235\240\3362w\273T?$""; status: tsCURRENT; receiveTimestamp: 803891985; deferred: false; "
1750576785616,1750576785619,2070,1,1,2,TMTransaction,"rawTransaction: ""\022\000\000""\000\000\000\000$\000\000\000\003 \033\000\000\000\027a@\000\000\027H\206*@h@\000\000\000\000\000\000\ns!\0030\347\374\235V\273%\326\211;\243\363\027\256[\3173\263)\033\326=\263&T\243\023""/\177\320 tF0D\002 F?5j\240&c\234r\205{%\3608\016\273\244\270\264\364,5N)JW\366X\270\022\2407\002 \005\372\2618R\335py\322,%\323]\361y\350\240\326x7\232}\275\254J\321K$\304\322D\262\201\024\265\367by\212S\325C\240\024\312\370\262\227\317\370\362\3717\350\203\024\033X\247\021T!\3235\270\274R\235\240\3362w\273T?$""; status: tsCURRENT; receiveTimestamp: 803891985; deferred: false; ","rawTransaction: ""\022\000\000""\000\000\000\000$\000\000\000\003 \033\000\000\000\027a@\000\000\027H\206*@h@\000\000\000\000\000\000\ns!\0030\347\374\235V\273%\326\211;\243\363\027\256[\3173\263)\033\326=\263&T\243\023""/\177\320 tF0D\002 F?5j\240&c\234r\205{%\3608\016\273\244\270\264\364,5N)JW\366X\270\022\2407\002 \005\372\2618R\335py\322,%\323]\361y\350\240\326x7\232}\275\254J\321K$\304\322D\262\201\024\265\367by\212S\325C\240\024\312\370\262\227\317\370\362\3717\350\203\024\033X\247\021T!\3235\270\274R\235\240\3362w\273T?$""; status: tsCURRENT; receiveTimestamp: 803891985; deferred: false; "
1750576785616,1750576785619,1613,1,1,0,TMTransaction,"rawTransaction: ""\022\000\000""\000\000\000\000$\000\000\000\003 \033\000\000\000\027a@\000\000\027H\206*@h@\000\000\000\000\000\000\ns!\0030\347\374\235V\273%\326\211;\243\363\027\256[\3173\263)\033\326=\263&T\243\023""/\177\320 tF0D\002 F?5j\240&c\234r\205{%\3608\016\273\244\270\264\364,5N)JW\366X\270\022\2407\002 \005\372\2618R\335py\322,%\323]\361y\350\240\326x7\232}\275\254J\321K$\304\322D\262\201\024\265\367by\212S\325C\240\024\312\370\262\227\317\370\362\3717\350\203\024\033X\247\021T!\3235\270\274R\235\240\3362w\273T?$""; status: tsCURRENT; receiveTimestamp: 803891985; deferred: false; ","rawTransaction: ""\022\000\000""\000\000\000\000$\000\000\000\003 \033\000\000\000\027a@\000\000\027H\206*@h@\000\000\000\000\000\000\ns!\0030\347\374\235V\273%\326\211;\243\363\027\256[\3173\263)\033\326=\263&T\243\023""/\177\320 tF0D\002 F?5j\240&c\234r\205{%\3608\016\273\244\270\264\364,5N)JW\366X\270\022\2407\002 \005\372\2618R\335py\322,%\323]\361y\350\240\326x7\232}\275\254J\321K$\304\322D\262\201\024\265\367by\212S\325C\240\024\312\370\262\227\317\370\362\3717\350\203\024\033X\247\021T!\3235\270\274R\235\240\3362w\273T?$""; status: tsCURRENT; receiveTimestamp: 803891985; deferred: false; "
1750576785630,1750576785631,1064,1,4,2,TMTransaction,"rawTransaction: ""\022\000\000""\000\000\000\000$\000\000\000\001 \033\000\000\000\027a@\000\000\027H\206*@h@\000\000\000\000\000\000\ns!\0030\347\374\235V\273%\326\211;\243\363\027\256[\3173\263)\033\326=\263&T\243\023""/\177\320 tF0D\002 \025\217\022\312\233t\304\273<\207\321\rJ{\303\361D\201\353\232g\313[&@\316\264@\372\313\327\\002 xG`\373\266\230\343:B\315\212\3213\240$\007+]7\033\35515$\3217\364\016\271yw\360\201\024\265\367by\212S\325C\240\024\312\370\262\227\317\370\362\3717\350\203\024~H\363\377\355\377\005.\244\231\226\377\220\2011g\021?\222\261""; status: tsCURRENT; receiveTimestamp: 803891985; deferred: false; ","rawTransaction: ""\022\000\000""\000\000\000\000$\000\000\000\001 \033\000\000\000\027a@\000\000\027H\206*@h@\000\000\000\000\000\000\ns!\0030\347\374\235V\273%\326\211;\243\363\027\256[\3173\263)\033\326=\263&T\243\023""/\177\320 tF0D\002 \025\217\022\312\233t\304\273<\207\321\rJ{\303\361D\201\353\232g\313[&@\316\264@\372\313\327\\002 xG`\373\266\230\343:B\315\212\3213\240$\007+]7\033\35515$\3217\364\016\271yw\360\201\024\265\367by\212S\325C\240\024\312\370\262\227\317\370\362\3717\350\203\024~H\363\377\355\377\005.\244\231\226\377\220\2011g\021?\222\261""; status: tsCURRENT; receiveTimestamp: 803891985; deferred: false; "
1750576785631,1750576785632,964,1,4,1,TMTransaction,"rawTransaction: ""\022\000\000""\000\000\000\000$\000\000\000\001 \033\000\000\000\027a@\000\000\027H\206*@h@\000\000\000\000\000\000\ns!\0030\347\374\235V\273%\326\211;\243\363\027\256[\3173\263)\033\326=\263&T\243\023""/\177\320 tF0D\002 \025\217\022\312\233t\304\273<\207\321\rJ{\303\361D\201\353\232g\313[&@\316\264@\372\313\327\\002 xG`\373\266\230\343:B\315\212\3213\240$\007+]7\033\35515$\3217\364\016\271yw\360\201\024\265\367by\212S\325C\240\024\312\370\262\227\317\370\362\3717\350\203\024~H\363\377\355\377\005.\244\231\226\377\220\2011g\021?\222\261""; status: tsCURRENT; receiveTimestamp: 803891985; deferred: false; ","rawTransaction: ""\022\000\000""\000\000\000\000$\000\000\000\001 \033\000\000\000\027a@\000\000\027H\206*@h@\000\000\000\000\000\000\ns!\0030\347\374\235V\273%\326\211;\243\363\027\256[\3173\263)\033\326=\263&T\243\023""/\177\320 tF0D\002 \025\217\022\312\233t\304\273<\207\321\rJ{\303\361D\201\353\232g\313[&@\316\264@\372\313\327\\002 xG`\373\266\230\343:B\315\212\3213\240$\007+]7\033\35515$\3217\364\016\271yw\360\201\024\265\367by\212S\325C\240\024\312\370\262\227\317\370\362\3717\350\203\024~H\363\377\355\377\005.\244\231\226\377\220\2011g\021?\222\261""; status: tsCURRENT; receiveTimestamp: 803891985; deferred: false; "
1750576785631,1750576785632,1339,1,4,0,TMTransaction,"rawTransaction: ""\022\000\000""\000\000\000\000$\000\000\000\001 \033\000\000\000\027a@\000\000\027H\206*@h@\000\000\000\000\000\000\ns!\0030\347\374\235V\273%\326\211;\243\363\027\256[\3173\263)\033\326=\263&T\243\023""/\177\320 tF0D\002 \025\217\022\312\233t\304\273<\207\321\rJ{\303\361D\201\353\232g\313[&@\316\264@\372\313\327\\002 xG`\373\266\230\343:B\315\212\3213\240$\007+]7\033\35515$\3217\364\016\271yw\360\201\024\265\367by\212S\325C\240\024\312\370\262\227\317\370\362\3717\350\203\024~H\363\377\355\377\005.\244\231\226\377\220\2011g\021?\222\261""; status: tsCURRENT; receiveTimestamp: 803891985; deferred: false; ","rawTransaction: ""\022\000\000""\000\000\000\000$\000\000\000\001 \033\000\000\000\027a@\000\000\027H\206*@h@\000\000\000\000\000\000\ns!\0030\347\374\235V\273%\326\211;\243\363\027\256[\3173\263)\033\326=\263&T\243\023""/\177\320 tF0D\002 \025\217\022\312\233t\304\273<\207\321\rJ{\303\361D\201\353\232g\313[&@\316\264@\372\313\327\\002 xG`\373\266\230\343:B\315\212\3213\240$\007+]7\033\35515$\3217\364\016\271yw\360\201\024\265\367by\212S\325C\240\024\312\370\262\227\317\370\362\3717\350\203\024~H\363\377\355\377\005.\244\231\226\377\220\2011g\021?\222\261""; status: tsCURRENT; receiveTimestamp: 803891985; deferred: false; "
1750576785665,1750576785665,1309,1,3,2,TMStatusChange,"newEvent: neACCEPTED_LEDGER; ledgerSeq: 4; ledgerHash: ""2\262\253\351\035\214\260\336\037!\340\337w\327\364\353\202\243\240<'Mb\336\312E\233'\345-\035<""; ledgerHashPrevious: ""t\361\032\213\221\243\004\006][\376s\340\253\234K}\\013\0362\202`\234\371~d\0310\204\264,""; networkTime: 803891985; firstSeq: 1; lastSeq: 3; ","newEvent: neACCEPTED_LEDGER; ledgerSeq: 4; ledgerHash: ""2\262\253\351\035\214\260\336\037!\340\337w\327\364\353\202\243\240<'Mb\336\312E\233'\345-\035<""; ledgerHashPrevious: ""t\361\032\213\221\243\004\006][\376s\340\253\234K}\\013\0362\202`\234\371~d\0310\204\264,""; networkTime: 803891985; firstSeq: 1; lastSeq: 3; "
1750576785666,1750576785666,862,1,3,4,TMStatusChange,"newEvent: neACCEPTED_LEDGER; ledgerSeq: 4; ledgerHash: ""2\262\253\351\035\214\260\336\037!\340\337w\327\364\353\202\243\240<'Mb\336\312E\233'\345-\035<""; ledgerHashPrevious: ""t\361\032\213\221\243\004\006][\376s\340\253\234K}\\013\0362\202`\234\371~d\0310\204\264,""; networkTime: 803891985; firstSeq: 1; lastSeq: 3; ","newEvent: neACCEPTED_LEDGER; ledgerSeq: 4; ledgerHash: ""2\262\253\351\035\214\260\336\037!\340\337w\327\364\353\202\243\240<'Mb\336\312E\233'\345-\035<""; ledgerHashPrevious: ""t\361\032\213\221\243\004\006][\376s\340\253\234K}\\013\0362\202`\234\371~d\0310\204\264,""; networkTime: 803891985; firstSeq: 1; lastSeq: 3; "
1750576785666,1750576785667,139,1,3,4,TMValidation,"validation: """"\200\000\000\001&\000\000\000\004)/\352k\021:\373\252\211\251\2041h\203Q2\262\253\351\035\214\260\336\037!\340\337w\327\364\353\202\243\240<'Mb\336\312E\233'\345-\035<P\027\000\000\000\000\000\000\000\000\000\000\000\000\000\000\000\000\000\000\000\000\000\000\000\000\000\000\000\000\000\000\000\000P\031t\361\032\213\221\243\004\006][\376s\340\253\234K}\\013\0362\202`\234\371~d\0310\204\264,s!\003uv\3157M_,X\323\216\327\373A""\226\013\275\210\0079\020Q\007\035\231@s\266\345\000\272\252vG0E\002!\000\324\212\273\231\371\252\036\305\304\233\327\333\277PkwA\014\325W\270h\222\013E\302\256\306\243\2502V\002 r\3162 ~\373\341\222\305Tz\317\222\265\357\263D\334\316\031\337\225T\341\205\334\244a\245\003\324\""; ","validation: """"\200\000\000\001&\000\000\000\004)/\352k\021:\373\252\211\251\2041h\203Q2\262\253\351\035\214\260\336\037!\340\337w\327\364\353\202\243\240<'Mb\336\312E\233'\345-\035<P\027\000\000\000\000\000\000\000\000\000\000\000\000\000\000\000\000\000\000\000\000\000\000\000\000\000\000\000\000\000\000\000\000P\031t\361\032\213\221\243\004\006][\376s\340\253\234K}\\013\0362\202`\234\371~d\0310\204\264,s!\003uv\3157M_,X\323\216\327\373A""\226\013\275\210\0079\020Q\007\035\231@s\266\345\000\272\252vG0E\002!\000\324\212\273\231\371\252\036\305\304\233\327\333\277PkwA\014\325W\270h\222\013E\302\256\306\243\2502V\002 r\3162 ~\373\341\222\305Tz\317\222\265\357\263D\334\316\031\337\225T\341\205\334\244a\245\003\324\""; "
1750576785667,1750576785667,1360,1,3,1,TMValidation,"validation: """"\200\000\000\001&\000\000\000\004)/\352k\021:\373\252\211\251\2041h\203Q2\262\253\351\035\214\260\336\037!\340\337w\327\364\353\202\243\240<'Mb\336\312E\233'\345-\035<P\027\000\000\000\000\000\000\000\000\000\000\000\000\000\000\000\000\000\000\000\000\000\000\000\000\000\000\000\000\000\000\000\000P\031t\361\032\213\221\243\004\006][\376s\340\253\234K}\\013\0362\202`\234\371~d\0310\204\264,s!\003uv\3157M_,X\323\216\327\373A""\226\013\275\210\0079\020Q\007\035\231@s\266\345\000\272\252vG0E\002!\000\324\212\273\231\371\252\036\305\304\233\327\333\277PkwA\014\325W\270h\222\013E\302\256\306\243\2502V\002 r\3162 ~\373\341\222\305Tz\317\222\265\357\263D\334\316\031\337\225T\341\205\334\244a\245\003\324\""; ","validation: """"\200\000\000\001&\000\000\000\004)/\352k\021:\373\252\211\251\2041h\203Q2\262\253\351\035\214\260\336\037!\340\337w\327\364\353\202\243\240<'Mb\336\312E\233'\345-\035<P\027\000\000\000\000\000\000\000\000\000\000\000\000\000\000\000\000\000\000\000\000\000\000\000\000\000\000\000\000\000\000\000\000P\031t\361\032\213\221\243\004\006][\376s\340\253\234K}\\013\0362\202`\234\371~d\0310\204\264,s!\003uv\3157M_,X\323\216\327\373A""\226\013\275\210\0079\020Q\007\035\231@s\266\345\000\272\252vG0E\002!\000\324\212\273\231\371\252\036\305\304\233\327\333\277PkwA\014\325W\270h\222\013E\302\256\306\243\2502V\002 r\3162 ~\373\341\222\305Tz\317\222\265\357\263D\334\316\031\337\225T\341\205\334\244a\245\003\324\""; "
1750576785667,1750576785667,2989,1,3,1,TMStatusChange,"newEvent: neACCEPTED_LEDGER; ledgerSeq: 4; ledgerHash: ""2\262\253\351\035\214\260\336\037!\340\337w\327\364\353\202\243\240<'Mb\336\312E\233'\345-\035<""; ledgerHashPrevious: ""t\361\032\213\221\243\004\006][\376s\340\253\234K}\\013\0362\202`\234\371~d\0310\204\264,""; networkTime: 803891985; firstSeq: 1; lastSeq: 3; ","newEvent: neACCEPTED_LEDGER; ledgerSeq: 4; ledgerHash: ""2\262\253\351\035\214\260\336\037!\340\337w\327\364\353\202\243\240<'Mb\336\312E\233'\345-\035<""; ledgerHashPrevious: ""t\361\032\213\221\243\004\006][\376s\340\253\234K}\\013\0362\202`\234\371~d\0310\204\264,""; networkTime: 803891985; firstSeq: 1; lastSeq: 3; "
1750576785667,1750576785667,513,1,3,0,TMStatusChange,"newEvent: neACCEPTED_LEDGER; ledgerSeq: 4; ledgerHash: ""2\262\253\351\035\214\260\336\037!\340\337w\327\364\353\202\243\240<'Mb\336\312E\233'\345-\035<""; ledgerHashPrevious: ""t\361\032\213\221\243\004\006][\376s\340\253\234K}\\013\0362\202`\234\371~d\0310\204\264,""; networkTime: 803891985; firstSeq: 1; lastSeq: 3; ","newEvent: neACCEPTED_LEDGER; ledgerSeq: 4; ledgerHash: ""2\262\253\351\035\214\260\336\037!\340\337w\327\364\353\202\243\240<'Mb\336\312E\233'\345-\035<""; ledgerHashPrevious: ""t\361\032\213\221\243\004\006][\376s\340\253\234K}\\013\0362\202`\234\371~d\0310\204\264,""; networkTime: 803891985; firstSeq: 1; lastSeq: 3; "
1750576785668,1750576785668,108,1,3,0,TMValidation,"validation: """"\200\000\000\001&\000\000\000\004)/\352k\021:\373\252\211\251\2041h\203Q2\262\253\351\035\214\260\336\037!\340\337w\327\364\353\202\243\240<'Mb\336\312E\233'\345-\035<P\027\000\000\000\000\000\000\000\000\000\000\000\000\000\000\000\000\000\000\000\000\000\000\000\000\000\000\000\000\000\000\000\000P\031t\361\032\213\221\243\004\006][\376s\340\253\234K}\\013\0362\202`\234\371~d\0310\204\264,s!\003uv\3157M_,X\323\216\327\373A""\226\013\275\210\0079\020Q\007\035\231@s\266\345\000\272\252vG0E\002!\000\324\212\273\231\371\252\036\305\304\233\327\333\277PkwA\014\325W\270h\222\013E\302\256\306\243\2502V\002 r\3162 ~\373\341\222\305Tz\317\222\265\357\263D\334\316\031\337\225T\341\205\334\244a\245\003\324\""; ","validation: """"\200\000\000\001&\000\000\000\004)/\352k\021:\373\252\211\251\2041h\203Q2\262\253\351\035\214\260\336\037!\340\337w\327\364\353\202\243\240<'Mb\336\312E\233'\345-\035<P\027\000\000\000\000\000\000\000\000\000\000\000\000\000\000\000\000\000\000\000\000\000\000\000\000\000\000\000\000\000\000\000\000P\031t\361\032\213\221\243\004\006][\376s\340\253\234K}\\013\0362\202`\234\371~d\0310\204\264,s!\003uv\3157M_,X\323\216\327\373A""\226\013\275\210\0079\020Q\007\035\231@s\266\345\000\272\252vG0E\002!\000\324\212\273\231\371\252\036\305\304\233\327\333\277PkwA\014\325W\270h\222\013E\302\256\306\243\2502V\002 r\3162 ~\373\341\222\305Tz\317\222\265\357\263D\334\316\031\337\225T\341\205\334\244a\245\003\324\""; "
1750576785706,1750576785706,1433,1,3,2,TMValidation,"validation: """"\200\000\000\001&\000\000\000\004)/\352k\021:\373\252\211\251\2041h\203Q2\262\253\351\035\214\260\336\037!\340\337w\327\364\353\202\243\240<'Mb\336\312E\233'\345-\035<P\027\000\000\000\000\000\000\000\000\000\000\000\000\000\000\000\000\000\000\000\000\000\000\000\000\000\000\000\000\000\000\000\000P\031t\361\032\213\221\243\004\006][\376s\340\253\234K}\\013\0362\202`\234\371~d\0310\204\264,s!\003uv\3157M_,X\323\216\327\373A""\226\013\275\210\0079\020Q\007\035\231@s\266\345\000\272\252vG0E\002!\000\324\212\273\231\371\252\036\305\304\233\327\333\277PkwA\014\325W\270h\222\013E\302\256\306\243\2502V\002 r\3162 ~\373\341\222\305Tz\317\222\265\357\263D\334\316\031\337\225T\341\205\334\244a\245\003\324\""; ","validation: """"\200\000\000\001&\000\000\000\004)/\352k\021:\373\252\211\251\2041h\203Q2\262\253\351\035\214\260\336\037!\340\337w\327\364\353\202\243\240<'Mb\336\312E\233'\345-\035<P\027\000\000\000\000\000\000\000\000\000\000\000\000\000\000\000\000\000\000\000\000\000\000\000\000\000\000\000\000\000\000\000\000P\031t\361\032\213\221\243\004\006][\376s\340\253\234K}\\013\0362\202`\234\371~d\0310\204\264,s!\003uv\3157M_,X\323\216\327\373A""\226\013\275\210\0079\020Q\007\035\231@s\266\345\000\272\252vG0E\002!\000\324\212\273\231\371\252\036\305\304\233\327\333\277PkwA\014\325W\270h\222\013E\302\256\306\243\2502V\002 r\3162 ~\373\341\222\305Tz\317\222\265\357\263D\334\316\031\337\225T\341\205\334\244a\245\003\324\""; "
1750576785772,1750576785773,1881,1,2,1,TMProposeSet,"proposeSeq: 0; currentTxHash: ""\000\000\000\000\000\000\000\000\000\000\000\000\000\000\000\000\000\000\000\000\000\000\000\000\000\000\000\000\000\000\000\000""; nodePubKey: ""\002i\265d-H\225\336\350\317n\272\016O\317\257\273\327\352\371\231\250\230(\240\353\331\024\207\241\020\304!""; closeTime: 803891983; signature: ""0E\002!\000\224\275\243\344\303\375\354\023Tv\370\226\364\350\375OCe\251\221\030\217\340\343\274\004\007\206x$\334\035\002 /Y6\240\270\272\006\367\310\n{\022\377#\256R\302\027^2\203\0215\254\346B\361\274\234\330\230\355""; previousledger: ""t\361\032\213\221\243\004\006][\376s\340\253\234K}\\013\0362\202`\234\371~d\0310\204\264,""; ","proposeSeq: 0; currentTxHash: ""\000\000\000\000\000\000\000\000\000\000\000\000\000\000\000\000\000\000\000\000\000\000\000\000\000\000\000\000\000\000\000\000""; nodePubKey: ""\002i\265d-H\225\336\350\317n\272\016O\317\257\273\327\352\371\231\250\230(\240\353\331\024\207\241\020\304!""; closeTime: 803891983; signature: ""0E\002!\000\224\275\243\344\303\375\354\023Tv\370\226\364\350\375OCe\251\221\030\217\340\343\274\004\007\206x$\334\035\002 /Y6\240\270\272\006\367\310\n{\022\377#\256R\302\027^2\203\0215\254\346B\361\274\234\330\230\355""; previousledger: ""t\361\032\213\221\243\004\006][\376s\340\253\234K}\\013\0362\202`\234\371~d\0310\204\264,""; "
1750576785773,1750576785773,930,1,2,3,TMProposeSet,"proposeSeq: 0; currentTxHash: ""\000\000\000\000\000\000\000\000\000\000\000\000\000\000\000\000\000\000\000\000\000\000\000\000\000\000\000\000\000\000\000\000""; nodePubKey: ""\002i\265d-H\225\336\350\317n\272\016O\317\257\273\327\352\371\231\250\230(\240\353\331\024\207\241\020\304!""; closeTime: 803891983; signature: ""0E\002!\000\224\275\243\344\303\375\354\023Tv\370\226\364\350\375OCe\251\221\030\217\340\343\274\004\007\206x$\334\035\002 /Y6\240\270\272\006\367\310\n{\022\377#\256R\302\027^2\203\0215\254\346B\361\274\234\330\230\355""; previousledger: ""t\361\032\213\221\243\004\006][\376s\340\253\234K}\\013\0362\202`\234\371~d\0310\204\264,""; ","proposeSeq: 0; currentTxHash: ""\000\000\000\000\000\000\000\000\000\000\000\000\000\000\000\000\000\000\000\000\000\000\000\000\000\000\000\000\000\000\000\000""; nodePubKey: ""\002i\265d-H\225\336\350\317n\272\016O\317\257\273\327\352\371\231\250\230(\240\353\331\024\207\241\020\304!""; closeTime: 803891983; signature: ""0E\002!\000\224\275\243\344\303\375\354\023Tv\370\226\364\350\375OCe\251\221\030\217\340\343\274\004\007\206x$\334\035\002 /Y6\240\270\272\006\367\310\n{\022\377#\256R\302\027^2\203\0215\254\346B\361\274\234\330\230\355""; previousledger: ""t\361\032\213\221\243\004\006][\376s\340\253\234K}\\013\0362\202`\234\371~d\0310\204\264,""; "
1750576785774,1750576785774,2648,1,2,0,TMProposeSet,"proposeSeq: 0; currentTxHash: ""\000\000\000\000\000\000\000\000\000\000\000\000\000\000\000\000\000\000\000\000\000\000\000\000\000\000\000\000\000\000\000\000""; nodePubKey: ""\002i\265d-H\225\336\350\317n\272\016O\317\257\273\327\352\371\231\250\230(\240\353\331\024\207\241\020\304!""; closeTime: 803891983; signature: ""0E\002!\000\224\275\243\344\303\375\354\023Tv\370\226\364\350\375OCe\251\221\030\217\340\343\274\004\007\206x$\334\035\002 /Y6\240\270\272\006\367\310\n{\022\377#\256R\302\027^2\203\0215\254\346B\361\274\234\330\230\355""; previousledger: ""t\361\032\213\221\243\004\006][\376s\340\253\234K}\\013\0362\202`\234\371~d\0310\204\264,""; ","proposeSeq: 0; currentTxHash: ""\000\000\000\000\000\000\000\000\000\000\000\000\000\000\000\000\000\000\000\000\000\000\000\000\000\000\000\000\000\000\000\000""; nodePubKey: ""\002i\265d-H\225\336\350\317n\272\016O\317\257\273\327\352\371\231\250\230(\240\353\331\024\207\241\020\304!""; closeTime: 803891983; signature: ""0E\002!\000\224\275\243\344\303\375\354\023Tv\370\226\364\350\375OCe\251\221\030\217\340\343\274\004\007\206x$\334\035\002 /Y6\240\270\272\006\367\310\n{\022\377#\256R\302\027^2\203\0215\254\346B\361\274\234\330\230\355""; previousledger: ""t\361\032\213\221\243\004\006][\376s\340\253\234K}\\013\0362\202`\234\371~d\0310\204\264,""; "
1750576785776,1750576785776,219,1,0,1,TMValidation,"validation: """"\200\000\000\001&\000\000\000\004)/\352k\021:\373\252\211\251\2041h\203Q2\262\253\351\035\214\260\336\037!\340\337w\327\364\353\202\243\240<'Mb\336\312E\233'\345-\035<P\027\000\000\000\000\000\000\000\000\000\000\000\000\000\000\000\000\000\000\000\000\000\000\000\000\000\000\000\000\000\000\000\000P\031t\361\032\213\221\243\004\006][\376s\340\253\234K}\\013\0362\202`\234\371~d\0310\204\264,s!\003uv\3157M_,X\323\216\327\373A""\226\013\275\210\0079\020Q\007\035\231@s\266\345\000\272\252vG0E\002!\000\324\212\273\231\371\252\036\305\304\233\327\333\277PkwA\014\325W\270h\222\013E\302\256\306\243\2502V\002 r\3162 ~\373\341\222\305Tz\317\222\265\357\263D\334\316\031\337\225T\341\205\334\244a\245\003\324\""; ","validation: """"\200\000\000\001&\000\000\000\004)/\352k\021:\373\252\211\251\2041h\203Q2\262\253\351\035\214\260\336\037!\340\337w\327\364\353\202\243\240<'Mb\336\312E\233'\345-\035<P\027\000\000\000\000\000\000\000\000\000\000\000\000\000\000\000\000\000\000\000\000\000\000\000\000\000\000\000\000\000\000\000\000P\031t\361\032\213\221\243\004\006][\376s\340\253\234K}\\013\0362\202`\234\371~d\0310\204\264,s!\003uv\3157M_,X\323\216\327\373A""\226\013\275\210\0079\020Q\007\035\231@s\266\345\000\272\252vG0E\002!\000\324\212\273\231\371\252\036\305\304\233\327\333\277PkwA\014\325W\270h\222\013E\302\256\306\243\2502V\002 r\3162 ~\373\341\222\305Tz\317\222\265\357\263D\334\316\031\337\225T\341\205\334\244a\245\003\324\""; "
1750576785777,1750576785777,2019,1,0,4,TMValidation,"validation: """"\200\000\000\001&\000\000\000\004)/\352k\021:\373\252\211\251\2041h\203Q2\262\253\351\035\214\260\336\037!\340\337w\327\364\353\202\243\240<'Mb\336\312E\233'\345-\035<P\027\000\000\000\000\000\000\000\000\000\000\000\000\000\000\000\000\000\000\000\000\000\000\000\000\000\000\000\000\000\000\000\000P\031t\361\032\213\221\243\004\006][\376s\340\253\234K}\\013\0362\202`\234\371~d\0310\204\264,s!\003uv\3157M_,X\323\216\327\373A""\226\013\275\210\0079\020Q\007\035\231@s\266\345\000\272\252vG0E\002!\000\324\212\273\231\371\252\036\305\304\233\327\333\277PkwA\014\325W\270h\222\013E\302\256\306\243\2502V\002 r\3162 ~\373\341\222\305Tz\317\222\265\357\263D\334\316\031\337\225T\341\205\334\244a\245\003\324\""; ","validation: """"\200\000\000\001&\000\000\000\004)/\352k\021:\373\252\211\251\2041h\203Q2\262\253\351\035\214\260\336\037!\340\337w\327\364\353\202\243\240<'Mb\336\312E\233'\345-\035<P\027\000\000\000\000\000\000\000\000\000\000\000\000\000\000\000\000\000\000\000\000\000\000\000\000\000\000\000\000\000\000\000\000P\031t\361\032\213\221\243\004\006][\376s\340\253\234K}\\013\0362\202`\234\371~d\0310\204\264,s!\003uv\3157M_,X\323\216\327\373A""\226\013\275\210\0079\020Q\007\035\231@s\266\345\000\272\252vG0E\002!\000\324\212\273\231\371\252\036\305\304\233\327\333\277PkwA\014\325W\270h\222\013E\302\256\306\243\2502V\002 r\3162 ~\373\341\222\305Tz\317\222\265\357\263D\334\316\031\337\225T\341\205\334\244a\245\003\324\""; "
1750576785777,1750576785777,3783,1,0,2,TMValidation,"validation: """"\200\000\000\001&\000\000\000\004)/\352k\021:\373\252\211\251\2041h\203Q2\262\253\351\035\214\260\336\037!\340\337w\327\364\353\202\243\240<'Mb\336\312E\233'\345-\035<P\027\000\000\000\000\000\000\000\000\000\000\000\000\000\000\000\000\000\000\000\000\000\000\000\000\000\000\000\000\000\000\000\000P\031t\361\032\213\221\243\004\006][\376s\340\253\234K}\\013\0362\202`\234\371~d\0310\204\264,s!\003uv\3157M_,X\323\216\327\373A""\226\013\275\210\0079\020Q\007\035\231@s\266\345\000\272\252vG0E\002!\000\324\212\273\231\371\252\036\305\304\233\327\333\277PkwA\014\325W\270h\222\013E\302\256\306\243\2502V\002 r\3162 ~\373\341\222\305Tz\317\222\265\357\263D\334\316\031\337\225T\341\205\334\244a\245\003\324\""; ","validation: """"\200\000\000\001&\000\000\000\004)/\352k\021:\373\252\211\251\2041h\203Q2\262\253\351\035\214\260\336\037!\340\337w\327\364\353\202\243\240<'Mb\336\312E\233'\345-\035<P\027\000\000\000\000\000\000\000\000\000\000\000\000\000\000\000\000\000\000\000\000\000\000\000\000\000\000\000\000\000\000\000\000P\031t\361\032\213\221\243\004\006][\376s\340\253\234K}\\013\0362\202`\234\371~d\0310\204\264,s!\003uv\3157M_,X\323\216\327\373A""\226\013\275\210\0079\020Q\007\035\231@s\266\345\000\272\252vG0E\002!\000\324\212\273\231\371\252\036\305\304\233\327\333\277PkwA\014\325W\270h\222\013E\302\256\306\243\2502V\002 r\3162 ~\373\341\222\305Tz\317\222\265\357\263D\334\316\031\337\225T\341\205\334\244a\245\003\324\""; "
1750576785807,1750576785807,1879,1,4,2,TMValidation,"validation: """"\200\000\000\001&\000\000\000\004)/\352k\021:\373\252\211\251\2041h\203Q2\262\253\351\035\214\260\336\037!\340\337w\327\364\353\202\243\240<'Mb\336\312E\233'\345-\035<P\027\000\000\000\000\000\000\000\000\000\000\000\000\000\000\000\000\000\000\000\000\000\000\000\000\000\000\000\000\000\000\000\000P\031t\361\032\213\221\243\004\006][\376s\340\253\234K}\\013\0362\202`\234\371~d\0310\204\264,s!\003uv\3157M_,X\323\216\327\373A""\226\013\275\210\0079\020Q\007\035\231@s\266\345\000\272\252vG0E\002!\000\324\212\273\231\371\252\036\305\304\233\327\333\277PkwA\014\325W\270h\222\013E\302\256\306\243\2502V\002 r\3162 ~\373\341\222\305Tz\317\222\265\357\263D\334\316\031\337\225T\341\205\334\244a\245\003\324\""; ","validation: """"\200\000\000\001&\000\000\000\004)/\352k\021:\373\252\211\251\2041h\203Q2\262\253\351\035\214\260\336\037!\340\337w\327\364\353\202\243\240<'Mb\336\312E\233'\345-\035<P\027\000\000\000\000\000\000\000\000\000\000\000\000\000\000\000\000\000\000\000\000\000\000\000\000\000\000\000\000\000\000\000\000P\031t\361\032\213\221\243\004\006][\376s\340\253\234K}\\013\0362\202`\234\371~d\0310\204\264,s!\003uv\3157M_,X\323\216\327\373A""\226\013\275\210\0079\020Q\007\035\231@s\266\345\000\272\252vG0E\002!\000\324\212\273\231\371\252\036\305\304\233\327\333\277PkwA\014\325W\270h\222\013E\302\256\306\243\2502V\002 r\3162 ~\373\341\222\305Tz\317\222\265\357\263D\334\316\031\337\225T\341\205\334\244a\245\003\324\""; "
1750576785808,1750576785808,3345,1,4,1,TMValidation,"validation: """"\200\000\000\001&\000\000\000\004)/\352k\021:\373\252\211\251\2041h\203Q2\262\253\351\035\214\260\336\037!\340\337w\327\364\353\202\243\240<'Mb\336\312E\233'\345-\035<P\027\000\000\000\000\000\000\000\000\000\000\000\000\000\000\000\000\000\000\000\000\000\000\000\000\000\000\000\000\000\000\000\000P\031t\361\032\213\221\243\004\006][\376s\340\253\234K}\\013\0362\202`\234\371~d\0310\204\264,s!\003uv\3157M_,X\323\216\327\373A""\226\013\275\210\0079\020Q\007\035\231@s\266\345\000\272\252vG0E\002!\000\324\212\273\231\371\252\036\305\304\233\327\333\277PkwA\014\325W\270h\222\013E\302\256\306\243\2502V\002 r\3162 ~\373\341\222\305Tz\317\222\265\357\263D\334\316\031\337\225T\341\205\334\244a\245\003\324\""; ","validation: """"\200\000\000\001&\000\000\000\004)/\352k\021:\373\252\211\251\2041h\203Q2\262\253\351\035\214\260\336\037!\340\337w\327\364\353\202\243\240<'Mb\336\312E\233'\345-\035<P\027\000\000\000\000\000\000\000\000\000\000\000\000\000\000\000\000\000\000\000\000\000\000\000\000\000\000\000\000\000\000\000\000P\031t\361\032\213\221\243\004\006][\376s\340\253\234K}\\013\0362\202`\234\371~d\0310\204\264,s!\003uv\3157M_,X\323\216\327\373A""\226\013\275\210\0079\020Q\007\035\231@s\266\345\000\272\252vG0E\002!\000\324\212\273\231\371\252\036\305\304\233\327\333\277PkwA\014\325W\270h\222\013E\302\256\306\243\2502V\002 r\3162 ~\373\341\222\305Tz\317\222\265\357\263D\334\316\031\337\225T\341\205\334\244a\245\003\324\""; "
1750576785808,1750576785808,1044,1,4,0,TMValidation,"validation: """"\200\000\000\001&\000\000\000\004)/\352k\021:\373\252\211\251\2041h\203Q2\262\253\351\035\214\260\336\037!\340\337w\327\364\353\202\243\240<'Mb\336\312E\233'\345-\035<P\027\000\000\000\000\000\000\000\000\000\000\000\000\000\000\000\000\000\000\000\000\000\000\000\000\000\000\000\000\000\000\000\000P\031t\361\032\213\221\243\004\006][\376s\340\253\234K}\\013\0362\202`\234\371~d\0310\204\264,s!\003uv\3157M_,X\323\216\327\373A""\226\013\275\210\0079\020Q\007\035\231@s\266\345\000\272\252vG0E\002!\000\324\212\273\231\371\252\036\305\304\233\327\333\277PkwA\014\325W\270h\222\013E\302\256\306\243\2502V\002 r\3162 ~\373\341\222\305Tz\317\222\265\357\263D\334\316\031\337\225T\341\205\334\244a\245\003\324\""; ","validation: """"\200\000\000\001&\000\000\000\004)/\352k\021:\373\252\211\251\2041h\203Q2\262\253\351\035\214\260\336\037!\340\337w\327\364\353\202\243\240<'Mb\336\312E\233'\345-\035<P\027\000\000\000\000\000\000\000\000\000\000\000\000\000\000\000\000\000\000\000\000\000\000\000\000\000\000\000\000\000\000\000\000P\031t\361\032\213\221\243\004\006][\376s\340\253\234K}\\013\0362\202`\234\371~d\0310\204\264,s!\003uv\3157M_,X\323\216\327\373A""\226\013\275\210\0079\020Q\007\035\231@s\266\345\000\272\252vG0E\002!\000\324\212\273\231\371\252\036\305\304\233\327\333\277PkwA\014\325W\270h\222\013E\302\256\306\243\2502V\002 r\3162 ~\373\341\222\305Tz\317\222\265\357\263D\334\316\031\337\225T\341\205\334\244a\245\003\324\""; "
1750576785866,1750576785866,930,1,2,3,TMProposeSet,"proposeSeq: 0; currentTxHash: ""\000\000\000\000\000\000\000\000\000\000\000\000\000\000\000\000\000\000\000\000\000\000\000\000\000\000\000\000\000\000\000\000""; nodePubKey: ""\002\005\363\0222\231\333G\357\305\020\014\241\033\231\261Z#\243\036\0267\020\210\265\022\240%\336\332\221\202\352""; closeTime: 803891983; signature: ""0D\002 %\266gd\035eo\221wO\005TXB\325\0348;\246\366\331C\350,\236\360\201\346\252\022\016\215\002 m\005\211\272\253e\350F\342\352\231g-\010\240\206Ey\360\030[>4\303\354O\026'\364\310\305\016""; previousledger: ""t\361\032\213\221\243\004\006][\376s\340\253\234K}\\013\0362\202`\234\371~d\0310\204\264,""; ","proposeSeq: 0; currentTxHash: ""\000\000\000\000\000\000\000\000\000\000\000\000\000\000\000\000\000\000\000\000\000\000\000\000\000\000\000\000\000\000\000\000""; nodePubKey: ""\002\005\363\0222\231\333G\357\305\020\014\241\033\231\261Z#\243\036\0267\020\210\265\022\240%\336\332\221\202\352""; closeTime: 803891983; signature: ""0D\002 %\266gd\035eo\221wO\005TXB\325\0348;\246\366\331C\350,\236\360\201\346\252\022\016\215\002 m\005\211\272\253e\350F\342\352\231g-\010\240\206Ey\360\030[>4\303\354O\026'\364\310\305\016""; previousledger: ""t\361\032\213\221\243\004\006][\376s\340\253\234K}\\013\0362\202`\234\371~d\0310\204\264,""; "
1750576785867,1750576785867,1881,1,2,1,TMProposeSet,"proposeSeq: 0; currentTxHash: ""\000\000\000\000\000\000\000\000\000\000\000\000\000\000\000\000\000\000\000\000\000\000\000\000\000\000\000\000\000\000\000\000""; nodePubKey: ""\002\005\363\0222\231\333G\357\305\020\014\241\033\231\261Z#\243\036\0267\020\210\265\022\240%\336\332\221\202\352""; closeTime: 803891983; signature: ""0D\002 %\266gd\035eo\221wO\005TXB\325\0348;\246\366\331C\350,\236\360\201\346\252\022\016\215\002 m\005\211\272\253e\350F\342\352\231g-\010\240\206Ey\360\030[>4\303\354O\026'\364\310\305\016""; previousledger: ""t\361\032\213\221\243\004\006][\376s\340\253\234K}\\013\0362\202`\234\371~d\0310\204\264,""; ","proposeSeq: 0; currentTxHash: ""\000\000\000\000\000\000\000\000\000\000\000\000\000\000\000\000\000\000\000\000\000\000\000\000\000\000\000\000\000\000\000\000""; nodePubKey: ""\002\005\363\0222\231\333G\357\305\020\014\241\033\231\261Z#\243\036\0267\020\210\265\022\240%\336\332\221\202\352""; closeTime: 803891983; signature: ""0D\002 %\266gd\035eo\221wO\005TXB\325\0348;\246\366\331C\350,\236\360\201\346\252\022\016\215\002 m\005\211\272\253e\350F\342\352\231g-\010\240\206Ey\360\030[>4\303\354O\026'\364\310\305\016""; previousledger: ""t\361\032\213\221\243\004\006][\376s\340\253\234K}\\013\0362\202`\234\371~d\0310\204\264,""; "
1750576785867,1750576785867,2648,1,2,0,TMProposeSet,"proposeSeq: 0; currentTxHash: ""\000\000\000\000\000\000\000\000\000\000\000\000\000\000\000\000\000\000\000\000\000\000\000\000\000\000\000\000\000\000\000\000""; nodePubKey: ""\002\005\363\0222\231\333G\357\305\020\014\241\033\231\261Z#\243\036\0267\020\210\265\022\240%\336\332\221\202\352""; closeTime: 803891983; signature: ""0D\002 %\266gd\035eo\221wO\005TXB\325\0348;\246\366\331C\350,\236\360\201\346\252\022\016\215\002 m\005\211\272\253e\350F\342\352\231g-\010\240\206Ey\360\030[>4\303\354O\026'\364\310\305\016""; previousledger: ""t\361\032\213\221\243\004\006][\376s\340\253\234K}\\013\0362\202`\234\371~d\0310\204\264,""; ","proposeSeq: 0; currentTxHash: ""\000\000\000\000\000\000\000\000\000\000\000\000\000\000\000\000\000\000\000\000\000\000\000\000\000\000\000\000\000\000\000\000""; nodePubKey: ""\002\005\363\0222\231\333G\357\305\020\014\241\033\231\261Z#\243\036\0267\020\210\265\022\240%\336\332\221\202\352""; closeTime: 803891983; signature: ""0D\002 %\266gd\035eo\221wO\005TXB\325\0348;\246\366\331C\350,\236\360\201\346\252\022\016\215\002 m\005\211\272\253e\350F\342\352\231g-\010\240\206Ey\360\030[>4\303\354O\026'\364\310\305\016""; previousledger: ""t\361\032\213\221\243\004\006][\376s\340\253\234K}\\013\0362\202`\234\371~d\0310\204\264,""; "
1750576785879,1750576785879,1137,1,1,4,TMStatusChange,"newEvent: neACCEPTED_LEDGER; ledgerSeq: 4; ledgerHash: ""2\262\253\351\035\214\260\336\037!\340\337w\327\364\353\202\243\240<'Mb\336\312E\233'\345-\035<""; ledgerHashPrevious: ""t\361\032\213\221\243\004\006][\376s\340\253\234K}\\013\0362\202`\234\371~d\0310\204\264,""; networkTime: 803891985; firstSeq: 1; lastSeq: 3; ","newEvent: neACCEPTED_LEDGER; ledgerSeq: 4; ledgerHash: ""2\262\253\351\035\214\260\336\037!\340\337w\327\364\353\202\243\240<'Mb\336\312E\233'\345-\035<""; ledgerHashPrevious: ""t\361\032\213\221\243\004\006][\376s\340\253\234K}\\013\0362\202`\234\371~d\0310\204\264,""; networkTime: 803891985; firstSeq: 1; lastSeq: 3; "
1750576785880,1750576785880,494,1,1,4,TMValidation,"validation: """"\200\000\000\001&\000\000\000\004)/\352k\021:~\324\314\253\264\317\217]Q2\262\253\351\035\214\260\336\037!\340\337w\327\364\353\202\243\240<'Mb\336\312E\233'\345-\035<P\027\000\000\000\000\000\000\000\000\000\000\000\000\000\000\000\000\000\000\000\000\000\000\000\000\000\000\000\000\000\000\000\000P\031t\361\032\213\221\243\004\006][\376s\340\253\234K}\\013\0362\202`\234\371~d\0310\204\264,s!\003\031\332\276_\315\363\210\315\246\030F\330\251\017g\263\037\257\332\007 \253\203\233\205\365\344\036\245\374\253\323vG0E\002!\000\237\327\372\306\366\036\353\010\2120$k,Ih\000=]4\204\213\223\233V\331df\274\346\3245$\002 \006\016\022[\237\000\365\233\244\375;\000nyh\356\344\264\370\\357)\247\007\263\025\027\313\211\255g\020""; ","validation: """"\200\000\000\001&\000\000\000\004)/\352k\021:~\324\314\253\264\317\217]Q2\262\253\351\035\214\260\336\037!\340\337w\327\364\353\202\243\240<'Mb\336\312E\233'\345-\035<P\027\000\000\000\000\000\000\000\000\000\000\000\000\000\000\000\000\000\000\000\000\000\000\000\000\000\000\000\000\000\000\000\000P\031t\361\032\213\221\243\004\006][\376s\340\253\234K}\\013\0362\202`\234\371~d\0310\204\264,s!\003\031\332\276_\315\363\210\315\246\030F\330\251\017g\263\037\257\332\007 \253\203\233\205\365\344\036\245\374\253\323vG0E\002!\000\237\327\372\306\366\036\353\010\2120$k,Ih\000=]4\204\213\223\233V\331df\274\346\3245$\002 \006\016\022[\237\000\365\233\244\375;\000nyh\356\344\264\370\\357)\247\007\263\025\027\313\211\255g\020""; "
1750576785880,1750576785880,2156,1,1,3,TMValidation,"validation: """"\200\000\000\001&\000\000\000\004)/\352k\021:~\324\314\253\264\317\217]Q2\262\253\351\035\214\260\336\037!\340\337w\327\364\353\202\243\240<'Mb\336\312E\233'\345-\035<P\027\000\000\000\000\000\000\000\000\000\000\000\000\000\000\000\000\000\000\000\000\000\000\000\000\000\000\000\000\000\000\000\000P\031t\361\032\213\221\243\004\006][\376s\340\253\234K}\\013\0362\202`\234\371~d\0310\204\264,s!\003\031\332\276_\315\363\210\315\246\030F\330\251\017g\263\037\257\332\007 \253\203\233\205\365\344\036\245\374\253\323vG0E\002!\000\237\327\372\306\366\036\353\010\2120$k,Ih\000=]4\204\213\223\233V\331df\274\346\3245$\002 \006\016\022[\237\000\365\233\244\375;\000nyh\356\344\264\370\\357)\247\007\263\025\027\313\211\255g\020""; ","validation: """"\200\000\000\001&\000\000\000\004)/\352k\021:~\324\314\253\264\317\217]Q2\262\253\351\035\214\260\336\037!\340\337w\327\364\353\202\243\240<'Mb\336\312E\233'\345-\035<P\027\000\000\000\000\000\000\000\000\000\000\000\000\000\000\000\000\000\000\000\000\000\000\000\000\000\000\000\000\000\000\000\000P\031t\361\032\213\221\243\004\006][\376s\340\253\234K}\\013\0362\202`\234\371~d\0310\204\264,s!\003\031\332\276_\315\363\210\315\246\030F\330\251\017g\263\037\257\332\007 \253\203\233\205\365\344\036\245\374\253\323vG0E\002!\000\237\327\372\306\366\036\353\010\2120$k,Ih\000=]4\204\213\223\233V\331df\274\346\3245$\002 \006\016\022[\237\000\365\233\244\375;\000nyh\356\344\264\370\\357)\247\007\263\025\027\313\211\255g\020""; "
1750576785880,1750576785880,2844,1,1,2,TMStatusChange,"newEvent: neACCEPTED_LEDGER; ledgerSeq: 4; ledgerHash: ""2\262\253\351\035\214\260\336\037!\340\337w\327\364\353\202\243\240<'Mb\336\312E\233'\345-\035<""; ledgerHashPrevious: ""t\361\032\213\221\243\004\006][\376s\340\253\234K}\\013\0362\202`\234\371~d\0310\204\264,""; networkTime: 803891985; firstSeq: 1; lastSeq: 3; ","newEvent: neACCEPTED_LEDGER; ledgerSeq: 4; ledgerHash: ""2\262\253\351\035\214\260\336\037!\340\337w\327\364\353\202\243\240<'Mb\336\312E\233'\345-\035<""; ledgerHashPrevious: ""t\361\032\213\221\243\004\006][\376s\340\253\234K}\\013\0362\202`\234\371~d\0310\204\264,""; networkTime: 803891985; firstSeq: 1; lastSeq: 3; "
1750576785881,1750576785881,1638,1,1,3,TMStatusChange,"newEvent: neACCEPTED_LEDGER; ledgerSeq: 4; ledgerHash: ""2\262\253\351\035\214\260\336\037!\340\337w\327\364\353\202\243\240<'Mb\336\312E\233'\345-\035<""; ledgerHashPrevious: ""t\361\032\213\221\243\004\006][\376s\340\253\234K}\\013\0362\202`\234\371~d\0310\204\264,""; networkTime: 803891985; firstSeq: 1; lastSeq: 3; ","newEvent: neACCEPTED_LEDGER; ledgerSeq: 4; ledgerHash: ""2\262\253\351\035\214\260\336\037!\340\337w\327\364\353\202\243\240<'Mb\336\312E\233'\345-\035<""; ledgerHashPrevious: ""t\361\032\213\221\243\004\006][\376s\340\253\234K}\\013\0362\202`\234\371~d\0310\204\264,""; networkTime: 803891985; firstSeq: 1; lastSeq: 3; "
1750576785882,1750576785882,2386,1,1,0,TMStatusChange,"newEvent: neACCEPTED_LEDGER; ledgerSeq: 4; ledgerHash: ""2\262\253\351\035\214\260\336\037!\340\337w\327\364\353\202\243\240<'Mb\336\312E\233'\345-\035<""; ledgerHashPrevious: ""t\361\032\213\221\243\004\006][\376s\340\253\234K}\\013\0362\202`\234\371~d\0310\204\264,""; networkTime: 803891985; firstSeq: 1; lastSeq: 3; ","newEvent: neACCEPTED_LEDGER; ledgerSeq: 4; ledgerHash: ""2\262\253\351\035\214\260\336\037!\340\337w\327\364\353\202\243\240<'Mb\336\312E\233'\345-\035<""; ledgerHashPrevious: ""t\361\032\213\221\243\004\006][\376s\340\253\234K}\\013\0362\202`\234\371~d\0310\204\264,""; networkTime: 803891985; firstSeq: 1; lastSeq: 3; "
1750576785882,1750576785882,3831,1,1,0,TMValidation,"validation: """"\200\000\000\001&\000\000\000\004)/\352k\021:~\324\314\253\264\317\217]Q2\262\253\351\035\214\260\336\037!\340\337w\327\364\353\202\243\240<'Mb\336\312E\233'\345-\035<P\027\000\000\000\000\000\000\000\000\000\000\000\000\000\000\000\000\000\000\000\000\000\000\000\000\000\000\000\000\000\000\000\000P\031t\361\032\213\221\243\004\006][\376s\340\253\234K}\\013\0362\202`\234\371~d\0310\204\264,s!\003\031\332\276_\315\363\210\315\246\030F\330\251\017g\263\037\257\332\007 \253\203\233\205\365\344\036\245\374\253\323vG0E\002!\000\237\327\372\306\366\036\353\010\2120$k,Ih\000=]4\204\213\223\233V\331df\274\346\3245$\002 \006\016\022[\237\000\365\233\244\375;\000nyh\356\344\264\370\\357)\247\007\263\025\027\313\211\255g\020""; ","validation: """"\200\000\000\001&\000\000\000\004)/\352k\021:~\324\314\253\264\317\217]Q2\262\253\351\035\214\260\336\037!\340\337w\327\364\353\202\243\240<'Mb\336\312E\233'\345-\035<P\027\000\000\000\000\000\000\000\000\000\000\000\000\000\000\000\000\000\000\000\000\000\000\000\000\000\000\000\000\000\000\000\000P\031t\361\032\213\221\243\004\006][\376s\340\253\234K}\\013\0362\202`\234\371~d\0310\204\264,s!\003\031\332\276_\315\363\210\315\246\030F\330\251\017g\263\037\257\332\007 \253\203\233\205\365\344\036\245\374\253\323vG0E\002!\000\237\327\372\306\366\036\353\010\2120$k,Ih\000=]4\204\213\223\233V\331df\274\346\3245$\002 \006\016\022[\237\000\365\233\244\375;\000nyh\356\344\264\370\\357)\247\007\263\025\027\313\211\255g\020""; "
1750576785882,1750576785882,1000,1,1,2,TMValidation,"validation: """"\200\000\000\001&\000\000\000\004)/\352k\021:~\324\314\253\264\317\217]Q2\262\253\351\035\214\260\336\037!\340\337w\327\364\353\202\243\240<'Mb\336\312E\233'\345-\035<P\027\000\000\000\000\000\000\000\000\000\000\000\000\000\000\000\000\000\000\000\000\000\000\000\000\000\000\000\000\000\000\000\000P\031t\361\032\213\221\243\004\006][\376s\340\253\234K}\\013\0362\202`\234\371~d\0310\204\264,s!\003\031\332\276_\315\363\210\315\246\030F\330\251\017g\263\037\257\332\007 \253\203\233\205\365\344\036\245\374\253\323vG0E\002!\000\237\327\372\306\366\036\353\010\2120$k,Ih\000=]4\204\213\223\233V\331df\274\346\3245$\002 \006\016\022[\237\000\365\233\244\375;\000nyh\356\344\264\370\\357)\247\007\263\025\027\313\211\255g\020""; ","validation: """"\200\000\000\001&\000\000\000\004)/\352k\021:~\324\314\253\264\317\217]Q2\262\253\351\035\214\260\336\037!\340\337w\327\364\353\202\243\240<'Mb\336\312E\233'\345-\035<P\027\000\000\000\000\000\000\000\000\000\000\000\000\000\000\000\000\000\000\000\000\000\000\000\000\000\000\000\000\000\000\000\000P\031t\361\032\213\221\243\004\006][\376s\340\253\234K}\\013\0362\202`\234\371~d\0310\204\264,s!\003\031\332\276_\315\363\210\315\246\030F\330\251\017g\263\037\257\332\007 \253\203\233\205\365\344\036\245\374\253\323vG0E\002!\000\237\327\372\306\366\036\353\010\2120$k,Ih\000=]4\204\213\223\233V\331df\274\346\3245$\002 \006\016\022[\237\000\365\233\244\375;\000nyh\356\344\264\370\\357)\247\007\263\025\027\313\211\255g\020""; "
1750576785902,1750576785902,3054,1,3,2,TMTransaction,"rawTransaction: ""\022\000\000""\000\000\000\000$\000\000\000\003 \033\000\000\000\027a@\000\000\027H\206*@h@\000\000\000\000\000\000\ns!\0030\347\374\235V\273%\326\211;\243\363\027\256[\3173\263)\033\326=\263&T\243\023""/\177\320 tF0D\002 F?5j\240&c\234r\205{%\3608\016\273\244\270\264\364,5N)JW\366X\270\022\2407\002 \005\372\2618R\335py\322,%\323]\361y\350\240\326x7\232}\275\254J\321K$\304\322D\262\201\024\265\367by\212S\325C\240\024\312\370\262\227\317\370\362\3717\350\203\024\033X\247\021T!\3235\270\274R\235\240\3362w\273T?$""; status: tsCURRENT; receiveTimestamp: 803891985; deferred: false; ","rawTransaction: ""\022\000\000""\000\000\000\000$\000\000\000\003 \033\000\000\000\027a@\000\000\027H\206*@h@\000\000\000\000\000\000\ns!\0030\347\374\235V\273%\326\211;\243\363\027\256[\3173\263)\033\326=\263&T\243\023""/\177\320 tF0D\002 F?5j\240&c\234r\205{%\3608\016\273\244\270\264\364,5N)JW\366X\270\022\2407\002 \005\372\2618R\335py\322,%\323]\361y\350\240\326x7\232}\275\254J\321K$\304\322D\262\201\024\265\367by\212S\325C\240\024\312\370\262\227\317\370\362\3717\350\203\024\033X\247\021T!\3235\270\274R\235\240\3362w\273T?$""; status: tsCURRENT; receiveTimestamp: 803891985; deferred: false; "
1750576785902,1750576785903,1211,1,3,0,TMTransaction,"rawTransaction: ""\022\000\000""\000\000\000\000$\000\000\000\003 \033\000\000\000\027a@\000\000\027H\206*@h@\000\000\000\000\000\000\ns!\0030\347\374\235V\273%\326\211;\243\363\027\256[\3173\263)\033\326=\263&T\243\023""/\177\320 tF0D\002 F?5j\240&c\234r\205{%\3608\016\273\244\270\264\364,5N)JW\366X\270\022\2407\002 \005\372\2618R\335py\322,%\323]\361y\350\240\326x7\232}\275\254J\321K$\304\322D\262\201\024\265\367by\212S\325C\240\024\312\370\262\227\317\370\362\3717\350\203\024\033X\247\021T!\3235\270\274R\235\240\3362w\273T?$""; status: tsCURRENT; receiveTimestamp: 803891985; deferred: false; ","rawTransaction: ""\022\000\000""\000\000\000\000$\000\000\000\003 \033\000\000\000\027a@\000\000\027H\206*@h@\000\000\000\000\000\000\ns!\0030\347\374\235V\273%\326\211;\243\363\027\256[\3173\263)\033\326=\263&T\243\023""/\177\320 tF0D\002 F?5j\240&c\234r\205{%\3608\016\273\244\270\264\364,5N)JW\366X\270\022\2407\002 \005\372\2618R\335py\322,%\323]\361y\350\240\326x7\232}\275\254J\321K$\304\322D\262\201\024\265\367by\212S\325C\240\024\312\370\262\227\317\370\362\3717\350\203\024\033X\247\021T!\3235\270\274R\235\240\3362w\273T?$""; status: tsCURRENT; receiveTimestamp: 803891985; deferred: false; "
1750576785902,1750576785903,1379,1,3,4,TMTransaction,"rawTransaction: ""\022\000\000""\000\000\000\000$\000\000\000\003 \033\000\000\000\027a@\000\000\027H\206*@h@\000\000\000\000\000\000\ns!\0030\347\374\235V\273%\326\211;\243\363\027\256[\3173\263)\033\326=\263&T\243\023""/\177\320 tF0D\002 F?5j\240&c\234r\205{%\3608\016\273\244\270\264\364,5N)JW\366X\270\022\2407\002 \005\372\2618R\335py\322,%\323]\361y\350\240\326x7\232}\275\254J\321K$\304\322D\262\201\024\265\367by\212S\325C\240\024\312\370\262\227\317\370\362\3717\350\203\024\033X\247\021T!\3235\270\274R\235\240\3362w\273T?$""; status: tsCURRENT; receiveTimestamp: 803891985; deferred: false; ","rawTransaction: ""\022\000\000""\000\000\000\000$\000\000\000\003 \033\000\000\000\027a@\000\000\027H\206*@h@\000\000\000\000\000\000\ns!\0030\347\374\235V\273%\326\211;\243\363\027\256[\3173\263)\033\326=\263&T\243\023""/\177\320 tF0D\002 F?5j\240&c\234r\205{%\3608\016\273\244\270\264\364,5N)JW\366X\270\022\2407\002 \005\372\2618R\335py\322,%\323]\361y\350\240\326x7\232}\275\254J\321K$\304\322D\262\201\024\265\367by\212S\325C\240\024\312\370\262\227\317\370\362\3717\350\203\024\033X\247\021T!\3235\270\274R\235\240\3362w\273T?$""; status: tsCURRENT; receiveTimestamp: 803891985; deferred: false; "
1750576785907,1750576785907,490,1,4,3,TMValidation,"validation: """"\200\000\000\001&\000\000\000\004)/\352k\021:\030\016l\375\261lU\035Q2\262\253\351\035\214\260\336\037!\340\337w\327\364\353\202\243\240<'Mb\336\312E\233'\345-\035<P\027\000\000\000\000\000\000\000\000\000\000\000\000\000\000\000\000\000\000\000\000\000\000\000\000\000\000\000\000\000\000\000\000P\031t\361\032\213\221\243\004\006][\376s\340\253\234K}\\013\0362\202`\234\371~d\0310\204\264,s!\002\005\363\0222\231\333G\357\305\020\014\241\033\231\261Z#\243\036\0267\020\210\265\022\240%\336\332\221\202\352vG0E\002!\000\214\366\216\314\025\353\220=.\177\351\346\307R\301c\223\317,z[F\211z\262m[7q\326\231\035\002 h\261h3\345\223\325""\323\301\355\003\207\264\346\362\321\310&z\310\371\002\035\230\307\327\303\251\357[\037""; ","validation: """"\200\000\000\001&\000\000\000\004)/\352k\021:\030\016l\375\261lU\035Q2\262\253\351\035\214\260\336\037!\340\337w\327\364\353\202\243\240<'Mb\336\312E\233'\345-\035<P\027\000\000\000\000\000\000\000\000\000\000\000\000\000\000\000\000\000\000\000\000\000\000\000\000\000\000\000\000\000\000\000\000P\031t\361\032\213\221\243\004\006][\376s\340\253\234K}\\013\0362\202`\234\371~d\0310\204\264,s!\002\005\363\0222\231\333G\357\305\020\014\241\033\231\261Z#\243\036\0267\020\210\265\022\240%\336\332\221\202\352vG0E\002!\000\214\366\216\314\025\353\220=.\177\351\346\307R\301c\223\317,z[F\211z\262m[7q\326\231\035\002 h\261h3\345\223\325""\323\301\355\003\207\264\346\362\321\310&z\310\371\002\035\230\307\327\303\251\357[\037""; "
1750576785907,1750576785907,1044,1,4,0,TMValidation,"validation: """"\200\000\000\001&\000\000\000\004)/\352k\021:\030\016l\375\261lU\035Q2\262\253\351\035\214\260\336\037!\340\337w\327\364\353\202\243\240<'Mb\336\312E\233'\345-\035<P\027\000\000\000\000\000\000\000\000\000\000\000\000\000\000\000\000\000\000\000\000\000\000\000\000\000\000\000\000\000\000\000\000P\031t\361\032\213\221\243\004\006][\376s\340\253\234K}\\013\0362\202`\234\371~d\0310\204\264,s!\002\005\363\0222\231\333G\357\305\020\014\241\033\231\261Z#\243\036\0267\020\210\265\022\240%\336\332\221\202\352vG0E\002!\000\214\366\216\314\025\353\220=.\177\351\346\307R\301c\223\317,z[F\211z\262m[7q\326\231\035\002 h\261h3\345\223\325""\323\301\355\003\207\264\346\362\321\310&z\310\371\002\035\230\307\327\303\251\357[\037""; ","validation: """"\200\000\000\001&\000\000\000\004)/\352k\021:\030\016l\375\261lU\035Q2\262\253\351\035\214\260\336\037!\340\337w\327\364\353\202\243\240<'Mb\336\312E\233'\345-\035<P\027\000\000\000\000\000\000\000\000\000\000\000\000\000\000\000\000\000\000\000\000\000\000\000\000\000\000\000\000\000\000\000\000P\031t\361\032\213\221\243\004\006][\376s\340\253\234K}\\013\0362\202`\234\371~d\0310\204\264,s!\002\005\363\0222\231\333G\357\305\020\014\241\033\231\261Z#\243\036\0267\020\210\265\022\240%\336\332\221\202\352vG0E\002!\000\214\366\216\314\025\353\220=.\177\351\346\307R\301c\223\317,z[F\211z\262m[7q\326\231\035\002 h\261h3\345\223\325""\323\301\355\003\207\264\346\362\321\310&z\310\371\002\035\230\307\327\303\251\357[\037""; "
1750576785908,1750576785908,1879,1,4,2,TMValidation,"validation: """"\200\000\000\001&\000\000\000\004)/\352k\021:\030\016l\375\261lU\035Q2\262\253\351\035\214\260\336\037!\340\337w\327\364\353\202\243\240<'Mb\336\312E\233'\345-\035<P\027\000\000\000\000\000\000\000\000\000\000\000\000\000\000\000\000\000\000\000\000\000\000\000\000\000\000\000\000\000\000\000\000P\031t\361\032\213\221\243\004\006][\376s\340\253\234K}\\013\0362\202`\234\371~d\0310\204\264,s!\002\005\363\0222\231\333G\357\305\020\014\241\033\231\261Z#\243\036\0267\020\210\265\022\240%\336\332\221\202\352vG0E\002!\000\214\366\216\314\025\353\220=.\177\351\346\307R\301c\223\317,z[F\211z\262m[7q\326\231\035\002 h\261h3\345\223\325""\323\301\355\003\207\264\346\362\321\310&z\310\371\002\035\230\307\327\303\251\357[\037""; ","validation: """"\200\000\000\001&\000\000\000\004)/\352k\021:\030\016l\375\261lU\035Q2\262\253\351\035\214\260\336\037!\340\337w\327\364\353\202\243\240<'Mb\336\312E\233'\345-\035<P\027\000\000\000\000\000\000\000\000\000\000\000\000\000\000\000\000\000\000\000\000\000\000\000\000\000\000\000\000\000\000\000\000P\031t\361\032\213\221\243\004\006][\376s\340\253\234K}\\013\0362\202`\234\371~d\0310\204\264,s!\002\005\363\0222\231\333G\357\305\020\014\241\033\231\261Z#\243\036\0267\020\210\265\022\240%\336\332\221\202\352vG0E\002!\000\214\366\216\314\025\353\220=.\177\351\346\307R\301c\223\317,z[F\211z\262m[7q\326\231\035\002 h\261h3\345\223\325""\323\301\355\003\207\264\346\362\321\310&z\310\371\002\035\230\307\327\303\251\357[\037""; "
1750576785944,1750576785944,108,1,3,0,TMValidation,"validation: """"\200\000\000\001&\000\000\000\004)/\352k\021:\225\031\312\0231#ajQ2\262\253\351\035\214\260\336\037!\340\337w\327\364\353\202\243\240<'Mb\336\312E\233'\345-\035<P\027\000\000\000\000\000\000\000\000\000\000\000\000\000\000\000\000\000\000\000\000\000\000\000\000\000\000\000\000\000\000\000\000P\031t\361\032\213\221\243\004\006][\376s\340\253\234K}\\013\0362\202`\234\371~d\0310\204\264,s!\002i\265d-H\225\336\350\317n\272\016O\317\257\273\327\352\371\231\250\230(\240\353\331\024\207\241\020\304!vF0D\002 %v\367z*\301+2B+\t^\364\014\013k\273Ez\002i\003\312K\007 \036n\322\344lq\002 9\324\005E0G\024\220\214Y\355\3215\237\327\234\344\212\362/ \031\356\254\214Xz\213\333\0034\321""; ","validation: """"\200\000\000\001&\000\000\000\004)/\352k\021:\225\031\312\0231#ajQ2\262\253\351\035\214\260\336\037!\340\337w\327\364\353\202\243\240<'Mb\336\312E\233'\345-\035<P\027\000\000\000\000\000\000\000\000\000\000\000\000\000\000\000\000\000\000\000\000\000\000\000\000\000\000\000\000\000\000\000\000P\031t\361\032\213\221\243\004\006][\376s\340\253\234K}\\013\0362\202`\234\371~d\0310\204\264,s!\002i\265d-H\225\336\350\317n\272\016O\317\257\273\327\352\371\231\250\230(\240\353\331\024\207\241\020\304!vF0D\002 %v\367z*\301+2B+\t^\364\014\013k\273Ez\002i\003\312K\007 \036n\322\344lq\002 9\324\005E0G\024\220\214Y\355\3215\237\327\234\344\212\362/ \031\356\254\214Xz\213\333\0034\321""; "
1750576785945,1750576785945,1360,1,3,1,TMValidation,"validation: """"\200\000\000\001&\000\000\000\004)/\352k\021:\225\031\312\0231#ajQ2\262\253\351\035\214\260\336\037!\340\337w\327\364\353\202\243\240<'Mb\336\312E\233'\345-\035<P\027\000\000\000\000\000\000\000\000\000\000\000\000\000\000\000\000\000\000\000\000\000\000\000\000\000\000\000\000\000\000\000\000P\031t\361\032\213\221\243\004\006][\376s\340\253\234K}\\013\0362\202`\234\371~d\0310\204\264,s!\002i\265d-H\225\336\350\317n\272\016O\317\257\273\327\352\371\231\250\230(\240\353\331\024\207\241\020\304!vF0D\002 %v\367z*\301+2B+\t^\364\014\013k\273Ez\002i\003\312K\007 \036n\322\344lq\002 9\324\005E0G\024\220\214Y\355\3215\237\327\234\344\212\362/ \031\356\254\214Xz\213\333\0034\321""; ","validation: """"\200\000\000\001&\000\000\000\004)/\352k\021:\225\031\312\0231#ajQ2\262\253\351\035\214\260\336\037!\340\337w\327\364\353\202\243\240<'Mb\336\312E\233'\345-\035<P\027\000\000\000\000\000\000\000\000\000\000\000\000\000\000\000\000\000\000\000\000\000\000\000\000\000\000\000\000\000\000\000\000P\031t\361\032\213\221\243\004\006][\376s\340\253\234K}\\013\0362\202`\234\371~d\0310\204\264,s!\002i\265d-H\225\336\350\317n\272\016O\317\257\273\327\352\371\231\250\230(\240\353\331\024\207\241\020\304!vF0D\002 %v\367z*\301+2B+\t^\364\014\013k\273Ez\002i\003\312K\007 \036n\322\344lq\002 9\324\005E0G\024\220\214Y\355\3215\237\327\234\344\212\362/ \031\356\254\214Xz\213\333\0034\321""; "
1750576785946,1750576785946,1433,1,3,2,TMValidation,"validation: """"\200\000\000\001&\000\000\000\004)/\352k\021:\225\031\312\0231#ajQ2\262\253\351\035\214\260\336\037!\340\337w\327\364\353\202\243\240<'Mb\336\312E\233'\345-\035<P\027\000\000\000\000\000\000\000\000\000\000\000\000\000\000\000\000\000\000\000\000\000\000\000\000\000\000\000\000\000\000\000\000P\031t\361\032\213\221\243\004\006][\376s\340\253\234K}\\013\0362\202`\234\371~d\0310\204\264,s!\002i\265d-H\225\336\350\317n\272\016O\317\257\273\327\352\371\231\250\230(\240\353\331\024\207\241\020\304!vF0D\002 %v\367z*\301+2B+\t^\364\014\013k\273Ez\002i\003\312K\007 \036n\322\344lq\002 9\324\005E0G\024\220\214Y\355\3215\237\327\234\344\212\362/ \031\356\254\214Xz\213\333\0034\321""; ","validation: """"\200\000\000\001&\000\000\000\004)/\352k\021:\225\031\312\0231#ajQ2\262\253\351\035\214\260\336\037!\340\337w\327\364\353\202\243\240<'Mb\336\312E\233'\345-\035<P\027\000\000\000\000\000\000\000\000\000\000\000\000\000\000\000\000\000\000\000\000\000\000\000\000\000\000\000\000\000\000\000\000P\031t\361\032\213\221\243\004\006][\376s\340\253\234K}\\013\0362\202`\234\371~d\0310\204\264,s!\002i\265d-H\225\336\350\317n\272\016O\317\257\273\327\352\371\231\250\230(\240\353\331\024\207\241\020\304!vF0D\002 %v\367z*\301+2B+\t^\364\014\013k\273Ez\002i\003\312K\007 \036n\322\344lq\002 9\324\005E0G\024\220\214Y\355\3215\237\327\234\344\212\362/ \031\356\254\214Xz\213\333\0034\321""; "
1750576785998,1750576785998,494,1,1,4,TMValidation,"validation: """"\200\000\000\001&\000\000\000\004)/\352k\021:\373\252\211\251\2041h\203Q2\262\253\351\035\214\260\336\037!\340\337w\327\364\353\202\243\240<'Mb\336\312E\233'\345-\035<P\027\000\000\000\000\000\000\000\000\000\000\000\000\000\000\000\000\000\000\000\000\000\000\000\000\000\000\000\000\000\000\000\000P\031t\361\032\213\221\243\004\006][\376s\340\253\234K}\\013\0362\202`\234\371~d\0310\204\264,s!\003uv\3157M_,X\323\216\327\373A""\226\013\275\210\0079\020Q\007\035\231@s\266\345\000\272\252vG0E\002!\000\324\212\273\231\371\252\036\305\304\233\327\333\277PkwA\014\325W\270h\222\013E\302\256\306\243\2502V\002 r\3162 ~\373\341\222\305Tz\317\222\265\357\263D\334\316\031\337\225T\341\205\334\244a\245\003\324\""; ","validation: """"\200\000\000\001&\000\000\000\004)/\352k\021:\373\252\211\251\2041h\203Q2\262\253\351\035\214\260\336\037!\340\337w\327\364\353\202\243\240<'Mb\336\312E\233'\345-\035<P\027\000\000\000\000\000\000\000\000\000\000\000\000\000\000\000\000\000\000\000\000\000\000\000\000\000\000\000\000\000\000\000\000P\031t\361\032\213\221\243\004\006][\376s\340\253\234K}\\013\0362\202`\234\371~d\0310\204\264,s!\003uv\3157M_,X\323\216\327\373A""\226\013\275\210\0079\020Q\007\035\231@s\266\345\000\272\252vG0E\002!\000\324\212\273\231\371\252\036\305\304\233\327\333\277PkwA\014\325W\270h\222\013E\302\256\306\243\2502V\002 r\3162 ~\373\341\222\305Tz\317\222\265\357\263D\334\316\031\337\225T\341\205\334\244a\245\003\324\""; "
1750576785998,1750576785998,1000,1,1,2,TMValidation,"validation: """"\200\000\000\001&\000\000\000\004)/\352k\021:\373\252\211\251\2041h\203Q2\262\253\351\035\214\260\336\037!\340\337w\327\364\353\202\243\240<'Mb\336\312E\233'\345-\035<P\027\000\000\000\000\000\000\000\000\000\000\000\000\000\000\000\000\000\000\000\000\000\000\000\000\000\000\000\000\000\000\000\000P\031t\361\032\213\221\243\004\006][\376s\340\253\234K}\\013\0362\202`\234\371~d\0310\204\264,s!\003uv\3157M_,X\323\216\327\373A""\226\013\275\210\0079\020Q\007\035\231@s\266\345\000\272\252vG0E\002!\000\324\212\273\231\371\252\036\305\304\233\327\333\277PkwA\014\325W\270h\222\013E\302\256\306\243\2502V\002 r\3162 ~\373\341\222\305Tz\317\222\265\357\263D\334\316\031\337\225T\341\205\334\244a\245\003\324\""; ","validation: """"\200\000\000\001&\000\000\000\004)/\352k\021:\373\252\211\251\2041h\203Q2\262\253\351\035\214\260\336\037!\340\337w\327\364\353\202\243\240<'Mb\336\312E\233'\345-\035<P\027\000\000\000\000\000\000\000\000\000\000\000\000\000\000\000\000\000\000\000\000\000\000\000\000\000\000\000\000\000\000\000\000P\031t\361\032\213\221\243\004\006][\376s\340\253\234K}\\013\0362\202`\234\371~d\0310\204\264,s!\003uv\3157M_,X\323\216\327\373A""\226\013\275\210\0079\020Q\007\035\231@s\266\345\000\272\252vG0E\002!\000\324\212\273\231\371\252\036\305\304\233\327\333\277PkwA\014\325W\270h\222\013E\302\256\306\243\2502V\002 r\3162 ~\373\341\222\305Tz\317\222\265\357\263D\334\316\031\337\225T\341\205\334\244a\245\003\324\""; "
1750576785998,1750576785998,2156,1,1,3,TMValidation,"validation: """"\200\000\000\001&\000\000\000\004)/\352k\021:\373\252\211\251\2041h\203Q2\262\253\351\035\214\260\336\037!\340\337w\327\364\353\202\243\240<'Mb\336\312E\233'\345-\035<P\027\000\000\000\000\000\000\000\000\000\000\000\000\000\000\000\000\000\000\000\000\000\000\000\000\000\000\000\000\000\000\000\000P\031t\361\032\213\221\243\004\006][\376s\340\253\234K}\\013\0362\202`\234\371~d\0310\204\264,s!\003uv\3157M_,X\323\216\327\373A""\226\013\275\210\0079\020Q\007\035\231@s\266\345\000\272\252vG0E\002!\000\324\212\273\231\371\252\036\305\304\233\327\333\277PkwA\014\325W\270h\222\013E\302\256\306\243\2502V\002 r\3162 ~\373\341\222\305Tz\317\222\265\357\263D\334\316\031\337\225T\341\205\334\244a\245\003\324\""; ","validation: """"\200\000\000\001&\000\000\000\004)/\352k\021:\373\252\211\251\2041h\203Q2\262\253\351\035\214\260\336\037!\340\337w\327\364\353\202\243\240<'Mb\336\312E\233'\345-\035<P\027\000\000\000\000\000\000\000\000\000\000\000\000\000\000\000\000\000\000\000\000\000\000\000\000\000\000\000\000\000\000\000\000P\031t\361\032\213\221\243\004\006][\376s\340\253\234K}\\013\0362\202`\234\371~d\0310\204\264,s!\003uv\3157M_,X\323\216\327\373A""\226\013\275\210\0079\020Q\007\035\231@s\266\345\000\272\252vG0E\002!\000\324\212\273\231\371\252\036\305\304\233\327\333\277PkwA\014\325W\270h\222\013E\302\256\306\243\2502V\002 r\3162 ~\373\341\222\305Tz\317\222\265\357\263D\334\316\031\337\225T\341\205\334\244a\245\003\324\""; "
1750576786035,1750576786036,1621,1,2,4,TMTransaction,"rawTransaction: ""\022\000\000""\000\000\000\000$\000\000\000\001 \033\000\000\000\027a@\000\000\027H\206*@h@\000\000\000\000\000\000\ns!\0030\347\374\235V\273%\326\211;\243\363\027\256[\3173\263)\033\326=\263&T\243\023""/\177\320 tF0D\002 \025\217\022\312\233t\304\273<\207\321\rJ{\303\361D\201\353\232g\313[&@\316\264@\372\313\327\\002 xG`\373\266\230\343:B\315\212\3213\240$\007+]7\033\35515$\3217\364\016\271yw\360\201\024\265\367by\212S\325C\240\024\312\370\262\227\317\370\362\3717\350\203\024~H\363\377\355\377\005.\244\231\226\377\220\2011g\021?\222\261""; status: tsCURRENT; receiveTimestamp: 803891986; deferred: false; ","rawTransaction: ""\022\000\000""\000\000\000\000$\000\000\000\001 \033\000\000\000\027a@\000\000\027H\206*@h@\000\000\000\000\000\000\ns!\0030\347\374\235V\273%\326\211;\243\363\027\256[\3173\263)\033\326=\263&T\243\023""/\177\320 tF0D\002 \025\217\022\312\233t\304\273<\207\321\rJ{\303\361D\201\353\232g\313[&@\316\264@\372\313\327\\002 xG`\373\266\230\343:B\315\212\3213\240$\007+]7\033\35515$\3217\364\016\271yw\360\201\024\265\367by\212S\325C\240\024\312\370\262\227\317\370\362\3717\350\203\024~H\363\377\355\377\005.\244\231\226\377\220\2011g\021?\222\261""; status: tsCURRENT; receiveTimestamp: 803891986; deferred: false; "
1750576786036,1750576786036,3696,1,2,3,TMTransaction,"rawTransaction: ""\022\000\000""\000\000\000\000$\000\000\000\001 \033\000\000\000\027a@\000\000\027H\206*@h@\000\000\000\000\000\000\ns!\0030\347\374\235V\273%\326\211;\243\363\027\256[\3173\263)\033\326=\263&T\243\023""/\177\320 tF0D\002 \025\217\022\312\233t\304\273<\207\321\rJ{\303\361D\201\353\232g\313[&@\316\264@\372\313\327\\002 xG`\373\266\230\343:B\315\212\3213\240$\007+]7\033\35515$\3217\364\016\271yw\360\201\024\265\367by\212S\325C\240\024\312\370\262\227\317\370\362\3717\350\203\024~H\363\377\355\377\005.\244\231\226\377\220\2011g\021?\222\261""; status: tsCURRENT; receiveTimestamp: 803891986; deferred: false; ","rawTransaction: ""\022\000\000""\000\000\000\000$\000\000\000\001 \033\000\000\000\027a@\000\000\027H\206*@h@\000\000\000\000\000\000\ns!\0030\347\374\235V\273%\326\211;\243\363\027\256[\3173\263)\033\326=\263&T\243\023""/\177\320 tF0D\002 \025\217\022\312\233t\304\273<\207\321\rJ{\303\361D\201\353\232g\313[&@\316\264@\372\313\327\\002 xG`\373\266\230\343:B\315\212\3213\240$\007+]7\033\35515$\3217\364\016\271yw\360\201\024\265\367by\212S\325C\240\024\312\370\262\227\317\370\362\3717\350\203\024~H\363\377\355\377\005.\244\231\226\377\220\2011g\021?\222\261""; status: tsCURRENT; receiveTimestamp: 803891986; deferred: false; "
1750576786036,1750576786037,857,1,2,0,TMTransaction,"rawTransaction: ""\022\000\000""\000\000\000\000$\000\000\000\001 \033\000\000\000\027a@\000\000\027H\206*@h@\000\000\000\000\000\000\ns!\0030\347\374\235V\273%\326\211;\243\363\027\256[\3173\263)\033\326=\263&T\243\023""/\177\320 tF0D\002 \025\217\022\312\233t\304\273<\207\321\rJ{\303\361D\201\353\232g\313[&@\316\264@\372\313\327\\002 xG`\373\266\230\343:B\315\212\3213\240$\007+]7\033\35515$\3217\364\016\271yw\360\201\024\265\367by\212S\325C\240\024\312\370\262\227\317\370\362\3717\350\203\024~H\363\377\355\377\005.\244\231\226\377\220\2011g\021?\222\261""; status: tsCURRENT; receiveTimestamp: 803891986; deferred: false; ","rawTransaction: ""\022\000\000""\000\000\000\000$\000\000\000\001 \033\000\000\000\027a@\000\000\027H\206*@h@\000\000\000\000\000\000\ns!\0030\347\374\235V\273%\326\211;\243\363\027\256[\3173\263)\033\326=\263&T\243\023""/\177\320 tF0D\002 \025\217\022\312\233t\304\273<\207\321\rJ{\303\361D\201\353\232g\313[&@\316\264@\372\313\327\\002 xG`\373\266\230\343:B\315\212\3213\240$\007+]7\033\35515$\3217\364\016\271yw\360\201\024\265\367by\212S\325C\240\024\312\370\262\227\317\370\362\3717\350\203\024~H\363\377\355\377\005.\244\231\226\377\220\2011g\021?\222\261""; status: tsCURRENT; receiveTimestamp: 803891986; deferred: false; "
1750576786055,1750576786055,2019,1,0,4,TMValidation,"validation: """"\200\000\000\001&\000\000\000\004)/\352k\021:\225\031\312\0231#ajQ2\262\253\351\035\214\260\336\037!\340\337w\327\364\353\202\243\240<'Mb\336\312E\233'\345-\035<P\027\000\000\000\000\000\000\000\000\000\000\000\000\000\000\000\000\000\000\000\000\000\000\000\000\000\000\000\000\000\000\000\000P\031t\361\032\213\221\243\004\006][\376s\340\253\234K}\\013\0362\202`\234\371~d\0310\204\264,s!\002i\265d-H\225\336\350\317n\272\016O\317\257\273\327\352\371\231\250\230(\240\353\331\024\207\241\020\304!vF0D\002 %v\367z*\301+2B+\t^\364\014\013k\273Ez\002i\003\312K\007 \036n\322\344lq\002 9\324\005E0G\024\220\214Y\355\3215\237\327\234\344\212\362/ \031\356\254\214Xz\213\333\0034\321""; ","validation: """"\200\000\000\001&\000\000\000\004)/\352k\021:\225\031\312\0231#ajQ2\262\253\351\035\214\260\336\037!\340\337w\327\364\353\202\243\240<'Mb\336\312E\233'\345-\035<P\027\000\000\000\000\000\000\000\000\000\000\000\000\000\000\000\000\000\000\000\000\000\000\000\000\000\000\000\000\000\000\000\000P\031t\361\032\213\221\243\004\006][\376s\340\253\234K}\\013\0362\202`\234\371~d\0310\204\264,s!\002i\265d-H\225\336\350\317n\272\016O\317\257\273\327\352\371\231\250\230(\240\353\331\024\207\241\020\304!vF0D\002 %v\367z*\301+2B+\t^\364\014\013k\273Ez\002i\003\312K\007 \036n\322\344lq\002 9\324\005E0G\024\220\214Y\355\3215\237\327\234\344\212\362/ \031\356\254\214Xz\213\333\0034\321""; "
1750576786055,1750576786055,219,1,0,1,TMValidation,"validation: """"\200\000\000\001&\000\000\000\004)/\352k\021:\225\031\312\0231#ajQ2\262\253\351\035\214\260\336\037!\340\337w\327\364\353\202\243\240<'Mb\336\312E\233'\345-\035<P\027\000\000\000\000\000\000\000\000\000\000\000\000\000\000\000\000\000\000\000\000\000\000\000\000\000\000\000\000\000\000\000\000P\031t\361\032\213\221\243\004\006][\376s\340\253\234K}\\013\0362\202`\234\371~d\0310\204\264,s!\002i\265d-H\225\336\350\317n\272\016O\317\257\273\327\352\371\231\250\230(\240\353\331\024\207\241\020\304!vF0D\002 %v\367z*\301+2B+\t^\364\014\013k\273Ez\002i\003\312K\007 \036n\322\344lq\002 9\324\005E0G\024\220\214Y\355\3215\237\327\234\344\212\362/ \031\356\254\214Xz\213\333\0034\321""; ","validation: """"\200\000\000\001&\000\000\000\004)/\352k\021:\225\031\312\0231#ajQ2\262\253\351\035\214\260\336\037!\340\337w\327\364\353\202\243\240<'Mb\336\312E\233'\345-\035<P\027\000\000\000\000\000\000\000\000\000\000\000\000\000\000\000\000\000\000\000\000\000\000\000\000\000\000\000\000\000\000\000\000P\031t\361\032\213\221\243\004\006][\376s\340\253\234K}\\013\0362\202`\234\371~d\0310\204\264,s!\002i\265d-H\225\336\350\317n\272\016O\317\257\273\327\352\371\231\250\230(\240\353\331\024\207\241\020\304!vF0D\002 %v\367z*\301+2B+\t^\364\014\013k\273Ez\002i\003\312K\007 \036n\322\344lq\002 9\324\005E0G\024\220\214Y\355\3215\237\327\234\344\212\362/ \031\356\254\214Xz\213\333\0034\321""; "
1750576786056,1750576786056,3783,1,0,2,TMValidation,"validation: """"\200\000\000\001&\000\000\000\004)/\352k\021:\225\031\312\0231#ajQ2\262\253\351\035\214\260\336\037!\340\337w\327\364\353\202\243\240<'Mb\336\312E\233'\345-\035<P\027\000\000\000\000\000\000\000\000\000\000\000\000\000\000\000\000\000\000\000\000\000\000\000\000\000\000\000\000\000\000\000\000P\031t\361\032\213\221\243\004\006][\376s\340\253\234K}\\013\0362\202`\234\371~d\0310\204\264,s!\002i\265d-H\225\336\350\317n\272\016O\317\257\273\327\352\371\231\250\230(\240\353\331\024\207\241\020\304!vF0D\002 %v\367z*\301+2B+\t^\364\014\013k\273Ez\002i\003\312K\007 \036n\322\344lq\002 9\324\005E0G\024\220\214Y\355\3215\237\327\234\344\212\362/ \031\356\254\214Xz\213\333\0034\321""; ","validation: """"\200\000\000\001&\000\000\000\004)/\352k\021:\225\031\312\0231#ajQ2\262\253\351\035\214\260\336\037!\340\337w\327\364\353\202\243\240<'Mb\336\312E\233'\345-\035<P\027\000\000\000\000\000\000\000\000\000\000\000\000\000\000\000\000\000\000\000\000\000\000\000\000\000\000\000\000\000\000\000\000P\031t\361\032\213\221\243\004\006][\376s\340\253\234K}\\013\0362\202`\234\371~d\0310\204\264,s!\002i\265d-H\225\336\350\317n\272\016O\317\257\273\327\352\371\231\250\230(\240\353\331\024\207\241\020\304!vF0D\002 %v\367z*\301+2B+\t^\364\014\013k\273Ez\002i\003\312K\007 \036n\322\344lq\002 9\324\005E0G\024\220\214Y\355\3215\237\327\234\344\212\362/ \031\356\254\214Xz\213\333\0034\321""; "
1750576786057,1750576786057,3923,1,3,1,TMLedgerData,"ledgerHash: ""2\262\253\351\035\214\260\336\037!\340\337w\327\364\353\202\243\240<'Mb\336\312E\233'\345-\035<""; ledgerSeq: 4; type: liBASE; nodes {;   nodedata: ""\000\000\000\004\001cEx]\212\000\000t\361\032\213\221\243\004\006][\376s\340\253\234K}\\013\0362\202`\234\371~d\0310\204\264,\000\000\000\000\000\000\000\000\000\000\000\000\000\000\000\000\000\000\000\000\000\000\000\000\000\000\000\000\000\000\000\000Q%\214\032\374\226d\253\326W\200\211\202x\251\202\246i\2459\230C\321kuu#4\233\r\340u/\352k\014/\352k\r\n\000""; }; nodes {;   nodedata: ""\303\016\021\310<Z\337\266>\225@&n\022\246\274\353\220\345b3\035\313\350L\354\254\002\005\305\035\017\002E\344\037@\210\363\010\336T\226\247'\204_{\261\370""1\235\2445\343\033Y!\212\201\341\272\225'\007\242\251\2065\013}3\214$\306\211Mx-\344#\374\353<j\354~\310\005\265\370\227g6\022\2727\013\003""; }; ","ledgerHash: ""2\262\253\351\035\214\260\336\037!\340\337w\327\364\353\202\243\240<'Mb\336\312E\233'\345-\035<""; ledgerSeq: 4; type: liBASE; nodes {;   nodedata: ""\000\000\000\004\001cEx]\212\000\000t\361\032\213\221\243\004\006][\376s\340\253\234K}\\013\0362\202`\234\371~d\0310\204\264,\000\000\000\000\000\000\000\000\000\000\000\000\000\000\000\000\000\000\000\000\000\000\000\000\000\000\000\000\000\000\000\000Q%\214\032\374\226d\253\326W\200\211\202x\251\202\246i\2459\230C\321kuu#4\233\r\340u/\352k\014/\352k\r\n\000""; }; nodes {;   nodedata: ""\303\016\021\310<Z\337\266>\225@&n\022\246\274\353\220\345b3\035\313\350L\354\254\002\005\305\035\017\002E\344\037@\210\363\010\336T\226\247'\204_{\261\370""1\235\2445\343\033Y!\212\201\341\272\225'\007\242\251\2065\013}3\214$\306\211Mx-\344#\374\353<j\354~\310\005\265\370\227g6\022\2727\013\003""; }; "
1750576786056,1750576786056,3923,1,3,1,TMLedgerData,"ledgerHash: ""2\262\253\351\035\214\260\336\037!\340\337w\327\364\353\202\243\240<'Mb\336\312E\233'\345-\035<""; ledgerSeq: 4; type: liBASE; nodes {;   nodedata: ""\000\000\000\004\001cEx]\212\000\000t\361\032\213\221\243\004\006][\376s\340\253\234K}\\013\0362\202`\234\371~d\0310\204\264,\000\000\000\000\000\000\000\000\000\000\000\000\000\000\000\000\000\000\000\000\000\000\000\000\000\000\000\000\000\000\000\000Q%\214\032\374\226d\253\326W\200\211\202x\251\202\246i\2459\230C\321kuu#4\233\r\340u/\352k\014/\352k\r\n\000""; }; nodes {;   nodedata: ""\303\016\021\310<Z\337\266>\225@&n\022\246\274\353\220\345b3\035\313\350L\354\254\002\005\305\035\017\002E\344\037@\210\363\010\336T\226\247'\204_{\261\370""1\235\2445\343\033Y!\212\201\341\272\225'\007\242\251\2065\013}3\214$\306\211Mx-\344#\374\353<j\354~\310\005\265\370\227g6\022\2727\013\003""; }; ","ledgerHash: ""2\262\253\351\035\214\260\336\037!\340\337w\327\364\353\202\243\240<'Mb\336\312E\233'\345-\035<""; ledgerSeq: 4; type: liBASE; nodes {;   nodedata: ""\000\000\000\004\001cEx]\212\000\000t\361\032\213\221\243\004\006][\376s\340\253\234K}\\013\0362\202`\234\371~d\0310\204\264,\000\000\000\000\000\000\000\000\000\000\000\000\000\000\000\000\000\000\000\000\000\000\000\000\000\000\000\000\000\000\000\000Q%\214\032\374\226d\253\326W\200\211\202x\251\202\246i\2459\230C\321kuu#4\233\r\340u/\352k\014/\352k\r\n\000""; }; nodes {;   nodedata: ""\303\016\021\310<Z\337\266>\225@&n\022\246\274\353\220\345b3\035\313\350L\354\254\002\005\305\035\017\002E\344\037@\210\363\010\336T\226\247'\204_{\261\370""1\235\2445\343\033Y!\212\201\341\272\225'\007\242\251\2065\013}3\214$\306\211Mx-\344#\374\353<j\354~\310\005\265\370\227g6\022\2727\013\003""; }; "
1750576786174,1750576786174,505,1,2,4,TMProposeSet,"proposeSeq: 0; currentTxHash: ""\000\000\000\000\000\000\000\000\000\000\000\000\000\000\000\000\000\000\000\000\000\000\000\000\000\000\000\000\000\000\000\000""; nodePubKey: ""\003\031\332\276_\315\363\210\315\246\030F\330\251\017g\263\037\257\332\007 \253\203\233\205\365\344\036\245\374\253\323""; closeTime: 803891983; signature: ""0E\002!\000\317v\350!\242d\367\276\203\320\315\000y\027\356p\265y\363\023kv8\200*\252\225\326\240\377\350\233\002 (\3404c\322V\376\231\003\026\312K\314d<6\017(d\216\271\300\t#\017\320\2324\252\305v\270""; previousledger: ""t\361\032\213\221\243\004\006][\376s\340\253\234K}\\013\0362\202`\234\371~d\0310\204\264,""; ","proposeSeq: 0; currentTxHash: ""\000\000\000\000\000\000\000\000\000\000\000\000\000\000\000\000\000\000\000\000\000\000\000\000\000\000\000\000\000\000\000\000""; nodePubKey: ""\003\031\332\276_\315\363\210\315\246\030F\330\251\017g\263\037\257\332\007 \253\203\233\205\365\344\036\245\374\253\323""; closeTime: 803891983; signature: ""0E\002!\000\317v\350!\242d\367\276\203\320\315\000y\027\356p\265y\363\023kv8\200*\252\225\326\240\377\350\233\002 (\3404c\322V\376\231\003\026\312K\314d<6\017(d\216\271\300\t#\017\320\2324\252\305v\270""; previousledger: ""t\361\032\213\221\243\004\006][\376s\340\253\234K}\\013\0362\202`\234\371~d\0310\204\264,""; "
1750576786175,1750576786175,2648,1,2,0,TMProposeSet,"proposeSeq: 0; currentTxHash: ""\000\000\000\000\000\000\000\000\000\000\000\000\000\000\000\000\000\000\000\000\000\000\000\000\000\000\000\000\000\000\000\000""; nodePubKey: ""\003\031\332\276_\315\363\210\315\246\030F\330\251\017g\263\037\257\332\007 \253\203\233\205\365\344\036\245\374\253\323""; closeTime: 803891983; signature: ""0E\002!\000\317v\350!\242d\367\276\203\320\315\000y\027\356p\265y\363\023kv8\200*\252\225\326\240\377\350\233\002 (\3404c\322V\376\231\003\026\312K\314d<6\017(d\216\271\300\t#\017\320\2324\252\305v\270""; previousledger: ""t\361\032\213\221\243\004\006][\376s\340\253\234K}\\013\0362\202`\234\371~d\0310\204\264,""; ","proposeSeq: 0; currentTxHash: ""\000\000\000\000\000\000\000\000\000\000\000\000\000\000\000\000\000\000\000\000\000\000\000\000\000\000\000\000\000\000\000\000""; nodePubKey: ""\003\031\332\276_\315\363\210\315\246\030F\330\251\017g\263\037\257\332\007 \253\203\233\205\365\344\036\245\374\253\323""; closeTime: 803891983; signature: ""0E\002!\000\317v\350!\242d\367\276\203\320\315\000y\027\356p\265y\363\023kv8\200*\252\225\326\240\377\350\233\002 (\3404c\322V\376\231\003\026\312K\314d<6\017(d\216\271\300\t#\017\320\2324\252\305v\270""; previousledger: ""t\361\032\213\221\243\004\006][\376s\340\253\234K}\\013\0362\202`\234\371~d\0310\204\264,""; "
1750576786175,1750576786175,930,1,2,3,TMProposeSet,"proposeSeq: 0; currentTxHash: ""\000\000\000\000\000\000\000\000\000\000\000\000\000\000\000\000\000\000\000\000\000\000\000\000\000\000\000\000\000\000\000\000""; nodePubKey: ""\003\031\332\276_\315\363\210\315\246\030F\330\251\017g\263\037\257\332\007 \253\203\233\205\365\344\036\245\374\253\323""; closeTime: 803891983; signature: ""0E\002!\000\317v\350!\242d\367\276\203\320\315\000y\027\356p\265y\363\023kv8\200*\252\225\326\240\377\350\233\002 (\3404c\322V\376\231\003\026\312K\314d<6\017(d\216\271\300\t#\017\320\2324\252\305v\270""; previousledger: ""t\361\032\213\221\243\004\006][\376s\340\253\234K}\\013\0362\202`\234\371~d\0310\204\264,""; ","proposeSeq: 0; currentTxHash: ""\000\000\000\000\000\000\000\000\000\000\000\000\000\000\000\000\000\000\000\000\000\000\000\000\000\000\000\000\000\000\000\000""; nodePubKey: ""\003\031\332\276_\315\363\210\315\246\030F\330\251\017g\263\037\257\332\007 \253\203\233\205\365\344\036\245\374\253\323""; closeTime: 803891983; signature: ""0E\002!\000\317v\350!\242d\367\276\203\320\315\000y\027\356p\265y\363\023kv8\200*\252\225\326\240\377\350\233\002 (\3404c\322V\376\231\003\026\312K\314d<6\017(d\216\271\300\t#\017\320\2324\252\305v\270""; previousledger: ""t\361\032\213\221\243\004\006][\376s\340\253\234K}\\013\0362\202`\234\371~d\0310\204\264,""; "
1750576786181,1750576786181,400,1,0,4,TMProposeSet,"proposeSeq: 0; currentTxHash: ""\371K:\022He\314\263eC~\177\210\334\177\340\200\002\203\253\204\310\221\371\030\364\002\242\014\367\032\323""; nodePubKey: ""\002\005\363\0222\231\333G\357\305\020\014\241\033\231\261Z#\243\036\0267\020\210\265\022\240%\336\332\221\202\352""; closeTime: 803891986; signature: ""0D\002 \034""b5\303\003W_g\365D\344\267\236\006-+\036}\016A\226+\034c\212\2240}LLl\002 \002\254=\216\273\354\303""\346\347\177\267\036w\256J\016\201\207\242I\035\224\355\211\316\311O\270F\251""""; previousledger: ""2\262\253\351\035\214\260\336\037!\340\337w\327\364\353\202\243\240<'Mb\336\312E\233'\345-\035<""; ","proposeSeq: 0; currentTxHash: ""\371K:\022He\314\263eC~\177\210\334\177\340\200\002\203\253\204\310\221\371\030\364\002\242\014\367\032\323""; nodePubKey: ""\002\005\363\0222\231\333G\357\305\020\014\241\033\231\261Z#\243\036\0267\020\210\265\022\240%\336\332\221\202\352""; closeTime: 803891986; signature: ""0D\002 \034""b5\303\003W_g\365D\344\267\236\006-+\036}\016A\226+\034c\212\2240}LLl\002 \002\254=\216\273\354\303""\346\347\177\267\036w\256J\016\201\207\242I\035\224\355\211\316\311O\270F\251""""; previousledger: ""2\262\253\351\035\214\260\336\037!\340\337w\327\364\353\202\243\240<'Mb\336\312E\233'\345-\035<""; "
1750576786182,1750576786182,465,1,0,1,TMProposeSet,"proposeSeq: 0; currentTxHash: ""\371K:\022He\314\263eC~\177\210\334\177\340\200\002\203\253\204\310\221\371\030\364\002\242\014\367\032\323""; nodePubKey: ""\002\005\363\0222\231\333G\357\305\020\014\241\033\231\261Z#\243\036\0267\020\210\265\022\240%\336\332\221\202\352""; closeTime: 803891986; signature: ""0D\002 \034""b5\303\003W_g\365D\344\267\236\006-+\036}\016A\226+\034c\212\2240}LLl\002 \002\254=\216\273\354\303""\346\347\177\267\036w\256J\016\201\207\242I\035\224\355\211\316\311O\270F\251""""; previousledger: ""2\262\253\351\035\214\260\336\037!\340\337w\327\364\353\202\243\240<'Mb\336\312E\233'\345-\035<""; ","proposeSeq: 0; currentTxHash: ""\371K:\022He\314\263eC~\177\210\334\177\340\200\002\203\253\204\310\221\371\030\364\002\242\014\367\032\323""; nodePubKey: ""\002\005\363\0222\231\333G\357\305\020\014\241\033\231\261Z#\243\036\0267\020\210\265\022\240%\336\332\221\202\352""; closeTime: 803891986; signature: ""0D\002 \034""b5\303\003W_g\365D\344\267\236\006-+\036}\016A\226+\034c\212\2240}LLl\002 \002\254=\216\273\354\303""\346\347\177\267\036w\256J\016\201\207\242I\035\224\355\211\316\311O\270F\251""""; previousledger: ""2\262\253\351\035\214\260\336\037!\340\337w\327\364\353\202\243\240<'Mb\336\312E\233'\345-\035<""; "
1750576786183,1750576786183,925,1,0,4,TMHaveTransactionSet,"status: tsHAVE; hash: ""\371K:\022He\314\263eC~\177\210\334\177\340\200\002\203\253\204\310\221\371\030\364\002\242\014\367\032\323""; ","status: tsHAVE; hash: ""\371K:\022He\314\263eC~\177\210\334\177\340\200\002\203\253\204\310\221\371\030\364\002\242\014\367\032\323""; "
1750576786183,1750576786183,3625,1,0,2,TMProposeSet,"proposeSeq: 0; currentTxHash: ""\371K:\022He\314\263eC~\177\210\334\177\340\200\002\203\253\204\310\221\371\030\364\002\242\014\367\032\323""; nodePubKey: ""\002\005\363\0222\231\333G\357\305\020\014\241\033\231\261Z#\243\036\0267\020\210\265\022\240%\336\332\221\202\352""; closeTime: 803891986; signature: ""0D\002 \034""b5\303\003W_g\365D\344\267\236\006-+\036}\016A\226+\034c\212\2240}LLl\002 \002\254=\216\273\354\303""\346\347\177\267\036w\256J\016\201\207\242I\035\224\355\211\316\311O\270F\251""""; previousledger: ""2\262\253\351\035\214\260\336\037!\340\337w\327\364\353\202\243\240<'Mb\336\312E\233'\345-\035<""; ","proposeSeq: 0; currentTxHash: ""\371K:\022He\314\263eC~\177\210\334\177\340\200\002\203\253\204\310\221\371\030\364\002\242\014\367\032\323""; nodePubKey: ""\002\005\363\0222\231\333G\357\305\020\014\241\033\231\261Z#\243\036\0267\020\210\265\022\240%\336\332\221\202\352""; closeTime: 803891986; signature: ""0D\002 \034""b5\303\003W_g\365D\344\267\236\006-+\036}\016A\226+\034c\212\2240}LLl\002 \002\254=\216\273\354\303""\346\347\177\267\036w\256J\016\201\207\242I\035\224\355\211\316\311O\270F\251""""; previousledger: ""2\262\253\351\035\214\260\336\037!\340\337w\327\364\353\202\243\240<'Mb\336\312E\233'\345-\035<""; "
1750576786184,1750576786184,2846,1,0,1,TMHaveTransactionSet,"status: tsHAVE; hash: ""\371K:\022He\314\263eC~\177\210\334\177\340\200\002\203\253\204\310\221\371\030\364\002\242\014\367\032\323""; ","status: tsHAVE; hash: ""\371K:\022He\314\263eC~\177\210\334\177\340\200\002\203\253\204\310\221\371\030\364\002\242\014\367\032\323""; "
1750576786184,1750576786184,89,1,0,2,TMHaveTransactionSet,"status: tsHAVE; hash: ""\371K:\022He\314\263eC~\177\210\334\177\340\200\002\203\253\204\310\221\371\030\364\002\242\014\367\032\323""; ","status: tsHAVE; hash: ""\371K:\022He\314\263eC~\177\210\334\177\340\200\002\203\253\204\310\221\371\030\364\002\242\014\367\032\323""; "
1750576786186,1750576786186,1854,1,0,3,TMHaveTransactionSet,"status: tsHAVE; hash: ""\371K:\022He\314\263eC~\177\210\334\177\340\200\002\203\253\204\310\221\371\030\364\002\242\014\367\032\323""; ","status: tsHAVE; hash: ""\371K:\022He\314\263eC~\177\210\334\177\340\200\002\203\253\204\310\221\371\030\364\002\242\014\367\032\323""; "
1750576786186,1750576786186,3385,1,0,3,TMProposeSet,"proposeSeq: 0; currentTxHash: ""\371K:\022He\314\263eC~\177\210\334\177\340\200\002\203\253\204\310\221\371\030\364\002\242\014\367\032\323""; nodePubKey: ""\002\005\363\0222\231\333G\357\305\020\014\241\033\231\261Z#\243\036\0267\020\210\265\022\240%\336\332\221\202\352""; closeTime: 803891986; signature: ""0D\002 \034""b5\303\003W_g\365D\344\267\236\006-+\036}\016A\226+\034c\212\2240}LLl\002 \002\254=\216\273\354\303""\346\347\177\267\036w\256J\016\201\207\242I\035\224\355\211\316\311O\270F\251""""; previousledger: ""2\262\253\351\035\214\260\336\037!\340\337w\327\364\353\202\243\240<'Mb\336\312E\233'\345-\035<""; ","proposeSeq: 0; currentTxHash: ""\371K:\022He\314\263eC~\177\210\334\177\340\200\002\203\253\204\310\221\371\030\364\002\242\014\367\032\323""; nodePubKey: ""\002\005\363\0222\231\333G\357\305\020\014\241\033\231\261Z#\243\036\0267\020\210\265\022\240%\336\332\221\202\352""; closeTime: 803891986; signature: ""0D\002 \034""b5\303\003W_g\365D\344\267\236\006-+\036}\016A\226+\034c\212\2240}LLl\002 \002\254=\216\273\354\303""\346\347\177\267\036w\256J\016\201\207\242I\035\224\355\211\316\311O\270F\251""""; previousledger: ""2\262\253\351\035\214\260\336\037!\340\337w\327\364\353\202\243\240<'Mb\336\312E\233'\345-\035<""; "
1750576786179,1750576786227,1191,1,0,4,TMStatusChange,"newEvent: neCLOSING_LEDGER; ledgerSeq: 4; ledgerHash: ""2\262\253\351\035\214\260\336\037!\340\337w\327\364\353\202\243\240<'Mb\336\312E\233'\345-\035<""; ledgerHashPrevious: ""t\361\032\213\221\243\004\006][\376s\340\253\234K}\\013\0362\202`\234\371~d\0310\204\264,""; networkTime: 803891986; firstSeq: 1; lastSeq: 4; ","newEvent: neCLOSING_LEDGER; ledgerSeq: 4; ledgerHash: ""2\262\253\351\035\214\260\336\037!\340\337w\327\364\353\202\243\240<'Mb\336\312E\233'\345-\035<""; ledgerHashPrevious: ""t\361\032\213\221\243\004\006][\376s\340\253\234K}\\013\0362\202`\234\371~d\0310\204\264,""; networkTime: 803891986; firstSeq: 1; lastSeq: 4; "
1750576786184,1750576786227,3049,1,0,2,TMStatusChange,"newEvent: neCLOSING_LEDGER; ledgerSeq: 4; ledgerHash: ""2\262\253\351\035\214\260\336\037!\340\337w\327\364\353\202\243\240<'Mb\336\312E\233'\345-\035<""; ledgerHashPrevious: ""t\361\032\213\221\243\004\006][\376s\340\253\234K}\\013\0362\202`\234\371~d\0310\204\264,""; networkTime: 803891986; firstSeq: 1; lastSeq: 4; ","newEvent: neCLOSING_LEDGER; ledgerSeq: 4; ledgerHash: ""2\262\253\351\035\214\260\336\037!\340\337w\327\364\353\202\243\240<'Mb\336\312E\233'\345-\035<""; ledgerHashPrevious: ""t\361\032\213\221\243\004\006][\376s\340\253\234K}\\013\0362\202`\234\371~d\0310\204\264,""; networkTime: 803891986; firstSeq: 1; lastSeq: 4; "
1750576786183,1750576786227,2952,1,0,1,TMStatusChange,"newEvent: neCLOSING_LEDGER; ledgerSeq: 4; ledgerHash: ""2\262\253\351\035\214\260\336\037!\340\337w\327\364\353\202\243\240<'Mb\336\312E\233'\345-\035<""; ledgerHashPrevious: ""t\361\032\213\221\243\004\006][\376s\340\253\234K}\\013\0362\202`\234\371~d\0310\204\264,""; networkTime: 803891986; firstSeq: 1; lastSeq: 4; ","newEvent: neCLOSING_LEDGER; ledgerSeq: 4; ledgerHash: ""2\262\253\351\035\214\260\336\037!\340\337w\327\364\353\202\243\240<'Mb\336\312E\233'\345-\035<""; ledgerHashPrevious: ""t\361\032\213\221\243\004\006][\376s\340\253\234K}\\013\0362\202`\234\371~d\0310\204\264,""; networkTime: 803891986; firstSeq: 1; lastSeq: 4; "
1750576786186,1750576786228,1560,1,0,3,TMStatusChange,"newEvent: neCLOSING_LEDGER; ledgerSeq: 4; ledgerHash: ""2\262\253\351\035\214\260\336\037!\340\337w\327\364\353\202\243\240<'Mb\336\312E\233'\345-\035<""; ledgerHashPrevious: ""t\361\032\213\221\243\004\006][\376s\340\253\234K}\\013\0362\202`\234\371~d\0310\204\264,""; networkTime: 803891986; firstSeq: 1; lastSeq: 4; ","newEvent: neCLOSING_LEDGER; ledgerSeq: 4; ledgerHash: ""2\262\253\351\035\214\260\336\037!\340\337w\327\364\353\202\243\240<'Mb\336\312E\233'\345-\035<""; ledgerHashPrevious: ""t\361\032\213\221\243\004\006][\376s\340\253\234K}\\013\0362\202`\234\371~d\0310\204\264,""; networkTime: 803891986; firstSeq: 1; lastSeq: 4; "
1750576786244,1750576786244,2143,1,2,4,TMStatusChange,"newEvent: neACCEPTED_LEDGER; ledgerSeq: 4; ledgerHash: ""2\262\253\351\035\214\260\336\037!\340\337w\327\364\353\202\243\240<'Mb\336\312E\233'\345-\035<""; ledgerHashPrevious: ""t\361\032\213\221\243\004\006][\376s\340\253\234K}\\013\0362\202`\234\371~d\0310\204\264,""; networkTime: 803891986; firstSeq: 1; lastSeq: 3; ","newEvent: neACCEPTED_LEDGER; ledgerSeq: 4; ledgerHash: ""2\262\253\351\035\214\260\336\037!\340\337w\327\364\353\202\243\240<'Mb\336\312E\233'\345-\035<""; ledgerHashPrevious: ""t\361\032\213\221\243\004\006][\376s\340\253\234K}\\013\0362\202`\234\371~d\0310\204\264,""; networkTime: 803891986; firstSeq: 1; lastSeq: 3; "
1750576786286,1750576786286,716,1,2,3,TMStatusChange,"newEvent: neACCEPTED_LEDGER; ledgerSeq: 4; ledgerHash: ""2\262\253\351\035\214\260\336\037!\340\337w\327\364\353\202\243\240<'Mb\336\312E\233'\345-\035<""; ledgerHashPrevious: ""t\361\032\213\221\243\004\006][\376s\340\253\234K}\\013\0362\202`\234\371~d\0310\204\264,""; networkTime: 803891986; firstSeq: 1; lastSeq: 3; ","newEvent: neACCEPTED_LEDGER; ledgerSeq: 4; ledgerHash: ""2\262\253\351\035\214\260\336\037!\340\337w\327\364\353\202\243\240<'Mb\336\312E\233'\345-\035<""; ledgerHashPrevious: ""t\361\032\213\221\243\004\006][\376s\340\253\234K}\\013\0362\202`\234\371~d\0310\204\264,""; networkTime: 803891986; firstSeq: 1; lastSeq: 3; "
1750576786287,1750576786287,541,1,2,1,TMValidation,"validation: """"\200\000\000\001&\000\000\000\004)/\352k\022:F\231\033)\227\311<\340Q2\262\253\351\035\214\260\336\037!\340\337w\327\364\353\202\243\240<'Mb\336\312E\233'\345-\035<P\027\000\000\000\000\000\000\000\000\000\000\000\000\000\000\000\000\000\000\000\000\000\000\000\000\000\000\000\000\000\000\000\000P\031t\361\032\213\221\243\004\006][\376s\340\253\234K}\\013\0362\202`\234\371~d\0310\204\264,s!\002\246\346\346\007\2326A*\334\272\022\321\346\247[\222\030\343\261w\244R\r\357}\243\273\253\020\375b6vF0D\002 w\267o+L*5C\301a\r\377q\206\016\271^0Mp7i\2153\306\005\336E\253\023\347\235\002 \025\235\014\354\246\363\327i\265\005n\343""\223ch<\231\360WR>\227v\242)g\257Iex[""; ","validation: """"\200\000\000\001&\000\000\000\004)/\352k\022:F\231\033)\227\311<\340Q2\262\253\351\035\214\260\336\037!\340\337w\327\364\353\202\243\240<'Mb\336\312E\233'\345-\035<P\027\000\000\000\000\000\000\000\000\000\000\000\000\000\000\000\000\000\000\000\000\000\000\000\000\000\000\000\000\000\000\000\000P\031t\361\032\213\221\243\004\006][\376s\340\253\234K}\\013\0362\202`\234\371~d\0310\204\264,s!\002\246\346\346\007\2326A*\334\272\022\321\346\247[\222\030\343\261w\244R\r\357}\243\273\253\020\375b6vF0D\002 w\267o+L*5C\301a\r\377q\206\016\271^0Mp7i\2153\306\005\336E\253\023\347\235\002 \025\235\014\354\246\363\327i\265\005n\343""\223ch<\231\360WR>\227v\242)g\257Iex[""; "
1750576786288,1750576786288,1575,1,2,1,TMStatusChange,"newEvent: neACCEPTED_LEDGER; ledgerSeq: 4; ledgerHash: ""2\262\253\351\035\214\260\336\037!\340\337w\327\364\353\202\243\240<'Mb\336\312E\233'\345-\035<""; ledgerHashPrevious: ""t\361\032\213\221\243\004\006][\376s\340\253\234K}\\013\0362\202`\234\371~d\0310\204\264,""; networkTime: 803891986; firstSeq: 1; lastSeq: 3; ","newEvent: neACCEPTED_LEDGER; ledgerSeq: 4; ledgerHash: ""2\262\253\351\035\214\260\336\037!\340\337w\327\364\353\202\243\240<'Mb\336\312E\233'\345-\035<""; ledgerHashPrevious: ""t\361\032\213\221\243\004\006][\376s\340\253\234K}\\013\0362\202`\234\371~d\0310\204\264,""; networkTime: 803891986; firstSeq: 1; lastSeq: 3; "
1750576786288,1750576786288,1713,1,2,3,TMValidation,"validation: """"\200\000\000\001&\000\000\000\004)/\352k\022:F\231\033)\227\311<\340Q2\262\253\351\035\214\260\336\037!\340\337w\327\364\353\202\243\240<'Mb\336\312E\233'\345-\035<P\027\000\000\000\000\000\000\000\000\000\000\000\000\000\000\000\000\000\000\000\000\000\000\000\000\000\000\000\000\000\000\000\000P\031t\361\032\213\221\243\004\006][\376s\340\253\234K}\\013\0362\202`\234\371~d\0310\204\264,s!\002\246\346\346\007\2326A*\334\272\022\321\346\247[\222\030\343\261w\244R\r\357}\243\273\253\020\375b6vF0D\002 w\267o+L*5C\301a\r\377q\206\016\271^0Mp7i\2153\306\005\336E\253\023\347\235\002 \025\235\014\354\246\363\327i\265\005n\343""\223ch<\231\360WR>\227v\242)g\257Iex[""; ","validation: """"\200\000\000\001&\000\000\000\004)/\352k\022:F\231\033)\227\311<\340Q2\262\253\351\035\214\260\336\037!\340\337w\327\364\353\202\243\240<'Mb\336\312E\233'\345-\035<P\027\000\000\000\000\000\000\000\000\000\000\000\000\000\000\000\000\000\000\000\000\000\000\000\000\000\000\000\000\000\000\000\000P\031t\361\032\213\221\243\004\006][\376s\340\253\234K}\\013\0362\202`\234\371~d\0310\204\264,s!\002\246\346\346\007\2326A*\334\272\022\321\346\247[\222\030\343\261w\244R\r\357}\243\273\253\020\375b6vF0D\002 w\267o+L*5C\301a\r\377q\206\016\271^0Mp7i\2153\306\005\336E\253\023\347\235\002 \025\235\014\354\246\363\327i\265\005n\343""\223ch<\231\360WR>\227v\242)g\257Iex[""; "
1750576786289,1750576786289,185,1,2,4,TMValidation,"validation: """"\200\000\000\001&\000\000\000\004)/\352k\022:F\231\033)\227\311<\340Q2\262\253\351\035\214\260\336\037!\340\337w\327\364\353\202\243\240<'Mb\336\312E\233'\345-\035<P\027\000\000\000\000\000\000\000\000\000\000\000\000\000\000\000\000\000\000\000\000\000\000\000\000\000\000\000\000\000\000\000\000P\031t\361\032\213\221\243\004\006][\376s\340\253\234K}\\013\0362\202`\234\371~d\0310\204\264,s!\002\246\346\346\007\2326A*\334\272\022\321\346\247[\222\030\343\261w\244R\r\357}\243\273\253\020\375b6vF0D\002 w\267o+L*5C\301a\r\377q\206\016\271^0Mp7i\2153\306\005\336E\253\023\347\235\002 \025\235\014\354\246\363\327i\265\005n\343""\223ch<\231\360WR>\227v\242)g\257Iex[""; ","validation: """"\200\000\000\001&\000\000\000\004)/\352k\022:F\231\033)\227\311<\340Q2\262\253\351\035\214\260\336\037!\340\337w\327\364\353\202\243\240<'Mb\336\312E\233'\345-\035<P\027\000\000\000\000\000\000\000\000\000\000\000\000\000\000\000\000\000\000\000\000\000\000\000\000\000\000\000\000\000\000\000\000P\031t\361\032\213\221\243\004\006][\376s\340\253\234K}\\013\0362\202`\234\371~d\0310\204\264,s!\002\246\346\346\007\2326A*\334\272\022\321\346\247[\222\030\343\261w\244R\r\357}\243\273\253\020\375b6vF0D\002 w\267o+L*5C\301a\r\377q\206\016\271^0Mp7i\2153\306\005\336E\253\023\347\235\002 \025\235\014\354\246\363\327i\265\005n\343""\223ch<\231\360WR>\227v\242)g\257Iex[""; "
1750576786290,1750576786290,1027,1,2,0,TMValidation,"validation: """"\200\000\000\001&\000\000\000\004)/\352k\022:F\231\033)\227\311<\340Q2\262\253\351\035\214\260\336\037!\340\337w\327\364\353\202\243\240<'Mb\336\312E\233'\345-\035<P\027\000\000\000\000\000\000\000\000\000\000\000\000\000\000\000\000\000\000\000\000\000\000\000\000\000\000\000\000\000\000\000\000P\031t\361\032\213\221\243\004\006][\376s\340\253\234K}\\013\0362\202`\234\371~d\0310\204\264,s!\002\246\346\346\007\2326A*\334\272\022\321\346\247[\222\030\343\261w\244R\r\357}\243\273\253\020\375b6vF0D\002 w\267o+L*5C\301a\r\377q\206\016\271^0Mp7i\2153\306\005\336E\253\023\347\235\002 \025\235\014\354\246\363\327i\265\005n\343""\223ch<\231\360WR>\227v\242)g\257Iex[""; ","validation: """"\200\000\000\001&\000\000\000\004)/\352k\022:F\231\033)\227\311<\340Q2\262\253\351\035\214\260\336\037!\340\337w\327\364\353\202\243\240<'Mb\336\312E\233'\345-\035<P\027\000\000\000\000\000\000\000\000\000\000\000\000\000\000\000\000\000\000\000\000\000\000\000\000\000\000\000\000\000\000\000\000P\031t\361\032\213\221\243\004\006][\376s\340\253\234K}\\013\0362\202`\234\371~d\0310\204\264,s!\002\246\346\346\007\2326A*\334\272\022\321\346\247[\222\030\343\261w\244R\r\357}\243\273\253\020\375b6vF0D\002 w\267o+L*5C\301a\r\377q\206\016\271^0Mp7i\2153\306\005\336E\253\023\347\235\002 \025\235\014\354\246\363\327i\265\005n\343""\223ch<\231\360WR>\227v\242)g\257Iex[""; "
1750576786290,1750576786290,2951,1,2,0,TMStatusChange,"newEvent: neACCEPTED_LEDGER; ledgerSeq: 4; ledgerHash: ""2\262\253\351\035\214\260\336\037!\340\337w\327\364\353\202\243\240<'Mb\336\312E\233'\345-\035<""; ledgerHashPrevious: ""t\361\032\213\221\243\004\006][\376s\340\253\234K}\\013\0362\202`\234\371~d\0310\204\264,""; networkTime: 803891986; firstSeq: 1; lastSeq: 3; ","newEvent: neACCEPTED_LEDGER; ledgerSeq: 4; ledgerHash: ""2\262\253\351\035\214\260\336\037!\340\337w\327\364\353\202\243\240<'Mb\336\312E\233'\345-\035<""; ledgerHashPrevious: ""t\361\032\213\221\243\004\006][\376s\340\253\234K}\\013\0362\202`\234\371~d\0310\204\264,""; networkTime: 803891986; firstSeq: 1; lastSeq: 3; "
1750576786291,1750576786291,1000,1,1,2,TMValidation,"validation: """"\200\000\000\001&\000\000\000\004)/\352k\021:\225\031\312\0231#ajQ2\262\253\351\035\214\260\336\037!\340\337w\327\364\353\202\243\240<'Mb\336\312E\233'\345-\035<P\027\000\000\000\000\000\000\000\000\000\000\000\000\000\000\000\000\000\000\000\000\000\000\000\000\000\000\000\000\000\000\000\000P\031t\361\032\213\221\243\004\006][\376s\340\253\234K}\\013\0362\202`\234\371~d\0310\204\264,s!\002i\265d-H\225\336\350\317n\272\016O\317\257\273\327\352\371\231\250\230(\240\353\331\024\207\241\020\304!vF0D\002 %v\367z*\301+2B+\t^\364\014\013k\273Ez\002i\003\312K\007 \036n\322\344lq\002 9\324\005E0G\024\220\214Y\355\3215\237\327\234\344\212\362/ \031\356\254\214Xz\213\333\0034\321""; ","validation: """"\200\000\000\001&\000\000\000\004)/\352k\021:\225\031\312\0231#ajQ2\262\253\351\035\214\260\336\037!\340\337w\327\364\353\202\243\240<'Mb\336\312E\233'\345-\035<P\027\000\000\000\000\000\000\000\000\000\000\000\000\000\000\000\000\000\000\000\000\000\000\000\000\000\000\000\000\000\000\000\000P\031t\361\032\213\221\243\004\006][\376s\340\253\234K}\\013\0362\202`\234\371~d\0310\204\264,s!\002i\265d-H\225\336\350\317n\272\016O\317\257\273\327\352\371\231\250\230(\240\353\331\024\207\241\020\304!vF0D\002 %v\367z*\301+2B+\t^\364\014\013k\273Ez\002i\003\312K\007 \036n\322\344lq\002 9\324\005E0G\024\220\214Y\355\3215\237\327\234\344\212\362/ \031\356\254\214Xz\213\333\0034\321""; "
1750576786291,1750576786291,2156,1,1,3,TMValidation,"validation: """"\200\000\000\001&\000\000\000\004)/\352k\021:\225\031\312\0231#ajQ2\262\253\351\035\214\260\336\037!\340\337w\327\364\353\202\243\240<'Mb\336\312E\233'\345-\035<P\027\000\000\000\000\000\000\000\000\000\000\000\000\000\000\000\000\000\000\000\000\000\000\000\000\000\000\000\000\000\000\000\000P\031t\361\032\213\221\243\004\006][\376s\340\253\234K}\\013\0362\202`\234\371~d\0310\204\264,s!\002i\265d-H\225\336\350\317n\272\016O\317\257\273\327\352\371\231\250\230(\240\353\331\024\207\241\020\304!vF0D\002 %v\367z*\301+2B+\t^\364\014\013k\273Ez\002i\003\312K\007 \036n\322\344lq\002 9\324\005E0G\024\220\214Y\355\3215\237\327\234\344\212\362/ \031\356\254\214Xz\213\333\0034\321""; ","validation: """"\200\000\000\001&\000\000\000\004)/\352k\021:\225\031\312\0231#ajQ2\262\253\351\035\214\260\336\037!\340\337w\327\364\353\202\243\240<'Mb\336\312E\233'\345-\035<P\027\000\000\000\000\000\000\000\000\000\000\000\000\000\000\000\000\000\000\000\000\000\000\000\000\000\000\000\000\000\000\000\000P\031t\361\032\213\221\243\004\006][\376s\340\253\234K}\\013\0362\202`\234\371~d\0310\204\264,s!\002i\265d-H\225\336\350\317n\272\016O\317\257\273\327\352\371\231\250\230(\240\353\331\024\207\241\020\304!vF0D\002 %v\367z*\301+2B+\t^\364\014\013k\273Ez\002i\003\312K\007 \036n\322\344lq\002 9\324\005E0G\024\220\214Y\355\3215\237\327\234\344\212\362/ \031\356\254\214Xz\213\333\0034\321""; "
1750576786291,1750576786292,494,1,1,4,TMValidation,"validation: """"\200\000\000\001&\000\000\000\004)/\352k\021:\225\031\312\0231#ajQ2\262\253\351\035\214\260\336\037!\340\337w\327\364\353\202\243\240<'Mb\336\312E\233'\345-\035<P\027\000\000\000\000\000\000\000\000\000\000\000\000\000\000\000\000\000\000\000\000\000\000\000\000\000\000\000\000\000\000\000\000P\031t\361\032\213\221\243\004\006][\376s\340\253\234K}\\013\0362\202`\234\371~d\0310\204\264,s!\002i\265d-H\225\336\350\317n\272\016O\317\257\273\327\352\371\231\250\230(\240\353\331\024\207\241\020\304!vF0D\002 %v\367z*\301+2B+\t^\364\014\013k\273Ez\002i\003\312K\007 \036n\322\344lq\002 9\324\005E0G\024\220\214Y\355\3215\237\327\234\344\212\362/ \031\356\254\214Xz\213\333\0034\321""; ","validation: """"\200\000\000\001&\000\000\000\004)/\352k\021:\225\031\312\0231#ajQ2\262\253\351\035\214\260\336\037!\340\337w\327\364\353\202\243\240<'Mb\336\312E\233'\345-\035<P\027\000\000\000\000\000\000\000\000\000\000\000\000\000\000\000\000\000\000\000\000\000\000\000\000\000\000\000\000\000\000\000\000P\031t\361\032\213\221\243\004\006][\376s\340\253\234K}\\013\0362\202`\234\371~d\0310\204\264,s!\002i\265d-H\225\336\350\317n\272\016O\317\257\273\327\352\371\231\250\230(\240\353\331\024\207\241\020\304!vF0D\002 %v\367z*\301+2B+\t^\364\014\013k\273Ez\002i\003\312K\007 \036n\322\344lq\002 9\324\005E0G\024\220\214Y\355\3215\237\327\234\344\212\362/ \031\356\254\214Xz\213\333\0034\321""; "
1750576786363,1750576786364,920,1,0,4,TMTransaction,"rawTransaction: ""\022\000\000""\000\000\000\000$\000\000\000\002 \033\000\000\000\027a@\000\000\027H\206*@h@\000\000\000\000\000\000\ns!\0030\347\374\235V\273%\326\211;\243\363\027\256[\3173\263)\033\326=\263&T\243\023""/\177\320 tF0D\002 \0178\177xG\230\372\261?\210t\202n\206\217M5.:\326r\314W0\230\365T\326\037\371N\272\002 J\344F\3349\305\031\023#\023\010\356#\314\326\321&\352\247\266O\310\326\307\341\013*\021c\220\245\032\201\024\265\367by\212S\325C\240\024\312\370\262\227\317\370\362\3717\350\203\024O\217\226\315\3632\220\035\215\273P:\260\027\270\320\n\246\333\324""; status: tsCURRENT; receiveTimestamp: 803891986; deferred: false; ","rawTransaction: ""\022\000\000""\000\000\000\000$\000\000\000\002 \033\000\000\000\027a@\000\000\027H\206*@h@\000\000\000\000\000\000\ns!\0030\347\374\235V\273%\326\211;\243\363\027\256[\3173\263)\033\326=\263&T\243\023""/\177\320 tF0D\002 \0178\177xG\230\372\261?\210t\202n\206\217M5.:\326r\314W0\230\365T\326\037\371N\272\002 J\344F\3349\305\031\023#\023\010\356#\314\326\321&\352\247\266O\310\326\307\341\013*\021c\220\245\032\201\024\265\367by\212S\325C\240\024\312\370\262\227\317\370\362\3717\350\203\024O\217\226\315\3632\220\035\215\273P:\260\027\270\320\n\246\333\324""; status: tsCURRENT; receiveTimestamp: 803891986; deferred: false; "
1750576786364,1750576786365,2268,1,0,2,TMTransaction,"rawTransaction: ""\022\000\000""\000\000\000\000$\000\000\000\002 \033\000\000\000\027a@\000\000\027H\206*@h@\000\000\000\000\000\000\ns!\0030\347\374\235V\273%\326\211;\243\363\027\256[\3173\263)\033\326=\263&T\243\023""/\177\320 tF0D\002 \0178\177xG\230\372\261?\210t\202n\206\217M5.:\326r\314W0\230\365T\326\037\371N\272\002 J\344F\3349\305\031\023#\023\010\356#\314\326\321&\352\247\266O\310\326\307\341\013*\021c\220\245\032\201\024\265\367by\212S\325C\240\024\312\370\262\227\317\370\362\3717\350\203\024O\217\226\315\3632\220\035\215\273P:\260\027\270\320\n\246\333\324""; status: tsCURRENT; receiveTimestamp: 803891986; deferred: false; ","rawTransaction: ""\022\000\000""\000\000\000\000$\000\000\000\002 \033\000\000\000\027a@\000\000\027H\206*@h@\000\000\000\000\000\000\ns!\0030\347\374\235V\273%\326\211;\243\363\027\256[\3173\263)\033\326=\263&T\243\023""/\177\320 tF0D\002 \0178\177xG\230\372\261?\210t\202n\206\217M5.:\326r\314W0\230\365T\326\037\371N\272\002 J\344F\3349\305\031\023#\023\010\356#\314\326\321&\352\247\266O\310\326\307\341\013*\021c\220\245\032\201\024\265\367by\212S\325C\240\024\312\370\262\227\317\370\362\3717\350\203\024O\217\226\315\3632\220\035\215\273P:\260\027\270\320\n\246\333\324""; status: tsCURRENT; receiveTimestamp: 803891986; deferred: false; "
1750576786364,1750576786365,3808,1,0,1,TMTransaction,"rawTransaction: ""\022\000\000""\000\000\000\000$\000\000\000\002 \033\000\000\000\027a@\000\000\027H\206*@h@\000\000\000\000\000\000\ns!\0030\347\374\235V\273%\326\211;\243\363\027\256[\3173\263)\033\326=\263&T\243\023""/\177\320 tF0D\002 \0178\177xG\230\372\261?\210t\202n\206\217M5.:\326r\314W0\230\365T\326\037\371N\272\002 J\344F\3349\305\031\023#\023\010\356#\314\326\321&\352\247\266O\310\326\307\341\013*\021c\220\245\032\201\024\265\367by\212S\325C\240\024\312\370\262\227\317\370\362\3717\350\203\024O\217\226\315\3632\220\035\215\273P:\260\027\270\320\n\246\333\324""; status: tsCURRENT; receiveTimestamp: 803891986; deferred: false; ","rawTransaction: ""\022\000\000""\000\000\000\000$\000\000\000\002 \033\000\000\000\027a@\000\000\027H\206*@h@\000\000\000\000\000\000\ns!\0030\347\374\235V\273%\326\211;\243\363\027\256[\3173\263)\033\326=\263&T\243\023""/\177\320 tF0D\002 \0178\177xG\230\372\261?\210t\202n\206\217M5.:\326r\314W0\230\365T\326\037\371N\272\002 J\344F\3349\305\031\023#\023\010\356#\314\326\321&\352\247\266O\310\326\307\341\013*\021c\220\245\032\201\024\265\367by\212S\325C\240\024\312\370\262\227\317\370\362\3717\350\203\024O\217\226\315\3632\220\035\215\273P:\260\027\270\320\n\246\333\324""; status: tsCURRENT; receiveTimestamp: 803891986; deferred: false; "
1750576786375,1750576786375,1879,1,4,2,TMValidation,"validation: """"\200\000\000\001&\000\000\000\004)/\352k\021:~\324\314\253\264\317\217]Q2\262\253\351\035\214\260\336\037!\340\337w\327\364\353\202\243\240<'Mb\336\312E\233'\345-\035<P\027\000\000\000\000\000\000\000\000\000\000\000\000\000\000\000\000\000\000\000\000\000\000\000\000\000\000\000\000\000\000\000\000P\031t\361\032\213\221\243\004\006][\376s\340\253\234K}\\013\0362\202`\234\371~d\0310\204\264,s!\003\031\332\276_\315\363\210\315\246\030F\330\251\017g\263\037\257\332\007 \253\203\233\205\365\344\036\245\374\253\323vG0E\002!\000\237\327\372\306\366\036\353\010\2120$k,Ih\000=]4\204\213\223\233V\331df\274\346\3245$\002 \006\016\022[\237\000\365\233\244\375;\000nyh\356\344\264\370\\357)\247\007\263\025\027\313\211\255g\020""; ","validation: """"\200\000\000\001&\000\000\000\004)/\352k\021:~\324\314\253\264\317\217]Q2\262\253\351\035\214\260\336\037!\340\337w\327\364\353\202\243\240<'Mb\336\312E\233'\345-\035<P\027\000\000\000\000\000\000\000\000\000\000\000\000\000\000\000\000\000\000\000\000\000\000\000\000\000\000\000\000\000\000\000\000P\031t\361\032\213\221\243\004\006][\376s\340\253\234K}\\013\0362\202`\234\371~d\0310\204\264,s!\003\031\332\276_\315\363\210\315\246\030F\330\251\017g\263\037\257\332\007 \253\203\233\205\365\344\036\245\374\253\323vG0E\002!\000\237\327\372\306\366\036\353\010\2120$k,Ih\000=]4\204\213\223\233V\331df\274\346\3245$\002 \006\016\022[\237\000\365\233\244\375;\000nyh\356\344\264\370\\357)\247\007\263\025\027\313\211\255g\020""; "
1750576786375,1750576786376,490,1,4,3,TMValidation,"validation: """"\200\000\000\001&\000\000\000\004)/\352k\021:~\324\314\253\264\317\217]Q2\262\253\351\035\214\260\336\037!\340\337w\327\364\353\202\243\240<'Mb\336\312E\233'\345-\035<P\027\000\000\000\000\000\000\000\000\000\000\000\000\000\000\000\000\000\000\000\000\000\000\000\000\000\000\000\000\000\000\000\000P\031t\361\032\213\221\243\004\006][\376s\340\253\234K}\\013\0362\202`\234\371~d\0310\204\264,s!\003\031\332\276_\315\363\210\315\246\030F\330\251\017g\263\037\257\332\007 \253\203\233\205\365\344\036\245\374\253\323vG0E\002!\000\237\327\372\306\366\036\353\010\2120$k,Ih\000=]4\204\213\223\233V\331df\274\346\3245$\002 \006\016\022[\237\000\365\233\244\375;\000nyh\356\344\264\370\\357)\247\007\263\025\027\313\211\255g\020""; ","validation: """"\200\000\000\001&\000\000\000\004)/\352k\021:~\324\314\253\264\317\217]Q2\262\253\351\035\214\260\336\037!\340\337w\327\364\353\202\243\240<'Mb\336\312E\233'\345-\035<P\027\000\000\000\000\000\000\000\000\000\000\000\000\000\000\000\000\000\000\000\000\000\000\000\000\000\000\000\000\000\000\000\000P\031t\361\032\213\221\243\004\006][\376s\340\253\234K}\\013\0362\202`\234\371~d\0310\204\264,s!\003\031\332\276_\315\363\210\315\246\030F\330\251\017g\263\037\257\332\007 \253\203\233\205\365\344\036\245\374\253\323vG0E\002!\000\237\327\372\306\366\036\353\010\2120$k,Ih\000=]4\204\213\223\233V\331df\274\346\3245$\002 \006\016\022[\237\000\365\233\244\375;\000nyh\356\344\264\370\\357)\247\007\263\025\027\313\211\255g\020""; "
1750576786376,1750576786376,1044,1,4,0,TMValidation,"validation: """"\200\000\000\001&\000\000\000\004)/\352k\021:~\324\314\253\264\317\217]Q2\262\253\351\035\214\260\336\037!\340\337w\327\364\353\202\243\240<'Mb\336\312E\233'\345-\035<P\027\000\000\000\000\000\000\000\000\000\000\000\000\000\000\000\000\000\000\000\000\000\000\000\000\000\000\000\000\000\000\000\000P\031t\361\032\213\221\243\004\006][\376s\340\253\234K}\\013\0362\202`\234\371~d\0310\204\264,s!\003\031\332\276_\315\363\210\315\246\030F\330\251\017g\263\037\257\332\007 \253\203\233\205\365\344\036\245\374\253\323vG0E\002!\000\237\327\372\306\366\036\353\010\2120$k,Ih\000=]4\204\213\223\233V\331df\274\346\3245$\002 \006\016\022[\237\000\365\233\244\375;\000nyh\356\344\264\370\\357)\247\007\263\025\027\313\211\255g\020""; ","validation: """"\200\000\000\001&\000\000\000\004)/\352k\021:~\324\314\253\264\317\217]Q2\262\253\351\035\214\260\336\037!\340\337w\327\364\353\202\243\240<'Mb\336\312E\233'\345-\035<P\027\000\000\000\000\000\000\000\000\000\000\000\000\000\000\000\000\000\000\000\000\000\000\000\000\000\000\000\000\000\000\000\000P\031t\361\032\213\221\243\004\006][\376s\340\253\234K}\\013\0362\202`\234\371~d\0310\204\264,s!\003\031\332\276_\315\363\210\315\246\030F\330\251\017g\263\037\257\332\007 \253\203\233\205\365\344\036\245\374\253\323vG0E\002!\000\237\327\372\306\366\036\353\010\2120$k,Ih\000=]4\204\213\223\233V\331df\274\346\3245$\002 \006\016\022[\237\000\365\233\244\375;\000nyh\356\344\264\370\\357)\247\007\263\025\027\313\211\255g\020""; "
1750576786400,1750576786400,108,1,3,0,TMValidation,"validation: """"\200\000\000\001&\000\000\000\004)/\352k\021:\030\016l\375\261lU\035Q2\262\253\351\035\214\260\336\037!\340\337w\327\364\353\202\243\240<'Mb\336\312E\233'\345-\035<P\027\000\000\000\000\000\000\000\000\000\000\000\000\000\000\000\000\000\000\000\000\000\000\000\000\000\000\000\000\000\000\000\000P\031t\361\032\213\221\243\004\006][\376s\340\253\234K}\\013\0362\202`\234\371~d\0310\204\264,s!\002\005\363\0222\231\333G\357\305\020\014\241\033\231\261Z#\243\036\0267\020\210\265\022\240%\336\332\221\202\352vG0E\002!\000\214\366\216\314\025\353\220=.\177\351\346\307R\301c\223\317,z[F\211z\262m[7q\326\231\035\002 h\261h3\345\223\325""\323\301\355\003\207\264\346\362\321\310&z\310\371\002\035\230\307\327\303\251\357[\037""; ","validation: """"\200\000\000\001&\000\000\000\004)/\352k\021:\030\016l\375\261lU\035Q2\262\253\351\035\214\260\336\037!\340\337w\327\364\353\202\243\240<'Mb\336\312E\233'\345-\035<P\027\000\000\000\000\000\000\000\000\000\000\000\000\000\000\000\000\000\000\000\000\000\000\000\000\000\000\000\000\000\000\000\000P\031t\361\032\213\221\243\004\006][\376s\340\253\234K}\\013\0362\202`\234\371~d\0310\204\264,s!\002\005\363\0222\231\333G\357\305\020\014\241\033\231\261Z#\243\036\0267\020\210\265\022\240%\336\332\221\202\352vG0E\002!\000\214\366\216\314\025\353\220=.\177\351\346\307R\301c\223\317,z[F\211z\262m[7q\326\231\035\002 h\261h3\345\223\325""\323\301\355\003\207\264\346\362\321\310&z\310\371\002\035\230\307\327\303\251\357[\037""; "
1750576786401,1750576786401,1360,1,3,1,TMValidation,"validation: """"\200\000\000\001&\000\000\000\004)/\352k\021:\030\016l\375\261lU\035Q2\262\253\351\035\214\260\336\037!\340\337w\327\364\353\202\243\240<'Mb\336\312E\233'\345-\035<P\027\000\000\000\000\000\000\000\000\000\000\000\000\000\000\000\000\000\000\000\000\000\000\000\000\000\000\000\000\000\000\000\000P\031t\361\032\213\221\243\004\006][\376s\340\253\234K}\\013\0362\202`\234\371~d\0310\204\264,s!\002\005\363\0222\231\333G\357\305\020\014\241\033\231\261Z#\243\036\0267\020\210\265\022\240%\336\332\221\202\352vG0E\002!\000\214\366\216\314\025\353\220=.\177\351\346\307R\301c\223\317,z[F\211z\262m[7q\326\231\035\002 h\261h3\345\223\325""\323\301\355\003\207\264\346\362\321\310&z\310\371\002\035\230\307\327\303\251\357[\037""; ","validation: """"\200\000\000\001&\000\000\000\004)/\352k\021:\030\016l\375\261lU\035Q2\262\253\351\035\214\260\336\037!\340\337w\327\364\353\202\243\240<'Mb\336\312E\233'\345-\035<P\027\000\000\000\000\000\000\000\000\000\000\000\000\000\000\000\000\000\000\000\000\000\000\000\000\000\000\000\000\000\000\000\000P\031t\361\032\213\221\243\004\006][\376s\340\253\234K}\\013\0362\202`\234\371~d\0310\204\264,s!\002\005\363\0222\231\333G\357\305\020\014\241\033\231\261Z#\243\036\0267\020\210\265\022\240%\336\332\221\202\352vG0E\002!\000\214\366\216\314\025\353\220=.\177\351\346\307R\301c\223\317,z[F\211z\262m[7q\326\231\035\002 h\261h3\345\223\325""\323\301\355\003\207\264\346\362\321\310&z\310\371\002\035\230\307\327\303\251\357[\037""; "
1750576786401,1750576786401,1433,1,3,2,TMValidation,"validation: """"\200\000\000\001&\000\000\000\004)/\352k\021:\030\016l\375\261lU\035Q2\262\253\351\035\214\260\336\037!\340\337w\327\364\353\202\243\240<'Mb\336\312E\233'\345-\035<P\027\000\000\000\000\000\000\000\000\000\000\000\000\000\000\000\000\000\000\000\000\000\000\000\000\000\000\000\000\000\000\000\000P\031t\361\032\213\221\243\004\006][\376s\340\253\234K}\\013\0362\202`\234\371~d\0310\204\264,s!\002\005\363\0222\231\333G\357\305\020\014\241\033\231\261Z#\243\036\0267\020\210\265\022\240%\336\332\221\202\352vG0E\002!\000\214\366\216\314\025\353\220=.\177\351\346\307R\301c\223\317,z[F\211z\262m[7q\326\231\035\002 h\261h3\345\223\325""\323\301\355\003\207\264\346\362\321\310&z\310\371\002\035\230\307\327\303\251\357[\037""; ","validation: """"\200\000\000\001&\000\000\000\004)/\352k\021:\030\016l\375\261lU\035Q2\262\253\351\035\214\260\336\037!\340\337w\327\364\353\202\243\240<'Mb\336\312E\233'\345-\035<P\027\000\000\000\000\000\000\000\000\000\000\000\000\000\000\000\000\000\000\000\000\000\000\000\000\000\000\000\000\000\000\000\000P\031t\361\032\213\221\243\004\006][\376s\340\253\234K}\\013\0362\202`\234\371~d\0310\204\264,s!\002\005\363\0222\231\333G\357\305\020\014\241\033\231\261Z#\243\036\0267\020\210\265\022\240%\336\332\221\202\352vG0E\002!\000\214\366\216\314\025\353\220=.\177\351\346\307R\301c\223\317,z[F\211z\262m[7q\326\231\035\002 h\261h3\345\223\325""\323\301\355\003\207\264\346\362\321\310&z\310\371\002\035\230\307\327\303\251\357[\037""; "
1750576786411,1750576786411,185,1,2,4,TMValidation,"validation: """"\200\000\000\001&\000\000\000\004)/\352k\021:\030\016l\375\261lU\035Q2\262\253\351\035\214\260\336\037!\340\337w\327\364\353\202\243\240<'Mb\336\312E\233'\345-\035<P\027\000\000\000\000\000\000\000\000\000\000\000\000\000\000\000\000\000\000\000\000\000\000\000\000\000\000\000\000\000\000\000\000P\031t\361\032\213\221\243\004\006][\376s\340\253\234K}\\013\0362\202`\234\371~d\0310\204\264,s!\002\005\363\0222\231\333G\357\305\020\014\241\033\231\261Z#\243\036\0267\020\210\265\022\240%\336\332\221\202\352vG0E\002!\000\214\366\216\314\025\353\220=.\177\351\346\307R\301c\223\317,z[F\211z\262m[7q\326\231\035\002 h\261h3\345\223\325""\323\301\355\003\207\264\346\362\321\310&z\310\371\002\035\230\307\327\303\251\357[\037""; ","validation: """"\200\000\000\001&\000\000\000\004)/\352k\021:\030\016l\375\261lU\035Q2\262\253\351\035\214\260\336\037!\340\337w\327\364\353\202\243\240<'Mb\336\312E\233'\345-\035<P\027\000\000\000\000\000\000\000\000\000\000\000\000\000\000\000\000\000\000\000\000\000\000\000\000\000\000\000\000\000\000\000\000P\031t\361\032\213\221\243\004\006][\376s\340\253\234K}\\013\0362\202`\234\371~d\0310\204\264,s!\002\005\363\0222\231\333G\357\305\020\014\241\033\231\261Z#\243\036\0267\020\210\265\022\240%\336\332\221\202\352vG0E\002!\000\214\366\216\314\025\353\220=.\177\351\346\307R\301c\223\317,z[F\211z\262m[7q\326\231\035\002 h\261h3\345\223\325""\323\301\355\003\207\264\346\362\321\310&z\310\371\002\035\230\307\327\303\251\357[\037""; "
1750576786412,1750576786412,1027,1,2,0,TMValidation,"validation: """"\200\000\000\001&\000\000\000\004)/\352k\021:\030\016l\375\261lU\035Q2\262\253\351\035\214\260\336\037!\340\337w\327\364\353\202\243\240<'Mb\336\312E\233'\345-\035<P\027\000\000\000\000\000\000\000\000\000\000\000\000\000\000\000\000\000\000\000\000\000\000\000\000\000\000\000\000\000\000\000\000P\031t\361\032\213\221\243\004\006][\376s\340\253\234K}\\013\0362\202`\234\371~d\0310\204\264,s!\002\005\363\0222\231\333G\357\305\020\014\241\033\231\261Z#\243\036\0267\020\210\265\022\240%\336\332\221\202\352vG0E\002!\000\214\366\216\314\025\353\220=.\177\351\346\307R\301c\223\317,z[F\211z\262m[7q\326\231\035\002 h\261h3\345\223\325""\323\301\355\003\207\264\346\362\321\310&z\310\371\002\035\230\307\327\303\251\357[\037""; ","validation: """"\200\000\000\001&\000\000\000\004)/\352k\021:\030\016l\375\261lU\035Q2\262\253\351\035\214\260\336\037!\340\337w\327\364\353\202\243\240<'Mb\336\312E\233'\345-\035<P\027\000\000\000\000\000\000\000\000\000\000\000\000\000\000\000\000\000\000\000\000\000\000\000\000\000\000\000\000\000\000\000\000P\031t\361\032\213\221\243\004\006][\376s\340\253\234K}\\013\0362\202`\234\371~d\0310\204\264,s!\002\005\363\0222\231\333G\357\305\020\014\241\033\231\261Z#\243\036\0267\020\210\265\022\240%\336\332\221\202\352vG0E\002!\000\214\366\216\314\025\353\220=.\177\351\346\307R\301c\223\317,z[F\211z\262m[7q\326\231\035\002 h\261h3\345\223\325""\323\301\355\003\207\264\346\362\321\310&z\310\371\002\035\230\307\327\303\251\357[\037""; "
1750576786412,1750576786412,1713,1,2,3,TMValidation,"validation: """"\200\000\000\001&\000\000\000\004)/\352k\021:\030\016l\375\261lU\035Q2\262\253\351\035\214\260\336\037!\340\337w\327\364\353\202\243\240<'Mb\336\312E\233'\345-\035<P\027\000\000\000\000\000\000\000\000\000\000\000\000\000\000\000\000\000\000\000\000\000\000\000\000\000\000\000\000\000\000\000\000P\031t\361\032\213\221\243\004\006][\376s\340\253\234K}\\013\0362\202`\234\371~d\0310\204\264,s!\002\005\363\0222\231\333G\357\305\020\014\241\033\231\261Z#\243\036\0267\020\210\265\022\240%\336\332\221\202\352vG0E\002!\000\214\366\216\314\025\353\220=.\177\351\346\307R\301c\223\317,z[F\211z\262m[7q\326\231\035\002 h\261h3\345\223\325""\323\301\355\003\207\264\346\362\321\310&z\310\371\002\035\230\307\327\303\251\357[\037""; ","validation: """"\200\000\000\001&\000\000\000\004)/\352k\021:\030\016l\375\261lU\035Q2\262\253\351\035\214\260\336\037!\340\337w\327\364\353\202\243\240<'Mb\336\312E\233'\345-\035<P\027\000\000\000\000\000\000\000\000\000\000\000\000\000\000\000\000\000\000\000\000\000\000\000\000\000\000\000\000\000\000\000\000P\031t\361\032\213\221\243\004\006][\376s\340\253\234K}\\013\0362\202`\234\371~d\0310\204\264,s!\002\005\363\0222\231\333G\357\305\020\014\241\033\231\261Z#\243\036\0267\020\210\265\022\240%\336\332\221\202\352vG0E\002!\000\214\366\216\314\025\353\220=.\177\351\346\307R\301c\223\317,z[F\211z\262m[7q\326\231\035\002 h\261h3\345\223\325""\323\301\355\003\207\264\346\362\321\310&z\310\371\002\035\230\307\327\303\251\357[\037""; "
1750576786431,1750576786431,490,1,4,3,TMValidation,"validation: """"\200\000\000\001&\000\000\000\004)/\352k\022:F\231\033)\227\311<\340Q2\262\253\351\035\214\260\336\037!\340\337w\327\364\353\202\243\240<'Mb\336\312E\233'\345-\035<P\027\000\000\000\000\000\000\000\000\000\000\000\000\000\000\000\000\000\000\000\000\000\000\000\000\000\000\000\000\000\000\000\000P\031t\361\032\213\221\243\004\006][\376s\340\253\234K}\\013\0362\202`\234\371~d\0310\204\264,s!\002\246\346\346\007\2326A*\334\272\022\321\346\247[\222\030\343\261w\244R\r\357}\243\273\253\020\375b6vF0D\002 w\267o+L*5C\301a\r\377q\206\016\271^0Mp7i\2153\306\005\336E\253\023\347\235\002 \025\235\014\354\246\363\327i\265\005n\343""\223ch<\231\360WR>\227v\242)g\257Iex[""; ","validation: """"\200\000\000\001&\000\000\000\004)/\352k\022:F\231\033)\227\311<\340Q2\262\253\351\035\214\260\336\037!\340\337w\327\364\353\202\243\240<'Mb\336\312E\233'\345-\035<P\027\000\000\000\000\000\000\000\000\000\000\000\000\000\000\000\000\000\000\000\000\000\000\000\000\000\000\000\000\000\000\000\000P\031t\361\032\213\221\243\004\006][\376s\340\253\234K}\\013\0362\202`\234\371~d\0310\204\264,s!\002\246\346\346\007\2326A*\334\272\022\321\346\247[\222\030\343\261w\244R\r\357}\243\273\253\020\375b6vF0D\002 w\267o+L*5C\301a\r\377q\206\016\271^0Mp7i\2153\306\005\336E\253\023\347\235\002 \025\235\014\354\246\363\327i\265\005n\343""\223ch<\231\360WR>\227v\242)g\257Iex[""; "
1750576786432,1750576786432,3345,1,4,1,TMValidation,"validation: """"\200\000\000\001&\000\000\000\004)/\352k\022:F\231\033)\227\311<\340Q2\262\253\351\035\214\260\336\037!\340\337w\327\364\353\202\243\240<'Mb\336\312E\233'\345-\035<P\027\000\000\000\000\000\000\000\000\000\000\000\000\000\000\000\000\000\000\000\000\000\000\000\000\000\000\000\000\000\000\000\000P\031t\361\032\213\221\243\004\006][\376s\340\253\234K}\\013\0362\202`\234\371~d\0310\204\264,s!\002\246\346\346\007\2326A*\334\272\022\321\346\247[\222\030\343\261w\244R\r\357}\243\273\253\020\375b6vF0D\002 w\267o+L*5C\301a\r\377q\206\016\271^0Mp7i\2153\306\005\336E\253\023\347\235\002 \025\235\014\354\246\363\327i\265\005n\343""\223ch<\231\360WR>\227v\242)g\257Iex[""; ","validation: """"\200\000\000\001&\000\000\000\004)/\352k\022:F\231\033)\227\311<\340Q2\262\253\351\035\214\260\336\037!\340\337w\327\364\353\202\243\240<'Mb\336\312E\233'\345-\035<P\027\000\000\000\000\000\000\000\000\000\000\000\000\000\000\000\000\000\000\000\000\000\000\000\000\000\000\000\000\000\000\000\000P\031t\361\032\213\221\243\004\006][\376s\340\253\234K}\\013\0362\202`\234\371~d\0310\204\264,s!\002\246\346\346\007\2326A*\334\272\022\321\346\247[\222\030\343\261w\244R\r\357}\243\273\253\020\375b6vF0D\002 w\267o+L*5C\301a\r\377q\206\016\271^0Mp7i\2153\306\005\336E\253\023\347\235\002 \025\235\014\354\246\363\327i\265\005n\343""\223ch<\231\360WR>\227v\242)g\257Iex[""; "
1750576786432,1750576786432,1044,1,4,0,TMValidation,"validation: """"\200\000\000\001&\000\000\000\004)/\352k\022:F\231\033)\227\311<\340Q2\262\253\351\035\214\260\336\037!\340\337w\327\364\353\202\243\240<'Mb\336\312E\233'\345-\035<P\027\000\000\000\000\000\000\000\000\000\000\000\000\000\000\000\000\000\000\000\000\000\000\000\000\000\000\000\000\000\000\000\000P\031t\361\032\213\221\243\004\006][\376s\340\253\234K}\\013\0362\202`\234\371~d\0310\204\264,s!\002\246\346\346\007\2326A*\334\272\022\321\346\247[\222\030\343\261w\244R\r\357}\243\273\253\020\375b6vF0D\002 w\267o+L*5C\301a\r\377q\206\016\271^0Mp7i\2153\306\005\336E\253\023\347\235\002 \025\235\014\354\246\363\327i\265\005n\343""\223ch<\231\360WR>\227v\242)g\257Iex[""; ","validation: """"\200\000\000\001&\000\000\000\004)/\352k\022:F\231\033)\227\311<\340Q2\262\253\351\035\214\260\336\037!\340\337w\327\364\353\202\243\240<'Mb\336\312E\233'\345-\035<P\027\000\000\000\000\000\000\000\000\000\000\000\000\000\000\000\000\000\000\000\000\000\000\000\000\000\000\000\000\000\000\000\000P\031t\361\032\213\221\243\004\006][\376s\340\253\234K}\\013\0362\202`\234\371~d\0310\204\264,s!\002\246\346\346\007\2326A*\334\272\022\321\346\247[\222\030\343\261w\244R\r\357}\243\273\253\020\375b6vF0D\002 w\267o+L*5C\301a\r\377q\206\016\271^0Mp7i\2153\306\005\336E\253\023\347\235\002 \025\235\014\354\246\363\327i\265\005n\343""\223ch<\231\360WR>\227v\242)g\257Iex[""; "
1750576786446,1750576786446,3125,1,4,3,TMProposeSet,"proposeSeq: 0; currentTxHash: ""\371K:\022He\314\263eC~\177\210\334\177\340\200\002\203\253\204\310\221\371\030\364\002\242\014\367\032\323""; nodePubKey: ""\002i\265d-H\225\336\350\317n\272\016O\317\257\273\327\352\371\231\250\230(\240\353\331\024\207\241\020\304!""; closeTime: 803891986; signature: ""0D\002 8\345y\222|\343\244'F;K#\360\303O=~K\030\340\024\321\374Y\2033\304\334\203\375!\365\002 ~d\260\335ph\353\317S\235\213\r\316\205X\226\256|k\233j\033.\233N\232\257n\337T8\222""; previousledger: ""2\262\253\351\035\214\260\336\037!\340\337w\327\364\353\202\243\240<'Mb\336\312E\233'\345-\035<""; ","proposeSeq: 0; currentTxHash: ""\371K:\022He\314\263eC~\177\210\334\177\340\200\002\203\253\204\310\221\371\030\364\002\242\014\367\032\323""; nodePubKey: ""\002i\265d-H\225\336\350\317n\272\016O\317\257\273\327\352\371\231\250\230(\240\353\331\024\207\241\020\304!""; closeTime: 803891986; signature: ""0D\002 8\345y\222|\343\244'F;K#\360\303O=~K\030\340\024\321\374Y\2033\304\334\203\375!\365\002 ~d\260\335ph\353\317S\235\213\r\316\205X\226\256|k\233j\033.\233N\232\257n\337T8\222""; previousledger: ""2\262\253\351\035\214\260\336\037!\340\337w\327\364\353\202\243\240<'Mb\336\312E\233'\345-\035<""; "
1750576786447,1750576786447,265,1,4,3,TMHaveTransactionSet,"status: tsHAVE; hash: ""\371K:\022He\314\263eC~\177\210\334\177\340\200\002\203\253\204\310\221\371\030\364\002\242\014\367\032\323""; ","status: tsHAVE; hash: ""\371K:\022He\314\263eC~\177\210\334\177\340\200\002\203\253\204\310\221\371\030\364\002\242\014\367\032\323""; "
1750576786448,1750576786448,1256,1,4,1,TMProposeSet,"proposeSeq: 0; currentTxHash: ""\371K:\022He\314\263eC~\177\210\334\177\340\200\002\203\253\204\310\221\371\030\364\002\242\014\367\032\323""; nodePubKey: ""\002i\265d-H\225\336\350\317n\272\016O\317\257\273\327\352\371\231\250\230(\240\353\331\024\207\241\020\304!""; closeTime: 803891986; signature: ""0D\002 8\345y\222|\343\244'F;K#\360\303O=~K\030\340\024\321\374Y\2033\304\334\203\375!\365\002 ~d\260\335ph\353\317S\235\213\r\316\205X\226\256|k\233j\033.\233N\232\257n\337T8\222""; previousledger: ""2\262\253\351\035\214\260\336\037!\340\337w\327\364\353\202\243\240<'Mb\336\312E\233'\345-\035<""; ","proposeSeq: 0; currentTxHash: ""\371K:\022He\314\263eC~\177\210\334\177\340\200\002\203\253\204\310\221\371\030\364\002\242\014\367\032\323""; nodePubKey: ""\002i\265d-H\225\336\350\317n\272\016O\317\257\273\327\352\371\231\250\230(\240\353\331\024\207\241\020\304!""; closeTime: 803891986; signature: ""0D\002 8\345y\222|\343\244'F;K#\360\303O=~K\030\340\024\321\374Y\2033\304\334\203\375!\365\002 ~d\260\335ph\353\317S\235\213\r\316\205X\226\256|k\233j\033.\233N\232\257n\337T8\222""; previousledger: ""2\262\253\351\035\214\260\336\037!\340\337w\327\364\353\202\243\240<'Mb\336\312E\233'\345-\035<""; "
1750576786449,1750576786449,2480,1,4,1,TMHaveTransactionSet,"status: tsHAVE; hash: ""\371K:\022He\314\263eC~\177\210\334\177\340\200\002\203\253\204\310\221\371\030\364\002\242\014\367\032\323""; ","status: tsHAVE; hash: ""\371K:\022He\314\263eC~\177\210\334\177\340\200\002\203\253\204\310\221\371\030\364\002\242\014\367\032\323""; "
1750576786474,1750576786474,2271,1,4,0,TMHaveTransactionSet,"status: tsHAVE; hash: ""\371K:\022He\314\263eC~\177\210\334\177\340\200\002\203\253\204\310\221\371\030\364\002\242\014\367\032\323""; ","status: tsHAVE; hash: ""\371K:\022He\314\263eC~\177\210\334\177\340\200\002\203\253\204\310\221\371\030\364\002\242\014\367\032\323""; "
1750576786474,1750576786474,798,1,4,0,TMProposeSet,"proposeSeq: 0; currentTxHash: ""\371K:\022He\314\263eC~\177\210\334\177\340\200\002\203\253\204\310\221\371\030\364\002\242\014\367\032\323""; nodePubKey: ""\002i\265d-H\225\336\350\317n\272\016O\317\257\273\327\352\371\231\250\230(\240\353\331\024\207\241\020\304!""; closeTime: 803891986; signature: ""0D\002 8\345y\222|\343\244'F;K#\360\303O=~K\030\340\024\321\374Y\2033\304\334\203\375!\365\002 ~d\260\335ph\353\317S\235\213\r\316\205X\226\256|k\233j\033.\233N\232\257n\337T8\222""; previousledger: ""2\262\253\351\035\214\260\336\037!\340\337w\327\364\353\202\243\240<'Mb\336\312E\233'\345-\035<""; ","proposeSeq: 0; currentTxHash: ""\371K:\022He\314\263eC~\177\210\334\177\340\200\002\203\253\204\310\221\371\030\364\002\242\014\367\032\323""; nodePubKey: ""\002i\265d-H\225\336\350\317n\272\016O\317\257\273\327\352\371\231\250\230(\240\353\331\024\207\241\020\304!""; closeTime: 803891986; signature: ""0D\002 8\345y\222|\343\244'F;K#\360\303O=~K\030\340\024\321\374Y\2033\304\334\203\375!\365\002 ~d\260\335ph\353\317S\235\213\r\316\205X\226\256|k\233j\033.\233N\232\257n\337T8\222""; previousledger: ""2\262\253\351\035\214\260\336\037!\340\337w\327\364\353\202\243\240<'Mb\336\312E\233'\345-\035<""; "
1750576786486,1750576786486,2284,1,4,2,TMProposeSet,"proposeSeq: 0; currentTxHash: ""\371K:\022He\314\263eC~\177\210\334\177\340\200\002\203\253\204\310\221\371\030\364\002\242\014\367\032\323""; nodePubKey: ""\002i\265d-H\225\336\350\317n\272\016O\317\257\273\327\352\371\231\250\230(\240\353\331\024\207\241\020\304!""; closeTime: 803891986; signature: ""0D\002 8\345y\222|\343\244'F;K#\360\303O=~K\030\340\024\321\374Y\2033\304\334\203\375!\365\002 ~d\260\335ph\353\317S\235\213\r\316\205X\226\256|k\233j\033.\233N\232\257n\337T8\222""; previousledger: ""2\262\253\351\035\214\260\336\037!\340\337w\327\364\353\202\243\240<'Mb\336\312E\233'\345-\035<""; ","proposeSeq: 0; currentTxHash: ""\371K:\022He\314\263eC~\177\210\334\177\340\200\002\203\253\204\310\221\371\030\364\002\242\014\367\032\323""; nodePubKey: ""\002i\265d-H\225\336\350\317n\272\016O\317\257\273\327\352\371\231\250\230(\240\353\331\024\207\241\020\304!""; closeTime: 803891986; signature: ""0D\002 8\345y\222|\343\244'F;K#\360\303O=~K\030\340\024\321\374Y\2033\304\334\203\375!\365\002 ~d\260\335ph\353\317S\235\213\r\316\205X\226\256|k\233j\033.\233N\232\257n\337T8\222""; previousledger: ""2\262\253\351\035\214\260\336\037!\340\337w\327\364\353\202\243\240<'Mb\336\312E\233'\345-\035<""; "
1750576786486,1750576786486,3555,1,4,2,TMHaveTransactionSet,"status: tsHAVE; hash: ""\371K:\022He\314\263eC~\177\210\334\177\340\200\002\203\253\204\310\221\371\030\364\002\242\014\367\032\323""; ","status: tsHAVE; hash: ""\371K:\022He\314\263eC~\177\210\334\177\340\200\002\203\253\204\310\221\371\030\364\002\242\014\367\032\323""; "
1750576786445,1750576786503,216,1,4,3,TMStatusChange,"newEvent: neCLOSING_LEDGER; ledgerSeq: 4; ledgerHash: ""2\262\253\351\035\214\260\336\037!\340\337w\327\364\353\202\243\240<'Mb\336\312E\233'\345-\035<""; ledgerHashPrevious: ""t\361\032\213\221\243\004\006][\376s\340\253\234K}\\013\0362\202`\234\371~d\0310\204\264,""; networkTime: 803891986; firstSeq: 1; lastSeq: 4; ","newEvent: neCLOSING_LEDGER; ledgerSeq: 4; ledgerHash: ""2\262\253\351\035\214\260\336\037!\340\337w\327\364\353\202\243\240<'Mb\336\312E\233'\345-\035<""; ledgerHashPrevious: ""t\361\032\213\221\243\004\006][\376s\340\253\234K}\\013\0362\202`\234\371~d\0310\204\264,""; networkTime: 803891986; firstSeq: 1; lastSeq: 4; "
1750576786447,1750576786503,1208,1,4,2,TMStatusChange,"newEvent: neCLOSING_LEDGER; ledgerSeq: 4; ledgerHash: ""2\262\253\351\035\214\260\336\037!\340\337w\327\364\353\202\243\240<'Mb\336\312E\233'\345-\035<""; ledgerHashPrevious: ""t\361\032\213\221\243\004\006][\376s\340\253\234K}\\013\0362\202`\234\371~d\0310\204\264,""; networkTime: 803891986; firstSeq: 1; lastSeq: 4; ","newEvent: neCLOSING_LEDGER; ledgerSeq: 4; ledgerHash: ""2\262\253\351\035\214\260\336\037!\340\337w\327\364\353\202\243\240<'Mb\336\312E\233'\345-\035<""; ledgerHashPrevious: ""t\361\032\213\221\243\004\006][\376s\340\253\234K}\\013\0362\202`\234\371~d\0310\204\264,""; networkTime: 803891986; firstSeq: 1; lastSeq: 4; "
1750576786448,1750576786503,3970,1,4,1,TMStatusChange,"newEvent: neCLOSING_LEDGER; ledgerSeq: 4; ledgerHash: ""2\262\253\351\035\214\260\336\037!\340\337w\327\364\353\202\243\240<'Mb\336\312E\233'\345-\035<""; ledgerHashPrevious: ""t\361\032\213\221\243\004\006][\376s\340\253\234K}\\013\0362\202`\234\371~d\0310\204\264,""; networkTime: 803891986; firstSeq: 1; lastSeq: 4; ","newEvent: neCLOSING_LEDGER; ledgerSeq: 4; ledgerHash: ""2\262\253\351\035\214\260\336\037!\340\337w\327\364\353\202\243\240<'Mb\336\312E\233'\345-\035<""; ledgerHashPrevious: ""t\361\032\213\221\243\004\006][\376s\340\253\234K}\\013\0362\202`\234\371~d\0310\204\264,""; networkTime: 803891986; firstSeq: 1; lastSeq: 4; "
1750576786474,1750576786504,2340,1,4,0,TMStatusChange,"newEvent: neCLOSING_LEDGER; ledgerSeq: 4; ledgerHash: ""2\262\253\351\035\214\260\336\037!\340\337w\327\364\353\202\243\240<'Mb\336\312E\233'\345-\035<""; ledgerHashPrevious: ""t\361\032\213\221\243\004\006][\376s\340\253\234K}\\013\0362\202`\234\371~d\0310\204\264,""; networkTime: 803891986; firstSeq: 1; lastSeq: 4; ","newEvent: neCLOSING_LEDGER; ledgerSeq: 4; ledgerHash: ""2\262\253\351\035\214\260\336\037!\340\337w\327\364\353\202\243\240<'Mb\336\312E\233'\345-\035<""; ledgerHashPrevious: ""t\361\032\213\221\243\004\006][\376s\340\253\234K}\\013\0362\202`\234\371~d\0310\204\264,""; networkTime: 803891986; firstSeq: 1; lastSeq: 4; "
1750576786530,1750576786531,964,1,4,1,TMTransaction,"rawTransaction: ""\022\000\000""\000\000\000\000$\000\000\000\002 \033\000\000\000\027a@\000\000\027H\206*@h@\000\000\000\000\000\000\ns!\0030\347\374\235V\273%\326\211;\243\363\027\256[\3173\263)\033\326=\263&T\243\023""/\177\320 tF0D\002 \0178\177xG\230\372\261?\210t\202n\206\217M5.:\326r\314W0\230\365T\326\037\371N\272\002 J\344F\3349\305\031\023#\023\010\356#\314\326\321&\352\247\266O\310\326\307\341\013*\021c\220\245\032\201\024\265\367by\212S\325C\240\024\312\370\262\227\317\370\362\3717\350\203\024O\217\226\315\3632\220\035\215\273P:\260\027\270\320\n\246\333\324""; status: tsCURRENT; receiveTimestamp: 803891986; deferred: false; ","rawTransaction: ""\022\000\000""\000\000\000\000$\000\000\000\002 \033\000\000\000\027a@\000\000\027H\206*@h@\000\000\000\000\000\000\ns!\0030\347\374\235V\273%\326\211;\243\363\027\256[\3173\263)\033\326=\263&T\243\023""/\177\320 tF0D\002 \0178\177xG\230\372\261?\210t\202n\206\217M5.:\326r\314W0\230\365T\326\037\371N\272\002 J\344F\3349\305\031\023#\023\010\356#\314\326\321&\352\247\266O\310\326\307\341\013*\021c\220\245\032\201\024\265\367by\212S\325C\240\024\312\370\262\227\317\370\362\3717\350\203\024O\217\226\315\3632\220\035\215\273P:\260\027\270\320\n\246\333\324""; status: tsCURRENT; receiveTimestamp: 803891986; deferred: false; "
1750576786530,1750576786531,1064,1,4,2,TMTransaction,"rawTransaction: ""\022\000\000""\000\000\000\000$\000\000\000\002 \033\000\000\000\027a@\000\000\027H\206*@h@\000\000\000\000\000\000\ns!\0030\347\374\235V\273%\326\211;\243\363\027\256[\3173\263)\033\326=\263&T\243\023""/\177\320 tF0D\002 \0178\177xG\230\372\261?\210t\202n\206\217M5.:\326r\314W0\230\365T\326\037\371N\272\002 J\344F\3349\305\031\023#\023\010\356#\314\326\321&\352\247\266O\310\326\307\341\013*\021c\220\245\032\201\024\265\367by\212S\325C\240\024\312\370\262\227\317\370\362\3717\350\203\024O\217\226\315\3632\220\035\215\273P:\260\027\270\320\n\246\333\324""; status: tsCURRENT; receiveTimestamp: 803891986; deferred: false; ","rawTransaction: ""\022\000\000""\000\000\000\000$\000\000\000\002 \033\000\000\000\027a@\000\000\027H\206*@h@\000\000\000\000\000\000\ns!\0030\347\374\235V\273%\326\211;\243\363\027\256[\3173\263)\033\326=\263&T\243\023""/\177\320 tF0D\002 \0178\177xG\230\372\261?\210t\202n\206\217M5.:\326r\314W0\230\365T\326\037\371N\272\002 J\344F\3349\305\031\023#\023\010\356#\314\326\321&\352\247\266O\310\326\307\341\013*\021c\220\245\032\201\024\265\367by\212S\325C\240\024\312\370\262\227\317\370\362\3717\350\203\024O\217\226\315\3632\220\035\215\273P:\260\027\270\320\n\246\333\324""; status: tsCURRENT; receiveTimestamp: 803891986; deferred: false; "
1750576786531,1750576786532,1339,1,4,0,TMTransaction,"rawTransaction: ""\022\000\000""\000\000\000\000$\000\000\000\002 \033\000\000\000\027a@\000\000\027H\206*@h@\000\000\000\000\000\000\ns!\0030\347\374\235V\273%\326\211;\243\363\027\256[\3173\263)\033\326=\263&T\243\023""/\177\320 tF0D\002 \0178\177xG\230\372\261?\210t\202n\206\217M5.:\326r\314W0\230\365T\326\037\371N\272\002 J\344F\3349\305\031\023#\023\010\356#\314\326\321&\352\247\266O\310\326\307\341\013*\021c\220\245\032\201\024\265\367by\212S\325C\240\024\312\370\262\227\317\370\362\3717\350\203\024O\217\226\315\3632\220\035\215\273P:\260\027\270\320\n\246\333\324""; status: tsCURRENT; receiveTimestamp: 803891986; deferred: false; ","rawTransaction: ""\022\000\000""\000\000\000\000$\000\000\000\002 \033\000\000\000\027a@\000\000\027H\206*@h@\000\000\000\000\000\000\ns!\0030\347\374\235V\273%\326\211;\243\363\027\256[\3173\263)\033\326=\263&T\243\023""/\177\320 tF0D\002 \0178\177xG\230\372\261?\210t\202n\206\217M5.:\326r\314W0\230\365T\326\037\371N\272\002 J\344F\3349\305\031\023#\023\010\356#\314\326\321&\352\247\266O\310\326\307\341\013*\021c\220\245\032\201\024\265\367by\212S\325C\240\024\312\370\262\227\317\370\362\3717\350\203\024O\217\226\315\3632\220\035\215\273P:\260\027\270\320\n\246\333\324""; status: tsCURRENT; receiveTimestamp: 803891986; deferred: false; "
1750576786581,1750576786581,1256,1,4,1,TMProposeSet,"proposeSeq: 0; currentTxHash: ""\371K:\022He\314\263eC~\177\210\334\177\340\200\002\203\253\204\310\221\371\030\364\002\242\014\367\032\323""; nodePubKey: ""\002\005\363\0222\231\333G\357\305\020\014\241\033\231\261Z#\243\036\0267\020\210\265\022\240%\336\332\221\202\352""; closeTime: 803891986; signature: ""0D\002 \034""b5\303\003W_g\365D\344\267\236\006-+\036}\016A\226+\034c\212\2240}LLl\002 \002\254=\216\273\354\303""\346\347\177\267\036w\256J\016\201\207\242I\035\224\355\211\316\311O\270F\251""""; previousledger: ""2\262\253\351\035\214\260\336\037!\340\337w\327\364\353\202\243\240<'Mb\336\312E\233'\345-\035<""; ","proposeSeq: 0; currentTxHash: ""\371K:\022He\314\263eC~\177\210\334\177\340\200\002\203\253\204\310\221\371\030\364\002\242\014\367\032\323""; nodePubKey: ""\002\005\363\0222\231\333G\357\305\020\014\241\033\231\261Z#\243\036\0267\020\210\265\022\240%\336\332\221\202\352""; closeTime: 803891986; signature: ""0D\002 \034""b5\303\003W_g\365D\344\267\236\006-+\036}\016A\226+\034c\212\2240}LLl\002 \002\254=\216\273\354\303""\346\347\177\267\036w\256J\016\201\207\242I\035\224\355\211\316\311O\270F\251""""; previousledger: ""2\262\253\351\035\214\260\336\037!\340\337w\327\364\353\202\243\240<'Mb\336\312E\233'\345-\035<""; "
1750576786581,1750576786582,2284,1,4,2,TMProposeSet,"proposeSeq: 0; currentTxHash: ""\371K:\022He\314\263eC~\177\210\334\177\340\200\002\203\253\204\310\221\371\030\364\002\242\014\367\032\323""; nodePubKey: ""\002\005\363\0222\231\333G\357\305\020\014\241\033\231\261Z#\243\036\0267\020\210\265\022\240%\336\332\221\202\352""; closeTime: 803891986; signature: ""0D\002 \034""b5\303\003W_g\365D\344\267\236\006-+\036}\016A\226+\034c\212\2240}LLl\002 \002\254=\216\273\354\303""\346\347\177\267\036w\256J\016\201\207\242I\035\224\355\211\316\311O\270F\251""""; previousledger: ""2\262\253\351\035\214\260\336\037!\340\337w\327\364\353\202\243\240<'Mb\336\312E\233'\345-\035<""; ","proposeSeq: 0; currentTxHash: ""\371K:\022He\314\263eC~\177\210\334\177\340\200\002\203\253\204\310\221\371\030\364\002\242\014\367\032\323""; nodePubKey: ""\002\005\363\0222\231\333G\357\305\020\014\241\033\231\261Z#\243\036\0267\020\210\265\022\240%\336\332\221\202\352""; closeTime: 803891986; signature: ""0D\002 \034""b5\303\003W_g\365D\344\267\236\006-+\036}\016A\226+\034c\212\2240}LLl\002 \002\254=\216\273\354\303""\346\347\177\267\036w\256J\016\201\207\242I\035\224\355\211\316\311O\270F\251""""; previousledger: ""2\262\253\351\035\214\260\336\037!\340\337w\327\364\353\202\243\240<'Mb\336\312E\233'\345-\035<""; "
1750576786582,1750576786582,3125,1,4,3,TMProposeSet,"proposeSeq: 0; currentTxHash: ""\371K:\022He\314\263eC~\177\210\334\177\340\200\002\203\253\204\310\221\371\030\364\002\242\014\367\032\323""; nodePubKey: ""\002\005\363\0222\231\333G\357\305\020\014\241\033\231\261Z#\243\036\0267\020\210\265\022\240%\336\332\221\202\352""; closeTime: 803891986; signature: ""0D\002 \034""b5\303\003W_g\365D\344\267\236\006-+\036}\016A\226+\034c\212\2240}LLl\002 \002\254=\216\273\354\303""\346\347\177\267\036w\256J\016\201\207\242I\035\224\355\211\316\311O\270F\251""""; previousledger: ""2\262\253\351\035\214\260\336\037!\340\337w\327\364\353\202\243\240<'Mb\336\312E\233'\345-\035<""; ","proposeSeq: 0; currentTxHash: ""\371K:\022He\314\263eC~\177\210\334\177\340\200\002\203\253\204\310\221\371\030\364\002\242\014\367\032\323""; nodePubKey: ""\002\005\363\0222\231\333G\357\305\020\014\241\033\231\261Z#\243\036\0267\020\210\265\022\240%\336\332\221\202\352""; closeTime: 803891986; signature: ""0D\002 \034""b5\303\003W_g\365D\344\267\236\006-+\036}\016A\226+\034c\212\2240}LLl\002 \002\254=\216\273\354\303""\346\347\177\267\036w\256J\016\201\207\242I\035\224\355\211\316\311O\270F\251""""; previousledger: ""2\262\253\351\035\214\260\336\037!\340\337w\327\364\353\202\243\240<'Mb\336\312E\233'\345-\035<""; "
1750576786646,1750576786646,643,1,1,3,TMGetLedger,"itype: liTS_CANDIDATE; ledgerHash: ""\371K:\022He\314\263eC~\177\210\334\177\340\200\002\203\253\204\310\221\371\030\364\002\242\014\367\032\323""; nodeIDs: ""\000\000\000\000\000\000\000\000\000\000\000\000\000\000\000\000\000\000\000\000\000\000\000\000\000\000\000\000\000\000\000\000\000""; queryDepth: 3; ","itype: liTS_CANDIDATE; ledgerHash: ""\371K:\022He\314\263eC~\177\210\334\177\340\200\002\203\253\204\310\221\371\030\364\002\242\014\367\032\323""; nodeIDs: ""\000\000\000\000\000\000\000\000\000\000\000\000\000\000\000\000\000\000\000\000\000\000\000\000\000\000\000\000\000\000\000\000\000""; queryDepth: 3; "
1750576786646,1750576786646,2300,1,1,2,TMProposeSet,"proposeSeq: 0; currentTxHash: ""\371K:\022He\314\263eC~\177\210\334\177\340\200\002\203\253\204\310\221\371\030\364\002\242\014\367\032\323""; nodePubKey: ""\002\005\363\0222\231\333G\357\305\020\014\241\033\231\261Z#\243\036\0267\020\210\265\022\240%\336\332\221\202\352""; closeTime: 803891986; signature: ""0D\002 \034""b5\303\003W_g\365D\344\267\236\006-+\036}\016A\226+\034c\212\2240}LLl\002 \002\254=\216\273\354\303""\346\347\177\267\036w\256J\016\201\207\242I\035\224\355\211\316\311O\270F\251""""; previousledger: ""2\262\253\351\035\214\260\336\037!\340\337w\327\364\353\202\243\240<'Mb\336\312E\233'\345-\035<""; ","proposeSeq: 0; currentTxHash: ""\371K:\022He\314\263eC~\177\210\334\177\340\200\002\203\253\204\310\221\371\030\364\002\242\014\367\032\323""; nodePubKey: ""\002\005\363\0222\231\333G\357\305\020\014\241\033\231\261Z#\243\036\0267\020\210\265\022\240%\336\332\221\202\352""; closeTime: 803891986; signature: ""0D\002 \034""b5\303\003W_g\365D\344\267\236\006-+\036}\016A\226+\034c\212\2240}LLl\002 \002\254=\216\273\354\303""\346\347\177\267\036w\256J\016\201\207\242I\035\224\355\211\316\311O\270F\251""""; previousledger: ""2\262\253\351\035\214\260\336\037!\340\337w\327\364\353\202\243\240<'Mb\336\312E\233'\345-\035<""; "
1750576786647,1750576786647,301,1,1,2,TMGetLedger,"itype: liTS_CANDIDATE; ledgerHash: ""\371K:\022He\314\263eC~\177\210\334\177\340\200\002\203\253\204\310\221\371\030\364\002\242\014\367\032\323""; nodeIDs: ""\000\000\000\000\000\000\000\000\000\000\000\000\000\000\000\000\000\000\000\000\000\000\000\000\000\000\000\000\000\000\000\000\000""; queryDepth: 3; ","itype: liTS_CANDIDATE; ledgerHash: ""\371K:\022He\314\263eC~\177\210\334\177\340\200\002\203\253\204\310\221\371\030\364\002\242\014\367\032\323""; nodeIDs: ""\000\000\000\000\000\000\000\000\000\000\000\000\000\000\000\000\000\000\000\000\000\000\000\000\000\000\000\000\000\000\000\000\000""; queryDepth: 3; "
1750576786647,1750576786647,3472,1,1,4,TMProposeSet,"proposeSeq: 0; currentTxHash: ""\371K:\022He\314\263eC~\177\210\334\177\340\200\002\203\253\204\310\221\371\030\364\002\242\014\367\032\323""; nodePubKey: ""\002\005\363\0222\231\333G\357\305\020\014\241\033\231\261Z#\243\036\0267\020\210\265\022\240%\336\332\221\202\352""; closeTime: 803891986; signature: ""0D\002 \034""b5\303\003W_g\365D\344\267\236\006-+\036}\016A\226+\034c\212\2240}LLl\002 \002\254=\216\273\354\303""\346\347\177\267\036w\256J\016\201\207\242I\035\224\355\211\316\311O\270F\251""""; previousledger: ""2\262\253\351\035\214\260\336\037!\340\337w\327\364\353\202\243\240<'Mb\336\312E\233'\345-\035<""; ","proposeSeq: 0; currentTxHash: ""\371K:\022He\314\263eC~\177\210\334\177\340\200\002\203\253\204\310\221\371\030\364\002\242\014\367\032\323""; nodePubKey: ""\002\005\363\0222\231\333G\357\305\020\014\241\033\231\261Z#\243\036\0267\020\210\265\022\240%\336\332\221\202\352""; closeTime: 803891986; signature: ""0D\002 \034""b5\303\003W_g\365D\344\267\236\006-+\036}\016A\226+\034c\212\2240}LLl\002 \002\254=\216\273\354\303""\346\347\177\267\036w\256J\016\201\207\242I\035\224\355\211\316\311O\270F\251""""; previousledger: ""2\262\253\351\035\214\260\336\037!\340\337w\327\364\353\202\243\240<'Mb\336\312E\233'\345-\035<""; "
1750576786650,1750576786650,334,1,1,3,TMProposeSet,"proposeSeq: 0; currentTxHash: ""\371K:\022He\314\263eC~\177\210\334\177\340\200\002\203\253\204\310\221\371\030\364\002\242\014\367\032\323""; nodePubKey: ""\002\005\363\0222\231\333G\357\305\020\014\241\033\231\261Z#\243\036\0267\020\210\265\022\240%\336\332\221\202\352""; closeTime: 803891986; signature: ""0D\002 \034""b5\303\003W_g\365D\344\267\236\006-+\036}\016A\226+\034c\212\2240}LLl\002 \002\254=\216\273\354\303""\346\347\177\267\036w\256J\016\201\207\242I\035\224\355\211\316\311O\270F\251""""; previousledger: ""2\262\253\351\035\214\260\336\037!\340\337w\327\364\353\202\243\240<'Mb\336\312E\233'\345-\035<""; ","proposeSeq: 0; currentTxHash: ""\371K:\022He\314\263eC~\177\210\334\177\340\200\002\203\253\204\310\221\371\030\364\002\242\014\367\032\323""; nodePubKey: ""\002\005\363\0222\231\333G\357\305\020\014\241\033\231\261Z#\243\036\0267\020\210\265\022\240%\336\332\221\202\352""; closeTime: 803891986; signature: ""0D\002 \034""b5\303\003W_g\365D\344\267\236\006-+\036}\016A\226+\034c\212\2240}LLl\002 \002\254=\216\273\354\303""\346\347\177\267\036w\256J\016\201\207\242I\035\224\355\211\316\311O\270F\251""""; previousledger: ""2\262\253\351\035\214\260\336\037!\340\337w\327\364\353\202\243\240<'Mb\336\312E\233'\345-\035<""; "
1750576786661,1750576786661,3303,1,3,2,TMProposeSet,"proposeSeq: 0; currentTxHash: ""\336\253\202\231\364(S\023#\206\274X\246\222-\007>\243\252\271\235\330\360\300$$>x\200\3664\373""; nodePubKey: ""\003uv\3157M_,X\323\216\327\373A""\226\013\275\210\0079\020Q\007\035\231@s\266\345\000\272\252""; closeTime: 803891986; signature: ""0D\002 K\240\022\206K\254\303\207\3473\213\250\242\336\r;CH\265\356Q\267)\272\2468\260\231rn8\020\002 N\213\272;\237`\020\2348;^\35595\376\360\227Y\242\216\n\237\222\353\235\252\236#\355\367\355\024""; previousledger: ""2\262\253\351\035\214\260\336\037!\340\337w\327\364\353\202\243\240<'Mb\336\312E\233'\345-\035<""; ","proposeSeq: 0; currentTxHash: ""\336\253\202\231\364(S\023#\206\274X\246\222-\007>\243\252\271\235\330\360\300$$>x\200\3664\373""; nodePubKey: ""\003uv\3157M_,X\323\216\327\373A""\226\013\275\210\0079\020Q\007\035\231@s\266\345\000\272\252""; closeTime: 803891986; signature: ""0D\002 K\240\022\206K\254\303\207\3473\213\250\242\336\r;CH\265\356Q\267)\272\2468\260\231rn8\020\002 N\213\272;\237`\020\2348;^\35595\376\360\227Y\242\216\n\237\222\353\235\252\236#\355\367\355\024""; previousledger: ""2\262\253\351\035\214\260\336\037!\340\337w\327\364\353\202\243\240<'Mb\336\312E\233'\345-\035<""; "
1750576786662,1750576786662,1643,1,3,2,TMHaveTransactionSet,"status: tsHAVE; hash: ""\336\253\202\231\364(S\023#\206\274X\246\222-\007>\243\252\271\235\330\360\300$$>x\200\3664\373""; ","status: tsHAVE; hash: ""\336\253\202\231\364(S\023#\206\274X\246\222-\007>\243\252\271\235\330\360\300$$>x\200\3664\373""; "
1750576786663,1750576786663,142,1,3,0,TMHaveTransactionSet,"status: tsHAVE; hash: ""\336\253\202\231\364(S\023#\206\274X\246\222-\007>\243\252\271\235\330\360\300$$>x\200\3664\373""; ","status: tsHAVE; hash: ""\336\253\202\231\364(S\023#\206\274X\246\222-\007>\243\252\271\235\330\360\300$$>x\200\3664\373""; "
1750576786663,1750576786663,1133,1,3,1,TMProposeSet,"proposeSeq: 0; currentTxHash: ""\336\253\202\231\364(S\023#\206\274X\246\222-\007>\243\252\271\235\330\360\300$$>x\200\3664\373""; nodePubKey: ""\003uv\3157M_,X\323\216\327\373A""\226\013\275\210\0079\020Q\007\035\231@s\266\345\000\272\252""; closeTime: 803891986; signature: ""0D\002 K\240\022\206K\254\303\207\3473\213\250\242\336\r;CH\265\356Q\267)\272\2468\260\231rn8\020\002 N\213\272;\237`\020\2348;^\35595\376\360\227Y\242\216\n\237\222\353\235\252\236#\355\367\355\024""; previousledger: ""2\262\253\351\035\214\260\336\037!\340\337w\327\364\353\202\243\240<'Mb\336\312E\233'\345-\035<""; ","proposeSeq: 0; currentTxHash: ""\336\253\202\231\364(S\023#\206\274X\246\222-\007>\243\252\271\235\330\360\300$$>x\200\3664\373""; nodePubKey: ""\003uv\3157M_,X\323\216\327\373A""\226\013\275\210\0079\020Q\007\035\231@s\266\345\000\272\252""; closeTime: 803891986; signature: ""0D\002 K\240\022\206K\254\303\207\3473\213\250\242\336\r;CH\265\356Q\267)\272\2468\260\231rn8\020\002 N\213\272;\237`\020\2348;^\35595\376\360\227Y\242\216\n\237\222\353\235\252\236#\355\367\355\024""; previousledger: ""2\262\253\351\035\214\260\336\037!\340\337w\327\364\353\202\243\240<'Mb\336\312E\233'\345-\035<""; "
1750576786664,1750576786664,105,1,3,0,TMProposeSet,"proposeSeq: 0; currentTxHash: ""\336\253\202\231\364(S\023#\206\274X\246\222-\007>\243\252\271\235\330\360\300$$>x\200\3664\373""; nodePubKey: ""\003uv\3157M_,X\323\216\327\373A""\226\013\275\210\0079\020Q\007\035\231@s\266\345\000\272\252""; closeTime: 803891986; signature: ""0D\002 K\240\022\206K\254\303\207\3473\213\250\242\336\r;CH\265\356Q\267)\272\2468\260\231rn8\020\002 N\213\272;\237`\020\2348;^\35595\376\360\227Y\242\216\n\237\222\353\235\252\236#\355\367\355\024""; previousledger: ""2\262\253\351\035\214\260\336\037!\340\337w\327\364\353\202\243\240<'Mb\336\312E\233'\345-\035<""; ","proposeSeq: 0; currentTxHash: ""\336\253\202\231\364(S\023#\206\274X\246\222-\007>\243\252\271\235\330\360\300$$>x\200\3664\373""; nodePubKey: ""\003uv\3157M_,X\323\216\327\373A""\226\013\275\210\0079\020Q\007\035\231@s\266\345\000\272\252""; closeTime: 803891986; signature: ""0D\002 K\240\022\206K\254\303\207\3473\213\250\242\336\r;CH\265\356Q\267)\272\2468\260\231rn8\020\002 N\213\272;\237`\020\2348;^\35595\376\360\227Y\242\216\n\237\222\353\235\252\236#\355\367\355\024""; previousledger: ""2\262\253\351\035\214\260\336\037!\340\337w\327\364\353\202\243\240<'Mb\336\312E\233'\345-\035<""; "
1750576786664,1750576786664,2536,1,3,1,TMHaveTransactionSet,"status: tsHAVE; hash: ""\336\253\202\231\364(S\023#\206\274X\246\222-\007>\243\252\271\235\330\360\300$$>x\200\3664\373""; ","status: tsHAVE; hash: ""\336\253\202\231\364(S\023#\206\274X\246\222-\007>\243\252\271\235\330\360\300$$>x\200\3664\373""; "
1750576786664,1750576786665,3672,1,3,4,TMProposeSet,"proposeSeq: 0; currentTxHash: ""\336\253\202\231\364(S\023#\206\274X\246\222-\007>\243\252\271\235\330\360\300$$>x\200\3664\373""; nodePubKey: ""\003uv\3157M_,X\323\216\327\373A""\226\013\275\210\0079\020Q\007\035\231@s\266\345\000\272\252""; closeTime: 803891986; signature: ""0D\002 K\240\022\206K\254\303\207\3473\213\250\242\336\r;CH\265\356Q\267)\272\2468\260\231rn8\020\002 N\213\272;\237`\020\2348;^\35595\376\360\227Y\242\216\n\237\222\353\235\252\236#\355\367\355\024""; previousledger: ""2\262\253\351\035\214\260\336\037!\340\337w\327\364\353\202\243\240<'Mb\336\312E\233'\345-\035<""; ","proposeSeq: 0; currentTxHash: ""\336\253\202\231\364(S\023#\206\274X\246\222-\007>\243\252\271\235\330\360\300$$>x\200\3664\373""; nodePubKey: ""\003uv\3157M_,X\323\216\327\373A""\226\013\275\210\0079\020Q\007\035\231@s\266\345\000\272\252""; closeTime: 803891986; signature: ""0D\002 K\240\022\206K\254\303\207\3473\213\250\242\336\r;CH\265\356Q\267)\272\2468\260\231rn8\020\002 N\213\272;\237`\020\2348;^\35595\376\360\227Y\242\216\n\237\222\353\235\252\236#\355\367\355\024""; previousledger: ""2\262\253\351\035\214\260\336\037!\340\337w\327\364\353\202\243\240<'Mb\336\312E\233'\345-\035<""; "
1750576786665,1750576786665,331,1,3,4,TMHaveTransactionSet,"status: tsHAVE; hash: ""\336\253\202\231\364(S\023#\206\274X\246\222-\007>\243\252\271\235\330\360\300$$>x\200\3664\373""; ","status: tsHAVE; hash: ""\336\253\202\231\364(S\023#\206\274X\246\222-\007>\243\252\271\235\330\360\300$$>x\200\3664\373""; "
1750576786660,1750576786711,862,1,3,4,TMStatusChange,"newEvent: neCLOSING_LEDGER; ledgerSeq: 4; ledgerHash: ""2\262\253\351\035\214\260\336\037!\340\337w\327\364\353\202\243\240<'Mb\336\312E\233'\345-\035<""; ledgerHashPrevious: ""t\361\032\213\221\243\004\006][\376s\340\253\234K}\\013\0362\202`\234\371~d\0310\204\264,""; networkTime: 803891986; firstSeq: 1; lastSeq: 4; ","newEvent: neCLOSING_LEDGER; ledgerSeq: 4; ledgerHash: ""2\262\253\351\035\214\260\336\037!\340\337w\327\364\353\202\243\240<'Mb\336\312E\233'\345-\035<""; ledgerHashPrevious: ""t\361\032\213\221\243\004\006][\376s\340\253\234K}\\013\0362\202`\234\371~d\0310\204\264,""; networkTime: 803891986; firstSeq: 1; lastSeq: 4; "
1750576786661,1750576786711,1309,1,3,2,TMStatusChange,"newEvent: neCLOSING_LEDGER; ledgerSeq: 4; ledgerHash: ""2\262\253\351\035\214\260\336\037!\340\337w\327\364\353\202\243\240<'Mb\336\312E\233'\345-\035<""; ledgerHashPrevious: ""t\361\032\213\221\243\004\006][\376s\340\253\234K}\\013\0362\202`\234\371~d\0310\204\264,""; networkTime: 803891986; firstSeq: 1; lastSeq: 4; ","newEvent: neCLOSING_LEDGER; ledgerSeq: 4; ledgerHash: ""2\262\253\351\035\214\260\336\037!\340\337w\327\364\353\202\243\240<'Mb\336\312E\233'\345-\035<""; ledgerHashPrevious: ""t\361\032\213\221\243\004\006][\376s\340\253\234K}\\013\0362\202`\234\371~d\0310\204\264,""; networkTime: 803891986; firstSeq: 1; lastSeq: 4; "
1750576786664,1750576786712,2989,1,3,1,TMStatusChange,"newEvent: neCLOSING_LEDGER; ledgerSeq: 4; ledgerHash: ""2\262\253\351\035\214\260\336\037!\340\337w\327\364\353\202\243\240<'Mb\336\312E\233'\345-\035<""; ledgerHashPrevious: ""t\361\032\213\221\243\004\006][\376s\340\253\234K}\\013\0362\202`\234\371~d\0310\204\264,""; networkTime: 803891986; firstSeq: 1; lastSeq: 4; ","newEvent: neCLOSING_LEDGER; ledgerSeq: 4; ledgerHash: ""2\262\253\351\035\214\260\336\037!\340\337w\327\364\353\202\243\240<'Mb\336\312E\233'\345-\035<""; ledgerHashPrevious: ""t\361\032\213\221\243\004\006][\376s\340\253\234K}\\013\0362\202`\234\371~d\0310\204\264,""; networkTime: 803891986; firstSeq: 1; lastSeq: 4; "
1750576786664,1750576786712,513,1,3,0,TMStatusChange,"newEvent: neCLOSING_LEDGER; ledgerSeq: 4; ledgerHash: ""2\262\253\351\035\214\260\336\037!\340\337w\327\364\353\202\243\240<'Mb\336\312E\233'\345-\035<""; ledgerHashPrevious: ""t\361\032\213\221\243\004\006][\376s\340\253\234K}\\013\0362\202`\234\371~d\0310\204\264,""; networkTime: 803891986; firstSeq: 1; lastSeq: 4; ","newEvent: neCLOSING_LEDGER; ledgerSeq: 4; ledgerHash: ""2\262\253\351\035\214\260\336\037!\340\337w\327\364\353\202\243\240<'Mb\336\312E\233'\345-\035<""; ledgerHashPrevious: ""t\361\032\213\221\243\004\006][\376s\340\253\234K}\\013\0362\202`\234\371~d\0310\204\264,""; networkTime: 803891986; firstSeq: 1; lastSeq: 4; "
1750576786767,1750576786767,3625,1,0,2,TMProposeSet,"proposeSeq: 0; currentTxHash: ""\336\253\202\231\364(S\023#\206\274X\246\222-\007>\243\252\271\235\330\360\300$$>x\200\3664\373""; nodePubKey: ""\003uv\3157M_,X\323\216\327\373A""\226\013\275\210\0079\020Q\007\035\231@s\266\345\000\272\252""; closeTime: 803891986; signature: ""0D\002 K\240\022\206K\254\303\207\3473\213\250\242\336\r;CH\265\356Q\267)\272\2468\260\231rn8\020\002 N\213\272;\237`\020\2348;^\35595\376\360\227Y\242\216\n\237\222\353\235\252\236#\355\367\355\024""; previousledger: ""2\262\253\351\035\214\260\336\037!\340\337w\327\364\353\202\243\240<'Mb\336\312E\233'\345-\035<""; ","proposeSeq: 0; currentTxHash: ""\336\253\202\231\364(S\023#\206\274X\246\222-\007>\243\252\271\235\330\360\300$$>x\200\3664\373""; nodePubKey: ""\003uv\3157M_,X\323\216\327\373A""\226\013\275\210\0079\020Q\007\035\231@s\266\345\000\272\252""; closeTime: 803891986; signature: ""0D\002 K\240\022\206K\254\303\207\3473\213\250\242\336\r;CH\265\356Q\267)\272\2468\260\231rn8\020\002 N\213\272;\237`\020\2348;^\35595\376\360\227Y\242\216\n\237\222\353\235\252\236#\355\367\355\024""; previousledger: ""2\262\253\351\035\214\260\336\037!\340\337w\327\364\353\202\243\240<'Mb\336\312E\233'\345-\035<""; "
1750576786768,1750576786768,3802,1,0,2,TMGetLedger,"itype: liTS_CANDIDATE; ledgerHash: ""\336\253\202\231\364(S\023#\206\274X\246\222-\007>\243\252\271\235\330\360\300$$>x\200\3664\373""; nodeIDs: ""\000\000\000\000\000\000\000\000\000\000\000\000\000\000\000\000\000\000\000\000\000\000\000\000\000\000\000\000\000\000\000\000\000""; queryDepth: 3; ","itype: liTS_CANDIDATE; ledgerHash: ""\336\253\202\231\364(S\023#\206\274X\246\222-\007>\243\252\271\235\330\360\300$$>x\200\3664\373""; nodeIDs: ""\000\000\000\000\000\000\000\000\000\000\000\000\000\000\000\000\000\000\000\000\000\000\000\000\000\000\000\000\000\000\000\000\000""; queryDepth: 3; "
1750576786768,1750576786768,400,1,0,4,TMProposeSet,"proposeSeq: 0; currentTxHash: ""\336\253\202\231\364(S\023#\206\274X\246\222-\007>\243\252\271\235\330\360\300$$>x\200\3664\373""; nodePubKey: ""\003uv\3157M_,X\323\216\327\373A""\226\013\275\210\0079\020Q\007\035\231@s\266\345\000\272\252""; closeTime: 803891986; signature: ""0D\002 K\240\022\206K\254\303\207\3473\213\250\242\336\r;CH\265\356Q\267)\272\2468\260\231rn8\020\002 N\213\272;\237`\020\2348;^\35595\376\360\227Y\242\216\n\237\222\353\235\252\236#\355\367\355\024""; previousledger: ""2\262\253\351\035\214\260\336\037!\340\337w\327\364\353\202\243\240<'Mb\336\312E\233'\345-\035<""; ","proposeSeq: 0; currentTxHash: ""\336\253\202\231\364(S\023#\206\274X\246\222-\007>\243\252\271\235\330\360\300$$>x\200\3664\373""; nodePubKey: ""\003uv\3157M_,X\323\216\327\373A""\226\013\275\210\0079\020Q\007\035\231@s\266\345\000\272\252""; closeTime: 803891986; signature: ""0D\002 K\240\022\206K\254\303\207\3473\213\250\242\336\r;CH\265\356Q\267)\272\2468\260\231rn8\020\002 N\213\272;\237`\020\2348;^\35595\376\360\227Y\242\216\n\237\222\353\235\252\236#\355\367\355\024""; previousledger: ""2\262\253\351\035\214\260\336\037!\340\337w\327\364\353\202\243\240<'Mb\336\312E\233'\345-\035<""; "
1750576786769,1750576786769,465,1,0,1,TMProposeSet,"proposeSeq: 0; currentTxHash: ""\336\253\202\231\364(S\023#\206\274X\246\222-\007>\243\252\271\235\330\360\300$$>x\200\3664\373""; nodePubKey: ""\003uv\3157M_,X\323\216\327\373A""\226\013\275\210\0079\020Q\007\035\231@s\266\345\000\272\252""; closeTime: 803891986; signature: ""0D\002 K\240\022\206K\254\303\207\3473\213\250\242\336\r;CH\265\356Q\267)\272\2468\260\231rn8\020\002 N\213\272;\237`\020\2348;^\35595\376\360\227Y\242\216\n\237\222\353\235\252\236#\355\367\355\024""; previousledger: ""2\262\253\351\035\214\260\336\037!\340\337w\327\364\353\202\243\240<'Mb\336\312E\233'\345-\035<""; ","proposeSeq: 0; currentTxHash: ""\336\253\202\231\364(S\023#\206\274X\246\222-\007>\243\252\271\235\330\360\300$$>x\200\3664\373""; nodePubKey: ""\003uv\3157M_,X\323\216\327\373A""\226\013\275\210\0079\020Q\007\035\231@s\266\345\000\272\252""; closeTime: 803891986; signature: ""0D\002 K\240\022\206K\254\303\207\3473\213\250\242\336\r;CH\265\356Q\267)\272\2468\260\231rn8\020\002 N\213\272;\237`\020\2348;^\35595\376\360\227Y\242\216\n\237\222\353\235\252\236#\355\367\355\024""; previousledger: ""2\262\253\351\035\214\260\336\037!\340\337w\327\364\353\202\243\240<'Mb\336\312E\233'\345-\035<""; "
1750576786769,1750576786769,6,1,0,4,TMGetLedger,"itype: liTS_CANDIDATE; ledgerHash: ""\336\253\202\231\364(S\023#\206\274X\246\222-\007>\243\252\271\235\330\360\300$$>x\200\3664\373""; nodeIDs: ""\000\000\000\000\000\000\000\000\000\000\000\000\000\000\000\000\000\000\000\000\000\000\000\000\000\000\000\000\000\000\000\000\000""; queryDepth: 3; ","itype: liTS_CANDIDATE; ledgerHash: ""\336\253\202\231\364(S\023#\206\274X\246\222-\007>\243\252\271\235\330\360\300$$>x\200\3664\373""; nodeIDs: ""\000\000\000\000\000\000\000\000\000\000\000\000\000\000\000\000\000\000\000\000\000\000\000\000\000\000\000\000\000\000\000\000\000""; queryDepth: 3; "
1750576786787,1750576786787,2156,1,1,3,TMValidation,"validation: """"\200\000\000\001&\000\000\000\004)/\352k\022:F\231\033)\227\311<\340Q2\262\253\351\035\214\260\336\037!\340\337w\327\364\353\202\243\240<'Mb\336\312E\233'\345-\035<P\027\000\000\000\000\000\000\000\000\000\000\000\000\000\000\000\000\000\000\000\000\000\000\000\000\000\000\000\000\000\000\000\000P\031t\361\032\213\221\243\004\006][\376s\340\253\234K}\\013\0362\202`\234\371~d\0310\204\264,s!\002\246\346\346\007\2326A*\334\272\022\321\346\247[\222\030\343\261w\244R\r\357}\243\273\253\020\375b6vF0D\002 w\267o+L*5C\301a\r\377q\206\016\271^0Mp7i\2153\306\005\336E\253\023\347\235\002 \025\235\014\354\246\363\327i\265\005n\343""\223ch<\231\360WR>\227v\242)g\257Iex[""; ","validation: """"\200\000\000\001&\000\000\000\004)/\352k\022:F\231\033)\227\311<\340Q2\262\253\351\035\214\260\336\037!\340\337w\327\364\353\202\243\240<'Mb\336\312E\233'\345-\035<P\027\000\000\000\000\000\000\000\000\000\000\000\000\000\000\000\000\000\000\000\000\000\000\000\000\000\000\000\000\000\000\000\000P\031t\361\032\213\221\243\004\006][\376s\340\253\234K}\\013\0362\202`\234\371~d\0310\204\264,s!\002\246\346\346\007\2326A*\334\272\022\321\346\247[\222\030\343\261w\244R\r\357}\243\273\253\020\375b6vF0D\002 w\267o+L*5C\301a\r\377q\206\016\271^0Mp7i\2153\306\005\336E\253\023\347\235\002 \025\235\014\354\246\363\327i\265\005n\343""\223ch<\231\360WR>\227v\242)g\257Iex[""; "
1750576786788,1750576786788,494,1,1,4,TMValidation,"validation: """"\200\000\000\001&\000\000\000\004)/\352k\022:F\231\033)\227\311<\340Q2\262\253\351\035\214\260\336\037!\340\337w\327\364\353\202\243\240<'Mb\336\312E\233'\345-\035<P\027\000\000\000\000\000\000\000\000\000\000\000\000\000\000\000\000\000\000\000\000\000\000\000\000\000\000\000\000\000\000\000\000P\031t\361\032\213\221\243\004\006][\376s\340\253\234K}\\013\0362\202`\234\371~d\0310\204\264,s!\002\246\346\346\007\2326A*\334\272\022\321\346\247[\222\030\343\261w\244R\r\357}\243\273\253\020\375b6vF0D\002 w\267o+L*5C\301a\r\377q\206\016\271^0Mp7i\2153\306\005\336E\253\023\347\235\002 \025\235\014\354\246\363\327i\265\005n\343""\223ch<\231\360WR>\227v\242)g\257Iex[""; ","validation: """"\200\000\000\001&\000\000\000\004)/\352k\022:F\231\033)\227\311<\340Q2\262\253\351\035\214\260\336\037!\340\337w\327\364\353\202\243\240<'Mb\336\312E\233'\345-\035<P\027\000\000\000\000\000\000\000\000\000\000\000\000\000\000\000\000\000\000\000\000\000\000\000\000\000\000\000\000\000\000\000\000P\031t\361\032\213\221\243\004\006][\376s\340\253\234K}\\013\0362\202`\234\371~d\0310\204\264,s!\002\246\346\346\007\2326A*\334\272\022\321\346\247[\222\030\343\261w\244R\r\357}\243\273\253\020\375b6vF0D\002 w\267o+L*5C\301a\r\377q\206\016\271^0Mp7i\2153\306\005\336E\253\023\347\235\002 \025\235\014\354\246\363\327i\265\005n\343""\223ch<\231\360WR>\227v\242)g\257Iex[""; "
1750576786788,1750576786788,3831,1,1,0,TMValidation,"validation: """"\200\000\000\001&\000\000\000\004)/\352k\022:F\231\033)\227\311<\340Q2\262\253\351\035\214\260\336\037!\340\337w\327\364\353\202\243\240<'Mb\336\312E\233'\345-\035<P\027\000\000\000\000\000\000\000\000\000\000\000\000\000\000\000\000\000\000\000\000\000\000\000\000\000\000\000\000\000\000\000\000P\031t\361\032\213\221\243\004\006][\376s\340\253\234K}\\013\0362\202`\234\371~d\0310\204\264,s!\002\246\346\346\007\2326A*\334\272\022\321\346\247[\222\030\343\261w\244R\r\357}\243\273\253\020\375b6vF0D\002 w\267o+L*5C\301a\r\377q\206\016\271^0Mp7i\2153\306\005\336E\253\023\347\235\002 \025\235\014\354\246\363\327i\265\005n\343""\223ch<\231\360WR>\227v\242)g\257Iex[""; ","validation: """"\200\000\000\001&\000\000\000\004)/\352k\022:F\231\033)\227\311<\340Q2\262\253\351\035\214\260\336\037!\340\337w\327\364\353\202\243\240<'Mb\336\312E\233'\345-\035<P\027\000\000\000\000\000\000\000\000\000\000\000\000\000\000\000\000\000\000\000\000\000\000\000\000\000\000\000\000\000\000\000\000P\031t\361\032\213\221\243\004\006][\376s\340\253\234K}\\013\0362\202`\234\371~d\0310\204\264,s!\002\246\346\346\007\2326A*\334\272\022\321\346\247[\222\030\343\261w\244R\r\357}\243\273\253\020\375b6vF0D\002 w\267o+L*5C\301a\r\377q\206\016\271^0Mp7i\2153\306\005\336E\253\023\347\235\002 \025\235\014\354\246\363\327i\265\005n\343""\223ch<\231\360WR>\227v\242)g\257Iex[""; "
1750576786868,1750576786868,1433,1,3,2,TMValidation,"validation: """"\200\000\000\001&\000\000\000\004)/\352k\021:~\324\314\253\264\317\217]Q2\262\253\351\035\214\260\336\037!\340\337w\327\364\353\202\243\240<'Mb\336\312E\233'\345-\035<P\027\000\000\000\000\000\000\000\000\000\000\000\000\000\000\000\000\000\000\000\000\000\000\000\000\000\000\000\000\000\000\000\000P\031t\361\032\213\221\243\004\006][\376s\340\253\234K}\\013\0362\202`\234\371~d\0310\204\264,s!\003\031\332\276_\315\363\210\315\246\030F\330\251\017g\263\037\257\332\007 \253\203\233\205\365\344\036\245\374\253\323vG0E\002!\000\237\327\372\306\366\036\353\010\2120$k,Ih\000=]4\204\213\223\233V\331df\274\346\3245$\002 \006\016\022[\237\000\365\233\244\375;\000nyh\356\344\264\370\\357)\247\007\263\025\027\313\211\255g\020""; ","validation: """"\200\000\000\001&\000\000\000\004)/\352k\021:~\324\314\253\264\317\217]Q2\262\253\351\035\214\260\336\037!\340\337w\327\364\353\202\243\240<'Mb\336\312E\233'\345-\035<P\027\000\000\000\000\000\000\000\000\000\000\000\000\000\000\000\000\000\000\000\000\000\000\000\000\000\000\000\000\000\000\000\000P\031t\361\032\213\221\243\004\006][\376s\340\253\234K}\\013\0362\202`\234\371~d\0310\204\264,s!\003\031\332\276_\315\363\210\315\246\030F\330\251\017g\263\037\257\332\007 \253\203\233\205\365\344\036\245\374\253\323vG0E\002!\000\237\327\372\306\366\036\353\010\2120$k,Ih\000=]4\204\213\223\233V\331df\274\346\3245$\002 \006\016\022[\237\000\365\233\244\375;\000nyh\356\344\264\370\\357)\247\007\263\025\027\313\211\255g\020""; "
1750576786868,1750576786869,108,1,3,0,TMValidation,"validation: """"\200\000\000\001&\000\000\000\004)/\352k\021:~\324\314\253\264\317\217]Q2\262\253\351\035\214\260\336\037!\340\337w\327\364\353\202\243\240<'Mb\336\312E\233'\345-\035<P\027\000\000\000\000\000\000\000\000\000\000\000\000\000\000\000\000\000\000\000\000\000\000\000\000\000\000\000\000\000\000\000\000P\031t\361\032\213\221\243\004\006][\376s\340\253\234K}\\013\0362\202`\234\371~d\0310\204\264,s!\003\031\332\276_\315\363\210\315\246\030F\330\251\017g\263\037\257\332\007 \253\203\233\205\365\344\036\245\374\253\323vG0E\002!\000\237\327\372\306\366\036\353\010\2120$k,Ih\000=]4\204\213\223\233V\331df\274\346\3245$\002 \006\016\022[\237\000\365\233\244\375;\000nyh\356\344\264\370\\357)\247\007\263\025\027\313\211\255g\020""; ","validation: """"\200\000\000\001&\000\000\000\004)/\352k\021:~\324\314\253\264\317\217]Q2\262\253\351\035\214\260\336\037!\340\337w\327\364\353\202\243\240<'Mb\336\312E\233'\345-\035<P\027\000\000\000\000\000\000\000\000\000\000\000\000\000\000\000\000\000\000\000\000\000\000\000\000\000\000\000\000\000\000\000\000P\031t\361\032\213\221\243\004\006][\376s\340\253\234K}\\013\0362\202`\234\371~d\0310\204\264,s!\003\031\332\276_\315\363\210\315\246\030F\330\251\017g\263\037\257\332\007 \253\203\233\205\365\344\036\245\374\253\323vG0E\002!\000\237\327\372\306\366\036\353\010\2120$k,Ih\000=]4\204\213\223\233V\331df\274\346\3245$\002 \006\016\022[\237\000\365\233\244\375;\000nyh\356\344\264\370\\357)\247\007\263\025\027\313\211\255g\020""; "
1750576786869,1750576786869,1360,1,3,1,TMValidation,"validation: """"\200\000\000\001&\000\000\000\004)/\352k\021:~\324\314\253\264\317\217]Q2\262\253\351\035\214\260\336\037!\340\337w\327\364\353\202\243\240<'Mb\336\312E\233'\345-\035<P\027\000\000\000\000\000\000\000\000\000\000\000\000\000\000\000\000\000\000\000\000\000\000\000\000\000\000\000\000\000\000\000\000P\031t\361\032\213\221\243\004\006][\376s\340\253\234K}\\013\0362\202`\234\371~d\0310\204\264,s!\003\031\332\276_\315\363\210\315\246\030F\330\251\017g\263\037\257\332\007 \253\203\233\205\365\344\036\245\374\253\323vG0E\002!\000\237\327\372\306\366\036\353\010\2120$k,Ih\000=]4\204\213\223\233V\331df\274\346\3245$\002 \006\016\022[\237\000\365\233\244\375;\000nyh\356\344\264\370\\357)\247\007\263\025\027\313\211\255g\020""; ","validation: """"\200\000\000\001&\000\000\000\004)/\352k\021:~\324\314\253\264\317\217]Q2\262\253\351\035\214\260\336\037!\340\337w\327\364\353\202\243\240<'Mb\336\312E\233'\345-\035<P\027\000\000\000\000\000\000\000\000\000\000\000\000\000\000\000\000\000\000\000\000\000\000\000\000\000\000\000\000\000\000\000\000P\031t\361\032\213\221\243\004\006][\376s\340\253\234K}\\013\0362\202`\234\371~d\0310\204\264,s!\003\031\332\276_\315\363\210\315\246\030F\330\251\017g\263\037\257\332\007 \253\203\233\205\365\344\036\245\374\253\323vG0E\002!\000\237\327\372\306\366\036\353\010\2120$k,Ih\000=]4\204\213\223\233V\331df\274\346\3245$\002 \006\016\022[\237\000\365\233\244\375;\000nyh\356\344\264\370\\357)\247\007\263\025\027\313\211\255g\020""; "
1750576786874,1750576786874,2013,1,1,4,TMHaveTransactionSet,"status: tsHAVE; hash: ""\336\253\202\231\364(S\023#\206\274X\246\222-\007>\243\252\271\235\330\360\300$$>x\200\3664\373""; ","status: tsHAVE; hash: ""\336\253\202\231\364(S\023#\206\274X\246\222-\007>\243\252\271\235\330\360\300$$>x\200\3664\373""; "
1750576786875,1750576786875,284,1,1,2,TMHaveTransactionSet,"status: tsHAVE; hash: ""\336\253\202\231\364(S\023#\206\274X\246\222-\007>\243\252\271\235\330\360\300$$>x\200\3664\373""; ","status: tsHAVE; hash: ""\336\253\202\231\364(S\023#\206\274X\246\222-\007>\243\252\271\235\330\360\300$$>x\200\3664\373""; "
1750576786875,1750576786876,334,1,1,3,TMProposeSet,"proposeSeq: 0; currentTxHash: ""\336\253\202\231\364(S\023#\206\274X\246\222-\007>\243\252\271\235\330\360\300$$>x\200\3664\373""; nodePubKey: ""\003\031\332\276_\315\363\210\315\246\030F\330\251\017g\263\037\257\332\007 \253\203\233\205\365\344\036\245\374\253\323""; closeTime: 803891986; signature: ""0E\002!\000\261qJ\234*\303\212lq\337DY\300\033y\006\212\301f\357\324\373s\373Z].\032\3734\373\331\002 l\345\246\376I$\340\331\216\240\201\177\253\346\240\212\241\364G.\313\341\263;$\252\315\332\247\202&\355""; previousledger: ""2\262\253\351\035\214\260\336\037!\340\337w\327\364\353\202\243\240<'Mb\336\312E\233'\345-\035<""; ","proposeSeq: 0; currentTxHash: ""\336\253\202\231\364(S\023#\206\274X\246\222-\007>\243\252\271\235\330\360\300$$>x\200\3664\373""; nodePubKey: ""\003\031\332\276_\315\363\210\315\246\030F\330\251\017g\263\037\257\332\007 \253\203\233\205\365\344\036\245\374\253\323""; closeTime: 803891986; signature: ""0E\002!\000\261qJ\234*\303\212lq\337DY\300\033y\006\212\301f\357\324\373s\373Z].\032\3734\373\331\002 l\345\246\376I$\340\331\216\240\201\177\253\346\240\212\241\364G.\313\341\263;$\252\315\332\247\202&\355""; previousledger: ""2\262\253\351\035\214\260\336\037!\340\337w\327\364\353\202\243\240<'Mb\336\312E\233'\345-\035<""; "
1750576786877,1750576786877,2300,1,1,2,TMProposeSet,"proposeSeq: 0; currentTxHash: ""\336\253\202\231\364(S\023#\206\274X\246\222-\007>\243\252\271\235\330\360\300$$>x\200\3664\373""; nodePubKey: ""\003\031\332\276_\315\363\210\315\246\030F\330\251\017g\263\037\257\332\007 \253\203\233\205\365\344\036\245\374\253\323""; closeTime: 803891986; signature: ""0E\002!\000\261qJ\234*\303\212lq\337DY\300\033y\006\212\301f\357\324\373s\373Z].\032\3734\373\331\002 l\345\246\376I$\340\331\216\240\201\177\253\346\240\212\241\364G.\313\341\263;$\252\315\332\247\202&\355""; previousledger: ""2\262\253\351\035\214\260\336\037!\340\337w\327\364\353\202\243\240<'Mb\336\312E\233'\345-\035<""; ","proposeSeq: 0; currentTxHash: ""\336\253\202\231\364(S\023#\206\274X\246\222-\007>\243\252\271\235\330\360\300$$>x\200\3664\373""; nodePubKey: ""\003\031\332\276_\315\363\210\315\246\030F\330\251\017g\263\037\257\332\007 \253\203\233\205\365\344\036\245\374\253\323""; closeTime: 803891986; signature: ""0E\002!\000\261qJ\234*\303\212lq\337DY\300\033y\006\212\301f\357\324\373s\373Z].\032\3734\373\331\002 l\345\246\376I$\340\331\216\240\201\177\253\346\240\212\241\364G.\313\341\263;$\252\315\332\247\202&\355""; previousledger: ""2\262\253\351\035\214\260\336\037!\340\337w\327\364\353\202\243\240<'Mb\336\312E\233'\345-\035<""; "
1750576786877,1750576786878,1097,1,1,3,TMHaveTransactionSet,"status: tsHAVE; hash: ""\336\253\202\231\364(S\023#\206\274X\246\222-\007>\243\252\271\235\330\360\300$$>x\200\3664\373""; ","status: tsHAVE; hash: ""\336\253\202\231\364(S\023#\206\274X\246\222-\007>\243\252\271\235\330\360\300$$>x\200\3664\373""; "
1750576786878,1750576786878,3472,1,1,4,TMProposeSet,"proposeSeq: 0; currentTxHash: ""\336\253\202\231\364(S\023#\206\274X\246\222-\007>\243\252\271\235\330\360\300$$>x\200\3664\373""; nodePubKey: ""\003\031\332\276_\315\363\210\315\246\030F\330\251\017g\263\037\257\332\007 \253\203\233\205\365\344\036\245\374\253\323""; closeTime: 803891986; signature: ""0E\002!\000\261qJ\234*\303\212lq\337DY\300\033y\006\212\301f\357\324\373s\373Z].\032\3734\373\331\002 l\345\246\376I$\340\331\216\240\201\177\253\346\240\212\241\364G.\313\341\263;$\252\315\332\247\202&\355""; previousledger: ""2\262\253\351\035\214\260\336\037!\340\337w\327\364\353\202\243\240<'Mb\336\312E\233'\345-\035<""; ","proposeSeq: 0; currentTxHash: ""\336\253\202\231\364(S\023#\206\274X\246\222-\007>\243\252\271\235\330\360\300$$>x\200\3664\373""; nodePubKey: ""\003\031\332\276_\315\363\210\315\246\030F\330\251\017g\263\037\257\332\007 \253\203\233\205\365\344\036\245\374\253\323""; closeTime: 803891986; signature: ""0E\002!\000\261qJ\234*\303\212lq\337DY\300\033y\006\212\301f\357\324\373s\373Z].\032\3734\373\331\002 l\345\246\376I$\340\331\216\240\201\177\253\346\240\212\241\364G.\313\341\263;$\252\315\332\247\202&\355""; previousledger: ""2\262\253\351\035\214\260\336\037!\340\337w\327\364\353\202\243\240<'Mb\336\312E\233'\345-\035<""; "
1750576786879,1750576786879,964,1,1,0,TMHaveTransactionSet,"status: tsHAVE; hash: ""\336\253\202\231\364(S\023#\206\274X\246\222-\007>\243\252\271\235\330\360\300$$>x\200\3664\373""; ","status: tsHAVE; hash: ""\336\253\202\231\364(S\023#\206\274X\246\222-\007>\243\252\271\235\330\360\300$$>x\200\3664\373""; "
1750576786880,1750576786880,2840,1,1,0,TMProposeSet,"proposeSeq: 0; currentTxHash: ""\336\253\202\231\364(S\023#\206\274X\246\222-\007>\243\252\271\235\330\360\300$$>x\200\3664\373""; nodePubKey: ""\003\031\332\276_\315\363\210\315\246\030F\330\251\017g\263\037\257\332\007 \253\203\233\205\365\344\036\245\374\253\323""; closeTime: 803891986; signature: ""0E\002!\000\261qJ\234*\303\212lq\337DY\300\033y\006\212\301f\357\324\373s\373Z].\032\3734\373\331\002 l\345\246\376I$\340\331\216\240\201\177\253\346\240\212\241\364G.\313\341\263;$\252\315\332\247\202&\355""; previousledger: ""2\262\253\351\035\214\260\336\037!\340\337w\327\364\353\202\243\240<'Mb\336\312E\233'\345-\035<""; ","proposeSeq: 0; currentTxHash: ""\336\253\202\231\364(S\023#\206\274X\246\222-\007>\243\252\271\235\330\360\300$$>x\200\3664\373""; nodePubKey: ""\003\031\332\276_\315\363\210\315\246\030F\330\251\017g\263\037\257\332\007 \253\203\233\205\365\344\036\245\374\253\323""; closeTime: 803891986; signature: ""0E\002!\000\261qJ\234*\303\212lq\337DY\300\033y\006\212\301f\357\324\373s\373Z].\032\3734\373\331\002 l\345\246\376I$\340\331\216\240\201\177\253\346\240\212\241\364G.\313\341\263;$\252\315\332\247\202&\355""; previousledger: ""2\262\253\351\035\214\260\336\037!\340\337w\327\364\353\202\243\240<'Mb\336\312E\233'\345-\035<""; "
1750576786882,1750576786882,185,1,2,4,TMValidation,"validation: """"\200\000\000\001&\000\000\000\004)/\352k\021:~\324\314\253\264\317\217]Q2\262\253\351\035\214\260\336\037!\340\337w\327\364\353\202\243\240<'Mb\336\312E\233'\345-\035<P\027\000\000\000\000\000\000\000\000\000\000\000\000\000\000\000\000\000\000\000\000\000\000\000\000\000\000\000\000\000\000\000\000P\031t\361\032\213\221\243\004\006][\376s\340\253\234K}\\013\0362\202`\234\371~d\0310\204\264,s!\003\031\332\276_\315\363\210\315\246\030F\330\251\017g\263\037\257\332\007 \253\203\233\205\365\344\036\245\374\253\323vG0E\002!\000\237\327\372\306\366\036\353\010\2120$k,Ih\000=]4\204\213\223\233V\331df\274\346\3245$\002 \006\016\022[\237\000\365\233\244\375;\000nyh\356\344\264\370\\357)\247\007\263\025\027\313\211\255g\020""; ","validation: """"\200\000\000\001&\000\000\000\004)/\352k\021:~\324\314\253\264\317\217]Q2\262\253\351\035\214\260\336\037!\340\337w\327\364\353\202\243\240<'Mb\336\312E\233'\345-\035<P\027\000\000\000\000\000\000\000\000\000\000\000\000\000\000\000\000\000\000\000\000\000\000\000\000\000\000\000\000\000\000\000\000P\031t\361\032\213\221\243\004\006][\376s\340\253\234K}\\013\0362\202`\234\371~d\0310\204\264,s!\003\031\332\276_\315\363\210\315\246\030F\330\251\017g\263\037\257\332\007 \253\203\233\205\365\344\036\245\374\253\323vG0E\002!\000\237\327\372\306\366\036\353\010\2120$k,Ih\000=]4\204\213\223\233V\331df\274\346\3245$\002 \006\016\022[\237\000\365\233\244\375;\000nyh\356\344\264\370\\357)\247\007\263\025\027\313\211\255g\020""; "
1750576786883,1750576786883,1027,1,2,0,TMValidation,"validation: """"\200\000\000\001&\000\000\000\004)/\352k\021:~\324\314\253\264\317\217]Q2\262\253\351\035\214\260\336\037!\340\337w\327\364\353\202\243\240<'Mb\336\312E\233'\345-\035<P\027\000\000\000\000\000\000\000\000\000\000\000\000\000\000\000\000\000\000\000\000\000\000\000\000\000\000\000\000\000\000\000\000P\031t\361\032\213\221\243\004\006][\376s\340\253\234K}\\013\0362\202`\234\371~d\0310\204\264,s!\003\031\332\276_\315\363\210\315\246\030F\330\251\017g\263\037\257\332\007 \253\203\233\205\365\344\036\245\374\253\323vG0E\002!\000\237\327\372\306\366\036\353\010\2120$k,Ih\000=]4\204\213\223\233V\331df\274\346\3245$\002 \006\016\022[\237\000\365\233\244\375;\000nyh\356\344\264\370\\357)\247\007\263\025\027\313\211\255g\020""; ","validation: """"\200\000\000\001&\000\000\000\004)/\352k\021:~\324\314\253\264\317\217]Q2\262\253\351\035\214\260\336\037!\340\337w\327\364\353\202\243\240<'Mb\336\312E\233'\345-\035<P\027\000\000\000\000\000\000\000\000\000\000\000\000\000\000\000\000\000\000\000\000\000\000\000\000\000\000\000\000\000\000\000\000P\031t\361\032\213\221\243\004\006][\376s\340\253\234K}\\013\0362\202`\234\371~d\0310\204\264,s!\003\031\332\276_\315\363\210\315\246\030F\330\251\017g\263\037\257\332\007 \253\203\233\205\365\344\036\245\374\253\323vG0E\002!\000\237\327\372\306\366\036\353\010\2120$k,Ih\000=]4\204\213\223\233V\331df\274\346\3245$\002 \006\016\022[\237\000\365\233\244\375;\000nyh\356\344\264\370\\357)\247\007\263\025\027\313\211\255g\020""; "
1750576786882,1750576786882,1713,1,2,3,TMValidation,"validation: """"\200\000\000\001&\000\000\000\004)/\352k\021:~\324\314\253\264\317\217]Q2\262\253\351\035\214\260\336\037!\340\337w\327\364\353\202\243\240<'Mb\336\312E\233'\345-\035<P\027\000\000\000\000\000\000\000\000\000\000\000\000\000\000\000\000\000\000\000\000\000\000\000\000\000\000\000\000\000\000\000\000P\031t\361\032\213\221\243\004\006][\376s\340\253\234K}\\013\0362\202`\234\371~d\0310\204\264,s!\003\031\332\276_\315\363\210\315\246\030F\330\251\017g\263\037\257\332\007 \253\203\233\205\365\344\036\245\374\253\323vG0E\002!\000\237\327\372\306\366\036\353\010\2120$k,Ih\000=]4\204\213\223\233V\331df\274\346\3245$\002 \006\016\022[\237\000\365\233\244\375;\000nyh\356\344\264\370\\357)\247\007\263\025\027\313\211\255g\020""; ","validation: """"\200\000\000\001&\000\000\000\004)/\352k\021:~\324\314\253\264\317\217]Q2\262\253\351\035\214\260\336\037!\340\337w\327\364\353\202\243\240<'Mb\336\312E\233'\345-\035<P\027\000\000\000\000\000\000\000\000\000\000\000\000\000\000\000\000\000\000\000\000\000\000\000\000\000\000\000\000\000\000\000\000P\031t\361\032\213\221\243\004\006][\376s\340\253\234K}\\013\0362\202`\234\371~d\0310\204\264,s!\003\031\332\276_\315\363\210\315\246\030F\330\251\017g\263\037\257\332\007 \253\203\233\205\365\344\036\245\374\253\323vG0E\002!\000\237\327\372\306\366\036\353\010\2120$k,Ih\000=]4\204\213\223\233V\331df\274\346\3245$\002 \006\016\022[\237\000\365\233\244\375;\000nyh\356\344\264\370\\357)\247\007\263\025\027\313\211\255g\020""; "
1750576786896,1750576786896,1534,1,1,0,TMGetLedger,"itype: liTS_CANDIDATE; ledgerHash: ""\371K:\022He\314\263eC~\177\210\334\177\340\200\002\203\253\204\310\221\371\030\364\002\242\014\367\032\323""; nodeIDs: ""\000\000\000\000\000\000\000\000\000\000\000\000\000\000\000\000\000\000\000\000\000\000\000\000\000\000\000\000\000\000\000\000\000""; queryType: qtINDIRECT; queryDepth: 3; ","itype: liTS_CANDIDATE; ledgerHash: ""\371K:\022He\314\263eC~\177\210\334\177\340\200\002\203\253\204\310\221\371\030\364\002\242\014\367\032\323""; nodeIDs: ""\000\000\000\000\000\000\000\000\000\000\000\000\000\000\000\000\000\000\000\000\000\000\000\000\000\000\000\000\000\000\000\000\000""; queryType: qtINDIRECT; queryDepth: 3; "
1750576786924,1750576786924,1433,1,3,2,TMValidation,"validation: """"\200\000\000\001&\000\000\000\004)/\352k\022:F\231\033)\227\311<\340Q2\262\253\351\035\214\260\336\037!\340\337w\327\364\353\202\243\240<'Mb\336\312E\233'\345-\035<P\027\000\000\000\000\000\000\000\000\000\000\000\000\000\000\000\000\000\000\000\000\000\000\000\000\000\000\000\000\000\000\000\000P\031t\361\032\213\221\243\004\006][\376s\340\253\234K}\\013\0362\202`\234\371~d\0310\204\264,s!\002\246\346\346\007\2326A*\334\272\022\321\346\247[\222\030\343\261w\244R\r\357}\243\273\253\020\375b6vF0D\002 w\267o+L*5C\301a\r\377q\206\016\271^0Mp7i\2153\306\005\336E\253\023\347\235\002 \025\235\014\354\246\363\327i\265\005n\343""\223ch<\231\360WR>\227v\242)g\257Iex[""; ","validation: """"\200\000\000\001&\000\000\000\004)/\352k\022:F\231\033)\227\311<\340Q2\262\253\351\035\214\260\336\037!\340\337w\327\364\353\202\243\240<'Mb\336\312E\233'\345-\035<P\027\000\000\000\000\000\000\000\000\000\000\000\000\000\000\000\000\000\000\000\000\000\000\000\000\000\000\000\000\000\000\000\000P\031t\361\032\213\221\243\004\006][\376s\340\253\234K}\\013\0362\202`\234\371~d\0310\204\264,s!\002\246\346\346\007\2326A*\334\272\022\321\346\247[\222\030\343\261w\244R\r\357}\243\273\253\020\375b6vF0D\002 w\267o+L*5C\301a\r\377q\206\016\271^0Mp7i\2153\306\005\336E\253\023\347\235\002 \025\235\014\354\246\363\327i\265\005n\343""\223ch<\231\360WR>\227v\242)g\257Iex[""; "
1750576786924,1750576786924,108,1,3,0,TMValidation,"validation: """"\200\000\000\001&\000\000\000\004)/\352k\022:F\231\033)\227\311<\340Q2\262\253\351\035\214\260\336\037!\340\337w\327\364\353\202\243\240<'Mb\336\312E\233'\345-\035<P\027\000\000\000\000\000\000\000\000\000\000\000\000\000\000\000\000\000\000\000\000\000\000\000\000\000\000\000\000\000\000\000\000P\031t\361\032\213\221\243\004\006][\376s\340\253\234K}\\013\0362\202`\234\371~d\0310\204\264,s!\002\246\346\346\007\2326A*\334\272\022\321\346\247[\222\030\343\261w\244R\r\357}\243\273\253\020\375b6vF0D\002 w\267o+L*5C\301a\r\377q\206\016\271^0Mp7i\2153\306\005\336E\253\023\347\235\002 \025\235\014\354\246\363\327i\265\005n\343""\223ch<\231\360WR>\227v\242)g\257Iex[""; ","validation: """"\200\000\000\001&\000\000\000\004)/\352k\022:F\231\033)\227\311<\340Q2\262\253\351\035\214\260\336\037!\340\337w\327\364\353\202\243\240<'Mb\336\312E\233'\345-\035<P\027\000\000\000\000\000\000\000\000\000\000\000\000\000\000\000\000\000\000\000\000\000\000\000\000\000\000\000\000\000\000\000\000P\031t\361\032\213\221\243\004\006][\376s\340\253\234K}\\013\0362\202`\234\371~d\0310\204\264,s!\002\246\346\346\007\2326A*\334\272\022\321\346\247[\222\030\343\261w\244R\r\357}\243\273\253\020\375b6vF0D\002 w\267o+L*5C\301a\r\377q\206\016\271^0Mp7i\2153\306\005\336E\253\023\347\235\002 \025\235\014\354\246\363\327i\265\005n\343""\223ch<\231\360WR>\227v\242)g\257Iex[""; "
1750576786924,1750576786924,1360,1,3,1,TMValidation,"validation: """"\200\000\000\001&\000\000\000\004)/\352k\022:F\231\033)\227\311<\340Q2\262\253\351\035\214\260\336\037!\340\337w\327\364\353\202\243\240<'Mb\336\312E\233'\345-\035<P\027\000\000\000\000\000\000\000\000\000\000\000\000\000\000\000\000\000\000\000\000\000\000\000\000\000\000\000\000\000\000\000\000P\031t\361\032\213\221\243\004\006][\376s\340\253\234K}\\013\0362\202`\234\371~d\0310\204\264,s!\002\246\346\346\007\2326A*\334\272\022\321\346\247[\222\030\343\261w\244R\r\357}\243\273\253\020\375b6vF0D\002 w\267o+L*5C\301a\r\377q\206\016\271^0Mp7i\2153\306\005\336E\253\023\347\235\002 \025\235\014\354\246\363\327i\265\005n\343""\223ch<\231\360WR>\227v\242)g\257Iex[""; ","validation: """"\200\000\000\001&\000\000\000\004)/\352k\022:F\231\033)\227\311<\340Q2\262\253\351\035\214\260\336\037!\340\337w\327\364\353\202\243\240<'Mb\336\312E\233'\345-\035<P\027\000\000\000\000\000\000\000\000\000\000\000\000\000\000\000\000\000\000\000\000\000\000\000\000\000\000\000\000\000\000\000\000P\031t\361\032\213\221\243\004\006][\376s\340\253\234K}\\013\0362\202`\234\371~d\0310\204\264,s!\002\246\346\346\007\2326A*\334\272\022\321\346\247[\222\030\343\261w\244R\r\357}\243\273\253\020\375b6vF0D\002 w\267o+L*5C\301a\r\377q\206\016\271^0Mp7i\2153\306\005\336E\253\023\347\235\002 \025\235\014\354\246\363\327i\265\005n\343""\223ch<\231\360WR>\227v\242)g\257Iex[""; "
1750576786873,1750576786934,1137,1,1,4,TMStatusChange,"newEvent: neCLOSING_LEDGER; ledgerSeq: 4; ledgerHash: ""2\262\253\351\035\214\260\336\037!\340\337w\327\364\353\202\243\240<'Mb\336\312E\233'\345-\035<""; ledgerHashPrevious: ""t\361\032\213\221\243\004\006][\376s\340\253\234K}\\013\0362\202`\234\371~d\0310\204\264,""; networkTime: 803891986; firstSeq: 1; lastSeq: 4; ","newEvent: neCLOSING_LEDGER; ledgerSeq: 4; ledgerHash: ""2\262\253\351\035\214\260\336\037!\340\337w\327\364\353\202\243\240<'Mb\336\312E\233'\345-\035<""; ledgerHashPrevious: ""t\361\032\213\221\243\004\006][\376s\340\253\234K}\\013\0362\202`\234\371~d\0310\204\264,""; networkTime: 803891986; firstSeq: 1; lastSeq: 4; "
1750576786876,1750576786934,2844,1,1,2,TMStatusChange,"newEvent: neCLOSING_LEDGER; ledgerSeq: 4; ledgerHash: ""2\262\253\351\035\214\260\336\037!\340\337w\327\364\353\202\243\240<'Mb\336\312E\233'\345-\035<""; ledgerHashPrevious: ""t\361\032\213\221\243\004\006][\376s\340\253\234K}\\013\0362\202`\234\371~d\0310\204\264,""; networkTime: 803891986; firstSeq: 1; lastSeq: 4; ","newEvent: neCLOSING_LEDGER; ledgerSeq: 4; ledgerHash: ""2\262\253\351\035\214\260\336\037!\340\337w\327\364\353\202\243\240<'Mb\336\312E\233'\345-\035<""; ledgerHashPrevious: ""t\361\032\213\221\243\004\006][\376s\340\253\234K}\\013\0362\202`\234\371~d\0310\204\264,""; networkTime: 803891986; firstSeq: 1; lastSeq: 4; "
1750576786878,1750576786935,1638,1,1,3,TMStatusChange,"newEvent: neCLOSING_LEDGER; ledgerSeq: 4; ledgerHash: ""2\262\253\351\035\214\260\336\037!\340\337w\327\364\353\202\243\240<'Mb\336\312E\233'\345-\035<""; ledgerHashPrevious: ""t\361\032\213\221\243\004\006][\376s\340\253\234K}\\013\0362\202`\234\371~d\0310\204\264,""; networkTime: 803891986; firstSeq: 1; lastSeq: 4; ","newEvent: neCLOSING_LEDGER; ledgerSeq: 4; ledgerHash: ""2\262\253\351\035\214\260\336\037!\340\337w\327\364\353\202\243\240<'Mb\336\312E\233'\345-\035<""; ledgerHashPrevious: ""t\361\032\213\221\243\004\006][\376s\340\253\234K}\\013\0362\202`\234\371~d\0310\204\264,""; networkTime: 803891986; firstSeq: 1; lastSeq: 4; "
1750576786878,1750576786935,2386,1,1,0,TMStatusChange,"newEvent: neCLOSING_LEDGER; ledgerSeq: 4; ledgerHash: ""2\262\253\351\035\214\260\336\037!\340\337w\327\364\353\202\243\240<'Mb\336\312E\233'\345-\035<""; ledgerHashPrevious: ""t\361\032\213\221\243\004\006][\376s\340\253\234K}\\013\0362\202`\234\371~d\0310\204\264,""; networkTime: 803891986; firstSeq: 1; lastSeq: 4; ","newEvent: neCLOSING_LEDGER; ledgerSeq: 4; ledgerHash: ""2\262\253\351\035\214\260\336\037!\340\337w\327\364\353\202\243\240<'Mb\336\312E\233'\345-\035<""; ledgerHashPrevious: ""t\361\032\213\221\243\004\006][\376s\340\253\234K}\\013\0362\202`\234\371~d\0310\204\264,""; networkTime: 803891986; firstSeq: 1; lastSeq: 4; "
1750576786938,1750576786939,1621,1,2,4,TMTransaction,"rawTransaction: ""\022\000\000""\000\000\000\000$\000\000\000\002 \033\000\000\000\027a@\000\000\027H\206*@h@\000\000\000\000\000\000\ns!\0030\347\374\235V\273%\326\211;\243\363\027\256[\3173\263)\033\326=\263&T\243\023""/\177\320 tF0D\002 \0178\177xG\230\372\261?\210t\202n\206\217M5.:\326r\314W0\230\365T\326\037\371N\272\002 J\344F\3349\305\031\023#\023\010\356#\314\326\321&\352\247\266O\310\326\307\341\013*\021c\220\245\032\201\024\265\367by\212S\325C\240\024\312\370\262\227\317\370\362\3717\350\203\024O\217\226\315\3632\220\035\215\273P:\260\027\270\320\n\246\333\324""; status: tsCURRENT; receiveTimestamp: 803891986; deferred: false; ","rawTransaction: ""\022\000\000""\000\000\000\000$\000\000\000\002 \033\000\000\000\027a@\000\000\027H\206*@h@\000\000\000\000\000\000\ns!\0030\347\374\235V\273%\326\211;\243\363\027\256[\3173\263)\033\326=\263&T\243\023""/\177\320 tF0D\002 \0178\177xG\230\372\261?\210t\202n\206\217M5.:\326r\314W0\230\365T\326\037\371N\272\002 J\344F\3349\305\031\023#\023\010\356#\314\326\321&\352\247\266O\310\326\307\341\013*\021c\220\245\032\201\024\265\367by\212S\325C\240\024\312\370\262\227\317\370\362\3717\350\203\024O\217\226\315\3632\220\035\215\273P:\260\027\270\320\n\246\333\324""; status: tsCURRENT; receiveTimestamp: 803891986; deferred: false; "
1750576786939,1750576786941,857,1,2,0,TMTransaction,"rawTransaction: ""\022\000\000""\000\000\000\000$\000\000\000\002 \033\000\000\000\027a@\000\000\027H\206*@h@\000\000\000\000\000\000\ns!\0030\347\374\235V\273%\326\211;\243\363\027\256[\3173\263)\033\326=\263&T\243\023""/\177\320 tF0D\002 \0178\177xG\230\372\261?\210t\202n\206\217M5.:\326r\314W0\230\365T\326\037\371N\272\002 J\344F\3349\305\031\023#\023\010\356#\314\326\321&\352\247\266O\310\326\307\341\013*\021c\220\245\032\201\024\265\367by\212S\325C\240\024\312\370\262\227\317\370\362\3717\350\203\024O\217\226\315\3632\220\035\215\273P:\260\027\270\320\n\246\333\324""; status: tsCURRENT; receiveTimestamp: 803891986; deferred: false; ","rawTransaction: ""\022\000\000""\000\000\000\000$\000\000\000\002 \033\000\000\000\027a@\000\000\027H\206*@h@\000\000\000\000\000\000\ns!\0030\347\374\235V\273%\326\211;\243\363\027\256[\3173\263)\033\326=\263&T\243\023""/\177\320 tF0D\002 \0178\177xG\230\372\261?\210t\202n\206\217M5.:\326r\314W0\230\365T\326\037\371N\272\002 J\344F\3349\305\031\023#\023\010\356#\314\326\321&\352\247\266O\310\326\307\341\013*\021c\220\245\032\201\024\265\367by\212S\325C\240\024\312\370\262\227\317\370\362\3717\350\203\024O\217\226\315\3632\220\035\215\273P:\260\027\270\320\n\246\333\324""; status: tsCURRENT; receiveTimestamp: 803891986; deferred: false; "
1750576786938,1750576786943,3696,1,2,3,TMTransaction,"rawTransaction: ""\022\000\000""\000\000\000\000$\000\000\000\002 \033\000\000\000\027a@\000\000\027H\206*@h@\000\000\000\000\000\000\ns!\0030\347\374\235V\273%\326\211;\243\363\027\256[\3173\263)\033\326=\263&T\243\023""/\177\320 tF0D\002 \0178\177xG\230\372\261?\210t\202n\206\217M5.:\326r\314W0\230\365T\326\037\371N\272\002 J\344F\3349\305\031\023#\023\010\356#\314\326\321&\352\247\266O\310\326\307\341\013*\021c\220\245\032\201\024\265\367by\212S\325C\240\024\312\370\262\227\317\370\362\3717\350\203\024O\217\226\315\3632\220\035\215\273P:\260\027\270\320\n\246\333\324""; status: tsCURRENT; receiveTimestamp: 803891986; deferred: false; ","rawTransaction: ""\022\000\000""\000\000\000\000$\000\000\000\002 \033\000\000\000\027a@\000\000\027H\206*@h@\000\000\000\000\000\000\ns!\0030\347\374\235V\273%\326\211;\243\363\027\256[\3173\263)\033\326=\263&T\243\023""/\177\320 tF0D\002 \0178\177xG\230\372\261?\210t\202n\206\217M5.:\326r\314W0\230\365T\326\037\371N\272\002 J\344F\3349\305\031\023#\023\010\356#\314\326\321&\352\247\266O\310\326\307\341\013*\021c\220\245\032\201\024\265\367by\212S\325C\240\024\312\370\262\227\317\370\362\3717\350\203\024O\217\226\315\3632\220\035\215\273P:\260\027\270\320\n\246\333\324""; status: tsCURRENT; receiveTimestamp: 803891986; deferred: false; "
1750576786946,1750576786947,862,1,0,1,TMLedgerData,"ledgerHash: ""2\262\253\351\035\214\260\336\037!\340\337w\327\364\353\202\243\240<'Mb\336\312E\233'\345-\035<""; ledgerSeq: 4; type: liBASE; nodes {;   nodedata: ""\000\000\000\004\001cEx]\212\000\000t\361\032\213\221\243\004\006][\376s\340\253\234K}\\013\0362\202`\234\371~d\0310\204\264,\000\000\000\000\000\000\000\000\000\000\000\000\000\000\000\000\000\000\000\000\000\000\000\000\000\000\000\000\000\000\000\000Q%\214\032\374\226d\253\326W\200\211\202x\251\202\246i\2459\230C\321kuu#4\233\r\340u/\352k\014/\352k\r\n\000""; }; nodes {;   nodedata: ""\303\016\021\310<Z\337\266>\225@&n\022\246\274\353\220\345b3\035\313\350L\354\254\002\005\305\035\017\002E\344\037@\210\363\010\336T\226\247'\204_{\261\370""1\235\2445\343\033Y!\212\201\341\272\225'\007\242\251\2065\013}3\214$\306\211Mx-\344#\374\353<j\354~\310\005\265\370\227g6\022\2727\013\003""; }; ","ledgerHash: ""2\262\253\351\035\214\260\336\037!\340\337w\327\364\353\202\243\240<'Mb\336\312E\233'\345-\035<""; ledgerSeq: 4; type: liBASE; nodes {;   nodedata: ""\000\000\000\004\001cEx]\212\000\000t\361\032\213\221\243\004\006][\376s\340\253\234K}\\013\0362\202`\234\371~d\0310\204\264,\000\000\000\000\000\000\000\000\000\000\000\000\000\000\000\000\000\000\000\000\000\000\000\000\000\000\000\000\000\000\000\000Q%\214\032\374\226d\253\326W\200\211\202x\251\202\246i\2459\230C\321kuu#4\233\r\340u/\352k\014/\352k\r\n\000""; }; nodes {;   nodedata: ""\303\016\021\310<Z\337\266>\225@&n\022\246\274\353\220\345b3\035\313\350L\354\254\002\005\305\035\017\002E\344\037@\210\363\010\336T\226\247'\204_{\261\370""1\235\2445\343\033Y!\212\201\341\272\225'\007\242\251\2065\013}3\214$\306\211Mx-\344#\374\353<j\354~\310\005\265\370\227g6\022\2727\013\003""; }; "
1750576786947,1750576786947,862,1,0,1,TMLedgerData,"ledgerHash: ""2\262\253\351\035\214\260\336\037!\340\337w\327\364\353\202\243\240<'Mb\336\312E\233'\345-\035<""; ledgerSeq: 4; type: liBASE; nodes {;   nodedata: ""\000\000\000\004\001cEx]\212\000\000t\361\032\213\221\243\004\006][\376s\340\253\234K}\\013\0362\202`\234\371~d\0310\204\264,\000\000\000\000\000\000\000\000\000\000\000\000\000\000\000\000\000\000\000\000\000\000\000\000\000\000\000\000\000\000\000\000Q%\214\032\374\226d\253\326W\200\211\202x\251\202\246i\2459\230C\321kuu#4\233\r\340u/\352k\014/\352k\r\n\000""; }; nodes {;   nodedata: ""\303\016\021\310<Z\337\266>\225@&n\022\246\274\353\220\345b3\035\313\350L\354\254\002\005\305\035\017\002E\344\037@\210\363\010\336T\226\247'\204_{\261\370""1\235\2445\343\033Y!\212\201\341\272\225'\007\242\251\2065\013}3\214$\306\211Mx-\344#\374\353<j\354~\310\005\265\370\227g6\022\2727\013\003""; }; ","ledgerHash: ""2\262\253\351\035\214\260\336\037!\340\337w\327\364\353\202\243\240<'Mb\336\312E\233'\345-\035<""; ledgerSeq: 4; type: liBASE; nodes {;   nodedata: ""\000\000\000\004\001cEx]\212\000\000t\361\032\213\221\243\004\006][\376s\340\253\234K}\\013\0362\202`\234\371~d\0310\204\264,\000\000\000\000\000\000\000\000\000\000\000\000\000\000\000\000\000\000\000\000\000\000\000\000\000\000\000\000\000\000\000\000Q%\214\032\374\226d\253\326W\200\211\202x\251\202\246i\2459\230C\321kuu#4\233\r\340u/\352k\014/\352k\r\n\000""; }; nodes {;   nodedata: ""\303\016\021\310<Z\337\266>\225@&n\022\246\274\353\220\345b3\035\313\350L\354\254\002\005\305\035\017\002E\344\037@\210\363\010\336T\226\247'\204_{\261\370""1\235\2445\343\033Y!\212\201\341\272\225'\007\242\251\2065\013}3\214$\306\211Mx-\344#\374\353<j\354~\310\005\265\370\227g6\022\2727\013\003""; }; "
1750576786979,1750576786979,3783,1,0,2,TMValidation,"validation: """"\200\000\000\001&\000\000\000\004)/\352k\021:~\324\314\253\264\317\217]Q2\262\253\351\035\214\260\336\037!\340\337w\327\364\353\202\243\240<'Mb\336\312E\233'\345-\035<P\027\000\000\000\000\000\000\000\000\000\000\000\000\000\000\000\000\000\000\000\000\000\000\000\000\000\000\000\000\000\000\000\000P\031t\361\032\213\221\243\004\006][\376s\340\253\234K}\\013\0362\202`\234\371~d\0310\204\264,s!\003\031\332\276_\315\363\210\315\246\030F\330\251\017g\263\037\257\332\007 \253\203\233\205\365\344\036\245\374\253\323vG0E\002!\000\237\327\372\306\366\036\353\010\2120$k,Ih\000=]4\204\213\223\233V\331df\274\346\3245$\002 \006\016\022[\237\000\365\233\244\375;\000nyh\356\344\264\370\\357)\247\007\263\025\027\313\211\255g\020""; ","validation: """"\200\000\000\001&\000\000\000\004)/\352k\021:~\324\314\253\264\317\217]Q2\262\253\351\035\214\260\336\037!\340\337w\327\364\353\202\243\240<'Mb\336\312E\233'\345-\035<P\027\000\000\000\000\000\000\000\000\000\000\000\000\000\000\000\000\000\000\000\000\000\000\000\000\000\000\000\000\000\000\000\000P\031t\361\032\213\221\243\004\006][\376s\340\253\234K}\\013\0362\202`\234\371~d\0310\204\264,s!\003\031\332\276_\315\363\210\315\246\030F\330\251\017g\263\037\257\332\007 \253\203\233\205\365\344\036\245\374\253\323vG0E\002!\000\237\327\372\306\366\036\353\010\2120$k,Ih\000=]4\204\213\223\233V\331df\274\346\3245$\002 \006\016\022[\237\000\365\233\244\375;\000nyh\356\344\264\370\\357)\247\007\263\025\027\313\211\255g\020""; "
1750576786980,1750576786980,219,1,0,1,TMValidation,"validation: """"\200\000\000\001&\000\000\000\004)/\352k\021:~\324\314\253\264\317\217]Q2\262\253\351\035\214\260\336\037!\340\337w\327\364\353\202\243\240<'Mb\336\312E\233'\345-\035<P\027\000\000\000\000\000\000\000\000\000\000\000\000\000\000\000\000\000\000\000\000\000\000\000\000\000\000\000\000\000\000\000\000P\031t\361\032\213\221\243\004\006][\376s\340\253\234K}\\013\0362\202`\234\371~d\0310\204\264,s!\003\031\332\276_\315\363\210\315\246\030F\330\251\017g\263\037\257\332\007 \253\203\233\205\365\344\036\245\374\253\323vG0E\002!\000\237\327\372\306\366\036\353\010\2120$k,Ih\000=]4\204\213\223\233V\331df\274\346\3245$\002 \006\016\022[\237\000\365\233\244\375;\000nyh\356\344\264\370\\357)\247\007\263\025\027\313\211\255g\020""; ","validation: """"\200\000\000\001&\000\000\000\004)/\352k\021:~\324\314\253\264\317\217]Q2\262\253\351\035\214\260\336\037!\340\337w\327\364\353\202\243\240<'Mb\336\312E\233'\345-\035<P\027\000\000\000\000\000\000\000\000\000\000\000\000\000\000\000\000\000\000\000\000\000\000\000\000\000\000\000\000\000\000\000\000P\031t\361\032\213\221\243\004\006][\376s\340\253\234K}\\013\0362\202`\234\371~d\0310\204\264,s!\003\031\332\276_\315\363\210\315\246\030F\330\251\017g\263\037\257\332\007 \253\203\233\205\365\344\036\245\374\253\323vG0E\002!\000\237\327\372\306\366\036\353\010\2120$k,Ih\000=]4\204\213\223\233V\331df\274\346\3245$\002 \006\016\022[\237\000\365\233\244\375;\000nyh\356\344\264\370\\357)\247\007\263\025\027\313\211\255g\020""; "
1750576786980,1750576786980,2019,1,0,4,TMValidation,"validation: """"\200\000\000\001&\000\000\000\004)/\352k\021:~\324\314\253\264\317\217]Q2\262\253\351\035\214\260\336\037!\340\337w\327\364\353\202\243\240<'Mb\336\312E\233'\345-\035<P\027\000\000\000\000\000\000\000\000\000\000\000\000\000\000\000\000\000\000\000\000\000\000\000\000\000\000\000\000\000\000\000\000P\031t\361\032\213\221\243\004\006][\376s\340\253\234K}\\013\0362\202`\234\371~d\0310\204\264,s!\003\031\332\276_\315\363\210\315\246\030F\330\251\017g\263\037\257\332\007 \253\203\233\205\365\344\036\245\374\253\323vG0E\002!\000\237\327\372\306\366\036\353\010\2120$k,Ih\000=]4\204\213\223\233V\331df\274\346\3245$\002 \006\016\022[\237\000\365\233\244\375;\000nyh\356\344\264\370\\357)\247\007\263\025\027\313\211\255g\020""; ","validation: """"\200\000\000\001&\000\000\000\004)/\352k\021:~\324\314\253\264\317\217]Q2\262\253\351\035\214\260\336\037!\340\337w\327\364\353\202\243\240<'Mb\336\312E\233'\345-\035<P\027\000\000\000\000\000\000\000\000\000\000\000\000\000\000\000\000\000\000\000\000\000\000\000\000\000\000\000\000\000\000\000\000P\031t\361\032\213\221\243\004\006][\376s\340\253\234K}\\013\0362\202`\234\371~d\0310\204\264,s!\003\031\332\276_\315\363\210\315\246\030F\330\251\017g\263\037\257\332\007 \253\203\233\205\365\344\036\245\374\253\323vG0E\002!\000\237\327\372\306\366\036\353\010\2120$k,Ih\000=]4\204\213\223\233V\331df\274\346\3245$\002 \006\016\022[\237\000\365\233\244\375;\000nyh\356\344\264\370\\357)\247\007\263\025\027\313\211\255g\020""; "
1750576786985,1750576786986,3433,1,3,2,TMGetLedger,"itype: liTS_CANDIDATE; ledgerHash: ""\371K:\022He\314\263eC~\177\210\334\177\340\200\002\203\253\204\310\221\371\030\364\002\242\014\367\032\323""; nodeIDs: ""\000\000\000\000\000\000\000\000\000\000\000\000\000\000\000\000\000\000\000\000\000\000\000\000\000\000\000\000\000\000\000\000\000""; queryDepth: 3; ","itype: liTS_CANDIDATE; ledgerHash: ""\371K:\022He\314\263eC~\177\210\334\177\340\200\002\203\253\204\310\221\371\030\364\002\242\014\367\032\323""; nodeIDs: ""\000\000\000\000\000\000\000\000\000\000\000\000\000\000\000\000\000\000\000\000\000\000\000\000\000\000\000\000\000\000\000\000\000""; queryDepth: 3; "
1750576786986,1750576786986,69,1,3,4,TMGetLedger,"itype: liTS_CANDIDATE; ledgerHash: ""\371K:\022He\314\263eC~\177\210\334\177\340\200\002\203\253\204\310\221\371\030\364\002\242\014\367\032\323""; nodeIDs: ""\000\000\000\000\000\000\000\000\000\000\000\000\000\000\000\000\000\000\000\000\000\000\000\000\000\000\000\000\000\000\000\000\000""; queryDepth: 3; ","itype: liTS_CANDIDATE; ledgerHash: ""\371K:\022He\314\263eC~\177\210\334\177\340\200\002\203\253\204\310\221\371\030\364\002\242\014\367\032\323""; nodeIDs: ""\000\000\000\000\000\000\000\000\000\000\000\000\000\000\000\000\000\000\000\000\000\000\000\000\000\000\000\000\000\000\000\000\000""; queryDepth: 3; "
1750576786987,1750576786987,3672,1,3,4,TMProposeSet,"proposeSeq: 0; currentTxHash: ""\371K:\022He\314\263eC~\177\210\334\177\340\200\002\203\253\204\310\221\371\030\364\002\242\014\367\032\323""; nodePubKey: ""\002\005\363\0222\231\333G\357\305\020\014\241\033\231\261Z#\243\036\0267\020\210\265\022\240%\336\332\221\202\352""; closeTime: 803891986; signature: ""0D\002 \034""b5\303\003W_g\365D\344\267\236\006-+\036}\016A\226+\034c\212\2240}LLl\002 \002\254=\216\273\354\303""\346\347\177\267\036w\256J\016\201\207\242I\035\224\355\211\316\311O\270F\251""""; previousledger: ""2\262\253\351\035\214\260\336\037!\340\337w\327\364\353\202\243\240<'Mb\336\312E\233'\345-\035<""; ","proposeSeq: 0; currentTxHash: ""\371K:\022He\314\263eC~\177\210\334\177\340\200\002\203\253\204\310\221\371\030\364\002\242\014\367\032\323""; nodePubKey: ""\002\005\363\0222\231\333G\357\305\020\014\241\033\231\261Z#\243\036\0267\020\210\265\022\240%\336\332\221\202\352""; closeTime: 803891986; signature: ""0D\002 \034""b5\303\003W_g\365D\344\267\236\006-+\036}\016A\226+\034c\212\2240}LLl\002 \002\254=\216\273\354\303""\346\347\177\267\036w\256J\016\201\207\242I\035\224\355\211\316\311O\270F\251""""; previousledger: ""2\262\253\351\035\214\260\336\037!\340\337w\327\364\353\202\243\240<'Mb\336\312E\233'\345-\035<""; "
1750576786987,1750576786988,105,1,3,0,TMProposeSet,"proposeSeq: 0; currentTxHash: ""\371K:\022He\314\263eC~\177\210\334\177\340\200\002\203\253\204\310\221\371\030\364\002\242\014\367\032\323""; nodePubKey: ""\002\005\363\0222\231\333G\357\305\020\014\241\033\231\261Z#\243\036\0267\020\210\265\022\240%\336\332\221\202\352""; closeTime: 803891986; signature: ""0D\002 \034""b5\303\003W_g\365D\344\267\236\006-+\036}\016A\226+\034c\212\2240}LLl\002 \002\254=\216\273\354\303""\346\347\177\267\036w\256J\016\201\207\242I\035\224\355\211\316\311O\270F\251""""; previousledger: ""2\262\253\351\035\214\260\336\037!\340\337w\327\364\353\202\243\240<'Mb\336\312E\233'\345-\035<""; ","proposeSeq: 0; currentTxHash: ""\371K:\022He\314\263eC~\177\210\334\177\340\200\002\203\253\204\310\221\371\030\364\002\242\014\367\032\323""; nodePubKey: ""\002\005\363\0222\231\333G\357\305\020\014\241\033\231\261Z#\243\036\0267\020\210\265\022\240%\336\332\221\202\352""; closeTime: 803891986; signature: ""0D\002 \034""b5\303\003W_g\365D\344\267\236\006-+\036}\016A\226+\034c\212\2240}LLl\002 \002\254=\216\273\354\303""\346\347\177\267\036w\256J\016\201\207\242I\035\224\355\211\316\311O\270F\251""""; previousledger: ""2\262\253\351\035\214\260\336\037!\340\337w\327\364\353\202\243\240<'Mb\336\312E\233'\345-\035<""; "
1750576786999,1750576786999,185,1,2,4,TMValidation,"validation: """"\200\000\000\001&\000\000\000\004)/\352k\021:\373\252\211\251\2041h\203Q2\262\253\351\035\214\260\336\037!\340\337w\327\364\353\202\243\240<'Mb\336\312E\233'\345-\035<P\027\000\000\000\000\000\000\000\000\000\000\000\000\000\000\000\000\000\000\000\000\000\000\000\000\000\000\000\000\000\000\000\000P\031t\361\032\213\221\243\004\006][\376s\340\253\234K}\\013\0362\202`\234\371~d\0310\204\264,s!\003uv\3157M_,X\323\216\327\373A""\226\013\275\210\0079\020Q\007\035\231@s\266\345\000\272\252vG0E\002!\000\324\212\273\231\371\252\036\305\304\233\327\333\277PkwA\014\325W\270h\222\013E\302\256\306\243\2502V\002 r\3162 ~\373\341\222\305Tz\317\222\265\357\263D\334\316\031\337\225T\341\205\334\244a\245\003\324\""; ","validation: """"\200\000\000\001&\000\000\000\004)/\352k\021:\373\252\211\251\2041h\203Q2\262\253\351\035\214\260\336\037!\340\337w\327\364\353\202\243\240<'Mb\336\312E\233'\345-\035<P\027\000\000\000\000\000\000\000\000\000\000\000\000\000\000\000\000\000\000\000\000\000\000\000\000\000\000\000\000\000\000\000\000P\031t\361\032\213\221\243\004\006][\376s\340\253\234K}\\013\0362\202`\234\371~d\0310\204\264,s!\003uv\3157M_,X\323\216\327\373A""\226\013\275\210\0079\020Q\007\035\231@s\266\345\000\272\252vG0E\002!\000\324\212\273\231\371\252\036\305\304\233\327\333\277PkwA\014\325W\270h\222\013E\302\256\306\243\2502V\002 r\3162 ~\373\341\222\305Tz\317\222\265\357\263D\334\316\031\337\225T\341\205\334\244a\245\003\324\""; "
1750576787000,1750576787000,1027,1,2,0,TMValidation,"validation: """"\200\000\000\001&\000\000\000\004)/\352k\021:\373\252\211\251\2041h\203Q2\262\253\351\035\214\260\336\037!\340\337w\327\364\353\202\243\240<'Mb\336\312E\233'\345-\035<P\027\000\000\000\000\000\000\000\000\000\000\000\000\000\000\000\000\000\000\000\000\000\000\000\000\000\000\000\000\000\000\000\000P\031t\361\032\213\221\243\004\006][\376s\340\253\234K}\\013\0362\202`\234\371~d\0310\204\264,s!\003uv\3157M_,X\323\216\327\373A""\226\013\275\210\0079\020Q\007\035\231@s\266\345\000\272\252vG0E\002!\000\324\212\273\231\371\252\036\305\304\233\327\333\277PkwA\014\325W\270h\222\013E\302\256\306\243\2502V\002 r\3162 ~\373\341\222\305Tz\317\222\265\357\263D\334\316\031\337\225T\341\205\334\244a\245\003\324\""; ","validation: """"\200\000\000\001&\000\000\000\004)/\352k\021:\373\252\211\251\2041h\203Q2\262\253\351\035\214\260\336\037!\340\337w\327\364\353\202\243\240<'Mb\336\312E\233'\345-\035<P\027\000\000\000\000\000\000\000\000\000\000\000\000\000\000\000\000\000\000\000\000\000\000\000\000\000\000\000\000\000\000\000\000P\031t\361\032\213\221\243\004\006][\376s\340\253\234K}\\013\0362\202`\234\371~d\0310\204\264,s!\003uv\3157M_,X\323\216\327\373A""\226\013\275\210\0079\020Q\007\035\231@s\266\345\000\272\252vG0E\002!\000\324\212\273\231\371\252\036\305\304\233\327\333\277PkwA\014\325W\270h\222\013E\302\256\306\243\2502V\002 r\3162 ~\373\341\222\305Tz\317\222\265\357\263D\334\316\031\337\225T\341\205\334\244a\245\003\324\""; "
1750576787000,1750576787000,1713,1,2,3,TMValidation,"validation: """"\200\000\000\001&\000\000\000\004)/\352k\021:\373\252\211\251\2041h\203Q2\262\253\351\035\214\260\336\037!\340\337w\327\364\353\202\243\240<'Mb\336\312E\233'\345-\035<P\027\000\000\000\000\000\000\000\000\000\000\000\000\000\000\000\000\000\000\000\000\000\000\000\000\000\000\000\000\000\000\000\000P\031t\361\032\213\221\243\004\006][\376s\340\253\234K}\\013\0362\202`\234\371~d\0310\204\264,s!\003uv\3157M_,X\323\216\327\373A""\226\013\275\210\0079\020Q\007\035\231@s\266\345\000\272\252vG0E\002!\000\324\212\273\231\371\252\036\305\304\233\327\333\277PkwA\014\325W\270h\222\013E\302\256\306\243\2502V\002 r\3162 ~\373\341\222\305Tz\317\222\265\357\263D\334\316\031\337\225T\341\205\334\244a\245\003\324\""; ","validation: """"\200\000\000\001&\000\000\000\004)/\352k\021:\373\252\211\251\2041h\203Q2\262\253\351\035\214\260\336\037!\340\337w\327\364\353\202\243\240<'Mb\336\312E\233'\345-\035<P\027\000\000\000\000\000\000\000\000\000\000\000\000\000\000\000\000\000\000\000\000\000\000\000\000\000\000\000\000\000\000\000\000P\031t\361\032\213\221\243\004\006][\376s\340\253\234K}\\013\0362\202`\234\371~d\0310\204\264,s!\003uv\3157M_,X\323\216\327\373A""\226\013\275\210\0079\020Q\007\035\231@s\266\345\000\272\252vG0E\002!\000\324\212\273\231\371\252\036\305\304\233\327\333\277PkwA\014\325W\270h\222\013E\302\256\306\243\2502V\002 r\3162 ~\373\341\222\305Tz\317\222\265\357\263D\334\316\031\337\225T\341\205\334\244a\245\003\324\""; "
1750576787017,1750576787017,162,1,0,3,TMGetLedger,"itype: liTS_CANDIDATE; ledgerHash: ""\336\253\202\231\364(S\023#\206\274X\246\222-\007>\243\252\271\235\330\360\300$$>x\200\3664\373""; nodeIDs: ""\000\000\000\000\000\000\000\000\000\000\000\000\000\000\000\000\000\000\000\000\000\000\000\000\000\000\000\000\000\000\000\000\000""; queryType: qtINDIRECT; queryDepth: 3; ","itype: liTS_CANDIDATE; ledgerHash: ""\336\253\202\231\364(S\023#\206\274X\246\222-\007>\243\252\271\235\330\360\300$$>x\200\3664\373""; nodeIDs: ""\000\000\000\000\000\000\000\000\000\000\000\000\000\000\000\000\000\000\000\000\000\000\000\000\000\000\000\000\000\000\000\000\000""; queryType: qtINDIRECT; queryDepth: 3; "
1750576787026,1750576787026,3303,1,3,2,TMProposeSet,"proposeSeq: 0; currentTxHash: ""\371K:\022He\314\263eC~\177\210\334\177\340\200\002\203\253\204\310\221\371\030\364\002\242\014\367\032\323""; nodePubKey: ""\002\005\363\0222\231\333G\357\305\020\014\241\033\231\261Z#\243\036\0267\020\210\265\022\240%\336\332\221\202\352""; closeTime: 803891986; signature: ""0D\002 \034""b5\303\003W_g\365D\344\267\236\006-+\036}\016A\226+\034c\212\2240}LLl\002 \002\254=\216\273\354\303""\346\347\177\267\036w\256J\016\201\207\242I\035\224\355\211\316\311O\270F\251""""; previousledger: ""2\262\253\351\035\214\260\336\037!\340\337w\327\364\353\202\243\240<'Mb\336\312E\233'\345-\035<""; ","proposeSeq: 0; currentTxHash: ""\371K:\022He\314\263eC~\177\210\334\177\340\200\002\203\253\204\310\221\371\030\364\002\242\014\367\032\323""; nodePubKey: ""\002\005\363\0222\231\333G\357\305\020\014\241\033\231\261Z#\243\036\0267\020\210\265\022\240%\336\332\221\202\352""; closeTime: 803891986; signature: ""0D\002 \034""b5\303\003W_g\365D\344\267\236\006-+\036}\016A\226+\034c\212\2240}LLl\002 \002\254=\216\273\354\303""\346\347\177\267\036w\256J\016\201\207\242I\035\224\355\211\316\311O\270F\251""""; previousledger: ""2\262\253\351\035\214\260\336\037!\340\337w\327\364\353\202\243\240<'Mb\336\312E\233'\345-\035<""; "
1750576787034,1750576787034,2019,1,0,4,TMValidation,"validation: """"\200\000\000\001&\000\000\000\004)/\352k\022:F\231\033)\227\311<\340Q2\262\253\351\035\214\260\336\037!\340\337w\327\364\353\202\243\240<'Mb\336\312E\233'\345-\035<P\027\000\000\000\000\000\000\000\000\000\000\000\000\000\000\000\000\000\000\000\000\000\000\000\000\000\000\000\000\000\000\000\000P\031t\361\032\213\221\243\004\006][\376s\340\253\234K}\\013\0362\202`\234\371~d\0310\204\264,s!\002\246\346\346\007\2326A*\334\272\022\321\346\247[\222\030\343\261w\244R\r\357}\243\273\253\020\375b6vF0D\002 w\267o+L*5C\301a\r\377q\206\016\271^0Mp7i\2153\306\005\336E\253\023\347\235\002 \025\235\014\354\246\363\327i\265\005n\343""\223ch<\231\360WR>\227v\242)g\257Iex[""; ","validation: """"\200\000\000\001&\000\000\000\004)/\352k\022:F\231\033)\227\311<\340Q2\262\253\351\035\214\260\336\037!\340\337w\327\364\353\202\243\240<'Mb\336\312E\233'\345-\035<P\027\000\000\000\000\000\000\000\000\000\000\000\000\000\000\000\000\000\000\000\000\000\000\000\000\000\000\000\000\000\000\000\000P\031t\361\032\213\221\243\004\006][\376s\340\253\234K}\\013\0362\202`\234\371~d\0310\204\264,s!\002\246\346\346\007\2326A*\334\272\022\321\346\247[\222\030\343\261w\244R\r\357}\243\273\253\020\375b6vF0D\002 w\267o+L*5C\301a\r\377q\206\016\271^0Mp7i\2153\306\005\336E\253\023\347\235\002 \025\235\014\354\246\363\327i\265\005n\343""\223ch<\231\360WR>\227v\242)g\257Iex[""; "
1750576787034,1750576787035,219,1,0,1,TMValidation,"validation: """"\200\000\000\001&\000\000\000\004)/\352k\022:F\231\033)\227\311<\340Q2\262\253\351\035\214\260\336\037!\340\337w\327\364\353\202\243\240<'Mb\336\312E\233'\345-\035<P\027\000\000\000\000\000\000\000\000\000\000\000\000\000\000\000\000\000\000\000\000\000\000\000\000\000\000\000\000\000\000\000\000P\031t\361\032\213\221\243\004\006][\376s\340\253\234K}\\013\0362\202`\234\371~d\0310\204\264,s!\002\246\346\346\007\2326A*\334\272\022\321\346\247[\222\030\343\261w\244R\r\357}\243\273\253\020\375b6vF0D\002 w\267o+L*5C\301a\r\377q\206\016\271^0Mp7i\2153\306\005\336E\253\023\347\235\002 \025\235\014\354\246\363\327i\265\005n\343""\223ch<\231\360WR>\227v\242)g\257Iex[""; ","validation: """"\200\000\000\001&\000\000\000\004)/\352k\022:F\231\033)\227\311<\340Q2\262\253\351\035\214\260\336\037!\340\337w\327\364\353\202\243\240<'Mb\336\312E\233'\345-\035<P\027\000\000\000\000\000\000\000\000\000\000\000\000\000\000\000\000\000\000\000\000\000\000\000\000\000\000\000\000\000\000\000\000P\031t\361\032\213\221\243\004\006][\376s\340\253\234K}\\013\0362\202`\234\371~d\0310\204\264,s!\002\246\346\346\007\2326A*\334\272\022\321\346\247[\222\030\343\261w\244R\r\357}\243\273\253\020\375b6vF0D\002 w\267o+L*5C\301a\r\377q\206\016\271^0Mp7i\2153\306\005\336E\253\023\347\235\002 \025\235\014\354\246\363\327i\265\005n\343""\223ch<\231\360WR>\227v\242)g\257Iex[""; "
1750576787035,1750576787035,3783,1,0,2,TMValidation,"validation: """"\200\000\000\001&\000\000\000\004)/\352k\022:F\231\033)\227\311<\340Q2\262\253\351\035\214\260\336\037!\340\337w\327\364\353\202\243\240<'Mb\336\312E\233'\345-\035<P\027\000\000\000\000\000\000\000\000\000\000\000\000\000\000\000\000\000\000\000\000\000\000\000\000\000\000\000\000\000\000\000\000P\031t\361\032\213\221\243\004\006][\376s\340\253\234K}\\013\0362\202`\234\371~d\0310\204\264,s!\002\246\346\346\007\2326A*\334\272\022\321\346\247[\222\030\343\261w\244R\r\357}\243\273\253\020\375b6vF0D\002 w\267o+L*5C\301a\r\377q\206\016\271^0Mp7i\2153\306\005\336E\253\023\347\235\002 \025\235\014\354\246\363\327i\265\005n\343""\223ch<\231\360WR>\227v\242)g\257Iex[""; ","validation: """"\200\000\000\001&\000\000\000\004)/\352k\022:F\231\033)\227\311<\340Q2\262\253\351\035\214\260\336\037!\340\337w\327\364\353\202\243\240<'Mb\336\312E\233'\345-\035<P\027\000\000\000\000\000\000\000\000\000\000\000\000\000\000\000\000\000\000\000\000\000\000\000\000\000\000\000\000\000\000\000\000P\031t\361\032\213\221\243\004\006][\376s\340\253\234K}\\013\0362\202`\234\371~d\0310\204\264,s!\002\246\346\346\007\2326A*\334\272\022\321\346\247[\222\030\343\261w\244R\r\357}\243\273\253\020\375b6vF0D\002 w\267o+L*5C\301a\r\377q\206\016\271^0Mp7i\2153\306\005\336E\253\023\347\235\002 \025\235\014\354\246\363\327i\265\005n\343""\223ch<\231\360WR>\227v\242)g\257Iex[""; "
1750576787057,1750576787058,1483,1,4,3,TMLedgerData,"ledgerHash: ""\371K:\022He\314\263eC~\177\210\334\177\340\200\002\203\253\204\310\221\371\030\364\002\242\014\367\032\323""; ledgerSeq: 0; type: liTS_CANDIDATE; nodes {;   nodedata: ""\272D\322\240G8\353q\254V\320\301>>D\331C\232q\326X(/\2146,\326\342c\222\000\370\013\003"";   nodeid: ""\000\000\000\000\000\000\000\000\000\000\000\000\000\000\000\000\000\000\000\000\000\000\000\000\000\000\000\000\000\000\000\000\000""; }; ","ledgerHash: ""\371K:\022He\314\263eC~\177\210\334\177\340\200\002\203\253\204\310\221\371\030\364\002\242\014\367\032\323""; ledgerSeq: 0; type: liTS_CANDIDATE; nodes {;   nodedata: ""\272D\322\240G8\353q\254V\320\301>>D\331C\232q\326X(/\2146,\326\342c\222\000\370\013\003"";   nodeid: ""\000\000\000\000\000\000\000\000\000\000\000\000\000\000\000\000\000\000\000\000\000\000\000\000\000\000\000\000\000\000\000\000\000""; }; "
1750576787115,1750576787116,2268,1,0,2,TMTransaction,"rawTransaction: ""\022\000\000""\000\000\000\000$\000\000\000\003 \033\000\000\000\027a@\000\000\027H\206*@h@\000\000\000\000\000\000\ns!\0030\347\374\235V\273%\326\211;\243\363\027\256[\3173\263)\033\326=\263&T\243\023""/\177\320 tF0D\002 F?5j\240&c\234r\205{%\3608\016\273\244\270\264\364,5N)JW\366X\270\022\2407\002 \005\372\2618R\335py\322,%\323]\361y\350\240\326x7\232}\275\254J\321K$\304\322D\262\201\024\265\367by\212S\325C\240\024\312\370\262\227\317\370\362\3717\350\203\024\033X\247\021T!\3235\270\274R\235\240\3362w\273T?$""; status: tsCURRENT; receiveTimestamp: 803891987; deferred: false; ","rawTransaction: ""\022\000\000""\000\000\000\000$\000\000\000\003 \033\000\000\000\027a@\000\000\027H\206*@h@\000\000\000\000\000\000\ns!\0030\347\374\235V\273%\326\211;\243\363\027\256[\3173\263)\033\326=\263&T\243\023""/\177\320 tF0D\002 F?5j\240&c\234r\205{%\3608\016\273\244\270\264\364,5N)JW\366X\270\022\2407\002 \005\372\2618R\335py\322,%\323]\361y\350\240\326x7\232}\275\254J\321K$\304\322D\262\201\024\265\367by\212S\325C\240\024\312\370\262\227\317\370\362\3717\350\203\024\033X\247\021T!\3235\270\274R\235\240\3362w\273T?$""; status: tsCURRENT; receiveTimestamp: 803891987; deferred: false; "
1750576787116,1750576787117,920,1,0,4,TMTransaction,"rawTransaction: ""\022\000\000""\000\000\000\000$\000\000\000\003 \033\000\000\000\027a@\000\000\027H\206*@h@\000\000\000\000\000\000\ns!\0030\347\374\235V\273%\326\211;\243\363\027\256[\3173\263)\033\326=\263&T\243\023""/\177\320 tF0D\002 F?5j\240&c\234r\205{%\3608\016\273\244\270\264\364,5N)JW\366X\270\022\2407\002 \005\372\2618R\335py\322,%\323]\361y\350\240\326x7\232}\275\254J\321K$\304\322D\262\201\024\265\367by\212S\325C\240\024\312\370\262\227\317\370\362\3717\350\203\024\033X\247\021T!\3235\270\274R\235\240\3362w\273T?$""; status: tsCURRENT; receiveTimestamp: 803891987; deferred: false; ","rawTransaction: ""\022\000\000""\000\000\000\000$\000\000\000\003 \033\000\000\000\027a@\000\000\027H\206*@h@\000\000\000\000\000\000\ns!\0030\347\374\235V\273%\326\211;\243\363\027\256[\3173\263)\033\326=\263&T\243\023""/\177\320 tF0D\002 F?5j\240&c\234r\205{%\3608\016\273\244\270\264\364,5N)JW\366X\270\022\2407\002 \005\372\2618R\335py\322,%\323]\361y\350\240\326x7\232}\275\254J\321K$\304\322D\262\201\024\265\367by\212S\325C\240\024\312\370\262\227\317\370\362\3717\350\203\024\033X\247\021T!\3235\270\274R\235\240\3362w\273T?$""; status: tsCURRENT; receiveTimestamp: 803891987; deferred: false; "
1750576787116,1750576787117,3808,1,0,1,TMTransaction,"rawTransaction: ""\022\000\000""\000\000\000\000$\000\000\000\003 \033\000\000\000\027a@\000\000\027H\206*@h@\000\000\000\000\000\000\ns!\0030\347\374\235V\273%\326\211;\243\363\027\256[\3173\263)\033\326=\263&T\243\023""/\177\320 tF0D\002 F?5j\240&c\234r\205{%\3608\016\273\244\270\264\364,5N)JW\366X\270\022\2407\002 \005\372\2618R\335py\322,%\323]\361y\350\240\326x7\232}\275\254J\321K$\304\322D\262\201\024\265\367by\212S\325C\240\024\312\370\262\227\317\370\362\3717\350\203\024\033X\247\021T!\3235\270\274R\235\240\3362w\273T?$""; status: tsCURRENT; receiveTimestamp: 803891987; deferred: false; ","rawTransaction: ""\022\000\000""\000\000\000\000$\000\000\000\003 \033\000\000\000\027a@\000\000\027H\206*@h@\000\000\000\000\000\000\ns!\0030\347\374\235V\273%\326\211;\243\363\027\256[\3173\263)\033\326=\263&T\243\023""/\177\320 tF0D\002 F?5j\240&c\234r\205{%\3608\016\273\244\270\264\364,5N)JW\366X\270\022\2407\002 \005\372\2618R\335py\322,%\323]\361y\350\240\326x7\232}\275\254J\321K$\304\322D\262\201\024\265\367by\212S\325C\240\024\312\370\262\227\317\370\362\3717\350\203\024\033X\247\021T!\3235\270\274R\235\240\3362w\273T?$""; status: tsCURRENT; receiveTimestamp: 803891987; deferred: false; "
1750576787146,1750576787146,2434,1,1,4,TMGetLedger,"itype: liTS_CANDIDATE; ledgerHash: ""\371K:\022He\314\263eC~\177\210\334\177\340\200\002\203\253\204\310\221\371\030\364\002\242\014\367\032\323""; nodeIDs: ""\000\000\000\000\000\000\000\000\000\000\000\000\000\000\000\000\000\000\000\000\000\000\000\000\000\000\000\000\000\000\000\000\000""; queryType: qtINDIRECT; queryDepth: 3; ","itype: liTS_CANDIDATE; ledgerHash: ""\371K:\022He\314\263eC~\177\210\334\177\340\200\002\203\253\204\310\221\371\030\364\002\242\014\367\032\323""; nodeIDs: ""\000\000\000\000\000\000\000\000\000\000\000\000\000\000\000\000\000\000\000\000\000\000\000\000\000\000\000\000\000\000\000\000\000""; queryType: qtINDIRECT; queryDepth: 3; "
1750576787170,1750576787170,3125,1,4,3,TMProposeSet,"proposeSeq: 0; currentTxHash: ""\336\253\202\231\364(S\023#\206\274X\246\222-\007>\243\252\271\235\330\360\300$$>x\200\3664\373""; nodePubKey: ""\003uv\3157M_,X\323\216\327\373A""\226\013\275\210\0079\020Q\007\035\231@s\266\345\000\272\252""; closeTime: 803891986; signature: ""0D\002 K\240\022\206K\254\303\207\3473\213\250\242\336\r;CH\265\356Q\267)\272\2468\260\231rn8\020\002 N\213\272;\237`\020\2348;^\35595\376\360\227Y\242\216\n\237\222\353\235\252\236#\355\367\355\024""; previousledger: ""2\262\253\351\035\214\260\336\037!\340\337w\327\364\353\202\243\240<'Mb\336\312E\233'\345-\035<""; ","proposeSeq: 0; currentTxHash: ""\336\253\202\231\364(S\023#\206\274X\246\222-\007>\243\252\271\235\330\360\300$$>x\200\3664\373""; nodePubKey: ""\003uv\3157M_,X\323\216\327\373A""\226\013\275\210\0079\020Q\007\035\231@s\266\345\000\272\252""; closeTime: 803891986; signature: ""0D\002 K\240\022\206K\254\303\207\3473\213\250\242\336\r;CH\265\356Q\267)\272\2468\260\231rn8\020\002 N\213\272;\237`\020\2348;^\35595\376\360\227Y\242\216\n\237\222\353\235\252\236#\355\367\355\024""; previousledger: ""2\262\253\351\035\214\260\336\037!\340\337w\327\364\353\202\243\240<'Mb\336\312E\233'\345-\035<""; "
1750576787171,1750576787171,1256,1,4,1,TMProposeSet,"proposeSeq: 0; currentTxHash: ""\336\253\202\231\364(S\023#\206\274X\246\222-\007>\243\252\271\235\330\360\300$$>x\200\3664\373""; nodePubKey: ""\003uv\3157M_,X\323\216\327\373A""\226\013\275\210\0079\020Q\007\035\231@s\266\345\000\272\252""; closeTime: 803891986; signature: ""0D\002 K\240\022\206K\254\303\207\3473\213\250\242\336\r;CH\265\356Q\267)\272\2468\260\231rn8\020\002 N\213\272;\237`\020\2348;^\35595\376\360\227Y\242\216\n\237\222\353\235\252\236#\355\367\355\024""; previousledger: ""2\262\253\351\035\214\260\336\037!\340\337w\327\364\353\202\243\240<'Mb\336\312E\233'\345-\035<""; ","proposeSeq: 0; currentTxHash: ""\336\253\202\231\364(S\023#\206\274X\246\222-\007>\243\252\271\235\330\360\300$$>x\200\3664\373""; nodePubKey: ""\003uv\3157M_,X\323\216\327\373A""\226\013\275\210\0079\020Q\007\035\231@s\266\345\000\272\252""; closeTime: 803891986; signature: ""0D\002 K\240\022\206K\254\303\207\3473\213\250\242\336\r;CH\265\356Q\267)\272\2468\260\231rn8\020\002 N\213\272;\237`\020\2348;^\35595\376\360\227Y\242\216\n\237\222\353\235\252\236#\355\367\355\024""; previousledger: ""2\262\253\351\035\214\260\336\037!\340\337w\327\364\353\202\243\240<'Mb\336\312E\233'\345-\035<""; "
1750576787172,1750576787172,2763,1,4,2,TMGetLedger,"itype: liTS_CANDIDATE; ledgerHash: ""\336\253\202\231\364(S\023#\206\274X\246\222-\007>\243\252\271\235\330\360\300$$>x\200\3664\373""; nodeIDs: ""\000\000\000\000\000\000\000\000\000\000\000\000\000\000\000\000\000\000\000\000\000\000\000\000\000\000\000\000\000\000\000\000\000""; queryDepth: 3; ","itype: liTS_CANDIDATE; ledgerHash: ""\336\253\202\231\364(S\023#\206\274X\246\222-\007>\243\252\271\235\330\360\300$$>x\200\3664\373""; nodeIDs: ""\000\000\000\000\000\000\000\000\000\000\000\000\000\000\000\000\000\000\000\000\000\000\000\000\000\000\000\000\000\000\000\000\000""; queryDepth: 3; "
1750576787172,1750576787172,3205,1,4,3,TMGetLedger,"itype: liTS_CANDIDATE; ledgerHash: ""\336\253\202\231\364(S\023#\206\274X\246\222-\007>\243\252\271\235\330\360\300$$>x\200\3664\373""; nodeIDs: ""\000\000\000\000\000\000\000\000\000\000\000\000\000\000\000\000\000\000\000\000\000\000\000\000\000\000\000\000\000\000\000\000\000""; queryDepth: 3; ","itype: liTS_CANDIDATE; ledgerHash: ""\336\253\202\231\364(S\023#\206\274X\246\222-\007>\243\252\271\235\330\360\300$$>x\200\3664\373""; nodeIDs: ""\000\000\000\000\000\000\000\000\000\000\000\000\000\000\000\000\000\000\000\000\000\000\000\000\000\000\000\000\000\000\000\000\000""; queryDepth: 3; "
1750576787181,1750576787181,592,1,3,0,TMLedgerData,"ledgerHash: ""\336\253\202\231\364(S\023#\206\274X\246\222-\007>\243\252\271\235\330\360\300$$>x\200\3664\373""; ledgerSeq: 0; type: liTS_CANDIDATE; nodes {;   nodedata: ""PR+li&\230\370\373\r\353\274l{Ni\23604TM?\322Ind\224\250X\336\312\020\005\272D\322\240G8\353q\254V\320\301>>D\331C\232q\326X(/\2146,\326\342c\222\000\370\013\363W\256\321\221\353L\327\350w\264\014d?~\246\335_\343|sS5f!\r\353\364s\271~{\017\003"";   nodeid: ""\000\000\000\000\000\000\000\000\000\000\000\000\000\000\000\000\000\000\000\000\000\000\000\000\000\000\000\000\000\000\000\000\000""; }; ","ledgerHash: ""\336\253\202\231\364(S\023#\206\274X\246\222-\007>\243\252\271\235\330\360\300$$>x\200\3664\373""; ledgerSeq: 0; type: liTS_CANDIDATE; nodes {;   nodedata: ""PR+li&\230\370\373\r\353\274l{Ni\23604TM?\322Ind\224\250X\336\312\020\005\272D\322\240G8\353q\254V\320\301>>D\331C\232q\326X(/\2146,\326\342c\222\000\370\013\363W\256\321\221\353L\327\350w\264\014d?~\246\335_\343|sS5f!\r\353\364s\271~{\017\003"";   nodeid: ""\000\000\000\000\000\000\000\000\000\000\000\000\000\000\000\000\000\000\000\000\000\000\000\000\000\000\000\000\000\000\000\000\000""; }; "
1750576787185,1750576787185,2284,1,4,2,TMProposeSet,"proposeSeq: 0; currentTxHash: ""\336\253\202\231\364(S\023#\206\274X\246\222-\007>\243\252\271\235\330\360\300$$>x\200\3664\373""; nodePubKey: ""\003uv\3157M_,X\323\216\327\373A""\226\013\275\210\0079\020Q\007\035\231@s\266\345\000\272\252""; closeTime: 803891986; signature: ""0D\002 K\240\022\206K\254\303\207\3473\213\250\242\336\r;CH\265\356Q\267)\272\2468\260\231rn8\020\002 N\213\272;\237`\020\2348;^\35595\376\360\227Y\242\216\n\237\222\353\235\252\236#\355\367\355\024""; previousledger: ""2\262\253\351\035\214\260\336\037!\340\337w\327\364\353\202\243\240<'Mb\336\312E\233'\345-\035<""; ","proposeSeq: 0; currentTxHash: ""\336\253\202\231\364(S\023#\206\274X\246\222-\007>\243\252\271\235\330\360\300$$>x\200\3664\373""; nodePubKey: ""\003uv\3157M_,X\323\216\327\373A""\226\013\275\210\0079\020Q\007\035\231@s\266\345\000\272\252""; closeTime: 803891986; signature: ""0D\002 K\240\022\206K\254\303\207\3473\213\250\242\336\r;CH\265\356Q\267)\272\2468\260\231rn8\020\002 N\213\272;\237`\020\2348;^\35595\376\360\227Y\242\216\n\237\222\353\235\252\236#\355\367\355\024""; previousledger: ""2\262\253\351\035\214\260\336\037!\340\337w\327\364\353\202\243\240<'Mb\336\312E\233'\345-\035<""; "
1750576787211,1750576787211,3303,1,3,2,TMProposeSet,"proposeSeq: 0; currentTxHash: ""\336\253\202\231\364(S\023#\206\274X\246\222-\007>\243\252\271\235\330\360\300$$>x\200\3664\373""; nodePubKey: ""\003\031\332\276_\315\363\210\315\246\030F\330\251\017g\263\037\257\332\007 \253\203\233\205\365\344\036\245\374\253\323""; closeTime: 803891986; signature: ""0E\002!\000\261qJ\234*\303\212lq\337DY\300\033y\006\212\301f\357\324\373s\373Z].\032\3734\373\331\002 l\345\246\376I$\340\331\216\240\201\177\253\346\240\212\241\364G.\313\341\263;$\252\315\332\247\202&\355""; previousledger: ""2\262\253\351\035\214\260\336\037!\340\337w\327\364\353\202\243\240<'Mb\336\312E\233'\345-\035<""; ","proposeSeq: 0; currentTxHash: ""\336\253\202\231\364(S\023#\206\274X\246\222-\007>\243\252\271\235\330\360\300$$>x\200\3664\373""; nodePubKey: ""\003\031\332\276_\315\363\210\315\246\030F\330\251\017g\263\037\257\332\007 \253\203\233\205\365\344\036\245\374\253\323""; closeTime: 803891986; signature: ""0E\002!\000\261qJ\234*\303\212lq\337DY\300\033y\006\212\301f\357\324\373s\373Z].\032\3734\373\331\002 l\345\246\376I$\340\331\216\240\201\177\253\346\240\212\241\364G.\313\341\263;$\252\315\332\247\202&\355""; previousledger: ""2\262\253\351\035\214\260\336\037!\340\337w\327\364\353\202\243\240<'Mb\336\312E\233'\345-\035<""; "
1750576787212,1750576787212,3672,1,3,4,TMProposeSet,"proposeSeq: 0; currentTxHash: ""\336\253\202\231\364(S\023#\206\274X\246\222-\007>\243\252\271\235\330\360\300$$>x\200\3664\373""; nodePubKey: ""\003\031\332\276_\315\363\210\315\246\030F\330\251\017g\263\037\257\332\007 \253\203\233\205\365\344\036\245\374\253\323""; closeTime: 803891986; signature: ""0E\002!\000\261qJ\234*\303\212lq\337DY\300\033y\006\212\301f\357\324\373s\373Z].\032\3734\373\331\002 l\345\246\376I$\340\331\216\240\201\177\253\346\240\212\241\364G.\313\341\263;$\252\315\332\247\202&\355""; previousledger: ""2\262\253\351\035\214\260\336\037!\340\337w\327\364\353\202\243\240<'Mb\336\312E\233'\345-\035<""; ","proposeSeq: 0; currentTxHash: ""\336\253\202\231\364(S\023#\206\274X\246\222-\007>\243\252\271\235\330\360\300$$>x\200\3664\373""; nodePubKey: ""\003\031\332\276_\315\363\210\315\246\030F\330\251\017g\263\037\257\332\007 \253\203\233\205\365\344\036\245\374\253\323""; closeTime: 803891986; signature: ""0E\002!\000\261qJ\234*\303\212lq\337DY\300\033y\006\212\301f\357\324\373s\373Z].\032\3734\373\331\002 l\345\246\376I$\340\331\216\240\201\177\253\346\240\212\241\364G.\313\341\263;$\252\315\332\247\202&\355""; previousledger: ""2\262\253\351\035\214\260\336\037!\340\337w\327\364\353\202\243\240<'Mb\336\312E\233'\345-\035<""; "
1750576787211,1750576787212,105,1,3,0,TMProposeSet,"proposeSeq: 0; currentTxHash: ""\336\253\202\231\364(S\023#\206\274X\246\222-\007>\243\252\271\235\330\360\300$$>x\200\3664\373""; nodePubKey: ""\003\031\332\276_\315\363\210\315\246\030F\330\251\017g\263\037\257\332\007 \253\203\233\205\365\344\036\245\374\253\323""; closeTime: 803891986; signature: ""0E\002!\000\261qJ\234*\303\212lq\337DY\300\033y\006\212\301f\357\324\373s\373Z].\032\3734\373\331\002 l\345\246\376I$\340\331\216\240\201\177\253\346\240\212\241\364G.\313\341\263;$\252\315\332\247\202&\355""; previousledger: ""2\262\253\351\035\214\260\336\037!\340\337w\327\364\353\202\243\240<'Mb\336\312E\233'\345-\035<""; ","proposeSeq: 0; currentTxHash: ""\336\253\202\231\364(S\023#\206\274X\246\222-\007>\243\252\271\235\330\360\300$$>x\200\3664\373""; nodePubKey: ""\003\031\332\276_\315\363\210\315\246\030F\330\251\017g\263\037\257\332\007 \253\203\233\205\365\344\036\245\374\253\323""; closeTime: 803891986; signature: ""0E\002!\000\261qJ\234*\303\212lq\337DY\300\033y\006\212\301f\357\324\373s\373Z].\032\3734\373\331\002 l\345\246\376I$\340\331\216\240\201\177\253\346\240\212\241\364G.\313\341\263;$\252\315\332\247\202&\355""; previousledger: ""2\262\253\351\035\214\260\336\037!\340\337w\327\364\353\202\243\240<'Mb\336\312E\233'\345-\035<""; "
1750576787234,1750576787234,3472,1,1,4,TMProposeSet,"proposeSeq: 0; currentTxHash: ""\336\253\202\231\364(S\023#\206\274X\246\222-\007>\243\252\271\235\330\360\300$$>x\200\3664\373""; nodePubKey: ""\003uv\3157M_,X\323\216\327\373A""\226\013\275\210\0079\020Q\007\035\231@s\266\345\000\272\252""; closeTime: 803891986; signature: ""0D\002 K\240\022\206K\254\303\207\3473\213\250\242\336\r;CH\265\356Q\267)\272\2468\260\231rn8\020\002 N\213\272;\237`\020\2348;^\35595\376\360\227Y\242\216\n\237\222\353\235\252\236#\355\367\355\024""; previousledger: ""2\262\253\351\035\214\260\336\037!\340\337w\327\364\353\202\243\240<'Mb\336\312E\233'\345-\035<""; ","proposeSeq: 0; currentTxHash: ""\336\253\202\231\364(S\023#\206\274X\246\222-\007>\243\252\271\235\330\360\300$$>x\200\3664\373""; nodePubKey: ""\003uv\3157M_,X\323\216\327\373A""\226\013\275\210\0079\020Q\007\035\231@s\266\345\000\272\252""; closeTime: 803891986; signature: ""0D\002 K\240\022\206K\254\303\207\3473\213\250\242\336\r;CH\265\356Q\267)\272\2468\260\231rn8\020\002 N\213\272;\237`\020\2348;^\35595\376\360\227Y\242\216\n\237\222\353\235\252\236#\355\367\355\024""; previousledger: ""2\262\253\351\035\214\260\336\037!\340\337w\327\364\353\202\243\240<'Mb\336\312E\233'\345-\035<""; "
1750576787235,1750576787235,2300,1,1,2,TMProposeSet,"proposeSeq: 0; currentTxHash: ""\336\253\202\231\364(S\023#\206\274X\246\222-\007>\243\252\271\235\330\360\300$$>x\200\3664\373""; nodePubKey: ""\003uv\3157M_,X\323\216\327\373A""\226\013\275\210\0079\020Q\007\035\231@s\266\345\000\272\252""; closeTime: 803891986; signature: ""0D\002 K\240\022\206K\254\303\207\3473\213\250\242\336\r;CH\265\356Q\267)\272\2468\260\231rn8\020\002 N\213\272;\237`\020\2348;^\35595\376\360\227Y\242\216\n\237\222\353\235\252\236#\355\367\355\024""; previousledger: ""2\262\253\351\035\214\260\336\037!\340\337w\327\364\353\202\243\240<'Mb\336\312E\233'\345-\035<""; ","proposeSeq: 0; currentTxHash: ""\336\253\202\231\364(S\023#\206\274X\246\222-\007>\243\252\271\235\330\360\300$$>x\200\3664\373""; nodePubKey: ""\003uv\3157M_,X\323\216\327\373A""\226\013\275\210\0079\020Q\007\035\231@s\266\345\000\272\252""; closeTime: 803891986; signature: ""0D\002 K\240\022\206K\254\303\207\3473\213\250\242\336\r;CH\265\356Q\267)\272\2468\260\231rn8\020\002 N\213\272;\237`\020\2348;^\35595\376\360\227Y\242\216\n\237\222\353\235\252\236#\355\367\355\024""; previousledger: ""2\262\253\351\035\214\260\336\037!\340\337w\327\364\353\202\243\240<'Mb\336\312E\233'\345-\035<""; "
1750576787235,1750576787235,334,1,1,3,TMProposeSet,"proposeSeq: 0; currentTxHash: ""\336\253\202\231\364(S\023#\206\274X\246\222-\007>\243\252\271\235\330\360\300$$>x\200\3664\373""; nodePubKey: ""\003uv\3157M_,X\323\216\327\373A""\226\013\275\210\0079\020Q\007\035\231@s\266\345\000\272\252""; closeTime: 803891986; signature: ""0D\002 K\240\022\206K\254\303\207\3473\213\250\242\336\r;CH\265\356Q\267)\272\2468\260\231rn8\020\002 N\213\272;\237`\020\2348;^\35595\376\360\227Y\242\216\n\237\222\353\235\252\236#\355\367\355\024""; previousledger: ""2\262\253\351\035\214\260\336\037!\340\337w\327\364\353\202\243\240<'Mb\336\312E\233'\345-\035<""; ","proposeSeq: 0; currentTxHash: ""\336\253\202\231\364(S\023#\206\274X\246\222-\007>\243\252\271\235\330\360\300$$>x\200\3664\373""; nodePubKey: ""\003uv\3157M_,X\323\216\327\373A""\226\013\275\210\0079\020Q\007\035\231@s\266\345\000\272\252""; closeTime: 803891986; signature: ""0D\002 K\240\022\206K\254\303\207\3473\213\250\242\336\r;CH\265\356Q\267)\272\2468\260\231rn8\020\002 N\213\272;\237`\020\2348;^\35595\376\360\227Y\242\216\n\237\222\353\235\252\236#\355\367\355\024""; previousledger: ""2\262\253\351\035\214\260\336\037!\340\337w\327\364\353\202\243\240<'Mb\336\312E\233'\345-\035<""; "
1750576787236,1750576787236,1940,1,3,0,TMGetLedger,"itype: liTS_CANDIDATE; ledgerHash: ""\371K:\022He\314\263eC~\177\210\334\177\340\200\002\203\253\204\310\221\371\030\364\002\242\014\367\032\323""; nodeIDs: ""\000\000\000\000\000\000\000\000\000\000\000\000\000\000\000\000\000\000\000\000\000\000\000\000\000\000\000\000\000\000\000\000\000""; queryType: qtINDIRECT; queryDepth: 3; ","itype: liTS_CANDIDATE; ledgerHash: ""\371K:\022He\314\263eC~\177\210\334\177\340\200\002\203\253\204\310\221\371\030\364\002\242\014\367\032\323""; nodeIDs: ""\000\000\000\000\000\000\000\000\000\000\000\000\000\000\000\000\000\000\000\000\000\000\000\000\000\000\000\000\000\000\000\000\000""; queryType: qtINDIRECT; queryDepth: 3; "
1750576787242,1750576787242,2591,1,2,1,TMHaveTransactionSet,"status: tsHAVE; hash: ""\356x\244\230|(a\310C\253P\236P\231\226~\213h\025\311\025\302\302!% g\222\265R\006x""; ","status: tsHAVE; hash: ""\356x\244\230|(a\310C\253P\236P\231\226~\213h\025\311\025\302\302!% g\222\265R\006x""; "
1750576787242,1750576787242,2648,1,2,0,TMProposeSet,"proposeSeq: 0; currentTxHash: ""\356x\244\230|(a\310C\253P\236P\231\226~\213h\025\311\025\302\302!% g\222\265R\006x""; nodePubKey: ""\002\246\346\346\007\2326A*\334\272\022\321\346\247[\222\030\343\261w\244R\r\357}\243\273\253\020\375b6""; closeTime: 803891987; signature: ""0E\002!\000\316\036]\374\202\253\224k\270oO<\3067\345\201\340\207\324\216\303y#\275\352\345Q\031\263yL\331\002 W\234PS\016\360\202\245\230\3524b\260\302;\241\355\206\335\005\260\0223X\n[\267\366\013\206\233\201""; previousledger: ""2\262\253\351\035\214\260\336\037!\340\337w\327\364\353\202\243\240<'Mb\336\312E\233'\345-\035<""; ","proposeSeq: 0; currentTxHash: ""\356x\244\230|(a\310C\253P\236P\231\226~\213h\025\311\025\302\302!% g\222\265R\006x""; nodePubKey: ""\002\246\346\346\007\2326A*\334\272\022\321\346\247[\222\030\343\261w\244R\r\357}\243\273\253\020\375b6""; closeTime: 803891987; signature: ""0E\002!\000\316\036]\374\202\253\224k\270oO<\3067\345\201\340\207\324\216\303y#\275\352\345Q\031\263yL\331\002 W\234PS\016\360\202\245\230\3524b\260\302;\241\355\206\335\005\260\0223X\n[\267\366\013\206\233\201""; previousledger: ""2\262\253\351\035\214\260\336\037!\340\337w\327\364\353\202\243\240<'Mb\336\312E\233'\345-\035<""; "
1750576787242,1750576787242,1881,1,2,1,TMProposeSet,"proposeSeq: 0; currentTxHash: ""\356x\244\230|(a\310C\253P\236P\231\226~\213h\025\311\025\302\302!% g\222\265R\006x""; nodePubKey: ""\002\246\346\346\007\2326A*\334\272\022\321\346\247[\222\030\343\261w\244R\r\357}\243\273\253\020\375b6""; closeTime: 803891987; signature: ""0E\002!\000\316\036]\374\202\253\224k\270oO<\3067\345\201\340\207\324\216\303y#\275\352\345Q\031\263yL\331\002 W\234PS\016\360\202\245\230\3524b\260\302;\241\355\206\335\005\260\0223X\n[\267\366\013\206\233\201""; previousledger: ""2\262\253\351\035\214\260\336\037!\340\337w\327\364\353\202\243\240<'Mb\336\312E\233'\345-\035<""; ","proposeSeq: 0; currentTxHash: ""\356x\244\230|(a\310C\253P\236P\231\226~\213h\025\311\025\302\302!% g\222\265R\006x""; nodePubKey: ""\002\246\346\346\007\2326A*\334\272\022\321\346\247[\222\030\343\261w\244R\r\357}\243\273\253\020\375b6""; closeTime: 803891987; signature: ""0E\002!\000\316\036]\374\202\253\224k\270oO<\3067\345\201\340\207\324\216\303y#\275\352\345Q\031\263yL\331\002 W\234PS\016\360\202\245\230\3524b\260\302;\241\355\206\335\005\260\0223X\n[\267\366\013\206\233\201""; previousledger: ""2\262\253\351\035\214\260\336\037!\340\337w\327\364\353\202\243\240<'Mb\336\312E\233'\345-\035<""; "
1750576787242,1750576787242,1344,1,2,0,TMHaveTransactionSet,"status: tsHAVE; hash: ""\356x\244\230|(a\310C\253P\236P\231\226~\213h\025\311\025\302\302!% g\222\265R\006x""; ","status: tsHAVE; hash: ""\356x\244\230|(a\310C\253P\236P\231\226~\213h\025\311\025\302\302!% g\222\265R\006x""; "
1750576787243,1750576787243,930,1,2,3,TMProposeSet,"proposeSeq: 0; currentTxHash: ""\356x\244\230|(a\310C\253P\236P\231\226~\213h\025\311\025\302\302!% g\222\265R\006x""; nodePubKey: ""\002\246\346\346\007\2326A*\334\272\022\321\346\247[\222\030\343\261w\244R\r\357}\243\273\253\020\375b6""; closeTime: 803891987; signature: ""0E\002!\000\316\036]\374\202\253\224k\270oO<\3067\345\201\340\207\324\216\303y#\275\352\345Q\031\263yL\331\002 W\234PS\016\360\202\245\230\3524b\260\302;\241\355\206\335\005\260\0223X\n[\267\366\013\206\233\201""; previousledger: ""2\262\253\351\035\214\260\336\037!\340\337w\327\364\353\202\243\240<'Mb\336\312E\233'\345-\035<""; ","proposeSeq: 0; currentTxHash: ""\356x\244\230|(a\310C\253P\236P\231\226~\213h\025\311\025\302\302!% g\222\265R\006x""; nodePubKey: ""\002\246\346\346\007\2326A*\334\272\022\321\346\247[\222\030\343\261w\244R\r\357}\243\273\253\020\375b6""; closeTime: 803891987; signature: ""0E\002!\000\316\036]\374\202\253\224k\270oO<\3067\345\201\340\207\324\216\303y#\275\352\345Q\031\263yL\331\002 W\234PS\016\360\202\245\230\3524b\260\302;\241\355\206\335\005\260\0223X\n[\267\366\013\206\233\201""; previousledger: ""2\262\253\351\035\214\260\336\037!\340\337w\327\364\353\202\243\240<'Mb\336\312E\233'\345-\035<""; "
1750576787243,1750576787243,3121,1,2,3,TMHaveTransactionSet,"status: tsHAVE; hash: ""\356x\244\230|(a\310C\253P\236P\231\226~\213h\025\311\025\302\302!% g\222\265R\006x""; ","status: tsHAVE; hash: ""\356x\244\230|(a\310C\253P\236P\231\226~\213h\025\311\025\302\302!% g\222\265R\006x""; "
1750576787267,1750576787267,3411,1,0,1,TMGetLedger,"itype: liTS_CANDIDATE; ledgerHash: ""\336\253\202\231\364(S\023#\206\274X\246\222-\007>\243\252\271\235\330\360\300$$>x\200\3664\373""; nodeIDs: ""\000\000\000\000\000\000\000\000\000\000\000\000\000\000\000\000\000\000\000\000\000\000\000\000\000\000\000\000\000\000\000\000\000""; queryType: qtINDIRECT; queryDepth: 3; ","itype: liTS_CANDIDATE; ledgerHash: ""\336\253\202\231\364(S\023#\206\274X\246\222-\007>\243\252\271\235\330\360\300$$>x\200\3664\373""; nodeIDs: ""\000\000\000\000\000\000\000\000\000\000\000\000\000\000\000\000\000\000\000\000\000\000\000\000\000\000\000\000\000\000\000\000\000""; queryType: qtINDIRECT; queryDepth: 3; "
1750576787274,1750576787274,3625,1,0,2,TMProposeSet,"proposeSeq: 0; currentTxHash: ""\371K:\022He\314\263eC~\177\210\334\177\340\200\002\203\253\204\310\221\371\030\364\002\242\014\367\032\323""; nodePubKey: ""\002i\265d-H\225\336\350\317n\272\016O\317\257\273\327\352\371\231\250\230(\240\353\331\024\207\241\020\304!""; closeTime: 803891986; signature: ""0D\002 8\345y\222|\343\244'F;K#\360\303O=~K\030\340\024\321\374Y\2033\304\334\203\375!\365\002 ~d\260\335ph\353\317S\235\213\r\316\205X\226\256|k\233j\033.\233N\232\257n\337T8\222""; previousledger: ""2\262\253\351\035\214\260\336\037!\340\337w\327\364\353\202\243\240<'Mb\336\312E\233'\345-\035<""; ","proposeSeq: 0; currentTxHash: ""\371K:\022He\314\263eC~\177\210\334\177\340\200\002\203\253\204\310\221\371\030\364\002\242\014\367\032\323""; nodePubKey: ""\002i\265d-H\225\336\350\317n\272\016O\317\257\273\327\352\371\231\250\230(\240\353\331\024\207\241\020\304!""; closeTime: 803891986; signature: ""0D\002 8\345y\222|\343\244'F;K#\360\303O=~K\030\340\024\321\374Y\2033\304\334\203\375!\365\002 ~d\260\335ph\353\317S\235\213\r\316\205X\226\256|k\233j\033.\233N\232\257n\337T8\222""; previousledger: ""2\262\253\351\035\214\260\336\037!\340\337w\327\364\353\202\243\240<'Mb\336\312E\233'\345-\035<""; "
1750576787275,1750576787275,3385,1,0,3,TMProposeSet,"proposeSeq: 0; currentTxHash: ""\371K:\022He\314\263eC~\177\210\334\177\340\200\002\203\253\204\310\221\371\030\364\002\242\014\367\032\323""; nodePubKey: ""\002i\265d-H\225\336\350\317n\272\016O\317\257\273\327\352\371\231\250\230(\240\353\331\024\207\241\020\304!""; closeTime: 803891986; signature: ""0D\002 8\345y\222|\343\244'F;K#\360\303O=~K\030\340\024\321\374Y\2033\304\334\203\375!\365\002 ~d\260\335ph\353\317S\235\213\r\316\205X\226\256|k\233j\033.\233N\232\257n\337T8\222""; previousledger: ""2\262\253\351\035\214\260\336\037!\340\337w\327\364\353\202\243\240<'Mb\336\312E\233'\345-\035<""; ","proposeSeq: 0; currentTxHash: ""\371K:\022He\314\263eC~\177\210\334\177\340\200\002\203\253\204\310\221\371\030\364\002\242\014\367\032\323""; nodePubKey: ""\002i\265d-H\225\336\350\317n\272\016O\317\257\273\327\352\371\231\250\230(\240\353\331\024\207\241\020\304!""; closeTime: 803891986; signature: ""0D\002 8\345y\222|\343\244'F;K#\360\303O=~K\030\340\024\321\374Y\2033\304\334\203\375!\365\002 ~d\260\335ph\353\317S\235\213\r\316\205X\226\256|k\233j\033.\233N\232\257n\337T8\222""; previousledger: ""2\262\253\351\035\214\260\336\037!\340\337w\327\364\353\202\243\240<'Mb\336\312E\233'\345-\035<""; "
1750576787275,1750576787275,465,1,0,1,TMProposeSet,"proposeSeq: 0; currentTxHash: ""\371K:\022He\314\263eC~\177\210\334\177\340\200\002\203\253\204\310\221\371\030\364\002\242\014\367\032\323""; nodePubKey: ""\002i\265d-H\225\336\350\317n\272\016O\317\257\273\327\352\371\231\250\230(\240\353\331\024\207\241\020\304!""; closeTime: 803891986; signature: ""0D\002 8\345y\222|\343\244'F;K#\360\303O=~K\030\340\024\321\374Y\2033\304\334\203\375!\365\002 ~d\260\335ph\353\317S\235\213\r\316\205X\226\256|k\233j\033.\233N\232\257n\337T8\222""; previousledger: ""2\262\253\351\035\214\260\336\037!\340\337w\327\364\353\202\243\240<'Mb\336\312E\233'\345-\035<""; ","proposeSeq: 0; currentTxHash: ""\371K:\022He\314\263eC~\177\210\334\177\340\200\002\203\253\204\310\221\371\030\364\002\242\014\367\032\323""; nodePubKey: ""\002i\265d-H\225\336\350\317n\272\016O\317\257\273\327\352\371\231\250\230(\240\353\331\024\207\241\020\304!""; closeTime: 803891986; signature: ""0D\002 8\345y\222|\343\244'F;K#\360\303O=~K\030\340\024\321\374Y\2033\304\334\203\375!\365\002 ~d\260\335ph\353\317S\235\213\r\316\205X\226\256|k\233j\033.\233N\232\257n\337T8\222""; previousledger: ""2\262\253\351\035\214\260\336\037!\340\337w\327\364\353\202\243\240<'Mb\336\312E\233'\345-\035<""; "
1750576787277,1750576787277,1027,1,2,0,TMValidation,"validation: """"\200\000\000\001&\000\000\000\004)/\352k\021:\225\031\312\0231#ajQ2\262\253\351\035\214\260\336\037!\340\337w\327\364\353\202\243\240<'Mb\336\312E\233'\345-\035<P\027\000\000\000\000\000\000\000\000\000\000\000\000\000\000\000\000\000\000\000\000\000\000\000\000\000\000\000\000\000\000\000\000P\031t\361\032\213\221\243\004\006][\376s\340\253\234K}\\013\0362\202`\234\371~d\0310\204\264,s!\002i\265d-H\225\336\350\317n\272\016O\317\257\273\327\352\371\231\250\230(\240\353\331\024\207\241\020\304!vF0D\002 %v\367z*\301+2B+\t^\364\014\013k\273Ez\002i\003\312K\007 \036n\322\344lq\002 9\324\005E0G\024\220\214Y\355\3215\237\327\234\344\212\362/ \031\356\254\214Xz\213\333\0034\321""; ","validation: """"\200\000\000\001&\000\000\000\004)/\352k\021:\225\031\312\0231#ajQ2\262\253\351\035\214\260\336\037!\340\337w\327\364\353\202\243\240<'Mb\336\312E\233'\345-\035<P\027\000\000\000\000\000\000\000\000\000\000\000\000\000\000\000\000\000\000\000\000\000\000\000\000\000\000\000\000\000\000\000\000P\031t\361\032\213\221\243\004\006][\376s\340\253\234K}\\013\0362\202`\234\371~d\0310\204\264,s!\002i\265d-H\225\336\350\317n\272\016O\317\257\273\327\352\371\231\250\230(\240\353\331\024\207\241\020\304!vF0D\002 %v\367z*\301+2B+\t^\364\014\013k\273Ez\002i\003\312K\007 \036n\322\344lq\002 9\324\005E0G\024\220\214Y\355\3215\237\327\234\344\212\362/ \031\356\254\214Xz\213\333\0034\321""; "
1750576787278,1750576787278,1713,1,2,3,TMValidation,"validation: """"\200\000\000\001&\000\000\000\004)/\352k\021:\225\031\312\0231#ajQ2\262\253\351\035\214\260\336\037!\340\337w\327\364\353\202\243\240<'Mb\336\312E\233'\345-\035<P\027\000\000\000\000\000\000\000\000\000\000\000\000\000\000\000\000\000\000\000\000\000\000\000\000\000\000\000\000\000\000\000\000P\031t\361\032\213\221\243\004\006][\376s\340\253\234K}\\013\0362\202`\234\371~d\0310\204\264,s!\002i\265d-H\225\336\350\317n\272\016O\317\257\273\327\352\371\231\250\230(\240\353\331\024\207\241\020\304!vF0D\002 %v\367z*\301+2B+\t^\364\014\013k\273Ez\002i\003\312K\007 \036n\322\344lq\002 9\324\005E0G\024\220\214Y\355\3215\237\327\234\344\212\362/ \031\356\254\214Xz\213\333\0034\321""; ","validation: """"\200\000\000\001&\000\000\000\004)/\352k\021:\225\031\312\0231#ajQ2\262\253\351\035\214\260\336\037!\340\337w\327\364\353\202\243\240<'Mb\336\312E\233'\345-\035<P\027\000\000\000\000\000\000\000\000\000\000\000\000\000\000\000\000\000\000\000\000\000\000\000\000\000\000\000\000\000\000\000\000P\031t\361\032\213\221\243\004\006][\376s\340\253\234K}\\013\0362\202`\234\371~d\0310\204\264,s!\002i\265d-H\225\336\350\317n\272\016O\317\257\273\327\352\371\231\250\230(\240\353\331\024\207\241\020\304!vF0D\002 %v\367z*\301+2B+\t^\364\014\013k\273Ez\002i\003\312K\007 \036n\322\344lq\002 9\324\005E0G\024\220\214Y\355\3215\237\327\234\344\212\362/ \031\356\254\214Xz\213\333\0034\321""; "
1750576787282,1750576787283,505,1,2,4,TMProposeSet,"proposeSeq: 0; currentTxHash: ""\356x\244\230|(a\310C\253P\236P\231\226~\213h\025\311\025\302\302!% g\222\265R\006x""; nodePubKey: ""\002\246\346\346\007\2326A*\334\272\022\321\346\247[\222\030\343\261w\244R\r\357}\243\273\253\020\375b6""; closeTime: 803891987; signature: ""0E\002!\000\316\036]\374\202\253\224k\270oO<\3067\345\201\340\207\324\216\303y#\275\352\345Q\031\263yL\331\002 W\234PS\016\360\202\245\230\3524b\260\302;\241\355\206\335\005\260\0223X\n[\267\366\013\206\233\201""; previousledger: ""2\262\253\351\035\214\260\336\037!\340\337w\327\364\353\202\243\240<'Mb\336\312E\233'\345-\035<""; ","proposeSeq: 0; currentTxHash: ""\356x\244\230|(a\310C\253P\236P\231\226~\213h\025\311\025\302\302!% g\222\265R\006x""; nodePubKey: ""\002\246\346\346\007\2326A*\334\272\022\321\346\247[\222\030\343\261w\244R\r\357}\243\273\253\020\375b6""; closeTime: 803891987; signature: ""0E\002!\000\316\036]\374\202\253\224k\270oO<\3067\345\201\340\207\324\216\303y#\275\352\345Q\031\263yL\331\002 W\234PS\016\360\202\245\230\3524b\260\302;\241\355\206\335\005\260\0223X\n[\267\366\013\206\233\201""; previousledger: ""2\262\253\351\035\214\260\336\037!\340\337w\327\364\353\202\243\240<'Mb\336\312E\233'\345-\035<""; "
1750576787283,1750576787283,2302,1,2,4,TMHaveTransactionSet,"status: tsHAVE; hash: ""\356x\244\230|(a\310C\253P\236P\231\226~\213h\025\311\025\302\302!% g\222\265R\006x""; ","status: tsHAVE; hash: ""\356x\244\230|(a\310C\253P\236P\231\226~\213h\025\311\025\302\302!% g\222\265R\006x""; "
1750576787283,1750576787283,185,1,2,4,TMValidation,"validation: """"\200\000\000\001&\000\000\000\004)/\352k\021:\225\031\312\0231#ajQ2\262\253\351\035\214\260\336\037!\340\337w\327\364\353\202\243\240<'Mb\336\312E\233'\345-\035<P\027\000\000\000\000\000\000\000\000\000\000\000\000\000\000\000\000\000\000\000\000\000\000\000\000\000\000\000\000\000\000\000\000P\031t\361\032\213\221\243\004\006][\376s\340\253\234K}\\013\0362\202`\234\371~d\0310\204\264,s!\002i\265d-H\225\336\350\317n\272\016O\317\257\273\327\352\371\231\250\230(\240\353\331\024\207\241\020\304!vF0D\002 %v\367z*\301+2B+\t^\364\014\013k\273Ez\002i\003\312K\007 \036n\322\344lq\002 9\324\005E0G\024\220\214Y\355\3215\237\327\234\344\212\362/ \031\356\254\214Xz\213\333\0034\321""; ","validation: """"\200\000\000\001&\000\000\000\004)/\352k\021:\225\031\312\0231#ajQ2\262\253\351\035\214\260\336\037!\340\337w\327\364\353\202\243\240<'Mb\336\312E\233'\345-\035<P\027\000\000\000\000\000\000\000\000\000\000\000\000\000\000\000\000\000\000\000\000\000\000\000\000\000\000\000\000\000\000\000\000P\031t\361\032\213\221\243\004\006][\376s\340\253\234K}\\013\0362\202`\234\371~d\0310\204\264,s!\002i\265d-H\225\336\350\317n\272\016O\317\257\273\327\352\371\231\250\230(\240\353\331\024\207\241\020\304!vF0D\002 %v\367z*\301+2B+\t^\364\014\013k\273Ez\002i\003\312K\007 \036n\322\344lq\002 9\324\005E0G\024\220\214Y\355\3215\237\327\234\344\212\362/ \031\356\254\214Xz\213\333\0034\321""; "
1750576787284,1750576787284,1064,1,4,2,TMTransaction,"rawTransaction: ""\022\000\000""\000\000\000\000$\000\000\000\003 \033\000\000\000\027a@\000\000\027H\206*@h@\000\000\000\000\000\000\ns!\0030\347\374\235V\273%\326\211;\243\363\027\256[\3173\263)\033\326=\263&T\243\023""/\177\320 tF0D\002 F?5j\240&c\234r\205{%\3608\016\273\244\270\264\364,5N)JW\366X\270\022\2407\002 \005\372\2618R\335py\322,%\323]\361y\350\240\326x7\232}\275\254J\321K$\304\322D\262\201\024\265\367by\212S\325C\240\024\312\370\262\227\317\370\362\3717\350\203\024\033X\247\021T!\3235\270\274R\235\240\3362w\273T?$""; status: tsCURRENT; receiveTimestamp: 803891987; deferred: false; ","rawTransaction: ""\022\000\000""\000\000\000\000$\000\000\000\003 \033\000\000\000\027a@\000\000\027H\206*@h@\000\000\000\000\000\000\ns!\0030\347\374\235V\273%\326\211;\243\363\027\256[\3173\263)\033\326=\263&T\243\023""/\177\320 tF0D\002 F?5j\240&c\234r\205{%\3608\016\273\244\270\264\364,5N)JW\366X\270\022\2407\002 \005\372\2618R\335py\322,%\323]\361y\350\240\326x7\232}\275\254J\321K$\304\322D\262\201\024\265\367by\212S\325C\240\024\312\370\262\227\317\370\362\3717\350\203\024\033X\247\021T!\3235\270\274R\235\240\3362w\273T?$""; status: tsCURRENT; receiveTimestamp: 803891987; deferred: false; "
1750576787285,1750576787285,964,1,4,1,TMTransaction,"rawTransaction: ""\022\000\000""\000\000\000\000$\000\000\000\003 \033\000\000\000\027a@\000\000\027H\206*@h@\000\000\000\000\000\000\ns!\0030\347\374\235V\273%\326\211;\243\363\027\256[\3173\263)\033\326=\263&T\243\023""/\177\320 tF0D\002 F?5j\240&c\234r\205{%\3608\016\273\244\270\264\364,5N)JW\366X\270\022\2407\002 \005\372\2618R\335py\322,%\323]\361y\350\240\326x7\232}\275\254J\321K$\304\322D\262\201\024\265\367by\212S\325C\240\024\312\370\262\227\317\370\362\3717\350\203\024\033X\247\021T!\3235\270\274R\235\240\3362w\273T?$""; status: tsCURRENT; receiveTimestamp: 803891987; deferred: false; ","rawTransaction: ""\022\000\000""\000\000\000\000$\000\000\000\003 \033\000\000\000\027a@\000\000\027H\206*@h@\000\000\000\000\000\000\ns!\0030\347\374\235V\273%\326\211;\243\363\027\256[\3173\263)\033\326=\263&T\243\023""/\177\320 tF0D\002 F?5j\240&c\234r\205{%\3608\016\273\244\270\264\364,5N)JW\366X\270\022\2407\002 \005\372\2618R\335py\322,%\323]\361y\350\240\326x7\232}\275\254J\321K$\304\322D\262\201\024\265\367by\212S\325C\240\024\312\370\262\227\317\370\362\3717\350\203\024\033X\247\021T!\3235\270\274R\235\240\3362w\273T?$""; status: tsCURRENT; receiveTimestamp: 803891987; deferred: false; "
1750576787284,1750576787286,1339,1,4,0,TMTransaction,"rawTransaction: ""\022\000\000""\000\000\000\000$\000\000\000\003 \033\000\000\000\027a@\000\000\027H\206*@h@\000\000\000\000\000\000\ns!\0030\347\374\235V\273%\326\211;\243\363\027\256[\3173\263)\033\326=\263&T\243\023""/\177\320 tF0D\002 F?5j\240&c\234r\205{%\3608\016\273\244\270\264\364,5N)JW\366X\270\022\2407\002 \005\372\2618R\335py\322,%\323]\361y\350\240\326x7\232}\275\254J\321K$\304\322D\262\201\024\265\367by\212S\325C\240\024\312\370\262\227\317\370\362\3717\350\203\024\033X\247\021T!\3235\270\274R\235\240\3362w\273T?$""; status: tsCURRENT; receiveTimestamp: 803891987; deferred: false; ","rawTransaction: ""\022\000\000""\000\000\000\000$\000\000\000\003 \033\000\000\000\027a@\000\000\027H\206*@h@\000\000\000\000\000\000\ns!\0030\347\374\235V\273%\326\211;\243\363\027\256[\3173\263)\033\326=\263&T\243\023""/\177\320 tF0D\002 F?5j\240&c\234r\205{%\3608\016\273\244\270\264\364,5N)JW\366X\270\022\2407\002 \005\372\2618R\335py\322,%\323]\361y\350\240\326x7\232}\275\254J\321K$\304\322D\262\201\024\265\367by\212S\325C\240\024\312\370\262\227\317\370\362\3717\350\203\024\033X\247\021T!\3235\270\274R\235\240\3362w\273T?$""; status: tsCURRENT; receiveTimestamp: 803891987; deferred: false; "
1750576787239,1750576787301,2143,1,2,4,TMStatusChange,"newEvent: neCLOSING_LEDGER; ledgerSeq: 4; ledgerHash: ""2\262\253\351\035\214\260\336\037!\340\337w\327\364\353\202\243\240<'Mb\336\312E\233'\345-\035<""; ledgerHashPrevious: ""t\361\032\213\221\243\004\006][\376s\340\253\234K}\\013\0362\202`\234\371~d\0310\204\264,""; networkTime: 803891987; firstSeq: 1; lastSeq: 4; ","newEvent: neCLOSING_LEDGER; ledgerSeq: 4; ledgerHash: ""2\262\253\351\035\214\260\336\037!\340\337w\327\364\353\202\243\240<'Mb\336\312E\233'\345-\035<""; ledgerHashPrevious: ""t\361\032\213\221\243\004\006][\376s\340\253\234K}\\013\0362\202`\234\371~d\0310\204\264,""; networkTime: 803891987; firstSeq: 1; lastSeq: 4; "
1750576787243,1750576787302,2951,1,2,0,TMStatusChange,"newEvent: neCLOSING_LEDGER; ledgerSeq: 4; ledgerHash: ""2\262\253\351\035\214\260\336\037!\340\337w\327\364\353\202\243\240<'Mb\336\312E\233'\345-\035<""; ledgerHashPrevious: ""t\361\032\213\221\243\004\006][\376s\340\253\234K}\\013\0362\202`\234\371~d\0310\204\264,""; networkTime: 803891987; firstSeq: 1; lastSeq: 4; ","newEvent: neCLOSING_LEDGER; ledgerSeq: 4; ledgerHash: ""2\262\253\351\035\214\260\336\037!\340\337w\327\364\353\202\243\240<'Mb\336\312E\233'\345-\035<""; ledgerHashPrevious: ""t\361\032\213\221\243\004\006][\376s\340\253\234K}\\013\0362\202`\234\371~d\0310\204\264,""; networkTime: 803891987; firstSeq: 1; lastSeq: 4; "
1750576787243,1750576787302,716,1,2,3,TMStatusChange,"newEvent: neCLOSING_LEDGER; ledgerSeq: 4; ledgerHash: ""2\262\253\351\035\214\260\336\037!\340\337w\327\364\353\202\243\240<'Mb\336\312E\233'\345-\035<""; ledgerHashPrevious: ""t\361\032\213\221\243\004\006][\376s\340\253\234K}\\013\0362\202`\234\371~d\0310\204\264,""; networkTime: 803891987; firstSeq: 1; lastSeq: 4; ","newEvent: neCLOSING_LEDGER; ledgerSeq: 4; ledgerHash: ""2\262\253\351\035\214\260\336\037!\340\337w\327\364\353\202\243\240<'Mb\336\312E\233'\345-\035<""; ledgerHashPrevious: ""t\361\032\213\221\243\004\006][\376s\340\253\234K}\\013\0362\202`\234\371~d\0310\204\264,""; networkTime: 803891987; firstSeq: 1; lastSeq: 4; "
1750576787239,1750576787301,1575,1,2,1,TMStatusChange,"newEvent: neCLOSING_LEDGER; ledgerSeq: 4; ledgerHash: ""2\262\253\351\035\214\260\336\037!\340\337w\327\364\353\202\243\240<'Mb\336\312E\233'\345-\035<""; ledgerHashPrevious: ""t\361\032\213\221\243\004\006][\376s\340\253\234K}\\013\0362\202`\234\371~d\0310\204\264,""; networkTime: 803891987; firstSeq: 1; lastSeq: 4; ","newEvent: neCLOSING_LEDGER; ledgerSeq: 4; ledgerHash: ""2\262\253\351\035\214\260\336\037!\340\337w\327\364\353\202\243\240<'Mb\336\312E\233'\345-\035<""; ledgerHashPrevious: ""t\361\032\213\221\243\004\006][\376s\340\253\234K}\\013\0362\202`\234\371~d\0310\204\264,""; networkTime: 803891987; firstSeq: 1; lastSeq: 4; "
1750576787319,1750576787319,400,1,0,4,TMProposeSet,"proposeSeq: 0; currentTxHash: ""\336\253\202\231\364(S\023#\206\274X\246\222-\007>\243\252\271\235\330\360\300$$>x\200\3664\373""; nodePubKey: ""\003\031\332\276_\315\363\210\315\246\030F\330\251\017g\263\037\257\332\007 \253\203\233\205\365\344\036\245\374\253\323""; closeTime: 803891986; signature: ""0E\002!\000\261qJ\234*\303\212lq\337DY\300\033y\006\212\301f\357\324\373s\373Z].\032\3734\373\331\002 l\345\246\376I$\340\331\216\240\201\177\253\346\240\212\241\364G.\313\341\263;$\252\315\332\247\202&\355""; previousledger: ""2\262\253\351\035\214\260\336\037!\340\337w\327\364\353\202\243\240<'Mb\336\312E\233'\345-\035<""; ","proposeSeq: 0; currentTxHash: ""\336\253\202\231\364(S\023#\206\274X\246\222-\007>\243\252\271\235\330\360\300$$>x\200\3664\373""; nodePubKey: ""\003\031\332\276_\315\363\210\315\246\030F\330\251\017g\263\037\257\332\007 \253\203\233\205\365\344\036\245\374\253\323""; closeTime: 803891986; signature: ""0E\002!\000\261qJ\234*\303\212lq\337DY\300\033y\006\212\301f\357\324\373s\373Z].\032\3734\373\331\002 l\345\246\376I$\340\331\216\240\201\177\253\346\240\212\241\364G.\313\341\263;$\252\315\332\247\202&\355""; previousledger: ""2\262\253\351\035\214\260\336\037!\340\337w\327\364\353\202\243\240<'Mb\336\312E\233'\345-\035<""; "
1750576787319,1750576787319,3625,1,0,2,TMProposeSet,"proposeSeq: 0; currentTxHash: ""\336\253\202\231\364(S\023#\206\274X\246\222-\007>\243\252\271\235\330\360\300$$>x\200\3664\373""; nodePubKey: ""\003\031\332\276_\315\363\210\315\246\030F\330\251\017g\263\037\257\332\007 \253\203\233\205\365\344\036\245\374\253\323""; closeTime: 803891986; signature: ""0E\002!\000\261qJ\234*\303\212lq\337DY\300\033y\006\212\301f\357\324\373s\373Z].\032\3734\373\331\002 l\345\246\376I$\340\331\216\240\201\177\253\346\240\212\241\364G.\313\341\263;$\252\315\332\247\202&\355""; previousledger: ""2\262\253\351\035\214\260\336\037!\340\337w\327\364\353\202\243\240<'Mb\336\312E\233'\345-\035<""; ","proposeSeq: 0; currentTxHash: ""\336\253\202\231\364(S\023#\206\274X\246\222-\007>\243\252\271\235\330\360\300$$>x\200\3664\373""; nodePubKey: ""\003\031\332\276_\315\363\210\315\246\030F\330\251\017g\263\037\257\332\007 \253\203\233\205\365\344\036\245\374\253\323""; closeTime: 803891986; signature: ""0E\002!\000\261qJ\234*\303\212lq\337DY\300\033y\006\212\301f\357\324\373s\373Z].\032\3734\373\331\002 l\345\246\376I$\340\331\216\240\201\177\253\346\240\212\241\364G.\313\341\263;$\252\315\332\247\202&\355""; previousledger: ""2\262\253\351\035\214\260\336\037!\340\337w\327\364\353\202\243\240<'Mb\336\312E\233'\345-\035<""; "
1750576787319,1750576787319,465,1,0,1,TMProposeSet,"proposeSeq: 0; currentTxHash: ""\336\253\202\231\364(S\023#\206\274X\246\222-\007>\243\252\271\235\330\360\300$$>x\200\3664\373""; nodePubKey: ""\003\031\332\276_\315\363\210\315\246\030F\330\251\017g\263\037\257\332\007 \253\203\233\205\365\344\036\245\374\253\323""; closeTime: 803891986; signature: ""0E\002!\000\261qJ\234*\303\212lq\337DY\300\033y\006\212\301f\357\324\373s\373Z].\032\3734\373\331\002 l\345\246\376I$\340\331\216\240\201\177\253\346\240\212\241\364G.\313\341\263;$\252\315\332\247\202&\355""; previousledger: ""2\262\253\351\035\214\260\336\037!\340\337w\327\364\353\202\243\240<'Mb\336\312E\233'\345-\035<""; ","proposeSeq: 0; currentTxHash: ""\336\253\202\231\364(S\023#\206\274X\246\222-\007>\243\252\271\235\330\360\300$$>x\200\3664\373""; nodePubKey: ""\003\031\332\276_\315\363\210\315\246\030F\330\251\017g\263\037\257\332\007 \253\203\233\205\365\344\036\245\374\253\323""; closeTime: 803891986; signature: ""0E\002!\000\261qJ\234*\303\212lq\337DY\300\033y\006\212\301f\357\324\373s\373Z].\032\3734\373\331\002 l\345\246\376I$\340\331\216\240\201\177\253\346\240\212\241\364G.\313\341\263;$\252\315\332\247\202&\355""; previousledger: ""2\262\253\351\035\214\260\336\037!\340\337w\327\364\353\202\243\240<'Mb\336\312E\233'\345-\035<""; "
1750576787420,1750576787421,1483,1,4,1,TMGetLedger,"itype: liTS_CANDIDATE; ledgerHash: ""\336\253\202\231\364(S\023#\206\274X\246\222-\007>\243\252\271\235\330\360\300$$>x\200\3664\373""; nodeIDs: ""\000\000\000\000\000\000\000\000\000\000\000\000\000\000\000\000\000\000\000\000\000\000\000\000\000\000\000\000\000\000\000\000\000""; queryType: qtINDIRECT; queryDepth: 3; ","itype: liTS_CANDIDATE; ledgerHash: ""\336\253\202\231\364(S\023#\206\274X\246\222-\007>\243\252\271\235\330\360\300$$>x\200\3664\373""; nodeIDs: ""\000\000\000\000\000\000\000\000\000\000\000\000\000\000\000\000\000\000\000\000\000\000\000\000\000\000\000\000\000\000\000\000\000""; queryType: qtINDIRECT; queryDepth: 3; "
1750576787486,1750576787486,1407,1,3,1,TMGetLedger,"itype: liTS_CANDIDATE; ledgerHash: ""\371K:\022He\314\263eC~\177\210\334\177\340\200\002\203\253\204\310\221\371\030\364\002\242\014\367\032\323""; nodeIDs: ""\000\000\000\000\000\000\000\000\000\000\000\000\000\000\000\000\000\000\000\000\000\000\000\000\000\000\000\000\000\000\000\000\000""; queryType: qtINDIRECT; queryDepth: 3; ","itype: liTS_CANDIDATE; ledgerHash: ""\371K:\022He\314\263eC~\177\210\334\177\340\200\002\203\253\204\310\221\371\030\364\002\242\014\367\032\323""; nodeIDs: ""\000\000\000\000\000\000\000\000\000\000\000\000\000\000\000\000\000\000\000\000\000\000\000\000\000\000\000\000\000\000\000\000\000""; queryType: qtINDIRECT; queryDepth: 3; "
1750576787648,1750576787648,301,1,1,2,TMGetLedger,"itype: liTS_CANDIDATE; ledgerHash: ""\371K:\022He\314\263eC~\177\210\334\177\340\200\002\203\253\204\310\221\371\030\364\002\242\014\367\032\323""; nodeIDs: ""\000\000\000\000\000\000\000\000\000\000\000\000\000\000\000\000\000\000\000\000\000\000\000\000\000\000\000\000\000\000\000\000\000""; queryType: qtINDIRECT; queryDepth: 3; ","itype: liTS_CANDIDATE; ledgerHash: ""\371K:\022He\314\263eC~\177\210\334\177\340\200\002\203\253\204\310\221\371\030\364\002\242\014\367\032\323""; nodeIDs: ""\000\000\000\000\000\000\000\000\000\000\000\000\000\000\000\000\000\000\000\000\000\000\000\000\000\000\000\000\000\000\000\000\000""; queryType: qtINDIRECT; queryDepth: 3; "
1750576787649,1750576787649,1534,1,1,0,TMGetLedger,"itype: liTS_CANDIDATE; ledgerHash: ""\371K:\022He\314\263eC~\177\210\334\177\340\200\002\203\253\204\310\221\371\030\364\002\242\014\367\032\323""; nodeIDs: ""\000\000\000\000\000\000\000\000\000\000\000\000\000\000\000\000\000\000\000\000\000\000\000\000\000\000\000\000\000\000\000\000\000""; queryType: qtINDIRECT; queryDepth: 3; ","itype: liTS_CANDIDATE; ledgerHash: ""\371K:\022He\314\263eC~\177\210\334\177\340\200\002\203\253\204\310\221\371\030\364\002\242\014\367\032\323""; nodeIDs: ""\000\000\000\000\000\000\000\000\000\000\000\000\000\000\000\000\000\000\000\000\000\000\000\000\000\000\000\000\000\000\000\000\000""; queryType: qtINDIRECT; queryDepth: 3; "
1750576787649,1750576787649,2434,1,1,4,TMGetLedger,"itype: liTS_CANDIDATE; ledgerHash: ""\371K:\022He\314\263eC~\177\210\334\177\340\200\002\203\253\204\310\221\371\030\364\002\242\014\367\032\323""; nodeIDs: ""\000\000\000\000\000\000\000\000\000\000\000\000\000\000\000\000\000\000\000\000\000\000\000\000\000\000\000\000\000\000\000\000\000""; queryType: qtINDIRECT; queryDepth: 3; ","itype: liTS_CANDIDATE; ledgerHash: ""\371K:\022He\314\263eC~\177\210\334\177\340\200\002\203\253\204\310\221\371\030\364\002\242\014\367\032\323""; nodeIDs: ""\000\000\000\000\000\000\000\000\000\000\000\000\000\000\000\000\000\000\000\000\000\000\000\000\000\000\000\000\000\000\000\000\000""; queryType: qtINDIRECT; queryDepth: 3; "
1750576787650,1750576787650,643,1,1,3,TMGetLedger,"itype: liTS_CANDIDATE; ledgerHash: ""\371K:\022He\314\263eC~\177\210\334\177\340\200\002\203\253\204\310\221\371\030\364\002\242\014\367\032\323""; nodeIDs: ""\000\000\000\000\000\000\000\000\000\000\000\000\000\000\000\000\000\000\000\000\000\000\000\000\000\000\000\000\000\000\000\000\000""; queryType: qtINDIRECT; queryDepth: 3; ","itype: liTS_CANDIDATE; ledgerHash: ""\371K:\022He\314\263eC~\177\210\334\177\340\200\002\203\253\204\310\221\371\030\364\002\242\014\367\032\323""; nodeIDs: ""\000\000\000\000\000\000\000\000\000\000\000\000\000\000\000\000\000\000\000\000\000\000\000\000\000\000\000\000\000\000\000\000\000""; queryType: qtINDIRECT; queryDepth: 3; "
1750576787671,1750576787671,2753,1,4,0,TMGetLedger,"itype: liTS_CANDIDATE; ledgerHash: ""\336\253\202\231\364(S\023#\206\274X\246\222-\007>\243\252\271\235\330\360\300$$>x\200\3664\373""; nodeIDs: ""\000\000\000\000\000\000\000\000\000\000\000\000\000\000\000\000\000\000\000\000\000\000\000\000\000\000\000\000\000\000\000\000\000""; queryType: qtINDIRECT; queryDepth: 3; ","itype: liTS_CANDIDATE; ledgerHash: ""\336\253\202\231\364(S\023#\206\274X\246\222-\007>\243\252\271\235\330\360\300$$>x\200\3664\373""; nodeIDs: ""\000\000\000\000\000\000\000\000\000\000\000\000\000\000\000\000\000\000\000\000\000\000\000\000\000\000\000\000\000\000\000\000\000""; queryType: qtINDIRECT; queryDepth: 3; "
1750576787687,1750576787689,1621,1,2,4,TMTransaction,"rawTransaction: ""\022\000\000""\000\000\000\000$\000\000\000\003 \033\000\000\000\027a@\000\000\027H\206*@h@\000\000\000\000\000\000\ns!\0030\347\374\235V\273%\326\211;\243\363\027\256[\3173\263)\033\326=\263&T\243\023""/\177\320 tF0D\002 F?5j\240&c\234r\205{%\3608\016\273\244\270\264\364,5N)JW\366X\270\022\2407\002 \005\372\2618R\335py\322,%\323]\361y\350\240\326x7\232}\275\254J\321K$\304\322D\262\201\024\265\367by\212S\325C\240\024\312\370\262\227\317\370\362\3717\350\203\024\033X\247\021T!\3235\270\274R\235\240\3362w\273T?$""; status: tsCURRENT; receiveTimestamp: 803891987; deferred: false; ","rawTransaction: ""\022\000\000""\000\000\000\000$\000\000\000\003 \033\000\000\000\027a@\000\000\027H\206*@h@\000\000\000\000\000\000\ns!\0030\347\374\235V\273%\326\211;\243\363\027\256[\3173\263)\033\326=\263&T\243\023""/\177\320 tF0D\002 F?5j\240&c\234r\205{%\3608\016\273\244\270\264\364,5N)JW\366X\270\022\2407\002 \005\372\2618R\335py\322,%\323]\361y\350\240\326x7\232}\275\254J\321K$\304\322D\262\201\024\265\367by\212S\325C\240\024\312\370\262\227\317\370\362\3717\350\203\024\033X\247\021T!\3235\270\274R\235\240\3362w\273T?$""; status: tsCURRENT; receiveTimestamp: 803891987; deferred: false; "
1750576787688,1750576787689,857,1,2,0,TMTransaction,"rawTransaction: ""\022\000\000""\000\000\000\000$\000\000\000\003 \033\000\000\000\027a@\000\000\027H\206*@h@\000\000\000\000\000\000\ns!\0030\347\374\235V\273%\326\211;\243\363\027\256[\3173\263)\033\326=\263&T\243\023""/\177\320 tF0D\002 F?5j\240&c\234r\205{%\3608\016\273\244\270\264\364,5N)JW\366X\270\022\2407\002 \005\372\2618R\335py\322,%\323]\361y\350\240\326x7\232}\275\254J\321K$\304\322D\262\201\024\265\367by\212S\325C\240\024\312\370\262\227\317\370\362\3717\350\203\024\033X\247\021T!\3235\270\274R\235\240\3362w\273T?$""; status: tsCURRENT; receiveTimestamp: 803891987; deferred: false; ","rawTransaction: ""\022\000\000""\000\000\000\000$\000\000\000\003 \033\000\000\000\027a@\000\000\027H\206*@h@\000\000\000\000\000\000\ns!\0030\347\374\235V\273%\326\211;\243\363\027\256[\3173\263)\033\326=\263&T\243\023""/\177\320 tF0D\002 F?5j\240&c\234r\205{%\3608\016\273\244\270\264\364,5N)JW\366X\270\022\2407\002 \005\372\2618R\335py\322,%\323]\361y\350\240\326x7\232}\275\254J\321K$\304\322D\262\201\024\265\367by\212S\325C\240\024\312\370\262\227\317\370\362\3717\350\203\024\033X\247\021T!\3235\270\274R\235\240\3362w\273T?$""; status: tsCURRENT; receiveTimestamp: 803891987; deferred: false; "
1750576787688,1750576787690,3696,1,2,3,TMTransaction,"rawTransaction: ""\022\000\000""\000\000\000\000$\000\000\000\003 \033\000\000\000\027a@\000\000\027H\206*@h@\000\000\000\000\000\000\ns!\0030\347\374\235V\273%\326\211;\243\363\027\256[\3173\263)\033\326=\263&T\243\023""/\177\320 tF0D\002 F?5j\240&c\234r\205{%\3608\016\273\244\270\264\364,5N)JW\366X\270\022\2407\002 \005\372\2618R\335py\322,%\323]\361y\350\240\326x7\232}\275\254J\321K$\304\322D\262\201\024\265\367by\212S\325C\240\024\312\370\262\227\317\370\362\3717\350\203\024\033X\247\021T!\3235\270\274R\235\240\3362w\273T?$""; status: tsCURRENT; receiveTimestamp: 803891987; deferred: false; ","rawTransaction: ""\022\000\000""\000\000\000\000$\000\000\000\003 \033\000\000\000\027a@\000\000\027H\206*@h@\000\000\000\000\000\000\ns!\0030\347\374\235V\273%\326\211;\243\363\027\256[\3173\263)\033\326=\263&T\243\023""/\177\320 tF0D\002 F?5j\240&c\234r\205{%\3608\016\273\244\270\264\364,5N)JW\366X\270\022\2407\002 \005\372\2618R\335py\322,%\323]\361y\350\240\326x7\232}\275\254J\321K$\304\322D\262\201\024\265\367by\212S\325C\240\024\312\370\262\227\317\370\362\3717\350\203\024\033X\247\021T!\3235\270\274R\235\240\3362w\273T?$""; status: tsCURRENT; receiveTimestamp: 803891987; deferred: false; "
1750576787703,1750576787704,2300,1,1,2,TMProposeSet,"proposeSeq: 0; currentTxHash: ""\371K:\022He\314\263eC~\177\210\334\177\340\200\002\203\253\204\310\221\371\030\364\002\242\014\367\032\323""; nodePubKey: ""\002i\265d-H\225\336\350\317n\272\016O\317\257\273\327\352\371\231\250\230(\240\353\331\024\207\241\020\304!""; closeTime: 803891986; signature: ""0D\002 8\345y\222|\343\244'F;K#\360\303O=~K\030\340\024\321\374Y\2033\304\334\203\375!\365\002 ~d\260\335ph\353\317S\235\213\r\316\205X\226\256|k\233j\033.\233N\232\257n\337T8\222""; previousledger: ""2\262\253\351\035\214\260\336\037!\340\337w\327\364\353\202\243\240<'Mb\336\312E\233'\345-\035<""; ","proposeSeq: 0; currentTxHash: ""\371K:\022He\314\263eC~\177\210\334\177\340\200\002\203\253\204\310\221\371\030\364\002\242\014\367\032\323""; nodePubKey: ""\002i\265d-H\225\336\350\317n\272\016O\317\257\273\327\352\371\231\250\230(\240\353\331\024\207\241\020\304!""; closeTime: 803891986; signature: ""0D\002 8\345y\222|\343\244'F;K#\360\303O=~K\030\340\024\321\374Y\2033\304\334\203\375!\365\002 ~d\260\335ph\353\317S\235\213\r\316\205X\226\256|k\233j\033.\233N\232\257n\337T8\222""; previousledger: ""2\262\253\351\035\214\260\336\037!\340\337w\327\364\353\202\243\240<'Mb\336\312E\233'\345-\035<""; "
1750576787705,1750576787705,334,1,1,3,TMProposeSet,"proposeSeq: 0; currentTxHash: ""\371K:\022He\314\263eC~\177\210\334\177\340\200\002\203\253\204\310\221\371\030\364\002\242\014\367\032\323""; nodePubKey: ""\002i\265d-H\225\336\350\317n\272\016O\317\257\273\327\352\371\231\250\230(\240\353\331\024\207\241\020\304!""; closeTime: 803891986; signature: ""0D\002 8\345y\222|\343\244'F;K#\360\303O=~K\030\340\024\321\374Y\2033\304\334\203\375!\365\002 ~d\260\335ph\353\317S\235\213\r\316\205X\226\256|k\233j\033.\233N\232\257n\337T8\222""; previousledger: ""2\262\253\351\035\214\260\336\037!\340\337w\327\364\353\202\243\240<'Mb\336\312E\233'\345-\035<""; ","proposeSeq: 0; currentTxHash: ""\371K:\022He\314\263eC~\177\210\334\177\340\200\002\203\253\204\310\221\371\030\364\002\242\014\367\032\323""; nodePubKey: ""\002i\265d-H\225\336\350\317n\272\016O\317\257\273\327\352\371\231\250\230(\240\353\331\024\207\241\020\304!""; closeTime: 803891986; signature: ""0D\002 8\345y\222|\343\244'F;K#\360\303O=~K\030\340\024\321\374Y\2033\304\334\203\375!\365\002 ~d\260\335ph\353\317S\235\213\r\316\205X\226\256|k\233j\033.\233N\232\257n\337T8\222""; previousledger: ""2\262\253\351\035\214\260\336\037!\340\337w\327\364\353\202\243\240<'Mb\336\312E\233'\345-\035<""; "
1750576787704,1750576787704,2840,1,1,0,TMProposeSet,"proposeSeq: 0; currentTxHash: ""\371K:\022He\314\263eC~\177\210\334\177\340\200\002\203\253\204\310\221\371\030\364\002\242\014\367\032\323""; nodePubKey: ""\002i\265d-H\225\336\350\317n\272\016O\317\257\273\327\352\371\231\250\230(\240\353\331\024\207\241\020\304!""; closeTime: 803891986; signature: ""0D\002 8\345y\222|\343\244'F;K#\360\303O=~K\030\340\024\321\374Y\2033\304\334\203\375!\365\002 ~d\260\335ph\353\317S\235\213\r\316\205X\226\256|k\233j\033.\233N\232\257n\337T8\222""; previousledger: ""2\262\253\351\035\214\260\336\037!\340\337w\327\364\353\202\243\240<'Mb\336\312E\233'\345-\035<""; ","proposeSeq: 0; currentTxHash: ""\371K:\022He\314\263eC~\177\210\334\177\340\200\002\203\253\204\310\221\371\030\364\002\242\014\367\032\323""; nodePubKey: ""\002i\265d-H\225\336\350\317n\272\016O\317\257\273\327\352\371\231\250\230(\240\353\331\024\207\241\020\304!""; closeTime: 803891986; signature: ""0D\002 8\345y\222|\343\244'F;K#\360\303O=~K\030\340\024\321\374Y\2033\304\334\203\375!\365\002 ~d\260\335ph\353\317S\235\213\r\316\205X\226\256|k\233j\033.\233N\232\257n\337T8\222""; previousledger: ""2\262\253\351\035\214\260\336\037!\340\337w\327\364\353\202\243\240<'Mb\336\312E\233'\345-\035<""; "
1750576787721,1750576787721,2284,1,4,2,TMProposeSet,"proposeSeq: 0; currentTxHash: ""\336\253\202\231\364(S\023#\206\274X\246\222-\007>\243\252\271\235\330\360\300$$>x\200\3664\373""; nodePubKey: ""\003\031\332\276_\315\363\210\315\246\030F\330\251\017g\263\037\257\332\007 \253\203\233\205\365\344\036\245\374\253\323""; closeTime: 803891986; signature: ""0E\002!\000\261qJ\234*\303\212lq\337DY\300\033y\006\212\301f\357\324\373s\373Z].\032\3734\373\331\002 l\345\246\376I$\340\331\216\240\201\177\253\346\240\212\241\364G.\313\341\263;$\252\315\332\247\202&\355""; previousledger: ""2\262\253\351\035\214\260\336\037!\340\337w\327\364\353\202\243\240<'Mb\336\312E\233'\345-\035<""; ","proposeSeq: 0; currentTxHash: ""\336\253\202\231\364(S\023#\206\274X\246\222-\007>\243\252\271\235\330\360\300$$>x\200\3664\373""; nodePubKey: ""\003\031\332\276_\315\363\210\315\246\030F\330\251\017g\263\037\257\332\007 \253\203\233\205\365\344\036\245\374\253\323""; closeTime: 803891986; signature: ""0E\002!\000\261qJ\234*\303\212lq\337DY\300\033y\006\212\301f\357\324\373s\373Z].\032\3734\373\331\002 l\345\246\376I$\340\331\216\240\201\177\253\346\240\212\241\364G.\313\341\263;$\252\315\332\247\202&\355""; previousledger: ""2\262\253\351\035\214\260\336\037!\340\337w\327\364\353\202\243\240<'Mb\336\312E\233'\345-\035<""; "
1750576787722,1750576787722,1256,1,4,1,TMProposeSet,"proposeSeq: 0; currentTxHash: ""\336\253\202\231\364(S\023#\206\274X\246\222-\007>\243\252\271\235\330\360\300$$>x\200\3664\373""; nodePubKey: ""\003\031\332\276_\315\363\210\315\246\030F\330\251\017g\263\037\257\332\007 \253\203\233\205\365\344\036\245\374\253\323""; closeTime: 803891986; signature: ""0E\002!\000\261qJ\234*\303\212lq\337DY\300\033y\006\212\301f\357\324\373s\373Z].\032\3734\373\331\002 l\345\246\376I$\340\331\216\240\201\177\253\346\240\212\241\364G.\313\341\263;$\252\315\332\247\202&\355""; previousledger: ""2\262\253\351\035\214\260\336\037!\340\337w\327\364\353\202\243\240<'Mb\336\312E\233'\345-\035<""; ","proposeSeq: 0; currentTxHash: ""\336\253\202\231\364(S\023#\206\274X\246\222-\007>\243\252\271\235\330\360\300$$>x\200\3664\373""; nodePubKey: ""\003\031\332\276_\315\363\210\315\246\030F\330\251\017g\263\037\257\332\007 \253\203\233\205\365\344\036\245\374\253\323""; closeTime: 803891986; signature: ""0E\002!\000\261qJ\234*\303\212lq\337DY\300\033y\006\212\301f\357\324\373s\373Z].\032\3734\373\331\002 l\345\246\376I$\340\331\216\240\201\177\253\346\240\212\241\364G.\313\341\263;$\252\315\332\247\202&\355""; previousledger: ""2\262\253\351\035\214\260\336\037!\340\337w\327\364\353\202\243\240<'Mb\336\312E\233'\345-\035<""; "
1750576787721,1750576787721,3125,1,4,3,TMProposeSet,"proposeSeq: 0; currentTxHash: ""\336\253\202\231\364(S\023#\206\274X\246\222-\007>\243\252\271\235\330\360\300$$>x\200\3664\373""; nodePubKey: ""\003\031\332\276_\315\363\210\315\246\030F\330\251\017g\263\037\257\332\007 \253\203\233\205\365\344\036\245\374\253\323""; closeTime: 803891986; signature: ""0E\002!\000\261qJ\234*\303\212lq\337DY\300\033y\006\212\301f\357\324\373s\373Z].\032\3734\373\331\002 l\345\246\376I$\340\331\216\240\201\177\253\346\240\212\241\364G.\313\341\263;$\252\315\332\247\202&\355""; previousledger: ""2\262\253\351\035\214\260\336\037!\340\337w\327\364\353\202\243\240<'Mb\336\312E\233'\345-\035<""; ","proposeSeq: 0; currentTxHash: ""\336\253\202\231\364(S\023#\206\274X\246\222-\007>\243\252\271\235\330\360\300$$>x\200\3664\373""; nodePubKey: ""\003\031\332\276_\315\363\210\315\246\030F\330\251\017g\263\037\257\332\007 \253\203\233\205\365\344\036\245\374\253\323""; closeTime: 803891986; signature: ""0E\002!\000\261qJ\234*\303\212lq\337DY\300\033y\006\212\301f\357\324\373s\373Z].\032\3734\373\331\002 l\345\246\376I$\340\331\216\240\201\177\253\346\240\212\241\364G.\313\341\263;$\252\315\332\247\202&\355""; previousledger: ""2\262\253\351\035\214\260\336\037!\340\337w\327\364\353\202\243\240<'Mb\336\312E\233'\345-\035<""; "
1750576787769,1750576787769,3802,1,0,2,TMGetLedger,"itype: liTS_CANDIDATE; ledgerHash: ""\336\253\202\231\364(S\023#\206\274X\246\222-\007>\243\252\271\235\330\360\300$$>x\200\3664\373""; nodeIDs: ""\000\000\000\000\000\000\000\000\000\000\000\000\000\000\000\000\000\000\000\000\000\000\000\000\000\000\000\000\000\000\000\000\000""; queryType: qtINDIRECT; queryDepth: 3; ","itype: liTS_CANDIDATE; ledgerHash: ""\336\253\202\231\364(S\023#\206\274X\246\222-\007>\243\252\271\235\330\360\300$$>x\200\3664\373""; nodeIDs: ""\000\000\000\000\000\000\000\000\000\000\000\000\000\000\000\000\000\000\000\000\000\000\000\000\000\000\000\000\000\000\000\000\000""; queryType: qtINDIRECT; queryDepth: 3; "
1750576787769,1750576787769,3411,1,0,1,TMGetLedger,"itype: liTS_CANDIDATE; ledgerHash: ""\336\253\202\231\364(S\023#\206\274X\246\222-\007>\243\252\271\235\330\360\300$$>x\200\3664\373""; nodeIDs: ""\000\000\000\000\000\000\000\000\000\000\000\000\000\000\000\000\000\000\000\000\000\000\000\000\000\000\000\000\000\000\000\000\000""; queryType: qtINDIRECT; queryDepth: 3; ","itype: liTS_CANDIDATE; ledgerHash: ""\336\253\202\231\364(S\023#\206\274X\246\222-\007>\243\252\271\235\330\360\300$$>x\200\3664\373""; nodeIDs: ""\000\000\000\000\000\000\000\000\000\000\000\000\000\000\000\000\000\000\000\000\000\000\000\000\000\000\000\000\000\000\000\000\000""; queryType: qtINDIRECT; queryDepth: 3; "
1750576787769,1750576787770,6,1,0,4,TMGetLedger,"itype: liTS_CANDIDATE; ledgerHash: ""\336\253\202\231\364(S\023#\206\274X\246\222-\007>\243\252\271\235\330\360\300$$>x\200\3664\373""; nodeIDs: ""\000\000\000\000\000\000\000\000\000\000\000\000\000\000\000\000\000\000\000\000\000\000\000\000\000\000\000\000\000\000\000\000\000""; queryType: qtINDIRECT; queryDepth: 3; ","itype: liTS_CANDIDATE; ledgerHash: ""\336\253\202\231\364(S\023#\206\274X\246\222-\007>\243\252\271\235\330\360\300$$>x\200\3664\373""; nodeIDs: ""\000\000\000\000\000\000\000\000\000\000\000\000\000\000\000\000\000\000\000\000\000\000\000\000\000\000\000\000\000\000\000\000\000""; queryType: qtINDIRECT; queryDepth: 3; "
1750576787770,1750576787770,162,1,0,3,TMGetLedger,"itype: liTS_CANDIDATE; ledgerHash: ""\336\253\202\231\364(S\023#\206\274X\246\222-\007>\243\252\271\235\330\360\300$$>x\200\3664\373""; nodeIDs: ""\000\000\000\000\000\000\000\000\000\000\000\000\000\000\000\000\000\000\000\000\000\000\000\000\000\000\000\000\000\000\000\000\000""; queryType: qtINDIRECT; queryDepth: 3; ","itype: liTS_CANDIDATE; ledgerHash: ""\336\253\202\231\364(S\023#\206\274X\246\222-\007>\243\252\271\235\330\360\300$$>x\200\3664\373""; nodeIDs: ""\000\000\000\000\000\000\000\000\000\000\000\000\000\000\000\000\000\000\000\000\000\000\000\000\000\000\000\000\000\000\000\000\000""; queryType: qtINDIRECT; queryDepth: 3; "
1750576787777,1750576787777,3205,1,4,3,TMGetLedger,"itype: liTS_CANDIDATE; ledgerHash: ""\336\253\202\231\364(S\023#\206\274X\246\222-\007>\243\252\271\235\330\360\300$$>x\200\3664\373""; nodeIDs: ""\000\000\000\000\000\000\000\000\000\000\000\000\000\000\000\000\000\000\000\000\000\000\000\000\000\000\000\000\000\000\000\000\000""; requestCookie: 1; queryType: qtINDIRECT; queryDepth: 3; ","itype: liTS_CANDIDATE; ledgerHash: ""\336\253\202\231\364(S\023#\206\274X\246\222-\007>\243\252\271\235\330\360\300$$>x\200\3664\373""; nodeIDs: ""\000\000\000\000\000\000\000\000\000\000\000\000\000\000\000\000\000\000\000\000\000\000\000\000\000\000\000\000\000\000\000\000\000""; requestCookie: 1; queryType: qtINDIRECT; queryDepth: 3; "
1750576787778,1750576787778,925,1,0,4,TMHaveTransactionSet,"status: tsHAVE; hash: ""\336\253\202\231\364(S\023#\206\274X\246\222-\007>\243\252\271\235\330\360\300$$>x\200\3664\373""; ","status: tsHAVE; hash: ""\336\253\202\231\364(S\023#\206\274X\246\222-\007>\243\252\271\235\330\360\300$$>x\200\3664\373""; "
1750576787779,1750576787779,2846,1,0,1,TMHaveTransactionSet,"status: tsHAVE; hash: ""\336\253\202\231\364(S\023#\206\274X\246\222-\007>\243\252\271\235\330\360\300$$>x\200\3664\373""; ","status: tsHAVE; hash: ""\336\253\202\231\364(S\023#\206\274X\246\222-\007>\243\252\271\235\330\360\300$$>x\200\3664\373""; "
1750576787779,1750576787779,89,1,0,2,TMHaveTransactionSet,"status: tsHAVE; hash: ""\336\253\202\231\364(S\023#\206\274X\246\222-\007>\243\252\271\235\330\360\300$$>x\200\3664\373""; ","status: tsHAVE; hash: ""\336\253\202\231\364(S\023#\206\274X\246\222-\007>\243\252\271\235\330\360\300$$>x\200\3664\373""; "
1750576787779,1750576787780,1854,1,0,3,TMHaveTransactionSet,"status: tsHAVE; hash: ""\336\253\202\231\364(S\023#\206\274X\246\222-\007>\243\252\271\235\330\360\300$$>x\200\3664\373""; ","status: tsHAVE; hash: ""\336\253\202\231\364(S\023#\206\274X\246\222-\007>\243\252\271\235\330\360\300$$>x\200\3664\373""; "
1750576787789,1750576787789,2763,1,4,2,TMGetLedger,"itype: liTS_CANDIDATE; ledgerHash: ""\356x\244\230|(a\310C\253P\236P\231\226~\213h\025\311\025\302\302!% g\222\265R\006x""; nodeIDs: ""\000\000\000\000\000\000\000\000\000\000\000\000\000\000\000\000\000\000\000\000\000\000\000\000\000\000\000\000\000\000\000\000\000""; queryDepth: 3; ","itype: liTS_CANDIDATE; ledgerHash: ""\356x\244\230|(a\310C\253P\236P\231\226~\213h\025\311\025\302\302!% g\222\265R\006x""; nodeIDs: ""\000\000\000\000\000\000\000\000\000\000\000\000\000\000\000\000\000\000\000\000\000\000\000\000\000\000\000\000\000\000\000\000\000""; queryDepth: 3; "
1750576787791,1750576787791,3125,1,4,3,TMProposeSet,"proposeSeq: 0; currentTxHash: ""\356x\244\230|(a\310C\253P\236P\231\226~\213h\025\311\025\302\302!% g\222\265R\006x""; nodePubKey: ""\002\246\346\346\007\2326A*\334\272\022\321\346\247[\222\030\343\261w\244R\r\357}\243\273\253\020\375b6""; closeTime: 803891987; signature: ""0E\002!\000\316\036]\374\202\253\224k\270oO<\3067\345\201\340\207\324\216\303y#\275\352\345Q\031\263yL\331\002 W\234PS\016\360\202\245\230\3524b\260\302;\241\355\206\335\005\260\0223X\n[\267\366\013\206\233\201""; previousledger: ""2\262\253\351\035\214\260\336\037!\340\337w\327\364\353\202\243\240<'Mb\336\312E\233'\345-\035<""; ","proposeSeq: 0; currentTxHash: ""\356x\244\230|(a\310C\253P\236P\231\226~\213h\025\311\025\302\302!% g\222\265R\006x""; nodePubKey: ""\002\246\346\346\007\2326A*\334\272\022\321\346\247[\222\030\343\261w\244R\r\357}\243\273\253\020\375b6""; closeTime: 803891987; signature: ""0E\002!\000\316\036]\374\202\253\224k\270oO<\3067\345\201\340\207\324\216\303y#\275\352\345Q\031\263yL\331\002 W\234PS\016\360\202\245\230\3524b\260\302;\241\355\206\335\005\260\0223X\n[\267\366\013\206\233\201""; previousledger: ""2\262\253\351\035\214\260\336\037!\340\337w\327\364\353\202\243\240<'Mb\336\312E\233'\345-\035<""; "
1750576787791,1750576787792,798,1,4,0,TMProposeSet,"proposeSeq: 0; currentTxHash: ""\356x\244\230|(a\310C\253P\236P\231\226~\213h\025\311\025\302\302!% g\222\265R\006x""; nodePubKey: ""\002\246\346\346\007\2326A*\334\272\022\321\346\247[\222\030\343\261w\244R\r\357}\243\273\253\020\375b6""; closeTime: 803891987; signature: ""0E\002!\000\316\036]\374\202\253\224k\270oO<\3067\345\201\340\207\324\216\303y#\275\352\345Q\031\263yL\331\002 W\234PS\016\360\202\245\230\3524b\260\302;\241\355\206\335\005\260\0223X\n[\267\366\013\206\233\201""; previousledger: ""2\262\253\351\035\214\260\336\037!\340\337w\327\364\353\202\243\240<'Mb\336\312E\233'\345-\035<""; ","proposeSeq: 0; currentTxHash: ""\356x\244\230|(a\310C\253P\236P\231\226~\213h\025\311\025\302\302!% g\222\265R\006x""; nodePubKey: ""\002\246\346\346\007\2326A*\334\272\022\321\346\247[\222\030\343\261w\244R\r\357}\243\273\253\020\375b6""; closeTime: 803891987; signature: ""0E\002!\000\316\036]\374\202\253\224k\270oO<\3067\345\201\340\207\324\216\303y#\275\352\345Q\031\263yL\331\002 W\234PS\016\360\202\245\230\3524b\260\302;\241\355\206\335\005\260\0223X\n[\267\366\013\206\233\201""; previousledger: ""2\262\253\351\035\214\260\336\037!\340\337w\327\364\353\202\243\240<'Mb\336\312E\233'\345-\035<""; "
1750576787792,1750576787792,1256,1,4,1,TMProposeSet,"proposeSeq: 0; currentTxHash: ""\356x\244\230|(a\310C\253P\236P\231\226~\213h\025\311\025\302\302!% g\222\265R\006x""; nodePubKey: ""\002\246\346\346\007\2326A*\334\272\022\321\346\247[\222\030\343\261w\244R\r\357}\243\273\253\020\375b6""; closeTime: 803891987; signature: ""0E\002!\000\316\036]\374\202\253\224k\270oO<\3067\345\201\340\207\324\216\303y#\275\352\345Q\031\263yL\331\002 W\234PS\016\360\202\245\230\3524b\260\302;\241\355\206\335\005\260\0223X\n[\267\366\013\206\233\201""; previousledger: ""2\262\253\351\035\214\260\336\037!\340\337w\327\364\353\202\243\240<'Mb\336\312E\233'\345-\035<""; ","proposeSeq: 0; currentTxHash: ""\356x\244\230|(a\310C\253P\236P\231\226~\213h\025\311\025\302\302!% g\222\265R\006x""; nodePubKey: ""\002\246\346\346\007\2326A*\334\272\022\321\346\247[\222\030\343\261w\244R\r\357}\243\273\253\020\375b6""; closeTime: 803891987; signature: ""0E\002!\000\316\036]\374\202\253\224k\270oO<\3067\345\201\340\207\324\216\303y#\275\352\345Q\031\263yL\331\002 W\234PS\016\360\202\245\230\3524b\260\302;\241\355\206\335\005\260\0223X\n[\267\366\013\206\233\201""; previousledger: ""2\262\253\351\035\214\260\336\037!\340\337w\327\364\353\202\243\240<'Mb\336\312E\233'\345-\035<""; "
1750576787792,1750576787792,2753,1,4,0,TMGetLedger,"itype: liTS_CANDIDATE; ledgerHash: ""\356x\244\230|(a\310C\253P\236P\231\226~\213h\025\311\025\302\302!% g\222\265R\006x""; nodeIDs: ""\000\000\000\000\000\000\000\000\000\000\000\000\000\000\000\000\000\000\000\000\000\000\000\000\000\000\000\000\000\000\000\000\000""; queryDepth: 3; ","itype: liTS_CANDIDATE; ledgerHash: ""\356x\244\230|(a\310C\253P\236P\231\226~\213h\025\311\025\302\302!% g\222\265R\006x""; nodeIDs: ""\000\000\000\000\000\000\000\000\000\000\000\000\000\000\000\000\000\000\000\000\000\000\000\000\000\000\000\000\000\000\000\000\000""; queryDepth: 3; "
1750576787847,1750576787847,1735,1,4,1,TMLedgerData,"ledgerHash: ""2\262\253\351\035\214\260\336\037!\340\337w\327\364\353\202\243\240<'Mb\336\312E\233'\345-\035<""; ledgerSeq: 4; type: liBASE; nodes {;   nodedata: ""\000\000\000\004\001cEx]\212\000\000t\361\032\213\221\243\004\006][\376s\340\253\234K}\\013\0362\202`\234\371~d\0310\204\264,\000\000\000\000\000\000\000\000\000\000\000\000\000\000\000\000\000\000\000\000\000\000\000\000\000\000\000\000\000\000\000\000Q%\214\032\374\226d\253\326W\200\211\202x\251\202\246i\2459\230C\321kuu#4\233\r\340u/\352k\014/\352k\r\n\000""; }; nodes {;   nodedata: ""\303\016\021\310<Z\337\266>\225@&n\022\246\274\353\220\345b3\035\313\350L\354\254\002\005\305\035\017\002E\344\037@\210\363\010\336T\226\247'\204_{\261\370""1\235\2445\343\033Y!\212\201\341\272\225'\007\242\251\2065\013}3\214$\306\211Mx-\344#\374\353<j\354~\310\005\265\370\227g6\022\2727\013\003""; }; ","ledgerHash: ""2\262\253\351\035\214\260\336\037!\340\337w\327\364\353\202\243\240<'Mb\336\312E\233'\345-\035<""; ledgerSeq: 4; type: liBASE; nodes {;   nodedata: ""\000\000\000\004\001cEx]\212\000\000t\361\032\213\221\243\004\006][\376s\340\253\234K}\\013\0362\202`\234\371~d\0310\204\264,\000\000\000\000\000\000\000\000\000\000\000\000\000\000\000\000\000\000\000\000\000\000\000\000\000\000\000\000\000\000\000\000Q%\214\032\374\226d\253\326W\200\211\202x\251\202\246i\2459\230C\321kuu#4\233\r\340u/\352k\014/\352k\r\n\000""; }; nodes {;   nodedata: ""\303\016\021\310<Z\337\266>\225@&n\022\246\274\353\220\345b3\035\313\350L\354\254\002\005\305\035\017\002E\344\037@\210\363\010\336T\226\247'\204_{\261\370""1\235\2445\343\033Y!\212\201\341\272\225'\007\242\251\2065\013}3\214$\306\211Mx-\344#\374\353<j\354~\310\005\265\370\227g6\022\2727\013\003""; }; "
1750576787847,1750576787847,1735,1,4,1,TMLedgerData,"ledgerHash: ""2\262\253\351\035\214\260\336\037!\340\337w\327\364\353\202\243\240<'Mb\336\312E\233'\345-\035<""; ledgerSeq: 4; type: liBASE; nodes {;   nodedata: ""\000\000\000\004\001cEx]\212\000\000t\361\032\213\221\243\004\006][\376s\340\253\234K}\\013\0362\202`\234\371~d\0310\204\264,\000\000\000\000\000\000\000\000\000\000\000\000\000\000\000\000\000\000\000\000\000\000\000\000\000\000\000\000\000\000\000\000Q%\214\032\374\226d\253\326W\200\211\202x\251\202\246i\2459\230C\321kuu#4\233\r\340u/\352k\014/\352k\r\n\000""; }; nodes {;   nodedata: ""\303\016\021\310<Z\337\266>\225@&n\022\246\274\353\220\345b3\035\313\350L\354\254\002\005\305\035\017\002E\344\037@\210\363\010\336T\226\247'\204_{\261\370""1\235\2445\343\033Y!\212\201\341\272\225'\007\242\251\2065\013}3\214$\306\211Mx-\344#\374\353<j\354~\310\005\265\370\227g6\022\2727\013\003""; }; ","ledgerHash: ""2\262\253\351\035\214\260\336\037!\340\337w\327\364\353\202\243\240<'Mb\336\312E\233'\345-\035<""; ledgerSeq: 4; type: liBASE; nodes {;   nodedata: ""\000\000\000\004\001cEx]\212\000\000t\361\032\213\221\243\004\006][\376s\340\253\234K}\\013\0362\202`\234\371~d\0310\204\264,\000\000\000\000\000\000\000\000\000\000\000\000\000\000\000\000\000\000\000\000\000\000\000\000\000\000\000\000\000\000\000\000Q%\214\032\374\226d\253\326W\200\211\202x\251\202\246i\2459\230C\321kuu#4\233\r\340u/\352k\014/\352k\r\n\000""; }; nodes {;   nodedata: ""\303\016\021\310<Z\337\266>\225@&n\022\246\274\353\220\345b3\035\313\350L\354\254\002\005\305\035\017\002E\344\037@\210\363\010\336T\226\247'\204_{\261\370""1\235\2445\343\033Y!\212\201\341\272\225'\007\242\251\2065\013}3\214$\306\211Mx-\344#\374\353<j\354~\310\005\265\370\227g6\022\2727\013\003""; }; "
1750576787898,1750576787898,301,1,1,2,TMGetLedger,"itype: liTS_CANDIDATE; ledgerHash: ""\371K:\022He\314\263eC~\177\210\334\177\340\200\002\203\253\204\310\221\371\030\364\002\242\014\367\032\323""; nodeIDs: ""\000\000\000\000\000\000\000\000\000\000\000\000\000\000\000\000\000\000\000\000\000\000\000\000\000\000\000\000\000\000\000\000\000""; queryType: qtINDIRECT; queryDepth: 3; ","itype: liTS_CANDIDATE; ledgerHash: ""\371K:\022He\314\263eC~\177\210\334\177\340\200\002\203\253\204\310\221\371\030\364\002\242\014\367\032\323""; nodeIDs: ""\000\000\000\000\000\000\000\000\000\000\000\000\000\000\000\000\000\000\000\000\000\000\000\000\000\000\000\000\000\000\000\000\000""; queryType: qtINDIRECT; queryDepth: 3; "
1750576787899,1750576787899,2434,1,1,4,TMGetLedger,"itype: liTS_CANDIDATE; ledgerHash: ""\371K:\022He\314\263eC~\177\210\334\177\340\200\002\203\253\204\310\221\371\030\364\002\242\014\367\032\323""; nodeIDs: ""\000\000\000\000\000\000\000\000\000\000\000\000\000\000\000\000\000\000\000\000\000\000\000\000\000\000\000\000\000\000\000\000\000""; queryType: qtINDIRECT; queryDepth: 3; ","itype: liTS_CANDIDATE; ledgerHash: ""\371K:\022He\314\263eC~\177\210\334\177\340\200\002\203\253\204\310\221\371\030\364\002\242\014\367\032\323""; nodeIDs: ""\000\000\000\000\000\000\000\000\000\000\000\000\000\000\000\000\000\000\000\000\000\000\000\000\000\000\000\000\000\000\000\000\000""; queryType: qtINDIRECT; queryDepth: 3; "
1750576787898,1750576787898,643,1,1,3,TMGetLedger,"itype: liTS_CANDIDATE; ledgerHash: ""\371K:\022He\314\263eC~\177\210\334\177\340\200\002\203\253\204\310\221\371\030\364\002\242\014\367\032\323""; nodeIDs: ""\000\000\000\000\000\000\000\000\000\000\000\000\000\000\000\000\000\000\000\000\000\000\000\000\000\000\000\000\000\000\000\000\000""; queryType: qtINDIRECT; queryDepth: 3; ","itype: liTS_CANDIDATE; ledgerHash: ""\371K:\022He\314\263eC~\177\210\334\177\340\200\002\203\253\204\310\221\371\030\364\002\242\014\367\032\323""; nodeIDs: ""\000\000\000\000\000\000\000\000\000\000\000\000\000\000\000\000\000\000\000\000\000\000\000\000\000\000\000\000\000\000\000\000\000""; queryType: qtINDIRECT; queryDepth: 3; "
1750576787898,1750576787898,1534,1,1,0,TMGetLedger,"itype: liTS_CANDIDATE; ledgerHash: ""\371K:\022He\314\263eC~\177\210\334\177\340\200\002\203\253\204\310\221\371\030\364\002\242\014\367\032\323""; nodeIDs: ""\000\000\000\000\000\000\000\000\000\000\000\000\000\000\000\000\000\000\000\000\000\000\000\000\000\000\000\000\000\000\000\000\000""; queryType: qtINDIRECT; queryDepth: 3; ","itype: liTS_CANDIDATE; ledgerHash: ""\371K:\022He\314\263eC~\177\210\334\177\340\200\002\203\253\204\310\221\371\030\364\002\242\014\367\032\323""; nodeIDs: ""\000\000\000\000\000\000\000\000\000\000\000\000\000\000\000\000\000\000\000\000\000\000\000\000\000\000\000\000\000\000\000\000\000""; queryType: qtINDIRECT; queryDepth: 3; "
1750576787932,1750576787932,592,1,3,0,TMLedgerData,"ledgerHash: ""\336\253\202\231\364(S\023#\206\274X\246\222-\007>\243\252\271\235\330\360\300$$>x\200\3664\373""; ledgerSeq: 0; type: liTS_CANDIDATE; nodes {;   nodedata: ""PR+li&\230\370\373\r\353\274l{Ni\23604TM?\322Ind\224\250X\336\312\020\005\272D\322\240G8\353q\254V\320\301>>D\331C\232q\326X(/\2146,\326\342c\222\000\370\013\363W\256\321\221\353L\327\350w\264\014d?~\246\335_\343|sS5f!\r\353\364s\271~{\017\003"";   nodeid: ""\000\000\000\000\000\000\000\000\000\000\000\000\000\000\000\000\000\000\000\000\000\000\000\000\000\000\000\000\000\000\000\000\000""; }; ","ledgerHash: ""\336\253\202\231\364(S\023#\206\274X\246\222-\007>\243\252\271\235\330\360\300$$>x\200\3664\373""; ledgerSeq: 0; type: liTS_CANDIDATE; nodes {;   nodedata: ""PR+li&\230\370\373\r\353\274l{Ni\23604TM?\322Ind\224\250X\336\312\020\005\272D\322\240G8\353q\254V\320\301>>D\331C\232q\326X(/\2146,\326\342c\222\000\370\013\363W\256\321\221\353L\327\350w\264\014d?~\246\335_\343|sS5f!\r\353\364s\271~{\017\003"";   nodeid: ""\000\000\000\000\000\000\000\000\000\000\000\000\000\000\000\000\000\000\000\000\000\000\000\000\000\000\000\000\000\000\000\000\000""; }; "
1750576787950,1750576787950,2995,1,2,0,TMGetLedger,"itype: liTS_CANDIDATE; ledgerHash: ""\371K:\022He\314\263eC~\177\210\334\177\340\200\002\203\253\204\310\221\371\030\364\002\242\014\367\032\323""; nodeIDs: ""\000\000\000\000\000\000\000\000\000\000\000\000\000\000\000\000\000\000\000\000\000\000\000\000\000\000\000\000\000\000\000\000\000""; requestCookie: 3; queryType: qtINDIRECT; queryDepth: 3; ","itype: liTS_CANDIDATE; ledgerHash: ""\371K:\022He\314\263eC~\177\210\334\177\340\200\002\203\253\204\310\221\371\030\364\002\242\014\367\032\323""; nodeIDs: ""\000\000\000\000\000\000\000\000\000\000\000\000\000\000\000\000\000\000\000\000\000\000\000\000\000\000\000\000\000\000\000\000\000""; requestCookie: 3; queryType: qtINDIRECT; queryDepth: 3; "
1750576787987,1750576787987,1940,1,3,0,TMGetLedger,"itype: liTS_CANDIDATE; ledgerHash: ""\371K:\022He\314\263eC~\177\210\334\177\340\200\002\203\253\204\310\221\371\030\364\002\242\014\367\032\323""; nodeIDs: ""\000\000\000\000\000\000\000\000\000\000\000\000\000\000\000\000\000\000\000\000\000\000\000\000\000\000\000\000\000\000\000\000\000""; queryType: qtINDIRECT; queryDepth: 3; ","itype: liTS_CANDIDATE; ledgerHash: ""\371K:\022He\314\263eC~\177\210\334\177\340\200\002\203\253\204\310\221\371\030\364\002\242\014\367\032\323""; nodeIDs: ""\000\000\000\000\000\000\000\000\000\000\000\000\000\000\000\000\000\000\000\000\000\000\000\000\000\000\000\000\000\000\000\000\000""; queryType: qtINDIRECT; queryDepth: 3; "
1750576787987,1750576787987,1407,1,3,1,TMGetLedger,"itype: liTS_CANDIDATE; ledgerHash: ""\371K:\022He\314\263eC~\177\210\334\177\340\200\002\203\253\204\310\221\371\030\364\002\242\014\367\032\323""; nodeIDs: ""\000\000\000\000\000\000\000\000\000\000\000\000\000\000\000\000\000\000\000\000\000\000\000\000\000\000\000\000\000\000\000\000\000""; queryType: qtINDIRECT; queryDepth: 3; ","itype: liTS_CANDIDATE; ledgerHash: ""\371K:\022He\314\263eC~\177\210\334\177\340\200\002\203\253\204\310\221\371\030\364\002\242\014\367\032\323""; nodeIDs: ""\000\000\000\000\000\000\000\000\000\000\000\000\000\000\000\000\000\000\000\000\000\000\000\000\000\000\000\000\000\000\000\000\000""; queryType: qtINDIRECT; queryDepth: 3; "
1750576787988,1750576787988,69,1,3,4,TMGetLedger,"itype: liTS_CANDIDATE; ledgerHash: ""\371K:\022He\314\263eC~\177\210\334\177\340\200\002\203\253\204\310\221\371\030\364\002\242\014\367\032\323""; nodeIDs: ""\000\000\000\000\000\000\000\000\000\000\000\000\000\000\000\000\000\000\000\000\000\000\000\000\000\000\000\000\000\000\000\000\000""; queryType: qtINDIRECT; queryDepth: 3; ","itype: liTS_CANDIDATE; ledgerHash: ""\371K:\022He\314\263eC~\177\210\334\177\340\200\002\203\253\204\310\221\371\030\364\002\242\014\367\032\323""; nodeIDs: ""\000\000\000\000\000\000\000\000\000\000\000\000\000\000\000\000\000\000\000\000\000\000\000\000\000\000\000\000\000\000\000\000\000""; queryType: qtINDIRECT; queryDepth: 3; "
1750576787988,1750576787988,3433,1,3,2,TMGetLedger,"itype: liTS_CANDIDATE; ledgerHash: ""\371K:\022He\314\263eC~\177\210\334\177\340\200\002\203\253\204\310\221\371\030\364\002\242\014\367\032\323""; nodeIDs: ""\000\000\000\000\000\000\000\000\000\000\000\000\000\000\000\000\000\000\000\000\000\000\000\000\000\000\000\000\000\000\000\000\000""; queryType: qtINDIRECT; queryDepth: 3; ","itype: liTS_CANDIDATE; ledgerHash: ""\371K:\022He\314\263eC~\177\210\334\177\340\200\002\203\253\204\310\221\371\030\364\002\242\014\367\032\323""; nodeIDs: ""\000\000\000\000\000\000\000\000\000\000\000\000\000\000\000\000\000\000\000\000\000\000\000\000\000\000\000\000\000\000\000\000\000""; queryType: qtINDIRECT; queryDepth: 3; "
1750576788040,1750576788040,3672,1,3,4,TMProposeSet,"proposeSeq: 0; currentTxHash: ""\371K:\022He\314\263eC~\177\210\334\177\340\200\002\203\253\204\310\221\371\030\364\002\242\014\367\032\323""; nodePubKey: ""\002i\265d-H\225\336\350\317n\272\016O\317\257\273\327\352\371\231\250\230(\240\353\331\024\207\241\020\304!""; closeTime: 803891986; signature: ""0D\002 8\345y\222|\343\244'F;K#\360\303O=~K\030\340\024\321\374Y\2033\304\334\203\375!\365\002 ~d\260\335ph\353\317S\235\213\r\316\205X\226\256|k\233j\033.\233N\232\257n\337T8\222""; previousledger: ""2\262\253\351\035\214\260\336\037!\340\337w\327\364\353\202\243\240<'Mb\336\312E\233'\345-\035<""; ","proposeSeq: 0; currentTxHash: ""\371K:\022He\314\263eC~\177\210\334\177\340\200\002\203\253\204\310\221\371\030\364\002\242\014\367\032\323""; nodePubKey: ""\002i\265d-H\225\336\350\317n\272\016O\317\257\273\327\352\371\231\250\230(\240\353\331\024\207\241\020\304!""; closeTime: 803891986; signature: ""0D\002 8\345y\222|\343\244'F;K#\360\303O=~K\030\340\024\321\374Y\2033\304\334\203\375!\365\002 ~d\260\335ph\353\317S\235\213\r\316\205X\226\256|k\233j\033.\233N\232\257n\337T8\222""; previousledger: ""2\262\253\351\035\214\260\336\037!\340\337w\327\364\353\202\243\240<'Mb\336\312E\233'\345-\035<""; "
1750576788041,1750576788042,3205,1,4,3,TMGetLedger,"itype: liTS_CANDIDATE; ledgerHash: ""\356x\244\230|(a\310C\253P\236P\231\226~\213h\025\311\025\302\302!% g\222\265R\006x""; nodeIDs: ""\000\000\000\000\000\000\000\000\000\000\000\000\000\000\000\000\000\000\000\000\000\000\000\000\000\000\000\000\000\000\000\000\000""; queryType: qtINDIRECT; queryDepth: 3; ","itype: liTS_CANDIDATE; ledgerHash: ""\356x\244\230|(a\310C\253P\236P\231\226~\213h\025\311\025\302\302!% g\222\265R\006x""; nodeIDs: ""\000\000\000\000\000\000\000\000\000\000\000\000\000\000\000\000\000\000\000\000\000\000\000\000\000\000\000\000\000\000\000\000\000""; queryType: qtINDIRECT; queryDepth: 3; "
1750576788041,1750576788041,105,1,3,0,TMProposeSet,"proposeSeq: 0; currentTxHash: ""\371K:\022He\314\263eC~\177\210\334\177\340\200\002\203\253\204\310\221\371\030\364\002\242\014\367\032\323""; nodePubKey: ""\002i\265d-H\225\336\350\317n\272\016O\317\257\273\327\352\371\231\250\230(\240\353\331\024\207\241\020\304!""; closeTime: 803891986; signature: ""0D\002 8\345y\222|\343\244'F;K#\360\303O=~K\030\340\024\321\374Y\2033\304\334\203\375!\365\002 ~d\260\335ph\353\317S\235\213\r\316\205X\226\256|k\233j\033.\233N\232\257n\337T8\222""; previousledger: ""2\262\253\351\035\214\260\336\037!\340\337w\327\364\353\202\243\240<'Mb\336\312E\233'\345-\035<""; ","proposeSeq: 0; currentTxHash: ""\371K:\022He\314\263eC~\177\210\334\177\340\200\002\203\253\204\310\221\371\030\364\002\242\014\367\032\323""; nodePubKey: ""\002i\265d-H\225\336\350\317n\272\016O\317\257\273\327\352\371\231\250\230(\240\353\331\024\207\241\020\304!""; closeTime: 803891986; signature: ""0D\002 8\345y\222|\343\244'F;K#\360\303O=~K\030\340\024\321\374Y\2033\304\334\203\375!\365\002 ~d\260\335ph\353\317S\235\213\r\316\205X\226\256|k\233j\033.\233N\232\257n\337T8\222""; previousledger: ""2\262\253\351\035\214\260\336\037!\340\337w\327\364\353\202\243\240<'Mb\336\312E\233'\345-\035<""; "
1750576788041,1750576788041,3303,1,3,2,TMProposeSet,"proposeSeq: 0; currentTxHash: ""\371K:\022He\314\263eC~\177\210\334\177\340\200\002\203\253\204\310\221\371\030\364\002\242\014\367\032\323""; nodePubKey: ""\002i\265d-H\225\336\350\317n\272\016O\317\257\273\327\352\371\231\250\230(\240\353\331\024\207\241\020\304!""; closeTime: 803891986; signature: ""0D\002 8\345y\222|\343\244'F;K#\360\303O=~K\030\340\024\321\374Y\2033\304\334\203\375!\365\002 ~d\260\335ph\353\317S\235\213\r\316\205X\226\256|k\233j\033.\233N\232\257n\337T8\222""; previousledger: ""2\262\253\351\035\214\260\336\037!\340\337w\327\364\353\202\243\240<'Mb\336\312E\233'\345-\035<""; ","proposeSeq: 0; currentTxHash: ""\371K:\022He\314\263eC~\177\210\334\177\340\200\002\203\253\204\310\221\371\030\364\002\242\014\367\032\323""; nodePubKey: ""\002i\265d-H\225\336\350\317n\272\016O\317\257\273\327\352\371\231\250\230(\240\353\331\024\207\241\020\304!""; closeTime: 803891986; signature: ""0D\002 8\345y\222|\343\244'F;K#\360\303O=~K\030\340\024\321\374Y\2033\304\334\203\375!\365\002 ~d\260\335ph\353\317S\235\213\r\316\205X\226\256|k\233j\033.\233N\232\257n\337T8\222""; previousledger: ""2\262\253\351\035\214\260\336\037!\340\337w\327\364\353\202\243\240<'Mb\336\312E\233'\345-\035<""; "
1750576788058,1750576788058,1483,1,4,3,TMLedgerData,"ledgerHash: ""\371K:\022He\314\263eC~\177\210\334\177\340\200\002\203\253\204\310\221\371\030\364\002\242\014\367\032\323""; ledgerSeq: 0; type: liTS_CANDIDATE; nodes {;   nodedata: ""\272D\322\240G8\353q\254V\320\301>>D\331C\232q\326X(/\2146,\326\342c\222\000\370\013\003"";   nodeid: ""\000\000\000\000\000\000\000\000\000\000\000\000\000\000\000\000\000\000\000\000\000\000\000\000\000\000\000\000\000\000\000\000\000""; }; ","ledgerHash: ""\371K:\022He\314\263eC~\177\210\334\177\340\200\002\203\253\204\310\221\371\030\364\002\242\014\367\032\323""; ledgerSeq: 0; type: liTS_CANDIDATE; nodes {;   nodedata: ""\272D\322\240G8\353q\254V\320\301>>D\331C\232q\326X(/\2146,\326\342c\222\000\370\013\003"";   nodeid: ""\000\000\000\000\000\000\000\000\000\000\000\000\000\000\000\000\000\000\000\000\000\000\000\000\000\000\000\000\000\000\000\000\000""; }; "
1750576788148,1750576788148,301,1,1,2,TMGetLedger,"itype: liTS_CANDIDATE; ledgerHash: ""\371K:\022He\314\263eC~\177\210\334\177\340\200\002\203\253\204\310\221\371\030\364\002\242\014\367\032\323""; nodeIDs: ""\000\000\000\000\000\000\000\000\000\000\000\000\000\000\000\000\000\000\000\000\000\000\000\000\000\000\000\000\000\000\000\000\000""; queryType: qtINDIRECT; queryDepth: 3; ","itype: liTS_CANDIDATE; ledgerHash: ""\371K:\022He\314\263eC~\177\210\334\177\340\200\002\203\253\204\310\221\371\030\364\002\242\014\367\032\323""; nodeIDs: ""\000\000\000\000\000\000\000\000\000\000\000\000\000\000\000\000\000\000\000\000\000\000\000\000\000\000\000\000\000\000\000\000\000""; queryType: qtINDIRECT; queryDepth: 3; "
1750576788149,1750576788149,1534,1,1,0,TMGetLedger,"itype: liTS_CANDIDATE; ledgerHash: ""\371K:\022He\314\263eC~\177\210\334\177\340\200\002\203\253\204\310\221\371\030\364\002\242\014\367\032\323""; nodeIDs: ""\000\000\000\000\000\000\000\000\000\000\000\000\000\000\000\000\000\000\000\000\000\000\000\000\000\000\000\000\000\000\000\000\000""; queryType: qtINDIRECT; queryDepth: 3; ","itype: liTS_CANDIDATE; ledgerHash: ""\371K:\022He\314\263eC~\177\210\334\177\340\200\002\203\253\204\310\221\371\030\364\002\242\014\367\032\323""; nodeIDs: ""\000\000\000\000\000\000\000\000\000\000\000\000\000\000\000\000\000\000\000\000\000\000\000\000\000\000\000\000\000\000\000\000\000""; queryType: qtINDIRECT; queryDepth: 3; "
1750576788149,1750576788149,643,1,1,3,TMGetLedger,"itype: liTS_CANDIDATE; ledgerHash: ""\371K:\022He\314\263eC~\177\210\334\177\340\200\002\203\253\204\310\221\371\030\364\002\242\014\367\032\323""; nodeIDs: ""\000\000\000\000\000\000\000\000\000\000\000\000\000\000\000\000\000\000\000\000\000\000\000\000\000\000\000\000\000\000\000\000\000""; queryType: qtINDIRECT; queryDepth: 3; ","itype: liTS_CANDIDATE; ledgerHash: ""\371K:\022He\314\263eC~\177\210\334\177\340\200\002\203\253\204\310\221\371\030\364\002\242\014\367\032\323""; nodeIDs: ""\000\000\000\000\000\000\000\000\000\000\000\000\000\000\000\000\000\000\000\000\000\000\000\000\000\000\000\000\000\000\000\000\000""; queryType: qtINDIRECT; queryDepth: 3; "
1750576788150,1750576788150,2434,1,1,4,TMGetLedger,"itype: liTS_CANDIDATE; ledgerHash: ""\371K:\022He\314\263eC~\177\210\334\177\340\200\002\203\253\204\310\221\371\030\364\002\242\014\367\032\323""; nodeIDs: ""\000\000\000\000\000\000\000\000\000\000\000\000\000\000\000\000\000\000\000\000\000\000\000\000\000\000\000\000\000\000\000\000\000""; queryType: qtINDIRECT; queryDepth: 3; ","itype: liTS_CANDIDATE; ledgerHash: ""\371K:\022He\314\263eC~\177\210\334\177\340\200\002\203\253\204\310\221\371\030\364\002\242\014\367\032\323""; nodeIDs: ""\000\000\000\000\000\000\000\000\000\000\000\000\000\000\000\000\000\000\000\000\000\000\000\000\000\000\000\000\000\000\000\000\000""; queryType: qtINDIRECT; queryDepth: 3; "
1750576788172,1750576788172,2753,1,4,0,TMGetLedger,"itype: liTS_CANDIDATE; ledgerHash: ""\336\253\202\231\364(S\023#\206\274X\246\222-\007>\243\252\271\235\330\360\300$$>x\200\3664\373""; nodeIDs: ""\000\000\000\000\000\000\000\000\000\000\000\000\000\000\000\000\000\000\000\000\000\000\000\000\000\000\000\000\000\000\000\000\000""; queryType: qtINDIRECT; queryDepth: 3; ","itype: liTS_CANDIDATE; ledgerHash: ""\336\253\202\231\364(S\023#\206\274X\246\222-\007>\243\252\271\235\330\360\300$$>x\200\3664\373""; nodeIDs: ""\000\000\000\000\000\000\000\000\000\000\000\000\000\000\000\000\000\000\000\000\000\000\000\000\000\000\000\000\000\000\000\000\000""; queryType: qtINDIRECT; queryDepth: 3; "
1750576788172,1750576788172,3205,1,4,3,TMGetLedger,"itype: liTS_CANDIDATE; ledgerHash: ""\336\253\202\231\364(S\023#\206\274X\246\222-\007>\243\252\271\235\330\360\300$$>x\200\3664\373""; nodeIDs: ""\000\000\000\000\000\000\000\000\000\000\000\000\000\000\000\000\000\000\000\000\000\000\000\000\000\000\000\000\000\000\000\000\000""; queryType: qtINDIRECT; queryDepth: 3; ","itype: liTS_CANDIDATE; ledgerHash: ""\336\253\202\231\364(S\023#\206\274X\246\222-\007>\243\252\271\235\330\360\300$$>x\200\3664\373""; nodeIDs: ""\000\000\000\000\000\000\000\000\000\000\000\000\000\000\000\000\000\000\000\000\000\000\000\000\000\000\000\000\000\000\000\000\000""; queryType: qtINDIRECT; queryDepth: 3; "
1750576788173,1750576788173,1483,1,4,1,TMGetLedger,"itype: liTS_CANDIDATE; ledgerHash: ""\336\253\202\231\364(S\023#\206\274X\246\222-\007>\243\252\271\235\330\360\300$$>x\200\3664\373""; nodeIDs: ""\000\000\000\000\000\000\000\000\000\000\000\000\000\000\000\000\000\000\000\000\000\000\000\000\000\000\000\000\000\000\000\000\000""; queryType: qtINDIRECT; queryDepth: 3; ","itype: liTS_CANDIDATE; ledgerHash: ""\336\253\202\231\364(S\023#\206\274X\246\222-\007>\243\252\271\235\330\360\300$$>x\200\3664\373""; nodeIDs: ""\000\000\000\000\000\000\000\000\000\000\000\000\000\000\000\000\000\000\000\000\000\000\000\000\000\000\000\000\000\000\000\000\000""; queryType: qtINDIRECT; queryDepth: 3; "
1750576788174,1750576788174,2763,1,4,2,TMGetLedger,"itype: liTS_CANDIDATE; ledgerHash: ""\336\253\202\231\364(S\023#\206\274X\246\222-\007>\243\252\271\235\330\360\300$$>x\200\3664\373""; nodeIDs: ""\000\000\000\000\000\000\000\000\000\000\000\000\000\000\000\000\000\000\000\000\000\000\000\000\000\000\000\000\000\000\000\000\000""; queryType: qtINDIRECT; queryDepth: 3; ","itype: liTS_CANDIDATE; ledgerHash: ""\336\253\202\231\364(S\023#\206\274X\246\222-\007>\243\252\271\235\330\360\300$$>x\200\3664\373""; nodeIDs: ""\000\000\000\000\000\000\000\000\000\000\000\000\000\000\000\000\000\000\000\000\000\000\000\000\000\000\000\000\000\000\000\000\000""; queryType: qtINDIRECT; queryDepth: 3; "
1750576788175,1750576788175,1940,1,3,0,TMGetLedger,"itype: liTS_CANDIDATE; ledgerHash: ""\356x\244\230|(a\310C\253P\236P\231\226~\213h\025\311\025\302\302!% g\222\265R\006x""; nodeIDs: ""\000\000\000\000\000\000\000\000\000\000\000\000\000\000\000\000\000\000\000\000\000\000\000\000\000\000\000\000\000\000\000\000\000""; queryDepth: 3; ","itype: liTS_CANDIDATE; ledgerHash: ""\356x\244\230|(a\310C\253P\236P\231\226~\213h\025\311\025\302\302!% g\222\265R\006x""; nodeIDs: ""\000\000\000\000\000\000\000\000\000\000\000\000\000\000\000\000\000\000\000\000\000\000\000\000\000\000\000\000\000\000\000\000\000""; queryDepth: 3; "
1750576788175,1750576788175,105,1,3,0,TMProposeSet,"proposeSeq: 0; currentTxHash: ""\356x\244\230|(a\310C\253P\236P\231\226~\213h\025\311\025\302\302!% g\222\265R\006x""; nodePubKey: ""\002\246\346\346\007\2326A*\334\272\022\321\346\247[\222\030\343\261w\244R\r\357}\243\273\253\020\375b6""; closeTime: 803891987; signature: ""0E\002!\000\316\036]\374\202\253\224k\270oO<\3067\345\201\340\207\324\216\303y#\275\352\345Q\031\263yL\331\002 W\234PS\016\360\202\245\230\3524b\260\302;\241\355\206\335\005\260\0223X\n[\267\366\013\206\233\201""; previousledger: ""2\262\253\351\035\214\260\336\037!\340\337w\327\364\353\202\243\240<'Mb\336\312E\233'\345-\035<""; ","proposeSeq: 0; currentTxHash: ""\356x\244\230|(a\310C\253P\236P\231\226~\213h\025\311\025\302\302!% g\222\265R\006x""; nodePubKey: ""\002\246\346\346\007\2326A*\334\272\022\321\346\247[\222\030\343\261w\244R\r\357}\243\273\253\020\375b6""; closeTime: 803891987; signature: ""0E\002!\000\316\036]\374\202\253\224k\270oO<\3067\345\201\340\207\324\216\303y#\275\352\345Q\031\263yL\331\002 W\234PS\016\360\202\245\230\3524b\260\302;\241\355\206\335\005\260\0223X\n[\267\366\013\206\233\201""; previousledger: ""2\262\253\351\035\214\260\336\037!\340\337w\327\364\353\202\243\240<'Mb\336\312E\233'\345-\035<""; "
1750576788175,1750576788176,3672,1,3,4,TMProposeSet,"proposeSeq: 0; currentTxHash: ""\356x\244\230|(a\310C\253P\236P\231\226~\213h\025\311\025\302\302!% g\222\265R\006x""; nodePubKey: ""\002\246\346\346\007\2326A*\334\272\022\321\346\247[\222\030\343\261w\244R\r\357}\243\273\253\020\375b6""; closeTime: 803891987; signature: ""0E\002!\000\316\036]\374\202\253\224k\270oO<\3067\345\201\340\207\324\216\303y#\275\352\345Q\031\263yL\331\002 W\234PS\016\360\202\245\230\3524b\260\302;\241\355\206\335\005\260\0223X\n[\267\366\013\206\233\201""; previousledger: ""2\262\253\351\035\214\260\336\037!\340\337w\327\364\353\202\243\240<'Mb\336\312E\233'\345-\035<""; ","proposeSeq: 0; currentTxHash: ""\356x\244\230|(a\310C\253P\236P\231\226~\213h\025\311\025\302\302!% g\222\265R\006x""; nodePubKey: ""\002\246\346\346\007\2326A*\334\272\022\321\346\247[\222\030\343\261w\244R\r\357}\243\273\253\020\375b6""; closeTime: 803891987; signature: ""0E\002!\000\316\036]\374\202\253\224k\270oO<\3067\345\201\340\207\324\216\303y#\275\352\345Q\031\263yL\331\002 W\234PS\016\360\202\245\230\3524b\260\302;\241\355\206\335\005\260\0223X\n[\267\366\013\206\233\201""; previousledger: ""2\262\253\351\035\214\260\336\037!\340\337w\327\364\353\202\243\240<'Mb\336\312E\233'\345-\035<""; "
1750576788176,1750576788176,1407,1,3,1,TMGetLedger,"itype: liTS_CANDIDATE; ledgerHash: ""\356x\244\230|(a\310C\253P\236P\231\226~\213h\025\311\025\302\302!% g\222\265R\006x""; nodeIDs: ""\000\000\000\000\000\000\000\000\000\000\000\000\000\000\000\000\000\000\000\000\000\000\000\000\000\000\000\000\000\000\000\000\000""; queryDepth: 3; ","itype: liTS_CANDIDATE; ledgerHash: ""\356x\244\230|(a\310C\253P\236P\231\226~\213h\025\311\025\302\302!% g\222\265R\006x""; nodeIDs: ""\000\000\000\000\000\000\000\000\000\000\000\000\000\000\000\000\000\000\000\000\000\000\000\000\000\000\000\000\000\000\000\000\000""; queryDepth: 3; "
1750576788176,1750576788176,1133,1,3,1,TMProposeSet,"proposeSeq: 0; currentTxHash: ""\356x\244\230|(a\310C\253P\236P\231\226~\213h\025\311\025\302\302!% g\222\265R\006x""; nodePubKey: ""\002\246\346\346\007\2326A*\334\272\022\321\346\247[\222\030\343\261w\244R\r\357}\243\273\253\020\375b6""; closeTime: 803891987; signature: ""0E\002!\000\316\036]\374\202\253\224k\270oO<\3067\345\201\340\207\324\216\303y#\275\352\345Q\031\263yL\331\002 W\234PS\016\360\202\245\230\3524b\260\302;\241\355\206\335\005\260\0223X\n[\267\366\013\206\233\201""; previousledger: ""2\262\253\351\035\214\260\336\037!\340\337w\327\364\353\202\243\240<'Mb\336\312E\233'\345-\035<""; ","proposeSeq: 0; currentTxHash: ""\356x\244\230|(a\310C\253P\236P\231\226~\213h\025\311\025\302\302!% g\222\265R\006x""; nodePubKey: ""\002\246\346\346\007\2326A*\334\272\022\321\346\247[\222\030\343\261w\244R\r\357}\243\273\253\020\375b6""; closeTime: 803891987; signature: ""0E\002!\000\316\036]\374\202\253\224k\270oO<\3067\345\201\340\207\324\216\303y#\275\352\345Q\031\263yL\331\002 W\234PS\016\360\202\245\230\3524b\260\302;\241\355\206\335\005\260\0223X\n[\267\366\013\206\233\201""; previousledger: ""2\262\253\351\035\214\260\336\037!\340\337w\327\364\353\202\243\240<'Mb\336\312E\233'\345-\035<""; "
1750576788180,1750576788180,400,1,0,4,TMProposeSet,"proposeSeq: 1; currentTxHash: ""\336\253\202\231\364(S\023#\206\274X\246\222-\007>\243\252\271\235\330\360\300$$>x\200\3664\373""; nodePubKey: ""\002\005\363\0222\231\333G\357\305\020\014\241\033\231\261Z#\243\036\0267\020\210\265\022\240%\336\332\221\202\352""; closeTime: 803891990; signature: ""0D\002 3\354r\014\007e3\351m\3668%\250k\374'\270\237\205\252.\321\237\276\363\377\006\006\273\274~\360\002 i\037\3602\357\002F[A\\211\301\274u[\375\311\016\016\274\233\270z\033\034]f\217L\234\350K""; previousledger: ""2\262\253\351\035\214\260\336\037!\340\337w\327\364\353\202\243\240<'Mb\336\312E\233'\345-\035<""; ","proposeSeq: 1; currentTxHash: ""\336\253\202\231\364(S\023#\206\274X\246\222-\007>\243\252\271\235\330\360\300$$>x\200\3664\373""; nodePubKey: ""\002\005\363\0222\231\333G\357\305\020\014\241\033\231\261Z#\243\036\0267\020\210\265\022\240%\336\332\221\202\352""; closeTime: 803891990; signature: ""0D\002 3\354r\014\007e3\351m\3668%\250k\374'\270\237\205\252.\321\237\276\363\377\006\006\273\274~\360\002 i\037\3602\357\002F[A\\211\301\274u[\375\311\016\016\274\233\270z\033\034]f\217L\234\350K""; previousledger: ""2\262\253\351\035\214\260\336\037!\340\337w\327\364\353\202\243\240<'Mb\336\312E\233'\345-\035<""; "
1750576788181,1750576788181,3625,1,0,2,TMProposeSet,"proposeSeq: 1; currentTxHash: ""\336\253\202\231\364(S\023#\206\274X\246\222-\007>\243\252\271\235\330\360\300$$>x\200\3664\373""; nodePubKey: ""\002\005\363\0222\231\333G\357\305\020\014\241\033\231\261Z#\243\036\0267\020\210\265\022\240%\336\332\221\202\352""; closeTime: 803891990; signature: ""0D\002 3\354r\014\007e3\351m\3668%\250k\374'\270\237\205\252.\321\237\276\363\377\006\006\273\274~\360\002 i\037\3602\357\002F[A\\211\301\274u[\375\311\016\016\274\233\270z\033\034]f\217L\234\350K""; previousledger: ""2\262\253\351\035\214\260\336\037!\340\337w\327\364\353\202\243\240<'Mb\336\312E\233'\345-\035<""; ","proposeSeq: 1; currentTxHash: ""\336\253\202\231\364(S\023#\206\274X\246\222-\007>\243\252\271\235\330\360\300$$>x\200\3664\373""; nodePubKey: ""\002\005\363\0222\231\333G\357\305\020\014\241\033\231\261Z#\243\036\0267\020\210\265\022\240%\336\332\221\202\352""; closeTime: 803891990; signature: ""0D\002 3\354r\014\007e3\351m\3668%\250k\374'\270\237\205\252.\321\237\276\363\377\006\006\273\274~\360\002 i\037\3602\357\002F[A\\211\301\274u[\375\311\016\016\274\233\270z\033\034]f\217L\234\350K""; previousledger: ""2\262\253\351\035\214\260\336\037!\340\337w\327\364\353\202\243\240<'Mb\336\312E\233'\345-\035<""; "
1750576788181,1750576788181,465,1,0,1,TMProposeSet,"proposeSeq: 1; currentTxHash: ""\336\253\202\231\364(S\023#\206\274X\246\222-\007>\243\252\271\235\330\360\300$$>x\200\3664\373""; nodePubKey: ""\002\005\363\0222\231\333G\357\305\020\014\241\033\231\261Z#\243\036\0267\020\210\265\022\240%\336\332\221\202\352""; closeTime: 803891990; signature: ""0D\002 3\354r\014\007e3\351m\3668%\250k\374'\270\237\205\252.\321\237\276\363\377\006\006\273\274~\360\002 i\037\3602\357\002F[A\\211\301\274u[\375\311\016\016\274\233\270z\033\034]f\217L\234\350K""; previousledger: ""2\262\253\351\035\214\260\336\037!\340\337w\327\364\353\202\243\240<'Mb\336\312E\233'\345-\035<""; ","proposeSeq: 1; currentTxHash: ""\336\253\202\231\364(S\023#\206\274X\246\222-\007>\243\252\271\235\330\360\300$$>x\200\3664\373""; nodePubKey: ""\002\005\363\0222\231\333G\357\305\020\014\241\033\231\261Z#\243\036\0267\020\210\265\022\240%\336\332\221\202\352""; closeTime: 803891990; signature: ""0D\002 3\354r\014\007e3\351m\3668%\250k\374'\270\237\205\252.\321\237\276\363\377\006\006\273\274~\360\002 i\037\3602\357\002F[A\\211\301\274u[\375\311\016\016\274\233\270z\033\034]f\217L\234\350K""; previousledger: ""2\262\253\351\035\214\260\336\037!\340\337w\327\364\353\202\243\240<'Mb\336\312E\233'\345-\035<""; "
1750576788182,1750576788182,3385,1,0,3,TMProposeSet,"proposeSeq: 1; currentTxHash: ""\336\253\202\231\364(S\023#\206\274X\246\222-\007>\243\252\271\235\330\360\300$$>x\200\3664\373""; nodePubKey: ""\002\005\363\0222\231\333G\357\305\020\014\241\033\231\261Z#\243\036\0267\020\210\265\022\240%\336\332\221\202\352""; closeTime: 803891990; signature: ""0D\002 3\354r\014\007e3\351m\3668%\250k\374'\270\237\205\252.\321\237\276\363\377\006\006\273\274~\360\002 i\037\3602\357\002F[A\\211\301\274u[\375\311\016\016\274\233\270z\033\034]f\217L\234\350K""; previousledger: ""2\262\253\351\035\214\260\336\037!\340\337w\327\364\353\202\243\240<'Mb\336\312E\233'\345-\035<""; ","proposeSeq: 1; currentTxHash: ""\336\253\202\231\364(S\023#\206\274X\246\222-\007>\243\252\271\235\330\360\300$$>x\200\3664\373""; nodePubKey: ""\002\005\363\0222\231\333G\357\305\020\014\241\033\231\261Z#\243\036\0267\020\210\265\022\240%\336\332\221\202\352""; closeTime: 803891990; signature: ""0D\002 3\354r\014\007e3\351m\3668%\250k\374'\270\237\205\252.\321\237\276\363\377\006\006\273\274~\360\002 i\037\3602\357\002F[A\\211\301\274u[\375\311\016\016\274\233\270z\033\034]f\217L\234\350K""; previousledger: ""2\262\253\351\035\214\260\336\037!\340\337w\327\364\353\202\243\240<'Mb\336\312E\233'\345-\035<""; "
1750576788193,1750576788193,2952,1,0,1,TMStatusChange,"newEvent: neACCEPTED_LEDGER; ledgerSeq: 5; ledgerHash: ""g\211\347_\031Mox0\032Ua,i\263?[\350\204)\361\031\355\367\211lB<z\322Sa""; ledgerHashPrevious: ""2\262\253\351\035\214\260\336\037!\340\337w\327\364\353\202\243\240<'Mb\336\312E\233'\345-\035<""; networkTime: 803891988; firstSeq: 1; lastSeq: 4; ","newEvent: neACCEPTED_LEDGER; ledgerSeq: 5; ledgerHash: ""g\211\347_\031Mox0\032Ua,i\263?[\350\204)\361\031\355\367\211lB<z\322Sa""; ledgerHashPrevious: ""2\262\253\351\035\214\260\336\037!\340\337w\327\364\353\202\243\240<'Mb\336\312E\233'\345-\035<""; networkTime: 803891988; firstSeq: 1; lastSeq: 4; "
1750576788194,1750576788194,219,1,0,1,TMValidation,"validation: """"\200\000\000\001&\000\000\000\005)/\352k\024:\030\016l\375\261lU\035Qg\211\347_\031Mox0\032Ua,i\263?[\350\204)\361\031\355\367\211lB<z\322SaP\027\336\253\202\231\364(S\023#\206\274X\246\222-\007>\243\252\271\235\330\360\300$$>x\200\3664\373P\0312\262\253\351\035\214\260\336\037!\340\337w\327\364\353\202\243\240<'Mb\336\312E\233'\345-\035<s!\002\005\363\0222\231\333G\357\305\020\014\241\033\231\261Z#\243\036\0267\020\210\265\022\240%\336\332\221\202\352vF0D\002 \024\250\301\307\222\262j\254V\244V\200\363\360\215\321\240hG\017\nL)OR?2\332\314\366UR\002 1\327d\302pF\0073\332\345\256j\357\307\273\351\034\002\234\345\322@jBqBa\212\313\335ED""; ","validation: """"\200\000\000\001&\000\000\000\005)/\352k\024:\030\016l\375\261lU\035Qg\211\347_\031Mox0\032Ua,i\263?[\350\204)\361\031\355\367\211lB<z\322SaP\027\336\253\202\231\364(S\023#\206\274X\246\222-\007>\243\252\271\235\330\360\300$$>x\200\3664\373P\0312\262\253\351\035\214\260\336\037!\340\337w\327\364\353\202\243\240<'Mb\336\312E\233'\345-\035<s!\002\005\363\0222\231\333G\357\305\020\014\241\033\231\261Z#\243\036\0267\020\210\265\022\240%\336\332\221\202\352vF0D\002 \024\250\301\307\222\262j\254V\244V\200\363\360\215\321\240hG\017\nL)OR?2\332\314\366UR\002 1\327d\302pF\0073\332\345\256j\357\307\273\351\034\002\234\345\322@jBqBa\212\313\335ED""; "
1750576788194,1750576788194,1560,1,0,3,TMStatusChange,"newEvent: neACCEPTED_LEDGER; ledgerSeq: 5; ledgerHash: ""g\211\347_\031Mox0\032Ua,i\263?[\350\204)\361\031\355\367\211lB<z\322Sa""; ledgerHashPrevious: ""2\262\253\351\035\214\260\336\037!\340\337w\327\364\353\202\243\240<'Mb\336\312E\233'\345-\035<""; networkTime: 803891988; firstSeq: 1; lastSeq: 4; ","newEvent: neACCEPTED_LEDGER; ledgerSeq: 5; ledgerHash: ""g\211\347_\031Mox0\032Ua,i\263?[\350\204)\361\031\355\367\211lB<z\322Sa""; ledgerHashPrevious: ""2\262\253\351\035\214\260\336\037!\340\337w\327\364\353\202\243\240<'Mb\336\312E\233'\345-\035<""; networkTime: 803891988; firstSeq: 1; lastSeq: 4; "
1750576788194,1750576788194,3794,1,0,3,TMValidation,"validation: """"\200\000\000\001&\000\000\000\005)/\352k\024:\030\016l\375\261lU\035Qg\211\347_\031Mox0\032Ua,i\263?[\350\204)\361\031\355\367\211lB<z\322SaP\027\336\253\202\231\364(S\023#\206\274X\246\222-\007>\243\252\271\235\330\360\300$$>x\200\3664\373P\0312\262\253\351\035\214\260\336\037!\340\337w\327\364\353\202\243\240<'Mb\336\312E\233'\345-\035<s!\002\005\363\0222\231\333G\357\305\020\014\241\033\231\261Z#\243\036\0267\020\210\265\022\240%\336\332\221\202\352vF0D\002 \024\250\301\307\222\262j\254V\244V\200\363\360\215\321\240hG\017\nL)OR?2\332\314\366UR\002 1\327d\302pF\0073\332\345\256j\357\307\273\351\034\002\234\345\322@jBqBa\212\313\335ED""; ","validation: """"\200\000\000\001&\000\000\000\005)/\352k\024:\030\016l\375\261lU\035Qg\211\347_\031Mox0\032Ua,i\263?[\350\204)\361\031\355\367\211lB<z\322SaP\027\336\253\202\231\364(S\023#\206\274X\246\222-\007>\243\252\271\235\330\360\300$$>x\200\3664\373P\0312\262\253\351\035\214\260\336\037!\340\337w\327\364\353\202\243\240<'Mb\336\312E\233'\345-\035<s!\002\005\363\0222\231\333G\357\305\020\014\241\033\231\261Z#\243\036\0267\020\210\265\022\240%\336\332\221\202\352vF0D\002 \024\250\301\307\222\262j\254V\244V\200\363\360\215\321\240hG\017\nL)OR?2\332\314\366UR\002 1\327d\302pF\0073\332\345\256j\357\307\273\351\034\002\234\345\322@jBqBa\212\313\335ED""; "
1750576788200,1750576788200,2995,1,2,0,TMGetLedger,"itype: liTS_CANDIDATE; ledgerHash: ""\371K:\022He\314\263eC~\177\210\334\177\340\200\002\203\253\204\310\221\371\030\364\002\242\014\367\032\323""; nodeIDs: ""\000\000\000\000\000\000\000\000\000\000\000\000\000\000\000\000\000\000\000\000\000\000\000\000\000\000\000\000\000\000\000\000\000""; requestCookie: 3; queryType: qtINDIRECT; queryDepth: 3; ","itype: liTS_CANDIDATE; ledgerHash: ""\371K:\022He\314\263eC~\177\210\334\177\340\200\002\203\253\204\310\221\371\030\364\002\242\014\367\032\323""; nodeIDs: ""\000\000\000\000\000\000\000\000\000\000\000\000\000\000\000\000\000\000\000\000\000\000\000\000\000\000\000\000\000\000\000\000\000""; requestCookie: 3; queryType: qtINDIRECT; queryDepth: 3; "
1750576788222,1750576788222,3783,1,0,2,TMValidation,"validation: """"\200\000\000\001&\000\000\000\005)/\352k\024:\030\016l\375\261lU\035Qg\211\347_\031Mox0\032Ua,i\263?[\350\204)\361\031\355\367\211lB<z\322SaP\027\336\253\202\231\364(S\023#\206\274X\246\222-\007>\243\252\271\235\330\360\300$$>x\200\3664\373P\0312\262\253\351\035\214\260\336\037!\340\337w\327\364\353\202\243\240<'Mb\336\312E\233'\345-\035<s!\002\005\363\0222\231\333G\357\305\020\014\241\033\231\261Z#\243\036\0267\020\210\265\022\240%\336\332\221\202\352vF0D\002 \024\250\301\307\222\262j\254V\244V\200\363\360\215\321\240hG\017\nL)OR?2\332\314\366UR\002 1\327d\302pF\0073\332\345\256j\357\307\273\351\034\002\234\345\322@jBqBa\212\313\335ED""; ","validation: """"\200\000\000\001&\000\000\000\005)/\352k\024:\030\016l\375\261lU\035Qg\211\347_\031Mox0\032Ua,i\263?[\350\204)\361\031\355\367\211lB<z\322SaP\027\336\253\202\231\364(S\023#\206\274X\246\222-\007>\243\252\271\235\330\360\300$$>x\200\3664\373P\0312\262\253\351\035\214\260\336\037!\340\337w\327\364\353\202\243\240<'Mb\336\312E\233'\345-\035<s!\002\005\363\0222\231\333G\357\305\020\014\241\033\231\261Z#\243\036\0267\020\210\265\022\240%\336\332\221\202\352vF0D\002 \024\250\301\307\222\262j\254V\244V\200\363\360\215\321\240hG\017\nL)OR?2\332\314\366UR\002 1\327d\302pF\0073\332\345\256j\357\307\273\351\034\002\234\345\322@jBqBa\212\313\335ED""; "
1750576788223,1750576788223,1191,1,0,4,TMStatusChange,"newEvent: neACCEPTED_LEDGER; ledgerSeq: 5; ledgerHash: ""g\211\347_\031Mox0\032Ua,i\263?[\350\204)\361\031\355\367\211lB<z\322Sa""; ledgerHashPrevious: ""2\262\253\351\035\214\260\336\037!\340\337w\327\364\353\202\243\240<'Mb\336\312E\233'\345-\035<""; networkTime: 803891988; firstSeq: 1; lastSeq: 4; ","newEvent: neACCEPTED_LEDGER; ledgerSeq: 5; ledgerHash: ""g\211\347_\031Mox0\032Ua,i\263?[\350\204)\361\031\355\367\211lB<z\322Sa""; ledgerHashPrevious: ""2\262\253\351\035\214\260\336\037!\340\337w\327\364\353\202\243\240<'Mb\336\312E\233'\345-\035<""; networkTime: 803891988; firstSeq: 1; lastSeq: 4; "
1750576788223,1750576788223,3049,1,0,2,TMStatusChange,"newEvent: neACCEPTED_LEDGER; ledgerSeq: 5; ledgerHash: ""g\211\347_\031Mox0\032Ua,i\263?[\350\204)\361\031\355\367\211lB<z\322Sa""; ledgerHashPrevious: ""2\262\253\351\035\214\260\336\037!\340\337w\327\364\353\202\243\240<'Mb\336\312E\233'\345-\035<""; networkTime: 803891988; firstSeq: 1; lastSeq: 4; ","newEvent: neACCEPTED_LEDGER; ledgerSeq: 5; ledgerHash: ""g\211\347_\031Mox0\032Ua,i\263?[\350\204)\361\031\355\367\211lB<z\322Sa""; ledgerHashPrevious: ""2\262\253\351\035\214\260\336\037!\340\337w\327\364\353\202\243\240<'Mb\336\312E\233'\345-\035<""; networkTime: 803891988; firstSeq: 1; lastSeq: 4; "
1750576788223,1750576788223,2019,1,0,4,TMValidation,"validation: """"\200\000\000\001&\000\000\000\005)/\352k\024:\030\016l\375\261lU\035Qg\211\347_\031Mox0\032Ua,i\263?[\350\204)\361\031\355\367\211lB<z\322SaP\027\336\253\202\231\364(S\023#\206\274X\246\222-\007>\243\252\271\235\330\360\300$$>x\200\3664\373P\0312\262\253\351\035\214\260\336\037!\340\337w\327\364\353\202\243\240<'Mb\336\312E\233'\345-\035<s!\002\005\363\0222\231\333G\357\305\020\014\241\033\231\261Z#\243\036\0267\020\210\265\022\240%\336\332\221\202\352vF0D\002 \024\250\301\307\222\262j\254V\244V\200\363\360\215\321\240hG\017\nL)OR?2\332\314\366UR\002 1\327d\302pF\0073\332\345\256j\357\307\273\351\034\002\234\345\322@jBqBa\212\313\335ED""; ","validation: """"\200\000\000\001&\000\000\000\005)/\352k\024:\030\016l\375\261lU\035Qg\211\347_\031Mox0\032Ua,i\263?[\350\204)\361\031\355\367\211lB<z\322SaP\027\336\253\202\231\364(S\023#\206\274X\246\222-\007>\243\252\271\235\330\360\300$$>x\200\3664\373P\0312\262\253\351\035\214\260\336\037!\340\337w\327\364\353\202\243\240<'Mb\336\312E\233'\345-\035<s!\002\005\363\0222\231\333G\357\305\020\014\241\033\231\261Z#\243\036\0267\020\210\265\022\240%\336\332\221\202\352vF0D\002 \024\250\301\307\222\262j\254V\244V\200\363\360\215\321\240hG\017\nL)OR?2\332\314\366UR\002 1\327d\302pF\0073\332\345\256j\357\307\273\351\034\002\234\345\322@jBqBa\212\313\335ED""; "
1750576788237,1750576788237,1940,1,3,0,TMGetLedger,"itype: liTS_CANDIDATE; ledgerHash: ""\371K:\022He\314\263eC~\177\210\334\177\340\200\002\203\253\204\310\221\371\030\364\002\242\014\367\032\323""; nodeIDs: ""\000\000\000\000\000\000\000\000\000\000\000\000\000\000\000\000\000\000\000\000\000\000\000\000\000\000\000\000\000\000\000\000\000""; queryType: qtINDIRECT; queryDepth: 3; ","itype: liTS_CANDIDATE; ledgerHash: ""\371K:\022He\314\263eC~\177\210\334\177\340\200\002\203\253\204\310\221\371\030\364\002\242\014\367\032\323""; nodeIDs: ""\000\000\000\000\000\000\000\000\000\000\000\000\000\000\000\000\000\000\000\000\000\000\000\000\000\000\000\000\000\000\000\000\000""; queryType: qtINDIRECT; queryDepth: 3; "
1750576788238,1750576788238,3433,1,3,2,TMGetLedger,"itype: liTS_CANDIDATE; ledgerHash: ""\371K:\022He\314\263eC~\177\210\334\177\340\200\002\203\253\204\310\221\371\030\364\002\242\014\367\032\323""; nodeIDs: ""\000\000\000\000\000\000\000\000\000\000\000\000\000\000\000\000\000\000\000\000\000\000\000\000\000\000\000\000\000\000\000\000\000""; queryType: qtINDIRECT; queryDepth: 3; ","itype: liTS_CANDIDATE; ledgerHash: ""\371K:\022He\314\263eC~\177\210\334\177\340\200\002\203\253\204\310\221\371\030\364\002\242\014\367\032\323""; nodeIDs: ""\000\000\000\000\000\000\000\000\000\000\000\000\000\000\000\000\000\000\000\000\000\000\000\000\000\000\000\000\000\000\000\000\000""; queryType: qtINDIRECT; queryDepth: 3; "
1750576788238,1750576788238,1407,1,3,1,TMGetLedger,"itype: liTS_CANDIDATE; ledgerHash: ""\371K:\022He\314\263eC~\177\210\334\177\340\200\002\203\253\204\310\221\371\030\364\002\242\014\367\032\323""; nodeIDs: ""\000\000\000\000\000\000\000\000\000\000\000\000\000\000\000\000\000\000\000\000\000\000\000\000\000\000\000\000\000\000\000\000\000""; queryType: qtINDIRECT; queryDepth: 3; ","itype: liTS_CANDIDATE; ledgerHash: ""\371K:\022He\314\263eC~\177\210\334\177\340\200\002\203\253\204\310\221\371\030\364\002\242\014\367\032\323""; nodeIDs: ""\000\000\000\000\000\000\000\000\000\000\000\000\000\000\000\000\000\000\000\000\000\000\000\000\000\000\000\000\000\000\000\000\000""; queryType: qtINDIRECT; queryDepth: 3; "
1750576788237,1750576788237,69,1,3,4,TMGetLedger,"itype: liTS_CANDIDATE; ledgerHash: ""\371K:\022He\314\263eC~\177\210\334\177\340\200\002\203\253\204\310\221\371\030\364\002\242\014\367\032\323""; nodeIDs: ""\000\000\000\000\000\000\000\000\000\000\000\000\000\000\000\000\000\000\000\000\000\000\000\000\000\000\000\000\000\000\000\000\000""; queryType: qtINDIRECT; queryDepth: 3; ","itype: liTS_CANDIDATE; ledgerHash: ""\371K:\022He\314\263eC~\177\210\334\177\340\200\002\203\253\204\310\221\371\030\364\002\242\014\367\032\323""; nodeIDs: ""\000\000\000\000\000\000\000\000\000\000\000\000\000\000\000\000\000\000\000\000\000\000\000\000\000\000\000\000\000\000\000\000\000""; queryType: qtINDIRECT; queryDepth: 3; "
