timestamp,timestamp_sent,action,send_amount,from_node_id,to_node_id,message_type,original_data,possibly_mutated_data
1750534545555,1750534545555,3610,1,1,2,TMStatusChange,"newEvent: neCLOSING_LEDGER; ledgerSeq: 1; ledgerHash: ""-}\351f\032\255\274\334m\326c\017\014ao[\342\230\003\245\245\3341Hm\326^\017jy\335\261""; ledgerHashPrevious: ""\000\000\000\000\000\000\000\000\000\000\000\000\000\000\000\000\000\000\000\000\000\000\000\000\000\000\000\000\000\000\000\000""; networkTime: 803849745; firstSeq: 1; lastSeq: 1; ","newEvent: neCLOSING_LEDGER; ledgerSeq: 1; ledgerHash: ""-}\351f\032\255\274\334m\326c\017\014ao[\342\230\003\245\245\3341Hm\326^\017jy\335\261""; ledgerHashPrevious: ""\000\000\000\000\000\000\000\000\000\000\000\000\000\000\000\000\000\000\000\000\000\000\000\000\000\000\000\000\000\000\000\000""; networkTime: 803849745; firstSeq: 1; lastSeq: 1; "
1750534545555,1750534545555,2396,1,1,3,TMStatusChange,"newEvent: neCLOSING_LEDGER; ledgerSeq: 1; ledgerHash: ""-}\351f\032\255\274\334m\326c\017\014ao[\342\230\003\245\245\3341Hm\326^\017jy\335\261""; ledgerHashPrevious: ""\000\000\000\000\000\000\000\000\000\000\000\000\000\000\000\000\000\000\000\000\000\000\000\000\000\000\000\000\000\000\000\000""; networkTime: 803849745; firstSeq: 1; lastSeq: 1; ","newEvent: neCLOSING_LEDGER; ledgerSeq: 1; ledgerHash: ""-}\351f\032\255\274\334m\326c\017\014ao[\342\230\003\245\245\3341Hm\326^\017jy\335\261""; ledgerHashPrevious: ""\000\000\000\000\000\000\000\000\000\000\000\000\000\000\000\000\000\000\000\000\000\000\000\000\000\000\000\000\000\000\000\000""; networkTime: 803849745; firstSeq: 1; lastSeq: 1; "
1750534545557,1750534545557,609,1,1,4,TMStatusChange,"newEvent: neCLOSING_LEDGER; ledgerSeq: 1; ledgerHash: ""-}\351f\032\255\274\334m\326c\017\014ao[\342\230\003\245\245\3341Hm\326^\017jy\335\261""; ledgerHashPrevious: ""\000\000\000\000\000\000\000\000\000\000\000\000\000\000\000\000\000\000\000\000\000\000\000\000\000\000\000\000\000\000\000\000""; networkTime: 803849745; firstSeq: 1; lastSeq: 1; ","newEvent: neCLOSING_LEDGER; ledgerSeq: 1; ledgerHash: ""-}\351f\032\255\274\334m\326c\017\014ao[\342\230\003\245\245\3341Hm\326^\017jy\335\261""; ledgerHashPrevious: ""\000\000\000\000\000\000\000\000\000\000\000\000\000\000\000\000\000\000\000\000\000\000\000\000\000\000\000\000\000\000\000\000""; networkTime: 803849745; firstSeq: 1; lastSeq: 1; "
1750534545558,1750534545558,2634,1,1,0,TMStatusChange,"newEvent: neCLOSING_LEDGER; ledgerSeq: 1; ledgerHash: ""-}\351f\032\255\274\334m\326c\017\014ao[\342\230\003\245\245\3341Hm\326^\017jy\335\261""; ledgerHashPrevious: ""\000\000\000\000\000\000\000\000\000\000\000\000\000\000\000\000\000\000\000\000\000\000\000\000\000\000\000\000\000\000\000\000""; networkTime: 803849745; firstSeq: 1; lastSeq: 1; ","newEvent: neCLOSING_LEDGER; ledgerSeq: 1; ledgerHash: ""-}\351f\032\255\274\334m\326c\017\014ao[\342\230\003\245\245\3341Hm\326^\017jy\335\261""; ledgerHashPrevious: ""\000\000\000\000\000\000\000\000\000\000\000\000\000\000\000\000\000\000\000\000\000\000\000\000\000\000\000\000\000\000\000\000""; networkTime: 803849745; firstSeq: 1; lastSeq: 1; "
1750534545557,1750534545557,3404,1,2,1,TMStatusChange,"newEvent: neCLOSING_LEDGER; ledgerSeq: 1; ledgerHash: ""-}\351f\032\255\274\334m\326c\017\014ao[\342\230\003\245\245\3341Hm\326^\017jy\335\261""; ledgerHashPrevious: ""\000\000\000\000\000\000\000\000\000\000\000\000\000\000\000\000\000\000\000\000\000\000\000\000\000\000\000\000\000\000\000\000""; networkTime: 803849745; firstSeq: 1; lastSeq: 1; ","newEvent: neCLOSING_LEDGER; ledgerSeq: 1; ledgerHash: ""-}\351f\032\255\274\334m\326c\017\014ao[\342\230\003\245\245\3341Hm\326^\017jy\335\261""; ledgerHashPrevious: ""\000\000\000\000\000\000\000\000\000\000\000\000\000\000\000\000\000\000\000\000\000\000\000\000\000\000\000\000\000\000\000\000""; networkTime: 803849745; firstSeq: 1; lastSeq: 1; "
1750534545558,1750534545558,2972,1,2,3,TMStatusChange,"newEvent: neCLOSING_LEDGER; ledgerSeq: 1; ledgerHash: ""-}\351f\032\255\274\334m\326c\017\014ao[\342\230\003\245\245\3341Hm\326^\017jy\335\261""; ledgerHashPrevious: ""\000\000\000\000\000\000\000\000\000\000\000\000\000\000\000\000\000\000\000\000\000\000\000\000\000\000\000\000\000\000\000\000""; networkTime: 803849745; firstSeq: 1; lastSeq: 1; ","newEvent: neCLOSING_LEDGER; ledgerSeq: 1; ledgerHash: ""-}\351f\032\255\274\334m\326c\017\014ao[\342\230\003\245\245\3341Hm\326^\017jy\335\261""; ledgerHashPrevious: ""\000\000\000\000\000\000\000\000\000\000\000\000\000\000\000\000\000\000\000\000\000\000\000\000\000\000\000\000\000\000\000\000""; networkTime: 803849745; firstSeq: 1; lastSeq: 1; "
1750534545558,1750534545558,3464,1,4,0,TMStatusChange,"newEvent: neCLOSING_LEDGER; ledgerSeq: 1; ledgerHash: ""-}\351f\032\255\274\334m\326c\017\014ao[\342\230\003\245\245\3341Hm\326^\017jy\335\261""; ledgerHashPrevious: ""\000\000\000\000\000\000\000\000\000\000\000\000\000\000\000\000\000\000\000\000\000\000\000\000\000\000\000\000\000\000\000\000""; networkTime: 803849745; firstSeq: 1; lastSeq: 1; ","newEvent: neCLOSING_LEDGER; ledgerSeq: 1; ledgerHash: ""-}\351f\032\255\274\334m\326c\017\014ao[\342\230\003\245\245\3341Hm\326^\017jy\335\261""; ledgerHashPrevious: ""\000\000\000\000\000\000\000\000\000\000\000\000\000\000\000\000\000\000\000\000\000\000\000\000\000\000\000\000\000\000\000\000""; networkTime: 803849745; firstSeq: 1; lastSeq: 1; "
1750534545558,1750534545558,924,1,4,1,TMStatusChange,"newEvent: neCLOSING_LEDGER; ledgerSeq: 1; ledgerHash: ""-}\351f\032\255\274\334m\326c\017\014ao[\342\230\003\245\245\3341Hm\326^\017jy\335\261""; ledgerHashPrevious: ""\000\000\000\000\000\000\000\000\000\000\000\000\000\000\000\000\000\000\000\000\000\000\000\000\000\000\000\000\000\000\000\000""; networkTime: 803849745; firstSeq: 1; lastSeq: 1; ","newEvent: neCLOSING_LEDGER; ledgerSeq: 1; ledgerHash: ""-}\351f\032\255\274\334m\326c\017\014ao[\342\230\003\245\245\3341Hm\326^\017jy\335\261""; ledgerHashPrevious: ""\000\000\000\000\000\000\000\000\000\000\000\000\000\000\000\000\000\000\000\000\000\000\000\000\000\000\000\000\000\000\000\000""; networkTime: 803849745; firstSeq: 1; lastSeq: 1; "
1750534545559,1750534545559,2506,1,2,4,TMStatusChange,"newEvent: neCLOSING_LEDGER; ledgerSeq: 1; ledgerHash: ""-}\351f\032\255\274\334m\326c\017\014ao[\342\230\003\245\245\3341Hm\326^\017jy\335\261""; ledgerHashPrevious: ""\000\000\000\000\000\000\000\000\000\000\000\000\000\000\000\000\000\000\000\000\000\000\000\000\000\000\000\000\000\000\000\000""; networkTime: 803849745; firstSeq: 1; lastSeq: 1; ","newEvent: neCLOSING_LEDGER; ledgerSeq: 1; ledgerHash: ""-}\351f\032\255\274\334m\326c\017\014ao[\342\230\003\245\245\3341Hm\326^\017jy\335\261""; ledgerHashPrevious: ""\000\000\000\000\000\000\000\000\000\000\000\000\000\000\000\000\000\000\000\000\000\000\000\000\000\000\000\000\000\000\000\000""; networkTime: 803849745; firstSeq: 1; lastSeq: 1; "
1750534545559,1750534545559,3994,1,4,2,TMStatusChange,"newEvent: neCLOSING_LEDGER; ledgerSeq: 1; ledgerHash: ""-}\351f\032\255\274\334m\326c\017\014ao[\342\230\003\245\245\3341Hm\326^\017jy\335\261""; ledgerHashPrevious: ""\000\000\000\000\000\000\000\000\000\000\000\000\000\000\000\000\000\000\000\000\000\000\000\000\000\000\000\000\000\000\000\000""; networkTime: 803849745; firstSeq: 1; lastSeq: 1; ","newEvent: neCLOSING_LEDGER; ledgerSeq: 1; ledgerHash: ""-}\351f\032\255\274\334m\326c\017\014ao[\342\230\003\245\245\3341Hm\326^\017jy\335\261""; ledgerHashPrevious: ""\000\000\000\000\000\000\000\000\000\000\000\000\000\000\000\000\000\000\000\000\000\000\000\000\000\000\000\000\000\000\000\000""; networkTime: 803849745; firstSeq: 1; lastSeq: 1; "
1750534545560,1750534545560,0,1,4,1,TMEndpoints,version: 2; ,version: 2; 
1750534545561,1750534545561,2401,1,2,0,TMStatusChange,"newEvent: neCLOSING_LEDGER; ledgerSeq: 1; ledgerHash: ""-}\351f\032\255\274\334m\326c\017\014ao[\342\230\003\245\245\3341Hm\326^\017jy\335\261""; ledgerHashPrevious: ""\000\000\000\000\000\000\000\000\000\000\000\000\000\000\000\000\000\000\000\000\000\000\000\000\000\000\000\000\000\000\000\000""; networkTime: 803849745; firstSeq: 1; lastSeq: 1; ","newEvent: neCLOSING_LEDGER; ledgerSeq: 1; ledgerHash: ""-}\351f\032\255\274\334m\326c\017\014ao[\342\230\003\245\245\3341Hm\326^\017jy\335\261""; ledgerHashPrevious: ""\000\000\000\000\000\000\000\000\000\000\000\000\000\000\000\000\000\000\000\000\000\000\000\000\000\000\000\000\000\000\000\000""; networkTime: 803849745; firstSeq: 1; lastSeq: 1; "
1750534545561,1750534545561,0,1,4,0,TMEndpoints,version: 2; ,version: 2; 
1750534545562,1750534545562,0,1,4,2,TMEndpoints,version: 2; ,version: 2; 
1750534545796,1750534545796,132,1,0,4,TMStatusChange,"newEvent: neCLOSING_LEDGER; ledgerSeq: 1; ledgerHash: ""-}\351f\032\255\274\334m\326c\017\014ao[\342\230\003\245\245\3341Hm\326^\017jy\335\261""; ledgerHashPrevious: ""\000\000\000\000\000\000\000\000\000\000\000\000\000\000\000\000\000\000\000\000\000\000\000\000\000\000\000\000\000\000\000\000""; networkTime: 803849745; firstSeq: 1; lastSeq: 1; ","newEvent: neCLOSING_LEDGER; ledgerSeq: 1; ledgerHash: ""-}\351f\032\255\274\334m\326c\017\014ao[\342\230\003\245\245\3341Hm\326^\017jy\335\261""; ledgerHashPrevious: ""\000\000\000\000\000\000\000\000\000\000\000\000\000\000\000\000\000\000\000\000\000\000\000\000\000\000\000\000\000\000\000\000""; networkTime: 803849745; firstSeq: 1; lastSeq: 1; "
1750534545797,1750534545797,2691,1,0,1,TMStatusChange,"newEvent: neCLOSING_LEDGER; ledgerSeq: 1; ledgerHash: ""-}\351f\032\255\274\334m\326c\017\014ao[\342\230\003\245\245\3341Hm\326^\017jy\335\261""; ledgerHashPrevious: ""\000\000\000\000\000\000\000\000\000\000\000\000\000\000\000\000\000\000\000\000\000\000\000\000\000\000\000\000\000\000\000\000""; networkTime: 803849745; firstSeq: 1; lastSeq: 1; ","newEvent: neCLOSING_LEDGER; ledgerSeq: 1; ledgerHash: ""-}\351f\032\255\274\334m\326c\017\014ao[\342\230\003\245\245\3341Hm\326^\017jy\335\261""; ledgerHashPrevious: ""\000\000\000\000\000\000\000\000\000\000\000\000\000\000\000\000\000\000\000\000\000\000\000\000\000\000\000\000\000\000\000\000""; networkTime: 803849745; firstSeq: 1; lastSeq: 1; "
1750534545797,1750534545797,1447,1,0,2,TMStatusChange,"newEvent: neCLOSING_LEDGER; ledgerSeq: 1; ledgerHash: ""-}\351f\032\255\274\334m\326c\017\014ao[\342\230\003\245\245\3341Hm\326^\017jy\335\261""; ledgerHashPrevious: ""\000\000\000\000\000\000\000\000\000\000\000\000\000\000\000\000\000\000\000\000\000\000\000\000\000\000\000\000\000\000\000\000""; networkTime: 803849745; firstSeq: 1; lastSeq: 1; ","newEvent: neCLOSING_LEDGER; ledgerSeq: 1; ledgerHash: ""-}\351f\032\255\274\334m\326c\017\014ao[\342\230\003\245\245\3341Hm\326^\017jy\335\261""; ledgerHashPrevious: ""\000\000\000\000\000\000\000\000\000\000\000\000\000\000\000\000\000\000\000\000\000\000\000\000\000\000\000\000\000\000\000\000""; networkTime: 803849745; firstSeq: 1; lastSeq: 1; "
1750534545797,1750534545797,510,1,0,3,TMStatusChange,"newEvent: neCLOSING_LEDGER; ledgerSeq: 1; ledgerHash: ""-}\351f\032\255\274\334m\326c\017\014ao[\342\230\003\245\245\3341Hm\326^\017jy\335\261""; ledgerHashPrevious: ""\000\000\000\000\000\000\000\000\000\000\000\000\000\000\000\000\000\000\000\000\000\000\000\000\000\000\000\000\000\000\000\000""; networkTime: 803849745; firstSeq: 1; lastSeq: 1; ","newEvent: neCLOSING_LEDGER; ledgerSeq: 1; ledgerHash: ""-}\351f\032\255\274\334m\326c\017\014ao[\342\230\003\245\245\3341Hm\326^\017jy\335\261""; ledgerHashPrevious: ""\000\000\000\000\000\000\000\000\000\000\000\000\000\000\000\000\000\000\000\000\000\000\000\000\000\000\000\000\000\000\000\000""; networkTime: 803849745; firstSeq: 1; lastSeq: 1; "
1750534545859,1750534545859,2642,1,3,2,TMStatusChange,"newEvent: neCLOSING_LEDGER; ledgerSeq: 1; ledgerHash: ""-}\351f\032\255\274\334m\326c\017\014ao[\342\230\003\245\245\3341Hm\326^\017jy\335\261""; ledgerHashPrevious: ""\000\000\000\000\000\000\000\000\000\000\000\000\000\000\000\000\000\000\000\000\000\000\000\000\000\000\000\000\000\000\000\000""; networkTime: 803849745; firstSeq: 1; lastSeq: 1; ","newEvent: neCLOSING_LEDGER; ledgerSeq: 1; ledgerHash: ""-}\351f\032\255\274\334m\326c\017\014ao[\342\230\003\245\245\3341Hm\326^\017jy\335\261""; ledgerHashPrevious: ""\000\000\000\000\000\000\000\000\000\000\000\000\000\000\000\000\000\000\000\000\000\000\000\000\000\000\000\000\000\000\000\000""; networkTime: 803849745; firstSeq: 1; lastSeq: 1; "
1750534545861,1750534545861,1576,1,3,1,TMStatusChange,"newEvent: neCLOSING_LEDGER; ledgerSeq: 1; ledgerHash: ""-}\351f\032\255\274\334m\326c\017\014ao[\342\230\003\245\245\3341Hm\326^\017jy\335\261""; ledgerHashPrevious: ""\000\000\000\000\000\000\000\000\000\000\000\000\000\000\000\000\000\000\000\000\000\000\000\000\000\000\000\000\000\000\000\000""; networkTime: 803849745; firstSeq: 1; lastSeq: 1; ","newEvent: neCLOSING_LEDGER; ledgerSeq: 1; ledgerHash: ""-}\351f\032\255\274\334m\326c\017\014ao[\342\230\003\245\245\3341Hm\326^\017jy\335\261""; ledgerHashPrevious: ""\000\000\000\000\000\000\000\000\000\000\000\000\000\000\000\000\000\000\000\000\000\000\000\000\000\000\000\000\000\000\000\000""; networkTime: 803849745; firstSeq: 1; lastSeq: 1; "
1750534545861,1750534545861,3998,1,3,4,TMStatusChange,"newEvent: neCLOSING_LEDGER; ledgerSeq: 1; ledgerHash: ""-}\351f\032\255\274\334m\326c\017\014ao[\342\230\003\245\245\3341Hm\326^\017jy\335\261""; ledgerHashPrevious: ""\000\000\000\000\000\000\000\000\000\000\000\000\000\000\000\000\000\000\000\000\000\000\000\000\000\000\000\000\000\000\000\000""; networkTime: 803849745; firstSeq: 1; lastSeq: 1; ","newEvent: neCLOSING_LEDGER; ledgerSeq: 1; ledgerHash: ""-}\351f\032\255\274\334m\326c\017\014ao[\342\230\003\245\245\3341Hm\326^\017jy\335\261""; ledgerHashPrevious: ""\000\000\000\000\000\000\000\000\000\000\000\000\000\000\000\000\000\000\000\000\000\000\000\000\000\000\000\000\000\000\000\000""; networkTime: 803849745; firstSeq: 1; lastSeq: 1; "
1750534545862,1750534545862,577,1,3,0,TMStatusChange,"newEvent: neCLOSING_LEDGER; ledgerSeq: 1; ledgerHash: ""-}\351f\032\255\274\334m\326c\017\014ao[\342\230\003\245\245\3341Hm\326^\017jy\335\261""; ledgerHashPrevious: ""\000\000\000\000\000\000\000\000\000\000\000\000\000\000\000\000\000\000\000\000\000\000\000\000\000\000\000\000\000\000\000\000""; networkTime: 803849745; firstSeq: 1; lastSeq: 1; ","newEvent: neCLOSING_LEDGER; ledgerSeq: 1; ledgerHash: ""-}\351f\032\255\274\334m\326c\017\014ao[\342\230\003\245\245\3341Hm\326^\017jy\335\261""; ledgerHashPrevious: ""\000\000\000\000\000\000\000\000\000\000\000\000\000\000\000\000\000\000\000\000\000\000\000\000\000\000\000\000\000\000\000\000""; networkTime: 803849745; firstSeq: 1; lastSeq: 1; "
1750534560472,1750534560473,2922,1,1,3,TMValidation,"validation: """"\200\000\000\000&\000\000\000\002)/\351\306 :g\233\2308\345\027\233VQ\334\200\321D\003\276An\321\213w\004sl\253\206\007\032\007 W\242\020\237>\356\243\251\220t\203\nP\027\000\000\000\000\000\000\000\000\000\000\000\000\000\000\000\000\000\000\000\000\000\000\000\000\000\000\000\000\000\000\000\000P\031-}\351f\032\255\274\334m\326c\017\014ao[\342\230\003\245\245\3341Hm\326^\017jy\335\261s!\002\372""\264\241\373W\017d\005\376\327\n\354!\351#\207\207\020\242\244\330\177\306\006Q\267\360k&\000\034vF0D\002 \017 \226\232\253r\303$s\210\336 j\275\341\036\241a\325\325\016\270\345\002\207 \271\227E7S\302\002 9\007\253c\222V\231.[o\037\202\214\310\235/\337y\020\375\242\256\373L\3560\025l\370w~\342""; ","validation: """"\200\000\000\000&\000\000\000\002)/\351\306 :g\233\2308\345\027\233VQ\334\200\321D\003\276An\321\213w\004sl\253\206\007\032\007 W\242\020\237>\356\243\251\220t\203\nP\027\000\000\000\000\000\000\000\000\000\000\000\000\000\000\000\000\000\000\000\000\000\000\000\000\000\000\000\000\000\000\000\000P\031-}\351f\032\255\274\334m\326c\017\014ao[\342\230\003\245\245\3341Hm\326^\017jy\335\261s!\002\372""\264\241\373W\017d\005\376\327\n\354!\351#\207\207\020\242\244\330\177\306\006Q\267\360k&\000\034vF0D\002 \017 \226\232\253r\303$s\210\336 j\275\341\036\241a\325\325\016\270\345\002\207 \271\227E7S\302\002 9\007\253c\222V\231.[o\037\202\214\310\235/\337y\020\375\242\256\373L\3560\025l\370w~\342""; "
1750534560474,1750534560474,3610,1,1,2,TMStatusChange,"newEvent: neACCEPTED_LEDGER; ledgerSeq: 2; ledgerHash: ""\334\200\321D\003\276An\321\213w\004sl\253\206\007\032\007 W\242\020\237>\356\243\251\220t\203\n""; ledgerHashPrevious: ""-}\351f\032\255\274\334m\326c\017\014ao[\342\230\003\245\245\3341Hm\326^\017jy\335\261""; networkTime: 803849760; firstSeq: 1; lastSeq: 1; ","newEvent: neACCEPTED_LEDGER; ledgerSeq: 2; ledgerHash: ""\334\200\321D\003\276An\321\213w\004sl\253\206\007\032\007 W\242\020\237>\356\243\251\220t\203\n""; ledgerHashPrevious: ""-}\351f\032\255\274\334m\326c\017\014ao[\342\230\003\245\245\3341Hm\326^\017jy\335\261""; networkTime: 803849760; firstSeq: 1; lastSeq: 1; "
1750534560473,1750534560473,3516,1,1,4,TMValidation,"validation: """"\200\000\000\000&\000\000\000\002)/\351\306 :g\233\2308\345\027\233VQ\334\200\321D\003\276An\321\213w\004sl\253\206\007\032\007 W\242\020\237>\356\243\251\220t\203\nP\027\000\000\000\000\000\000\000\000\000\000\000\000\000\000\000\000\000\000\000\000\000\000\000\000\000\000\000\000\000\000\000\000P\031-}\351f\032\255\274\334m\326c\017\014ao[\342\230\003\245\245\3341Hm\326^\017jy\335\261s!\002\372""\264\241\373W\017d\005\376\327\n\354!\351#\207\207\020\242\244\330\177\306\006Q\267\360k&\000\034vF0D\002 \017 \226\232\253r\303$s\210\336 j\275\341\036\241a\325\325\016\270\345\002\207 \271\227E7S\302\002 9\007\253c\222V\231.[o\037\202\214\310\235/\337y\020\375\242\256\373L\3560\025l\370w~\342""; ","validation: """"\200\000\000\000&\000\000\000\002)/\351\306 :g\233\2308\345\027\233VQ\334\200\321D\003\276An\321\213w\004sl\253\206\007\032\007 W\242\020\237>\356\243\251\220t\203\nP\027\000\000\000\000\000\000\000\000\000\000\000\000\000\000\000\000\000\000\000\000\000\000\000\000\000\000\000\000\000\000\000\000P\031-}\351f\032\255\274\334m\326c\017\014ao[\342\230\003\245\245\3341Hm\326^\017jy\335\261s!\002\372""\264\241\373W\017d\005\376\327\n\354!\351#\207\207\020\242\244\330\177\306\006Q\267\360k&\000\034vF0D\002 \017 \226\232\253r\303$s\210\336 j\275\341\036\241a\325\325\016\270\345\002\207 \271\227E7S\302\002 9\007\253c\222V\231.[o\037\202\214\310\235/\337y\020\375\242\256\373L\3560\025l\370w~\342""; "
1750534560473,1750534560473,2396,1,1,3,TMStatusChange,"newEvent: neACCEPTED_LEDGER; ledgerSeq: 2; ledgerHash: ""\334\200\321D\003\276An\321\213w\004sl\253\206\007\032\007 W\242\020\237>\356\243\251\220t\203\n""; ledgerHashPrevious: ""-}\351f\032\255\274\334m\326c\017\014ao[\342\230\003\245\245\3341Hm\326^\017jy\335\261""; networkTime: 803849760; firstSeq: 1; lastSeq: 1; ","newEvent: neACCEPTED_LEDGER; ledgerSeq: 2; ledgerHash: ""\334\200\321D\003\276An\321\213w\004sl\253\206\007\032\007 W\242\020\237>\356\243\251\220t\203\n""; ledgerHashPrevious: ""-}\351f\032\255\274\334m\326c\017\014ao[\342\230\003\245\245\3341Hm\326^\017jy\335\261""; networkTime: 803849760; firstSeq: 1; lastSeq: 1; "
1750534560474,1750534560475,2634,1,1,0,TMStatusChange,"newEvent: neACCEPTED_LEDGER; ledgerSeq: 2; ledgerHash: ""\334\200\321D\003\276An\321\213w\004sl\253\206\007\032\007 W\242\020\237>\356\243\251\220t\203\n""; ledgerHashPrevious: ""-}\351f\032\255\274\334m\326c\017\014ao[\342\230\003\245\245\3341Hm\326^\017jy\335\261""; networkTime: 803849760; firstSeq: 1; lastSeq: 1; ","newEvent: neACCEPTED_LEDGER; ledgerSeq: 2; ledgerHash: ""\334\200\321D\003\276An\321\213w\004sl\253\206\007\032\007 W\242\020\237>\356\243\251\220t\203\n""; ledgerHashPrevious: ""-}\351f\032\255\274\334m\326c\017\014ao[\342\230\003\245\245\3341Hm\326^\017jy\335\261""; networkTime: 803849760; firstSeq: 1; lastSeq: 1; "
1750534560475,1750534560475,609,1,1,4,TMStatusChange,"newEvent: neACCEPTED_LEDGER; ledgerSeq: 2; ledgerHash: ""\334\200\321D\003\276An\321\213w\004sl\253\206\007\032\007 W\242\020\237>\356\243\251\220t\203\n""; ledgerHashPrevious: ""-}\351f\032\255\274\334m\326c\017\014ao[\342\230\003\245\245\3341Hm\326^\017jy\335\261""; networkTime: 803849760; firstSeq: 1; lastSeq: 1; ","newEvent: neACCEPTED_LEDGER; ledgerSeq: 2; ledgerHash: ""\334\200\321D\003\276An\321\213w\004sl\253\206\007\032\007 W\242\020\237>\356\243\251\220t\203\n""; ledgerHashPrevious: ""-}\351f\032\255\274\334m\326c\017\014ao[\342\230\003\245\245\3341Hm\326^\017jy\335\261""; networkTime: 803849760; firstSeq: 1; lastSeq: 1; "
1750534560475,1750534560475,2663,1,1,2,TMValidation,"validation: """"\200\000\000\000&\000\000\000\002)/\351\306 :g\233\2308\345\027\233VQ\334\200\321D\003\276An\321\213w\004sl\253\206\007\032\007 W\242\020\237>\356\243\251\220t\203\nP\027\000\000\000\000\000\000\000\000\000\000\000\000\000\000\000\000\000\000\000\000\000\000\000\000\000\000\000\000\000\000\000\000P\031-}\351f\032\255\274\334m\326c\017\014ao[\342\230\003\245\245\3341Hm\326^\017jy\335\261s!\002\372""\264\241\373W\017d\005\376\327\n\354!\351#\207\207\020\242\244\330\177\306\006Q\267\360k&\000\034vF0D\002 \017 \226\232\253r\303$s\210\336 j\275\341\036\241a\325\325\016\270\345\002\207 \271\227E7S\302\002 9\007\253c\222V\231.[o\037\202\214\310\235/\337y\020\375\242\256\373L\3560\025l\370w~\342""; ","validation: """"\200\000\000\000&\000\000\000\002)/\351\306 :g\233\2308\345\027\233VQ\334\200\321D\003\276An\321\213w\004sl\253\206\007\032\007 W\242\020\237>\356\243\251\220t\203\nP\027\000\000\000\000\000\000\000\000\000\000\000\000\000\000\000\000\000\000\000\000\000\000\000\000\000\000\000\000\000\000\000\000P\031-}\351f\032\255\274\334m\326c\017\014ao[\342\230\003\245\245\3341Hm\326^\017jy\335\261s!\002\372""\264\241\373W\017d\005\376\327\n\354!\351#\207\207\020\242\244\330\177\306\006Q\267\360k&\000\034vF0D\002 \017 \226\232\253r\303$s\210\336 j\275\341\036\241a\325\325\016\270\345\002\207 \271\227E7S\302\002 9\007\253c\222V\231.[o\037\202\214\310\235/\337y\020\375\242\256\373L\3560\025l\370w~\342""; "
1750534560475,1750534560475,2295,1,1,0,TMValidation,"validation: """"\200\000\000\000&\000\000\000\002)/\351\306 :g\233\2308\345\027\233VQ\334\200\321D\003\276An\321\213w\004sl\253\206\007\032\007 W\242\020\237>\356\243\251\220t\203\nP\027\000\000\000\000\000\000\000\000\000\000\000\000\000\000\000\000\000\000\000\000\000\000\000\000\000\000\000\000\000\000\000\000P\031-}\351f\032\255\274\334m\326c\017\014ao[\342\230\003\245\245\3341Hm\326^\017jy\335\261s!\002\372""\264\241\373W\017d\005\376\327\n\354!\351#\207\207\020\242\244\330\177\306\006Q\267\360k&\000\034vF0D\002 \017 \226\232\253r\303$s\210\336 j\275\341\036\241a\325\325\016\270\345\002\207 \271\227E7S\302\002 9\007\253c\222V\231.[o\037\202\214\310\235/\337y\020\375\242\256\373L\3560\025l\370w~\342""; ","validation: """"\200\000\000\000&\000\000\000\002)/\351\306 :g\233\2308\345\027\233VQ\334\200\321D\003\276An\321\213w\004sl\253\206\007\032\007 W\242\020\237>\356\243\251\220t\203\nP\027\000\000\000\000\000\000\000\000\000\000\000\000\000\000\000\000\000\000\000\000\000\000\000\000\000\000\000\000\000\000\000\000P\031-}\351f\032\255\274\334m\326c\017\014ao[\342\230\003\245\245\3341Hm\326^\017jy\335\261s!\002\372""\264\241\373W\017d\005\376\327\n\354!\351#\207\207\020\242\244\330\177\306\006Q\267\360k&\000\034vF0D\002 \017 \226\232\253r\303$s\210\336 j\275\341\036\241a\325\325\016\270\345\002\207 \271\227E7S\302\002 9\007\253c\222V\231.[o\037\202\214\310\235/\337y\020\375\242\256\373L\3560\025l\370w~\342""; "
1750534560487,1750534560487,3186,1,4,3,TMValidation,"validation: """"\200\000\000\000&\000\000\000\002)/\351\306 :\r\r\177\266\223\241\331\360Q\334\200\321D\003\276An\321\213w\004sl\253\206\007\032\007 W\242\020\237>\356\243\251\220t\203\nP\027\000\000\000\000\000\000\000\000\000\000\000\000\000\000\000\000\000\000\000\000\000\000\000\000\000\000\000\000\000\000\000\000P\031-}\351f\032\255\274\334m\326c\017\014ao[\342\230\003\245\245\3341Hm\326^\017jy\335\261s!\003\224\272y\037T\353\343\271\362E\205\262b\336.\367k\372\000\221\360\360'M\2377\341I\3077?\362vG0E\002!\000\302\321:""\002\272\360I\275\027\272\227\260\324\220-(J\014\304\230\264\301[\311y\255\267<\363\027\341\002 J\354\242\010\024\020\355W\200\032\230\310\203\266`P\257P7\002\033\327^\222\304&\004}\336\375!\322""; ","validation: """"\200\000\000\000&\000\000\000\002)/\351\306 :\r\r\177\266\223\241\331\360Q\334\200\321D\003\276An\321\213w\004sl\253\206\007\032\007 W\242\020\237>\356\243\251\220t\203\nP\027\000\000\000\000\000\000\000\000\000\000\000\000\000\000\000\000\000\000\000\000\000\000\000\000\000\000\000\000\000\000\000\000P\031-}\351f\032\255\274\334m\326c\017\014ao[\342\230\003\245\245\3341Hm\326^\017jy\335\261s!\003\224\272y\037T\353\343\271\362E\205\262b\336.\367k\372\000\221\360\360'M\2377\341I\3077?\362vG0E\002!\000\302\321:""\002\272\360I\275\027\272\227\260\324\220-(J\014\304\230\264\301[\311y\255\267<\363\027\341\002 J\354\242\010\024\020\355W\200\032\230\310\203\266`P\257P7\002\033\327^\222\304&\004}\336\375!\322""; "
1750534560489,1750534560489,3584,1,4,0,TMValidation,"validation: """"\200\000\000\000&\000\000\000\002)/\351\306 :\r\r\177\266\223\241\331\360Q\334\200\321D\003\276An\321\213w\004sl\253\206\007\032\007 W\242\020\237>\356\243\251\220t\203\nP\027\000\000\000\000\000\000\000\000\000\000\000\000\000\000\000\000\000\000\000\000\000\000\000\000\000\000\000\000\000\000\000\000P\031-}\351f\032\255\274\334m\326c\017\014ao[\342\230\003\245\245\3341Hm\326^\017jy\335\261s!\003\224\272y\037T\353\343\271\362E\205\262b\336.\367k\372\000\221\360\360'M\2377\341I\3077?\362vG0E\002!\000\302\321:""\002\272\360I\275\027\272\227\260\324\220-(J\014\304\230\264\301[\311y\255\267<\363\027\341\002 J\354\242\010\024\020\355W\200\032\230\310\203\266`P\257P7\002\033\327^\222\304&\004}\336\375!\322""; ","validation: """"\200\000\000\000&\000\000\000\002)/\351\306 :\r\r\177\266\223\241\331\360Q\334\200\321D\003\276An\321\213w\004sl\253\206\007\032\007 W\242\020\237>\356\243\251\220t\203\nP\027\000\000\000\000\000\000\000\000\000\000\000\000\000\000\000\000\000\000\000\000\000\000\000\000\000\000\000\000\000\000\000\000P\031-}\351f\032\255\274\334m\326c\017\014ao[\342\230\003\245\245\3341Hm\326^\017jy\335\261s!\003\224\272y\037T\353\343\271\362E\205\262b\336.\367k\372\000\221\360\360'M\2377\341I\3077?\362vG0E\002!\000\302\321:""\002\272\360I\275\027\272\227\260\324\220-(J\014\304\230\264\301[\311y\255\267<\363\027\341\002 J\354\242\010\024\020\355W\200\032\230\310\203\266`P\257P7\002\033\327^\222\304&\004}\336\375!\322""; "
1750534560488,1750534560488,1505,1,4,2,TMValidation,"validation: """"\200\000\000\000&\000\000\000\002)/\351\306 :\r\r\177\266\223\241\331\360Q\334\200\321D\003\276An\321\213w\004sl\253\206\007\032\007 W\242\020\237>\356\243\251\220t\203\nP\027\000\000\000\000\000\000\000\000\000\000\000\000\000\000\000\000\000\000\000\000\000\000\000\000\000\000\000\000\000\000\000\000P\031-}\351f\032\255\274\334m\326c\017\014ao[\342\230\003\245\245\3341Hm\326^\017jy\335\261s!\003\224\272y\037T\353\343\271\362E\205\262b\336.\367k\372\000\221\360\360'M\2377\341I\3077?\362vG0E\002!\000\302\321:""\002\272\360I\275\027\272\227\260\324\220-(J\014\304\230\264\301[\311y\255\267<\363\027\341\002 J\354\242\010\024\020\355W\200\032\230\310\203\266`P\257P7\002\033\327^\222\304&\004}\336\375!\322""; ","validation: """"\200\000\000\000&\000\000\000\002)/\351\306 :\r\r\177\266\223\241\331\360Q\334\200\321D\003\276An\321\213w\004sl\253\206\007\032\007 W\242\020\237>\356\243\251\220t\203\nP\027\000\000\000\000\000\000\000\000\000\000\000\000\000\000\000\000\000\000\000\000\000\000\000\000\000\000\000\000\000\000\000\000P\031-}\351f\032\255\274\334m\326c\017\014ao[\342\230\003\245\245\3341Hm\326^\017jy\335\261s!\003\224\272y\037T\353\343\271\362E\205\262b\336.\367k\372\000\221\360\360'M\2377\341I\3077?\362vG0E\002!\000\302\321:""\002\272\360I\275\027\272\227\260\324\220-(J\014\304\230\264\301[\311y\255\267<\363\027\341\002 J\354\242\010\024\020\355W\200\032\230\310\203\266`P\257P7\002\033\327^\222\304&\004}\336\375!\322""; "
1750534560489,1750534560489,905,1,4,1,TMValidation,"validation: """"\200\000\000\000&\000\000\000\002)/\351\306 :\r\r\177\266\223\241\331\360Q\334\200\321D\003\276An\321\213w\004sl\253\206\007\032\007 W\242\020\237>\356\243\251\220t\203\nP\027\000\000\000\000\000\000\000\000\000\000\000\000\000\000\000\000\000\000\000\000\000\000\000\000\000\000\000\000\000\000\000\000P\031-}\351f\032\255\274\334m\326c\017\014ao[\342\230\003\245\245\3341Hm\326^\017jy\335\261s!\003\224\272y\037T\353\343\271\362E\205\262b\336.\367k\372\000\221\360\360'M\2377\341I\3077?\362vG0E\002!\000\302\321:""\002\272\360I\275\027\272\227\260\324\220-(J\014\304\230\264\301[\311y\255\267<\363\027\341\002 J\354\242\010\024\020\355W\200\032\230\310\203\266`P\257P7\002\033\327^\222\304&\004}\336\375!\322""; ","validation: """"\200\000\000\000&\000\000\000\002)/\351\306 :\r\r\177\266\223\241\331\360Q\334\200\321D\003\276An\321\213w\004sl\253\206\007\032\007 W\242\020\237>\356\243\251\220t\203\nP\027\000\000\000\000\000\000\000\000\000\000\000\000\000\000\000\000\000\000\000\000\000\000\000\000\000\000\000\000\000\000\000\000P\031-}\351f\032\255\274\334m\326c\017\014ao[\342\230\003\245\245\3341Hm\326^\017jy\335\261s!\003\224\272y\037T\353\343\271\362E\205\262b\336.\367k\372\000\221\360\360'M\2377\341I\3077?\362vG0E\002!\000\302\321:""\002\272\360I\275\027\272\227\260\324\220-(J\014\304\230\264\301[\311y\255\267<\363\027\341\002 J\354\242\010\024\020\355W\200\032\230\310\203\266`P\257P7\002\033\327^\222\304&\004}\336\375!\322""; "
1750534560489,1750534560489,3994,1,4,2,TMStatusChange,"newEvent: neACCEPTED_LEDGER; ledgerSeq: 2; ledgerHash: ""\334\200\321D\003\276An\321\213w\004sl\253\206\007\032\007 W\242\020\237>\356\243\251\220t\203\n""; ledgerHashPrevious: ""-}\351f\032\255\274\334m\326c\017\014ao[\342\230\003\245\245\3341Hm\326^\017jy\335\261""; networkTime: 803849760; firstSeq: 1; lastSeq: 1; ","newEvent: neACCEPTED_LEDGER; ledgerSeq: 2; ledgerHash: ""\334\200\321D\003\276An\321\213w\004sl\253\206\007\032\007 W\242\020\237>\356\243\251\220t\203\n""; ledgerHashPrevious: ""-}\351f\032\255\274\334m\326c\017\014ao[\342\230\003\245\245\3341Hm\326^\017jy\335\261""; networkTime: 803849760; firstSeq: 1; lastSeq: 1; "
1750534560489,1750534560489,3464,1,4,0,TMStatusChange,"newEvent: neACCEPTED_LEDGER; ledgerSeq: 2; ledgerHash: ""\334\200\321D\003\276An\321\213w\004sl\253\206\007\032\007 W\242\020\237>\356\243\251\220t\203\n""; ledgerHashPrevious: ""-}\351f\032\255\274\334m\326c\017\014ao[\342\230\003\245\245\3341Hm\326^\017jy\335\261""; networkTime: 803849760; firstSeq: 1; lastSeq: 1; ","newEvent: neACCEPTED_LEDGER; ledgerSeq: 2; ledgerHash: ""\334\200\321D\003\276An\321\213w\004sl\253\206\007\032\007 W\242\020\237>\356\243\251\220t\203\n""; ledgerHashPrevious: ""-}\351f\032\255\274\334m\326c\017\014ao[\342\230\003\245\245\3341Hm\326^\017jy\335\261""; networkTime: 803849760; firstSeq: 1; lastSeq: 1; "
1750534560488,1750534560488,327,1,4,3,TMStatusChange,"newEvent: neACCEPTED_LEDGER; ledgerSeq: 2; ledgerHash: ""\334\200\321D\003\276An\321\213w\004sl\253\206\007\032\007 W\242\020\237>\356\243\251\220t\203\n""; ledgerHashPrevious: ""-}\351f\032\255\274\334m\326c\017\014ao[\342\230\003\245\245\3341Hm\326^\017jy\335\261""; networkTime: 803849760; firstSeq: 1; lastSeq: 1; ","newEvent: neACCEPTED_LEDGER; ledgerSeq: 2; ledgerHash: ""\334\200\321D\003\276An\321\213w\004sl\253\206\007\032\007 W\242\020\237>\356\243\251\220t\203\n""; ledgerHashPrevious: ""-}\351f\032\255\274\334m\326c\017\014ao[\342\230\003\245\245\3341Hm\326^\017jy\335\261""; networkTime: 803849760; firstSeq: 1; lastSeq: 1; "
1750534560490,1750534560490,924,1,4,1,TMStatusChange,"newEvent: neACCEPTED_LEDGER; ledgerSeq: 2; ledgerHash: ""\334\200\321D\003\276An\321\213w\004sl\253\206\007\032\007 W\242\020\237>\356\243\251\220t\203\n""; ledgerHashPrevious: ""-}\351f\032\255\274\334m\326c\017\014ao[\342\230\003\245\245\3341Hm\326^\017jy\335\261""; networkTime: 803849760; firstSeq: 1; lastSeq: 1; ","newEvent: neACCEPTED_LEDGER; ledgerSeq: 2; ledgerHash: ""\334\200\321D\003\276An\321\213w\004sl\253\206\007\032\007 W\242\020\237>\356\243\251\220t\203\n""; ledgerHashPrevious: ""-}\351f\032\255\274\334m\326c\017\014ao[\342\230\003\245\245\3341Hm\326^\017jy\335\261""; networkTime: 803849760; firstSeq: 1; lastSeq: 1; "
1750534560493,1750534560493,2506,1,2,4,TMStatusChange,"newEvent: neACCEPTED_LEDGER; ledgerSeq: 2; ledgerHash: ""\334\200\321D\003\276An\321\213w\004sl\253\206\007\032\007 W\242\020\237>\356\243\251\220t\203\n""; ledgerHashPrevious: ""-}\351f\032\255\274\334m\326c\017\014ao[\342\230\003\245\245\3341Hm\326^\017jy\335\261""; networkTime: 803849760; firstSeq: 1; lastSeq: 1; ","newEvent: neACCEPTED_LEDGER; ledgerSeq: 2; ledgerHash: ""\334\200\321D\003\276An\321\213w\004sl\253\206\007\032\007 W\242\020\237>\356\243\251\220t\203\n""; ledgerHashPrevious: ""-}\351f\032\255\274\334m\326c\017\014ao[\342\230\003\245\245\3341Hm\326^\017jy\335\261""; networkTime: 803849760; firstSeq: 1; lastSeq: 1; "
1750534560494,1750534560494,2401,1,2,0,TMStatusChange,"newEvent: neACCEPTED_LEDGER; ledgerSeq: 2; ledgerHash: ""\334\200\321D\003\276An\321\213w\004sl\253\206\007\032\007 W\242\020\237>\356\243\251\220t\203\n""; ledgerHashPrevious: ""-}\351f\032\255\274\334m\326c\017\014ao[\342\230\003\245\245\3341Hm\326^\017jy\335\261""; networkTime: 803849760; firstSeq: 1; lastSeq: 1; ","newEvent: neACCEPTED_LEDGER; ledgerSeq: 2; ledgerHash: ""\334\200\321D\003\276An\321\213w\004sl\253\206\007\032\007 W\242\020\237>\356\243\251\220t\203\n""; ledgerHashPrevious: ""-}\351f\032\255\274\334m\326c\017\014ao[\342\230\003\245\245\3341Hm\326^\017jy\335\261""; networkTime: 803849760; firstSeq: 1; lastSeq: 1; "
1750534560493,1750534560493,3645,1,2,4,TMValidation,"validation: """"\200\000\000\000&\000\000\000\002)/\351\306 :B\316\273\233\270""\232TQ\334\200\321D\003\276An\321\213w\004sl\253\206\007\032\007 W\242\020\237>\356\243\251\220t\203\nP\027\000\000\000\000\000\000\000\000\000\000\000\000\000\000\000\000\000\000\000\000\000\000\000\000\000\000\000\000\000\000\000\000P\031-}\351f\032\255\274\334m\326c\017\014ao[\342\230\003\245\245\3341Hm\326^\017jy\335\261s!\002JF?\225\006Z\307\245\272\223\000g\257O\247\200\025\342\270\010\254Y\361Y\256\200\200\256\347}\016\325vG0E\002!\000\253\306\241\372\367\354\303\212\354VHM\0219\340\361T\24032)\031\242\351wE\n\326\002\246\217\365\002 \016\233T\365\226\345\202\370$\336\312)\232(u\254L-\021\376\230\315\345Al\335\203\374U|\017\240""; ","validation: """"\200\000\000\000&\000\000\000\002)/\351\306 :B\316\273\233\270""\232TQ\334\200\321D\003\276An\321\213w\004sl\253\206\007\032\007 W\242\020\237>\356\243\251\220t\203\nP\027\000\000\000\000\000\000\000\000\000\000\000\000\000\000\000\000\000\000\000\000\000\000\000\000\000\000\000\000\000\000\000\000P\031-}\351f\032\255\274\334m\326c\017\014ao[\342\230\003\245\245\3341Hm\326^\017jy\335\261s!\002JF?\225\006Z\307\245\272\223\000g\257O\247\200\025\342\270\010\254Y\361Y\256\200\200\256\347}\016\325vG0E\002!\000\253\306\241\372\367\354\303\212\354VHM\0219\340\361T\24032)\031\242\351wE\n\326\002\246\217\365\002 \016\233T\365\226\345\202\370$\336\312)\232(u\254L-\021\376\230\315\345Al\335\203\374U|\017\240""; "
1750534560494,1750534560494,550,1,2,0,TMValidation,"validation: """"\200\000\000\000&\000\000\000\002)/\351\306 :B\316\273\233\270""\232TQ\334\200\321D\003\276An\321\213w\004sl\253\206\007\032\007 W\242\020\237>\356\243\251\220t\203\nP\027\000\000\000\000\000\000\000\000\000\000\000\000\000\000\000\000\000\000\000\000\000\000\000\000\000\000\000\000\000\000\000\000P\031-}\351f\032\255\274\334m\326c\017\014ao[\342\230\003\245\245\3341Hm\326^\017jy\335\261s!\002JF?\225\006Z\307\245\272\223\000g\257O\247\200\025\342\270\010\254Y\361Y\256\200\200\256\347}\016\325vG0E\002!\000\253\306\241\372\367\354\303\212\354VHM\0219\340\361T\24032)\031\242\351wE\n\326\002\246\217\365\002 \016\233T\365\226\345\202\370$\336\312)\232(u\254L-\021\376\230\315\345Al\335\203\374U|\017\240""; ","validation: """"\200\000\000\000&\000\000\000\002)/\351\306 :B\316\273\233\270""\232TQ\334\200\321D\003\276An\321\213w\004sl\253\206\007\032\007 W\242\020\237>\356\243\251\220t\203\nP\027\000\000\000\000\000\000\000\000\000\000\000\000\000\000\000\000\000\000\000\000\000\000\000\000\000\000\000\000\000\000\000\000P\031-}\351f\032\255\274\334m\326c\017\014ao[\342\230\003\245\245\3341Hm\326^\017jy\335\261s!\002JF?\225\006Z\307\245\272\223\000g\257O\247\200\025\342\270\010\254Y\361Y\256\200\200\256\347}\016\325vG0E\002!\000\253\306\241\372\367\354\303\212\354VHM\0219\340\361T\24032)\031\242\351wE\n\326\002\246\217\365\002 \016\233T\365\226\345\202\370$\336\312)\232(u\254L-\021\376\230\315\345Al\335\203\374U|\017\240""; "
1750534560495,1750534560495,3404,1,2,1,TMStatusChange,"newEvent: neACCEPTED_LEDGER; ledgerSeq: 2; ledgerHash: ""\334\200\321D\003\276An\321\213w\004sl\253\206\007\032\007 W\242\020\237>\356\243\251\220t\203\n""; ledgerHashPrevious: ""-}\351f\032\255\274\334m\326c\017\014ao[\342\230\003\245\245\3341Hm\326^\017jy\335\261""; networkTime: 803849760; firstSeq: 1; lastSeq: 1; ","newEvent: neACCEPTED_LEDGER; ledgerSeq: 2; ledgerHash: ""\334\200\321D\003\276An\321\213w\004sl\253\206\007\032\007 W\242\020\237>\356\243\251\220t\203\n""; ledgerHashPrevious: ""-}\351f\032\255\274\334m\326c\017\014ao[\342\230\003\245\245\3341Hm\326^\017jy\335\261""; networkTime: 803849760; firstSeq: 1; lastSeq: 1; "
1750534560495,1750534560495,2823,1,2,1,TMValidation,"validation: """"\200\000\000\000&\000\000\000\002)/\351\306 :B\316\273\233\270""\232TQ\334\200\321D\003\276An\321\213w\004sl\253\206\007\032\007 W\242\020\237>\356\243\251\220t\203\nP\027\000\000\000\000\000\000\000\000\000\000\000\000\000\000\000\000\000\000\000\000\000\000\000\000\000\000\000\000\000\000\000\000P\031-}\351f\032\255\274\334m\326c\017\014ao[\342\230\003\245\245\3341Hm\326^\017jy\335\261s!\002JF?\225\006Z\307\245\272\223\000g\257O\247\200\025\342\270\010\254Y\361Y\256\200\200\256\347}\016\325vG0E\002!\000\253\306\241\372\367\354\303\212\354VHM\0219\340\361T\24032)\031\242\351wE\n\326\002\246\217\365\002 \016\233T\365\226\345\202\370$\336\312)\232(u\254L-\021\376\230\315\345Al\335\203\374U|\017\240""; ","validation: """"\200\000\000\000&\000\000\000\002)/\351\306 :B\316\273\233\270""\232TQ\334\200\321D\003\276An\321\213w\004sl\253\206\007\032\007 W\242\020\237>\356\243\251\220t\203\nP\027\000\000\000\000\000\000\000\000\000\000\000\000\000\000\000\000\000\000\000\000\000\000\000\000\000\000\000\000\000\000\000\000P\031-}\351f\032\255\274\334m\326c\017\014ao[\342\230\003\245\245\3341Hm\326^\017jy\335\261s!\002JF?\225\006Z\307\245\272\223\000g\257O\247\200\025\342\270\010\254Y\361Y\256\200\200\256\347}\016\325vG0E\002!\000\253\306\241\372\367\354\303\212\354VHM\0219\340\361T\24032)\031\242\351wE\n\326\002\246\217\365\002 \016\233T\365\226\345\202\370$\336\312)\232(u\254L-\021\376\230\315\345Al\335\203\374U|\017\240""; "
1750534560496,1750534560496,2972,1,2,3,TMStatusChange,"newEvent: neACCEPTED_LEDGER; ledgerSeq: 2; ledgerHash: ""\334\200\321D\003\276An\321\213w\004sl\253\206\007\032\007 W\242\020\237>\356\243\251\220t\203\n""; ledgerHashPrevious: ""-}\351f\032\255\274\334m\326c\017\014ao[\342\230\003\245\245\3341Hm\326^\017jy\335\261""; networkTime: 803849760; firstSeq: 1; lastSeq: 1; ","newEvent: neACCEPTED_LEDGER; ledgerSeq: 2; ledgerHash: ""\334\200\321D\003\276An\321\213w\004sl\253\206\007\032\007 W\242\020\237>\356\243\251\220t\203\n""; ledgerHashPrevious: ""-}\351f\032\255\274\334m\326c\017\014ao[\342\230\003\245\245\3341Hm\326^\017jy\335\261""; networkTime: 803849760; firstSeq: 1; lastSeq: 1; "
1750534560496,1750534560496,1028,1,2,3,TMValidation,"validation: """"\200\000\000\000&\000\000\000\002)/\351\306 :B\316\273\233\270""\232TQ\334\200\321D\003\276An\321\213w\004sl\253\206\007\032\007 W\242\020\237>\356\243\251\220t\203\nP\027\000\000\000\000\000\000\000\000\000\000\000\000\000\000\000\000\000\000\000\000\000\000\000\000\000\000\000\000\000\000\000\000P\031-}\351f\032\255\274\334m\326c\017\014ao[\342\230\003\245\245\3341Hm\326^\017jy\335\261s!\002JF?\225\006Z\307\245\272\223\000g\257O\247\200\025\342\270\010\254Y\361Y\256\200\200\256\347}\016\325vG0E\002!\000\253\306\241\372\367\354\303\212\354VHM\0219\340\361T\24032)\031\242\351wE\n\326\002\246\217\365\002 \016\233T\365\226\345\202\370$\336\312)\232(u\254L-\021\376\230\315\345Al\335\203\374U|\017\240""; ","validation: """"\200\000\000\000&\000\000\000\002)/\351\306 :B\316\273\233\270""\232TQ\334\200\321D\003\276An\321\213w\004sl\253\206\007\032\007 W\242\020\237>\356\243\251\220t\203\nP\027\000\000\000\000\000\000\000\000\000\000\000\000\000\000\000\000\000\000\000\000\000\000\000\000\000\000\000\000\000\000\000\000P\031-}\351f\032\255\274\334m\326c\017\014ao[\342\230\003\245\245\3341Hm\326^\017jy\335\261s!\002JF?\225\006Z\307\245\272\223\000g\257O\247\200\025\342\270\010\254Y\361Y\256\200\200\256\347}\016\325vG0E\002!\000\253\306\241\372\367\354\303\212\354VHM\0219\340\361T\24032)\031\242\351wE\n\326\002\246\217\365\002 \016\233T\365\226\345\202\370$\336\312)\232(u\254L-\021\376\230\315\345Al\335\203\374U|\017\240""; "
1750534560802,1750534560803,41,1,0,4,TMValidation,"validation: """"\200\000\000\000&\000\000\000\002)/\351\306 :7N\200|N\023\0008Q\334\200\321D\003\276An\321\213w\004sl\253\206\007\032\007 W\242\020\237>\356\243\251\220t\203\nP\027\000\000\000\000\000\000\000\000\000\000\000\000\000\000\000\000\000\000\000\000\000\000\000\000\000\000\000\000\000\000\000\000P\031-}\351f\032\255\274\334m\326c\017\014ao[\342\230\003\245\245\3341Hm\326^\017jy\335\261s!\003\370\2006Y\250^\211\245\211\351\231.\013\013\003 \335*-\014\034\311}\223\361\032\226\323\027Q\r\312vF0D\002 ~\007,\301J\326Pw\n\253x(\303\246!7\235\037\034>.\244[\311\264J\350\0345\316\023\026\002 ;M~\242\304n\334\233\025ML\323\307\365B\000\377`\374\273\351\263""\n{\007\302\306\362rR\225""; ","validation: """"\200\000\000\000&\000\000\000\002)/\351\306 :7N\200|N\023\0008Q\334\200\321D\003\276An\321\213w\004sl\253\206\007\032\007 W\242\020\237>\356\243\251\220t\203\nP\027\000\000\000\000\000\000\000\000\000\000\000\000\000\000\000\000\000\000\000\000\000\000\000\000\000\000\000\000\000\000\000\000P\031-}\351f\032\255\274\334m\326c\017\014ao[\342\230\003\245\245\3341Hm\326^\017jy\335\261s!\003\370\2006Y\250^\211\245\211\351\231.\013\013\003 \335*-\014\034\311}\223\361\032\226\323\027Q\r\312vF0D\002 ~\007,\301J\326Pw\n\253x(\303\246!7\235\037\034>.\244[\311\264J\350\0345\316\023\026\002 ;M~\242\304n\334\233\025ML\323\307\365B\000\377`\374\273\351\263""\n{\007\302\306\362rR\225""; "
1750534560803,1750534560803,132,1,0,4,TMStatusChange,"newEvent: neACCEPTED_LEDGER; ledgerSeq: 2; ledgerHash: ""\334\200\321D\003\276An\321\213w\004sl\253\206\007\032\007 W\242\020\237>\356\243\251\220t\203\n""; ledgerHashPrevious: ""-}\351f\032\255\274\334m\326c\017\014ao[\342\230\003\245\245\3341Hm\326^\017jy\335\261""; networkTime: 803849760; firstSeq: 1; lastSeq: 1; ","newEvent: neACCEPTED_LEDGER; ledgerSeq: 2; ledgerHash: ""\334\200\321D\003\276An\321\213w\004sl\253\206\007\032\007 W\242\020\237>\356\243\251\220t\203\n""; ledgerHashPrevious: ""-}\351f\032\255\274\334m\326c\017\014ao[\342\230\003\245\245\3341Hm\326^\017jy\335\261""; networkTime: 803849760; firstSeq: 1; lastSeq: 1; "
1750534560804,1750534560804,510,1,0,3,TMStatusChange,"newEvent: neACCEPTED_LEDGER; ledgerSeq: 2; ledgerHash: ""\334\200\321D\003\276An\321\213w\004sl\253\206\007\032\007 W\242\020\237>\356\243\251\220t\203\n""; ledgerHashPrevious: ""-}\351f\032\255\274\334m\326c\017\014ao[\342\230\003\245\245\3341Hm\326^\017jy\335\261""; networkTime: 803849760; firstSeq: 1; lastSeq: 1; ","newEvent: neACCEPTED_LEDGER; ledgerSeq: 2; ledgerHash: ""\334\200\321D\003\276An\321\213w\004sl\253\206\007\032\007 W\242\020\237>\356\243\251\220t\203\n""; ledgerHashPrevious: ""-}\351f\032\255\274\334m\326c\017\014ao[\342\230\003\245\245\3341Hm\326^\017jy\335\261""; networkTime: 803849760; firstSeq: 1; lastSeq: 1; "
1750534560805,1750534560805,1463,1,0,3,TMValidation,"validation: """"\200\000\000\000&\000\000\000\002)/\351\306 :7N\200|N\023\0008Q\334\200\321D\003\276An\321\213w\004sl\253\206\007\032\007 W\242\020\237>\356\243\251\220t\203\nP\027\000\000\000\000\000\000\000\000\000\000\000\000\000\000\000\000\000\000\000\000\000\000\000\000\000\000\000\000\000\000\000\000P\031-}\351f\032\255\274\334m\326c\017\014ao[\342\230\003\245\245\3341Hm\326^\017jy\335\261s!\003\370\2006Y\250^\211\245\211\351\231.\013\013\003 \335*-\014\034\311}\223\361\032\226\323\027Q\r\312vF0D\002 ~\007,\301J\326Pw\n\253x(\303\246!7\235\037\034>.\244[\311\264J\350\0345\316\023\026\002 ;M~\242\304n\334\233\025ML\323\307\365B\000\377`\374\273\351\263""\n{\007\302\306\362rR\225""; ","validation: """"\200\000\000\000&\000\000\000\002)/\351\306 :7N\200|N\023\0008Q\334\200\321D\003\276An\321\213w\004sl\253\206\007\032\007 W\242\020\237>\356\243\251\220t\203\nP\027\000\000\000\000\000\000\000\000\000\000\000\000\000\000\000\000\000\000\000\000\000\000\000\000\000\000\000\000\000\000\000\000P\031-}\351f\032\255\274\334m\326c\017\014ao[\342\230\003\245\245\3341Hm\326^\017jy\335\261s!\003\370\2006Y\250^\211\245\211\351\231.\013\013\003 \335*-\014\034\311}\223\361\032\226\323\027Q\r\312vF0D\002 ~\007,\301J\326Pw\n\253x(\303\246!7\235\037\034>.\244[\311\264J\350\0345\316\023\026\002 ;M~\242\304n\334\233\025ML\323\307\365B\000\377`\374\273\351\263""\n{\007\302\306\362rR\225""; "
1750534560805,1750534560805,71,1,0,2,TMValidation,"validation: """"\200\000\000\000&\000\000\000\002)/\351\306 :7N\200|N\023\0008Q\334\200\321D\003\276An\321\213w\004sl\253\206\007\032\007 W\242\020\237>\356\243\251\220t\203\nP\027\000\000\000\000\000\000\000\000\000\000\000\000\000\000\000\000\000\000\000\000\000\000\000\000\000\000\000\000\000\000\000\000P\031-}\351f\032\255\274\334m\326c\017\014ao[\342\230\003\245\245\3341Hm\326^\017jy\335\261s!\003\370\2006Y\250^\211\245\211\351\231.\013\013\003 \335*-\014\034\311}\223\361\032\226\323\027Q\r\312vF0D\002 ~\007,\301J\326Pw\n\253x(\303\246!7\235\037\034>.\244[\311\264J\350\0345\316\023\026\002 ;M~\242\304n\334\233\025ML\323\307\365B\000\377`\374\273\351\263""\n{\007\302\306\362rR\225""; ","validation: """"\200\000\000\000&\000\000\000\002)/\351\306 :7N\200|N\023\0008Q\334\200\321D\003\276An\321\213w\004sl\253\206\007\032\007 W\242\020\237>\356\243\251\220t\203\nP\027\000\000\000\000\000\000\000\000\000\000\000\000\000\000\000\000\000\000\000\000\000\000\000\000\000\000\000\000\000\000\000\000P\031-}\351f\032\255\274\334m\326c\017\014ao[\342\230\003\245\245\3341Hm\326^\017jy\335\261s!\003\370\2006Y\250^\211\245\211\351\231.\013\013\003 \335*-\014\034\311}\223\361\032\226\323\027Q\r\312vF0D\002 ~\007,\301J\326Pw\n\253x(\303\246!7\235\037\034>.\244[\311\264J\350\0345\316\023\026\002 ;M~\242\304n\334\233\025ML\323\307\365B\000\377`\374\273\351\263""\n{\007\302\306\362rR\225""; "
1750534560806,1750534560806,1447,1,0,2,TMStatusChange,"newEvent: neACCEPTED_LEDGER; ledgerSeq: 2; ledgerHash: ""\334\200\321D\003\276An\321\213w\004sl\253\206\007\032\007 W\242\020\237>\356\243\251\220t\203\n""; ledgerHashPrevious: ""-}\351f\032\255\274\334m\326c\017\014ao[\342\230\003\245\245\3341Hm\326^\017jy\335\261""; networkTime: 803849760; firstSeq: 1; lastSeq: 1; ","newEvent: neACCEPTED_LEDGER; ledgerSeq: 2; ledgerHash: ""\334\200\321D\003\276An\321\213w\004sl\253\206\007\032\007 W\242\020\237>\356\243\251\220t\203\n""; ledgerHashPrevious: ""-}\351f\032\255\274\334m\326c\017\014ao[\342\230\003\245\245\3341Hm\326^\017jy\335\261""; networkTime: 803849760; firstSeq: 1; lastSeq: 1; "
1750534560807,1750534560807,2691,1,0,1,TMStatusChange,"newEvent: neACCEPTED_LEDGER; ledgerSeq: 2; ledgerHash: ""\334\200\321D\003\276An\321\213w\004sl\253\206\007\032\007 W\242\020\237>\356\243\251\220t\203\n""; ledgerHashPrevious: ""-}\351f\032\255\274\334m\326c\017\014ao[\342\230\003\245\245\3341Hm\326^\017jy\335\261""; networkTime: 803849760; firstSeq: 1; lastSeq: 1; ","newEvent: neACCEPTED_LEDGER; ledgerSeq: 2; ledgerHash: ""\334\200\321D\003\276An\321\213w\004sl\253\206\007\032\007 W\242\020\237>\356\243\251\220t\203\n""; ledgerHashPrevious: ""-}\351f\032\255\274\334m\326c\017\014ao[\342\230\003\245\245\3341Hm\326^\017jy\335\261""; networkTime: 803849760; firstSeq: 1; lastSeq: 1; "
1750534560807,1750534560807,107,1,0,1,TMValidation,"validation: """"\200\000\000\000&\000\000\000\002)/\351\306 :7N\200|N\023\0008Q\334\200\321D\003\276An\321\213w\004sl\253\206\007\032\007 W\242\020\237>\356\243\251\220t\203\nP\027\000\000\000\000\000\000\000\000\000\000\000\000\000\000\000\000\000\000\000\000\000\000\000\000\000\000\000\000\000\000\000\000P\031-}\351f\032\255\274\334m\326c\017\014ao[\342\230\003\245\245\3341Hm\326^\017jy\335\261s!\003\370\2006Y\250^\211\245\211\351\231.\013\013\003 \335*-\014\034\311}\223\361\032\226\323\027Q\r\312vF0D\002 ~\007,\301J\326Pw\n\253x(\303\246!7\235\037\034>.\244[\311\264J\350\0345\316\023\026\002 ;M~\242\304n\334\233\025ML\323\307\365B\000\377`\374\273\351\263""\n{\007\302\306\362rR\225""; ","validation: """"\200\000\000\000&\000\000\000\002)/\351\306 :7N\200|N\023\0008Q\334\200\321D\003\276An\321\213w\004sl\253\206\007\032\007 W\242\020\237>\356\243\251\220t\203\nP\027\000\000\000\000\000\000\000\000\000\000\000\000\000\000\000\000\000\000\000\000\000\000\000\000\000\000\000\000\000\000\000\000P\031-}\351f\032\255\274\334m\326c\017\014ao[\342\230\003\245\245\3341Hm\326^\017jy\335\261s!\003\370\2006Y\250^\211\245\211\351\231.\013\013\003 \335*-\014\034\311}\223\361\032\226\323\027Q\r\312vF0D\002 ~\007,\301J\326Pw\n\253x(\303\246!7\235\037\034>.\244[\311\264J\350\0345\316\023\026\002 ;M~\242\304n\334\233\025ML\323\307\365B\000\377`\374\273\351\263""\n{\007\302\306\362rR\225""; "
1750534560847,1750534560847,3186,1,4,3,TMValidation,"validation: """"\200\000\000\000&\000\000\000\002)/\351\306 :7N\200|N\023\0008Q\334\200\321D\003\276An\321\213w\004sl\253\206\007\032\007 W\242\020\237>\356\243\251\220t\203\nP\027\000\000\000\000\000\000\000\000\000\000\000\000\000\000\000\000\000\000\000\000\000\000\000\000\000\000\000\000\000\000\000\000P\031-}\351f\032\255\274\334m\326c\017\014ao[\342\230\003\245\245\3341Hm\326^\017jy\335\261s!\003\370\2006Y\250^\211\245\211\351\231.\013\013\003 \335*-\014\034\311}\223\361\032\226\323\027Q\r\312vF0D\002 ~\007,\301J\326Pw\n\253x(\303\246!7\235\037\034>.\244[\311\264J\350\0345\316\023\026\002 ;M~\242\304n\334\233\025ML\323\307\365B\000\377`\374\273\351\263""\n{\007\302\306\362rR\225""; ","validation: """"\200\000\000\000&\000\000\000\002)/\351\306 :7N\200|N\023\0008Q\334\200\321D\003\276An\321\213w\004sl\253\206\007\032\007 W\242\020\237>\356\243\251\220t\203\nP\027\000\000\000\000\000\000\000\000\000\000\000\000\000\000\000\000\000\000\000\000\000\000\000\000\000\000\000\000\000\000\000\000P\031-}\351f\032\255\274\334m\326c\017\014ao[\342\230\003\245\245\3341Hm\326^\017jy\335\261s!\003\370\2006Y\250^\211\245\211\351\231.\013\013\003 \335*-\014\034\311}\223\361\032\226\323\027Q\r\312vF0D\002 ~\007,\301J\326Pw\n\253x(\303\246!7\235\037\034>.\244[\311\264J\350\0345\316\023\026\002 ;M~\242\304n\334\233\025ML\323\307\365B\000\377`\374\273\351\263""\n{\007\302\306\362rR\225""; "
1750534560848,1750534560848,1505,1,4,2,TMValidation,"validation: """"\200\000\000\000&\000\000\000\002)/\351\306 :7N\200|N\023\0008Q\334\200\321D\003\276An\321\213w\004sl\253\206\007\032\007 W\242\020\237>\356\243\251\220t\203\nP\027\000\000\000\000\000\000\000\000\000\000\000\000\000\000\000\000\000\000\000\000\000\000\000\000\000\000\000\000\000\000\000\000P\031-}\351f\032\255\274\334m\326c\017\014ao[\342\230\003\245\245\3341Hm\326^\017jy\335\261s!\003\370\2006Y\250^\211\245\211\351\231.\013\013\003 \335*-\014\034\311}\223\361\032\226\323\027Q\r\312vF0D\002 ~\007,\301J\326Pw\n\253x(\303\246!7\235\037\034>.\244[\311\264J\350\0345\316\023\026\002 ;M~\242\304n\334\233\025ML\323\307\365B\000\377`\374\273\351\263""\n{\007\302\306\362rR\225""; ","validation: """"\200\000\000\000&\000\000\000\002)/\351\306 :7N\200|N\023\0008Q\334\200\321D\003\276An\321\213w\004sl\253\206\007\032\007 W\242\020\237>\356\243\251\220t\203\nP\027\000\000\000\000\000\000\000\000\000\000\000\000\000\000\000\000\000\000\000\000\000\000\000\000\000\000\000\000\000\000\000\000P\031-}\351f\032\255\274\334m\326c\017\014ao[\342\230\003\245\245\3341Hm\326^\017jy\335\261s!\003\370\2006Y\250^\211\245\211\351\231.\013\013\003 \335*-\014\034\311}\223\361\032\226\323\027Q\r\312vF0D\002 ~\007,\301J\326Pw\n\253x(\303\246!7\235\037\034>.\244[\311\264J\350\0345\316\023\026\002 ;M~\242\304n\334\233\025ML\323\307\365B\000\377`\374\273\351\263""\n{\007\302\306\362rR\225""; "
1750534560848,1750534560848,905,1,4,1,TMValidation,"validation: """"\200\000\000\000&\000\000\000\002)/\351\306 :7N\200|N\023\0008Q\334\200\321D\003\276An\321\213w\004sl\253\206\007\032\007 W\242\020\237>\356\243\251\220t\203\nP\027\000\000\000\000\000\000\000\000\000\000\000\000\000\000\000\000\000\000\000\000\000\000\000\000\000\000\000\000\000\000\000\000P\031-}\351f\032\255\274\334m\326c\017\014ao[\342\230\003\245\245\3341Hm\326^\017jy\335\261s!\003\370\2006Y\250^\211\245\211\351\231.\013\013\003 \335*-\014\034\311}\223\361\032\226\323\027Q\r\312vF0D\002 ~\007,\301J\326Pw\n\253x(\303\246!7\235\037\034>.\244[\311\264J\350\0345\316\023\026\002 ;M~\242\304n\334\233\025ML\323\307\365B\000\377`\374\273\351\263""\n{\007\302\306\362rR\225""; ","validation: """"\200\000\000\000&\000\000\000\002)/\351\306 :7N\200|N\023\0008Q\334\200\321D\003\276An\321\213w\004sl\253\206\007\032\007 W\242\020\237>\356\243\251\220t\203\nP\027\000\000\000\000\000\000\000\000\000\000\000\000\000\000\000\000\000\000\000\000\000\000\000\000\000\000\000\000\000\000\000\000P\031-}\351f\032\255\274\334m\326c\017\014ao[\342\230\003\245\245\3341Hm\326^\017jy\335\261s!\003\370\2006Y\250^\211\245\211\351\231.\013\013\003 \335*-\014\034\311}\223\361\032\226\323\027Q\r\312vF0D\002 ~\007,\301J\326Pw\n\253x(\303\246!7\235\037\034>.\244[\311\264J\350\0345\316\023\026\002 ;M~\242\304n\334\233\025ML\323\307\365B\000\377`\374\273\351\263""\n{\007\302\306\362rR\225""; "
1750534560862,1750534560862,3998,1,3,4,TMStatusChange,"newEvent: neACCEPTED_LEDGER; ledgerSeq: 2; ledgerHash: ""\334\200\321D\003\276An\321\213w\004sl\253\206\007\032\007 W\242\020\237>\356\243\251\220t\203\n""; ledgerHashPrevious: ""-}\351f\032\255\274\334m\326c\017\014ao[\342\230\003\245\245\3341Hm\326^\017jy\335\261""; networkTime: 803849760; firstSeq: 1; lastSeq: 1; ","newEvent: neACCEPTED_LEDGER; ledgerSeq: 2; ledgerHash: ""\334\200\321D\003\276An\321\213w\004sl\253\206\007\032\007 W\242\020\237>\356\243\251\220t\203\n""; ledgerHashPrevious: ""-}\351f\032\255\274\334m\326c\017\014ao[\342\230\003\245\245\3341Hm\326^\017jy\335\261""; networkTime: 803849760; firstSeq: 1; lastSeq: 1; "
1750534560863,1750534560864,1576,1,3,1,TMStatusChange,"newEvent: neACCEPTED_LEDGER; ledgerSeq: 2; ledgerHash: ""\334\200\321D\003\276An\321\213w\004sl\253\206\007\032\007 W\242\020\237>\356\243\251\220t\203\n""; ledgerHashPrevious: ""-}\351f\032\255\274\334m\326c\017\014ao[\342\230\003\245\245\3341Hm\326^\017jy\335\261""; networkTime: 803849760; firstSeq: 1; lastSeq: 1; ","newEvent: neACCEPTED_LEDGER; ledgerSeq: 2; ledgerHash: ""\334\200\321D\003\276An\321\213w\004sl\253\206\007\032\007 W\242\020\237>\356\243\251\220t\203\n""; ledgerHashPrevious: ""-}\351f\032\255\274\334m\326c\017\014ao[\342\230\003\245\245\3341Hm\326^\017jy\335\261""; networkTime: 803849760; firstSeq: 1; lastSeq: 1; "
1750534560863,1750534560863,2642,1,3,2,TMStatusChange,"newEvent: neACCEPTED_LEDGER; ledgerSeq: 2; ledgerHash: ""\334\200\321D\003\276An\321\213w\004sl\253\206\007\032\007 W\242\020\237>\356\243\251\220t\203\n""; ledgerHashPrevious: ""-}\351f\032\255\274\334m\326c\017\014ao[\342\230\003\245\245\3341Hm\326^\017jy\335\261""; networkTime: 803849760; firstSeq: 1; lastSeq: 1; ","newEvent: neACCEPTED_LEDGER; ledgerSeq: 2; ledgerHash: ""\334\200\321D\003\276An\321\213w\004sl\253\206\007\032\007 W\242\020\237>\356\243\251\220t\203\n""; ledgerHashPrevious: ""-}\351f\032\255\274\334m\326c\017\014ao[\342\230\003\245\245\3341Hm\326^\017jy\335\261""; networkTime: 803849760; firstSeq: 1; lastSeq: 1; "
1750534560864,1750534560864,577,1,3,0,TMStatusChange,"newEvent: neACCEPTED_LEDGER; ledgerSeq: 2; ledgerHash: ""\334\200\321D\003\276An\321\213w\004sl\253\206\007\032\007 W\242\020\237>\356\243\251\220t\203\n""; ledgerHashPrevious: ""-}\351f\032\255\274\334m\326c\017\014ao[\342\230\003\245\245\3341Hm\326^\017jy\335\261""; networkTime: 803849760; firstSeq: 1; lastSeq: 1; ","newEvent: neACCEPTED_LEDGER; ledgerSeq: 2; ledgerHash: ""\334\200\321D\003\276An\321\213w\004sl\253\206\007\032\007 W\242\020\237>\356\243\251\220t\203\n""; ledgerHashPrevious: ""-}\351f\032\255\274\334m\326c\017\014ao[\342\230\003\245\245\3341Hm\326^\017jy\335\261""; networkTime: 803849760; firstSeq: 1; lastSeq: 1; "
1750534560862,1750534560862,2070,1,3,4,TMValidation,"validation: """"\200\000\000\000&\000\000\000\002)/\351\306 :\346\313\250\214\345\325\303\000Q\334\200\321D\003\276An\321\213w\004sl\253\206\007\032\007 W\242\020\237>\356\243\251\220t\203\nP\027\000\000\000\000\000\000\000\000\000\000\000\000\000\000\000\000\000\000\000\000\000\000\000\000\000\000\000\000\000\000\000\000P\031-}\351f\032\255\274\334m\326c\017\014ao[\342\230\003\245\245\3341Hm\326^\017jy\335\261s!\002\306cQb\320\027.e9\344\363R\275R\231\316\216\037\013\037\021\221\234\225\326p\372\213\010EW\373vG0E\002!\000\306\365~\227\177\233\t\244\365di\233<\370\356\366\305<\367\274\312Y\323B\211\257\357\225R?\371\264\002 P\263\271\365.w@\353+tB\031\2025\347^\365\215\222\375\351\006\027D\240\336I\360a\3738\177""; ","validation: """"\200\000\000\000&\000\000\000\002)/\351\306 :\346\313\250\214\345\325\303\000Q\334\200\321D\003\276An\321\213w\004sl\253\206\007\032\007 W\242\020\237>\356\243\251\220t\203\nP\027\000\000\000\000\000\000\000\000\000\000\000\000\000\000\000\000\000\000\000\000\000\000\000\000\000\000\000\000\000\000\000\000P\031-}\351f\032\255\274\334m\326c\017\014ao[\342\230\003\245\245\3341Hm\326^\017jy\335\261s!\002\306cQb\320\027.e9\344\363R\275R\231\316\216\037\013\037\021\221\234\225\326p\372\213\010EW\373vG0E\002!\000\306\365~\227\177\233\t\244\365di\233<\370\356\366\305<\367\274\312Y\323B\211\257\357\225R?\371\264\002 P\263\271\365.w@\353+tB\031\2025\347^\365\215\222\375\351\006\027D\240\336I\360a\3738\177""; "
1750534560864,1750534560864,2370,1,3,2,TMValidation,"validation: """"\200\000\000\000&\000\000\000\002)/\351\306 :\346\313\250\214\345\325\303\000Q\334\200\321D\003\276An\321\213w\004sl\253\206\007\032\007 W\242\020\237>\356\243\251\220t\203\nP\027\000\000\000\000\000\000\000\000\000\000\000\000\000\000\000\000\000\000\000\000\000\000\000\000\000\000\000\000\000\000\000\000P\031-}\351f\032\255\274\334m\326c\017\014ao[\342\230\003\245\245\3341Hm\326^\017jy\335\261s!\002\306cQb\320\027.e9\344\363R\275R\231\316\216\037\013\037\021\221\234\225\326p\372\213\010EW\373vG0E\002!\000\306\365~\227\177\233\t\244\365di\233<\370\356\366\305<\367\274\312Y\323B\211\257\357\225R?\371\264\002 P\263\271\365.w@\353+tB\031\2025\347^\365\215\222\375\351\006\027D\240\336I\360a\3738\177""; ","validation: """"\200\000\000\000&\000\000\000\002)/\351\306 :\346\313\250\214\345\325\303\000Q\334\200\321D\003\276An\321\213w\004sl\253\206\007\032\007 W\242\020\237>\356\243\251\220t\203\nP\027\000\000\000\000\000\000\000\000\000\000\000\000\000\000\000\000\000\000\000\000\000\000\000\000\000\000\000\000\000\000\000\000P\031-}\351f\032\255\274\334m\326c\017\014ao[\342\230\003\245\245\3341Hm\326^\017jy\335\261s!\002\306cQb\320\027.e9\344\363R\275R\231\316\216\037\013\037\021\221\234\225\326p\372\213\010EW\373vG0E\002!\000\306\365~\227\177\233\t\244\365di\233<\370\356\366\305<\367\274\312Y\323B\211\257\357\225R?\371\264\002 P\263\271\365.w@\353+tB\031\2025\347^\365\215\222\375\351\006\027D\240\336I\360a\3738\177""; "
1750534560865,1750534560865,3078,1,3,1,TMValidation,"validation: """"\200\000\000\000&\000\000\000\002)/\351\306 :\346\313\250\214\345\325\303\000Q\334\200\321D\003\276An\321\213w\004sl\253\206\007\032\007 W\242\020\237>\356\243\251\220t\203\nP\027\000\000\000\000\000\000\000\000\000\000\000\000\000\000\000\000\000\000\000\000\000\000\000\000\000\000\000\000\000\000\000\000P\031-}\351f\032\255\274\334m\326c\017\014ao[\342\230\003\245\245\3341Hm\326^\017jy\335\261s!\002\306cQb\320\027.e9\344\363R\275R\231\316\216\037\013\037\021\221\234\225\326p\372\213\010EW\373vG0E\002!\000\306\365~\227\177\233\t\244\365di\233<\370\356\366\305<\367\274\312Y\323B\211\257\357\225R?\371\264\002 P\263\271\365.w@\353+tB\031\2025\347^\365\215\222\375\351\006\027D\240\336I\360a\3738\177""; ","validation: """"\200\000\000\000&\000\000\000\002)/\351\306 :\346\313\250\214\345\325\303\000Q\334\200\321D\003\276An\321\213w\004sl\253\206\007\032\007 W\242\020\237>\356\243\251\220t\203\nP\027\000\000\000\000\000\000\000\000\000\000\000\000\000\000\000\000\000\000\000\000\000\000\000\000\000\000\000\000\000\000\000\000P\031-}\351f\032\255\274\334m\326c\017\014ao[\342\230\003\245\245\3341Hm\326^\017jy\335\261s!\002\306cQb\320\027.e9\344\363R\275R\231\316\216\037\013\037\021\221\234\225\326p\372\213\010EW\373vG0E\002!\000\306\365~\227\177\233\t\244\365di\233<\370\356\366\305<\367\274\312Y\323B\211\257\357\225R?\371\264\002 P\263\271\365.w@\353+tB\031\2025\347^\365\215\222\375\351\006\027D\240\336I\360a\3738\177""; "
1750534560865,1750534560865,2488,1,3,0,TMValidation,"validation: """"\200\000\000\000&\000\000\000\002)/\351\306 :\346\313\250\214\345\325\303\000Q\334\200\321D\003\276An\321\213w\004sl\253\206\007\032\007 W\242\020\237>\356\243\251\220t\203\nP\027\000\000\000\000\000\000\000\000\000\000\000\000\000\000\000\000\000\000\000\000\000\000\000\000\000\000\000\000\000\000\000\000P\031-}\351f\032\255\274\334m\326c\017\014ao[\342\230\003\245\245\3341Hm\326^\017jy\335\261s!\002\306cQb\320\027.e9\344\363R\275R\231\316\216\037\013\037\021\221\234\225\326p\372\213\010EW\373vG0E\002!\000\306\365~\227\177\233\t\244\365di\233<\370\356\366\305<\367\274\312Y\323B\211\257\357\225R?\371\264\002 P\263\271\365.w@\353+tB\031\2025\347^\365\215\222\375\351\006\027D\240\336I\360a\3738\177""; ","validation: """"\200\000\000\000&\000\000\000\002)/\351\306 :\346\313\250\214\345\325\303\000Q\334\200\321D\003\276An\321\213w\004sl\253\206\007\032\007 W\242\020\237>\356\243\251\220t\203\nP\027\000\000\000\000\000\000\000\000\000\000\000\000\000\000\000\000\000\000\000\000\000\000\000\000\000\000\000\000\000\000\000\000P\031-}\351f\032\255\274\334m\326c\017\014ao[\342\230\003\245\245\3341Hm\326^\017jy\335\261s!\002\306cQb\320\027.e9\344\363R\275R\231\316\216\037\013\037\021\221\234\225\326p\372\213\010EW\373vG0E\002!\000\306\365~\227\177\233\t\244\365di\233<\370\356\366\305<\367\274\312Y\323B\211\257\357\225R?\371\264\002 P\263\271\365.w@\353+tB\031\2025\347^\365\215\222\375\351\006\027D\240\336I\360a\3738\177""; "
1750534560876,1750534560876,3645,1,2,4,TMValidation,"validation: """"\200\000\000\000&\000\000\000\002)/\351\306 :7N\200|N\023\0008Q\334\200\321D\003\276An\321\213w\004sl\253\206\007\032\007 W\242\020\237>\356\243\251\220t\203\nP\027\000\000\000\000\000\000\000\000\000\000\000\000\000\000\000\000\000\000\000\000\000\000\000\000\000\000\000\000\000\000\000\000P\031-}\351f\032\255\274\334m\326c\017\014ao[\342\230\003\245\245\3341Hm\326^\017jy\335\261s!\003\370\2006Y\250^\211\245\211\351\231.\013\013\003 \335*-\014\034\311}\223\361\032\226\323\027Q\r\312vF0D\002 ~\007,\301J\326Pw\n\253x(\303\246!7\235\037\034>.\244[\311\264J\350\0345\316\023\026\002 ;M~\242\304n\334\233\025ML\323\307\365B\000\377`\374\273\351\263""\n{\007\302\306\362rR\225""; ","validation: """"\200\000\000\000&\000\000\000\002)/\351\306 :7N\200|N\023\0008Q\334\200\321D\003\276An\321\213w\004sl\253\206\007\032\007 W\242\020\237>\356\243\251\220t\203\nP\027\000\000\000\000\000\000\000\000\000\000\000\000\000\000\000\000\000\000\000\000\000\000\000\000\000\000\000\000\000\000\000\000P\031-}\351f\032\255\274\334m\326c\017\014ao[\342\230\003\245\245\3341Hm\326^\017jy\335\261s!\003\370\2006Y\250^\211\245\211\351\231.\013\013\003 \335*-\014\034\311}\223\361\032\226\323\027Q\r\312vF0D\002 ~\007,\301J\326Pw\n\253x(\303\246!7\235\037\034>.\244[\311\264J\350\0345\316\023\026\002 ;M~\242\304n\334\233\025ML\323\307\365B\000\377`\374\273\351\263""\n{\007\302\306\362rR\225""; "
1750534560877,1750534560877,2823,1,2,1,TMValidation,"validation: """"\200\000\000\000&\000\000\000\002)/\351\306 :7N\200|N\023\0008Q\334\200\321D\003\276An\321\213w\004sl\253\206\007\032\007 W\242\020\237>\356\243\251\220t\203\nP\027\000\000\000\000\000\000\000\000\000\000\000\000\000\000\000\000\000\000\000\000\000\000\000\000\000\000\000\000\000\000\000\000P\031-}\351f\032\255\274\334m\326c\017\014ao[\342\230\003\245\245\3341Hm\326^\017jy\335\261s!\003\370\2006Y\250^\211\245\211\351\231.\013\013\003 \335*-\014\034\311}\223\361\032\226\323\027Q\r\312vF0D\002 ~\007,\301J\326Pw\n\253x(\303\246!7\235\037\034>.\244[\311\264J\350\0345\316\023\026\002 ;M~\242\304n\334\233\025ML\323\307\365B\000\377`\374\273\351\263""\n{\007\302\306\362rR\225""; ","validation: """"\200\000\000\000&\000\000\000\002)/\351\306 :7N\200|N\023\0008Q\334\200\321D\003\276An\321\213w\004sl\253\206\007\032\007 W\242\020\237>\356\243\251\220t\203\nP\027\000\000\000\000\000\000\000\000\000\000\000\000\000\000\000\000\000\000\000\000\000\000\000\000\000\000\000\000\000\000\000\000P\031-}\351f\032\255\274\334m\326c\017\014ao[\342\230\003\245\245\3341Hm\326^\017jy\335\261s!\003\370\2006Y\250^\211\245\211\351\231.\013\013\003 \335*-\014\034\311}\223\361\032\226\323\027Q\r\312vF0D\002 ~\007,\301J\326Pw\n\253x(\303\246!7\235\037\034>.\244[\311\264J\350\0345\316\023\026\002 ;M~\242\304n\334\233\025ML\323\307\365B\000\377`\374\273\351\263""\n{\007\302\306\362rR\225""; "
1750534560877,1750534560877,1028,1,2,3,TMValidation,"validation: """"\200\000\000\000&\000\000\000\002)/\351\306 :7N\200|N\023\0008Q\334\200\321D\003\276An\321\213w\004sl\253\206\007\032\007 W\242\020\237>\356\243\251\220t\203\nP\027\000\000\000\000\000\000\000\000\000\000\000\000\000\000\000\000\000\000\000\000\000\000\000\000\000\000\000\000\000\000\000\000P\031-}\351f\032\255\274\334m\326c\017\014ao[\342\230\003\245\245\3341Hm\326^\017jy\335\261s!\003\370\2006Y\250^\211\245\211\351\231.\013\013\003 \335*-\014\034\311}\223\361\032\226\323\027Q\r\312vF0D\002 ~\007,\301J\326Pw\n\253x(\303\246!7\235\037\034>.\244[\311\264J\350\0345\316\023\026\002 ;M~\242\304n\334\233\025ML\323\307\365B\000\377`\374\273\351\263""\n{\007\302\306\362rR\225""; ","validation: """"\200\000\000\000&\000\000\000\002)/\351\306 :7N\200|N\023\0008Q\334\200\321D\003\276An\321\213w\004sl\253\206\007\032\007 W\242\020\237>\356\243\251\220t\203\nP\027\000\000\000\000\000\000\000\000\000\000\000\000\000\000\000\000\000\000\000\000\000\000\000\000\000\000\000\000\000\000\000\000P\031-}\351f\032\255\274\334m\326c\017\014ao[\342\230\003\245\245\3341Hm\326^\017jy\335\261s!\003\370\2006Y\250^\211\245\211\351\231.\013\013\003 \335*-\014\034\311}\223\361\032\226\323\027Q\r\312vF0D\002 ~\007,\301J\326Pw\n\253x(\303\246!7\235\037\034>.\244[\311\264J\350\0345\316\023\026\002 ;M~\242\304n\334\233\025ML\323\307\365B\000\377`\374\273\351\263""\n{\007\302\306\362rR\225""; "
1750534560912,1750534560912,2922,1,1,3,TMValidation,"validation: """"\200\000\000\000&\000\000\000\002)/\351\306 :7N\200|N\023\0008Q\334\200\321D\003\276An\321\213w\004sl\253\206\007\032\007 W\242\020\237>\356\243\251\220t\203\nP\027\000\000\000\000\000\000\000\000\000\000\000\000\000\000\000\000\000\000\000\000\000\000\000\000\000\000\000\000\000\000\000\000P\031-}\351f\032\255\274\334m\326c\017\014ao[\342\230\003\245\245\3341Hm\326^\017jy\335\261s!\003\370\2006Y\250^\211\245\211\351\231.\013\013\003 \335*-\014\034\311}\223\361\032\226\323\027Q\r\312vF0D\002 ~\007,\301J\326Pw\n\253x(\303\246!7\235\037\034>.\244[\311\264J\350\0345\316\023\026\002 ;M~\242\304n\334\233\025ML\323\307\365B\000\377`\374\273\351\263""\n{\007\302\306\362rR\225""; ","validation: """"\200\000\000\000&\000\000\000\002)/\351\306 :7N\200|N\023\0008Q\334\200\321D\003\276An\321\213w\004sl\253\206\007\032\007 W\242\020\237>\356\243\251\220t\203\nP\027\000\000\000\000\000\000\000\000\000\000\000\000\000\000\000\000\000\000\000\000\000\000\000\000\000\000\000\000\000\000\000\000P\031-}\351f\032\255\274\334m\326c\017\014ao[\342\230\003\245\245\3341Hm\326^\017jy\335\261s!\003\370\2006Y\250^\211\245\211\351\231.\013\013\003 \335*-\014\034\311}\223\361\032\226\323\027Q\r\312vF0D\002 ~\007,\301J\326Pw\n\253x(\303\246!7\235\037\034>.\244[\311\264J\350\0345\316\023\026\002 ;M~\242\304n\334\233\025ML\323\307\365B\000\377`\374\273\351\263""\n{\007\302\306\362rR\225""; "
1750534560912,1750534560912,2663,1,1,2,TMValidation,"validation: """"\200\000\000\000&\000\000\000\002)/\351\306 :7N\200|N\023\0008Q\334\200\321D\003\276An\321\213w\004sl\253\206\007\032\007 W\242\020\237>\356\243\251\220t\203\nP\027\000\000\000\000\000\000\000\000\000\000\000\000\000\000\000\000\000\000\000\000\000\000\000\000\000\000\000\000\000\000\000\000P\031-}\351f\032\255\274\334m\326c\017\014ao[\342\230\003\245\245\3341Hm\326^\017jy\335\261s!\003\370\2006Y\250^\211\245\211\351\231.\013\013\003 \335*-\014\034\311}\223\361\032\226\323\027Q\r\312vF0D\002 ~\007,\301J\326Pw\n\253x(\303\246!7\235\037\034>.\244[\311\264J\350\0345\316\023\026\002 ;M~\242\304n\334\233\025ML\323\307\365B\000\377`\374\273\351\263""\n{\007\302\306\362rR\225""; ","validation: """"\200\000\000\000&\000\000\000\002)/\351\306 :7N\200|N\023\0008Q\334\200\321D\003\276An\321\213w\004sl\253\206\007\032\007 W\242\020\237>\356\243\251\220t\203\nP\027\000\000\000\000\000\000\000\000\000\000\000\000\000\000\000\000\000\000\000\000\000\000\000\000\000\000\000\000\000\000\000\000P\031-}\351f\032\255\274\334m\326c\017\014ao[\342\230\003\245\245\3341Hm\326^\017jy\335\261s!\003\370\2006Y\250^\211\245\211\351\231.\013\013\003 \335*-\014\034\311}\223\361\032\226\323\027Q\r\312vF0D\002 ~\007,\301J\326Pw\n\253x(\303\246!7\235\037\034>.\244[\311\264J\350\0345\316\023\026\002 ;M~\242\304n\334\233\025ML\323\307\365B\000\377`\374\273\351\263""\n{\007\302\306\362rR\225""; "
1750534560912,1750534560912,3516,1,1,4,TMValidation,"validation: """"\200\000\000\000&\000\000\000\002)/\351\306 :7N\200|N\023\0008Q\334\200\321D\003\276An\321\213w\004sl\253\206\007\032\007 W\242\020\237>\356\243\251\220t\203\nP\027\000\000\000\000\000\000\000\000\000\000\000\000\000\000\000\000\000\000\000\000\000\000\000\000\000\000\000\000\000\000\000\000P\031-}\351f\032\255\274\334m\326c\017\014ao[\342\230\003\245\245\3341Hm\326^\017jy\335\261s!\003\370\2006Y\250^\211\245\211\351\231.\013\013\003 \335*-\014\034\311}\223\361\032\226\323\027Q\r\312vF0D\002 ~\007,\301J\326Pw\n\253x(\303\246!7\235\037\034>.\244[\311\264J\350\0345\316\023\026\002 ;M~\242\304n\334\233\025ML\323\307\365B\000\377`\374\273\351\263""\n{\007\302\306\362rR\225""; ","validation: """"\200\000\000\000&\000\000\000\002)/\351\306 :7N\200|N\023\0008Q\334\200\321D\003\276An\321\213w\004sl\253\206\007\032\007 W\242\020\237>\356\243\251\220t\203\nP\027\000\000\000\000\000\000\000\000\000\000\000\000\000\000\000\000\000\000\000\000\000\000\000\000\000\000\000\000\000\000\000\000P\031-}\351f\032\255\274\334m\326c\017\014ao[\342\230\003\245\245\3341Hm\326^\017jy\335\261s!\003\370\2006Y\250^\211\245\211\351\231.\013\013\003 \335*-\014\034\311}\223\361\032\226\323\027Q\r\312vF0D\002 ~\007,\301J\326Pw\n\253x(\303\246!7\235\037\034>.\244[\311\264J\350\0345\316\023\026\002 ;M~\242\304n\334\233\025ML\323\307\365B\000\377`\374\273\351\263""\n{\007\302\306\362rR\225""; "
1750534561047,1750534561047,41,1,0,4,TMValidation,"validation: """"\200\000\000\000&\000\000\000\002)/\351\306 :B\316\273\233\270""\232TQ\334\200\321D\003\276An\321\213w\004sl\253\206\007\032\007 W\242\020\237>\356\243\251\220t\203\nP\027\000\000\000\000\000\000\000\000\000\000\000\000\000\000\000\000\000\000\000\000\000\000\000\000\000\000\000\000\000\000\000\000P\031-}\351f\032\255\274\334m\326c\017\014ao[\342\230\003\245\245\3341Hm\326^\017jy\335\261s!\002JF?\225\006Z\307\245\272\223\000g\257O\247\200\025\342\270\010\254Y\361Y\256\200\200\256\347}\016\325vG0E\002!\000\253\306\241\372\367\354\303\212\354VHM\0219\340\361T\24032)\031\242\351wE\n\326\002\246\217\365\002 \016\233T\365\226\345\202\370$\336\312)\232(u\254L-\021\376\230\315\345Al\335\203\374U|\017\240""; ","validation: """"\200\000\000\000&\000\000\000\002)/\351\306 :B\316\273\233\270""\232TQ\334\200\321D\003\276An\321\213w\004sl\253\206\007\032\007 W\242\020\237>\356\243\251\220t\203\nP\027\000\000\000\000\000\000\000\000\000\000\000\000\000\000\000\000\000\000\000\000\000\000\000\000\000\000\000\000\000\000\000\000P\031-}\351f\032\255\274\334m\326c\017\014ao[\342\230\003\245\245\3341Hm\326^\017jy\335\261s!\002JF?\225\006Z\307\245\272\223\000g\257O\247\200\025\342\270\010\254Y\361Y\256\200\200\256\347}\016\325vG0E\002!\000\253\306\241\372\367\354\303\212\354VHM\0219\340\361T\24032)\031\242\351wE\n\326\002\246\217\365\002 \016\233T\365\226\345\202\370$\336\312)\232(u\254L-\021\376\230\315\345Al\335\203\374U|\017\240""; "
1750534561047,1750534561047,107,1,0,1,TMValidation,"validation: """"\200\000\000\000&\000\000\000\002)/\351\306 :B\316\273\233\270""\232TQ\334\200\321D\003\276An\321\213w\004sl\253\206\007\032\007 W\242\020\237>\356\243\251\220t\203\nP\027\000\000\000\000\000\000\000\000\000\000\000\000\000\000\000\000\000\000\000\000\000\000\000\000\000\000\000\000\000\000\000\000P\031-}\351f\032\255\274\334m\326c\017\014ao[\342\230\003\245\245\3341Hm\326^\017jy\335\261s!\002JF?\225\006Z\307\245\272\223\000g\257O\247\200\025\342\270\010\254Y\361Y\256\200\200\256\347}\016\325vG0E\002!\000\253\306\241\372\367\354\303\212\354VHM\0219\340\361T\24032)\031\242\351wE\n\326\002\246\217\365\002 \016\233T\365\226\345\202\370$\336\312)\232(u\254L-\021\376\230\315\345Al\335\203\374U|\017\240""; ","validation: """"\200\000\000\000&\000\000\000\002)/\351\306 :B\316\273\233\270""\232TQ\334\200\321D\003\276An\321\213w\004sl\253\206\007\032\007 W\242\020\237>\356\243\251\220t\203\nP\027\000\000\000\000\000\000\000\000\000\000\000\000\000\000\000\000\000\000\000\000\000\000\000\000\000\000\000\000\000\000\000\000P\031-}\351f\032\255\274\334m\326c\017\014ao[\342\230\003\245\245\3341Hm\326^\017jy\335\261s!\002JF?\225\006Z\307\245\272\223\000g\257O\247\200\025\342\270\010\254Y\361Y\256\200\200\256\347}\016\325vG0E\002!\000\253\306\241\372\367\354\303\212\354VHM\0219\340\361T\24032)\031\242\351wE\n\326\002\246\217\365\002 \016\233T\365\226\345\202\370$\336\312)\232(u\254L-\021\376\230\315\345Al\335\203\374U|\017\240""; "
1750534561049,1750534561049,1463,1,0,3,TMValidation,"validation: """"\200\000\000\000&\000\000\000\002)/\351\306 :B\316\273\233\270""\232TQ\334\200\321D\003\276An\321\213w\004sl\253\206\007\032\007 W\242\020\237>\356\243\251\220t\203\nP\027\000\000\000\000\000\000\000\000\000\000\000\000\000\000\000\000\000\000\000\000\000\000\000\000\000\000\000\000\000\000\000\000P\031-}\351f\032\255\274\334m\326c\017\014ao[\342\230\003\245\245\3341Hm\326^\017jy\335\261s!\002JF?\225\006Z\307\245\272\223\000g\257O\247\200\025\342\270\010\254Y\361Y\256\200\200\256\347}\016\325vG0E\002!\000\253\306\241\372\367\354\303\212\354VHM\0219\340\361T\24032)\031\242\351wE\n\326\002\246\217\365\002 \016\233T\365\226\345\202\370$\336\312)\232(u\254L-\021\376\230\315\345Al\335\203\374U|\017\240""; ","validation: """"\200\000\000\000&\000\000\000\002)/\351\306 :B\316\273\233\270""\232TQ\334\200\321D\003\276An\321\213w\004sl\253\206\007\032\007 W\242\020\237>\356\243\251\220t\203\nP\027\000\000\000\000\000\000\000\000\000\000\000\000\000\000\000\000\000\000\000\000\000\000\000\000\000\000\000\000\000\000\000\000P\031-}\351f\032\255\274\334m\326c\017\014ao[\342\230\003\245\245\3341Hm\326^\017jy\335\261s!\002JF?\225\006Z\307\245\272\223\000g\257O\247\200\025\342\270\010\254Y\361Y\256\200\200\256\347}\016\325vG0E\002!\000\253\306\241\372\367\354\303\212\354VHM\0219\340\361T\24032)\031\242\351wE\n\326\002\246\217\365\002 \016\233T\365\226\345\202\370$\336\312)\232(u\254L-\021\376\230\315\345Al\335\203\374U|\017\240""; "
1750534561089,1750534561089,3186,1,4,3,TMValidation,"validation: """"\200\000\000\000&\000\000\000\002)/\351\306 :B\316\273\233\270""\232TQ\334\200\321D\003\276An\321\213w\004sl\253\206\007\032\007 W\242\020\237>\356\243\251\220t\203\nP\027\000\000\000\000\000\000\000\000\000\000\000\000\000\000\000\000\000\000\000\000\000\000\000\000\000\000\000\000\000\000\000\000P\031-}\351f\032\255\274\334m\326c\017\014ao[\342\230\003\245\245\3341Hm\326^\017jy\335\261s!\002JF?\225\006Z\307\245\272\223\000g\257O\247\200\025\342\270\010\254Y\361Y\256\200\200\256\347}\016\325vG0E\002!\000\253\306\241\372\367\354\303\212\354VHM\0219\340\361T\24032)\031\242\351wE\n\326\002\246\217\365\002 \016\233T\365\226\345\202\370$\336\312)\232(u\254L-\021\376\230\315\345Al\335\203\374U|\017\240""; ","validation: """"\200\000\000\000&\000\000\000\002)/\351\306 :B\316\273\233\270""\232TQ\334\200\321D\003\276An\321\213w\004sl\253\206\007\032\007 W\242\020\237>\356\243\251\220t\203\nP\027\000\000\000\000\000\000\000\000\000\000\000\000\000\000\000\000\000\000\000\000\000\000\000\000\000\000\000\000\000\000\000\000P\031-}\351f\032\255\274\334m\326c\017\014ao[\342\230\003\245\245\3341Hm\326^\017jy\335\261s!\002JF?\225\006Z\307\245\272\223\000g\257O\247\200\025\342\270\010\254Y\361Y\256\200\200\256\347}\016\325vG0E\002!\000\253\306\241\372\367\354\303\212\354VHM\0219\340\361T\24032)\031\242\351wE\n\326\002\246\217\365\002 \016\233T\365\226\345\202\370$\336\312)\232(u\254L-\021\376\230\315\345Al\335\203\374U|\017\240""; "
1750534561091,1750534561091,905,1,4,1,TMValidation,"validation: """"\200\000\000\000&\000\000\000\002)/\351\306 :B\316\273\233\270""\232TQ\334\200\321D\003\276An\321\213w\004sl\253\206\007\032\007 W\242\020\237>\356\243\251\220t\203\nP\027\000\000\000\000\000\000\000\000\000\000\000\000\000\000\000\000\000\000\000\000\000\000\000\000\000\000\000\000\000\000\000\000P\031-}\351f\032\255\274\334m\326c\017\014ao[\342\230\003\245\245\3341Hm\326^\017jy\335\261s!\002JF?\225\006Z\307\245\272\223\000g\257O\247\200\025\342\270\010\254Y\361Y\256\200\200\256\347}\016\325vG0E\002!\000\253\306\241\372\367\354\303\212\354VHM\0219\340\361T\24032)\031\242\351wE\n\326\002\246\217\365\002 \016\233T\365\226\345\202\370$\336\312)\232(u\254L-\021\376\230\315\345Al\335\203\374U|\017\240""; ","validation: """"\200\000\000\000&\000\000\000\002)/\351\306 :B\316\273\233\270""\232TQ\334\200\321D\003\276An\321\213w\004sl\253\206\007\032\007 W\242\020\237>\356\243\251\220t\203\nP\027\000\000\000\000\000\000\000\000\000\000\000\000\000\000\000\000\000\000\000\000\000\000\000\000\000\000\000\000\000\000\000\000P\031-}\351f\032\255\274\334m\326c\017\014ao[\342\230\003\245\245\3341Hm\326^\017jy\335\261s!\002JF?\225\006Z\307\245\272\223\000g\257O\247\200\025\342\270\010\254Y\361Y\256\200\200\256\347}\016\325vG0E\002!\000\253\306\241\372\367\354\303\212\354VHM\0219\340\361T\24032)\031\242\351wE\n\326\002\246\217\365\002 \016\233T\365\226\345\202\370$\336\312)\232(u\254L-\021\376\230\315\345Al\335\203\374U|\017\240""; "
1750534561090,1750534561090,1505,1,4,2,TMValidation,"validation: """"\200\000\000\000&\000\000\000\002)/\351\306 :B\316\273\233\270""\232TQ\334\200\321D\003\276An\321\213w\004sl\253\206\007\032\007 W\242\020\237>\356\243\251\220t\203\nP\027\000\000\000\000\000\000\000\000\000\000\000\000\000\000\000\000\000\000\000\000\000\000\000\000\000\000\000\000\000\000\000\000P\031-}\351f\032\255\274\334m\326c\017\014ao[\342\230\003\245\245\3341Hm\326^\017jy\335\261s!\002JF?\225\006Z\307\245\272\223\000g\257O\247\200\025\342\270\010\254Y\361Y\256\200\200\256\347}\016\325vG0E\002!\000\253\306\241\372\367\354\303\212\354VHM\0219\340\361T\24032)\031\242\351wE\n\326\002\246\217\365\002 \016\233T\365\226\345\202\370$\336\312)\232(u\254L-\021\376\230\315\345Al\335\203\374U|\017\240""; ","validation: """"\200\000\000\000&\000\000\000\002)/\351\306 :B\316\273\233\270""\232TQ\334\200\321D\003\276An\321\213w\004sl\253\206\007\032\007 W\242\020\237>\356\243\251\220t\203\nP\027\000\000\000\000\000\000\000\000\000\000\000\000\000\000\000\000\000\000\000\000\000\000\000\000\000\000\000\000\000\000\000\000P\031-}\351f\032\255\274\334m\326c\017\014ao[\342\230\003\245\245\3341Hm\326^\017jy\335\261s!\002JF?\225\006Z\307\245\272\223\000g\257O\247\200\025\342\270\010\254Y\361Y\256\200\200\256\347}\016\325vG0E\002!\000\253\306\241\372\367\354\303\212\354VHM\0219\340\361T\24032)\031\242\351wE\n\326\002\246\217\365\002 \016\233T\365\226\345\202\370$\336\312)\232(u\254L-\021\376\230\315\345Al\335\203\374U|\017\240""; "
1750534561156,1750534561156,3516,1,1,4,TMValidation,"validation: """"\200\000\000\000&\000\000\000\002)/\351\306 :B\316\273\233\270""\232TQ\334\200\321D\003\276An\321\213w\004sl\253\206\007\032\007 W\242\020\237>\356\243\251\220t\203\nP\027\000\000\000\000\000\000\000\000\000\000\000\000\000\000\000\000\000\000\000\000\000\000\000\000\000\000\000\000\000\000\000\000P\031-}\351f\032\255\274\334m\326c\017\014ao[\342\230\003\245\245\3341Hm\326^\017jy\335\261s!\002JF?\225\006Z\307\245\272\223\000g\257O\247\200\025\342\270\010\254Y\361Y\256\200\200\256\347}\016\325vG0E\002!\000\253\306\241\372\367\354\303\212\354VHM\0219\340\361T\24032)\031\242\351wE\n\326\002\246\217\365\002 \016\233T\365\226\345\202\370$\336\312)\232(u\254L-\021\376\230\315\345Al\335\203\374U|\017\240""; ","validation: """"\200\000\000\000&\000\000\000\002)/\351\306 :B\316\273\233\270""\232TQ\334\200\321D\003\276An\321\213w\004sl\253\206\007\032\007 W\242\020\237>\356\243\251\220t\203\nP\027\000\000\000\000\000\000\000\000\000\000\000\000\000\000\000\000\000\000\000\000\000\000\000\000\000\000\000\000\000\000\000\000P\031-}\351f\032\255\274\334m\326c\017\014ao[\342\230\003\245\245\3341Hm\326^\017jy\335\261s!\002JF?\225\006Z\307\245\272\223\000g\257O\247\200\025\342\270\010\254Y\361Y\256\200\200\256\347}\016\325vG0E\002!\000\253\306\241\372\367\354\303\212\354VHM\0219\340\361T\24032)\031\242\351wE\n\326\002\246\217\365\002 \016\233T\365\226\345\202\370$\336\312)\232(u\254L-\021\376\230\315\345Al\335\203\374U|\017\240""; "
1750534561156,1750534561156,2663,1,1,2,TMValidation,"validation: """"\200\000\000\000&\000\000\000\002)/\351\306 :B\316\273\233\270""\232TQ\334\200\321D\003\276An\321\213w\004sl\253\206\007\032\007 W\242\020\237>\356\243\251\220t\203\nP\027\000\000\000\000\000\000\000\000\000\000\000\000\000\000\000\000\000\000\000\000\000\000\000\000\000\000\000\000\000\000\000\000P\031-}\351f\032\255\274\334m\326c\017\014ao[\342\230\003\245\245\3341Hm\326^\017jy\335\261s!\002JF?\225\006Z\307\245\272\223\000g\257O\247\200\025\342\270\010\254Y\361Y\256\200\200\256\347}\016\325vG0E\002!\000\253\306\241\372\367\354\303\212\354VHM\0219\340\361T\24032)\031\242\351wE\n\326\002\246\217\365\002 \016\233T\365\226\345\202\370$\336\312)\232(u\254L-\021\376\230\315\345Al\335\203\374U|\017\240""; ","validation: """"\200\000\000\000&\000\000\000\002)/\351\306 :B\316\273\233\270""\232TQ\334\200\321D\003\276An\321\213w\004sl\253\206\007\032\007 W\242\020\237>\356\243\251\220t\203\nP\027\000\000\000\000\000\000\000\000\000\000\000\000\000\000\000\000\000\000\000\000\000\000\000\000\000\000\000\000\000\000\000\000P\031-}\351f\032\255\274\334m\326c\017\014ao[\342\230\003\245\245\3341Hm\326^\017jy\335\261s!\002JF?\225\006Z\307\245\272\223\000g\257O\247\200\025\342\270\010\254Y\361Y\256\200\200\256\347}\016\325vG0E\002!\000\253\306\241\372\367\354\303\212\354VHM\0219\340\361T\24032)\031\242\351wE\n\326\002\246\217\365\002 \016\233T\365\226\345\202\370$\336\312)\232(u\254L-\021\376\230\315\345Al\335\203\374U|\017\240""; "
1750534561156,1750534561156,2922,1,1,3,TMValidation,"validation: """"\200\000\000\000&\000\000\000\002)/\351\306 :B\316\273\233\270""\232TQ\334\200\321D\003\276An\321\213w\004sl\253\206\007\032\007 W\242\020\237>\356\243\251\220t\203\nP\027\000\000\000\000\000\000\000\000\000\000\000\000\000\000\000\000\000\000\000\000\000\000\000\000\000\000\000\000\000\000\000\000P\031-}\351f\032\255\274\334m\326c\017\014ao[\342\230\003\245\245\3341Hm\326^\017jy\335\261s!\002JF?\225\006Z\307\245\272\223\000g\257O\247\200\025\342\270\010\254Y\361Y\256\200\200\256\347}\016\325vG0E\002!\000\253\306\241\372\367\354\303\212\354VHM\0219\340\361T\24032)\031\242\351wE\n\326\002\246\217\365\002 \016\233T\365\226\345\202\370$\336\312)\232(u\254L-\021\376\230\315\345Al\335\203\374U|\017\240""; ","validation: """"\200\000\000\000&\000\000\000\002)/\351\306 :B\316\273\233\270""\232TQ\334\200\321D\003\276An\321\213w\004sl\253\206\007\032\007 W\242\020\237>\356\243\251\220t\203\nP\027\000\000\000\000\000\000\000\000\000\000\000\000\000\000\000\000\000\000\000\000\000\000\000\000\000\000\000\000\000\000\000\000P\031-}\351f\032\255\274\334m\326c\017\014ao[\342\230\003\245\245\3341Hm\326^\017jy\335\261s!\002JF?\225\006Z\307\245\272\223\000g\257O\247\200\025\342\270\010\254Y\361Y\256\200\200\256\347}\016\325vG0E\002!\000\253\306\241\372\367\354\303\212\354VHM\0219\340\361T\24032)\031\242\351wE\n\326\002\246\217\365\002 \016\233T\365\226\345\202\370$\336\312)\232(u\254L-\021\376\230\315\345Al\335\203\374U|\017\240""; "
1750534561395,1750534561395,2922,1,1,3,TMValidation,"validation: """"\200\000\000\000&\000\000\000\002)/\351\306 :\r\r\177\266\223\241\331\360Q\334\200\321D\003\276An\321\213w\004sl\253\206\007\032\007 W\242\020\237>\356\243\251\220t\203\nP\027\000\000\000\000\000\000\000\000\000\000\000\000\000\000\000\000\000\000\000\000\000\000\000\000\000\000\000\000\000\000\000\000P\031-}\351f\032\255\274\334m\326c\017\014ao[\342\230\003\245\245\3341Hm\326^\017jy\335\261s!\003\224\272y\037T\353\343\271\362E\205\262b\336.\367k\372\000\221\360\360'M\2377\341I\3077?\362vG0E\002!\000\302\321:""\002\272\360I\275\027\272\227\260\324\220-(J\014\304\230\264\301[\311y\255\267<\363\027\341\002 J\354\242\010\024\020\355W\200\032\230\310\203\266`P\257P7\002\033\327^\222\304&\004}\336\375!\322""; ","validation: """"\200\000\000\000&\000\000\000\002)/\351\306 :\r\r\177\266\223\241\331\360Q\334\200\321D\003\276An\321\213w\004sl\253\206\007\032\007 W\242\020\237>\356\243\251\220t\203\nP\027\000\000\000\000\000\000\000\000\000\000\000\000\000\000\000\000\000\000\000\000\000\000\000\000\000\000\000\000\000\000\000\000P\031-}\351f\032\255\274\334m\326c\017\014ao[\342\230\003\245\245\3341Hm\326^\017jy\335\261s!\003\224\272y\037T\353\343\271\362E\205\262b\336.\367k\372\000\221\360\360'M\2377\341I\3077?\362vG0E\002!\000\302\321:""\002\272\360I\275\027\272\227\260\324\220-(J\014\304\230\264\301[\311y\255\267<\363\027\341\002 J\354\242\010\024\020\355W\200\032\230\310\203\266`P\257P7\002\033\327^\222\304&\004}\336\375!\322""; "
1750534561396,1750534561396,2295,1,1,0,TMValidation,"validation: """"\200\000\000\000&\000\000\000\002)/\351\306 :\r\r\177\266\223\241\331\360Q\334\200\321D\003\276An\321\213w\004sl\253\206\007\032\007 W\242\020\237>\356\243\251\220t\203\nP\027\000\000\000\000\000\000\000\000\000\000\000\000\000\000\000\000\000\000\000\000\000\000\000\000\000\000\000\000\000\000\000\000P\031-}\351f\032\255\274\334m\326c\017\014ao[\342\230\003\245\245\3341Hm\326^\017jy\335\261s!\003\224\272y\037T\353\343\271\362E\205\262b\336.\367k\372\000\221\360\360'M\2377\341I\3077?\362vG0E\002!\000\302\321:""\002\272\360I\275\027\272\227\260\324\220-(J\014\304\230\264\301[\311y\255\267<\363\027\341\002 J\354\242\010\024\020\355W\200\032\230\310\203\266`P\257P7\002\033\327^\222\304&\004}\336\375!\322""; ","validation: """"\200\000\000\000&\000\000\000\002)/\351\306 :\r\r\177\266\223\241\331\360Q\334\200\321D\003\276An\321\213w\004sl\253\206\007\032\007 W\242\020\237>\356\243\251\220t\203\nP\027\000\000\000\000\000\000\000\000\000\000\000\000\000\000\000\000\000\000\000\000\000\000\000\000\000\000\000\000\000\000\000\000P\031-}\351f\032\255\274\334m\326c\017\014ao[\342\230\003\245\245\3341Hm\326^\017jy\335\261s!\003\224\272y\037T\353\343\271\362E\205\262b\336.\367k\372\000\221\360\360'M\2377\341I\3077?\362vG0E\002!\000\302\321:""\002\272\360I\275\027\272\227\260\324\220-(J\014\304\230\264\301[\311y\255\267<\363\027\341\002 J\354\242\010\024\020\355W\200\032\230\310\203\266`P\257P7\002\033\327^\222\304&\004}\336\375!\322""; "
1750534561396,1750534561396,2663,1,1,2,TMValidation,"validation: """"\200\000\000\000&\000\000\000\002)/\351\306 :\r\r\177\266\223\241\331\360Q\334\200\321D\003\276An\321\213w\004sl\253\206\007\032\007 W\242\020\237>\356\243\251\220t\203\nP\027\000\000\000\000\000\000\000\000\000\000\000\000\000\000\000\000\000\000\000\000\000\000\000\000\000\000\000\000\000\000\000\000P\031-}\351f\032\255\274\334m\326c\017\014ao[\342\230\003\245\245\3341Hm\326^\017jy\335\261s!\003\224\272y\037T\353\343\271\362E\205\262b\336.\367k\372\000\221\360\360'M\2377\341I\3077?\362vG0E\002!\000\302\321:""\002\272\360I\275\027\272\227\260\324\220-(J\014\304\230\264\301[\311y\255\267<\363\027\341\002 J\354\242\010\024\020\355W\200\032\230\310\203\266`P\257P7\002\033\327^\222\304&\004}\336\375!\322""; ","validation: """"\200\000\000\000&\000\000\000\002)/\351\306 :\r\r\177\266\223\241\331\360Q\334\200\321D\003\276An\321\213w\004sl\253\206\007\032\007 W\242\020\237>\356\243\251\220t\203\nP\027\000\000\000\000\000\000\000\000\000\000\000\000\000\000\000\000\000\000\000\000\000\000\000\000\000\000\000\000\000\000\000\000P\031-}\351f\032\255\274\334m\326c\017\014ao[\342\230\003\245\245\3341Hm\326^\017jy\335\261s!\003\224\272y\037T\353\343\271\362E\205\262b\336.\367k\372\000\221\360\360'M\2377\341I\3077?\362vG0E\002!\000\302\321:""\002\272\360I\275\027\272\227\260\324\220-(J\014\304\230\264\301[\311y\255\267<\363\027\341\002 J\354\242\010\024\020\355W\200\032\230\310\203\266`P\257P7\002\033\327^\222\304&\004}\336\375!\322""; "
1750534561524,1750534561524,2070,1,3,4,TMValidation,"validation: """"\200\000\000\000&\000\000\000\002)/\351\306 :B\316\273\233\270""\232TQ\334\200\321D\003\276An\321\213w\004sl\253\206\007\032\007 W\242\020\237>\356\243\251\220t\203\nP\027\000\000\000\000\000\000\000\000\000\000\000\000\000\000\000\000\000\000\000\000\000\000\000\000\000\000\000\000\000\000\000\000P\031-}\351f\032\255\274\334m\326c\017\014ao[\342\230\003\245\245\3341Hm\326^\017jy\335\261s!\002JF?\225\006Z\307\245\272\223\000g\257O\247\200\025\342\270\010\254Y\361Y\256\200\200\256\347}\016\325vG0E\002!\000\253\306\241\372\367\354\303\212\354VHM\0219\340\361T\24032)\031\242\351wE\n\326\002\246\217\365\002 \016\233T\365\226\345\202\370$\336\312)\232(u\254L-\021\376\230\315\345Al\335\203\374U|\017\240""; ","validation: """"\200\000\000\000&\000\000\000\002)/\351\306 :B\316\273\233\270""\232TQ\334\200\321D\003\276An\321\213w\004sl\253\206\007\032\007 W\242\020\237>\356\243\251\220t\203\nP\027\000\000\000\000\000\000\000\000\000\000\000\000\000\000\000\000\000\000\000\000\000\000\000\000\000\000\000\000\000\000\000\000P\031-}\351f\032\255\274\334m\326c\017\014ao[\342\230\003\245\245\3341Hm\326^\017jy\335\261s!\002JF?\225\006Z\307\245\272\223\000g\257O\247\200\025\342\270\010\254Y\361Y\256\200\200\256\347}\016\325vG0E\002!\000\253\306\241\372\367\354\303\212\354VHM\0219\340\361T\24032)\031\242\351wE\n\326\002\246\217\365\002 \016\233T\365\226\345\202\370$\336\312)\232(u\254L-\021\376\230\315\345Al\335\203\374U|\017\240""; "
1750534561524,1750534561524,2488,1,3,0,TMValidation,"validation: """"\200\000\000\000&\000\000\000\002)/\351\306 :B\316\273\233\270""\232TQ\334\200\321D\003\276An\321\213w\004sl\253\206\007\032\007 W\242\020\237>\356\243\251\220t\203\nP\027\000\000\000\000\000\000\000\000\000\000\000\000\000\000\000\000\000\000\000\000\000\000\000\000\000\000\000\000\000\000\000\000P\031-}\351f\032\255\274\334m\326c\017\014ao[\342\230\003\245\245\3341Hm\326^\017jy\335\261s!\002JF?\225\006Z\307\245\272\223\000g\257O\247\200\025\342\270\010\254Y\361Y\256\200\200\256\347}\016\325vG0E\002!\000\253\306\241\372\367\354\303\212\354VHM\0219\340\361T\24032)\031\242\351wE\n\326\002\246\217\365\002 \016\233T\365\226\345\202\370$\336\312)\232(u\254L-\021\376\230\315\345Al\335\203\374U|\017\240""; ","validation: """"\200\000\000\000&\000\000\000\002)/\351\306 :B\316\273\233\270""\232TQ\334\200\321D\003\276An\321\213w\004sl\253\206\007\032\007 W\242\020\237>\356\243\251\220t\203\nP\027\000\000\000\000\000\000\000\000\000\000\000\000\000\000\000\000\000\000\000\000\000\000\000\000\000\000\000\000\000\000\000\000P\031-}\351f\032\255\274\334m\326c\017\014ao[\342\230\003\245\245\3341Hm\326^\017jy\335\261s!\002JF?\225\006Z\307\245\272\223\000g\257O\247\200\025\342\270\010\254Y\361Y\256\200\200\256\347}\016\325vG0E\002!\000\253\306\241\372\367\354\303\212\354VHM\0219\340\361T\24032)\031\242\351wE\n\326\002\246\217\365\002 \016\233T\365\226\345\202\370$\336\312)\232(u\254L-\021\376\230\315\345Al\335\203\374U|\017\240""; "
1750534561525,1750534561525,3078,1,3,1,TMValidation,"validation: """"\200\000\000\000&\000\000\000\002)/\351\306 :B\316\273\233\270""\232TQ\334\200\321D\003\276An\321\213w\004sl\253\206\007\032\007 W\242\020\237>\356\243\251\220t\203\nP\027\000\000\000\000\000\000\000\000\000\000\000\000\000\000\000\000\000\000\000\000\000\000\000\000\000\000\000\000\000\000\000\000P\031-}\351f\032\255\274\334m\326c\017\014ao[\342\230\003\245\245\3341Hm\326^\017jy\335\261s!\002JF?\225\006Z\307\245\272\223\000g\257O\247\200\025\342\270\010\254Y\361Y\256\200\200\256\347}\016\325vG0E\002!\000\253\306\241\372\367\354\303\212\354VHM\0219\340\361T\24032)\031\242\351wE\n\326\002\246\217\365\002 \016\233T\365\226\345\202\370$\336\312)\232(u\254L-\021\376\230\315\345Al\335\203\374U|\017\240""; ","validation: """"\200\000\000\000&\000\000\000\002)/\351\306 :B\316\273\233\270""\232TQ\334\200\321D\003\276An\321\213w\004sl\253\206\007\032\007 W\242\020\237>\356\243\251\220t\203\nP\027\000\000\000\000\000\000\000\000\000\000\000\000\000\000\000\000\000\000\000\000\000\000\000\000\000\000\000\000\000\000\000\000P\031-}\351f\032\255\274\334m\326c\017\014ao[\342\230\003\245\245\3341Hm\326^\017jy\335\261s!\002JF?\225\006Z\307\245\272\223\000g\257O\247\200\025\342\270\010\254Y\361Y\256\200\200\256\347}\016\325vG0E\002!\000\253\306\241\372\367\354\303\212\354VHM\0219\340\361T\24032)\031\242\351wE\n\326\002\246\217\365\002 \016\233T\365\226\345\202\370$\336\312)\232(u\254L-\021\376\230\315\345Al\335\203\374U|\017\240""; "
1750534561907,1750534561907,2070,1,3,4,TMValidation,"validation: """"\200\000\000\000&\000\000\000\002)/\351\306 :7N\200|N\023\0008Q\334\200\321D\003\276An\321\213w\004sl\253\206\007\032\007 W\242\020\237>\356\243\251\220t\203\nP\027\000\000\000\000\000\000\000\000\000\000\000\000\000\000\000\000\000\000\000\000\000\000\000\000\000\000\000\000\000\000\000\000P\031-}\351f\032\255\274\334m\326c\017\014ao[\342\230\003\245\245\3341Hm\326^\017jy\335\261s!\003\370\2006Y\250^\211\245\211\351\231.\013\013\003 \335*-\014\034\311}\223\361\032\226\323\027Q\r\312vF0D\002 ~\007,\301J\326Pw\n\253x(\303\246!7\235\037\034>.\244[\311\264J\350\0345\316\023\026\002 ;M~\242\304n\334\233\025ML\323\307\365B\000\377`\374\273\351\263""\n{\007\302\306\362rR\225""; ","validation: """"\200\000\000\000&\000\000\000\002)/\351\306 :7N\200|N\023\0008Q\334\200\321D\003\276An\321\213w\004sl\253\206\007\032\007 W\242\020\237>\356\243\251\220t\203\nP\027\000\000\000\000\000\000\000\000\000\000\000\000\000\000\000\000\000\000\000\000\000\000\000\000\000\000\000\000\000\000\000\000P\031-}\351f\032\255\274\334m\326c\017\014ao[\342\230\003\245\245\3341Hm\326^\017jy\335\261s!\003\370\2006Y\250^\211\245\211\351\231.\013\013\003 \335*-\014\034\311}\223\361\032\226\323\027Q\r\312vF0D\002 ~\007,\301J\326Pw\n\253x(\303\246!7\235\037\034>.\244[\311\264J\350\0345\316\023\026\002 ;M~\242\304n\334\233\025ML\323\307\365B\000\377`\374\273\351\263""\n{\007\302\306\362rR\225""; "
1750534561908,1750534561909,2488,1,3,0,TMValidation,"validation: """"\200\000\000\000&\000\000\000\002)/\351\306 :7N\200|N\023\0008Q\334\200\321D\003\276An\321\213w\004sl\253\206\007\032\007 W\242\020\237>\356\243\251\220t\203\nP\027\000\000\000\000\000\000\000\000\000\000\000\000\000\000\000\000\000\000\000\000\000\000\000\000\000\000\000\000\000\000\000\000P\031-}\351f\032\255\274\334m\326c\017\014ao[\342\230\003\245\245\3341Hm\326^\017jy\335\261s!\003\370\2006Y\250^\211\245\211\351\231.\013\013\003 \335*-\014\034\311}\223\361\032\226\323\027Q\r\312vF0D\002 ~\007,\301J\326Pw\n\253x(\303\246!7\235\037\034>.\244[\311\264J\350\0345\316\023\026\002 ;M~\242\304n\334\233\025ML\323\307\365B\000\377`\374\273\351\263""\n{\007\302\306\362rR\225""; ","validation: """"\200\000\000\000&\000\000\000\002)/\351\306 :7N\200|N\023\0008Q\334\200\321D\003\276An\321\213w\004sl\253\206\007\032\007 W\242\020\237>\356\243\251\220t\203\nP\027\000\000\000\000\000\000\000\000\000\000\000\000\000\000\000\000\000\000\000\000\000\000\000\000\000\000\000\000\000\000\000\000P\031-}\351f\032\255\274\334m\326c\017\014ao[\342\230\003\245\245\3341Hm\326^\017jy\335\261s!\003\370\2006Y\250^\211\245\211\351\231.\013\013\003 \335*-\014\034\311}\223\361\032\226\323\027Q\r\312vF0D\002 ~\007,\301J\326Pw\n\253x(\303\246!7\235\037\034>.\244[\311\264J\350\0345\316\023\026\002 ;M~\242\304n\334\233\025ML\323\307\365B\000\377`\374\273\351\263""\n{\007\302\306\362rR\225""; "
1750534561909,1750534561909,3078,1,3,1,TMValidation,"validation: """"\200\000\000\000&\000\000\000\002)/\351\306 :7N\200|N\023\0008Q\334\200\321D\003\276An\321\213w\004sl\253\206\007\032\007 W\242\020\237>\356\243\251\220t\203\nP\027\000\000\000\000\000\000\000\000\000\000\000\000\000\000\000\000\000\000\000\000\000\000\000\000\000\000\000\000\000\000\000\000P\031-}\351f\032\255\274\334m\326c\017\014ao[\342\230\003\245\245\3341Hm\326^\017jy\335\261s!\003\370\2006Y\250^\211\245\211\351\231.\013\013\003 \335*-\014\034\311}\223\361\032\226\323\027Q\r\312vF0D\002 ~\007,\301J\326Pw\n\253x(\303\246!7\235\037\034>.\244[\311\264J\350\0345\316\023\026\002 ;M~\242\304n\334\233\025ML\323\307\365B\000\377`\374\273\351\263""\n{\007\302\306\362rR\225""; ","validation: """"\200\000\000\000&\000\000\000\002)/\351\306 :7N\200|N\023\0008Q\334\200\321D\003\276An\321\213w\004sl\253\206\007\032\007 W\242\020\237>\356\243\251\220t\203\nP\027\000\000\000\000\000\000\000\000\000\000\000\000\000\000\000\000\000\000\000\000\000\000\000\000\000\000\000\000\000\000\000\000P\031-}\351f\032\255\274\334m\326c\017\014ao[\342\230\003\245\245\3341Hm\326^\017jy\335\261s!\003\370\2006Y\250^\211\245\211\351\231.\013\013\003 \335*-\014\034\311}\223\361\032\226\323\027Q\r\312vF0D\002 ~\007,\301J\326Pw\n\253x(\303\246!7\235\037\034>.\244[\311\264J\350\0345\316\023\026\002 ;M~\242\304n\334\233\025ML\323\307\365B\000\377`\374\273\351\263""\n{\007\302\306\362rR\225""; "
1750534561995,1750534561995,2823,1,2,1,TMValidation,"validation: """"\200\000\000\000&\000\000\000\002)/\351\306 :\r\r\177\266\223\241\331\360Q\334\200\321D\003\276An\321\213w\004sl\253\206\007\032\007 W\242\020\237>\356\243\251\220t\203\nP\027\000\000\000\000\000\000\000\000\000\000\000\000\000\000\000\000\000\000\000\000\000\000\000\000\000\000\000\000\000\000\000\000P\031-}\351f\032\255\274\334m\326c\017\014ao[\342\230\003\245\245\3341Hm\326^\017jy\335\261s!\003\224\272y\037T\353\343\271\362E\205\262b\336.\367k\372\000\221\360\360'M\2377\341I\3077?\362vG0E\002!\000\302\321:""\002\272\360I\275\027\272\227\260\324\220-(J\014\304\230\264\301[\311y\255\267<\363\027\341\002 J\354\242\010\024\020\355W\200\032\230\310\203\266`P\257P7\002\033\327^\222\304&\004}\336\375!\322""; ","validation: """"\200\000\000\000&\000\000\000\002)/\351\306 :\r\r\177\266\223\241\331\360Q\334\200\321D\003\276An\321\213w\004sl\253\206\007\032\007 W\242\020\237>\356\243\251\220t\203\nP\027\000\000\000\000\000\000\000\000\000\000\000\000\000\000\000\000\000\000\000\000\000\000\000\000\000\000\000\000\000\000\000\000P\031-}\351f\032\255\274\334m\326c\017\014ao[\342\230\003\245\245\3341Hm\326^\017jy\335\261s!\003\224\272y\037T\353\343\271\362E\205\262b\336.\367k\372\000\221\360\360'M\2377\341I\3077?\362vG0E\002!\000\302\321:""\002\272\360I\275\027\272\227\260\324\220-(J\014\304\230\264\301[\311y\255\267<\363\027\341\002 J\354\242\010\024\020\355W\200\032\230\310\203\266`P\257P7\002\033\327^\222\304&\004}\336\375!\322""; "
1750534561996,1750534561996,1028,1,2,3,TMValidation,"validation: """"\200\000\000\000&\000\000\000\002)/\351\306 :\r\r\177\266\223\241\331\360Q\334\200\321D\003\276An\321\213w\004sl\253\206\007\032\007 W\242\020\237>\356\243\251\220t\203\nP\027\000\000\000\000\000\000\000\000\000\000\000\000\000\000\000\000\000\000\000\000\000\000\000\000\000\000\000\000\000\000\000\000P\031-}\351f\032\255\274\334m\326c\017\014ao[\342\230\003\245\245\3341Hm\326^\017jy\335\261s!\003\224\272y\037T\353\343\271\362E\205\262b\336.\367k\372\000\221\360\360'M\2377\341I\3077?\362vG0E\002!\000\302\321:""\002\272\360I\275\027\272\227\260\324\220-(J\014\304\230\264\301[\311y\255\267<\363\027\341\002 J\354\242\010\024\020\355W\200\032\230\310\203\266`P\257P7\002\033\327^\222\304&\004}\336\375!\322""; ","validation: """"\200\000\000\000&\000\000\000\002)/\351\306 :\r\r\177\266\223\241\331\360Q\334\200\321D\003\276An\321\213w\004sl\253\206\007\032\007 W\242\020\237>\356\243\251\220t\203\nP\027\000\000\000\000\000\000\000\000\000\000\000\000\000\000\000\000\000\000\000\000\000\000\000\000\000\000\000\000\000\000\000\000P\031-}\351f\032\255\274\334m\326c\017\014ao[\342\230\003\245\245\3341Hm\326^\017jy\335\261s!\003\224\272y\037T\353\343\271\362E\205\262b\336.\367k\372\000\221\360\360'M\2377\341I\3077?\362vG0E\002!\000\302\321:""\002\272\360I\275\027\272\227\260\324\220-(J\014\304\230\264\301[\311y\255\267<\363\027\341\002 J\354\242\010\024\020\355W\200\032\230\310\203\266`P\257P7\002\033\327^\222\304&\004}\336\375!\322""; "
1750534561996,1750534561997,550,1,2,0,TMValidation,"validation: """"\200\000\000\000&\000\000\000\002)/\351\306 :\r\r\177\266\223\241\331\360Q\334\200\321D\003\276An\321\213w\004sl\253\206\007\032\007 W\242\020\237>\356\243\251\220t\203\nP\027\000\000\000\000\000\000\000\000\000\000\000\000\000\000\000\000\000\000\000\000\000\000\000\000\000\000\000\000\000\000\000\000P\031-}\351f\032\255\274\334m\326c\017\014ao[\342\230\003\245\245\3341Hm\326^\017jy\335\261s!\003\224\272y\037T\353\343\271\362E\205\262b\336.\367k\372\000\221\360\360'M\2377\341I\3077?\362vG0E\002!\000\302\321:""\002\272\360I\275\027\272\227\260\324\220-(J\014\304\230\264\301[\311y\255\267<\363\027\341\002 J\354\242\010\024\020\355W\200\032\230\310\203\266`P\257P7\002\033\327^\222\304&\004}\336\375!\322""; ","validation: """"\200\000\000\000&\000\000\000\002)/\351\306 :\r\r\177\266\223\241\331\360Q\334\200\321D\003\276An\321\213w\004sl\253\206\007\032\007 W\242\020\237>\356\243\251\220t\203\nP\027\000\000\000\000\000\000\000\000\000\000\000\000\000\000\000\000\000\000\000\000\000\000\000\000\000\000\000\000\000\000\000\000P\031-}\351f\032\255\274\334m\326c\017\014ao[\342\230\003\245\245\3341Hm\326^\017jy\335\261s!\003\224\272y\037T\353\343\271\362E\205\262b\336.\367k\372\000\221\360\360'M\2377\341I\3077?\362vG0E\002!\000\302\321:""\002\272\360I\275\027\272\227\260\324\220-(J\014\304\230\264\301[\311y\255\267<\363\027\341\002 J\354\242\010\024\020\355W\200\032\230\310\203\266`P\257P7\002\033\327^\222\304&\004}\336\375!\322""; "
1750534562548,1750534562548,41,1,0,4,TMValidation,"validation: """"\200\000\000\000&\000\000\000\002)/\351\306 :\r\r\177\266\223\241\331\360Q\334\200\321D\003\276An\321\213w\004sl\253\206\007\032\007 W\242\020\237>\356\243\251\220t\203\nP\027\000\000\000\000\000\000\000\000\000\000\000\000\000\000\000\000\000\000\000\000\000\000\000\000\000\000\000\000\000\000\000\000P\031-}\351f\032\255\274\334m\326c\017\014ao[\342\230\003\245\245\3341Hm\326^\017jy\335\261s!\003\224\272y\037T\353\343\271\362E\205\262b\336.\367k\372\000\221\360\360'M\2377\341I\3077?\362vG0E\002!\000\302\321:""\002\272\360I\275\027\272\227\260\324\220-(J\014\304\230\264\301[\311y\255\267<\363\027\341\002 J\354\242\010\024\020\355W\200\032\230\310\203\266`P\257P7\002\033\327^\222\304&\004}\336\375!\322""; ","validation: """"\200\000\000\000&\000\000\000\002)/\351\306 :\r\r\177\266\223\241\331\360Q\334\200\321D\003\276An\321\213w\004sl\253\206\007\032\007 W\242\020\237>\356\243\251\220t\203\nP\027\000\000\000\000\000\000\000\000\000\000\000\000\000\000\000\000\000\000\000\000\000\000\000\000\000\000\000\000\000\000\000\000P\031-}\351f\032\255\274\334m\326c\017\014ao[\342\230\003\245\245\3341Hm\326^\017jy\335\261s!\003\224\272y\037T\353\343\271\362E\205\262b\336.\367k\372\000\221\360\360'M\2377\341I\3077?\362vG0E\002!\000\302\321:""\002\272\360I\275\027\272\227\260\324\220-(J\014\304\230\264\301[\311y\255\267<\363\027\341\002 J\354\242\010\024\020\355W\200\032\230\310\203\266`P\257P7\002\033\327^\222\304&\004}\336\375!\322""; "
1750534562548,1750534562549,1463,1,0,3,TMValidation,"validation: """"\200\000\000\000&\000\000\000\002)/\351\306 :\r\r\177\266\223\241\331\360Q\334\200\321D\003\276An\321\213w\004sl\253\206\007\032\007 W\242\020\237>\356\243\251\220t\203\nP\027\000\000\000\000\000\000\000\000\000\000\000\000\000\000\000\000\000\000\000\000\000\000\000\000\000\000\000\000\000\000\000\000P\031-}\351f\032\255\274\334m\326c\017\014ao[\342\230\003\245\245\3341Hm\326^\017jy\335\261s!\003\224\272y\037T\353\343\271\362E\205\262b\336.\367k\372\000\221\360\360'M\2377\341I\3077?\362vG0E\002!\000\302\321:""\002\272\360I\275\027\272\227\260\324\220-(J\014\304\230\264\301[\311y\255\267<\363\027\341\002 J\354\242\010\024\020\355W\200\032\230\310\203\266`P\257P7\002\033\327^\222\304&\004}\336\375!\322""; ","validation: """"\200\000\000\000&\000\000\000\002)/\351\306 :\r\r\177\266\223\241\331\360Q\334\200\321D\003\276An\321\213w\004sl\253\206\007\032\007 W\242\020\237>\356\243\251\220t\203\nP\027\000\000\000\000\000\000\000\000\000\000\000\000\000\000\000\000\000\000\000\000\000\000\000\000\000\000\000\000\000\000\000\000P\031-}\351f\032\255\274\334m\326c\017\014ao[\342\230\003\245\245\3341Hm\326^\017jy\335\261s!\003\224\272y\037T\353\343\271\362E\205\262b\336.\367k\372\000\221\360\360'M\2377\341I\3077?\362vG0E\002!\000\302\321:""\002\272\360I\275\027\272\227\260\324\220-(J\014\304\230\264\301[\311y\255\267<\363\027\341\002 J\354\242\010\024\020\355W\200\032\230\310\203\266`P\257P7\002\033\327^\222\304&\004}\336\375!\322""; "
1750534562549,1750534562549,107,1,0,1,TMValidation,"validation: """"\200\000\000\000&\000\000\000\002)/\351\306 :\r\r\177\266\223\241\331\360Q\334\200\321D\003\276An\321\213w\004sl\253\206\007\032\007 W\242\020\237>\356\243\251\220t\203\nP\027\000\000\000\000\000\000\000\000\000\000\000\000\000\000\000\000\000\000\000\000\000\000\000\000\000\000\000\000\000\000\000\000P\031-}\351f\032\255\274\334m\326c\017\014ao[\342\230\003\245\245\3341Hm\326^\017jy\335\261s!\003\224\272y\037T\353\343\271\362E\205\262b\336.\367k\372\000\221\360\360'M\2377\341I\3077?\362vG0E\002!\000\302\321:""\002\272\360I\275\027\272\227\260\324\220-(J\014\304\230\264\301[\311y\255\267<\363\027\341\002 J\354\242\010\024\020\355W\200\032\230\310\203\266`P\257P7\002\033\327^\222\304&\004}\336\375!\322""; ","validation: """"\200\000\000\000&\000\000\000\002)/\351\306 :\r\r\177\266\223\241\331\360Q\334\200\321D\003\276An\321\213w\004sl\253\206\007\032\007 W\242\020\237>\356\243\251\220t\203\nP\027\000\000\000\000\000\000\000\000\000\000\000\000\000\000\000\000\000\000\000\000\000\000\000\000\000\000\000\000\000\000\000\000P\031-}\351f\032\255\274\334m\326c\017\014ao[\342\230\003\245\245\3341Hm\326^\017jy\335\261s!\003\224\272y\037T\353\343\271\362E\205\262b\336.\367k\372\000\221\360\360'M\2377\341I\3077?\362vG0E\002!\000\302\321:""\002\272\360I\275\027\272\227\260\324\220-(J\014\304\230\264\301[\311y\255\267<\363\027\341\002 J\354\242\010\024\020\355W\200\032\230\310\203\266`P\257P7\002\033\327^\222\304&\004}\336\375!\322""; "
1750534562771,1750534562771,41,1,0,4,TMValidation,"validation: """"\200\000\000\000&\000\000\000\002)/\351\306 :g\233\2308\345\027\233VQ\334\200\321D\003\276An\321\213w\004sl\253\206\007\032\007 W\242\020\237>\356\243\251\220t\203\nP\027\000\000\000\000\000\000\000\000\000\000\000\000\000\000\000\000\000\000\000\000\000\000\000\000\000\000\000\000\000\000\000\000P\031-}\351f\032\255\274\334m\326c\017\014ao[\342\230\003\245\245\3341Hm\326^\017jy\335\261s!\002\372""\264\241\373W\017d\005\376\327\n\354!\351#\207\207\020\242\244\330\177\306\006Q\267\360k&\000\034vF0D\002 \017 \226\232\253r\303$s\210\336 j\275\341\036\241a\325\325\016\270\345\002\207 \271\227E7S\302\002 9\007\253c\222V\231.[o\037\202\214\310\235/\337y\020\375\242\256\373L\3560\025l\370w~\342""; ","validation: """"\200\000\000\000&\000\000\000\002)/\351\306 :g\233\2308\345\027\233VQ\334\200\321D\003\276An\321\213w\004sl\253\206\007\032\007 W\242\020\237>\356\243\251\220t\203\nP\027\000\000\000\000\000\000\000\000\000\000\000\000\000\000\000\000\000\000\000\000\000\000\000\000\000\000\000\000\000\000\000\000P\031-}\351f\032\255\274\334m\326c\017\014ao[\342\230\003\245\245\3341Hm\326^\017jy\335\261s!\002\372""\264\241\373W\017d\005\376\327\n\354!\351#\207\207\020\242\244\330\177\306\006Q\267\360k&\000\034vF0D\002 \017 \226\232\253r\303$s\210\336 j\275\341\036\241a\325\325\016\270\345\002\207 \271\227E7S\302\002 9\007\253c\222V\231.[o\037\202\214\310\235/\337y\020\375\242\256\373L\3560\025l\370w~\342""; "
1750534562771,1750534562772,71,1,0,2,TMValidation,"validation: """"\200\000\000\000&\000\000\000\002)/\351\306 :g\233\2308\345\027\233VQ\334\200\321D\003\276An\321\213w\004sl\253\206\007\032\007 W\242\020\237>\356\243\251\220t\203\nP\027\000\000\000\000\000\000\000\000\000\000\000\000\000\000\000\000\000\000\000\000\000\000\000\000\000\000\000\000\000\000\000\000P\031-}\351f\032\255\274\334m\326c\017\014ao[\342\230\003\245\245\3341Hm\326^\017jy\335\261s!\002\372""\264\241\373W\017d\005\376\327\n\354!\351#\207\207\020\242\244\330\177\306\006Q\267\360k&\000\034vF0D\002 \017 \226\232\253r\303$s\210\336 j\275\341\036\241a\325\325\016\270\345\002\207 \271\227E7S\302\002 9\007\253c\222V\231.[o\037\202\214\310\235/\337y\020\375\242\256\373L\3560\025l\370w~\342""; ","validation: """"\200\000\000\000&\000\000\000\002)/\351\306 :g\233\2308\345\027\233VQ\334\200\321D\003\276An\321\213w\004sl\253\206\007\032\007 W\242\020\237>\356\243\251\220t\203\nP\027\000\000\000\000\000\000\000\000\000\000\000\000\000\000\000\000\000\000\000\000\000\000\000\000\000\000\000\000\000\000\000\000P\031-}\351f\032\255\274\334m\326c\017\014ao[\342\230\003\245\245\3341Hm\326^\017jy\335\261s!\002\372""\264\241\373W\017d\005\376\327\n\354!\351#\207\207\020\242\244\330\177\306\006Q\267\360k&\000\034vF0D\002 \017 \226\232\253r\303$s\210\336 j\275\341\036\241a\325\325\016\270\345\002\207 \271\227E7S\302\002 9\007\253c\222V\231.[o\037\202\214\310\235/\337y\020\375\242\256\373L\3560\025l\370w~\342""; "
1750534562771,1750534562771,1463,1,0,3,TMValidation,"validation: """"\200\000\000\000&\000\000\000\002)/\351\306 :g\233\2308\345\027\233VQ\334\200\321D\003\276An\321\213w\004sl\253\206\007\032\007 W\242\020\237>\356\243\251\220t\203\nP\027\000\000\000\000\000\000\000\000\000\000\000\000\000\000\000\000\000\000\000\000\000\000\000\000\000\000\000\000\000\000\000\000P\031-}\351f\032\255\274\334m\326c\017\014ao[\342\230\003\245\245\3341Hm\326^\017jy\335\261s!\002\372""\264\241\373W\017d\005\376\327\n\354!\351#\207\207\020\242\244\330\177\306\006Q\267\360k&\000\034vF0D\002 \017 \226\232\253r\303$s\210\336 j\275\341\036\241a\325\325\016\270\345\002\207 \271\227E7S\302\002 9\007\253c\222V\231.[o\037\202\214\310\235/\337y\020\375\242\256\373L\3560\025l\370w~\342""; ","validation: """"\200\000\000\000&\000\000\000\002)/\351\306 :g\233\2308\345\027\233VQ\334\200\321D\003\276An\321\213w\004sl\253\206\007\032\007 W\242\020\237>\356\243\251\220t\203\nP\027\000\000\000\000\000\000\000\000\000\000\000\000\000\000\000\000\000\000\000\000\000\000\000\000\000\000\000\000\000\000\000\000P\031-}\351f\032\255\274\334m\326c\017\014ao[\342\230\003\245\245\3341Hm\326^\017jy\335\261s!\002\372""\264\241\373W\017d\005\376\327\n\354!\351#\207\207\020\242\244\330\177\306\006Q\267\360k&\000\034vF0D\002 \017 \226\232\253r\303$s\210\336 j\275\341\036\241a\325\325\016\270\345\002\207 \271\227E7S\302\002 9\007\253c\222V\231.[o\037\202\214\310\235/\337y\020\375\242\256\373L\3560\025l\370w~\342""; "
1750534562814,1750534562814,1505,1,4,2,TMValidation,"validation: """"\200\000\000\000&\000\000\000\002)/\351\306 :g\233\2308\345\027\233VQ\334\200\321D\003\276An\321\213w\004sl\253\206\007\032\007 W\242\020\237>\356\243\251\220t\203\nP\027\000\000\000\000\000\000\000\000\000\000\000\000\000\000\000\000\000\000\000\000\000\000\000\000\000\000\000\000\000\000\000\000P\031-}\351f\032\255\274\334m\326c\017\014ao[\342\230\003\245\245\3341Hm\326^\017jy\335\261s!\002\372""\264\241\373W\017d\005\376\327\n\354!\351#\207\207\020\242\244\330\177\306\006Q\267\360k&\000\034vF0D\002 \017 \226\232\253r\303$s\210\336 j\275\341\036\241a\325\325\016\270\345\002\207 \271\227E7S\302\002 9\007\253c\222V\231.[o\037\202\214\310\235/\337y\020\375\242\256\373L\3560\025l\370w~\342""; ","validation: """"\200\000\000\000&\000\000\000\002)/\351\306 :g\233\2308\345\027\233VQ\334\200\321D\003\276An\321\213w\004sl\253\206\007\032\007 W\242\020\237>\356\243\251\220t\203\nP\027\000\000\000\000\000\000\000\000\000\000\000\000\000\000\000\000\000\000\000\000\000\000\000\000\000\000\000\000\000\000\000\000P\031-}\351f\032\255\274\334m\326c\017\014ao[\342\230\003\245\245\3341Hm\326^\017jy\335\261s!\002\372""\264\241\373W\017d\005\376\327\n\354!\351#\207\207\020\242\244\330\177\306\006Q\267\360k&\000\034vF0D\002 \017 \226\232\253r\303$s\210\336 j\275\341\036\241a\325\325\016\270\345\002\207 \271\227E7S\302\002 9\007\253c\222V\231.[o\037\202\214\310\235/\337y\020\375\242\256\373L\3560\025l\370w~\342""; "
1750534562815,1750534562815,3186,1,4,3,TMValidation,"validation: """"\200\000\000\000&\000\000\000\002)/\351\306 :g\233\2308\345\027\233VQ\334\200\321D\003\276An\321\213w\004sl\253\206\007\032\007 W\242\020\237>\356\243\251\220t\203\nP\027\000\000\000\000\000\000\000\000\000\000\000\000\000\000\000\000\000\000\000\000\000\000\000\000\000\000\000\000\000\000\000\000P\031-}\351f\032\255\274\334m\326c\017\014ao[\342\230\003\245\245\3341Hm\326^\017jy\335\261s!\002\372""\264\241\373W\017d\005\376\327\n\354!\351#\207\207\020\242\244\330\177\306\006Q\267\360k&\000\034vF0D\002 \017 \226\232\253r\303$s\210\336 j\275\341\036\241a\325\325\016\270\345\002\207 \271\227E7S\302\002 9\007\253c\222V\231.[o\037\202\214\310\235/\337y\020\375\242\256\373L\3560\025l\370w~\342""; ","validation: """"\200\000\000\000&\000\000\000\002)/\351\306 :g\233\2308\345\027\233VQ\334\200\321D\003\276An\321\213w\004sl\253\206\007\032\007 W\242\020\237>\356\243\251\220t\203\nP\027\000\000\000\000\000\000\000\000\000\000\000\000\000\000\000\000\000\000\000\000\000\000\000\000\000\000\000\000\000\000\000\000P\031-}\351f\032\255\274\334m\326c\017\014ao[\342\230\003\245\245\3341Hm\326^\017jy\335\261s!\002\372""\264\241\373W\017d\005\376\327\n\354!\351#\207\207\020\242\244\330\177\306\006Q\267\360k&\000\034vF0D\002 \017 \226\232\253r\303$s\210\336 j\275\341\036\241a\325\325\016\270\345\002\207 \271\227E7S\302\002 9\007\253c\222V\231.[o\037\202\214\310\235/\337y\020\375\242\256\373L\3560\025l\370w~\342""; "
1750534562816,1750534562816,905,1,4,1,TMValidation,"validation: """"\200\000\000\000&\000\000\000\002)/\351\306 :g\233\2308\345\027\233VQ\334\200\321D\003\276An\321\213w\004sl\253\206\007\032\007 W\242\020\237>\356\243\251\220t\203\nP\027\000\000\000\000\000\000\000\000\000\000\000\000\000\000\000\000\000\000\000\000\000\000\000\000\000\000\000\000\000\000\000\000P\031-}\351f\032\255\274\334m\326c\017\014ao[\342\230\003\245\245\3341Hm\326^\017jy\335\261s!\002\372""\264\241\373W\017d\005\376\327\n\354!\351#\207\207\020\242\244\330\177\306\006Q\267\360k&\000\034vF0D\002 \017 \226\232\253r\303$s\210\336 j\275\341\036\241a\325\325\016\270\345\002\207 \271\227E7S\302\002 9\007\253c\222V\231.[o\037\202\214\310\235/\337y\020\375\242\256\373L\3560\025l\370w~\342""; ","validation: """"\200\000\000\000&\000\000\000\002)/\351\306 :g\233\2308\345\027\233VQ\334\200\321D\003\276An\321\213w\004sl\253\206\007\032\007 W\242\020\237>\356\243\251\220t\203\nP\027\000\000\000\000\000\000\000\000\000\000\000\000\000\000\000\000\000\000\000\000\000\000\000\000\000\000\000\000\000\000\000\000P\031-}\351f\032\255\274\334m\326c\017\014ao[\342\230\003\245\245\3341Hm\326^\017jy\335\261s!\002\372""\264\241\373W\017d\005\376\327\n\354!\351#\207\207\020\242\244\330\177\306\006Q\267\360k&\000\034vF0D\002 \017 \226\232\253r\303$s\210\336 j\275\341\036\241a\325\325\016\270\345\002\207 \271\227E7S\302\002 9\007\253c\222V\231.[o\037\202\214\310\235/\337y\020\375\242\256\373L\3560\025l\370w~\342""; "
1750534562844,1750534562845,1028,1,2,3,TMValidation,"validation: """"\200\000\000\000&\000\000\000\002)/\351\306 :g\233\2308\345\027\233VQ\334\200\321D\003\276An\321\213w\004sl\253\206\007\032\007 W\242\020\237>\356\243\251\220t\203\nP\027\000\000\000\000\000\000\000\000\000\000\000\000\000\000\000\000\000\000\000\000\000\000\000\000\000\000\000\000\000\000\000\000P\031-}\351f\032\255\274\334m\326c\017\014ao[\342\230\003\245\245\3341Hm\326^\017jy\335\261s!\002\372""\264\241\373W\017d\005\376\327\n\354!\351#\207\207\020\242\244\330\177\306\006Q\267\360k&\000\034vF0D\002 \017 \226\232\253r\303$s\210\336 j\275\341\036\241a\325\325\016\270\345\002\207 \271\227E7S\302\002 9\007\253c\222V\231.[o\037\202\214\310\235/\337y\020\375\242\256\373L\3560\025l\370w~\342""; ","validation: """"\200\000\000\000&\000\000\000\002)/\351\306 :g\233\2308\345\027\233VQ\334\200\321D\003\276An\321\213w\004sl\253\206\007\032\007 W\242\020\237>\356\243\251\220t\203\nP\027\000\000\000\000\000\000\000\000\000\000\000\000\000\000\000\000\000\000\000\000\000\000\000\000\000\000\000\000\000\000\000\000P\031-}\351f\032\255\274\334m\326c\017\014ao[\342\230\003\245\245\3341Hm\326^\017jy\335\261s!\002\372""\264\241\373W\017d\005\376\327\n\354!\351#\207\207\020\242\244\330\177\306\006Q\267\360k&\000\034vF0D\002 \017 \226\232\253r\303$s\210\336 j\275\341\036\241a\325\325\016\270\345\002\207 \271\227E7S\302\002 9\007\253c\222V\231.[o\037\202\214\310\235/\337y\020\375\242\256\373L\3560\025l\370w~\342""; "
1750534562845,1750534562845,3645,1,2,4,TMValidation,"validation: """"\200\000\000\000&\000\000\000\002)/\351\306 :g\233\2308\345\027\233VQ\334\200\321D\003\276An\321\213w\004sl\253\206\007\032\007 W\242\020\237>\356\243\251\220t\203\nP\027\000\000\000\000\000\000\000\000\000\000\000\000\000\000\000\000\000\000\000\000\000\000\000\000\000\000\000\000\000\000\000\000P\031-}\351f\032\255\274\334m\326c\017\014ao[\342\230\003\245\245\3341Hm\326^\017jy\335\261s!\002\372""\264\241\373W\017d\005\376\327\n\354!\351#\207\207\020\242\244\330\177\306\006Q\267\360k&\000\034vF0D\002 \017 \226\232\253r\303$s\210\336 j\275\341\036\241a\325\325\016\270\345\002\207 \271\227E7S\302\002 9\007\253c\222V\231.[o\037\202\214\310\235/\337y\020\375\242\256\373L\3560\025l\370w~\342""; ","validation: """"\200\000\000\000&\000\000\000\002)/\351\306 :g\233\2308\345\027\233VQ\334\200\321D\003\276An\321\213w\004sl\253\206\007\032\007 W\242\020\237>\356\243\251\220t\203\nP\027\000\000\000\000\000\000\000\000\000\000\000\000\000\000\000\000\000\000\000\000\000\000\000\000\000\000\000\000\000\000\000\000P\031-}\351f\032\255\274\334m\326c\017\014ao[\342\230\003\245\245\3341Hm\326^\017jy\335\261s!\002\372""\264\241\373W\017d\005\376\327\n\354!\351#\207\207\020\242\244\330\177\306\006Q\267\360k&\000\034vF0D\002 \017 \226\232\253r\303$s\210\336 j\275\341\036\241a\325\325\016\270\345\002\207 \271\227E7S\302\002 9\007\253c\222V\231.[o\037\202\214\310\235/\337y\020\375\242\256\373L\3560\025l\370w~\342""; "
1750534562845,1750534562845,2823,1,2,1,TMValidation,"validation: """"\200\000\000\000&\000\000\000\002)/\351\306 :g\233\2308\345\027\233VQ\334\200\321D\003\276An\321\213w\004sl\253\206\007\032\007 W\242\020\237>\356\243\251\220t\203\nP\027\000\000\000\000\000\000\000\000\000\000\000\000\000\000\000\000\000\000\000\000\000\000\000\000\000\000\000\000\000\000\000\000P\031-}\351f\032\255\274\334m\326c\017\014ao[\342\230\003\245\245\3341Hm\326^\017jy\335\261s!\002\372""\264\241\373W\017d\005\376\327\n\354!\351#\207\207\020\242\244\330\177\306\006Q\267\360k&\000\034vF0D\002 \017 \226\232\253r\303$s\210\336 j\275\341\036\241a\325\325\016\270\345\002\207 \271\227E7S\302\002 9\007\253c\222V\231.[o\037\202\214\310\235/\337y\020\375\242\256\373L\3560\025l\370w~\342""; ","validation: """"\200\000\000\000&\000\000\000\002)/\351\306 :g\233\2308\345\027\233VQ\334\200\321D\003\276An\321\213w\004sl\253\206\007\032\007 W\242\020\237>\356\243\251\220t\203\nP\027\000\000\000\000\000\000\000\000\000\000\000\000\000\000\000\000\000\000\000\000\000\000\000\000\000\000\000\000\000\000\000\000P\031-}\351f\032\255\274\334m\326c\017\014ao[\342\230\003\245\245\3341Hm\326^\017jy\335\261s!\002\372""\264\241\373W\017d\005\376\327\n\354!\351#\207\207\020\242\244\330\177\306\006Q\267\360k&\000\034vF0D\002 \017 \226\232\253r\303$s\210\336 j\275\341\036\241a\325\325\016\270\345\002\207 \271\227E7S\302\002 9\007\253c\222V\231.[o\037\202\214\310\235/\337y\020\375\242\256\373L\3560\025l\370w~\342""; "
1750534562935,1750534562935,1505,1,4,2,TMValidation,"validation: """"\200\000\000\000&\000\000\000\002)/\351\306 :\346\313\250\214\345\325\303\000Q\334\200\321D\003\276An\321\213w\004sl\253\206\007\032\007 W\242\020\237>\356\243\251\220t\203\nP\027\000\000\000\000\000\000\000\000\000\000\000\000\000\000\000\000\000\000\000\000\000\000\000\000\000\000\000\000\000\000\000\000P\031-}\351f\032\255\274\334m\326c\017\014ao[\342\230\003\245\245\3341Hm\326^\017jy\335\261s!\002\306cQb\320\027.e9\344\363R\275R\231\316\216\037\013\037\021\221\234\225\326p\372\213\010EW\373vG0E\002!\000\306\365~\227\177\233\t\244\365di\233<\370\356\366\305<\367\274\312Y\323B\211\257\357\225R?\371\264\002 P\263\271\365.w@\353+tB\031\2025\347^\365\215\222\375\351\006\027D\240\336I\360a\3738\177""; ","validation: """"\200\000\000\000&\000\000\000\002)/\351\306 :\346\313\250\214\345\325\303\000Q\334\200\321D\003\276An\321\213w\004sl\253\206\007\032\007 W\242\020\237>\356\243\251\220t\203\nP\027\000\000\000\000\000\000\000\000\000\000\000\000\000\000\000\000\000\000\000\000\000\000\000\000\000\000\000\000\000\000\000\000P\031-}\351f\032\255\274\334m\326c\017\014ao[\342\230\003\245\245\3341Hm\326^\017jy\335\261s!\002\306cQb\320\027.e9\344\363R\275R\231\316\216\037\013\037\021\221\234\225\326p\372\213\010EW\373vG0E\002!\000\306\365~\227\177\233\t\244\365di\233<\370\356\366\305<\367\274\312Y\323B\211\257\357\225R?\371\264\002 P\263\271\365.w@\353+tB\031\2025\347^\365\215\222\375\351\006\027D\240\336I\360a\3738\177""; "
1750534562935,1750534562936,905,1,4,1,TMValidation,"validation: """"\200\000\000\000&\000\000\000\002)/\351\306 :\346\313\250\214\345\325\303\000Q\334\200\321D\003\276An\321\213w\004sl\253\206\007\032\007 W\242\020\237>\356\243\251\220t\203\nP\027\000\000\000\000\000\000\000\000\000\000\000\000\000\000\000\000\000\000\000\000\000\000\000\000\000\000\000\000\000\000\000\000P\031-}\351f\032\255\274\334m\326c\017\014ao[\342\230\003\245\245\3341Hm\326^\017jy\335\261s!\002\306cQb\320\027.e9\344\363R\275R\231\316\216\037\013\037\021\221\234\225\326p\372\213\010EW\373vG0E\002!\000\306\365~\227\177\233\t\244\365di\233<\370\356\366\305<\367\274\312Y\323B\211\257\357\225R?\371\264\002 P\263\271\365.w@\353+tB\031\2025\347^\365\215\222\375\351\006\027D\240\336I\360a\3738\177""; ","validation: """"\200\000\000\000&\000\000\000\002)/\351\306 :\346\313\250\214\345\325\303\000Q\334\200\321D\003\276An\321\213w\004sl\253\206\007\032\007 W\242\020\237>\356\243\251\220t\203\nP\027\000\000\000\000\000\000\000\000\000\000\000\000\000\000\000\000\000\000\000\000\000\000\000\000\000\000\000\000\000\000\000\000P\031-}\351f\032\255\274\334m\326c\017\014ao[\342\230\003\245\245\3341Hm\326^\017jy\335\261s!\002\306cQb\320\027.e9\344\363R\275R\231\316\216\037\013\037\021\221\234\225\326p\372\213\010EW\373vG0E\002!\000\306\365~\227\177\233\t\244\365di\233<\370\356\366\305<\367\274\312Y\323B\211\257\357\225R?\371\264\002 P\263\271\365.w@\353+tB\031\2025\347^\365\215\222\375\351\006\027D\240\336I\360a\3738\177""; "
1750534562936,1750534562936,3584,1,4,0,TMValidation,"validation: """"\200\000\000\000&\000\000\000\002)/\351\306 :\346\313\250\214\345\325\303\000Q\334\200\321D\003\276An\321\213w\004sl\253\206\007\032\007 W\242\020\237>\356\243\251\220t\203\nP\027\000\000\000\000\000\000\000\000\000\000\000\000\000\000\000\000\000\000\000\000\000\000\000\000\000\000\000\000\000\000\000\000P\031-}\351f\032\255\274\334m\326c\017\014ao[\342\230\003\245\245\3341Hm\326^\017jy\335\261s!\002\306cQb\320\027.e9\344\363R\275R\231\316\216\037\013\037\021\221\234\225\326p\372\213\010EW\373vG0E\002!\000\306\365~\227\177\233\t\244\365di\233<\370\356\366\305<\367\274\312Y\323B\211\257\357\225R?\371\264\002 P\263\271\365.w@\353+tB\031\2025\347^\365\215\222\375\351\006\027D\240\336I\360a\3738\177""; ","validation: """"\200\000\000\000&\000\000\000\002)/\351\306 :\346\313\250\214\345\325\303\000Q\334\200\321D\003\276An\321\213w\004sl\253\206\007\032\007 W\242\020\237>\356\243\251\220t\203\nP\027\000\000\000\000\000\000\000\000\000\000\000\000\000\000\000\000\000\000\000\000\000\000\000\000\000\000\000\000\000\000\000\000P\031-}\351f\032\255\274\334m\326c\017\014ao[\342\230\003\245\245\3341Hm\326^\017jy\335\261s!\002\306cQb\320\027.e9\344\363R\275R\231\316\216\037\013\037\021\221\234\225\326p\372\213\010EW\373vG0E\002!\000\306\365~\227\177\233\t\244\365di\233<\370\356\366\305<\367\274\312Y\323B\211\257\357\225R?\371\264\002 P\263\271\365.w@\353+tB\031\2025\347^\365\215\222\375\351\006\027D\240\336I\360a\3738\177""; "
1750534563026,1750534563026,3078,1,3,1,TMValidation,"validation: """"\200\000\000\000&\000\000\000\002)/\351\306 :\r\r\177\266\223\241\331\360Q\334\200\321D\003\276An\321\213w\004sl\253\206\007\032\007 W\242\020\237>\356\243\251\220t\203\nP\027\000\000\000\000\000\000\000\000\000\000\000\000\000\000\000\000\000\000\000\000\000\000\000\000\000\000\000\000\000\000\000\000P\031-}\351f\032\255\274\334m\326c\017\014ao[\342\230\003\245\245\3341Hm\326^\017jy\335\261s!\003\224\272y\037T\353\343\271\362E\205\262b\336.\367k\372\000\221\360\360'M\2377\341I\3077?\362vG0E\002!\000\302\321:""\002\272\360I\275\027\272\227\260\324\220-(J\014\304\230\264\301[\311y\255\267<\363\027\341\002 J\354\242\010\024\020\355W\200\032\230\310\203\266`P\257P7\002\033\327^\222\304&\004}\336\375!\322""; ","validation: """"\200\000\000\000&\000\000\000\002)/\351\306 :\r\r\177\266\223\241\331\360Q\334\200\321D\003\276An\321\213w\004sl\253\206\007\032\007 W\242\020\237>\356\243\251\220t\203\nP\027\000\000\000\000\000\000\000\000\000\000\000\000\000\000\000\000\000\000\000\000\000\000\000\000\000\000\000\000\000\000\000\000P\031-}\351f\032\255\274\334m\326c\017\014ao[\342\230\003\245\245\3341Hm\326^\017jy\335\261s!\003\224\272y\037T\353\343\271\362E\205\262b\336.\367k\372\000\221\360\360'M\2377\341I\3077?\362vG0E\002!\000\302\321:""\002\272\360I\275\027\272\227\260\324\220-(J\014\304\230\264\301[\311y\255\267<\363\027\341\002 J\354\242\010\024\020\355W\200\032\230\310\203\266`P\257P7\002\033\327^\222\304&\004}\336\375!\322""; "
1750534563027,1750534563027,2488,1,3,0,TMValidation,"validation: """"\200\000\000\000&\000\000\000\002)/\351\306 :\r\r\177\266\223\241\331\360Q\334\200\321D\003\276An\321\213w\004sl\253\206\007\032\007 W\242\020\237>\356\243\251\220t\203\nP\027\000\000\000\000\000\000\000\000\000\000\000\000\000\000\000\000\000\000\000\000\000\000\000\000\000\000\000\000\000\000\000\000P\031-}\351f\032\255\274\334m\326c\017\014ao[\342\230\003\245\245\3341Hm\326^\017jy\335\261s!\003\224\272y\037T\353\343\271\362E\205\262b\336.\367k\372\000\221\360\360'M\2377\341I\3077?\362vG0E\002!\000\302\321:""\002\272\360I\275\027\272\227\260\324\220-(J\014\304\230\264\301[\311y\255\267<\363\027\341\002 J\354\242\010\024\020\355W\200\032\230\310\203\266`P\257P7\002\033\327^\222\304&\004}\336\375!\322""; ","validation: """"\200\000\000\000&\000\000\000\002)/\351\306 :\r\r\177\266\223\241\331\360Q\334\200\321D\003\276An\321\213w\004sl\253\206\007\032\007 W\242\020\237>\356\243\251\220t\203\nP\027\000\000\000\000\000\000\000\000\000\000\000\000\000\000\000\000\000\000\000\000\000\000\000\000\000\000\000\000\000\000\000\000P\031-}\351f\032\255\274\334m\326c\017\014ao[\342\230\003\245\245\3341Hm\326^\017jy\335\261s!\003\224\272y\037T\353\343\271\362E\205\262b\336.\367k\372\000\221\360\360'M\2377\341I\3077?\362vG0E\002!\000\302\321:""\002\272\360I\275\027\272\227\260\324\220-(J\014\304\230\264\301[\311y\255\267<\363\027\341\002 J\354\242\010\024\020\355W\200\032\230\310\203\266`P\257P7\002\033\327^\222\304&\004}\336\375!\322""; "
1750534563027,1750534563027,2070,1,3,4,TMValidation,"validation: """"\200\000\000\000&\000\000\000\002)/\351\306 :\r\r\177\266\223\241\331\360Q\334\200\321D\003\276An\321\213w\004sl\253\206\007\032\007 W\242\020\237>\356\243\251\220t\203\nP\027\000\000\000\000\000\000\000\000\000\000\000\000\000\000\000\000\000\000\000\000\000\000\000\000\000\000\000\000\000\000\000\000P\031-}\351f\032\255\274\334m\326c\017\014ao[\342\230\003\245\245\3341Hm\326^\017jy\335\261s!\003\224\272y\037T\353\343\271\362E\205\262b\336.\367k\372\000\221\360\360'M\2377\341I\3077?\362vG0E\002!\000\302\321:""\002\272\360I\275\027\272\227\260\324\220-(J\014\304\230\264\301[\311y\255\267<\363\027\341\002 J\354\242\010\024\020\355W\200\032\230\310\203\266`P\257P7\002\033\327^\222\304&\004}\336\375!\322""; ","validation: """"\200\000\000\000&\000\000\000\002)/\351\306 :\r\r\177\266\223\241\331\360Q\334\200\321D\003\276An\321\213w\004sl\253\206\007\032\007 W\242\020\237>\356\243\251\220t\203\nP\027\000\000\000\000\000\000\000\000\000\000\000\000\000\000\000\000\000\000\000\000\000\000\000\000\000\000\000\000\000\000\000\000P\031-}\351f\032\255\274\334m\326c\017\014ao[\342\230\003\245\245\3341Hm\326^\017jy\335\261s!\003\224\272y\037T\353\343\271\362E\205\262b\336.\367k\372\000\221\360\360'M\2377\341I\3077?\362vG0E\002!\000\302\321:""\002\272\360I\275\027\272\227\260\324\220-(J\014\304\230\264\301[\311y\255\267<\363\027\341\002 J\354\242\010\024\020\355W\200\032\230\310\203\266`P\257P7\002\033\327^\222\304&\004}\336\375!\322""; "
1750534563236,1750534563236,2823,1,2,1,TMValidation,"validation: """"\200\000\000\000&\000\000\000\002)/\351\306 :\346\313\250\214\345\325\303\000Q\334\200\321D\003\276An\321\213w\004sl\253\206\007\032\007 W\242\020\237>\356\243\251\220t\203\nP\027\000\000\000\000\000\000\000\000\000\000\000\000\000\000\000\000\000\000\000\000\000\000\000\000\000\000\000\000\000\000\000\000P\031-}\351f\032\255\274\334m\326c\017\014ao[\342\230\003\245\245\3341Hm\326^\017jy\335\261s!\002\306cQb\320\027.e9\344\363R\275R\231\316\216\037\013\037\021\221\234\225\326p\372\213\010EW\373vG0E\002!\000\306\365~\227\177\233\t\244\365di\233<\370\356\366\305<\367\274\312Y\323B\211\257\357\225R?\371\264\002 P\263\271\365.w@\353+tB\031\2025\347^\365\215\222\375\351\006\027D\240\336I\360a\3738\177""; ","validation: """"\200\000\000\000&\000\000\000\002)/\351\306 :\346\313\250\214\345\325\303\000Q\334\200\321D\003\276An\321\213w\004sl\253\206\007\032\007 W\242\020\237>\356\243\251\220t\203\nP\027\000\000\000\000\000\000\000\000\000\000\000\000\000\000\000\000\000\000\000\000\000\000\000\000\000\000\000\000\000\000\000\000P\031-}\351f\032\255\274\334m\326c\017\014ao[\342\230\003\245\245\3341Hm\326^\017jy\335\261s!\002\306cQb\320\027.e9\344\363R\275R\231\316\216\037\013\037\021\221\234\225\326p\372\213\010EW\373vG0E\002!\000\306\365~\227\177\233\t\244\365di\233<\370\356\366\305<\367\274\312Y\323B\211\257\357\225R?\371\264\002 P\263\271\365.w@\353+tB\031\2025\347^\365\215\222\375\351\006\027D\240\336I\360a\3738\177""; "
1750534563237,1750534563237,550,1,2,0,TMValidation,"validation: """"\200\000\000\000&\000\000\000\002)/\351\306 :\346\313\250\214\345\325\303\000Q\334\200\321D\003\276An\321\213w\004sl\253\206\007\032\007 W\242\020\237>\356\243\251\220t\203\nP\027\000\000\000\000\000\000\000\000\000\000\000\000\000\000\000\000\000\000\000\000\000\000\000\000\000\000\000\000\000\000\000\000P\031-}\351f\032\255\274\334m\326c\017\014ao[\342\230\003\245\245\3341Hm\326^\017jy\335\261s!\002\306cQb\320\027.e9\344\363R\275R\231\316\216\037\013\037\021\221\234\225\326p\372\213\010EW\373vG0E\002!\000\306\365~\227\177\233\t\244\365di\233<\370\356\366\305<\367\274\312Y\323B\211\257\357\225R?\371\264\002 P\263\271\365.w@\353+tB\031\2025\347^\365\215\222\375\351\006\027D\240\336I\360a\3738\177""; ","validation: """"\200\000\000\000&\000\000\000\002)/\351\306 :\346\313\250\214\345\325\303\000Q\334\200\321D\003\276An\321\213w\004sl\253\206\007\032\007 W\242\020\237>\356\243\251\220t\203\nP\027\000\000\000\000\000\000\000\000\000\000\000\000\000\000\000\000\000\000\000\000\000\000\000\000\000\000\000\000\000\000\000\000P\031-}\351f\032\255\274\334m\326c\017\014ao[\342\230\003\245\245\3341Hm\326^\017jy\335\261s!\002\306cQb\320\027.e9\344\363R\275R\231\316\216\037\013\037\021\221\234\225\326p\372\213\010EW\373vG0E\002!\000\306\365~\227\177\233\t\244\365di\233<\370\356\366\305<\367\274\312Y\323B\211\257\357\225R?\371\264\002 P\263\271\365.w@\353+tB\031\2025\347^\365\215\222\375\351\006\027D\240\336I\360a\3738\177""; "
1750534563237,1750534563237,3645,1,2,4,TMValidation,"validation: """"\200\000\000\000&\000\000\000\002)/\351\306 :\346\313\250\214\345\325\303\000Q\334\200\321D\003\276An\321\213w\004sl\253\206\007\032\007 W\242\020\237>\356\243\251\220t\203\nP\027\000\000\000\000\000\000\000\000\000\000\000\000\000\000\000\000\000\000\000\000\000\000\000\000\000\000\000\000\000\000\000\000P\031-}\351f\032\255\274\334m\326c\017\014ao[\342\230\003\245\245\3341Hm\326^\017jy\335\261s!\002\306cQb\320\027.e9\344\363R\275R\231\316\216\037\013\037\021\221\234\225\326p\372\213\010EW\373vG0E\002!\000\306\365~\227\177\233\t\244\365di\233<\370\356\366\305<\367\274\312Y\323B\211\257\357\225R?\371\264\002 P\263\271\365.w@\353+tB\031\2025\347^\365\215\222\375\351\006\027D\240\336I\360a\3738\177""; ","validation: """"\200\000\000\000&\000\000\000\002)/\351\306 :\346\313\250\214\345\325\303\000Q\334\200\321D\003\276An\321\213w\004sl\253\206\007\032\007 W\242\020\237>\356\243\251\220t\203\nP\027\000\000\000\000\000\000\000\000\000\000\000\000\000\000\000\000\000\000\000\000\000\000\000\000\000\000\000\000\000\000\000\000P\031-}\351f\032\255\274\334m\326c\017\014ao[\342\230\003\245\245\3341Hm\326^\017jy\335\261s!\002\306cQb\320\027.e9\344\363R\275R\231\316\216\037\013\037\021\221\234\225\326p\372\213\010EW\373vG0E\002!\000\306\365~\227\177\233\t\244\365di\233<\370\356\366\305<\367\274\312Y\323B\211\257\357\225R?\371\264\002 P\263\271\365.w@\353+tB\031\2025\347^\365\215\222\375\351\006\027D\240\336I\360a\3738\177""; "
1750534563354,1750534563354,71,1,0,2,TMValidation,"validation: """"\200\000\000\000&\000\000\000\002)/\351\306 :\346\313\250\214\345\325\303\000Q\334\200\321D\003\276An\321\213w\004sl\253\206\007\032\007 W\242\020\237>\356\243\251\220t\203\nP\027\000\000\000\000\000\000\000\000\000\000\000\000\000\000\000\000\000\000\000\000\000\000\000\000\000\000\000\000\000\000\000\000P\031-}\351f\032\255\274\334m\326c\017\014ao[\342\230\003\245\245\3341Hm\326^\017jy\335\261s!\002\306cQb\320\027.e9\344\363R\275R\231\316\216\037\013\037\021\221\234\225\326p\372\213\010EW\373vG0E\002!\000\306\365~\227\177\233\t\244\365di\233<\370\356\366\305<\367\274\312Y\323B\211\257\357\225R?\371\264\002 P\263\271\365.w@\353+tB\031\2025\347^\365\215\222\375\351\006\027D\240\336I\360a\3738\177""; ","validation: """"\200\000\000\000&\000\000\000\002)/\351\306 :\346\313\250\214\345\325\303\000Q\334\200\321D\003\276An\321\213w\004sl\253\206\007\032\007 W\242\020\237>\356\243\251\220t\203\nP\027\000\000\000\000\000\000\000\000\000\000\000\000\000\000\000\000\000\000\000\000\000\000\000\000\000\000\000\000\000\000\000\000P\031-}\351f\032\255\274\334m\326c\017\014ao[\342\230\003\245\245\3341Hm\326^\017jy\335\261s!\002\306cQb\320\027.e9\344\363R\275R\231\316\216\037\013\037\021\221\234\225\326p\372\213\010EW\373vG0E\002!\000\306\365~\227\177\233\t\244\365di\233<\370\356\366\305<\367\274\312Y\323B\211\257\357\225R?\371\264\002 P\263\271\365.w@\353+tB\031\2025\347^\365\215\222\375\351\006\027D\240\336I\360a\3738\177""; "
1750534563355,1750534563355,41,1,0,4,TMValidation,"validation: """"\200\000\000\000&\000\000\000\002)/\351\306 :\346\313\250\214\345\325\303\000Q\334\200\321D\003\276An\321\213w\004sl\253\206\007\032\007 W\242\020\237>\356\243\251\220t\203\nP\027\000\000\000\000\000\000\000\000\000\000\000\000\000\000\000\000\000\000\000\000\000\000\000\000\000\000\000\000\000\000\000\000P\031-}\351f\032\255\274\334m\326c\017\014ao[\342\230\003\245\245\3341Hm\326^\017jy\335\261s!\002\306cQb\320\027.e9\344\363R\275R\231\316\216\037\013\037\021\221\234\225\326p\372\213\010EW\373vG0E\002!\000\306\365~\227\177\233\t\244\365di\233<\370\356\366\305<\367\274\312Y\323B\211\257\357\225R?\371\264\002 P\263\271\365.w@\353+tB\031\2025\347^\365\215\222\375\351\006\027D\240\336I\360a\3738\177""; ","validation: """"\200\000\000\000&\000\000\000\002)/\351\306 :\346\313\250\214\345\325\303\000Q\334\200\321D\003\276An\321\213w\004sl\253\206\007\032\007 W\242\020\237>\356\243\251\220t\203\nP\027\000\000\000\000\000\000\000\000\000\000\000\000\000\000\000\000\000\000\000\000\000\000\000\000\000\000\000\000\000\000\000\000P\031-}\351f\032\255\274\334m\326c\017\014ao[\342\230\003\245\245\3341Hm\326^\017jy\335\261s!\002\306cQb\320\027.e9\344\363R\275R\231\316\216\037\013\037\021\221\234\225\326p\372\213\010EW\373vG0E\002!\000\306\365~\227\177\233\t\244\365di\233<\370\356\366\305<\367\274\312Y\323B\211\257\357\225R?\371\264\002 P\263\271\365.w@\353+tB\031\2025\347^\365\215\222\375\351\006\027D\240\336I\360a\3738\177""; "
1750534563356,1750534563356,107,1,0,1,TMValidation,"validation: """"\200\000\000\000&\000\000\000\002)/\351\306 :\346\313\250\214\345\325\303\000Q\334\200\321D\003\276An\321\213w\004sl\253\206\007\032\007 W\242\020\237>\356\243\251\220t\203\nP\027\000\000\000\000\000\000\000\000\000\000\000\000\000\000\000\000\000\000\000\000\000\000\000\000\000\000\000\000\000\000\000\000P\031-}\351f\032\255\274\334m\326c\017\014ao[\342\230\003\245\245\3341Hm\326^\017jy\335\261s!\002\306cQb\320\027.e9\344\363R\275R\231\316\216\037\013\037\021\221\234\225\326p\372\213\010EW\373vG0E\002!\000\306\365~\227\177\233\t\244\365di\233<\370\356\366\305<\367\274\312Y\323B\211\257\357\225R?\371\264\002 P\263\271\365.w@\353+tB\031\2025\347^\365\215\222\375\351\006\027D\240\336I\360a\3738\177""; ","validation: """"\200\000\000\000&\000\000\000\002)/\351\306 :\346\313\250\214\345\325\303\000Q\334\200\321D\003\276An\321\213w\004sl\253\206\007\032\007 W\242\020\237>\356\243\251\220t\203\nP\027\000\000\000\000\000\000\000\000\000\000\000\000\000\000\000\000\000\000\000\000\000\000\000\000\000\000\000\000\000\000\000\000P\031-}\351f\032\255\274\334m\326c\017\014ao[\342\230\003\245\245\3341Hm\326^\017jy\335\261s!\002\306cQb\320\027.e9\344\363R\275R\231\316\216\037\013\037\021\221\234\225\326p\372\213\010EW\373vG0E\002!\000\306\365~\227\177\233\t\244\365di\233<\370\356\366\305<\367\274\312Y\323B\211\257\357\225R?\371\264\002 P\263\271\365.w@\353+tB\031\2025\347^\365\215\222\375\351\006\027D\240\336I\360a\3738\177""; "
1750534563397,1750534563397,2070,1,3,4,TMValidation,"validation: """"\200\000\000\000&\000\000\000\002)/\351\306 :g\233\2308\345\027\233VQ\334\200\321D\003\276An\321\213w\004sl\253\206\007\032\007 W\242\020\237>\356\243\251\220t\203\nP\027\000\000\000\000\000\000\000\000\000\000\000\000\000\000\000\000\000\000\000\000\000\000\000\000\000\000\000\000\000\000\000\000P\031-}\351f\032\255\274\334m\326c\017\014ao[\342\230\003\245\245\3341Hm\326^\017jy\335\261s!\002\372""\264\241\373W\017d\005\376\327\n\354!\351#\207\207\020\242\244\330\177\306\006Q\267\360k&\000\034vF0D\002 \017 \226\232\253r\303$s\210\336 j\275\341\036\241a\325\325\016\270\345\002\207 \271\227E7S\302\002 9\007\253c\222V\231.[o\037\202\214\310\235/\337y\020\375\242\256\373L\3560\025l\370w~\342""; ","validation: """"\200\000\000\000&\000\000\000\002)/\351\306 :g\233\2308\345\027\233VQ\334\200\321D\003\276An\321\213w\004sl\253\206\007\032\007 W\242\020\237>\356\243\251\220t\203\nP\027\000\000\000\000\000\000\000\000\000\000\000\000\000\000\000\000\000\000\000\000\000\000\000\000\000\000\000\000\000\000\000\000P\031-}\351f\032\255\274\334m\326c\017\014ao[\342\230\003\245\245\3341Hm\326^\017jy\335\261s!\002\372""\264\241\373W\017d\005\376\327\n\354!\351#\207\207\020\242\244\330\177\306\006Q\267\360k&\000\034vF0D\002 \017 \226\232\253r\303$s\210\336 j\275\341\036\241a\325\325\016\270\345\002\207 \271\227E7S\302\002 9\007\253c\222V\231.[o\037\202\214\310\235/\337y\020\375\242\256\373L\3560\025l\370w~\342""; "
1750534563397,1750534563397,2370,1,3,2,TMValidation,"validation: """"\200\000\000\000&\000\000\000\002)/\351\306 :g\233\2308\345\027\233VQ\334\200\321D\003\276An\321\213w\004sl\253\206\007\032\007 W\242\020\237>\356\243\251\220t\203\nP\027\000\000\000\000\000\000\000\000\000\000\000\000\000\000\000\000\000\000\000\000\000\000\000\000\000\000\000\000\000\000\000\000P\031-}\351f\032\255\274\334m\326c\017\014ao[\342\230\003\245\245\3341Hm\326^\017jy\335\261s!\002\372""\264\241\373W\017d\005\376\327\n\354!\351#\207\207\020\242\244\330\177\306\006Q\267\360k&\000\034vF0D\002 \017 \226\232\253r\303$s\210\336 j\275\341\036\241a\325\325\016\270\345\002\207 \271\227E7S\302\002 9\007\253c\222V\231.[o\037\202\214\310\235/\337y\020\375\242\256\373L\3560\025l\370w~\342""; ","validation: """"\200\000\000\000&\000\000\000\002)/\351\306 :g\233\2308\345\027\233VQ\334\200\321D\003\276An\321\213w\004sl\253\206\007\032\007 W\242\020\237>\356\243\251\220t\203\nP\027\000\000\000\000\000\000\000\000\000\000\000\000\000\000\000\000\000\000\000\000\000\000\000\000\000\000\000\000\000\000\000\000P\031-}\351f\032\255\274\334m\326c\017\014ao[\342\230\003\245\245\3341Hm\326^\017jy\335\261s!\002\372""\264\241\373W\017d\005\376\327\n\354!\351#\207\207\020\242\244\330\177\306\006Q\267\360k&\000\034vF0D\002 \017 \226\232\253r\303$s\210\336 j\275\341\036\241a\325\325\016\270\345\002\207 \271\227E7S\302\002 9\007\253c\222V\231.[o\037\202\214\310\235/\337y\020\375\242\256\373L\3560\025l\370w~\342""; "
1750534563397,1750534563398,2488,1,3,0,TMValidation,"validation: """"\200\000\000\000&\000\000\000\002)/\351\306 :g\233\2308\345\027\233VQ\334\200\321D\003\276An\321\213w\004sl\253\206\007\032\007 W\242\020\237>\356\243\251\220t\203\nP\027\000\000\000\000\000\000\000\000\000\000\000\000\000\000\000\000\000\000\000\000\000\000\000\000\000\000\000\000\000\000\000\000P\031-}\351f\032\255\274\334m\326c\017\014ao[\342\230\003\245\245\3341Hm\326^\017jy\335\261s!\002\372""\264\241\373W\017d\005\376\327\n\354!\351#\207\207\020\242\244\330\177\306\006Q\267\360k&\000\034vF0D\002 \017 \226\232\253r\303$s\210\336 j\275\341\036\241a\325\325\016\270\345\002\207 \271\227E7S\302\002 9\007\253c\222V\231.[o\037\202\214\310\235/\337y\020\375\242\256\373L\3560\025l\370w~\342""; ","validation: """"\200\000\000\000&\000\000\000\002)/\351\306 :g\233\2308\345\027\233VQ\334\200\321D\003\276An\321\213w\004sl\253\206\007\032\007 W\242\020\237>\356\243\251\220t\203\nP\027\000\000\000\000\000\000\000\000\000\000\000\000\000\000\000\000\000\000\000\000\000\000\000\000\000\000\000\000\000\000\000\000P\031-}\351f\032\255\274\334m\326c\017\014ao[\342\230\003\245\245\3341Hm\326^\017jy\335\261s!\002\372""\264\241\373W\017d\005\376\327\n\354!\351#\207\207\020\242\244\330\177\306\006Q\267\360k&\000\034vF0D\002 \017 \226\232\253r\303$s\210\336 j\275\341\036\241a\325\325\016\270\345\002\207 \271\227E7S\302\002 9\007\253c\222V\231.[o\037\202\214\310\235/\337y\020\375\242\256\373L\3560\025l\370w~\342""; "
1750534563464,1750534563464,3516,1,1,4,TMValidation,"validation: """"\200\000\000\000&\000\000\000\002)/\351\306 :\346\313\250\214\345\325\303\000Q\334\200\321D\003\276An\321\213w\004sl\253\206\007\032\007 W\242\020\237>\356\243\251\220t\203\nP\027\000\000\000\000\000\000\000\000\000\000\000\000\000\000\000\000\000\000\000\000\000\000\000\000\000\000\000\000\000\000\000\000P\031-}\351f\032\255\274\334m\326c\017\014ao[\342\230\003\245\245\3341Hm\326^\017jy\335\261s!\002\306cQb\320\027.e9\344\363R\275R\231\316\216\037\013\037\021\221\234\225\326p\372\213\010EW\373vG0E\002!\000\306\365~\227\177\233\t\244\365di\233<\370\356\366\305<\367\274\312Y\323B\211\257\357\225R?\371\264\002 P\263\271\365.w@\353+tB\031\2025\347^\365\215\222\375\351\006\027D\240\336I\360a\3738\177""; ","validation: """"\200\000\000\000&\000\000\000\002)/\351\306 :\346\313\250\214\345\325\303\000Q\334\200\321D\003\276An\321\213w\004sl\253\206\007\032\007 W\242\020\237>\356\243\251\220t\203\nP\027\000\000\000\000\000\000\000\000\000\000\000\000\000\000\000\000\000\000\000\000\000\000\000\000\000\000\000\000\000\000\000\000P\031-}\351f\032\255\274\334m\326c\017\014ao[\342\230\003\245\245\3341Hm\326^\017jy\335\261s!\002\306cQb\320\027.e9\344\363R\275R\231\316\216\037\013\037\021\221\234\225\326p\372\213\010EW\373vG0E\002!\000\306\365~\227\177\233\t\244\365di\233<\370\356\366\305<\367\274\312Y\323B\211\257\357\225R?\371\264\002 P\263\271\365.w@\353+tB\031\2025\347^\365\215\222\375\351\006\027D\240\336I\360a\3738\177""; "
1750534563464,1750534563465,2663,1,1,2,TMValidation,"validation: """"\200\000\000\000&\000\000\000\002)/\351\306 :\346\313\250\214\345\325\303\000Q\334\200\321D\003\276An\321\213w\004sl\253\206\007\032\007 W\242\020\237>\356\243\251\220t\203\nP\027\000\000\000\000\000\000\000\000\000\000\000\000\000\000\000\000\000\000\000\000\000\000\000\000\000\000\000\000\000\000\000\000P\031-}\351f\032\255\274\334m\326c\017\014ao[\342\230\003\245\245\3341Hm\326^\017jy\335\261s!\002\306cQb\320\027.e9\344\363R\275R\231\316\216\037\013\037\021\221\234\225\326p\372\213\010EW\373vG0E\002!\000\306\365~\227\177\233\t\244\365di\233<\370\356\366\305<\367\274\312Y\323B\211\257\357\225R?\371\264\002 P\263\271\365.w@\353+tB\031\2025\347^\365\215\222\375\351\006\027D\240\336I\360a\3738\177""; ","validation: """"\200\000\000\000&\000\000\000\002)/\351\306 :\346\313\250\214\345\325\303\000Q\334\200\321D\003\276An\321\213w\004sl\253\206\007\032\007 W\242\020\237>\356\243\251\220t\203\nP\027\000\000\000\000\000\000\000\000\000\000\000\000\000\000\000\000\000\000\000\000\000\000\000\000\000\000\000\000\000\000\000\000P\031-}\351f\032\255\274\334m\326c\017\014ao[\342\230\003\245\245\3341Hm\326^\017jy\335\261s!\002\306cQb\320\027.e9\344\363R\275R\231\316\216\037\013\037\021\221\234\225\326p\372\213\010EW\373vG0E\002!\000\306\365~\227\177\233\t\244\365di\233<\370\356\366\305<\367\274\312Y\323B\211\257\357\225R?\371\264\002 P\263\271\365.w@\353+tB\031\2025\347^\365\215\222\375\351\006\027D\240\336I\360a\3738\177""; "
1750534563465,1750534563465,2922,1,1,3,TMValidation,"validation: """"\200\000\000\000&\000\000\000\002)/\351\306 :\346\313\250\214\345\325\303\000Q\334\200\321D\003\276An\321\213w\004sl\253\206\007\032\007 W\242\020\237>\356\243\251\220t\203\nP\027\000\000\000\000\000\000\000\000\000\000\000\000\000\000\000\000\000\000\000\000\000\000\000\000\000\000\000\000\000\000\000\000P\031-}\351f\032\255\274\334m\326c\017\014ao[\342\230\003\245\245\3341Hm\326^\017jy\335\261s!\002\306cQb\320\027.e9\344\363R\275R\231\316\216\037\013\037\021\221\234\225\326p\372\213\010EW\373vG0E\002!\000\306\365~\227\177\233\t\244\365di\233<\370\356\366\305<\367\274\312Y\323B\211\257\357\225R?\371\264\002 P\263\271\365.w@\353+tB\031\2025\347^\365\215\222\375\351\006\027D\240\336I\360a\3738\177""; ","validation: """"\200\000\000\000&\000\000\000\002)/\351\306 :\346\313\250\214\345\325\303\000Q\334\200\321D\003\276An\321\213w\004sl\253\206\007\032\007 W\242\020\237>\356\243\251\220t\203\nP\027\000\000\000\000\000\000\000\000\000\000\000\000\000\000\000\000\000\000\000\000\000\000\000\000\000\000\000\000\000\000\000\000P\031-}\351f\032\255\274\334m\326c\017\014ao[\342\230\003\245\245\3341Hm\326^\017jy\335\261s!\002\306cQb\320\027.e9\344\363R\275R\231\316\216\037\013\037\021\221\234\225\326p\372\213\010EW\373vG0E\002!\000\306\365~\227\177\233\t\244\365di\233<\370\356\366\305<\367\274\312Y\323B\211\257\357\225R?\371\264\002 P\263\271\365.w@\353+tB\031\2025\347^\365\215\222\375\351\006\027D\240\336I\360a\3738\177""; "
1750534570476,1750534570476,991,1,1,2,TMProposeSet,"proposeSeq: 0; currentTxHash: ""\000\000\000\000\000\000\000\000\000\000\000\000\000\000\000\000\000\000\000\000\000\000\000\000\000\000\000\000\000\000\000\000""; nodePubKey: ""\002\372""\264\241\373W\017d\005\376\327\n\354!\351#\207\207\020\242\244\330\177\306\006Q\267\360k&\000\034""; closeTime: 803849770; signature: ""0D\002 &\3625|]pL>\352\342m\305_X\241\2168\014\022\314\007\203\255\367\367\365F\312!\264\251M\002 T\273\333\234\006\200\301\261+9C\240\014M\013\345\247=\255\240\2560\225s\025^\234\347\355\004\010`""; previousledger: ""\334\200\321D\003\276An\321\213w\004sl\253\206\007\032\007 W\242\020\237>\356\243\251\220t\203\n""; ","proposeSeq: 0; currentTxHash: ""\000\000\000\000\000\000\000\000\000\000\000\000\000\000\000\000\000\000\000\000\000\000\000\000\000\000\000\000\000\000\000\000""; nodePubKey: ""\002\372""\264\241\373W\017d\005\376\327\n\354!\351#\207\207\020\242\244\330\177\306\006Q\267\360k&\000\034""; closeTime: 803849770; signature: ""0D\002 &\3625|]pL>\352\342m\305_X\241\2168\014\022\314\007\203\255\367\367\365F\312!\264\251M\002 T\273\333\234\006\200\301\261+9C\240\014M\013\345\247=\255\240\2560\225s\025^\234\347\355\004\010`""; previousledger: ""\334\200\321D\003\276An\321\213w\004sl\253\206\007\032\007 W\242\020\237>\356\243\251\220t\203\n""; "
1750534570477,1750534570477,246,1,1,3,TMProposeSet,"proposeSeq: 0; currentTxHash: ""\000\000\000\000\000\000\000\000\000\000\000\000\000\000\000\000\000\000\000\000\000\000\000\000\000\000\000\000\000\000\000\000""; nodePubKey: ""\002\372""\264\241\373W\017d\005\376\327\n\354!\351#\207\207\020\242\244\330\177\306\006Q\267\360k&\000\034""; closeTime: 803849770; signature: ""0D\002 &\3625|]pL>\352\342m\305_X\241\2168\014\022\314\007\203\255\367\367\365F\312!\264\251M\002 T\273\333\234\006\200\301\261+9C\240\014M\013\345\247=\255\240\2560\225s\025^\234\347\355\004\010`""; previousledger: ""\334\200\321D\003\276An\321\213w\004sl\253\206\007\032\007 W\242\020\237>\356\243\251\220t\203\n""; ","proposeSeq: 0; currentTxHash: ""\000\000\000\000\000\000\000\000\000\000\000\000\000\000\000\000\000\000\000\000\000\000\000\000\000\000\000\000\000\000\000\000""; nodePubKey: ""\002\372""\264\241\373W\017d\005\376\327\n\354!\351#\207\207\020\242\244\330\177\306\006Q\267\360k&\000\034""; closeTime: 803849770; signature: ""0D\002 &\3625|]pL>\352\342m\305_X\241\2168\014\022\314\007\203\255\367\367\365F\312!\264\251M\002 T\273\333\234\006\200\301\261+9C\240\014M\013\345\247=\255\240\2560\225s\025^\234\347\355\004\010`""; previousledger: ""\334\200\321D\003\276An\321\213w\004sl\253\206\007\032\007 W\242\020\237>\356\243\251\220t\203\n""; "
1750534570477,1750534570477,1507,1,1,4,TMProposeSet,"proposeSeq: 0; currentTxHash: ""\000\000\000\000\000\000\000\000\000\000\000\000\000\000\000\000\000\000\000\000\000\000\000\000\000\000\000\000\000\000\000\000""; nodePubKey: ""\002\372""\264\241\373W\017d\005\376\327\n\354!\351#\207\207\020\242\244\330\177\306\006Q\267\360k&\000\034""; closeTime: 803849770; signature: ""0D\002 &\3625|]pL>\352\342m\305_X\241\2168\014\022\314\007\203\255\367\367\365F\312!\264\251M\002 T\273\333\234\006\200\301\261+9C\240\014M\013\345\247=\255\240\2560\225s\025^\234\347\355\004\010`""; previousledger: ""\334\200\321D\003\276An\321\213w\004sl\253\206\007\032\007 W\242\020\237>\356\243\251\220t\203\n""; ","proposeSeq: 0; currentTxHash: ""\000\000\000\000\000\000\000\000\000\000\000\000\000\000\000\000\000\000\000\000\000\000\000\000\000\000\000\000\000\000\000\000""; nodePubKey: ""\002\372""\264\241\373W\017d\005\376\327\n\354!\351#\207\207\020\242\244\330\177\306\006Q\267\360k&\000\034""; closeTime: 803849770; signature: ""0D\002 &\3625|]pL>\352\342m\305_X\241\2168\014\022\314\007\203\255\367\367\365F\312!\264\251M\002 T\273\333\234\006\200\301\261+9C\240\014M\013\345\247=\255\240\2560\225s\025^\234\347\355\004\010`""; previousledger: ""\334\200\321D\003\276An\321\213w\004sl\253\206\007\032\007 W\242\020\237>\356\243\251\220t\203\n""; "
1750534570479,1750534570479,562,1,1,0,TMProposeSet,"proposeSeq: 0; currentTxHash: ""\000\000\000\000\000\000\000\000\000\000\000\000\000\000\000\000\000\000\000\000\000\000\000\000\000\000\000\000\000\000\000\000""; nodePubKey: ""\002\372""\264\241\373W\017d\005\376\327\n\354!\351#\207\207\020\242\244\330\177\306\006Q\267\360k&\000\034""; closeTime: 803849770; signature: ""0D\002 &\3625|]pL>\352\342m\305_X\241\2168\014\022\314\007\203\255\367\367\365F\312!\264\251M\002 T\273\333\234\006\200\301\261+9C\240\014M\013\345\247=\255\240\2560\225s\025^\234\347\355\004\010`""; previousledger: ""\334\200\321D\003\276An\321\213w\004sl\253\206\007\032\007 W\242\020\237>\356\243\251\220t\203\n""; ","proposeSeq: 0; currentTxHash: ""\000\000\000\000\000\000\000\000\000\000\000\000\000\000\000\000\000\000\000\000\000\000\000\000\000\000\000\000\000\000\000\000""; nodePubKey: ""\002\372""\264\241\373W\017d\005\376\327\n\354!\351#\207\207\020\242\244\330\177\306\006Q\267\360k&\000\034""; closeTime: 803849770; signature: ""0D\002 &\3625|]pL>\352\342m\305_X\241\2168\014\022\314\007\203\255\367\367\365F\312!\264\251M\002 T\273\333\234\006\200\301\261+9C\240\014M\013\345\247=\255\240\2560\225s\025^\234\347\355\004\010`""; previousledger: ""\334\200\321D\003\276An\321\213w\004sl\253\206\007\032\007 W\242\020\237>\356\243\251\220t\203\n""; "
1750534570489,1750534570489,2740,1,4,3,TMProposeSet,"proposeSeq: 0; currentTxHash: ""\000\000\000\000\000\000\000\000\000\000\000\000\000\000\000\000\000\000\000\000\000\000\000\000\000\000\000\000\000\000\000\000""; nodePubKey: ""\003\224\272y\037T\353\343\271\362E\205\262b\336.\367k\372\000\221\360\360'M\2377\341I\3077?\362""; closeTime: 803849770; signature: ""0D\002 -\271}\220A\223\261\303d\356X\257\005\244\301\233\310\255\014\301&\275?\304\037\232\254k\234UMV\002 !)\202\210\253%\030\344}o\231\276\347\312\020R\340\202\006\251\271\236\311I\214[\263\006\362\260\347d""; previousledger: ""\334\200\321D\003\276An\321\213w\004sl\253\206\007\032\007 W\242\020\237>\356\243\251\220t\203\n""; ","proposeSeq: 0; currentTxHash: ""\000\000\000\000\000\000\000\000\000\000\000\000\000\000\000\000\000\000\000\000\000\000\000\000\000\000\000\000\000\000\000\000""; nodePubKey: ""\003\224\272y\037T\353\343\271\362E\205\262b\336.\367k\372\000\221\360\360'M\2377\341I\3077?\362""; closeTime: 803849770; signature: ""0D\002 -\271}\220A\223\261\303d\356X\257\005\244\301\233\310\255\014\301&\275?\304\037\232\254k\234UMV\002 !)\202\210\253%\030\344}o\231\276\347\312\020R\340\202\006\251\271\236\311I\214[\263\006\362\260\347d""; previousledger: ""\334\200\321D\003\276An\321\213w\004sl\253\206\007\032\007 W\242\020\237>\356\243\251\220t\203\n""; "
1750534570491,1750534570491,943,1,4,0,TMProposeSet,"proposeSeq: 0; currentTxHash: ""\000\000\000\000\000\000\000\000\000\000\000\000\000\000\000\000\000\000\000\000\000\000\000\000\000\000\000\000\000\000\000\000""; nodePubKey: ""\003\224\272y\037T\353\343\271\362E\205\262b\336.\367k\372\000\221\360\360'M\2377\341I\3077?\362""; closeTime: 803849770; signature: ""0D\002 -\271}\220A\223\261\303d\356X\257\005\244\301\233\310\255\014\301&\275?\304\037\232\254k\234UMV\002 !)\202\210\253%\030\344}o\231\276\347\312\020R\340\202\006\251\271\236\311I\214[\263\006\362\260\347d""; previousledger: ""\334\200\321D\003\276An\321\213w\004sl\253\206\007\032\007 W\242\020\237>\356\243\251\220t\203\n""; ","proposeSeq: 0; currentTxHash: ""\000\000\000\000\000\000\000\000\000\000\000\000\000\000\000\000\000\000\000\000\000\000\000\000\000\000\000\000\000\000\000\000""; nodePubKey: ""\003\224\272y\037T\353\343\271\362E\205\262b\336.\367k\372\000\221\360\360'M\2377\341I\3077?\362""; closeTime: 803849770; signature: ""0D\002 -\271}\220A\223\261\303d\356X\257\005\244\301\233\310\255\014\301&\275?\304\037\232\254k\234UMV\002 !)\202\210\253%\030\344}o\231\276\347\312\020R\340\202\006\251\271\236\311I\214[\263\006\362\260\347d""; previousledger: ""\334\200\321D\003\276An\321\213w\004sl\253\206\007\032\007 W\242\020\237>\356\243\251\220t\203\n""; "
1750534570493,1750534570493,630,1,4,2,TMProposeSet,"proposeSeq: 0; currentTxHash: ""\000\000\000\000\000\000\000\000\000\000\000\000\000\000\000\000\000\000\000\000\000\000\000\000\000\000\000\000\000\000\000\000""; nodePubKey: ""\003\224\272y\037T\353\343\271\362E\205\262b\336.\367k\372\000\221\360\360'M\2377\341I\3077?\362""; closeTime: 803849770; signature: ""0D\002 -\271}\220A\223\261\303d\356X\257\005\244\301\233\310\255\014\301&\275?\304\037\232\254k\234UMV\002 !)\202\210\253%\030\344}o\231\276\347\312\020R\340\202\006\251\271\236\311I\214[\263\006\362\260\347d""; previousledger: ""\334\200\321D\003\276An\321\213w\004sl\253\206\007\032\007 W\242\020\237>\356\243\251\220t\203\n""; ","proposeSeq: 0; currentTxHash: ""\000\000\000\000\000\000\000\000\000\000\000\000\000\000\000\000\000\000\000\000\000\000\000\000\000\000\000\000\000\000\000\000""; nodePubKey: ""\003\224\272y\037T\353\343\271\362E\205\262b\336.\367k\372\000\221\360\360'M\2377\341I\3077?\362""; closeTime: 803849770; signature: ""0D\002 -\271}\220A\223\261\303d\356X\257\005\244\301\233\310\255\014\301&\275?\304\037\232\254k\234UMV\002 !)\202\210\253%\030\344}o\231\276\347\312\020R\340\202\006\251\271\236\311I\214[\263\006\362\260\347d""; previousledger: ""\334\200\321D\003\276An\321\213w\004sl\253\206\007\032\007 W\242\020\237>\356\243\251\220t\203\n""; "
1750534570494,1750534570494,165,1,4,1,TMProposeSet,"proposeSeq: 0; currentTxHash: ""\000\000\000\000\000\000\000\000\000\000\000\000\000\000\000\000\000\000\000\000\000\000\000\000\000\000\000\000\000\000\000\000""; nodePubKey: ""\003\224\272y\037T\353\343\271\362E\205\262b\336.\367k\372\000\221\360\360'M\2377\341I\3077?\362""; closeTime: 803849770; signature: ""0D\002 -\271}\220A\223\261\303d\356X\257\005\244\301\233\310\255\014\301&\275?\304\037\232\254k\234UMV\002 !)\202\210\253%\030\344}o\231\276\347\312\020R\340\202\006\251\271\236\311I\214[\263\006\362\260\347d""; previousledger: ""\334\200\321D\003\276An\321\213w\004sl\253\206\007\032\007 W\242\020\237>\356\243\251\220t\203\n""; ","proposeSeq: 0; currentTxHash: ""\000\000\000\000\000\000\000\000\000\000\000\000\000\000\000\000\000\000\000\000\000\000\000\000\000\000\000\000\000\000\000\000""; nodePubKey: ""\003\224\272y\037T\353\343\271\362E\205\262b\336.\367k\372\000\221\360\360'M\2377\341I\3077?\362""; closeTime: 803849770; signature: ""0D\002 -\271}\220A\223\261\303d\356X\257\005\244\301\233\310\255\014\301&\275?\304\037\232\254k\234UMV\002 !)\202\210\253%\030\344}o\231\276\347\312\020R\340\202\006\251\271\236\311I\214[\263\006\362\260\347d""; previousledger: ""\334\200\321D\003\276An\321\213w\004sl\253\206\007\032\007 W\242\020\237>\356\243\251\220t\203\n""; "
1750534570495,1750534570495,1402,1,2,4,TMProposeSet,"proposeSeq: 0; currentTxHash: ""\000\000\000\000\000\000\000\000\000\000\000\000\000\000\000\000\000\000\000\000\000\000\000\000\000\000\000\000\000\000\000\000""; nodePubKey: ""\002JF?\225\006Z\307\245\272\223\000g\257O\247\200\025\342\270\010\254Y\361Y\256\200\200\256\347}\016\325""; closeTime: 803849770; signature: ""0D\002 if\010R-C\026~\205\222\324\253|\334\203 \346\221&,\203\224~}\006Ga\363$\224\rg\002 I\256\275\026Ky\000yh\335\331\240(\214)\336\272\266h\320\357\244\3534\204\272_\302\255\214`\315""; previousledger: ""\334\200\321D\003\276An\321\213w\004sl\253\206\007\032\007 W\242\020\237>\356\243\251\220t\203\n""; ","proposeSeq: 0; currentTxHash: ""\000\000\000\000\000\000\000\000\000\000\000\000\000\000\000\000\000\000\000\000\000\000\000\000\000\000\000\000\000\000\000\000""; nodePubKey: ""\002JF?\225\006Z\307\245\272\223\000g\257O\247\200\025\342\270\010\254Y\361Y\256\200\200\256\347}\016\325""; closeTime: 803849770; signature: ""0D\002 if\010R-C\026~\205\222\324\253|\334\203 \346\221&,\203\224~}\006Ga\363$\224\rg\002 I\256\275\026Ky\000yh\335\331\240(\214)\336\272\266h\320\357\244\3534\204\272_\302\255\214`\315""; previousledger: ""\334\200\321D\003\276An\321\213w\004sl\253\206\007\032\007 W\242\020\237>\356\243\251\220t\203\n""; "
1750534570496,1750534570496,1998,1,2,0,TMProposeSet,"proposeSeq: 0; currentTxHash: ""\000\000\000\000\000\000\000\000\000\000\000\000\000\000\000\000\000\000\000\000\000\000\000\000\000\000\000\000\000\000\000\000""; nodePubKey: ""\002JF?\225\006Z\307\245\272\223\000g\257O\247\200\025\342\270\010\254Y\361Y\256\200\200\256\347}\016\325""; closeTime: 803849770; signature: ""0D\002 if\010R-C\026~\205\222\324\253|\334\203 \346\221&,\203\224~}\006Ga\363$\224\rg\002 I\256\275\026Ky\000yh\335\331\240(\214)\336\272\266h\320\357\244\3534\204\272_\302\255\214`\315""; previousledger: ""\334\200\321D\003\276An\321\213w\004sl\253\206\007\032\007 W\242\020\237>\356\243\251\220t\203\n""; ","proposeSeq: 0; currentTxHash: ""\000\000\000\000\000\000\000\000\000\000\000\000\000\000\000\000\000\000\000\000\000\000\000\000\000\000\000\000\000\000\000\000""; nodePubKey: ""\002JF?\225\006Z\307\245\272\223\000g\257O\247\200\025\342\270\010\254Y\361Y\256\200\200\256\347}\016\325""; closeTime: 803849770; signature: ""0D\002 if\010R-C\026~\205\222\324\253|\334\203 \346\221&,\203\224~}\006Ga\363$\224\rg\002 I\256\275\026Ky\000yh\335\331\240(\214)\336\272\266h\320\357\244\3534\204\272_\302\255\214`\315""; previousledger: ""\334\200\321D\003\276An\321\213w\004sl\253\206\007\032\007 W\242\020\237>\356\243\251\220t\203\n""; "
1750534570479,1750534570552,3610,1,1,2,TMStatusChange,"newEvent: neCLOSING_LEDGER; ledgerSeq: 2; ledgerHash: ""\334\200\321D\003\276An\321\213w\004sl\253\206\007\032\007 W\242\020\237>\356\243\251\220t\203\n""; ledgerHashPrevious: ""-}\351f\032\255\274\334m\326c\017\014ao[\342\230\003\245\245\3341Hm\326^\017jy\335\261""; networkTime: 803849770; firstSeq: 1; lastSeq: 1; ","newEvent: neCLOSING_LEDGER; ledgerSeq: 2; ledgerHash: ""\334\200\321D\003\276An\321\213w\004sl\253\206\007\032\007 W\242\020\237>\356\243\251\220t\203\n""; ledgerHashPrevious: ""-}\351f\032\255\274\334m\326c\017\014ao[\342\230\003\245\245\3341Hm\326^\017jy\335\261""; networkTime: 803849770; firstSeq: 1; lastSeq: 1; "
1750534570481,1750534570553,609,1,1,4,TMStatusChange,"newEvent: neCLOSING_LEDGER; ledgerSeq: 2; ledgerHash: ""\334\200\321D\003\276An\321\213w\004sl\253\206\007\032\007 W\242\020\237>\356\243\251\220t\203\n""; ledgerHashPrevious: ""-}\351f\032\255\274\334m\326c\017\014ao[\342\230\003\245\245\3341Hm\326^\017jy\335\261""; networkTime: 803849770; firstSeq: 1; lastSeq: 1; ","newEvent: neCLOSING_LEDGER; ledgerSeq: 2; ledgerHash: ""\334\200\321D\003\276An\321\213w\004sl\253\206\007\032\007 W\242\020\237>\356\243\251\220t\203\n""; ledgerHashPrevious: ""-}\351f\032\255\274\334m\326c\017\014ao[\342\230\003\245\245\3341Hm\326^\017jy\335\261""; networkTime: 803849770; firstSeq: 1; lastSeq: 1; "
1750534570481,1750534570553,2396,1,1,3,TMStatusChange,"newEvent: neCLOSING_LEDGER; ledgerSeq: 2; ledgerHash: ""\334\200\321D\003\276An\321\213w\004sl\253\206\007\032\007 W\242\020\237>\356\243\251\220t\203\n""; ledgerHashPrevious: ""-}\351f\032\255\274\334m\326c\017\014ao[\342\230\003\245\245\3341Hm\326^\017jy\335\261""; networkTime: 803849770; firstSeq: 1; lastSeq: 1; ","newEvent: neCLOSING_LEDGER; ledgerSeq: 2; ledgerHash: ""\334\200\321D\003\276An\321\213w\004sl\253\206\007\032\007 W\242\020\237>\356\243\251\220t\203\n""; ledgerHashPrevious: ""-}\351f\032\255\274\334m\326c\017\014ao[\342\230\003\245\245\3341Hm\326^\017jy\335\261""; networkTime: 803849770; firstSeq: 1; lastSeq: 1; "
1750534570481,1750534570552,2634,1,1,0,TMStatusChange,"newEvent: neCLOSING_LEDGER; ledgerSeq: 2; ledgerHash: ""\334\200\321D\003\276An\321\213w\004sl\253\206\007\032\007 W\242\020\237>\356\243\251\220t\203\n""; ledgerHashPrevious: ""-}\351f\032\255\274\334m\326c\017\014ao[\342\230\003\245\245\3341Hm\326^\017jy\335\261""; networkTime: 803849770; firstSeq: 1; lastSeq: 1; ","newEvent: neCLOSING_LEDGER; ledgerSeq: 2; ledgerHash: ""\334\200\321D\003\276An\321\213w\004sl\253\206\007\032\007 W\242\020\237>\356\243\251\220t\203\n""; ledgerHashPrevious: ""-}\351f\032\255\274\334m\326c\017\014ao[\342\230\003\245\245\3341Hm\326^\017jy\335\261""; networkTime: 803849770; firstSeq: 1; lastSeq: 1; "
1750534570557,1750534570557,1332,1,2,1,TMProposeSet,"proposeSeq: 0; currentTxHash: ""\000\000\000\000\000\000\000\000\000\000\000\000\000\000\000\000\000\000\000\000\000\000\000\000\000\000\000\000\000\000\000\000""; nodePubKey: ""\002JF?\225\006Z\307\245\272\223\000g\257O\247\200\025\342\270\010\254Y\361Y\256\200\200\256\347}\016\325""; closeTime: 803849770; signature: ""0D\002 if\010R-C\026~\205\222\324\253|\334\203 \346\221&,\203\224~}\006Ga\363$\224\rg\002 I\256\275\026Ky\000yh\335\331\240(\214)\336\272\266h\320\357\244\3534\204\272_\302\255\214`\315""; previousledger: ""\334\200\321D\003\276An\321\213w\004sl\253\206\007\032\007 W\242\020\237>\356\243\251\220t\203\n""; ","proposeSeq: 0; currentTxHash: ""\000\000\000\000\000\000\000\000\000\000\000\000\000\000\000\000\000\000\000\000\000\000\000\000\000\000\000\000\000\000\000\000""; nodePubKey: ""\002JF?\225\006Z\307\245\272\223\000g\257O\247\200\025\342\270\010\254Y\361Y\256\200\200\256\347}\016\325""; closeTime: 803849770; signature: ""0D\002 if\010R-C\026~\205\222\324\253|\334\203 \346\221&,\203\224~}\006Ga\363$\224\rg\002 I\256\275\026Ky\000yh\335\331\240(\214)\336\272\266h\320\357\244\3534\204\272_\302\255\214`\315""; previousledger: ""\334\200\321D\003\276An\321\213w\004sl\253\206\007\032\007 W\242\020\237>\356\243\251\220t\203\n""; "
1750534570560,1750534570560,3405,1,2,3,TMProposeSet,"proposeSeq: 0; currentTxHash: ""\000\000\000\000\000\000\000\000\000\000\000\000\000\000\000\000\000\000\000\000\000\000\000\000\000\000\000\000\000\000\000\000""; nodePubKey: ""\002JF?\225\006Z\307\245\272\223\000g\257O\247\200\025\342\270\010\254Y\361Y\256\200\200\256\347}\016\325""; closeTime: 803849770; signature: ""0D\002 if\010R-C\026~\205\222\324\253|\334\203 \346\221&,\203\224~}\006Ga\363$\224\rg\002 I\256\275\026Ky\000yh\335\331\240(\214)\336\272\266h\320\357\244\3534\204\272_\302\255\214`\315""; previousledger: ""\334\200\321D\003\276An\321\213w\004sl\253\206\007\032\007 W\242\020\237>\356\243\251\220t\203\n""; ","proposeSeq: 0; currentTxHash: ""\000\000\000\000\000\000\000\000\000\000\000\000\000\000\000\000\000\000\000\000\000\000\000\000\000\000\000\000\000\000\000\000""; nodePubKey: ""\002JF?\225\006Z\307\245\272\223\000g\257O\247\200\025\342\270\010\254Y\361Y\256\200\200\256\347}\016\325""; closeTime: 803849770; signature: ""0D\002 if\010R-C\026~\205\222\324\253|\334\203 \346\221&,\203\224~}\006Ga\363$\224\rg\002 I\256\275\026Ky\000yh\335\331\240(\214)\336\272\266h\320\357\244\3534\204\272_\302\255\214`\315""; previousledger: ""\334\200\321D\003\276An\321\213w\004sl\253\206\007\032\007 W\242\020\237>\356\243\251\220t\203\n""; "
1750534570490,1750534570593,327,1,4,3,TMStatusChange,"newEvent: neCLOSING_LEDGER; ledgerSeq: 2; ledgerHash: ""\334\200\321D\003\276An\321\213w\004sl\253\206\007\032\007 W\242\020\237>\356\243\251\220t\203\n""; ledgerHashPrevious: ""-}\351f\032\255\274\334m\326c\017\014ao[\342\230\003\245\245\3341Hm\326^\017jy\335\261""; networkTime: 803849770; firstSeq: 1; lastSeq: 1; ","newEvent: neCLOSING_LEDGER; ledgerSeq: 2; ledgerHash: ""\334\200\321D\003\276An\321\213w\004sl\253\206\007\032\007 W\242\020\237>\356\243\251\220t\203\n""; ledgerHashPrevious: ""-}\351f\032\255\274\334m\326c\017\014ao[\342\230\003\245\245\3341Hm\326^\017jy\335\261""; networkTime: 803849770; firstSeq: 1; lastSeq: 1; "
1750534570492,1750534570594,3994,1,4,2,TMStatusChange,"newEvent: neCLOSING_LEDGER; ledgerSeq: 2; ledgerHash: ""\334\200\321D\003\276An\321\213w\004sl\253\206\007\032\007 W\242\020\237>\356\243\251\220t\203\n""; ledgerHashPrevious: ""-}\351f\032\255\274\334m\326c\017\014ao[\342\230\003\245\245\3341Hm\326^\017jy\335\261""; networkTime: 803849770; firstSeq: 1; lastSeq: 1; ","newEvent: neCLOSING_LEDGER; ledgerSeq: 2; ledgerHash: ""\334\200\321D\003\276An\321\213w\004sl\253\206\007\032\007 W\242\020\237>\356\243\251\220t\203\n""; ledgerHashPrevious: ""-}\351f\032\255\274\334m\326c\017\014ao[\342\230\003\245\245\3341Hm\326^\017jy\335\261""; networkTime: 803849770; firstSeq: 1; lastSeq: 1; "
1750534570492,1750534570594,3464,1,4,0,TMStatusChange,"newEvent: neCLOSING_LEDGER; ledgerSeq: 2; ledgerHash: ""\334\200\321D\003\276An\321\213w\004sl\253\206\007\032\007 W\242\020\237>\356\243\251\220t\203\n""; ledgerHashPrevious: ""-}\351f\032\255\274\334m\326c\017\014ao[\342\230\003\245\245\3341Hm\326^\017jy\335\261""; networkTime: 803849770; firstSeq: 1; lastSeq: 1; ","newEvent: neCLOSING_LEDGER; ledgerSeq: 2; ledgerHash: ""\334\200\321D\003\276An\321\213w\004sl\253\206\007\032\007 W\242\020\237>\356\243\251\220t\203\n""; ledgerHashPrevious: ""-}\351f\032\255\274\334m\326c\017\014ao[\342\230\003\245\245\3341Hm\326^\017jy\335\261""; networkTime: 803849770; firstSeq: 1; lastSeq: 1; "
1750534570493,1750534570594,924,1,4,1,TMStatusChange,"newEvent: neCLOSING_LEDGER; ledgerSeq: 2; ledgerHash: ""\334\200\321D\003\276An\321\213w\004sl\253\206\007\032\007 W\242\020\237>\356\243\251\220t\203\n""; ledgerHashPrevious: ""-}\351f\032\255\274\334m\326c\017\014ao[\342\230\003\245\245\3341Hm\326^\017jy\335\261""; networkTime: 803849770; firstSeq: 1; lastSeq: 1; ","newEvent: neCLOSING_LEDGER; ledgerSeq: 2; ledgerHash: ""\334\200\321D\003\276An\321\213w\004sl\253\206\007\032\007 W\242\020\237>\356\243\251\220t\203\n""; ledgerHashPrevious: ""-}\351f\032\255\274\334m\326c\017\014ao[\342\230\003\245\245\3341Hm\326^\017jy\335\261""; networkTime: 803849770; firstSeq: 1; lastSeq: 1; "
1750534570495,1750534570634,2506,1,2,4,TMStatusChange,"newEvent: neCLOSING_LEDGER; ledgerSeq: 2; ledgerHash: ""\334\200\321D\003\276An\321\213w\004sl\253\206\007\032\007 W\242\020\237>\356\243\251\220t\203\n""; ledgerHashPrevious: ""-}\351f\032\255\274\334m\326c\017\014ao[\342\230\003\245\245\3341Hm\326^\017jy\335\261""; networkTime: 803849770; firstSeq: 1; lastSeq: 1; ","newEvent: neCLOSING_LEDGER; ledgerSeq: 2; ledgerHash: ""\334\200\321D\003\276An\321\213w\004sl\253\206\007\032\007 W\242\020\237>\356\243\251\220t\203\n""; ledgerHashPrevious: ""-}\351f\032\255\274\334m\326c\017\014ao[\342\230\003\245\245\3341Hm\326^\017jy\335\261""; networkTime: 803849770; firstSeq: 1; lastSeq: 1; "
1750534570555,1750534570634,3404,1,2,1,TMStatusChange,"newEvent: neCLOSING_LEDGER; ledgerSeq: 2; ledgerHash: ""\334\200\321D\003\276An\321\213w\004sl\253\206\007\032\007 W\242\020\237>\356\243\251\220t\203\n""; ledgerHashPrevious: ""-}\351f\032\255\274\334m\326c\017\014ao[\342\230\003\245\245\3341Hm\326^\017jy\335\261""; networkTime: 803849770; firstSeq: 1; lastSeq: 1; ","newEvent: neCLOSING_LEDGER; ledgerSeq: 2; ledgerHash: ""\334\200\321D\003\276An\321\213w\004sl\253\206\007\032\007 W\242\020\237>\356\243\251\220t\203\n""; ledgerHashPrevious: ""-}\351f\032\255\274\334m\326c\017\014ao[\342\230\003\245\245\3341Hm\326^\017jy\335\261""; networkTime: 803849770; firstSeq: 1; lastSeq: 1; "
1750534570497,1750534570634,2401,1,2,0,TMStatusChange,"newEvent: neCLOSING_LEDGER; ledgerSeq: 2; ledgerHash: ""\334\200\321D\003\276An\321\213w\004sl\253\206\007\032\007 W\242\020\237>\356\243\251\220t\203\n""; ledgerHashPrevious: ""-}\351f\032\255\274\334m\326c\017\014ao[\342\230\003\245\245\3341Hm\326^\017jy\335\261""; networkTime: 803849770; firstSeq: 1; lastSeq: 1; ","newEvent: neCLOSING_LEDGER; ledgerSeq: 2; ledgerHash: ""\334\200\321D\003\276An\321\213w\004sl\253\206\007\032\007 W\242\020\237>\356\243\251\220t\203\n""; ledgerHashPrevious: ""-}\351f\032\255\274\334m\326c\017\014ao[\342\230\003\245\245\3341Hm\326^\017jy\335\261""; networkTime: 803849770; firstSeq: 1; lastSeq: 1; "
1750534570558,1750534570635,2972,1,2,3,TMStatusChange,"newEvent: neCLOSING_LEDGER; ledgerSeq: 2; ledgerHash: ""\334\200\321D\003\276An\321\213w\004sl\253\206\007\032\007 W\242\020\237>\356\243\251\220t\203\n""; ledgerHashPrevious: ""-}\351f\032\255\274\334m\326c\017\014ao[\342\230\003\245\245\3341Hm\326^\017jy\335\261""; networkTime: 803849770; firstSeq: 1; lastSeq: 1; ","newEvent: neCLOSING_LEDGER; ledgerSeq: 2; ledgerHash: ""\334\200\321D\003\276An\321\213w\004sl\253\206\007\032\007 W\242\020\237>\356\243\251\220t\203\n""; ledgerHashPrevious: ""-}\351f\032\255\274\334m\326c\017\014ao[\342\230\003\245\245\3341Hm\326^\017jy\335\261""; networkTime: 803849770; firstSeq: 1; lastSeq: 1; "
1750534570657,1750534570657,246,1,1,3,TMProposeSet,"proposeSeq: 0; currentTxHash: ""\000\000\000\000\000\000\000\000\000\000\000\000\000\000\000\000\000\000\000\000\000\000\000\000\000\000\000\000\000\000\000\000""; nodePubKey: ""\003\224\272y\037T\353\343\271\362E\205\262b\336.\367k\372\000\221\360\360'M\2377\341I\3077?\362""; closeTime: 803849770; signature: ""0D\002 -\271}\220A\223\261\303d\356X\257\005\244\301\233\310\255\014\301&\275?\304\037\232\254k\234UMV\002 !)\202\210\253%\030\344}o\231\276\347\312\020R\340\202\006\251\271\236\311I\214[\263\006\362\260\347d""; previousledger: ""\334\200\321D\003\276An\321\213w\004sl\253\206\007\032\007 W\242\020\237>\356\243\251\220t\203\n""; ","proposeSeq: 0; currentTxHash: ""\000\000\000\000\000\000\000\000\000\000\000\000\000\000\000\000\000\000\000\000\000\000\000\000\000\000\000\000\000\000\000\000""; nodePubKey: ""\003\224\272y\037T\353\343\271\362E\205\262b\336.\367k\372\000\221\360\360'M\2377\341I\3077?\362""; closeTime: 803849770; signature: ""0D\002 -\271}\220A\223\261\303d\356X\257\005\244\301\233\310\255\014\301&\275?\304\037\232\254k\234UMV\002 !)\202\210\253%\030\344}o\231\276\347\312\020R\340\202\006\251\271\236\311I\214[\263\006\362\260\347d""; previousledger: ""\334\200\321D\003\276An\321\213w\004sl\253\206\007\032\007 W\242\020\237>\356\243\251\220t\203\n""; "
1750534570658,1750534570658,562,1,1,0,TMProposeSet,"proposeSeq: 0; currentTxHash: ""\000\000\000\000\000\000\000\000\000\000\000\000\000\000\000\000\000\000\000\000\000\000\000\000\000\000\000\000\000\000\000\000""; nodePubKey: ""\003\224\272y\037T\353\343\271\362E\205\262b\336.\367k\372\000\221\360\360'M\2377\341I\3077?\362""; closeTime: 803849770; signature: ""0D\002 -\271}\220A\223\261\303d\356X\257\005\244\301\233\310\255\014\301&\275?\304\037\232\254k\234UMV\002 !)\202\210\253%\030\344}o\231\276\347\312\020R\340\202\006\251\271\236\311I\214[\263\006\362\260\347d""; previousledger: ""\334\200\321D\003\276An\321\213w\004sl\253\206\007\032\007 W\242\020\237>\356\243\251\220t\203\n""; ","proposeSeq: 0; currentTxHash: ""\000\000\000\000\000\000\000\000\000\000\000\000\000\000\000\000\000\000\000\000\000\000\000\000\000\000\000\000\000\000\000\000""; nodePubKey: ""\003\224\272y\037T\353\343\271\362E\205\262b\336.\367k\372\000\221\360\360'M\2377\341I\3077?\362""; closeTime: 803849770; signature: ""0D\002 -\271}\220A\223\261\303d\356X\257\005\244\301\233\310\255\014\301&\275?\304\037\232\254k\234UMV\002 !)\202\210\253%\030\344}o\231\276\347\312\020R\340\202\006\251\271\236\311I\214[\263\006\362\260\347d""; previousledger: ""\334\200\321D\003\276An\321\213w\004sl\253\206\007\032\007 W\242\020\237>\356\243\251\220t\203\n""; "
1750534570658,1750534570658,991,1,1,2,TMProposeSet,"proposeSeq: 0; currentTxHash: ""\000\000\000\000\000\000\000\000\000\000\000\000\000\000\000\000\000\000\000\000\000\000\000\000\000\000\000\000\000\000\000\000""; nodePubKey: ""\003\224\272y\037T\353\343\271\362E\205\262b\336.\367k\372\000\221\360\360'M\2377\341I\3077?\362""; closeTime: 803849770; signature: ""0D\002 -\271}\220A\223\261\303d\356X\257\005\244\301\233\310\255\014\301&\275?\304\037\232\254k\234UMV\002 !)\202\210\253%\030\344}o\231\276\347\312\020R\340\202\006\251\271\236\311I\214[\263\006\362\260\347d""; previousledger: ""\334\200\321D\003\276An\321\213w\004sl\253\206\007\032\007 W\242\020\237>\356\243\251\220t\203\n""; ","proposeSeq: 0; currentTxHash: ""\000\000\000\000\000\000\000\000\000\000\000\000\000\000\000\000\000\000\000\000\000\000\000\000\000\000\000\000\000\000\000\000""; nodePubKey: ""\003\224\272y\037T\353\343\271\362E\205\262b\336.\367k\372\000\221\360\360'M\2377\341I\3077?\362""; closeTime: 803849770; signature: ""0D\002 -\271}\220A\223\261\303d\356X\257\005\244\301\233\310\255\014\301&\275?\304\037\232\254k\234UMV\002 !)\202\210\253%\030\344}o\231\276\347\312\020R\340\202\006\251\271\236\311I\214[\263\006\362\260\347d""; previousledger: ""\334\200\321D\003\276An\321\213w\004sl\253\206\007\032\007 W\242\020\237>\356\243\251\220t\203\n""; "
1750534570724,1750534570724,57,1,3,4,TMProposeSet,"proposeSeq: 0; currentTxHash: ""\000\000\000\000\000\000\000\000\000\000\000\000\000\000\000\000\000\000\000\000\000\000\000\000\000\000\000\000\000\000\000\000""; nodePubKey: ""\002\372""\264\241\373W\017d\005\376\327\n\354!\351#\207\207\020\242\244\330\177\306\006Q\267\360k&\000\034""; closeTime: 803849770; signature: ""0D\002 &\3625|]pL>\352\342m\305_X\241\2168\014\022\314\007\203\255\367\367\365F\312!\264\251M\002 T\273\333\234\006\200\301\261+9C\240\014M\013\345\247=\255\240\2560\225s\025^\234\347\355\004\010`""; previousledger: ""\334\200\321D\003\276An\321\213w\004sl\253\206\007\032\007 W\242\020\237>\356\243\251\220t\203\n""; ","proposeSeq: 0; currentTxHash: ""\000\000\000\000\000\000\000\000\000\000\000\000\000\000\000\000\000\000\000\000\000\000\000\000\000\000\000\000\000\000\000\000""; nodePubKey: ""\002\372""\264\241\373W\017d\005\376\327\n\354!\351#\207\207\020\242\244\330\177\306\006Q\267\360k&\000\034""; closeTime: 803849770; signature: ""0D\002 &\3625|]pL>\352\342m\305_X\241\2168\014\022\314\007\203\255\367\367\365F\312!\264\251M\002 T\273\333\234\006\200\301\261+9C\240\014M\013\345\247=\255\240\2560\225s\025^\234\347\355\004\010`""; previousledger: ""\334\200\321D\003\276An\321\213w\004sl\253\206\007\032\007 W\242\020\237>\356\243\251\220t\203\n""; "
1750534570724,1750534570724,2249,1,3,2,TMProposeSet,"proposeSeq: 0; currentTxHash: ""\000\000\000\000\000\000\000\000\000\000\000\000\000\000\000\000\000\000\000\000\000\000\000\000\000\000\000\000\000\000\000\000""; nodePubKey: ""\002\372""\264\241\373W\017d\005\376\327\n\354!\351#\207\207\020\242\244\330\177\306\006Q\267\360k&\000\034""; closeTime: 803849770; signature: ""0D\002 &\3625|]pL>\352\342m\305_X\241\2168\014\022\314\007\203\255\367\367\365F\312!\264\251M\002 T\273\333\234\006\200\301\261+9C\240\014M\013\345\247=\255\240\2560\225s\025^\234\347\355\004\010`""; previousledger: ""\334\200\321D\003\276An\321\213w\004sl\253\206\007\032\007 W\242\020\237>\356\243\251\220t\203\n""; ","proposeSeq: 0; currentTxHash: ""\000\000\000\000\000\000\000\000\000\000\000\000\000\000\000\000\000\000\000\000\000\000\000\000\000\000\000\000\000\000\000\000""; nodePubKey: ""\002\372""\264\241\373W\017d\005\376\327\n\354!\351#\207\207\020\242\244\330\177\306\006Q\267\360k&\000\034""; closeTime: 803849770; signature: ""0D\002 &\3625|]pL>\352\342m\305_X\241\2168\014\022\314\007\203\255\367\367\365F\312!\264\251M\002 T\273\333\234\006\200\301\261+9C\240\014M\013\345\247=\255\240\2560\225s\025^\234\347\355\004\010`""; previousledger: ""\334\200\321D\003\276An\321\213w\004sl\253\206\007\032\007 W\242\020\237>\356\243\251\220t\203\n""; "
1750534570724,1750534570724,1388,1,3,0,TMProposeSet,"proposeSeq: 0; currentTxHash: ""\000\000\000\000\000\000\000\000\000\000\000\000\000\000\000\000\000\000\000\000\000\000\000\000\000\000\000\000\000\000\000\000""; nodePubKey: ""\002\372""\264\241\373W\017d\005\376\327\n\354!\351#\207\207\020\242\244\330\177\306\006Q\267\360k&\000\034""; closeTime: 803849770; signature: ""0D\002 &\3625|]pL>\352\342m\305_X\241\2168\014\022\314\007\203\255\367\367\365F\312!\264\251M\002 T\273\333\234\006\200\301\261+9C\240\014M\013\345\247=\255\240\2560\225s\025^\234\347\355\004\010`""; previousledger: ""\334\200\321D\003\276An\321\213w\004sl\253\206\007\032\007 W\242\020\237>\356\243\251\220t\203\n""; ","proposeSeq: 0; currentTxHash: ""\000\000\000\000\000\000\000\000\000\000\000\000\000\000\000\000\000\000\000\000\000\000\000\000\000\000\000\000\000\000\000\000""; nodePubKey: ""\002\372""\264\241\373W\017d\005\376\327\n\354!\351#\207\207\020\242\244\330\177\306\006Q\267\360k&\000\034""; closeTime: 803849770; signature: ""0D\002 &\3625|]pL>\352\342m\305_X\241\2168\014\022\314\007\203\255\367\367\365F\312!\264\251M\002 T\273\333\234\006\200\301\261+9C\240\014M\013\345\247=\255\240\2560\225s\025^\234\347\355\004\010`""; previousledger: ""\334\200\321D\003\276An\321\213w\004sl\253\206\007\032\007 W\242\020\237>\356\243\251\220t\203\n""; "
1750534570784,1750534570784,630,1,4,2,TMProposeSet,"proposeSeq: 0; currentTxHash: ""\000\000\000\000\000\000\000\000\000\000\000\000\000\000\000\000\000\000\000\000\000\000\000\000\000\000\000\000\000\000\000\000""; nodePubKey: ""\002\372""\264\241\373W\017d\005\376\327\n\354!\351#\207\207\020\242\244\330\177\306\006Q\267\360k&\000\034""; closeTime: 803849770; signature: ""0D\002 &\3625|]pL>\352\342m\305_X\241\2168\014\022\314\007\203\255\367\367\365F\312!\264\251M\002 T\273\333\234\006\200\301\261+9C\240\014M\013\345\247=\255\240\2560\225s\025^\234\347\355\004\010`""; previousledger: ""\334\200\321D\003\276An\321\213w\004sl\253\206\007\032\007 W\242\020\237>\356\243\251\220t\203\n""; ","proposeSeq: 0; currentTxHash: ""\000\000\000\000\000\000\000\000\000\000\000\000\000\000\000\000\000\000\000\000\000\000\000\000\000\000\000\000\000\000\000\000""; nodePubKey: ""\002\372""\264\241\373W\017d\005\376\327\n\354!\351#\207\207\020\242\244\330\177\306\006Q\267\360k&\000\034""; closeTime: 803849770; signature: ""0D\002 &\3625|]pL>\352\342m\305_X\241\2168\014\022\314\007\203\255\367\367\365F\312!\264\251M\002 T\273\333\234\006\200\301\261+9C\240\014M\013\345\247=\255\240\2560\225s\025^\234\347\355\004\010`""; previousledger: ""\334\200\321D\003\276An\321\213w\004sl\253\206\007\032\007 W\242\020\237>\356\243\251\220t\203\n""; "
1750534570785,1750534570785,943,1,4,0,TMProposeSet,"proposeSeq: 0; currentTxHash: ""\000\000\000\000\000\000\000\000\000\000\000\000\000\000\000\000\000\000\000\000\000\000\000\000\000\000\000\000\000\000\000\000""; nodePubKey: ""\002\372""\264\241\373W\017d\005\376\327\n\354!\351#\207\207\020\242\244\330\177\306\006Q\267\360k&\000\034""; closeTime: 803849770; signature: ""0D\002 &\3625|]pL>\352\342m\305_X\241\2168\014\022\314\007\203\255\367\367\365F\312!\264\251M\002 T\273\333\234\006\200\301\261+9C\240\014M\013\345\247=\255\240\2560\225s\025^\234\347\355\004\010`""; previousledger: ""\334\200\321D\003\276An\321\213w\004sl\253\206\007\032\007 W\242\020\237>\356\243\251\220t\203\n""; ","proposeSeq: 0; currentTxHash: ""\000\000\000\000\000\000\000\000\000\000\000\000\000\000\000\000\000\000\000\000\000\000\000\000\000\000\000\000\000\000\000\000""; nodePubKey: ""\002\372""\264\241\373W\017d\005\376\327\n\354!\351#\207\207\020\242\244\330\177\306\006Q\267\360k&\000\034""; closeTime: 803849770; signature: ""0D\002 &\3625|]pL>\352\342m\305_X\241\2168\014\022\314\007\203\255\367\367\365F\312!\264\251M\002 T\273\333\234\006\200\301\261+9C\240\014M\013\345\247=\255\240\2560\225s\025^\234\347\355\004\010`""; previousledger: ""\334\200\321D\003\276An\321\213w\004sl\253\206\007\032\007 W\242\020\237>\356\243\251\220t\203\n""; "
1750534570785,1750534570785,165,1,4,1,TMProposeSet,"proposeSeq: 0; currentTxHash: ""\000\000\000\000\000\000\000\000\000\000\000\000\000\000\000\000\000\000\000\000\000\000\000\000\000\000\000\000\000\000\000\000""; nodePubKey: ""\002\372""\264\241\373W\017d\005\376\327\n\354!\351#\207\207\020\242\244\330\177\306\006Q\267\360k&\000\034""; closeTime: 803849770; signature: ""0D\002 &\3625|]pL>\352\342m\305_X\241\2168\014\022\314\007\203\255\367\367\365F\312!\264\251M\002 T\273\333\234\006\200\301\261+9C\240\014M\013\345\247=\255\240\2560\225s\025^\234\347\355\004\010`""; previousledger: ""\334\200\321D\003\276An\321\213w\004sl\253\206\007\032\007 W\242\020\237>\356\243\251\220t\203\n""; ","proposeSeq: 0; currentTxHash: ""\000\000\000\000\000\000\000\000\000\000\000\000\000\000\000\000\000\000\000\000\000\000\000\000\000\000\000\000\000\000\000\000""; nodePubKey: ""\002\372""\264\241\373W\017d\005\376\327\n\354!\351#\207\207\020\242\244\330\177\306\006Q\267\360k&\000\034""; closeTime: 803849770; signature: ""0D\002 &\3625|]pL>\352\342m\305_X\241\2168\014\022\314\007\203\255\367\367\365F\312!\264\251M\002 T\273\333\234\006\200\301\261+9C\240\014M\013\345\247=\255\240\2560\225s\025^\234\347\355\004\010`""; previousledger: ""\334\200\321D\003\276An\321\213w\004sl\253\206\007\032\007 W\242\020\237>\356\243\251\220t\203\n""; "
1750534570811,1750534570811,1903,1,0,4,TMProposeSet,"proposeSeq: 0; currentTxHash: ""\000\000\000\000\000\000\000\000\000\000\000\000\000\000\000\000\000\000\000\000\000\000\000\000\000\000\000\000\000\000\000\000""; nodePubKey: ""\003\370\2006Y\250^\211\245\211\351\231.\013\013\003 \335*-\014\034\311}\223\361\032\226\323\027Q\r\312""; closeTime: 803849770; signature: ""0D\002 C0W\377\234\307\323j\000\242U4jtg\026-\324|\370\020\032\321@w\306\345\272\346(\261\226\002 P\001f#l\240\2439\375\336\267D\006\375K\331\313y\377\321XR\265\213\347\276G\371\242\304\326\230""; previousledger: ""\334\200\321D\003\276An\321\213w\004sl\253\206\007\032\007 W\242\020\237>\356\243\251\220t\203\n""; ","proposeSeq: 0; currentTxHash: ""\000\000\000\000\000\000\000\000\000\000\000\000\000\000\000\000\000\000\000\000\000\000\000\000\000\000\000\000\000\000\000\000""; nodePubKey: ""\003\370\2006Y\250^\211\245\211\351\231.\013\013\003 \335*-\014\034\311}\223\361\032\226\323\027Q\r\312""; closeTime: 803849770; signature: ""0D\002 C0W\377\234\307\323j\000\242U4jtg\026-\324|\370\020\032\321@w\306\345\272\346(\261\226\002 P\001f#l\240\2439\375\336\267D\006\375K\331\313y\377\321XR\265\213\347\276G\371\242\304\326\230""; previousledger: ""\334\200\321D\003\276An\321\213w\004sl\253\206\007\032\007 W\242\020\237>\356\243\251\220t\203\n""; "
1750534570812,1750534570813,1232,1,0,2,TMProposeSet,"proposeSeq: 0; currentTxHash: ""\000\000\000\000\000\000\000\000\000\000\000\000\000\000\000\000\000\000\000\000\000\000\000\000\000\000\000\000\000\000\000\000""; nodePubKey: ""\003\370\2006Y\250^\211\245\211\351\231.\013\013\003 \335*-\014\034\311}\223\361\032\226\323\027Q\r\312""; closeTime: 803849770; signature: ""0D\002 C0W\377\234\307\323j\000\242U4jtg\026-\324|\370\020\032\321@w\306\345\272\346(\261\226\002 P\001f#l\240\2439\375\336\267D\006\375K\331\313y\377\321XR\265\213\347\276G\371\242\304\326\230""; previousledger: ""\334\200\321D\003\276An\321\213w\004sl\253\206\007\032\007 W\242\020\237>\356\243\251\220t\203\n""; ","proposeSeq: 0; currentTxHash: ""\000\000\000\000\000\000\000\000\000\000\000\000\000\000\000\000\000\000\000\000\000\000\000\000\000\000\000\000\000\000\000\000""; nodePubKey: ""\003\370\2006Y\250^\211\245\211\351\231.\013\013\003 \335*-\014\034\311}\223\361\032\226\323\027Q\r\312""; closeTime: 803849770; signature: ""0D\002 C0W\377\234\307\323j\000\242U4jtg\026-\324|\370\020\032\321@w\306\345\272\346(\261\226\002 P\001f#l\240\2439\375\336\267D\006\375K\331\313y\377\321XR\265\213\347\276G\371\242\304\326\230""; previousledger: ""\334\200\321D\003\276An\321\213w\004sl\253\206\007\032\007 W\242\020\237>\356\243\251\220t\203\n""; "
1750534570813,1750534570814,2916,1,0,1,TMProposeSet,"proposeSeq: 0; currentTxHash: ""\000\000\000\000\000\000\000\000\000\000\000\000\000\000\000\000\000\000\000\000\000\000\000\000\000\000\000\000\000\000\000\000""; nodePubKey: ""\003\370\2006Y\250^\211\245\211\351\231.\013\013\003 \335*-\014\034\311}\223\361\032\226\323\027Q\r\312""; closeTime: 803849770; signature: ""0D\002 C0W\377\234\307\323j\000\242U4jtg\026-\324|\370\020\032\321@w\306\345\272\346(\261\226\002 P\001f#l\240\2439\375\336\267D\006\375K\331\313y\377\321XR\265\213\347\276G\371\242\304\326\230""; previousledger: ""\334\200\321D\003\276An\321\213w\004sl\253\206\007\032\007 W\242\020\237>\356\243\251\220t\203\n""; ","proposeSeq: 0; currentTxHash: ""\000\000\000\000\000\000\000\000\000\000\000\000\000\000\000\000\000\000\000\000\000\000\000\000\000\000\000\000\000\000\000\000""; nodePubKey: ""\003\370\2006Y\250^\211\245\211\351\231.\013\013\003 \335*-\014\034\311}\223\361\032\226\323\027Q\r\312""; closeTime: 803849770; signature: ""0D\002 C0W\377\234\307\323j\000\242U4jtg\026-\324|\370\020\032\321@w\306\345\272\346(\261\226\002 P\001f#l\240\2439\375\336\267D\006\375K\331\313y\377\321XR\265\213\347\276G\371\242\304\326\230""; previousledger: ""\334\200\321D\003\276An\321\213w\004sl\253\206\007\032\007 W\242\020\237>\356\243\251\220t\203\n""; "
1750534570813,1750534570813,467,1,0,3,TMProposeSet,"proposeSeq: 0; currentTxHash: ""\000\000\000\000\000\000\000\000\000\000\000\000\000\000\000\000\000\000\000\000\000\000\000\000\000\000\000\000\000\000\000\000""; nodePubKey: ""\003\370\2006Y\250^\211\245\211\351\231.\013\013\003 \335*-\014\034\311}\223\361\032\226\323\027Q\r\312""; closeTime: 803849770; signature: ""0D\002 C0W\377\234\307\323j\000\242U4jtg\026-\324|\370\020\032\321@w\306\345\272\346(\261\226\002 P\001f#l\240\2439\375\336\267D\006\375K\331\313y\377\321XR\265\213\347\276G\371\242\304\326\230""; previousledger: ""\334\200\321D\003\276An\321\213w\004sl\253\206\007\032\007 W\242\020\237>\356\243\251\220t\203\n""; ","proposeSeq: 0; currentTxHash: ""\000\000\000\000\000\000\000\000\000\000\000\000\000\000\000\000\000\000\000\000\000\000\000\000\000\000\000\000\000\000\000\000""; nodePubKey: ""\003\370\2006Y\250^\211\245\211\351\231.\013\013\003 \335*-\014\034\311}\223\361\032\226\323\027Q\r\312""; closeTime: 803849770; signature: ""0D\002 C0W\377\234\307\323j\000\242U4jtg\026-\324|\370\020\032\321@w\306\345\272\346(\261\226\002 P\001f#l\240\2439\375\336\267D\006\375K\331\313y\377\321XR\265\213\347\276G\371\242\304\326\230""; previousledger: ""\334\200\321D\003\276An\321\213w\004sl\253\206\007\032\007 W\242\020\237>\356\243\251\220t\203\n""; "
1750534570810,1750534570850,132,1,0,4,TMStatusChange,"newEvent: neCLOSING_LEDGER; ledgerSeq: 2; ledgerHash: ""\334\200\321D\003\276An\321\213w\004sl\253\206\007\032\007 W\242\020\237>\356\243\251\220t\203\n""; ledgerHashPrevious: ""-}\351f\032\255\274\334m\326c\017\014ao[\342\230\003\245\245\3341Hm\326^\017jy\335\261""; networkTime: 803849770; firstSeq: 1; lastSeq: 1; ","newEvent: neCLOSING_LEDGER; ledgerSeq: 2; ledgerHash: ""\334\200\321D\003\276An\321\213w\004sl\253\206\007\032\007 W\242\020\237>\356\243\251\220t\203\n""; ledgerHashPrevious: ""-}\351f\032\255\274\334m\326c\017\014ao[\342\230\003\245\245\3341Hm\326^\017jy\335\261""; networkTime: 803849770; firstSeq: 1; lastSeq: 1; "
1750534570811,1750534570850,1447,1,0,2,TMStatusChange,"newEvent: neCLOSING_LEDGER; ledgerSeq: 2; ledgerHash: ""\334\200\321D\003\276An\321\213w\004sl\253\206\007\032\007 W\242\020\237>\356\243\251\220t\203\n""; ledgerHashPrevious: ""-}\351f\032\255\274\334m\326c\017\014ao[\342\230\003\245\245\3341Hm\326^\017jy\335\261""; networkTime: 803849770; firstSeq: 1; lastSeq: 1; ","newEvent: neCLOSING_LEDGER; ledgerSeq: 2; ledgerHash: ""\334\200\321D\003\276An\321\213w\004sl\253\206\007\032\007 W\242\020\237>\356\243\251\220t\203\n""; ledgerHashPrevious: ""-}\351f\032\255\274\334m\326c\017\014ao[\342\230\003\245\245\3341Hm\326^\017jy\335\261""; networkTime: 803849770; firstSeq: 1; lastSeq: 1; "
1750534570812,1750534570851,510,1,0,3,TMStatusChange,"newEvent: neCLOSING_LEDGER; ledgerSeq: 2; ledgerHash: ""\334\200\321D\003\276An\321\213w\004sl\253\206\007\032\007 W\242\020\237>\356\243\251\220t\203\n""; ledgerHashPrevious: ""-}\351f\032\255\274\334m\326c\017\014ao[\342\230\003\245\245\3341Hm\326^\017jy\335\261""; networkTime: 803849770; firstSeq: 1; lastSeq: 1; ","newEvent: neCLOSING_LEDGER; ledgerSeq: 2; ledgerHash: ""\334\200\321D\003\276An\321\213w\004sl\253\206\007\032\007 W\242\020\237>\356\243\251\220t\203\n""; ledgerHashPrevious: ""-}\351f\032\255\274\334m\326c\017\014ao[\342\230\003\245\245\3341Hm\326^\017jy\335\261""; networkTime: 803849770; firstSeq: 1; lastSeq: 1; "
1750534570812,1750534570851,2691,1,0,1,TMStatusChange,"newEvent: neCLOSING_LEDGER; ledgerSeq: 2; ledgerHash: ""\334\200\321D\003\276An\321\213w\004sl\253\206\007\032\007 W\242\020\237>\356\243\251\220t\203\n""; ledgerHashPrevious: ""-}\351f\032\255\274\334m\326c\017\014ao[\342\230\003\245\245\3341Hm\326^\017jy\335\261""; networkTime: 803849770; firstSeq: 1; lastSeq: 1; ","newEvent: neCLOSING_LEDGER; ledgerSeq: 2; ledgerHash: ""\334\200\321D\003\276An\321\213w\004sl\253\206\007\032\007 W\242\020\237>\356\243\251\220t\203\n""; ledgerHashPrevious: ""-}\351f\032\255\274\334m\326c\017\014ao[\342\230\003\245\245\3341Hm\326^\017jy\335\261""; networkTime: 803849770; firstSeq: 1; lastSeq: 1; "
1750534570866,1750534570866,3372,1,3,1,TMProposeSet,"proposeSeq: 0; currentTxHash: ""\000\000\000\000\000\000\000\000\000\000\000\000\000\000\000\000\000\000\000\000\000\000\000\000\000\000\000\000\000\000\000\000""; nodePubKey: ""\002\306cQb\320\027.e9\344\363R\275R\231\316\216\037\013\037\021\221\234\225\326p\372\213\010EW\373""; closeTime: 803849770; signature: ""0D\002 K\010\005G\241\3708\352!\365O\333\304\034\356\341QE\336\022\322\016\232c\371\266\237\363\367\271\226\375\002 `*>\260\3619Vu\020\317+\247\247\366b\003\310\320\013\373\036\355\320\247\310\301?\277\017\266F\346""; previousledger: ""\334\200\321D\003\276An\321\213w\004sl\253\206\007\032\007 W\242\020\237>\356\243\251\220t\203\n""; ","proposeSeq: 0; currentTxHash: ""\000\000\000\000\000\000\000\000\000\000\000\000\000\000\000\000\000\000\000\000\000\000\000\000\000\000\000\000\000\000\000\000""; nodePubKey: ""\002\306cQb\320\027.e9\344\363R\275R\231\316\216\037\013\037\021\221\234\225\326p\372\213\010EW\373""; closeTime: 803849770; signature: ""0D\002 K\010\005G\241\3708\352!\365O\333\304\034\356\341QE\336\022\322\016\232c\371\266\237\363\367\271\226\375\002 `*>\260\3619Vu\020\317+\247\247\366b\003\310\320\013\373\036\355\320\247\310\301?\277\017\266F\346""; previousledger: ""\334\200\321D\003\276An\321\213w\004sl\253\206\007\032\007 W\242\020\237>\356\243\251\220t\203\n""; "
1750534570867,1750534570867,1388,1,3,0,TMProposeSet,"proposeSeq: 0; currentTxHash: ""\000\000\000\000\000\000\000\000\000\000\000\000\000\000\000\000\000\000\000\000\000\000\000\000\000\000\000\000\000\000\000\000""; nodePubKey: ""\002\306cQb\320\027.e9\344\363R\275R\231\316\216\037\013\037\021\221\234\225\326p\372\213\010EW\373""; closeTime: 803849770; signature: ""0D\002 K\010\005G\241\3708\352!\365O\333\304\034\356\341QE\336\022\322\016\232c\371\266\237\363\367\271\226\375\002 `*>\260\3619Vu\020\317+\247\247\366b\003\310\320\013\373\036\355\320\247\310\301?\277\017\266F\346""; previousledger: ""\334\200\321D\003\276An\321\213w\004sl\253\206\007\032\007 W\242\020\237>\356\243\251\220t\203\n""; ","proposeSeq: 0; currentTxHash: ""\000\000\000\000\000\000\000\000\000\000\000\000\000\000\000\000\000\000\000\000\000\000\000\000\000\000\000\000\000\000\000\000""; nodePubKey: ""\002\306cQb\320\027.e9\344\363R\275R\231\316\216\037\013\037\021\221\234\225\326p\372\213\010EW\373""; closeTime: 803849770; signature: ""0D\002 K\010\005G\241\3708\352!\365O\333\304\034\356\341QE\336\022\322\016\232c\371\266\237\363\367\271\226\375\002 `*>\260\3619Vu\020\317+\247\247\366b\003\310\320\013\373\036\355\320\247\310\301?\277\017\266F\346""; previousledger: ""\334\200\321D\003\276An\321\213w\004sl\253\206\007\032\007 W\242\020\237>\356\243\251\220t\203\n""; "
1750534570877,1750534570877,57,1,3,4,TMProposeSet,"proposeSeq: 0; currentTxHash: ""\000\000\000\000\000\000\000\000\000\000\000\000\000\000\000\000\000\000\000\000\000\000\000\000\000\000\000\000\000\000\000\000""; nodePubKey: ""\002\306cQb\320\027.e9\344\363R\275R\231\316\216\037\013\037\021\221\234\225\326p\372\213\010EW\373""; closeTime: 803849770; signature: ""0D\002 K\010\005G\241\3708\352!\365O\333\304\034\356\341QE\336\022\322\016\232c\371\266\237\363\367\271\226\375\002 `*>\260\3619Vu\020\317+\247\247\366b\003\310\320\013\373\036\355\320\247\310\301?\277\017\266F\346""; previousledger: ""\334\200\321D\003\276An\321\213w\004sl\253\206\007\032\007 W\242\020\237>\356\243\251\220t\203\n""; ","proposeSeq: 0; currentTxHash: ""\000\000\000\000\000\000\000\000\000\000\000\000\000\000\000\000\000\000\000\000\000\000\000\000\000\000\000\000\000\000\000\000""; nodePubKey: ""\002\306cQb\320\027.e9\344\363R\275R\231\316\216\037\013\037\021\221\234\225\326p\372\213\010EW\373""; closeTime: 803849770; signature: ""0D\002 K\010\005G\241\3708\352!\365O\333\304\034\356\341QE\336\022\322\016\232c\371\266\237\363\367\271\226\375\002 `*>\260\3619Vu\020\317+\247\247\366b\003\310\320\013\373\036\355\320\247\310\301?\277\017\266F\346""; previousledger: ""\334\200\321D\003\276An\321\213w\004sl\253\206\007\032\007 W\242\020\237>\356\243\251\220t\203\n""; "
1750534570878,1750534570878,2249,1,3,2,TMProposeSet,"proposeSeq: 0; currentTxHash: ""\000\000\000\000\000\000\000\000\000\000\000\000\000\000\000\000\000\000\000\000\000\000\000\000\000\000\000\000\000\000\000\000""; nodePubKey: ""\002\306cQb\320\027.e9\344\363R\275R\231\316\216\037\013\037\021\221\234\225\326p\372\213\010EW\373""; closeTime: 803849770; signature: ""0D\002 K\010\005G\241\3708\352!\365O\333\304\034\356\341QE\336\022\322\016\232c\371\266\237\363\367\271\226\375\002 `*>\260\3619Vu\020\317+\247\247\366b\003\310\320\013\373\036\355\320\247\310\301?\277\017\266F\346""; previousledger: ""\334\200\321D\003\276An\321\213w\004sl\253\206\007\032\007 W\242\020\237>\356\243\251\220t\203\n""; ","proposeSeq: 0; currentTxHash: ""\000\000\000\000\000\000\000\000\000\000\000\000\000\000\000\000\000\000\000\000\000\000\000\000\000\000\000\000\000\000\000\000""; nodePubKey: ""\002\306cQb\320\027.e9\344\363R\275R\231\316\216\037\013\037\021\221\234\225\326p\372\213\010EW\373""; closeTime: 803849770; signature: ""0D\002 K\010\005G\241\3708\352!\365O\333\304\034\356\341QE\336\022\322\016\232c\371\266\237\363\367\271\226\375\002 `*>\260\3619Vu\020\317+\247\247\366b\003\310\320\013\373\036\355\320\247\310\301?\277\017\266F\346""; previousledger: ""\334\200\321D\003\276An\321\213w\004sl\253\206\007\032\007 W\242\020\237>\356\243\251\220t\203\n""; "
1750534570865,1750534570904,3998,1,3,4,TMStatusChange,"newEvent: neCLOSING_LEDGER; ledgerSeq: 2; ledgerHash: ""\334\200\321D\003\276An\321\213w\004sl\253\206\007\032\007 W\242\020\237>\356\243\251\220t\203\n""; ledgerHashPrevious: ""-}\351f\032\255\274\334m\326c\017\014ao[\342\230\003\245\245\3341Hm\326^\017jy\335\261""; networkTime: 803849770; firstSeq: 1; lastSeq: 1; ","newEvent: neCLOSING_LEDGER; ledgerSeq: 2; ledgerHash: ""\334\200\321D\003\276An\321\213w\004sl\253\206\007\032\007 W\242\020\237>\356\243\251\220t\203\n""; ledgerHashPrevious: ""-}\351f\032\255\274\334m\326c\017\014ao[\342\230\003\245\245\3341Hm\326^\017jy\335\261""; networkTime: 803849770; firstSeq: 1; lastSeq: 1; "
1750534570866,1750534570904,1576,1,3,1,TMStatusChange,"newEvent: neCLOSING_LEDGER; ledgerSeq: 2; ledgerHash: ""\334\200\321D\003\276An\321\213w\004sl\253\206\007\032\007 W\242\020\237>\356\243\251\220t\203\n""; ledgerHashPrevious: ""-}\351f\032\255\274\334m\326c\017\014ao[\342\230\003\245\245\3341Hm\326^\017jy\335\261""; networkTime: 803849770; firstSeq: 1; lastSeq: 1; ","newEvent: neCLOSING_LEDGER; ledgerSeq: 2; ledgerHash: ""\334\200\321D\003\276An\321\213w\004sl\253\206\007\032\007 W\242\020\237>\356\243\251\220t\203\n""; ledgerHashPrevious: ""-}\351f\032\255\274\334m\326c\017\014ao[\342\230\003\245\245\3341Hm\326^\017jy\335\261""; networkTime: 803849770; firstSeq: 1; lastSeq: 1; "
1750534570866,1750534570904,577,1,3,0,TMStatusChange,"newEvent: neCLOSING_LEDGER; ledgerSeq: 2; ledgerHash: ""\334\200\321D\003\276An\321\213w\004sl\253\206\007\032\007 W\242\020\237>\356\243\251\220t\203\n""; ledgerHashPrevious: ""-}\351f\032\255\274\334m\326c\017\014ao[\342\230\003\245\245\3341Hm\326^\017jy\335\261""; networkTime: 803849770; firstSeq: 1; lastSeq: 1; ","newEvent: neCLOSING_LEDGER; ledgerSeq: 2; ledgerHash: ""\334\200\321D\003\276An\321\213w\004sl\253\206\007\032\007 W\242\020\237>\356\243\251\220t\203\n""; ledgerHashPrevious: ""-}\351f\032\255\274\334m\326c\017\014ao[\342\230\003\245\245\3341Hm\326^\017jy\335\261""; networkTime: 803849770; firstSeq: 1; lastSeq: 1; "
1750534570879,1750534570905,2642,1,3,2,TMStatusChange,"newEvent: neCLOSING_LEDGER; ledgerSeq: 2; ledgerHash: ""\334\200\321D\003\276An\321\213w\004sl\253\206\007\032\007 W\242\020\237>\356\243\251\220t\203\n""; ledgerHashPrevious: ""-}\351f\032\255\274\334m\326c\017\014ao[\342\230\003\245\245\3341Hm\326^\017jy\335\261""; networkTime: 803849770; firstSeq: 1; lastSeq: 1; ","newEvent: neCLOSING_LEDGER; ledgerSeq: 2; ledgerHash: ""\334\200\321D\003\276An\321\213w\004sl\253\206\007\032\007 W\242\020\237>\356\243\251\220t\203\n""; ledgerHashPrevious: ""-}\351f\032\255\274\334m\326c\017\014ao[\342\230\003\245\245\3341Hm\326^\017jy\335\261""; networkTime: 803849770; firstSeq: 1; lastSeq: 1; "
1750534570908,1750534570908,2249,1,3,2,TMProposeSet,"proposeSeq: 0; currentTxHash: ""\000\000\000\000\000\000\000\000\000\000\000\000\000\000\000\000\000\000\000\000\000\000\000\000\000\000\000\000\000\000\000\000""; nodePubKey: ""\003\224\272y\037T\353\343\271\362E\205\262b\336.\367k\372\000\221\360\360'M\2377\341I\3077?\362""; closeTime: 803849770; signature: ""0D\002 -\271}\220A\223\261\303d\356X\257\005\244\301\233\310\255\014\301&\275?\304\037\232\254k\234UMV\002 !)\202\210\253%\030\344}o\231\276\347\312\020R\340\202\006\251\271\236\311I\214[\263\006\362\260\347d""; previousledger: ""\334\200\321D\003\276An\321\213w\004sl\253\206\007\032\007 W\242\020\237>\356\243\251\220t\203\n""; ","proposeSeq: 0; currentTxHash: ""\000\000\000\000\000\000\000\000\000\000\000\000\000\000\000\000\000\000\000\000\000\000\000\000\000\000\000\000\000\000\000\000""; nodePubKey: ""\003\224\272y\037T\353\343\271\362E\205\262b\336.\367k\372\000\221\360\360'M\2377\341I\3077?\362""; closeTime: 803849770; signature: ""0D\002 -\271}\220A\223\261\303d\356X\257\005\244\301\233\310\255\014\301&\275?\304\037\232\254k\234UMV\002 !)\202\210\253%\030\344}o\231\276\347\312\020R\340\202\006\251\271\236\311I\214[\263\006\362\260\347d""; previousledger: ""\334\200\321D\003\276An\321\213w\004sl\253\206\007\032\007 W\242\020\237>\356\243\251\220t\203\n""; "
1750534570908,1750534570908,1388,1,3,0,TMProposeSet,"proposeSeq: 0; currentTxHash: ""\000\000\000\000\000\000\000\000\000\000\000\000\000\000\000\000\000\000\000\000\000\000\000\000\000\000\000\000\000\000\000\000""; nodePubKey: ""\003\224\272y\037T\353\343\271\362E\205\262b\336.\367k\372\000\221\360\360'M\2377\341I\3077?\362""; closeTime: 803849770; signature: ""0D\002 -\271}\220A\223\261\303d\356X\257\005\244\301\233\310\255\014\301&\275?\304\037\232\254k\234UMV\002 !)\202\210\253%\030\344}o\231\276\347\312\020R\340\202\006\251\271\236\311I\214[\263\006\362\260\347d""; previousledger: ""\334\200\321D\003\276An\321\213w\004sl\253\206\007\032\007 W\242\020\237>\356\243\251\220t\203\n""; ","proposeSeq: 0; currentTxHash: ""\000\000\000\000\000\000\000\000\000\000\000\000\000\000\000\000\000\000\000\000\000\000\000\000\000\000\000\000\000\000\000\000""; nodePubKey: ""\003\224\272y\037T\353\343\271\362E\205\262b\336.\367k\372\000\221\360\360'M\2377\341I\3077?\362""; closeTime: 803849770; signature: ""0D\002 -\271}\220A\223\261\303d\356X\257\005\244\301\233\310\255\014\301&\275?\304\037\232\254k\234UMV\002 !)\202\210\253%\030\344}o\231\276\347\312\020R\340\202\006\251\271\236\311I\214[\263\006\362\260\347d""; previousledger: ""\334\200\321D\003\276An\321\213w\004sl\253\206\007\032\007 W\242\020\237>\356\243\251\220t\203\n""; "
1750534570910,1750534570910,57,1,3,4,TMProposeSet,"proposeSeq: 0; currentTxHash: ""\000\000\000\000\000\000\000\000\000\000\000\000\000\000\000\000\000\000\000\000\000\000\000\000\000\000\000\000\000\000\000\000""; nodePubKey: ""\003\224\272y\037T\353\343\271\362E\205\262b\336.\367k\372\000\221\360\360'M\2377\341I\3077?\362""; closeTime: 803849770; signature: ""0D\002 -\271}\220A\223\261\303d\356X\257\005\244\301\233\310\255\014\301&\275?\304\037\232\254k\234UMV\002 !)\202\210\253%\030\344}o\231\276\347\312\020R\340\202\006\251\271\236\311I\214[\263\006\362\260\347d""; previousledger: ""\334\200\321D\003\276An\321\213w\004sl\253\206\007\032\007 W\242\020\237>\356\243\251\220t\203\n""; ","proposeSeq: 0; currentTxHash: ""\000\000\000\000\000\000\000\000\000\000\000\000\000\000\000\000\000\000\000\000\000\000\000\000\000\000\000\000\000\000\000\000""; nodePubKey: ""\003\224\272y\037T\353\343\271\362E\205\262b\336.\367k\372\000\221\360\360'M\2377\341I\3077?\362""; closeTime: 803849770; signature: ""0D\002 -\271}\220A\223\261\303d\356X\257\005\244\301\233\310\255\014\301&\275?\304\037\232\254k\234UMV\002 !)\202\210\253%\030\344}o\231\276\347\312\020R\340\202\006\251\271\236\311I\214[\263\006\362\260\347d""; previousledger: ""\334\200\321D\003\276An\321\213w\004sl\253\206\007\032\007 W\242\020\237>\356\243\251\220t\203\n""; "
1750534570924,1750534570924,165,1,4,1,TMProposeSet,"proposeSeq: 0; currentTxHash: ""\000\000\000\000\000\000\000\000\000\000\000\000\000\000\000\000\000\000\000\000\000\000\000\000\000\000\000\000\000\000\000\000""; nodePubKey: ""\002\306cQb\320\027.e9\344\363R\275R\231\316\216\037\013\037\021\221\234\225\326p\372\213\010EW\373""; closeTime: 803849770; signature: ""0D\002 K\010\005G\241\3708\352!\365O\333\304\034\356\341QE\336\022\322\016\232c\371\266\237\363\367\271\226\375\002 `*>\260\3619Vu\020\317+\247\247\366b\003\310\320\013\373\036\355\320\247\310\301?\277\017\266F\346""; previousledger: ""\334\200\321D\003\276An\321\213w\004sl\253\206\007\032\007 W\242\020\237>\356\243\251\220t\203\n""; ","proposeSeq: 0; currentTxHash: ""\000\000\000\000\000\000\000\000\000\000\000\000\000\000\000\000\000\000\000\000\000\000\000\000\000\000\000\000\000\000\000\000""; nodePubKey: ""\002\306cQb\320\027.e9\344\363R\275R\231\316\216\037\013\037\021\221\234\225\326p\372\213\010EW\373""; closeTime: 803849770; signature: ""0D\002 K\010\005G\241\3708\352!\365O\333\304\034\356\341QE\336\022\322\016\232c\371\266\237\363\367\271\226\375\002 `*>\260\3619Vu\020\317+\247\247\366b\003\310\320\013\373\036\355\320\247\310\301?\277\017\266F\346""; previousledger: ""\334\200\321D\003\276An\321\213w\004sl\253\206\007\032\007 W\242\020\237>\356\243\251\220t\203\n""; "
1750534570924,1750534570924,630,1,4,2,TMProposeSet,"proposeSeq: 0; currentTxHash: ""\000\000\000\000\000\000\000\000\000\000\000\000\000\000\000\000\000\000\000\000\000\000\000\000\000\000\000\000\000\000\000\000""; nodePubKey: ""\002\306cQb\320\027.e9\344\363R\275R\231\316\216\037\013\037\021\221\234\225\326p\372\213\010EW\373""; closeTime: 803849770; signature: ""0D\002 K\010\005G\241\3708\352!\365O\333\304\034\356\341QE\336\022\322\016\232c\371\266\237\363\367\271\226\375\002 `*>\260\3619Vu\020\317+\247\247\366b\003\310\320\013\373\036\355\320\247\310\301?\277\017\266F\346""; previousledger: ""\334\200\321D\003\276An\321\213w\004sl\253\206\007\032\007 W\242\020\237>\356\243\251\220t\203\n""; ","proposeSeq: 0; currentTxHash: ""\000\000\000\000\000\000\000\000\000\000\000\000\000\000\000\000\000\000\000\000\000\000\000\000\000\000\000\000\000\000\000\000""; nodePubKey: ""\002\306cQb\320\027.e9\344\363R\275R\231\316\216\037\013\037\021\221\234\225\326p\372\213\010EW\373""; closeTime: 803849770; signature: ""0D\002 K\010\005G\241\3708\352!\365O\333\304\034\356\341QE\336\022\322\016\232c\371\266\237\363\367\271\226\375\002 `*>\260\3619Vu\020\317+\247\247\366b\003\310\320\013\373\036\355\320\247\310\301?\277\017\266F\346""; previousledger: ""\334\200\321D\003\276An\321\213w\004sl\253\206\007\032\007 W\242\020\237>\356\243\251\220t\203\n""; "
1750534570924,1750534570924,943,1,4,0,TMProposeSet,"proposeSeq: 0; currentTxHash: ""\000\000\000\000\000\000\000\000\000\000\000\000\000\000\000\000\000\000\000\000\000\000\000\000\000\000\000\000\000\000\000\000""; nodePubKey: ""\002\306cQb\320\027.e9\344\363R\275R\231\316\216\037\013\037\021\221\234\225\326p\372\213\010EW\373""; closeTime: 803849770; signature: ""0D\002 K\010\005G\241\3708\352!\365O\333\304\034\356\341QE\336\022\322\016\232c\371\266\237\363\367\271\226\375\002 `*>\260\3619Vu\020\317+\247\247\366b\003\310\320\013\373\036\355\320\247\310\301?\277\017\266F\346""; previousledger: ""\334\200\321D\003\276An\321\213w\004sl\253\206\007\032\007 W\242\020\237>\356\243\251\220t\203\n""; ","proposeSeq: 0; currentTxHash: ""\000\000\000\000\000\000\000\000\000\000\000\000\000\000\000\000\000\000\000\000\000\000\000\000\000\000\000\000\000\000\000\000""; nodePubKey: ""\002\306cQb\320\027.e9\344\363R\275R\231\316\216\037\013\037\021\221\234\225\326p\372\213\010EW\373""; closeTime: 803849770; signature: ""0D\002 K\010\005G\241\3708\352!\365O\333\304\034\356\341QE\336\022\322\016\232c\371\266\237\363\367\271\226\375\002 `*>\260\3619Vu\020\317+\247\247\366b\003\310\320\013\373\036\355\320\247\310\301?\277\017\266F\346""; previousledger: ""\334\200\321D\003\276An\321\213w\004sl\253\206\007\032\007 W\242\020\237>\356\243\251\220t\203\n""; "
1750534571044,1750534571044,1903,1,0,4,TMProposeSet,"proposeSeq: 0; currentTxHash: ""\000\000\000\000\000\000\000\000\000\000\000\000\000\000\000\000\000\000\000\000\000\000\000\000\000\000\000\000\000\000\000\000""; nodePubKey: ""\002\372""\264\241\373W\017d\005\376\327\n\354!\351#\207\207\020\242\244\330\177\306\006Q\267\360k&\000\034""; closeTime: 803849770; signature: ""0D\002 &\3625|]pL>\352\342m\305_X\241\2168\014\022\314\007\203\255\367\367\365F\312!\264\251M\002 T\273\333\234\006\200\301\261+9C\240\014M\013\345\247=\255\240\2560\225s\025^\234\347\355\004\010`""; previousledger: ""\334\200\321D\003\276An\321\213w\004sl\253\206\007\032\007 W\242\020\237>\356\243\251\220t\203\n""; ","proposeSeq: 0; currentTxHash: ""\000\000\000\000\000\000\000\000\000\000\000\000\000\000\000\000\000\000\000\000\000\000\000\000\000\000\000\000\000\000\000\000""; nodePubKey: ""\002\372""\264\241\373W\017d\005\376\327\n\354!\351#\207\207\020\242\244\330\177\306\006Q\267\360k&\000\034""; closeTime: 803849770; signature: ""0D\002 &\3625|]pL>\352\342m\305_X\241\2168\014\022\314\007\203\255\367\367\365F\312!\264\251M\002 T\273\333\234\006\200\301\261+9C\240\014M\013\345\247=\255\240\2560\225s\025^\234\347\355\004\010`""; previousledger: ""\334\200\321D\003\276An\321\213w\004sl\253\206\007\032\007 W\242\020\237>\356\243\251\220t\203\n""; "
1750534571044,1750534571044,1232,1,0,2,TMProposeSet,"proposeSeq: 0; currentTxHash: ""\000\000\000\000\000\000\000\000\000\000\000\000\000\000\000\000\000\000\000\000\000\000\000\000\000\000\000\000\000\000\000\000""; nodePubKey: ""\002\372""\264\241\373W\017d\005\376\327\n\354!\351#\207\207\020\242\244\330\177\306\006Q\267\360k&\000\034""; closeTime: 803849770; signature: ""0D\002 &\3625|]pL>\352\342m\305_X\241\2168\014\022\314\007\203\255\367\367\365F\312!\264\251M\002 T\273\333\234\006\200\301\261+9C\240\014M\013\345\247=\255\240\2560\225s\025^\234\347\355\004\010`""; previousledger: ""\334\200\321D\003\276An\321\213w\004sl\253\206\007\032\007 W\242\020\237>\356\243\251\220t\203\n""; ","proposeSeq: 0; currentTxHash: ""\000\000\000\000\000\000\000\000\000\000\000\000\000\000\000\000\000\000\000\000\000\000\000\000\000\000\000\000\000\000\000\000""; nodePubKey: ""\002\372""\264\241\373W\017d\005\376\327\n\354!\351#\207\207\020\242\244\330\177\306\006Q\267\360k&\000\034""; closeTime: 803849770; signature: ""0D\002 &\3625|]pL>\352\342m\305_X\241\2168\014\022\314\007\203\255\367\367\365F\312!\264\251M\002 T\273\333\234\006\200\301\261+9C\240\014M\013\345\247=\255\240\2560\225s\025^\234\347\355\004\010`""; previousledger: ""\334\200\321D\003\276An\321\213w\004sl\253\206\007\032\007 W\242\020\237>\356\243\251\220t\203\n""; "
1750534571045,1750534571045,467,1,0,3,TMProposeSet,"proposeSeq: 0; currentTxHash: ""\000\000\000\000\000\000\000\000\000\000\000\000\000\000\000\000\000\000\000\000\000\000\000\000\000\000\000\000\000\000\000\000""; nodePubKey: ""\002\372""\264\241\373W\017d\005\376\327\n\354!\351#\207\207\020\242\244\330\177\306\006Q\267\360k&\000\034""; closeTime: 803849770; signature: ""0D\002 &\3625|]pL>\352\342m\305_X\241\2168\014\022\314\007\203\255\367\367\365F\312!\264\251M\002 T\273\333\234\006\200\301\261+9C\240\014M\013\345\247=\255\240\2560\225s\025^\234\347\355\004\010`""; previousledger: ""\334\200\321D\003\276An\321\213w\004sl\253\206\007\032\007 W\242\020\237>\356\243\251\220t\203\n""; ","proposeSeq: 0; currentTxHash: ""\000\000\000\000\000\000\000\000\000\000\000\000\000\000\000\000\000\000\000\000\000\000\000\000\000\000\000\000\000\000\000\000""; nodePubKey: ""\002\372""\264\241\373W\017d\005\376\327\n\354!\351#\207\207\020\242\244\330\177\306\006Q\267\360k&\000\034""; closeTime: 803849770; signature: ""0D\002 &\3625|]pL>\352\342m\305_X\241\2168\014\022\314\007\203\255\367\367\365F\312!\264\251M\002 T\273\333\234\006\200\301\261+9C\240\014M\013\345\247=\255\240\2560\225s\025^\234\347\355\004\010`""; previousledger: ""\334\200\321D\003\276An\321\213w\004sl\253\206\007\032\007 W\242\020\237>\356\243\251\220t\203\n""; "
1750534571092,1750534571092,562,1,1,0,TMProposeSet,"proposeSeq: 0; currentTxHash: ""\000\000\000\000\000\000\000\000\000\000\000\000\000\000\000\000\000\000\000\000\000\000\000\000\000\000\000\000\000\000\000\000""; nodePubKey: ""\002\306cQb\320\027.e9\344\363R\275R\231\316\216\037\013\037\021\221\234\225\326p\372\213\010EW\373""; closeTime: 803849770; signature: ""0D\002 K\010\005G\241\3708\352!\365O\333\304\034\356\341QE\336\022\322\016\232c\371\266\237\363\367\271\226\375\002 `*>\260\3619Vu\020\317+\247\247\366b\003\310\320\013\373\036\355\320\247\310\301?\277\017\266F\346""; previousledger: ""\334\200\321D\003\276An\321\213w\004sl\253\206\007\032\007 W\242\020\237>\356\243\251\220t\203\n""; ","proposeSeq: 0; currentTxHash: ""\000\000\000\000\000\000\000\000\000\000\000\000\000\000\000\000\000\000\000\000\000\000\000\000\000\000\000\000\000\000\000\000""; nodePubKey: ""\002\306cQb\320\027.e9\344\363R\275R\231\316\216\037\013\037\021\221\234\225\326p\372\213\010EW\373""; closeTime: 803849770; signature: ""0D\002 K\010\005G\241\3708\352!\365O\333\304\034\356\341QE\336\022\322\016\232c\371\266\237\363\367\271\226\375\002 `*>\260\3619Vu\020\317+\247\247\366b\003\310\320\013\373\036\355\320\247\310\301?\277\017\266F\346""; previousledger: ""\334\200\321D\003\276An\321\213w\004sl\253\206\007\032\007 W\242\020\237>\356\243\251\220t\203\n""; "
1750534571092,1750534571092,246,1,1,3,TMProposeSet,"proposeSeq: 0; currentTxHash: ""\000\000\000\000\000\000\000\000\000\000\000\000\000\000\000\000\000\000\000\000\000\000\000\000\000\000\000\000\000\000\000\000""; nodePubKey: ""\002\306cQb\320\027.e9\344\363R\275R\231\316\216\037\013\037\021\221\234\225\326p\372\213\010EW\373""; closeTime: 803849770; signature: ""0D\002 K\010\005G\241\3708\352!\365O\333\304\034\356\341QE\336\022\322\016\232c\371\266\237\363\367\271\226\375\002 `*>\260\3619Vu\020\317+\247\247\366b\003\310\320\013\373\036\355\320\247\310\301?\277\017\266F\346""; previousledger: ""\334\200\321D\003\276An\321\213w\004sl\253\206\007\032\007 W\242\020\237>\356\243\251\220t\203\n""; ","proposeSeq: 0; currentTxHash: ""\000\000\000\000\000\000\000\000\000\000\000\000\000\000\000\000\000\000\000\000\000\000\000\000\000\000\000\000\000\000\000\000""; nodePubKey: ""\002\306cQb\320\027.e9\344\363R\275R\231\316\216\037\013\037\021\221\234\225\326p\372\213\010EW\373""; closeTime: 803849770; signature: ""0D\002 K\010\005G\241\3708\352!\365O\333\304\034\356\341QE\336\022\322\016\232c\371\266\237\363\367\271\226\375\002 `*>\260\3619Vu\020\317+\247\247\366b\003\310\320\013\373\036\355\320\247\310\301?\277\017\266F\346""; previousledger: ""\334\200\321D\003\276An\321\213w\004sl\253\206\007\032\007 W\242\020\237>\356\243\251\220t\203\n""; "
1750534571092,1750534571093,991,1,1,2,TMProposeSet,"proposeSeq: 0; currentTxHash: ""\000\000\000\000\000\000\000\000\000\000\000\000\000\000\000\000\000\000\000\000\000\000\000\000\000\000\000\000\000\000\000\000""; nodePubKey: ""\002\306cQb\320\027.e9\344\363R\275R\231\316\216\037\013\037\021\221\234\225\326p\372\213\010EW\373""; closeTime: 803849770; signature: ""0D\002 K\010\005G\241\3708\352!\365O\333\304\034\356\341QE\336\022\322\016\232c\371\266\237\363\367\271\226\375\002 `*>\260\3619Vu\020\317+\247\247\366b\003\310\320\013\373\036\355\320\247\310\301?\277\017\266F\346""; previousledger: ""\334\200\321D\003\276An\321\213w\004sl\253\206\007\032\007 W\242\020\237>\356\243\251\220t\203\n""; ","proposeSeq: 0; currentTxHash: ""\000\000\000\000\000\000\000\000\000\000\000\000\000\000\000\000\000\000\000\000\000\000\000\000\000\000\000\000\000\000\000\000""; nodePubKey: ""\002\306cQb\320\027.e9\344\363R\275R\231\316\216\037\013\037\021\221\234\225\326p\372\213\010EW\373""; closeTime: 803849770; signature: ""0D\002 K\010\005G\241\3708\352!\365O\333\304\034\356\341QE\336\022\322\016\232c\371\266\237\363\367\271\226\375\002 `*>\260\3619Vu\020\317+\247\247\366b\003\310\320\013\373\036\355\320\247\310\301?\277\017\266F\346""; previousledger: ""\334\200\321D\003\276An\321\213w\004sl\253\206\007\032\007 W\242\020\237>\356\243\251\220t\203\n""; "
1750534571121,1750534571122,1998,1,2,0,TMProposeSet,"proposeSeq: 0; currentTxHash: ""\000\000\000\000\000\000\000\000\000\000\000\000\000\000\000\000\000\000\000\000\000\000\000\000\000\000\000\000\000\000\000\000""; nodePubKey: ""\003\224\272y\037T\353\343\271\362E\205\262b\336.\367k\372\000\221\360\360'M\2377\341I\3077?\362""; closeTime: 803849770; signature: ""0D\002 -\271}\220A\223\261\303d\356X\257\005\244\301\233\310\255\014\301&\275?\304\037\232\254k\234UMV\002 !)\202\210\253%\030\344}o\231\276\347\312\020R\340\202\006\251\271\236\311I\214[\263\006\362\260\347d""; previousledger: ""\334\200\321D\003\276An\321\213w\004sl\253\206\007\032\007 W\242\020\237>\356\243\251\220t\203\n""; ","proposeSeq: 0; currentTxHash: ""\000\000\000\000\000\000\000\000\000\000\000\000\000\000\000\000\000\000\000\000\000\000\000\000\000\000\000\000\000\000\000\000""; nodePubKey: ""\003\224\272y\037T\353\343\271\362E\205\262b\336.\367k\372\000\221\360\360'M\2377\341I\3077?\362""; closeTime: 803849770; signature: ""0D\002 -\271}\220A\223\261\303d\356X\257\005\244\301\233\310\255\014\301&\275?\304\037\232\254k\234UMV\002 !)\202\210\253%\030\344}o\231\276\347\312\020R\340\202\006\251\271\236\311I\214[\263\006\362\260\347d""; previousledger: ""\334\200\321D\003\276An\321\213w\004sl\253\206\007\032\007 W\242\020\237>\356\243\251\220t\203\n""; "
1750534571122,1750534571123,3405,1,2,3,TMProposeSet,"proposeSeq: 0; currentTxHash: ""\000\000\000\000\000\000\000\000\000\000\000\000\000\000\000\000\000\000\000\000\000\000\000\000\000\000\000\000\000\000\000\000""; nodePubKey: ""\003\224\272y\037T\353\343\271\362E\205\262b\336.\367k\372\000\221\360\360'M\2377\341I\3077?\362""; closeTime: 803849770; signature: ""0D\002 -\271}\220A\223\261\303d\356X\257\005\244\301\233\310\255\014\301&\275?\304\037\232\254k\234UMV\002 !)\202\210\253%\030\344}o\231\276\347\312\020R\340\202\006\251\271\236\311I\214[\263\006\362\260\347d""; previousledger: ""\334\200\321D\003\276An\321\213w\004sl\253\206\007\032\007 W\242\020\237>\356\243\251\220t\203\n""; ","proposeSeq: 0; currentTxHash: ""\000\000\000\000\000\000\000\000\000\000\000\000\000\000\000\000\000\000\000\000\000\000\000\000\000\000\000\000\000\000\000\000""; nodePubKey: ""\003\224\272y\037T\353\343\271\362E\205\262b\336.\367k\372\000\221\360\360'M\2377\341I\3077?\362""; closeTime: 803849770; signature: ""0D\002 -\271}\220A\223\261\303d\356X\257\005\244\301\233\310\255\014\301&\275?\304\037\232\254k\234UMV\002 !)\202\210\253%\030\344}o\231\276\347\312\020R\340\202\006\251\271\236\311I\214[\263\006\362\260\347d""; previousledger: ""\334\200\321D\003\276An\321\213w\004sl\253\206\007\032\007 W\242\020\237>\356\243\251\220t\203\n""; "
1750534571123,1750534571123,1332,1,2,1,TMProposeSet,"proposeSeq: 0; currentTxHash: ""\000\000\000\000\000\000\000\000\000\000\000\000\000\000\000\000\000\000\000\000\000\000\000\000\000\000\000\000\000\000\000\000""; nodePubKey: ""\003\224\272y\037T\353\343\271\362E\205\262b\336.\367k\372\000\221\360\360'M\2377\341I\3077?\362""; closeTime: 803849770; signature: ""0D\002 -\271}\220A\223\261\303d\356X\257\005\244\301\233\310\255\014\301&\275?\304\037\232\254k\234UMV\002 !)\202\210\253%\030\344}o\231\276\347\312\020R\340\202\006\251\271\236\311I\214[\263\006\362\260\347d""; previousledger: ""\334\200\321D\003\276An\321\213w\004sl\253\206\007\032\007 W\242\020\237>\356\243\251\220t\203\n""; ","proposeSeq: 0; currentTxHash: ""\000\000\000\000\000\000\000\000\000\000\000\000\000\000\000\000\000\000\000\000\000\000\000\000\000\000\000\000\000\000\000\000""; nodePubKey: ""\003\224\272y\037T\353\343\271\362E\205\262b\336.\367k\372\000\221\360\360'M\2377\341I\3077?\362""; closeTime: 803849770; signature: ""0D\002 -\271}\220A\223\261\303d\356X\257\005\244\301\233\310\255\014\301&\275?\304\037\232\254k\234UMV\002 !)\202\210\253%\030\344}o\231\276\347\312\020R\340\202\006\251\271\236\311I\214[\263\006\362\260\347d""; previousledger: ""\334\200\321D\003\276An\321\213w\004sl\253\206\007\032\007 W\242\020\237>\356\243\251\220t\203\n""; "
