timestamp,timestamp_sent,action,send_amount,from_node_id,to_node_id,message_type,original_data,possibly_mutated_data
1750554959391,1750554959391,2688,1,0,1,TMStatusChange,"newEvent: neCLOSING_LEDGER; ledgerSeq: 1; ledgerHash: ""-}\351f\032\255\274\334m\326c\017\014ao[\342\230\003\245\245\3341Hm\326^\017jy\335\261""; ledgerHashPrevious: ""\000\000\000\000\000\000\000\000\000\000\000\000\000\000\000\000\000\000\000\000\000\000\000\000\000\000\000\000\000\000\000\000""; networkTime: 803870159; firstSeq: 1; lastSeq: 1; ","newEvent: neCLOSING_LEDGER; ledgerSeq: 1; ledgerHash: ""-}\351f\032\255\274\334m\326c\017\014ao[\342\230\003\245\245\3341Hm\326^\017jy\335\261""; ledgerHashPrevious: ""\000\000\000\000\000\000\000\000\000\000\000\000\000\000\000\000\000\000\000\000\000\000\000\000\000\000\000\000\000\000\000\000""; networkTime: 803870159; firstSeq: 1; lastSeq: 1; "
1750554959391,1750554959391,3027,1,0,2,TMStatusChange,"newEvent: neCLOSING_LEDGER; ledgerSeq: 1; ledgerHash: ""-}\351f\032\255\274\334m\326c\017\014ao[\342\230\003\245\245\3341Hm\326^\017jy\335\261""; ledgerHashPrevious: ""\000\000\000\000\000\000\000\000\000\000\000\000\000\000\000\000\000\000\000\000\000\000\000\000\000\000\000\000\000\000\000\000""; networkTime: 803870159; firstSeq: 1; lastSeq: 1; ","newEvent: neCLOSING_LEDGER; ledgerSeq: 1; ledgerHash: ""-}\351f\032\255\274\334m\326c\017\014ao[\342\230\003\245\245\3341Hm\326^\017jy\335\261""; ledgerHashPrevious: ""\000\000\000\000\000\000\000\000\000\000\000\000\000\000\000\000\000\000\000\000\000\000\000\000\000\000\000\000\000\000\000\000""; networkTime: 803870159; firstSeq: 1; lastSeq: 1; "
1750554959393,1750554959394,3737,1,0,3,TMStatusChange,"newEvent: neCLOSING_LEDGER; ledgerSeq: 1; ledgerHash: ""-}\351f\032\255\274\334m\326c\017\014ao[\342\230\003\245\245\3341Hm\326^\017jy\335\261""; ledgerHashPrevious: ""\000\000\000\000\000\000\000\000\000\000\000\000\000\000\000\000\000\000\000\000\000\000\000\000\000\000\000\000\000\000\000\000""; networkTime: 803870159; firstSeq: 1; lastSeq: 1; ","newEvent: neCLOSING_LEDGER; ledgerSeq: 1; ledgerHash: ""-}\351f\032\255\274\334m\326c\017\014ao[\342\230\003\245\245\3341Hm\326^\017jy\335\261""; ledgerHashPrevious: ""\000\000\000\000\000\000\000\000\000\000\000\000\000\000\000\000\000\000\000\000\000\000\000\000\000\000\000\000\000\000\000\000""; networkTime: 803870159; firstSeq: 1; lastSeq: 1; "
1750554959394,1750554959394,3315,1,0,4,TMStatusChange,"newEvent: neCLOSING_LEDGER; ledgerSeq: 1; ledgerHash: ""-}\351f\032\255\274\334m\326c\017\014ao[\342\230\003\245\245\3341Hm\326^\017jy\335\261""; ledgerHashPrevious: ""\000\000\000\000\000\000\000\000\000\000\000\000\000\000\000\000\000\000\000\000\000\000\000\000\000\000\000\000\000\000\000\000""; networkTime: 803870159; firstSeq: 1; lastSeq: 1; ","newEvent: neCLOSING_LEDGER; ledgerSeq: 1; ledgerHash: ""-}\351f\032\255\274\334m\326c\017\014ao[\342\230\003\245\245\3341Hm\326^\017jy\335\261""; ledgerHashPrevious: ""\000\000\000\000\000\000\000\000\000\000\000\000\000\000\000\000\000\000\000\000\000\000\000\000\000\000\000\000\000\000\000\000""; networkTime: 803870159; firstSeq: 1; lastSeq: 1; "
1750554959394,1750554959394,3390,1,1,0,TMStatusChange,"newEvent: neCLOSING_LEDGER; ledgerSeq: 1; ledgerHash: ""-}\351f\032\255\274\334m\326c\017\014ao[\342\230\003\245\245\3341Hm\326^\017jy\335\261""; ledgerHashPrevious: ""\000\000\000\000\000\000\000\000\000\000\000\000\000\000\000\000\000\000\000\000\000\000\000\000\000\000\000\000\000\000\000\000""; networkTime: 803870158; firstSeq: 1; lastSeq: 1; ","newEvent: neCLOSING_LEDGER; ledgerSeq: 1; ledgerHash: ""-}\351f\032\255\274\334m\326c\017\014ao[\342\230\003\245\245\3341Hm\326^\017jy\335\261""; ledgerHashPrevious: ""\000\000\000\000\000\000\000\000\000\000\000\000\000\000\000\000\000\000\000\000\000\000\000\000\000\000\000\000\000\000\000\000""; networkTime: 803870158; firstSeq: 1; lastSeq: 1; "
1750554959396,1750554959396,2259,1,2,0,TMStatusChange,"newEvent: neCLOSING_LEDGER; ledgerSeq: 1; ledgerHash: ""-}\351f\032\255\274\334m\326c\017\014ao[\342\230\003\245\245\3341Hm\326^\017jy\335\261""; ledgerHashPrevious: ""\000\000\000\000\000\000\000\000\000\000\000\000\000\000\000\000\000\000\000\000\000\000\000\000\000\000\000\000\000\000\000\000""; networkTime: 803870158; firstSeq: 1; lastSeq: 1; ","newEvent: neCLOSING_LEDGER; ledgerSeq: 1; ledgerHash: ""-}\351f\032\255\274\334m\326c\017\014ao[\342\230\003\245\245\3341Hm\326^\017jy\335\261""; ledgerHashPrevious: ""\000\000\000\000\000\000\000\000\000\000\000\000\000\000\000\000\000\000\000\000\000\000\000\000\000\000\000\000\000\000\000\000""; networkTime: 803870158; firstSeq: 1; lastSeq: 1; "
1750554959395,1750554959395,3374,1,3,0,TMStatusChange,"newEvent: neCLOSING_LEDGER; ledgerSeq: 1; ledgerHash: ""-}\351f\032\255\274\334m\326c\017\014ao[\342\230\003\245\245\3341Hm\326^\017jy\335\261""; ledgerHashPrevious: ""\000\000\000\000\000\000\000\000\000\000\000\000\000\000\000\000\000\000\000\000\000\000\000\000\000\000\000\000\000\000\000\000""; networkTime: 803870159; firstSeq: 1; lastSeq: 1; ","newEvent: neCLOSING_LEDGER; ledgerSeq: 1; ledgerHash: ""-}\351f\032\255\274\334m\326c\017\014ao[\342\230\003\245\245\3341Hm\326^\017jy\335\261""; ledgerHashPrevious: ""\000\000\000\000\000\000\000\000\000\000\000\000\000\000\000\000\000\000\000\000\000\000\000\000\000\000\000\000\000\000\000\000""; networkTime: 803870159; firstSeq: 1; lastSeq: 1; "
1750554959395,1750554959395,1418,1,3,1,TMStatusChange,"newEvent: neCLOSING_LEDGER; ledgerSeq: 1; ledgerHash: ""-}\351f\032\255\274\334m\326c\017\014ao[\342\230\003\245\245\3341Hm\326^\017jy\335\261""; ledgerHashPrevious: ""\000\000\000\000\000\000\000\000\000\000\000\000\000\000\000\000\000\000\000\000\000\000\000\000\000\000\000\000\000\000\000\000""; networkTime: 803870159; firstSeq: 1; lastSeq: 1; ","newEvent: neCLOSING_LEDGER; ledgerSeq: 1; ledgerHash: ""-}\351f\032\255\274\334m\326c\017\014ao[\342\230\003\245\245\3341Hm\326^\017jy\335\261""; ledgerHashPrevious: ""\000\000\000\000\000\000\000\000\000\000\000\000\000\000\000\000\000\000\000\000\000\000\000\000\000\000\000\000\000\000\000\000""; networkTime: 803870159; firstSeq: 1; lastSeq: 1; "
1750554959396,1750554959396,1452,1,4,0,TMStatusChange,"newEvent: neCLOSING_LEDGER; ledgerSeq: 1; ledgerHash: ""-}\351f\032\255\274\334m\326c\017\014ao[\342\230\003\245\245\3341Hm\326^\017jy\335\261""; ledgerHashPrevious: ""\000\000\000\000\000\000\000\000\000\000\000\000\000\000\000\000\000\000\000\000\000\000\000\000\000\000\000\000\000\000\000\000""; networkTime: 803870158; firstSeq: 1; lastSeq: 1; ","newEvent: neCLOSING_LEDGER; ledgerSeq: 1; ledgerHash: ""-}\351f\032\255\274\334m\326c\017\014ao[\342\230\003\245\245\3341Hm\326^\017jy\335\261""; ledgerHashPrevious: ""\000\000\000\000\000\000\000\000\000\000\000\000\000\000\000\000\000\000\000\000\000\000\000\000\000\000\000\000\000\000\000\000""; networkTime: 803870158; firstSeq: 1; lastSeq: 1; "
1750554959396,1750554959397,3215,1,2,1,TMStatusChange,"newEvent: neCLOSING_LEDGER; ledgerSeq: 1; ledgerHash: ""-}\351f\032\255\274\334m\326c\017\014ao[\342\230\003\245\245\3341Hm\326^\017jy\335\261""; ledgerHashPrevious: ""\000\000\000\000\000\000\000\000\000\000\000\000\000\000\000\000\000\000\000\000\000\000\000\000\000\000\000\000\000\000\000\000""; networkTime: 803870158; firstSeq: 1; lastSeq: 1; ","newEvent: neCLOSING_LEDGER; ledgerSeq: 1; ledgerHash: ""-}\351f\032\255\274\334m\326c\017\014ao[\342\230\003\245\245\3341Hm\326^\017jy\335\261""; ledgerHashPrevious: ""\000\000\000\000\000\000\000\000\000\000\000\000\000\000\000\000\000\000\000\000\000\000\000\000\000\000\000\000\000\000\000\000""; networkTime: 803870158; firstSeq: 1; lastSeq: 1; "
1750554959397,1750554959397,0,1,4,0,TMEndpoints,version: 2; ,version: 2; 
1750554973638,1750554973638,3481,1,1,4,TMValidation,"validation: """"\200\000\000\000&\000\000\000\002)/\352\025\335:c\016\231\375\2438\\353Q?\256\336y\324\026M\272]\205fM\0221 \237p\205\264\373\177\362\267\250\270\003\243\004\353\210\250gP\027\000\000\000\000\000\000\000\000\000\000\000\000\000\000\000\000\000\000\000\000\000\000\000\000\000\000\000\000\000\000\000\000P\031-}\351f\032\255\274\334m\326c\017\014ao[\342\230\003\245\245\3341Hm\326^\017jy\335\261s!\003\014}\246\253\247\326\267P\302\342:\267&\375\036d\013\375\230\236\226\207\332\267\005\016\325\334r\346Q\333vG0E\002!\000\366DU\006\022\341\367a\000Ove\333\3339\221\255\252\023i\252\236g0\356T\220\027\0309\005*\002 \027\024a;\242\001O#jz\277b\342\241\260\030\326\277\333\303\004\361\2737\243H\236\t\215\263K:""; ","validation: """"\200\000\000\000&\000\000\000\002)/\352\025\335:c\016\231\375\2438\\353Q?\256\336y\324\026M\272]\205fM\0221 \237p\205\264\373\177\362\267\250\270\003\243\004\353\210\250gP\027\000\000\000\000\000\000\000\000\000\000\000\000\000\000\000\000\000\000\000\000\000\000\000\000\000\000\000\000\000\000\000\000P\031-}\351f\032\255\274\334m\326c\017\014ao[\342\230\003\245\245\3341Hm\326^\017jy\335\261s!\003\014}\246\253\247\326\267P\302\342:\267&\375\036d\013\375\230\236\226\207\332\267\005\016\325\334r\346Q\333vG0E\002!\000\366DU\006\022\341\367a\000Ove\333\3339\221\255\252\023i\252\236g0\356T\220\027\0309\005*\002 \027\024a;\242\001O#jz\277b\342\241\260\030\326\277\333\303\004\361\2737\243H\236\t\215\263K:""; "
1750554973639,1750554973639,3881,1,1,4,TMStatusChange,"newEvent: neACCEPTED_LEDGER; ledgerSeq: 2; ledgerHash: ""?\256\336y\324\026M\272]\205fM\0221 \237p\205\264\373\177\362\267\250\270\003\243\004\353\210\250g""; ledgerHashPrevious: ""-}\351f\032\255\274\334m\326c\017\014ao[\342\230\003\245\245\3341Hm\326^\017jy\335\261""; networkTime: 803870173; firstSeq: 1; lastSeq: 1; ","newEvent: neACCEPTED_LEDGER; ledgerSeq: 2; ledgerHash: ""?\256\336y\324\026M\272]\205fM\0221 \237p\205\264\373\177\362\267\250\270\003\243\004\353\210\250g""; ledgerHashPrevious: ""-}\351f\032\255\274\334m\326c\017\014ao[\342\230\003\245\245\3341Hm\326^\017jy\335\261""; networkTime: 803870173; firstSeq: 1; lastSeq: 1; "
1750554973640,1750554973640,1863,1,1,2,TMValidation,"validation: """"\200\000\000\000&\000\000\000\002)/\352\025\335:c\016\231\375\2438\\353Q?\256\336y\324\026M\272]\205fM\0221 \237p\205\264\373\177\362\267\250\270\003\243\004\353\210\250gP\027\000\000\000\000\000\000\000\000\000\000\000\000\000\000\000\000\000\000\000\000\000\000\000\000\000\000\000\000\000\000\000\000P\031-}\351f\032\255\274\334m\326c\017\014ao[\342\230\003\245\245\3341Hm\326^\017jy\335\261s!\003\014}\246\253\247\326\267P\302\342:\267&\375\036d\013\375\230\236\226\207\332\267\005\016\325\334r\346Q\333vG0E\002!\000\366DU\006\022\341\367a\000Ove\333\3339\221\255\252\023i\252\236g0\356T\220\027\0309\005*\002 \027\024a;\242\001O#jz\277b\342\241\260\030\326\277\333\303\004\361\2737\243H\236\t\215\263K:""; ","validation: """"\200\000\000\000&\000\000\000\002)/\352\025\335:c\016\231\375\2438\\353Q?\256\336y\324\026M\272]\205fM\0221 \237p\205\264\373\177\362\267\250\270\003\243\004\353\210\250gP\027\000\000\000\000\000\000\000\000\000\000\000\000\000\000\000\000\000\000\000\000\000\000\000\000\000\000\000\000\000\000\000\000P\031-}\351f\032\255\274\334m\326c\017\014ao[\342\230\003\245\245\3341Hm\326^\017jy\335\261s!\003\014}\246\253\247\326\267P\302\342:\267&\375\036d\013\375\230\236\226\207\332\267\005\016\325\334r\346Q\333vG0E\002!\000\366DU\006\022\341\367a\000Ove\333\3339\221\255\252\023i\252\236g0\356T\220\027\0309\005*\002 \027\024a;\242\001O#jz\277b\342\241\260\030\326\277\333\303\004\361\2737\243H\236\t\215\263K:""; "
1750554973641,1750554973641,1249,1,1,3,TMValidation,"validation: """"\200\000\000\000&\000\000\000\002)/\352\025\335:c\016\231\375\2438\\353Q?\256\336y\324\026M\272]\205fM\0221 \237p\205\264\373\177\362\267\250\270\003\243\004\353\210\250gP\027\000\000\000\000\000\000\000\000\000\000\000\000\000\000\000\000\000\000\000\000\000\000\000\000\000\000\000\000\000\000\000\000P\031-}\351f\032\255\274\334m\326c\017\014ao[\342\230\003\245\245\3341Hm\326^\017jy\335\261s!\003\014}\246\253\247\326\267P\302\342:\267&\375\036d\013\375\230\236\226\207\332\267\005\016\325\334r\346Q\333vG0E\002!\000\366DU\006\022\341\367a\000Ove\333\3339\221\255\252\023i\252\236g0\356T\220\027\0309\005*\002 \027\024a;\242\001O#jz\277b\342\241\260\030\326\277\333\303\004\361\2737\243H\236\t\215\263K:""; ","validation: """"\200\000\000\000&\000\000\000\002)/\352\025\335:c\016\231\375\2438\\353Q?\256\336y\324\026M\272]\205fM\0221 \237p\205\264\373\177\362\267\250\270\003\243\004\353\210\250gP\027\000\000\000\000\000\000\000\000\000\000\000\000\000\000\000\000\000\000\000\000\000\000\000\000\000\000\000\000\000\000\000\000P\031-}\351f\032\255\274\334m\326c\017\014ao[\342\230\003\245\245\3341Hm\326^\017jy\335\261s!\003\014}\246\253\247\326\267P\302\342:\267&\375\036d\013\375\230\236\226\207\332\267\005\016\325\334r\346Q\333vG0E\002!\000\366DU\006\022\341\367a\000Ove\333\3339\221\255\252\023i\252\236g0\356T\220\027\0309\005*\002 \027\024a;\242\001O#jz\277b\342\241\260\030\326\277\333\303\004\361\2737\243H\236\t\215\263K:""; "
1750554973642,1750554973642,1300,1,1,3,TMStatusChange,"newEvent: neACCEPTED_LEDGER; ledgerSeq: 2; ledgerHash: ""?\256\336y\324\026M\272]\205fM\0221 \237p\205\264\373\177\362\267\250\270\003\243\004\353\210\250g""; ledgerHashPrevious: ""-}\351f\032\255\274\334m\326c\017\014ao[\342\230\003\245\245\3341Hm\326^\017jy\335\261""; networkTime: 803870173; firstSeq: 1; lastSeq: 1; ","newEvent: neACCEPTED_LEDGER; ledgerSeq: 2; ledgerHash: ""?\256\336y\324\026M\272]\205fM\0221 \237p\205\264\373\177\362\267\250\270\003\243\004\353\210\250g""; ledgerHashPrevious: ""-}\351f\032\255\274\334m\326c\017\014ao[\342\230\003\245\245\3341Hm\326^\017jy\335\261""; networkTime: 803870173; firstSeq: 1; lastSeq: 1; "
1750554973642,1750554973642,936,1,1,2,TMStatusChange,"newEvent: neACCEPTED_LEDGER; ledgerSeq: 2; ledgerHash: ""?\256\336y\324\026M\272]\205fM\0221 \237p\205\264\373\177\362\267\250\270\003\243\004\353\210\250g""; ledgerHashPrevious: ""-}\351f\032\255\274\334m\326c\017\014ao[\342\230\003\245\245\3341Hm\326^\017jy\335\261""; networkTime: 803870173; firstSeq: 1; lastSeq: 1; ","newEvent: neACCEPTED_LEDGER; ledgerSeq: 2; ledgerHash: ""?\256\336y\324\026M\272]\205fM\0221 \237p\205\264\373\177\362\267\250\270\003\243\004\353\210\250g""; ledgerHashPrevious: ""-}\351f\032\255\274\334m\326c\017\014ao[\342\230\003\245\245\3341Hm\326^\017jy\335\261""; networkTime: 803870173; firstSeq: 1; lastSeq: 1; "
1750554973642,1750554973642,3390,1,1,0,TMStatusChange,"newEvent: neACCEPTED_LEDGER; ledgerSeq: 2; ledgerHash: ""?\256\336y\324\026M\272]\205fM\0221 \237p\205\264\373\177\362\267\250\270\003\243\004\353\210\250g""; ledgerHashPrevious: ""-}\351f\032\255\274\334m\326c\017\014ao[\342\230\003\245\245\3341Hm\326^\017jy\335\261""; networkTime: 803870173; firstSeq: 1; lastSeq: 1; ","newEvent: neACCEPTED_LEDGER; ledgerSeq: 2; ledgerHash: ""?\256\336y\324\026M\272]\205fM\0221 \237p\205\264\373\177\362\267\250\270\003\243\004\353\210\250g""; ledgerHashPrevious: ""-}\351f\032\255\274\334m\326c\017\014ao[\342\230\003\245\245\3341Hm\326^\017jy\335\261""; networkTime: 803870173; firstSeq: 1; lastSeq: 1; "
1750554973643,1750554973643,3000,1,1,0,TMValidation,"validation: """"\200\000\000\000&\000\000\000\002)/\352\025\335:c\016\231\375\2438\\353Q?\256\336y\324\026M\272]\205fM\0221 \237p\205\264\373\177\362\267\250\270\003\243\004\353\210\250gP\027\000\000\000\000\000\000\000\000\000\000\000\000\000\000\000\000\000\000\000\000\000\000\000\000\000\000\000\000\000\000\000\000P\031-}\351f\032\255\274\334m\326c\017\014ao[\342\230\003\245\245\3341Hm\326^\017jy\335\261s!\003\014}\246\253\247\326\267P\302\342:\267&\375\036d\013\375\230\236\226\207\332\267\005\016\325\334r\346Q\333vG0E\002!\000\366DU\006\022\341\367a\000Ove\333\3339\221\255\252\023i\252\236g0\356T\220\027\0309\005*\002 \027\024a;\242\001O#jz\277b\342\241\260\030\326\277\333\303\004\361\2737\243H\236\t\215\263K:""; ","validation: """"\200\000\000\000&\000\000\000\002)/\352\025\335:c\016\231\375\2438\\353Q?\256\336y\324\026M\272]\205fM\0221 \237p\205\264\373\177\362\267\250\270\003\243\004\353\210\250gP\027\000\000\000\000\000\000\000\000\000\000\000\000\000\000\000\000\000\000\000\000\000\000\000\000\000\000\000\000\000\000\000\000P\031-}\351f\032\255\274\334m\326c\017\014ao[\342\230\003\245\245\3341Hm\326^\017jy\335\261s!\003\014}\246\253\247\326\267P\302\342:\267&\375\036d\013\375\230\236\226\207\332\267\005\016\325\334r\346Q\333vG0E\002!\000\366DU\006\022\341\367a\000Ove\333\3339\221\255\252\023i\252\236g0\356T\220\027\0309\005*\002 \027\024a;\242\001O#jz\277b\342\241\260\030\326\277\333\303\004\361\2737\243H\236\t\215\263K:""; "
1750554973959,1750554973959,3112,1,4,2,TMValidation,"validation: """"\200\000\000\000&\000\000\000\002)/\352\025\335:\005\335\317Y\345\332\360\261Q?\256\336y\324\026M\272]\205fM\0221 \237p\205\264\373\177\362\267\250\270\003\243\004\353\210\250gP\027\000\000\000\000\000\000\000\000\000\000\000\000\000\000\000\000\000\000\000\000\000\000\000\000\000\000\000\000\000\000\000\000P\031-}\351f\032\255\274\334m\326c\017\014ao[\342\230\003\245\245\3341Hm\326^\017jy\335\261s!\002\203\234\253\325\333\332\276\223y;\250+B\323"" Hg\303\030\n\303\345\255\330\223\n\240\260\032\305!vF0D\002 \002\247\225\335z+\212\007\024\222j<4\216\241\252M\212\023\025#u\306t8\034\260u1J\241\357\002 vZz\026\340W\331\276\216q\341\263\313\004\214\201i\035!\3377\264s\226X\001\317o""p\307\346""; ","validation: """"\200\000\000\000&\000\000\000\002)/\352\025\335:\005\335\317Y\345\332\360\261Q?\256\336y\324\026M\272]\205fM\0221 \237p\205\264\373\177\362\267\250\270\003\243\004\353\210\250gP\027\000\000\000\000\000\000\000\000\000\000\000\000\000\000\000\000\000\000\000\000\000\000\000\000\000\000\000\000\000\000\000\000P\031-}\351f\032\255\274\334m\326c\017\014ao[\342\230\003\245\245\3341Hm\326^\017jy\335\261s!\002\203\234\253\325\333\332\276\223y;\250+B\323"" Hg\303\030\n\303\345\255\330\223\n\240\260\032\305!vF0D\002 \002\247\225\335z+\212\007\024\222j<4\216\241\252M\212\023\025#u\306t8\034\260u1J\241\357\002 vZz\026\340W\331\276\216q\341\263\313\004\214\201i\035!\3377\264s\226X\001\317o""p\307\346""; "
1750554973959,1750554973960,2414,1,4,2,TMStatusChange,"newEvent: neACCEPTED_LEDGER; ledgerSeq: 2; ledgerHash: ""?\256\336y\324\026M\272]\205fM\0221 \237p\205\264\373\177\362\267\250\270\003\243\004\353\210\250g""; ledgerHashPrevious: ""-}\351f\032\255\274\334m\326c\017\014ao[\342\230\003\245\245\3341Hm\326^\017jy\335\261""; networkTime: 803870173; firstSeq: 1; lastSeq: 1; ","newEvent: neACCEPTED_LEDGER; ledgerSeq: 2; ledgerHash: ""?\256\336y\324\026M\272]\205fM\0221 \237p\205\264\373\177\362\267\250\270\003\243\004\353\210\250g""; ledgerHashPrevious: ""-}\351f\032\255\274\334m\326c\017\014ao[\342\230\003\245\245\3341Hm\326^\017jy\335\261""; networkTime: 803870173; firstSeq: 1; lastSeq: 1; "
1750554973960,1750554973960,995,1,4,3,TMStatusChange,"newEvent: neACCEPTED_LEDGER; ledgerSeq: 2; ledgerHash: ""?\256\336y\324\026M\272]\205fM\0221 \237p\205\264\373\177\362\267\250\270\003\243\004\353\210\250g""; ledgerHashPrevious: ""-}\351f\032\255\274\334m\326c\017\014ao[\342\230\003\245\245\3341Hm\326^\017jy\335\261""; networkTime: 803870173; firstSeq: 1; lastSeq: 1; ","newEvent: neACCEPTED_LEDGER; ledgerSeq: 2; ledgerHash: ""?\256\336y\324\026M\272]\205fM\0221 \237p\205\264\373\177\362\267\250\270\003\243\004\353\210\250g""; ledgerHashPrevious: ""-}\351f\032\255\274\334m\326c\017\014ao[\342\230\003\245\245\3341Hm\326^\017jy\335\261""; networkTime: 803870173; firstSeq: 1; lastSeq: 1; "
1750554973960,1750554973961,1332,1,4,3,TMValidation,"validation: """"\200\000\000\000&\000\000\000\002)/\352\025\335:\005\335\317Y\345\332\360\261Q?\256\336y\324\026M\272]\205fM\0221 \237p\205\264\373\177\362\267\250\270\003\243\004\353\210\250gP\027\000\000\000\000\000\000\000\000\000\000\000\000\000\000\000\000\000\000\000\000\000\000\000\000\000\000\000\000\000\000\000\000P\031-}\351f\032\255\274\334m\326c\017\014ao[\342\230\003\245\245\3341Hm\326^\017jy\335\261s!\002\203\234\253\325\333\332\276\223y;\250+B\323"" Hg\303\030\n\303\345\255\330\223\n\240\260\032\305!vF0D\002 \002\247\225\335z+\212\007\024\222j<4\216\241\252M\212\023\025#u\306t8\034\260u1J\241\357\002 vZz\026\340W\331\276\216q\341\263\313\004\214\201i\035!\3377\264s\226X\001\317o""p\307\346""; ","validation: """"\200\000\000\000&\000\000\000\002)/\352\025\335:\005\335\317Y\345\332\360\261Q?\256\336y\324\026M\272]\205fM\0221 \237p\205\264\373\177\362\267\250\270\003\243\004\353\210\250gP\027\000\000\000\000\000\000\000\000\000\000\000\000\000\000\000\000\000\000\000\000\000\000\000\000\000\000\000\000\000\000\000\000P\031-}\351f\032\255\274\334m\326c\017\014ao[\342\230\003\245\245\3341Hm\326^\017jy\335\261s!\002\203\234\253\325\333\332\276\223y;\250+B\323"" Hg\303\030\n\303\345\255\330\223\n\240\260\032\305!vF0D\002 \002\247\225\335z+\212\007\024\222j<4\216\241\252M\212\023\025#u\306t8\034\260u1J\241\357\002 vZz\026\340W\331\276\216q\341\263\313\004\214\201i\035!\3377\264s\226X\001\317o""p\307\346""; "
1750554973961,1750554973961,1668,1,4,1,TMStatusChange,"newEvent: neACCEPTED_LEDGER; ledgerSeq: 2; ledgerHash: ""?\256\336y\324\026M\272]\205fM\0221 \237p\205\264\373\177\362\267\250\270\003\243\004\353\210\250g""; ledgerHashPrevious: ""-}\351f\032\255\274\334m\326c\017\014ao[\342\230\003\245\245\3341Hm\326^\017jy\335\261""; networkTime: 803870173; firstSeq: 1; lastSeq: 1; ","newEvent: neACCEPTED_LEDGER; ledgerSeq: 2; ledgerHash: ""?\256\336y\324\026M\272]\205fM\0221 \237p\205\264\373\177\362\267\250\270\003\243\004\353\210\250g""; ledgerHashPrevious: ""-}\351f\032\255\274\334m\326c\017\014ao[\342\230\003\245\245\3341Hm\326^\017jy\335\261""; networkTime: 803870173; firstSeq: 1; lastSeq: 1; "
1750554973962,1750554973962,215,1,4,1,TMValidation,"validation: """"\200\000\000\000&\000\000\000\002)/\352\025\335:\005\335\317Y\345\332\360\261Q?\256\336y\324\026M\272]\205fM\0221 \237p\205\264\373\177\362\267\250\270\003\243\004\353\210\250gP\027\000\000\000\000\000\000\000\000\000\000\000\000\000\000\000\000\000\000\000\000\000\000\000\000\000\000\000\000\000\000\000\000P\031-}\351f\032\255\274\334m\326c\017\014ao[\342\230\003\245\245\3341Hm\326^\017jy\335\261s!\002\203\234\253\325\333\332\276\223y;\250+B\323"" Hg\303\030\n\303\345\255\330\223\n\240\260\032\305!vF0D\002 \002\247\225\335z+\212\007\024\222j<4\216\241\252M\212\023\025#u\306t8\034\260u1J\241\357\002 vZz\026\340W\331\276\216q\341\263\313\004\214\201i\035!\3377\264s\226X\001\317o""p\307\346""; ","validation: """"\200\000\000\000&\000\000\000\002)/\352\025\335:\005\335\317Y\345\332\360\261Q?\256\336y\324\026M\272]\205fM\0221 \237p\205\264\373\177\362\267\250\270\003\243\004\353\210\250gP\027\000\000\000\000\000\000\000\000\000\000\000\000\000\000\000\000\000\000\000\000\000\000\000\000\000\000\000\000\000\000\000\000P\031-}\351f\032\255\274\334m\326c\017\014ao[\342\230\003\245\245\3341Hm\326^\017jy\335\261s!\002\203\234\253\325\333\332\276\223y;\250+B\323"" Hg\303\030\n\303\345\255\330\223\n\240\260\032\305!vF0D\002 \002\247\225\335z+\212\007\024\222j<4\216\241\252M\212\023\025#u\306t8\034\260u1J\241\357\002 vZz\026\340W\331\276\216q\341\263\313\004\214\201i\035!\3377\264s\226X\001\317o""p\307\346""; "
1750554973962,1750554973962,1452,1,4,0,TMStatusChange,"newEvent: neACCEPTED_LEDGER; ledgerSeq: 2; ledgerHash: ""?\256\336y\324\026M\272]\205fM\0221 \237p\205\264\373\177\362\267\250\270\003\243\004\353\210\250g""; ledgerHashPrevious: ""-}\351f\032\255\274\334m\326c\017\014ao[\342\230\003\245\245\3341Hm\326^\017jy\335\261""; networkTime: 803870173; firstSeq: 1; lastSeq: 1; ","newEvent: neACCEPTED_LEDGER; ledgerSeq: 2; ledgerHash: ""?\256\336y\324\026M\272]\205fM\0221 \237p\205\264\373\177\362\267\250\270\003\243\004\353\210\250g""; ledgerHashPrevious: ""-}\351f\032\255\274\334m\326c\017\014ao[\342\230\003\245\245\3341Hm\326^\017jy\335\261""; networkTime: 803870173; firstSeq: 1; lastSeq: 1; "
1750554973962,1750554973963,339,1,4,0,TMValidation,"validation: """"\200\000\000\000&\000\000\000\002)/\352\025\335:\005\335\317Y\345\332\360\261Q?\256\336y\324\026M\272]\205fM\0221 \237p\205\264\373\177\362\267\250\270\003\243\004\353\210\250gP\027\000\000\000\000\000\000\000\000\000\000\000\000\000\000\000\000\000\000\000\000\000\000\000\000\000\000\000\000\000\000\000\000P\031-}\351f\032\255\274\334m\326c\017\014ao[\342\230\003\245\245\3341Hm\326^\017jy\335\261s!\002\203\234\253\325\333\332\276\223y;\250+B\323"" Hg\303\030\n\303\345\255\330\223\n\240\260\032\305!vF0D\002 \002\247\225\335z+\212\007\024\222j<4\216\241\252M\212\023\025#u\306t8\034\260u1J\241\357\002 vZz\026\340W\331\276\216q\341\263\313\004\214\201i\035!\3377\264s\226X\001\317o""p\307\346""; ","validation: """"\200\000\000\000&\000\000\000\002)/\352\025\335:\005\335\317Y\345\332\360\261Q?\256\336y\324\026M\272]\205fM\0221 \237p\205\264\373\177\362\267\250\270\003\243\004\353\210\250gP\027\000\000\000\000\000\000\000\000\000\000\000\000\000\000\000\000\000\000\000\000\000\000\000\000\000\000\000\000\000\000\000\000P\031-}\351f\032\255\274\334m\326c\017\014ao[\342\230\003\245\245\3341Hm\326^\017jy\335\261s!\002\203\234\253\325\333\332\276\223y;\250+B\323"" Hg\303\030\n\303\345\255\330\223\n\240\260\032\305!vF0D\002 \002\247\225\335z+\212\007\024\222j<4\216\241\252M\212\023\025#u\306t8\034\260u1J\241\357\002 vZz\026\340W\331\276\216q\341\263\313\004\214\201i\035!\3377\264s\226X\001\317o""p\307\346""; "
1750554974001,1750554974002,2875,1,2,3,TMValidation,"validation: """"\200\000\000\000&\000\000\000\002)/\352\025\336:\327^\220\264\371\235\346\371Q?\256\336y\324\026M\272]\205fM\0221 \237p\205\264\373\177\362\267\250\270\003\243\004\353\210\250gP\027\000\000\000\000\000\000\000\000\000\000\000\000\000\000\000\000\000\000\000\000\000\000\000\000\000\000\000\000\000\000\000\000P\031-}\351f\032\255\274\334m\326c\017\014ao[\342\230\003\245\245\3341Hm\326^\017jy\335\261s!\003\377\373k5_\032\3369\270\342\273n(r\273\207{\327\250/\370I\221Q\224\244\335\320\006\305\376qvF0D\002 [\271#7\003;\356\354\2001\346\020$!\262\262\316o\315\226\330(+C\026D\234f\304\365\362\263\002 \032w!1\324\307\311\326\310\342\255\346\240K\021\236\350 \213A\273\027\2376U\227\356n9\211\215\331""; ","validation: """"\200\000\000\000&\000\000\000\002)/\352\025\336:\327^\220\264\371\235\346\371Q?\256\336y\324\026M\272]\205fM\0221 \237p\205\264\373\177\362\267\250\270\003\243\004\353\210\250gP\027\000\000\000\000\000\000\000\000\000\000\000\000\000\000\000\000\000\000\000\000\000\000\000\000\000\000\000\000\000\000\000\000P\031-}\351f\032\255\274\334m\326c\017\014ao[\342\230\003\245\245\3341Hm\326^\017jy\335\261s!\003\377\373k5_\032\3369\270\342\273n(r\273\207{\327\250/\370I\221Q\224\244\335\320\006\305\376qvF0D\002 [\271#7\003;\356\354\2001\346\020$!\262\262\316o\315\226\330(+C\026D\234f\304\365\362\263\002 \032w!1\324\307\311\326\310\342\255\346\240K\021\236\350 \213A\273\027\2376U\227\356n9\211\215\331""; "
1750554974002,1750554974002,2455,1,2,4,TMValidation,"validation: """"\200\000\000\000&\000\000\000\002)/\352\025\336:\327^\220\264\371\235\346\371Q?\256\336y\324\026M\272]\205fM\0221 \237p\205\264\373\177\362\267\250\270\003\243\004\353\210\250gP\027\000\000\000\000\000\000\000\000\000\000\000\000\000\000\000\000\000\000\000\000\000\000\000\000\000\000\000\000\000\000\000\000P\031-}\351f\032\255\274\334m\326c\017\014ao[\342\230\003\245\245\3341Hm\326^\017jy\335\261s!\003\377\373k5_\032\3369\270\342\273n(r\273\207{\327\250/\370I\221Q\224\244\335\320\006\305\376qvF0D\002 [\271#7\003;\356\354\2001\346\020$!\262\262\316o\315\226\330(+C\026D\234f\304\365\362\263\002 \032w!1\324\307\311\326\310\342\255\346\240K\021\236\350 \213A\273\027\2376U\227\356n9\211\215\331""; ","validation: """"\200\000\000\000&\000\000\000\002)/\352\025\336:\327^\220\264\371\235\346\371Q?\256\336y\324\026M\272]\205fM\0221 \237p\205\264\373\177\362\267\250\270\003\243\004\353\210\250gP\027\000\000\000\000\000\000\000\000\000\000\000\000\000\000\000\000\000\000\000\000\000\000\000\000\000\000\000\000\000\000\000\000P\031-}\351f\032\255\274\334m\326c\017\014ao[\342\230\003\245\245\3341Hm\326^\017jy\335\261s!\003\377\373k5_\032\3369\270\342\273n(r\273\207{\327\250/\370I\221Q\224\244\335\320\006\305\376qvF0D\002 [\271#7\003;\356\354\2001\346\020$!\262\262\316o\315\226\330(+C\026D\234f\304\365\362\263\002 \032w!1\324\307\311\326\310\342\255\346\240K\021\236\350 \213A\273\027\2376U\227\356n9\211\215\331""; "
1750554974002,1750554974002,3479,1,2,4,TMStatusChange,"newEvent: neACCEPTED_LEDGER; ledgerSeq: 2; ledgerHash: ""?\256\336y\324\026M\272]\205fM\0221 \237p\205\264\373\177\362\267\250\270\003\243\004\353\210\250g""; ledgerHashPrevious: ""-}\351f\032\255\274\334m\326c\017\014ao[\342\230\003\245\245\3341Hm\326^\017jy\335\261""; networkTime: 803870174; firstSeq: 1; lastSeq: 1; ","newEvent: neACCEPTED_LEDGER; ledgerSeq: 2; ledgerHash: ""?\256\336y\324\026M\272]\205fM\0221 \237p\205\264\373\177\362\267\250\270\003\243\004\353\210\250g""; ledgerHashPrevious: ""-}\351f\032\255\274\334m\326c\017\014ao[\342\230\003\245\245\3341Hm\326^\017jy\335\261""; networkTime: 803870174; firstSeq: 1; lastSeq: 1; "
1750554974003,1750554974003,2016,1,2,3,TMStatusChange,"newEvent: neACCEPTED_LEDGER; ledgerSeq: 2; ledgerHash: ""?\256\336y\324\026M\272]\205fM\0221 \237p\205\264\373\177\362\267\250\270\003\243\004\353\210\250g""; ledgerHashPrevious: ""-}\351f\032\255\274\334m\326c\017\014ao[\342\230\003\245\245\3341Hm\326^\017jy\335\261""; networkTime: 803870174; firstSeq: 1; lastSeq: 1; ","newEvent: neACCEPTED_LEDGER; ledgerSeq: 2; ledgerHash: ""?\256\336y\324\026M\272]\205fM\0221 \237p\205\264\373\177\362\267\250\270\003\243\004\353\210\250g""; ledgerHashPrevious: ""-}\351f\032\255\274\334m\326c\017\014ao[\342\230\003\245\245\3341Hm\326^\017jy\335\261""; networkTime: 803870174; firstSeq: 1; lastSeq: 1; "
1750554974004,1750554974004,250,1,2,1,TMValidation,"validation: """"\200\000\000\000&\000\000\000\002)/\352\025\336:\327^\220\264\371\235\346\371Q?\256\336y\324\026M\272]\205fM\0221 \237p\205\264\373\177\362\267\250\270\003\243\004\353\210\250gP\027\000\000\000\000\000\000\000\000\000\000\000\000\000\000\000\000\000\000\000\000\000\000\000\000\000\000\000\000\000\000\000\000P\031-}\351f\032\255\274\334m\326c\017\014ao[\342\230\003\245\245\3341Hm\326^\017jy\335\261s!\003\377\373k5_\032\3369\270\342\273n(r\273\207{\327\250/\370I\221Q\224\244\335\320\006\305\376qvF0D\002 [\271#7\003;\356\354\2001\346\020$!\262\262\316o\315\226\330(+C\026D\234f\304\365\362\263\002 \032w!1\324\307\311\326\310\342\255\346\240K\021\236\350 \213A\273\027\2376U\227\356n9\211\215\331""; ","validation: """"\200\000\000\000&\000\000\000\002)/\352\025\336:\327^\220\264\371\235\346\371Q?\256\336y\324\026M\272]\205fM\0221 \237p\205\264\373\177\362\267\250\270\003\243\004\353\210\250gP\027\000\000\000\000\000\000\000\000\000\000\000\000\000\000\000\000\000\000\000\000\000\000\000\000\000\000\000\000\000\000\000\000P\031-}\351f\032\255\274\334m\326c\017\014ao[\342\230\003\245\245\3341Hm\326^\017jy\335\261s!\003\377\373k5_\032\3369\270\342\273n(r\273\207{\327\250/\370I\221Q\224\244\335\320\006\305\376qvF0D\002 [\271#7\003;\356\354\2001\346\020$!\262\262\316o\315\226\330(+C\026D\234f\304\365\362\263\002 \032w!1\324\307\311\326\310\342\255\346\240K\021\236\350 \213A\273\027\2376U\227\356n9\211\215\331""; "
1750554974005,1750554974005,3215,1,2,1,TMStatusChange,"newEvent: neACCEPTED_LEDGER; ledgerSeq: 2; ledgerHash: ""?\256\336y\324\026M\272]\205fM\0221 \237p\205\264\373\177\362\267\250\270\003\243\004\353\210\250g""; ledgerHashPrevious: ""-}\351f\032\255\274\334m\326c\017\014ao[\342\230\003\245\245\3341Hm\326^\017jy\335\261""; networkTime: 803870174; firstSeq: 1; lastSeq: 1; ","newEvent: neACCEPTED_LEDGER; ledgerSeq: 2; ledgerHash: ""?\256\336y\324\026M\272]\205fM\0221 \237p\205\264\373\177\362\267\250\270\003\243\004\353\210\250g""; ledgerHashPrevious: ""-}\351f\032\255\274\334m\326c\017\014ao[\342\230\003\245\245\3341Hm\326^\017jy\335\261""; networkTime: 803870174; firstSeq: 1; lastSeq: 1; "
1750554974005,1750554974005,1871,1,2,0,TMValidation,"validation: """"\200\000\000\000&\000\000\000\002)/\352\025\336:\327^\220\264\371\235\346\371Q?\256\336y\324\026M\272]\205fM\0221 \237p\205\264\373\177\362\267\250\270\003\243\004\353\210\250gP\027\000\000\000\000\000\000\000\000\000\000\000\000\000\000\000\000\000\000\000\000\000\000\000\000\000\000\000\000\000\000\000\000P\031-}\351f\032\255\274\334m\326c\017\014ao[\342\230\003\245\245\3341Hm\326^\017jy\335\261s!\003\377\373k5_\032\3369\270\342\273n(r\273\207{\327\250/\370I\221Q\224\244\335\320\006\305\376qvF0D\002 [\271#7\003;\356\354\2001\346\020$!\262\262\316o\315\226\330(+C\026D\234f\304\365\362\263\002 \032w!1\324\307\311\326\310\342\255\346\240K\021\236\350 \213A\273\027\2376U\227\356n9\211\215\331""; ","validation: """"\200\000\000\000&\000\000\000\002)/\352\025\336:\327^\220\264\371\235\346\371Q?\256\336y\324\026M\272]\205fM\0221 \237p\205\264\373\177\362\267\250\270\003\243\004\353\210\250gP\027\000\000\000\000\000\000\000\000\000\000\000\000\000\000\000\000\000\000\000\000\000\000\000\000\000\000\000\000\000\000\000\000P\031-}\351f\032\255\274\334m\326c\017\014ao[\342\230\003\245\245\3341Hm\326^\017jy\335\261s!\003\377\373k5_\032\3369\270\342\273n(r\273\207{\327\250/\370I\221Q\224\244\335\320\006\305\376qvF0D\002 [\271#7\003;\356\354\2001\346\020$!\262\262\316o\315\226\330(+C\026D\234f\304\365\362\263\002 \032w!1\324\307\311\326\310\342\255\346\240K\021\236\350 \213A\273\027\2376U\227\356n9\211\215\331""; "
1750554974005,1750554974005,2259,1,2,0,TMStatusChange,"newEvent: neACCEPTED_LEDGER; ledgerSeq: 2; ledgerHash: ""?\256\336y\324\026M\272]\205fM\0221 \237p\205\264\373\177\362\267\250\270\003\243\004\353\210\250g""; ledgerHashPrevious: ""-}\351f\032\255\274\334m\326c\017\014ao[\342\230\003\245\245\3341Hm\326^\017jy\335\261""; networkTime: 803870174; firstSeq: 1; lastSeq: 1; ","newEvent: neACCEPTED_LEDGER; ledgerSeq: 2; ledgerHash: ""?\256\336y\324\026M\272]\205fM\0221 \237p\205\264\373\177\362\267\250\270\003\243\004\353\210\250g""; ledgerHashPrevious: ""-}\351f\032\255\274\334m\326c\017\014ao[\342\230\003\245\245\3341Hm\326^\017jy\335\261""; networkTime: 803870174; firstSeq: 1; lastSeq: 1; "
1750554974130,1750554974130,1878,1,3,2,TMValidation,"validation: """"\200\000\000\000&\000\000\000\002)/\352\025\336:\263\003\340?\354b\337\005Q?\256\336y\324\026M\272]\205fM\0221 \237p\205\264\373\177\362\267\250\270\003\243\004\353\210\250gP\027\000\000\000\000\000\000\000\000\000\000\000\000\000\000\000\000\000\000\000\000\000\000\000\000\000\000\000\000\000\000\000\000P\031-}\351f\032\255\274\334m\326c\017\014ao[\342\230\003\245\245\3341Hm\326^\017jy\335\261s!\002\267\233\013C\322\025\227_\336\326\026\301\225\224\007@\351}6j\027\315\304Px?\375+\235`\313_vF0D\002 6|\365x\356=\367\177\265>\235P\357\266P}\017""\361\324\362\345}\031q\352\265OY\302J\315\002 \tR\000|\036@C\234\213lP\303\313\240\013\020\353\001\221\017\353:\031\366.\276gjz\312\235\306""; ","validation: """"\200\000\000\000&\000\000\000\002)/\352\025\336:\263\003\340?\354b\337\005Q?\256\336y\324\026M\272]\205fM\0221 \237p\205\264\373\177\362\267\250\270\003\243\004\353\210\250gP\027\000\000\000\000\000\000\000\000\000\000\000\000\000\000\000\000\000\000\000\000\000\000\000\000\000\000\000\000\000\000\000\000P\031-}\351f\032\255\274\334m\326c\017\014ao[\342\230\003\245\245\3341Hm\326^\017jy\335\261s!\002\267\233\013C\322\025\227_\336\326\026\301\225\224\007@\351}6j\027\315\304Px?\375+\235`\313_vF0D\002 6|\365x\356=\367\177\265>\235P\357\266P}\017""\361\324\362\345}\031q\352\265OY\302J\315\002 \tR\000|\036@C\234\213lP\303\313\240\013\020\353\001\221\017\353:\031\366.\276gjz\312\235\306""; "
1750554974132,1750554974132,2655,1,3,4,TMValidation,"validation: """"\200\000\000\000&\000\000\000\002)/\352\025\336:\263\003\340?\354b\337\005Q?\256\336y\324\026M\272]\205fM\0221 \237p\205\264\373\177\362\267\250\270\003\243\004\353\210\250gP\027\000\000\000\000\000\000\000\000\000\000\000\000\000\000\000\000\000\000\000\000\000\000\000\000\000\000\000\000\000\000\000\000P\031-}\351f\032\255\274\334m\326c\017\014ao[\342\230\003\245\245\3341Hm\326^\017jy\335\261s!\002\267\233\013C\322\025\227_\336\326\026\301\225\224\007@\351}6j\027\315\304Px?\375+\235`\313_vF0D\002 6|\365x\356=\367\177\265>\235P\357\266P}\017""\361\324\362\345}\031q\352\265OY\302J\315\002 \tR\000|\036@C\234\213lP\303\313\240\013\020\353\001\221\017\353:\031\366.\276gjz\312\235\306""; ","validation: """"\200\000\000\000&\000\000\000\002)/\352\025\336:\263\003\340?\354b\337\005Q?\256\336y\324\026M\272]\205fM\0221 \237p\205\264\373\177\362\267\250\270\003\243\004\353\210\250gP\027\000\000\000\000\000\000\000\000\000\000\000\000\000\000\000\000\000\000\000\000\000\000\000\000\000\000\000\000\000\000\000\000P\031-}\351f\032\255\274\334m\326c\017\014ao[\342\230\003\245\245\3341Hm\326^\017jy\335\261s!\002\267\233\013C\322\025\227_\336\326\026\301\225\224\007@\351}6j\027\315\304Px?\375+\235`\313_vF0D\002 6|\365x\356=\367\177\265>\235P\357\266P}\017""\361\324\362\345}\031q\352\265OY\302J\315\002 \tR\000|\036@C\234\213lP\303\313\240\013\020\353\001\221\017\353:\031\366.\276gjz\312\235\306""; "
1750554974131,1750554974131,1254,1,3,2,TMStatusChange,"newEvent: neACCEPTED_LEDGER; ledgerSeq: 2; ledgerHash: ""?\256\336y\324\026M\272]\205fM\0221 \237p\205\264\373\177\362\267\250\270\003\243\004\353\210\250g""; ledgerHashPrevious: ""-}\351f\032\255\274\334m\326c\017\014ao[\342\230\003\245\245\3341Hm\326^\017jy\335\261""; networkTime: 803870174; firstSeq: 1; lastSeq: 1; ","newEvent: neACCEPTED_LEDGER; ledgerSeq: 2; ledgerHash: ""?\256\336y\324\026M\272]\205fM\0221 \237p\205\264\373\177\362\267\250\270\003\243\004\353\210\250g""; ledgerHashPrevious: ""-}\351f\032\255\274\334m\326c\017\014ao[\342\230\003\245\245\3341Hm\326^\017jy\335\261""; networkTime: 803870174; firstSeq: 1; lastSeq: 1; "
1750554974132,1750554974132,703,1,3,4,TMStatusChange,"newEvent: neACCEPTED_LEDGER; ledgerSeq: 2; ledgerHash: ""?\256\336y\324\026M\272]\205fM\0221 \237p\205\264\373\177\362\267\250\270\003\243\004\353\210\250g""; ledgerHashPrevious: ""-}\351f\032\255\274\334m\326c\017\014ao[\342\230\003\245\245\3341Hm\326^\017jy\335\261""; networkTime: 803870174; firstSeq: 1; lastSeq: 1; ","newEvent: neACCEPTED_LEDGER; ledgerSeq: 2; ledgerHash: ""?\256\336y\324\026M\272]\205fM\0221 \237p\205\264\373\177\362\267\250\270\003\243\004\353\210\250g""; ledgerHashPrevious: ""-}\351f\032\255\274\334m\326c\017\014ao[\342\230\003\245\245\3341Hm\326^\017jy\335\261""; networkTime: 803870174; firstSeq: 1; lastSeq: 1; "
1750554974132,1750554974133,2793,1,3,0,TMValidation,"validation: """"\200\000\000\000&\000\000\000\002)/\352\025\336:\263\003\340?\354b\337\005Q?\256\336y\324\026M\272]\205fM\0221 \237p\205\264\373\177\362\267\250\270\003\243\004\353\210\250gP\027\000\000\000\000\000\000\000\000\000\000\000\000\000\000\000\000\000\000\000\000\000\000\000\000\000\000\000\000\000\000\000\000P\031-}\351f\032\255\274\334m\326c\017\014ao[\342\230\003\245\245\3341Hm\326^\017jy\335\261s!\002\267\233\013C\322\025\227_\336\326\026\301\225\224\007@\351}6j\027\315\304Px?\375+\235`\313_vF0D\002 6|\365x\356=\367\177\265>\235P\357\266P}\017""\361\324\362\345}\031q\352\265OY\302J\315\002 \tR\000|\036@C\234\213lP\303\313\240\013\020\353\001\221\017\353:\031\366.\276gjz\312\235\306""; ","validation: """"\200\000\000\000&\000\000\000\002)/\352\025\336:\263\003\340?\354b\337\005Q?\256\336y\324\026M\272]\205fM\0221 \237p\205\264\373\177\362\267\250\270\003\243\004\353\210\250gP\027\000\000\000\000\000\000\000\000\000\000\000\000\000\000\000\000\000\000\000\000\000\000\000\000\000\000\000\000\000\000\000\000P\031-}\351f\032\255\274\334m\326c\017\014ao[\342\230\003\245\245\3341Hm\326^\017jy\335\261s!\002\267\233\013C\322\025\227_\336\326\026\301\225\224\007@\351}6j\027\315\304Px?\375+\235`\313_vF0D\002 6|\365x\356=\367\177\265>\235P\357\266P}\017""\361\324\362\345}\031q\352\265OY\302J\315\002 \tR\000|\036@C\234\213lP\303\313\240\013\020\353\001\221\017\353:\031\366.\276gjz\312\235\306""; "
1750554974133,1750554974133,3188,1,3,1,TMValidation,"validation: """"\200\000\000\000&\000\000\000\002)/\352\025\336:\263\003\340?\354b\337\005Q?\256\336y\324\026M\272]\205fM\0221 \237p\205\264\373\177\362\267\250\270\003\243\004\353\210\250gP\027\000\000\000\000\000\000\000\000\000\000\000\000\000\000\000\000\000\000\000\000\000\000\000\000\000\000\000\000\000\000\000\000P\031-}\351f\032\255\274\334m\326c\017\014ao[\342\230\003\245\245\3341Hm\326^\017jy\335\261s!\002\267\233\013C\322\025\227_\336\326\026\301\225\224\007@\351}6j\027\315\304Px?\375+\235`\313_vF0D\002 6|\365x\356=\367\177\265>\235P\357\266P}\017""\361\324\362\345}\031q\352\265OY\302J\315\002 \tR\000|\036@C\234\213lP\303\313\240\013\020\353\001\221\017\353:\031\366.\276gjz\312\235\306""; ","validation: """"\200\000\000\000&\000\000\000\002)/\352\025\336:\263\003\340?\354b\337\005Q?\256\336y\324\026M\272]\205fM\0221 \237p\205\264\373\177\362\267\250\270\003\243\004\353\210\250gP\027\000\000\000\000\000\000\000\000\000\000\000\000\000\000\000\000\000\000\000\000\000\000\000\000\000\000\000\000\000\000\000\000P\031-}\351f\032\255\274\334m\326c\017\014ao[\342\230\003\245\245\3341Hm\326^\017jy\335\261s!\002\267\233\013C\322\025\227_\336\326\026\301\225\224\007@\351}6j\027\315\304Px?\375+\235`\313_vF0D\002 6|\365x\356=\367\177\265>\235P\357\266P}\017""\361\324\362\345}\031q\352\265OY\302J\315\002 \tR\000|\036@C\234\213lP\303\313\240\013\020\353\001\221\017\353:\031\366.\276gjz\312\235\306""; "
1750554974133,1750554974133,1418,1,3,1,TMStatusChange,"newEvent: neACCEPTED_LEDGER; ledgerSeq: 2; ledgerHash: ""?\256\336y\324\026M\272]\205fM\0221 \237p\205\264\373\177\362\267\250\270\003\243\004\353\210\250g""; ledgerHashPrevious: ""-}\351f\032\255\274\334m\326c\017\014ao[\342\230\003\245\245\3341Hm\326^\017jy\335\261""; networkTime: 803870174; firstSeq: 1; lastSeq: 1; ","newEvent: neACCEPTED_LEDGER; ledgerSeq: 2; ledgerHash: ""?\256\336y\324\026M\272]\205fM\0221 \237p\205\264\373\177\362\267\250\270\003\243\004\353\210\250g""; ledgerHashPrevious: ""-}\351f\032\255\274\334m\326c\017\014ao[\342\230\003\245\245\3341Hm\326^\017jy\335\261""; networkTime: 803870174; firstSeq: 1; lastSeq: 1; "
1750554974133,1750554974134,3374,1,3,0,TMStatusChange,"newEvent: neACCEPTED_LEDGER; ledgerSeq: 2; ledgerHash: ""?\256\336y\324\026M\272]\205fM\0221 \237p\205\264\373\177\362\267\250\270\003\243\004\353\210\250g""; ledgerHashPrevious: ""-}\351f\032\255\274\334m\326c\017\014ao[\342\230\003\245\245\3341Hm\326^\017jy\335\261""; networkTime: 803870174; firstSeq: 1; lastSeq: 1; ","newEvent: neACCEPTED_LEDGER; ledgerSeq: 2; ledgerHash: ""?\256\336y\324\026M\272]\205fM\0221 \237p\205\264\373\177\362\267\250\270\003\243\004\353\210\250g""; ledgerHashPrevious: ""-}\351f\032\255\274\334m\326c\017\014ao[\342\230\003\245\245\3341Hm\326^\017jy\335\261""; networkTime: 803870174; firstSeq: 1; lastSeq: 1; "
1750554974176,1750554974176,3000,1,1,0,TMValidation,"validation: """"\200\000\000\000&\000\000\000\002)/\352\025\335:\005\335\317Y\345\332\360\261Q?\256\336y\324\026M\272]\205fM\0221 \237p\205\264\373\177\362\267\250\270\003\243\004\353\210\250gP\027\000\000\000\000\000\000\000\000\000\000\000\000\000\000\000\000\000\000\000\000\000\000\000\000\000\000\000\000\000\000\000\000P\031-}\351f\032\255\274\334m\326c\017\014ao[\342\230\003\245\245\3341Hm\326^\017jy\335\261s!\002\203\234\253\325\333\332\276\223y;\250+B\323"" Hg\303\030\n\303\345\255\330\223\n\240\260\032\305!vF0D\002 \002\247\225\335z+\212\007\024\222j<4\216\241\252M\212\023\025#u\306t8\034\260u1J\241\357\002 vZz\026\340W\331\276\216q\341\263\313\004\214\201i\035!\3377\264s\226X\001\317o""p\307\346""; ","validation: """"\200\000\000\000&\000\000\000\002)/\352\025\335:\005\335\317Y\345\332\360\261Q?\256\336y\324\026M\272]\205fM\0221 \237p\205\264\373\177\362\267\250\270\003\243\004\353\210\250gP\027\000\000\000\000\000\000\000\000\000\000\000\000\000\000\000\000\000\000\000\000\000\000\000\000\000\000\000\000\000\000\000\000P\031-}\351f\032\255\274\334m\326c\017\014ao[\342\230\003\245\245\3341Hm\326^\017jy\335\261s!\002\203\234\253\325\333\332\276\223y;\250+B\323"" Hg\303\030\n\303\345\255\330\223\n\240\260\032\305!vF0D\002 \002\247\225\335z+\212\007\024\222j<4\216\241\252M\212\023\025#u\306t8\034\260u1J\241\357\002 vZz\026\340W\331\276\216q\341\263\313\004\214\201i\035!\3377\264s\226X\001\317o""p\307\346""; "
1750554974176,1750554974176,1249,1,1,3,TMValidation,"validation: """"\200\000\000\000&\000\000\000\002)/\352\025\335:\005\335\317Y\345\332\360\261Q?\256\336y\324\026M\272]\205fM\0221 \237p\205\264\373\177\362\267\250\270\003\243\004\353\210\250gP\027\000\000\000\000\000\000\000\000\000\000\000\000\000\000\000\000\000\000\000\000\000\000\000\000\000\000\000\000\000\000\000\000P\031-}\351f\032\255\274\334m\326c\017\014ao[\342\230\003\245\245\3341Hm\326^\017jy\335\261s!\002\203\234\253\325\333\332\276\223y;\250+B\323"" Hg\303\030\n\303\345\255\330\223\n\240\260\032\305!vF0D\002 \002\247\225\335z+\212\007\024\222j<4\216\241\252M\212\023\025#u\306t8\034\260u1J\241\357\002 vZz\026\340W\331\276\216q\341\263\313\004\214\201i\035!\3377\264s\226X\001\317o""p\307\346""; ","validation: """"\200\000\000\000&\000\000\000\002)/\352\025\335:\005\335\317Y\345\332\360\261Q?\256\336y\324\026M\272]\205fM\0221 \237p\205\264\373\177\362\267\250\270\003\243\004\353\210\250gP\027\000\000\000\000\000\000\000\000\000\000\000\000\000\000\000\000\000\000\000\000\000\000\000\000\000\000\000\000\000\000\000\000P\031-}\351f\032\255\274\334m\326c\017\014ao[\342\230\003\245\245\3341Hm\326^\017jy\335\261s!\002\203\234\253\325\333\332\276\223y;\250+B\323"" Hg\303\030\n\303\345\255\330\223\n\240\260\032\305!vF0D\002 \002\247\225\335z+\212\007\024\222j<4\216\241\252M\212\023\025#u\306t8\034\260u1J\241\357\002 vZz\026\340W\331\276\216q\341\263\313\004\214\201i\035!\3377\264s\226X\001\317o""p\307\346""; "
1750554974176,1750554974176,1863,1,1,2,TMValidation,"validation: """"\200\000\000\000&\000\000\000\002)/\352\025\335:\005\335\317Y\345\332\360\261Q?\256\336y\324\026M\272]\205fM\0221 \237p\205\264\373\177\362\267\250\270\003\243\004\353\210\250gP\027\000\000\000\000\000\000\000\000\000\000\000\000\000\000\000\000\000\000\000\000\000\000\000\000\000\000\000\000\000\000\000\000P\031-}\351f\032\255\274\334m\326c\017\014ao[\342\230\003\245\245\3341Hm\326^\017jy\335\261s!\002\203\234\253\325\333\332\276\223y;\250+B\323"" Hg\303\030\n\303\345\255\330\223\n\240\260\032\305!vF0D\002 \002\247\225\335z+\212\007\024\222j<4\216\241\252M\212\023\025#u\306t8\034\260u1J\241\357\002 vZz\026\340W\331\276\216q\341\263\313\004\214\201i\035!\3377\264s\226X\001\317o""p\307\346""; ","validation: """"\200\000\000\000&\000\000\000\002)/\352\025\335:\005\335\317Y\345\332\360\261Q?\256\336y\324\026M\272]\205fM\0221 \237p\205\264\373\177\362\267\250\270\003\243\004\353\210\250gP\027\000\000\000\000\000\000\000\000\000\000\000\000\000\000\000\000\000\000\000\000\000\000\000\000\000\000\000\000\000\000\000\000P\031-}\351f\032\255\274\334m\326c\017\014ao[\342\230\003\245\245\3341Hm\326^\017jy\335\261s!\002\203\234\253\325\333\332\276\223y;\250+B\323"" Hg\303\030\n\303\345\255\330\223\n\240\260\032\305!vF0D\002 \002\247\225\335z+\212\007\024\222j<4\216\241\252M\212\023\025#u\306t8\034\260u1J\241\357\002 vZz\026\340W\331\276\216q\341\263\313\004\214\201i\035!\3377\264s\226X\001\317o""p\307\346""; "
1750554974253,1750554974254,3481,1,1,4,TMValidation,"validation: """"\200\000\000\000&\000\000\000\002)/\352\025\336:\327^\220\264\371\235\346\371Q?\256\336y\324\026M\272]\205fM\0221 \237p\205\264\373\177\362\267\250\270\003\243\004\353\210\250gP\027\000\000\000\000\000\000\000\000\000\000\000\000\000\000\000\000\000\000\000\000\000\000\000\000\000\000\000\000\000\000\000\000P\031-}\351f\032\255\274\334m\326c\017\014ao[\342\230\003\245\245\3341Hm\326^\017jy\335\261s!\003\377\373k5_\032\3369\270\342\273n(r\273\207{\327\250/\370I\221Q\224\244\335\320\006\305\376qvF0D\002 [\271#7\003;\356\354\2001\346\020$!\262\262\316o\315\226\330(+C\026D\234f\304\365\362\263\002 \032w!1\324\307\311\326\310\342\255\346\240K\021\236\350 \213A\273\027\2376U\227\356n9\211\215\331""; ","validation: """"\200\000\000\000&\000\000\000\002)/\352\025\336:\327^\220\264\371\235\346\371Q?\256\336y\324\026M\272]\205fM\0221 \237p\205\264\373\177\362\267\250\270\003\243\004\353\210\250gP\027\000\000\000\000\000\000\000\000\000\000\000\000\000\000\000\000\000\000\000\000\000\000\000\000\000\000\000\000\000\000\000\000P\031-}\351f\032\255\274\334m\326c\017\014ao[\342\230\003\245\245\3341Hm\326^\017jy\335\261s!\003\377\373k5_\032\3369\270\342\273n(r\273\207{\327\250/\370I\221Q\224\244\335\320\006\305\376qvF0D\002 [\271#7\003;\356\354\2001\346\020$!\262\262\316o\315\226\330(+C\026D\234f\304\365\362\263\002 \032w!1\324\307\311\326\310\342\255\346\240K\021\236\350 \213A\273\027\2376U\227\356n9\211\215\331""; "
1750554974254,1750554974254,3000,1,1,0,TMValidation,"validation: """"\200\000\000\000&\000\000\000\002)/\352\025\336:\327^\220\264\371\235\346\371Q?\256\336y\324\026M\272]\205fM\0221 \237p\205\264\373\177\362\267\250\270\003\243\004\353\210\250gP\027\000\000\000\000\000\000\000\000\000\000\000\000\000\000\000\000\000\000\000\000\000\000\000\000\000\000\000\000\000\000\000\000P\031-}\351f\032\255\274\334m\326c\017\014ao[\342\230\003\245\245\3341Hm\326^\017jy\335\261s!\003\377\373k5_\032\3369\270\342\273n(r\273\207{\327\250/\370I\221Q\224\244\335\320\006\305\376qvF0D\002 [\271#7\003;\356\354\2001\346\020$!\262\262\316o\315\226\330(+C\026D\234f\304\365\362\263\002 \032w!1\324\307\311\326\310\342\255\346\240K\021\236\350 \213A\273\027\2376U\227\356n9\211\215\331""; ","validation: """"\200\000\000\000&\000\000\000\002)/\352\025\336:\327^\220\264\371\235\346\371Q?\256\336y\324\026M\272]\205fM\0221 \237p\205\264\373\177\362\267\250\270\003\243\004\353\210\250gP\027\000\000\000\000\000\000\000\000\000\000\000\000\000\000\000\000\000\000\000\000\000\000\000\000\000\000\000\000\000\000\000\000P\031-}\351f\032\255\274\334m\326c\017\014ao[\342\230\003\245\245\3341Hm\326^\017jy\335\261s!\003\377\373k5_\032\3369\270\342\273n(r\273\207{\327\250/\370I\221Q\224\244\335\320\006\305\376qvF0D\002 [\271#7\003;\356\354\2001\346\020$!\262\262\316o\315\226\330(+C\026D\234f\304\365\362\263\002 \032w!1\324\307\311\326\310\342\255\346\240K\021\236\350 \213A\273\027\2376U\227\356n9\211\215\331""; "
1750554974254,1750554974254,1249,1,1,3,TMValidation,"validation: """"\200\000\000\000&\000\000\000\002)/\352\025\336:\327^\220\264\371\235\346\371Q?\256\336y\324\026M\272]\205fM\0221 \237p\205\264\373\177\362\267\250\270\003\243\004\353\210\250gP\027\000\000\000\000\000\000\000\000\000\000\000\000\000\000\000\000\000\000\000\000\000\000\000\000\000\000\000\000\000\000\000\000P\031-}\351f\032\255\274\334m\326c\017\014ao[\342\230\003\245\245\3341Hm\326^\017jy\335\261s!\003\377\373k5_\032\3369\270\342\273n(r\273\207{\327\250/\370I\221Q\224\244\335\320\006\305\376qvF0D\002 [\271#7\003;\356\354\2001\346\020$!\262\262\316o\315\226\330(+C\026D\234f\304\365\362\263\002 \032w!1\324\307\311\326\310\342\255\346\240K\021\236\350 \213A\273\027\2376U\227\356n9\211\215\331""; ","validation: """"\200\000\000\000&\000\000\000\002)/\352\025\336:\327^\220\264\371\235\346\371Q?\256\336y\324\026M\272]\205fM\0221 \237p\205\264\373\177\362\267\250\270\003\243\004\353\210\250gP\027\000\000\000\000\000\000\000\000\000\000\000\000\000\000\000\000\000\000\000\000\000\000\000\000\000\000\000\000\000\000\000\000P\031-}\351f\032\255\274\334m\326c\017\014ao[\342\230\003\245\245\3341Hm\326^\017jy\335\261s!\003\377\373k5_\032\3369\270\342\273n(r\273\207{\327\250/\370I\221Q\224\244\335\320\006\305\376qvF0D\002 [\271#7\003;\356\354\2001\346\020$!\262\262\316o\315\226\330(+C\026D\234f\304\365\362\263\002 \032w!1\324\307\311\326\310\342\255\346\240K\021\236\350 \213A\273\027\2376U\227\356n9\211\215\331""; "
1750554974301,1750554974301,3772,1,0,3,TMGetLedger,"itype: liBASE; ledgerHash: ""?\256\336y\324\026M\272]\205fM\0221 \237p\205\264\373\177\362\267\250\270\003\243\004\353\210\250g""; ","itype: liBASE; ledgerHash: ""?\256\336y\324\026M\272]\205fM\0221 \237p\205\264\373\177\362\267\250\270\003\243\004\353\210\250g""; "
1750554974301,1750554974302,691,1,0,3,TMValidation,"validation: """"\200\000\000\000&\000\000\000\002)/\352\025\335:\005\335\317Y\345\332\360\261Q?\256\336y\324\026M\272]\205fM\0221 \237p\205\264\373\177\362\267\250\270\003\243\004\353\210\250gP\027\000\000\000\000\000\000\000\000\000\000\000\000\000\000\000\000\000\000\000\000\000\000\000\000\000\000\000\000\000\000\000\000P\031-}\351f\032\255\274\334m\326c\017\014ao[\342\230\003\245\245\3341Hm\326^\017jy\335\261s!\002\203\234\253\325\333\332\276\223y;\250+B\323"" Hg\303\030\n\303\345\255\330\223\n\240\260\032\305!vF0D\002 \002\247\225\335z+\212\007\024\222j<4\216\241\252M\212\023\025#u\306t8\034\260u1J\241\357\002 vZz\026\340W\331\276\216q\341\263\313\004\214\201i\035!\3377\264s\226X\001\317o""p\307\346""; ","validation: """"\200\000\000\000&\000\000\000\002)/\352\025\335:\005\335\317Y\345\332\360\261Q?\256\336y\324\026M\272]\205fM\0221 \237p\205\264\373\177\362\267\250\270\003\243\004\353\210\250gP\027\000\000\000\000\000\000\000\000\000\000\000\000\000\000\000\000\000\000\000\000\000\000\000\000\000\000\000\000\000\000\000\000P\031-}\351f\032\255\274\334m\326c\017\014ao[\342\230\003\245\245\3341Hm\326^\017jy\335\261s!\002\203\234\253\325\333\332\276\223y;\250+B\323"" Hg\303\030\n\303\345\255\330\223\n\240\260\032\305!vF0D\002 \002\247\225\335z+\212\007\024\222j<4\216\241\252M\212\023\025#u\306t8\034\260u1J\241\357\002 vZz\026\340W\331\276\216q\341\263\313\004\214\201i\035!\3377\264s\226X\001\317o""p\307\346""; "
1750554974301,1750554974301,3772,1,0,3,TMGetLedger,"itype: liBASE; ledgerHash: ""?\256\336y\324\026M\272]\205fM\0221 \237p\205\264\373\177\362\267\250\270\003\243\004\353\210\250g""; queryType: qtINDIRECT; ","itype: liBASE; ledgerHash: ""?\256\336y\324\026M\272]\205fM\0221 \237p\205\264\373\177\362\267\250\270\003\243\004\353\210\250g""; queryType: qtINDIRECT; "
1750554974304,1750554974304,2033,1,0,2,TMGetLedger,"itype: liBASE; ledgerHash: ""?\256\336y\324\026M\272]\205fM\0221 \237p\205\264\373\177\362\267\250\270\003\243\004\353\210\250g""; ","itype: liBASE; ledgerHash: ""?\256\336y\324\026M\272]\205fM\0221 \237p\205\264\373\177\362\267\250\270\003\243\004\353\210\250g""; "
1750554974303,1750554974303,711,1,0,2,TMValidation,"validation: """"\200\000\000\000&\000\000\000\002)/\352\025\335:\005\335\317Y\345\332\360\261Q?\256\336y\324\026M\272]\205fM\0221 \237p\205\264\373\177\362\267\250\270\003\243\004\353\210\250gP\027\000\000\000\000\000\000\000\000\000\000\000\000\000\000\000\000\000\000\000\000\000\000\000\000\000\000\000\000\000\000\000\000P\031-}\351f\032\255\274\334m\326c\017\014ao[\342\230\003\245\245\3341Hm\326^\017jy\335\261s!\002\203\234\253\325\333\332\276\223y;\250+B\323"" Hg\303\030\n\303\345\255\330\223\n\240\260\032\305!vF0D\002 \002\247\225\335z+\212\007\024\222j<4\216\241\252M\212\023\025#u\306t8\034\260u1J\241\357\002 vZz\026\340W\331\276\216q\341\263\313\004\214\201i\035!\3377\264s\226X\001\317o""p\307\346""; ","validation: """"\200\000\000\000&\000\000\000\002)/\352\025\335:\005\335\317Y\345\332\360\261Q?\256\336y\324\026M\272]\205fM\0221 \237p\205\264\373\177\362\267\250\270\003\243\004\353\210\250gP\027\000\000\000\000\000\000\000\000\000\000\000\000\000\000\000\000\000\000\000\000\000\000\000\000\000\000\000\000\000\000\000\000P\031-}\351f\032\255\274\334m\326c\017\014ao[\342\230\003\245\245\3341Hm\326^\017jy\335\261s!\002\203\234\253\325\333\332\276\223y;\250+B\323"" Hg\303\030\n\303\345\255\330\223\n\240\260\032\305!vF0D\002 \002\247\225\335z+\212\007\024\222j<4\216\241\252M\212\023\025#u\306t8\034\260u1J\241\357\002 vZz\026\340W\331\276\216q\341\263\313\004\214\201i\035!\3377\264s\226X\001\317o""p\307\346""; "
1750554974304,1750554974304,2033,1,0,2,TMGetLedger,"itype: liBASE; ledgerHash: ""?\256\336y\324\026M\272]\205fM\0221 \237p\205\264\373\177\362\267\250\270\003\243\004\353\210\250g""; queryType: qtINDIRECT; ","itype: liBASE; ledgerHash: ""?\256\336y\324\026M\272]\205fM\0221 \237p\205\264\373\177\362\267\250\270\003\243\004\353\210\250g""; queryType: qtINDIRECT; "
1750554974302,1750554974303,2792,1,0,4,TMGetLedger,"itype: liBASE; ledgerHash: ""?\256\336y\324\026M\272]\205fM\0221 \237p\205\264\373\177\362\267\250\270\003\243\004\353\210\250g""; ","itype: liBASE; ledgerHash: ""?\256\336y\324\026M\272]\205fM\0221 \237p\205\264\373\177\362\267\250\270\003\243\004\353\210\250g""; "
1750554974305,1750554974305,2300,1,0,1,TMValidation,"validation: """"\200\000\000\000&\000\000\000\002)/\352\025\335:\005\335\317Y\345\332\360\261Q?\256\336y\324\026M\272]\205fM\0221 \237p\205\264\373\177\362\267\250\270\003\243\004\353\210\250gP\027\000\000\000\000\000\000\000\000\000\000\000\000\000\000\000\000\000\000\000\000\000\000\000\000\000\000\000\000\000\000\000\000P\031-}\351f\032\255\274\334m\326c\017\014ao[\342\230\003\245\245\3341Hm\326^\017jy\335\261s!\002\203\234\253\325\333\332\276\223y;\250+B\323"" Hg\303\030\n\303\345\255\330\223\n\240\260\032\305!vF0D\002 \002\247\225\335z+\212\007\024\222j<4\216\241\252M\212\023\025#u\306t8\034\260u1J\241\357\002 vZz\026\340W\331\276\216q\341\263\313\004\214\201i\035!\3377\264s\226X\001\317o""p\307\346""; ","validation: """"\200\000\000\000&\000\000\000\002)/\352\025\335:\005\335\317Y\345\332\360\261Q?\256\336y\324\026M\272]\205fM\0221 \237p\205\264\373\177\362\267\250\270\003\243\004\353\210\250gP\027\000\000\000\000\000\000\000\000\000\000\000\000\000\000\000\000\000\000\000\000\000\000\000\000\000\000\000\000\000\000\000\000P\031-}\351f\032\255\274\334m\326c\017\014ao[\342\230\003\245\245\3341Hm\326^\017jy\335\261s!\002\203\234\253\325\333\332\276\223y;\250+B\323"" Hg\303\030\n\303\345\255\330\223\n\240\260\032\305!vF0D\002 \002\247\225\335z+\212\007\024\222j<4\216\241\252M\212\023\025#u\306t8\034\260u1J\241\357\002 vZz\026\340W\331\276\216q\341\263\313\004\214\201i\035!\3377\264s\226X\001\317o""p\307\346""; "
1750554974305,1750554974305,1788,1,0,1,TMGetLedger,"itype: liBASE; ledgerHash: ""?\256\336y\324\026M\272]\205fM\0221 \237p\205\264\373\177\362\267\250\270\003\243\004\353\210\250g""; ","itype: liBASE; ledgerHash: ""?\256\336y\324\026M\272]\205fM\0221 \237p\205\264\373\177\362\267\250\270\003\243\004\353\210\250g""; "
1750554974305,1750554974305,1788,1,0,1,TMGetLedger,"itype: liBASE; ledgerHash: ""?\256\336y\324\026M\272]\205fM\0221 \237p\205\264\373\177\362\267\250\270\003\243\004\353\210\250g""; queryType: qtINDIRECT; ","itype: liBASE; ledgerHash: ""?\256\336y\324\026M\272]\205fM\0221 \237p\205\264\373\177\362\267\250\270\003\243\004\353\210\250g""; queryType: qtINDIRECT; "
1750554974342,1750554974342,2792,1,0,4,TMGetLedger,"itype: liBASE; ledgerHash: ""?\256\336y\324\026M\272]\205fM\0221 \237p\205\264\373\177\362\267\250\270\003\243\004\353\210\250g""; queryType: qtINDIRECT; ","itype: liBASE; ledgerHash: ""?\256\336y\324\026M\272]\205fM\0221 \237p\205\264\373\177\362\267\250\270\003\243\004\353\210\250g""; queryType: qtINDIRECT; "
1750554974385,1750554974386,2573,1,0,4,TMValidation,"validation: """"\200\000\000\000&\000\000\000\002)/\352\025\336:\034\006[$\340{$\215Q?\256\336y\324\026M\272]\205fM\0221 \237p\205\264\373\177\362\267\250\270\003\243\004\353\210\250gP\027\000\000\000\000\000\000\000\000\000\000\000\000\000\000\000\000\000\000\000\000\000\000\000\000\000\000\000\000\000\000\000\000P\031-}\351f\032\255\274\334m\326c\017\014ao[\342\230\003\245\245\3341Hm\326^\017jy\335\261s!\003r\247\260\262W1v\231G\352\250p\313\031\267[k\261e{a\207j\020\217\332\242`\260*\357\332vF0D\002 QC\217^\267\0059,y\332\226\370\260\032\257]\327\3310\256e\260?\210\331\327\223\256k+n\365\002 v?r1\343(A_\260\272\270\345\322\322P\014\256\207\324nY\230Zt\361\t\231\356\252\371\312x""; ","validation: """"\200\000\000\000&\000\000\000\002)/\352\025\336:\034\006[$\340{$\215Q?\256\336y\324\026M\272]\205fM\0221 \237p\205\264\373\177\362\267\250\270\003\243\004\353\210\250gP\027\000\000\000\000\000\000\000\000\000\000\000\000\000\000\000\000\000\000\000\000\000\000\000\000\000\000\000\000\000\000\000\000P\031-}\351f\032\255\274\334m\326c\017\014ao[\342\230\003\245\245\3341Hm\326^\017jy\335\261s!\003r\247\260\262W1v\231G\352\250p\313\031\267[k\261e{a\207j\020\217\332\242`\260*\357\332vF0D\002 QC\217^\267\0059,y\332\226\370\260\032\257]\327\3310\256e\260?\210\331\327\223\256k+n\365\002 v?r1\343(A_\260\272\270\345\322\322P\014\256\207\324nY\230Zt\361\t\231\356\252\371\312x""; "
1750554974386,1750554974386,2300,1,0,1,TMValidation,"validation: """"\200\000\000\000&\000\000\000\002)/\352\025\336:\034\006[$\340{$\215Q?\256\336y\324\026M\272]\205fM\0221 \237p\205\264\373\177\362\267\250\270\003\243\004\353\210\250gP\027\000\000\000\000\000\000\000\000\000\000\000\000\000\000\000\000\000\000\000\000\000\000\000\000\000\000\000\000\000\000\000\000P\031-}\351f\032\255\274\334m\326c\017\014ao[\342\230\003\245\245\3341Hm\326^\017jy\335\261s!\003r\247\260\262W1v\231G\352\250p\313\031\267[k\261e{a\207j\020\217\332\242`\260*\357\332vF0D\002 QC\217^\267\0059,y\332\226\370\260\032\257]\327\3310\256e\260?\210\331\327\223\256k+n\365\002 v?r1\343(A_\260\272\270\345\322\322P\014\256\207\324nY\230Zt\361\t\231\356\252\371\312x""; ","validation: """"\200\000\000\000&\000\000\000\002)/\352\025\336:\034\006[$\340{$\215Q?\256\336y\324\026M\272]\205fM\0221 \237p\205\264\373\177\362\267\250\270\003\243\004\353\210\250gP\027\000\000\000\000\000\000\000\000\000\000\000\000\000\000\000\000\000\000\000\000\000\000\000\000\000\000\000\000\000\000\000\000P\031-}\351f\032\255\274\334m\326c\017\014ao[\342\230\003\245\245\3341Hm\326^\017jy\335\261s!\003r\247\260\262W1v\231G\352\250p\313\031\267[k\261e{a\207j\020\217\332\242`\260*\357\332vF0D\002 QC\217^\267\0059,y\332\226\370\260\032\257]\327\3310\256e\260?\210\331\327\223\256k+n\365\002 v?r1\343(A_\260\272\270\345\322\322P\014\256\207\324nY\230Zt\361\t\231\356\252\371\312x""; "
1750554974387,1750554974387,2688,1,0,1,TMStatusChange,"newEvent: neLOST_SYNC; ledgerSeq: 2; ledgerHash: ""?\256\336y\324\026M\272]\205fM\0221 \237p\205\264\373\177\362\267\250\270\003\243\004\353\210\250g""; ledgerHashPrevious: ""-}\351f\032\255\274\334m\326c\017\014ao[\342\230\003\245\245\3341Hm\326^\017jy\335\261""; networkTime: 803870174; firstSeq: 1; lastSeq: 1; ","newEvent: neLOST_SYNC; ledgerSeq: 2; ledgerHash: ""?\256\336y\324\026M\272]\205fM\0221 \237p\205\264\373\177\362\267\250\270\003\243\004\353\210\250g""; ledgerHashPrevious: ""-}\351f\032\255\274\334m\326c\017\014ao[\342\230\003\245\245\3341Hm\326^\017jy\335\261""; networkTime: 803870174; firstSeq: 1; lastSeq: 1; "
1750554974387,1750554974387,3737,1,0,3,TMStatusChange,"newEvent: neLOST_SYNC; ledgerSeq: 2; ledgerHash: ""?\256\336y\324\026M\272]\205fM\0221 \237p\205\264\373\177\362\267\250\270\003\243\004\353\210\250g""; ledgerHashPrevious: ""-}\351f\032\255\274\334m\326c\017\014ao[\342\230\003\245\245\3341Hm\326^\017jy\335\261""; networkTime: 803870174; firstSeq: 1; lastSeq: 1; ","newEvent: neLOST_SYNC; ledgerSeq: 2; ledgerHash: ""?\256\336y\324\026M\272]\205fM\0221 \237p\205\264\373\177\362\267\250\270\003\243\004\353\210\250g""; ledgerHashPrevious: ""-}\351f\032\255\274\334m\326c\017\014ao[\342\230\003\245\245\3341Hm\326^\017jy\335\261""; networkTime: 803870174; firstSeq: 1; lastSeq: 1; "
1750554974387,1750554974387,3315,1,0,4,TMStatusChange,"newEvent: neLOST_SYNC; ledgerSeq: 2; ledgerHash: ""?\256\336y\324\026M\272]\205fM\0221 \237p\205\264\373\177\362\267\250\270\003\243\004\353\210\250g""; ledgerHashPrevious: ""-}\351f\032\255\274\334m\326c\017\014ao[\342\230\003\245\245\3341Hm\326^\017jy\335\261""; networkTime: 803870174; firstSeq: 1; lastSeq: 1; ","newEvent: neLOST_SYNC; ledgerSeq: 2; ledgerHash: ""?\256\336y\324\026M\272]\205fM\0221 \237p\205\264\373\177\362\267\250\270\003\243\004\353\210\250g""; ledgerHashPrevious: ""-}\351f\032\255\274\334m\326c\017\014ao[\342\230\003\245\245\3341Hm\326^\017jy\335\261""; networkTime: 803870174; firstSeq: 1; lastSeq: 1; "
1750554974388,1750554974388,691,1,0,3,TMValidation,"validation: """"\200\000\000\000&\000\000\000\002)/\352\025\336:\034\006[$\340{$\215Q?\256\336y\324\026M\272]\205fM\0221 \237p\205\264\373\177\362\267\250\270\003\243\004\353\210\250gP\027\000\000\000\000\000\000\000\000\000\000\000\000\000\000\000\000\000\000\000\000\000\000\000\000\000\000\000\000\000\000\000\000P\031-}\351f\032\255\274\334m\326c\017\014ao[\342\230\003\245\245\3341Hm\326^\017jy\335\261s!\003r\247\260\262W1v\231G\352\250p\313\031\267[k\261e{a\207j\020\217\332\242`\260*\357\332vF0D\002 QC\217^\267\0059,y\332\226\370\260\032\257]\327\3310\256e\260?\210\331\327\223\256k+n\365\002 v?r1\343(A_\260\272\270\345\322\322P\014\256\207\324nY\230Zt\361\t\231\356\252\371\312x""; ","validation: """"\200\000\000\000&\000\000\000\002)/\352\025\336:\034\006[$\340{$\215Q?\256\336y\324\026M\272]\205fM\0221 \237p\205\264\373\177\362\267\250\270\003\243\004\353\210\250gP\027\000\000\000\000\000\000\000\000\000\000\000\000\000\000\000\000\000\000\000\000\000\000\000\000\000\000\000\000\000\000\000\000P\031-}\351f\032\255\274\334m\326c\017\014ao[\342\230\003\245\245\3341Hm\326^\017jy\335\261s!\003r\247\260\262W1v\231G\352\250p\313\031\267[k\261e{a\207j\020\217\332\242`\260*\357\332vF0D\002 QC\217^\267\0059,y\332\226\370\260\032\257]\327\3310\256e\260?\210\331\327\223\256k+n\365\002 v?r1\343(A_\260\272\270\345\322\322P\014\256\207\324nY\230Zt\361\t\231\356\252\371\312x""; "
1750554974388,1750554974388,711,1,0,2,TMValidation,"validation: """"\200\000\000\000&\000\000\000\002)/\352\025\336:\034\006[$\340{$\215Q?\256\336y\324\026M\272]\205fM\0221 \237p\205\264\373\177\362\267\250\270\003\243\004\353\210\250gP\027\000\000\000\000\000\000\000\000\000\000\000\000\000\000\000\000\000\000\000\000\000\000\000\000\000\000\000\000\000\000\000\000P\031-}\351f\032\255\274\334m\326c\017\014ao[\342\230\003\245\245\3341Hm\326^\017jy\335\261s!\003r\247\260\262W1v\231G\352\250p\313\031\267[k\261e{a\207j\020\217\332\242`\260*\357\332vF0D\002 QC\217^\267\0059,y\332\226\370\260\032\257]\327\3310\256e\260?\210\331\327\223\256k+n\365\002 v?r1\343(A_\260\272\270\345\322\322P\014\256\207\324nY\230Zt\361\t\231\356\252\371\312x""; ","validation: """"\200\000\000\000&\000\000\000\002)/\352\025\336:\034\006[$\340{$\215Q?\256\336y\324\026M\272]\205fM\0221 \237p\205\264\373\177\362\267\250\270\003\243\004\353\210\250gP\027\000\000\000\000\000\000\000\000\000\000\000\000\000\000\000\000\000\000\000\000\000\000\000\000\000\000\000\000\000\000\000\000P\031-}\351f\032\255\274\334m\326c\017\014ao[\342\230\003\245\245\3341Hm\326^\017jy\335\261s!\003r\247\260\262W1v\231G\352\250p\313\031\267[k\261e{a\207j\020\217\332\242`\260*\357\332vF0D\002 QC\217^\267\0059,y\332\226\370\260\032\257]\327\3310\256e\260?\210\331\327\223\256k+n\365\002 v?r1\343(A_\260\272\270\345\322\322P\014\256\207\324nY\230Zt\361\t\231\356\252\371\312x""; "
1750554974388,1750554974388,3027,1,0,2,TMStatusChange,"newEvent: neLOST_SYNC; ledgerSeq: 2; ledgerHash: ""?\256\336y\324\026M\272]\205fM\0221 \237p\205\264\373\177\362\267\250\270\003\243\004\353\210\250g""; ledgerHashPrevious: ""-}\351f\032\255\274\334m\326c\017\014ao[\342\230\003\245\245\3341Hm\326^\017jy\335\261""; networkTime: 803870174; firstSeq: 1; lastSeq: 1; ","newEvent: neLOST_SYNC; ledgerSeq: 2; ledgerHash: ""?\256\336y\324\026M\272]\205fM\0221 \237p\205\264\373\177\362\267\250\270\003\243\004\353\210\250g""; ledgerHashPrevious: ""-}\351f\032\255\274\334m\326c\017\014ao[\342\230\003\245\245\3341Hm\326^\017jy\335\261""; networkTime: 803870174; firstSeq: 1; lastSeq: 1; "
1750554974891,1750554974891,2655,1,3,4,TMValidation,"validation: """"\200\000\000\000&\000\000\000\002)/\352\025\335:c\016\231\375\2438\\353Q?\256\336y\324\026M\272]\205fM\0221 \237p\205\264\373\177\362\267\250\270\003\243\004\353\210\250gP\027\000\000\000\000\000\000\000\000\000\000\000\000\000\000\000\000\000\000\000\000\000\000\000\000\000\000\000\000\000\000\000\000P\031-}\351f\032\255\274\334m\326c\017\014ao[\342\230\003\245\245\3341Hm\326^\017jy\335\261s!\003\014}\246\253\247\326\267P\302\342:\267&\375\036d\013\375\230\236\226\207\332\267\005\016\325\334r\346Q\333vG0E\002!\000\366DU\006\022\341\367a\000Ove\333\3339\221\255\252\023i\252\236g0\356T\220\027\0309\005*\002 \027\024a;\242\001O#jz\277b\342\241\260\030\326\277\333\303\004\361\2737\243H\236\t\215\263K:""; ","validation: """"\200\000\000\000&\000\000\000\002)/\352\025\335:c\016\231\375\2438\\353Q?\256\336y\324\026M\272]\205fM\0221 \237p\205\264\373\177\362\267\250\270\003\243\004\353\210\250gP\027\000\000\000\000\000\000\000\000\000\000\000\000\000\000\000\000\000\000\000\000\000\000\000\000\000\000\000\000\000\000\000\000P\031-}\351f\032\255\274\334m\326c\017\014ao[\342\230\003\245\245\3341Hm\326^\017jy\335\261s!\003\014}\246\253\247\326\267P\302\342:\267&\375\036d\013\375\230\236\226\207\332\267\005\016\325\334r\346Q\333vG0E\002!\000\366DU\006\022\341\367a\000Ove\333\3339\221\255\252\023i\252\236g0\356T\220\027\0309\005*\002 \027\024a;\242\001O#jz\277b\342\241\260\030\326\277\333\303\004\361\2737\243H\236\t\215\263K:""; "
1750554974891,1750554974891,2793,1,3,0,TMValidation,"validation: """"\200\000\000\000&\000\000\000\002)/\352\025\335:c\016\231\375\2438\\353Q?\256\336y\324\026M\272]\205fM\0221 \237p\205\264\373\177\362\267\250\270\003\243\004\353\210\250gP\027\000\000\000\000\000\000\000\000\000\000\000\000\000\000\000\000\000\000\000\000\000\000\000\000\000\000\000\000\000\000\000\000P\031-}\351f\032\255\274\334m\326c\017\014ao[\342\230\003\245\245\3341Hm\326^\017jy\335\261s!\003\014}\246\253\247\326\267P\302\342:\267&\375\036d\013\375\230\236\226\207\332\267\005\016\325\334r\346Q\333vG0E\002!\000\366DU\006\022\341\367a\000Ove\333\3339\221\255\252\023i\252\236g0\356T\220\027\0309\005*\002 \027\024a;\242\001O#jz\277b\342\241\260\030\326\277\333\303\004\361\2737\243H\236\t\215\263K:""; ","validation: """"\200\000\000\000&\000\000\000\002)/\352\025\335:c\016\231\375\2438\\353Q?\256\336y\324\026M\272]\205fM\0221 \237p\205\264\373\177\362\267\250\270\003\243\004\353\210\250gP\027\000\000\000\000\000\000\000\000\000\000\000\000\000\000\000\000\000\000\000\000\000\000\000\000\000\000\000\000\000\000\000\000P\031-}\351f\032\255\274\334m\326c\017\014ao[\342\230\003\245\245\3341Hm\326^\017jy\335\261s!\003\014}\246\253\247\326\267P\302\342:\267&\375\036d\013\375\230\236\226\207\332\267\005\016\325\334r\346Q\333vG0E\002!\000\366DU\006\022\341\367a\000Ove\333\3339\221\255\252\023i\252\236g0\356T\220\027\0309\005*\002 \027\024a;\242\001O#jz\277b\342\241\260\030\326\277\333\303\004\361\2737\243H\236\t\215\263K:""; "
1750554974891,1750554974891,1878,1,3,2,TMValidation,"validation: """"\200\000\000\000&\000\000\000\002)/\352\025\335:c\016\231\375\2438\\353Q?\256\336y\324\026M\272]\205fM\0221 \237p\205\264\373\177\362\267\250\270\003\243\004\353\210\250gP\027\000\000\000\000\000\000\000\000\000\000\000\000\000\000\000\000\000\000\000\000\000\000\000\000\000\000\000\000\000\000\000\000P\031-}\351f\032\255\274\334m\326c\017\014ao[\342\230\003\245\245\3341Hm\326^\017jy\335\261s!\003\014}\246\253\247\326\267P\302\342:\267&\375\036d\013\375\230\236\226\207\332\267\005\016\325\334r\346Q\333vG0E\002!\000\366DU\006\022\341\367a\000Ove\333\3339\221\255\252\023i\252\236g0\356T\220\027\0309\005*\002 \027\024a;\242\001O#jz\277b\342\241\260\030\326\277\333\303\004\361\2737\243H\236\t\215\263K:""; ","validation: """"\200\000\000\000&\000\000\000\002)/\352\025\335:c\016\231\375\2438\\353Q?\256\336y\324\026M\272]\205fM\0221 \237p\205\264\373\177\362\267\250\270\003\243\004\353\210\250gP\027\000\000\000\000\000\000\000\000\000\000\000\000\000\000\000\000\000\000\000\000\000\000\000\000\000\000\000\000\000\000\000\000P\031-}\351f\032\255\274\334m\326c\017\014ao[\342\230\003\245\245\3341Hm\326^\017jy\335\261s!\003\014}\246\253\247\326\267P\302\342:\267&\375\036d\013\375\230\236\226\207\332\267\005\016\325\334r\346Q\333vG0E\002!\000\366DU\006\022\341\367a\000Ove\333\3339\221\255\252\023i\252\236g0\356T\220\027\0309\005*\002 \027\024a;\242\001O#jz\277b\342\241\260\030\326\277\333\303\004\361\2737\243H\236\t\215\263K:""; "
1750554974994,1750554974994,1878,1,3,2,TMValidation,"validation: """"\200\000\000\000&\000\000\000\002)/\352\025\335:\005\335\317Y\345\332\360\261Q?\256\336y\324\026M\272]\205fM\0221 \237p\205\264\373\177\362\267\250\270\003\243\004\353\210\250gP\027\000\000\000\000\000\000\000\000\000\000\000\000\000\000\000\000\000\000\000\000\000\000\000\000\000\000\000\000\000\000\000\000P\031-}\351f\032\255\274\334m\326c\017\014ao[\342\230\003\245\245\3341Hm\326^\017jy\335\261s!\002\203\234\253\325\333\332\276\223y;\250+B\323"" Hg\303\030\n\303\345\255\330\223\n\240\260\032\305!vF0D\002 \002\247\225\335z+\212\007\024\222j<4\216\241\252M\212\023\025#u\306t8\034\260u1J\241\357\002 vZz\026\340W\331\276\216q\341\263\313\004\214\201i\035!\3377\264s\226X\001\317o""p\307\346""; ","validation: """"\200\000\000\000&\000\000\000\002)/\352\025\335:\005\335\317Y\345\332\360\261Q?\256\336y\324\026M\272]\205fM\0221 \237p\205\264\373\177\362\267\250\270\003\243\004\353\210\250gP\027\000\000\000\000\000\000\000\000\000\000\000\000\000\000\000\000\000\000\000\000\000\000\000\000\000\000\000\000\000\000\000\000P\031-}\351f\032\255\274\334m\326c\017\014ao[\342\230\003\245\245\3341Hm\326^\017jy\335\261s!\002\203\234\253\325\333\332\276\223y;\250+B\323"" Hg\303\030\n\303\345\255\330\223\n\240\260\032\305!vF0D\002 \002\247\225\335z+\212\007\024\222j<4\216\241\252M\212\023\025#u\306t8\034\260u1J\241\357\002 vZz\026\340W\331\276\216q\341\263\313\004\214\201i\035!\3377\264s\226X\001\317o""p\307\346""; "
1750554974994,1750554974995,2655,1,3,4,TMValidation,"validation: """"\200\000\000\000&\000\000\000\002)/\352\025\335:\005\335\317Y\345\332\360\261Q?\256\336y\324\026M\272]\205fM\0221 \237p\205\264\373\177\362\267\250\270\003\243\004\353\210\250gP\027\000\000\000\000\000\000\000\000\000\000\000\000\000\000\000\000\000\000\000\000\000\000\000\000\000\000\000\000\000\000\000\000P\031-}\351f\032\255\274\334m\326c\017\014ao[\342\230\003\245\245\3341Hm\326^\017jy\335\261s!\002\203\234\253\325\333\332\276\223y;\250+B\323"" Hg\303\030\n\303\345\255\330\223\n\240\260\032\305!vF0D\002 \002\247\225\335z+\212\007\024\222j<4\216\241\252M\212\023\025#u\306t8\034\260u1J\241\357\002 vZz\026\340W\331\276\216q\341\263\313\004\214\201i\035!\3377\264s\226X\001\317o""p\307\346""; ","validation: """"\200\000\000\000&\000\000\000\002)/\352\025\335:\005\335\317Y\345\332\360\261Q?\256\336y\324\026M\272]\205fM\0221 \237p\205\264\373\177\362\267\250\270\003\243\004\353\210\250gP\027\000\000\000\000\000\000\000\000\000\000\000\000\000\000\000\000\000\000\000\000\000\000\000\000\000\000\000\000\000\000\000\000P\031-}\351f\032\255\274\334m\326c\017\014ao[\342\230\003\245\245\3341Hm\326^\017jy\335\261s!\002\203\234\253\325\333\332\276\223y;\250+B\323"" Hg\303\030\n\303\345\255\330\223\n\240\260\032\305!vF0D\002 \002\247\225\335z+\212\007\024\222j<4\216\241\252M\212\023\025#u\306t8\034\260u1J\241\357\002 vZz\026\340W\331\276\216q\341\263\313\004\214\201i\035!\3377\264s\226X\001\317o""p\307\346""; "
1750554974995,1750554974995,3188,1,3,1,TMValidation,"validation: """"\200\000\000\000&\000\000\000\002)/\352\025\335:\005\335\317Y\345\332\360\261Q?\256\336y\324\026M\272]\205fM\0221 \237p\205\264\373\177\362\267\250\270\003\243\004\353\210\250gP\027\000\000\000\000\000\000\000\000\000\000\000\000\000\000\000\000\000\000\000\000\000\000\000\000\000\000\000\000\000\000\000\000P\031-}\351f\032\255\274\334m\326c\017\014ao[\342\230\003\245\245\3341Hm\326^\017jy\335\261s!\002\203\234\253\325\333\332\276\223y;\250+B\323"" Hg\303\030\n\303\345\255\330\223\n\240\260\032\305!vF0D\002 \002\247\225\335z+\212\007\024\222j<4\216\241\252M\212\023\025#u\306t8\034\260u1J\241\357\002 vZz\026\340W\331\276\216q\341\263\313\004\214\201i\035!\3377\264s\226X\001\317o""p\307\346""; ","validation: """"\200\000\000\000&\000\000\000\002)/\352\025\335:\005\335\317Y\345\332\360\261Q?\256\336y\324\026M\272]\205fM\0221 \237p\205\264\373\177\362\267\250\270\003\243\004\353\210\250gP\027\000\000\000\000\000\000\000\000\000\000\000\000\000\000\000\000\000\000\000\000\000\000\000\000\000\000\000\000\000\000\000\000P\031-}\351f\032\255\274\334m\326c\017\014ao[\342\230\003\245\245\3341Hm\326^\017jy\335\261s!\002\203\234\253\325\333\332\276\223y;\250+B\323"" Hg\303\030\n\303\345\255\330\223\n\240\260\032\305!vF0D\002 \002\247\225\335z+\212\007\024\222j<4\216\241\252M\212\023\025#u\306t8\034\260u1J\241\357\002 vZz\026\340W\331\276\216q\341\263\313\004\214\201i\035!\3377\264s\226X\001\317o""p\307\346""; "
1750554975014,1750554975014,2875,1,2,3,TMValidation,"validation: """"\200\000\000\000&\000\000\000\002)/\352\025\335:\005\335\317Y\345\332\360\261Q?\256\336y\324\026M\272]\205fM\0221 \237p\205\264\373\177\362\267\250\270\003\243\004\353\210\250gP\027\000\000\000\000\000\000\000\000\000\000\000\000\000\000\000\000\000\000\000\000\000\000\000\000\000\000\000\000\000\000\000\000P\031-}\351f\032\255\274\334m\326c\017\014ao[\342\230\003\245\245\3341Hm\326^\017jy\335\261s!\002\203\234\253\325\333\332\276\223y;\250+B\323"" Hg\303\030\n\303\345\255\330\223\n\240\260\032\305!vF0D\002 \002\247\225\335z+\212\007\024\222j<4\216\241\252M\212\023\025#u\306t8\034\260u1J\241\357\002 vZz\026\340W\331\276\216q\341\263\313\004\214\201i\035!\3377\264s\226X\001\317o""p\307\346""; ","validation: """"\200\000\000\000&\000\000\000\002)/\352\025\335:\005\335\317Y\345\332\360\261Q?\256\336y\324\026M\272]\205fM\0221 \237p\205\264\373\177\362\267\250\270\003\243\004\353\210\250gP\027\000\000\000\000\000\000\000\000\000\000\000\000\000\000\000\000\000\000\000\000\000\000\000\000\000\000\000\000\000\000\000\000P\031-}\351f\032\255\274\334m\326c\017\014ao[\342\230\003\245\245\3341Hm\326^\017jy\335\261s!\002\203\234\253\325\333\332\276\223y;\250+B\323"" Hg\303\030\n\303\345\255\330\223\n\240\260\032\305!vF0D\002 \002\247\225\335z+\212\007\024\222j<4\216\241\252M\212\023\025#u\306t8\034\260u1J\241\357\002 vZz\026\340W\331\276\216q\341\263\313\004\214\201i\035!\3377\264s\226X\001\317o""p\307\346""; "
1750554975014,1750554975014,2455,1,2,4,TMValidation,"validation: """"\200\000\000\000&\000\000\000\002)/\352\025\335:\005\335\317Y\345\332\360\261Q?\256\336y\324\026M\272]\205fM\0221 \237p\205\264\373\177\362\267\250\270\003\243\004\353\210\250gP\027\000\000\000\000\000\000\000\000\000\000\000\000\000\000\000\000\000\000\000\000\000\000\000\000\000\000\000\000\000\000\000\000P\031-}\351f\032\255\274\334m\326c\017\014ao[\342\230\003\245\245\3341Hm\326^\017jy\335\261s!\002\203\234\253\325\333\332\276\223y;\250+B\323"" Hg\303\030\n\303\345\255\330\223\n\240\260\032\305!vF0D\002 \002\247\225\335z+\212\007\024\222j<4\216\241\252M\212\023\025#u\306t8\034\260u1J\241\357\002 vZz\026\340W\331\276\216q\341\263\313\004\214\201i\035!\3377\264s\226X\001\317o""p\307\346""; ","validation: """"\200\000\000\000&\000\000\000\002)/\352\025\335:\005\335\317Y\345\332\360\261Q?\256\336y\324\026M\272]\205fM\0221 \237p\205\264\373\177\362\267\250\270\003\243\004\353\210\250gP\027\000\000\000\000\000\000\000\000\000\000\000\000\000\000\000\000\000\000\000\000\000\000\000\000\000\000\000\000\000\000\000\000P\031-}\351f\032\255\274\334m\326c\017\014ao[\342\230\003\245\245\3341Hm\326^\017jy\335\261s!\002\203\234\253\325\333\332\276\223y;\250+B\323"" Hg\303\030\n\303\345\255\330\223\n\240\260\032\305!vF0D\002 \002\247\225\335z+\212\007\024\222j<4\216\241\252M\212\023\025#u\306t8\034\260u1J\241\357\002 vZz\026\340W\331\276\216q\341\263\313\004\214\201i\035!\3377\264s\226X\001\317o""p\307\346""; "
1750554975014,1750554975015,250,1,2,1,TMValidation,"validation: """"\200\000\000\000&\000\000\000\002)/\352\025\335:\005\335\317Y\345\332\360\261Q?\256\336y\324\026M\272]\205fM\0221 \237p\205\264\373\177\362\267\250\270\003\243\004\353\210\250gP\027\000\000\000\000\000\000\000\000\000\000\000\000\000\000\000\000\000\000\000\000\000\000\000\000\000\000\000\000\000\000\000\000P\031-}\351f\032\255\274\334m\326c\017\014ao[\342\230\003\245\245\3341Hm\326^\017jy\335\261s!\002\203\234\253\325\333\332\276\223y;\250+B\323"" Hg\303\030\n\303\345\255\330\223\n\240\260\032\305!vF0D\002 \002\247\225\335z+\212\007\024\222j<4\216\241\252M\212\023\025#u\306t8\034\260u1J\241\357\002 vZz\026\340W\331\276\216q\341\263\313\004\214\201i\035!\3377\264s\226X\001\317o""p\307\346""; ","validation: """"\200\000\000\000&\000\000\000\002)/\352\025\335:\005\335\317Y\345\332\360\261Q?\256\336y\324\026M\272]\205fM\0221 \237p\205\264\373\177\362\267\250\270\003\243\004\353\210\250gP\027\000\000\000\000\000\000\000\000\000\000\000\000\000\000\000\000\000\000\000\000\000\000\000\000\000\000\000\000\000\000\000\000P\031-}\351f\032\255\274\334m\326c\017\014ao[\342\230\003\245\245\3341Hm\326^\017jy\335\261s!\002\203\234\253\325\333\332\276\223y;\250+B\323"" Hg\303\030\n\303\345\255\330\223\n\240\260\032\305!vF0D\002 \002\247\225\335z+\212\007\024\222j<4\216\241\252M\212\023\025#u\306t8\034\260u1J\241\357\002 vZz\026\340W\331\276\216q\341\263\313\004\214\201i\035!\3377\264s\226X\001\317o""p\307\346""; "
1750554975079,1750554975079,2655,1,3,4,TMValidation,"validation: """"\200\000\000\000&\000\000\000\002)/\352\025\336:\034\006[$\340{$\215Q?\256\336y\324\026M\272]\205fM\0221 \237p\205\264\373\177\362\267\250\270\003\243\004\353\210\250gP\027\000\000\000\000\000\000\000\000\000\000\000\000\000\000\000\000\000\000\000\000\000\000\000\000\000\000\000\000\000\000\000\000P\031-}\351f\032\255\274\334m\326c\017\014ao[\342\230\003\245\245\3341Hm\326^\017jy\335\261s!\003r\247\260\262W1v\231G\352\250p\313\031\267[k\261e{a\207j\020\217\332\242`\260*\357\332vF0D\002 QC\217^\267\0059,y\332\226\370\260\032\257]\327\3310\256e\260?\210\331\327\223\256k+n\365\002 v?r1\343(A_\260\272\270\345\322\322P\014\256\207\324nY\230Zt\361\t\231\356\252\371\312x""; ","validation: """"\200\000\000\000&\000\000\000\002)/\352\025\336:\034\006[$\340{$\215Q?\256\336y\324\026M\272]\205fM\0221 \237p\205\264\373\177\362\267\250\270\003\243\004\353\210\250gP\027\000\000\000\000\000\000\000\000\000\000\000\000\000\000\000\000\000\000\000\000\000\000\000\000\000\000\000\000\000\000\000\000P\031-}\351f\032\255\274\334m\326c\017\014ao[\342\230\003\245\245\3341Hm\326^\017jy\335\261s!\003r\247\260\262W1v\231G\352\250p\313\031\267[k\261e{a\207j\020\217\332\242`\260*\357\332vF0D\002 QC\217^\267\0059,y\332\226\370\260\032\257]\327\3310\256e\260?\210\331\327\223\256k+n\365\002 v?r1\343(A_\260\272\270\345\322\322P\014\256\207\324nY\230Zt\361\t\231\356\252\371\312x""; "
1750554975080,1750554975080,1878,1,3,2,TMValidation,"validation: """"\200\000\000\000&\000\000\000\002)/\352\025\336:\034\006[$\340{$\215Q?\256\336y\324\026M\272]\205fM\0221 \237p\205\264\373\177\362\267\250\270\003\243\004\353\210\250gP\027\000\000\000\000\000\000\000\000\000\000\000\000\000\000\000\000\000\000\000\000\000\000\000\000\000\000\000\000\000\000\000\000P\031-}\351f\032\255\274\334m\326c\017\014ao[\342\230\003\245\245\3341Hm\326^\017jy\335\261s!\003r\247\260\262W1v\231G\352\250p\313\031\267[k\261e{a\207j\020\217\332\242`\260*\357\332vF0D\002 QC\217^\267\0059,y\332\226\370\260\032\257]\327\3310\256e\260?\210\331\327\223\256k+n\365\002 v?r1\343(A_\260\272\270\345\322\322P\014\256\207\324nY\230Zt\361\t\231\356\252\371\312x""; ","validation: """"\200\000\000\000&\000\000\000\002)/\352\025\336:\034\006[$\340{$\215Q?\256\336y\324\026M\272]\205fM\0221 \237p\205\264\373\177\362\267\250\270\003\243\004\353\210\250gP\027\000\000\000\000\000\000\000\000\000\000\000\000\000\000\000\000\000\000\000\000\000\000\000\000\000\000\000\000\000\000\000\000P\031-}\351f\032\255\274\334m\326c\017\014ao[\342\230\003\245\245\3341Hm\326^\017jy\335\261s!\003r\247\260\262W1v\231G\352\250p\313\031\267[k\261e{a\207j\020\217\332\242`\260*\357\332vF0D\002 QC\217^\267\0059,y\332\226\370\260\032\257]\327\3310\256e\260?\210\331\327\223\256k+n\365\002 v?r1\343(A_\260\272\270\345\322\322P\014\256\207\324nY\230Zt\361\t\231\356\252\371\312x""; "
1750554975080,1750554975080,3188,1,3,1,TMValidation,"validation: """"\200\000\000\000&\000\000\000\002)/\352\025\336:\034\006[$\340{$\215Q?\256\336y\324\026M\272]\205fM\0221 \237p\205\264\373\177\362\267\250\270\003\243\004\353\210\250gP\027\000\000\000\000\000\000\000\000\000\000\000\000\000\000\000\000\000\000\000\000\000\000\000\000\000\000\000\000\000\000\000\000P\031-}\351f\032\255\274\334m\326c\017\014ao[\342\230\003\245\245\3341Hm\326^\017jy\335\261s!\003r\247\260\262W1v\231G\352\250p\313\031\267[k\261e{a\207j\020\217\332\242`\260*\357\332vF0D\002 QC\217^\267\0059,y\332\226\370\260\032\257]\327\3310\256e\260?\210\331\327\223\256k+n\365\002 v?r1\343(A_\260\272\270\345\322\322P\014\256\207\324nY\230Zt\361\t\231\356\252\371\312x""; ","validation: """"\200\000\000\000&\000\000\000\002)/\352\025\336:\034\006[$\340{$\215Q?\256\336y\324\026M\272]\205fM\0221 \237p\205\264\373\177\362\267\250\270\003\243\004\353\210\250gP\027\000\000\000\000\000\000\000\000\000\000\000\000\000\000\000\000\000\000\000\000\000\000\000\000\000\000\000\000\000\000\000\000P\031-}\351f\032\255\274\334m\326c\017\014ao[\342\230\003\245\245\3341Hm\326^\017jy\335\261s!\003r\247\260\262W1v\231G\352\250p\313\031\267[k\261e{a\207j\020\217\332\242`\260*\357\332vF0D\002 QC\217^\267\0059,y\332\226\370\260\032\257]\327\3310\256e\260?\210\331\327\223\256k+n\365\002 v?r1\343(A_\260\272\270\345\322\322P\014\256\207\324nY\230Zt\361\t\231\356\252\371\312x""; "
1750554975101,1750554975101,2875,1,2,3,TMValidation,"validation: """"\200\000\000\000&\000\000\000\002)/\352\025\336:\034\006[$\340{$\215Q?\256\336y\324\026M\272]\205fM\0221 \237p\205\264\373\177\362\267\250\270\003\243\004\353\210\250gP\027\000\000\000\000\000\000\000\000\000\000\000\000\000\000\000\000\000\000\000\000\000\000\000\000\000\000\000\000\000\000\000\000P\031-}\351f\032\255\274\334m\326c\017\014ao[\342\230\003\245\245\3341Hm\326^\017jy\335\261s!\003r\247\260\262W1v\231G\352\250p\313\031\267[k\261e{a\207j\020\217\332\242`\260*\357\332vF0D\002 QC\217^\267\0059,y\332\226\370\260\032\257]\327\3310\256e\260?\210\331\327\223\256k+n\365\002 v?r1\343(A_\260\272\270\345\322\322P\014\256\207\324nY\230Zt\361\t\231\356\252\371\312x""; ","validation: """"\200\000\000\000&\000\000\000\002)/\352\025\336:\034\006[$\340{$\215Q?\256\336y\324\026M\272]\205fM\0221 \237p\205\264\373\177\362\267\250\270\003\243\004\353\210\250gP\027\000\000\000\000\000\000\000\000\000\000\000\000\000\000\000\000\000\000\000\000\000\000\000\000\000\000\000\000\000\000\000\000P\031-}\351f\032\255\274\334m\326c\017\014ao[\342\230\003\245\245\3341Hm\326^\017jy\335\261s!\003r\247\260\262W1v\231G\352\250p\313\031\267[k\261e{a\207j\020\217\332\242`\260*\357\332vF0D\002 QC\217^\267\0059,y\332\226\370\260\032\257]\327\3310\256e\260?\210\331\327\223\256k+n\365\002 v?r1\343(A_\260\272\270\345\322\322P\014\256\207\324nY\230Zt\361\t\231\356\252\371\312x""; "
1750554975102,1750554975102,250,1,2,1,TMValidation,"validation: """"\200\000\000\000&\000\000\000\002)/\352\025\336:\034\006[$\340{$\215Q?\256\336y\324\026M\272]\205fM\0221 \237p\205\264\373\177\362\267\250\270\003\243\004\353\210\250gP\027\000\000\000\000\000\000\000\000\000\000\000\000\000\000\000\000\000\000\000\000\000\000\000\000\000\000\000\000\000\000\000\000P\031-}\351f\032\255\274\334m\326c\017\014ao[\342\230\003\245\245\3341Hm\326^\017jy\335\261s!\003r\247\260\262W1v\231G\352\250p\313\031\267[k\261e{a\207j\020\217\332\242`\260*\357\332vF0D\002 QC\217^\267\0059,y\332\226\370\260\032\257]\327\3310\256e\260?\210\331\327\223\256k+n\365\002 v?r1\343(A_\260\272\270\345\322\322P\014\256\207\324nY\230Zt\361\t\231\356\252\371\312x""; ","validation: """"\200\000\000\000&\000\000\000\002)/\352\025\336:\034\006[$\340{$\215Q?\256\336y\324\026M\272]\205fM\0221 \237p\205\264\373\177\362\267\250\270\003\243\004\353\210\250gP\027\000\000\000\000\000\000\000\000\000\000\000\000\000\000\000\000\000\000\000\000\000\000\000\000\000\000\000\000\000\000\000\000P\031-}\351f\032\255\274\334m\326c\017\014ao[\342\230\003\245\245\3341Hm\326^\017jy\335\261s!\003r\247\260\262W1v\231G\352\250p\313\031\267[k\261e{a\207j\020\217\332\242`\260*\357\332vF0D\002 QC\217^\267\0059,y\332\226\370\260\032\257]\327\3310\256e\260?\210\331\327\223\256k+n\365\002 v?r1\343(A_\260\272\270\345\322\322P\014\256\207\324nY\230Zt\361\t\231\356\252\371\312x""; "
1750554975103,1750554975103,2455,1,2,4,TMValidation,"validation: """"\200\000\000\000&\000\000\000\002)/\352\025\336:\034\006[$\340{$\215Q?\256\336y\324\026M\272]\205fM\0221 \237p\205\264\373\177\362\267\250\270\003\243\004\353\210\250gP\027\000\000\000\000\000\000\000\000\000\000\000\000\000\000\000\000\000\000\000\000\000\000\000\000\000\000\000\000\000\000\000\000P\031-}\351f\032\255\274\334m\326c\017\014ao[\342\230\003\245\245\3341Hm\326^\017jy\335\261s!\003r\247\260\262W1v\231G\352\250p\313\031\267[k\261e{a\207j\020\217\332\242`\260*\357\332vF0D\002 QC\217^\267\0059,y\332\226\370\260\032\257]\327\3310\256e\260?\210\331\327\223\256k+n\365\002 v?r1\343(A_\260\272\270\345\322\322P\014\256\207\324nY\230Zt\361\t\231\356\252\371\312x""; ","validation: """"\200\000\000\000&\000\000\000\002)/\352\025\336:\034\006[$\340{$\215Q?\256\336y\324\026M\272]\205fM\0221 \237p\205\264\373\177\362\267\250\270\003\243\004\353\210\250gP\027\000\000\000\000\000\000\000\000\000\000\000\000\000\000\000\000\000\000\000\000\000\000\000\000\000\000\000\000\000\000\000\000P\031-}\351f\032\255\274\334m\326c\017\014ao[\342\230\003\245\245\3341Hm\326^\017jy\335\261s!\003r\247\260\262W1v\231G\352\250p\313\031\267[k\261e{a\207j\020\217\332\242`\260*\357\332vF0D\002 QC\217^\267\0059,y\332\226\370\260\032\257]\327\3310\256e\260?\210\331\327\223\256k+n\365\002 v?r1\343(A_\260\272\270\345\322\322P\014\256\207\324nY\230Zt\361\t\231\356\252\371\312x""; "
1750554975353,1750554975354,3481,1,1,4,TMValidation,"validation: """"\200\000\000\000&\000\000\000\002)/\352\025\336:\034\006[$\340{$\215Q?\256\336y\324\026M\272]\205fM\0221 \237p\205\264\373\177\362\267\250\270\003\243\004\353\210\250gP\027\000\000\000\000\000\000\000\000\000\000\000\000\000\000\000\000\000\000\000\000\000\000\000\000\000\000\000\000\000\000\000\000P\031-}\351f\032\255\274\334m\326c\017\014ao[\342\230\003\245\245\3341Hm\326^\017jy\335\261s!\003r\247\260\262W1v\231G\352\250p\313\031\267[k\261e{a\207j\020\217\332\242`\260*\357\332vF0D\002 QC\217^\267\0059,y\332\226\370\260\032\257]\327\3310\256e\260?\210\331\327\223\256k+n\365\002 v?r1\343(A_\260\272\270\345\322\322P\014\256\207\324nY\230Zt\361\t\231\356\252\371\312x""; ","validation: """"\200\000\000\000&\000\000\000\002)/\352\025\336:\034\006[$\340{$\215Q?\256\336y\324\026M\272]\205fM\0221 \237p\205\264\373\177\362\267\250\270\003\243\004\353\210\250gP\027\000\000\000\000\000\000\000\000\000\000\000\000\000\000\000\000\000\000\000\000\000\000\000\000\000\000\000\000\000\000\000\000P\031-}\351f\032\255\274\334m\326c\017\014ao[\342\230\003\245\245\3341Hm\326^\017jy\335\261s!\003r\247\260\262W1v\231G\352\250p\313\031\267[k\261e{a\207j\020\217\332\242`\260*\357\332vF0D\002 QC\217^\267\0059,y\332\226\370\260\032\257]\327\3310\256e\260?\210\331\327\223\256k+n\365\002 v?r1\343(A_\260\272\270\345\322\322P\014\256\207\324nY\230Zt\361\t\231\356\252\371\312x""; "
1750554975354,1750554975354,1249,1,1,3,TMValidation,"validation: """"\200\000\000\000&\000\000\000\002)/\352\025\336:\034\006[$\340{$\215Q?\256\336y\324\026M\272]\205fM\0221 \237p\205\264\373\177\362\267\250\270\003\243\004\353\210\250gP\027\000\000\000\000\000\000\000\000\000\000\000\000\000\000\000\000\000\000\000\000\000\000\000\000\000\000\000\000\000\000\000\000P\031-}\351f\032\255\274\334m\326c\017\014ao[\342\230\003\245\245\3341Hm\326^\017jy\335\261s!\003r\247\260\262W1v\231G\352\250p\313\031\267[k\261e{a\207j\020\217\332\242`\260*\357\332vF0D\002 QC\217^\267\0059,y\332\226\370\260\032\257]\327\3310\256e\260?\210\331\327\223\256k+n\365\002 v?r1\343(A_\260\272\270\345\322\322P\014\256\207\324nY\230Zt\361\t\231\356\252\371\312x""; ","validation: """"\200\000\000\000&\000\000\000\002)/\352\025\336:\034\006[$\340{$\215Q?\256\336y\324\026M\272]\205fM\0221 \237p\205\264\373\177\362\267\250\270\003\243\004\353\210\250gP\027\000\000\000\000\000\000\000\000\000\000\000\000\000\000\000\000\000\000\000\000\000\000\000\000\000\000\000\000\000\000\000\000P\031-}\351f\032\255\274\334m\326c\017\014ao[\342\230\003\245\245\3341Hm\326^\017jy\335\261s!\003r\247\260\262W1v\231G\352\250p\313\031\267[k\261e{a\207j\020\217\332\242`\260*\357\332vF0D\002 QC\217^\267\0059,y\332\226\370\260\032\257]\327\3310\256e\260?\210\331\327\223\256k+n\365\002 v?r1\343(A_\260\272\270\345\322\322P\014\256\207\324nY\230Zt\361\t\231\356\252\371\312x""; "
1750554975354,1750554975354,3000,1,1,0,TMValidation,"validation: """"\200\000\000\000&\000\000\000\002)/\352\025\336:\034\006[$\340{$\215Q?\256\336y\324\026M\272]\205fM\0221 \237p\205\264\373\177\362\267\250\270\003\243\004\353\210\250gP\027\000\000\000\000\000\000\000\000\000\000\000\000\000\000\000\000\000\000\000\000\000\000\000\000\000\000\000\000\000\000\000\000P\031-}\351f\032\255\274\334m\326c\017\014ao[\342\230\003\245\245\3341Hm\326^\017jy\335\261s!\003r\247\260\262W1v\231G\352\250p\313\031\267[k\261e{a\207j\020\217\332\242`\260*\357\332vF0D\002 QC\217^\267\0059,y\332\226\370\260\032\257]\327\3310\256e\260?\210\331\327\223\256k+n\365\002 v?r1\343(A_\260\272\270\345\322\322P\014\256\207\324nY\230Zt\361\t\231\356\252\371\312x""; ","validation: """"\200\000\000\000&\000\000\000\002)/\352\025\336:\034\006[$\340{$\215Q?\256\336y\324\026M\272]\205fM\0221 \237p\205\264\373\177\362\267\250\270\003\243\004\353\210\250gP\027\000\000\000\000\000\000\000\000\000\000\000\000\000\000\000\000\000\000\000\000\000\000\000\000\000\000\000\000\000\000\000\000P\031-}\351f\032\255\274\334m\326c\017\014ao[\342\230\003\245\245\3341Hm\326^\017jy\335\261s!\003r\247\260\262W1v\231G\352\250p\313\031\267[k\261e{a\207j\020\217\332\242`\260*\357\332vF0D\002 QC\217^\267\0059,y\332\226\370\260\032\257]\327\3310\256e\260?\210\331\327\223\256k+n\365\002 v?r1\343(A_\260\272\270\345\322\322P\014\256\207\324nY\230Zt\361\t\231\356\252\371\312x""; "
1750554975505,1750554975505,2455,1,2,4,TMValidation,"validation: """"\200\000\000\000&\000\000\000\002)/\352\025\335:c\016\231\375\2438\\353Q?\256\336y\324\026M\272]\205fM\0221 \237p\205\264\373\177\362\267\250\270\003\243\004\353\210\250gP\027\000\000\000\000\000\000\000\000\000\000\000\000\000\000\000\000\000\000\000\000\000\000\000\000\000\000\000\000\000\000\000\000P\031-}\351f\032\255\274\334m\326c\017\014ao[\342\230\003\245\245\3341Hm\326^\017jy\335\261s!\003\014}\246\253\247\326\267P\302\342:\267&\375\036d\013\375\230\236\226\207\332\267\005\016\325\334r\346Q\333vG0E\002!\000\366DU\006\022\341\367a\000Ove\333\3339\221\255\252\023i\252\236g0\356T\220\027\0309\005*\002 \027\024a;\242\001O#jz\277b\342\241\260\030\326\277\333\303\004\361\2737\243H\236\t\215\263K:""; ","validation: """"\200\000\000\000&\000\000\000\002)/\352\025\335:c\016\231\375\2438\\353Q?\256\336y\324\026M\272]\205fM\0221 \237p\205\264\373\177\362\267\250\270\003\243\004\353\210\250gP\027\000\000\000\000\000\000\000\000\000\000\000\000\000\000\000\000\000\000\000\000\000\000\000\000\000\000\000\000\000\000\000\000P\031-}\351f\032\255\274\334m\326c\017\014ao[\342\230\003\245\245\3341Hm\326^\017jy\335\261s!\003\014}\246\253\247\326\267P\302\342:\267&\375\036d\013\375\230\236\226\207\332\267\005\016\325\334r\346Q\333vG0E\002!\000\366DU\006\022\341\367a\000Ove\333\3339\221\255\252\023i\252\236g0\356T\220\027\0309\005*\002 \027\024a;\242\001O#jz\277b\342\241\260\030\326\277\333\303\004\361\2737\243H\236\t\215\263K:""; "
1750554975505,1750554975505,2875,1,2,3,TMValidation,"validation: """"\200\000\000\000&\000\000\000\002)/\352\025\335:c\016\231\375\2438\\353Q?\256\336y\324\026M\272]\205fM\0221 \237p\205\264\373\177\362\267\250\270\003\243\004\353\210\250gP\027\000\000\000\000\000\000\000\000\000\000\000\000\000\000\000\000\000\000\000\000\000\000\000\000\000\000\000\000\000\000\000\000P\031-}\351f\032\255\274\334m\326c\017\014ao[\342\230\003\245\245\3341Hm\326^\017jy\335\261s!\003\014}\246\253\247\326\267P\302\342:\267&\375\036d\013\375\230\236\226\207\332\267\005\016\325\334r\346Q\333vG0E\002!\000\366DU\006\022\341\367a\000Ove\333\3339\221\255\252\023i\252\236g0\356T\220\027\0309\005*\002 \027\024a;\242\001O#jz\277b\342\241\260\030\326\277\333\303\004\361\2737\243H\236\t\215\263K:""; ","validation: """"\200\000\000\000&\000\000\000\002)/\352\025\335:c\016\231\375\2438\\353Q?\256\336y\324\026M\272]\205fM\0221 \237p\205\264\373\177\362\267\250\270\003\243\004\353\210\250gP\027\000\000\000\000\000\000\000\000\000\000\000\000\000\000\000\000\000\000\000\000\000\000\000\000\000\000\000\000\000\000\000\000P\031-}\351f\032\255\274\334m\326c\017\014ao[\342\230\003\245\245\3341Hm\326^\017jy\335\261s!\003\014}\246\253\247\326\267P\302\342:\267&\375\036d\013\375\230\236\226\207\332\267\005\016\325\334r\346Q\333vG0E\002!\000\366DU\006\022\341\367a\000Ove\333\3339\221\255\252\023i\252\236g0\356T\220\027\0309\005*\002 \027\024a;\242\001O#jz\277b\342\241\260\030\326\277\333\303\004\361\2737\243H\236\t\215\263K:""; "
1750554975514,1750554975514,1871,1,2,0,TMValidation,"validation: """"\200\000\000\000&\000\000\000\002)/\352\025\335:c\016\231\375\2438\\353Q?\256\336y\324\026M\272]\205fM\0221 \237p\205\264\373\177\362\267\250\270\003\243\004\353\210\250gP\027\000\000\000\000\000\000\000\000\000\000\000\000\000\000\000\000\000\000\000\000\000\000\000\000\000\000\000\000\000\000\000\000P\031-}\351f\032\255\274\334m\326c\017\014ao[\342\230\003\245\245\3341Hm\326^\017jy\335\261s!\003\014}\246\253\247\326\267P\302\342:\267&\375\036d\013\375\230\236\226\207\332\267\005\016\325\334r\346Q\333vG0E\002!\000\366DU\006\022\341\367a\000Ove\333\3339\221\255\252\023i\252\236g0\356T\220\027\0309\005*\002 \027\024a;\242\001O#jz\277b\342\241\260\030\326\277\333\303\004\361\2737\243H\236\t\215\263K:""; ","validation: """"\200\000\000\000&\000\000\000\002)/\352\025\335:c\016\231\375\2438\\353Q?\256\336y\324\026M\272]\205fM\0221 \237p\205\264\373\177\362\267\250\270\003\243\004\353\210\250gP\027\000\000\000\000\000\000\000\000\000\000\000\000\000\000\000\000\000\000\000\000\000\000\000\000\000\000\000\000\000\000\000\000P\031-}\351f\032\255\274\334m\326c\017\014ao[\342\230\003\245\245\3341Hm\326^\017jy\335\261s!\003\014}\246\253\247\326\267P\302\342:\267&\375\036d\013\375\230\236\226\207\332\267\005\016\325\334r\346Q\333vG0E\002!\000\366DU\006\022\341\367a\000Ove\333\3339\221\255\252\023i\252\236g0\356T\220\027\0309\005*\002 \027\024a;\242\001O#jz\277b\342\241\260\030\326\277\333\303\004\361\2737\243H\236\t\215\263K:""; "
1750554975515,1750554975516,2793,1,3,0,TMValidation,"validation: """"\200\000\000\000&\000\000\000\002)/\352\025\336:\327^\220\264\371\235\346\371Q?\256\336y\324\026M\272]\205fM\0221 \237p\205\264\373\177\362\267\250\270\003\243\004\353\210\250gP\027\000\000\000\000\000\000\000\000\000\000\000\000\000\000\000\000\000\000\000\000\000\000\000\000\000\000\000\000\000\000\000\000P\031-}\351f\032\255\274\334m\326c\017\014ao[\342\230\003\245\245\3341Hm\326^\017jy\335\261s!\003\377\373k5_\032\3369\270\342\273n(r\273\207{\327\250/\370I\221Q\224\244\335\320\006\305\376qvF0D\002 [\271#7\003;\356\354\2001\346\020$!\262\262\316o\315\226\330(+C\026D\234f\304\365\362\263\002 \032w!1\324\307\311\326\310\342\255\346\240K\021\236\350 \213A\273\027\2376U\227\356n9\211\215\331""; ","validation: """"\200\000\000\000&\000\000\000\002)/\352\025\336:\327^\220\264\371\235\346\371Q?\256\336y\324\026M\272]\205fM\0221 \237p\205\264\373\177\362\267\250\270\003\243\004\353\210\250gP\027\000\000\000\000\000\000\000\000\000\000\000\000\000\000\000\000\000\000\000\000\000\000\000\000\000\000\000\000\000\000\000\000P\031-}\351f\032\255\274\334m\326c\017\014ao[\342\230\003\245\245\3341Hm\326^\017jy\335\261s!\003\377\373k5_\032\3369\270\342\273n(r\273\207{\327\250/\370I\221Q\224\244\335\320\006\305\376qvF0D\002 [\271#7\003;\356\354\2001\346\020$!\262\262\316o\315\226\330(+C\026D\234f\304\365\362\263\002 \032w!1\324\307\311\326\310\342\255\346\240K\021\236\350 \213A\273\027\2376U\227\356n9\211\215\331""; "
1750554975516,1750554975516,1878,1,3,2,TMValidation,"validation: """"\200\000\000\000&\000\000\000\002)/\352\025\336:\327^\220\264\371\235\346\371Q?\256\336y\324\026M\272]\205fM\0221 \237p\205\264\373\177\362\267\250\270\003\243\004\353\210\250gP\027\000\000\000\000\000\000\000\000\000\000\000\000\000\000\000\000\000\000\000\000\000\000\000\000\000\000\000\000\000\000\000\000P\031-}\351f\032\255\274\334m\326c\017\014ao[\342\230\003\245\245\3341Hm\326^\017jy\335\261s!\003\377\373k5_\032\3369\270\342\273n(r\273\207{\327\250/\370I\221Q\224\244\335\320\006\305\376qvF0D\002 [\271#7\003;\356\354\2001\346\020$!\262\262\316o\315\226\330(+C\026D\234f\304\365\362\263\002 \032w!1\324\307\311\326\310\342\255\346\240K\021\236\350 \213A\273\027\2376U\227\356n9\211\215\331""; ","validation: """"\200\000\000\000&\000\000\000\002)/\352\025\336:\327^\220\264\371\235\346\371Q?\256\336y\324\026M\272]\205fM\0221 \237p\205\264\373\177\362\267\250\270\003\243\004\353\210\250gP\027\000\000\000\000\000\000\000\000\000\000\000\000\000\000\000\000\000\000\000\000\000\000\000\000\000\000\000\000\000\000\000\000P\031-}\351f\032\255\274\334m\326c\017\014ao[\342\230\003\245\245\3341Hm\326^\017jy\335\261s!\003\377\373k5_\032\3369\270\342\273n(r\273\207{\327\250/\370I\221Q\224\244\335\320\006\305\376qvF0D\002 [\271#7\003;\356\354\2001\346\020$!\262\262\316o\315\226\330(+C\026D\234f\304\365\362\263\002 \032w!1\324\307\311\326\310\342\255\346\240K\021\236\350 \213A\273\027\2376U\227\356n9\211\215\331""; "
1750554975517,1750554975517,2655,1,3,4,TMValidation,"validation: """"\200\000\000\000&\000\000\000\002)/\352\025\336:\327^\220\264\371\235\346\371Q?\256\336y\324\026M\272]\205fM\0221 \237p\205\264\373\177\362\267\250\270\003\243\004\353\210\250gP\027\000\000\000\000\000\000\000\000\000\000\000\000\000\000\000\000\000\000\000\000\000\000\000\000\000\000\000\000\000\000\000\000P\031-}\351f\032\255\274\334m\326c\017\014ao[\342\230\003\245\245\3341Hm\326^\017jy\335\261s!\003\377\373k5_\032\3369\270\342\273n(r\273\207{\327\250/\370I\221Q\224\244\335\320\006\305\376qvF0D\002 [\271#7\003;\356\354\2001\346\020$!\262\262\316o\315\226\330(+C\026D\234f\304\365\362\263\002 \032w!1\324\307\311\326\310\342\255\346\240K\021\236\350 \213A\273\027\2376U\227\356n9\211\215\331""; ","validation: """"\200\000\000\000&\000\000\000\002)/\352\025\336:\327^\220\264\371\235\346\371Q?\256\336y\324\026M\272]\205fM\0221 \237p\205\264\373\177\362\267\250\270\003\243\004\353\210\250gP\027\000\000\000\000\000\000\000\000\000\000\000\000\000\000\000\000\000\000\000\000\000\000\000\000\000\000\000\000\000\000\000\000P\031-}\351f\032\255\274\334m\326c\017\014ao[\342\230\003\245\245\3341Hm\326^\017jy\335\261s!\003\377\373k5_\032\3369\270\342\273n(r\273\207{\327\250/\370I\221Q\224\244\335\320\006\305\376qvF0D\002 [\271#7\003;\356\354\2001\346\020$!\262\262\316o\315\226\330(+C\026D\234f\304\365\362\263\002 \032w!1\324\307\311\326\310\342\255\346\240K\021\236\350 \213A\273\027\2376U\227\356n9\211\215\331""; "
1750554975874,1750554975875,2573,1,0,4,TMValidation,"validation: """"\200\000\000\000&\000\000\000\002)/\352\025\336:\327^\220\264\371\235\346\371Q?\256\336y\324\026M\272]\205fM\0221 \237p\205\264\373\177\362\267\250\270\003\243\004\353\210\250gP\027\000\000\000\000\000\000\000\000\000\000\000\000\000\000\000\000\000\000\000\000\000\000\000\000\000\000\000\000\000\000\000\000P\031-}\351f\032\255\274\334m\326c\017\014ao[\342\230\003\245\245\3341Hm\326^\017jy\335\261s!\003\377\373k5_\032\3369\270\342\273n(r\273\207{\327\250/\370I\221Q\224\244\335\320\006\305\376qvF0D\002 [\271#7\003;\356\354\2001\346\020$!\262\262\316o\315\226\330(+C\026D\234f\304\365\362\263\002 \032w!1\324\307\311\326\310\342\255\346\240K\021\236\350 \213A\273\027\2376U\227\356n9\211\215\331""; ","validation: """"\200\000\000\000&\000\000\000\002)/\352\025\336:\327^\220\264\371\235\346\371Q?\256\336y\324\026M\272]\205fM\0221 \237p\205\264\373\177\362\267\250\270\003\243\004\353\210\250gP\027\000\000\000\000\000\000\000\000\000\000\000\000\000\000\000\000\000\000\000\000\000\000\000\000\000\000\000\000\000\000\000\000P\031-}\351f\032\255\274\334m\326c\017\014ao[\342\230\003\245\245\3341Hm\326^\017jy\335\261s!\003\377\373k5_\032\3369\270\342\273n(r\273\207{\327\250/\370I\221Q\224\244\335\320\006\305\376qvF0D\002 [\271#7\003;\356\354\2001\346\020$!\262\262\316o\315\226\330(+C\026D\234f\304\365\362\263\002 \032w!1\324\307\311\326\310\342\255\346\240K\021\236\350 \213A\273\027\2376U\227\356n9\211\215\331""; "
1750554975875,1750554975875,691,1,0,3,TMValidation,"validation: """"\200\000\000\000&\000\000\000\002)/\352\025\336:\327^\220\264\371\235\346\371Q?\256\336y\324\026M\272]\205fM\0221 \237p\205\264\373\177\362\267\250\270\003\243\004\353\210\250gP\027\000\000\000\000\000\000\000\000\000\000\000\000\000\000\000\000\000\000\000\000\000\000\000\000\000\000\000\000\000\000\000\000P\031-}\351f\032\255\274\334m\326c\017\014ao[\342\230\003\245\245\3341Hm\326^\017jy\335\261s!\003\377\373k5_\032\3369\270\342\273n(r\273\207{\327\250/\370I\221Q\224\244\335\320\006\305\376qvF0D\002 [\271#7\003;\356\354\2001\346\020$!\262\262\316o\315\226\330(+C\026D\234f\304\365\362\263\002 \032w!1\324\307\311\326\310\342\255\346\240K\021\236\350 \213A\273\027\2376U\227\356n9\211\215\331""; ","validation: """"\200\000\000\000&\000\000\000\002)/\352\025\336:\327^\220\264\371\235\346\371Q?\256\336y\324\026M\272]\205fM\0221 \237p\205\264\373\177\362\267\250\270\003\243\004\353\210\250gP\027\000\000\000\000\000\000\000\000\000\000\000\000\000\000\000\000\000\000\000\000\000\000\000\000\000\000\000\000\000\000\000\000P\031-}\351f\032\255\274\334m\326c\017\014ao[\342\230\003\245\245\3341Hm\326^\017jy\335\261s!\003\377\373k5_\032\3369\270\342\273n(r\273\207{\327\250/\370I\221Q\224\244\335\320\006\305\376qvF0D\002 [\271#7\003;\356\354\2001\346\020$!\262\262\316o\315\226\330(+C\026D\234f\304\365\362\263\002 \032w!1\324\307\311\326\310\342\255\346\240K\021\236\350 \213A\273\027\2376U\227\356n9\211\215\331""; "
1750554975875,1750554975875,2300,1,0,1,TMValidation,"validation: """"\200\000\000\000&\000\000\000\002)/\352\025\336:\327^\220\264\371\235\346\371Q?\256\336y\324\026M\272]\205fM\0221 \237p\205\264\373\177\362\267\250\270\003\243\004\353\210\250gP\027\000\000\000\000\000\000\000\000\000\000\000\000\000\000\000\000\000\000\000\000\000\000\000\000\000\000\000\000\000\000\000\000P\031-}\351f\032\255\274\334m\326c\017\014ao[\342\230\003\245\245\3341Hm\326^\017jy\335\261s!\003\377\373k5_\032\3369\270\342\273n(r\273\207{\327\250/\370I\221Q\224\244\335\320\006\305\376qvF0D\002 [\271#7\003;\356\354\2001\346\020$!\262\262\316o\315\226\330(+C\026D\234f\304\365\362\263\002 \032w!1\324\307\311\326\310\342\255\346\240K\021\236\350 \213A\273\027\2376U\227\356n9\211\215\331""; ","validation: """"\200\000\000\000&\000\000\000\002)/\352\025\336:\327^\220\264\371\235\346\371Q?\256\336y\324\026M\272]\205fM\0221 \237p\205\264\373\177\362\267\250\270\003\243\004\353\210\250gP\027\000\000\000\000\000\000\000\000\000\000\000\000\000\000\000\000\000\000\000\000\000\000\000\000\000\000\000\000\000\000\000\000P\031-}\351f\032\255\274\334m\326c\017\014ao[\342\230\003\245\245\3341Hm\326^\017jy\335\261s!\003\377\373k5_\032\3369\270\342\273n(r\273\207{\327\250/\370I\221Q\224\244\335\320\006\305\376qvF0D\002 [\271#7\003;\356\354\2001\346\020$!\262\262\316o\315\226\330(+C\026D\234f\304\365\362\263\002 \032w!1\324\307\311\326\310\342\255\346\240K\021\236\350 \213A\273\027\2376U\227\356n9\211\215\331""; "
1750554976012,1750554976012,2455,1,2,4,TMValidation,"validation: """"\200\000\000\000&\000\000\000\002)/\352\025\336:\263\003\340?\354b\337\005Q?\256\336y\324\026M\272]\205fM\0221 \237p\205\264\373\177\362\267\250\270\003\243\004\353\210\250gP\027\000\000\000\000\000\000\000\000\000\000\000\000\000\000\000\000\000\000\000\000\000\000\000\000\000\000\000\000\000\000\000\000P\031-}\351f\032\255\274\334m\326c\017\014ao[\342\230\003\245\245\3341Hm\326^\017jy\335\261s!\002\267\233\013C\322\025\227_\336\326\026\301\225\224\007@\351}6j\027\315\304Px?\375+\235`\313_vF0D\002 6|\365x\356=\367\177\265>\235P\357\266P}\017""\361\324\362\345}\031q\352\265OY\302J\315\002 \tR\000|\036@C\234\213lP\303\313\240\013\020\353\001\221\017\353:\031\366.\276gjz\312\235\306""; ","validation: """"\200\000\000\000&\000\000\000\002)/\352\025\336:\263\003\340?\354b\337\005Q?\256\336y\324\026M\272]\205fM\0221 \237p\205\264\373\177\362\267\250\270\003\243\004\353\210\250gP\027\000\000\000\000\000\000\000\000\000\000\000\000\000\000\000\000\000\000\000\000\000\000\000\000\000\000\000\000\000\000\000\000P\031-}\351f\032\255\274\334m\326c\017\014ao[\342\230\003\245\245\3341Hm\326^\017jy\335\261s!\002\267\233\013C\322\025\227_\336\326\026\301\225\224\007@\351}6j\027\315\304Px?\375+\235`\313_vF0D\002 6|\365x\356=\367\177\265>\235P\357\266P}\017""\361\324\362\345}\031q\352\265OY\302J\315\002 \tR\000|\036@C\234\213lP\303\313\240\013\020\353\001\221\017\353:\031\366.\276gjz\312\235\306""; "
1750554976013,1750554976013,1871,1,2,0,TMValidation,"validation: """"\200\000\000\000&\000\000\000\002)/\352\025\336:\263\003\340?\354b\337\005Q?\256\336y\324\026M\272]\205fM\0221 \237p\205\264\373\177\362\267\250\270\003\243\004\353\210\250gP\027\000\000\000\000\000\000\000\000\000\000\000\000\000\000\000\000\000\000\000\000\000\000\000\000\000\000\000\000\000\000\000\000P\031-}\351f\032\255\274\334m\326c\017\014ao[\342\230\003\245\245\3341Hm\326^\017jy\335\261s!\002\267\233\013C\322\025\227_\336\326\026\301\225\224\007@\351}6j\027\315\304Px?\375+\235`\313_vF0D\002 6|\365x\356=\367\177\265>\235P\357\266P}\017""\361\324\362\345}\031q\352\265OY\302J\315\002 \tR\000|\036@C\234\213lP\303\313\240\013\020\353\001\221\017\353:\031\366.\276gjz\312\235\306""; ","validation: """"\200\000\000\000&\000\000\000\002)/\352\025\336:\263\003\340?\354b\337\005Q?\256\336y\324\026M\272]\205fM\0221 \237p\205\264\373\177\362\267\250\270\003\243\004\353\210\250gP\027\000\000\000\000\000\000\000\000\000\000\000\000\000\000\000\000\000\000\000\000\000\000\000\000\000\000\000\000\000\000\000\000P\031-}\351f\032\255\274\334m\326c\017\014ao[\342\230\003\245\245\3341Hm\326^\017jy\335\261s!\002\267\233\013C\322\025\227_\336\326\026\301\225\224\007@\351}6j\027\315\304Px?\375+\235`\313_vF0D\002 6|\365x\356=\367\177\265>\235P\357\266P}\017""\361\324\362\345}\031q\352\265OY\302J\315\002 \tR\000|\036@C\234\213lP\303\313\240\013\020\353\001\221\017\353:\031\366.\276gjz\312\235\306""; "
1750554976013,1750554976013,250,1,2,1,TMValidation,"validation: """"\200\000\000\000&\000\000\000\002)/\352\025\336:\263\003\340?\354b\337\005Q?\256\336y\324\026M\272]\205fM\0221 \237p\205\264\373\177\362\267\250\270\003\243\004\353\210\250gP\027\000\000\000\000\000\000\000\000\000\000\000\000\000\000\000\000\000\000\000\000\000\000\000\000\000\000\000\000\000\000\000\000P\031-}\351f\032\255\274\334m\326c\017\014ao[\342\230\003\245\245\3341Hm\326^\017jy\335\261s!\002\267\233\013C\322\025\227_\336\326\026\301\225\224\007@\351}6j\027\315\304Px?\375+\235`\313_vF0D\002 6|\365x\356=\367\177\265>\235P\357\266P}\017""\361\324\362\345}\031q\352\265OY\302J\315\002 \tR\000|\036@C\234\213lP\303\313\240\013\020\353\001\221\017\353:\031\366.\276gjz\312\235\306""; ","validation: """"\200\000\000\000&\000\000\000\002)/\352\025\336:\263\003\340?\354b\337\005Q?\256\336y\324\026M\272]\205fM\0221 \237p\205\264\373\177\362\267\250\270\003\243\004\353\210\250gP\027\000\000\000\000\000\000\000\000\000\000\000\000\000\000\000\000\000\000\000\000\000\000\000\000\000\000\000\000\000\000\000\000P\031-}\351f\032\255\274\334m\326c\017\014ao[\342\230\003\245\245\3341Hm\326^\017jy\335\261s!\002\267\233\013C\322\025\227_\336\326\026\301\225\224\007@\351}6j\027\315\304Px?\375+\235`\313_vF0D\002 6|\365x\356=\367\177\265>\235P\357\266P}\017""\361\324\362\345}\031q\352\265OY\302J\315\002 \tR\000|\036@C\234\213lP\303\313\240\013\020\353\001\221\017\353:\031\366.\276gjz\312\235\306""; "
1750554976093,1750554976094,1241,1,1,0,TMLedgerData,"ledgerHash: ""?\256\336y\324\026M\272]\205fM\0221 \237p\205\264\373\177\362\267\250\270\003\243\004\353\210\250g""; ledgerSeq: 2; type: liBASE; nodes {;   nodedata: ""\000\000\000\002\001cEx]\212\000\000-}\351f\032\255\274\334m\326c\017\014ao[\342\230\003\245\245\3341Hm\326^\017jy\335\261\000\000\000\000\000\000\000\000\000\000\000\000\000\000\000\000\000\000\000\000\000\000\000\000\000\000\000\000\000\000\000\000{e\2655L\2440\340\020\277~\333\017WF\230\334\351\277\266\267\357{\321\317\275\374\330\255\231Z\226(\366\274\006/\352\025\320\n\000""; }; nodes {;   nodedata: ""\303\016\021\310<Z\337\266>\225@&n\022\246\274\353\220\345b3\035\313\350L\354\254\002\005\305\035\017\002E\344\037@\210\363\010\336T\226\247'\204_{\261\370""1\235\2445\343\033Y!\212\201\341\272\225'\007>L\014O\253g\352\035\214I\361\342\213\274\243\225\r\327qi\207\254\211\347\300?w\214Ha~\260\013\003""; }; ","ledgerHash: ""?\256\336y\324\026M\272]\205fM\0221 \237p\205\264\373\177\362\267\250\270\003\243\004\353\210\250g""; ledgerSeq: 2; type: liBASE; nodes {;   nodedata: ""\000\000\000\002\001cEx]\212\000\000-}\351f\032\255\274\334m\326c\017\014ao[\342\230\003\245\245\3341Hm\326^\017jy\335\261\000\000\000\000\000\000\000\000\000\000\000\000\000\000\000\000\000\000\000\000\000\000\000\000\000\000\000\000\000\000\000\000{e\2655L\2440\340\020\277~\333\017WF\230\334\351\277\266\267\357{\321\317\275\374\330\255\231Z\226(\366\274\006/\352\025\320\n\000""; }; nodes {;   nodedata: ""\303\016\021\310<Z\337\266>\225@&n\022\246\274\353\220\345b3\035\313\350L\354\254\002\005\305\035\017\002E\344\037@\210\363\010\336T\226\247'\204_{\261\370""1\235\2445\343\033Y!\212\201\341\272\225'\007>L\014O\253g\352\035\214I\361\342\213\274\243\225\r\327qi\207\254\211\347\300?w\214Ha~\260\013\003""; }; "
1750554976094,1750554976094,1241,1,1,0,TMLedgerData,"ledgerHash: ""?\256\336y\324\026M\272]\205fM\0221 \237p\205\264\373\177\362\267\250\270\003\243\004\353\210\250g""; ledgerSeq: 2; type: liBASE; nodes {;   nodedata: ""\000\000\000\002\001cEx]\212\000\000-}\351f\032\255\274\334m\326c\017\014ao[\342\230\003\245\245\3341Hm\326^\017jy\335\261\000\000\000\000\000\000\000\000\000\000\000\000\000\000\000\000\000\000\000\000\000\000\000\000\000\000\000\000\000\000\000\000{e\2655L\2440\340\020\277~\333\017WF\230\334\351\277\266\267\357{\321\317\275\374\330\255\231Z\226(\366\274\006/\352\025\320\n\000""; }; nodes {;   nodedata: ""\303\016\021\310<Z\337\266>\225@&n\022\246\274\353\220\345b3\035\313\350L\354\254\002\005\305\035\017\002E\344\037@\210\363\010\336T\226\247'\204_{\261\370""1\235\2445\343\033Y!\212\201\341\272\225'\007>L\014O\253g\352\035\214I\361\342\213\274\243\225\r\327qi\207\254\211\347\300?w\214Ha~\260\013\003""; }; ","ledgerHash: ""?\256\336y\324\026M\272]\205fM\0221 \237p\205\264\373\177\362\267\250\270\003\243\004\353\210\250g""; ledgerSeq: 2; type: liBASE; nodes {;   nodedata: ""\000\000\000\002\001cEx]\212\000\000-}\351f\032\255\274\334m\326c\017\014ao[\342\230\003\245\245\3341Hm\326^\017jy\335\261\000\000\000\000\000\000\000\000\000\000\000\000\000\000\000\000\000\000\000\000\000\000\000\000\000\000\000\000\000\000\000\000{e\2655L\2440\340\020\277~\333\017WF\230\334\351\277\266\267\357{\321\317\275\374\330\255\231Z\226(\366\274\006/\352\025\320\n\000""; }; nodes {;   nodedata: ""\303\016\021\310<Z\337\266>\225@&n\022\246\274\353\220\345b3\035\313\350L\354\254\002\005\305\035\017\002E\344\037@\210\363\010\336T\226\247'\204_{\261\370""1\235\2445\343\033Y!\212\201\341\272\225'\007>L\014O\253g\352\035\214I\361\342\213\274\243\225\r\327qi\207\254\211\347\300?w\214Ha~\260\013\003""; }; "
1750554976264,1750554976264,3481,1,1,4,TMValidation,"validation: """"\200\000\000\000&\000\000\000\002)/\352\025\336:\263\003\340?\354b\337\005Q?\256\336y\324\026M\272]\205fM\0221 \237p\205\264\373\177\362\267\250\270\003\243\004\353\210\250gP\027\000\000\000\000\000\000\000\000\000\000\000\000\000\000\000\000\000\000\000\000\000\000\000\000\000\000\000\000\000\000\000\000P\031-}\351f\032\255\274\334m\326c\017\014ao[\342\230\003\245\245\3341Hm\326^\017jy\335\261s!\002\267\233\013C\322\025\227_\336\326\026\301\225\224\007@\351}6j\027\315\304Px?\375+\235`\313_vF0D\002 6|\365x\356=\367\177\265>\235P\357\266P}\017""\361\324\362\345}\031q\352\265OY\302J\315\002 \tR\000|\036@C\234\213lP\303\313\240\013\020\353\001\221\017\353:\031\366.\276gjz\312\235\306""; ","validation: """"\200\000\000\000&\000\000\000\002)/\352\025\336:\263\003\340?\354b\337\005Q?\256\336y\324\026M\272]\205fM\0221 \237p\205\264\373\177\362\267\250\270\003\243\004\353\210\250gP\027\000\000\000\000\000\000\000\000\000\000\000\000\000\000\000\000\000\000\000\000\000\000\000\000\000\000\000\000\000\000\000\000P\031-}\351f\032\255\274\334m\326c\017\014ao[\342\230\003\245\245\3341Hm\326^\017jy\335\261s!\002\267\233\013C\322\025\227_\336\326\026\301\225\224\007@\351}6j\027\315\304Px?\375+\235`\313_vF0D\002 6|\365x\356=\367\177\265>\235P\357\266P}\017""\361\324\362\345}\031q\352\265OY\302J\315\002 \tR\000|\036@C\234\213lP\303\313\240\013\020\353\001\221\017\353:\031\366.\276gjz\312\235\306""; "
1750554976264,1750554976264,1249,1,1,3,TMValidation,"validation: """"\200\000\000\000&\000\000\000\002)/\352\025\336:\263\003\340?\354b\337\005Q?\256\336y\324\026M\272]\205fM\0221 \237p\205\264\373\177\362\267\250\270\003\243\004\353\210\250gP\027\000\000\000\000\000\000\000\000\000\000\000\000\000\000\000\000\000\000\000\000\000\000\000\000\000\000\000\000\000\000\000\000P\031-}\351f\032\255\274\334m\326c\017\014ao[\342\230\003\245\245\3341Hm\326^\017jy\335\261s!\002\267\233\013C\322\025\227_\336\326\026\301\225\224\007@\351}6j\027\315\304Px?\375+\235`\313_vF0D\002 6|\365x\356=\367\177\265>\235P\357\266P}\017""\361\324\362\345}\031q\352\265OY\302J\315\002 \tR\000|\036@C\234\213lP\303\313\240\013\020\353\001\221\017\353:\031\366.\276gjz\312\235\306""; ","validation: """"\200\000\000\000&\000\000\000\002)/\352\025\336:\263\003\340?\354b\337\005Q?\256\336y\324\026M\272]\205fM\0221 \237p\205\264\373\177\362\267\250\270\003\243\004\353\210\250gP\027\000\000\000\000\000\000\000\000\000\000\000\000\000\000\000\000\000\000\000\000\000\000\000\000\000\000\000\000\000\000\000\000P\031-}\351f\032\255\274\334m\326c\017\014ao[\342\230\003\245\245\3341Hm\326^\017jy\335\261s!\002\267\233\013C\322\025\227_\336\326\026\301\225\224\007@\351}6j\027\315\304Px?\375+\235`\313_vF0D\002 6|\365x\356=\367\177\265>\235P\357\266P}\017""\361\324\362\345}\031q\352\265OY\302J\315\002 \tR\000|\036@C\234\213lP\303\313\240\013\020\353\001\221\017\353:\031\366.\276gjz\312\235\306""; "
1750554976265,1750554976265,3000,1,1,0,TMValidation,"validation: """"\200\000\000\000&\000\000\000\002)/\352\025\336:\263\003\340?\354b\337\005Q?\256\336y\324\026M\272]\205fM\0221 \237p\205\264\373\177\362\267\250\270\003\243\004\353\210\250gP\027\000\000\000\000\000\000\000\000\000\000\000\000\000\000\000\000\000\000\000\000\000\000\000\000\000\000\000\000\000\000\000\000P\031-}\351f\032\255\274\334m\326c\017\014ao[\342\230\003\245\245\3341Hm\326^\017jy\335\261s!\002\267\233\013C\322\025\227_\336\326\026\301\225\224\007@\351}6j\027\315\304Px?\375+\235`\313_vF0D\002 6|\365x\356=\367\177\265>\235P\357\266P}\017""\361\324\362\345}\031q\352\265OY\302J\315\002 \tR\000|\036@C\234\213lP\303\313\240\013\020\353\001\221\017\353:\031\366.\276gjz\312\235\306""; ","validation: """"\200\000\000\000&\000\000\000\002)/\352\025\336:\263\003\340?\354b\337\005Q?\256\336y\324\026M\272]\205fM\0221 \237p\205\264\373\177\362\267\250\270\003\243\004\353\210\250gP\027\000\000\000\000\000\000\000\000\000\000\000\000\000\000\000\000\000\000\000\000\000\000\000\000\000\000\000\000\000\000\000\000P\031-}\351f\032\255\274\334m\326c\017\014ao[\342\230\003\245\245\3341Hm\326^\017jy\335\261s!\002\267\233\013C\322\025\227_\336\326\026\301\225\224\007@\351}6j\027\315\304Px?\375+\235`\313_vF0D\002 6|\365x\356=\367\177\265>\235P\357\266P}\017""\361\324\362\345}\031q\352\265OY\302J\315\002 \tR\000|\036@C\234\213lP\303\313\240\013\020\353\001\221\017\353:\031\366.\276gjz\312\235\306""; "
1750554976335,1750554976336,2230,1,2,0,TMLedgerData,"ledgerHash: ""?\256\336y\324\026M\272]\205fM\0221 \237p\205\264\373\177\362\267\250\270\003\243\004\353\210\250g""; ledgerSeq: 2; type: liBASE; nodes {;   nodedata: ""\000\000\000\002\001cEx]\212\000\000-}\351f\032\255\274\334m\326c\017\014ao[\342\230\003\245\245\3341Hm\326^\017jy\335\261\000\000\000\000\000\000\000\000\000\000\000\000\000\000\000\000\000\000\000\000\000\000\000\000\000\000\000\000\000\000\000\000{e\2655L\2440\340\020\277~\333\017WF\230\334\351\277\266\267\357{\321\317\275\374\330\255\231Z\226(\366\274\006/\352\025\320\n\000""; }; nodes {;   nodedata: ""\303\016\021\310<Z\337\266>\225@&n\022\246\274\353\220\345b3\035\313\350L\354\254\002\005\305\035\017\002E\344\037@\210\363\010\336T\226\247'\204_{\261\370""1\235\2445\343\033Y!\212\201\341\272\225'\007>L\014O\253g\352\035\214I\361\342\213\274\243\225\r\327qi\207\254\211\347\300?w\214Ha~\260\013\003""; }; ","ledgerHash: ""?\256\336y\324\026M\272]\205fM\0221 \237p\205\264\373\177\362\267\250\270\003\243\004\353\210\250g""; ledgerSeq: 2; type: liBASE; nodes {;   nodedata: ""\000\000\000\002\001cEx]\212\000\000-}\351f\032\255\274\334m\326c\017\014ao[\342\230\003\245\245\3341Hm\326^\017jy\335\261\000\000\000\000\000\000\000\000\000\000\000\000\000\000\000\000\000\000\000\000\000\000\000\000\000\000\000\000\000\000\000\000{e\2655L\2440\340\020\277~\333\017WF\230\334\351\277\266\267\357{\321\317\275\374\330\255\231Z\226(\366\274\006/\352\025\320\n\000""; }; nodes {;   nodedata: ""\303\016\021\310<Z\337\266>\225@&n\022\246\274\353\220\345b3\035\313\350L\354\254\002\005\305\035\017\002E\344\037@\210\363\010\336T\226\247'\204_{\261\370""1\235\2445\343\033Y!\212\201\341\272\225'\007>L\014O\253g\352\035\214I\361\342\213\274\243\225\r\327qi\207\254\211\347\300?w\214Ha~\260\013\003""; }; "
1750554976336,1750554976336,2230,1,2,0,TMLedgerData,"ledgerHash: ""?\256\336y\324\026M\272]\205fM\0221 \237p\205\264\373\177\362\267\250\270\003\243\004\353\210\250g""; ledgerSeq: 2; type: liBASE; nodes {;   nodedata: ""\000\000\000\002\001cEx]\212\000\000-}\351f\032\255\274\334m\326c\017\014ao[\342\230\003\245\245\3341Hm\326^\017jy\335\261\000\000\000\000\000\000\000\000\000\000\000\000\000\000\000\000\000\000\000\000\000\000\000\000\000\000\000\000\000\000\000\000{e\2655L\2440\340\020\277~\333\017WF\230\334\351\277\266\267\357{\321\317\275\374\330\255\231Z\226(\366\274\006/\352\025\320\n\000""; }; nodes {;   nodedata: ""\303\016\021\310<Z\337\266>\225@&n\022\246\274\353\220\345b3\035\313\350L\354\254\002\005\305\035\017\002E\344\037@\210\363\010\336T\226\247'\204_{\261\370""1\235\2445\343\033Y!\212\201\341\272\225'\007>L\014O\253g\352\035\214I\361\342\213\274\243\225\r\327qi\207\254\211\347\300?w\214Ha~\260\013\003""; }; ","ledgerHash: ""?\256\336y\324\026M\272]\205fM\0221 \237p\205\264\373\177\362\267\250\270\003\243\004\353\210\250g""; ledgerSeq: 2; type: liBASE; nodes {;   nodedata: ""\000\000\000\002\001cEx]\212\000\000-}\351f\032\255\274\334m\326c\017\014ao[\342\230\003\245\245\3341Hm\326^\017jy\335\261\000\000\000\000\000\000\000\000\000\000\000\000\000\000\000\000\000\000\000\000\000\000\000\000\000\000\000\000\000\000\000\000{e\2655L\2440\340\020\277~\333\017WF\230\334\351\277\266\267\357{\321\317\275\374\330\255\231Z\226(\366\274\006/\352\025\320\n\000""; }; nodes {;   nodedata: ""\303\016\021\310<Z\337\266>\225@&n\022\246\274\353\220\345b3\035\313\350L\354\254\002\005\305\035\017\002E\344\037@\210\363\010\336T\226\247'\204_{\261\370""1\235\2445\343\033Y!\212\201\341\272\225'\007>L\014O\253g\352\035\214I\361\342\213\274\243\225\r\327qi\207\254\211\347\300?w\214Ha~\260\013\003""; }; "
1750554976459,1750554976459,1332,1,4,3,TMValidation,"validation: """"\200\000\000\000&\000\000\000\002)/\352\025\336:\327^\220\264\371\235\346\371Q?\256\336y\324\026M\272]\205fM\0221 \237p\205\264\373\177\362\267\250\270\003\243\004\353\210\250gP\027\000\000\000\000\000\000\000\000\000\000\000\000\000\000\000\000\000\000\000\000\000\000\000\000\000\000\000\000\000\000\000\000P\031-}\351f\032\255\274\334m\326c\017\014ao[\342\230\003\245\245\3341Hm\326^\017jy\335\261s!\003\377\373k5_\032\3369\270\342\273n(r\273\207{\327\250/\370I\221Q\224\244\335\320\006\305\376qvF0D\002 [\271#7\003;\356\354\2001\346\020$!\262\262\316o\315\226\330(+C\026D\234f\304\365\362\263\002 \032w!1\324\307\311\326\310\342\255\346\240K\021\236\350 \213A\273\027\2376U\227\356n9\211\215\331""; ","validation: """"\200\000\000\000&\000\000\000\002)/\352\025\336:\327^\220\264\371\235\346\371Q?\256\336y\324\026M\272]\205fM\0221 \237p\205\264\373\177\362\267\250\270\003\243\004\353\210\250gP\027\000\000\000\000\000\000\000\000\000\000\000\000\000\000\000\000\000\000\000\000\000\000\000\000\000\000\000\000\000\000\000\000P\031-}\351f\032\255\274\334m\326c\017\014ao[\342\230\003\245\245\3341Hm\326^\017jy\335\261s!\003\377\373k5_\032\3369\270\342\273n(r\273\207{\327\250/\370I\221Q\224\244\335\320\006\305\376qvF0D\002 [\271#7\003;\356\354\2001\346\020$!\262\262\316o\315\226\330(+C\026D\234f\304\365\362\263\002 \032w!1\324\307\311\326\310\342\255\346\240K\021\236\350 \213A\273\027\2376U\227\356n9\211\215\331""; "
1750554976460,1750554976460,339,1,4,0,TMValidation,"validation: """"\200\000\000\000&\000\000\000\002)/\352\025\336:\327^\220\264\371\235\346\371Q?\256\336y\324\026M\272]\205fM\0221 \237p\205\264\373\177\362\267\250\270\003\243\004\353\210\250gP\027\000\000\000\000\000\000\000\000\000\000\000\000\000\000\000\000\000\000\000\000\000\000\000\000\000\000\000\000\000\000\000\000P\031-}\351f\032\255\274\334m\326c\017\014ao[\342\230\003\245\245\3341Hm\326^\017jy\335\261s!\003\377\373k5_\032\3369\270\342\273n(r\273\207{\327\250/\370I\221Q\224\244\335\320\006\305\376qvF0D\002 [\271#7\003;\356\354\2001\346\020$!\262\262\316o\315\226\330(+C\026D\234f\304\365\362\263\002 \032w!1\324\307\311\326\310\342\255\346\240K\021\236\350 \213A\273\027\2376U\227\356n9\211\215\331""; ","validation: """"\200\000\000\000&\000\000\000\002)/\352\025\336:\327^\220\264\371\235\346\371Q?\256\336y\324\026M\272]\205fM\0221 \237p\205\264\373\177\362\267\250\270\003\243\004\353\210\250gP\027\000\000\000\000\000\000\000\000\000\000\000\000\000\000\000\000\000\000\000\000\000\000\000\000\000\000\000\000\000\000\000\000P\031-}\351f\032\255\274\334m\326c\017\014ao[\342\230\003\245\245\3341Hm\326^\017jy\335\261s!\003\377\373k5_\032\3369\270\342\273n(r\273\207{\327\250/\370I\221Q\224\244\335\320\006\305\376qvF0D\002 [\271#7\003;\356\354\2001\346\020$!\262\262\316o\315\226\330(+C\026D\234f\304\365\362\263\002 \032w!1\324\307\311\326\310\342\255\346\240K\021\236\350 \213A\273\027\2376U\227\356n9\211\215\331""; "
1750554976461,1750554976461,215,1,4,1,TMValidation,"validation: """"\200\000\000\000&\000\000\000\002)/\352\025\336:\327^\220\264\371\235\346\371Q?\256\336y\324\026M\272]\205fM\0221 \237p\205\264\373\177\362\267\250\270\003\243\004\353\210\250gP\027\000\000\000\000\000\000\000\000\000\000\000\000\000\000\000\000\000\000\000\000\000\000\000\000\000\000\000\000\000\000\000\000P\031-}\351f\032\255\274\334m\326c\017\014ao[\342\230\003\245\245\3341Hm\326^\017jy\335\261s!\003\377\373k5_\032\3369\270\342\273n(r\273\207{\327\250/\370I\221Q\224\244\335\320\006\305\376qvF0D\002 [\271#7\003;\356\354\2001\346\020$!\262\262\316o\315\226\330(+C\026D\234f\304\365\362\263\002 \032w!1\324\307\311\326\310\342\255\346\240K\021\236\350 \213A\273\027\2376U\227\356n9\211\215\331""; ","validation: """"\200\000\000\000&\000\000\000\002)/\352\025\336:\327^\220\264\371\235\346\371Q?\256\336y\324\026M\272]\205fM\0221 \237p\205\264\373\177\362\267\250\270\003\243\004\353\210\250gP\027\000\000\000\000\000\000\000\000\000\000\000\000\000\000\000\000\000\000\000\000\000\000\000\000\000\000\000\000\000\000\000\000P\031-}\351f\032\255\274\334m\326c\017\014ao[\342\230\003\245\245\3341Hm\326^\017jy\335\261s!\003\377\373k5_\032\3369\270\342\273n(r\273\207{\327\250/\370I\221Q\224\244\335\320\006\305\376qvF0D\002 [\271#7\003;\356\354\2001\346\020$!\262\262\316o\315\226\330(+C\026D\234f\304\365\362\263\002 \032w!1\324\307\311\326\310\342\255\346\240K\021\236\350 \213A\273\027\2376U\227\356n9\211\215\331""; "
1750554976641,1750554976641,2573,1,0,4,TMValidation,"validation: """"\200\000\000\000&\000\000\000\002)/\352\025\335:c\016\231\375\2438\\353Q?\256\336y\324\026M\272]\205fM\0221 \237p\205\264\373\177\362\267\250\270\003\243\004\353\210\250gP\027\000\000\000\000\000\000\000\000\000\000\000\000\000\000\000\000\000\000\000\000\000\000\000\000\000\000\000\000\000\000\000\000P\031-}\351f\032\255\274\334m\326c\017\014ao[\342\230\003\245\245\3341Hm\326^\017jy\335\261s!\003\014}\246\253\247\326\267P\302\342:\267&\375\036d\013\375\230\236\226\207\332\267\005\016\325\334r\346Q\333vG0E\002!\000\366DU\006\022\341\367a\000Ove\333\3339\221\255\252\023i\252\236g0\356T\220\027\0309\005*\002 \027\024a;\242\001O#jz\277b\342\241\260\030\326\277\333\303\004\361\2737\243H\236\t\215\263K:""; ","validation: """"\200\000\000\000&\000\000\000\002)/\352\025\335:c\016\231\375\2438\\353Q?\256\336y\324\026M\272]\205fM\0221 \237p\205\264\373\177\362\267\250\270\003\243\004\353\210\250gP\027\000\000\000\000\000\000\000\000\000\000\000\000\000\000\000\000\000\000\000\000\000\000\000\000\000\000\000\000\000\000\000\000P\031-}\351f\032\255\274\334m\326c\017\014ao[\342\230\003\245\245\3341Hm\326^\017jy\335\261s!\003\014}\246\253\247\326\267P\302\342:\267&\375\036d\013\375\230\236\226\207\332\267\005\016\325\334r\346Q\333vG0E\002!\000\366DU\006\022\341\367a\000Ove\333\3339\221\255\252\023i\252\236g0\356T\220\027\0309\005*\002 \027\024a;\242\001O#jz\277b\342\241\260\030\326\277\333\303\004\361\2737\243H\236\t\215\263K:""; "
1750554976642,1750554976642,691,1,0,3,TMValidation,"validation: """"\200\000\000\000&\000\000\000\002)/\352\025\335:c\016\231\375\2438\\353Q?\256\336y\324\026M\272]\205fM\0221 \237p\205\264\373\177\362\267\250\270\003\243\004\353\210\250gP\027\000\000\000\000\000\000\000\000\000\000\000\000\000\000\000\000\000\000\000\000\000\000\000\000\000\000\000\000\000\000\000\000P\031-}\351f\032\255\274\334m\326c\017\014ao[\342\230\003\245\245\3341Hm\326^\017jy\335\261s!\003\014}\246\253\247\326\267P\302\342:\267&\375\036d\013\375\230\236\226\207\332\267\005\016\325\334r\346Q\333vG0E\002!\000\366DU\006\022\341\367a\000Ove\333\3339\221\255\252\023i\252\236g0\356T\220\027\0309\005*\002 \027\024a;\242\001O#jz\277b\342\241\260\030\326\277\333\303\004\361\2737\243H\236\t\215\263K:""; ","validation: """"\200\000\000\000&\000\000\000\002)/\352\025\335:c\016\231\375\2438\\353Q?\256\336y\324\026M\272]\205fM\0221 \237p\205\264\373\177\362\267\250\270\003\243\004\353\210\250gP\027\000\000\000\000\000\000\000\000\000\000\000\000\000\000\000\000\000\000\000\000\000\000\000\000\000\000\000\000\000\000\000\000P\031-}\351f\032\255\274\334m\326c\017\014ao[\342\230\003\245\245\3341Hm\326^\017jy\335\261s!\003\014}\246\253\247\326\267P\302\342:\267&\375\036d\013\375\230\236\226\207\332\267\005\016\325\334r\346Q\333vG0E\002!\000\366DU\006\022\341\367a\000Ove\333\3339\221\255\252\023i\252\236g0\356T\220\027\0309\005*\002 \027\024a;\242\001O#jz\277b\342\241\260\030\326\277\333\303\004\361\2737\243H\236\t\215\263K:""; "
1750554976642,1750554976642,711,1,0,2,TMValidation,"validation: """"\200\000\000\000&\000\000\000\002)/\352\025\335:c\016\231\375\2438\\353Q?\256\336y\324\026M\272]\205fM\0221 \237p\205\264\373\177\362\267\250\270\003\243\004\353\210\250gP\027\000\000\000\000\000\000\000\000\000\000\000\000\000\000\000\000\000\000\000\000\000\000\000\000\000\000\000\000\000\000\000\000P\031-}\351f\032\255\274\334m\326c\017\014ao[\342\230\003\245\245\3341Hm\326^\017jy\335\261s!\003\014}\246\253\247\326\267P\302\342:\267&\375\036d\013\375\230\236\226\207\332\267\005\016\325\334r\346Q\333vG0E\002!\000\366DU\006\022\341\367a\000Ove\333\3339\221\255\252\023i\252\236g0\356T\220\027\0309\005*\002 \027\024a;\242\001O#jz\277b\342\241\260\030\326\277\333\303\004\361\2737\243H\236\t\215\263K:""; ","validation: """"\200\000\000\000&\000\000\000\002)/\352\025\335:c\016\231\375\2438\\353Q?\256\336y\324\026M\272]\205fM\0221 \237p\205\264\373\177\362\267\250\270\003\243\004\353\210\250gP\027\000\000\000\000\000\000\000\000\000\000\000\000\000\000\000\000\000\000\000\000\000\000\000\000\000\000\000\000\000\000\000\000P\031-}\351f\032\255\274\334m\326c\017\014ao[\342\230\003\245\245\3341Hm\326^\017jy\335\261s!\003\014}\246\253\247\326\267P\302\342:\267&\375\036d\013\375\230\236\226\207\332\267\005\016\325\334r\346Q\333vG0E\002!\000\366DU\006\022\341\367a\000Ove\333\3339\221\255\252\023i\252\236g0\356T\220\027\0309\005*\002 \027\024a;\242\001O#jz\277b\342\241\260\030\326\277\333\303\004\361\2737\243H\236\t\215\263K:""; "
1750554976789,1750554976789,3112,1,4,2,TMValidation,"validation: """"\200\000\000\000&\000\000\000\002)/\352\025\336:\263\003\340?\354b\337\005Q?\256\336y\324\026M\272]\205fM\0221 \237p\205\264\373\177\362\267\250\270\003\243\004\353\210\250gP\027\000\000\000\000\000\000\000\000\000\000\000\000\000\000\000\000\000\000\000\000\000\000\000\000\000\000\000\000\000\000\000\000P\031-}\351f\032\255\274\334m\326c\017\014ao[\342\230\003\245\245\3341Hm\326^\017jy\335\261s!\002\267\233\013C\322\025\227_\336\326\026\301\225\224\007@\351}6j\027\315\304Px?\375+\235`\313_vF0D\002 6|\365x\356=\367\177\265>\235P\357\266P}\017""\361\324\362\345}\031q\352\265OY\302J\315\002 \tR\000|\036@C\234\213lP\303\313\240\013\020\353\001\221\017\353:\031\366.\276gjz\312\235\306""; ","validation: """"\200\000\000\000&\000\000\000\002)/\352\025\336:\263\003\340?\354b\337\005Q?\256\336y\324\026M\272]\205fM\0221 \237p\205\264\373\177\362\267\250\270\003\243\004\353\210\250gP\027\000\000\000\000\000\000\000\000\000\000\000\000\000\000\000\000\000\000\000\000\000\000\000\000\000\000\000\000\000\000\000\000P\031-}\351f\032\255\274\334m\326c\017\014ao[\342\230\003\245\245\3341Hm\326^\017jy\335\261s!\002\267\233\013C\322\025\227_\336\326\026\301\225\224\007@\351}6j\027\315\304Px?\375+\235`\313_vF0D\002 6|\365x\356=\367\177\265>\235P\357\266P}\017""\361\324\362\345}\031q\352\265OY\302J\315\002 \tR\000|\036@C\234\213lP\303\313\240\013\020\353\001\221\017\353:\031\366.\276gjz\312\235\306""; "
1750554976789,1750554976790,215,1,4,1,TMValidation,"validation: """"\200\000\000\000&\000\000\000\002)/\352\025\336:\263\003\340?\354b\337\005Q?\256\336y\324\026M\272]\205fM\0221 \237p\205\264\373\177\362\267\250\270\003\243\004\353\210\250gP\027\000\000\000\000\000\000\000\000\000\000\000\000\000\000\000\000\000\000\000\000\000\000\000\000\000\000\000\000\000\000\000\000P\031-}\351f\032\255\274\334m\326c\017\014ao[\342\230\003\245\245\3341Hm\326^\017jy\335\261s!\002\267\233\013C\322\025\227_\336\326\026\301\225\224\007@\351}6j\027\315\304Px?\375+\235`\313_vF0D\002 6|\365x\356=\367\177\265>\235P\357\266P}\017""\361\324\362\345}\031q\352\265OY\302J\315\002 \tR\000|\036@C\234\213lP\303\313\240\013\020\353\001\221\017\353:\031\366.\276gjz\312\235\306""; ","validation: """"\200\000\000\000&\000\000\000\002)/\352\025\336:\263\003\340?\354b\337\005Q?\256\336y\324\026M\272]\205fM\0221 \237p\205\264\373\177\362\267\250\270\003\243\004\353\210\250gP\027\000\000\000\000\000\000\000\000\000\000\000\000\000\000\000\000\000\000\000\000\000\000\000\000\000\000\000\000\000\000\000\000P\031-}\351f\032\255\274\334m\326c\017\014ao[\342\230\003\245\245\3341Hm\326^\017jy\335\261s!\002\267\233\013C\322\025\227_\336\326\026\301\225\224\007@\351}6j\027\315\304Px?\375+\235`\313_vF0D\002 6|\365x\356=\367\177\265>\235P\357\266P}\017""\361\324\362\345}\031q\352\265OY\302J\315\002 \tR\000|\036@C\234\213lP\303\313\240\013\020\353\001\221\017\353:\031\366.\276gjz\312\235\306""; "
1750554976790,1750554976790,339,1,4,0,TMValidation,"validation: """"\200\000\000\000&\000\000\000\002)/\352\025\336:\263\003\340?\354b\337\005Q?\256\336y\324\026M\272]\205fM\0221 \237p\205\264\373\177\362\267\250\270\003\243\004\353\210\250gP\027\000\000\000\000\000\000\000\000\000\000\000\000\000\000\000\000\000\000\000\000\000\000\000\000\000\000\000\000\000\000\000\000P\031-}\351f\032\255\274\334m\326c\017\014ao[\342\230\003\245\245\3341Hm\326^\017jy\335\261s!\002\267\233\013C\322\025\227_\336\326\026\301\225\224\007@\351}6j\027\315\304Px?\375+\235`\313_vF0D\002 6|\365x\356=\367\177\265>\235P\357\266P}\017""\361\324\362\345}\031q\352\265OY\302J\315\002 \tR\000|\036@C\234\213lP\303\313\240\013\020\353\001\221\017\353:\031\366.\276gjz\312\235\306""; ","validation: """"\200\000\000\000&\000\000\000\002)/\352\025\336:\263\003\340?\354b\337\005Q?\256\336y\324\026M\272]\205fM\0221 \237p\205\264\373\177\362\267\250\270\003\243\004\353\210\250gP\027\000\000\000\000\000\000\000\000\000\000\000\000\000\000\000\000\000\000\000\000\000\000\000\000\000\000\000\000\000\000\000\000P\031-}\351f\032\255\274\334m\326c\017\014ao[\342\230\003\245\245\3341Hm\326^\017jy\335\261s!\002\267\233\013C\322\025\227_\336\326\026\301\225\224\007@\351}6j\027\315\304Px?\375+\235`\313_vF0D\002 6|\365x\356=\367\177\265>\235P\357\266P}\017""\361\324\362\345}\031q\352\265OY\302J\315\002 \tR\000|\036@C\234\213lP\303\313\240\013\020\353\001\221\017\353:\031\366.\276gjz\312\235\306""; "
1750554976927,1750554976927,711,1,0,2,TMValidation,"validation: """"\200\000\000\000&\000\000\000\002)/\352\025\336:\263\003\340?\354b\337\005Q?\256\336y\324\026M\272]\205fM\0221 \237p\205\264\373\177\362\267\250\270\003\243\004\353\210\250gP\027\000\000\000\000\000\000\000\000\000\000\000\000\000\000\000\000\000\000\000\000\000\000\000\000\000\000\000\000\000\000\000\000P\031-}\351f\032\255\274\334m\326c\017\014ao[\342\230\003\245\245\3341Hm\326^\017jy\335\261s!\002\267\233\013C\322\025\227_\336\326\026\301\225\224\007@\351}6j\027\315\304Px?\375+\235`\313_vF0D\002 6|\365x\356=\367\177\265>\235P\357\266P}\017""\361\324\362\345}\031q\352\265OY\302J\315\002 \tR\000|\036@C\234\213lP\303\313\240\013\020\353\001\221\017\353:\031\366.\276gjz\312\235\306""; ","validation: """"\200\000\000\000&\000\000\000\002)/\352\025\336:\263\003\340?\354b\337\005Q?\256\336y\324\026M\272]\205fM\0221 \237p\205\264\373\177\362\267\250\270\003\243\004\353\210\250gP\027\000\000\000\000\000\000\000\000\000\000\000\000\000\000\000\000\000\000\000\000\000\000\000\000\000\000\000\000\000\000\000\000P\031-}\351f\032\255\274\334m\326c\017\014ao[\342\230\003\245\245\3341Hm\326^\017jy\335\261s!\002\267\233\013C\322\025\227_\336\326\026\301\225\224\007@\351}6j\027\315\304Px?\375+\235`\313_vF0D\002 6|\365x\356=\367\177\265>\235P\357\266P}\017""\361\324\362\345}\031q\352\265OY\302J\315\002 \tR\000|\036@C\234\213lP\303\313\240\013\020\353\001\221\017\353:\031\366.\276gjz\312\235\306""; "
1750554976928,1750554976928,2300,1,0,1,TMValidation,"validation: """"\200\000\000\000&\000\000\000\002)/\352\025\336:\263\003\340?\354b\337\005Q?\256\336y\324\026M\272]\205fM\0221 \237p\205\264\373\177\362\267\250\270\003\243\004\353\210\250gP\027\000\000\000\000\000\000\000\000\000\000\000\000\000\000\000\000\000\000\000\000\000\000\000\000\000\000\000\000\000\000\000\000P\031-}\351f\032\255\274\334m\326c\017\014ao[\342\230\003\245\245\3341Hm\326^\017jy\335\261s!\002\267\233\013C\322\025\227_\336\326\026\301\225\224\007@\351}6j\027\315\304Px?\375+\235`\313_vF0D\002 6|\365x\356=\367\177\265>\235P\357\266P}\017""\361\324\362\345}\031q\352\265OY\302J\315\002 \tR\000|\036@C\234\213lP\303\313\240\013\020\353\001\221\017\353:\031\366.\276gjz\312\235\306""; ","validation: """"\200\000\000\000&\000\000\000\002)/\352\025\336:\263\003\340?\354b\337\005Q?\256\336y\324\026M\272]\205fM\0221 \237p\205\264\373\177\362\267\250\270\003\243\004\353\210\250gP\027\000\000\000\000\000\000\000\000\000\000\000\000\000\000\000\000\000\000\000\000\000\000\000\000\000\000\000\000\000\000\000\000P\031-}\351f\032\255\274\334m\326c\017\014ao[\342\230\003\245\245\3341Hm\326^\017jy\335\261s!\002\267\233\013C\322\025\227_\336\326\026\301\225\224\007@\351}6j\027\315\304Px?\375+\235`\313_vF0D\002 6|\365x\356=\367\177\265>\235P\357\266P}\017""\361\324\362\345}\031q\352\265OY\302J\315\002 \tR\000|\036@C\234\213lP\303\313\240\013\020\353\001\221\017\353:\031\366.\276gjz\312\235\306""; "
1750554976927,1750554976928,2573,1,0,4,TMValidation,"validation: """"\200\000\000\000&\000\000\000\002)/\352\025\336:\263\003\340?\354b\337\005Q?\256\336y\324\026M\272]\205fM\0221 \237p\205\264\373\177\362\267\250\270\003\243\004\353\210\250gP\027\000\000\000\000\000\000\000\000\000\000\000\000\000\000\000\000\000\000\000\000\000\000\000\000\000\000\000\000\000\000\000\000P\031-}\351f\032\255\274\334m\326c\017\014ao[\342\230\003\245\245\3341Hm\326^\017jy\335\261s!\002\267\233\013C\322\025\227_\336\326\026\301\225\224\007@\351}6j\027\315\304Px?\375+\235`\313_vF0D\002 6|\365x\356=\367\177\265>\235P\357\266P}\017""\361\324\362\345}\031q\352\265OY\302J\315\002 \tR\000|\036@C\234\213lP\303\313\240\013\020\353\001\221\017\353:\031\366.\276gjz\312\235\306""; ","validation: """"\200\000\000\000&\000\000\000\002)/\352\025\336:\263\003\340?\354b\337\005Q?\256\336y\324\026M\272]\205fM\0221 \237p\205\264\373\177\362\267\250\270\003\243\004\353\210\250gP\027\000\000\000\000\000\000\000\000\000\000\000\000\000\000\000\000\000\000\000\000\000\000\000\000\000\000\000\000\000\000\000\000P\031-}\351f\032\255\274\334m\326c\017\014ao[\342\230\003\245\245\3341Hm\326^\017jy\335\261s!\002\267\233\013C\322\025\227_\336\326\026\301\225\224\007@\351}6j\027\315\304Px?\375+\235`\313_vF0D\002 6|\365x\356=\367\177\265>\235P\357\266P}\017""\361\324\362\345}\031q\352\265OY\302J\315\002 \tR\000|\036@C\234\213lP\303\313\240\013\020\353\001\221\017\353:\031\366.\276gjz\312\235\306""; "
1750554976961,1750554976961,3112,1,4,2,TMValidation,"validation: """"\200\000\000\000&\000\000\000\002)/\352\025\336:\034\006[$\340{$\215Q?\256\336y\324\026M\272]\205fM\0221 \237p\205\264\373\177\362\267\250\270\003\243\004\353\210\250gP\027\000\000\000\000\000\000\000\000\000\000\000\000\000\000\000\000\000\000\000\000\000\000\000\000\000\000\000\000\000\000\000\000P\031-}\351f\032\255\274\334m\326c\017\014ao[\342\230\003\245\245\3341Hm\326^\017jy\335\261s!\003r\247\260\262W1v\231G\352\250p\313\031\267[k\261e{a\207j\020\217\332\242`\260*\357\332vF0D\002 QC\217^\267\0059,y\332\226\370\260\032\257]\327\3310\256e\260?\210\331\327\223\256k+n\365\002 v?r1\343(A_\260\272\270\345\322\322P\014\256\207\324nY\230Zt\361\t\231\356\252\371\312x""; ","validation: """"\200\000\000\000&\000\000\000\002)/\352\025\336:\034\006[$\340{$\215Q?\256\336y\324\026M\272]\205fM\0221 \237p\205\264\373\177\362\267\250\270\003\243\004\353\210\250gP\027\000\000\000\000\000\000\000\000\000\000\000\000\000\000\000\000\000\000\000\000\000\000\000\000\000\000\000\000\000\000\000\000P\031-}\351f\032\255\274\334m\326c\017\014ao[\342\230\003\245\245\3341Hm\326^\017jy\335\261s!\003r\247\260\262W1v\231G\352\250p\313\031\267[k\261e{a\207j\020\217\332\242`\260*\357\332vF0D\002 QC\217^\267\0059,y\332\226\370\260\032\257]\327\3310\256e\260?\210\331\327\223\256k+n\365\002 v?r1\343(A_\260\272\270\345\322\322P\014\256\207\324nY\230Zt\361\t\231\356\252\371\312x""; "
1750554976961,1750554976962,1332,1,4,3,TMValidation,"validation: """"\200\000\000\000&\000\000\000\002)/\352\025\336:\034\006[$\340{$\215Q?\256\336y\324\026M\272]\205fM\0221 \237p\205\264\373\177\362\267\250\270\003\243\004\353\210\250gP\027\000\000\000\000\000\000\000\000\000\000\000\000\000\000\000\000\000\000\000\000\000\000\000\000\000\000\000\000\000\000\000\000P\031-}\351f\032\255\274\334m\326c\017\014ao[\342\230\003\245\245\3341Hm\326^\017jy\335\261s!\003r\247\260\262W1v\231G\352\250p\313\031\267[k\261e{a\207j\020\217\332\242`\260*\357\332vF0D\002 QC\217^\267\0059,y\332\226\370\260\032\257]\327\3310\256e\260?\210\331\327\223\256k+n\365\002 v?r1\343(A_\260\272\270\345\322\322P\014\256\207\324nY\230Zt\361\t\231\356\252\371\312x""; ","validation: """"\200\000\000\000&\000\000\000\002)/\352\025\336:\034\006[$\340{$\215Q?\256\336y\324\026M\272]\205fM\0221 \237p\205\264\373\177\362\267\250\270\003\243\004\353\210\250gP\027\000\000\000\000\000\000\000\000\000\000\000\000\000\000\000\000\000\000\000\000\000\000\000\000\000\000\000\000\000\000\000\000P\031-}\351f\032\255\274\334m\326c\017\014ao[\342\230\003\245\245\3341Hm\326^\017jy\335\261s!\003r\247\260\262W1v\231G\352\250p\313\031\267[k\261e{a\207j\020\217\332\242`\260*\357\332vF0D\002 QC\217^\267\0059,y\332\226\370\260\032\257]\327\3310\256e\260?\210\331\327\223\256k+n\365\002 v?r1\343(A_\260\272\270\345\322\322P\014\256\207\324nY\230Zt\361\t\231\356\252\371\312x""; "
1750554976962,1750554976962,215,1,4,1,TMValidation,"validation: """"\200\000\000\000&\000\000\000\002)/\352\025\336:\034\006[$\340{$\215Q?\256\336y\324\026M\272]\205fM\0221 \237p\205\264\373\177\362\267\250\270\003\243\004\353\210\250gP\027\000\000\000\000\000\000\000\000\000\000\000\000\000\000\000\000\000\000\000\000\000\000\000\000\000\000\000\000\000\000\000\000P\031-}\351f\032\255\274\334m\326c\017\014ao[\342\230\003\245\245\3341Hm\326^\017jy\335\261s!\003r\247\260\262W1v\231G\352\250p\313\031\267[k\261e{a\207j\020\217\332\242`\260*\357\332vF0D\002 QC\217^\267\0059,y\332\226\370\260\032\257]\327\3310\256e\260?\210\331\327\223\256k+n\365\002 v?r1\343(A_\260\272\270\345\322\322P\014\256\207\324nY\230Zt\361\t\231\356\252\371\312x""; ","validation: """"\200\000\000\000&\000\000\000\002)/\352\025\336:\034\006[$\340{$\215Q?\256\336y\324\026M\272]\205fM\0221 \237p\205\264\373\177\362\267\250\270\003\243\004\353\210\250gP\027\000\000\000\000\000\000\000\000\000\000\000\000\000\000\000\000\000\000\000\000\000\000\000\000\000\000\000\000\000\000\000\000P\031-}\351f\032\255\274\334m\326c\017\014ao[\342\230\003\245\245\3341Hm\326^\017jy\335\261s!\003r\247\260\262W1v\231G\352\250p\313\031\267[k\261e{a\207j\020\217\332\242`\260*\357\332vF0D\002 QC\217^\267\0059,y\332\226\370\260\032\257]\327\3310\256e\260?\210\331\327\223\256k+n\365\002 v?r1\343(A_\260\272\270\345\322\322P\014\256\207\324nY\230Zt\361\t\231\356\252\371\312x""; "
1750554977094,1750554977095,1925,1,4,0,TMLedgerData,"ledgerHash: ""?\256\336y\324\026M\272]\205fM\0221 \237p\205\264\373\177\362\267\250\270\003\243\004\353\210\250g""; ledgerSeq: 2; type: liBASE; nodes {;   nodedata: ""\000\000\000\002\001cEx]\212\000\000-}\351f\032\255\274\334m\326c\017\014ao[\342\230\003\245\245\3341Hm\326^\017jy\335\261\000\000\000\000\000\000\000\000\000\000\000\000\000\000\000\000\000\000\000\000\000\000\000\000\000\000\000\000\000\000\000\000{e\2655L\2440\340\020\277~\333\017WF\230\334\351\277\266\267\357{\321\317\275\374\330\255\231Z\226(\366\274\006/\352\025\320\n\000""; }; nodes {;   nodedata: ""\303\016\021\310<Z\337\266>\225@&n\022\246\274\353\220\345b3\035\313\350L\354\254\002\005\305\035\017\002E\344\037@\210\363\010\336T\226\247'\204_{\261\370""1\235\2445\343\033Y!\212\201\341\272\225'\007>L\014O\253g\352\035\214I\361\342\213\274\243\225\r\327qi\207\254\211\347\300?w\214Ha~\260\013\003""; }; ","ledgerHash: ""?\256\336y\324\026M\272]\205fM\0221 \237p\205\264\373\177\362\267\250\270\003\243\004\353\210\250g""; ledgerSeq: 2; type: liBASE; nodes {;   nodedata: ""\000\000\000\002\001cEx]\212\000\000-}\351f\032\255\274\334m\326c\017\014ao[\342\230\003\245\245\3341Hm\326^\017jy\335\261\000\000\000\000\000\000\000\000\000\000\000\000\000\000\000\000\000\000\000\000\000\000\000\000\000\000\000\000\000\000\000\000{e\2655L\2440\340\020\277~\333\017WF\230\334\351\277\266\267\357{\321\317\275\374\330\255\231Z\226(\366\274\006/\352\025\320\n\000""; }; nodes {;   nodedata: ""\303\016\021\310<Z\337\266>\225@&n\022\246\274\353\220\345b3\035\313\350L\354\254\002\005\305\035\017\002E\344\037@\210\363\010\336T\226\247'\204_{\261\370""1\235\2445\343\033Y!\212\201\341\272\225'\007>L\014O\253g\352\035\214I\361\342\213\274\243\225\r\327qi\207\254\211\347\300?w\214Ha~\260\013\003""; }; "
1750554977121,1750554977121,3112,1,4,2,TMValidation,"validation: """"\200\000\000\000&\000\000\000\002)/\352\025\335:c\016\231\375\2438\\353Q?\256\336y\324\026M\272]\205fM\0221 \237p\205\264\373\177\362\267\250\270\003\243\004\353\210\250gP\027\000\000\000\000\000\000\000\000\000\000\000\000\000\000\000\000\000\000\000\000\000\000\000\000\000\000\000\000\000\000\000\000P\031-}\351f\032\255\274\334m\326c\017\014ao[\342\230\003\245\245\3341Hm\326^\017jy\335\261s!\003\014}\246\253\247\326\267P\302\342:\267&\375\036d\013\375\230\236\226\207\332\267\005\016\325\334r\346Q\333vG0E\002!\000\366DU\006\022\341\367a\000Ove\333\3339\221\255\252\023i\252\236g0\356T\220\027\0309\005*\002 \027\024a;\242\001O#jz\277b\342\241\260\030\326\277\333\303\004\361\2737\243H\236\t\215\263K:""; ","validation: """"\200\000\000\000&\000\000\000\002)/\352\025\335:c\016\231\375\2438\\353Q?\256\336y\324\026M\272]\205fM\0221 \237p\205\264\373\177\362\267\250\270\003\243\004\353\210\250gP\027\000\000\000\000\000\000\000\000\000\000\000\000\000\000\000\000\000\000\000\000\000\000\000\000\000\000\000\000\000\000\000\000P\031-}\351f\032\255\274\334m\326c\017\014ao[\342\230\003\245\245\3341Hm\326^\017jy\335\261s!\003\014}\246\253\247\326\267P\302\342:\267&\375\036d\013\375\230\236\226\207\332\267\005\016\325\334r\346Q\333vG0E\002!\000\366DU\006\022\341\367a\000Ove\333\3339\221\255\252\023i\252\236g0\356T\220\027\0309\005*\002 \027\024a;\242\001O#jz\277b\342\241\260\030\326\277\333\303\004\361\2737\243H\236\t\215\263K:""; "
1750554977122,1750554977122,1332,1,4,3,TMValidation,"validation: """"\200\000\000\000&\000\000\000\002)/\352\025\335:c\016\231\375\2438\\353Q?\256\336y\324\026M\272]\205fM\0221 \237p\205\264\373\177\362\267\250\270\003\243\004\353\210\250gP\027\000\000\000\000\000\000\000\000\000\000\000\000\000\000\000\000\000\000\000\000\000\000\000\000\000\000\000\000\000\000\000\000P\031-}\351f\032\255\274\334m\326c\017\014ao[\342\230\003\245\245\3341Hm\326^\017jy\335\261s!\003\014}\246\253\247\326\267P\302\342:\267&\375\036d\013\375\230\236\226\207\332\267\005\016\325\334r\346Q\333vG0E\002!\000\366DU\006\022\341\367a\000Ove\333\3339\221\255\252\023i\252\236g0\356T\220\027\0309\005*\002 \027\024a;\242\001O#jz\277b\342\241\260\030\326\277\333\303\004\361\2737\243H\236\t\215\263K:""; ","validation: """"\200\000\000\000&\000\000\000\002)/\352\025\335:c\016\231\375\2438\\353Q?\256\336y\324\026M\272]\205fM\0221 \237p\205\264\373\177\362\267\250\270\003\243\004\353\210\250gP\027\000\000\000\000\000\000\000\000\000\000\000\000\000\000\000\000\000\000\000\000\000\000\000\000\000\000\000\000\000\000\000\000P\031-}\351f\032\255\274\334m\326c\017\014ao[\342\230\003\245\245\3341Hm\326^\017jy\335\261s!\003\014}\246\253\247\326\267P\302\342:\267&\375\036d\013\375\230\236\226\207\332\267\005\016\325\334r\346Q\333vG0E\002!\000\366DU\006\022\341\367a\000Ove\333\3339\221\255\252\023i\252\236g0\356T\220\027\0309\005*\002 \027\024a;\242\001O#jz\277b\342\241\260\030\326\277\333\303\004\361\2737\243H\236\t\215\263K:""; "
1750554977122,1750554977122,339,1,4,0,TMValidation,"validation: """"\200\000\000\000&\000\000\000\002)/\352\025\335:c\016\231\375\2438\\353Q?\256\336y\324\026M\272]\205fM\0221 \237p\205\264\373\177\362\267\250\270\003\243\004\353\210\250gP\027\000\000\000\000\000\000\000\000\000\000\000\000\000\000\000\000\000\000\000\000\000\000\000\000\000\000\000\000\000\000\000\000P\031-}\351f\032\255\274\334m\326c\017\014ao[\342\230\003\245\245\3341Hm\326^\017jy\335\261s!\003\014}\246\253\247\326\267P\302\342:\267&\375\036d\013\375\230\236\226\207\332\267\005\016\325\334r\346Q\333vG0E\002!\000\366DU\006\022\341\367a\000Ove\333\3339\221\255\252\023i\252\236g0\356T\220\027\0309\005*\002 \027\024a;\242\001O#jz\277b\342\241\260\030\326\277\333\303\004\361\2737\243H\236\t\215\263K:""; ","validation: """"\200\000\000\000&\000\000\000\002)/\352\025\335:c\016\231\375\2438\\353Q?\256\336y\324\026M\272]\205fM\0221 \237p\205\264\373\177\362\267\250\270\003\243\004\353\210\250gP\027\000\000\000\000\000\000\000\000\000\000\000\000\000\000\000\000\000\000\000\000\000\000\000\000\000\000\000\000\000\000\000\000P\031-}\351f\032\255\274\334m\326c\017\014ao[\342\230\003\245\245\3341Hm\326^\017jy\335\261s!\003\014}\246\253\247\326\267P\302\342:\267&\375\036d\013\375\230\236\226\207\332\267\005\016\325\334r\346Q\333vG0E\002!\000\366DU\006\022\341\367a\000Ove\333\3339\221\255\252\023i\252\236g0\356T\220\027\0309\005*\002 \027\024a;\242\001O#jz\277b\342\241\260\030\326\277\333\303\004\361\2737\243H\236\t\215\263K:""; "
1750554977136,1750554977137,1925,1,4,0,TMLedgerData,"ledgerHash: ""?\256\336y\324\026M\272]\205fM\0221 \237p\205\264\373\177\362\267\250\270\003\243\004\353\210\250g""; ledgerSeq: 2; type: liBASE; nodes {;   nodedata: ""\000\000\000\002\001cEx]\212\000\000-}\351f\032\255\274\334m\326c\017\014ao[\342\230\003\245\245\3341Hm\326^\017jy\335\261\000\000\000\000\000\000\000\000\000\000\000\000\000\000\000\000\000\000\000\000\000\000\000\000\000\000\000\000\000\000\000\000{e\2655L\2440\340\020\277~\333\017WF\230\334\351\277\266\267\357{\321\317\275\374\330\255\231Z\226(\366\274\006/\352\025\320\n\000""; }; nodes {;   nodedata: ""\303\016\021\310<Z\337\266>\225@&n\022\246\274\353\220\345b3\035\313\350L\354\254\002\005\305\035\017\002E\344\037@\210\363\010\336T\226\247'\204_{\261\370""1\235\2445\343\033Y!\212\201\341\272\225'\007>L\014O\253g\352\035\214I\361\342\213\274\243\225\r\327qi\207\254\211\347\300?w\214Ha~\260\013\003""; }; ","ledgerHash: ""?\256\336y\324\026M\272]\205fM\0221 \237p\205\264\373\177\362\267\250\270\003\243\004\353\210\250g""; ledgerSeq: 2; type: liBASE; nodes {;   nodedata: ""\000\000\000\002\001cEx]\212\000\000-}\351f\032\255\274\334m\326c\017\014ao[\342\230\003\245\245\3341Hm\326^\017jy\335\261\000\000\000\000\000\000\000\000\000\000\000\000\000\000\000\000\000\000\000\000\000\000\000\000\000\000\000\000\000\000\000\000{e\2655L\2440\340\020\277~\333\017WF\230\334\351\277\266\267\357{\321\317\275\374\330\255\231Z\226(\366\274\006/\352\025\320\n\000""; }; nodes {;   nodedata: ""\303\016\021\310<Z\337\266>\225@&n\022\246\274\353\220\345b3\035\313\350L\354\254\002\005\305\035\017\002E\344\037@\210\363\010\336T\226\247'\204_{\261\370""1\235\2445\343\033Y!\212\201\341\272\225'\007>L\014O\253g\352\035\214I\361\342\213\274\243\225\r\327qi\207\254\211\347\300?w\214Ha~\260\013\003""; }; "
1750554977302,1750554977302,2033,1,0,2,TMGetLedger,"itype: liBASE; ledgerHash: ""?\256\336y\324\026M\272]\205fM\0221 \237p\205\264\373\177\362\267\250\270\003\243\004\353\210\250g""; queryType: qtINDIRECT; ","itype: liBASE; ledgerHash: ""?\256\336y\324\026M\272]\205fM\0221 \237p\205\264\373\177\362\267\250\270\003\243\004\353\210\250g""; queryType: qtINDIRECT; "
1750554977302,1750554977302,3772,1,0,3,TMGetLedger,"itype: liBASE; ledgerHash: ""?\256\336y\324\026M\272]\205fM\0221 \237p\205\264\373\177\362\267\250\270\003\243\004\353\210\250g""; queryType: qtINDIRECT; ","itype: liBASE; ledgerHash: ""?\256\336y\324\026M\272]\205fM\0221 \237p\205\264\373\177\362\267\250\270\003\243\004\353\210\250g""; queryType: qtINDIRECT; "
1750554977302,1750554977302,1788,1,0,1,TMGetLedger,"itype: liBASE; ledgerHash: ""?\256\336y\324\026M\272]\205fM\0221 \237p\205\264\373\177\362\267\250\270\003\243\004\353\210\250g""; queryType: qtINDIRECT; ","itype: liBASE; ledgerHash: ""?\256\336y\324\026M\272]\205fM\0221 \237p\205\264\373\177\362\267\250\270\003\243\004\353\210\250g""; queryType: qtINDIRECT; "
1750554977302,1750554977302,2792,1,0,4,TMGetLedger,"itype: liBASE; ledgerHash: ""?\256\336y\324\026M\272]\205fM\0221 \237p\205\264\373\177\362\267\250\270\003\243\004\353\210\250g""; queryType: qtINDIRECT; ","itype: liBASE; ledgerHash: ""?\256\336y\324\026M\272]\205fM\0221 \237p\205\264\373\177\362\267\250\270\003\243\004\353\210\250g""; queryType: qtINDIRECT; "
1750554978075,1750554978075,538,1,3,0,TMLedgerData,"ledgerHash: ""?\256\336y\324\026M\272]\205fM\0221 \237p\205\264\373\177\362\267\250\270\003\243\004\353\210\250g""; ledgerSeq: 2; type: liBASE; nodes {;   nodedata: ""\000\000\000\002\001cEx]\212\000\000-}\351f\032\255\274\334m\326c\017\014ao[\342\230\003\245\245\3341Hm\326^\017jy\335\261\000\000\000\000\000\000\000\000\000\000\000\000\000\000\000\000\000\000\000\000\000\000\000\000\000\000\000\000\000\000\000\000{e\2655L\2440\340\020\277~\333\017WF\230\334\351\277\266\267\357{\321\317\275\374\330\255\231Z\226(\366\274\006/\352\025\320\n\000""; }; nodes {;   nodedata: ""\303\016\021\310<Z\337\266>\225@&n\022\246\274\353\220\345b3\035\313\350L\354\254\002\005\305\035\017\002E\344\037@\210\363\010\336T\226\247'\204_{\261\370""1\235\2445\343\033Y!\212\201\341\272\225'\007>L\014O\253g\352\035\214I\361\342\213\274\243\225\r\327qi\207\254\211\347\300?w\214Ha~\260\013\003""; }; ","ledgerHash: ""?\256\336y\324\026M\272]\205fM\0221 \237p\205\264\373\177\362\267\250\270\003\243\004\353\210\250g""; ledgerSeq: 2; type: liBASE; nodes {;   nodedata: ""\000\000\000\002\001cEx]\212\000\000-}\351f\032\255\274\334m\326c\017\014ao[\342\230\003\245\245\3341Hm\326^\017jy\335\261\000\000\000\000\000\000\000\000\000\000\000\000\000\000\000\000\000\000\000\000\000\000\000\000\000\000\000\000\000\000\000\000{e\2655L\2440\340\020\277~\333\017WF\230\334\351\277\266\267\357{\321\317\275\374\330\255\231Z\226(\366\274\006/\352\025\320\n\000""; }; nodes {;   nodedata: ""\303\016\021\310<Z\337\266>\225@&n\022\246\274\353\220\345b3\035\313\350L\354\254\002\005\305\035\017\002E\344\037@\210\363\010\336T\226\247'\204_{\261\370""1\235\2445\343\033Y!\212\201\341\272\225'\007>L\014O\253g\352\035\214I\361\342\213\274\243\225\r\327qi\207\254\211\347\300?w\214Ha~\260\013\003""; }; "
1750554978076,1750554978076,538,1,3,0,TMLedgerData,"ledgerHash: ""?\256\336y\324\026M\272]\205fM\0221 \237p\205\264\373\177\362\267\250\270\003\243\004\353\210\250g""; ledgerSeq: 2; type: liBASE; nodes {;   nodedata: ""\000\000\000\002\001cEx]\212\000\000-}\351f\032\255\274\334m\326c\017\014ao[\342\230\003\245\245\3341Hm\326^\017jy\335\261\000\000\000\000\000\000\000\000\000\000\000\000\000\000\000\000\000\000\000\000\000\000\000\000\000\000\000\000\000\000\000\000{e\2655L\2440\340\020\277~\333\017WF\230\334\351\277\266\267\357{\321\317\275\374\330\255\231Z\226(\366\274\006/\352\025\320\n\000""; }; nodes {;   nodedata: ""\303\016\021\310<Z\337\266>\225@&n\022\246\274\353\220\345b3\035\313\350L\354\254\002\005\305\035\017\002E\344\037@\210\363\010\336T\226\247'\204_{\261\370""1\235\2445\343\033Y!\212\201\341\272\225'\007>L\014O\253g\352\035\214I\361\342\213\274\243\225\r\327qi\207\254\211\347\300?w\214Ha~\260\013\003""; }; ","ledgerHash: ""?\256\336y\324\026M\272]\205fM\0221 \237p\205\264\373\177\362\267\250\270\003\243\004\353\210\250g""; ledgerSeq: 2; type: liBASE; nodes {;   nodedata: ""\000\000\000\002\001cEx]\212\000\000-}\351f\032\255\274\334m\326c\017\014ao[\342\230\003\245\245\3341Hm\326^\017jy\335\261\000\000\000\000\000\000\000\000\000\000\000\000\000\000\000\000\000\000\000\000\000\000\000\000\000\000\000\000\000\000\000\000{e\2655L\2440\340\020\277~\333\017WF\230\334\351\277\266\267\357{\321\317\275\374\330\255\231Z\226(\366\274\006/\352\025\320\n\000""; }; nodes {;   nodedata: ""\303\016\021\310<Z\337\266>\225@&n\022\246\274\353\220\345b3\035\313\350L\354\254\002\005\305\035\017\002E\344\037@\210\363\010\336T\226\247'\204_{\261\370""1\235\2445\343\033Y!\212\201\341\272\225'\007>L\014O\253g\352\035\214I\361\342\213\274\243\225\r\327qi\207\254\211\347\300?w\214Ha~\260\013\003""; }; "
1750554979091,1750554979091,1241,1,1,0,TMLedgerData,"ledgerHash: ""?\256\336y\324\026M\272]\205fM\0221 \237p\205\264\373\177\362\267\250\270\003\243\004\353\210\250g""; ledgerSeq: 2; type: liBASE; nodes {;   nodedata: ""\000\000\000\002\001cEx]\212\000\000-}\351f\032\255\274\334m\326c\017\014ao[\342\230\003\245\245\3341Hm\326^\017jy\335\261\000\000\000\000\000\000\000\000\000\000\000\000\000\000\000\000\000\000\000\000\000\000\000\000\000\000\000\000\000\000\000\000{e\2655L\2440\340\020\277~\333\017WF\230\334\351\277\266\267\357{\321\317\275\374\330\255\231Z\226(\366\274\006/\352\025\320\n\000""; }; nodes {;   nodedata: ""\303\016\021\310<Z\337\266>\225@&n\022\246\274\353\220\345b3\035\313\350L\354\254\002\005\305\035\017\002E\344\037@\210\363\010\336T\226\247'\204_{\261\370""1\235\2445\343\033Y!\212\201\341\272\225'\007>L\014O\253g\352\035\214I\361\342\213\274\243\225\r\327qi\207\254\211\347\300?w\214Ha~\260\013\003""; }; ","ledgerHash: ""?\256\336y\324\026M\272]\205fM\0221 \237p\205\264\373\177\362\267\250\270\003\243\004\353\210\250g""; ledgerSeq: 2; type: liBASE; nodes {;   nodedata: ""\000\000\000\002\001cEx]\212\000\000-}\351f\032\255\274\334m\326c\017\014ao[\342\230\003\245\245\3341Hm\326^\017jy\335\261\000\000\000\000\000\000\000\000\000\000\000\000\000\000\000\000\000\000\000\000\000\000\000\000\000\000\000\000\000\000\000\000{e\2655L\2440\340\020\277~\333\017WF\230\334\351\277\266\267\357{\321\317\275\374\330\255\231Z\226(\366\274\006/\352\025\320\n\000""; }; nodes {;   nodedata: ""\303\016\021\310<Z\337\266>\225@&n\022\246\274\353\220\345b3\035\313\350L\354\254\002\005\305\035\017\002E\344\037@\210\363\010\336T\226\247'\204_{\261\370""1\235\2445\343\033Y!\212\201\341\272\225'\007>L\014O\253g\352\035\214I\361\342\213\274\243\225\r\327qi\207\254\211\347\300?w\214Ha~\260\013\003""; }; "
1750554979336,1750554979336,2230,1,2,0,TMLedgerData,"ledgerHash: ""?\256\336y\324\026M\272]\205fM\0221 \237p\205\264\373\177\362\267\250\270\003\243\004\353\210\250g""; ledgerSeq: 2; type: liBASE; nodes {;   nodedata: ""\000\000\000\002\001cEx]\212\000\000-}\351f\032\255\274\334m\326c\017\014ao[\342\230\003\245\245\3341Hm\326^\017jy\335\261\000\000\000\000\000\000\000\000\000\000\000\000\000\000\000\000\000\000\000\000\000\000\000\000\000\000\000\000\000\000\000\000{e\2655L\2440\340\020\277~\333\017WF\230\334\351\277\266\267\357{\321\317\275\374\330\255\231Z\226(\366\274\006/\352\025\320\n\000""; }; nodes {;   nodedata: ""\303\016\021\310<Z\337\266>\225@&n\022\246\274\353\220\345b3\035\313\350L\354\254\002\005\305\035\017\002E\344\037@\210\363\010\336T\226\247'\204_{\261\370""1\235\2445\343\033Y!\212\201\341\272\225'\007>L\014O\253g\352\035\214I\361\342\213\274\243\225\r\327qi\207\254\211\347\300?w\214Ha~\260\013\003""; }; ","ledgerHash: ""?\256\336y\324\026M\272]\205fM\0221 \237p\205\264\373\177\362\267\250\270\003\243\004\353\210\250g""; ledgerSeq: 2; type: liBASE; nodes {;   nodedata: ""\000\000\000\002\001cEx]\212\000\000-}\351f\032\255\274\334m\326c\017\014ao[\342\230\003\245\245\3341Hm\326^\017jy\335\261\000\000\000\000\000\000\000\000\000\000\000\000\000\000\000\000\000\000\000\000\000\000\000\000\000\000\000\000\000\000\000\000{e\2655L\2440\340\020\277~\333\017WF\230\334\351\277\266\267\357{\321\317\275\374\330\255\231Z\226(\366\274\006/\352\025\320\n\000""; }; nodes {;   nodedata: ""\303\016\021\310<Z\337\266>\225@&n\022\246\274\353\220\345b3\035\313\350L\354\254\002\005\305\035\017\002E\344\037@\210\363\010\336T\226\247'\204_{\261\370""1\235\2445\343\033Y!\212\201\341\272\225'\007>L\014O\253g\352\035\214I\361\342\213\274\243\225\r\327qi\207\254\211\347\300?w\214Ha~\260\013\003""; }; "
1750554980003,1750554980003,1828,1,2,4,TMProposeSet,"proposeSeq: 0; currentTxHash: ""\000\000\000\000\000\000\000\000\000\000\000\000\000\000\000\000\000\000\000\000\000\000\000\000\000\000\000\000\000\000\000\000""; nodePubKey: ""\003\377\373k5_\032\3369\270\342\273n(r\273\207{\327\250/\370I\221Q\224\244\335\320\006\305\376q""; closeTime: 803870180; signature: ""0D\002 =\360\212|\206\246\302\230I\251\333Q\233\010\200s\316\243\255^\376\0301\0218/\227\036!\354\220'\002 M\030A\304\315\264\020E\325\210\034\265\367\262y\201(Uk\317\031\030\326\233\235\260P\262\343\271\2257""; previousledger: ""?\256\336y\324\026M\272]\205fM\0221 \237p\205\264\373\177\362\267\250\270\003\243\004\353\210\250g""; ","proposeSeq: 0; currentTxHash: ""\000\000\000\000\000\000\000\000\000\000\000\000\000\000\000\000\000\000\000\000\000\000\000\000\000\000\000\000\000\000\000\000""; nodePubKey: ""\003\377\373k5_\032\3369\270\342\273n(r\273\207{\327\250/\370I\221Q\224\244\335\320\006\305\376q""; closeTime: 803870180; signature: ""0D\002 =\360\212|\206\246\302\230I\251\333Q\233\010\200s\316\243\255^\376\0301\0218/\227\036!\354\220'\002 M\030A\304\315\264\020E\325\210\034\265\367\262y\201(Uk\317\031\030\326\233\235\260P\262\343\271\2257""; previousledger: ""?\256\336y\324\026M\272]\205fM\0221 \237p\205\264\373\177\362\267\250\270\003\243\004\353\210\250g""; "
1750554980005,1750554980005,799,1,2,3,TMProposeSet,"proposeSeq: 0; currentTxHash: ""\000\000\000\000\000\000\000\000\000\000\000\000\000\000\000\000\000\000\000\000\000\000\000\000\000\000\000\000\000\000\000\000""; nodePubKey: ""\003\377\373k5_\032\3369\270\342\273n(r\273\207{\327\250/\370I\221Q\224\244\335\320\006\305\376q""; closeTime: 803870180; signature: ""0D\002 =\360\212|\206\246\302\230I\251\333Q\233\010\200s\316\243\255^\376\0301\0218/\227\036!\354\220'\002 M\030A\304\315\264\020E\325\210\034\265\367\262y\201(Uk\317\031\030\326\233\235\260P\262\343\271\2257""; previousledger: ""?\256\336y\324\026M\272]\205fM\0221 \237p\205\264\373\177\362\267\250\270\003\243\004\353\210\250g""; ","proposeSeq: 0; currentTxHash: ""\000\000\000\000\000\000\000\000\000\000\000\000\000\000\000\000\000\000\000\000\000\000\000\000\000\000\000\000\000\000\000\000""; nodePubKey: ""\003\377\373k5_\032\3369\270\342\273n(r\273\207{\327\250/\370I\221Q\224\244\335\320\006\305\376q""; closeTime: 803870180; signature: ""0D\002 =\360\212|\206\246\302\230I\251\333Q\233\010\200s\316\243\255^\376\0301\0218/\227\036!\354\220'\002 M\030A\304\315\264\020E\325\210\034\265\367\262y\201(Uk\317\031\030\326\233\235\260P\262\343\271\2257""; previousledger: ""?\256\336y\324\026M\272]\205fM\0221 \237p\205\264\373\177\362\267\250\270\003\243\004\353\210\250g""; "
1750554980005,1750554980006,2812,1,2,0,TMProposeSet,"proposeSeq: 0; currentTxHash: ""\000\000\000\000\000\000\000\000\000\000\000\000\000\000\000\000\000\000\000\000\000\000\000\000\000\000\000\000\000\000\000\000""; nodePubKey: ""\003\377\373k5_\032\3369\270\342\273n(r\273\207{\327\250/\370I\221Q\224\244\335\320\006\305\376q""; closeTime: 803870180; signature: ""0D\002 =\360\212|\206\246\302\230I\251\333Q\233\010\200s\316\243\255^\376\0301\0218/\227\036!\354\220'\002 M\030A\304\315\264\020E\325\210\034\265\367\262y\201(Uk\317\031\030\326\233\235\260P\262\343\271\2257""; previousledger: ""?\256\336y\324\026M\272]\205fM\0221 \237p\205\264\373\177\362\267\250\270\003\243\004\353\210\250g""; ","proposeSeq: 0; currentTxHash: ""\000\000\000\000\000\000\000\000\000\000\000\000\000\000\000\000\000\000\000\000\000\000\000\000\000\000\000\000\000\000\000\000""; nodePubKey: ""\003\377\373k5_\032\3369\270\342\273n(r\273\207{\327\250/\370I\221Q\224\244\335\320\006\305\376q""; closeTime: 803870180; signature: ""0D\002 =\360\212|\206\246\302\230I\251\333Q\233\010\200s\316\243\255^\376\0301\0218/\227\036!\354\220'\002 M\030A\304\315\264\020E\325\210\034\265\367\262y\201(Uk\317\031\030\326\233\235\260P\262\343\271\2257""; previousledger: ""?\256\336y\324\026M\272]\205fM\0221 \237p\205\264\373\177\362\267\250\270\003\243\004\353\210\250g""; "
1750554980047,1750554980047,510,1,2,1,TMProposeSet,"proposeSeq: 0; currentTxHash: ""\000\000\000\000\000\000\000\000\000\000\000\000\000\000\000\000\000\000\000\000\000\000\000\000\000\000\000\000\000\000\000\000""; nodePubKey: ""\003\377\373k5_\032\3369\270\342\273n(r\273\207{\327\250/\370I\221Q\224\244\335\320\006\305\376q""; closeTime: 803870180; signature: ""0D\002 =\360\212|\206\246\302\230I\251\333Q\233\010\200s\316\243\255^\376\0301\0218/\227\036!\354\220'\002 M\030A\304\315\264\020E\325\210\034\265\367\262y\201(Uk\317\031\030\326\233\235\260P\262\343\271\2257""; previousledger: ""?\256\336y\324\026M\272]\205fM\0221 \237p\205\264\373\177\362\267\250\270\003\243\004\353\210\250g""; ","proposeSeq: 0; currentTxHash: ""\000\000\000\000\000\000\000\000\000\000\000\000\000\000\000\000\000\000\000\000\000\000\000\000\000\000\000\000\000\000\000\000""; nodePubKey: ""\003\377\373k5_\032\3369\270\342\273n(r\273\207{\327\250/\370I\221Q\224\244\335\320\006\305\376q""; closeTime: 803870180; signature: ""0D\002 =\360\212|\206\246\302\230I\251\333Q\233\010\200s\316\243\255^\376\0301\0218/\227\036!\354\220'\002 M\030A\304\315\264\020E\325\210\034\265\367\262y\201(Uk\317\031\030\326\233\235\260P\262\343\271\2257""; previousledger: ""?\256\336y\324\026M\272]\205fM\0221 \237p\205\264\373\177\362\267\250\270\003\243\004\353\210\250g""; "
1750554980003,1750554980051,3479,1,2,4,TMStatusChange,"newEvent: neCLOSING_LEDGER; ledgerSeq: 2; ledgerHash: ""?\256\336y\324\026M\272]\205fM\0221 \237p\205\264\373\177\362\267\250\270\003\243\004\353\210\250g""; ledgerHashPrevious: ""-}\351f\032\255\274\334m\326c\017\014ao[\342\230\003\245\245\3341Hm\326^\017jy\335\261""; networkTime: 803870180; firstSeq: 1; lastSeq: 1; ","newEvent: neCLOSING_LEDGER; ledgerSeq: 2; ledgerHash: ""?\256\336y\324\026M\272]\205fM\0221 \237p\205\264\373\177\362\267\250\270\003\243\004\353\210\250g""; ledgerHashPrevious: ""-}\351f\032\255\274\334m\326c\017\014ao[\342\230\003\245\245\3341Hm\326^\017jy\335\261""; networkTime: 803870180; firstSeq: 1; lastSeq: 1; "
1750554980006,1750554980052,3215,1,2,1,TMStatusChange,"newEvent: neCLOSING_LEDGER; ledgerSeq: 2; ledgerHash: ""?\256\336y\324\026M\272]\205fM\0221 \237p\205\264\373\177\362\267\250\270\003\243\004\353\210\250g""; ledgerHashPrevious: ""-}\351f\032\255\274\334m\326c\017\014ao[\342\230\003\245\245\3341Hm\326^\017jy\335\261""; networkTime: 803870180; firstSeq: 1; lastSeq: 1; ","newEvent: neCLOSING_LEDGER; ledgerSeq: 2; ledgerHash: ""?\256\336y\324\026M\272]\205fM\0221 \237p\205\264\373\177\362\267\250\270\003\243\004\353\210\250g""; ledgerHashPrevious: ""-}\351f\032\255\274\334m\326c\017\014ao[\342\230\003\245\245\3341Hm\326^\017jy\335\261""; networkTime: 803870180; firstSeq: 1; lastSeq: 1; "
1750554980006,1750554980051,2016,1,2,3,TMStatusChange,"newEvent: neCLOSING_LEDGER; ledgerSeq: 2; ledgerHash: ""?\256\336y\324\026M\272]\205fM\0221 \237p\205\264\373\177\362\267\250\270\003\243\004\353\210\250g""; ledgerHashPrevious: ""-}\351f\032\255\274\334m\326c\017\014ao[\342\230\003\245\245\3341Hm\326^\017jy\335\261""; networkTime: 803870180; firstSeq: 1; lastSeq: 1; ","newEvent: neCLOSING_LEDGER; ledgerSeq: 2; ledgerHash: ""?\256\336y\324\026M\272]\205fM\0221 \237p\205\264\373\177\362\267\250\270\003\243\004\353\210\250g""; ledgerHashPrevious: ""-}\351f\032\255\274\334m\326c\017\014ao[\342\230\003\245\245\3341Hm\326^\017jy\335\261""; networkTime: 803870180; firstSeq: 1; lastSeq: 1; "
1750554980004,1750554980051,2259,1,2,0,TMStatusChange,"newEvent: neCLOSING_LEDGER; ledgerSeq: 2; ledgerHash: ""?\256\336y\324\026M\272]\205fM\0221 \237p\205\264\373\177\362\267\250\270\003\243\004\353\210\250g""; ledgerHashPrevious: ""-}\351f\032\255\274\334m\326c\017\014ao[\342\230\003\245\245\3341Hm\326^\017jy\335\261""; networkTime: 803870180; firstSeq: 1; lastSeq: 1; ","newEvent: neCLOSING_LEDGER; ledgerSeq: 2; ledgerHash: ""?\256\336y\324\026M\272]\205fM\0221 \237p\205\264\373\177\362\267\250\270\003\243\004\353\210\250g""; ledgerHashPrevious: ""-}\351f\032\255\274\334m\326c\017\014ao[\342\230\003\245\245\3341Hm\326^\017jy\335\261""; networkTime: 803870180; firstSeq: 1; lastSeq: 1; "
1750554980095,1750554980095,1925,1,4,0,TMLedgerData,"ledgerHash: ""?\256\336y\324\026M\272]\205fM\0221 \237p\205\264\373\177\362\267\250\270\003\243\004\353\210\250g""; ledgerSeq: 2; type: liBASE; nodes {;   nodedata: ""\000\000\000\002\001cEx]\212\000\000-}\351f\032\255\274\334m\326c\017\014ao[\342\230\003\245\245\3341Hm\326^\017jy\335\261\000\000\000\000\000\000\000\000\000\000\000\000\000\000\000\000\000\000\000\000\000\000\000\000\000\000\000\000\000\000\000\000{e\2655L\2440\340\020\277~\333\017WF\230\334\351\277\266\267\357{\321\317\275\374\330\255\231Z\226(\366\274\006/\352\025\320\n\000""; }; nodes {;   nodedata: ""\303\016\021\310<Z\337\266>\225@&n\022\246\274\353\220\345b3\035\313\350L\354\254\002\005\305\035\017\002E\344\037@\210\363\010\336T\226\247'\204_{\261\370""1\235\2445\343\033Y!\212\201\341\272\225'\007>L\014O\253g\352\035\214I\361\342\213\274\243\225\r\327qi\207\254\211\347\300?w\214Ha~\260\013\003""; }; ","ledgerHash: ""?\256\336y\324\026M\272]\205fM\0221 \237p\205\264\373\177\362\267\250\270\003\243\004\353\210\250g""; ledgerSeq: 2; type: liBASE; nodes {;   nodedata: ""\000\000\000\002\001cEx]\212\000\000-}\351f\032\255\274\334m\326c\017\014ao[\342\230\003\245\245\3341Hm\326^\017jy\335\261\000\000\000\000\000\000\000\000\000\000\000\000\000\000\000\000\000\000\000\000\000\000\000\000\000\000\000\000\000\000\000\000{e\2655L\2440\340\020\277~\333\017WF\230\334\351\277\266\267\357{\321\317\275\374\330\255\231Z\226(\366\274\006/\352\025\320\n\000""; }; nodes {;   nodedata: ""\303\016\021\310<Z\337\266>\225@&n\022\246\274\353\220\345b3\035\313\350L\354\254\002\005\305\035\017\002E\344\037@\210\363\010\336T\226\247'\204_{\261\370""1\235\2445\343\033Y!\212\201\341\272\225'\007>L\014O\253g\352\035\214I\361\342\213\274\243\225\r\327qi\207\254\211\347\300?w\214Ha~\260\013\003""; }; "
1750554980132,1750554980133,1088,1,3,1,TMProposeSet,"proposeSeq: 0; currentTxHash: ""\000\000\000\000\000\000\000\000\000\000\000\000\000\000\000\000\000\000\000\000\000\000\000\000\000\000\000\000\000\000\000\000""; nodePubKey: ""\002\267\233\013C\322\025\227_\336\326\026\301\225\224\007@\351}6j\027\315\304Px?\375+\235`\313_""; closeTime: 803870180; signature: ""0E\002!\000\205H\201b\334\373\274\244q\236\230\024i<p\226H\334;\tS\233j\335~\034\313W\202+\333<\002 \023\005\264+Y\232\231-\224\214\353\3774\350\357\300\355\001\250\340Y\234^\257\320\001!\033&<\217\307""; previousledger: ""?\256\336y\324\026M\272]\205fM\0221 \237p\205\264\373\177\362\267\250\270\003\243\004\353\210\250g""; ","proposeSeq: 0; currentTxHash: ""\000\000\000\000\000\000\000\000\000\000\000\000\000\000\000\000\000\000\000\000\000\000\000\000\000\000\000\000\000\000\000\000""; nodePubKey: ""\002\267\233\013C\322\025\227_\336\326\026\301\225\224\007@\351}6j\027\315\304Px?\375+\235`\313_""; closeTime: 803870180; signature: ""0E\002!\000\205H\201b\334\373\274\244q\236\230\024i<p\226H\334;\tS\233j\335~\034\313W\202+\333<\002 \023\005\264+Y\232\231-\224\214\353\3774\350\357\300\355\001\250\340Y\234^\257\320\001!\033&<\217\307""; previousledger: ""?\256\336y\324\026M\272]\205fM\0221 \237p\205\264\373\177\362\267\250\270\003\243\004\353\210\250g""; "
1750554980134,1750554980134,1448,1,3,0,TMProposeSet,"proposeSeq: 0; currentTxHash: ""\000\000\000\000\000\000\000\000\000\000\000\000\000\000\000\000\000\000\000\000\000\000\000\000\000\000\000\000\000\000\000\000""; nodePubKey: ""\002\267\233\013C\322\025\227_\336\326\026\301\225\224\007@\351}6j\027\315\304Px?\375+\235`\313_""; closeTime: 803870180; signature: ""0E\002!\000\205H\201b\334\373\274\244q\236\230\024i<p\226H\334;\tS\233j\335~\034\313W\202+\333<\002 \023\005\264+Y\232\231-\224\214\353\3774\350\357\300\355\001\250\340Y\234^\257\320\001!\033&<\217\307""; previousledger: ""?\256\336y\324\026M\272]\205fM\0221 \237p\205\264\373\177\362\267\250\270\003\243\004\353\210\250g""; ","proposeSeq: 0; currentTxHash: ""\000\000\000\000\000\000\000\000\000\000\000\000\000\000\000\000\000\000\000\000\000\000\000\000\000\000\000\000\000\000\000\000""; nodePubKey: ""\002\267\233\013C\322\025\227_\336\326\026\301\225\224\007@\351}6j\027\315\304Px?\375+\235`\313_""; closeTime: 803870180; signature: ""0E\002!\000\205H\201b\334\373\274\244q\236\230\024i<p\226H\334;\tS\233j\335~\034\313W\202+\333<\002 \023\005\264+Y\232\231-\224\214\353\3774\350\357\300\355\001\250\340Y\234^\257\320\001!\033&<\217\307""; previousledger: ""?\256\336y\324\026M\272]\205fM\0221 \237p\205\264\373\177\362\267\250\270\003\243\004\353\210\250g""; "
1750554980134,1750554980134,3430,1,3,2,TMProposeSet,"proposeSeq: 0; currentTxHash: ""\000\000\000\000\000\000\000\000\000\000\000\000\000\000\000\000\000\000\000\000\000\000\000\000\000\000\000\000\000\000\000\000""; nodePubKey: ""\002\267\233\013C\322\025\227_\336\326\026\301\225\224\007@\351}6j\027\315\304Px?\375+\235`\313_""; closeTime: 803870180; signature: ""0E\002!\000\205H\201b\334\373\274\244q\236\230\024i<p\226H\334;\tS\233j\335~\034\313W\202+\333<\002 \023\005\264+Y\232\231-\224\214\353\3774\350\357\300\355\001\250\340Y\234^\257\320\001!\033&<\217\307""; previousledger: ""?\256\336y\324\026M\272]\205fM\0221 \237p\205\264\373\177\362\267\250\270\003\243\004\353\210\250g""; ","proposeSeq: 0; currentTxHash: ""\000\000\000\000\000\000\000\000\000\000\000\000\000\000\000\000\000\000\000\000\000\000\000\000\000\000\000\000\000\000\000\000""; nodePubKey: ""\002\267\233\013C\322\025\227_\336\326\026\301\225\224\007@\351}6j\027\315\304Px?\375+\235`\313_""; closeTime: 803870180; signature: ""0E\002!\000\205H\201b\334\373\274\244q\236\230\024i<p\226H\334;\tS\233j\335~\034\313W\202+\333<\002 \023\005\264+Y\232\231-\224\214\353\3774\350\357\300\355\001\250\340Y\234^\257\320\001!\033&<\217\307""; previousledger: ""?\256\336y\324\026M\272]\205fM\0221 \237p\205\264\373\177\362\267\250\270\003\243\004\353\210\250g""; "
1750554980133,1750554980134,2528,1,3,4,TMProposeSet,"proposeSeq: 0; currentTxHash: ""\000\000\000\000\000\000\000\000\000\000\000\000\000\000\000\000\000\000\000\000\000\000\000\000\000\000\000\000\000\000\000\000""; nodePubKey: ""\002\267\233\013C\322\025\227_\336\326\026\301\225\224\007@\351}6j\027\315\304Px?\375+\235`\313_""; closeTime: 803870180; signature: ""0E\002!\000\205H\201b\334\373\274\244q\236\230\024i<p\226H\334;\tS\233j\335~\034\313W\202+\333<\002 \023\005\264+Y\232\231-\224\214\353\3774\350\357\300\355\001\250\340Y\234^\257\320\001!\033&<\217\307""; previousledger: ""?\256\336y\324\026M\272]\205fM\0221 \237p\205\264\373\177\362\267\250\270\003\243\004\353\210\250g""; ","proposeSeq: 0; currentTxHash: ""\000\000\000\000\000\000\000\000\000\000\000\000\000\000\000\000\000\000\000\000\000\000\000\000\000\000\000\000\000\000\000\000""; nodePubKey: ""\002\267\233\013C\322\025\227_\336\326\026\301\225\224\007@\351}6j\027\315\304Px?\375+\235`\313_""; closeTime: 803870180; signature: ""0E\002!\000\205H\201b\334\373\274\244q\236\230\024i<p\226H\334;\tS\233j\335~\034\313W\202+\333<\002 \023\005\264+Y\232\231-\224\214\353\3774\350\357\300\355\001\250\340Y\234^\257\320\001!\033&<\217\307""; previousledger: ""?\256\336y\324\026M\272]\205fM\0221 \237p\205\264\373\177\362\267\250\270\003\243\004\353\210\250g""; "
1750554980130,1750554980188,703,1,3,4,TMStatusChange,"newEvent: neCLOSING_LEDGER; ledgerSeq: 2; ledgerHash: ""?\256\336y\324\026M\272]\205fM\0221 \237p\205\264\373\177\362\267\250\270\003\243\004\353\210\250g""; ledgerHashPrevious: ""-}\351f\032\255\274\334m\326c\017\014ao[\342\230\003\245\245\3341Hm\326^\017jy\335\261""; networkTime: 803870180; firstSeq: 1; lastSeq: 1; ","newEvent: neCLOSING_LEDGER; ledgerSeq: 2; ledgerHash: ""?\256\336y\324\026M\272]\205fM\0221 \237p\205\264\373\177\362\267\250\270\003\243\004\353\210\250g""; ledgerHashPrevious: ""-}\351f\032\255\274\334m\326c\017\014ao[\342\230\003\245\245\3341Hm\326^\017jy\335\261""; networkTime: 803870180; firstSeq: 1; lastSeq: 1; "
1750554980132,1750554980188,3374,1,3,0,TMStatusChange,"newEvent: neCLOSING_LEDGER; ledgerSeq: 2; ledgerHash: ""?\256\336y\324\026M\272]\205fM\0221 \237p\205\264\373\177\362\267\250\270\003\243\004\353\210\250g""; ledgerHashPrevious: ""-}\351f\032\255\274\334m\326c\017\014ao[\342\230\003\245\245\3341Hm\326^\017jy\335\261""; networkTime: 803870180; firstSeq: 1; lastSeq: 1; ","newEvent: neCLOSING_LEDGER; ledgerSeq: 2; ledgerHash: ""?\256\336y\324\026M\272]\205fM\0221 \237p\205\264\373\177\362\267\250\270\003\243\004\353\210\250g""; ledgerHashPrevious: ""-}\351f\032\255\274\334m\326c\017\014ao[\342\230\003\245\245\3341Hm\326^\017jy\335\261""; networkTime: 803870180; firstSeq: 1; lastSeq: 1; "
1750554980132,1750554980189,1418,1,3,1,TMStatusChange,"newEvent: neCLOSING_LEDGER; ledgerSeq: 2; ledgerHash: ""?\256\336y\324\026M\272]\205fM\0221 \237p\205\264\373\177\362\267\250\270\003\243\004\353\210\250g""; ledgerHashPrevious: ""-}\351f\032\255\274\334m\326c\017\014ao[\342\230\003\245\245\3341Hm\326^\017jy\335\261""; networkTime: 803870180; firstSeq: 1; lastSeq: 1; ","newEvent: neCLOSING_LEDGER; ledgerSeq: 2; ledgerHash: ""?\256\336y\324\026M\272]\205fM\0221 \237p\205\264\373\177\362\267\250\270\003\243\004\353\210\250g""; ledgerHashPrevious: ""-}\351f\032\255\274\334m\326c\017\014ao[\342\230\003\245\245\3341Hm\326^\017jy\335\261""; networkTime: 803870180; firstSeq: 1; lastSeq: 1; "
1750554980133,1750554980189,1254,1,3,2,TMStatusChange,"newEvent: neCLOSING_LEDGER; ledgerSeq: 2; ledgerHash: ""?\256\336y\324\026M\272]\205fM\0221 \237p\205\264\373\177\362\267\250\270\003\243\004\353\210\250g""; ledgerHashPrevious: ""-}\351f\032\255\274\334m\326c\017\014ao[\342\230\003\245\245\3341Hm\326^\017jy\335\261""; networkTime: 803870180; firstSeq: 1; lastSeq: 1; ","newEvent: neCLOSING_LEDGER; ledgerSeq: 2; ledgerHash: ""?\256\336y\324\026M\272]\205fM\0221 \237p\205\264\373\177\362\267\250\270\003\243\004\353\210\250g""; ledgerHashPrevious: ""-}\351f\032\255\274\334m\326c\017\014ao[\342\230\003\245\245\3341Hm\326^\017jy\335\261""; networkTime: 803870180; firstSeq: 1; lastSeq: 1; "
1750554980387,1750554980387,1362,1,0,3,TMProposeSet,"proposeSeq: 0; currentTxHash: ""\000\000\000\000\000\000\000\000\000\000\000\000\000\000\000\000\000\000\000\000\000\000\000\000\000\000\000\000\000\000\000\000""; nodePubKey: ""\003r\247\260\262W1v\231G\352\250p\313\031\267[k\261e{a\207j\020\217\332\242`\260*\357\332""; closeTime: 803870180; signature: ""0D\002 \022\221\312GwE\207\226G(b\000\243e\r#\234\036\337w\251\336\027\203\306n\340\264""\316|j\002 ~nIP2\264T\326\300\323\206\021\243\350\215\311\244L\320\300\025\025\337\356\016\336\301!\334\272%,""; previousledger: ""?\256\336y\324\026M\272]\205fM\0221 \237p\205\264\373\177\362\267\250\270\003\243\004\353\210\250g""; ","proposeSeq: 0; currentTxHash: ""\000\000\000\000\000\000\000\000\000\000\000\000\000\000\000\000\000\000\000\000\000\000\000\000\000\000\000\000\000\000\000\000""; nodePubKey: ""\003r\247\260\262W1v\231G\352\250p\313\031\267[k\261e{a\207j\020\217\332\242`\260*\357\332""; closeTime: 803870180; signature: ""0D\002 \022\221\312GwE\207\226G(b\000\243e\r#\234\036\337w\251\336\027\203\306n\340\264""\316|j\002 ~nIP2\264T\326\300\323\206\021\243\350\215\311\244L\320\300\025\025\337\356\016\336\301!\334\272%,""; previousledger: ""?\256\336y\324\026M\272]\205fM\0221 \237p\205\264\373\177\362\267\250\270\003\243\004\353\210\250g""; "
1750554980391,1750554980391,2432,1,0,4,TMProposeSet,"proposeSeq: 0; currentTxHash: ""\000\000\000\000\000\000\000\000\000\000\000\000\000\000\000\000\000\000\000\000\000\000\000\000\000\000\000\000\000\000\000\000""; nodePubKey: ""\003r\247\260\262W1v\231G\352\250p\313\031\267[k\261e{a\207j\020\217\332\242`\260*\357\332""; closeTime: 803870180; signature: ""0D\002 \022\221\312GwE\207\226G(b\000\243e\r#\234\036\337w\251\336\027\203\306n\340\264""\316|j\002 ~nIP2\264T\326\300\323\206\021\243\350\215\311\244L\320\300\025\025\337\356\016\336\301!\334\272%,""; previousledger: ""?\256\336y\324\026M\272]\205fM\0221 \237p\205\264\373\177\362\267\250\270\003\243\004\353\210\250g""; ","proposeSeq: 0; currentTxHash: ""\000\000\000\000\000\000\000\000\000\000\000\000\000\000\000\000\000\000\000\000\000\000\000\000\000\000\000\000\000\000\000\000""; nodePubKey: ""\003r\247\260\262W1v\231G\352\250p\313\031\267[k\261e{a\207j\020\217\332\242`\260*\357\332""; closeTime: 803870180; signature: ""0D\002 \022\221\312GwE\207\226G(b\000\243e\r#\234\036\337w\251\336\027\203\306n\340\264""\316|j\002 ~nIP2\264T\326\300\323\206\021\243\350\215\311\244L\320\300\025\025\337\356\016\336\301!\334\272%,""; previousledger: ""?\256\336y\324\026M\272]\205fM\0221 \237p\205\264\373\177\362\267\250\270\003\243\004\353\210\250g""; "
1750554980391,1750554980391,3587,1,0,2,TMProposeSet,"proposeSeq: 0; currentTxHash: ""\000\000\000\000\000\000\000\000\000\000\000\000\000\000\000\000\000\000\000\000\000\000\000\000\000\000\000\000\000\000\000\000""; nodePubKey: ""\003r\247\260\262W1v\231G\352\250p\313\031\267[k\261e{a\207j\020\217\332\242`\260*\357\332""; closeTime: 803870180; signature: ""0D\002 \022\221\312GwE\207\226G(b\000\243e\r#\234\036\337w\251\336\027\203\306n\340\264""\316|j\002 ~nIP2\264T\326\300\323\206\021\243\350\215\311\244L\320\300\025\025\337\356\016\336\301!\334\272%,""; previousledger: ""?\256\336y\324\026M\272]\205fM\0221 \237p\205\264\373\177\362\267\250\270\003\243\004\353\210\250g""; ","proposeSeq: 0; currentTxHash: ""\000\000\000\000\000\000\000\000\000\000\000\000\000\000\000\000\000\000\000\000\000\000\000\000\000\000\000\000\000\000\000\000""; nodePubKey: ""\003r\247\260\262W1v\231G\352\250p\313\031\267[k\261e{a\207j\020\217\332\242`\260*\357\332""; closeTime: 803870180; signature: ""0D\002 \022\221\312GwE\207\226G(b\000\243e\r#\234\036\337w\251\336\027\203\306n\340\264""\316|j\002 ~nIP2\264T\326\300\323\206\021\243\350\215\311\244L\320\300\025\025\337\356\016\336\301!\334\272%,""; previousledger: ""?\256\336y\324\026M\272]\205fM\0221 \237p\205\264\373\177\362\267\250\270\003\243\004\353\210\250g""; "
1750554980430,1750554980430,1345,1,0,1,TMProposeSet,"proposeSeq: 0; currentTxHash: ""\000\000\000\000\000\000\000\000\000\000\000\000\000\000\000\000\000\000\000\000\000\000\000\000\000\000\000\000\000\000\000\000""; nodePubKey: ""\003r\247\260\262W1v\231G\352\250p\313\031\267[k\261e{a\207j\020\217\332\242`\260*\357\332""; closeTime: 803870180; signature: ""0D\002 \022\221\312GwE\207\226G(b\000\243e\r#\234\036\337w\251\336\027\203\306n\340\264""\316|j\002 ~nIP2\264T\326\300\323\206\021\243\350\215\311\244L\320\300\025\025\337\356\016\336\301!\334\272%,""; previousledger: ""?\256\336y\324\026M\272]\205fM\0221 \237p\205\264\373\177\362\267\250\270\003\243\004\353\210\250g""; ","proposeSeq: 0; currentTxHash: ""\000\000\000\000\000\000\000\000\000\000\000\000\000\000\000\000\000\000\000\000\000\000\000\000\000\000\000\000\000\000\000\000""; nodePubKey: ""\003r\247\260\262W1v\231G\352\250p\313\031\267[k\261e{a\207j\020\217\332\242`\260*\357\332""; closeTime: 803870180; signature: ""0D\002 \022\221\312GwE\207\226G(b\000\243e\r#\234\036\337w\251\336\027\203\306n\340\264""\316|j\002 ~nIP2\264T\326\300\323\206\021\243\350\215\311\244L\320\300\025\025\337\356\016\336\301!\334\272%,""; previousledger: ""?\256\336y\324\026M\272]\205fM\0221 \237p\205\264\373\177\362\267\250\270\003\243\004\353\210\250g""; "
1750554980388,1750554980436,3737,1,0,3,TMStatusChange,"newEvent: neCLOSING_LEDGER; ledgerSeq: 2; ledgerHash: ""?\256\336y\324\026M\272]\205fM\0221 \237p\205\264\373\177\362\267\250\270\003\243\004\353\210\250g""; ledgerHashPrevious: ""-}\351f\032\255\274\334m\326c\017\014ao[\342\230\003\245\245\3341Hm\326^\017jy\335\261""; networkTime: 803870180; firstSeq: 1; lastSeq: 1; ","newEvent: neCLOSING_LEDGER; ledgerSeq: 2; ledgerHash: ""?\256\336y\324\026M\272]\205fM\0221 \237p\205\264\373\177\362\267\250\270\003\243\004\353\210\250g""; ledgerHashPrevious: ""-}\351f\032\255\274\334m\326c\017\014ao[\342\230\003\245\245\3341Hm\326^\017jy\335\261""; networkTime: 803870180; firstSeq: 1; lastSeq: 1; "
1750554980392,1750554980437,3027,1,0,2,TMStatusChange,"newEvent: neCLOSING_LEDGER; ledgerSeq: 2; ledgerHash: ""?\256\336y\324\026M\272]\205fM\0221 \237p\205\264\373\177\362\267\250\270\003\243\004\353\210\250g""; ledgerHashPrevious: ""-}\351f\032\255\274\334m\326c\017\014ao[\342\230\003\245\245\3341Hm\326^\017jy\335\261""; networkTime: 803870180; firstSeq: 1; lastSeq: 1; ","newEvent: neCLOSING_LEDGER; ledgerSeq: 2; ledgerHash: ""?\256\336y\324\026M\272]\205fM\0221 \237p\205\264\373\177\362\267\250\270\003\243\004\353\210\250g""; ledgerHashPrevious: ""-}\351f\032\255\274\334m\326c\017\014ao[\342\230\003\245\245\3341Hm\326^\017jy\335\261""; networkTime: 803870180; firstSeq: 1; lastSeq: 1; "
1750554980391,1750554980437,2688,1,0,1,TMStatusChange,"newEvent: neCLOSING_LEDGER; ledgerSeq: 2; ledgerHash: ""?\256\336y\324\026M\272]\205fM\0221 \237p\205\264\373\177\362\267\250\270\003\243\004\353\210\250g""; ledgerHashPrevious: ""-}\351f\032\255\274\334m\326c\017\014ao[\342\230\003\245\245\3341Hm\326^\017jy\335\261""; networkTime: 803870180; firstSeq: 1; lastSeq: 1; ","newEvent: neCLOSING_LEDGER; ledgerSeq: 2; ledgerHash: ""?\256\336y\324\026M\272]\205fM\0221 \237p\205\264\373\177\362\267\250\270\003\243\004\353\210\250g""; ledgerHashPrevious: ""-}\351f\032\255\274\334m\326c\017\014ao[\342\230\003\245\245\3341Hm\326^\017jy\335\261""; networkTime: 803870180; firstSeq: 1; lastSeq: 1; "
1750554980390,1750554980436,3315,1,0,4,TMStatusChange,"newEvent: neCLOSING_LEDGER; ledgerSeq: 2; ledgerHash: ""?\256\336y\324\026M\272]\205fM\0221 \237p\205\264\373\177\362\267\250\270\003\243\004\353\210\250g""; ledgerHashPrevious: ""-}\351f\032\255\274\334m\326c\017\014ao[\342\230\003\245\245\3341Hm\326^\017jy\335\261""; networkTime: 803870180; firstSeq: 1; lastSeq: 1; ","newEvent: neCLOSING_LEDGER; ledgerSeq: 2; ledgerHash: ""?\256\336y\324\026M\272]\205fM\0221 \237p\205\264\373\177\362\267\250\270\003\243\004\353\210\250g""; ledgerHashPrevious: ""-}\351f\032\255\274\334m\326c\017\014ao[\342\230\003\245\245\3341Hm\326^\017jy\335\261""; networkTime: 803870180; firstSeq: 1; lastSeq: 1; "
1750554980559,1750554980559,1275,1,1,4,TMProposeSet,"proposeSeq: 0; currentTxHash: ""\000\000\000\000\000\000\000\000\000\000\000\000\000\000\000\000\000\000\000\000\000\000\000\000\000\000\000\000\000\000\000\000""; nodePubKey: ""\003\377\373k5_\032\3369\270\342\273n(r\273\207{\327\250/\370I\221Q\224\244\335\320\006\305\376q""; closeTime: 803870180; signature: ""0D\002 =\360\212|\206\246\302\230I\251\333Q\233\010\200s\316\243\255^\376\0301\0218/\227\036!\354\220'\002 M\030A\304\315\264\020E\325\210\034\265\367\262y\201(Uk\317\031\030\326\233\235\260P\262\343\271\2257""; previousledger: ""?\256\336y\324\026M\272]\205fM\0221 \237p\205\264\373\177\362\267\250\270\003\243\004\353\210\250g""; ","proposeSeq: 0; currentTxHash: ""\000\000\000\000\000\000\000\000\000\000\000\000\000\000\000\000\000\000\000\000\000\000\000\000\000\000\000\000\000\000\000\000""; nodePubKey: ""\003\377\373k5_\032\3369\270\342\273n(r\273\207{\327\250/\370I\221Q\224\244\335\320\006\305\376q""; closeTime: 803870180; signature: ""0D\002 =\360\212|\206\246\302\230I\251\333Q\233\010\200s\316\243\255^\376\0301\0218/\227\036!\354\220'\002 M\030A\304\315\264\020E\325\210\034\265\367\262y\201(Uk\317\031\030\326\233\235\260P\262\343\271\2257""; previousledger: ""?\256\336y\324\026M\272]\205fM\0221 \237p\205\264\373\177\362\267\250\270\003\243\004\353\210\250g""; "
1750554980559,1750554980559,3770,1,1,3,TMProposeSet,"proposeSeq: 0; currentTxHash: ""\000\000\000\000\000\000\000\000\000\000\000\000\000\000\000\000\000\000\000\000\000\000\000\000\000\000\000\000\000\000\000\000""; nodePubKey: ""\003\377\373k5_\032\3369\270\342\273n(r\273\207{\327\250/\370I\221Q\224\244\335\320\006\305\376q""; closeTime: 803870180; signature: ""0D\002 =\360\212|\206\246\302\230I\251\333Q\233\010\200s\316\243\255^\376\0301\0218/\227\036!\354\220'\002 M\030A\304\315\264\020E\325\210\034\265\367\262y\201(Uk\317\031\030\326\233\235\260P\262\343\271\2257""; previousledger: ""?\256\336y\324\026M\272]\205fM\0221 \237p\205\264\373\177\362\267\250\270\003\243\004\353\210\250g""; ","proposeSeq: 0; currentTxHash: ""\000\000\000\000\000\000\000\000\000\000\000\000\000\000\000\000\000\000\000\000\000\000\000\000\000\000\000\000\000\000\000\000""; nodePubKey: ""\003\377\373k5_\032\3369\270\342\273n(r\273\207{\327\250/\370I\221Q\224\244\335\320\006\305\376q""; closeTime: 803870180; signature: ""0D\002 =\360\212|\206\246\302\230I\251\333Q\233\010\200s\316\243\255^\376\0301\0218/\227\036!\354\220'\002 M\030A\304\315\264\020E\325\210\034\265\367\262y\201(Uk\317\031\030\326\233\235\260P\262\343\271\2257""; previousledger: ""?\256\336y\324\026M\272]\205fM\0221 \237p\205\264\373\177\362\267\250\270\003\243\004\353\210\250g""; "
1750554980559,1750554980560,330,1,1,0,TMProposeSet,"proposeSeq: 0; currentTxHash: ""\000\000\000\000\000\000\000\000\000\000\000\000\000\000\000\000\000\000\000\000\000\000\000\000\000\000\000\000\000\000\000\000""; nodePubKey: ""\003\377\373k5_\032\3369\270\342\273n(r\273\207{\327\250/\370I\221Q\224\244\335\320\006\305\376q""; closeTime: 803870180; signature: ""0D\002 =\360\212|\206\246\302\230I\251\333Q\233\010\200s\316\243\255^\376\0301\0218/\227\036!\354\220'\002 M\030A\304\315\264\020E\325\210\034\265\367\262y\201(Uk\317\031\030\326\233\235\260P\262\343\271\2257""; previousledger: ""?\256\336y\324\026M\272]\205fM\0221 \237p\205\264\373\177\362\267\250\270\003\243\004\353\210\250g""; ","proposeSeq: 0; currentTxHash: ""\000\000\000\000\000\000\000\000\000\000\000\000\000\000\000\000\000\000\000\000\000\000\000\000\000\000\000\000\000\000\000\000""; nodePubKey: ""\003\377\373k5_\032\3369\270\342\273n(r\273\207{\327\250/\370I\221Q\224\244\335\320\006\305\376q""; closeTime: 803870180; signature: ""0D\002 =\360\212|\206\246\302\230I\251\333Q\233\010\200s\316\243\255^\376\0301\0218/\227\036!\354\220'\002 M\030A\304\315\264\020E\325\210\034\265\367\262y\201(Uk\317\031\030\326\233\235\260P\262\343\271\2257""; previousledger: ""?\256\336y\324\026M\272]\205fM\0221 \237p\205\264\373\177\362\267\250\270\003\243\004\353\210\250g""; "
1750554980643,1750554980643,1275,1,1,4,TMProposeSet,"proposeSeq: 0; currentTxHash: ""\000\000\000\000\000\000\000\000\000\000\000\000\000\000\000\000\000\000\000\000\000\000\000\000\000\000\000\000\000\000\000\000""; nodePubKey: ""\003\014}\246\253\247\326\267P\302\342:\267&\375\036d\013\375\230\236\226\207\332\267\005\016\325\334r\346Q\333""; closeTime: 803870180; signature: ""0E\002!\000\346N\016E\307gzt\347n\346\364\342\037\0101S\366\342\310}E\245x-\017\341O\026\010\342n\002 b$]\004_E\354\234v""\364#\001Lq\245\202\263|\335rxs\262\037\241\263\023;q\370\326""; previousledger: ""?\256\336y\324\026M\272]\205fM\0221 \237p\205\264\373\177\362\267\250\270\003\243\004\353\210\250g""; ","proposeSeq: 0; currentTxHash: ""\000\000\000\000\000\000\000\000\000\000\000\000\000\000\000\000\000\000\000\000\000\000\000\000\000\000\000\000\000\000\000\000""; nodePubKey: ""\003\014}\246\253\247\326\267P\302\342:\267&\375\036d\013\375\230\236\226\207\332\267\005\016\325\334r\346Q\333""; closeTime: 803870180; signature: ""0E\002!\000\346N\016E\307gzt\347n\346\364\342\037\0101S\366\342\310}E\245x-\017\341O\026\010\342n\002 b$]\004_E\354\234v""\364#\001Lq\245\202\263|\335rxs\262\037\241\263\023;q\370\326""; previousledger: ""?\256\336y\324\026M\272]\205fM\0221 \237p\205\264\373\177\362\267\250\270\003\243\004\353\210\250g""; "
1750554980645,1750554980645,3866,1,1,2,TMProposeSet,"proposeSeq: 0; currentTxHash: ""\000\000\000\000\000\000\000\000\000\000\000\000\000\000\000\000\000\000\000\000\000\000\000\000\000\000\000\000\000\000\000\000""; nodePubKey: ""\003\014}\246\253\247\326\267P\302\342:\267&\375\036d\013\375\230\236\226\207\332\267\005\016\325\334r\346Q\333""; closeTime: 803870180; signature: ""0E\002!\000\346N\016E\307gzt\347n\346\364\342\037\0101S\366\342\310}E\245x-\017\341O\026\010\342n\002 b$]\004_E\354\234v""\364#\001Lq\245\202\263|\335rxs\262\037\241\263\023;q\370\326""; previousledger: ""?\256\336y\324\026M\272]\205fM\0221 \237p\205\264\373\177\362\267\250\270\003\243\004\353\210\250g""; ","proposeSeq: 0; currentTxHash: ""\000\000\000\000\000\000\000\000\000\000\000\000\000\000\000\000\000\000\000\000\000\000\000\000\000\000\000\000\000\000\000\000""; nodePubKey: ""\003\014}\246\253\247\326\267P\302\342:\267&\375\036d\013\375\230\236\226\207\332\267\005\016\325\334r\346Q\333""; closeTime: 803870180; signature: ""0E\002!\000\346N\016E\307gzt\347n\346\364\342\037\0101S\366\342\310}E\245x-\017\341O\026\010\342n\002 b$]\004_E\354\234v""\364#\001Lq\245\202\263|\335rxs\262\037\241\263\023;q\370\326""; previousledger: ""?\256\336y\324\026M\272]\205fM\0221 \237p\205\264\373\177\362\267\250\270\003\243\004\353\210\250g""; "
1750554980645,1750554980645,330,1,1,0,TMProposeSet,"proposeSeq: 0; currentTxHash: ""\000\000\000\000\000\000\000\000\000\000\000\000\000\000\000\000\000\000\000\000\000\000\000\000\000\000\000\000\000\000\000\000""; nodePubKey: ""\003\014}\246\253\247\326\267P\302\342:\267&\375\036d\013\375\230\236\226\207\332\267\005\016\325\334r\346Q\333""; closeTime: 803870180; signature: ""0E\002!\000\346N\016E\307gzt\347n\346\364\342\037\0101S\366\342\310}E\245x-\017\341O\026\010\342n\002 b$]\004_E\354\234v""\364#\001Lq\245\202\263|\335rxs\262\037\241\263\023;q\370\326""; previousledger: ""?\256\336y\324\026M\272]\205fM\0221 \237p\205\264\373\177\362\267\250\270\003\243\004\353\210\250g""; ","proposeSeq: 0; currentTxHash: ""\000\000\000\000\000\000\000\000\000\000\000\000\000\000\000\000\000\000\000\000\000\000\000\000\000\000\000\000\000\000\000\000""; nodePubKey: ""\003\014}\246\253\247\326\267P\302\342:\267&\375\036d\013\375\230\236\226\207\332\267\005\016\325\334r\346Q\333""; closeTime: 803870180; signature: ""0E\002!\000\346N\016E\307gzt\347n\346\364\342\037\0101S\366\342\310}E\245x-\017\341O\026\010\342n\002 b$]\004_E\354\234v""\364#\001Lq\245\202\263|\335rxs\262\037\241\263\023;q\370\326""; previousledger: ""?\256\336y\324\026M\272]\205fM\0221 \237p\205\264\373\177\362\267\250\270\003\243\004\353\210\250g""; "
1750554980646,1750554980646,3770,1,1,3,TMProposeSet,"proposeSeq: 0; currentTxHash: ""\000\000\000\000\000\000\000\000\000\000\000\000\000\000\000\000\000\000\000\000\000\000\000\000\000\000\000\000\000\000\000\000""; nodePubKey: ""\003\014}\246\253\247\326\267P\302\342:\267&\375\036d\013\375\230\236\226\207\332\267\005\016\325\334r\346Q\333""; closeTime: 803870180; signature: ""0E\002!\000\346N\016E\307gzt\347n\346\364\342\037\0101S\366\342\310}E\245x-\017\341O\026\010\342n\002 b$]\004_E\354\234v""\364#\001Lq\245\202\263|\335rxs\262\037\241\263\023;q\370\326""; previousledger: ""?\256\336y\324\026M\272]\205fM\0221 \237p\205\264\373\177\362\267\250\270\003\243\004\353\210\250g""; ","proposeSeq: 0; currentTxHash: ""\000\000\000\000\000\000\000\000\000\000\000\000\000\000\000\000\000\000\000\000\000\000\000\000\000\000\000\000\000\000\000\000""; nodePubKey: ""\003\014}\246\253\247\326\267P\302\342:\267&\375\036d\013\375\230\236\226\207\332\267\005\016\325\334r\346Q\333""; closeTime: 803870180; signature: ""0E\002!\000\346N\016E\307gzt\347n\346\364\342\037\0101S\366\342\310}E\245x-\017\341O\026\010\342n\002 b$]\004_E\354\234v""\364#\001Lq\245\202\263|\335rxs\262\037\241\263\023;q\370\326""; previousledger: ""?\256\336y\324\026M\272]\205fM\0221 \237p\205\264\373\177\362\267\250\270\003\243\004\353\210\250g""; "
1750554980644,1750554980688,3881,1,1,4,TMStatusChange,"newEvent: neCLOSING_LEDGER; ledgerSeq: 2; ledgerHash: ""?\256\336y\324\026M\272]\205fM\0221 \237p\205\264\373\177\362\267\250\270\003\243\004\353\210\250g""; ledgerHashPrevious: ""-}\351f\032\255\274\334m\326c\017\014ao[\342\230\003\245\245\3341Hm\326^\017jy\335\261""; networkTime: 803870180; firstSeq: 1; lastSeq: 1; ","newEvent: neCLOSING_LEDGER; ledgerSeq: 2; ledgerHash: ""?\256\336y\324\026M\272]\205fM\0221 \237p\205\264\373\177\362\267\250\270\003\243\004\353\210\250g""; ledgerHashPrevious: ""-}\351f\032\255\274\334m\326c\017\014ao[\342\230\003\245\245\3341Hm\326^\017jy\335\261""; networkTime: 803870180; firstSeq: 1; lastSeq: 1; "
1750554980644,1750554980689,936,1,1,2,TMStatusChange,"newEvent: neCLOSING_LEDGER; ledgerSeq: 2; ledgerHash: ""?\256\336y\324\026M\272]\205fM\0221 \237p\205\264\373\177\362\267\250\270\003\243\004\353\210\250g""; ledgerHashPrevious: ""-}\351f\032\255\274\334m\326c\017\014ao[\342\230\003\245\245\3341Hm\326^\017jy\335\261""; networkTime: 803870180; firstSeq: 1; lastSeq: 1; ","newEvent: neCLOSING_LEDGER; ledgerSeq: 2; ledgerHash: ""?\256\336y\324\026M\272]\205fM\0221 \237p\205\264\373\177\362\267\250\270\003\243\004\353\210\250g""; ledgerHashPrevious: ""-}\351f\032\255\274\334m\326c\017\014ao[\342\230\003\245\245\3341Hm\326^\017jy\335\261""; networkTime: 803870180; firstSeq: 1; lastSeq: 1; "
1750554980646,1750554980689,3390,1,1,0,TMStatusChange,"newEvent: neCLOSING_LEDGER; ledgerSeq: 2; ledgerHash: ""?\256\336y\324\026M\272]\205fM\0221 \237p\205\264\373\177\362\267\250\270\003\243\004\353\210\250g""; ledgerHashPrevious: ""-}\351f\032\255\274\334m\326c\017\014ao[\342\230\003\245\245\3341Hm\326^\017jy\335\261""; networkTime: 803870180; firstSeq: 1; lastSeq: 1; ","newEvent: neCLOSING_LEDGER; ledgerSeq: 2; ledgerHash: ""?\256\336y\324\026M\272]\205fM\0221 \237p\205\264\373\177\362\267\250\270\003\243\004\353\210\250g""; ledgerHashPrevious: ""-}\351f\032\255\274\334m\326c\017\014ao[\342\230\003\245\245\3341Hm\326^\017jy\335\261""; networkTime: 803870180; firstSeq: 1; lastSeq: 1; "
1750554980646,1750554980689,1300,1,1,3,TMStatusChange,"newEvent: neCLOSING_LEDGER; ledgerSeq: 2; ledgerHash: ""?\256\336y\324\026M\272]\205fM\0221 \237p\205\264\373\177\362\267\250\270\003\243\004\353\210\250g""; ledgerHashPrevious: ""-}\351f\032\255\274\334m\326c\017\014ao[\342\230\003\245\245\3341Hm\326^\017jy\335\261""; networkTime: 803870180; firstSeq: 1; lastSeq: 1; ","newEvent: neCLOSING_LEDGER; ledgerSeq: 2; ledgerHash: ""?\256\336y\324\026M\272]\205fM\0221 \237p\205\264\373\177\362\267\250\270\003\243\004\353\210\250g""; ledgerHashPrevious: ""-}\351f\032\255\274\334m\326c\017\014ao[\342\230\003\245\245\3341Hm\326^\017jy\335\261""; networkTime: 803870180; firstSeq: 1; lastSeq: 1; "
1750554980804,1750554980804,2528,1,3,4,TMProposeSet,"proposeSeq: 0; currentTxHash: ""\000\000\000\000\000\000\000\000\000\000\000\000\000\000\000\000\000\000\000\000\000\000\000\000\000\000\000\000\000\000\000\000""; nodePubKey: ""\003\377\373k5_\032\3369\270\342\273n(r\273\207{\327\250/\370I\221Q\224\244\335\320\006\305\376q""; closeTime: 803870180; signature: ""0D\002 =\360\212|\206\246\302\230I\251\333Q\233\010\200s\316\243\255^\376\0301\0218/\227\036!\354\220'\002 M\030A\304\315\264\020E\325\210\034\265\367\262y\201(Uk\317\031\030\326\233\235\260P\262\343\271\2257""; previousledger: ""?\256\336y\324\026M\272]\205fM\0221 \237p\205\264\373\177\362\267\250\270\003\243\004\353\210\250g""; ","proposeSeq: 0; currentTxHash: ""\000\000\000\000\000\000\000\000\000\000\000\000\000\000\000\000\000\000\000\000\000\000\000\000\000\000\000\000\000\000\000\000""; nodePubKey: ""\003\377\373k5_\032\3369\270\342\273n(r\273\207{\327\250/\370I\221Q\224\244\335\320\006\305\376q""; closeTime: 803870180; signature: ""0D\002 =\360\212|\206\246\302\230I\251\333Q\233\010\200s\316\243\255^\376\0301\0218/\227\036!\354\220'\002 M\030A\304\315\264\020E\325\210\034\265\367\262y\201(Uk\317\031\030\326\233\235\260P\262\343\271\2257""; previousledger: ""?\256\336y\324\026M\272]\205fM\0221 \237p\205\264\373\177\362\267\250\270\003\243\004\353\210\250g""; "
1750554980804,1750554980804,1088,1,3,1,TMProposeSet,"proposeSeq: 0; currentTxHash: ""\000\000\000\000\000\000\000\000\000\000\000\000\000\000\000\000\000\000\000\000\000\000\000\000\000\000\000\000\000\000\000\000""; nodePubKey: ""\003\377\373k5_\032\3369\270\342\273n(r\273\207{\327\250/\370I\221Q\224\244\335\320\006\305\376q""; closeTime: 803870180; signature: ""0D\002 =\360\212|\206\246\302\230I\251\333Q\233\010\200s\316\243\255^\376\0301\0218/\227\036!\354\220'\002 M\030A\304\315\264\020E\325\210\034\265\367\262y\201(Uk\317\031\030\326\233\235\260P\262\343\271\2257""; previousledger: ""?\256\336y\324\026M\272]\205fM\0221 \237p\205\264\373\177\362\267\250\270\003\243\004\353\210\250g""; ","proposeSeq: 0; currentTxHash: ""\000\000\000\000\000\000\000\000\000\000\000\000\000\000\000\000\000\000\000\000\000\000\000\000\000\000\000\000\000\000\000\000""; nodePubKey: ""\003\377\373k5_\032\3369\270\342\273n(r\273\207{\327\250/\370I\221Q\224\244\335\320\006\305\376q""; closeTime: 803870180; signature: ""0D\002 =\360\212|\206\246\302\230I\251\333Q\233\010\200s\316\243\255^\376\0301\0218/\227\036!\354\220'\002 M\030A\304\315\264\020E\325\210\034\265\367\262y\201(Uk\317\031\030\326\233\235\260P\262\343\271\2257""; previousledger: ""?\256\336y\324\026M\272]\205fM\0221 \237p\205\264\373\177\362\267\250\270\003\243\004\353\210\250g""; "
1750554980804,1750554980804,1448,1,3,0,TMProposeSet,"proposeSeq: 0; currentTxHash: ""\000\000\000\000\000\000\000\000\000\000\000\000\000\000\000\000\000\000\000\000\000\000\000\000\000\000\000\000\000\000\000\000""; nodePubKey: ""\003\377\373k5_\032\3369\270\342\273n(r\273\207{\327\250/\370I\221Q\224\244\335\320\006\305\376q""; closeTime: 803870180; signature: ""0D\002 =\360\212|\206\246\302\230I\251\333Q\233\010\200s\316\243\255^\376\0301\0218/\227\036!\354\220'\002 M\030A\304\315\264\020E\325\210\034\265\367\262y\201(Uk\317\031\030\326\233\235\260P\262\343\271\2257""; previousledger: ""?\256\336y\324\026M\272]\205fM\0221 \237p\205\264\373\177\362\267\250\270\003\243\004\353\210\250g""; ","proposeSeq: 0; currentTxHash: ""\000\000\000\000\000\000\000\000\000\000\000\000\000\000\000\000\000\000\000\000\000\000\000\000\000\000\000\000\000\000\000\000""; nodePubKey: ""\003\377\373k5_\032\3369\270\342\273n(r\273\207{\327\250/\370I\221Q\224\244\335\320\006\305\376q""; closeTime: 803870180; signature: ""0D\002 =\360\212|\206\246\302\230I\251\333Q\233\010\200s\316\243\255^\376\0301\0218/\227\036!\354\220'\002 M\030A\304\315\264\020E\325\210\034\265\367\262y\201(Uk\317\031\030\326\233\235\260P\262\343\271\2257""; previousledger: ""?\256\336y\324\026M\272]\205fM\0221 \237p\205\264\373\177\362\267\250\270\003\243\004\353\210\250g""; "
1750554980893,1750554980893,1362,1,0,3,TMProposeSet,"proposeSeq: 0; currentTxHash: ""\000\000\000\000\000\000\000\000\000\000\000\000\000\000\000\000\000\000\000\000\000\000\000\000\000\000\000\000\000\000\000\000""; nodePubKey: ""\003\377\373k5_\032\3369\270\342\273n(r\273\207{\327\250/\370I\221Q\224\244\335\320\006\305\376q""; closeTime: 803870180; signature: ""0D\002 =\360\212|\206\246\302\230I\251\333Q\233\010\200s\316\243\255^\376\0301\0218/\227\036!\354\220'\002 M\030A\304\315\264\020E\325\210\034\265\367\262y\201(Uk\317\031\030\326\233\235\260P\262\343\271\2257""; previousledger: ""?\256\336y\324\026M\272]\205fM\0221 \237p\205\264\373\177\362\267\250\270\003\243\004\353\210\250g""; ","proposeSeq: 0; currentTxHash: ""\000\000\000\000\000\000\000\000\000\000\000\000\000\000\000\000\000\000\000\000\000\000\000\000\000\000\000\000\000\000\000\000""; nodePubKey: ""\003\377\373k5_\032\3369\270\342\273n(r\273\207{\327\250/\370I\221Q\224\244\335\320\006\305\376q""; closeTime: 803870180; signature: ""0D\002 =\360\212|\206\246\302\230I\251\333Q\233\010\200s\316\243\255^\376\0301\0218/\227\036!\354\220'\002 M\030A\304\315\264\020E\325\210\034\265\367\262y\201(Uk\317\031\030\326\233\235\260P\262\343\271\2257""; previousledger: ""?\256\336y\324\026M\272]\205fM\0221 \237p\205\264\373\177\362\267\250\270\003\243\004\353\210\250g""; "
1750554980897,1750554980898,3587,1,0,2,TMProposeSet,"proposeSeq: 0; currentTxHash: ""\000\000\000\000\000\000\000\000\000\000\000\000\000\000\000\000\000\000\000\000\000\000\000\000\000\000\000\000\000\000\000\000""; nodePubKey: ""\003\377\373k5_\032\3369\270\342\273n(r\273\207{\327\250/\370I\221Q\224\244\335\320\006\305\376q""; closeTime: 803870180; signature: ""0D\002 =\360\212|\206\246\302\230I\251\333Q\233\010\200s\316\243\255^\376\0301\0218/\227\036!\354\220'\002 M\030A\304\315\264\020E\325\210\034\265\367\262y\201(Uk\317\031\030\326\233\235\260P\262\343\271\2257""; previousledger: ""?\256\336y\324\026M\272]\205fM\0221 \237p\205\264\373\177\362\267\250\270\003\243\004\353\210\250g""; ","proposeSeq: 0; currentTxHash: ""\000\000\000\000\000\000\000\000\000\000\000\000\000\000\000\000\000\000\000\000\000\000\000\000\000\000\000\000\000\000\000\000""; nodePubKey: ""\003\377\373k5_\032\3369\270\342\273n(r\273\207{\327\250/\370I\221Q\224\244\335\320\006\305\376q""; closeTime: 803870180; signature: ""0D\002 =\360\212|\206\246\302\230I\251\333Q\233\010\200s\316\243\255^\376\0301\0218/\227\036!\354\220'\002 M\030A\304\315\264\020E\325\210\034\265\367\262y\201(Uk\317\031\030\326\233\235\260P\262\343\271\2257""; previousledger: ""?\256\336y\324\026M\272]\205fM\0221 \237p\205\264\373\177\362\267\250\270\003\243\004\353\210\250g""; "
1750554980901,1750554980901,2432,1,0,4,TMProposeSet,"proposeSeq: 0; currentTxHash: ""\000\000\000\000\000\000\000\000\000\000\000\000\000\000\000\000\000\000\000\000\000\000\000\000\000\000\000\000\000\000\000\000""; nodePubKey: ""\003\377\373k5_\032\3369\270\342\273n(r\273\207{\327\250/\370I\221Q\224\244\335\320\006\305\376q""; closeTime: 803870180; signature: ""0D\002 =\360\212|\206\246\302\230I\251\333Q\233\010\200s\316\243\255^\376\0301\0218/\227\036!\354\220'\002 M\030A\304\315\264\020E\325\210\034\265\367\262y\201(Uk\317\031\030\326\233\235\260P\262\343\271\2257""; previousledger: ""?\256\336y\324\026M\272]\205fM\0221 \237p\205\264\373\177\362\267\250\270\003\243\004\353\210\250g""; ","proposeSeq: 0; currentTxHash: ""\000\000\000\000\000\000\000\000\000\000\000\000\000\000\000\000\000\000\000\000\000\000\000\000\000\000\000\000\000\000\000\000""; nodePubKey: ""\003\377\373k5_\032\3369\270\342\273n(r\273\207{\327\250/\370I\221Q\224\244\335\320\006\305\376q""; closeTime: 803870180; signature: ""0D\002 =\360\212|\206\246\302\230I\251\333Q\233\010\200s\316\243\255^\376\0301\0218/\227\036!\354\220'\002 M\030A\304\315\264\020E\325\210\034\265\367\262y\201(Uk\317\031\030\326\233\235\260P\262\343\271\2257""; previousledger: ""?\256\336y\324\026M\272]\205fM\0221 \237p\205\264\373\177\362\267\250\270\003\243\004\353\210\250g""; "
1750554980959,1750554980959,3678,1,4,2,TMProposeSet,"proposeSeq: 0; currentTxHash: ""\000\000\000\000\000\000\000\000\000\000\000\000\000\000\000\000\000\000\000\000\000\000\000\000\000\000\000\000\000\000\000\000""; nodePubKey: ""\002\203\234\253\325\333\332\276\223y;\250+B\323"" Hg\303\030\n\303\345\255\330\223\n\240\260\032\305!""; closeTime: 803870180; signature: ""0C\002\037\n\367i\223\204x\220\000\r\002\032\245V;8o\034\001\231\350N\036D,\331\271\260\245\305%\311\002 \024\371*\236z\315\363\3408V\341\2237?\340\233\323\022\025|\270\357\342\236\337}\021\313\371\3753\027""; previousledger: ""?\256\336y\324\026M\272]\205fM\0221 \237p\205\264\373\177\362\267\250\270\003\243\004\353\210\250g""; ","proposeSeq: 0; currentTxHash: ""\000\000\000\000\000\000\000\000\000\000\000\000\000\000\000\000\000\000\000\000\000\000\000\000\000\000\000\000\000\000\000\000""; nodePubKey: ""\002\203\234\253\325\333\332\276\223y;\250+B\323"" Hg\303\030\n\303\345\255\330\223\n\240\260\032\305!""; closeTime: 803870180; signature: ""0C\002\037\n\367i\223\204x\220\000\r\002\032\245V;8o\034\001\231\350N\036D,\331\271\260\245\305%\311\002 \024\371*\236z\315\363\3408V\341\2237?\340\233\323\022\025|\270\357\342\236\337}\021\313\371\3753\027""; previousledger: ""?\256\336y\324\026M\272]\205fM\0221 \237p\205\264\373\177\362\267\250\270\003\243\004\353\210\250g""; "
1750554980960,1750554980960,1114,1,4,3,TMProposeSet,"proposeSeq: 0; currentTxHash: ""\000\000\000\000\000\000\000\000\000\000\000\000\000\000\000\000\000\000\000\000\000\000\000\000\000\000\000\000\000\000\000\000""; nodePubKey: ""\002\203\234\253\325\333\332\276\223y;\250+B\323"" Hg\303\030\n\303\345\255\330\223\n\240\260\032\305!""; closeTime: 803870180; signature: ""0C\002\037\n\367i\223\204x\220\000\r\002\032\245V;8o\034\001\231\350N\036D,\331\271\260\245\305%\311\002 \024\371*\236z\315\363\3408V\341\2237?\340\233\323\022\025|\270\357\342\236\337}\021\313\371\3753\027""; previousledger: ""?\256\336y\324\026M\272]\205fM\0221 \237p\205\264\373\177\362\267\250\270\003\243\004\353\210\250g""; ","proposeSeq: 0; currentTxHash: ""\000\000\000\000\000\000\000\000\000\000\000\000\000\000\000\000\000\000\000\000\000\000\000\000\000\000\000\000\000\000\000\000""; nodePubKey: ""\002\203\234\253\325\333\332\276\223y;\250+B\323"" Hg\303\030\n\303\345\255\330\223\n\240\260\032\305!""; closeTime: 803870180; signature: ""0C\002\037\n\367i\223\204x\220\000\r\002\032\245V;8o\034\001\231\350N\036D,\331\271\260\245\305%\311\002 \024\371*\236z\315\363\3408V\341\2237?\340\233\323\022\025|\270\357\342\236\337}\021\313\371\3753\027""; previousledger: ""?\256\336y\324\026M\272]\205fM\0221 \237p\205\264\373\177\362\267\250\270\003\243\004\353\210\250g""; "
1750554980960,1750554980961,2906,1,4,0,TMProposeSet,"proposeSeq: 0; currentTxHash: ""\000\000\000\000\000\000\000\000\000\000\000\000\000\000\000\000\000\000\000\000\000\000\000\000\000\000\000\000\000\000\000\000""; nodePubKey: ""\002\203\234\253\325\333\332\276\223y;\250+B\323"" Hg\303\030\n\303\345\255\330\223\n\240\260\032\305!""; closeTime: 803870180; signature: ""0C\002\037\n\367i\223\204x\220\000\r\002\032\245V;8o\034\001\231\350N\036D,\331\271\260\245\305%\311\002 \024\371*\236z\315\363\3408V\341\2237?\340\233\323\022\025|\270\357\342\236\337}\021\313\371\3753\027""; previousledger: ""?\256\336y\324\026M\272]\205fM\0221 \237p\205\264\373\177\362\267\250\270\003\243\004\353\210\250g""; ","proposeSeq: 0; currentTxHash: ""\000\000\000\000\000\000\000\000\000\000\000\000\000\000\000\000\000\000\000\000\000\000\000\000\000\000\000\000\000\000\000\000""; nodePubKey: ""\002\203\234\253\325\333\332\276\223y;\250+B\323"" Hg\303\030\n\303\345\255\330\223\n\240\260\032\305!""; closeTime: 803870180; signature: ""0C\002\037\n\367i\223\204x\220\000\r\002\032\245V;8o\034\001\231\350N\036D,\331\271\260\245\305%\311\002 \024\371*\236z\315\363\3408V\341\2237?\340\233\323\022\025|\270\357\342\236\337}\021\313\371\3753\027""; previousledger: ""?\256\336y\324\026M\272]\205fM\0221 \237p\205\264\373\177\362\267\250\270\003\243\004\353\210\250g""; "
1750554980967,1750554980967,817,1,4,1,TMProposeSet,"proposeSeq: 0; currentTxHash: ""\000\000\000\000\000\000\000\000\000\000\000\000\000\000\000\000\000\000\000\000\000\000\000\000\000\000\000\000\000\000\000\000""; nodePubKey: ""\002\203\234\253\325\333\332\276\223y;\250+B\323"" Hg\303\030\n\303\345\255\330\223\n\240\260\032\305!""; closeTime: 803870180; signature: ""0C\002\037\n\367i\223\204x\220\000\r\002\032\245V;8o\034\001\231\350N\036D,\331\271\260\245\305%\311\002 \024\371*\236z\315\363\3408V\341\2237?\340\233\323\022\025|\270\357\342\236\337}\021\313\371\3753\027""; previousledger: ""?\256\336y\324\026M\272]\205fM\0221 \237p\205\264\373\177\362\267\250\270\003\243\004\353\210\250g""; ","proposeSeq: 0; currentTxHash: ""\000\000\000\000\000\000\000\000\000\000\000\000\000\000\000\000\000\000\000\000\000\000\000\000\000\000\000\000\000\000\000\000""; nodePubKey: ""\002\203\234\253\325\333\332\276\223y;\250+B\323"" Hg\303\030\n\303\345\255\330\223\n\240\260\032\305!""; closeTime: 803870180; signature: ""0C\002\037\n\367i\223\204x\220\000\r\002\032\245V;8o\034\001\231\350N\036D,\331\271\260\245\305%\311\002 \024\371*\236z\315\363\3408V\341\2237?\340\233\323\022\025|\270\357\342\236\337}\021\313\371\3753\027""; previousledger: ""?\256\336y\324\026M\272]\205fM\0221 \237p\205\264\373\177\362\267\250\270\003\243\004\353\210\250g""; "
1750554980975,1750554980975,2432,1,0,4,TMProposeSet,"proposeSeq: 0; currentTxHash: ""\000\000\000\000\000\000\000\000\000\000\000\000\000\000\000\000\000\000\000\000\000\000\000\000\000\000\000\000\000\000\000\000""; nodePubKey: ""\003\014}\246\253\247\326\267P\302\342:\267&\375\036d\013\375\230\236\226\207\332\267\005\016\325\334r\346Q\333""; closeTime: 803870180; signature: ""0E\002!\000\346N\016E\307gzt\347n\346\364\342\037\0101S\366\342\310}E\245x-\017\341O\026\010\342n\002 b$]\004_E\354\234v""\364#\001Lq\245\202\263|\335rxs\262\037\241\263\023;q\370\326""; previousledger: ""?\256\336y\324\026M\272]\205fM\0221 \237p\205\264\373\177\362\267\250\270\003\243\004\353\210\250g""; ","proposeSeq: 0; currentTxHash: ""\000\000\000\000\000\000\000\000\000\000\000\000\000\000\000\000\000\000\000\000\000\000\000\000\000\000\000\000\000\000\000\000""; nodePubKey: ""\003\014}\246\253\247\326\267P\302\342:\267&\375\036d\013\375\230\236\226\207\332\267\005\016\325\334r\346Q\333""; closeTime: 803870180; signature: ""0E\002!\000\346N\016E\307gzt\347n\346\364\342\037\0101S\366\342\310}E\245x-\017\341O\026\010\342n\002 b$]\004_E\354\234v""\364#\001Lq\245\202\263|\335rxs\262\037\241\263\023;q\370\326""; previousledger: ""?\256\336y\324\026M\272]\205fM\0221 \237p\205\264\373\177\362\267\250\270\003\243\004\353\210\250g""; "
1750554980976,1750554980976,1362,1,0,3,TMProposeSet,"proposeSeq: 0; currentTxHash: ""\000\000\000\000\000\000\000\000\000\000\000\000\000\000\000\000\000\000\000\000\000\000\000\000\000\000\000\000\000\000\000\000""; nodePubKey: ""\003\014}\246\253\247\326\267P\302\342:\267&\375\036d\013\375\230\236\226\207\332\267\005\016\325\334r\346Q\333""; closeTime: 803870180; signature: ""0E\002!\000\346N\016E\307gzt\347n\346\364\342\037\0101S\366\342\310}E\245x-\017\341O\026\010\342n\002 b$]\004_E\354\234v""\364#\001Lq\245\202\263|\335rxs\262\037\241\263\023;q\370\326""; previousledger: ""?\256\336y\324\026M\272]\205fM\0221 \237p\205\264\373\177\362\267\250\270\003\243\004\353\210\250g""; ","proposeSeq: 0; currentTxHash: ""\000\000\000\000\000\000\000\000\000\000\000\000\000\000\000\000\000\000\000\000\000\000\000\000\000\000\000\000\000\000\000\000""; nodePubKey: ""\003\014}\246\253\247\326\267P\302\342:\267&\375\036d\013\375\230\236\226\207\332\267\005\016\325\334r\346Q\333""; closeTime: 803870180; signature: ""0E\002!\000\346N\016E\307gzt\347n\346\364\342\037\0101S\366\342\310}E\245x-\017\341O\026\010\342n\002 b$]\004_E\354\234v""\364#\001Lq\245\202\263|\335rxs\262\037\241\263\023;q\370\326""; previousledger: ""?\256\336y\324\026M\272]\205fM\0221 \237p\205\264\373\177\362\267\250\270\003\243\004\353\210\250g""; "
1750554980976,1750554980976,3587,1,0,2,TMProposeSet,"proposeSeq: 0; currentTxHash: ""\000\000\000\000\000\000\000\000\000\000\000\000\000\000\000\000\000\000\000\000\000\000\000\000\000\000\000\000\000\000\000\000""; nodePubKey: ""\003\014}\246\253\247\326\267P\302\342:\267&\375\036d\013\375\230\236\226\207\332\267\005\016\325\334r\346Q\333""; closeTime: 803870180; signature: ""0E\002!\000\346N\016E\307gzt\347n\346\364\342\037\0101S\366\342\310}E\245x-\017\341O\026\010\342n\002 b$]\004_E\354\234v""\364#\001Lq\245\202\263|\335rxs\262\037\241\263\023;q\370\326""; previousledger: ""?\256\336y\324\026M\272]\205fM\0221 \237p\205\264\373\177\362\267\250\270\003\243\004\353\210\250g""; ","proposeSeq: 0; currentTxHash: ""\000\000\000\000\000\000\000\000\000\000\000\000\000\000\000\000\000\000\000\000\000\000\000\000\000\000\000\000\000\000\000\000""; nodePubKey: ""\003\014}\246\253\247\326\267P\302\342:\267&\375\036d\013\375\230\236\226\207\332\267\005\016\325\334r\346Q\333""; closeTime: 803870180; signature: ""0E\002!\000\346N\016E\307gzt\347n\346\364\342\037\0101S\366\342\310}E\245x-\017\341O\026\010\342n\002 b$]\004_E\354\234v""\364#\001Lq\245\202\263|\335rxs\262\037\241\263\023;q\370\326""; previousledger: ""?\256\336y\324\026M\272]\205fM\0221 \237p\205\264\373\177\362\267\250\270\003\243\004\353\210\250g""; "
1750554980960,1750554981004,2414,1,4,2,TMStatusChange,"newEvent: neCLOSING_LEDGER; ledgerSeq: 2; ledgerHash: ""?\256\336y\324\026M\272]\205fM\0221 \237p\205\264\373\177\362\267\250\270\003\243\004\353\210\250g""; ledgerHashPrevious: ""-}\351f\032\255\274\334m\326c\017\014ao[\342\230\003\245\245\3341Hm\326^\017jy\335\261""; networkTime: 803870180; firstSeq: 1; lastSeq: 1; ","newEvent: neCLOSING_LEDGER; ledgerSeq: 2; ledgerHash: ""?\256\336y\324\026M\272]\205fM\0221 \237p\205\264\373\177\362\267\250\270\003\243\004\353\210\250g""; ledgerHashPrevious: ""-}\351f\032\255\274\334m\326c\017\014ao[\342\230\003\245\245\3341Hm\326^\017jy\335\261""; networkTime: 803870180; firstSeq: 1; lastSeq: 1; "
1750554980961,1750554981004,995,1,4,3,TMStatusChange,"newEvent: neCLOSING_LEDGER; ledgerSeq: 2; ledgerHash: ""?\256\336y\324\026M\272]\205fM\0221 \237p\205\264\373\177\362\267\250\270\003\243\004\353\210\250g""; ledgerHashPrevious: ""-}\351f\032\255\274\334m\326c\017\014ao[\342\230\003\245\245\3341Hm\326^\017jy\335\261""; networkTime: 803870180; firstSeq: 1; lastSeq: 1; ","newEvent: neCLOSING_LEDGER; ledgerSeq: 2; ledgerHash: ""?\256\336y\324\026M\272]\205fM\0221 \237p\205\264\373\177\362\267\250\270\003\243\004\353\210\250g""; ledgerHashPrevious: ""-}\351f\032\255\274\334m\326c\017\014ao[\342\230\003\245\245\3341Hm\326^\017jy\335\261""; networkTime: 803870180; firstSeq: 1; lastSeq: 1; "
1750554980967,1750554981005,1668,1,4,1,TMStatusChange,"newEvent: neCLOSING_LEDGER; ledgerSeq: 2; ledgerHash: ""?\256\336y\324\026M\272]\205fM\0221 \237p\205\264\373\177\362\267\250\270\003\243\004\353\210\250g""; ledgerHashPrevious: ""-}\351f\032\255\274\334m\326c\017\014ao[\342\230\003\245\245\3341Hm\326^\017jy\335\261""; networkTime: 803870180; firstSeq: 1; lastSeq: 1; ","newEvent: neCLOSING_LEDGER; ledgerSeq: 2; ledgerHash: ""?\256\336y\324\026M\272]\205fM\0221 \237p\205\264\373\177\362\267\250\270\003\243\004\353\210\250g""; ledgerHashPrevious: ""-}\351f\032\255\274\334m\326c\017\014ao[\342\230\003\245\245\3341Hm\326^\017jy\335\261""; networkTime: 803870180; firstSeq: 1; lastSeq: 1; "
1750554980967,1750554981005,1452,1,4,0,TMStatusChange,"newEvent: neCLOSING_LEDGER; ledgerSeq: 2; ledgerHash: ""?\256\336y\324\026M\272]\205fM\0221 \237p\205\264\373\177\362\267\250\270\003\243\004\353\210\250g""; ledgerHashPrevious: ""-}\351f\032\255\274\334m\326c\017\014ao[\342\230\003\245\245\3341Hm\326^\017jy\335\261""; networkTime: 803870180; firstSeq: 1; lastSeq: 1; ","newEvent: neCLOSING_LEDGER; ledgerSeq: 2; ledgerHash: ""?\256\336y\324\026M\272]\205fM\0221 \237p\205\264\373\177\362\267\250\270\003\243\004\353\210\250g""; ledgerHashPrevious: ""-}\351f\032\255\274\334m\326c\017\014ao[\342\230\003\245\245\3341Hm\326^\017jy\335\261""; networkTime: 803870180; firstSeq: 1; lastSeq: 1; "
1750554981076,1750554981076,538,1,3,0,TMLedgerData,"ledgerHash: ""?\256\336y\324\026M\272]\205fM\0221 \237p\205\264\373\177\362\267\250\270\003\243\004\353\210\250g""; ledgerSeq: 2; type: liBASE; nodes {;   nodedata: ""\000\000\000\002\001cEx]\212\000\000-}\351f\032\255\274\334m\326c\017\014ao[\342\230\003\245\245\3341Hm\326^\017jy\335\261\000\000\000\000\000\000\000\000\000\000\000\000\000\000\000\000\000\000\000\000\000\000\000\000\000\000\000\000\000\000\000\000{e\2655L\2440\340\020\277~\333\017WF\230\334\351\277\266\267\357{\321\317\275\374\330\255\231Z\226(\366\274\006/\352\025\320\n\000""; }; nodes {;   nodedata: ""\303\016\021\310<Z\337\266>\225@&n\022\246\274\353\220\345b3\035\313\350L\354\254\002\005\305\035\017\002E\344\037@\210\363\010\336T\226\247'\204_{\261\370""1\235\2445\343\033Y!\212\201\341\272\225'\007>L\014O\253g\352\035\214I\361\342\213\274\243\225\r\327qi\207\254\211\347\300?w\214Ha~\260\013\003""; }; ","ledgerHash: ""?\256\336y\324\026M\272]\205fM\0221 \237p\205\264\373\177\362\267\250\270\003\243\004\353\210\250g""; ledgerSeq: 2; type: liBASE; nodes {;   nodedata: ""\000\000\000\002\001cEx]\212\000\000-}\351f\032\255\274\334m\326c\017\014ao[\342\230\003\245\245\3341Hm\326^\017jy\335\261\000\000\000\000\000\000\000\000\000\000\000\000\000\000\000\000\000\000\000\000\000\000\000\000\000\000\000\000\000\000\000\000{e\2655L\2440\340\020\277~\333\017WF\230\334\351\277\266\267\357{\321\317\275\374\330\255\231Z\226(\366\274\006/\352\025\320\n\000""; }; nodes {;   nodedata: ""\303\016\021\310<Z\337\266>\225@&n\022\246\274\353\220\345b3\035\313\350L\354\254\002\005\305\035\017\002E\344\037@\210\363\010\336T\226\247'\204_{\261\370""1\235\2445\343\033Y!\212\201\341\272\225'\007>L\014O\253g\352\035\214I\361\342\213\274\243\225\r\327qi\207\254\211\347\300?w\214Ha~\260\013\003""; }; "
1750554981223,1750554981223,3866,1,1,2,TMProposeSet,"proposeSeq: 0; currentTxHash: ""\000\000\000\000\000\000\000\000\000\000\000\000\000\000\000\000\000\000\000\000\000\000\000\000\000\000\000\000\000\000\000\000""; nodePubKey: ""\002\267\233\013C\322\025\227_\336\326\026\301\225\224\007@\351}6j\027\315\304Px?\375+\235`\313_""; closeTime: 803870180; signature: ""0E\002!\000\205H\201b\334\373\274\244q\236\230\024i<p\226H\334;\tS\233j\335~\034\313W\202+\333<\002 \023\005\264+Y\232\231-\224\214\353\3774\350\357\300\355\001\250\340Y\234^\257\320\001!\033&<\217\307""; previousledger: ""?\256\336y\324\026M\272]\205fM\0221 \237p\205\264\373\177\362\267\250\270\003\243\004\353\210\250g""; ","proposeSeq: 0; currentTxHash: ""\000\000\000\000\000\000\000\000\000\000\000\000\000\000\000\000\000\000\000\000\000\000\000\000\000\000\000\000\000\000\000\000""; nodePubKey: ""\002\267\233\013C\322\025\227_\336\326\026\301\225\224\007@\351}6j\027\315\304Px?\375+\235`\313_""; closeTime: 803870180; signature: ""0E\002!\000\205H\201b\334\373\274\244q\236\230\024i<p\226H\334;\tS\233j\335~\034\313W\202+\333<\002 \023\005\264+Y\232\231-\224\214\353\3774\350\357\300\355\001\250\340Y\234^\257\320\001!\033&<\217\307""; previousledger: ""?\256\336y\324\026M\272]\205fM\0221 \237p\205\264\373\177\362\267\250\270\003\243\004\353\210\250g""; "
1750554981223,1750554981223,330,1,1,0,TMProposeSet,"proposeSeq: 0; currentTxHash: ""\000\000\000\000\000\000\000\000\000\000\000\000\000\000\000\000\000\000\000\000\000\000\000\000\000\000\000\000\000\000\000\000""; nodePubKey: ""\002\267\233\013C\322\025\227_\336\326\026\301\225\224\007@\351}6j\027\315\304Px?\375+\235`\313_""; closeTime: 803870180; signature: ""0E\002!\000\205H\201b\334\373\274\244q\236\230\024i<p\226H\334;\tS\233j\335~\034\313W\202+\333<\002 \023\005\264+Y\232\231-\224\214\353\3774\350\357\300\355\001\250\340Y\234^\257\320\001!\033&<\217\307""; previousledger: ""?\256\336y\324\026M\272]\205fM\0221 \237p\205\264\373\177\362\267\250\270\003\243\004\353\210\250g""; ","proposeSeq: 0; currentTxHash: ""\000\000\000\000\000\000\000\000\000\000\000\000\000\000\000\000\000\000\000\000\000\000\000\000\000\000\000\000\000\000\000\000""; nodePubKey: ""\002\267\233\013C\322\025\227_\336\326\026\301\225\224\007@\351}6j\027\315\304Px?\375+\235`\313_""; closeTime: 803870180; signature: ""0E\002!\000\205H\201b\334\373\274\244q\236\230\024i<p\226H\334;\tS\233j\335~\034\313W\202+\333<\002 \023\005\264+Y\232\231-\224\214\353\3774\350\357\300\355\001\250\340Y\234^\257\320\001!\033&<\217\307""; previousledger: ""?\256\336y\324\026M\272]\205fM\0221 \237p\205\264\373\177\362\267\250\270\003\243\004\353\210\250g""; "
1750554981223,1750554981223,1275,1,1,4,TMProposeSet,"proposeSeq: 0; currentTxHash: ""\000\000\000\000\000\000\000\000\000\000\000\000\000\000\000\000\000\000\000\000\000\000\000\000\000\000\000\000\000\000\000\000""; nodePubKey: ""\002\267\233\013C\322\025\227_\336\326\026\301\225\224\007@\351}6j\027\315\304Px?\375+\235`\313_""; closeTime: 803870180; signature: ""0E\002!\000\205H\201b\334\373\274\244q\236\230\024i<p\226H\334;\tS\233j\335~\034\313W\202+\333<\002 \023\005\264+Y\232\231-\224\214\353\3774\350\357\300\355\001\250\340Y\234^\257\320\001!\033&<\217\307""; previousledger: ""?\256\336y\324\026M\272]\205fM\0221 \237p\205\264\373\177\362\267\250\270\003\243\004\353\210\250g""; ","proposeSeq: 0; currentTxHash: ""\000\000\000\000\000\000\000\000\000\000\000\000\000\000\000\000\000\000\000\000\000\000\000\000\000\000\000\000\000\000\000\000""; nodePubKey: ""\002\267\233\013C\322\025\227_\336\326\026\301\225\224\007@\351}6j\027\315\304Px?\375+\235`\313_""; closeTime: 803870180; signature: ""0E\002!\000\205H\201b\334\373\274\244q\236\230\024i<p\226H\334;\tS\233j\335~\034\313W\202+\333<\002 \023\005\264+Y\232\231-\224\214\353\3774\350\357\300\355\001\250\340Y\234^\257\320\001!\033&<\217\307""; previousledger: ""?\256\336y\324\026M\272]\205fM\0221 \237p\205\264\373\177\362\267\250\270\003\243\004\353\210\250g""; "
1750554981556,1750554981556,2432,1,0,4,TMProposeSet,"proposeSeq: 0; currentTxHash: ""\000\000\000\000\000\000\000\000\000\000\000\000\000\000\000\000\000\000\000\000\000\000\000\000\000\000\000\000\000\000\000\000""; nodePubKey: ""\002\267\233\013C\322\025\227_\336\326\026\301\225\224\007@\351}6j\027\315\304Px?\375+\235`\313_""; closeTime: 803870180; signature: ""0E\002!\000\205H\201b\334\373\274\244q\236\230\024i<p\226H\334;\tS\233j\335~\034\313W\202+\333<\002 \023\005\264+Y\232\231-\224\214\353\3774\350\357\300\355\001\250\340Y\234^\257\320\001!\033&<\217\307""; previousledger: ""?\256\336y\324\026M\272]\205fM\0221 \237p\205\264\373\177\362\267\250\270\003\243\004\353\210\250g""; ","proposeSeq: 0; currentTxHash: ""\000\000\000\000\000\000\000\000\000\000\000\000\000\000\000\000\000\000\000\000\000\000\000\000\000\000\000\000\000\000\000\000""; nodePubKey: ""\002\267\233\013C\322\025\227_\336\326\026\301\225\224\007@\351}6j\027\315\304Px?\375+\235`\313_""; closeTime: 803870180; signature: ""0E\002!\000\205H\201b\334\373\274\244q\236\230\024i<p\226H\334;\tS\233j\335~\034\313W\202+\333<\002 \023\005\264+Y\232\231-\224\214\353\3774\350\357\300\355\001\250\340Y\234^\257\320\001!\033&<\217\307""; previousledger: ""?\256\336y\324\026M\272]\205fM\0221 \237p\205\264\373\177\362\267\250\270\003\243\004\353\210\250g""; "
1750554981557,1750554981557,1362,1,0,3,TMProposeSet,"proposeSeq: 0; currentTxHash: ""\000\000\000\000\000\000\000\000\000\000\000\000\000\000\000\000\000\000\000\000\000\000\000\000\000\000\000\000\000\000\000\000""; nodePubKey: ""\002\267\233\013C\322\025\227_\336\326\026\301\225\224\007@\351}6j\027\315\304Px?\375+\235`\313_""; closeTime: 803870180; signature: ""0E\002!\000\205H\201b\334\373\274\244q\236\230\024i<p\226H\334;\tS\233j\335~\034\313W\202+\333<\002 \023\005\264+Y\232\231-\224\214\353\3774\350\357\300\355\001\250\340Y\234^\257\320\001!\033&<\217\307""; previousledger: ""?\256\336y\324\026M\272]\205fM\0221 \237p\205\264\373\177\362\267\250\270\003\243\004\353\210\250g""; ","proposeSeq: 0; currentTxHash: ""\000\000\000\000\000\000\000\000\000\000\000\000\000\000\000\000\000\000\000\000\000\000\000\000\000\000\000\000\000\000\000\000""; nodePubKey: ""\002\267\233\013C\322\025\227_\336\326\026\301\225\224\007@\351}6j\027\315\304Px?\375+\235`\313_""; closeTime: 803870180; signature: ""0E\002!\000\205H\201b\334\373\274\244q\236\230\024i<p\226H\334;\tS\233j\335~\034\313W\202+\333<\002 \023\005\264+Y\232\231-\224\214\353\3774\350\357\300\355\001\250\340Y\234^\257\320\001!\033&<\217\307""; previousledger: ""?\256\336y\324\026M\272]\205fM\0221 \237p\205\264\373\177\362\267\250\270\003\243\004\353\210\250g""; "
1750554981557,1750554981557,3587,1,0,2,TMProposeSet,"proposeSeq: 0; currentTxHash: ""\000\000\000\000\000\000\000\000\000\000\000\000\000\000\000\000\000\000\000\000\000\000\000\000\000\000\000\000\000\000\000\000""; nodePubKey: ""\002\267\233\013C\322\025\227_\336\326\026\301\225\224\007@\351}6j\027\315\304Px?\375+\235`\313_""; closeTime: 803870180; signature: ""0E\002!\000\205H\201b\334\373\274\244q\236\230\024i<p\226H\334;\tS\233j\335~\034\313W\202+\333<\002 \023\005\264+Y\232\231-\224\214\353\3774\350\357\300\355\001\250\340Y\234^\257\320\001!\033&<\217\307""; previousledger: ""?\256\336y\324\026M\272]\205fM\0221 \237p\205\264\373\177\362\267\250\270\003\243\004\353\210\250g""; ","proposeSeq: 0; currentTxHash: ""\000\000\000\000\000\000\000\000\000\000\000\000\000\000\000\000\000\000\000\000\000\000\000\000\000\000\000\000\000\000\000\000""; nodePubKey: ""\002\267\233\013C\322\025\227_\336\326\026\301\225\224\007@\351}6j\027\315\304Px?\375+\235`\313_""; closeTime: 803870180; signature: ""0E\002!\000\205H\201b\334\373\274\244q\236\230\024i<p\226H\334;\tS\233j\335~\034\313W\202+\333<\002 \023\005\264+Y\232\231-\224\214\353\3774\350\357\300\355\001\250\340Y\234^\257\320\001!\033&<\217\307""; previousledger: ""?\256\336y\324\026M\272]\205fM\0221 \237p\205\264\373\177\362\267\250\270\003\243\004\353\210\250g""; "
1750554981752,1750554981752,3430,1,3,2,TMProposeSet,"proposeSeq: 0; currentTxHash: ""\000\000\000\000\000\000\000\000\000\000\000\000\000\000\000\000\000\000\000\000\000\000\000\000\000\000\000\000\000\000\000\000""; nodePubKey: ""\003r\247\260\262W1v\231G\352\250p\313\031\267[k\261e{a\207j\020\217\332\242`\260*\357\332""; closeTime: 803870180; signature: ""0D\002 \022\221\312GwE\207\226G(b\000\243e\r#\234\036\337w\251\336\027\203\306n\340\264""\316|j\002 ~nIP2\264T\326\300\323\206\021\243\350\215\311\244L\320\300\025\025\337\356\016\336\301!\334\272%,""; previousledger: ""?\256\336y\324\026M\272]\205fM\0221 \237p\205\264\373\177\362\267\250\270\003\243\004\353\210\250g""; ","proposeSeq: 0; currentTxHash: ""\000\000\000\000\000\000\000\000\000\000\000\000\000\000\000\000\000\000\000\000\000\000\000\000\000\000\000\000\000\000\000\000""; nodePubKey: ""\003r\247\260\262W1v\231G\352\250p\313\031\267[k\261e{a\207j\020\217\332\242`\260*\357\332""; closeTime: 803870180; signature: ""0D\002 \022\221\312GwE\207\226G(b\000\243e\r#\234\036\337w\251\336\027\203\306n\340\264""\316|j\002 ~nIP2\264T\326\300\323\206\021\243\350\215\311\244L\320\300\025\025\337\356\016\336\301!\334\272%,""; previousledger: ""?\256\336y\324\026M\272]\205fM\0221 \237p\205\264\373\177\362\267\250\270\003\243\004\353\210\250g""; "
1750554981753,1750554981753,1088,1,3,1,TMProposeSet,"proposeSeq: 0; currentTxHash: ""\000\000\000\000\000\000\000\000\000\000\000\000\000\000\000\000\000\000\000\000\000\000\000\000\000\000\000\000\000\000\000\000""; nodePubKey: ""\003r\247\260\262W1v\231G\352\250p\313\031\267[k\261e{a\207j\020\217\332\242`\260*\357\332""; closeTime: 803870180; signature: ""0D\002 \022\221\312GwE\207\226G(b\000\243e\r#\234\036\337w\251\336\027\203\306n\340\264""\316|j\002 ~nIP2\264T\326\300\323\206\021\243\350\215\311\244L\320\300\025\025\337\356\016\336\301!\334\272%,""; previousledger: ""?\256\336y\324\026M\272]\205fM\0221 \237p\205\264\373\177\362\267\250\270\003\243\004\353\210\250g""; ","proposeSeq: 0; currentTxHash: ""\000\000\000\000\000\000\000\000\000\000\000\000\000\000\000\000\000\000\000\000\000\000\000\000\000\000\000\000\000\000\000\000""; nodePubKey: ""\003r\247\260\262W1v\231G\352\250p\313\031\267[k\261e{a\207j\020\217\332\242`\260*\357\332""; closeTime: 803870180; signature: ""0D\002 \022\221\312GwE\207\226G(b\000\243e\r#\234\036\337w\251\336\027\203\306n\340\264""\316|j\002 ~nIP2\264T\326\300\323\206\021\243\350\215\311\244L\320\300\025\025\337\356\016\336\301!\334\272%,""; previousledger: ""?\256\336y\324\026M\272]\205fM\0221 \237p\205\264\373\177\362\267\250\270\003\243\004\353\210\250g""; "
1750554981753,1750554981753,2528,1,3,4,TMProposeSet,"proposeSeq: 0; currentTxHash: ""\000\000\000\000\000\000\000\000\000\000\000\000\000\000\000\000\000\000\000\000\000\000\000\000\000\000\000\000\000\000\000\000""; nodePubKey: ""\003r\247\260\262W1v\231G\352\250p\313\031\267[k\261e{a\207j\020\217\332\242`\260*\357\332""; closeTime: 803870180; signature: ""0D\002 \022\221\312GwE\207\226G(b\000\243e\r#\234\036\337w\251\336\027\203\306n\340\264""\316|j\002 ~nIP2\264T\326\300\323\206\021\243\350\215\311\244L\320\300\025\025\337\356\016\336\301!\334\272%,""; previousledger: ""?\256\336y\324\026M\272]\205fM\0221 \237p\205\264\373\177\362\267\250\270\003\243\004\353\210\250g""; ","proposeSeq: 0; currentTxHash: ""\000\000\000\000\000\000\000\000\000\000\000\000\000\000\000\000\000\000\000\000\000\000\000\000\000\000\000\000\000\000\000\000""; nodePubKey: ""\003r\247\260\262W1v\231G\352\250p\313\031\267[k\261e{a\207j\020\217\332\242`\260*\357\332""; closeTime: 803870180; signature: ""0D\002 \022\221\312GwE\207\226G(b\000\243e\r#\234\036\337w\251\336\027\203\306n\340\264""\316|j\002 ~nIP2\264T\326\300\323\206\021\243\350\215\311\244L\320\300\025\025\337\356\016\336\301!\334\272%,""; previousledger: ""?\256\336y\324\026M\272]\205fM\0221 \237p\205\264\373\177\362\267\250\270\003\243\004\353\210\250g""; "
1750554981777,1750554981777,1275,1,1,4,TMProposeSet,"proposeSeq: 0; currentTxHash: ""\000\000\000\000\000\000\000\000\000\000\000\000\000\000\000\000\000\000\000\000\000\000\000\000\000\000\000\000\000\000\000\000""; nodePubKey: ""\003r\247\260\262W1v\231G\352\250p\313\031\267[k\261e{a\207j\020\217\332\242`\260*\357\332""; closeTime: 803870180; signature: ""0D\002 \022\221\312GwE\207\226G(b\000\243e\r#\234\036\337w\251\336\027\203\306n\340\264""\316|j\002 ~nIP2\264T\326\300\323\206\021\243\350\215\311\244L\320\300\025\025\337\356\016\336\301!\334\272%,""; previousledger: ""?\256\336y\324\026M\272]\205fM\0221 \237p\205\264\373\177\362\267\250\270\003\243\004\353\210\250g""; ","proposeSeq: 0; currentTxHash: ""\000\000\000\000\000\000\000\000\000\000\000\000\000\000\000\000\000\000\000\000\000\000\000\000\000\000\000\000\000\000\000\000""; nodePubKey: ""\003r\247\260\262W1v\231G\352\250p\313\031\267[k\261e{a\207j\020\217\332\242`\260*\357\332""; closeTime: 803870180; signature: ""0D\002 \022\221\312GwE\207\226G(b\000\243e\r#\234\036\337w\251\336\027\203\306n\340\264""\316|j\002 ~nIP2\264T\326\300\323\206\021\243\350\215\311\244L\320\300\025\025\337\356\016\336\301!\334\272%,""; previousledger: ""?\256\336y\324\026M\272]\205fM\0221 \237p\205\264\373\177\362\267\250\270\003\243\004\353\210\250g""; "
1750554981780,1750554981780,3770,1,1,3,TMProposeSet,"proposeSeq: 0; currentTxHash: ""\000\000\000\000\000\000\000\000\000\000\000\000\000\000\000\000\000\000\000\000\000\000\000\000\000\000\000\000\000\000\000\000""; nodePubKey: ""\002\203\234\253\325\333\332\276\223y;\250+B\323"" Hg\303\030\n\303\345\255\330\223\n\240\260\032\305!""; closeTime: 803870180; signature: ""0C\002\037\n\367i\223\204x\220\000\r\002\032\245V;8o\034\001\231\350N\036D,\331\271\260\245\305%\311\002 \024\371*\236z\315\363\3408V\341\2237?\340\233\323\022\025|\270\357\342\236\337}\021\313\371\3753\027""; previousledger: ""?\256\336y\324\026M\272]\205fM\0221 \237p\205\264\373\177\362\267\250\270\003\243\004\353\210\250g""; ","proposeSeq: 0; currentTxHash: ""\000\000\000\000\000\000\000\000\000\000\000\000\000\000\000\000\000\000\000\000\000\000\000\000\000\000\000\000\000\000\000\000""; nodePubKey: ""\002\203\234\253\325\333\332\276\223y;\250+B\323"" Hg\303\030\n\303\345\255\330\223\n\240\260\032\305!""; closeTime: 803870180; signature: ""0C\002\037\n\367i\223\204x\220\000\r\002\032\245V;8o\034\001\231\350N\036D,\331\271\260\245\305%\311\002 \024\371*\236z\315\363\3408V\341\2237?\340\233\323\022\025|\270\357\342\236\337}\021\313\371\3753\027""; previousledger: ""?\256\336y\324\026M\272]\205fM\0221 \237p\205\264\373\177\362\267\250\270\003\243\004\353\210\250g""; "
1750554981779,1750554981779,3770,1,1,3,TMProposeSet,"proposeSeq: 0; currentTxHash: ""\000\000\000\000\000\000\000\000\000\000\000\000\000\000\000\000\000\000\000\000\000\000\000\000\000\000\000\000\000\000\000\000""; nodePubKey: ""\003r\247\260\262W1v\231G\352\250p\313\031\267[k\261e{a\207j\020\217\332\242`\260*\357\332""; closeTime: 803870180; signature: ""0D\002 \022\221\312GwE\207\226G(b\000\243e\r#\234\036\337w\251\336\027\203\306n\340\264""\316|j\002 ~nIP2\264T\326\300\323\206\021\243\350\215\311\244L\320\300\025\025\337\356\016\336\301!\334\272%,""; previousledger: ""?\256\336y\324\026M\272]\205fM\0221 \237p\205\264\373\177\362\267\250\270\003\243\004\353\210\250g""; ","proposeSeq: 0; currentTxHash: ""\000\000\000\000\000\000\000\000\000\000\000\000\000\000\000\000\000\000\000\000\000\000\000\000\000\000\000\000\000\000\000\000""; nodePubKey: ""\003r\247\260\262W1v\231G\352\250p\313\031\267[k\261e{a\207j\020\217\332\242`\260*\357\332""; closeTime: 803870180; signature: ""0D\002 \022\221\312GwE\207\226G(b\000\243e\r#\234\036\337w\251\336\027\203\306n\340\264""\316|j\002 ~nIP2\264T\326\300\323\206\021\243\350\215\311\244L\320\300\025\025\337\356\016\336\301!\334\272%,""; previousledger: ""?\256\336y\324\026M\272]\205fM\0221 \237p\205\264\373\177\362\267\250\270\003\243\004\353\210\250g""; "
1750554981778,1750554981779,3866,1,1,2,TMProposeSet,"proposeSeq: 0; currentTxHash: ""\000\000\000\000\000\000\000\000\000\000\000\000\000\000\000\000\000\000\000\000\000\000\000\000\000\000\000\000\000\000\000\000""; nodePubKey: ""\003r\247\260\262W1v\231G\352\250p\313\031\267[k\261e{a\207j\020\217\332\242`\260*\357\332""; closeTime: 803870180; signature: ""0D\002 \022\221\312GwE\207\226G(b\000\243e\r#\234\036\337w\251\336\027\203\306n\340\264""\316|j\002 ~nIP2\264T\326\300\323\206\021\243\350\215\311\244L\320\300\025\025\337\356\016\336\301!\334\272%,""; previousledger: ""?\256\336y\324\026M\272]\205fM\0221 \237p\205\264\373\177\362\267\250\270\003\243\004\353\210\250g""; ","proposeSeq: 0; currentTxHash: ""\000\000\000\000\000\000\000\000\000\000\000\000\000\000\000\000\000\000\000\000\000\000\000\000\000\000\000\000\000\000\000\000""; nodePubKey: ""\003r\247\260\262W1v\231G\352\250p\313\031\267[k\261e{a\207j\020\217\332\242`\260*\357\332""; closeTime: 803870180; signature: ""0D\002 \022\221\312GwE\207\226G(b\000\243e\r#\234\036\337w\251\336\027\203\306n\340\264""\316|j\002 ~nIP2\264T\326\300\323\206\021\243\350\215\311\244L\320\300\025\025\337\356\016\336\301!\334\272%,""; previousledger: ""?\256\336y\324\026M\272]\205fM\0221 \237p\205\264\373\177\362\267\250\270\003\243\004\353\210\250g""; "
1750554981780,1750554981780,3866,1,1,2,TMProposeSet,"proposeSeq: 0; currentTxHash: ""\000\000\000\000\000\000\000\000\000\000\000\000\000\000\000\000\000\000\000\000\000\000\000\000\000\000\000\000\000\000\000\000""; nodePubKey: ""\002\203\234\253\325\333\332\276\223y;\250+B\323"" Hg\303\030\n\303\345\255\330\223\n\240\260\032\305!""; closeTime: 803870180; signature: ""0C\002\037\n\367i\223\204x\220\000\r\002\032\245V;8o\034\001\231\350N\036D,\331\271\260\245\305%\311\002 \024\371*\236z\315\363\3408V\341\2237?\340\233\323\022\025|\270\357\342\236\337}\021\313\371\3753\027""; previousledger: ""?\256\336y\324\026M\272]\205fM\0221 \237p\205\264\373\177\362\267\250\270\003\243\004\353\210\250g""; ","proposeSeq: 0; currentTxHash: ""\000\000\000\000\000\000\000\000\000\000\000\000\000\000\000\000\000\000\000\000\000\000\000\000\000\000\000\000\000\000\000\000""; nodePubKey: ""\002\203\234\253\325\333\332\276\223y;\250+B\323"" Hg\303\030\n\303\345\255\330\223\n\240\260\032\305!""; closeTime: 803870180; signature: ""0C\002\037\n\367i\223\204x\220\000\r\002\032\245V;8o\034\001\231\350N\036D,\331\271\260\245\305%\311\002 \024\371*\236z\315\363\3408V\341\2237?\340\233\323\022\025|\270\357\342\236\337}\021\313\371\3753\027""; previousledger: ""?\256\336y\324\026M\272]\205fM\0221 \237p\205\264\373\177\362\267\250\270\003\243\004\353\210\250g""; "
1750554981780,1750554981780,330,1,1,0,TMProposeSet,"proposeSeq: 0; currentTxHash: ""\000\000\000\000\000\000\000\000\000\000\000\000\000\000\000\000\000\000\000\000\000\000\000\000\000\000\000\000\000\000\000\000""; nodePubKey: ""\002\203\234\253\325\333\332\276\223y;\250+B\323"" Hg\303\030\n\303\345\255\330\223\n\240\260\032\305!""; closeTime: 803870180; signature: ""0C\002\037\n\367i\223\204x\220\000\r\002\032\245V;8o\034\001\231\350N\036D,\331\271\260\245\305%\311\002 \024\371*\236z\315\363\3408V\341\2237?\340\233\323\022\025|\270\357\342\236\337}\021\313\371\3753\027""; previousledger: ""?\256\336y\324\026M\272]\205fM\0221 \237p\205\264\373\177\362\267\250\270\003\243\004\353\210\250g""; ","proposeSeq: 0; currentTxHash: ""\000\000\000\000\000\000\000\000\000\000\000\000\000\000\000\000\000\000\000\000\000\000\000\000\000\000\000\000\000\000\000\000""; nodePubKey: ""\002\203\234\253\325\333\332\276\223y;\250+B\323"" Hg\303\030\n\303\345\255\330\223\n\240\260\032\305!""; closeTime: 803870180; signature: ""0C\002\037\n\367i\223\204x\220\000\r\002\032\245V;8o\034\001\231\350N\036D,\331\271\260\245\305%\311\002 \024\371*\236z\315\363\3408V\341\2237?\340\233\323\022\025|\270\357\342\236\337}\021\313\371\3753\027""; previousledger: ""?\256\336y\324\026M\272]\205fM\0221 \237p\205\264\373\177\362\267\250\270\003\243\004\353\210\250g""; "
1750554981833,1750554981833,1114,1,4,3,TMProposeSet,"proposeSeq: 0; currentTxHash: ""\000\000\000\000\000\000\000\000\000\000\000\000\000\000\000\000\000\000\000\000\000\000\000\000\000\000\000\000\000\000\000\000""; nodePubKey: ""\003\377\373k5_\032\3369\270\342\273n(r\273\207{\327\250/\370I\221Q\224\244\335\320\006\305\376q""; closeTime: 803870180; signature: ""0D\002 =\360\212|\206\246\302\230I\251\333Q\233\010\200s\316\243\255^\376\0301\0218/\227\036!\354\220'\002 M\030A\304\315\264\020E\325\210\034\265\367\262y\201(Uk\317\031\030\326\233\235\260P\262\343\271\2257""; previousledger: ""?\256\336y\324\026M\272]\205fM\0221 \237p\205\264\373\177\362\267\250\270\003\243\004\353\210\250g""; ","proposeSeq: 0; currentTxHash: ""\000\000\000\000\000\000\000\000\000\000\000\000\000\000\000\000\000\000\000\000\000\000\000\000\000\000\000\000\000\000\000\000""; nodePubKey: ""\003\377\373k5_\032\3369\270\342\273n(r\273\207{\327\250/\370I\221Q\224\244\335\320\006\305\376q""; closeTime: 803870180; signature: ""0D\002 =\360\212|\206\246\302\230I\251\333Q\233\010\200s\316\243\255^\376\0301\0218/\227\036!\354\220'\002 M\030A\304\315\264\020E\325\210\034\265\367\262y\201(Uk\317\031\030\326\233\235\260P\262\343\271\2257""; previousledger: ""?\256\336y\324\026M\272]\205fM\0221 \237p\205\264\373\177\362\267\250\270\003\243\004\353\210\250g""; "
1750554981834,1750554981834,817,1,4,1,TMProposeSet,"proposeSeq: 0; currentTxHash: ""\000\000\000\000\000\000\000\000\000\000\000\000\000\000\000\000\000\000\000\000\000\000\000\000\000\000\000\000\000\000\000\000""; nodePubKey: ""\003\377\373k5_\032\3369\270\342\273n(r\273\207{\327\250/\370I\221Q\224\244\335\320\006\305\376q""; closeTime: 803870180; signature: ""0D\002 =\360\212|\206\246\302\230I\251\333Q\233\010\200s\316\243\255^\376\0301\0218/\227\036!\354\220'\002 M\030A\304\315\264\020E\325\210\034\265\367\262y\201(Uk\317\031\030\326\233\235\260P\262\343\271\2257""; previousledger: ""?\256\336y\324\026M\272]\205fM\0221 \237p\205\264\373\177\362\267\250\270\003\243\004\353\210\250g""; ","proposeSeq: 0; currentTxHash: ""\000\000\000\000\000\000\000\000\000\000\000\000\000\000\000\000\000\000\000\000\000\000\000\000\000\000\000\000\000\000\000\000""; nodePubKey: ""\003\377\373k5_\032\3369\270\342\273n(r\273\207{\327\250/\370I\221Q\224\244\335\320\006\305\376q""; closeTime: 803870180; signature: ""0D\002 =\360\212|\206\246\302\230I\251\333Q\233\010\200s\316\243\255^\376\0301\0218/\227\036!\354\220'\002 M\030A\304\315\264\020E\325\210\034\265\367\262y\201(Uk\317\031\030\326\233\235\260P\262\343\271\2257""; previousledger: ""?\256\336y\324\026M\272]\205fM\0221 \237p\205\264\373\177\362\267\250\270\003\243\004\353\210\250g""; "
1750554981835,1750554981835,2906,1,4,0,TMProposeSet,"proposeSeq: 0; currentTxHash: ""\000\000\000\000\000\000\000\000\000\000\000\000\000\000\000\000\000\000\000\000\000\000\000\000\000\000\000\000\000\000\000\000""; nodePubKey: ""\003\377\373k5_\032\3369\270\342\273n(r\273\207{\327\250/\370I\221Q\224\244\335\320\006\305\376q""; closeTime: 803870180; signature: ""0D\002 =\360\212|\206\246\302\230I\251\333Q\233\010\200s\316\243\255^\376\0301\0218/\227\036!\354\220'\002 M\030A\304\315\264\020E\325\210\034\265\367\262y\201(Uk\317\031\030\326\233\235\260P\262\343\271\2257""; previousledger: ""?\256\336y\324\026M\272]\205fM\0221 \237p\205\264\373\177\362\267\250\270\003\243\004\353\210\250g""; ","proposeSeq: 0; currentTxHash: ""\000\000\000\000\000\000\000\000\000\000\000\000\000\000\000\000\000\000\000\000\000\000\000\000\000\000\000\000\000\000\000\000""; nodePubKey: ""\003\377\373k5_\032\3369\270\342\273n(r\273\207{\327\250/\370I\221Q\224\244\335\320\006\305\376q""; closeTime: 803870180; signature: ""0D\002 =\360\212|\206\246\302\230I\251\333Q\233\010\200s\316\243\255^\376\0301\0218/\227\036!\354\220'\002 M\030A\304\315\264\020E\325\210\034\265\367\262y\201(Uk\317\031\030\326\233\235\260P\262\343\271\2257""; previousledger: ""?\256\336y\324\026M\272]\205fM\0221 \237p\205\264\373\177\362\267\250\270\003\243\004\353\210\250g""; "
1750554981920,1750554981920,2906,1,4,0,TMProposeSet,"proposeSeq: 0; currentTxHash: ""\000\000\000\000\000\000\000\000\000\000\000\000\000\000\000\000\000\000\000\000\000\000\000\000\000\000\000\000\000\000\000\000""; nodePubKey: ""\003\014}\246\253\247\326\267P\302\342:\267&\375\036d\013\375\230\236\226\207\332\267\005\016\325\334r\346Q\333""; closeTime: 803870180; signature: ""0E\002!\000\346N\016E\307gzt\347n\346\364\342\037\0101S\366\342\310}E\245x-\017\341O\026\010\342n\002 b$]\004_E\354\234v""\364#\001Lq\245\202\263|\335rxs\262\037\241\263\023;q\370\326""; previousledger: ""?\256\336y\324\026M\272]\205fM\0221 \237p\205\264\373\177\362\267\250\270\003\243\004\353\210\250g""; ","proposeSeq: 0; currentTxHash: ""\000\000\000\000\000\000\000\000\000\000\000\000\000\000\000\000\000\000\000\000\000\000\000\000\000\000\000\000\000\000\000\000""; nodePubKey: ""\003\014}\246\253\247\326\267P\302\342:\267&\375\036d\013\375\230\236\226\207\332\267\005\016\325\334r\346Q\333""; closeTime: 803870180; signature: ""0E\002!\000\346N\016E\307gzt\347n\346\364\342\037\0101S\366\342\310}E\245x-\017\341O\026\010\342n\002 b$]\004_E\354\234v""\364#\001Lq\245\202\263|\335rxs\262\037\241\263\023;q\370\326""; previousledger: ""?\256\336y\324\026M\272]\205fM\0221 \237p\205\264\373\177\362\267\250\270\003\243\004\353\210\250g""; "
1750554981920,1750554981920,3678,1,4,2,TMProposeSet,"proposeSeq: 0; currentTxHash: ""\000\000\000\000\000\000\000\000\000\000\000\000\000\000\000\000\000\000\000\000\000\000\000\000\000\000\000\000\000\000\000\000""; nodePubKey: ""\003\014}\246\253\247\326\267P\302\342:\267&\375\036d\013\375\230\236\226\207\332\267\005\016\325\334r\346Q\333""; closeTime: 803870180; signature: ""0E\002!\000\346N\016E\307gzt\347n\346\364\342\037\0101S\366\342\310}E\245x-\017\341O\026\010\342n\002 b$]\004_E\354\234v""\364#\001Lq\245\202\263|\335rxs\262\037\241\263\023;q\370\326""; previousledger: ""?\256\336y\324\026M\272]\205fM\0221 \237p\205\264\373\177\362\267\250\270\003\243\004\353\210\250g""; ","proposeSeq: 0; currentTxHash: ""\000\000\000\000\000\000\000\000\000\000\000\000\000\000\000\000\000\000\000\000\000\000\000\000\000\000\000\000\000\000\000\000""; nodePubKey: ""\003\014}\246\253\247\326\267P\302\342:\267&\375\036d\013\375\230\236\226\207\332\267\005\016\325\334r\346Q\333""; closeTime: 803870180; signature: ""0E\002!\000\346N\016E\307gzt\347n\346\364\342\037\0101S\366\342\310}E\245x-\017\341O\026\010\342n\002 b$]\004_E\354\234v""\364#\001Lq\245\202\263|\335rxs\262\037\241\263\023;q\370\326""; previousledger: ""?\256\336y\324\026M\272]\205fM\0221 \237p\205\264\373\177\362\267\250\270\003\243\004\353\210\250g""; "
1750554981921,1750554981921,1114,1,4,3,TMProposeSet,"proposeSeq: 0; currentTxHash: ""\000\000\000\000\000\000\000\000\000\000\000\000\000\000\000\000\000\000\000\000\000\000\000\000\000\000\000\000\000\000\000\000""; nodePubKey: ""\003\014}\246\253\247\326\267P\302\342:\267&\375\036d\013\375\230\236\226\207\332\267\005\016\325\334r\346Q\333""; closeTime: 803870180; signature: ""0E\002!\000\346N\016E\307gzt\347n\346\364\342\037\0101S\366\342\310}E\245x-\017\341O\026\010\342n\002 b$]\004_E\354\234v""\364#\001Lq\245\202\263|\335rxs\262\037\241\263\023;q\370\326""; previousledger: ""?\256\336y\324\026M\272]\205fM\0221 \237p\205\264\373\177\362\267\250\270\003\243\004\353\210\250g""; ","proposeSeq: 0; currentTxHash: ""\000\000\000\000\000\000\000\000\000\000\000\000\000\000\000\000\000\000\000\000\000\000\000\000\000\000\000\000\000\000\000\000""; nodePubKey: ""\003\014}\246\253\247\326\267P\302\342:\267&\375\036d\013\375\230\236\226\207\332\267\005\016\325\334r\346Q\333""; closeTime: 803870180; signature: ""0E\002!\000\346N\016E\307gzt\347n\346\364\342\037\0101S\366\342\310}E\245x-\017\341O\026\010\342n\002 b$]\004_E\354\234v""\364#\001Lq\245\202\263|\335rxs\262\037\241\263\023;q\370\326""; previousledger: ""?\256\336y\324\026M\272]\205fM\0221 \237p\205\264\373\177\362\267\250\270\003\243\004\353\210\250g""; "
1750554982095,1750554982095,3430,1,3,2,TMProposeSet,"proposeSeq: 0; currentTxHash: ""\000\000\000\000\000\000\000\000\000\000\000\000\000\000\000\000\000\000\000\000\000\000\000\000\000\000\000\000\000\000\000\000""; nodePubKey: ""\002\203\234\253\325\333\332\276\223y;\250+B\323"" Hg\303\030\n\303\345\255\330\223\n\240\260\032\305!""; closeTime: 803870180; signature: ""0C\002\037\n\367i\223\204x\220\000\r\002\032\245V;8o\034\001\231\350N\036D,\331\271\260\245\305%\311\002 \024\371*\236z\315\363\3408V\341\2237?\340\233\323\022\025|\270\357\342\236\337}\021\313\371\3753\027""; previousledger: ""?\256\336y\324\026M\272]\205fM\0221 \237p\205\264\373\177\362\267\250\270\003\243\004\353\210\250g""; ","proposeSeq: 0; currentTxHash: ""\000\000\000\000\000\000\000\000\000\000\000\000\000\000\000\000\000\000\000\000\000\000\000\000\000\000\000\000\000\000\000\000""; nodePubKey: ""\002\203\234\253\325\333\332\276\223y;\250+B\323"" Hg\303\030\n\303\345\255\330\223\n\240\260\032\305!""; closeTime: 803870180; signature: ""0C\002\037\n\367i\223\204x\220\000\r\002\032\245V;8o\034\001\231\350N\036D,\331\271\260\245\305%\311\002 \024\371*\236z\315\363\3408V\341\2237?\340\233\323\022\025|\270\357\342\236\337}\021\313\371\3753\027""; previousledger: ""?\256\336y\324\026M\272]\205fM\0221 \237p\205\264\373\177\362\267\250\270\003\243\004\353\210\250g""; "
1750554982100,1750554982100,1448,1,3,0,TMProposeSet,"proposeSeq: 0; currentTxHash: ""\000\000\000\000\000\000\000\000\000\000\000\000\000\000\000\000\000\000\000\000\000\000\000\000\000\000\000\000\000\000\000\000""; nodePubKey: ""\002\203\234\253\325\333\332\276\223y;\250+B\323"" Hg\303\030\n\303\345\255\330\223\n\240\260\032\305!""; closeTime: 803870180; signature: ""0C\002\037\n\367i\223\204x\220\000\r\002\032\245V;8o\034\001\231\350N\036D,\331\271\260\245\305%\311\002 \024\371*\236z\315\363\3408V\341\2237?\340\233\323\022\025|\270\357\342\236\337}\021\313\371\3753\027""; previousledger: ""?\256\336y\324\026M\272]\205fM\0221 \237p\205\264\373\177\362\267\250\270\003\243\004\353\210\250g""; ","proposeSeq: 0; currentTxHash: ""\000\000\000\000\000\000\000\000\000\000\000\000\000\000\000\000\000\000\000\000\000\000\000\000\000\000\000\000\000\000\000\000""; nodePubKey: ""\002\203\234\253\325\333\332\276\223y;\250+B\323"" Hg\303\030\n\303\345\255\330\223\n\240\260\032\305!""; closeTime: 803870180; signature: ""0C\002\037\n\367i\223\204x\220\000\r\002\032\245V;8o\034\001\231\350N\036D,\331\271\260\245\305%\311\002 \024\371*\236z\315\363\3408V\341\2237?\340\233\323\022\025|\270\357\342\236\337}\021\313\371\3753\027""; previousledger: ""?\256\336y\324\026M\272]\205fM\0221 \237p\205\264\373\177\362\267\250\270\003\243\004\353\210\250g""; "
1750554982102,1750554982102,1088,1,3,1,TMProposeSet,"proposeSeq: 0; currentTxHash: ""\000\000\000\000\000\000\000\000\000\000\000\000\000\000\000\000\000\000\000\000\000\000\000\000\000\000\000\000\000\000\000\000""; nodePubKey: ""\002\203\234\253\325\333\332\276\223y;\250+B\323"" Hg\303\030\n\303\345\255\330\223\n\240\260\032\305!""; closeTime: 803870180; signature: ""0C\002\037\n\367i\223\204x\220\000\r\002\032\245V;8o\034\001\231\350N\036D,\331\271\260\245\305%\311\002 \024\371*\236z\315\363\3408V\341\2237?\340\233\323\022\025|\270\357\342\236\337}\021\313\371\3753\027""; previousledger: ""?\256\336y\324\026M\272]\205fM\0221 \237p\205\264\373\177\362\267\250\270\003\243\004\353\210\250g""; ","proposeSeq: 0; currentTxHash: ""\000\000\000\000\000\000\000\000\000\000\000\000\000\000\000\000\000\000\000\000\000\000\000\000\000\000\000\000\000\000\000\000""; nodePubKey: ""\002\203\234\253\325\333\332\276\223y;\250+B\323"" Hg\303\030\n\303\345\255\330\223\n\240\260\032\305!""; closeTime: 803870180; signature: ""0C\002\037\n\367i\223\204x\220\000\r\002\032\245V;8o\034\001\231\350N\036D,\331\271\260\245\305%\311\002 \024\371*\236z\315\363\3408V\341\2237?\340\233\323\022\025|\270\357\342\236\337}\021\313\371\3753\027""; previousledger: ""?\256\336y\324\026M\272]\205fM\0221 \237p\205\264\373\177\362\267\250\270\003\243\004\353\210\250g""; "
1750554982111,1750554982111,2432,1,0,4,TMProposeSet,"proposeSeq: 0; currentTxHash: ""\000\000\000\000\000\000\000\000\000\000\000\000\000\000\000\000\000\000\000\000\000\000\000\000\000\000\000\000\000\000\000\000""; nodePubKey: ""\002\203\234\253\325\333\332\276\223y;\250+B\323"" Hg\303\030\n\303\345\255\330\223\n\240\260\032\305!""; closeTime: 803870180; signature: ""0C\002\037\n\367i\223\204x\220\000\r\002\032\245V;8o\034\001\231\350N\036D,\331\271\260\245\305%\311\002 \024\371*\236z\315\363\3408V\341\2237?\340\233\323\022\025|\270\357\342\236\337}\021\313\371\3753\027""; previousledger: ""?\256\336y\324\026M\272]\205fM\0221 \237p\205\264\373\177\362\267\250\270\003\243\004\353\210\250g""; ","proposeSeq: 0; currentTxHash: ""\000\000\000\000\000\000\000\000\000\000\000\000\000\000\000\000\000\000\000\000\000\000\000\000\000\000\000\000\000\000\000\000""; nodePubKey: ""\002\203\234\253\325\333\332\276\223y;\250+B\323"" Hg\303\030\n\303\345\255\330\223\n\240\260\032\305!""; closeTime: 803870180; signature: ""0C\002\037\n\367i\223\204x\220\000\r\002\032\245V;8o\034\001\231\350N\036D,\331\271\260\245\305%\311\002 \024\371*\236z\315\363\3408V\341\2237?\340\233\323\022\025|\270\357\342\236\337}\021\313\371\3753\027""; previousledger: ""?\256\336y\324\026M\272]\205fM\0221 \237p\205\264\373\177\362\267\250\270\003\243\004\353\210\250g""; "
1750554982111,1750554982111,3587,1,0,2,TMProposeSet,"proposeSeq: 0; currentTxHash: ""\000\000\000\000\000\000\000\000\000\000\000\000\000\000\000\000\000\000\000\000\000\000\000\000\000\000\000\000\000\000\000\000""; nodePubKey: ""\002\203\234\253\325\333\332\276\223y;\250+B\323"" Hg\303\030\n\303\345\255\330\223\n\240\260\032\305!""; closeTime: 803870180; signature: ""0C\002\037\n\367i\223\204x\220\000\r\002\032\245V;8o\034\001\231\350N\036D,\331\271\260\245\305%\311\002 \024\371*\236z\315\363\3408V\341\2237?\340\233\323\022\025|\270\357\342\236\337}\021\313\371\3753\027""; previousledger: ""?\256\336y\324\026M\272]\205fM\0221 \237p\205\264\373\177\362\267\250\270\003\243\004\353\210\250g""; ","proposeSeq: 0; currentTxHash: ""\000\000\000\000\000\000\000\000\000\000\000\000\000\000\000\000\000\000\000\000\000\000\000\000\000\000\000\000\000\000\000\000""; nodePubKey: ""\002\203\234\253\325\333\332\276\223y;\250+B\323"" Hg\303\030\n\303\345\255\330\223\n\240\260\032\305!""; closeTime: 803870180; signature: ""0C\002\037\n\367i\223\204x\220\000\r\002\032\245V;8o\034\001\231\350N\036D,\331\271\260\245\305%\311\002 \024\371*\236z\315\363\3408V\341\2237?\340\233\323\022\025|\270\357\342\236\337}\021\313\371\3753\027""; previousledger: ""?\256\336y\324\026M\272]\205fM\0221 \237p\205\264\373\177\362\267\250\270\003\243\004\353\210\250g""; "
1750554982111,1750554982111,1362,1,0,3,TMProposeSet,"proposeSeq: 0; currentTxHash: ""\000\000\000\000\000\000\000\000\000\000\000\000\000\000\000\000\000\000\000\000\000\000\000\000\000\000\000\000\000\000\000\000""; nodePubKey: ""\002\203\234\253\325\333\332\276\223y;\250+B\323"" Hg\303\030\n\303\345\255\330\223\n\240\260\032\305!""; closeTime: 803870180; signature: ""0C\002\037\n\367i\223\204x\220\000\r\002\032\245V;8o\034\001\231\350N\036D,\331\271\260\245\305%\311\002 \024\371*\236z\315\363\3408V\341\2237?\340\233\323\022\025|\270\357\342\236\337}\021\313\371\3753\027""; previousledger: ""?\256\336y\324\026M\272]\205fM\0221 \237p\205\264\373\177\362\267\250\270\003\243\004\353\210\250g""; ","proposeSeq: 0; currentTxHash: ""\000\000\000\000\000\000\000\000\000\000\000\000\000\000\000\000\000\000\000\000\000\000\000\000\000\000\000\000\000\000\000\000""; nodePubKey: ""\002\203\234\253\325\333\332\276\223y;\250+B\323"" Hg\303\030\n\303\345\255\330\223\n\240\260\032\305!""; closeTime: 803870180; signature: ""0C\002\037\n\367i\223\204x\220\000\r\002\032\245V;8o\034\001\231\350N\036D,\331\271\260\245\305%\311\002 \024\371*\236z\315\363\3408V\341\2237?\340\233\323\022\025|\270\357\342\236\337}\021\313\371\3753\027""; previousledger: ""?\256\336y\324\026M\272]\205fM\0221 \237p\205\264\373\177\362\267\250\270\003\243\004\353\210\250g""; "
1750554982132,1750554982132,703,1,3,4,TMStatusChange,"newEvent: neACCEPTED_LEDGER; ledgerSeq: 3; ledgerHash: ""\177/n\t\321qS|\215ub7\177\265\264\234\340\013\347\177b\007\214QDOG\302\345U\376q""; ledgerHashPrevious: ""?\256\336y\324\026M\272]\205fM\0221 \237p\205\264\373\177\362\267\250\270\003\243\004\353\210\250g""; networkTime: 803870182; firstSeq: 1; lastSeq: 1; ","newEvent: neACCEPTED_LEDGER; ledgerSeq: 3; ledgerHash: ""\177/n\t\321qS|\215ub7\177\265\264\234\340\013\347\177b\007\214QDOG\302\345U\376q""; ledgerHashPrevious: ""?\256\336y\324\026M\272]\205fM\0221 \237p\205\264\373\177\362\267\250\270\003\243\004\353\210\250g""; networkTime: 803870182; firstSeq: 1; lastSeq: 1; "
1750554982133,1750554982133,3374,1,3,0,TMStatusChange,"newEvent: neACCEPTED_LEDGER; ledgerSeq: 3; ledgerHash: ""\177/n\t\321qS|\215ub7\177\265\264\234\340\013\347\177b\007\214QDOG\302\345U\376q""; ledgerHashPrevious: ""?\256\336y\324\026M\272]\205fM\0221 \237p\205\264\373\177\362\267\250\270\003\243\004\353\210\250g""; networkTime: 803870182; firstSeq: 1; lastSeq: 1; ","newEvent: neACCEPTED_LEDGER; ledgerSeq: 3; ledgerHash: ""\177/n\t\321qS|\215ub7\177\265\264\234\340\013\347\177b\007\214QDOG\302\345U\376q""; ledgerHashPrevious: ""?\256\336y\324\026M\272]\205fM\0221 \237p\205\264\373\177\362\267\250\270\003\243\004\353\210\250g""; networkTime: 803870182; firstSeq: 1; lastSeq: 1; "
1750554982134,1750554982134,3188,1,3,1,TMValidation,"validation: """"\200\000\000\001&\000\000\000\003)/\352\025\346:\263\003\340?\354b\337\005Q\177/n\t\321qS|\215ub7\177\265\264\234\340\013\347\177b\007\214QDOG\302\345U\376qP\027\000\000\000\000\000\000\000\000\000\000\000\000\000\000\000\000\000\000\000\000\000\000\000\000\000\000\000\000\000\000\000\000P\031-}\351f\032\255\274\334m\326c\017\014ao[\342\230\003\245\245\3341Hm\326^\017jy\335\261s!\002\267\233\013C\322\025\227_\336\326\026\301\225\224\007@\351}6j\027\315\304Px?\375+\235`\313_vF0D\002 \t\250\226;\207'\326\264\226*[\031\235g\303\177\266\222\262\245\327!\177j\323e\270y\354\227\233\217\002 :S\006\035\2627Y~+\263?\233\324\263\031\234\014\210\374\206q\362a\230\000\314q\367\251\354,o""; ","validation: """"\200\000\000\001&\000\000\000\003)/\352\025\346:\263\003\340?\354b\337\005Q\177/n\t\321qS|\215ub7\177\265\264\234\340\013\347\177b\007\214QDOG\302\345U\376qP\027\000\000\000\000\000\000\000\000\000\000\000\000\000\000\000\000\000\000\000\000\000\000\000\000\000\000\000\000\000\000\000\000P\031-}\351f\032\255\274\334m\326c\017\014ao[\342\230\003\245\245\3341Hm\326^\017jy\335\261s!\002\267\233\013C\322\025\227_\336\326\026\301\225\224\007@\351}6j\027\315\304Px?\375+\235`\313_vF0D\002 \t\250\226;\207'\326\264\226*[\031\235g\303\177\266\222\262\245\327!\177j\323e\270y\354\227\233\217\002 :S\006\035\2627Y~+\263?\233\324\263\031\234\014\210\374\206q\362a\230\000\314q\367\251\354,o""; "
1750554982135,1750554982135,1418,1,3,1,TMStatusChange,"newEvent: neACCEPTED_LEDGER; ledgerSeq: 3; ledgerHash: ""\177/n\t\321qS|\215ub7\177\265\264\234\340\013\347\177b\007\214QDOG\302\345U\376q""; ledgerHashPrevious: ""?\256\336y\324\026M\272]\205fM\0221 \237p\205\264\373\177\362\267\250\270\003\243\004\353\210\250g""; networkTime: 803870182; firstSeq: 1; lastSeq: 1; ","newEvent: neACCEPTED_LEDGER; ledgerSeq: 3; ledgerHash: ""\177/n\t\321qS|\215ub7\177\265\264\234\340\013\347\177b\007\214QDOG\302\345U\376q""; ledgerHashPrevious: ""?\256\336y\324\026M\272]\205fM\0221 \237p\205\264\373\177\362\267\250\270\003\243\004\353\210\250g""; networkTime: 803870182; firstSeq: 1; lastSeq: 1; "
1750554982135,1750554982136,1254,1,3,2,TMStatusChange,"newEvent: neACCEPTED_LEDGER; ledgerSeq: 3; ledgerHash: ""\177/n\t\321qS|\215ub7\177\265\264\234\340\013\347\177b\007\214QDOG\302\345U\376q""; ledgerHashPrevious: ""?\256\336y\324\026M\272]\205fM\0221 \237p\205\264\373\177\362\267\250\270\003\243\004\353\210\250g""; networkTime: 803870182; firstSeq: 1; lastSeq: 1; ","newEvent: neACCEPTED_LEDGER; ledgerSeq: 3; ledgerHash: ""\177/n\t\321qS|\215ub7\177\265\264\234\340\013\347\177b\007\214QDOG\302\345U\376q""; ledgerHashPrevious: ""?\256\336y\324\026M\272]\205fM\0221 \237p\205\264\373\177\362\267\250\270\003\243\004\353\210\250g""; networkTime: 803870182; firstSeq: 1; lastSeq: 1; "
1750554982136,1750554982137,1878,1,3,2,TMValidation,"validation: """"\200\000\000\001&\000\000\000\003)/\352\025\346:\263\003\340?\354b\337\005Q\177/n\t\321qS|\215ub7\177\265\264\234\340\013\347\177b\007\214QDOG\302\345U\376qP\027\000\000\000\000\000\000\000\000\000\000\000\000\000\000\000\000\000\000\000\000\000\000\000\000\000\000\000\000\000\000\000\000P\031-}\351f\032\255\274\334m\326c\017\014ao[\342\230\003\245\245\3341Hm\326^\017jy\335\261s!\002\267\233\013C\322\025\227_\336\326\026\301\225\224\007@\351}6j\027\315\304Px?\375+\235`\313_vF0D\002 \t\250\226;\207'\326\264\226*[\031\235g\303\177\266\222\262\245\327!\177j\323e\270y\354\227\233\217\002 :S\006\035\2627Y~+\263?\233\324\263\031\234\014\210\374\206q\362a\230\000\314q\367\251\354,o""; ","validation: """"\200\000\000\001&\000\000\000\003)/\352\025\346:\263\003\340?\354b\337\005Q\177/n\t\321qS|\215ub7\177\265\264\234\340\013\347\177b\007\214QDOG\302\345U\376qP\027\000\000\000\000\000\000\000\000\000\000\000\000\000\000\000\000\000\000\000\000\000\000\000\000\000\000\000\000\000\000\000\000P\031-}\351f\032\255\274\334m\326c\017\014ao[\342\230\003\245\245\3341Hm\326^\017jy\335\261s!\002\267\233\013C\322\025\227_\336\326\026\301\225\224\007@\351}6j\027\315\304Px?\375+\235`\313_vF0D\002 \t\250\226;\207'\326\264\226*[\031\235g\303\177\266\222\262\245\327!\177j\323e\270y\354\227\233\217\002 :S\006\035\2627Y~+\263?\233\324\263\031\234\014\210\374\206q\362a\230\000\314q\367\251\354,o""; "
1750554982137,1750554982137,2655,1,3,4,TMValidation,"validation: """"\200\000\000\001&\000\000\000\003)/\352\025\346:\263\003\340?\354b\337\005Q\177/n\t\321qS|\215ub7\177\265\264\234\340\013\347\177b\007\214QDOG\302\345U\376qP\027\000\000\000\000\000\000\000\000\000\000\000\000\000\000\000\000\000\000\000\000\000\000\000\000\000\000\000\000\000\000\000\000P\031-}\351f\032\255\274\334m\326c\017\014ao[\342\230\003\245\245\3341Hm\326^\017jy\335\261s!\002\267\233\013C\322\025\227_\336\326\026\301\225\224\007@\351}6j\027\315\304Px?\375+\235`\313_vF0D\002 \t\250\226;\207'\326\264\226*[\031\235g\303\177\266\222\262\245\327!\177j\323e\270y\354\227\233\217\002 :S\006\035\2627Y~+\263?\233\324\263\031\234\014\210\374\206q\362a\230\000\314q\367\251\354,o""; ","validation: """"\200\000\000\001&\000\000\000\003)/\352\025\346:\263\003\340?\354b\337\005Q\177/n\t\321qS|\215ub7\177\265\264\234\340\013\347\177b\007\214QDOG\302\345U\376qP\027\000\000\000\000\000\000\000\000\000\000\000\000\000\000\000\000\000\000\000\000\000\000\000\000\000\000\000\000\000\000\000\000P\031-}\351f\032\255\274\334m\326c\017\014ao[\342\230\003\245\245\3341Hm\326^\017jy\335\261s!\002\267\233\013C\322\025\227_\336\326\026\301\225\224\007@\351}6j\027\315\304Px?\375+\235`\313_vF0D\002 \t\250\226;\207'\326\264\226*[\031\235g\303\177\266\222\262\245\327!\177j\323e\270y\354\227\233\217\002 :S\006\035\2627Y~+\263?\233\324\263\031\234\014\210\374\206q\362a\230\000\314q\367\251\354,o""; "
1750554982189,1750554982189,2793,1,3,0,TMValidation,"validation: """"\200\000\000\001&\000\000\000\003)/\352\025\346:\263\003\340?\354b\337\005Q\177/n\t\321qS|\215ub7\177\265\264\234\340\013\347\177b\007\214QDOG\302\345U\376qP\027\000\000\000\000\000\000\000\000\000\000\000\000\000\000\000\000\000\000\000\000\000\000\000\000\000\000\000\000\000\000\000\000P\031-}\351f\032\255\274\334m\326c\017\014ao[\342\230\003\245\245\3341Hm\326^\017jy\335\261s!\002\267\233\013C\322\025\227_\336\326\026\301\225\224\007@\351}6j\027\315\304Px?\375+\235`\313_vF0D\002 \t\250\226;\207'\326\264\226*[\031\235g\303\177\266\222\262\245\327!\177j\323e\270y\354\227\233\217\002 :S\006\035\2627Y~+\263?\233\324\263\031\234\014\210\374\206q\362a\230\000\314q\367\251\354,o""; ","validation: """"\200\000\000\001&\000\000\000\003)/\352\025\346:\263\003\340?\354b\337\005Q\177/n\t\321qS|\215ub7\177\265\264\234\340\013\347\177b\007\214QDOG\302\345U\376qP\027\000\000\000\000\000\000\000\000\000\000\000\000\000\000\000\000\000\000\000\000\000\000\000\000\000\000\000\000\000\000\000\000P\031-}\351f\032\255\274\334m\326c\017\014ao[\342\230\003\245\245\3341Hm\326^\017jy\335\261s!\002\267\233\013C\322\025\227_\336\326\026\301\225\224\007@\351}6j\027\315\304Px?\375+\235`\313_vF0D\002 \t\250\226;\207'\326\264\226*[\031\235g\303\177\266\222\262\245\327!\177j\323e\270y\354\227\233\217\002 :S\006\035\2627Y~+\263?\233\324\263\031\234\014\210\374\206q\362a\230\000\314q\367\251\354,o""; "
1750554982398,1750554982398,3737,1,0,3,TMStatusChange,"newEvent: neACCEPTED_LEDGER; ledgerSeq: 3; ledgerHash: ""\177/n\t\321qS|\215ub7\177\265\264\234\340\013\347\177b\007\214QDOG\302\345U\376q""; ledgerHashPrevious: ""?\256\336y\324\026M\272]\205fM\0221 \237p\205\264\373\177\362\267\250\270\003\243\004\353\210\250g""; networkTime: 803870182; firstSeq: 1; lastSeq: 1; ","newEvent: neACCEPTED_LEDGER; ledgerSeq: 3; ledgerHash: ""\177/n\t\321qS|\215ub7\177\265\264\234\340\013\347\177b\007\214QDOG\302\345U\376q""; ledgerHashPrevious: ""?\256\336y\324\026M\272]\205fM\0221 \237p\205\264\373\177\362\267\250\270\003\243\004\353\210\250g""; networkTime: 803870182; firstSeq: 1; lastSeq: 1; "
1750554982398,1750554982398,691,1,0,3,TMValidation,"validation: """"\200\000\000\001&\000\000\000\003)/\352\025\346:\034\006[$\340{$\215Q\177/n\t\321qS|\215ub7\177\265\264\234\340\013\347\177b\007\214QDOG\302\345U\376qP\027\000\000\000\000\000\000\000\000\000\000\000\000\000\000\000\000\000\000\000\000\000\000\000\000\000\000\000\000\000\000\000\000P\031-}\351f\032\255\274\334m\326c\017\014ao[\342\230\003\245\245\3341Hm\326^\017jy\335\261s!\003r\247\260\262W1v\231G\352\250p\313\031\267[k\261e{a\207j\020\217\332\242`\260*\357\332vF0D\002 v\342\275\033\3530\362G\224L?\2030\330\236t\021\rW\\003\267u(:8\262c|\202\022\031\002 Tn\246\274o\216\334\204\316Ve5}#p\017\341\261F\335\034r'_3\245\321Dq2\267e""; ","validation: """"\200\000\000\001&\000\000\000\003)/\352\025\346:\034\006[$\340{$\215Q\177/n\t\321qS|\215ub7\177\265\264\234\340\013\347\177b\007\214QDOG\302\345U\376qP\027\000\000\000\000\000\000\000\000\000\000\000\000\000\000\000\000\000\000\000\000\000\000\000\000\000\000\000\000\000\000\000\000P\031-}\351f\032\255\274\334m\326c\017\014ao[\342\230\003\245\245\3341Hm\326^\017jy\335\261s!\003r\247\260\262W1v\231G\352\250p\313\031\267[k\261e{a\207j\020\217\332\242`\260*\357\332vF0D\002 v\342\275\033\3530\362G\224L?\2030\330\236t\021\rW\\003\267u(:8\262c|\202\022\031\002 Tn\246\274o\216\334\204\316Ve5}#p\017\341\261F\335\034r'_3\245\321Dq2\267e""; "
1750554982398,1750554982398,2573,1,0,4,TMValidation,"validation: """"\200\000\000\001&\000\000\000\003)/\352\025\346:\034\006[$\340{$\215Q\177/n\t\321qS|\215ub7\177\265\264\234\340\013\347\177b\007\214QDOG\302\345U\376qP\027\000\000\000\000\000\000\000\000\000\000\000\000\000\000\000\000\000\000\000\000\000\000\000\000\000\000\000\000\000\000\000\000P\031-}\351f\032\255\274\334m\326c\017\014ao[\342\230\003\245\245\3341Hm\326^\017jy\335\261s!\003r\247\260\262W1v\231G\352\250p\313\031\267[k\261e{a\207j\020\217\332\242`\260*\357\332vF0D\002 v\342\275\033\3530\362G\224L?\2030\330\236t\021\rW\\003\267u(:8\262c|\202\022\031\002 Tn\246\274o\216\334\204\316Ve5}#p\017\341\261F\335\034r'_3\245\321Dq2\267e""; ","validation: """"\200\000\000\001&\000\000\000\003)/\352\025\346:\034\006[$\340{$\215Q\177/n\t\321qS|\215ub7\177\265\264\234\340\013\347\177b\007\214QDOG\302\345U\376qP\027\000\000\000\000\000\000\000\000\000\000\000\000\000\000\000\000\000\000\000\000\000\000\000\000\000\000\000\000\000\000\000\000P\031-}\351f\032\255\274\334m\326c\017\014ao[\342\230\003\245\245\3341Hm\326^\017jy\335\261s!\003r\247\260\262W1v\231G\352\250p\313\031\267[k\261e{a\207j\020\217\332\242`\260*\357\332vF0D\002 v\342\275\033\3530\362G\224L?\2030\330\236t\021\rW\\003\267u(:8\262c|\202\022\031\002 Tn\246\274o\216\334\204\316Ve5}#p\017\341\261F\335\034r'_3\245\321Dq2\267e""; "
1750554982399,1750554982399,3315,1,0,4,TMStatusChange,"newEvent: neACCEPTED_LEDGER; ledgerSeq: 3; ledgerHash: ""\177/n\t\321qS|\215ub7\177\265\264\234\340\013\347\177b\007\214QDOG\302\345U\376q""; ledgerHashPrevious: ""?\256\336y\324\026M\272]\205fM\0221 \237p\205\264\373\177\362\267\250\270\003\243\004\353\210\250g""; networkTime: 803870182; firstSeq: 1; lastSeq: 1; ","newEvent: neACCEPTED_LEDGER; ledgerSeq: 3; ledgerHash: ""\177/n\t\321qS|\215ub7\177\265\264\234\340\013\347\177b\007\214QDOG\302\345U\376q""; ledgerHashPrevious: ""?\256\336y\324\026M\272]\205fM\0221 \237p\205\264\373\177\362\267\250\270\003\243\004\353\210\250g""; networkTime: 803870182; firstSeq: 1; lastSeq: 1; "
1750554982399,1750554982399,2300,1,0,1,TMValidation,"validation: """"\200\000\000\001&\000\000\000\003)/\352\025\346:\034\006[$\340{$\215Q\177/n\t\321qS|\215ub7\177\265\264\234\340\013\347\177b\007\214QDOG\302\345U\376qP\027\000\000\000\000\000\000\000\000\000\000\000\000\000\000\000\000\000\000\000\000\000\000\000\000\000\000\000\000\000\000\000\000P\031-}\351f\032\255\274\334m\326c\017\014ao[\342\230\003\245\245\3341Hm\326^\017jy\335\261s!\003r\247\260\262W1v\231G\352\250p\313\031\267[k\261e{a\207j\020\217\332\242`\260*\357\332vF0D\002 v\342\275\033\3530\362G\224L?\2030\330\236t\021\rW\\003\267u(:8\262c|\202\022\031\002 Tn\246\274o\216\334\204\316Ve5}#p\017\341\261F\335\034r'_3\245\321Dq2\267e""; ","validation: """"\200\000\000\001&\000\000\000\003)/\352\025\346:\034\006[$\340{$\215Q\177/n\t\321qS|\215ub7\177\265\264\234\340\013\347\177b\007\214QDOG\302\345U\376qP\027\000\000\000\000\000\000\000\000\000\000\000\000\000\000\000\000\000\000\000\000\000\000\000\000\000\000\000\000\000\000\000\000P\031-}\351f\032\255\274\334m\326c\017\014ao[\342\230\003\245\245\3341Hm\326^\017jy\335\261s!\003r\247\260\262W1v\231G\352\250p\313\031\267[k\261e{a\207j\020\217\332\242`\260*\357\332vF0D\002 v\342\275\033\3530\362G\224L?\2030\330\236t\021\rW\\003\267u(:8\262c|\202\022\031\002 Tn\246\274o\216\334\204\316Ve5}#p\017\341\261F\335\034r'_3\245\321Dq2\267e""; "
1750554982399,1750554982399,2688,1,0,1,TMStatusChange,"newEvent: neACCEPTED_LEDGER; ledgerSeq: 3; ledgerHash: ""\177/n\t\321qS|\215ub7\177\265\264\234\340\013\347\177b\007\214QDOG\302\345U\376q""; ledgerHashPrevious: ""?\256\336y\324\026M\272]\205fM\0221 \237p\205\264\373\177\362\267\250\270\003\243\004\353\210\250g""; networkTime: 803870182; firstSeq: 1; lastSeq: 1; ","newEvent: neACCEPTED_LEDGER; ledgerSeq: 3; ledgerHash: ""\177/n\t\321qS|\215ub7\177\265\264\234\340\013\347\177b\007\214QDOG\302\345U\376q""; ledgerHashPrevious: ""?\256\336y\324\026M\272]\205fM\0221 \237p\205\264\373\177\362\267\250\270\003\243\004\353\210\250g""; networkTime: 803870182; firstSeq: 1; lastSeq: 1; "
1750554982400,1750554982400,3027,1,0,2,TMStatusChange,"newEvent: neACCEPTED_LEDGER; ledgerSeq: 3; ledgerHash: ""\177/n\t\321qS|\215ub7\177\265\264\234\340\013\347\177b\007\214QDOG\302\345U\376q""; ledgerHashPrevious: ""?\256\336y\324\026M\272]\205fM\0221 \237p\205\264\373\177\362\267\250\270\003\243\004\353\210\250g""; networkTime: 803870182; firstSeq: 1; lastSeq: 1; ","newEvent: neACCEPTED_LEDGER; ledgerSeq: 3; ledgerHash: ""\177/n\t\321qS|\215ub7\177\265\264\234\340\013\347\177b\007\214QDOG\302\345U\376q""; ledgerHashPrevious: ""?\256\336y\324\026M\272]\205fM\0221 \237p\205\264\373\177\362\267\250\270\003\243\004\353\210\250g""; networkTime: 803870182; firstSeq: 1; lastSeq: 1; "
1750554982400,1750554982400,711,1,0,2,TMValidation,"validation: """"\200\000\000\001&\000\000\000\003)/\352\025\346:\034\006[$\340{$\215Q\177/n\t\321qS|\215ub7\177\265\264\234\340\013\347\177b\007\214QDOG\302\345U\376qP\027\000\000\000\000\000\000\000\000\000\000\000\000\000\000\000\000\000\000\000\000\000\000\000\000\000\000\000\000\000\000\000\000P\031-}\351f\032\255\274\334m\326c\017\014ao[\342\230\003\245\245\3341Hm\326^\017jy\335\261s!\003r\247\260\262W1v\231G\352\250p\313\031\267[k\261e{a\207j\020\217\332\242`\260*\357\332vF0D\002 v\342\275\033\3530\362G\224L?\2030\330\236t\021\rW\\003\267u(:8\262c|\202\022\031\002 Tn\246\274o\216\334\204\316Ve5}#p\017\341\261F\335\034r'_3\245\321Dq2\267e""; ","validation: """"\200\000\000\001&\000\000\000\003)/\352\025\346:\034\006[$\340{$\215Q\177/n\t\321qS|\215ub7\177\265\264\234\340\013\347\177b\007\214QDOG\302\345U\376qP\027\000\000\000\000\000\000\000\000\000\000\000\000\000\000\000\000\000\000\000\000\000\000\000\000\000\000\000\000\000\000\000\000P\031-}\351f\032\255\274\334m\326c\017\014ao[\342\230\003\245\245\3341Hm\326^\017jy\335\261s!\003r\247\260\262W1v\231G\352\250p\313\031\267[k\261e{a\207j\020\217\332\242`\260*\357\332vF0D\002 v\342\275\033\3530\362G\224L?\2030\330\236t\021\rW\\003\267u(:8\262c|\202\022\031\002 Tn\246\274o\216\334\204\316Ve5}#p\017\341\261F\335\034r'_3\245\321Dq2\267e""; "
1750554982501,1750554982501,2906,1,4,0,TMProposeSet,"proposeSeq: 0; currentTxHash: ""\000\000\000\000\000\000\000\000\000\000\000\000\000\000\000\000\000\000\000\000\000\000\000\000\000\000\000\000\000\000\000\000""; nodePubKey: ""\002\267\233\013C\322\025\227_\336\326\026\301\225\224\007@\351}6j\027\315\304Px?\375+\235`\313_""; closeTime: 803870180; signature: ""0E\002!\000\205H\201b\334\373\274\244q\236\230\024i<p\226H\334;\tS\233j\335~\034\313W\202+\333<\002 \023\005\264+Y\232\231-\224\214\353\3774\350\357\300\355\001\250\340Y\234^\257\320\001!\033&<\217\307""; previousledger: ""?\256\336y\324\026M\272]\205fM\0221 \237p\205\264\373\177\362\267\250\270\003\243\004\353\210\250g""; ","proposeSeq: 0; currentTxHash: ""\000\000\000\000\000\000\000\000\000\000\000\000\000\000\000\000\000\000\000\000\000\000\000\000\000\000\000\000\000\000\000\000""; nodePubKey: ""\002\267\233\013C\322\025\227_\336\326\026\301\225\224\007@\351}6j\027\315\304Px?\375+\235`\313_""; closeTime: 803870180; signature: ""0E\002!\000\205H\201b\334\373\274\244q\236\230\024i<p\226H\334;\tS\233j\335~\034\313W\202+\333<\002 \023\005\264+Y\232\231-\224\214\353\3774\350\357\300\355\001\250\340Y\234^\257\320\001!\033&<\217\307""; previousledger: ""?\256\336y\324\026M\272]\205fM\0221 \237p\205\264\373\177\362\267\250\270\003\243\004\353\210\250g""; "
1750554982501,1750554982501,1114,1,4,3,TMProposeSet,"proposeSeq: 0; currentTxHash: ""\000\000\000\000\000\000\000\000\000\000\000\000\000\000\000\000\000\000\000\000\000\000\000\000\000\000\000\000\000\000\000\000""; nodePubKey: ""\002\267\233\013C\322\025\227_\336\326\026\301\225\224\007@\351}6j\027\315\304Px?\375+\235`\313_""; closeTime: 803870180; signature: ""0E\002!\000\205H\201b\334\373\274\244q\236\230\024i<p\226H\334;\tS\233j\335~\034\313W\202+\333<\002 \023\005\264+Y\232\231-\224\214\353\3774\350\357\300\355\001\250\340Y\234^\257\320\001!\033&<\217\307""; previousledger: ""?\256\336y\324\026M\272]\205fM\0221 \237p\205\264\373\177\362\267\250\270\003\243\004\353\210\250g""; ","proposeSeq: 0; currentTxHash: ""\000\000\000\000\000\000\000\000\000\000\000\000\000\000\000\000\000\000\000\000\000\000\000\000\000\000\000\000\000\000\000\000""; nodePubKey: ""\002\267\233\013C\322\025\227_\336\326\026\301\225\224\007@\351}6j\027\315\304Px?\375+\235`\313_""; closeTime: 803870180; signature: ""0E\002!\000\205H\201b\334\373\274\244q\236\230\024i<p\226H\334;\tS\233j\335~\034\313W\202+\333<\002 \023\005\264+Y\232\231-\224\214\353\3774\350\357\300\355\001\250\340Y\234^\257\320\001!\033&<\217\307""; previousledger: ""?\256\336y\324\026M\272]\205fM\0221 \237p\205\264\373\177\362\267\250\270\003\243\004\353\210\250g""; "
1750554982501,1750554982501,3678,1,4,2,TMProposeSet,"proposeSeq: 0; currentTxHash: ""\000\000\000\000\000\000\000\000\000\000\000\000\000\000\000\000\000\000\000\000\000\000\000\000\000\000\000\000\000\000\000\000""; nodePubKey: ""\002\267\233\013C\322\025\227_\336\326\026\301\225\224\007@\351}6j\027\315\304Px?\375+\235`\313_""; closeTime: 803870180; signature: ""0E\002!\000\205H\201b\334\373\274\244q\236\230\024i<p\226H\334;\tS\233j\335~\034\313W\202+\333<\002 \023\005\264+Y\232\231-\224\214\353\3774\350\357\300\355\001\250\340Y\234^\257\320\001!\033&<\217\307""; previousledger: ""?\256\336y\324\026M\272]\205fM\0221 \237p\205\264\373\177\362\267\250\270\003\243\004\353\210\250g""; ","proposeSeq: 0; currentTxHash: ""\000\000\000\000\000\000\000\000\000\000\000\000\000\000\000\000\000\000\000\000\000\000\000\000\000\000\000\000\000\000\000\000""; nodePubKey: ""\002\267\233\013C\322\025\227_\336\326\026\301\225\224\007@\351}6j\027\315\304Px?\375+\235`\313_""; closeTime: 803870180; signature: ""0E\002!\000\205H\201b\334\373\274\244q\236\230\024i<p\226H\334;\tS\233j\335~\034\313W\202+\333<\002 \023\005\264+Y\232\231-\224\214\353\3774\350\357\300\355\001\250\340Y\234^\257\320\001!\033&<\217\307""; previousledger: ""?\256\336y\324\026M\272]\205fM\0221 \237p\205\264\373\177\362\267\250\270\003\243\004\353\210\250g""; "
1750554982645,1750554982645,3881,1,1,4,TMStatusChange,"newEvent: neACCEPTED_LEDGER; ledgerSeq: 3; ledgerHash: ""\177/n\t\321qS|\215ub7\177\265\264\234\340\013\347\177b\007\214QDOG\302\345U\376q""; ledgerHashPrevious: ""?\256\336y\324\026M\272]\205fM\0221 \237p\205\264\373\177\362\267\250\270\003\243\004\353\210\250g""; networkTime: 803870182; firstSeq: 1; lastSeq: 1; ","newEvent: neACCEPTED_LEDGER; ledgerSeq: 3; ledgerHash: ""\177/n\t\321qS|\215ub7\177\265\264\234\340\013\347\177b\007\214QDOG\302\345U\376q""; ledgerHashPrevious: ""?\256\336y\324\026M\272]\205fM\0221 \237p\205\264\373\177\362\267\250\270\003\243\004\353\210\250g""; networkTime: 803870182; firstSeq: 1; lastSeq: 1; "
1750554982646,1750554982647,1863,1,1,2,TMValidation,"validation: """"\200\000\000\001&\000\000\000\003)/\352\025\346:c\016\231\375\2438\\353Q\177/n\t\321qS|\215ub7\177\265\264\234\340\013\347\177b\007\214QDOG\302\345U\376qP\027\000\000\000\000\000\000\000\000\000\000\000\000\000\000\000\000\000\000\000\000\000\000\000\000\000\000\000\000\000\000\000\000P\031-}\351f\032\255\274\334m\326c\017\014ao[\342\230\003\245\245\3341Hm\326^\017jy\335\261s!\003\014}\246\253\247\326\267P\302\342:\267&\375\036d\013\375\230\236\226\207\332\267\005\016\325\334r\346Q\333vG0E\002!\000\354_\231Q,\330\tzW\361\353O\363J\304Y\346\355\314w\235u\226XV\020\302\023B\346h\247\002 \024\324O\205\225J\343]\373\020\317\016#\360\020\202f\254\231\3438\377dX\312\177\036-!\364T%""; ","validation: """"\200\000\000\001&\000\000\000\003)/\352\025\346:c\016\231\375\2438\\353Q\177/n\t\321qS|\215ub7\177\265\264\234\340\013\347\177b\007\214QDOG\302\345U\376qP\027\000\000\000\000\000\000\000\000\000\000\000\000\000\000\000\000\000\000\000\000\000\000\000\000\000\000\000\000\000\000\000\000P\031-}\351f\032\255\274\334m\326c\017\014ao[\342\230\003\245\245\3341Hm\326^\017jy\335\261s!\003\014}\246\253\247\326\267P\302\342:\267&\375\036d\013\375\230\236\226\207\332\267\005\016\325\334r\346Q\333vG0E\002!\000\354_\231Q,\330\tzW\361\353O\363J\304Y\346\355\314w\235u\226XV\020\302\023B\346h\247\002 \024\324O\205\225J\343]\373\020\317\016#\360\020\202f\254\231\3438\377dX\312\177\036-!\364T%""; "
1750554982647,1750554982647,3000,1,1,0,TMValidation,"validation: """"\200\000\000\001&\000\000\000\003)/\352\025\346:c\016\231\375\2438\\353Q\177/n\t\321qS|\215ub7\177\265\264\234\340\013\347\177b\007\214QDOG\302\345U\376qP\027\000\000\000\000\000\000\000\000\000\000\000\000\000\000\000\000\000\000\000\000\000\000\000\000\000\000\000\000\000\000\000\000P\031-}\351f\032\255\274\334m\326c\017\014ao[\342\230\003\245\245\3341Hm\326^\017jy\335\261s!\003\014}\246\253\247\326\267P\302\342:\267&\375\036d\013\375\230\236\226\207\332\267\005\016\325\334r\346Q\333vG0E\002!\000\354_\231Q,\330\tzW\361\353O\363J\304Y\346\355\314w\235u\226XV\020\302\023B\346h\247\002 \024\324O\205\225J\343]\373\020\317\016#\360\020\202f\254\231\3438\377dX\312\177\036-!\364T%""; ","validation: """"\200\000\000\001&\000\000\000\003)/\352\025\346:c\016\231\375\2438\\353Q\177/n\t\321qS|\215ub7\177\265\264\234\340\013\347\177b\007\214QDOG\302\345U\376qP\027\000\000\000\000\000\000\000\000\000\000\000\000\000\000\000\000\000\000\000\000\000\000\000\000\000\000\000\000\000\000\000\000P\031-}\351f\032\255\274\334m\326c\017\014ao[\342\230\003\245\245\3341Hm\326^\017jy\335\261s!\003\014}\246\253\247\326\267P\302\342:\267&\375\036d\013\375\230\236\226\207\332\267\005\016\325\334r\346Q\333vG0E\002!\000\354_\231Q,\330\tzW\361\353O\363J\304Y\346\355\314w\235u\226XV\020\302\023B\346h\247\002 \024\324O\205\225J\343]\373\020\317\016#\360\020\202f\254\231\3438\377dX\312\177\036-!\364T%""; "
1750554982647,1750554982647,936,1,1,2,TMStatusChange,"newEvent: neACCEPTED_LEDGER; ledgerSeq: 3; ledgerHash: ""\177/n\t\321qS|\215ub7\177\265\264\234\340\013\347\177b\007\214QDOG\302\345U\376q""; ledgerHashPrevious: ""?\256\336y\324\026M\272]\205fM\0221 \237p\205\264\373\177\362\267\250\270\003\243\004\353\210\250g""; networkTime: 803870182; firstSeq: 1; lastSeq: 1; ","newEvent: neACCEPTED_LEDGER; ledgerSeq: 3; ledgerHash: ""\177/n\t\321qS|\215ub7\177\265\264\234\340\013\347\177b\007\214QDOG\302\345U\376q""; ledgerHashPrevious: ""?\256\336y\324\026M\272]\205fM\0221 \237p\205\264\373\177\362\267\250\270\003\243\004\353\210\250g""; networkTime: 803870182; firstSeq: 1; lastSeq: 1; "
1750554982647,1750554982647,3390,1,1,0,TMStatusChange,"newEvent: neACCEPTED_LEDGER; ledgerSeq: 3; ledgerHash: ""\177/n\t\321qS|\215ub7\177\265\264\234\340\013\347\177b\007\214QDOG\302\345U\376q""; ledgerHashPrevious: ""?\256\336y\324\026M\272]\205fM\0221 \237p\205\264\373\177\362\267\250\270\003\243\004\353\210\250g""; networkTime: 803870182; firstSeq: 1; lastSeq: 1; ","newEvent: neACCEPTED_LEDGER; ledgerSeq: 3; ledgerHash: ""\177/n\t\321qS|\215ub7\177\265\264\234\340\013\347\177b\007\214QDOG\302\345U\376q""; ledgerHashPrevious: ""?\256\336y\324\026M\272]\205fM\0221 \237p\205\264\373\177\362\267\250\270\003\243\004\353\210\250g""; networkTime: 803870182; firstSeq: 1; lastSeq: 1; "
1750554982647,1750554982648,1249,1,1,3,TMValidation,"validation: """"\200\000\000\001&\000\000\000\003)/\352\025\346:c\016\231\375\2438\\353Q\177/n\t\321qS|\215ub7\177\265\264\234\340\013\347\177b\007\214QDOG\302\345U\376qP\027\000\000\000\000\000\000\000\000\000\000\000\000\000\000\000\000\000\000\000\000\000\000\000\000\000\000\000\000\000\000\000\000P\031-}\351f\032\255\274\334m\326c\017\014ao[\342\230\003\245\245\3341Hm\326^\017jy\335\261s!\003\014}\246\253\247\326\267P\302\342:\267&\375\036d\013\375\230\236\226\207\332\267\005\016\325\334r\346Q\333vG0E\002!\000\354_\231Q,\330\tzW\361\353O\363J\304Y\346\355\314w\235u\226XV\020\302\023B\346h\247\002 \024\324O\205\225J\343]\373\020\317\016#\360\020\202f\254\231\3438\377dX\312\177\036-!\364T%""; ","validation: """"\200\000\000\001&\000\000\000\003)/\352\025\346:c\016\231\375\2438\\353Q\177/n\t\321qS|\215ub7\177\265\264\234\340\013\347\177b\007\214QDOG\302\345U\376qP\027\000\000\000\000\000\000\000\000\000\000\000\000\000\000\000\000\000\000\000\000\000\000\000\000\000\000\000\000\000\000\000\000P\031-}\351f\032\255\274\334m\326c\017\014ao[\342\230\003\245\245\3341Hm\326^\017jy\335\261s!\003\014}\246\253\247\326\267P\302\342:\267&\375\036d\013\375\230\236\226\207\332\267\005\016\325\334r\346Q\333vG0E\002!\000\354_\231Q,\330\tzW\361\353O\363J\304Y\346\355\314w\235u\226XV\020\302\023B\346h\247\002 \024\324O\205\225J\343]\373\020\317\016#\360\020\202f\254\231\3438\377dX\312\177\036-!\364T%""; "
1750554982648,1750554982648,1300,1,1,3,TMStatusChange,"newEvent: neACCEPTED_LEDGER; ledgerSeq: 3; ledgerHash: ""\177/n\t\321qS|\215ub7\177\265\264\234\340\013\347\177b\007\214QDOG\302\345U\376q""; ledgerHashPrevious: ""?\256\336y\324\026M\272]\205fM\0221 \237p\205\264\373\177\362\267\250\270\003\243\004\353\210\250g""; networkTime: 803870182; firstSeq: 1; lastSeq: 1; ","newEvent: neACCEPTED_LEDGER; ledgerSeq: 3; ledgerHash: ""\177/n\t\321qS|\215ub7\177\265\264\234\340\013\347\177b\007\214QDOG\302\345U\376q""; ledgerHashPrevious: ""?\256\336y\324\026M\272]\205fM\0221 \237p\205\264\373\177\362\267\250\270\003\243\004\353\210\250g""; networkTime: 803870182; firstSeq: 1; lastSeq: 1; "
1750554982651,1750554982651,3481,1,1,4,TMValidation,"validation: """"\200\000\000\001&\000\000\000\003)/\352\025\346:c\016\231\375\2438\\353Q\177/n\t\321qS|\215ub7\177\265\264\234\340\013\347\177b\007\214QDOG\302\345U\376qP\027\000\000\000\000\000\000\000\000\000\000\000\000\000\000\000\000\000\000\000\000\000\000\000\000\000\000\000\000\000\000\000\000P\031-}\351f\032\255\274\334m\326c\017\014ao[\342\230\003\245\245\3341Hm\326^\017jy\335\261s!\003\014}\246\253\247\326\267P\302\342:\267&\375\036d\013\375\230\236\226\207\332\267\005\016\325\334r\346Q\333vG0E\002!\000\354_\231Q,\330\tzW\361\353O\363J\304Y\346\355\314w\235u\226XV\020\302\023B\346h\247\002 \024\324O\205\225J\343]\373\020\317\016#\360\020\202f\254\231\3438\377dX\312\177\036-!\364T%""; ","validation: """"\200\000\000\001&\000\000\000\003)/\352\025\346:c\016\231\375\2438\\353Q\177/n\t\321qS|\215ub7\177\265\264\234\340\013\347\177b\007\214QDOG\302\345U\376qP\027\000\000\000\000\000\000\000\000\000\000\000\000\000\000\000\000\000\000\000\000\000\000\000\000\000\000\000\000\000\000\000\000P\031-}\351f\032\255\274\334m\326c\017\014ao[\342\230\003\245\245\3341Hm\326^\017jy\335\261s!\003\014}\246\253\247\326\267P\302\342:\267&\375\036d\013\375\230\236\226\207\332\267\005\016\325\334r\346Q\333vG0E\002!\000\354_\231Q,\330\tzW\361\353O\363J\304Y\346\355\314w\235u\226XV\020\302\023B\346h\247\002 \024\324O\205\225J\343]\373\020\317\016#\360\020\202f\254\231\3438\377dX\312\177\036-!\364T%""; "
1750554982822,1750554982822,3678,1,4,2,TMProposeSet,"proposeSeq: 0; currentTxHash: ""\000\000\000\000\000\000\000\000\000\000\000\000\000\000\000\000\000\000\000\000\000\000\000\000\000\000\000\000\000\000\000\000""; nodePubKey: ""\003r\247\260\262W1v\231G\352\250p\313\031\267[k\261e{a\207j\020\217\332\242`\260*\357\332""; closeTime: 803870180; signature: ""0D\002 \022\221\312GwE\207\226G(b\000\243e\r#\234\036\337w\251\336\027\203\306n\340\264""\316|j\002 ~nIP2\264T\326\300\323\206\021\243\350\215\311\244L\320\300\025\025\337\356\016\336\301!\334\272%,""; previousledger: ""?\256\336y\324\026M\272]\205fM\0221 \237p\205\264\373\177\362\267\250\270\003\243\004\353\210\250g""; ","proposeSeq: 0; currentTxHash: ""\000\000\000\000\000\000\000\000\000\000\000\000\000\000\000\000\000\000\000\000\000\000\000\000\000\000\000\000\000\000\000\000""; nodePubKey: ""\003r\247\260\262W1v\231G\352\250p\313\031\267[k\261e{a\207j\020\217\332\242`\260*\357\332""; closeTime: 803870180; signature: ""0D\002 \022\221\312GwE\207\226G(b\000\243e\r#\234\036\337w\251\336\027\203\306n\340\264""\316|j\002 ~nIP2\264T\326\300\323\206\021\243\350\215\311\244L\320\300\025\025\337\356\016\336\301!\334\272%,""; previousledger: ""?\256\336y\324\026M\272]\205fM\0221 \237p\205\264\373\177\362\267\250\270\003\243\004\353\210\250g""; "
1750554982823,1750554982823,817,1,4,1,TMProposeSet,"proposeSeq: 0; currentTxHash: ""\000\000\000\000\000\000\000\000\000\000\000\000\000\000\000\000\000\000\000\000\000\000\000\000\000\000\000\000\000\000\000\000""; nodePubKey: ""\003r\247\260\262W1v\231G\352\250p\313\031\267[k\261e{a\207j\020\217\332\242`\260*\357\332""; closeTime: 803870180; signature: ""0D\002 \022\221\312GwE\207\226G(b\000\243e\r#\234\036\337w\251\336\027\203\306n\340\264""\316|j\002 ~nIP2\264T\326\300\323\206\021\243\350\215\311\244L\320\300\025\025\337\356\016\336\301!\334\272%,""; previousledger: ""?\256\336y\324\026M\272]\205fM\0221 \237p\205\264\373\177\362\267\250\270\003\243\004\353\210\250g""; ","proposeSeq: 0; currentTxHash: ""\000\000\000\000\000\000\000\000\000\000\000\000\000\000\000\000\000\000\000\000\000\000\000\000\000\000\000\000\000\000\000\000""; nodePubKey: ""\003r\247\260\262W1v\231G\352\250p\313\031\267[k\261e{a\207j\020\217\332\242`\260*\357\332""; closeTime: 803870180; signature: ""0D\002 \022\221\312GwE\207\226G(b\000\243e\r#\234\036\337w\251\336\027\203\306n\340\264""\316|j\002 ~nIP2\264T\326\300\323\206\021\243\350\215\311\244L\320\300\025\025\337\356\016\336\301!\334\272%,""; previousledger: ""?\256\336y\324\026M\272]\205fM\0221 \237p\205\264\373\177\362\267\250\270\003\243\004\353\210\250g""; "
1750554982822,1750554982822,1114,1,4,3,TMProposeSet,"proposeSeq: 0; currentTxHash: ""\000\000\000\000\000\000\000\000\000\000\000\000\000\000\000\000\000\000\000\000\000\000\000\000\000\000\000\000\000\000\000\000""; nodePubKey: ""\003r\247\260\262W1v\231G\352\250p\313\031\267[k\261e{a\207j\020\217\332\242`\260*\357\332""; closeTime: 803870180; signature: ""0D\002 \022\221\312GwE\207\226G(b\000\243e\r#\234\036\337w\251\336\027\203\306n\340\264""\316|j\002 ~nIP2\264T\326\300\323\206\021\243\350\215\311\244L\320\300\025\025\337\356\016\336\301!\334\272%,""; previousledger: ""?\256\336y\324\026M\272]\205fM\0221 \237p\205\264\373\177\362\267\250\270\003\243\004\353\210\250g""; ","proposeSeq: 0; currentTxHash: ""\000\000\000\000\000\000\000\000\000\000\000\000\000\000\000\000\000\000\000\000\000\000\000\000\000\000\000\000\000\000\000\000""; nodePubKey: ""\003r\247\260\262W1v\231G\352\250p\313\031\267[k\261e{a\207j\020\217\332\242`\260*\357\332""; closeTime: 803870180; signature: ""0D\002 \022\221\312GwE\207\226G(b\000\243e\r#\234\036\337w\251\336\027\203\306n\340\264""\316|j\002 ~nIP2\264T\326\300\323\206\021\243\350\215\311\244L\320\300\025\025\337\356\016\336\301!\334\272%,""; previousledger: ""?\256\336y\324\026M\272]\205fM\0221 \237p\205\264\373\177\362\267\250\270\003\243\004\353\210\250g""; "
1750554982960,1750554982960,995,1,4,3,TMStatusChange,"newEvent: neACCEPTED_LEDGER; ledgerSeq: 3; ledgerHash: ""\177/n\t\321qS|\215ub7\177\265\264\234\340\013\347\177b\007\214QDOG\302\345U\376q""; ledgerHashPrevious: ""?\256\336y\324\026M\272]\205fM\0221 \237p\205\264\373\177\362\267\250\270\003\243\004\353\210\250g""; networkTime: 803870182; firstSeq: 1; lastSeq: 1; ","newEvent: neACCEPTED_LEDGER; ledgerSeq: 3; ledgerHash: ""\177/n\t\321qS|\215ub7\177\265\264\234\340\013\347\177b\007\214QDOG\302\345U\376q""; ledgerHashPrevious: ""?\256\336y\324\026M\272]\205fM\0221 \237p\205\264\373\177\362\267\250\270\003\243\004\353\210\250g""; networkTime: 803870182; firstSeq: 1; lastSeq: 1; "
1750554982962,1750554982962,1452,1,4,0,TMStatusChange,"newEvent: neACCEPTED_LEDGER; ledgerSeq: 3; ledgerHash: ""\177/n\t\321qS|\215ub7\177\265\264\234\340\013\347\177b\007\214QDOG\302\345U\376q""; ledgerHashPrevious: ""?\256\336y\324\026M\272]\205fM\0221 \237p\205\264\373\177\362\267\250\270\003\243\004\353\210\250g""; networkTime: 803870182; firstSeq: 1; lastSeq: 1; ","newEvent: neACCEPTED_LEDGER; ledgerSeq: 3; ledgerHash: ""\177/n\t\321qS|\215ub7\177\265\264\234\340\013\347\177b\007\214QDOG\302\345U\376q""; ledgerHashPrevious: ""?\256\336y\324\026M\272]\205fM\0221 \237p\205\264\373\177\362\267\250\270\003\243\004\353\210\250g""; networkTime: 803870182; firstSeq: 1; lastSeq: 1; "
1750554982962,1750554982962,339,1,4,0,TMValidation,"validation: """"\200\000\000\001&\000\000\000\003)/\352\025\346:\005\335\317Y\345\332\360\261Q\177/n\t\321qS|\215ub7\177\265\264\234\340\013\347\177b\007\214QDOG\302\345U\376qP\027\000\000\000\000\000\000\000\000\000\000\000\000\000\000\000\000\000\000\000\000\000\000\000\000\000\000\000\000\000\000\000\000P\031-}\351f\032\255\274\334m\326c\017\014ao[\342\230\003\245\245\3341Hm\326^\017jy\335\261s!\002\203\234\253\325\333\332\276\223y;\250+B\323"" Hg\303\030\n\303\345\255\330\223\n\240\260\032\305!vG0E\002!\000\263\036+\250[\246\003\344+T\000(\210\222\224\273\352\017\0258\304\375i\032>\261\250\2271=\035h\002 \005\266U\244S\023\201\253O\3767\275\262\203\232\005_\202\271vh\342\035}\376\302\037\362\t\016\311\334""; ","validation: """"\200\000\000\001&\000\000\000\003)/\352\025\346:\005\335\317Y\345\332\360\261Q\177/n\t\321qS|\215ub7\177\265\264\234\340\013\347\177b\007\214QDOG\302\345U\376qP\027\000\000\000\000\000\000\000\000\000\000\000\000\000\000\000\000\000\000\000\000\000\000\000\000\000\000\000\000\000\000\000\000P\031-}\351f\032\255\274\334m\326c\017\014ao[\342\230\003\245\245\3341Hm\326^\017jy\335\261s!\002\203\234\253\325\333\332\276\223y;\250+B\323"" Hg\303\030\n\303\345\255\330\223\n\240\260\032\305!vG0E\002!\000\263\036+\250[\246\003\344+T\000(\210\222\224\273\352\017\0258\304\375i\032>\261\250\2271=\035h\002 \005\266U\244S\023\201\253O\3767\275\262\203\232\005_\202\271vh\342\035}\376\302\037\362\t\016\311\334""; "
1750554982964,1750554982964,215,1,4,1,TMValidation,"validation: """"\200\000\000\001&\000\000\000\003)/\352\025\346:\005\335\317Y\345\332\360\261Q\177/n\t\321qS|\215ub7\177\265\264\234\340\013\347\177b\007\214QDOG\302\345U\376qP\027\000\000\000\000\000\000\000\000\000\000\000\000\000\000\000\000\000\000\000\000\000\000\000\000\000\000\000\000\000\000\000\000P\031-}\351f\032\255\274\334m\326c\017\014ao[\342\230\003\245\245\3341Hm\326^\017jy\335\261s!\002\203\234\253\325\333\332\276\223y;\250+B\323"" Hg\303\030\n\303\345\255\330\223\n\240\260\032\305!vG0E\002!\000\263\036+\250[\246\003\344+T\000(\210\222\224\273\352\017\0258\304\375i\032>\261\250\2271=\035h\002 \005\266U\244S\023\201\253O\3767\275\262\203\232\005_\202\271vh\342\035}\376\302\037\362\t\016\311\334""; ","validation: """"\200\000\000\001&\000\000\000\003)/\352\025\346:\005\335\317Y\345\332\360\261Q\177/n\t\321qS|\215ub7\177\265\264\234\340\013\347\177b\007\214QDOG\302\345U\376qP\027\000\000\000\000\000\000\000\000\000\000\000\000\000\000\000\000\000\000\000\000\000\000\000\000\000\000\000\000\000\000\000\000P\031-}\351f\032\255\274\334m\326c\017\014ao[\342\230\003\245\245\3341Hm\326^\017jy\335\261s!\002\203\234\253\325\333\332\276\223y;\250+B\323"" Hg\303\030\n\303\345\255\330\223\n\240\260\032\305!vG0E\002!\000\263\036+\250[\246\003\344+T\000(\210\222\224\273\352\017\0258\304\375i\032>\261\250\2271=\035h\002 \005\266U\244S\023\201\253O\3767\275\262\203\232\005_\202\271vh\342\035}\376\302\037\362\t\016\311\334""; "
1750554982963,1750554982963,2414,1,4,2,TMStatusChange,"newEvent: neACCEPTED_LEDGER; ledgerSeq: 3; ledgerHash: ""\177/n\t\321qS|\215ub7\177\265\264\234\340\013\347\177b\007\214QDOG\302\345U\376q""; ledgerHashPrevious: ""?\256\336y\324\026M\272]\205fM\0221 \237p\205\264\373\177\362\267\250\270\003\243\004\353\210\250g""; networkTime: 803870182; firstSeq: 1; lastSeq: 1; ","newEvent: neACCEPTED_LEDGER; ledgerSeq: 3; ledgerHash: ""\177/n\t\321qS|\215ub7\177\265\264\234\340\013\347\177b\007\214QDOG\302\345U\376q""; ledgerHashPrevious: ""?\256\336y\324\026M\272]\205fM\0221 \237p\205\264\373\177\362\267\250\270\003\243\004\353\210\250g""; networkTime: 803870182; firstSeq: 1; lastSeq: 1; "
1750554982963,1750554982963,1668,1,4,1,TMStatusChange,"newEvent: neACCEPTED_LEDGER; ledgerSeq: 3; ledgerHash: ""\177/n\t\321qS|\215ub7\177\265\264\234\340\013\347\177b\007\214QDOG\302\345U\376q""; ledgerHashPrevious: ""?\256\336y\324\026M\272]\205fM\0221 \237p\205\264\373\177\362\267\250\270\003\243\004\353\210\250g""; networkTime: 803870182; firstSeq: 1; lastSeq: 1; ","newEvent: neACCEPTED_LEDGER; ledgerSeq: 3; ledgerHash: ""\177/n\t\321qS|\215ub7\177\265\264\234\340\013\347\177b\007\214QDOG\302\345U\376q""; ledgerHashPrevious: ""?\256\336y\324\026M\272]\205fM\0221 \237p\205\264\373\177\362\267\250\270\003\243\004\353\210\250g""; networkTime: 803870182; firstSeq: 1; lastSeq: 1; "
1750554982963,1750554982963,3112,1,4,2,TMValidation,"validation: """"\200\000\000\001&\000\000\000\003)/\352\025\346:\005\335\317Y\345\332\360\261Q\177/n\t\321qS|\215ub7\177\265\264\234\340\013\347\177b\007\214QDOG\302\345U\376qP\027\000\000\000\000\000\000\000\000\000\000\000\000\000\000\000\000\000\000\000\000\000\000\000\000\000\000\000\000\000\000\000\000P\031-}\351f\032\255\274\334m\326c\017\014ao[\342\230\003\245\245\3341Hm\326^\017jy\335\261s!\002\203\234\253\325\333\332\276\223y;\250+B\323"" Hg\303\030\n\303\345\255\330\223\n\240\260\032\305!vG0E\002!\000\263\036+\250[\246\003\344+T\000(\210\222\224\273\352\017\0258\304\375i\032>\261\250\2271=\035h\002 \005\266U\244S\023\201\253O\3767\275\262\203\232\005_\202\271vh\342\035}\376\302\037\362\t\016\311\334""; ","validation: """"\200\000\000\001&\000\000\000\003)/\352\025\346:\005\335\317Y\345\332\360\261Q\177/n\t\321qS|\215ub7\177\265\264\234\340\013\347\177b\007\214QDOG\302\345U\376qP\027\000\000\000\000\000\000\000\000\000\000\000\000\000\000\000\000\000\000\000\000\000\000\000\000\000\000\000\000\000\000\000\000P\031-}\351f\032\255\274\334m\326c\017\014ao[\342\230\003\245\245\3341Hm\326^\017jy\335\261s!\002\203\234\253\325\333\332\276\223y;\250+B\323"" Hg\303\030\n\303\345\255\330\223\n\240\260\032\305!vG0E\002!\000\263\036+\250[\246\003\344+T\000(\210\222\224\273\352\017\0258\304\375i\032>\261\250\2271=\035h\002 \005\266U\244S\023\201\253O\3767\275\262\203\232\005_\202\271vh\342\035}\376\302\037\362\t\016\311\334""; "
1750554983002,1750554983002,1332,1,4,3,TMValidation,"validation: """"\200\000\000\001&\000\000\000\003)/\352\025\346:\005\335\317Y\345\332\360\261Q\177/n\t\321qS|\215ub7\177\265\264\234\340\013\347\177b\007\214QDOG\302\345U\376qP\027\000\000\000\000\000\000\000\000\000\000\000\000\000\000\000\000\000\000\000\000\000\000\000\000\000\000\000\000\000\000\000\000P\031-}\351f\032\255\274\334m\326c\017\014ao[\342\230\003\245\245\3341Hm\326^\017jy\335\261s!\002\203\234\253\325\333\332\276\223y;\250+B\323"" Hg\303\030\n\303\345\255\330\223\n\240\260\032\305!vG0E\002!\000\263\036+\250[\246\003\344+T\000(\210\222\224\273\352\017\0258\304\375i\032>\261\250\2271=\035h\002 \005\266U\244S\023\201\253O\3767\275\262\203\232\005_\202\271vh\342\035}\376\302\037\362\t\016\311\334""; ","validation: """"\200\000\000\001&\000\000\000\003)/\352\025\346:\005\335\317Y\345\332\360\261Q\177/n\t\321qS|\215ub7\177\265\264\234\340\013\347\177b\007\214QDOG\302\345U\376qP\027\000\000\000\000\000\000\000\000\000\000\000\000\000\000\000\000\000\000\000\000\000\000\000\000\000\000\000\000\000\000\000\000P\031-}\351f\032\255\274\334m\326c\017\014ao[\342\230\003\245\245\3341Hm\326^\017jy\335\261s!\002\203\234\253\325\333\332\276\223y;\250+B\323"" Hg\303\030\n\303\345\255\330\223\n\240\260\032\305!vG0E\002!\000\263\036+\250[\246\003\344+T\000(\210\222\224\273\352\017\0258\304\375i\032>\261\250\2271=\035h\002 \005\266U\244S\023\201\253O\3767\275\262\203\232\005_\202\271vh\342\035}\376\302\037\362\t\016\311\334""; "
1750554983090,1750554983090,2655,1,3,4,TMValidation,"validation: """"\200\000\000\001&\000\000\000\003)/\352\025\346:\034\006[$\340{$\215Q\177/n\t\321qS|\215ub7\177\265\264\234\340\013\347\177b\007\214QDOG\302\345U\376qP\027\000\000\000\000\000\000\000\000\000\000\000\000\000\000\000\000\000\000\000\000\000\000\000\000\000\000\000\000\000\000\000\000P\031-}\351f\032\255\274\334m\326c\017\014ao[\342\230\003\245\245\3341Hm\326^\017jy\335\261s!\003r\247\260\262W1v\231G\352\250p\313\031\267[k\261e{a\207j\020\217\332\242`\260*\357\332vF0D\002 v\342\275\033\3530\362G\224L?\2030\330\236t\021\rW\\003\267u(:8\262c|\202\022\031\002 Tn\246\274o\216\334\204\316Ve5}#p\017\341\261F\335\034r'_3\245\321Dq2\267e""; ","validation: """"\200\000\000\001&\000\000\000\003)/\352\025\346:\034\006[$\340{$\215Q\177/n\t\321qS|\215ub7\177\265\264\234\340\013\347\177b\007\214QDOG\302\345U\376qP\027\000\000\000\000\000\000\000\000\000\000\000\000\000\000\000\000\000\000\000\000\000\000\000\000\000\000\000\000\000\000\000\000P\031-}\351f\032\255\274\334m\326c\017\014ao[\342\230\003\245\245\3341Hm\326^\017jy\335\261s!\003r\247\260\262W1v\231G\352\250p\313\031\267[k\261e{a\207j\020\217\332\242`\260*\357\332vF0D\002 v\342\275\033\3530\362G\224L?\2030\330\236t\021\rW\\003\267u(:8\262c|\202\022\031\002 Tn\246\274o\216\334\204\316Ve5}#p\017\341\261F\335\034r'_3\245\321Dq2\267e""; "
1750554983091,1750554983091,3188,1,3,1,TMValidation,"validation: """"\200\000\000\001&\000\000\000\003)/\352\025\346:\034\006[$\340{$\215Q\177/n\t\321qS|\215ub7\177\265\264\234\340\013\347\177b\007\214QDOG\302\345U\376qP\027\000\000\000\000\000\000\000\000\000\000\000\000\000\000\000\000\000\000\000\000\000\000\000\000\000\000\000\000\000\000\000\000P\031-}\351f\032\255\274\334m\326c\017\014ao[\342\230\003\245\245\3341Hm\326^\017jy\335\261s!\003r\247\260\262W1v\231G\352\250p\313\031\267[k\261e{a\207j\020\217\332\242`\260*\357\332vF0D\002 v\342\275\033\3530\362G\224L?\2030\330\236t\021\rW\\003\267u(:8\262c|\202\022\031\002 Tn\246\274o\216\334\204\316Ve5}#p\017\341\261F\335\034r'_3\245\321Dq2\267e""; ","validation: """"\200\000\000\001&\000\000\000\003)/\352\025\346:\034\006[$\340{$\215Q\177/n\t\321qS|\215ub7\177\265\264\234\340\013\347\177b\007\214QDOG\302\345U\376qP\027\000\000\000\000\000\000\000\000\000\000\000\000\000\000\000\000\000\000\000\000\000\000\000\000\000\000\000\000\000\000\000\000P\031-}\351f\032\255\274\334m\326c\017\014ao[\342\230\003\245\245\3341Hm\326^\017jy\335\261s!\003r\247\260\262W1v\231G\352\250p\313\031\267[k\261e{a\207j\020\217\332\242`\260*\357\332vF0D\002 v\342\275\033\3530\362G\224L?\2030\330\236t\021\rW\\003\267u(:8\262c|\202\022\031\002 Tn\246\274o\216\334\204\316Ve5}#p\017\341\261F\335\034r'_3\245\321Dq2\267e""; "
1750554983090,1750554983091,1878,1,3,2,TMValidation,"validation: """"\200\000\000\001&\000\000\000\003)/\352\025\346:\034\006[$\340{$\215Q\177/n\t\321qS|\215ub7\177\265\264\234\340\013\347\177b\007\214QDOG\302\345U\376qP\027\000\000\000\000\000\000\000\000\000\000\000\000\000\000\000\000\000\000\000\000\000\000\000\000\000\000\000\000\000\000\000\000P\031-}\351f\032\255\274\334m\326c\017\014ao[\342\230\003\245\245\3341Hm\326^\017jy\335\261s!\003r\247\260\262W1v\231G\352\250p\313\031\267[k\261e{a\207j\020\217\332\242`\260*\357\332vF0D\002 v\342\275\033\3530\362G\224L?\2030\330\236t\021\rW\\003\267u(:8\262c|\202\022\031\002 Tn\246\274o\216\334\204\316Ve5}#p\017\341\261F\335\034r'_3\245\321Dq2\267e""; ","validation: """"\200\000\000\001&\000\000\000\003)/\352\025\346:\034\006[$\340{$\215Q\177/n\t\321qS|\215ub7\177\265\264\234\340\013\347\177b\007\214QDOG\302\345U\376qP\027\000\000\000\000\000\000\000\000\000\000\000\000\000\000\000\000\000\000\000\000\000\000\000\000\000\000\000\000\000\000\000\000P\031-}\351f\032\255\274\334m\326c\017\014ao[\342\230\003\245\245\3341Hm\326^\017jy\335\261s!\003r\247\260\262W1v\231G\352\250p\313\031\267[k\261e{a\207j\020\217\332\242`\260*\357\332vF0D\002 v\342\275\033\3530\362G\224L?\2030\330\236t\021\rW\\003\267u(:8\262c|\202\022\031\002 Tn\246\274o\216\334\204\316Ve5}#p\017\341\261F\335\034r'_3\245\321Dq2\267e""; "
1750554983112,1750554983112,2455,1,2,4,TMValidation,"validation: """"\200\000\000\001&\000\000\000\003)/\352\025\346:\034\006[$\340{$\215Q\177/n\t\321qS|\215ub7\177\265\264\234\340\013\347\177b\007\214QDOG\302\345U\376qP\027\000\000\000\000\000\000\000\000\000\000\000\000\000\000\000\000\000\000\000\000\000\000\000\000\000\000\000\000\000\000\000\000P\031-}\351f\032\255\274\334m\326c\017\014ao[\342\230\003\245\245\3341Hm\326^\017jy\335\261s!\003r\247\260\262W1v\231G\352\250p\313\031\267[k\261e{a\207j\020\217\332\242`\260*\357\332vF0D\002 v\342\275\033\3530\362G\224L?\2030\330\236t\021\rW\\003\267u(:8\262c|\202\022\031\002 Tn\246\274o\216\334\204\316Ve5}#p\017\341\261F\335\034r'_3\245\321Dq2\267e""; ","validation: """"\200\000\000\001&\000\000\000\003)/\352\025\346:\034\006[$\340{$\215Q\177/n\t\321qS|\215ub7\177\265\264\234\340\013\347\177b\007\214QDOG\302\345U\376qP\027\000\000\000\000\000\000\000\000\000\000\000\000\000\000\000\000\000\000\000\000\000\000\000\000\000\000\000\000\000\000\000\000P\031-}\351f\032\255\274\334m\326c\017\014ao[\342\230\003\245\245\3341Hm\326^\017jy\335\261s!\003r\247\260\262W1v\231G\352\250p\313\031\267[k\261e{a\207j\020\217\332\242`\260*\357\332vF0D\002 v\342\275\033\3530\362G\224L?\2030\330\236t\021\rW\\003\267u(:8\262c|\202\022\031\002 Tn\246\274o\216\334\204\316Ve5}#p\017\341\261F\335\034r'_3\245\321Dq2\267e""; "
1750554983112,1750554983112,2669,1,2,4,TMGetLedger,"itype: liBASE; ledgerHash: ""\177/n\t\321qS|\215ub7\177\265\264\234\340\013\347\177b\007\214QDOG\302\345U\376q""; ","itype: liBASE; ledgerHash: ""\177/n\t\321qS|\215ub7\177\265\264\234\340\013\347\177b\007\214QDOG\302\345U\376q""; "
1750554983113,1750554983113,250,1,2,1,TMValidation,"validation: """"\200\000\000\001&\000\000\000\003)/\352\025\346:\034\006[$\340{$\215Q\177/n\t\321qS|\215ub7\177\265\264\234\340\013\347\177b\007\214QDOG\302\345U\376qP\027\000\000\000\000\000\000\000\000\000\000\000\000\000\000\000\000\000\000\000\000\000\000\000\000\000\000\000\000\000\000\000\000P\031-}\351f\032\255\274\334m\326c\017\014ao[\342\230\003\245\245\3341Hm\326^\017jy\335\261s!\003r\247\260\262W1v\231G\352\250p\313\031\267[k\261e{a\207j\020\217\332\242`\260*\357\332vF0D\002 v\342\275\033\3530\362G\224L?\2030\330\236t\021\rW\\003\267u(:8\262c|\202\022\031\002 Tn\246\274o\216\334\204\316Ve5}#p\017\341\261F\335\034r'_3\245\321Dq2\267e""; ","validation: """"\200\000\000\001&\000\000\000\003)/\352\025\346:\034\006[$\340{$\215Q\177/n\t\321qS|\215ub7\177\265\264\234\340\013\347\177b\007\214QDOG\302\345U\376qP\027\000\000\000\000\000\000\000\000\000\000\000\000\000\000\000\000\000\000\000\000\000\000\000\000\000\000\000\000\000\000\000\000P\031-}\351f\032\255\274\334m\326c\017\014ao[\342\230\003\245\245\3341Hm\326^\017jy\335\261s!\003r\247\260\262W1v\231G\352\250p\313\031\267[k\261e{a\207j\020\217\332\242`\260*\357\332vF0D\002 v\342\275\033\3530\362G\224L?\2030\330\236t\021\rW\\003\267u(:8\262c|\202\022\031\002 Tn\246\274o\216\334\204\316Ve5}#p\017\341\261F\335\034r'_3\245\321Dq2\267e""; "
1750554983114,1750554983114,656,1,2,1,TMGetLedger,"itype: liBASE; ledgerHash: ""\177/n\t\321qS|\215ub7\177\265\264\234\340\013\347\177b\007\214QDOG\302\345U\376q""; ","itype: liBASE; ledgerHash: ""\177/n\t\321qS|\215ub7\177\265\264\234\340\013\347\177b\007\214QDOG\302\345U\376q""; "
1750554983115,1750554983115,656,1,2,1,TMGetLedger,"itype: liBASE; ledgerHash: ""\177/n\t\321qS|\215ub7\177\265\264\234\340\013\347\177b\007\214QDOG\302\345U\376q""; queryType: qtINDIRECT; ","itype: liBASE; ledgerHash: ""\177/n\t\321qS|\215ub7\177\265\264\234\340\013\347\177b\007\214QDOG\302\345U\376q""; queryType: qtINDIRECT; "
1750554983115,1750554983115,1337,1,2,3,TMGetLedger,"itype: liBASE; ledgerHash: ""\177/n\t\321qS|\215ub7\177\265\264\234\340\013\347\177b\007\214QDOG\302\345U\376q""; ","itype: liBASE; ledgerHash: ""\177/n\t\321qS|\215ub7\177\265\264\234\340\013\347\177b\007\214QDOG\302\345U\376q""; "
1750554983116,1750554983116,3149,1,2,0,TMGetLedger,"itype: liBASE; ledgerHash: ""\177/n\t\321qS|\215ub7\177\265\264\234\340\013\347\177b\007\214QDOG\302\345U\376q""; ","itype: liBASE; ledgerHash: ""\177/n\t\321qS|\215ub7\177\265\264\234\340\013\347\177b\007\214QDOG\302\345U\376q""; "
1750554983116,1750554983116,2875,1,2,3,TMValidation,"validation: """"\200\000\000\001&\000\000\000\003)/\352\025\346:\034\006[$\340{$\215Q\177/n\t\321qS|\215ub7\177\265\264\234\340\013\347\177b\007\214QDOG\302\345U\376qP\027\000\000\000\000\000\000\000\000\000\000\000\000\000\000\000\000\000\000\000\000\000\000\000\000\000\000\000\000\000\000\000\000P\031-}\351f\032\255\274\334m\326c\017\014ao[\342\230\003\245\245\3341Hm\326^\017jy\335\261s!\003r\247\260\262W1v\231G\352\250p\313\031\267[k\261e{a\207j\020\217\332\242`\260*\357\332vF0D\002 v\342\275\033\3530\362G\224L?\2030\330\236t\021\rW\\003\267u(:8\262c|\202\022\031\002 Tn\246\274o\216\334\204\316Ve5}#p\017\341\261F\335\034r'_3\245\321Dq2\267e""; ","validation: """"\200\000\000\001&\000\000\000\003)/\352\025\346:\034\006[$\340{$\215Q\177/n\t\321qS|\215ub7\177\265\264\234\340\013\347\177b\007\214QDOG\302\345U\376qP\027\000\000\000\000\000\000\000\000\000\000\000\000\000\000\000\000\000\000\000\000\000\000\000\000\000\000\000\000\000\000\000\000P\031-}\351f\032\255\274\334m\326c\017\014ao[\342\230\003\245\245\3341Hm\326^\017jy\335\261s!\003r\247\260\262W1v\231G\352\250p\313\031\267[k\261e{a\207j\020\217\332\242`\260*\357\332vF0D\002 v\342\275\033\3530\362G\224L?\2030\330\236t\021\rW\\003\267u(:8\262c|\202\022\031\002 Tn\246\274o\216\334\204\316Ve5}#p\017\341\261F\335\034r'_3\245\321Dq2\267e""; "
1750554983117,1750554983117,3149,1,2,0,TMGetLedger,"itype: liBASE; ledgerHash: ""\177/n\t\321qS|\215ub7\177\265\264\234\340\013\347\177b\007\214QDOG\302\345U\376q""; queryType: qtINDIRECT; ","itype: liBASE; ledgerHash: ""\177/n\t\321qS|\215ub7\177\265\264\234\340\013\347\177b\007\214QDOG\302\345U\376q""; queryType: qtINDIRECT; "
1750554983117,1750554983117,2669,1,2,4,TMGetLedger,"itype: liBASE; ledgerHash: ""\177/n\t\321qS|\215ub7\177\265\264\234\340\013\347\177b\007\214QDOG\302\345U\376q""; queryType: qtINDIRECT; ","itype: liBASE; ledgerHash: ""\177/n\t\321qS|\215ub7\177\265\264\234\340\013\347\177b\007\214QDOG\302\345U\376q""; queryType: qtINDIRECT; "
1750554983117,1750554983117,1337,1,2,3,TMGetLedger,"itype: liBASE; ledgerHash: ""\177/n\t\321qS|\215ub7\177\265\264\234\340\013\347\177b\007\214QDOG\302\345U\376q""; queryType: qtINDIRECT; ","itype: liBASE; ledgerHash: ""\177/n\t\321qS|\215ub7\177\265\264\234\340\013\347\177b\007\214QDOG\302\345U\376q""; queryType: qtINDIRECT; "
1750554983132,1750554983132,2528,1,3,4,TMProposeSet,"proposeSeq: 0; currentTxHash: ""\000\000\000\000\000\000\000\000\000\000\000\000\000\000\000\000\000\000\000\000\000\000\000\000\000\000\000\000\000\000\000\000""; nodePubKey: ""\002\267\233\013C\322\025\227_\336\326\026\301\225\224\007@\351}6j\027\315\304Px?\375+\235`\313_""; closeTime: 803870183; signature: ""0E\002!\000\300a\203\022X\317\0135\004\277|\355\206\tqr\343\231t\204m\362)\223\207(#\254 \206\306\330\002 {D\375\005\224N<`\246\214D\273,: q\032R\355\246\313\323>\212J\240\305\033\204\t@[""; previousledger: ""\177/n\t\321qS|\215ub7\177\265\264\234\340\013\347\177b\007\214QDOG\302\345U\376q""; ","proposeSeq: 0; currentTxHash: ""\000\000\000\000\000\000\000\000\000\000\000\000\000\000\000\000\000\000\000\000\000\000\000\000\000\000\000\000\000\000\000\000""; nodePubKey: ""\002\267\233\013C\322\025\227_\336\326\026\301\225\224\007@\351}6j\027\315\304Px?\375+\235`\313_""; closeTime: 803870183; signature: ""0E\002!\000\300a\203\022X\317\0135\004\277|\355\206\tqr\343\231t\204m\362)\223\207(#\254 \206\306\330\002 {D\375\005\224N<`\246\214D\273,: q\032R\355\246\313\323>\212J\240\305\033\204\t@[""; previousledger: ""\177/n\t\321qS|\215ub7\177\265\264\234\340\013\347\177b\007\214QDOG\302\345U\376q""; "
1750554983134,1750554983134,3430,1,3,2,TMProposeSet,"proposeSeq: 0; currentTxHash: ""\000\000\000\000\000\000\000\000\000\000\000\000\000\000\000\000\000\000\000\000\000\000\000\000\000\000\000\000\000\000\000\000""; nodePubKey: ""\002\267\233\013C\322\025\227_\336\326\026\301\225\224\007@\351}6j\027\315\304Px?\375+\235`\313_""; closeTime: 803870183; signature: ""0E\002!\000\300a\203\022X\317\0135\004\277|\355\206\tqr\343\231t\204m\362)\223\207(#\254 \206\306\330\002 {D\375\005\224N<`\246\214D\273,: q\032R\355\246\313\323>\212J\240\305\033\204\t@[""; previousledger: ""\177/n\t\321qS|\215ub7\177\265\264\234\340\013\347\177b\007\214QDOG\302\345U\376q""; ","proposeSeq: 0; currentTxHash: ""\000\000\000\000\000\000\000\000\000\000\000\000\000\000\000\000\000\000\000\000\000\000\000\000\000\000\000\000\000\000\000\000""; nodePubKey: ""\002\267\233\013C\322\025\227_\336\326\026\301\225\224\007@\351}6j\027\315\304Px?\375+\235`\313_""; closeTime: 803870183; signature: ""0E\002!\000\300a\203\022X\317\0135\004\277|\355\206\tqr\343\231t\204m\362)\223\207(#\254 \206\306\330\002 {D\375\005\224N<`\246\214D\273,: q\032R\355\246\313\323>\212J\240\305\033\204\t@[""; previousledger: ""\177/n\t\321qS|\215ub7\177\265\264\234\340\013\347\177b\007\214QDOG\302\345U\376q""; "
1750554983135,1750554983136,1448,1,3,0,TMProposeSet,"proposeSeq: 0; currentTxHash: ""\000\000\000\000\000\000\000\000\000\000\000\000\000\000\000\000\000\000\000\000\000\000\000\000\000\000\000\000\000\000\000\000""; nodePubKey: ""\002\267\233\013C\322\025\227_\336\326\026\301\225\224\007@\351}6j\027\315\304Px?\375+\235`\313_""; closeTime: 803870183; signature: ""0E\002!\000\300a\203\022X\317\0135\004\277|\355\206\tqr\343\231t\204m\362)\223\207(#\254 \206\306\330\002 {D\375\005\224N<`\246\214D\273,: q\032R\355\246\313\323>\212J\240\305\033\204\t@[""; previousledger: ""\177/n\t\321qS|\215ub7\177\265\264\234\340\013\347\177b\007\214QDOG\302\345U\376q""; ","proposeSeq: 0; currentTxHash: ""\000\000\000\000\000\000\000\000\000\000\000\000\000\000\000\000\000\000\000\000\000\000\000\000\000\000\000\000\000\000\000\000""; nodePubKey: ""\002\267\233\013C\322\025\227_\336\326\026\301\225\224\007@\351}6j\027\315\304Px?\375+\235`\313_""; closeTime: 803870183; signature: ""0E\002!\000\300a\203\022X\317\0135\004\277|\355\206\tqr\343\231t\204m\362)\223\207(#\254 \206\306\330\002 {D\375\005\224N<`\246\214D\273,: q\032R\355\246\313\323>\212J\240\305\033\204\t@[""; previousledger: ""\177/n\t\321qS|\215ub7\177\265\264\234\340\013\347\177b\007\214QDOG\302\345U\376q""; "
1750554983134,1750554983135,1088,1,3,1,TMProposeSet,"proposeSeq: 0; currentTxHash: ""\000\000\000\000\000\000\000\000\000\000\000\000\000\000\000\000\000\000\000\000\000\000\000\000\000\000\000\000\000\000\000\000""; nodePubKey: ""\002\267\233\013C\322\025\227_\336\326\026\301\225\224\007@\351}6j\027\315\304Px?\375+\235`\313_""; closeTime: 803870183; signature: ""0E\002!\000\300a\203\022X\317\0135\004\277|\355\206\tqr\343\231t\204m\362)\223\207(#\254 \206\306\330\002 {D\375\005\224N<`\246\214D\273,: q\032R\355\246\313\323>\212J\240\305\033\204\t@[""; previousledger: ""\177/n\t\321qS|\215ub7\177\265\264\234\340\013\347\177b\007\214QDOG\302\345U\376q""; ","proposeSeq: 0; currentTxHash: ""\000\000\000\000\000\000\000\000\000\000\000\000\000\000\000\000\000\000\000\000\000\000\000\000\000\000\000\000\000\000\000\000""; nodePubKey: ""\002\267\233\013C\322\025\227_\336\326\026\301\225\224\007@\351}6j\027\315\304Px?\375+\235`\313_""; closeTime: 803870183; signature: ""0E\002!\000\300a\203\022X\317\0135\004\277|\355\206\tqr\343\231t\204m\362)\223\207(#\254 \206\306\330\002 {D\375\005\224N<`\246\214D\273,: q\032R\355\246\313\323>\212J\240\305\033\204\t@[""; previousledger: ""\177/n\t\321qS|\215ub7\177\265\264\234\340\013\347\177b\007\214QDOG\302\345U\376q""; "
1750554983178,1750554983178,1249,1,1,3,TMValidation,"validation: """"\200\000\000\001&\000\000\000\003)/\352\025\346:\005\335\317Y\345\332\360\261Q\177/n\t\321qS|\215ub7\177\265\264\234\340\013\347\177b\007\214QDOG\302\345U\376qP\027\000\000\000\000\000\000\000\000\000\000\000\000\000\000\000\000\000\000\000\000\000\000\000\000\000\000\000\000\000\000\000\000P\031-}\351f\032\255\274\334m\326c\017\014ao[\342\230\003\245\245\3341Hm\326^\017jy\335\261s!\002\203\234\253\325\333\332\276\223y;\250+B\323"" Hg\303\030\n\303\345\255\330\223\n\240\260\032\305!vG0E\002!\000\263\036+\250[\246\003\344+T\000(\210\222\224\273\352\017\0258\304\375i\032>\261\250\2271=\035h\002 \005\266U\244S\023\201\253O\3767\275\262\203\232\005_\202\271vh\342\035}\376\302\037\362\t\016\311\334""; ","validation: """"\200\000\000\001&\000\000\000\003)/\352\025\346:\005\335\317Y\345\332\360\261Q\177/n\t\321qS|\215ub7\177\265\264\234\340\013\347\177b\007\214QDOG\302\345U\376qP\027\000\000\000\000\000\000\000\000\000\000\000\000\000\000\000\000\000\000\000\000\000\000\000\000\000\000\000\000\000\000\000\000P\031-}\351f\032\255\274\334m\326c\017\014ao[\342\230\003\245\245\3341Hm\326^\017jy\335\261s!\002\203\234\253\325\333\332\276\223y;\250+B\323"" Hg\303\030\n\303\345\255\330\223\n\240\260\032\305!vG0E\002!\000\263\036+\250[\246\003\344+T\000(\210\222\224\273\352\017\0258\304\375i\032>\261\250\2271=\035h\002 \005\266U\244S\023\201\253O\3767\275\262\203\232\005_\202\271vh\342\035}\376\302\037\362\t\016\311\334""; "
1750554983179,1750554983179,1863,1,1,2,TMValidation,"validation: """"\200\000\000\001&\000\000\000\003)/\352\025\346:\005\335\317Y\345\332\360\261Q\177/n\t\321qS|\215ub7\177\265\264\234\340\013\347\177b\007\214QDOG\302\345U\376qP\027\000\000\000\000\000\000\000\000\000\000\000\000\000\000\000\000\000\000\000\000\000\000\000\000\000\000\000\000\000\000\000\000P\031-}\351f\032\255\274\334m\326c\017\014ao[\342\230\003\245\245\3341Hm\326^\017jy\335\261s!\002\203\234\253\325\333\332\276\223y;\250+B\323"" Hg\303\030\n\303\345\255\330\223\n\240\260\032\305!vG0E\002!\000\263\036+\250[\246\003\344+T\000(\210\222\224\273\352\017\0258\304\375i\032>\261\250\2271=\035h\002 \005\266U\244S\023\201\253O\3767\275\262\203\232\005_\202\271vh\342\035}\376\302\037\362\t\016\311\334""; ","validation: """"\200\000\000\001&\000\000\000\003)/\352\025\346:\005\335\317Y\345\332\360\261Q\177/n\t\321qS|\215ub7\177\265\264\234\340\013\347\177b\007\214QDOG\302\345U\376qP\027\000\000\000\000\000\000\000\000\000\000\000\000\000\000\000\000\000\000\000\000\000\000\000\000\000\000\000\000\000\000\000\000P\031-}\351f\032\255\274\334m\326c\017\014ao[\342\230\003\245\245\3341Hm\326^\017jy\335\261s!\002\203\234\253\325\333\332\276\223y;\250+B\323"" Hg\303\030\n\303\345\255\330\223\n\240\260\032\305!vG0E\002!\000\263\036+\250[\246\003\344+T\000(\210\222\224\273\352\017\0258\304\375i\032>\261\250\2271=\035h\002 \005\266U\244S\023\201\253O\3767\275\262\203\232\005_\202\271vh\342\035}\376\302\037\362\t\016\311\334""; "
1750554983179,1750554983179,3000,1,1,0,TMValidation,"validation: """"\200\000\000\001&\000\000\000\003)/\352\025\346:\005\335\317Y\345\332\360\261Q\177/n\t\321qS|\215ub7\177\265\264\234\340\013\347\177b\007\214QDOG\302\345U\376qP\027\000\000\000\000\000\000\000\000\000\000\000\000\000\000\000\000\000\000\000\000\000\000\000\000\000\000\000\000\000\000\000\000P\031-}\351f\032\255\274\334m\326c\017\014ao[\342\230\003\245\245\3341Hm\326^\017jy\335\261s!\002\203\234\253\325\333\332\276\223y;\250+B\323"" Hg\303\030\n\303\345\255\330\223\n\240\260\032\305!vG0E\002!\000\263\036+\250[\246\003\344+T\000(\210\222\224\273\352\017\0258\304\375i\032>\261\250\2271=\035h\002 \005\266U\244S\023\201\253O\3767\275\262\203\232\005_\202\271vh\342\035}\376\302\037\362\t\016\311\334""; ","validation: """"\200\000\000\001&\000\000\000\003)/\352\025\346:\005\335\317Y\345\332\360\261Q\177/n\t\321qS|\215ub7\177\265\264\234\340\013\347\177b\007\214QDOG\302\345U\376qP\027\000\000\000\000\000\000\000\000\000\000\000\000\000\000\000\000\000\000\000\000\000\000\000\000\000\000\000\000\000\000\000\000P\031-}\351f\032\255\274\334m\326c\017\014ao[\342\230\003\245\245\3341Hm\326^\017jy\335\261s!\002\203\234\253\325\333\332\276\223y;\250+B\323"" Hg\303\030\n\303\345\255\330\223\n\240\260\032\305!vG0E\002!\000\263\036+\250[\246\003\344+T\000(\210\222\224\273\352\017\0258\304\375i\032>\261\250\2271=\035h\002 \005\266U\244S\023\201\253O\3767\275\262\203\232\005_\202\271vh\342\035}\376\302\037\362\t\016\311\334""; "
1750554983133,1750554983199,703,1,3,4,TMStatusChange,"newEvent: neCLOSING_LEDGER; ledgerSeq: 3; ledgerHash: ""\177/n\t\321qS|\215ub7\177\265\264\234\340\013\347\177b\007\214QDOG\302\345U\376q""; ledgerHashPrevious: ""?\256\336y\324\026M\272]\205fM\0221 \237p\205\264\373\177\362\267\250\270\003\243\004\353\210\250g""; networkTime: 803870183; firstSeq: 1; lastSeq: 3; ","newEvent: neCLOSING_LEDGER; ledgerSeq: 3; ledgerHash: ""\177/n\t\321qS|\215ub7\177\265\264\234\340\013\347\177b\007\214QDOG\302\345U\376q""; ledgerHashPrevious: ""?\256\336y\324\026M\272]\205fM\0221 \237p\205\264\373\177\362\267\250\270\003\243\004\353\210\250g""; networkTime: 803870183; firstSeq: 1; lastSeq: 3; "
1750554983134,1750554983200,1254,1,3,2,TMStatusChange,"newEvent: neCLOSING_LEDGER; ledgerSeq: 3; ledgerHash: ""\177/n\t\321qS|\215ub7\177\265\264\234\340\013\347\177b\007\214QDOG\302\345U\376q""; ledgerHashPrevious: ""?\256\336y\324\026M\272]\205fM\0221 \237p\205\264\373\177\362\267\250\270\003\243\004\353\210\250g""; networkTime: 803870183; firstSeq: 1; lastSeq: 3; ","newEvent: neCLOSING_LEDGER; ledgerSeq: 3; ledgerHash: ""\177/n\t\321qS|\215ub7\177\265\264\234\340\013\347\177b\007\214QDOG\302\345U\376q""; ledgerHashPrevious: ""?\256\336y\324\026M\272]\205fM\0221 \237p\205\264\373\177\362\267\250\270\003\243\004\353\210\250g""; networkTime: 803870183; firstSeq: 1; lastSeq: 3; "
1750554983136,1750554983200,3374,1,3,0,TMStatusChange,"newEvent: neCLOSING_LEDGER; ledgerSeq: 3; ledgerHash: ""\177/n\t\321qS|\215ub7\177\265\264\234\340\013\347\177b\007\214QDOG\302\345U\376q""; ledgerHashPrevious: ""?\256\336y\324\026M\272]\205fM\0221 \237p\205\264\373\177\362\267\250\270\003\243\004\353\210\250g""; networkTime: 803870183; firstSeq: 1; lastSeq: 3; ","newEvent: neCLOSING_LEDGER; ledgerSeq: 3; ledgerHash: ""\177/n\t\321qS|\215ub7\177\265\264\234\340\013\347\177b\007\214QDOG\302\345U\376q""; ledgerHashPrevious: ""?\256\336y\324\026M\272]\205fM\0221 \237p\205\264\373\177\362\267\250\270\003\243\004\353\210\250g""; networkTime: 803870183; firstSeq: 1; lastSeq: 3; "
1750554983136,1750554983200,1418,1,3,1,TMStatusChange,"newEvent: neCLOSING_LEDGER; ledgerSeq: 3; ledgerHash: ""\177/n\t\321qS|\215ub7\177\265\264\234\340\013\347\177b\007\214QDOG\302\345U\376q""; ledgerHashPrevious: ""?\256\336y\324\026M\272]\205fM\0221 \237p\205\264\373\177\362\267\250\270\003\243\004\353\210\250g""; networkTime: 803870183; firstSeq: 1; lastSeq: 3; ","newEvent: neCLOSING_LEDGER; ledgerSeq: 3; ledgerHash: ""\177/n\t\321qS|\215ub7\177\265\264\234\340\013\347\177b\007\214QDOG\302\345U\376q""; ledgerHashPrevious: ""?\256\336y\324\026M\272]\205fM\0221 \237p\205\264\373\177\362\267\250\270\003\243\004\353\210\250g""; networkTime: 803870183; firstSeq: 1; lastSeq: 3; "
1750554983303,1750554983303,711,1,0,2,TMValidation,"validation: """"\200\000\000\001&\000\000\000\003)/\352\025\346:\005\335\317Y\345\332\360\261Q\177/n\t\321qS|\215ub7\177\265\264\234\340\013\347\177b\007\214QDOG\302\345U\376qP\027\000\000\000\000\000\000\000\000\000\000\000\000\000\000\000\000\000\000\000\000\000\000\000\000\000\000\000\000\000\000\000\000P\031-}\351f\032\255\274\334m\326c\017\014ao[\342\230\003\245\245\3341Hm\326^\017jy\335\261s!\002\203\234\253\325\333\332\276\223y;\250+B\323"" Hg\303\030\n\303\345\255\330\223\n\240\260\032\305!vG0E\002!\000\263\036+\250[\246\003\344+T\000(\210\222\224\273\352\017\0258\304\375i\032>\261\250\2271=\035h\002 \005\266U\244S\023\201\253O\3767\275\262\203\232\005_\202\271vh\342\035}\376\302\037\362\t\016\311\334""; ","validation: """"\200\000\000\001&\000\000\000\003)/\352\025\346:\005\335\317Y\345\332\360\261Q\177/n\t\321qS|\215ub7\177\265\264\234\340\013\347\177b\007\214QDOG\302\345U\376qP\027\000\000\000\000\000\000\000\000\000\000\000\000\000\000\000\000\000\000\000\000\000\000\000\000\000\000\000\000\000\000\000\000P\031-}\351f\032\255\274\334m\326c\017\014ao[\342\230\003\245\245\3341Hm\326^\017jy\335\261s!\002\203\234\253\325\333\332\276\223y;\250+B\323"" Hg\303\030\n\303\345\255\330\223\n\240\260\032\305!vG0E\002!\000\263\036+\250[\246\003\344+T\000(\210\222\224\273\352\017\0258\304\375i\032>\261\250\2271=\035h\002 \005\266U\244S\023\201\253O\3767\275\262\203\232\005_\202\271vh\342\035}\376\302\037\362\t\016\311\334""; "
1750554983304,1750554983304,691,1,0,3,TMValidation,"validation: """"\200\000\000\001&\000\000\000\003)/\352\025\346:\005\335\317Y\345\332\360\261Q\177/n\t\321qS|\215ub7\177\265\264\234\340\013\347\177b\007\214QDOG\302\345U\376qP\027\000\000\000\000\000\000\000\000\000\000\000\000\000\000\000\000\000\000\000\000\000\000\000\000\000\000\000\000\000\000\000\000P\031-}\351f\032\255\274\334m\326c\017\014ao[\342\230\003\245\245\3341Hm\326^\017jy\335\261s!\002\203\234\253\325\333\332\276\223y;\250+B\323"" Hg\303\030\n\303\345\255\330\223\n\240\260\032\305!vG0E\002!\000\263\036+\250[\246\003\344+T\000(\210\222\224\273\352\017\0258\304\375i\032>\261\250\2271=\035h\002 \005\266U\244S\023\201\253O\3767\275\262\203\232\005_\202\271vh\342\035}\376\302\037\362\t\016\311\334""; ","validation: """"\200\000\000\001&\000\000\000\003)/\352\025\346:\005\335\317Y\345\332\360\261Q\177/n\t\321qS|\215ub7\177\265\264\234\340\013\347\177b\007\214QDOG\302\345U\376qP\027\000\000\000\000\000\000\000\000\000\000\000\000\000\000\000\000\000\000\000\000\000\000\000\000\000\000\000\000\000\000\000\000P\031-}\351f\032\255\274\334m\326c\017\014ao[\342\230\003\245\245\3341Hm\326^\017jy\335\261s!\002\203\234\253\325\333\332\276\223y;\250+B\323"" Hg\303\030\n\303\345\255\330\223\n\240\260\032\305!vG0E\002!\000\263\036+\250[\246\003\344+T\000(\210\222\224\273\352\017\0258\304\375i\032>\261\250\2271=\035h\002 \005\266U\244S\023\201\253O\3767\275\262\203\232\005_\202\271vh\342\035}\376\302\037\362\t\016\311\334""; "
1750554983304,1750554983304,2300,1,0,1,TMValidation,"validation: """"\200\000\000\001&\000\000\000\003)/\352\025\346:\005\335\317Y\345\332\360\261Q\177/n\t\321qS|\215ub7\177\265\264\234\340\013\347\177b\007\214QDOG\302\345U\376qP\027\000\000\000\000\000\000\000\000\000\000\000\000\000\000\000\000\000\000\000\000\000\000\000\000\000\000\000\000\000\000\000\000P\031-}\351f\032\255\274\334m\326c\017\014ao[\342\230\003\245\245\3341Hm\326^\017jy\335\261s!\002\203\234\253\325\333\332\276\223y;\250+B\323"" Hg\303\030\n\303\345\255\330\223\n\240\260\032\305!vG0E\002!\000\263\036+\250[\246\003\344+T\000(\210\222\224\273\352\017\0258\304\375i\032>\261\250\2271=\035h\002 \005\266U\244S\023\201\253O\3767\275\262\203\232\005_\202\271vh\342\035}\376\302\037\362\t\016\311\334""; ","validation: """"\200\000\000\001&\000\000\000\003)/\352\025\346:\005\335\317Y\345\332\360\261Q\177/n\t\321qS|\215ub7\177\265\264\234\340\013\347\177b\007\214QDOG\302\345U\376qP\027\000\000\000\000\000\000\000\000\000\000\000\000\000\000\000\000\000\000\000\000\000\000\000\000\000\000\000\000\000\000\000\000P\031-}\351f\032\255\274\334m\326c\017\014ao[\342\230\003\245\245\3341Hm\326^\017jy\335\261s!\002\203\234\253\325\333\332\276\223y;\250+B\323"" Hg\303\030\n\303\345\255\330\223\n\240\260\032\305!vG0E\002!\000\263\036+\250[\246\003\344+T\000(\210\222\224\273\352\017\0258\304\375i\032>\261\250\2271=\035h\002 \005\266U\244S\023\201\253O\3767\275\262\203\232\005_\202\271vh\342\035}\376\302\037\362\t\016\311\334""; "
1750554983364,1750554983364,3481,1,1,4,TMValidation,"validation: """"\200\000\000\001&\000\000\000\003)/\352\025\346:\034\006[$\340{$\215Q\177/n\t\321qS|\215ub7\177\265\264\234\340\013\347\177b\007\214QDOG\302\345U\376qP\027\000\000\000\000\000\000\000\000\000\000\000\000\000\000\000\000\000\000\000\000\000\000\000\000\000\000\000\000\000\000\000\000P\031-}\351f\032\255\274\334m\326c\017\014ao[\342\230\003\245\245\3341Hm\326^\017jy\335\261s!\003r\247\260\262W1v\231G\352\250p\313\031\267[k\261e{a\207j\020\217\332\242`\260*\357\332vF0D\002 v\342\275\033\3530\362G\224L?\2030\330\236t\021\rW\\003\267u(:8\262c|\202\022\031\002 Tn\246\274o\216\334\204\316Ve5}#p\017\341\261F\335\034r'_3\245\321Dq2\267e""; ","validation: """"\200\000\000\001&\000\000\000\003)/\352\025\346:\034\006[$\340{$\215Q\177/n\t\321qS|\215ub7\177\265\264\234\340\013\347\177b\007\214QDOG\302\345U\376qP\027\000\000\000\000\000\000\000\000\000\000\000\000\000\000\000\000\000\000\000\000\000\000\000\000\000\000\000\000\000\000\000\000P\031-}\351f\032\255\274\334m\326c\017\014ao[\342\230\003\245\245\3341Hm\326^\017jy\335\261s!\003r\247\260\262W1v\231G\352\250p\313\031\267[k\261e{a\207j\020\217\332\242`\260*\357\332vF0D\002 v\342\275\033\3530\362G\224L?\2030\330\236t\021\rW\\003\267u(:8\262c|\202\022\031\002 Tn\246\274o\216\334\204\316Ve5}#p\017\341\261F\335\034r'_3\245\321Dq2\267e""; "
1750554983365,1750554983365,3000,1,1,0,TMValidation,"validation: """"\200\000\000\001&\000\000\000\003)/\352\025\346:\034\006[$\340{$\215Q\177/n\t\321qS|\215ub7\177\265\264\234\340\013\347\177b\007\214QDOG\302\345U\376qP\027\000\000\000\000\000\000\000\000\000\000\000\000\000\000\000\000\000\000\000\000\000\000\000\000\000\000\000\000\000\000\000\000P\031-}\351f\032\255\274\334m\326c\017\014ao[\342\230\003\245\245\3341Hm\326^\017jy\335\261s!\003r\247\260\262W1v\231G\352\250p\313\031\267[k\261e{a\207j\020\217\332\242`\260*\357\332vF0D\002 v\342\275\033\3530\362G\224L?\2030\330\236t\021\rW\\003\267u(:8\262c|\202\022\031\002 Tn\246\274o\216\334\204\316Ve5}#p\017\341\261F\335\034r'_3\245\321Dq2\267e""; ","validation: """"\200\000\000\001&\000\000\000\003)/\352\025\346:\034\006[$\340{$\215Q\177/n\t\321qS|\215ub7\177\265\264\234\340\013\347\177b\007\214QDOG\302\345U\376qP\027\000\000\000\000\000\000\000\000\000\000\000\000\000\000\000\000\000\000\000\000\000\000\000\000\000\000\000\000\000\000\000\000P\031-}\351f\032\255\274\334m\326c\017\014ao[\342\230\003\245\245\3341Hm\326^\017jy\335\261s!\003r\247\260\262W1v\231G\352\250p\313\031\267[k\261e{a\207j\020\217\332\242`\260*\357\332vF0D\002 v\342\275\033\3530\362G\224L?\2030\330\236t\021\rW\\003\267u(:8\262c|\202\022\031\002 Tn\246\274o\216\334\204\316Ve5}#p\017\341\261F\335\034r'_3\245\321Dq2\267e""; "
1750554983365,1750554983365,1249,1,1,3,TMValidation,"validation: """"\200\000\000\001&\000\000\000\003)/\352\025\346:\034\006[$\340{$\215Q\177/n\t\321qS|\215ub7\177\265\264\234\340\013\347\177b\007\214QDOG\302\345U\376qP\027\000\000\000\000\000\000\000\000\000\000\000\000\000\000\000\000\000\000\000\000\000\000\000\000\000\000\000\000\000\000\000\000P\031-}\351f\032\255\274\334m\326c\017\014ao[\342\230\003\245\245\3341Hm\326^\017jy\335\261s!\003r\247\260\262W1v\231G\352\250p\313\031\267[k\261e{a\207j\020\217\332\242`\260*\357\332vF0D\002 v\342\275\033\3530\362G\224L?\2030\330\236t\021\rW\\003\267u(:8\262c|\202\022\031\002 Tn\246\274o\216\334\204\316Ve5}#p\017\341\261F\335\034r'_3\245\321Dq2\267e""; ","validation: """"\200\000\000\001&\000\000\000\003)/\352\025\346:\034\006[$\340{$\215Q\177/n\t\321qS|\215ub7\177\265\264\234\340\013\347\177b\007\214QDOG\302\345U\376qP\027\000\000\000\000\000\000\000\000\000\000\000\000\000\000\000\000\000\000\000\000\000\000\000\000\000\000\000\000\000\000\000\000P\031-}\351f\032\255\274\334m\326c\017\014ao[\342\230\003\245\245\3341Hm\326^\017jy\335\261s!\003r\247\260\262W1v\231G\352\250p\313\031\267[k\261e{a\207j\020\217\332\242`\260*\357\332vF0D\002 v\342\275\033\3530\362G\224L?\2030\330\236t\021\rW\\003\267u(:8\262c|\202\022\031\002 Tn\246\274o\216\334\204\316Ve5}#p\017\341\261F\335\034r'_3\245\321Dq2\267e""; "
1750554983564,1750554983564,1828,1,2,4,TMProposeSet,"proposeSeq: 0; currentTxHash: ""\000\000\000\000\000\000\000\000\000\000\000\000\000\000\000\000\000\000\000\000\000\000\000\000\000\000\000\000\000\000\000\000""; nodePubKey: ""\002\267\233\013C\322\025\227_\336\326\026\301\225\224\007@\351}6j\027\315\304Px?\375+\235`\313_""; closeTime: 803870180; signature: ""0E\002!\000\205H\201b\334\373\274\244q\236\230\024i<p\226H\334;\tS\233j\335~\034\313W\202+\333<\002 \023\005\264+Y\232\231-\224\214\353\3774\350\357\300\355\001\250\340Y\234^\257\320\001!\033&<\217\307""; previousledger: ""?\256\336y\324\026M\272]\205fM\0221 \237p\205\264\373\177\362\267\250\270\003\243\004\353\210\250g""; ","proposeSeq: 0; currentTxHash: ""\000\000\000\000\000\000\000\000\000\000\000\000\000\000\000\000\000\000\000\000\000\000\000\000\000\000\000\000\000\000\000\000""; nodePubKey: ""\002\267\233\013C\322\025\227_\336\326\026\301\225\224\007@\351}6j\027\315\304Px?\375+\235`\313_""; closeTime: 803870180; signature: ""0E\002!\000\205H\201b\334\373\274\244q\236\230\024i<p\226H\334;\tS\233j\335~\034\313W\202+\333<\002 \023\005\264+Y\232\231-\224\214\353\3774\350\357\300\355\001\250\340Y\234^\257\320\001!\033&<\217\307""; previousledger: ""?\256\336y\324\026M\272]\205fM\0221 \237p\205\264\373\177\362\267\250\270\003\243\004\353\210\250g""; "
1750554983565,1750554983566,2812,1,2,0,TMProposeSet,"proposeSeq: 0; currentTxHash: ""\000\000\000\000\000\000\000\000\000\000\000\000\000\000\000\000\000\000\000\000\000\000\000\000\000\000\000\000\000\000\000\000""; nodePubKey: ""\002\267\233\013C\322\025\227_\336\326\026\301\225\224\007@\351}6j\027\315\304Px?\375+\235`\313_""; closeTime: 803870180; signature: ""0E\002!\000\205H\201b\334\373\274\244q\236\230\024i<p\226H\334;\tS\233j\335~\034\313W\202+\333<\002 \023\005\264+Y\232\231-\224\214\353\3774\350\357\300\355\001\250\340Y\234^\257\320\001!\033&<\217\307""; previousledger: ""?\256\336y\324\026M\272]\205fM\0221 \237p\205\264\373\177\362\267\250\270\003\243\004\353\210\250g""; ","proposeSeq: 0; currentTxHash: ""\000\000\000\000\000\000\000\000\000\000\000\000\000\000\000\000\000\000\000\000\000\000\000\000\000\000\000\000\000\000\000\000""; nodePubKey: ""\002\267\233\013C\322\025\227_\336\326\026\301\225\224\007@\351}6j\027\315\304Px?\375+\235`\313_""; closeTime: 803870180; signature: ""0E\002!\000\205H\201b\334\373\274\244q\236\230\024i<p\226H\334;\tS\233j\335~\034\313W\202+\333<\002 \023\005\264+Y\232\231-\224\214\353\3774\350\357\300\355\001\250\340Y\234^\257\320\001!\033&<\217\307""; previousledger: ""?\256\336y\324\026M\272]\205fM\0221 \237p\205\264\373\177\362\267\250\270\003\243\004\353\210\250g""; "
1750554983566,1750554983566,510,1,2,1,TMProposeSet,"proposeSeq: 0; currentTxHash: ""\000\000\000\000\000\000\000\000\000\000\000\000\000\000\000\000\000\000\000\000\000\000\000\000\000\000\000\000\000\000\000\000""; nodePubKey: ""\002\267\233\013C\322\025\227_\336\326\026\301\225\224\007@\351}6j\027\315\304Px?\375+\235`\313_""; closeTime: 803870180; signature: ""0E\002!\000\205H\201b\334\373\274\244q\236\230\024i<p\226H\334;\tS\233j\335~\034\313W\202+\333<\002 \023\005\264+Y\232\231-\224\214\353\3774\350\357\300\355\001\250\340Y\234^\257\320\001!\033&<\217\307""; previousledger: ""?\256\336y\324\026M\272]\205fM\0221 \237p\205\264\373\177\362\267\250\270\003\243\004\353\210\250g""; ","proposeSeq: 0; currentTxHash: ""\000\000\000\000\000\000\000\000\000\000\000\000\000\000\000\000\000\000\000\000\000\000\000\000\000\000\000\000\000\000\000\000""; nodePubKey: ""\002\267\233\013C\322\025\227_\336\326\026\301\225\224\007@\351}6j\027\315\304Px?\375+\235`\313_""; closeTime: 803870180; signature: ""0E\002!\000\205H\201b\334\373\274\244q\236\230\024i<p\226H\334;\tS\233j\335~\034\313W\202+\333<\002 \023\005\264+Y\232\231-\224\214\353\3774\350\357\300\355\001\250\340Y\234^\257\320\001!\033&<\217\307""; previousledger: ""?\256\336y\324\026M\272]\205fM\0221 \237p\205\264\373\177\362\267\250\270\003\243\004\353\210\250g""; "
1750554983644,1750554983644,1275,1,1,4,TMProposeSet,"proposeSeq: 0; currentTxHash: ""\000\000\000\000\000\000\000\000\000\000\000\000\000\000\000\000\000\000\000\000\000\000\000\000\000\000\000\000\000\000\000\000""; nodePubKey: ""\003\014}\246\253\247\326\267P\302\342:\267&\375\036d\013\375\230\236\226\207\332\267\005\016\325\334r\346Q\333""; closeTime: 803870183; signature: ""0E\002!\000\211\222\273~\211\035\247\367\276~3\314\036w\217\316I\330\322#%\223F\376\225\335\302\332\314>\305\313\002 T;d\fo\337G\013\257\003z\306\366fT\245\271\242\300\316\325\2507\003\022\234X\023\317\3665""; previousledger: ""\177/n\t\321qS|\215ub7\177\265\264\234\340\013\347\177b\007\214QDOG\302\345U\376q""; ","proposeSeq: 0; currentTxHash: ""\000\000\000\000\000\000\000\000\000\000\000\000\000\000\000\000\000\000\000\000\000\000\000\000\000\000\000\000\000\000\000\000""; nodePubKey: ""\003\014}\246\253\247\326\267P\302\342:\267&\375\036d\013\375\230\236\226\207\332\267\005\016\325\334r\346Q\333""; closeTime: 803870183; signature: ""0E\002!\000\211\222\273~\211\035\247\367\276~3\314\036w\217\316I\330\322#%\223F\376\225\335\302\332\314>\305\313\002 T;d\fo\337G\013\257\003z\306\366fT\245\271\242\300\316\325\2507\003\022\234X\023\317\3665""; previousledger: ""\177/n\t\321qS|\215ub7\177\265\264\234\340\013\347\177b\007\214QDOG\302\345U\376q""; "
1750554983648,1750554983648,3770,1,1,3,TMProposeSet,"proposeSeq: 0; currentTxHash: ""\000\000\000\000\000\000\000\000\000\000\000\000\000\000\000\000\000\000\000\000\000\000\000\000\000\000\000\000\000\000\000\000""; nodePubKey: ""\003\014}\246\253\247\326\267P\302\342:\267&\375\036d\013\375\230\236\226\207\332\267\005\016\325\334r\346Q\333""; closeTime: 803870183; signature: ""0E\002!\000\211\222\273~\211\035\247\367\276~3\314\036w\217\316I\330\322#%\223F\376\225\335\302\332\314>\305\313\002 T;d\fo\337G\013\257\003z\306\366fT\245\271\242\300\316\325\2507\003\022\234X\023\317\3665""; previousledger: ""\177/n\t\321qS|\215ub7\177\265\264\234\340\013\347\177b\007\214QDOG\302\345U\376q""; ","proposeSeq: 0; currentTxHash: ""\000\000\000\000\000\000\000\000\000\000\000\000\000\000\000\000\000\000\000\000\000\000\000\000\000\000\000\000\000\000\000\000""; nodePubKey: ""\003\014}\246\253\247\326\267P\302\342:\267&\375\036d\013\375\230\236\226\207\332\267\005\016\325\334r\346Q\333""; closeTime: 803870183; signature: ""0E\002!\000\211\222\273~\211\035\247\367\276~3\314\036w\217\316I\330\322#%\223F\376\225\335\302\332\314>\305\313\002 T;d\fo\337G\013\257\003z\306\366fT\245\271\242\300\316\325\2507\003\022\234X\023\317\3665""; previousledger: ""\177/n\t\321qS|\215ub7\177\265\264\234\340\013\347\177b\007\214QDOG\302\345U\376q""; "
1750554983647,1750554983647,330,1,1,0,TMProposeSet,"proposeSeq: 0; currentTxHash: ""\000\000\000\000\000\000\000\000\000\000\000\000\000\000\000\000\000\000\000\000\000\000\000\000\000\000\000\000\000\000\000\000""; nodePubKey: ""\003\014}\246\253\247\326\267P\302\342:\267&\375\036d\013\375\230\236\226\207\332\267\005\016\325\334r\346Q\333""; closeTime: 803870183; signature: ""0E\002!\000\211\222\273~\211\035\247\367\276~3\314\036w\217\316I\330\322#%\223F\376\225\335\302\332\314>\305\313\002 T;d\fo\337G\013\257\003z\306\366fT\245\271\242\300\316\325\2507\003\022\234X\023\317\3665""; previousledger: ""\177/n\t\321qS|\215ub7\177\265\264\234\340\013\347\177b\007\214QDOG\302\345U\376q""; ","proposeSeq: 0; currentTxHash: ""\000\000\000\000\000\000\000\000\000\000\000\000\000\000\000\000\000\000\000\000\000\000\000\000\000\000\000\000\000\000\000\000""; nodePubKey: ""\003\014}\246\253\247\326\267P\302\342:\267&\375\036d\013\375\230\236\226\207\332\267\005\016\325\334r\346Q\333""; closeTime: 803870183; signature: ""0E\002!\000\211\222\273~\211\035\247\367\276~3\314\036w\217\316I\330\322#%\223F\376\225\335\302\332\314>\305\313\002 T;d\fo\337G\013\257\003z\306\366fT\245\271\242\300\316\325\2507\003\022\234X\023\317\3665""; previousledger: ""\177/n\t\321qS|\215ub7\177\265\264\234\340\013\347\177b\007\214QDOG\302\345U\376q""; "
1750554983648,1750554983648,3866,1,1,2,TMProposeSet,"proposeSeq: 0; currentTxHash: ""\000\000\000\000\000\000\000\000\000\000\000\000\000\000\000\000\000\000\000\000\000\000\000\000\000\000\000\000\000\000\000\000""; nodePubKey: ""\003\014}\246\253\247\326\267P\302\342:\267&\375\036d\013\375\230\236\226\207\332\267\005\016\325\334r\346Q\333""; closeTime: 803870183; signature: ""0E\002!\000\211\222\273~\211\035\247\367\276~3\314\036w\217\316I\330\322#%\223F\376\225\335\302\332\314>\305\313\002 T;d\fo\337G\013\257\003z\306\366fT\245\271\242\300\316\325\2507\003\022\234X\023\317\3665""; previousledger: ""\177/n\t\321qS|\215ub7\177\265\264\234\340\013\347\177b\007\214QDOG\302\345U\376q""; ","proposeSeq: 0; currentTxHash: ""\000\000\000\000\000\000\000\000\000\000\000\000\000\000\000\000\000\000\000\000\000\000\000\000\000\000\000\000\000\000\000\000""; nodePubKey: ""\003\014}\246\253\247\326\267P\302\342:\267&\375\036d\013\375\230\236\226\207\332\267\005\016\325\334r\346Q\333""; closeTime: 803870183; signature: ""0E\002!\000\211\222\273~\211\035\247\367\276~3\314\036w\217\316I\330\322#%\223F\376\225\335\302\332\314>\305\313\002 T;d\fo\337G\013\257\003z\306\366fT\245\271\242\300\316\325\2507\003\022\234X\023\317\3665""; previousledger: ""\177/n\t\321qS|\215ub7\177\265\264\234\340\013\347\177b\007\214QDOG\302\345U\376q""; "
1750554983729,1750554983730,1393,1,1,0,TMTransaction,"rawTransaction: ""\022\000\000""\000\000\000\000$\000\000\000\001 \033\000\000\000\027a@\000\000\027H\206*@h@\000\000\000\000\000\000\ns!\0030\347\374\235V\273%\326\211;\243\363\027\256[\3173\263)\033\326=\263&T\243\023""/\177\320 tF0D\002 z~w\205GU\373\266\331\007p\014,\022I\355\226\375\201\2535\2363\373\322\323\321\310\020\021\t\375\002 \0010hV&~ 6\244B\004}\022\323y\204\357\306\373V\276U{\217|\032#\344)\341\246\233\201\024\265\367by\212S\325C\240\024\312\370\262\227\317\370\362\3717\350\203\024\004u\013\332S\305\246S\362r\026Wx\246\377m\351B\343\311""; status: tsCURRENT; receiveTimestamp: 803870183; deferred: false; ","rawTransaction: ""\022\000\000""\000\000\000\000$\000\000\000\001 \033\000\000\000\027a@\000\000\027H\206*@h@\000\000\000\000\000\000\ns!\0030\347\374\235V\273%\326\211;\243\363\027\256[\3173\263)\033\326=\263&T\243\023""/\177\320 tF0D\002 z~w\205GU\373\266\331\007p\014,\022I\355\226\375\201\2535\2363\373\322\323\321\310\020\021\t\375\002 \0010hV&~ 6\244B\004}\022\323y\204\357\306\373V\276U{\217|\032#\344)\341\246\233\201\024\265\367by\212S\325C\240\024\312\370\262\227\317\370\362\3717\350\203\024\004u\013\332S\305\246S\362r\026Wx\246\377m\351B\343\311""; status: tsCURRENT; receiveTimestamp: 803870183; deferred: false; "
1750554983730,1750554983730,671,1,1,2,TMTransaction,"rawTransaction: ""\022\000\000""\000\000\000\000$\000\000\000\001 \033\000\000\000\027a@\000\000\027H\206*@h@\000\000\000\000\000\000\ns!\0030\347\374\235V\273%\326\211;\243\363\027\256[\3173\263)\033\326=\263&T\243\023""/\177\320 tF0D\002 z~w\205GU\373\266\331\007p\014,\022I\355\226\375\201\2535\2363\373\322\323\321\310\020\021\t\375\002 \0010hV&~ 6\244B\004}\022\323y\204\357\306\373V\276U{\217|\032#\344)\341\246\233\201\024\265\367by\212S\325C\240\024\312\370\262\227\317\370\362\3717\350\203\024\004u\013\332S\305\246S\362r\026Wx\246\377m\351B\343\311""; status: tsCURRENT; receiveTimestamp: 803870183; deferred: false; ","rawTransaction: ""\022\000\000""\000\000\000\000$\000\000\000\001 \033\000\000\000\027a@\000\000\027H\206*@h@\000\000\000\000\000\000\ns!\0030\347\374\235V\273%\326\211;\243\363\027\256[\3173\263)\033\326=\263&T\243\023""/\177\320 tF0D\002 z~w\205GU\373\266\331\007p\014,\022I\355\226\375\201\2535\2363\373\322\323\321\310\020\021\t\375\002 \0010hV&~ 6\244B\004}\022\323y\204\357\306\373V\276U{\217|\032#\344)\341\246\233\201\024\265\367by\212S\325C\240\024\312\370\262\227\317\370\362\3717\350\203\024\004u\013\332S\305\246S\362r\026Wx\246\377m\351B\343\311""; status: tsCURRENT; receiveTimestamp: 803870183; deferred: false; "
1750554983730,1750554983731,3373,1,1,3,TMTransaction,"rawTransaction: ""\022\000\000""\000\000\000\000$\000\000\000\001 \033\000\000\000\027a@\000\000\027H\206*@h@\000\000\000\000\000\000\ns!\0030\347\374\235V\273%\326\211;\243\363\027\256[\3173\263)\033\326=\263&T\243\023""/\177\320 tF0D\002 z~w\205GU\373\266\331\007p\014,\022I\355\226\375\201\2535\2363\373\322\323\321\310\020\021\t\375\002 \0010hV&~ 6\244B\004}\022\323y\204\357\306\373V\276U{\217|\032#\344)\341\246\233\201\024\265\367by\212S\325C\240\024\312\370\262\227\317\370\362\3717\350\203\024\004u\013\332S\305\246S\362r\026Wx\246\377m\351B\343\311""; status: tsCURRENT; receiveTimestamp: 803870183; deferred: false; ","rawTransaction: ""\022\000\000""\000\000\000\000$\000\000\000\001 \033\000\000\000\027a@\000\000\027H\206*@h@\000\000\000\000\000\000\ns!\0030\347\374\235V\273%\326\211;\243\363\027\256[\3173\263)\033\326=\263&T\243\023""/\177\320 tF0D\002 z~w\205GU\373\266\331\007p\014,\022I\355\226\375\201\2535\2363\373\322\323\321\310\020\021\t\375\002 \0010hV&~ 6\244B\004}\022\323y\204\357\306\373V\276U{\217|\032#\344)\341\246\233\201\024\265\367by\212S\325C\240\024\312\370\262\227\317\370\362\3717\350\203\024\004u\013\332S\305\246S\362r\026Wx\246\377m\351B\343\311""; status: tsCURRENT; receiveTimestamp: 803870183; deferred: false; "
1750554983729,1750554983731,3353,1,1,4,TMTransaction,"rawTransaction: ""\022\000\000""\000\000\000\000$\000\000\000\001 \033\000\000\000\027a@\000\000\027H\206*@h@\000\000\000\000\000\000\ns!\0030\347\374\235V\273%\326\211;\243\363\027\256[\3173\263)\033\326=\263&T\243\023""/\177\320 tF0D\002 z~w\205GU\373\266\331\007p\014,\022I\355\226\375\201\2535\2363\373\322\323\321\310\020\021\t\375\002 \0010hV&~ 6\244B\004}\022\323y\204\357\306\373V\276U{\217|\032#\344)\341\246\233\201\024\265\367by\212S\325C\240\024\312\370\262\227\317\370\362\3717\350\203\024\004u\013\332S\305\246S\362r\026Wx\246\377m\351B\343\311""; status: tsCURRENT; receiveTimestamp: 803870183; deferred: false; ","rawTransaction: ""\022\000\000""\000\000\000\000$\000\000\000\001 \033\000\000\000\027a@\000\000\027H\206*@h@\000\000\000\000\000\000\ns!\0030\347\374\235V\273%\326\211;\243\363\027\256[\3173\263)\033\326=\263&T\243\023""/\177\320 tF0D\002 z~w\205GU\373\266\331\007p\014,\022I\355\226\375\201\2535\2363\373\322\323\321\310\020\021\t\375\002 \0010hV&~ 6\244B\004}\022\323y\204\357\306\373V\276U{\217|\032#\344)\341\246\233\201\024\265\367by\212S\325C\240\024\312\370\262\227\317\370\362\3717\350\203\024\004u\013\332S\305\246S\362r\026Wx\246\377m\351B\343\311""; status: tsCURRENT; receiveTimestamp: 803870183; deferred: false; "
1750554983770,1750554983770,2836,1,1,2,TMLedgerData,"ledgerHash: ""\177/n\t\321qS|\215ub7\177\265\264\234\340\013\347\177b\007\214QDOG\302\345U\376q""; ledgerSeq: 3; type: liBASE; nodes {;   nodedata: ""\000\000\000\003\001cEx]\212\000\000?\256\336y\324\026M\272]\205fM\0221 \237p\205\264\373\177\362\267\250\270\003\243\004\353\210\250g\000\000\000\000\000\000\000\000\000\000\000\000\000\000\000\000\000\000\000\000\000\000\000\000\000\000\000\000\000\000\000\000\263\004\035r\237U\264\320M\220\336\351\315\222\265oH\274\327\307\313u\264\345d\325\222\261\325\322\225\021/\352\025\320/\352\025\344\n\000""; }; nodes {;   nodedata: ""\303\016\021\310<Z\337\266>\225@&n\022\246\274\353\220\345b3\035\313\350L\354\254\002\005\305\035\017\002E\344\037@\210\363\010\336T\226\247'\204_{\261\370""1\235\2445\343\033Y!\212\201\341\272\225'\007]Oq\310\023\325\010\005\324\213\205\217\257\263\307\312\330\010]\306\250~s\323\374\327\335)\362\224\241o\013\003""; }; ","ledgerHash: ""\177/n\t\321qS|\215ub7\177\265\264\234\340\013\347\177b\007\214QDOG\302\345U\376q""; ledgerSeq: 3; type: liBASE; nodes {;   nodedata: ""\000\000\000\003\001cEx]\212\000\000?\256\336y\324\026M\272]\205fM\0221 \237p\205\264\373\177\362\267\250\270\003\243\004\353\210\250g\000\000\000\000\000\000\000\000\000\000\000\000\000\000\000\000\000\000\000\000\000\000\000\000\000\000\000\000\000\000\000\000\263\004\035r\237U\264\320M\220\336\351\315\222\265oH\274\327\307\313u\264\345d\325\222\261\325\322\225\021/\352\025\320/\352\025\344\n\000""; }; nodes {;   nodedata: ""\303\016\021\310<Z\337\266>\225@&n\022\246\274\353\220\345b3\035\313\350L\354\254\002\005\305\035\017\002E\344\037@\210\363\010\336T\226\247'\204_{\261\370""1\235\2445\343\033Y!\212\201\341\272\225'\007]Oq\310\023\325\010\005\324\213\205\217\257\263\307\312\330\010]\306\250~s\323\374\327\335)\362\224\241o\013\003""; }; "
1750554983770,1750554983770,2836,1,1,2,TMLedgerData,"ledgerHash: ""\177/n\t\321qS|\215ub7\177\265\264\234\340\013\347\177b\007\214QDOG\302\345U\376q""; ledgerSeq: 3; type: liBASE; nodes {;   nodedata: ""\000\000\000\003\001cEx]\212\000\000?\256\336y\324\026M\272]\205fM\0221 \237p\205\264\373\177\362\267\250\270\003\243\004\353\210\250g\000\000\000\000\000\000\000\000\000\000\000\000\000\000\000\000\000\000\000\000\000\000\000\000\000\000\000\000\000\000\000\000\263\004\035r\237U\264\320M\220\336\351\315\222\265oH\274\327\307\313u\264\345d\325\222\261\325\322\225\021/\352\025\320/\352\025\344\n\000""; }; nodes {;   nodedata: ""\303\016\021\310<Z\337\266>\225@&n\022\246\274\353\220\345b3\035\313\350L\354\254\002\005\305\035\017\002E\344\037@\210\363\010\336T\226\247'\204_{\261\370""1\235\2445\343\033Y!\212\201\341\272\225'\007]Oq\310\023\325\010\005\324\213\205\217\257\263\307\312\330\010]\306\250~s\323\374\327\335)\362\224\241o\013\003""; }; ","ledgerHash: ""\177/n\t\321qS|\215ub7\177\265\264\234\340\013\347\177b\007\214QDOG\302\345U\376q""; ledgerSeq: 3; type: liBASE; nodes {;   nodedata: ""\000\000\000\003\001cEx]\212\000\000?\256\336y\324\026M\272]\205fM\0221 \237p\205\264\373\177\362\267\250\270\003\243\004\353\210\250g\000\000\000\000\000\000\000\000\000\000\000\000\000\000\000\000\000\000\000\000\000\000\000\000\000\000\000\000\000\000\000\000\263\004\035r\237U\264\320M\220\336\351\315\222\265oH\274\327\307\313u\264\345d\325\222\261\325\322\225\021/\352\025\320/\352\025\344\n\000""; }; nodes {;   nodedata: ""\303\016\021\310<Z\337\266>\225@&n\022\246\274\353\220\345b3\035\313\350L\354\254\002\005\305\035\017\002E\344\037@\210\363\010\336T\226\247'\204_{\261\370""1\235\2445\343\033Y!\212\201\341\272\225'\007]Oq\310\023\325\010\005\324\213\205\217\257\263\307\312\330\010]\306\250~s\323\374\327\335)\362\224\241o\013\003""; }; "
1750554983645,1750554983839,3881,1,1,4,TMStatusChange,"newEvent: neCLOSING_LEDGER; ledgerSeq: 3; ledgerHash: ""\177/n\t\321qS|\215ub7\177\265\264\234\340\013\347\177b\007\214QDOG\302\345U\376q""; ledgerHashPrevious: ""?\256\336y\324\026M\272]\205fM\0221 \237p\205\264\373\177\362\267\250\270\003\243\004\353\210\250g""; networkTime: 803870183; firstSeq: 1; lastSeq: 3; ","newEvent: neCLOSING_LEDGER; ledgerSeq: 3; ledgerHash: ""\177/n\t\321qS|\215ub7\177\265\264\234\340\013\347\177b\007\214QDOG\302\345U\376q""; ledgerHashPrevious: ""?\256\336y\324\026M\272]\205fM\0221 \237p\205\264\373\177\362\267\250\270\003\243\004\353\210\250g""; networkTime: 803870183; firstSeq: 1; lastSeq: 3; "
1750554983646,1750554983840,1300,1,1,3,TMStatusChange,"newEvent: neCLOSING_LEDGER; ledgerSeq: 3; ledgerHash: ""\177/n\t\321qS|\215ub7\177\265\264\234\340\013\347\177b\007\214QDOG\302\345U\376q""; ledgerHashPrevious: ""?\256\336y\324\026M\272]\205fM\0221 \237p\205\264\373\177\362\267\250\270\003\243\004\353\210\250g""; networkTime: 803870183; firstSeq: 1; lastSeq: 3; ","newEvent: neCLOSING_LEDGER; ledgerSeq: 3; ledgerHash: ""\177/n\t\321qS|\215ub7\177\265\264\234\340\013\347\177b\007\214QDOG\302\345U\376q""; ledgerHashPrevious: ""?\256\336y\324\026M\272]\205fM\0221 \237p\205\264\373\177\362\267\250\270\003\243\004\353\210\250g""; networkTime: 803870183; firstSeq: 1; lastSeq: 3; "
1750554983649,1750554983841,936,1,1,2,TMStatusChange,"newEvent: neCLOSING_LEDGER; ledgerSeq: 3; ledgerHash: ""\177/n\t\321qS|\215ub7\177\265\264\234\340\013\347\177b\007\214QDOG\302\345U\376q""; ledgerHashPrevious: ""?\256\336y\324\026M\272]\205fM\0221 \237p\205\264\373\177\362\267\250\270\003\243\004\353\210\250g""; networkTime: 803870183; firstSeq: 1; lastSeq: 3; ","newEvent: neCLOSING_LEDGER; ledgerSeq: 3; ledgerHash: ""\177/n\t\321qS|\215ub7\177\265\264\234\340\013\347\177b\007\214QDOG\302\345U\376q""; ledgerHashPrevious: ""?\256\336y\324\026M\272]\205fM\0221 \237p\205\264\373\177\362\267\250\270\003\243\004\353\210\250g""; networkTime: 803870183; firstSeq: 1; lastSeq: 3; "
1750554983647,1750554983840,3390,1,1,0,TMStatusChange,"newEvent: neCLOSING_LEDGER; ledgerSeq: 3; ledgerHash: ""\177/n\t\321qS|\215ub7\177\265\264\234\340\013\347\177b\007\214QDOG\302\345U\376q""; ledgerHashPrevious: ""?\256\336y\324\026M\272]\205fM\0221 \237p\205\264\373\177\362\267\250\270\003\243\004\353\210\250g""; networkTime: 803870183; firstSeq: 1; lastSeq: 3; ","newEvent: neCLOSING_LEDGER; ledgerSeq: 3; ledgerHash: ""\177/n\t\321qS|\215ub7\177\265\264\234\340\013\347\177b\007\214QDOG\302\345U\376q""; ledgerHashPrevious: ""?\256\336y\324\026M\272]\205fM\0221 \237p\205\264\373\177\362\267\250\270\003\243\004\353\210\250g""; networkTime: 803870183; firstSeq: 1; lastSeq: 3; "
1750554983897,1750554983897,2655,1,3,4,TMValidation,"validation: """"\200\000\000\001&\000\000\000\003)/\352\025\346:c\016\231\375\2438\\353Q\177/n\t\321qS|\215ub7\177\265\264\234\340\013\347\177b\007\214QDOG\302\345U\376qP\027\000\000\000\000\000\000\000\000\000\000\000\000\000\000\000\000\000\000\000\000\000\000\000\000\000\000\000\000\000\000\000\000P\031-}\351f\032\255\274\334m\326c\017\014ao[\342\230\003\245\245\3341Hm\326^\017jy\335\261s!\003\014}\246\253\247\326\267P\302\342:\267&\375\036d\013\375\230\236\226\207\332\267\005\016\325\334r\346Q\333vG0E\002!\000\354_\231Q,\330\tzW\361\353O\363J\304Y\346\355\314w\235u\226XV\020\302\023B\346h\247\002 \024\324O\205\225J\343]\373\020\317\016#\360\020\202f\254\231\3438\377dX\312\177\036-!\364T%""; ","validation: """"\200\000\000\001&\000\000\000\003)/\352\025\346:c\016\231\375\2438\\353Q\177/n\t\321qS|\215ub7\177\265\264\234\340\013\347\177b\007\214QDOG\302\345U\376qP\027\000\000\000\000\000\000\000\000\000\000\000\000\000\000\000\000\000\000\000\000\000\000\000\000\000\000\000\000\000\000\000\000P\031-}\351f\032\255\274\334m\326c\017\014ao[\342\230\003\245\245\3341Hm\326^\017jy\335\261s!\003\014}\246\253\247\326\267P\302\342:\267&\375\036d\013\375\230\236\226\207\332\267\005\016\325\334r\346Q\333vG0E\002!\000\354_\231Q,\330\tzW\361\353O\363J\304Y\346\355\314w\235u\226XV\020\302\023B\346h\247\002 \024\324O\205\225J\343]\373\020\317\016#\360\020\202f\254\231\3438\377dX\312\177\036-!\364T%""; "
1750554983898,1750554983898,1878,1,3,2,TMValidation,"validation: """"\200\000\000\001&\000\000\000\003)/\352\025\346:c\016\231\375\2438\\353Q\177/n\t\321qS|\215ub7\177\265\264\234\340\013\347\177b\007\214QDOG\302\345U\376qP\027\000\000\000\000\000\000\000\000\000\000\000\000\000\000\000\000\000\000\000\000\000\000\000\000\000\000\000\000\000\000\000\000P\031-}\351f\032\255\274\334m\326c\017\014ao[\342\230\003\245\245\3341Hm\326^\017jy\335\261s!\003\014}\246\253\247\326\267P\302\342:\267&\375\036d\013\375\230\236\226\207\332\267\005\016\325\334r\346Q\333vG0E\002!\000\354_\231Q,\330\tzW\361\353O\363J\304Y\346\355\314w\235u\226XV\020\302\023B\346h\247\002 \024\324O\205\225J\343]\373\020\317\016#\360\020\202f\254\231\3438\377dX\312\177\036-!\364T%""; ","validation: """"\200\000\000\001&\000\000\000\003)/\352\025\346:c\016\231\375\2438\\353Q\177/n\t\321qS|\215ub7\177\265\264\234\340\013\347\177b\007\214QDOG\302\345U\376qP\027\000\000\000\000\000\000\000\000\000\000\000\000\000\000\000\000\000\000\000\000\000\000\000\000\000\000\000\000\000\000\000\000P\031-}\351f\032\255\274\334m\326c\017\014ao[\342\230\003\245\245\3341Hm\326^\017jy\335\261s!\003\014}\246\253\247\326\267P\302\342:\267&\375\036d\013\375\230\236\226\207\332\267\005\016\325\334r\346Q\333vG0E\002!\000\354_\231Q,\330\tzW\361\353O\363J\304Y\346\355\314w\235u\226XV\020\302\023B\346h\247\002 \024\324O\205\225J\343]\373\020\317\016#\360\020\202f\254\231\3438\377dX\312\177\036-!\364T%""; "
1750554983898,1750554983898,2793,1,3,0,TMValidation,"validation: """"\200\000\000\001&\000\000\000\003)/\352\025\346:c\016\231\375\2438\\353Q\177/n\t\321qS|\215ub7\177\265\264\234\340\013\347\177b\007\214QDOG\302\345U\376qP\027\000\000\000\000\000\000\000\000\000\000\000\000\000\000\000\000\000\000\000\000\000\000\000\000\000\000\000\000\000\000\000\000P\031-}\351f\032\255\274\334m\326c\017\014ao[\342\230\003\245\245\3341Hm\326^\017jy\335\261s!\003\014}\246\253\247\326\267P\302\342:\267&\375\036d\013\375\230\236\226\207\332\267\005\016\325\334r\346Q\333vG0E\002!\000\354_\231Q,\330\tzW\361\353O\363J\304Y\346\355\314w\235u\226XV\020\302\023B\346h\247\002 \024\324O\205\225J\343]\373\020\317\016#\360\020\202f\254\231\3438\377dX\312\177\036-!\364T%""; ","validation: """"\200\000\000\001&\000\000\000\003)/\352\025\346:c\016\231\375\2438\\353Q\177/n\t\321qS|\215ub7\177\265\264\234\340\013\347\177b\007\214QDOG\302\345U\376qP\027\000\000\000\000\000\000\000\000\000\000\000\000\000\000\000\000\000\000\000\000\000\000\000\000\000\000\000\000\000\000\000\000P\031-}\351f\032\255\274\334m\326c\017\014ao[\342\230\003\245\245\3341Hm\326^\017jy\335\261s!\003\014}\246\253\247\326\267P\302\342:\267&\375\036d\013\375\230\236\226\207\332\267\005\016\325\334r\346Q\333vG0E\002!\000\354_\231Q,\330\tzW\361\353O\363J\304Y\346\355\314w\235u\226XV\020\302\023B\346h\247\002 \024\324O\205\225J\343]\373\020\317\016#\360\020\202f\254\231\3438\377dX\312\177\036-!\364T%""; "
1750554983976,1750554983976,1828,1,2,4,TMProposeSet,"proposeSeq: 0; currentTxHash: ""\000\000\000\000\000\000\000\000\000\000\000\000\000\000\000\000\000\000\000\000\000\000\000\000\000\000\000\000\000\000\000\000""; nodePubKey: ""\003r\247\260\262W1v\231G\352\250p\313\031\267[k\261e{a\207j\020\217\332\242`\260*\357\332""; closeTime: 803870180; signature: ""0D\002 \022\221\312GwE\207\226G(b\000\243e\r#\234\036\337w\251\336\027\203\306n\340\264""\316|j\002 ~nIP2\264T\326\300\323\206\021\243\350\215\311\244L\320\300\025\025\337\356\016\336\301!\334\272%,""; previousledger: ""?\256\336y\324\026M\272]\205fM\0221 \237p\205\264\373\177\362\267\250\270\003\243\004\353\210\250g""; ","proposeSeq: 0; currentTxHash: ""\000\000\000\000\000\000\000\000\000\000\000\000\000\000\000\000\000\000\000\000\000\000\000\000\000\000\000\000\000\000\000\000""; nodePubKey: ""\003r\247\260\262W1v\231G\352\250p\313\031\267[k\261e{a\207j\020\217\332\242`\260*\357\332""; closeTime: 803870180; signature: ""0D\002 \022\221\312GwE\207\226G(b\000\243e\r#\234\036\337w\251\336\027\203\306n\340\264""\316|j\002 ~nIP2\264T\326\300\323\206\021\243\350\215\311\244L\320\300\025\025\337\356\016\336\301!\334\272%,""; previousledger: ""?\256\336y\324\026M\272]\205fM\0221 \237p\205\264\373\177\362\267\250\270\003\243\004\353\210\250g""; "
1750554983978,1750554983978,3587,1,0,2,TMProposeSet,"proposeSeq: 0; currentTxHash: ""\000\000\000\000\000\000\000\000\000\000\000\000\000\000\000\000\000\000\000\000\000\000\000\000\000\000\000\000\000\000\000\000""; nodePubKey: ""\003\014}\246\253\247\326\267P\302\342:\267&\375\036d\013\375\230\236\226\207\332\267\005\016\325\334r\346Q\333""; closeTime: 803870183; signature: ""0E\002!\000\211\222\273~\211\035\247\367\276~3\314\036w\217\316I\330\322#%\223F\376\225\335\302\332\314>\305\313\002 T;d\fo\337G\013\257\003z\306\366fT\245\271\242\300\316\325\2507\003\022\234X\023\317\3665""; previousledger: ""\177/n\t\321qS|\215ub7\177\265\264\234\340\013\347\177b\007\214QDOG\302\345U\376q""; ","proposeSeq: 0; currentTxHash: ""\000\000\000\000\000\000\000\000\000\000\000\000\000\000\000\000\000\000\000\000\000\000\000\000\000\000\000\000\000\000\000\000""; nodePubKey: ""\003\014}\246\253\247\326\267P\302\342:\267&\375\036d\013\375\230\236\226\207\332\267\005\016\325\334r\346Q\333""; closeTime: 803870183; signature: ""0E\002!\000\211\222\273~\211\035\247\367\276~3\314\036w\217\316I\330\322#%\223F\376\225\335\302\332\314>\305\313\002 T;d\fo\337G\013\257\003z\306\366fT\245\271\242\300\316\325\2507\003\022\234X\023\317\3665""; previousledger: ""\177/n\t\321qS|\215ub7\177\265\264\234\340\013\347\177b\007\214QDOG\302\345U\376q""; "
1750554983977,1750554983977,2432,1,0,4,TMProposeSet,"proposeSeq: 0; currentTxHash: ""\000\000\000\000\000\000\000\000\000\000\000\000\000\000\000\000\000\000\000\000\000\000\000\000\000\000\000\000\000\000\000\000""; nodePubKey: ""\003\014}\246\253\247\326\267P\302\342:\267&\375\036d\013\375\230\236\226\207\332\267\005\016\325\334r\346Q\333""; closeTime: 803870183; signature: ""0E\002!\000\211\222\273~\211\035\247\367\276~3\314\036w\217\316I\330\322#%\223F\376\225\335\302\332\314>\305\313\002 T;d\fo\337G\013\257\003z\306\366fT\245\271\242\300\316\325\2507\003\022\234X\023\317\3665""; previousledger: ""\177/n\t\321qS|\215ub7\177\265\264\234\340\013\347\177b\007\214QDOG\302\345U\376q""; ","proposeSeq: 0; currentTxHash: ""\000\000\000\000\000\000\000\000\000\000\000\000\000\000\000\000\000\000\000\000\000\000\000\000\000\000\000\000\000\000\000\000""; nodePubKey: ""\003\014}\246\253\247\326\267P\302\342:\267&\375\036d\013\375\230\236\226\207\332\267\005\016\325\334r\346Q\333""; closeTime: 803870183; signature: ""0E\002!\000\211\222\273~\211\035\247\367\276~3\314\036w\217\316I\330\322#%\223F\376\225\335\302\332\314>\305\313\002 T;d\fo\337G\013\257\003z\306\366fT\245\271\242\300\316\325\2507\003\022\234X\023\317\3665""; previousledger: ""\177/n\t\321qS|\215ub7\177\265\264\234\340\013\347\177b\007\214QDOG\302\345U\376q""; "
1750554983978,1750554983978,799,1,2,3,TMProposeSet,"proposeSeq: 0; currentTxHash: ""\000\000\000\000\000\000\000\000\000\000\000\000\000\000\000\000\000\000\000\000\000\000\000\000\000\000\000\000\000\000\000\000""; nodePubKey: ""\003r\247\260\262W1v\231G\352\250p\313\031\267[k\261e{a\207j\020\217\332\242`\260*\357\332""; closeTime: 803870180; signature: ""0D\002 \022\221\312GwE\207\226G(b\000\243e\r#\234\036\337w\251\336\027\203\306n\340\264""\316|j\002 ~nIP2\264T\326\300\323\206\021\243\350\215\311\244L\320\300\025\025\337\356\016\336\301!\334\272%,""; previousledger: ""?\256\336y\324\026M\272]\205fM\0221 \237p\205\264\373\177\362\267\250\270\003\243\004\353\210\250g""; ","proposeSeq: 0; currentTxHash: ""\000\000\000\000\000\000\000\000\000\000\000\000\000\000\000\000\000\000\000\000\000\000\000\000\000\000\000\000\000\000\000\000""; nodePubKey: ""\003r\247\260\262W1v\231G\352\250p\313\031\267[k\261e{a\207j\020\217\332\242`\260*\357\332""; closeTime: 803870180; signature: ""0D\002 \022\221\312GwE\207\226G(b\000\243e\r#\234\036\337w\251\336\027\203\306n\340\264""\316|j\002 ~nIP2\264T\326\300\323\206\021\243\350\215\311\244L\320\300\025\025\337\356\016\336\301!\334\272%,""; previousledger: ""?\256\336y\324\026M\272]\205fM\0221 \237p\205\264\373\177\362\267\250\270\003\243\004\353\210\250g""; "
1750554983976,1750554983976,510,1,2,1,TMProposeSet,"proposeSeq: 0; currentTxHash: ""\000\000\000\000\000\000\000\000\000\000\000\000\000\000\000\000\000\000\000\000\000\000\000\000\000\000\000\000\000\000\000\000""; nodePubKey: ""\003r\247\260\262W1v\231G\352\250p\313\031\267[k\261e{a\207j\020\217\332\242`\260*\357\332""; closeTime: 803870180; signature: ""0D\002 \022\221\312GwE\207\226G(b\000\243e\r#\234\036\337w\251\336\027\203\306n\340\264""\316|j\002 ~nIP2\264T\326\300\323\206\021\243\350\215\311\244L\320\300\025\025\337\356\016\336\301!\334\272%,""; previousledger: ""?\256\336y\324\026M\272]\205fM\0221 \237p\205\264\373\177\362\267\250\270\003\243\004\353\210\250g""; ","proposeSeq: 0; currentTxHash: ""\000\000\000\000\000\000\000\000\000\000\000\000\000\000\000\000\000\000\000\000\000\000\000\000\000\000\000\000\000\000\000\000""; nodePubKey: ""\003r\247\260\262W1v\231G\352\250p\313\031\267[k\261e{a\207j\020\217\332\242`\260*\357\332""; closeTime: 803870180; signature: ""0D\002 \022\221\312GwE\207\226G(b\000\243e\r#\234\036\337w\251\336\027\203\306n\340\264""\316|j\002 ~nIP2\264T\326\300\323\206\021\243\350\215\311\244L\320\300\025\025\337\356\016\336\301!\334\272%,""; previousledger: ""?\256\336y\324\026M\272]\205fM\0221 \237p\205\264\373\177\362\267\250\270\003\243\004\353\210\250g""; "
1750554983978,1750554983979,1362,1,0,3,TMProposeSet,"proposeSeq: 0; currentTxHash: ""\000\000\000\000\000\000\000\000\000\000\000\000\000\000\000\000\000\000\000\000\000\000\000\000\000\000\000\000\000\000\000\000""; nodePubKey: ""\003\014}\246\253\247\326\267P\302\342:\267&\375\036d\013\375\230\236\226\207\332\267\005\016\325\334r\346Q\333""; closeTime: 803870183; signature: ""0E\002!\000\211\222\273~\211\035\247\367\276~3\314\036w\217\316I\330\322#%\223F\376\225\335\302\332\314>\305\313\002 T;d\fo\337G\013\257\003z\306\366fT\245\271\242\300\316\325\2507\003\022\234X\023\317\3665""; previousledger: ""\177/n\t\321qS|\215ub7\177\265\264\234\340\013\347\177b\007\214QDOG\302\345U\376q""; ","proposeSeq: 0; currentTxHash: ""\000\000\000\000\000\000\000\000\000\000\000\000\000\000\000\000\000\000\000\000\000\000\000\000\000\000\000\000\000\000\000\000""; nodePubKey: ""\003\014}\246\253\247\326\267P\302\342:\267&\375\036d\013\375\230\236\226\207\332\267\005\016\325\334r\346Q\333""; closeTime: 803870183; signature: ""0E\002!\000\211\222\273~\211\035\247\367\276~3\314\036w\217\316I\330\322#%\223F\376\225\335\302\332\314>\305\313\002 T;d\fo\337G\013\257\003z\306\366fT\245\271\242\300\316\325\2507\003\022\234X\023\317\3665""; previousledger: ""\177/n\t\321qS|\215ub7\177\265\264\234\340\013\347\177b\007\214QDOG\302\345U\376q""; "
1750554983996,1750554983996,1878,1,3,2,TMValidation,"validation: """"\200\000\000\001&\000\000\000\003)/\352\025\346:\005\335\317Y\345\332\360\261Q\177/n\t\321qS|\215ub7\177\265\264\234\340\013\347\177b\007\214QDOG\302\345U\376qP\027\000\000\000\000\000\000\000\000\000\000\000\000\000\000\000\000\000\000\000\000\000\000\000\000\000\000\000\000\000\000\000\000P\031-}\351f\032\255\274\334m\326c\017\014ao[\342\230\003\245\245\3341Hm\326^\017jy\335\261s!\002\203\234\253\325\333\332\276\223y;\250+B\323"" Hg\303\030\n\303\345\255\330\223\n\240\260\032\305!vG0E\002!\000\263\036+\250[\246\003\344+T\000(\210\222\224\273\352\017\0258\304\375i\032>\261\250\2271=\035h\002 \005\266U\244S\023\201\253O\3767\275\262\203\232\005_\202\271vh\342\035}\376\302\037\362\t\016\311\334""; ","validation: """"\200\000\000\001&\000\000\000\003)/\352\025\346:\005\335\317Y\345\332\360\261Q\177/n\t\321qS|\215ub7\177\265\264\234\340\013\347\177b\007\214QDOG\302\345U\376qP\027\000\000\000\000\000\000\000\000\000\000\000\000\000\000\000\000\000\000\000\000\000\000\000\000\000\000\000\000\000\000\000\000P\031-}\351f\032\255\274\334m\326c\017\014ao[\342\230\003\245\245\3341Hm\326^\017jy\335\261s!\002\203\234\253\325\333\332\276\223y;\250+B\323"" Hg\303\030\n\303\345\255\330\223\n\240\260\032\305!vG0E\002!\000\263\036+\250[\246\003\344+T\000(\210\222\224\273\352\017\0258\304\375i\032>\261\250\2271=\035h\002 \005\266U\244S\023\201\253O\3767\275\262\203\232\005_\202\271vh\342\035}\376\302\037\362\t\016\311\334""; "
1750554983997,1750554983997,3188,1,3,1,TMValidation,"validation: """"\200\000\000\001&\000\000\000\003)/\352\025\346:\005\335\317Y\345\332\360\261Q\177/n\t\321qS|\215ub7\177\265\264\234\340\013\347\177b\007\214QDOG\302\345U\376qP\027\000\000\000\000\000\000\000\000\000\000\000\000\000\000\000\000\000\000\000\000\000\000\000\000\000\000\000\000\000\000\000\000P\031-}\351f\032\255\274\334m\326c\017\014ao[\342\230\003\245\245\3341Hm\326^\017jy\335\261s!\002\203\234\253\325\333\332\276\223y;\250+B\323"" Hg\303\030\n\303\345\255\330\223\n\240\260\032\305!vG0E\002!\000\263\036+\250[\246\003\344+T\000(\210\222\224\273\352\017\0258\304\375i\032>\261\250\2271=\035h\002 \005\266U\244S\023\201\253O\3767\275\262\203\232\005_\202\271vh\342\035}\376\302\037\362\t\016\311\334""; ","validation: """"\200\000\000\001&\000\000\000\003)/\352\025\346:\005\335\317Y\345\332\360\261Q\177/n\t\321qS|\215ub7\177\265\264\234\340\013\347\177b\007\214QDOG\302\345U\376qP\027\000\000\000\000\000\000\000\000\000\000\000\000\000\000\000\000\000\000\000\000\000\000\000\000\000\000\000\000\000\000\000\000P\031-}\351f\032\255\274\334m\326c\017\014ao[\342\230\003\245\245\3341Hm\326^\017jy\335\261s!\002\203\234\253\325\333\332\276\223y;\250+B\323"" Hg\303\030\n\303\345\255\330\223\n\240\260\032\305!vG0E\002!\000\263\036+\250[\246\003\344+T\000(\210\222\224\273\352\017\0258\304\375i\032>\261\250\2271=\035h\002 \005\266U\244S\023\201\253O\3767\275\262\203\232\005_\202\271vh\342\035}\376\302\037\362\t\016\311\334""; "
1750554983996,1750554983996,2655,1,3,4,TMValidation,"validation: """"\200\000\000\001&\000\000\000\003)/\352\025\346:\005\335\317Y\345\332\360\261Q\177/n\t\321qS|\215ub7\177\265\264\234\340\013\347\177b\007\214QDOG\302\345U\376qP\027\000\000\000\000\000\000\000\000\000\000\000\000\000\000\000\000\000\000\000\000\000\000\000\000\000\000\000\000\000\000\000\000P\031-}\351f\032\255\274\334m\326c\017\014ao[\342\230\003\245\245\3341Hm\326^\017jy\335\261s!\002\203\234\253\325\333\332\276\223y;\250+B\323"" Hg\303\030\n\303\345\255\330\223\n\240\260\032\305!vG0E\002!\000\263\036+\250[\246\003\344+T\000(\210\222\224\273\352\017\0258\304\375i\032>\261\250\2271=\035h\002 \005\266U\244S\023\201\253O\3767\275\262\203\232\005_\202\271vh\342\035}\376\302\037\362\t\016\311\334""; ","validation: """"\200\000\000\001&\000\000\000\003)/\352\025\346:\005\335\317Y\345\332\360\261Q\177/n\t\321qS|\215ub7\177\265\264\234\340\013\347\177b\007\214QDOG\302\345U\376qP\027\000\000\000\000\000\000\000\000\000\000\000\000\000\000\000\000\000\000\000\000\000\000\000\000\000\000\000\000\000\000\000\000P\031-}\351f\032\255\274\334m\326c\017\014ao[\342\230\003\245\245\3341Hm\326^\017jy\335\261s!\002\203\234\253\325\333\332\276\223y;\250+B\323"" Hg\303\030\n\303\345\255\330\223\n\240\260\032\305!vG0E\002!\000\263\036+\250[\246\003\344+T\000(\210\222\224\273\352\017\0258\304\375i\032>\261\250\2271=\035h\002 \005\266U\244S\023\201\253O\3767\275\262\203\232\005_\202\271vh\342\035}\376\302\037\362\t\016\311\334""; "
1750554984005,1750554984005,3479,1,2,4,TMStatusChange,"newEvent: neACCEPTED_LEDGER; ledgerSeq: 3; ledgerHash: ""\177/n\t\321qS|\215ub7\177\265\264\234\340\013\347\177b\007\214QDOG\302\345U\376q""; ledgerHashPrevious: ""?\256\336y\324\026M\272]\205fM\0221 \237p\205\264\373\177\362\267\250\270\003\243\004\353\210\250g""; networkTime: 803870184; firstSeq: 1; lastSeq: 1; ","newEvent: neACCEPTED_LEDGER; ledgerSeq: 3; ledgerHash: ""\177/n\t\321qS|\215ub7\177\265\264\234\340\013\347\177b\007\214QDOG\302\345U\376q""; ledgerHashPrevious: ""?\256\336y\324\026M\272]\205fM\0221 \237p\205\264\373\177\362\267\250\270\003\243\004\353\210\250g""; networkTime: 803870184; firstSeq: 1; lastSeq: 1; "
1750554984006,1750554984006,2455,1,2,4,TMValidation,"validation: """"\200\000\000\001&\000\000\000\003)/\352\025\350:\327^\220\264\371\235\346\371Q\177/n\t\321qS|\215ub7\177\265\264\234\340\013\347\177b\007\214QDOG\302\345U\376qP\027\000\000\000\000\000\000\000\000\000\000\000\000\000\000\000\000\000\000\000\000\000\000\000\000\000\000\000\000\000\000\000\000P\031-}\351f\032\255\274\334m\326c\017\014ao[\342\230\003\245\245\3341Hm\326^\017jy\335\261s!\003\377\373k5_\032\3369\270\342\273n(r\273\207{\327\250/\370I\221Q\224\244\335\320\006\305\376qvG0E\002!\000\347\314\202/\213m\016\330*\250]\201#\233[\365\347\022\232Y\236\341\362_q\235\275\263\265s\\356\002 I\365\374\274my\214\264~\007\347&\265\036e\365F\016\235\372U{u\357\266\361Z\004\212\276\262&""; ","validation: """"\200\000\000\001&\000\000\000\003)/\352\025\350:\327^\220\264\371\235\346\371Q\177/n\t\321qS|\215ub7\177\265\264\234\340\013\347\177b\007\214QDOG\302\345U\376qP\027\000\000\000\000\000\000\000\000\000\000\000\000\000\000\000\000\000\000\000\000\000\000\000\000\000\000\000\000\000\000\000\000P\031-}\351f\032\255\274\334m\326c\017\014ao[\342\230\003\245\245\3341Hm\326^\017jy\335\261s!\003\377\373k5_\032\3369\270\342\273n(r\273\207{\327\250/\370I\221Q\224\244\335\320\006\305\376qvG0E\002!\000\347\314\202/\213m\016\330*\250]\201#\233[\365\347\022\232Y\236\341\362_q\235\275\263\265s\\356\002 I\365\374\274my\214\264~\007\347&\265\036e\365F\016\235\372U{u\357\266\361Z\004\212\276\262&""; "
1750554984006,1750554984007,1871,1,2,0,TMValidation,"validation: """"\200\000\000\001&\000\000\000\003)/\352\025\350:\327^\220\264\371\235\346\371Q\177/n\t\321qS|\215ub7\177\265\264\234\340\013\347\177b\007\214QDOG\302\345U\376qP\027\000\000\000\000\000\000\000\000\000\000\000\000\000\000\000\000\000\000\000\000\000\000\000\000\000\000\000\000\000\000\000\000P\031-}\351f\032\255\274\334m\326c\017\014ao[\342\230\003\245\245\3341Hm\326^\017jy\335\261s!\003\377\373k5_\032\3369\270\342\273n(r\273\207{\327\250/\370I\221Q\224\244\335\320\006\305\376qvG0E\002!\000\347\314\202/\213m\016\330*\250]\201#\233[\365\347\022\232Y\236\341\362_q\235\275\263\265s\\356\002 I\365\374\274my\214\264~\007\347&\265\036e\365F\016\235\372U{u\357\266\361Z\004\212\276\262&""; ","validation: """"\200\000\000\001&\000\000\000\003)/\352\025\350:\327^\220\264\371\235\346\371Q\177/n\t\321qS|\215ub7\177\265\264\234\340\013\347\177b\007\214QDOG\302\345U\376qP\027\000\000\000\000\000\000\000\000\000\000\000\000\000\000\000\000\000\000\000\000\000\000\000\000\000\000\000\000\000\000\000\000P\031-}\351f\032\255\274\334m\326c\017\014ao[\342\230\003\245\245\3341Hm\326^\017jy\335\261s!\003\377\373k5_\032\3369\270\342\273n(r\273\207{\327\250/\370I\221Q\224\244\335\320\006\305\376qvG0E\002!\000\347\314\202/\213m\016\330*\250]\201#\233[\365\347\022\232Y\236\341\362_q\235\275\263\265s\\356\002 I\365\374\274my\214\264~\007\347&\265\036e\365F\016\235\372U{u\357\266\361Z\004\212\276\262&""; "
1750554984007,1750554984007,2259,1,2,0,TMStatusChange,"newEvent: neACCEPTED_LEDGER; ledgerSeq: 3; ledgerHash: ""\177/n\t\321qS|\215ub7\177\265\264\234\340\013\347\177b\007\214QDOG\302\345U\376q""; ledgerHashPrevious: ""?\256\336y\324\026M\272]\205fM\0221 \237p\205\264\373\177\362\267\250\270\003\243\004\353\210\250g""; networkTime: 803870184; firstSeq: 1; lastSeq: 1; ","newEvent: neACCEPTED_LEDGER; ledgerSeq: 3; ledgerHash: ""\177/n\t\321qS|\215ub7\177\265\264\234\340\013\347\177b\007\214QDOG\302\345U\376q""; ledgerHashPrevious: ""?\256\336y\324\026M\272]\205fM\0221 \237p\205\264\373\177\362\267\250\270\003\243\004\353\210\250g""; networkTime: 803870184; firstSeq: 1; lastSeq: 1; "
1750554984007,1750554984007,2875,1,2,3,TMValidation,"validation: """"\200\000\000\001&\000\000\000\003)/\352\025\350:\327^\220\264\371\235\346\371Q\177/n\t\321qS|\215ub7\177\265\264\234\340\013\347\177b\007\214QDOG\302\345U\376qP\027\000\000\000\000\000\000\000\000\000\000\000\000\000\000\000\000\000\000\000\000\000\000\000\000\000\000\000\000\000\000\000\000P\031-}\351f\032\255\274\334m\326c\017\014ao[\342\230\003\245\245\3341Hm\326^\017jy\335\261s!\003\377\373k5_\032\3369\270\342\273n(r\273\207{\327\250/\370I\221Q\224\244\335\320\006\305\376qvG0E\002!\000\347\314\202/\213m\016\330*\250]\201#\233[\365\347\022\232Y\236\341\362_q\235\275\263\265s\\356\002 I\365\374\274my\214\264~\007\347&\265\036e\365F\016\235\372U{u\357\266\361Z\004\212\276\262&""; ","validation: """"\200\000\000\001&\000\000\000\003)/\352\025\350:\327^\220\264\371\235\346\371Q\177/n\t\321qS|\215ub7\177\265\264\234\340\013\347\177b\007\214QDOG\302\345U\376qP\027\000\000\000\000\000\000\000\000\000\000\000\000\000\000\000\000\000\000\000\000\000\000\000\000\000\000\000\000\000\000\000\000P\031-}\351f\032\255\274\334m\326c\017\014ao[\342\230\003\245\245\3341Hm\326^\017jy\335\261s!\003\377\373k5_\032\3369\270\342\273n(r\273\207{\327\250/\370I\221Q\224\244\335\320\006\305\376qvG0E\002!\000\347\314\202/\213m\016\330*\250]\201#\233[\365\347\022\232Y\236\341\362_q\235\275\263\265s\\356\002 I\365\374\274my\214\264~\007\347&\265\036e\365F\016\235\372U{u\357\266\361Z\004\212\276\262&""; "
1750554984007,1750554984007,2016,1,2,3,TMStatusChange,"newEvent: neACCEPTED_LEDGER; ledgerSeq: 3; ledgerHash: ""\177/n\t\321qS|\215ub7\177\265\264\234\340\013\347\177b\007\214QDOG\302\345U\376q""; ledgerHashPrevious: ""?\256\336y\324\026M\272]\205fM\0221 \237p\205\264\373\177\362\267\250\270\003\243\004\353\210\250g""; networkTime: 803870184; firstSeq: 1; lastSeq: 1; ","newEvent: neACCEPTED_LEDGER; ledgerSeq: 3; ledgerHash: ""\177/n\t\321qS|\215ub7\177\265\264\234\340\013\347\177b\007\214QDOG\302\345U\376q""; ledgerHashPrevious: ""?\256\336y\324\026M\272]\205fM\0221 \237p\205\264\373\177\362\267\250\270\003\243\004\353\210\250g""; networkTime: 803870184; firstSeq: 1; lastSeq: 1; "
1750554984012,1750554984012,1871,1,2,0,TMValidation,"validation: """"\200\000\000\001&\000\000\000\003)/\352\025\346:\263\003\340?\354b\337\005Q\177/n\t\321qS|\215ub7\177\265\264\234\340\013\347\177b\007\214QDOG\302\345U\376qP\027\000\000\000\000\000\000\000\000\000\000\000\000\000\000\000\000\000\000\000\000\000\000\000\000\000\000\000\000\000\000\000\000P\031-}\351f\032\255\274\334m\326c\017\014ao[\342\230\003\245\245\3341Hm\326^\017jy\335\261s!\002\267\233\013C\322\025\227_\336\326\026\301\225\224\007@\351}6j\027\315\304Px?\375+\235`\313_vF0D\002 \t\250\226;\207'\326\264\226*[\031\235g\303\177\266\222\262\245\327!\177j\323e\270y\354\227\233\217\002 :S\006\035\2627Y~+\263?\233\324\263\031\234\014\210\374\206q\362a\230\000\314q\367\251\354,o""; ","validation: """"\200\000\000\001&\000\000\000\003)/\352\025\346:\263\003\340?\354b\337\005Q\177/n\t\321qS|\215ub7\177\265\264\234\340\013\347\177b\007\214QDOG\302\345U\376qP\027\000\000\000\000\000\000\000\000\000\000\000\000\000\000\000\000\000\000\000\000\000\000\000\000\000\000\000\000\000\000\000\000P\031-}\351f\032\255\274\334m\326c\017\014ao[\342\230\003\245\245\3341Hm\326^\017jy\335\261s!\002\267\233\013C\322\025\227_\336\326\026\301\225\224\007@\351}6j\027\315\304Px?\375+\235`\313_vF0D\002 \t\250\226;\207'\326\264\226*[\031\235g\303\177\266\222\262\245\327!\177j\323e\270y\354\227\233\217\002 :S\006\035\2627Y~+\263?\233\324\263\031\234\014\210\374\206q\362a\230\000\314q\367\251\354,o""; "
1750554984012,1750554984012,2455,1,2,4,TMValidation,"validation: """"\200\000\000\001&\000\000\000\003)/\352\025\346:\263\003\340?\354b\337\005Q\177/n\t\321qS|\215ub7\177\265\264\234\340\013\347\177b\007\214QDOG\302\345U\376qP\027\000\000\000\000\000\000\000\000\000\000\000\000\000\000\000\000\000\000\000\000\000\000\000\000\000\000\000\000\000\000\000\000P\031-}\351f\032\255\274\334m\326c\017\014ao[\342\230\003\245\245\3341Hm\326^\017jy\335\261s!\002\267\233\013C\322\025\227_\336\326\026\301\225\224\007@\351}6j\027\315\304Px?\375+\235`\313_vF0D\002 \t\250\226;\207'\326\264\226*[\031\235g\303\177\266\222\262\245\327!\177j\323e\270y\354\227\233\217\002 :S\006\035\2627Y~+\263?\233\324\263\031\234\014\210\374\206q\362a\230\000\314q\367\251\354,o""; ","validation: """"\200\000\000\001&\000\000\000\003)/\352\025\346:\263\003\340?\354b\337\005Q\177/n\t\321qS|\215ub7\177\265\264\234\340\013\347\177b\007\214QDOG\302\345U\376qP\027\000\000\000\000\000\000\000\000\000\000\000\000\000\000\000\000\000\000\000\000\000\000\000\000\000\000\000\000\000\000\000\000P\031-}\351f\032\255\274\334m\326c\017\014ao[\342\230\003\245\245\3341Hm\326^\017jy\335\261s!\002\267\233\013C\322\025\227_\336\326\026\301\225\224\007@\351}6j\027\315\304Px?\375+\235`\313_vF0D\002 \t\250\226;\207'\326\264\226*[\031\235g\303\177\266\222\262\245\327!\177j\323e\270y\354\227\233\217\002 :S\006\035\2627Y~+\263?\233\324\263\031\234\014\210\374\206q\362a\230\000\314q\367\251\354,o""; "
1750554984016,1750554984016,2875,1,2,3,TMValidation,"validation: """"\200\000\000\001&\000\000\000\003)/\352\025\346:\005\335\317Y\345\332\360\261Q\177/n\t\321qS|\215ub7\177\265\264\234\340\013\347\177b\007\214QDOG\302\345U\376qP\027\000\000\000\000\000\000\000\000\000\000\000\000\000\000\000\000\000\000\000\000\000\000\000\000\000\000\000\000\000\000\000\000P\031-}\351f\032\255\274\334m\326c\017\014ao[\342\230\003\245\245\3341Hm\326^\017jy\335\261s!\002\203\234\253\325\333\332\276\223y;\250+B\323"" Hg\303\030\n\303\345\255\330\223\n\240\260\032\305!vG0E\002!\000\263\036+\250[\246\003\344+T\000(\210\222\224\273\352\017\0258\304\375i\032>\261\250\2271=\035h\002 \005\266U\244S\023\201\253O\3767\275\262\203\232\005_\202\271vh\342\035}\376\302\037\362\t\016\311\334""; ","validation: """"\200\000\000\001&\000\000\000\003)/\352\025\346:\005\335\317Y\345\332\360\261Q\177/n\t\321qS|\215ub7\177\265\264\234\340\013\347\177b\007\214QDOG\302\345U\376qP\027\000\000\000\000\000\000\000\000\000\000\000\000\000\000\000\000\000\000\000\000\000\000\000\000\000\000\000\000\000\000\000\000P\031-}\351f\032\255\274\334m\326c\017\014ao[\342\230\003\245\245\3341Hm\326^\017jy\335\261s!\002\203\234\253\325\333\332\276\223y;\250+B\323"" Hg\303\030\n\303\345\255\330\223\n\240\260\032\305!vG0E\002!\000\263\036+\250[\246\003\344+T\000(\210\222\224\273\352\017\0258\304\375i\032>\261\250\2271=\035h\002 \005\266U\244S\023\201\253O\3767\275\262\203\232\005_\202\271vh\342\035}\376\302\037\362\t\016\311\334""; "
1750554984016,1750554984016,2455,1,2,4,TMValidation,"validation: """"\200\000\000\001&\000\000\000\003)/\352\025\346:\005\335\317Y\345\332\360\261Q\177/n\t\321qS|\215ub7\177\265\264\234\340\013\347\177b\007\214QDOG\302\345U\376qP\027\000\000\000\000\000\000\000\000\000\000\000\000\000\000\000\000\000\000\000\000\000\000\000\000\000\000\000\000\000\000\000\000P\031-}\351f\032\255\274\334m\326c\017\014ao[\342\230\003\245\245\3341Hm\326^\017jy\335\261s!\002\203\234\253\325\333\332\276\223y;\250+B\323"" Hg\303\030\n\303\345\255\330\223\n\240\260\032\305!vG0E\002!\000\263\036+\250[\246\003\344+T\000(\210\222\224\273\352\017\0258\304\375i\032>\261\250\2271=\035h\002 \005\266U\244S\023\201\253O\3767\275\262\203\232\005_\202\271vh\342\035}\376\302\037\362\t\016\311\334""; ","validation: """"\200\000\000\001&\000\000\000\003)/\352\025\346:\005\335\317Y\345\332\360\261Q\177/n\t\321qS|\215ub7\177\265\264\234\340\013\347\177b\007\214QDOG\302\345U\376qP\027\000\000\000\000\000\000\000\000\000\000\000\000\000\000\000\000\000\000\000\000\000\000\000\000\000\000\000\000\000\000\000\000P\031-}\351f\032\255\274\334m\326c\017\014ao[\342\230\003\245\245\3341Hm\326^\017jy\335\261s!\002\203\234\253\325\333\332\276\223y;\250+B\323"" Hg\303\030\n\303\345\255\330\223\n\240\260\032\305!vG0E\002!\000\263\036+\250[\246\003\344+T\000(\210\222\224\273\352\017\0258\304\375i\032>\261\250\2271=\035h\002 \005\266U\244S\023\201\253O\3767\275\262\203\232\005_\202\271vh\342\035}\376\302\037\362\t\016\311\334""; "
1750554984018,1750554984018,3215,1,2,1,TMStatusChange,"newEvent: neACCEPTED_LEDGER; ledgerSeq: 3; ledgerHash: ""\177/n\t\321qS|\215ub7\177\265\264\234\340\013\347\177b\007\214QDOG\302\345U\376q""; ledgerHashPrevious: ""?\256\336y\324\026M\272]\205fM\0221 \237p\205\264\373\177\362\267\250\270\003\243\004\353\210\250g""; networkTime: 803870184; firstSeq: 1; lastSeq: 1; ","newEvent: neACCEPTED_LEDGER; ledgerSeq: 3; ledgerHash: ""\177/n\t\321qS|\215ub7\177\265\264\234\340\013\347\177b\007\214QDOG\302\345U\376q""; ledgerHashPrevious: ""?\256\336y\324\026M\272]\205fM\0221 \237p\205\264\373\177\362\267\250\270\003\243\004\353\210\250g""; networkTime: 803870184; firstSeq: 1; lastSeq: 1; "
1750554984019,1750554984019,250,1,2,1,TMValidation,"validation: """"\200\000\000\001&\000\000\000\003)/\352\025\346:\005\335\317Y\345\332\360\261Q\177/n\t\321qS|\215ub7\177\265\264\234\340\013\347\177b\007\214QDOG\302\345U\376qP\027\000\000\000\000\000\000\000\000\000\000\000\000\000\000\000\000\000\000\000\000\000\000\000\000\000\000\000\000\000\000\000\000P\031-}\351f\032\255\274\334m\326c\017\014ao[\342\230\003\245\245\3341Hm\326^\017jy\335\261s!\002\203\234\253\325\333\332\276\223y;\250+B\323"" Hg\303\030\n\303\345\255\330\223\n\240\260\032\305!vG0E\002!\000\263\036+\250[\246\003\344+T\000(\210\222\224\273\352\017\0258\304\375i\032>\261\250\2271=\035h\002 \005\266U\244S\023\201\253O\3767\275\262\203\232\005_\202\271vh\342\035}\376\302\037\362\t\016\311\334""; ","validation: """"\200\000\000\001&\000\000\000\003)/\352\025\346:\005\335\317Y\345\332\360\261Q\177/n\t\321qS|\215ub7\177\265\264\234\340\013\347\177b\007\214QDOG\302\345U\376qP\027\000\000\000\000\000\000\000\000\000\000\000\000\000\000\000\000\000\000\000\000\000\000\000\000\000\000\000\000\000\000\000\000P\031-}\351f\032\255\274\334m\326c\017\014ao[\342\230\003\245\245\3341Hm\326^\017jy\335\261s!\002\203\234\253\325\333\332\276\223y;\250+B\323"" Hg\303\030\n\303\345\255\330\223\n\240\260\032\305!vG0E\002!\000\263\036+\250[\246\003\344+T\000(\210\222\224\273\352\017\0258\304\375i\032>\261\250\2271=\035h\002 \005\266U\244S\023\201\253O\3767\275\262\203\232\005_\202\271vh\342\035}\376\302\037\362\t\016\311\334""; "
1750554984019,1750554984019,250,1,2,1,TMValidation,"validation: """"\200\000\000\001&\000\000\000\003)/\352\025\350:\327^\220\264\371\235\346\371Q\177/n\t\321qS|\215ub7\177\265\264\234\340\013\347\177b\007\214QDOG\302\345U\376qP\027\000\000\000\000\000\000\000\000\000\000\000\000\000\000\000\000\000\000\000\000\000\000\000\000\000\000\000\000\000\000\000\000P\031-}\351f\032\255\274\334m\326c\017\014ao[\342\230\003\245\245\3341Hm\326^\017jy\335\261s!\003\377\373k5_\032\3369\270\342\273n(r\273\207{\327\250/\370I\221Q\224\244\335\320\006\305\376qvG0E\002!\000\347\314\202/\213m\016\330*\250]\201#\233[\365\347\022\232Y\236\341\362_q\235\275\263\265s\\356\002 I\365\374\274my\214\264~\007\347&\265\036e\365F\016\235\372U{u\357\266\361Z\004\212\276\262&""; ","validation: """"\200\000\000\001&\000\000\000\003)/\352\025\350:\327^\220\264\371\235\346\371Q\177/n\t\321qS|\215ub7\177\265\264\234\340\013\347\177b\007\214QDOG\302\345U\376qP\027\000\000\000\000\000\000\000\000\000\000\000\000\000\000\000\000\000\000\000\000\000\000\000\000\000\000\000\000\000\000\000\000P\031-}\351f\032\255\274\334m\326c\017\014ao[\342\230\003\245\245\3341Hm\326^\017jy\335\261s!\003\377\373k5_\032\3369\270\342\273n(r\273\207{\327\250/\370I\221Q\224\244\335\320\006\305\376qvG0E\002!\000\347\314\202/\213m\016\330*\250]\201#\233[\365\347\022\232Y\236\341\362_q\235\275\263\265s\\356\002 I\365\374\274my\214\264~\007\347&\265\036e\365F\016\235\372U{u\357\266\361Z\004\212\276\262&""; "
1750554984019,1750554984019,250,1,2,1,TMValidation,"validation: """"\200\000\000\001&\000\000\000\003)/\352\025\346:\263\003\340?\354b\337\005Q\177/n\t\321qS|\215ub7\177\265\264\234\340\013\347\177b\007\214QDOG\302\345U\376qP\027\000\000\000\000\000\000\000\000\000\000\000\000\000\000\000\000\000\000\000\000\000\000\000\000\000\000\000\000\000\000\000\000P\031-}\351f\032\255\274\334m\326c\017\014ao[\342\230\003\245\245\3341Hm\326^\017jy\335\261s!\002\267\233\013C\322\025\227_\336\326\026\301\225\224\007@\351}6j\027\315\304Px?\375+\235`\313_vF0D\002 \t\250\226;\207'\326\264\226*[\031\235g\303\177\266\222\262\245\327!\177j\323e\270y\354\227\233\217\002 :S\006\035\2627Y~+\263?\233\324\263\031\234\014\210\374\206q\362a\230\000\314q\367\251\354,o""; ","validation: """"\200\000\000\001&\000\000\000\003)/\352\025\346:\263\003\340?\354b\337\005Q\177/n\t\321qS|\215ub7\177\265\264\234\340\013\347\177b\007\214QDOG\302\345U\376qP\027\000\000\000\000\000\000\000\000\000\000\000\000\000\000\000\000\000\000\000\000\000\000\000\000\000\000\000\000\000\000\000\000P\031-}\351f\032\255\274\334m\326c\017\014ao[\342\230\003\245\245\3341Hm\326^\017jy\335\261s!\002\267\233\013C\322\025\227_\336\326\026\301\225\224\007@\351}6j\027\315\304Px?\375+\235`\313_vF0D\002 \t\250\226;\207'\326\264\226*[\031\235g\303\177\266\222\262\245\327!\177j\323e\270y\354\227\233\217\002 :S\006\035\2627Y~+\263?\233\324\263\031\234\014\210\374\206q\362a\230\000\314q\367\251\354,o""; "
1750554984223,1750554984223,1275,1,1,4,TMProposeSet,"proposeSeq: 0; currentTxHash: ""\000\000\000\000\000\000\000\000\000\000\000\000\000\000\000\000\000\000\000\000\000\000\000\000\000\000\000\000\000\000\000\000""; nodePubKey: ""\002\267\233\013C\322\025\227_\336\326\026\301\225\224\007@\351}6j\027\315\304Px?\375+\235`\313_""; closeTime: 803870183; signature: ""0E\002!\000\300a\203\022X\317\0135\004\277|\355\206\tqr\343\231t\204m\362)\223\207(#\254 \206\306\330\002 {D\375\005\224N<`\246\214D\273,: q\032R\355\246\313\323>\212J\240\305\033\204\t@[""; previousledger: ""\177/n\t\321qS|\215ub7\177\265\264\234\340\013\347\177b\007\214QDOG\302\345U\376q""; ","proposeSeq: 0; currentTxHash: ""\000\000\000\000\000\000\000\000\000\000\000\000\000\000\000\000\000\000\000\000\000\000\000\000\000\000\000\000\000\000\000\000""; nodePubKey: ""\002\267\233\013C\322\025\227_\336\326\026\301\225\224\007@\351}6j\027\315\304Px?\375+\235`\313_""; closeTime: 803870183; signature: ""0E\002!\000\300a\203\022X\317\0135\004\277|\355\206\tqr\343\231t\204m\362)\223\207(#\254 \206\306\330\002 {D\375\005\224N<`\246\214D\273,: q\032R\355\246\313\323>\212J\240\305\033\204\t@[""; previousledger: ""\177/n\t\321qS|\215ub7\177\265\264\234\340\013\347\177b\007\214QDOG\302\345U\376q""; "
1750554984224,1750554984224,330,1,1,0,TMProposeSet,"proposeSeq: 0; currentTxHash: ""\000\000\000\000\000\000\000\000\000\000\000\000\000\000\000\000\000\000\000\000\000\000\000\000\000\000\000\000\000\000\000\000""; nodePubKey: ""\002\267\233\013C\322\025\227_\336\326\026\301\225\224\007@\351}6j\027\315\304Px?\375+\235`\313_""; closeTime: 803870183; signature: ""0E\002!\000\300a\203\022X\317\0135\004\277|\355\206\tqr\343\231t\204m\362)\223\207(#\254 \206\306\330\002 {D\375\005\224N<`\246\214D\273,: q\032R\355\246\313\323>\212J\240\305\033\204\t@[""; previousledger: ""\177/n\t\321qS|\215ub7\177\265\264\234\340\013\347\177b\007\214QDOG\302\345U\376q""; ","proposeSeq: 0; currentTxHash: ""\000\000\000\000\000\000\000\000\000\000\000\000\000\000\000\000\000\000\000\000\000\000\000\000\000\000\000\000\000\000\000\000""; nodePubKey: ""\002\267\233\013C\322\025\227_\336\326\026\301\225\224\007@\351}6j\027\315\304Px?\375+\235`\313_""; closeTime: 803870183; signature: ""0E\002!\000\300a\203\022X\317\0135\004\277|\355\206\tqr\343\231t\204m\362)\223\207(#\254 \206\306\330\002 {D\375\005\224N<`\246\214D\273,: q\032R\355\246\313\323>\212J\240\305\033\204\t@[""; previousledger: ""\177/n\t\321qS|\215ub7\177\265\264\234\340\013\347\177b\007\214QDOG\302\345U\376q""; "
1750554984224,1750554984225,3866,1,1,2,TMProposeSet,"proposeSeq: 0; currentTxHash: ""\000\000\000\000\000\000\000\000\000\000\000\000\000\000\000\000\000\000\000\000\000\000\000\000\000\000\000\000\000\000\000\000""; nodePubKey: ""\002\267\233\013C\322\025\227_\336\326\026\301\225\224\007@\351}6j\027\315\304Px?\375+\235`\313_""; closeTime: 803870183; signature: ""0E\002!\000\300a\203\022X\317\0135\004\277|\355\206\tqr\343\231t\204m\362)\223\207(#\254 \206\306\330\002 {D\375\005\224N<`\246\214D\273,: q\032R\355\246\313\323>\212J\240\305\033\204\t@[""; previousledger: ""\177/n\t\321qS|\215ub7\177\265\264\234\340\013\347\177b\007\214QDOG\302\345U\376q""; ","proposeSeq: 0; currentTxHash: ""\000\000\000\000\000\000\000\000\000\000\000\000\000\000\000\000\000\000\000\000\000\000\000\000\000\000\000\000\000\000\000\000""; nodePubKey: ""\002\267\233\013C\322\025\227_\336\326\026\301\225\224\007@\351}6j\027\315\304Px?\375+\235`\313_""; closeTime: 803870183; signature: ""0E\002!\000\300a\203\022X\317\0135\004\277|\355\206\tqr\343\231t\204m\362)\223\207(#\254 \206\306\330\002 {D\375\005\224N<`\246\214D\273,: q\032R\355\246\313\323>\212J\240\305\033\204\t@[""; previousledger: ""\177/n\t\321qS|\215ub7\177\265\264\234\340\013\347\177b\007\214QDOG\302\345U\376q""; "
1750554984271,1750554984271,3481,1,1,4,TMValidation,"validation: """"\200\000\000\001&\000\000\000\003)/\352\025\350:\327^\220\264\371\235\346\371Q\177/n\t\321qS|\215ub7\177\265\264\234\340\013\347\177b\007\214QDOG\302\345U\376qP\027\000\000\000\000\000\000\000\000\000\000\000\000\000\000\000\000\000\000\000\000\000\000\000\000\000\000\000\000\000\000\000\000P\031-}\351f\032\255\274\334m\326c\017\014ao[\342\230\003\245\245\3341Hm\326^\017jy\335\261s!\003\377\373k5_\032\3369\270\342\273n(r\273\207{\327\250/\370I\221Q\224\244\335\320\006\305\376qvG0E\002!\000\347\314\202/\213m\016\330*\250]\201#\233[\365\347\022\232Y\236\341\362_q\235\275\263\265s\\356\002 I\365\374\274my\214\264~\007\347&\265\036e\365F\016\235\372U{u\357\266\361Z\004\212\276\262&""; ","validation: """"\200\000\000\001&\000\000\000\003)/\352\025\350:\327^\220\264\371\235\346\371Q\177/n\t\321qS|\215ub7\177\265\264\234\340\013\347\177b\007\214QDOG\302\345U\376qP\027\000\000\000\000\000\000\000\000\000\000\000\000\000\000\000\000\000\000\000\000\000\000\000\000\000\000\000\000\000\000\000\000P\031-}\351f\032\255\274\334m\326c\017\014ao[\342\230\003\245\245\3341Hm\326^\017jy\335\261s!\003\377\373k5_\032\3369\270\342\273n(r\273\207{\327\250/\370I\221Q\224\244\335\320\006\305\376qvG0E\002!\000\347\314\202/\213m\016\330*\250]\201#\233[\365\347\022\232Y\236\341\362_q\235\275\263\265s\\356\002 I\365\374\274my\214\264~\007\347&\265\036e\365F\016\235\372U{u\357\266\361Z\004\212\276\262&""; "
1750554984271,1750554984272,1249,1,1,3,TMValidation,"validation: """"\200\000\000\001&\000\000\000\003)/\352\025\350:\327^\220\264\371\235\346\371Q\177/n\t\321qS|\215ub7\177\265\264\234\340\013\347\177b\007\214QDOG\302\345U\376qP\027\000\000\000\000\000\000\000\000\000\000\000\000\000\000\000\000\000\000\000\000\000\000\000\000\000\000\000\000\000\000\000\000P\031-}\351f\032\255\274\334m\326c\017\014ao[\342\230\003\245\245\3341Hm\326^\017jy\335\261s!\003\377\373k5_\032\3369\270\342\273n(r\273\207{\327\250/\370I\221Q\224\244\335\320\006\305\376qvG0E\002!\000\347\314\202/\213m\016\330*\250]\201#\233[\365\347\022\232Y\236\341\362_q\235\275\263\265s\\356\002 I\365\374\274my\214\264~\007\347&\265\036e\365F\016\235\372U{u\357\266\361Z\004\212\276\262&""; ","validation: """"\200\000\000\001&\000\000\000\003)/\352\025\350:\327^\220\264\371\235\346\371Q\177/n\t\321qS|\215ub7\177\265\264\234\340\013\347\177b\007\214QDOG\302\345U\376qP\027\000\000\000\000\000\000\000\000\000\000\000\000\000\000\000\000\000\000\000\000\000\000\000\000\000\000\000\000\000\000\000\000P\031-}\351f\032\255\274\334m\326c\017\014ao[\342\230\003\245\245\3341Hm\326^\017jy\335\261s!\003\377\373k5_\032\3369\270\342\273n(r\273\207{\327\250/\370I\221Q\224\244\335\320\006\305\376qvG0E\002!\000\347\314\202/\213m\016\330*\250]\201#\233[\365\347\022\232Y\236\341\362_q\235\275\263\265s\\356\002 I\365\374\274my\214\264~\007\347&\265\036e\365F\016\235\372U{u\357\266\361Z\004\212\276\262&""; "
1750554984272,1750554984272,1249,1,1,3,TMValidation,"validation: """"\200\000\000\001&\000\000\000\003)/\352\025\346:\263\003\340?\354b\337\005Q\177/n\t\321qS|\215ub7\177\265\264\234\340\013\347\177b\007\214QDOG\302\345U\376qP\027\000\000\000\000\000\000\000\000\000\000\000\000\000\000\000\000\000\000\000\000\000\000\000\000\000\000\000\000\000\000\000\000P\031-}\351f\032\255\274\334m\326c\017\014ao[\342\230\003\245\245\3341Hm\326^\017jy\335\261s!\002\267\233\013C\322\025\227_\336\326\026\301\225\224\007@\351}6j\027\315\304Px?\375+\235`\313_vF0D\002 \t\250\226;\207'\326\264\226*[\031\235g\303\177\266\222\262\245\327!\177j\323e\270y\354\227\233\217\002 :S\006\035\2627Y~+\263?\233\324\263\031\234\014\210\374\206q\362a\230\000\314q\367\251\354,o""; ","validation: """"\200\000\000\001&\000\000\000\003)/\352\025\346:\263\003\340?\354b\337\005Q\177/n\t\321qS|\215ub7\177\265\264\234\340\013\347\177b\007\214QDOG\302\345U\376qP\027\000\000\000\000\000\000\000\000\000\000\000\000\000\000\000\000\000\000\000\000\000\000\000\000\000\000\000\000\000\000\000\000P\031-}\351f\032\255\274\334m\326c\017\014ao[\342\230\003\245\245\3341Hm\326^\017jy\335\261s!\002\267\233\013C\322\025\227_\336\326\026\301\225\224\007@\351}6j\027\315\304Px?\375+\235`\313_vF0D\002 \t\250\226;\207'\326\264\226*[\031\235g\303\177\266\222\262\245\327!\177j\323e\270y\354\227\233\217\002 :S\006\035\2627Y~+\263?\233\324\263\031\234\014\210\374\206q\362a\230\000\314q\367\251\354,o""; "
1750554984272,1750554984272,3000,1,1,0,TMValidation,"validation: """"\200\000\000\001&\000\000\000\003)/\352\025\350:\327^\220\264\371\235\346\371Q\177/n\t\321qS|\215ub7\177\265\264\234\340\013\347\177b\007\214QDOG\302\345U\376qP\027\000\000\000\000\000\000\000\000\000\000\000\000\000\000\000\000\000\000\000\000\000\000\000\000\000\000\000\000\000\000\000\000P\031-}\351f\032\255\274\334m\326c\017\014ao[\342\230\003\245\245\3341Hm\326^\017jy\335\261s!\003\377\373k5_\032\3369\270\342\273n(r\273\207{\327\250/\370I\221Q\224\244\335\320\006\305\376qvG0E\002!\000\347\314\202/\213m\016\330*\250]\201#\233[\365\347\022\232Y\236\341\362_q\235\275\263\265s\\356\002 I\365\374\274my\214\264~\007\347&\265\036e\365F\016\235\372U{u\357\266\361Z\004\212\276\262&""; ","validation: """"\200\000\000\001&\000\000\000\003)/\352\025\350:\327^\220\264\371\235\346\371Q\177/n\t\321qS|\215ub7\177\265\264\234\340\013\347\177b\007\214QDOG\302\345U\376qP\027\000\000\000\000\000\000\000\000\000\000\000\000\000\000\000\000\000\000\000\000\000\000\000\000\000\000\000\000\000\000\000\000P\031-}\351f\032\255\274\334m\326c\017\014ao[\342\230\003\245\245\3341Hm\326^\017jy\335\261s!\003\377\373k5_\032\3369\270\342\273n(r\273\207{\327\250/\370I\221Q\224\244\335\320\006\305\376qvG0E\002!\000\347\314\202/\213m\016\330*\250]\201#\233[\365\347\022\232Y\236\341\362_q\235\275\263\265s\\356\002 I\365\374\274my\214\264~\007\347&\265\036e\365F\016\235\372U{u\357\266\361Z\004\212\276\262&""; "
1750554984273,1750554984273,3481,1,1,4,TMValidation,"validation: """"\200\000\000\001&\000\000\000\003)/\352\025\346:\263\003\340?\354b\337\005Q\177/n\t\321qS|\215ub7\177\265\264\234\340\013\347\177b\007\214QDOG\302\345U\376qP\027\000\000\000\000\000\000\000\000\000\000\000\000\000\000\000\000\000\000\000\000\000\000\000\000\000\000\000\000\000\000\000\000P\031-}\351f\032\255\274\334m\326c\017\014ao[\342\230\003\245\245\3341Hm\326^\017jy\335\261s!\002\267\233\013C\322\025\227_\336\326\026\301\225\224\007@\351}6j\027\315\304Px?\375+\235`\313_vF0D\002 \t\250\226;\207'\326\264\226*[\031\235g\303\177\266\222\262\245\327!\177j\323e\270y\354\227\233\217\002 :S\006\035\2627Y~+\263?\233\324\263\031\234\014\210\374\206q\362a\230\000\314q\367\251\354,o""; ","validation: """"\200\000\000\001&\000\000\000\003)/\352\025\346:\263\003\340?\354b\337\005Q\177/n\t\321qS|\215ub7\177\265\264\234\340\013\347\177b\007\214QDOG\302\345U\376qP\027\000\000\000\000\000\000\000\000\000\000\000\000\000\000\000\000\000\000\000\000\000\000\000\000\000\000\000\000\000\000\000\000P\031-}\351f\032\255\274\334m\326c\017\014ao[\342\230\003\245\245\3341Hm\326^\017jy\335\261s!\002\267\233\013C\322\025\227_\336\326\026\301\225\224\007@\351}6j\027\315\304Px?\375+\235`\313_vF0D\002 \t\250\226;\207'\326\264\226*[\031\235g\303\177\266\222\262\245\327!\177j\323e\270y\354\227\233\217\002 :S\006\035\2627Y~+\263?\233\324\263\031\234\014\210\374\206q\362a\230\000\314q\367\251\354,o""; "
1750554984273,1750554984273,3000,1,1,0,TMValidation,"validation: """"\200\000\000\001&\000\000\000\003)/\352\025\346:\263\003\340?\354b\337\005Q\177/n\t\321qS|\215ub7\177\265\264\234\340\013\347\177b\007\214QDOG\302\345U\376qP\027\000\000\000\000\000\000\000\000\000\000\000\000\000\000\000\000\000\000\000\000\000\000\000\000\000\000\000\000\000\000\000\000P\031-}\351f\032\255\274\334m\326c\017\014ao[\342\230\003\245\245\3341Hm\326^\017jy\335\261s!\002\267\233\013C\322\025\227_\336\326\026\301\225\224\007@\351}6j\027\315\304Px?\375+\235`\313_vF0D\002 \t\250\226;\207'\326\264\226*[\031\235g\303\177\266\222\262\245\327!\177j\323e\270y\354\227\233\217\002 :S\006\035\2627Y~+\263?\233\324\263\031\234\014\210\374\206q\362a\230\000\314q\367\251\354,o""; ","validation: """"\200\000\000\001&\000\000\000\003)/\352\025\346:\263\003\340?\354b\337\005Q\177/n\t\321qS|\215ub7\177\265\264\234\340\013\347\177b\007\214QDOG\302\345U\376qP\027\000\000\000\000\000\000\000\000\000\000\000\000\000\000\000\000\000\000\000\000\000\000\000\000\000\000\000\000\000\000\000\000P\031-}\351f\032\255\274\334m\326c\017\014ao[\342\230\003\245\245\3341Hm\326^\017jy\335\261s!\002\267\233\013C\322\025\227_\336\326\026\301\225\224\007@\351}6j\027\315\304Px?\375+\235`\313_vF0D\002 \t\250\226;\207'\326\264\226*[\031\235g\303\177\266\222\262\245\327!\177j\323e\270y\354\227\233\217\002 :S\006\035\2627Y~+\263?\233\324\263\031\234\014\210\374\206q\362a\230\000\314q\367\251\354,o""; "
1750554984388,1750554984388,2432,1,0,4,TMProposeSet,"proposeSeq: 0; currentTxHash: ""\000\000\000\000\000\000\000\000\000\000\000\000\000\000\000\000\000\000\000\000\000\000\000\000\000\000\000\000\000\000\000\000""; nodePubKey: ""\003r\247\260\262W1v\231G\352\250p\313\031\267[k\261e{a\207j\020\217\332\242`\260*\357\332""; closeTime: 803870184; signature: ""0D\002 }\270\255i\000\317#\367\324\214\225Y\036/\315[\022\037\276\343f\013\357&|\376\342\252\001\023\266\276\002 \026x!\351\n\024B\364\3008Ql\032\234\364\355\3154\217\025\221\177\017\263\230\243f\224\210\216\010^""; previousledger: ""\177/n\t\321qS|\215ub7\177\265\264\234\340\013\347\177b\007\214QDOG\302\345U\376q""; ","proposeSeq: 0; currentTxHash: ""\000\000\000\000\000\000\000\000\000\000\000\000\000\000\000\000\000\000\000\000\000\000\000\000\000\000\000\000\000\000\000\000""; nodePubKey: ""\003r\247\260\262W1v\231G\352\250p\313\031\267[k\261e{a\207j\020\217\332\242`\260*\357\332""; closeTime: 803870184; signature: ""0D\002 }\270\255i\000\317#\367\324\214\225Y\036/\315[\022\037\276\343f\013\357&|\376\342\252\001\023\266\276\002 \026x!\351\n\024B\364\3008Ql\032\234\364\355\3154\217\025\221\177\017\263\230\243f\224\210\216\010^""; previousledger: ""\177/n\t\321qS|\215ub7\177\265\264\234\340\013\347\177b\007\214QDOG\302\345U\376q""; "
1750554984390,1750554984390,1362,1,0,3,TMProposeSet,"proposeSeq: 0; currentTxHash: ""\000\000\000\000\000\000\000\000\000\000\000\000\000\000\000\000\000\000\000\000\000\000\000\000\000\000\000\000\000\000\000\000""; nodePubKey: ""\003r\247\260\262W1v\231G\352\250p\313\031\267[k\261e{a\207j\020\217\332\242`\260*\357\332""; closeTime: 803870184; signature: ""0D\002 }\270\255i\000\317#\367\324\214\225Y\036/\315[\022\037\276\343f\013\357&|\376\342\252\001\023\266\276\002 \026x!\351\n\024B\364\3008Ql\032\234\364\355\3154\217\025\221\177\017\263\230\243f\224\210\216\010^""; previousledger: ""\177/n\t\321qS|\215ub7\177\265\264\234\340\013\347\177b\007\214QDOG\302\345U\376q""; ","proposeSeq: 0; currentTxHash: ""\000\000\000\000\000\000\000\000\000\000\000\000\000\000\000\000\000\000\000\000\000\000\000\000\000\000\000\000\000\000\000\000""; nodePubKey: ""\003r\247\260\262W1v\231G\352\250p\313\031\267[k\261e{a\207j\020\217\332\242`\260*\357\332""; closeTime: 803870184; signature: ""0D\002 }\270\255i\000\317#\367\324\214\225Y\036/\315[\022\037\276\343f\013\357&|\376\342\252\001\023\266\276\002 \026x!\351\n\024B\364\3008Ql\032\234\364\355\3154\217\025\221\177\017\263\230\243f\224\210\216\010^""; previousledger: ""\177/n\t\321qS|\215ub7\177\265\264\234\340\013\347\177b\007\214QDOG\302\345U\376q""; "
1750554984391,1750554984391,1345,1,0,1,TMProposeSet,"proposeSeq: 0; currentTxHash: ""\000\000\000\000\000\000\000\000\000\000\000\000\000\000\000\000\000\000\000\000\000\000\000\000\000\000\000\000\000\000\000\000""; nodePubKey: ""\003r\247\260\262W1v\231G\352\250p\313\031\267[k\261e{a\207j\020\217\332\242`\260*\357\332""; closeTime: 803870184; signature: ""0D\002 }\270\255i\000\317#\367\324\214\225Y\036/\315[\022\037\276\343f\013\357&|\376\342\252\001\023\266\276\002 \026x!\351\n\024B\364\3008Ql\032\234\364\355\3154\217\025\221\177\017\263\230\243f\224\210\216\010^""; previousledger: ""\177/n\t\321qS|\215ub7\177\265\264\234\340\013\347\177b\007\214QDOG\302\345U\376q""; ","proposeSeq: 0; currentTxHash: ""\000\000\000\000\000\000\000\000\000\000\000\000\000\000\000\000\000\000\000\000\000\000\000\000\000\000\000\000\000\000\000\000""; nodePubKey: ""\003r\247\260\262W1v\231G\352\250p\313\031\267[k\261e{a\207j\020\217\332\242`\260*\357\332""; closeTime: 803870184; signature: ""0D\002 }\270\255i\000\317#\367\324\214\225Y\036/\315[\022\037\276\343f\013\357&|\376\342\252\001\023\266\276\002 \026x!\351\n\024B\364\3008Ql\032\234\364\355\3154\217\025\221\177\017\263\230\243f\224\210\216\010^""; previousledger: ""\177/n\t\321qS|\215ub7\177\265\264\234\340\013\347\177b\007\214QDOG\302\345U\376q""; "
1750554984392,1750554984392,3587,1,0,2,TMProposeSet,"proposeSeq: 0; currentTxHash: ""\000\000\000\000\000\000\000\000\000\000\000\000\000\000\000\000\000\000\000\000\000\000\000\000\000\000\000\000\000\000\000\000""; nodePubKey: ""\003r\247\260\262W1v\231G\352\250p\313\031\267[k\261e{a\207j\020\217\332\242`\260*\357\332""; closeTime: 803870184; signature: ""0D\002 }\270\255i\000\317#\367\324\214\225Y\036/\315[\022\037\276\343f\013\357&|\376\342\252\001\023\266\276\002 \026x!\351\n\024B\364\3008Ql\032\234\364\355\3154\217\025\221\177\017\263\230\243f\224\210\216\010^""; previousledger: ""\177/n\t\321qS|\215ub7\177\265\264\234\340\013\347\177b\007\214QDOG\302\345U\376q""; ","proposeSeq: 0; currentTxHash: ""\000\000\000\000\000\000\000\000\000\000\000\000\000\000\000\000\000\000\000\000\000\000\000\000\000\000\000\000\000\000\000\000""; nodePubKey: ""\003r\247\260\262W1v\231G\352\250p\313\031\267[k\261e{a\207j\020\217\332\242`\260*\357\332""; closeTime: 803870184; signature: ""0D\002 }\270\255i\000\317#\367\324\214\225Y\036/\315[\022\037\276\343f\013\357&|\376\342\252\001\023\266\276\002 \026x!\351\n\024B\364\3008Ql\032\234\364\355\3154\217\025\221\177\017\263\230\243f\224\210\216\010^""; previousledger: ""\177/n\t\321qS|\215ub7\177\265\264\234\340\013\347\177b\007\214QDOG\302\345U\376q""; "
1750554984400,1750554984400,1422,1,2,3,TMTransaction,"rawTransaction: ""\022\000\000""\000\000\000\000$\000\000\000\001 \033\000\000\000\027a@\000\000\027H\206*@h@\000\000\000\000\000\000\ns!\0030\347\374\235V\273%\326\211;\243\363\027\256[\3173\263)\033\326=\263&T\243\023""/\177\320 tF0D\002 z~w\205GU\373\266\331\007p\014,\022I\355\226\375\201\2535\2363\373\322\323\321\310\020\021\t\375\002 \0010hV&~ 6\244B\004}\022\323y\204\357\306\373V\276U{\217|\032#\344)\341\246\233\201\024\265\367by\212S\325C\240\024\312\370\262\227\317\370\362\3717\350\203\024\004u\013\332S\305\246S\362r\026Wx\246\377m\351B\343\311""; status: tsCURRENT; receiveTimestamp: 803870184; deferred: false; ","rawTransaction: ""\022\000\000""\000\000\000\000$\000\000\000\001 \033\000\000\000\027a@\000\000\027H\206*@h@\000\000\000\000\000\000\ns!\0030\347\374\235V\273%\326\211;\243\363\027\256[\3173\263)\033\326=\263&T\243\023""/\177\320 tF0D\002 z~w\205GU\373\266\331\007p\014,\022I\355\226\375\201\2535\2363\373\322\323\321\310\020\021\t\375\002 \0010hV&~ 6\244B\004}\022\323y\204\357\306\373V\276U{\217|\032#\344)\341\246\233\201\024\265\367by\212S\325C\240\024\312\370\262\227\317\370\362\3717\350\203\024\004u\013\332S\305\246S\362r\026Wx\246\377m\351B\343\311""; status: tsCURRENT; receiveTimestamp: 803870184; deferred: false; "
1750554984400,1750554984400,1630,1,2,0,TMTransaction,"rawTransaction: ""\022\000\000""\000\000\000\000$\000\000\000\001 \033\000\000\000\027a@\000\000\027H\206*@h@\000\000\000\000\000\000\ns!\0030\347\374\235V\273%\326\211;\243\363\027\256[\3173\263)\033\326=\263&T\243\023""/\177\320 tF0D\002 z~w\205GU\373\266\331\007p\014,\022I\355\226\375\201\2535\2363\373\322\323\321\310\020\021\t\375\002 \0010hV&~ 6\244B\004}\022\323y\204\357\306\373V\276U{\217|\032#\344)\341\246\233\201\024\265\367by\212S\325C\240\024\312\370\262\227\317\370\362\3717\350\203\024\004u\013\332S\305\246S\362r\026Wx\246\377m\351B\343\311""; status: tsCURRENT; receiveTimestamp: 803870184; deferred: false; ","rawTransaction: ""\022\000\000""\000\000\000\000$\000\000\000\001 \033\000\000\000\027a@\000\000\027H\206*@h@\000\000\000\000\000\000\ns!\0030\347\374\235V\273%\326\211;\243\363\027\256[\3173\263)\033\326=\263&T\243\023""/\177\320 tF0D\002 z~w\205GU\373\266\331\007p\014,\022I\355\226\375\201\2535\2363\373\322\323\321\310\020\021\t\375\002 \0010hV&~ 6\244B\004}\022\323y\204\357\306\373V\276U{\217|\032#\344)\341\246\233\201\024\265\367by\212S\325C\240\024\312\370\262\227\317\370\362\3717\350\203\024\004u\013\332S\305\246S\362r\026Wx\246\377m\351B\343\311""; status: tsCURRENT; receiveTimestamp: 803870184; deferred: false; "
1750554984400,1750554984401,540,1,2,4,TMTransaction,"rawTransaction: ""\022\000\000""\000\000\000\000$\000\000\000\001 \033\000\000\000\027a@\000\000\027H\206*@h@\000\000\000\000\000\000\ns!\0030\347\374\235V\273%\326\211;\243\363\027\256[\3173\263)\033\326=\263&T\243\023""/\177\320 tF0D\002 z~w\205GU\373\266\331\007p\014,\022I\355\226\375\201\2535\2363\373\322\323\321\310\020\021\t\375\002 \0010hV&~ 6\244B\004}\022\323y\204\357\306\373V\276U{\217|\032#\344)\341\246\233\201\024\265\367by\212S\325C\240\024\312\370\262\227\317\370\362\3717\350\203\024\004u\013\332S\305\246S\362r\026Wx\246\377m\351B\343\311""; status: tsCURRENT; receiveTimestamp: 803870184; deferred: false; ","rawTransaction: ""\022\000\000""\000\000\000\000$\000\000\000\001 \033\000\000\000\027a@\000\000\027H\206*@h@\000\000\000\000\000\000\ns!\0030\347\374\235V\273%\326\211;\243\363\027\256[\3173\263)\033\326=\263&T\243\023""/\177\320 tF0D\002 z~w\205GU\373\266\331\007p\014,\022I\355\226\375\201\2535\2363\373\322\323\321\310\020\021\t\375\002 \0010hV&~ 6\244B\004}\022\323y\204\357\306\373V\276U{\217|\032#\344)\341\246\233\201\024\265\367by\212S\325C\240\024\312\370\262\227\317\370\362\3717\350\203\024\004u\013\332S\305\246S\362r\026Wx\246\377m\351B\343\311""; status: tsCURRENT; receiveTimestamp: 803870184; deferred: false; "
1750554984389,1750554984435,3737,1,0,3,TMStatusChange,"newEvent: neCLOSING_LEDGER; ledgerSeq: 3; ledgerHash: ""\177/n\t\321qS|\215ub7\177\265\264\234\340\013\347\177b\007\214QDOG\302\345U\376q""; ledgerHashPrevious: ""?\256\336y\324\026M\272]\205fM\0221 \237p\205\264\373\177\362\267\250\270\003\243\004\353\210\250g""; networkTime: 803870184; firstSeq: 1; lastSeq: 3; ","newEvent: neCLOSING_LEDGER; ledgerSeq: 3; ledgerHash: ""\177/n\t\321qS|\215ub7\177\265\264\234\340\013\347\177b\007\214QDOG\302\345U\376q""; ledgerHashPrevious: ""?\256\336y\324\026M\272]\205fM\0221 \237p\205\264\373\177\362\267\250\270\003\243\004\353\210\250g""; networkTime: 803870184; firstSeq: 1; lastSeq: 3; "
1750554984392,1750554984436,3027,1,0,2,TMStatusChange,"newEvent: neCLOSING_LEDGER; ledgerSeq: 3; ledgerHash: ""\177/n\t\321qS|\215ub7\177\265\264\234\340\013\347\177b\007\214QDOG\302\345U\376q""; ledgerHashPrevious: ""?\256\336y\324\026M\272]\205fM\0221 \237p\205\264\373\177\362\267\250\270\003\243\004\353\210\250g""; networkTime: 803870184; firstSeq: 1; lastSeq: 3; ","newEvent: neCLOSING_LEDGER; ledgerSeq: 3; ledgerHash: ""\177/n\t\321qS|\215ub7\177\265\264\234\340\013\347\177b\007\214QDOG\302\345U\376q""; ledgerHashPrevious: ""?\256\336y\324\026M\272]\205fM\0221 \237p\205\264\373\177\362\267\250\270\003\243\004\353\210\250g""; networkTime: 803870184; firstSeq: 1; lastSeq: 3; "
1750554984391,1750554984435,2688,1,0,1,TMStatusChange,"newEvent: neCLOSING_LEDGER; ledgerSeq: 3; ledgerHash: ""\177/n\t\321qS|\215ub7\177\265\264\234\340\013\347\177b\007\214QDOG\302\345U\376q""; ledgerHashPrevious: ""?\256\336y\324\026M\272]\205fM\0221 \237p\205\264\373\177\362\267\250\270\003\243\004\353\210\250g""; networkTime: 803870184; firstSeq: 1; lastSeq: 3; ","newEvent: neCLOSING_LEDGER; ledgerSeq: 3; ledgerHash: ""\177/n\t\321qS|\215ub7\177\265\264\234\340\013\347\177b\007\214QDOG\302\345U\376q""; ledgerHashPrevious: ""?\256\336y\324\026M\272]\205fM\0221 \237p\205\264\373\177\362\267\250\270\003\243\004\353\210\250g""; networkTime: 803870184; firstSeq: 1; lastSeq: 3; "
1750554984390,1750554984435,3315,1,0,4,TMStatusChange,"newEvent: neCLOSING_LEDGER; ledgerSeq: 3; ledgerHash: ""\177/n\t\321qS|\215ub7\177\265\264\234\340\013\347\177b\007\214QDOG\302\345U\376q""; ledgerHashPrevious: ""?\256\336y\324\026M\272]\205fM\0221 \237p\205\264\373\177\362\267\250\270\003\243\004\353\210\250g""; networkTime: 803870184; firstSeq: 1; lastSeq: 3; ","newEvent: neCLOSING_LEDGER; ledgerSeq: 3; ledgerHash: ""\177/n\t\321qS|\215ub7\177\265\264\234\340\013\347\177b\007\214QDOG\302\345U\376q""; ledgerHashPrevious: ""?\256\336y\324\026M\272]\205fM\0221 \237p\205\264\373\177\362\267\250\270\003\243\004\353\210\250g""; networkTime: 803870184; firstSeq: 1; lastSeq: 3; "
1750554984450,1750554984450,2354,1,3,2,TMLedgerData,"ledgerHash: ""\177/n\t\321qS|\215ub7\177\265\264\234\340\013\347\177b\007\214QDOG\302\345U\376q""; ledgerSeq: 3; type: liBASE; nodes {;   nodedata: ""\000\000\000\003\001cEx]\212\000\000?\256\336y\324\026M\272]\205fM\0221 \237p\205\264\373\177\362\267\250\270\003\243\004\353\210\250g\000\000\000\000\000\000\000\000\000\000\000\000\000\000\000\000\000\000\000\000\000\000\000\000\000\000\000\000\000\000\000\000\263\004\035r\237U\264\320M\220\336\351\315\222\265oH\274\327\307\313u\264\345d\325\222\261\325\322\225\021/\352\025\320/\352\025\344\n\000""; }; nodes {;   nodedata: ""\303\016\021\310<Z\337\266>\225@&n\022\246\274\353\220\345b3\035\313\350L\354\254\002\005\305\035\017\002E\344\037@\210\363\010\336T\226\247'\204_{\261\370""1\235\2445\343\033Y!\212\201\341\272\225'\007]Oq\310\023\325\010\005\324\213\205\217\257\263\307\312\330\010]\306\250~s\323\374\327\335)\362\224\241o\013\003""; }; ","ledgerHash: ""\177/n\t\321qS|\215ub7\177\265\264\234\340\013\347\177b\007\214QDOG\302\345U\376q""; ledgerSeq: 3; type: liBASE; nodes {;   nodedata: ""\000\000\000\003\001cEx]\212\000\000?\256\336y\324\026M\272]\205fM\0221 \237p\205\264\373\177\362\267\250\270\003\243\004\353\210\250g\000\000\000\000\000\000\000\000\000\000\000\000\000\000\000\000\000\000\000\000\000\000\000\000\000\000\000\000\000\000\000\000\263\004\035r\237U\264\320M\220\336\351\315\222\265oH\274\327\307\313u\264\345d\325\222\261\325\322\225\021/\352\025\320/\352\025\344\n\000""; }; nodes {;   nodedata: ""\303\016\021\310<Z\337\266>\225@&n\022\246\274\353\220\345b3\035\313\350L\354\254\002\005\305\035\017\002E\344\037@\210\363\010\336T\226\247'\204_{\261\370""1\235\2445\343\033Y!\212\201\341\272\225'\007]Oq\310\023\325\010\005\324\213\205\217\257\263\307\312\330\010]\306\250~s\323\374\327\335)\362\224\241o\013\003""; }; "
1750554984450,1750554984451,2354,1,3,2,TMLedgerData,"ledgerHash: ""\177/n\t\321qS|\215ub7\177\265\264\234\340\013\347\177b\007\214QDOG\302\345U\376q""; ledgerSeq: 3; type: liBASE; nodes {;   nodedata: ""\000\000\000\003\001cEx]\212\000\000?\256\336y\324\026M\272]\205fM\0221 \237p\205\264\373\177\362\267\250\270\003\243\004\353\210\250g\000\000\000\000\000\000\000\000\000\000\000\000\000\000\000\000\000\000\000\000\000\000\000\000\000\000\000\000\000\000\000\000\263\004\035r\237U\264\320M\220\336\351\315\222\265oH\274\327\307\313u\264\345d\325\222\261\325\322\225\021/\352\025\320/\352\025\344\n\000""; }; nodes {;   nodedata: ""\303\016\021\310<Z\337\266>\225@&n\022\246\274\353\220\345b3\035\313\350L\354\254\002\005\305\035\017\002E\344\037@\210\363\010\336T\226\247'\204_{\261\370""1\235\2445\343\033Y!\212\201\341\272\225'\007]Oq\310\023\325\010\005\324\213\205\217\257\263\307\312\330\010]\306\250~s\323\374\327\335)\362\224\241o\013\003""; }; ","ledgerHash: ""\177/n\t\321qS|\215ub7\177\265\264\234\340\013\347\177b\007\214QDOG\302\345U\376q""; ledgerSeq: 3; type: liBASE; nodes {;   nodedata: ""\000\000\000\003\001cEx]\212\000\000?\256\336y\324\026M\272]\205fM\0221 \237p\205\264\373\177\362\267\250\270\003\243\004\353\210\250g\000\000\000\000\000\000\000\000\000\000\000\000\000\000\000\000\000\000\000\000\000\000\000\000\000\000\000\000\000\000\000\000\263\004\035r\237U\264\320M\220\336\351\315\222\265oH\274\327\307\313u\264\345d\325\222\261\325\322\225\021/\352\025\320/\352\025\344\n\000""; }; nodes {;   nodedata: ""\303\016\021\310<Z\337\266>\225@&n\022\246\274\353\220\345b3\035\313\350L\354\254\002\005\305\035\017\002E\344\037@\210\363\010\336T\226\247'\204_{\261\370""1\235\2445\343\033Y!\212\201\341\272\225'\007]Oq\310\023\325\010\005\324\213\205\217\257\263\307\312\330\010]\306\250~s\323\374\327\335)\362\224\241o\013\003""; }; "
1750554984510,1750554984510,1871,1,2,0,TMValidation,"validation: """"\200\000\000\001&\000\000\000\003)/\352\025\346:c\016\231\375\2438\\353Q\177/n\t\321qS|\215ub7\177\265\264\234\340\013\347\177b\007\214QDOG\302\345U\376qP\027\000\000\000\000\000\000\000\000\000\000\000\000\000\000\000\000\000\000\000\000\000\000\000\000\000\000\000\000\000\000\000\000P\031-}\351f\032\255\274\334m\326c\017\014ao[\342\230\003\245\245\3341Hm\326^\017jy\335\261s!\003\014}\246\253\247\326\267P\302\342:\267&\375\036d\013\375\230\236\226\207\332\267\005\016\325\334r\346Q\333vG0E\002!\000\354_\231Q,\330\tzW\361\353O\363J\304Y\346\355\314w\235u\226XV\020\302\023B\346h\247\002 \024\324O\205\225J\343]\373\020\317\016#\360\020\202f\254\231\3438\377dX\312\177\036-!\364T%""; ","validation: """"\200\000\000\001&\000\000\000\003)/\352\025\346:c\016\231\375\2438\\353Q\177/n\t\321qS|\215ub7\177\265\264\234\340\013\347\177b\007\214QDOG\302\345U\376qP\027\000\000\000\000\000\000\000\000\000\000\000\000\000\000\000\000\000\000\000\000\000\000\000\000\000\000\000\000\000\000\000\000P\031-}\351f\032\255\274\334m\326c\017\014ao[\342\230\003\245\245\3341Hm\326^\017jy\335\261s!\003\014}\246\253\247\326\267P\302\342:\267&\375\036d\013\375\230\236\226\207\332\267\005\016\325\334r\346Q\333vG0E\002!\000\354_\231Q,\330\tzW\361\353O\363J\304Y\346\355\314w\235u\226XV\020\302\023B\346h\247\002 \024\324O\205\225J\343]\373\020\317\016#\360\020\202f\254\231\3438\377dX\312\177\036-!\364T%""; "
1750554984510,1750554984510,2455,1,2,4,TMValidation,"validation: """"\200\000\000\001&\000\000\000\003)/\352\025\346:c\016\231\375\2438\\353Q\177/n\t\321qS|\215ub7\177\265\264\234\340\013\347\177b\007\214QDOG\302\345U\376qP\027\000\000\000\000\000\000\000\000\000\000\000\000\000\000\000\000\000\000\000\000\000\000\000\000\000\000\000\000\000\000\000\000P\031-}\351f\032\255\274\334m\326c\017\014ao[\342\230\003\245\245\3341Hm\326^\017jy\335\261s!\003\014}\246\253\247\326\267P\302\342:\267&\375\036d\013\375\230\236\226\207\332\267\005\016\325\334r\346Q\333vG0E\002!\000\354_\231Q,\330\tzW\361\353O\363J\304Y\346\355\314w\235u\226XV\020\302\023B\346h\247\002 \024\324O\205\225J\343]\373\020\317\016#\360\020\202f\254\231\3438\377dX\312\177\036-!\364T%""; ","validation: """"\200\000\000\001&\000\000\000\003)/\352\025\346:c\016\231\375\2438\\353Q\177/n\t\321qS|\215ub7\177\265\264\234\340\013\347\177b\007\214QDOG\302\345U\376qP\027\000\000\000\000\000\000\000\000\000\000\000\000\000\000\000\000\000\000\000\000\000\000\000\000\000\000\000\000\000\000\000\000P\031-}\351f\032\255\274\334m\326c\017\014ao[\342\230\003\245\245\3341Hm\326^\017jy\335\261s!\003\014}\246\253\247\326\267P\302\342:\267&\375\036d\013\375\230\236\226\207\332\267\005\016\325\334r\346Q\333vG0E\002!\000\354_\231Q,\330\tzW\361\353O\363J\304Y\346\355\314w\235u\226XV\020\302\023B\346h\247\002 \024\324O\205\225J\343]\373\020\317\016#\360\020\202f\254\231\3438\377dX\312\177\036-!\364T%""; "
1750554984511,1750554984511,2875,1,2,3,TMValidation,"validation: """"\200\000\000\001&\000\000\000\003)/\352\025\346:c\016\231\375\2438\\353Q\177/n\t\321qS|\215ub7\177\265\264\234\340\013\347\177b\007\214QDOG\302\345U\376qP\027\000\000\000\000\000\000\000\000\000\000\000\000\000\000\000\000\000\000\000\000\000\000\000\000\000\000\000\000\000\000\000\000P\031-}\351f\032\255\274\334m\326c\017\014ao[\342\230\003\245\245\3341Hm\326^\017jy\335\261s!\003\014}\246\253\247\326\267P\302\342:\267&\375\036d\013\375\230\236\226\207\332\267\005\016\325\334r\346Q\333vG0E\002!\000\354_\231Q,\330\tzW\361\353O\363J\304Y\346\355\314w\235u\226XV\020\302\023B\346h\247\002 \024\324O\205\225J\343]\373\020\317\016#\360\020\202f\254\231\3438\377dX\312\177\036-!\364T%""; ","validation: """"\200\000\000\001&\000\000\000\003)/\352\025\346:c\016\231\375\2438\\353Q\177/n\t\321qS|\215ub7\177\265\264\234\340\013\347\177b\007\214QDOG\302\345U\376qP\027\000\000\000\000\000\000\000\000\000\000\000\000\000\000\000\000\000\000\000\000\000\000\000\000\000\000\000\000\000\000\000\000P\031-}\351f\032\255\274\334m\326c\017\014ao[\342\230\003\245\245\3341Hm\326^\017jy\335\261s!\003\014}\246\253\247\326\267P\302\342:\267&\375\036d\013\375\230\236\226\207\332\267\005\016\325\334r\346Q\333vG0E\002!\000\354_\231Q,\330\tzW\361\353O\363J\304Y\346\355\314w\235u\226XV\020\302\023B\346h\247\002 \024\324O\205\225J\343]\373\020\317\016#\360\020\202f\254\231\3438\377dX\312\177\036-!\364T%""; "
1750554984598,1750554984598,2432,1,0,4,TMProposeSet,"proposeSeq: 0; currentTxHash: ""\000\000\000\000\000\000\000\000\000\000\000\000\000\000\000\000\000\000\000\000\000\000\000\000\000\000\000\000\000\000\000\000""; nodePubKey: ""\002\267\233\013C\322\025\227_\336\326\026\301\225\224\007@\351}6j\027\315\304Px?\375+\235`\313_""; closeTime: 803870183; signature: ""0E\002!\000\300a\203\022X\317\0135\004\277|\355\206\tqr\343\231t\204m\362)\223\207(#\254 \206\306\330\002 {D\375\005\224N<`\246\214D\273,: q\032R\355\246\313\323>\212J\240\305\033\204\t@[""; previousledger: ""\177/n\t\321qS|\215ub7\177\265\264\234\340\013\347\177b\007\214QDOG\302\345U\376q""; ","proposeSeq: 0; currentTxHash: ""\000\000\000\000\000\000\000\000\000\000\000\000\000\000\000\000\000\000\000\000\000\000\000\000\000\000\000\000\000\000\000\000""; nodePubKey: ""\002\267\233\013C\322\025\227_\336\326\026\301\225\224\007@\351}6j\027\315\304Px?\375+\235`\313_""; closeTime: 803870183; signature: ""0E\002!\000\300a\203\022X\317\0135\004\277|\355\206\tqr\343\231t\204m\362)\223\207(#\254 \206\306\330\002 {D\375\005\224N<`\246\214D\273,: q\032R\355\246\313\323>\212J\240\305\033\204\t@[""; previousledger: ""\177/n\t\321qS|\215ub7\177\265\264\234\340\013\347\177b\007\214QDOG\302\345U\376q""; "
1750554984607,1750554984607,3587,1,0,2,TMProposeSet,"proposeSeq: 0; currentTxHash: ""\000\000\000\000\000\000\000\000\000\000\000\000\000\000\000\000\000\000\000\000\000\000\000\000\000\000\000\000\000\000\000\000""; nodePubKey: ""\002\267\233\013C\322\025\227_\336\326\026\301\225\224\007@\351}6j\027\315\304Px?\375+\235`\313_""; closeTime: 803870183; signature: ""0E\002!\000\300a\203\022X\317\0135\004\277|\355\206\tqr\343\231t\204m\362)\223\207(#\254 \206\306\330\002 {D\375\005\224N<`\246\214D\273,: q\032R\355\246\313\323>\212J\240\305\033\204\t@[""; previousledger: ""\177/n\t\321qS|\215ub7\177\265\264\234\340\013\347\177b\007\214QDOG\302\345U\376q""; ","proposeSeq: 0; currentTxHash: ""\000\000\000\000\000\000\000\000\000\000\000\000\000\000\000\000\000\000\000\000\000\000\000\000\000\000\000\000\000\000\000\000""; nodePubKey: ""\002\267\233\013C\322\025\227_\336\326\026\301\225\224\007@\351}6j\027\315\304Px?\375+\235`\313_""; closeTime: 803870183; signature: ""0E\002!\000\300a\203\022X\317\0135\004\277|\355\206\tqr\343\231t\204m\362)\223\207(#\254 \206\306\330\002 {D\375\005\224N<`\246\214D\273,: q\032R\355\246\313\323>\212J\240\305\033\204\t@[""; previousledger: ""\177/n\t\321qS|\215ub7\177\265\264\234\340\013\347\177b\007\214QDOG\302\345U\376q""; "
1750554984608,1750554984608,1362,1,0,3,TMProposeSet,"proposeSeq: 0; currentTxHash: ""\000\000\000\000\000\000\000\000\000\000\000\000\000\000\000\000\000\000\000\000\000\000\000\000\000\000\000\000\000\000\000\000""; nodePubKey: ""\002\267\233\013C\322\025\227_\336\326\026\301\225\224\007@\351}6j\027\315\304Px?\375+\235`\313_""; closeTime: 803870183; signature: ""0E\002!\000\300a\203\022X\317\0135\004\277|\355\206\tqr\343\231t\204m\362)\223\207(#\254 \206\306\330\002 {D\375\005\224N<`\246\214D\273,: q\032R\355\246\313\323>\212J\240\305\033\204\t@[""; previousledger: ""\177/n\t\321qS|\215ub7\177\265\264\234\340\013\347\177b\007\214QDOG\302\345U\376q""; ","proposeSeq: 0; currentTxHash: ""\000\000\000\000\000\000\000\000\000\000\000\000\000\000\000\000\000\000\000\000\000\000\000\000\000\000\000\000\000\000\000\000""; nodePubKey: ""\002\267\233\013C\322\025\227_\336\326\026\301\225\224\007@\351}6j\027\315\304Px?\375+\235`\313_""; closeTime: 803870183; signature: ""0E\002!\000\300a\203\022X\317\0135\004\277|\355\206\tqr\343\231t\204m\362)\223\207(#\254 \206\306\330\002 {D\375\005\224N<`\246\214D\273,: q\032R\355\246\313\323>\212J\240\305\033\204\t@[""; previousledger: ""\177/n\t\321qS|\215ub7\177\265\264\234\340\013\347\177b\007\214QDOG\302\345U\376q""; "
1750554984791,1750554984791,215,1,4,1,TMValidation,"validation: """"\200\000\000\001&\000\000\000\003)/\352\025\346:\263\003\340?\354b\337\005Q\177/n\t\321qS|\215ub7\177\265\264\234\340\013\347\177b\007\214QDOG\302\345U\376qP\027\000\000\000\000\000\000\000\000\000\000\000\000\000\000\000\000\000\000\000\000\000\000\000\000\000\000\000\000\000\000\000\000P\031-}\351f\032\255\274\334m\326c\017\014ao[\342\230\003\245\245\3341Hm\326^\017jy\335\261s!\002\267\233\013C\322\025\227_\336\326\026\301\225\224\007@\351}6j\027\315\304Px?\375+\235`\313_vF0D\002 \t\250\226;\207'\326\264\226*[\031\235g\303\177\266\222\262\245\327!\177j\323e\270y\354\227\233\217\002 :S\006\035\2627Y~+\263?\233\324\263\031\234\014\210\374\206q\362a\230\000\314q\367\251\354,o""; ","validation: """"\200\000\000\001&\000\000\000\003)/\352\025\346:\263\003\340?\354b\337\005Q\177/n\t\321qS|\215ub7\177\265\264\234\340\013\347\177b\007\214QDOG\302\345U\376qP\027\000\000\000\000\000\000\000\000\000\000\000\000\000\000\000\000\000\000\000\000\000\000\000\000\000\000\000\000\000\000\000\000P\031-}\351f\032\255\274\334m\326c\017\014ao[\342\230\003\245\245\3341Hm\326^\017jy\335\261s!\002\267\233\013C\322\025\227_\336\326\026\301\225\224\007@\351}6j\027\315\304Px?\375+\235`\313_vF0D\002 \t\250\226;\207'\326\264\226*[\031\235g\303\177\266\222\262\245\327!\177j\323e\270y\354\227\233\217\002 :S\006\035\2627Y~+\263?\233\324\263\031\234\014\210\374\206q\362a\230\000\314q\367\251\354,o""; "
1750554984792,1750554984792,3112,1,4,2,TMValidation,"validation: """"\200\000\000\001&\000\000\000\003)/\352\025\346:\263\003\340?\354b\337\005Q\177/n\t\321qS|\215ub7\177\265\264\234\340\013\347\177b\007\214QDOG\302\345U\376qP\027\000\000\000\000\000\000\000\000\000\000\000\000\000\000\000\000\000\000\000\000\000\000\000\000\000\000\000\000\000\000\000\000P\031-}\351f\032\255\274\334m\326c\017\014ao[\342\230\003\245\245\3341Hm\326^\017jy\335\261s!\002\267\233\013C\322\025\227_\336\326\026\301\225\224\007@\351}6j\027\315\304Px?\375+\235`\313_vF0D\002 \t\250\226;\207'\326\264\226*[\031\235g\303\177\266\222\262\245\327!\177j\323e\270y\354\227\233\217\002 :S\006\035\2627Y~+\263?\233\324\263\031\234\014\210\374\206q\362a\230\000\314q\367\251\354,o""; ","validation: """"\200\000\000\001&\000\000\000\003)/\352\025\346:\263\003\340?\354b\337\005Q\177/n\t\321qS|\215ub7\177\265\264\234\340\013\347\177b\007\214QDOG\302\345U\376qP\027\000\000\000\000\000\000\000\000\000\000\000\000\000\000\000\000\000\000\000\000\000\000\000\000\000\000\000\000\000\000\000\000P\031-}\351f\032\255\274\334m\326c\017\014ao[\342\230\003\245\245\3341Hm\326^\017jy\335\261s!\002\267\233\013C\322\025\227_\336\326\026\301\225\224\007@\351}6j\027\315\304Px?\375+\235`\313_vF0D\002 \t\250\226;\207'\326\264\226*[\031\235g\303\177\266\222\262\245\327!\177j\323e\270y\354\227\233\217\002 :S\006\035\2627Y~+\263?\233\324\263\031\234\014\210\374\206q\362a\230\000\314q\367\251\354,o""; "
1750554984792,1750554984792,339,1,4,0,TMValidation,"validation: """"\200\000\000\001&\000\000\000\003)/\352\025\346:\263\003\340?\354b\337\005Q\177/n\t\321qS|\215ub7\177\265\264\234\340\013\347\177b\007\214QDOG\302\345U\376qP\027\000\000\000\000\000\000\000\000\000\000\000\000\000\000\000\000\000\000\000\000\000\000\000\000\000\000\000\000\000\000\000\000P\031-}\351f\032\255\274\334m\326c\017\014ao[\342\230\003\245\245\3341Hm\326^\017jy\335\261s!\002\267\233\013C\322\025\227_\336\326\026\301\225\224\007@\351}6j\027\315\304Px?\375+\235`\313_vF0D\002 \t\250\226;\207'\326\264\226*[\031\235g\303\177\266\222\262\245\327!\177j\323e\270y\354\227\233\217\002 :S\006\035\2627Y~+\263?\233\324\263\031\234\014\210\374\206q\362a\230\000\314q\367\251\354,o""; ","validation: """"\200\000\000\001&\000\000\000\003)/\352\025\346:\263\003\340?\354b\337\005Q\177/n\t\321qS|\215ub7\177\265\264\234\340\013\347\177b\007\214QDOG\302\345U\376qP\027\000\000\000\000\000\000\000\000\000\000\000\000\000\000\000\000\000\000\000\000\000\000\000\000\000\000\000\000\000\000\000\000P\031-}\351f\032\255\274\334m\326c\017\014ao[\342\230\003\245\245\3341Hm\326^\017jy\335\261s!\002\267\233\013C\322\025\227_\336\326\026\301\225\224\007@\351}6j\027\315\304Px?\375+\235`\313_vF0D\002 \t\250\226;\207'\326\264\226*[\031\235g\303\177\266\222\262\245\327!\177j\323e\270y\354\227\233\217\002 :S\006\035\2627Y~+\263?\233\324\263\031\234\014\210\374\206q\362a\230\000\314q\367\251\354,o""; "
1750554984830,1750554984834,3373,1,1,3,TMTransaction,"rawTransaction: ""\022\000\000""\000\000\000\000$\000\000\000\002 \033\000\000\000\027a@\000\000\027H\206*@h@\000\000\000\000\000\000\ns!\0030\347\374\235V\273%\326\211;\243\363\027\256[\3173\263)\033\326=\263&T\243\023""/\177\320 tG0E\002!\000\351T]}\024p\374\216\245R\322\304\225g{\336\265VCx*M\024\263\215\234\326\325\341$\211I\002 \022\352\340\211a\354\3664\272\3109\365\316 Z\254\236e\352I\366\246'\211+\333\305/\231\312K\023\201\024\265\367by\212S\325C\240\024\312\370\262\227\317\370\362\3717\350\203\024\222\n\270F-\301\003,(m\335a(\331m\3536\2051\375""; status: tsCURRENT; receiveTimestamp: 803870184; deferred: false; ","rawTransaction: ""\022\000\000""\000\000\000\000$\000\000\000\002 \033\000\000\000\027a@\000\000\027H\206*@h@\000\000\000\000\000\000\ns!\0030\347\374\235V\273%\326\211;\243\363\027\256[\3173\263)\033\326=\263&T\243\023""/\177\320 tG0E\002!\000\351T]}\024p\374\216\245R\322\304\225g{\336\265VCx*M\024\263\215\234\326\325\341$\211I\002 \022\352\340\211a\354\3664\272\3109\365\316 Z\254\236e\352I\366\246'\211+\333\305/\231\312K\023\201\024\265\367by\212S\325C\240\024\312\370\262\227\317\370\362\3717\350\203\024\222\n\270F-\301\003,(m\335a(\331m\3536\2051\375""; status: tsCURRENT; receiveTimestamp: 803870184; deferred: false; "
1750554984832,1750554984834,671,1,1,2,TMTransaction,"rawTransaction: ""\022\000\000""\000\000\000\000$\000\000\000\002 \033\000\000\000\027a@\000\000\027H\206*@h@\000\000\000\000\000\000\ns!\0030\347\374\235V\273%\326\211;\243\363\027\256[\3173\263)\033\326=\263&T\243\023""/\177\320 tG0E\002!\000\351T]}\024p\374\216\245R\322\304\225g{\336\265VCx*M\024\263\215\234\326\325\341$\211I\002 \022\352\340\211a\354\3664\272\3109\365\316 Z\254\236e\352I\366\246'\211+\333\305/\231\312K\023\201\024\265\367by\212S\325C\240\024\312\370\262\227\317\370\362\3717\350\203\024\222\n\270F-\301\003,(m\335a(\331m\3536\2051\375""; status: tsCURRENT; receiveTimestamp: 803870184; deferred: false; ","rawTransaction: ""\022\000\000""\000\000\000\000$\000\000\000\002 \033\000\000\000\027a@\000\000\027H\206*@h@\000\000\000\000\000\000\ns!\0030\347\374\235V\273%\326\211;\243\363\027\256[\3173\263)\033\326=\263&T\243\023""/\177\320 tG0E\002!\000\351T]}\024p\374\216\245R\322\304\225g{\336\265VCx*M\024\263\215\234\326\325\341$\211I\002 \022\352\340\211a\354\3664\272\3109\365\316 Z\254\236e\352I\366\246'\211+\333\305/\231\312K\023\201\024\265\367by\212S\325C\240\024\312\370\262\227\317\370\362\3717\350\203\024\222\n\270F-\301\003,(m\335a(\331m\3536\2051\375""; status: tsCURRENT; receiveTimestamp: 803870184; deferred: false; "
1750554984833,1750554984835,1393,1,1,0,TMTransaction,"rawTransaction: ""\022\000\000""\000\000\000\000$\000\000\000\002 \033\000\000\000\027a@\000\000\027H\206*@h@\000\000\000\000\000\000\ns!\0030\347\374\235V\273%\326\211;\243\363\027\256[\3173\263)\033\326=\263&T\243\023""/\177\320 tG0E\002!\000\351T]}\024p\374\216\245R\322\304\225g{\336\265VCx*M\024\263\215\234\326\325\341$\211I\002 \022\352\340\211a\354\3664\272\3109\365\316 Z\254\236e\352I\366\246'\211+\333\305/\231\312K\023\201\024\265\367by\212S\325C\240\024\312\370\262\227\317\370\362\3717\350\203\024\222\n\270F-\301\003,(m\335a(\331m\3536\2051\375""; status: tsCURRENT; receiveTimestamp: 803870184; deferred: false; ","rawTransaction: ""\022\000\000""\000\000\000\000$\000\000\000\002 \033\000\000\000\027a@\000\000\027H\206*@h@\000\000\000\000\000\000\ns!\0030\347\374\235V\273%\326\211;\243\363\027\256[\3173\263)\033\326=\263&T\243\023""/\177\320 tG0E\002!\000\351T]}\024p\374\216\245R\322\304\225g{\336\265VCx*M\024\263\215\234\326\325\341$\211I\002 \022\352\340\211a\354\3664\272\3109\365\316 Z\254\236e\352I\366\246'\211+\333\305/\231\312K\023\201\024\265\367by\212S\325C\240\024\312\370\262\227\317\370\362\3717\350\203\024\222\n\270F-\301\003,(m\335a(\331m\3536\2051\375""; status: tsCURRENT; receiveTimestamp: 803870184; deferred: false; "
1750554984833,1750554984835,3353,1,1,4,TMTransaction,"rawTransaction: ""\022\000\000""\000\000\000\000$\000\000\000\002 \033\000\000\000\027a@\000\000\027H\206*@h@\000\000\000\000\000\000\ns!\0030\347\374\235V\273%\326\211;\243\363\027\256[\3173\263)\033\326=\263&T\243\023""/\177\320 tG0E\002!\000\351T]}\024p\374\216\245R\322\304\225g{\336\265VCx*M\024\263\215\234\326\325\341$\211I\002 \022\352\340\211a\354\3664\272\3109\365\316 Z\254\236e\352I\366\246'\211+\333\305/\231\312K\023\201\024\265\367by\212S\325C\240\024\312\370\262\227\317\370\362\3717\350\203\024\222\n\270F-\301\003,(m\335a(\331m\3536\2051\375""; status: tsCURRENT; receiveTimestamp: 803870184; deferred: false; ","rawTransaction: ""\022\000\000""\000\000\000\000$\000\000\000\002 \033\000\000\000\027a@\000\000\027H\206*@h@\000\000\000\000\000\000\ns!\0030\347\374\235V\273%\326\211;\243\363\027\256[\3173\263)\033\326=\263&T\243\023""/\177\320 tG0E\002!\000\351T]}\024p\374\216\245R\322\304\225g{\336\265VCx*M\024\263\215\234\326\325\341$\211I\002 \022\352\340\211a\354\3664\272\3109\365\316 Z\254\236e\352I\366\246'\211+\333\305/\231\312K\023\201\024\265\367by\212S\325C\240\024\312\370\262\227\317\370\362\3717\350\203\024\222\n\270F-\301\003,(m\335a(\331m\3536\2051\375""; status: tsCURRENT; receiveTimestamp: 803870184; deferred: false; "
1750554984920,1750554984920,1114,1,4,3,TMProposeSet,"proposeSeq: 0; currentTxHash: ""\000\000\000\000\000\000\000\000\000\000\000\000\000\000\000\000\000\000\000\000\000\000\000\000\000\000\000\000\000\000\000\000""; nodePubKey: ""\003\014}\246\253\247\326\267P\302\342:\267&\375\036d\013\375\230\236\226\207\332\267\005\016\325\334r\346Q\333""; closeTime: 803870183; signature: ""0E\002!\000\211\222\273~\211\035\247\367\276~3\314\036w\217\316I\330\322#%\223F\376\225\335\302\332\314>\305\313\002 T;d\fo\337G\013\257\003z\306\366fT\245\271\242\300\316\325\2507\003\022\234X\023\317\3665""; previousledger: ""\177/n\t\321qS|\215ub7\177\265\264\234\340\013\347\177b\007\214QDOG\302\345U\376q""; ","proposeSeq: 0; currentTxHash: ""\000\000\000\000\000\000\000\000\000\000\000\000\000\000\000\000\000\000\000\000\000\000\000\000\000\000\000\000\000\000\000\000""; nodePubKey: ""\003\014}\246\253\247\326\267P\302\342:\267&\375\036d\013\375\230\236\226\207\332\267\005\016\325\334r\346Q\333""; closeTime: 803870183; signature: ""0E\002!\000\211\222\273~\211\035\247\367\276~3\314\036w\217\316I\330\322#%\223F\376\225\335\302\332\314>\305\313\002 T;d\fo\337G\013\257\003z\306\366fT\245\271\242\300\316\325\2507\003\022\234X\023\317\3665""; previousledger: ""\177/n\t\321qS|\215ub7\177\265\264\234\340\013\347\177b\007\214QDOG\302\345U\376q""; "
1750554984921,1750554984921,2906,1,4,0,TMProposeSet,"proposeSeq: 0; currentTxHash: ""\000\000\000\000\000\000\000\000\000\000\000\000\000\000\000\000\000\000\000\000\000\000\000\000\000\000\000\000\000\000\000\000""; nodePubKey: ""\003\014}\246\253\247\326\267P\302\342:\267&\375\036d\013\375\230\236\226\207\332\267\005\016\325\334r\346Q\333""; closeTime: 803870183; signature: ""0E\002!\000\211\222\273~\211\035\247\367\276~3\314\036w\217\316I\330\322#%\223F\376\225\335\302\332\314>\305\313\002 T;d\fo\337G\013\257\003z\306\366fT\245\271\242\300\316\325\2507\003\022\234X\023\317\3665""; previousledger: ""\177/n\t\321qS|\215ub7\177\265\264\234\340\013\347\177b\007\214QDOG\302\345U\376q""; ","proposeSeq: 0; currentTxHash: ""\000\000\000\000\000\000\000\000\000\000\000\000\000\000\000\000\000\000\000\000\000\000\000\000\000\000\000\000\000\000\000\000""; nodePubKey: ""\003\014}\246\253\247\326\267P\302\342:\267&\375\036d\013\375\230\236\226\207\332\267\005\016\325\334r\346Q\333""; closeTime: 803870183; signature: ""0E\002!\000\211\222\273~\211\035\247\367\276~3\314\036w\217\316I\330\322#%\223F\376\225\335\302\332\314>\305\313\002 T;d\fo\337G\013\257\003z\306\366fT\245\271\242\300\316\325\2507\003\022\234X\023\317\3665""; previousledger: ""\177/n\t\321qS|\215ub7\177\265\264\234\340\013\347\177b\007\214QDOG\302\345U\376q""; "
1750554984921,1750554984921,3678,1,4,2,TMProposeSet,"proposeSeq: 0; currentTxHash: ""\000\000\000\000\000\000\000\000\000\000\000\000\000\000\000\000\000\000\000\000\000\000\000\000\000\000\000\000\000\000\000\000""; nodePubKey: ""\003\014}\246\253\247\326\267P\302\342:\267&\375\036d\013\375\230\236\226\207\332\267\005\016\325\334r\346Q\333""; closeTime: 803870183; signature: ""0E\002!\000\211\222\273~\211\035\247\367\276~3\314\036w\217\316I\330\322#%\223F\376\225\335\302\332\314>\305\313\002 T;d\fo\337G\013\257\003z\306\366fT\245\271\242\300\316\325\2507\003\022\234X\023\317\3665""; previousledger: ""\177/n\t\321qS|\215ub7\177\265\264\234\340\013\347\177b\007\214QDOG\302\345U\376q""; ","proposeSeq: 0; currentTxHash: ""\000\000\000\000\000\000\000\000\000\000\000\000\000\000\000\000\000\000\000\000\000\000\000\000\000\000\000\000\000\000\000\000""; nodePubKey: ""\003\014}\246\253\247\326\267P\302\342:\267&\375\036d\013\375\230\236\226\207\332\267\005\016\325\334r\346Q\333""; closeTime: 803870183; signature: ""0E\002!\000\211\222\273~\211\035\247\367\276~3\314\036w\217\316I\330\322#%\223F\376\225\335\302\332\314>\305\313\002 T;d\fo\337G\013\257\003z\306\366fT\245\271\242\300\316\325\2507\003\022\234X\023\317\3665""; previousledger: ""\177/n\t\321qS|\215ub7\177\265\264\234\340\013\347\177b\007\214QDOG\302\345U\376q""; "
1750554984928,1750554984928,2573,1,0,4,TMValidation,"validation: """"\200\000\000\001&\000\000\000\003)/\352\025\346:\263\003\340?\354b\337\005Q\177/n\t\321qS|\215ub7\177\265\264\234\340\013\347\177b\007\214QDOG\302\345U\376qP\027\000\000\000\000\000\000\000\000\000\000\000\000\000\000\000\000\000\000\000\000\000\000\000\000\000\000\000\000\000\000\000\000P\031-}\351f\032\255\274\334m\326c\017\014ao[\342\230\003\245\245\3341Hm\326^\017jy\335\261s!\002\267\233\013C\322\025\227_\336\326\026\301\225\224\007@\351}6j\027\315\304Px?\375+\235`\313_vF0D\002 \t\250\226;\207'\326\264\226*[\031\235g\303\177\266\222\262\245\327!\177j\323e\270y\354\227\233\217\002 :S\006\035\2627Y~+\263?\233\324\263\031\234\014\210\374\206q\362a\230\000\314q\367\251\354,o""; ","validation: """"\200\000\000\001&\000\000\000\003)/\352\025\346:\263\003\340?\354b\337\005Q\177/n\t\321qS|\215ub7\177\265\264\234\340\013\347\177b\007\214QDOG\302\345U\376qP\027\000\000\000\000\000\000\000\000\000\000\000\000\000\000\000\000\000\000\000\000\000\000\000\000\000\000\000\000\000\000\000\000P\031-}\351f\032\255\274\334m\326c\017\014ao[\342\230\003\245\245\3341Hm\326^\017jy\335\261s!\002\267\233\013C\322\025\227_\336\326\026\301\225\224\007@\351}6j\027\315\304Px?\375+\235`\313_vF0D\002 \t\250\226;\207'\326\264\226*[\031\235g\303\177\266\222\262\245\327!\177j\323e\270y\354\227\233\217\002 :S\006\035\2627Y~+\263?\233\324\263\031\234\014\210\374\206q\362a\230\000\314q\367\251\354,o""; "
1750554984928,1750554984928,2300,1,0,1,TMValidation,"validation: """"\200\000\000\001&\000\000\000\003)/\352\025\346:\263\003\340?\354b\337\005Q\177/n\t\321qS|\215ub7\177\265\264\234\340\013\347\177b\007\214QDOG\302\345U\376qP\027\000\000\000\000\000\000\000\000\000\000\000\000\000\000\000\000\000\000\000\000\000\000\000\000\000\000\000\000\000\000\000\000P\031-}\351f\032\255\274\334m\326c\017\014ao[\342\230\003\245\245\3341Hm\326^\017jy\335\261s!\002\267\233\013C\322\025\227_\336\326\026\301\225\224\007@\351}6j\027\315\304Px?\375+\235`\313_vF0D\002 \t\250\226;\207'\326\264\226*[\031\235g\303\177\266\222\262\245\327!\177j\323e\270y\354\227\233\217\002 :S\006\035\2627Y~+\263?\233\324\263\031\234\014\210\374\206q\362a\230\000\314q\367\251\354,o""; ","validation: """"\200\000\000\001&\000\000\000\003)/\352\025\346:\263\003\340?\354b\337\005Q\177/n\t\321qS|\215ub7\177\265\264\234\340\013\347\177b\007\214QDOG\302\345U\376qP\027\000\000\000\000\000\000\000\000\000\000\000\000\000\000\000\000\000\000\000\000\000\000\000\000\000\000\000\000\000\000\000\000P\031-}\351f\032\255\274\334m\326c\017\014ao[\342\230\003\245\245\3341Hm\326^\017jy\335\261s!\002\267\233\013C\322\025\227_\336\326\026\301\225\224\007@\351}6j\027\315\304Px?\375+\235`\313_vF0D\002 \t\250\226;\207'\326\264\226*[\031\235g\303\177\266\222\262\245\327!\177j\323e\270y\354\227\233\217\002 :S\006\035\2627Y~+\263?\233\324\263\031\234\014\210\374\206q\362a\230\000\314q\367\251\354,o""; "
1750554984928,1750554984928,711,1,0,2,TMValidation,"validation: """"\200\000\000\001&\000\000\000\003)/\352\025\346:\263\003\340?\354b\337\005Q\177/n\t\321qS|\215ub7\177\265\264\234\340\013\347\177b\007\214QDOG\302\345U\376qP\027\000\000\000\000\000\000\000\000\000\000\000\000\000\000\000\000\000\000\000\000\000\000\000\000\000\000\000\000\000\000\000\000P\031-}\351f\032\255\274\334m\326c\017\014ao[\342\230\003\245\245\3341Hm\326^\017jy\335\261s!\002\267\233\013C\322\025\227_\336\326\026\301\225\224\007@\351}6j\027\315\304Px?\375+\235`\313_vF0D\002 \t\250\226;\207'\326\264\226*[\031\235g\303\177\266\222\262\245\327!\177j\323e\270y\354\227\233\217\002 :S\006\035\2627Y~+\263?\233\324\263\031\234\014\210\374\206q\362a\230\000\314q\367\251\354,o""; ","validation: """"\200\000\000\001&\000\000\000\003)/\352\025\346:\263\003\340?\354b\337\005Q\177/n\t\321qS|\215ub7\177\265\264\234\340\013\347\177b\007\214QDOG\302\345U\376qP\027\000\000\000\000\000\000\000\000\000\000\000\000\000\000\000\000\000\000\000\000\000\000\000\000\000\000\000\000\000\000\000\000P\031-}\351f\032\255\274\334m\326c\017\014ao[\342\230\003\245\245\3341Hm\326^\017jy\335\261s!\002\267\233\013C\322\025\227_\336\326\026\301\225\224\007@\351}6j\027\315\304Px?\375+\235`\313_vF0D\002 \t\250\226;\207'\326\264\226*[\031\235g\303\177\266\222\262\245\327!\177j\323e\270y\354\227\233\217\002 :S\006\035\2627Y~+\263?\233\324\263\031\234\014\210\374\206q\362a\230\000\314q\367\251\354,o""; "
1750554984943,1750554984943,3190,1,4,1,TMTransaction,"rawTransaction: ""\022\000\000""\000\000\000\000$\000\000\000\001 \033\000\000\000\027a@\000\000\027H\206*@h@\000\000\000\000\000\000\ns!\0030\347\374\235V\273%\326\211;\243\363\027\256[\3173\263)\033\326=\263&T\243\023""/\177\320 tF0D\002 z~w\205GU\373\266\331\007p\014,\022I\355\226\375\201\2535\2363\373\322\323\321\310\020\021\t\375\002 \0010hV&~ 6\244B\004}\022\323y\204\357\306\373V\276U{\217|\032#\344)\341\246\233\201\024\265\367by\212S\325C\240\024\312\370\262\227\317\370\362\3717\350\203\024\004u\013\332S\305\246S\362r\026Wx\246\377m\351B\343\311""; status: tsCURRENT; receiveTimestamp: 803870184; deferred: false; ","rawTransaction: ""\022\000\000""\000\000\000\000$\000\000\000\001 \033\000\000\000\027a@\000\000\027H\206*@h@\000\000\000\000\000\000\ns!\0030\347\374\235V\273%\326\211;\243\363\027\256[\3173\263)\033\326=\263&T\243\023""/\177\320 tF0D\002 z~w\205GU\373\266\331\007p\014,\022I\355\226\375\201\2535\2363\373\322\323\321\310\020\021\t\375\002 \0010hV&~ 6\244B\004}\022\323y\204\357\306\373V\276U{\217|\032#\344)\341\246\233\201\024\265\367by\212S\325C\240\024\312\370\262\227\317\370\362\3717\350\203\024\004u\013\332S\305\246S\362r\026Wx\246\377m\351B\343\311""; status: tsCURRENT; receiveTimestamp: 803870184; deferred: false; "
1750554984943,1750554984944,2640,1,4,3,TMTransaction,"rawTransaction: ""\022\000\000""\000\000\000\000$\000\000\000\001 \033\000\000\000\027a@\000\000\027H\206*@h@\000\000\000\000\000\000\ns!\0030\347\374\235V\273%\326\211;\243\363\027\256[\3173\263)\033\326=\263&T\243\023""/\177\320 tF0D\002 z~w\205GU\373\266\331\007p\014,\022I\355\226\375\201\2535\2363\373\322\323\321\310\020\021\t\375\002 \0010hV&~ 6\244B\004}\022\323y\204\357\306\373V\276U{\217|\032#\344)\341\246\233\201\024\265\367by\212S\325C\240\024\312\370\262\227\317\370\362\3717\350\203\024\004u\013\332S\305\246S\362r\026Wx\246\377m\351B\343\311""; status: tsCURRENT; receiveTimestamp: 803870184; deferred: false; ","rawTransaction: ""\022\000\000""\000\000\000\000$\000\000\000\001 \033\000\000\000\027a@\000\000\027H\206*@h@\000\000\000\000\000\000\ns!\0030\347\374\235V\273%\326\211;\243\363\027\256[\3173\263)\033\326=\263&T\243\023""/\177\320 tF0D\002 z~w\205GU\373\266\331\007p\014,\022I\355\226\375\201\2535\2363\373\322\323\321\310\020\021\t\375\002 \0010hV&~ 6\244B\004}\022\323y\204\357\306\373V\276U{\217|\032#\344)\341\246\233\201\024\265\367by\212S\325C\240\024\312\370\262\227\317\370\362\3717\350\203\024\004u\013\332S\305\246S\362r\026Wx\246\377m\351B\343\311""; status: tsCURRENT; receiveTimestamp: 803870184; deferred: false; "
1750554984943,1750554984944,3113,1,4,0,TMTransaction,"rawTransaction: ""\022\000\000""\000\000\000\000$\000\000\000\001 \033\000\000\000\027a@\000\000\027H\206*@h@\000\000\000\000\000\000\ns!\0030\347\374\235V\273%\326\211;\243\363\027\256[\3173\263)\033\326=\263&T\243\023""/\177\320 tF0D\002 z~w\205GU\373\266\331\007p\014,\022I\355\226\375\201\2535\2363\373\322\323\321\310\020\021\t\375\002 \0010hV&~ 6\244B\004}\022\323y\204\357\306\373V\276U{\217|\032#\344)\341\246\233\201\024\265\367by\212S\325C\240\024\312\370\262\227\317\370\362\3717\350\203\024\004u\013\332S\305\246S\362r\026Wx\246\377m\351B\343\311""; status: tsCURRENT; receiveTimestamp: 803870184; deferred: false; ","rawTransaction: ""\022\000\000""\000\000\000\000$\000\000\000\001 \033\000\000\000\027a@\000\000\027H\206*@h@\000\000\000\000\000\000\ns!\0030\347\374\235V\273%\326\211;\243\363\027\256[\3173\263)\033\326=\263&T\243\023""/\177\320 tF0D\002 z~w\205GU\373\266\331\007p\014,\022I\355\226\375\201\2535\2363\373\322\323\321\310\020\021\t\375\002 \0010hV&~ 6\244B\004}\022\323y\204\357\306\373V\276U{\217|\032#\344)\341\246\233\201\024\265\367by\212S\325C\240\024\312\370\262\227\317\370\362\3717\350\203\024\004u\013\332S\305\246S\362r\026Wx\246\377m\351B\343\311""; status: tsCURRENT; receiveTimestamp: 803870184; deferred: false; "
1750554984965,1750554984965,2551,1,4,3,TMHaveTransactionSet,"status: tsHAVE; hash: ""\372\006o\003\332\302\312\221!,\240\314\315\007\254?\274\320-$\2220)\277\347^\326\315$\277\362\231""; ","status: tsHAVE; hash: ""\372\006o\003\332\302\312\221!,\240\314\315\007\254?\274\320-$\2220)\277\347^\326\315$\277\362\231""; "
1750554984966,1750554984966,1114,1,4,3,TMProposeSet,"proposeSeq: 0; currentTxHash: ""\372\006o\003\332\302\312\221!,\240\314\315\007\254?\274\320-$\2220)\277\347^\326\315$\277\362\231""; nodePubKey: ""\002\203\234\253\325\333\332\276\223y;\250+B\323"" Hg\303\030\n\303\345\255\330\223\n\240\260\032\305!""; closeTime: 803870184; signature: ""0D\002 0L(\252\270\250t\306\200\344oD\275\276%\270\300o\030\346\005&\207\350\034\251\021\230\276\241\371{\002 0\272\n\311\037V\331v\222\330\227\345\200)\335v*)p6\260\347\250\252\301\354\225\310\204\343\242n""; previousledger: ""\177/n\t\321qS|\215ub7\177\265\264\234\340\013\347\177b\007\214QDOG\302\345U\376q""; ","proposeSeq: 0; currentTxHash: ""\372\006o\003\332\302\312\221!,\240\314\315\007\254?\274\320-$\2220)\277\347^\326\315$\277\362\231""; nodePubKey: ""\002\203\234\253\325\333\332\276\223y;\250+B\323"" Hg\303\030\n\303\345\255\330\223\n\240\260\032\305!""; closeTime: 803870184; signature: ""0D\002 0L(\252\270\250t\306\200\344oD\275\276%\270\300o\030\346\005&\207\350\034\251\021\230\276\241\371{\002 0\272\n\311\037V\331v\222\330\227\345\200)\335v*)p6\260\347\250\252\301\354\225\310\204\343\242n""; previousledger: ""\177/n\t\321qS|\215ub7\177\265\264\234\340\013\347\177b\007\214QDOG\302\345U\376q""; "
1750554984967,1750554984967,817,1,4,1,TMProposeSet,"proposeSeq: 0; currentTxHash: ""\372\006o\003\332\302\312\221!,\240\314\315\007\254?\274\320-$\2220)\277\347^\326\315$\277\362\231""; nodePubKey: ""\002\203\234\253\325\333\332\276\223y;\250+B\323"" Hg\303\030\n\303\345\255\330\223\n\240\260\032\305!""; closeTime: 803870184; signature: ""0D\002 0L(\252\270\250t\306\200\344oD\275\276%\270\300o\030\346\005&\207\350\034\251\021\230\276\241\371{\002 0\272\n\311\037V\331v\222\330\227\345\200)\335v*)p6\260\347\250\252\301\354\225\310\204\343\242n""; previousledger: ""\177/n\t\321qS|\215ub7\177\265\264\234\340\013\347\177b\007\214QDOG\302\345U\376q""; ","proposeSeq: 0; currentTxHash: ""\372\006o\003\332\302\312\221!,\240\314\315\007\254?\274\320-$\2220)\277\347^\326\315$\277\362\231""; nodePubKey: ""\002\203\234\253\325\333\332\276\223y;\250+B\323"" Hg\303\030\n\303\345\255\330\223\n\240\260\032\305!""; closeTime: 803870184; signature: ""0D\002 0L(\252\270\250t\306\200\344oD\275\276%\270\300o\030\346\005&\207\350\034\251\021\230\276\241\371{\002 0\272\n\311\037V\331v\222\330\227\345\200)\335v*)p6\260\347\250\252\301\354\225\310\204\343\242n""; previousledger: ""\177/n\t\321qS|\215ub7\177\265\264\234\340\013\347\177b\007\214QDOG\302\345U\376q""; "
1750554984967,1750554984967,3850,1,4,1,TMHaveTransactionSet,"status: tsHAVE; hash: ""\372\006o\003\332\302\312\221!,\240\314\315\007\254?\274\320-$\2220)\277\347^\326\315$\277\362\231""; ","status: tsHAVE; hash: ""\372\006o\003\332\302\312\221!,\240\314\315\007\254?\274\320-$\2220)\277\347^\326\315$\277\362\231""; "
1750554984966,1750554984966,496,1,4,0,TMHaveTransactionSet,"status: tsHAVE; hash: ""\372\006o\003\332\302\312\221!,\240\314\315\007\254?\274\320-$\2220)\277\347^\326\315$\277\362\231""; ","status: tsHAVE; hash: ""\372\006o\003\332\302\312\221!,\240\314\315\007\254?\274\320-$\2220)\277\347^\326\315$\277\362\231""; "
1750554984967,1750554984967,2906,1,4,0,TMProposeSet,"proposeSeq: 0; currentTxHash: ""\372\006o\003\332\302\312\221!,\240\314\315\007\254?\274\320-$\2220)\277\347^\326\315$\277\362\231""; nodePubKey: ""\002\203\234\253\325\333\332\276\223y;\250+B\323"" Hg\303\030\n\303\345\255\330\223\n\240\260\032\305!""; closeTime: 803870184; signature: ""0D\002 0L(\252\270\250t\306\200\344oD\275\276%\270\300o\030\346\005&\207\350\034\251\021\230\276\241\371{\002 0\272\n\311\037V\331v\222\330\227\345\200)\335v*)p6\260\347\250\252\301\354\225\310\204\343\242n""; previousledger: ""\177/n\t\321qS|\215ub7\177\265\264\234\340\013\347\177b\007\214QDOG\302\345U\376q""; ","proposeSeq: 0; currentTxHash: ""\372\006o\003\332\302\312\221!,\240\314\315\007\254?\274\320-$\2220)\277\347^\326\315$\277\362\231""; nodePubKey: ""\002\203\234\253\325\333\332\276\223y;\250+B\323"" Hg\303\030\n\303\345\255\330\223\n\240\260\032\305!""; closeTime: 803870184; signature: ""0D\002 0L(\252\270\250t\306\200\344oD\275\276%\270\300o\030\346\005&\207\350\034\251\021\230\276\241\371{\002 0\272\n\311\037V\331v\222\330\227\345\200)\335v*)p6\260\347\250\252\301\354\225\310\204\343\242n""; previousledger: ""\177/n\t\321qS|\215ub7\177\265\264\234\340\013\347\177b\007\214QDOG\302\345U\376q""; "
1750554984972,1750554984972,1332,1,4,3,TMValidation,"validation: """"\200\000\000\001&\000\000\000\003)/\352\025\346:\034\006[$\340{$\215Q\177/n\t\321qS|\215ub7\177\265\264\234\340\013\347\177b\007\214QDOG\302\345U\376qP\027\000\000\000\000\000\000\000\000\000\000\000\000\000\000\000\000\000\000\000\000\000\000\000\000\000\000\000\000\000\000\000\000P\031-}\351f\032\255\274\334m\326c\017\014ao[\342\230\003\245\245\3341Hm\326^\017jy\335\261s!\003r\247\260\262W1v\231G\352\250p\313\031\267[k\261e{a\207j\020\217\332\242`\260*\357\332vF0D\002 v\342\275\033\3530\362G\224L?\2030\330\236t\021\rW\\003\267u(:8\262c|\202\022\031\002 Tn\246\274o\216\334\204\316Ve5}#p\017\341\261F\335\034r'_3\245\321Dq2\267e""; ","validation: """"\200\000\000\001&\000\000\000\003)/\352\025\346:\034\006[$\340{$\215Q\177/n\t\321qS|\215ub7\177\265\264\234\340\013\347\177b\007\214QDOG\302\345U\376qP\027\000\000\000\000\000\000\000\000\000\000\000\000\000\000\000\000\000\000\000\000\000\000\000\000\000\000\000\000\000\000\000\000P\031-}\351f\032\255\274\334m\326c\017\014ao[\342\230\003\245\245\3341Hm\326^\017jy\335\261s!\003r\247\260\262W1v\231G\352\250p\313\031\267[k\261e{a\207j\020\217\332\242`\260*\357\332vF0D\002 v\342\275\033\3530\362G\224L?\2030\330\236t\021\rW\\003\267u(:8\262c|\202\022\031\002 Tn\246\274o\216\334\204\316Ve5}#p\017\341\261F\335\034r'_3\245\321Dq2\267e""; "
1750554984972,1750554984973,215,1,4,1,TMValidation,"validation: """"\200\000\000\001&\000\000\000\003)/\352\025\346:\034\006[$\340{$\215Q\177/n\t\321qS|\215ub7\177\265\264\234\340\013\347\177b\007\214QDOG\302\345U\376qP\027\000\000\000\000\000\000\000\000\000\000\000\000\000\000\000\000\000\000\000\000\000\000\000\000\000\000\000\000\000\000\000\000P\031-}\351f\032\255\274\334m\326c\017\014ao[\342\230\003\245\245\3341Hm\326^\017jy\335\261s!\003r\247\260\262W1v\231G\352\250p\313\031\267[k\261e{a\207j\020\217\332\242`\260*\357\332vF0D\002 v\342\275\033\3530\362G\224L?\2030\330\236t\021\rW\\003\267u(:8\262c|\202\022\031\002 Tn\246\274o\216\334\204\316Ve5}#p\017\341\261F\335\034r'_3\245\321Dq2\267e""; ","validation: """"\200\000\000\001&\000\000\000\003)/\352\025\346:\034\006[$\340{$\215Q\177/n\t\321qS|\215ub7\177\265\264\234\340\013\347\177b\007\214QDOG\302\345U\376qP\027\000\000\000\000\000\000\000\000\000\000\000\000\000\000\000\000\000\000\000\000\000\000\000\000\000\000\000\000\000\000\000\000P\031-}\351f\032\255\274\334m\326c\017\014ao[\342\230\003\245\245\3341Hm\326^\017jy\335\261s!\003r\247\260\262W1v\231G\352\250p\313\031\267[k\261e{a\207j\020\217\332\242`\260*\357\332vF0D\002 v\342\275\033\3530\362G\224L?\2030\330\236t\021\rW\\003\267u(:8\262c|\202\022\031\002 Tn\246\274o\216\334\204\316Ve5}#p\017\341\261F\335\034r'_3\245\321Dq2\267e""; "
1750554985002,1750554985002,1695,1,4,2,TMHaveTransactionSet,"status: tsHAVE; hash: ""\372\006o\003\332\302\312\221!,\240\314\315\007\254?\274\320-$\2220)\277\347^\326\315$\277\362\231""; ","status: tsHAVE; hash: ""\372\006o\003\332\302\312\221!,\240\314\315\007\254?\274\320-$\2220)\277\347^\326\315$\277\362\231""; "
1750554985002,1750554985002,3112,1,4,2,TMValidation,"validation: """"\200\000\000\001&\000\000\000\003)/\352\025\346:\034\006[$\340{$\215Q\177/n\t\321qS|\215ub7\177\265\264\234\340\013\347\177b\007\214QDOG\302\345U\376qP\027\000\000\000\000\000\000\000\000\000\000\000\000\000\000\000\000\000\000\000\000\000\000\000\000\000\000\000\000\000\000\000\000P\031-}\351f\032\255\274\334m\326c\017\014ao[\342\230\003\245\245\3341Hm\326^\017jy\335\261s!\003r\247\260\262W1v\231G\352\250p\313\031\267[k\261e{a\207j\020\217\332\242`\260*\357\332vF0D\002 v\342\275\033\3530\362G\224L?\2030\330\236t\021\rW\\003\267u(:8\262c|\202\022\031\002 Tn\246\274o\216\334\204\316Ve5}#p\017\341\261F\335\034r'_3\245\321Dq2\267e""; ","validation: """"\200\000\000\001&\000\000\000\003)/\352\025\346:\034\006[$\340{$\215Q\177/n\t\321qS|\215ub7\177\265\264\234\340\013\347\177b\007\214QDOG\302\345U\376qP\027\000\000\000\000\000\000\000\000\000\000\000\000\000\000\000\000\000\000\000\000\000\000\000\000\000\000\000\000\000\000\000\000P\031-}\351f\032\255\274\334m\326c\017\014ao[\342\230\003\245\245\3341Hm\326^\017jy\335\261s!\003r\247\260\262W1v\231G\352\250p\313\031\267[k\261e{a\207j\020\217\332\242`\260*\357\332vF0D\002 v\342\275\033\3530\362G\224L?\2030\330\236t\021\rW\\003\267u(:8\262c|\202\022\031\002 Tn\246\274o\216\334\204\316Ve5}#p\017\341\261F\335\034r'_3\245\321Dq2\267e""; "
1750554985002,1750554985002,3678,1,4,2,TMProposeSet,"proposeSeq: 0; currentTxHash: ""\372\006o\003\332\302\312\221!,\240\314\315\007\254?\274\320-$\2220)\277\347^\326\315$\277\362\231""; nodePubKey: ""\002\203\234\253\325\333\332\276\223y;\250+B\323"" Hg\303\030\n\303\345\255\330\223\n\240\260\032\305!""; closeTime: 803870184; signature: ""0D\002 0L(\252\270\250t\306\200\344oD\275\276%\270\300o\030\346\005&\207\350\034\251\021\230\276\241\371{\002 0\272\n\311\037V\331v\222\330\227\345\200)\335v*)p6\260\347\250\252\301\354\225\310\204\343\242n""; previousledger: ""\177/n\t\321qS|\215ub7\177\265\264\234\340\013\347\177b\007\214QDOG\302\345U\376q""; ","proposeSeq: 0; currentTxHash: ""\372\006o\003\332\302\312\221!,\240\314\315\007\254?\274\320-$\2220)\277\347^\326\315$\277\362\231""; nodePubKey: ""\002\203\234\253\325\333\332\276\223y;\250+B\323"" Hg\303\030\n\303\345\255\330\223\n\240\260\032\305!""; closeTime: 803870184; signature: ""0D\002 0L(\252\270\250t\306\200\344oD\275\276%\270\300o\030\346\005&\207\350\034\251\021\230\276\241\371{\002 0\272\n\311\037V\331v\222\330\227\345\200)\335v*)p6\260\347\250\252\301\354\225\310\204\343\242n""; previousledger: ""\177/n\t\321qS|\215ub7\177\265\264\234\340\013\347\177b\007\214QDOG\302\345U\376q""; "
1750554985012,1750554985012,1315,1,2,3,TMHaveTransactionSet,"status: tsHAVE; hash: ""\372\006o\003\332\302\312\221!,\240\314\315\007\254?\274\320-$\2220)\277\347^\326\315$\277\362\231""; ","status: tsHAVE; hash: ""\372\006o\003\332\302\312\221!,\240\314\315\007\254?\274\320-$\2220)\277\347^\326\315$\277\362\231""; "
1750554985013,1750554985013,3055,1,2,0,TMHaveTransactionSet,"status: tsHAVE; hash: ""\372\006o\003\332\302\312\221!,\240\314\315\007\254?\274\320-$\2220)\277\347^\326\315$\277\362\231""; ","status: tsHAVE; hash: ""\372\006o\003\332\302\312\221!,\240\314\315\007\254?\274\320-$\2220)\277\347^\326\315$\277\362\231""; "
1750554985014,1750554985014,290,1,2,4,TMHaveTransactionSet,"status: tsHAVE; hash: ""\372\006o\003\332\302\312\221!,\240\314\315\007\254?\274\320-$\2220)\277\347^\326\315$\277\362\231""; ","status: tsHAVE; hash: ""\372\006o\003\332\302\312\221!,\240\314\315\007\254?\274\320-$\2220)\277\347^\326\315$\277\362\231""; "
1750554985014,1750554985014,1828,1,2,4,TMProposeSet,"proposeSeq: 0; currentTxHash: ""\372\006o\003\332\302\312\221!,\240\314\315\007\254?\274\320-$\2220)\277\347^\326\315$\277\362\231""; nodePubKey: ""\003\377\373k5_\032\3369\270\342\273n(r\273\207{\327\250/\370I\221Q\224\244\335\320\006\305\376q""; closeTime: 803870185; signature: ""0D\002 Q\216j\342\272rZz\263Fj\342C|\265\250\257\227\221CLs\203\341\273\t\353\222\314\021b\373\002 \027\203\020\356\254SZ|V\272\206\263Y\352\n\0072\234S\277K\346\027\321[\342\342\210\005\326\337Y""; previousledger: ""\177/n\t\321qS|\215ub7\177\265\264\234\340\013\347\177b\007\214QDOG\302\345U\376q""; ","proposeSeq: 0; currentTxHash: ""\372\006o\003\332\302\312\221!,\240\314\315\007\254?\274\320-$\2220)\277\347^\326\315$\277\362\231""; nodePubKey: ""\003\377\373k5_\032\3369\270\342\273n(r\273\207{\327\250/\370I\221Q\224\244\335\320\006\305\376q""; closeTime: 803870185; signature: ""0D\002 Q\216j\342\272rZz\263Fj\342C|\265\250\257\227\221CLs\203\341\273\t\353\222\314\021b\373\002 \027\203\020\356\254SZ|V\272\206\263Y\352\n\0072\234S\277K\346\027\321[\342\342\210\005\326\337Y""; previousledger: ""\177/n\t\321qS|\215ub7\177\265\264\234\340\013\347\177b\007\214QDOG\302\345U\376q""; "
1750554985014,1750554985015,209,1,2,1,TMHaveTransactionSet,"status: tsHAVE; hash: ""\372\006o\003\332\302\312\221!,\240\314\315\007\254?\274\320-$\2220)\277\347^\326\315$\277\362\231""; ","status: tsHAVE; hash: ""\372\006o\003\332\302\312\221!,\240\314\315\007\254?\274\320-$\2220)\277\347^\326\315$\277\362\231""; "
1750554985015,1750554985015,510,1,2,1,TMProposeSet,"proposeSeq: 0; currentTxHash: ""\372\006o\003\332\302\312\221!,\240\314\315\007\254?\274\320-$\2220)\277\347^\326\315$\277\362\231""; nodePubKey: ""\003\377\373k5_\032\3369\270\342\273n(r\273\207{\327\250/\370I\221Q\224\244\335\320\006\305\376q""; closeTime: 803870185; signature: ""0D\002 Q\216j\342\272rZz\263Fj\342C|\265\250\257\227\221CLs\203\341\273\t\353\222\314\021b\373\002 \027\203\020\356\254SZ|V\272\206\263Y\352\n\0072\234S\277K\346\027\321[\342\342\210\005\326\337Y""; previousledger: ""\177/n\t\321qS|\215ub7\177\265\264\234\340\013\347\177b\007\214QDOG\302\345U\376q""; ","proposeSeq: 0; currentTxHash: ""\372\006o\003\332\302\312\221!,\240\314\315\007\254?\274\320-$\2220)\277\347^\326\315$\277\362\231""; nodePubKey: ""\003\377\373k5_\032\3369\270\342\273n(r\273\207{\327\250/\370I\221Q\224\244\335\320\006\305\376q""; closeTime: 803870185; signature: ""0D\002 Q\216j\342\272rZz\263Fj\342C|\265\250\257\227\221CLs\203\341\273\t\353\222\314\021b\373\002 \027\203\020\356\254SZ|V\272\206\263Y\352\n\0072\234S\277K\346\027\321[\342\342\210\005\326\337Y""; previousledger: ""\177/n\t\321qS|\215ub7\177\265\264\234\340\013\347\177b\007\214QDOG\302\345U\376q""; "
1750554985015,1750554985016,2812,1,2,0,TMProposeSet,"proposeSeq: 0; currentTxHash: ""\372\006o\003\332\302\312\221!,\240\314\315\007\254?\274\320-$\2220)\277\347^\326\315$\277\362\231""; nodePubKey: ""\003\377\373k5_\032\3369\270\342\273n(r\273\207{\327\250/\370I\221Q\224\244\335\320\006\305\376q""; closeTime: 803870185; signature: ""0D\002 Q\216j\342\272rZz\263Fj\342C|\265\250\257\227\221CLs\203\341\273\t\353\222\314\021b\373\002 \027\203\020\356\254SZ|V\272\206\263Y\352\n\0072\234S\277K\346\027\321[\342\342\210\005\326\337Y""; previousledger: ""\177/n\t\321qS|\215ub7\177\265\264\234\340\013\347\177b\007\214QDOG\302\345U\376q""; ","proposeSeq: 0; currentTxHash: ""\372\006o\003\332\302\312\221!,\240\314\315\007\254?\274\320-$\2220)\277\347^\326\315$\277\362\231""; nodePubKey: ""\003\377\373k5_\032\3369\270\342\273n(r\273\207{\327\250/\370I\221Q\224\244\335\320\006\305\376q""; closeTime: 803870185; signature: ""0D\002 Q\216j\342\272rZz\263Fj\342C|\265\250\257\227\221CLs\203\341\273\t\353\222\314\021b\373\002 \027\203\020\356\254SZ|V\272\206\263Y\352\n\0072\234S\277K\346\027\321[\342\342\210\005\326\337Y""; previousledger: ""\177/n\t\321qS|\215ub7\177\265\264\234\340\013\347\177b\007\214QDOG\302\345U\376q""; "
1750554985016,1750554985016,799,1,2,3,TMProposeSet,"proposeSeq: 0; currentTxHash: ""\372\006o\003\332\302\312\221!,\240\314\315\007\254?\274\320-$\2220)\277\347^\326\315$\277\362\231""; nodePubKey: ""\003\377\373k5_\032\3369\270\342\273n(r\273\207{\327\250/\370I\221Q\224\244\335\320\006\305\376q""; closeTime: 803870185; signature: ""0D\002 Q\216j\342\272rZz\263Fj\342C|\265\250\257\227\221CLs\203\341\273\t\353\222\314\021b\373\002 \027\203\020\356\254SZ|V\272\206\263Y\352\n\0072\234S\277K\346\027\321[\342\342\210\005\326\337Y""; previousledger: ""\177/n\t\321qS|\215ub7\177\265\264\234\340\013\347\177b\007\214QDOG\302\345U\376q""; ","proposeSeq: 0; currentTxHash: ""\372\006o\003\332\302\312\221!,\240\314\315\007\254?\274\320-$\2220)\277\347^\326\315$\277\362\231""; nodePubKey: ""\003\377\373k5_\032\3369\270\342\273n(r\273\207{\327\250/\370I\221Q\224\244\335\320\006\305\376q""; closeTime: 803870185; signature: ""0D\002 Q\216j\342\272rZz\263Fj\342C|\265\250\257\227\221CLs\203\341\273\t\353\222\314\021b\373\002 \027\203\020\356\254SZ|V\272\206\263Y\352\n\0072\234S\277K\346\027\321[\342\342\210\005\326\337Y""; previousledger: ""\177/n\t\321qS|\215ub7\177\265\264\234\340\013\347\177b\007\214QDOG\302\345U\376q""; "
1750554984960,1750554985034,2414,1,4,2,TMStatusChange,"newEvent: neCLOSING_LEDGER; ledgerSeq: 3; ledgerHash: ""\177/n\t\321qS|\215ub7\177\265\264\234\340\013\347\177b\007\214QDOG\302\345U\376q""; ledgerHashPrevious: ""?\256\336y\324\026M\272]\205fM\0221 \237p\205\264\373\177\362\267\250\270\003\243\004\353\210\250g""; networkTime: 803870184; firstSeq: 1; lastSeq: 3; ","newEvent: neCLOSING_LEDGER; ledgerSeq: 3; ledgerHash: ""\177/n\t\321qS|\215ub7\177\265\264\234\340\013\347\177b\007\214QDOG\302\345U\376q""; ledgerHashPrevious: ""?\256\336y\324\026M\272]\205fM\0221 \237p\205\264\373\177\362\267\250\270\003\243\004\353\210\250g""; networkTime: 803870184; firstSeq: 1; lastSeq: 3; "
1750554984961,1750554985034,995,1,4,3,TMStatusChange,"newEvent: neCLOSING_LEDGER; ledgerSeq: 3; ledgerHash: ""\177/n\t\321qS|\215ub7\177\265\264\234\340\013\347\177b\007\214QDOG\302\345U\376q""; ledgerHashPrevious: ""?\256\336y\324\026M\272]\205fM\0221 \237p\205\264\373\177\362\267\250\270\003\243\004\353\210\250g""; networkTime: 803870184; firstSeq: 1; lastSeq: 3; ","newEvent: neCLOSING_LEDGER; ledgerSeq: 3; ledgerHash: ""\177/n\t\321qS|\215ub7\177\265\264\234\340\013\347\177b\007\214QDOG\302\345U\376q""; ledgerHashPrevious: ""?\256\336y\324\026M\272]\205fM\0221 \237p\205\264\373\177\362\267\250\270\003\243\004\353\210\250g""; networkTime: 803870184; firstSeq: 1; lastSeq: 3; "
1750554984961,1750554985035,1668,1,4,1,TMStatusChange,"newEvent: neCLOSING_LEDGER; ledgerSeq: 3; ledgerHash: ""\177/n\t\321qS|\215ub7\177\265\264\234\340\013\347\177b\007\214QDOG\302\345U\376q""; ledgerHashPrevious: ""?\256\336y\324\026M\272]\205fM\0221 \237p\205\264\373\177\362\267\250\270\003\243\004\353\210\250g""; networkTime: 803870184; firstSeq: 1; lastSeq: 3; ","newEvent: neCLOSING_LEDGER; ledgerSeq: 3; ledgerHash: ""\177/n\t\321qS|\215ub7\177\265\264\234\340\013\347\177b\007\214QDOG\302\345U\376q""; ledgerHashPrevious: ""?\256\336y\324\026M\272]\205fM\0221 \237p\205\264\373\177\362\267\250\270\003\243\004\353\210\250g""; networkTime: 803870184; firstSeq: 1; lastSeq: 3; "
1750554984961,1750554985036,1452,1,4,0,TMStatusChange,"newEvent: neCLOSING_LEDGER; ledgerSeq: 3; ledgerHash: ""\177/n\t\321qS|\215ub7\177\265\264\234\340\013\347\177b\007\214QDOG\302\345U\376q""; ledgerHashPrevious: ""?\256\336y\324\026M\272]\205fM\0221 \237p\205\264\373\177\362\267\250\270\003\243\004\353\210\250g""; networkTime: 803870184; firstSeq: 1; lastSeq: 3; ","newEvent: neCLOSING_LEDGER; ledgerSeq: 3; ledgerHash: ""\177/n\t\321qS|\215ub7\177\265\264\234\340\013\347\177b\007\214QDOG\302\345U\376q""; ledgerHashPrevious: ""?\256\336y\324\026M\272]\205fM\0221 \237p\205\264\373\177\362\267\250\270\003\243\004\353\210\250g""; networkTime: 803870184; firstSeq: 1; lastSeq: 3; "
1750554985004,1750554985111,2016,1,2,3,TMStatusChange,"newEvent: neCLOSING_LEDGER; ledgerSeq: 3; ledgerHash: ""\177/n\t\321qS|\215ub7\177\265\264\234\340\013\347\177b\007\214QDOG\302\345U\376q""; ledgerHashPrevious: ""?\256\336y\324\026M\272]\205fM\0221 \237p\205\264\373\177\362\267\250\270\003\243\004\353\210\250g""; networkTime: 803870185; firstSeq: 1; lastSeq: 3; ","newEvent: neCLOSING_LEDGER; ledgerSeq: 3; ledgerHash: ""\177/n\t\321qS|\215ub7\177\265\264\234\340\013\347\177b\007\214QDOG\302\345U\376q""; ledgerHashPrevious: ""?\256\336y\324\026M\272]\205fM\0221 \237p\205\264\373\177\362\267\250\270\003\243\004\353\210\250g""; networkTime: 803870185; firstSeq: 1; lastSeq: 3; "
1750554985005,1750554985112,3215,1,2,1,TMStatusChange,"newEvent: neCLOSING_LEDGER; ledgerSeq: 3; ledgerHash: ""\177/n\t\321qS|\215ub7\177\265\264\234\340\013\347\177b\007\214QDOG\302\345U\376q""; ledgerHashPrevious: ""?\256\336y\324\026M\272]\205fM\0221 \237p\205\264\373\177\362\267\250\270\003\243\004\353\210\250g""; networkTime: 803870185; firstSeq: 1; lastSeq: 3; ","newEvent: neCLOSING_LEDGER; ledgerSeq: 3; ledgerHash: ""\177/n\t\321qS|\215ub7\177\265\264\234\340\013\347\177b\007\214QDOG\302\345U\376q""; ledgerHashPrevious: ""?\256\336y\324\026M\272]\205fM\0221 \237p\205\264\373\177\362\267\250\270\003\243\004\353\210\250g""; networkTime: 803870185; firstSeq: 1; lastSeq: 3; "
1750554985005,1750554985112,3479,1,2,4,TMStatusChange,"newEvent: neCLOSING_LEDGER; ledgerSeq: 3; ledgerHash: ""\177/n\t\321qS|\215ub7\177\265\264\234\340\013\347\177b\007\214QDOG\302\345U\376q""; ledgerHashPrevious: ""?\256\336y\324\026M\272]\205fM\0221 \237p\205\264\373\177\362\267\250\270\003\243\004\353\210\250g""; networkTime: 803870185; firstSeq: 1; lastSeq: 3; ","newEvent: neCLOSING_LEDGER; ledgerSeq: 3; ledgerHash: ""\177/n\t\321qS|\215ub7\177\265\264\234\340\013\347\177b\007\214QDOG\302\345U\376q""; ledgerHashPrevious: ""?\256\336y\324\026M\272]\205fM\0221 \237p\205\264\373\177\362\267\250\270\003\243\004\353\210\250g""; networkTime: 803870185; firstSeq: 1; lastSeq: 3; "
1750554985005,1750554985111,2259,1,2,0,TMStatusChange,"newEvent: neCLOSING_LEDGER; ledgerSeq: 3; ledgerHash: ""\177/n\t\321qS|\215ub7\177\265\264\234\340\013\347\177b\007\214QDOG\302\345U\376q""; ledgerHashPrevious: ""?\256\336y\324\026M\272]\205fM\0221 \237p\205\264\373\177\362\267\250\270\003\243\004\353\210\250g""; networkTime: 803870185; firstSeq: 1; lastSeq: 3; ","newEvent: neCLOSING_LEDGER; ledgerSeq: 3; ledgerHash: ""\177/n\t\321qS|\215ub7\177\265\264\234\340\013\347\177b\007\214QDOG\302\345U\376q""; ledgerHashPrevious: ""?\256\336y\324\026M\272]\205fM\0221 \237p\205\264\373\177\362\267\250\270\003\243\004\353\210\250g""; networkTime: 803870185; firstSeq: 1; lastSeq: 3; "
1750554985122,1750554985123,1584,1,0,4,TMTransaction,"rawTransaction: ""\022\000\000""\000\000\000\000$\000\000\000\001 \033\000\000\000\027a@\000\000\027H\206*@h@\000\000\000\000\000\000\ns!\0030\347\374\235V\273%\326\211;\243\363\027\256[\3173\263)\033\326=\263&T\243\023""/\177\320 tF0D\002 z~w\205GU\373\266\331\007p\014,\022I\355\226\375\201\2535\2363\373\322\323\321\310\020\021\t\375\002 \0010hV&~ 6\244B\004}\022\323y\204\357\306\373V\276U{\217|\032#\344)\341\246\233\201\024\265\367by\212S\325C\240\024\312\370\262\227\317\370\362\3717\350\203\024\004u\013\332S\305\246S\362r\026Wx\246\377m\351B\343\311""; status: tsCURRENT; receiveTimestamp: 803870185; deferred: false; ","rawTransaction: ""\022\000\000""\000\000\000\000$\000\000\000\001 \033\000\000\000\027a@\000\000\027H\206*@h@\000\000\000\000\000\000\ns!\0030\347\374\235V\273%\326\211;\243\363\027\256[\3173\263)\033\326=\263&T\243\023""/\177\320 tF0D\002 z~w\205GU\373\266\331\007p\014,\022I\355\226\375\201\2535\2363\373\322\323\321\310\020\021\t\375\002 \0010hV&~ 6\244B\004}\022\323y\204\357\306\373V\276U{\217|\032#\344)\341\246\233\201\024\265\367by\212S\325C\240\024\312\370\262\227\317\370\362\3717\350\203\024\004u\013\332S\305\246S\362r\026Wx\246\377m\351B\343\311""; status: tsCURRENT; receiveTimestamp: 803870185; deferred: false; "
1750554985123,1750554985124,2224,1,0,2,TMTransaction,"rawTransaction: ""\022\000\000""\000\000\000\000$\000\000\000\001 \033\000\000\000\027a@\000\000\027H\206*@h@\000\000\000\000\000\000\ns!\0030\347\374\235V\273%\326\211;\243\363\027\256[\3173\263)\033\326=\263&T\243\023""/\177\320 tF0D\002 z~w\205GU\373\266\331\007p\014,\022I\355\226\375\201\2535\2363\373\322\323\321\310\020\021\t\375\002 \0010hV&~ 6\244B\004}\022\323y\204\357\306\373V\276U{\217|\032#\344)\341\246\233\201\024\265\367by\212S\325C\240\024\312\370\262\227\317\370\362\3717\350\203\024\004u\013\332S\305\246S\362r\026Wx\246\377m\351B\343\311""; status: tsCURRENT; receiveTimestamp: 803870185; deferred: false; ","rawTransaction: ""\022\000\000""\000\000\000\000$\000\000\000\001 \033\000\000\000\027a@\000\000\027H\206*@h@\000\000\000\000\000\000\ns!\0030\347\374\235V\273%\326\211;\243\363\027\256[\3173\263)\033\326=\263&T\243\023""/\177\320 tF0D\002 z~w\205GU\373\266\331\007p\014,\022I\355\226\375\201\2535\2363\373\322\323\321\310\020\021\t\375\002 \0010hV&~ 6\244B\004}\022\323y\204\357\306\373V\276U{\217|\032#\344)\341\246\233\201\024\265\367by\212S\325C\240\024\312\370\262\227\317\370\362\3717\350\203\024\004u\013\332S\305\246S\362r\026Wx\246\377m\351B\343\311""; status: tsCURRENT; receiveTimestamp: 803870185; deferred: false; "
1750554985123,1750554985124,2460,1,0,3,TMTransaction,"rawTransaction: ""\022\000\000""\000\000\000\000$\000\000\000\001 \033\000\000\000\027a@\000\000\027H\206*@h@\000\000\000\000\000\000\ns!\0030\347\374\235V\273%\326\211;\243\363\027\256[\3173\263)\033\326=\263&T\243\023""/\177\320 tF0D\002 z~w\205GU\373\266\331\007p\014,\022I\355\226\375\201\2535\2363\373\322\323\321\310\020\021\t\375\002 \0010hV&~ 6\244B\004}\022\323y\204\357\306\373V\276U{\217|\032#\344)\341\246\233\201\024\265\367by\212S\325C\240\024\312\370\262\227\317\370\362\3717\350\203\024\004u\013\332S\305\246S\362r\026Wx\246\377m\351B\343\311""; status: tsCURRENT; receiveTimestamp: 803870185; deferred: false; ","rawTransaction: ""\022\000\000""\000\000\000\000$\000\000\000\001 \033\000\000\000\027a@\000\000\027H\206*@h@\000\000\000\000\000\000\ns!\0030\347\374\235V\273%\326\211;\243\363\027\256[\3173\263)\033\326=\263&T\243\023""/\177\320 tF0D\002 z~w\205GU\373\266\331\007p\014,\022I\355\226\375\201\2535\2363\373\322\323\321\310\020\021\t\375\002 \0010hV&~ 6\244B\004}\022\323y\204\357\306\373V\276U{\217|\032#\344)\341\246\233\201\024\265\367by\212S\325C\240\024\312\370\262\227\317\370\362\3717\350\203\024\004u\013\332S\305\246S\362r\026Wx\246\377m\351B\343\311""; status: tsCURRENT; receiveTimestamp: 803870185; deferred: false; "
1750554985341,1750554985341,3430,1,3,2,TMProposeSet,"proposeSeq: 0; currentTxHash: ""\000\000\000\000\000\000\000\000\000\000\000\000\000\000\000\000\000\000\000\000\000\000\000\000\000\000\000\000\000\000\000\000""; nodePubKey: ""\003\014}\246\253\247\326\267P\302\342:\267&\375\036d\013\375\230\236\226\207\332\267\005\016\325\334r\346Q\333""; closeTime: 803870183; signature: ""0E\002!\000\211\222\273~\211\035\247\367\276~3\314\036w\217\316I\330\322#%\223F\376\225\335\302\332\314>\305\313\002 T;d\fo\337G\013\257\003z\306\366fT\245\271\242\300\316\325\2507\003\022\234X\023\317\3665""; previousledger: ""\177/n\t\321qS|\215ub7\177\265\264\234\340\013\347\177b\007\214QDOG\302\345U\376q""; ","proposeSeq: 0; currentTxHash: ""\000\000\000\000\000\000\000\000\000\000\000\000\000\000\000\000\000\000\000\000\000\000\000\000\000\000\000\000\000\000\000\000""; nodePubKey: ""\003\014}\246\253\247\326\267P\302\342:\267&\375\036d\013\375\230\236\226\207\332\267\005\016\325\334r\346Q\333""; closeTime: 803870183; signature: ""0E\002!\000\211\222\273~\211\035\247\367\276~3\314\036w\217\316I\330\322#%\223F\376\225\335\302\332\314>\305\313\002 T;d\fo\337G\013\257\003z\306\366fT\245\271\242\300\316\325\2507\003\022\234X\023\317\3665""; previousledger: ""\177/n\t\321qS|\215ub7\177\265\264\234\340\013\347\177b\007\214QDOG\302\345U\376q""; "
1750554985341,1750554985341,1088,1,3,1,TMProposeSet,"proposeSeq: 0; currentTxHash: ""\000\000\000\000\000\000\000\000\000\000\000\000\000\000\000\000\000\000\000\000\000\000\000\000\000\000\000\000\000\000\000\000""; nodePubKey: ""\003\014}\246\253\247\326\267P\302\342:\267&\375\036d\013\375\230\236\226\207\332\267\005\016\325\334r\346Q\333""; closeTime: 803870183; signature: ""0E\002!\000\211\222\273~\211\035\247\367\276~3\314\036w\217\316I\330\322#%\223F\376\225\335\302\332\314>\305\313\002 T;d\fo\337G\013\257\003z\306\366fT\245\271\242\300\316\325\2507\003\022\234X\023\317\3665""; previousledger: ""\177/n\t\321qS|\215ub7\177\265\264\234\340\013\347\177b\007\214QDOG\302\345U\376q""; ","proposeSeq: 0; currentTxHash: ""\000\000\000\000\000\000\000\000\000\000\000\000\000\000\000\000\000\000\000\000\000\000\000\000\000\000\000\000\000\000\000\000""; nodePubKey: ""\003\014}\246\253\247\326\267P\302\342:\267&\375\036d\013\375\230\236\226\207\332\267\005\016\325\334r\346Q\333""; closeTime: 803870183; signature: ""0E\002!\000\211\222\273~\211\035\247\367\276~3\314\036w\217\316I\330\322#%\223F\376\225\335\302\332\314>\305\313\002 T;d\fo\337G\013\257\003z\306\366fT\245\271\242\300\316\325\2507\003\022\234X\023\317\3665""; previousledger: ""\177/n\t\321qS|\215ub7\177\265\264\234\340\013\347\177b\007\214QDOG\302\345U\376q""; "
1750554985342,1750554985342,2528,1,3,4,TMProposeSet,"proposeSeq: 0; currentTxHash: ""\000\000\000\000\000\000\000\000\000\000\000\000\000\000\000\000\000\000\000\000\000\000\000\000\000\000\000\000\000\000\000\000""; nodePubKey: ""\003\014}\246\253\247\326\267P\302\342:\267&\375\036d\013\375\230\236\226\207\332\267\005\016\325\334r\346Q\333""; closeTime: 803870183; signature: ""0E\002!\000\211\222\273~\211\035\247\367\276~3\314\036w\217\316I\330\322#%\223F\376\225\335\302\332\314>\305\313\002 T;d\fo\337G\013\257\003z\306\366fT\245\271\242\300\316\325\2507\003\022\234X\023\317\3665""; previousledger: ""\177/n\t\321qS|\215ub7\177\265\264\234\340\013\347\177b\007\214QDOG\302\345U\376q""; ","proposeSeq: 0; currentTxHash: ""\000\000\000\000\000\000\000\000\000\000\000\000\000\000\000\000\000\000\000\000\000\000\000\000\000\000\000\000\000\000\000\000""; nodePubKey: ""\003\014}\246\253\247\326\267P\302\342:\267&\375\036d\013\375\230\236\226\207\332\267\005\016\325\334r\346Q\333""; closeTime: 803870183; signature: ""0E\002!\000\211\222\273~\211\035\247\367\276~3\314\036w\217\316I\330\322#%\223F\376\225\335\302\332\314>\305\313\002 T;d\fo\337G\013\257\003z\306\366fT\245\271\242\300\316\325\2507\003\022\234X\023\317\3665""; previousledger: ""\177/n\t\321qS|\215ub7\177\265\264\234\340\013\347\177b\007\214QDOG\302\345U\376q""; "
1750554985500,1750554985503,540,1,2,4,TMTransaction,"rawTransaction: ""\022\000\000""\000\000\000\000$\000\000\000\002 \033\000\000\000\027a@\000\000\027H\206*@h@\000\000\000\000\000\000\ns!\0030\347\374\235V\273%\326\211;\243\363\027\256[\3173\263)\033\326=\263&T\243\023""/\177\320 tG0E\002!\000\351T]}\024p\374\216\245R\322\304\225g{\336\265VCx*M\024\263\215\234\326\325\341$\211I\002 \022\352\340\211a\354\3664\272\3109\365\316 Z\254\236e\352I\366\246'\211+\333\305/\231\312K\023\201\024\265\367by\212S\325C\240\024\312\370\262\227\317\370\362\3717\350\203\024\222\n\270F-\301\003,(m\335a(\331m\3536\2051\375""; status: tsCURRENT; receiveTimestamp: 803870185; deferred: false; ","rawTransaction: ""\022\000\000""\000\000\000\000$\000\000\000\002 \033\000\000\000\027a@\000\000\027H\206*@h@\000\000\000\000\000\000\ns!\0030\347\374\235V\273%\326\211;\243\363\027\256[\3173\263)\033\326=\263&T\243\023""/\177\320 tG0E\002!\000\351T]}\024p\374\216\245R\322\304\225g{\336\265VCx*M\024\263\215\234\326\325\341$\211I\002 \022\352\340\211a\354\3664\272\3109\365\316 Z\254\236e\352I\366\246'\211+\333\305/\231\312K\023\201\024\265\367by\212S\325C\240\024\312\370\262\227\317\370\362\3717\350\203\024\222\n\270F-\301\003,(m\335a(\331m\3536\2051\375""; status: tsCURRENT; receiveTimestamp: 803870185; deferred: false; "
1750554985503,1750554985503,1114,1,4,3,TMProposeSet,"proposeSeq: 0; currentTxHash: ""\000\000\000\000\000\000\000\000\000\000\000\000\000\000\000\000\000\000\000\000\000\000\000\000\000\000\000\000\000\000\000\000""; nodePubKey: ""\002\267\233\013C\322\025\227_\336\326\026\301\225\224\007@\351}6j\027\315\304Px?\375+\235`\313_""; closeTime: 803870183; signature: ""0E\002!\000\300a\203\022X\317\0135\004\277|\355\206\tqr\343\231t\204m\362)\223\207(#\254 \206\306\330\002 {D\375\005\224N<`\246\214D\273,: q\032R\355\246\313\323>\212J\240\305\033\204\t@[""; previousledger: ""\177/n\t\321qS|\215ub7\177\265\264\234\340\013\347\177b\007\214QDOG\302\345U\376q""; ","proposeSeq: 0; currentTxHash: ""\000\000\000\000\000\000\000\000\000\000\000\000\000\000\000\000\000\000\000\000\000\000\000\000\000\000\000\000\000\000\000\000""; nodePubKey: ""\002\267\233\013C\322\025\227_\336\326\026\301\225\224\007@\351}6j\027\315\304Px?\375+\235`\313_""; closeTime: 803870183; signature: ""0E\002!\000\300a\203\022X\317\0135\004\277|\355\206\tqr\343\231t\204m\362)\223\207(#\254 \206\306\330\002 {D\375\005\224N<`\246\214D\273,: q\032R\355\246\313\323>\212J\240\305\033\204\t@[""; previousledger: ""\177/n\t\321qS|\215ub7\177\265\264\234\340\013\347\177b\007\214QDOG\302\345U\376q""; "
1750554985503,1750554985503,2906,1,4,0,TMProposeSet,"proposeSeq: 0; currentTxHash: ""\000\000\000\000\000\000\000\000\000\000\000\000\000\000\000\000\000\000\000\000\000\000\000\000\000\000\000\000\000\000\000\000""; nodePubKey: ""\002\267\233\013C\322\025\227_\336\326\026\301\225\224\007@\351}6j\027\315\304Px?\375+\235`\313_""; closeTime: 803870183; signature: ""0E\002!\000\300a\203\022X\317\0135\004\277|\355\206\tqr\343\231t\204m\362)\223\207(#\254 \206\306\330\002 {D\375\005\224N<`\246\214D\273,: q\032R\355\246\313\323>\212J\240\305\033\204\t@[""; previousledger: ""\177/n\t\321qS|\215ub7\177\265\264\234\340\013\347\177b\007\214QDOG\302\345U\376q""; ","proposeSeq: 0; currentTxHash: ""\000\000\000\000\000\000\000\000\000\000\000\000\000\000\000\000\000\000\000\000\000\000\000\000\000\000\000\000\000\000\000\000""; nodePubKey: ""\002\267\233\013C\322\025\227_\336\326\026\301\225\224\007@\351}6j\027\315\304Px?\375+\235`\313_""; closeTime: 803870183; signature: ""0E\002!\000\300a\203\022X\317\0135\004\277|\355\206\tqr\343\231t\204m\362)\223\207(#\254 \206\306\330\002 {D\375\005\224N<`\246\214D\273,: q\032R\355\246\313\323>\212J\240\305\033\204\t@[""; previousledger: ""\177/n\t\321qS|\215ub7\177\265\264\234\340\013\347\177b\007\214QDOG\302\345U\376q""; "
1750554985503,1750554985504,3678,1,4,2,TMProposeSet,"proposeSeq: 0; currentTxHash: ""\000\000\000\000\000\000\000\000\000\000\000\000\000\000\000\000\000\000\000\000\000\000\000\000\000\000\000\000\000\000\000\000""; nodePubKey: ""\002\267\233\013C\322\025\227_\336\326\026\301\225\224\007@\351}6j\027\315\304Px?\375+\235`\313_""; closeTime: 803870183; signature: ""0E\002!\000\300a\203\022X\317\0135\004\277|\355\206\tqr\343\231t\204m\362)\223\207(#\254 \206\306\330\002 {D\375\005\224N<`\246\214D\273,: q\032R\355\246\313\323>\212J\240\305\033\204\t@[""; previousledger: ""\177/n\t\321qS|\215ub7\177\265\264\234\340\013\347\177b\007\214QDOG\302\345U\376q""; ","proposeSeq: 0; currentTxHash: ""\000\000\000\000\000\000\000\000\000\000\000\000\000\000\000\000\000\000\000\000\000\000\000\000\000\000\000\000\000\000\000\000""; nodePubKey: ""\002\267\233\013C\322\025\227_\336\326\026\301\225\224\007@\351}6j\027\315\304Px?\375+\235`\313_""; closeTime: 803870183; signature: ""0E\002!\000\300a\203\022X\317\0135\004\277|\355\206\tqr\343\231t\204m\362)\223\207(#\254 \206\306\330\002 {D\375\005\224N<`\246\214D\273,: q\032R\355\246\313\323>\212J\240\305\033\204\t@[""; previousledger: ""\177/n\t\321qS|\215ub7\177\265\264\234\340\013\347\177b\007\214QDOG\302\345U\376q""; "
1750554985501,1750554985504,1630,1,2,0,TMTransaction,"rawTransaction: ""\022\000\000""\000\000\000\000$\000\000\000\002 \033\000\000\000\027a@\000\000\027H\206*@h@\000\000\000\000\000\000\ns!\0030\347\374\235V\273%\326\211;\243\363\027\256[\3173\263)\033\326=\263&T\243\023""/\177\320 tG0E\002!\000\351T]}\024p\374\216\245R\322\304\225g{\336\265VCx*M\024\263\215\234\326\325\341$\211I\002 \022\352\340\211a\354\3664\272\3109\365\316 Z\254\236e\352I\366\246'\211+\333\305/\231\312K\023\201\024\265\367by\212S\325C\240\024\312\370\262\227\317\370\362\3717\350\203\024\222\n\270F-\301\003,(m\335a(\331m\3536\2051\375""; status: tsCURRENT; receiveTimestamp: 803870185; deferred: false; ","rawTransaction: ""\022\000\000""\000\000\000\000$\000\000\000\002 \033\000\000\000\027a@\000\000\027H\206*@h@\000\000\000\000\000\000\ns!\0030\347\374\235V\273%\326\211;\243\363\027\256[\3173\263)\033\326=\263&T\243\023""/\177\320 tG0E\002!\000\351T]}\024p\374\216\245R\322\304\225g{\336\265VCx*M\024\263\215\234\326\325\341$\211I\002 \022\352\340\211a\354\3664\272\3109\365\316 Z\254\236e\352I\366\246'\211+\333\305/\231\312K\023\201\024\265\367by\212S\325C\240\024\312\370\262\227\317\370\362\3717\350\203\024\222\n\270F-\301\003,(m\335a(\331m\3536\2051\375""; status: tsCURRENT; receiveTimestamp: 803870185; deferred: false; "
1750554985502,1750554985505,1422,1,2,3,TMTransaction,"rawTransaction: ""\022\000\000""\000\000\000\000$\000\000\000\002 \033\000\000\000\027a@\000\000\027H\206*@h@\000\000\000\000\000\000\ns!\0030\347\374\235V\273%\326\211;\243\363\027\256[\3173\263)\033\326=\263&T\243\023""/\177\320 tG0E\002!\000\351T]}\024p\374\216\245R\322\304\225g{\336\265VCx*M\024\263\215\234\326\325\341$\211I\002 \022\352\340\211a\354\3664\272\3109\365\316 Z\254\236e\352I\366\246'\211+\333\305/\231\312K\023\201\024\265\367by\212S\325C\240\024\312\370\262\227\317\370\362\3717\350\203\024\222\n\270F-\301\003,(m\335a(\331m\3536\2051\375""; status: tsCURRENT; receiveTimestamp: 803870185; deferred: false; ","rawTransaction: ""\022\000\000""\000\000\000\000$\000\000\000\002 \033\000\000\000\027a@\000\000\027H\206*@h@\000\000\000\000\000\000\ns!\0030\347\374\235V\273%\326\211;\243\363\027\256[\3173\263)\033\326=\263&T\243\023""/\177\320 tG0E\002!\000\351T]}\024p\374\216\245R\322\304\225g{\336\265VCx*M\024\263\215\234\326\325\341$\211I\002 \022\352\340\211a\354\3664\272\3109\365\316 Z\254\236e\352I\366\246'\211+\333\305/\231\312K\023\201\024\265\367by\212S\325C\240\024\312\370\262\227\317\370\362\3717\350\203\024\222\n\270F-\301\003,(m\335a(\331m\3536\2051\375""; status: tsCURRENT; receiveTimestamp: 803870185; deferred: false; "
1750554985522,1750554985522,2655,1,3,4,TMValidation,"validation: """"\200\000\000\001&\000\000\000\003)/\352\025\350:\327^\220\264\371\235\346\371Q\177/n\t\321qS|\215ub7\177\265\264\234\340\013\347\177b\007\214QDOG\302\345U\376qP\027\000\000\000\000\000\000\000\000\000\000\000\000\000\000\000\000\000\000\000\000\000\000\000\000\000\000\000\000\000\000\000\000P\031-}\351f\032\255\274\334m\326c\017\014ao[\342\230\003\245\245\3341Hm\326^\017jy\335\261s!\003\377\373k5_\032\3369\270\342\273n(r\273\207{\327\250/\370I\221Q\224\244\335\320\006\305\376qvG0E\002!\000\347\314\202/\213m\016\330*\250]\201#\233[\365\347\022\232Y\236\341\362_q\235\275\263\265s\\356\002 I\365\374\274my\214\264~\007\347&\265\036e\365F\016\235\372U{u\357\266\361Z\004\212\276\262&""; ","validation: """"\200\000\000\001&\000\000\000\003)/\352\025\350:\327^\220\264\371\235\346\371Q\177/n\t\321qS|\215ub7\177\265\264\234\340\013\347\177b\007\214QDOG\302\345U\376qP\027\000\000\000\000\000\000\000\000\000\000\000\000\000\000\000\000\000\000\000\000\000\000\000\000\000\000\000\000\000\000\000\000P\031-}\351f\032\255\274\334m\326c\017\014ao[\342\230\003\245\245\3341Hm\326^\017jy\335\261s!\003\377\373k5_\032\3369\270\342\273n(r\273\207{\327\250/\370I\221Q\224\244\335\320\006\305\376qvG0E\002!\000\347\314\202/\213m\016\330*\250]\201#\233[\365\347\022\232Y\236\341\362_q\235\275\263\265s\\356\002 I\365\374\274my\214\264~\007\347&\265\036e\365F\016\235\372U{u\357\266\361Z\004\212\276\262&""; "
1750554985522,1750554985523,2793,1,3,0,TMValidation,"validation: """"\200\000\000\001&\000\000\000\003)/\352\025\350:\327^\220\264\371\235\346\371Q\177/n\t\321qS|\215ub7\177\265\264\234\340\013\347\177b\007\214QDOG\302\345U\376qP\027\000\000\000\000\000\000\000\000\000\000\000\000\000\000\000\000\000\000\000\000\000\000\000\000\000\000\000\000\000\000\000\000P\031-}\351f\032\255\274\334m\326c\017\014ao[\342\230\003\245\245\3341Hm\326^\017jy\335\261s!\003\377\373k5_\032\3369\270\342\273n(r\273\207{\327\250/\370I\221Q\224\244\335\320\006\305\376qvG0E\002!\000\347\314\202/\213m\016\330*\250]\201#\233[\365\347\022\232Y\236\341\362_q\235\275\263\265s\\356\002 I\365\374\274my\214\264~\007\347&\265\036e\365F\016\235\372U{u\357\266\361Z\004\212\276\262&""; ","validation: """"\200\000\000\001&\000\000\000\003)/\352\025\350:\327^\220\264\371\235\346\371Q\177/n\t\321qS|\215ub7\177\265\264\234\340\013\347\177b\007\214QDOG\302\345U\376qP\027\000\000\000\000\000\000\000\000\000\000\000\000\000\000\000\000\000\000\000\000\000\000\000\000\000\000\000\000\000\000\000\000P\031-}\351f\032\255\274\334m\326c\017\014ao[\342\230\003\245\245\3341Hm\326^\017jy\335\261s!\003\377\373k5_\032\3369\270\342\273n(r\273\207{\327\250/\370I\221Q\224\244\335\320\006\305\376qvG0E\002!\000\347\314\202/\213m\016\330*\250]\201#\233[\365\347\022\232Y\236\341\362_q\235\275\263\265s\\356\002 I\365\374\274my\214\264~\007\347&\265\036e\365F\016\235\372U{u\357\266\361Z\004\212\276\262&""; "
1750554985523,1750554985523,1878,1,3,2,TMValidation,"validation: """"\200\000\000\001&\000\000\000\003)/\352\025\350:\327^\220\264\371\235\346\371Q\177/n\t\321qS|\215ub7\177\265\264\234\340\013\347\177b\007\214QDOG\302\345U\376qP\027\000\000\000\000\000\000\000\000\000\000\000\000\000\000\000\000\000\000\000\000\000\000\000\000\000\000\000\000\000\000\000\000P\031-}\351f\032\255\274\334m\326c\017\014ao[\342\230\003\245\245\3341Hm\326^\017jy\335\261s!\003\377\373k5_\032\3369\270\342\273n(r\273\207{\327\250/\370I\221Q\224\244\335\320\006\305\376qvG0E\002!\000\347\314\202/\213m\016\330*\250]\201#\233[\365\347\022\232Y\236\341\362_q\235\275\263\265s\\356\002 I\365\374\274my\214\264~\007\347&\265\036e\365F\016\235\372U{u\357\266\361Z\004\212\276\262&""; ","validation: """"\200\000\000\001&\000\000\000\003)/\352\025\350:\327^\220\264\371\235\346\371Q\177/n\t\321qS|\215ub7\177\265\264\234\340\013\347\177b\007\214QDOG\302\345U\376qP\027\000\000\000\000\000\000\000\000\000\000\000\000\000\000\000\000\000\000\000\000\000\000\000\000\000\000\000\000\000\000\000\000P\031-}\351f\032\255\274\334m\326c\017\014ao[\342\230\003\245\245\3341Hm\326^\017jy\335\261s!\003\377\373k5_\032\3369\270\342\273n(r\273\207{\327\250/\370I\221Q\224\244\335\320\006\305\376qvG0E\002!\000\347\314\202/\213m\016\330*\250]\201#\233[\365\347\022\232Y\236\341\362_q\235\275\263\265s\\356\002 I\365\374\274my\214\264~\007\347&\265\036e\365F\016\235\372U{u\357\266\361Z\004\212\276\262&""; "
1750554985525,1750554985525,330,1,1,0,TMProposeSet,"proposeSeq: 0; currentTxHash: ""\372\006o\003\332\302\312\221!,\240\314\315\007\254?\274\320-$\2220)\277\347^\326\315$\277\362\231""; nodePubKey: ""\003\377\373k5_\032\3369\270\342\273n(r\273\207{\327\250/\370I\221Q\224\244\335\320\006\305\376q""; closeTime: 803870185; signature: ""0D\002 Q\216j\342\272rZz\263Fj\342C|\265\250\257\227\221CLs\203\341\273\t\353\222\314\021b\373\002 \027\203\020\356\254SZ|V\272\206\263Y\352\n\0072\234S\277K\346\027\321[\342\342\210\005\326\337Y""; previousledger: ""\177/n\t\321qS|\215ub7\177\265\264\234\340\013\347\177b\007\214QDOG\302\345U\376q""; ","proposeSeq: 0; currentTxHash: ""\372\006o\003\332\302\312\221!,\240\314\315\007\254?\274\320-$\2220)\277\347^\326\315$\277\362\231""; nodePubKey: ""\003\377\373k5_\032\3369\270\342\273n(r\273\207{\327\250/\370I\221Q\224\244\335\320\006\305\376q""; closeTime: 803870185; signature: ""0D\002 Q\216j\342\272rZz\263Fj\342C|\265\250\257\227\221CLs\203\341\273\t\353\222\314\021b\373\002 \027\203\020\356\254SZ|V\272\206\263Y\352\n\0072\234S\277K\346\027\321[\342\342\210\005\326\337Y""; previousledger: ""\177/n\t\321qS|\215ub7\177\265\264\234\340\013\347\177b\007\214QDOG\302\345U\376q""; "
1750554985526,1750554985526,1275,1,1,4,TMProposeSet,"proposeSeq: 0; currentTxHash: ""\372\006o\003\332\302\312\221!,\240\314\315\007\254?\274\320-$\2220)\277\347^\326\315$\277\362\231""; nodePubKey: ""\003\377\373k5_\032\3369\270\342\273n(r\273\207{\327\250/\370I\221Q\224\244\335\320\006\305\376q""; closeTime: 803870185; signature: ""0D\002 Q\216j\342\272rZz\263Fj\342C|\265\250\257\227\221CLs\203\341\273\t\353\222\314\021b\373\002 \027\203\020\356\254SZ|V\272\206\263Y\352\n\0072\234S\277K\346\027\321[\342\342\210\005\326\337Y""; previousledger: ""\177/n\t\321qS|\215ub7\177\265\264\234\340\013\347\177b\007\214QDOG\302\345U\376q""; ","proposeSeq: 0; currentTxHash: ""\372\006o\003\332\302\312\221!,\240\314\315\007\254?\274\320-$\2220)\277\347^\326\315$\277\362\231""; nodePubKey: ""\003\377\373k5_\032\3369\270\342\273n(r\273\207{\327\250/\370I\221Q\224\244\335\320\006\305\376q""; closeTime: 803870185; signature: ""0D\002 Q\216j\342\272rZz\263Fj\342C|\265\250\257\227\221CLs\203\341\273\t\353\222\314\021b\373\002 \027\203\020\356\254SZ|V\272\206\263Y\352\n\0072\234S\277K\346\027\321[\342\342\210\005\326\337Y""; previousledger: ""\177/n\t\321qS|\215ub7\177\265\264\234\340\013\347\177b\007\214QDOG\302\345U\376q""; "
1750554985525,1750554985526,3770,1,1,3,TMProposeSet,"proposeSeq: 0; currentTxHash: ""\372\006o\003\332\302\312\221!,\240\314\315\007\254?\274\320-$\2220)\277\347^\326\315$\277\362\231""; nodePubKey: ""\003\377\373k5_\032\3369\270\342\273n(r\273\207{\327\250/\370I\221Q\224\244\335\320\006\305\376q""; closeTime: 803870185; signature: ""0D\002 Q\216j\342\272rZz\263Fj\342C|\265\250\257\227\221CLs\203\341\273\t\353\222\314\021b\373\002 \027\203\020\356\254SZ|V\272\206\263Y\352\n\0072\234S\277K\346\027\321[\342\342\210\005\326\337Y""; previousledger: ""\177/n\t\321qS|\215ub7\177\265\264\234\340\013\347\177b\007\214QDOG\302\345U\376q""; ","proposeSeq: 0; currentTxHash: ""\372\006o\003\332\302\312\221!,\240\314\315\007\254?\274\320-$\2220)\277\347^\326\315$\277\362\231""; nodePubKey: ""\003\377\373k5_\032\3369\270\342\273n(r\273\207{\327\250/\370I\221Q\224\244\335\320\006\305\376q""; closeTime: 803870185; signature: ""0D\002 Q\216j\342\272rZz\263Fj\342C|\265\250\257\227\221CLs\203\341\273\t\353\222\314\021b\373\002 \027\203\020\356\254SZ|V\272\206\263Y\352\n\0072\234S\277K\346\027\321[\342\342\210\005\326\337Y""; previousledger: ""\177/n\t\321qS|\215ub7\177\265\264\234\340\013\347\177b\007\214QDOG\302\345U\376q""; "
1750554985525,1750554985525,2963,1,1,3,TMGetLedger,"itype: liTS_CANDIDATE; ledgerHash: ""\372\006o\003\332\302\312\221!,\240\314\315\007\254?\274\320-$\2220)\277\347^\326\315$\277\362\231""; nodeIDs: ""\000\000\000\000\000\000\000\000\000\000\000\000\000\000\000\000\000\000\000\000\000\000\000\000\000\000\000\000\000\000\000\000\000""; queryDepth: 3; ","itype: liTS_CANDIDATE; ledgerHash: ""\372\006o\003\332\302\312\221!,\240\314\315\007\254?\274\320-$\2220)\277\347^\326\315$\277\362\231""; nodeIDs: ""\000\000\000\000\000\000\000\000\000\000\000\000\000\000\000\000\000\000\000\000\000\000\000\000\000\000\000\000\000\000\000\000\000""; queryDepth: 3; "
1750554985526,1750554985526,2546,1,1,2,TMGetLedger,"itype: liTS_CANDIDATE; ledgerHash: ""\372\006o\003\332\302\312\221!,\240\314\315\007\254?\274\320-$\2220)\277\347^\326\315$\277\362\231""; nodeIDs: ""\000\000\000\000\000\000\000\000\000\000\000\000\000\000\000\000\000\000\000\000\000\000\000\000\000\000\000\000\000\000\000\000\000""; queryDepth: 3; ","itype: liTS_CANDIDATE; ledgerHash: ""\372\006o\003\332\302\312\221!,\240\314\315\007\254?\274\320-$\2220)\277\347^\326\315$\277\362\231""; nodeIDs: ""\000\000\000\000\000\000\000\000\000\000\000\000\000\000\000\000\000\000\000\000\000\000\000\000\000\000\000\000\000\000\000\000\000""; queryDepth: 3; "
1750554985608,1750554985610,3373,1,1,3,TMTransaction,"rawTransaction: ""\022\000\000""\000\000\000\000$\000\000\000\003 \033\000\000\000\027a@\000\000\027H\206*@h@\000\000\000\000\000\000\ns!\0030\347\374\235V\273%\326\211;\243\363\027\256[\3173\263)\033\326=\263&T\243\023""/\177\320 tG0E\002!\000\345\234\312\266\202ks\037\020\262\342;{\217\t\360=\t\340\346?\037\251MIa\213\035\236z\241\237\002 f\340k\000\361}~\304\206-\325""$\370 \3765\353\246\342\313\325H\334y\014\361z\232\316\240\324\201\024\265\367by\212S\325C\240\024\312\370\262\227\317\370\362\3717\350\203\024Q\263\271\326\355\2079dM\230\022,W\354%9 ^\244\346""; status: tsCURRENT; receiveTimestamp: 803870185; deferred: false; ","rawTransaction: ""\022\000\000""\000\000\000\000$\000\000\000\003 \033\000\000\000\027a@\000\000\027H\206*@h@\000\000\000\000\000\000\ns!\0030\347\374\235V\273%\326\211;\243\363\027\256[\3173\263)\033\326=\263&T\243\023""/\177\320 tG0E\002!\000\345\234\312\266\202ks\037\020\262\342;{\217\t\360=\t\340\346?\037\251MIa\213\035\236z\241\237\002 f\340k\000\361}~\304\206-\325""$\370 \3765\353\246\342\313\325H\334y\014\361z\232\316\240\324\201\024\265\367by\212S\325C\240\024\312\370\262\227\317\370\362\3717\350\203\024Q\263\271\326\355\2079dM\230\022,W\354%9 ^\244\346""; status: tsCURRENT; receiveTimestamp: 803870185; deferred: false; "
1750554985610,1750554985611,1393,1,1,0,TMTransaction,"rawTransaction: ""\022\000\000""\000\000\000\000$\000\000\000\003 \033\000\000\000\027a@\000\000\027H\206*@h@\000\000\000\000\000\000\ns!\0030\347\374\235V\273%\326\211;\243\363\027\256[\3173\263)\033\326=\263&T\243\023""/\177\320 tG0E\002!\000\345\234\312\266\202ks\037\020\262\342;{\217\t\360=\t\340\346?\037\251MIa\213\035\236z\241\237\002 f\340k\000\361}~\304\206-\325""$\370 \3765\353\246\342\313\325H\334y\014\361z\232\316\240\324\201\024\265\367by\212S\325C\240\024\312\370\262\227\317\370\362\3717\350\203\024Q\263\271\326\355\2079dM\230\022,W\354%9 ^\244\346""; status: tsCURRENT; receiveTimestamp: 803870185; deferred: false; ","rawTransaction: ""\022\000\000""\000\000\000\000$\000\000\000\003 \033\000\000\000\027a@\000\000\027H\206*@h@\000\000\000\000\000\000\ns!\0030\347\374\235V\273%\326\211;\243\363\027\256[\3173\263)\033\326=\263&T\243\023""/\177\320 tG0E\002!\000\345\234\312\266\202ks\037\020\262\342;{\217\t\360=\t\340\346?\037\251MIa\213\035\236z\241\237\002 f\340k\000\361}~\304\206-\325""$\370 \3765\353\246\342\313\325H\334y\014\361z\232\316\240\324\201\024\265\367by\212S\325C\240\024\312\370\262\227\317\370\362\3717\350\203\024Q\263\271\326\355\2079dM\230\022,W\354%9 ^\244\346""; status: tsCURRENT; receiveTimestamp: 803870185; deferred: false; "
1750554985610,1750554985612,3353,1,1,4,TMTransaction,"rawTransaction: ""\022\000\000""\000\000\000\000$\000\000\000\003 \033\000\000\000\027a@\000\000\027H\206*@h@\000\000\000\000\000\000\ns!\0030\347\374\235V\273%\326\211;\243\363\027\256[\3173\263)\033\326=\263&T\243\023""/\177\320 tG0E\002!\000\345\234\312\266\202ks\037\020\262\342;{\217\t\360=\t\340\346?\037\251MIa\213\035\236z\241\237\002 f\340k\000\361}~\304\206-\325""$\370 \3765\353\246\342\313\325H\334y\014\361z\232\316\240\324\201\024\265\367by\212S\325C\240\024\312\370\262\227\317\370\362\3717\350\203\024Q\263\271\326\355\2079dM\230\022,W\354%9 ^\244\346""; status: tsCURRENT; receiveTimestamp: 803870185; deferred: false; ","rawTransaction: ""\022\000\000""\000\000\000\000$\000\000\000\003 \033\000\000\000\027a@\000\000\027H\206*@h@\000\000\000\000\000\000\ns!\0030\347\374\235V\273%\326\211;\243\363\027\256[\3173\263)\033\326=\263&T\243\023""/\177\320 tG0E\002!\000\345\234\312\266\202ks\037\020\262\342;{\217\t\360=\t\340\346?\037\251MIa\213\035\236z\241\237\002 f\340k\000\361}~\304\206-\325""$\370 \3765\353\246\342\313\325H\334y\014\361z\232\316\240\324\201\024\265\367by\212S\325C\240\024\312\370\262\227\317\370\362\3717\350\203\024Q\263\271\326\355\2079dM\230\022,W\354%9 ^\244\346""; status: tsCURRENT; receiveTimestamp: 803870185; deferred: false; "
1750554985609,1750554985611,671,1,1,2,TMTransaction,"rawTransaction: ""\022\000\000""\000\000\000\000$\000\000\000\003 \033\000\000\000\027a@\000\000\027H\206*@h@\000\000\000\000\000\000\ns!\0030\347\374\235V\273%\326\211;\243\363\027\256[\3173\263)\033\326=\263&T\243\023""/\177\320 tG0E\002!\000\345\234\312\266\202ks\037\020\262\342;{\217\t\360=\t\340\346?\037\251MIa\213\035\236z\241\237\002 f\340k\000\361}~\304\206-\325""$\370 \3765\353\246\342\313\325H\334y\014\361z\232\316\240\324\201\024\265\367by\212S\325C\240\024\312\370\262\227\317\370\362\3717\350\203\024Q\263\271\326\355\2079dM\230\022,W\354%9 ^\244\346""; status: tsCURRENT; receiveTimestamp: 803870185; deferred: false; ","rawTransaction: ""\022\000\000""\000\000\000\000$\000\000\000\003 \033\000\000\000\027a@\000\000\027H\206*@h@\000\000\000\000\000\000\ns!\0030\347\374\235V\273%\326\211;\243\363\027\256[\3173\263)\033\326=\263&T\243\023""/\177\320 tG0E\002!\000\345\234\312\266\202ks\037\020\262\342;{\217\t\360=\t\340\346?\037\251MIa\213\035\236z\241\237\002 f\340k\000\361}~\304\206-\325""$\370 \3765\353\246\342\313\325H\334y\014\361z\232\316\240\324\201\024\265\367by\212S\325C\240\024\312\370\262\227\317\370\362\3717\350\203\024Q\263\271\326\355\2079dM\230\022,W\354%9 ^\244\346""; status: tsCURRENT; receiveTimestamp: 803870185; deferred: false; "
1750554985647,1750554985647,2573,1,0,4,TMValidation,"validation: """"\200\000\000\001&\000\000\000\003)/\352\025\346:c\016\231\375\2438\\353Q\177/n\t\321qS|\215ub7\177\265\264\234\340\013\347\177b\007\214QDOG\302\345U\376qP\027\000\000\000\000\000\000\000\000\000\000\000\000\000\000\000\000\000\000\000\000\000\000\000\000\000\000\000\000\000\000\000\000P\031-}\351f\032\255\274\334m\326c\017\014ao[\342\230\003\245\245\3341Hm\326^\017jy\335\261s!\003\014}\246\253\247\326\267P\302\342:\267&\375\036d\013\375\230\236\226\207\332\267\005\016\325\334r\346Q\333vG0E\002!\000\354_\231Q,\330\tzW\361\353O\363J\304Y\346\355\314w\235u\226XV\020\302\023B\346h\247\002 \024\324O\205\225J\343]\373\020\317\016#\360\020\202f\254\231\3438\377dX\312\177\036-!\364T%""; ","validation: """"\200\000\000\001&\000\000\000\003)/\352\025\346:c\016\231\375\2438\\353Q\177/n\t\321qS|\215ub7\177\265\264\234\340\013\347\177b\007\214QDOG\302\345U\376qP\027\000\000\000\000\000\000\000\000\000\000\000\000\000\000\000\000\000\000\000\000\000\000\000\000\000\000\000\000\000\000\000\000P\031-}\351f\032\255\274\334m\326c\017\014ao[\342\230\003\245\245\3341Hm\326^\017jy\335\261s!\003\014}\246\253\247\326\267P\302\342:\267&\375\036d\013\375\230\236\226\207\332\267\005\016\325\334r\346Q\333vG0E\002!\000\354_\231Q,\330\tzW\361\353O\363J\304Y\346\355\314w\235u\226XV\020\302\023B\346h\247\002 \024\324O\205\225J\343]\373\020\317\016#\360\020\202f\254\231\3438\377dX\312\177\036-!\364T%""; "
1750554985647,1750554985647,691,1,0,3,TMValidation,"validation: """"\200\000\000\001&\000\000\000\003)/\352\025\346:c\016\231\375\2438\\353Q\177/n\t\321qS|\215ub7\177\265\264\234\340\013\347\177b\007\214QDOG\302\345U\376qP\027\000\000\000\000\000\000\000\000\000\000\000\000\000\000\000\000\000\000\000\000\000\000\000\000\000\000\000\000\000\000\000\000P\031-}\351f\032\255\274\334m\326c\017\014ao[\342\230\003\245\245\3341Hm\326^\017jy\335\261s!\003\014}\246\253\247\326\267P\302\342:\267&\375\036d\013\375\230\236\226\207\332\267\005\016\325\334r\346Q\333vG0E\002!\000\354_\231Q,\330\tzW\361\353O\363J\304Y\346\355\314w\235u\226XV\020\302\023B\346h\247\002 \024\324O\205\225J\343]\373\020\317\016#\360\020\202f\254\231\3438\377dX\312\177\036-!\364T%""; ","validation: """"\200\000\000\001&\000\000\000\003)/\352\025\346:c\016\231\375\2438\\353Q\177/n\t\321qS|\215ub7\177\265\264\234\340\013\347\177b\007\214QDOG\302\345U\376qP\027\000\000\000\000\000\000\000\000\000\000\000\000\000\000\000\000\000\000\000\000\000\000\000\000\000\000\000\000\000\000\000\000P\031-}\351f\032\255\274\334m\326c\017\014ao[\342\230\003\245\245\3341Hm\326^\017jy\335\261s!\003\014}\246\253\247\326\267P\302\342:\267&\375\036d\013\375\230\236\226\207\332\267\005\016\325\334r\346Q\333vG0E\002!\000\354_\231Q,\330\tzW\361\353O\363J\304Y\346\355\314w\235u\226XV\020\302\023B\346h\247\002 \024\324O\205\225J\343]\373\020\317\016#\360\020\202f\254\231\3438\377dX\312\177\036-!\364T%""; "
1750554985647,1750554985648,711,1,0,2,TMValidation,"validation: """"\200\000\000\001&\000\000\000\003)/\352\025\346:c\016\231\375\2438\\353Q\177/n\t\321qS|\215ub7\177\265\264\234\340\013\347\177b\007\214QDOG\302\345U\376qP\027\000\000\000\000\000\000\000\000\000\000\000\000\000\000\000\000\000\000\000\000\000\000\000\000\000\000\000\000\000\000\000\000P\031-}\351f\032\255\274\334m\326c\017\014ao[\342\230\003\245\245\3341Hm\326^\017jy\335\261s!\003\014}\246\253\247\326\267P\302\342:\267&\375\036d\013\375\230\236\226\207\332\267\005\016\325\334r\346Q\333vG0E\002!\000\354_\231Q,\330\tzW\361\353O\363J\304Y\346\355\314w\235u\226XV\020\302\023B\346h\247\002 \024\324O\205\225J\343]\373\020\317\016#\360\020\202f\254\231\3438\377dX\312\177\036-!\364T%""; ","validation: """"\200\000\000\001&\000\000\000\003)/\352\025\346:c\016\231\375\2438\\353Q\177/n\t\321qS|\215ub7\177\265\264\234\340\013\347\177b\007\214QDOG\302\345U\376qP\027\000\000\000\000\000\000\000\000\000\000\000\000\000\000\000\000\000\000\000\000\000\000\000\000\000\000\000\000\000\000\000\000P\031-}\351f\032\255\274\334m\326c\017\014ao[\342\230\003\245\245\3341Hm\326^\017jy\335\261s!\003\014}\246\253\247\326\267P\302\342:\267&\375\036d\013\375\230\236\226\207\332\267\005\016\325\334r\346Q\333vG0E\002!\000\354_\231Q,\330\tzW\361\353O\363J\304Y\346\355\314w\235u\226XV\020\302\023B\346h\247\002 \024\324O\205\225J\343]\373\020\317\016#\360\020\202f\254\231\3438\377dX\312\177\036-!\364T%""; "
1750554985735,1750554985735,3770,1,1,3,TMProposeSet,"proposeSeq: 0; currentTxHash: ""\000\000\000\000\000\000\000\000\000\000\000\000\000\000\000\000\000\000\000\000\000\000\000\000\000\000\000\000\000\000\000\000""; nodePubKey: ""\003r\247\260\262W1v\231G\352\250p\313\031\267[k\261e{a\207j\020\217\332\242`\260*\357\332""; closeTime: 803870184; signature: ""0D\002 }\270\255i\000\317#\367\324\214\225Y\036/\315[\022\037\276\343f\013\357&|\376\342\252\001\023\266\276\002 \026x!\351\n\024B\364\3008Ql\032\234\364\355\3154\217\025\221\177\017\263\230\243f\224\210\216\010^""; previousledger: ""\177/n\t\321qS|\215ub7\177\265\264\234\340\013\347\177b\007\214QDOG\302\345U\376q""; ","proposeSeq: 0; currentTxHash: ""\000\000\000\000\000\000\000\000\000\000\000\000\000\000\000\000\000\000\000\000\000\000\000\000\000\000\000\000\000\000\000\000""; nodePubKey: ""\003r\247\260\262W1v\231G\352\250p\313\031\267[k\261e{a\207j\020\217\332\242`\260*\357\332""; closeTime: 803870184; signature: ""0D\002 }\270\255i\000\317#\367\324\214\225Y\036/\315[\022\037\276\343f\013\357&|\376\342\252\001\023\266\276\002 \026x!\351\n\024B\364\3008Ql\032\234\364\355\3154\217\025\221\177\017\263\230\243f\224\210\216\010^""; previousledger: ""\177/n\t\321qS|\215ub7\177\265\264\234\340\013\347\177b\007\214QDOG\302\345U\376q""; "
1750554985736,1750554985736,1275,1,1,4,TMProposeSet,"proposeSeq: 0; currentTxHash: ""\000\000\000\000\000\000\000\000\000\000\000\000\000\000\000\000\000\000\000\000\000\000\000\000\000\000\000\000\000\000\000\000""; nodePubKey: ""\003r\247\260\262W1v\231G\352\250p\313\031\267[k\261e{a\207j\020\217\332\242`\260*\357\332""; closeTime: 803870184; signature: ""0D\002 }\270\255i\000\317#\367\324\214\225Y\036/\315[\022\037\276\343f\013\357&|\376\342\252\001\023\266\276\002 \026x!\351\n\024B\364\3008Ql\032\234\364\355\3154\217\025\221\177\017\263\230\243f\224\210\216\010^""; previousledger: ""\177/n\t\321qS|\215ub7\177\265\264\234\340\013\347\177b\007\214QDOG\302\345U\376q""; ","proposeSeq: 0; currentTxHash: ""\000\000\000\000\000\000\000\000\000\000\000\000\000\000\000\000\000\000\000\000\000\000\000\000\000\000\000\000\000\000\000\000""; nodePubKey: ""\003r\247\260\262W1v\231G\352\250p\313\031\267[k\261e{a\207j\020\217\332\242`\260*\357\332""; closeTime: 803870184; signature: ""0D\002 }\270\255i\000\317#\367\324\214\225Y\036/\315[\022\037\276\343f\013\357&|\376\342\252\001\023\266\276\002 \026x!\351\n\024B\364\3008Ql\032\234\364\355\3154\217\025\221\177\017\263\230\243f\224\210\216\010^""; previousledger: ""\177/n\t\321qS|\215ub7\177\265\264\234\340\013\347\177b\007\214QDOG\302\345U\376q""; "
1750554985736,1750554985736,3866,1,1,2,TMProposeSet,"proposeSeq: 0; currentTxHash: ""\000\000\000\000\000\000\000\000\000\000\000\000\000\000\000\000\000\000\000\000\000\000\000\000\000\000\000\000\000\000\000\000""; nodePubKey: ""\003r\247\260\262W1v\231G\352\250p\313\031\267[k\261e{a\207j\020\217\332\242`\260*\357\332""; closeTime: 803870184; signature: ""0D\002 }\270\255i\000\317#\367\324\214\225Y\036/\315[\022\037\276\343f\013\357&|\376\342\252\001\023\266\276\002 \026x!\351\n\024B\364\3008Ql\032\234\364\355\3154\217\025\221\177\017\263\230\243f\224\210\216\010^""; previousledger: ""\177/n\t\321qS|\215ub7\177\265\264\234\340\013\347\177b\007\214QDOG\302\345U\376q""; ","proposeSeq: 0; currentTxHash: ""\000\000\000\000\000\000\000\000\000\000\000\000\000\000\000\000\000\000\000\000\000\000\000\000\000\000\000\000\000\000\000\000""; nodePubKey: ""\003r\247\260\262W1v\231G\352\250p\313\031\267[k\261e{a\207j\020\217\332\242`\260*\357\332""; closeTime: 803870184; signature: ""0D\002 }\270\255i\000\317#\367\324\214\225Y\036/\315[\022\037\276\343f\013\357&|\376\342\252\001\023\266\276\002 \026x!\351\n\024B\364\3008Ql\032\234\364\355\3154\217\025\221\177\017\263\230\243f\224\210\216\010^""; previousledger: ""\177/n\t\321qS|\215ub7\177\265\264\234\340\013\347\177b\007\214QDOG\302\345U\376q""; "
1750554985751,1750554985751,2528,1,3,4,TMProposeSet,"proposeSeq: 0; currentTxHash: ""\000\000\000\000\000\000\000\000\000\000\000\000\000\000\000\000\000\000\000\000\000\000\000\000\000\000\000\000\000\000\000\000""; nodePubKey: ""\003r\247\260\262W1v\231G\352\250p\313\031\267[k\261e{a\207j\020\217\332\242`\260*\357\332""; closeTime: 803870184; signature: ""0D\002 }\270\255i\000\317#\367\324\214\225Y\036/\315[\022\037\276\343f\013\357&|\376\342\252\001\023\266\276\002 \026x!\351\n\024B\364\3008Ql\032\234\364\355\3154\217\025\221\177\017\263\230\243f\224\210\216\010^""; previousledger: ""\177/n\t\321qS|\215ub7\177\265\264\234\340\013\347\177b\007\214QDOG\302\345U\376q""; ","proposeSeq: 0; currentTxHash: ""\000\000\000\000\000\000\000\000\000\000\000\000\000\000\000\000\000\000\000\000\000\000\000\000\000\000\000\000\000\000\000\000""; nodePubKey: ""\003r\247\260\262W1v\231G\352\250p\313\031\267[k\261e{a\207j\020\217\332\242`\260*\357\332""; closeTime: 803870184; signature: ""0D\002 }\270\255i\000\317#\367\324\214\225Y\036/\315[\022\037\276\343f\013\357&|\376\342\252\001\023\266\276\002 \026x!\351\n\024B\364\3008Ql\032\234\364\355\3154\217\025\221\177\017\263\230\243f\224\210\216\010^""; previousledger: ""\177/n\t\321qS|\215ub7\177\265\264\234\340\013\347\177b\007\214QDOG\302\345U\376q""; "
1750554985752,1750554985752,3430,1,3,2,TMProposeSet,"proposeSeq: 0; currentTxHash: ""\000\000\000\000\000\000\000\000\000\000\000\000\000\000\000\000\000\000\000\000\000\000\000\000\000\000\000\000\000\000\000\000""; nodePubKey: ""\003r\247\260\262W1v\231G\352\250p\313\031\267[k\261e{a\207j\020\217\332\242`\260*\357\332""; closeTime: 803870184; signature: ""0D\002 }\270\255i\000\317#\367\324\214\225Y\036/\315[\022\037\276\343f\013\357&|\376\342\252\001\023\266\276\002 \026x!\351\n\024B\364\3008Ql\032\234\364\355\3154\217\025\221\177\017\263\230\243f\224\210\216\010^""; previousledger: ""\177/n\t\321qS|\215ub7\177\265\264\234\340\013\347\177b\007\214QDOG\302\345U\376q""; ","proposeSeq: 0; currentTxHash: ""\000\000\000\000\000\000\000\000\000\000\000\000\000\000\000\000\000\000\000\000\000\000\000\000\000\000\000\000\000\000\000\000""; nodePubKey: ""\003r\247\260\262W1v\231G\352\250p\313\031\267[k\261e{a\207j\020\217\332\242`\260*\357\332""; closeTime: 803870184; signature: ""0D\002 }\270\255i\000\317#\367\324\214\225Y\036/\315[\022\037\276\343f\013\357&|\376\342\252\001\023\266\276\002 \026x!\351\n\024B\364\3008Ql\032\234\364\355\3154\217\025\221\177\017\263\230\243f\224\210\216\010^""; previousledger: ""\177/n\t\321qS|\215ub7\177\265\264\234\340\013\347\177b\007\214QDOG\302\345U\376q""; "
1750554985752,1750554985752,1088,1,3,1,TMProposeSet,"proposeSeq: 0; currentTxHash: ""\000\000\000\000\000\000\000\000\000\000\000\000\000\000\000\000\000\000\000\000\000\000\000\000\000\000\000\000\000\000\000\000""; nodePubKey: ""\003r\247\260\262W1v\231G\352\250p\313\031\267[k\261e{a\207j\020\217\332\242`\260*\357\332""; closeTime: 803870184; signature: ""0D\002 }\270\255i\000\317#\367\324\214\225Y\036/\315[\022\037\276\343f\013\357&|\376\342\252\001\023\266\276\002 \026x!\351\n\024B\364\3008Ql\032\234\364\355\3154\217\025\221\177\017\263\230\243f\224\210\216\010^""; previousledger: ""\177/n\t\321qS|\215ub7\177\265\264\234\340\013\347\177b\007\214QDOG\302\345U\376q""; ","proposeSeq: 0; currentTxHash: ""\000\000\000\000\000\000\000\000\000\000\000\000\000\000\000\000\000\000\000\000\000\000\000\000\000\000\000\000\000\000\000\000""; nodePubKey: ""\003r\247\260\262W1v\231G\352\250p\313\031\267[k\261e{a\207j\020\217\332\242`\260*\357\332""; closeTime: 803870184; signature: ""0D\002 }\270\255i\000\317#\367\324\214\225Y\036/\315[\022\037\276\343f\013\357&|\376\342\252\001\023\266\276\002 \026x!\351\n\024B\364\3008Ql\032\234\364\355\3154\217\025\221\177\017\263\230\243f\224\210\216\010^""; previousledger: ""\177/n\t\321qS|\215ub7\177\265\264\234\340\013\347\177b\007\214QDOG\302\345U\376q""; "
1750554985775,1750554985775,603,1,1,0,TMGetLedger,"itype: liTS_CANDIDATE; ledgerHash: ""\372\006o\003\332\302\312\221!,\240\314\315\007\254?\274\320-$\2220)\277\347^\326\315$\277\362\231""; nodeIDs: ""\000\000\000\000\000\000\000\000\000\000\000\000\000\000\000\000\000\000\000\000\000\000\000\000\000\000\000\000\000\000\000\000\000""; queryType: qtINDIRECT; queryDepth: 3; ","itype: liTS_CANDIDATE; ledgerHash: ""\372\006o\003\332\302\312\221!,\240\314\315\007\254?\274\320-$\2220)\277\347^\326\315$\277\362\231""; nodeIDs: ""\000\000\000\000\000\000\000\000\000\000\000\000\000\000\000\000\000\000\000\000\000\000\000\000\000\000\000\000\000\000\000\000\000""; queryType: qtINDIRECT; queryDepth: 3; "
1750554985783,1750554985783,3503,1,4,2,TMLedgerData,"ledgerHash: ""\177/n\t\321qS|\215ub7\177\265\264\234\340\013\347\177b\007\214QDOG\302\345U\376q""; ledgerSeq: 3; type: liBASE; nodes {;   nodedata: ""\000\000\000\003\001cEx]\212\000\000?\256\336y\324\026M\272]\205fM\0221 \237p\205\264\373\177\362\267\250\270\003\243\004\353\210\250g\000\000\000\000\000\000\000\000\000\000\000\000\000\000\000\000\000\000\000\000\000\000\000\000\000\000\000\000\000\000\000\000\263\004\035r\237U\264\320M\220\336\351\315\222\265oH\274\327\307\313u\264\345d\325\222\261\325\322\225\021/\352\025\320/\352\025\344\n\000""; }; nodes {;   nodedata: ""\303\016\021\310<Z\337\266>\225@&n\022\246\274\353\220\345b3\035\313\350L\354\254\002\005\305\035\017\002E\344\037@\210\363\010\336T\226\247'\204_{\261\370""1\235\2445\343\033Y!\212\201\341\272\225'\007]Oq\310\023\325\010\005\324\213\205\217\257\263\307\312\330\010]\306\250~s\323\374\327\335)\362\224\241o\013\003""; }; ","ledgerHash: ""\177/n\t\321qS|\215ub7\177\265\264\234\340\013\347\177b\007\214QDOG\302\345U\376q""; ledgerSeq: 3; type: liBASE; nodes {;   nodedata: ""\000\000\000\003\001cEx]\212\000\000?\256\336y\324\026M\272]\205fM\0221 \237p\205\264\373\177\362\267\250\270\003\243\004\353\210\250g\000\000\000\000\000\000\000\000\000\000\000\000\000\000\000\000\000\000\000\000\000\000\000\000\000\000\000\000\000\000\000\000\263\004\035r\237U\264\320M\220\336\351\315\222\265oH\274\327\307\313u\264\345d\325\222\261\325\322\225\021/\352\025\320/\352\025\344\n\000""; }; nodes {;   nodedata: ""\303\016\021\310<Z\337\266>\225@&n\022\246\274\353\220\345b3\035\313\350L\354\254\002\005\305\035\017\002E\344\037@\210\363\010\336T\226\247'\204_{\261\370""1\235\2445\343\033Y!\212\201\341\272\225'\007]Oq\310\023\325\010\005\324\213\205\217\257\263\307\312\330\010]\306\250~s\323\374\327\335)\362\224\241o\013\003""; }; "
1750554985784,1750554985784,3503,1,4,2,TMLedgerData,"ledgerHash: ""\177/n\t\321qS|\215ub7\177\265\264\234\340\013\347\177b\007\214QDOG\302\345U\376q""; ledgerSeq: 3; type: liBASE; nodes {;   nodedata: ""\000\000\000\003\001cEx]\212\000\000?\256\336y\324\026M\272]\205fM\0221 \237p\205\264\373\177\362\267\250\270\003\243\004\353\210\250g\000\000\000\000\000\000\000\000\000\000\000\000\000\000\000\000\000\000\000\000\000\000\000\000\000\000\000\000\000\000\000\000\263\004\035r\237U\264\320M\220\336\351\315\222\265oH\274\327\307\313u\264\345d\325\222\261\325\322\225\021/\352\025\320/\352\025\344\n\000""; }; nodes {;   nodedata: ""\303\016\021\310<Z\337\266>\225@&n\022\246\274\353\220\345b3\035\313\350L\354\254\002\005\305\035\017\002E\344\037@\210\363\010\336T\226\247'\204_{\261\370""1\235\2445\343\033Y!\212\201\341\272\225'\007]Oq\310\023\325\010\005\324\213\205\217\257\263\307\312\330\010]\306\250~s\323\374\327\335)\362\224\241o\013\003""; }; ","ledgerHash: ""\177/n\t\321qS|\215ub7\177\265\264\234\340\013\347\177b\007\214QDOG\302\345U\376q""; ledgerSeq: 3; type: liBASE; nodes {;   nodedata: ""\000\000\000\003\001cEx]\212\000\000?\256\336y\324\026M\272]\205fM\0221 \237p\205\264\373\177\362\267\250\270\003\243\004\353\210\250g\000\000\000\000\000\000\000\000\000\000\000\000\000\000\000\000\000\000\000\000\000\000\000\000\000\000\000\000\000\000\000\000\263\004\035r\237U\264\320M\220\336\351\315\222\265oH\274\327\307\313u\264\345d\325\222\261\325\322\225\021/\352\025\320/\352\025\344\n\000""; }; nodes {;   nodedata: ""\303\016\021\310<Z\337\266>\225@&n\022\246\274\353\220\345b3\035\313\350L\354\254\002\005\305\035\017\002E\344\037@\210\363\010\336T\226\247'\204_{\261\370""1\235\2445\343\033Y!\212\201\341\272\225'\007]Oq\310\023\325\010\005\324\213\205\217\257\263\307\312\330\010]\306\250~s\323\374\327\335)\362\224\241o\013\003""; }; "
1750554985785,1750554985785,3770,1,1,3,TMProposeSet,"proposeSeq: 0; currentTxHash: ""\372\006o\003\332\302\312\221!,\240\314\315\007\254?\274\320-$\2220)\277\347^\326\315$\277\362\231""; nodePubKey: ""\002\203\234\253\325\333\332\276\223y;\250+B\323"" Hg\303\030\n\303\345\255\330\223\n\240\260\032\305!""; closeTime: 803870184; signature: ""0D\002 0L(\252\270\250t\306\200\344oD\275\276%\270\300o\030\346\005&\207\350\034\251\021\230\276\241\371{\002 0\272\n\311\037V\331v\222\330\227\345\200)\335v*)p6\260\347\250\252\301\354\225\310\204\343\242n""; previousledger: ""\177/n\t\321qS|\215ub7\177\265\264\234\340\013\347\177b\007\214QDOG\302\345U\376q""; ","proposeSeq: 0; currentTxHash: ""\372\006o\003\332\302\312\221!,\240\314\315\007\254?\274\320-$\2220)\277\347^\326\315$\277\362\231""; nodePubKey: ""\002\203\234\253\325\333\332\276\223y;\250+B\323"" Hg\303\030\n\303\345\255\330\223\n\240\260\032\305!""; closeTime: 803870184; signature: ""0D\002 0L(\252\270\250t\306\200\344oD\275\276%\270\300o\030\346\005&\207\350\034\251\021\230\276\241\371{\002 0\272\n\311\037V\331v\222\330\227\345\200)\335v*)p6\260\347\250\252\301\354\225\310\204\343\242n""; previousledger: ""\177/n\t\321qS|\215ub7\177\265\264\234\340\013\347\177b\007\214QDOG\302\345U\376q""; "
1750554985786,1750554985786,3866,1,1,2,TMProposeSet,"proposeSeq: 0; currentTxHash: ""\372\006o\003\332\302\312\221!,\240\314\315\007\254?\274\320-$\2220)\277\347^\326\315$\277\362\231""; nodePubKey: ""\002\203\234\253\325\333\332\276\223y;\250+B\323"" Hg\303\030\n\303\345\255\330\223\n\240\260\032\305!""; closeTime: 803870184; signature: ""0D\002 0L(\252\270\250t\306\200\344oD\275\276%\270\300o\030\346\005&\207\350\034\251\021\230\276\241\371{\002 0\272\n\311\037V\331v\222\330\227\345\200)\335v*)p6\260\347\250\252\301\354\225\310\204\343\242n""; previousledger: ""\177/n\t\321qS|\215ub7\177\265\264\234\340\013\347\177b\007\214QDOG\302\345U\376q""; ","proposeSeq: 0; currentTxHash: ""\372\006o\003\332\302\312\221!,\240\314\315\007\254?\274\320-$\2220)\277\347^\326\315$\277\362\231""; nodePubKey: ""\002\203\234\253\325\333\332\276\223y;\250+B\323"" Hg\303\030\n\303\345\255\330\223\n\240\260\032\305!""; closeTime: 803870184; signature: ""0D\002 0L(\252\270\250t\306\200\344oD\275\276%\270\300o\030\346\005&\207\350\034\251\021\230\276\241\371{\002 0\272\n\311\037V\331v\222\330\227\345\200)\335v*)p6\260\347\250\252\301\354\225\310\204\343\242n""; previousledger: ""\177/n\t\321qS|\215ub7\177\265\264\234\340\013\347\177b\007\214QDOG\302\345U\376q""; "
1750554985787,1750554985787,330,1,1,0,TMProposeSet,"proposeSeq: 0; currentTxHash: ""\372\006o\003\332\302\312\221!,\240\314\315\007\254?\274\320-$\2220)\277\347^\326\315$\277\362\231""; nodePubKey: ""\002\203\234\253\325\333\332\276\223y;\250+B\323"" Hg\303\030\n\303\345\255\330\223\n\240\260\032\305!""; closeTime: 803870184; signature: ""0D\002 0L(\252\270\250t\306\200\344oD\275\276%\270\300o\030\346\005&\207\350\034\251\021\230\276\241\371{\002 0\272\n\311\037V\331v\222\330\227\345\200)\335v*)p6\260\347\250\252\301\354\225\310\204\343\242n""; previousledger: ""\177/n\t\321qS|\215ub7\177\265\264\234\340\013\347\177b\007\214QDOG\302\345U\376q""; ","proposeSeq: 0; currentTxHash: ""\372\006o\003\332\302\312\221!,\240\314\315\007\254?\274\320-$\2220)\277\347^\326\315$\277\362\231""; nodePubKey: ""\002\203\234\253\325\333\332\276\223y;\250+B\323"" Hg\303\030\n\303\345\255\330\223\n\240\260\032\305!""; closeTime: 803870184; signature: ""0D\002 0L(\252\270\250t\306\200\344oD\275\276%\270\300o\030\346\005&\207\350\034\251\021\230\276\241\371{\002 0\272\n\311\037V\331v\222\330\227\345\200)\335v*)p6\260\347\250\252\301\354\225\310\204\343\242n""; previousledger: ""\177/n\t\321qS|\215ub7\177\265\264\234\340\013\347\177b\007\214QDOG\302\345U\376q""; "
1750554985814,1750554985814,449,1,3,4,TMGetLedger,"itype: liTS_CANDIDATE; ledgerHash: ""\372\006o\003\332\302\312\221!,\240\314\315\007\254?\274\320-$\2220)\277\347^\326\315$\277\362\231""; nodeIDs: ""\000\000\000\000\000\000\000\000\000\000\000\000\000\000\000\000\000\000\000\000\000\000\000\000\000\000\000\000\000\000\000\000\000""; queryDepth: 3; ","itype: liTS_CANDIDATE; ledgerHash: ""\372\006o\003\332\302\312\221!,\240\314\315\007\254?\274\320-$\2220)\277\347^\326\315$\277\362\231""; nodeIDs: ""\000\000\000\000\000\000\000\000\000\000\000\000\000\000\000\000\000\000\000\000\000\000\000\000\000\000\000\000\000\000\000\000\000""; queryDepth: 3; "
1750554985814,1750554985814,1448,1,3,0,TMProposeSet,"proposeSeq: 0; currentTxHash: ""\372\006o\003\332\302\312\221!,\240\314\315\007\254?\274\320-$\2220)\277\347^\326\315$\277\362\231""; nodePubKey: ""\003\377\373k5_\032\3369\270\342\273n(r\273\207{\327\250/\370I\221Q\224\244\335\320\006\305\376q""; closeTime: 803870185; signature: ""0D\002 Q\216j\342\272rZz\263Fj\342C|\265\250\257\227\221CLs\203\341\273\t\353\222\314\021b\373\002 \027\203\020\356\254SZ|V\272\206\263Y\352\n\0072\234S\277K\346\027\321[\342\342\210\005\326\337Y""; previousledger: ""\177/n\t\321qS|\215ub7\177\265\264\234\340\013\347\177b\007\214QDOG\302\345U\376q""; ","proposeSeq: 0; currentTxHash: ""\372\006o\003\332\302\312\221!,\240\314\315\007\254?\274\320-$\2220)\277\347^\326\315$\277\362\231""; nodePubKey: ""\003\377\373k5_\032\3369\270\342\273n(r\273\207{\327\250/\370I\221Q\224\244\335\320\006\305\376q""; closeTime: 803870185; signature: ""0D\002 Q\216j\342\272rZz\263Fj\342C|\265\250\257\227\221CLs\203\341\273\t\353\222\314\021b\373\002 \027\203\020\356\254SZ|V\272\206\263Y\352\n\0072\234S\277K\346\027\321[\342\342\210\005\326\337Y""; previousledger: ""\177/n\t\321qS|\215ub7\177\265\264\234\340\013\347\177b\007\214QDOG\302\345U\376q""; "
1750554985815,1750554985815,2528,1,3,4,TMProposeSet,"proposeSeq: 0; currentTxHash: ""\372\006o\003\332\302\312\221!,\240\314\315\007\254?\274\320-$\2220)\277\347^\326\315$\277\362\231""; nodePubKey: ""\003\377\373k5_\032\3369\270\342\273n(r\273\207{\327\250/\370I\221Q\224\244\335\320\006\305\376q""; closeTime: 803870185; signature: ""0D\002 Q\216j\342\272rZz\263Fj\342C|\265\250\257\227\221CLs\203\341\273\t\353\222\314\021b\373\002 \027\203\020\356\254SZ|V\272\206\263Y\352\n\0072\234S\277K\346\027\321[\342\342\210\005\326\337Y""; previousledger: ""\177/n\t\321qS|\215ub7\177\265\264\234\340\013\347\177b\007\214QDOG\302\345U\376q""; ","proposeSeq: 0; currentTxHash: ""\372\006o\003\332\302\312\221!,\240\314\315\007\254?\274\320-$\2220)\277\347^\326\315$\277\362\231""; nodePubKey: ""\003\377\373k5_\032\3369\270\342\273n(r\273\207{\327\250/\370I\221Q\224\244\335\320\006\305\376q""; closeTime: 803870185; signature: ""0D\002 Q\216j\342\272rZz\263Fj\342C|\265\250\257\227\221CLs\203\341\273\t\353\222\314\021b\373\002 \027\203\020\356\254SZ|V\272\206\263Y\352\n\0072\234S\277K\346\027\321[\342\342\210\005\326\337Y""; previousledger: ""\177/n\t\321qS|\215ub7\177\265\264\234\340\013\347\177b\007\214QDOG\302\345U\376q""; "
1750554985816,1750554985816,2946,1,3,2,TMGetLedger,"itype: liTS_CANDIDATE; ledgerHash: ""\372\006o\003\332\302\312\221!,\240\314\315\007\254?\274\320-$\2220)\277\347^\326\315$\277\362\231""; nodeIDs: ""\000\000\000\000\000\000\000\000\000\000\000\000\000\000\000\000\000\000\000\000\000\000\000\000\000\000\000\000\000\000\000\000\000""; queryDepth: 3; ","itype: liTS_CANDIDATE; ledgerHash: ""\372\006o\003\332\302\312\221!,\240\314\315\007\254?\274\320-$\2220)\277\347^\326\315$\277\362\231""; nodeIDs: ""\000\000\000\000\000\000\000\000\000\000\000\000\000\000\000\000\000\000\000\000\000\000\000\000\000\000\000\000\000\000\000\000\000""; queryDepth: 3; "
1750554985816,1750554985816,1088,1,3,1,TMProposeSet,"proposeSeq: 0; currentTxHash: ""\372\006o\003\332\302\312\221!,\240\314\315\007\254?\274\320-$\2220)\277\347^\326\315$\277\362\231""; nodePubKey: ""\003\377\373k5_\032\3369\270\342\273n(r\273\207{\327\250/\370I\221Q\224\244\335\320\006\305\376q""; closeTime: 803870185; signature: ""0D\002 Q\216j\342\272rZz\263Fj\342C|\265\250\257\227\221CLs\203\341\273\t\353\222\314\021b\373\002 \027\203\020\356\254SZ|V\272\206\263Y\352\n\0072\234S\277K\346\027\321[\342\342\210\005\326\337Y""; previousledger: ""\177/n\t\321qS|\215ub7\177\265\264\234\340\013\347\177b\007\214QDOG\302\345U\376q""; ","proposeSeq: 0; currentTxHash: ""\372\006o\003\332\302\312\221!,\240\314\315\007\254?\274\320-$\2220)\277\347^\326\315$\277\362\231""; nodePubKey: ""\003\377\373k5_\032\3369\270\342\273n(r\273\207{\327\250/\370I\221Q\224\244\335\320\006\305\376q""; closeTime: 803870185; signature: ""0D\002 Q\216j\342\272rZz\263Fj\342C|\265\250\257\227\221CLs\203\341\273\t\353\222\314\021b\373\002 \027\203\020\356\254SZ|V\272\206\263Y\352\n\0072\234S\277K\346\027\321[\342\342\210\005\326\337Y""; previousledger: ""\177/n\t\321qS|\215ub7\177\265\264\234\340\013\347\177b\007\214QDOG\302\345U\376q""; "
1750554985824,1750554985824,2511,1,3,4,TMTransaction,"rawTransaction: ""\022\000\000""\000\000\000\000$\000\000\000\001 \033\000\000\000\027a@\000\000\027H\206*@h@\000\000\000\000\000\000\ns!\0030\347\374\235V\273%\326\211;\243\363\027\256[\3173\263)\033\326=\263&T\243\023""/\177\320 tF0D\002 z~w\205GU\373\266\331\007p\014,\022I\355\226\375\201\2535\2363\373\322\323\321\310\020\021\t\375\002 \0010hV&~ 6\244B\004}\022\323y\204\357\306\373V\276U{\217|\032#\344)\341\246\233\201\024\265\367by\212S\325C\240\024\312\370\262\227\317\370\362\3717\350\203\024\004u\013\332S\305\246S\362r\026Wx\246\377m\351B\343\311""; status: tsCURRENT; receiveTimestamp: 803870185; deferred: false; ","rawTransaction: ""\022\000\000""\000\000\000\000$\000\000\000\001 \033\000\000\000\027a@\000\000\027H\206*@h@\000\000\000\000\000\000\ns!\0030\347\374\235V\273%\326\211;\243\363\027\256[\3173\263)\033\326=\263&T\243\023""/\177\320 tF0D\002 z~w\205GU\373\266\331\007p\014,\022I\355\226\375\201\2535\2363\373\322\323\321\310\020\021\t\375\002 \0010hV&~ 6\244B\004}\022\323y\204\357\306\373V\276U{\217|\032#\344)\341\246\233\201\024\265\367by\212S\325C\240\024\312\370\262\227\317\370\362\3717\350\203\024\004u\013\332S\305\246S\362r\026Wx\246\377m\351B\343\311""; status: tsCURRENT; receiveTimestamp: 803870185; deferred: false; "
1750554985825,1750554985825,1608,1,3,0,TMTransaction,"rawTransaction: ""\022\000\000""\000\000\000\000$\000\000\000\001 \033\000\000\000\027a@\000\000\027H\206*@h@\000\000\000\000\000\000\ns!\0030\347\374\235V\273%\326\211;\243\363\027\256[\3173\263)\033\326=\263&T\243\023""/\177\320 tF0D\002 z~w\205GU\373\266\331\007p\014,\022I\355\226\375\201\2535\2363\373\322\323\321\310\020\021\t\375\002 \0010hV&~ 6\244B\004}\022\323y\204\357\306\373V\276U{\217|\032#\344)\341\246\233\201\024\265\367by\212S\325C\240\024\312\370\262\227\317\370\362\3717\350\203\024\004u\013\332S\305\246S\362r\026Wx\246\377m\351B\343\311""; status: tsCURRENT; receiveTimestamp: 803870185; deferred: false; ","rawTransaction: ""\022\000\000""\000\000\000\000$\000\000\000\001 \033\000\000\000\027a@\000\000\027H\206*@h@\000\000\000\000\000\000\ns!\0030\347\374\235V\273%\326\211;\243\363\027\256[\3173\263)\033\326=\263&T\243\023""/\177\320 tF0D\002 z~w\205GU\373\266\331\007p\014,\022I\355\226\375\201\2535\2363\373\322\323\321\310\020\021\t\375\002 \0010hV&~ 6\244B\004}\022\323y\204\357\306\373V\276U{\217|\032#\344)\341\246\233\201\024\265\367by\212S\325C\240\024\312\370\262\227\317\370\362\3717\350\203\024\004u\013\332S\305\246S\362r\026Wx\246\377m\351B\343\311""; status: tsCURRENT; receiveTimestamp: 803870185; deferred: false; "
1750554985825,1750554985826,3443,1,3,1,TMTransaction,"rawTransaction: ""\022\000\000""\000\000\000\000$\000\000\000\001 \033\000\000\000\027a@\000\000\027H\206*@h@\000\000\000\000\000\000\ns!\0030\347\374\235V\273%\326\211;\243\363\027\256[\3173\263)\033\326=\263&T\243\023""/\177\320 tF0D\002 z~w\205GU\373\266\331\007p\014,\022I\355\226\375\201\2535\2363\373\322\323\321\310\020\021\t\375\002 \0010hV&~ 6\244B\004}\022\323y\204\357\306\373V\276U{\217|\032#\344)\341\246\233\201\024\265\367by\212S\325C\240\024\312\370\262\227\317\370\362\3717\350\203\024\004u\013\332S\305\246S\362r\026Wx\246\377m\351B\343\311""; status: tsCURRENT; receiveTimestamp: 803870185; deferred: false; ","rawTransaction: ""\022\000\000""\000\000\000\000$\000\000\000\001 \033\000\000\000\027a@\000\000\027H\206*@h@\000\000\000\000\000\000\ns!\0030\347\374\235V\273%\326\211;\243\363\027\256[\3173\263)\033\326=\263&T\243\023""/\177\320 tF0D\002 z~w\205GU\373\266\331\007p\014,\022I\355\226\375\201\2535\2363\373\322\323\321\310\020\021\t\375\002 \0010hV&~ 6\244B\004}\022\323y\204\357\306\373V\276U{\217|\032#\344)\341\246\233\201\024\265\367by\212S\325C\240\024\312\370\262\227\317\370\362\3717\350\203\024\004u\013\332S\305\246S\362r\026Wx\246\377m\351B\343\311""; status: tsCURRENT; receiveTimestamp: 803870185; deferred: false; "
1750554985858,1750554985858,2792,1,0,4,TMGetLedger,"itype: liTS_CANDIDATE; ledgerHash: ""\372\006o\003\332\302\312\221!,\240\314\315\007\254?\274\320-$\2220)\277\347^\326\315$\277\362\231""; nodeIDs: ""\000\000\000\000\000\000\000\000\000\000\000\000\000\000\000\000\000\000\000\000\000\000\000\000\000\000\000\000\000\000\000\000\000""; queryDepth: 3; ","itype: liTS_CANDIDATE; ledgerHash: ""\372\006o\003\332\302\312\221!,\240\314\315\007\254?\274\320-$\2220)\277\347^\326\315$\277\362\231""; nodeIDs: ""\000\000\000\000\000\000\000\000\000\000\000\000\000\000\000\000\000\000\000\000\000\000\000\000\000\000\000\000\000\000\000\000\000""; queryDepth: 3; "
1750554985858,1750554985858,1362,1,0,3,TMProposeSet,"proposeSeq: 0; currentTxHash: ""\372\006o\003\332\302\312\221!,\240\314\315\007\254?\274\320-$\2220)\277\347^\326\315$\277\362\231""; nodePubKey: ""\003\377\373k5_\032\3369\270\342\273n(r\273\207{\327\250/\370I\221Q\224\244\335\320\006\305\376q""; closeTime: 803870185; signature: ""0D\002 Q\216j\342\272rZz\263Fj\342C|\265\250\257\227\221CLs\203\341\273\t\353\222\314\021b\373\002 \027\203\020\356\254SZ|V\272\206\263Y\352\n\0072\234S\277K\346\027\321[\342\342\210\005\326\337Y""; previousledger: ""\177/n\t\321qS|\215ub7\177\265\264\234\340\013\347\177b\007\214QDOG\302\345U\376q""; ","proposeSeq: 0; currentTxHash: ""\372\006o\003\332\302\312\221!,\240\314\315\007\254?\274\320-$\2220)\277\347^\326\315$\277\362\231""; nodePubKey: ""\003\377\373k5_\032\3369\270\342\273n(r\273\207{\327\250/\370I\221Q\224\244\335\320\006\305\376q""; closeTime: 803870185; signature: ""0D\002 Q\216j\342\272rZz\263Fj\342C|\265\250\257\227\221CLs\203\341\273\t\353\222\314\021b\373\002 \027\203\020\356\254SZ|V\272\206\263Y\352\n\0072\234S\277K\346\027\321[\342\342\210\005\326\337Y""; previousledger: ""\177/n\t\321qS|\215ub7\177\265\264\234\340\013\347\177b\007\214QDOG\302\345U\376q""; "
1750554985859,1750554985859,3587,1,0,2,TMProposeSet,"proposeSeq: 0; currentTxHash: ""\372\006o\003\332\302\312\221!,\240\314\315\007\254?\274\320-$\2220)\277\347^\326\315$\277\362\231""; nodePubKey: ""\003\377\373k5_\032\3369\270\342\273n(r\273\207{\327\250/\370I\221Q\224\244\335\320\006\305\376q""; closeTime: 803870185; signature: ""0D\002 Q\216j\342\272rZz\263Fj\342C|\265\250\257\227\221CLs\203\341\273\t\353\222\314\021b\373\002 \027\203\020\356\254SZ|V\272\206\263Y\352\n\0072\234S\277K\346\027\321[\342\342\210\005\326\337Y""; previousledger: ""\177/n\t\321qS|\215ub7\177\265\264\234\340\013\347\177b\007\214QDOG\302\345U\376q""; ","proposeSeq: 0; currentTxHash: ""\372\006o\003\332\302\312\221!,\240\314\315\007\254?\274\320-$\2220)\277\347^\326\315$\277\362\231""; nodePubKey: ""\003\377\373k5_\032\3369\270\342\273n(r\273\207{\327\250/\370I\221Q\224\244\335\320\006\305\376q""; closeTime: 803870185; signature: ""0D\002 Q\216j\342\272rZz\263Fj\342C|\265\250\257\227\221CLs\203\341\273\t\353\222\314\021b\373\002 \027\203\020\356\254SZ|V\272\206\263Y\352\n\0072\234S\277K\346\027\321[\342\342\210\005\326\337Y""; previousledger: ""\177/n\t\321qS|\215ub7\177\265\264\234\340\013\347\177b\007\214QDOG\302\345U\376q""; "
1750554985859,1750554985859,2432,1,0,4,TMProposeSet,"proposeSeq: 0; currentTxHash: ""\372\006o\003\332\302\312\221!,\240\314\315\007\254?\274\320-$\2220)\277\347^\326\315$\277\362\231""; nodePubKey: ""\003\377\373k5_\032\3369\270\342\273n(r\273\207{\327\250/\370I\221Q\224\244\335\320\006\305\376q""; closeTime: 803870185; signature: ""0D\002 Q\216j\342\272rZz\263Fj\342C|\265\250\257\227\221CLs\203\341\273\t\353\222\314\021b\373\002 \027\203\020\356\254SZ|V\272\206\263Y\352\n\0072\234S\277K\346\027\321[\342\342\210\005\326\337Y""; previousledger: ""\177/n\t\321qS|\215ub7\177\265\264\234\340\013\347\177b\007\214QDOG\302\345U\376q""; ","proposeSeq: 0; currentTxHash: ""\372\006o\003\332\302\312\221!,\240\314\315\007\254?\274\320-$\2220)\277\347^\326\315$\277\362\231""; nodePubKey: ""\003\377\373k5_\032\3369\270\342\273n(r\273\207{\327\250/\370I\221Q\224\244\335\320\006\305\376q""; closeTime: 803870185; signature: ""0D\002 Q\216j\342\272rZz\263Fj\342C|\265\250\257\227\221CLs\203\341\273\t\353\222\314\021b\373\002 \027\203\020\356\254SZ|V\272\206\263Y\352\n\0072\234S\277K\346\027\321[\342\342\210\005\326\337Y""; previousledger: ""\177/n\t\321qS|\215ub7\177\265\264\234\340\013\347\177b\007\214QDOG\302\345U\376q""; "
1750554985860,1750554985860,1788,1,0,1,TMGetLedger,"itype: liTS_CANDIDATE; ledgerHash: ""\372\006o\003\332\302\312\221!,\240\314\315\007\254?\274\320-$\2220)\277\347^\326\315$\277\362\231""; nodeIDs: ""\000\000\000\000\000\000\000\000\000\000\000\000\000\000\000\000\000\000\000\000\000\000\000\000\000\000\000\000\000\000\000\000\000""; queryDepth: 3; ","itype: liTS_CANDIDATE; ledgerHash: ""\372\006o\003\332\302\312\221!,\240\314\315\007\254?\274\320-$\2220)\277\347^\326\315$\277\362\231""; nodeIDs: ""\000\000\000\000\000\000\000\000\000\000\000\000\000\000\000\000\000\000\000\000\000\000\000\000\000\000\000\000\000\000\000\000\000""; queryDepth: 3; "
1750554985879,1750554985880,691,1,0,3,TMValidation,"validation: """"\200\000\000\001&\000\000\000\003)/\352\025\350:\327^\220\264\371\235\346\371Q\177/n\t\321qS|\215ub7\177\265\264\234\340\013\347\177b\007\214QDOG\302\345U\376qP\027\000\000\000\000\000\000\000\000\000\000\000\000\000\000\000\000\000\000\000\000\000\000\000\000\000\000\000\000\000\000\000\000P\031-}\351f\032\255\274\334m\326c\017\014ao[\342\230\003\245\245\3341Hm\326^\017jy\335\261s!\003\377\373k5_\032\3369\270\342\273n(r\273\207{\327\250/\370I\221Q\224\244\335\320\006\305\376qvG0E\002!\000\347\314\202/\213m\016\330*\250]\201#\233[\365\347\022\232Y\236\341\362_q\235\275\263\265s\\356\002 I\365\374\274my\214\264~\007\347&\265\036e\365F\016\235\372U{u\357\266\361Z\004\212\276\262&""; ","validation: """"\200\000\000\001&\000\000\000\003)/\352\025\350:\327^\220\264\371\235\346\371Q\177/n\t\321qS|\215ub7\177\265\264\234\340\013\347\177b\007\214QDOG\302\345U\376qP\027\000\000\000\000\000\000\000\000\000\000\000\000\000\000\000\000\000\000\000\000\000\000\000\000\000\000\000\000\000\000\000\000P\031-}\351f\032\255\274\334m\326c\017\014ao[\342\230\003\245\245\3341Hm\326^\017jy\335\261s!\003\377\373k5_\032\3369\270\342\273n(r\273\207{\327\250/\370I\221Q\224\244\335\320\006\305\376qvG0E\002!\000\347\314\202/\213m\016\330*\250]\201#\233[\365\347\022\232Y\236\341\362_q\235\275\263\265s\\356\002 I\365\374\274my\214\264~\007\347&\265\036e\365F\016\235\372U{u\357\266\361Z\004\212\276\262&""; "
1750554985880,1750554985880,2573,1,0,4,TMValidation,"validation: """"\200\000\000\001&\000\000\000\003)/\352\025\350:\327^\220\264\371\235\346\371Q\177/n\t\321qS|\215ub7\177\265\264\234\340\013\347\177b\007\214QDOG\302\345U\376qP\027\000\000\000\000\000\000\000\000\000\000\000\000\000\000\000\000\000\000\000\000\000\000\000\000\000\000\000\000\000\000\000\000P\031-}\351f\032\255\274\334m\326c\017\014ao[\342\230\003\245\245\3341Hm\326^\017jy\335\261s!\003\377\373k5_\032\3369\270\342\273n(r\273\207{\327\250/\370I\221Q\224\244\335\320\006\305\376qvG0E\002!\000\347\314\202/\213m\016\330*\250]\201#\233[\365\347\022\232Y\236\341\362_q\235\275\263\265s\\356\002 I\365\374\274my\214\264~\007\347&\265\036e\365F\016\235\372U{u\357\266\361Z\004\212\276\262&""; ","validation: """"\200\000\000\001&\000\000\000\003)/\352\025\350:\327^\220\264\371\235\346\371Q\177/n\t\321qS|\215ub7\177\265\264\234\340\013\347\177b\007\214QDOG\302\345U\376qP\027\000\000\000\000\000\000\000\000\000\000\000\000\000\000\000\000\000\000\000\000\000\000\000\000\000\000\000\000\000\000\000\000P\031-}\351f\032\255\274\334m\326c\017\014ao[\342\230\003\245\245\3341Hm\326^\017jy\335\261s!\003\377\373k5_\032\3369\270\342\273n(r\273\207{\327\250/\370I\221Q\224\244\335\320\006\305\376qvG0E\002!\000\347\314\202/\213m\016\330*\250]\201#\233[\365\347\022\232Y\236\341\362_q\235\275\263\265s\\356\002 I\365\374\274my\214\264~\007\347&\265\036e\365F\016\235\372U{u\357\266\361Z\004\212\276\262&""; "
1750554985880,1750554985880,2300,1,0,1,TMValidation,"validation: """"\200\000\000\001&\000\000\000\003)/\352\025\350:\327^\220\264\371\235\346\371Q\177/n\t\321qS|\215ub7\177\265\264\234\340\013\347\177b\007\214QDOG\302\345U\376qP\027\000\000\000\000\000\000\000\000\000\000\000\000\000\000\000\000\000\000\000\000\000\000\000\000\000\000\000\000\000\000\000\000P\031-}\351f\032\255\274\334m\326c\017\014ao[\342\230\003\245\245\3341Hm\326^\017jy\335\261s!\003\377\373k5_\032\3369\270\342\273n(r\273\207{\327\250/\370I\221Q\224\244\335\320\006\305\376qvG0E\002!\000\347\314\202/\213m\016\330*\250]\201#\233[\365\347\022\232Y\236\341\362_q\235\275\263\265s\\356\002 I\365\374\274my\214\264~\007\347&\265\036e\365F\016\235\372U{u\357\266\361Z\004\212\276\262&""; ","validation: """"\200\000\000\001&\000\000\000\003)/\352\025\350:\327^\220\264\371\235\346\371Q\177/n\t\321qS|\215ub7\177\265\264\234\340\013\347\177b\007\214QDOG\302\345U\376qP\027\000\000\000\000\000\000\000\000\000\000\000\000\000\000\000\000\000\000\000\000\000\000\000\000\000\000\000\000\000\000\000\000P\031-}\351f\032\255\274\334m\326c\017\014ao[\342\230\003\245\245\3341Hm\326^\017jy\335\261s!\003\377\373k5_\032\3369\270\342\273n(r\273\207{\327\250/\370I\221Q\224\244\335\320\006\305\376qvG0E\002!\000\347\314\202/\213m\016\330*\250]\201#\233[\365\347\022\232Y\236\341\362_q\235\275\263\265s\\356\002 I\365\374\274my\214\264~\007\347&\265\036e\365F\016\235\372U{u\357\266\361Z\004\212\276\262&""; "
1750554986025,1750554986026,2934,1,1,4,TMGetLedger,"itype: liTS_CANDIDATE; ledgerHash: ""\372\006o\003\332\302\312\221!,\240\314\315\007\254?\274\320-$\2220)\277\347^\326\315$\277\362\231""; nodeIDs: ""\000\000\000\000\000\000\000\000\000\000\000\000\000\000\000\000\000\000\000\000\000\000\000\000\000\000\000\000\000\000\000\000\000""; queryType: qtINDIRECT; queryDepth: 3; ","itype: liTS_CANDIDATE; ledgerHash: ""\372\006o\003\332\302\312\221!,\240\314\315\007\254?\274\320-$\2220)\277\347^\326\315$\277\362\231""; nodeIDs: ""\000\000\000\000\000\000\000\000\000\000\000\000\000\000\000\000\000\000\000\000\000\000\000\000\000\000\000\000\000\000\000\000\000""; queryType: qtINDIRECT; queryDepth: 3; "
1750554986043,1750554986044,2640,1,4,3,TMTransaction,"rawTransaction: ""\022\000\000""\000\000\000\000$\000\000\000\002 \033\000\000\000\027a@\000\000\027H\206*@h@\000\000\000\000\000\000\ns!\0030\347\374\235V\273%\326\211;\243\363\027\256[\3173\263)\033\326=\263&T\243\023""/\177\320 tG0E\002!\000\351T]}\024p\374\216\245R\322\304\225g{\336\265VCx*M\024\263\215\234\326\325\341$\211I\002 \022\352\340\211a\354\3664\272\3109\365\316 Z\254\236e\352I\366\246'\211+\333\305/\231\312K\023\201\024\265\367by\212S\325C\240\024\312\370\262\227\317\370\362\3717\350\203\024\222\n\270F-\301\003,(m\335a(\331m\3536\2051\375""; status: tsCURRENT; receiveTimestamp: 803870186; deferred: false; ","rawTransaction: ""\022\000\000""\000\000\000\000$\000\000\000\002 \033\000\000\000\027a@\000\000\027H\206*@h@\000\000\000\000\000\000\ns!\0030\347\374\235V\273%\326\211;\243\363\027\256[\3173\263)\033\326=\263&T\243\023""/\177\320 tG0E\002!\000\351T]}\024p\374\216\245R\322\304\225g{\336\265VCx*M\024\263\215\234\326\325\341$\211I\002 \022\352\340\211a\354\3664\272\3109\365\316 Z\254\236e\352I\366\246'\211+\333\305/\231\312K\023\201\024\265\367by\212S\325C\240\024\312\370\262\227\317\370\362\3717\350\203\024\222\n\270F-\301\003,(m\335a(\331m\3536\2051\375""; status: tsCURRENT; receiveTimestamp: 803870186; deferred: false; "
1750554986044,1750554986045,3190,1,4,1,TMTransaction,"rawTransaction: ""\022\000\000""\000\000\000\000$\000\000\000\002 \033\000\000\000\027a@\000\000\027H\206*@h@\000\000\000\000\000\000\ns!\0030\347\374\235V\273%\326\211;\243\363\027\256[\3173\263)\033\326=\263&T\243\023""/\177\320 tG0E\002!\000\351T]}\024p\374\216\245R\322\304\225g{\336\265VCx*M\024\263\215\234\326\325\341$\211I\002 \022\352\340\211a\354\3664\272\3109\365\316 Z\254\236e\352I\366\246'\211+\333\305/\231\312K\023\201\024\265\367by\212S\325C\240\024\312\370\262\227\317\370\362\3717\350\203\024\222\n\270F-\301\003,(m\335a(\331m\3536\2051\375""; status: tsCURRENT; receiveTimestamp: 803870186; deferred: false; ","rawTransaction: ""\022\000\000""\000\000\000\000$\000\000\000\002 \033\000\000\000\027a@\000\000\027H\206*@h@\000\000\000\000\000\000\ns!\0030\347\374\235V\273%\326\211;\243\363\027\256[\3173\263)\033\326=\263&T\243\023""/\177\320 tG0E\002!\000\351T]}\024p\374\216\245R\322\304\225g{\336\265VCx*M\024\263\215\234\326\325\341$\211I\002 \022\352\340\211a\354\3664\272\3109\365\316 Z\254\236e\352I\366\246'\211+\333\305/\231\312K\023\201\024\265\367by\212S\325C\240\024\312\370\262\227\317\370\362\3717\350\203\024\222\n\270F-\301\003,(m\335a(\331m\3536\2051\375""; status: tsCURRENT; receiveTimestamp: 803870186; deferred: false; "
1750554986044,1750554986045,3113,1,4,0,TMTransaction,"rawTransaction: ""\022\000\000""\000\000\000\000$\000\000\000\002 \033\000\000\000\027a@\000\000\027H\206*@h@\000\000\000\000\000\000\ns!\0030\347\374\235V\273%\326\211;\243\363\027\256[\3173\263)\033\326=\263&T\243\023""/\177\320 tG0E\002!\000\351T]}\024p\374\216\245R\322\304\225g{\336\265VCx*M\024\263\215\234\326\325\341$\211I\002 \022\352\340\211a\354\3664\272\3109\365\316 Z\254\236e\352I\366\246'\211+\333\305/\231\312K\023\201\024\265\367by\212S\325C\240\024\312\370\262\227\317\370\362\3717\350\203\024\222\n\270F-\301\003,(m\335a(\331m\3536\2051\375""; status: tsCURRENT; receiveTimestamp: 803870186; deferred: false; ","rawTransaction: ""\022\000\000""\000\000\000\000$\000\000\000\002 \033\000\000\000\027a@\000\000\027H\206*@h@\000\000\000\000\000\000\ns!\0030\347\374\235V\273%\326\211;\243\363\027\256[\3173\263)\033\326=\263&T\243\023""/\177\320 tG0E\002!\000\351T]}\024p\374\216\245R\322\304\225g{\336\265VCx*M\024\263\215\234\326\325\341$\211I\002 \022\352\340\211a\354\3664\272\3109\365\316 Z\254\236e\352I\366\246'\211+\333\305/\231\312K\023\201\024\265\367by\212S\325C\240\024\312\370\262\227\317\370\362\3717\350\203\024\222\n\270F-\301\003,(m\335a(\331m\3536\2051\375""; status: tsCURRENT; receiveTimestamp: 803870186; deferred: false; "
1750554986064,1750554986064,2052,1,3,1,TMGetLedger,"itype: liTS_CANDIDATE; ledgerHash: ""\372\006o\003\332\302\312\221!,\240\314\315\007\254?\274\320-$\2220)\277\347^\326\315$\277\362\231""; nodeIDs: ""\000\000\000\000\000\000\000\000\000\000\000\000\000\000\000\000\000\000\000\000\000\000\000\000\000\000\000\000\000\000\000\000\000""; queryType: qtINDIRECT; queryDepth: 3; ","itype: liTS_CANDIDATE; ledgerHash: ""\372\006o\003\332\302\312\221!,\240\314\315\007\254?\274\320-$\2220)\277\347^\326\315$\277\362\231""; nodeIDs: ""\000\000\000\000\000\000\000\000\000\000\000\000\000\000\000\000\000\000\000\000\000\000\000\000\000\000\000\000\000\000\000\000\000""; queryType: qtINDIRECT; queryDepth: 3; "
1750554986082,1750554986082,3430,1,3,2,TMProposeSet,"proposeSeq: 0; currentTxHash: ""\372\006o\003\332\302\312\221!,\240\314\315\007\254?\274\320-$\2220)\277\347^\326\315$\277\362\231""; nodePubKey: ""\002\203\234\253\325\333\332\276\223y;\250+B\323"" Hg\303\030\n\303\345\255\330\223\n\240\260\032\305!""; closeTime: 803870184; signature: ""0D\002 0L(\252\270\250t\306\200\344oD\275\276%\270\300o\030\346\005&\207\350\034\251\021\230\276\241\371{\002 0\272\n\311\037V\331v\222\330\227\345\200)\335v*)p6\260\347\250\252\301\354\225\310\204\343\242n""; previousledger: ""\177/n\t\321qS|\215ub7\177\265\264\234\340\013\347\177b\007\214QDOG\302\345U\376q""; ","proposeSeq: 0; currentTxHash: ""\372\006o\003\332\302\312\221!,\240\314\315\007\254?\274\320-$\2220)\277\347^\326\315$\277\362\231""; nodePubKey: ""\002\203\234\253\325\333\332\276\223y;\250+B\323"" Hg\303\030\n\303\345\255\330\223\n\240\260\032\305!""; closeTime: 803870184; signature: ""0D\002 0L(\252\270\250t\306\200\344oD\275\276%\270\300o\030\346\005&\207\350\034\251\021\230\276\241\371{\002 0\272\n\311\037V\331v\222\330\227\345\200)\335v*)p6\260\347\250\252\301\354\225\310\204\343\242n""; previousledger: ""\177/n\t\321qS|\215ub7\177\265\264\234\340\013\347\177b\007\214QDOG\302\345U\376q""; "
1750554986083,1750554986083,1448,1,3,0,TMProposeSet,"proposeSeq: 0; currentTxHash: ""\372\006o\003\332\302\312\221!,\240\314\315\007\254?\274\320-$\2220)\277\347^\326\315$\277\362\231""; nodePubKey: ""\002\203\234\253\325\333\332\276\223y;\250+B\323"" Hg\303\030\n\303\345\255\330\223\n\240\260\032\305!""; closeTime: 803870184; signature: ""0D\002 0L(\252\270\250t\306\200\344oD\275\276%\270\300o\030\346\005&\207\350\034\251\021\230\276\241\371{\002 0\272\n\311\037V\331v\222\330\227\345\200)\335v*)p6\260\347\250\252\301\354\225\310\204\343\242n""; previousledger: ""\177/n\t\321qS|\215ub7\177\265\264\234\340\013\347\177b\007\214QDOG\302\345U\376q""; ","proposeSeq: 0; currentTxHash: ""\372\006o\003\332\302\312\221!,\240\314\315\007\254?\274\320-$\2220)\277\347^\326\315$\277\362\231""; nodePubKey: ""\002\203\234\253\325\333\332\276\223y;\250+B\323"" Hg\303\030\n\303\345\255\330\223\n\240\260\032\305!""; closeTime: 803870184; signature: ""0D\002 0L(\252\270\250t\306\200\344oD\275\276%\270\300o\030\346\005&\207\350\034\251\021\230\276\241\371{\002 0\272\n\311\037V\331v\222\330\227\345\200)\335v*)p6\260\347\250\252\301\354\225\310\204\343\242n""; previousledger: ""\177/n\t\321qS|\215ub7\177\265\264\234\340\013\347\177b\007\214QDOG\302\345U\376q""; "
1750554986083,1750554986083,1088,1,3,1,TMProposeSet,"proposeSeq: 0; currentTxHash: ""\372\006o\003\332\302\312\221!,\240\314\315\007\254?\274\320-$\2220)\277\347^\326\315$\277\362\231""; nodePubKey: ""\002\203\234\253\325\333\332\276\223y;\250+B\323"" Hg\303\030\n\303\345\255\330\223\n\240\260\032\305!""; closeTime: 803870184; signature: ""0D\002 0L(\252\270\250t\306\200\344oD\275\276%\270\300o\030\346\005&\207\350\034\251\021\230\276\241\371{\002 0\272\n\311\037V\331v\222\330\227\345\200)\335v*)p6\260\347\250\252\301\354\225\310\204\343\242n""; previousledger: ""\177/n\t\321qS|\215ub7\177\265\264\234\340\013\347\177b\007\214QDOG\302\345U\376q""; ","proposeSeq: 0; currentTxHash: ""\372\006o\003\332\302\312\221!,\240\314\315\007\254?\274\320-$\2220)\277\347^\326\315$\277\362\231""; nodePubKey: ""\002\203\234\253\325\333\332\276\223y;\250+B\323"" Hg\303\030\n\303\345\255\330\223\n\240\260\032\305!""; closeTime: 803870184; signature: ""0D\002 0L(\252\270\250t\306\200\344oD\275\276%\270\300o\030\346\005&\207\350\034\251\021\230\276\241\371{\002 0\272\n\311\037V\331v\222\330\227\345\200)\335v*)p6\260\347\250\252\301\354\225\310\204\343\242n""; previousledger: ""\177/n\t\321qS|\215ub7\177\265\264\234\340\013\347\177b\007\214QDOG\302\345U\376q""; "
1750554986108,1750554986108,2033,1,0,2,TMGetLedger,"itype: liTS_CANDIDATE; ledgerHash: ""\372\006o\003\332\302\312\221!,\240\314\315\007\254?\274\320-$\2220)\277\347^\326\315$\277\362\231""; nodeIDs: ""\000\000\000\000\000\000\000\000\000\000\000\000\000\000\000\000\000\000\000\000\000\000\000\000\000\000\000\000\000\000\000\000\000""; queryType: qtINDIRECT; queryDepth: 3; ","itype: liTS_CANDIDATE; ledgerHash: ""\372\006o\003\332\302\312\221!,\240\314\315\007\254?\274\320-$\2220)\277\347^\326\315$\277\362\231""; nodeIDs: ""\000\000\000\000\000\000\000\000\000\000\000\000\000\000\000\000\000\000\000\000\000\000\000\000\000\000\000\000\000\000\000\000\000""; queryType: qtINDIRECT; queryDepth: 3; "
1750554986118,1750554986118,2432,1,0,4,TMProposeSet,"proposeSeq: 0; currentTxHash: ""\372\006o\003\332\302\312\221!,\240\314\315\007\254?\274\320-$\2220)\277\347^\326\315$\277\362\231""; nodePubKey: ""\002\203\234\253\325\333\332\276\223y;\250+B\323"" Hg\303\030\n\303\345\255\330\223\n\240\260\032\305!""; closeTime: 803870184; signature: ""0D\002 0L(\252\270\250t\306\200\344oD\275\276%\270\300o\030\346\005&\207\350\034\251\021\230\276\241\371{\002 0\272\n\311\037V\331v\222\330\227\345\200)\335v*)p6\260\347\250\252\301\354\225\310\204\343\242n""; previousledger: ""\177/n\t\321qS|\215ub7\177\265\264\234\340\013\347\177b\007\214QDOG\302\345U\376q""; ","proposeSeq: 0; currentTxHash: ""\372\006o\003\332\302\312\221!,\240\314\315\007\254?\274\320-$\2220)\277\347^\326\315$\277\362\231""; nodePubKey: ""\002\203\234\253\325\333\332\276\223y;\250+B\323"" Hg\303\030\n\303\345\255\330\223\n\240\260\032\305!""; closeTime: 803870184; signature: ""0D\002 0L(\252\270\250t\306\200\344oD\275\276%\270\300o\030\346\005&\207\350\034\251\021\230\276\241\371{\002 0\272\n\311\037V\331v\222\330\227\345\200)\335v*)p6\260\347\250\252\301\354\225\310\204\343\242n""; previousledger: ""\177/n\t\321qS|\215ub7\177\265\264\234\340\013\347\177b\007\214QDOG\302\345U\376q""; "
1750554986118,1750554986118,1362,1,0,3,TMProposeSet,"proposeSeq: 0; currentTxHash: ""\372\006o\003\332\302\312\221!,\240\314\315\007\254?\274\320-$\2220)\277\347^\326\315$\277\362\231""; nodePubKey: ""\002\203\234\253\325\333\332\276\223y;\250+B\323"" Hg\303\030\n\303\345\255\330\223\n\240\260\032\305!""; closeTime: 803870184; signature: ""0D\002 0L(\252\270\250t\306\200\344oD\275\276%\270\300o\030\346\005&\207\350\034\251\021\230\276\241\371{\002 0\272\n\311\037V\331v\222\330\227\345\200)\335v*)p6\260\347\250\252\301\354\225\310\204\343\242n""; previousledger: ""\177/n\t\321qS|\215ub7\177\265\264\234\340\013\347\177b\007\214QDOG\302\345U\376q""; ","proposeSeq: 0; currentTxHash: ""\372\006o\003\332\302\312\221!,\240\314\315\007\254?\274\320-$\2220)\277\347^\326\315$\277\362\231""; nodePubKey: ""\002\203\234\253\325\333\332\276\223y;\250+B\323"" Hg\303\030\n\303\345\255\330\223\n\240\260\032\305!""; closeTime: 803870184; signature: ""0D\002 0L(\252\270\250t\306\200\344oD\275\276%\270\300o\030\346\005&\207\350\034\251\021\230\276\241\371{\002 0\272\n\311\037V\331v\222\330\227\345\200)\335v*)p6\260\347\250\252\301\354\225\310\204\343\242n""; previousledger: ""\177/n\t\321qS|\215ub7\177\265\264\234\340\013\347\177b\007\214QDOG\302\345U\376q""; "
1750554986134,1750554986135,1332,1,4,3,TMValidation,"validation: """"\200\000\000\001&\000\000\000\003)/\352\025\346:c\016\231\375\2438\\353Q\177/n\t\321qS|\215ub7\177\265\264\234\340\013\347\177b\007\214QDOG\302\345U\376qP\027\000\000\000\000\000\000\000\000\000\000\000\000\000\000\000\000\000\000\000\000\000\000\000\000\000\000\000\000\000\000\000\000P\031-}\351f\032\255\274\334m\326c\017\014ao[\342\230\003\245\245\3341Hm\326^\017jy\335\261s!\003\014}\246\253\247\326\267P\302\342:\267&\375\036d\013\375\230\236\226\207\332\267\005\016\325\334r\346Q\333vG0E\002!\000\354_\231Q,\330\tzW\361\353O\363J\304Y\346\355\314w\235u\226XV\020\302\023B\346h\247\002 \024\324O\205\225J\343]\373\020\317\016#\360\020\202f\254\231\3438\377dX\312\177\036-!\364T%""; ","validation: """"\200\000\000\001&\000\000\000\003)/\352\025\346:c\016\231\375\2438\\353Q\177/n\t\321qS|\215ub7\177\265\264\234\340\013\347\177b\007\214QDOG\302\345U\376qP\027\000\000\000\000\000\000\000\000\000\000\000\000\000\000\000\000\000\000\000\000\000\000\000\000\000\000\000\000\000\000\000\000P\031-}\351f\032\255\274\334m\326c\017\014ao[\342\230\003\245\245\3341Hm\326^\017jy\335\261s!\003\014}\246\253\247\326\267P\302\342:\267&\375\036d\013\375\230\236\226\207\332\267\005\016\325\334r\346Q\333vG0E\002!\000\354_\231Q,\330\tzW\361\353O\363J\304Y\346\355\314w\235u\226XV\020\302\023B\346h\247\002 \024\324O\205\225J\343]\373\020\317\016#\360\020\202f\254\231\3438\377dX\312\177\036-!\364T%""; "
1750554986135,1750554986135,3112,1,4,2,TMValidation,"validation: """"\200\000\000\001&\000\000\000\003)/\352\025\346:c\016\231\375\2438\\353Q\177/n\t\321qS|\215ub7\177\265\264\234\340\013\347\177b\007\214QDOG\302\345U\376qP\027\000\000\000\000\000\000\000\000\000\000\000\000\000\000\000\000\000\000\000\000\000\000\000\000\000\000\000\000\000\000\000\000P\031-}\351f\032\255\274\334m\326c\017\014ao[\342\230\003\245\245\3341Hm\326^\017jy\335\261s!\003\014}\246\253\247\326\267P\302\342:\267&\375\036d\013\375\230\236\226\207\332\267\005\016\325\334r\346Q\333vG0E\002!\000\354_\231Q,\330\tzW\361\353O\363J\304Y\346\355\314w\235u\226XV\020\302\023B\346h\247\002 \024\324O\205\225J\343]\373\020\317\016#\360\020\202f\254\231\3438\377dX\312\177\036-!\364T%""; ","validation: """"\200\000\000\001&\000\000\000\003)/\352\025\346:c\016\231\375\2438\\353Q\177/n\t\321qS|\215ub7\177\265\264\234\340\013\347\177b\007\214QDOG\302\345U\376qP\027\000\000\000\000\000\000\000\000\000\000\000\000\000\000\000\000\000\000\000\000\000\000\000\000\000\000\000\000\000\000\000\000P\031-}\351f\032\255\274\334m\326c\017\014ao[\342\230\003\245\245\3341Hm\326^\017jy\335\261s!\003\014}\246\253\247\326\267P\302\342:\267&\375\036d\013\375\230\236\226\207\332\267\005\016\325\334r\346Q\333vG0E\002!\000\354_\231Q,\330\tzW\361\353O\363J\304Y\346\355\314w\235u\226XV\020\302\023B\346h\247\002 \024\324O\205\225J\343]\373\020\317\016#\360\020\202f\254\231\3438\377dX\312\177\036-!\364T%""; "
1750554986135,1750554986135,339,1,4,0,TMValidation,"validation: """"\200\000\000\001&\000\000\000\003)/\352\025\346:c\016\231\375\2438\\353Q\177/n\t\321qS|\215ub7\177\265\264\234\340\013\347\177b\007\214QDOG\302\345U\376qP\027\000\000\000\000\000\000\000\000\000\000\000\000\000\000\000\000\000\000\000\000\000\000\000\000\000\000\000\000\000\000\000\000P\031-}\351f\032\255\274\334m\326c\017\014ao[\342\230\003\245\245\3341Hm\326^\017jy\335\261s!\003\014}\246\253\247\326\267P\302\342:\267&\375\036d\013\375\230\236\226\207\332\267\005\016\325\334r\346Q\333vG0E\002!\000\354_\231Q,\330\tzW\361\353O\363J\304Y\346\355\314w\235u\226XV\020\302\023B\346h\247\002 \024\324O\205\225J\343]\373\020\317\016#\360\020\202f\254\231\3438\377dX\312\177\036-!\364T%""; ","validation: """"\200\000\000\001&\000\000\000\003)/\352\025\346:c\016\231\375\2438\\353Q\177/n\t\321qS|\215ub7\177\265\264\234\340\013\347\177b\007\214QDOG\302\345U\376qP\027\000\000\000\000\000\000\000\000\000\000\000\000\000\000\000\000\000\000\000\000\000\000\000\000\000\000\000\000\000\000\000\000P\031-}\351f\032\255\274\334m\326c\017\014ao[\342\230\003\245\245\3341Hm\326^\017jy\335\261s!\003\014}\246\253\247\326\267P\302\342:\267&\375\036d\013\375\230\236\226\207\332\267\005\016\325\334r\346Q\333vG0E\002!\000\354_\231Q,\330\tzW\361\353O\363J\304Y\346\355\314w\235u\226XV\020\302\023B\346h\247\002 \024\324O\205\225J\343]\373\020\317\016#\360\020\202f\254\231\3438\377dX\312\177\036-!\364T%""; "
1750554986139,1750554986140,703,1,3,4,TMStatusChange,"newEvent: neACCEPTED_LEDGER; ledgerSeq: 4; ledgerHash: ""\317\334F\363\305M<\307VL\023\202\340\326\334Z\177\256\212r\204`!g\275^,\364\226\020)\177""; ledgerHashPrevious: ""\177/n\t\321qS|\215ub7\177\265\264\234\340\013\347\177b\007\214QDOG\302\345U\376q""; networkTime: 803870186; firstSeq: 1; lastSeq: 3; ","newEvent: neACCEPTED_LEDGER; ledgerSeq: 4; ledgerHash: ""\317\334F\363\305M<\307VL\023\202\340\326\334Z\177\256\212r\204`!g\275^,\364\226\020)\177""; ledgerHashPrevious: ""\177/n\t\321qS|\215ub7\177\265\264\234\340\013\347\177b\007\214QDOG\302\345U\376q""; networkTime: 803870186; firstSeq: 1; lastSeq: 3; "
1750554986141,1750554986141,3374,1,3,0,TMStatusChange,"newEvent: neACCEPTED_LEDGER; ledgerSeq: 4; ledgerHash: ""\317\334F\363\305M<\307VL\023\202\340\326\334Z\177\256\212r\204`!g\275^,\364\226\020)\177""; ledgerHashPrevious: ""\177/n\t\321qS|\215ub7\177\265\264\234\340\013\347\177b\007\214QDOG\302\345U\376q""; networkTime: 803870186; firstSeq: 1; lastSeq: 3; ","newEvent: neACCEPTED_LEDGER; ledgerSeq: 4; ledgerHash: ""\317\334F\363\305M<\307VL\023\202\340\326\334Z\177\256\212r\204`!g\275^,\364\226\020)\177""; ledgerHashPrevious: ""\177/n\t\321qS|\215ub7\177\265\264\234\340\013\347\177b\007\214QDOG\302\345U\376q""; networkTime: 803870186; firstSeq: 1; lastSeq: 3; "
1750554986140,1750554986140,3188,1,3,1,TMValidation,"validation: """"\200\000\000\001&\000\000\000\004)/\352\025\352:\263\003\340?\354b\337\005Q\317\334F\363\305M<\307VL\023\202\340\326\334Z\177\256\212r\204`!g\275^,\364\226\020)\177P\027\000\000\000\000\000\000\000\000\000\000\000\000\000\000\000\000\000\000\000\000\000\000\000\000\000\000\000\000\000\000\000\000P\031\177/n\t\321qS|\215ub7\177\265\264\234\340\013\347\177b\007\214QDOG\302\345U\376qs!\002\267\233\013C\322\025\227_\336\326\026\301\225\224\007@\351}6j\027\315\304Px?\375+\235`\313_vG0E\002!\000\271v\343K\005\017uRk\026|\325\216\236*{\331\315\371\351\035!1\212\007\365\233\256\301z\341'\002 H*\320\033\330B\222I\310~\036\233\022H\326\264J\264\021I=\232\376\216\265G$\211We\354\031""; ","validation: """"\200\000\000\001&\000\000\000\004)/\352\025\352:\263\003\340?\354b\337\005Q\317\334F\363\305M<\307VL\023\202\340\326\334Z\177\256\212r\204`!g\275^,\364\226\020)\177P\027\000\000\000\000\000\000\000\000\000\000\000\000\000\000\000\000\000\000\000\000\000\000\000\000\000\000\000\000\000\000\000\000P\031\177/n\t\321qS|\215ub7\177\265\264\234\340\013\347\177b\007\214QDOG\302\345U\376qs!\002\267\233\013C\322\025\227_\336\326\026\301\225\224\007@\351}6j\027\315\304Px?\375+\235`\313_vG0E\002!\000\271v\343K\005\017uRk\026|\325\216\236*{\331\315\371\351\035!1\212\007\365\233\256\301z\341'\002 H*\320\033\330B\222I\310~\036\233\022H\326\264J\264\021I=\232\376\216\265G$\211We\354\031""; "
1750554986140,1750554986140,2793,1,3,0,TMValidation,"validation: """"\200\000\000\001&\000\000\000\004)/\352\025\352:\263\003\340?\354b\337\005Q\317\334F\363\305M<\307VL\023\202\340\326\334Z\177\256\212r\204`!g\275^,\364\226\020)\177P\027\000\000\000\000\000\000\000\000\000\000\000\000\000\000\000\000\000\000\000\000\000\000\000\000\000\000\000\000\000\000\000\000P\031\177/n\t\321qS|\215ub7\177\265\264\234\340\013\347\177b\007\214QDOG\302\345U\376qs!\002\267\233\013C\322\025\227_\336\326\026\301\225\224\007@\351}6j\027\315\304Px?\375+\235`\313_vG0E\002!\000\271v\343K\005\017uRk\026|\325\216\236*{\331\315\371\351\035!1\212\007\365\233\256\301z\341'\002 H*\320\033\330B\222I\310~\036\233\022H\326\264J\264\021I=\232\376\216\265G$\211We\354\031""; ","validation: """"\200\000\000\001&\000\000\000\004)/\352\025\352:\263\003\340?\354b\337\005Q\317\334F\363\305M<\307VL\023\202\340\326\334Z\177\256\212r\204`!g\275^,\364\226\020)\177P\027\000\000\000\000\000\000\000\000\000\000\000\000\000\000\000\000\000\000\000\000\000\000\000\000\000\000\000\000\000\000\000\000P\031\177/n\t\321qS|\215ub7\177\265\264\234\340\013\347\177b\007\214QDOG\302\345U\376qs!\002\267\233\013C\322\025\227_\336\326\026\301\225\224\007@\351}6j\027\315\304Px?\375+\235`\313_vG0E\002!\000\271v\343K\005\017uRk\026|\325\216\236*{\331\315\371\351\035!1\212\007\365\233\256\301z\341'\002 H*\320\033\330B\222I\310~\036\233\022H\326\264J\264\021I=\232\376\216\265G$\211We\354\031""; "
1750554986141,1750554986141,1418,1,3,1,TMStatusChange,"newEvent: neACCEPTED_LEDGER; ledgerSeq: 4; ledgerHash: ""\317\334F\363\305M<\307VL\023\202\340\326\334Z\177\256\212r\204`!g\275^,\364\226\020)\177""; ledgerHashPrevious: ""\177/n\t\321qS|\215ub7\177\265\264\234\340\013\347\177b\007\214QDOG\302\345U\376q""; networkTime: 803870186; firstSeq: 1; lastSeq: 3; ","newEvent: neACCEPTED_LEDGER; ledgerSeq: 4; ledgerHash: ""\317\334F\363\305M<\307VL\023\202\340\326\334Z\177\256\212r\204`!g\275^,\364\226\020)\177""; ledgerHashPrevious: ""\177/n\t\321qS|\215ub7\177\265\264\234\340\013\347\177b\007\214QDOG\302\345U\376q""; networkTime: 803870186; firstSeq: 1; lastSeq: 3; "
1750554986142,1750554986142,2655,1,3,4,TMValidation,"validation: """"\200\000\000\001&\000\000\000\004)/\352\025\352:\263\003\340?\354b\337\005Q\317\334F\363\305M<\307VL\023\202\340\326\334Z\177\256\212r\204`!g\275^,\364\226\020)\177P\027\000\000\000\000\000\000\000\000\000\000\000\000\000\000\000\000\000\000\000\000\000\000\000\000\000\000\000\000\000\000\000\000P\031\177/n\t\321qS|\215ub7\177\265\264\234\340\013\347\177b\007\214QDOG\302\345U\376qs!\002\267\233\013C\322\025\227_\336\326\026\301\225\224\007@\351}6j\027\315\304Px?\375+\235`\313_vG0E\002!\000\271v\343K\005\017uRk\026|\325\216\236*{\331\315\371\351\035!1\212\007\365\233\256\301z\341'\002 H*\320\033\330B\222I\310~\036\233\022H\326\264J\264\021I=\232\376\216\265G$\211We\354\031""; ","validation: """"\200\000\000\001&\000\000\000\004)/\352\025\352:\263\003\340?\354b\337\005Q\317\334F\363\305M<\307VL\023\202\340\326\334Z\177\256\212r\204`!g\275^,\364\226\020)\177P\027\000\000\000\000\000\000\000\000\000\000\000\000\000\000\000\000\000\000\000\000\000\000\000\000\000\000\000\000\000\000\000\000P\031\177/n\t\321qS|\215ub7\177\265\264\234\340\013\347\177b\007\214QDOG\302\345U\376qs!\002\267\233\013C\322\025\227_\336\326\026\301\225\224\007@\351}6j\027\315\304Px?\375+\235`\313_vG0E\002!\000\271v\343K\005\017uRk\026|\325\216\236*{\331\315\371\351\035!1\212\007\365\233\256\301z\341'\002 H*\320\033\330B\222I\310~\036\233\022H\326\264J\264\021I=\232\376\216\265G$\211We\354\031""; "
1750554986142,1750554986142,1254,1,3,2,TMStatusChange,"newEvent: neACCEPTED_LEDGER; ledgerSeq: 4; ledgerHash: ""\317\334F\363\305M<\307VL\023\202\340\326\334Z\177\256\212r\204`!g\275^,\364\226\020)\177""; ledgerHashPrevious: ""\177/n\t\321qS|\215ub7\177\265\264\234\340\013\347\177b\007\214QDOG\302\345U\376q""; networkTime: 803870186; firstSeq: 1; lastSeq: 3; ","newEvent: neACCEPTED_LEDGER; ledgerSeq: 4; ledgerHash: ""\317\334F\363\305M<\307VL\023\202\340\326\334Z\177\256\212r\204`!g\275^,\364\226\020)\177""; ledgerHashPrevious: ""\177/n\t\321qS|\215ub7\177\265\264\234\340\013\347\177b\007\214QDOG\302\345U\376q""; networkTime: 803870186; firstSeq: 1; lastSeq: 3; "
1750554986143,1750554986143,1878,1,3,2,TMValidation,"validation: """"\200\000\000\001&\000\000\000\004)/\352\025\352:\263\003\340?\354b\337\005Q\317\334F\363\305M<\307VL\023\202\340\326\334Z\177\256\212r\204`!g\275^,\364\226\020)\177P\027\000\000\000\000\000\000\000\000\000\000\000\000\000\000\000\000\000\000\000\000\000\000\000\000\000\000\000\000\000\000\000\000P\031\177/n\t\321qS|\215ub7\177\265\264\234\340\013\347\177b\007\214QDOG\302\345U\376qs!\002\267\233\013C\322\025\227_\336\326\026\301\225\224\007@\351}6j\027\315\304Px?\375+\235`\313_vG0E\002!\000\271v\343K\005\017uRk\026|\325\216\236*{\331\315\371\351\035!1\212\007\365\233\256\301z\341'\002 H*\320\033\330B\222I\310~\036\233\022H\326\264J\264\021I=\232\376\216\265G$\211We\354\031""; ","validation: """"\200\000\000\001&\000\000\000\004)/\352\025\352:\263\003\340?\354b\337\005Q\317\334F\363\305M<\307VL\023\202\340\326\334Z\177\256\212r\204`!g\275^,\364\226\020)\177P\027\000\000\000\000\000\000\000\000\000\000\000\000\000\000\000\000\000\000\000\000\000\000\000\000\000\000\000\000\000\000\000\000P\031\177/n\t\321qS|\215ub7\177\265\264\234\340\013\347\177b\007\214QDOG\302\345U\376qs!\002\267\233\013C\322\025\227_\336\326\026\301\225\224\007@\351}6j\027\315\304Px?\375+\235`\313_vG0E\002!\000\271v\343K\005\017uRk\026|\325\216\236*{\331\315\371\351\035!1\212\007\365\233\256\301z\341'\002 H*\320\033\330B\222I\310~\036\233\022H\326\264J\264\021I=\232\376\216\265G$\211We\354\031""; "
1750554986150,1750554986150,3587,1,0,2,TMProposeSet,"proposeSeq: 0; currentTxHash: ""\372\006o\003\332\302\312\221!,\240\314\315\007\254?\274\320-$\2220)\277\347^\326\315$\277\362\231""; nodePubKey: ""\002\203\234\253\325\333\332\276\223y;\250+B\323"" Hg\303\030\n\303\345\255\330\223\n\240\260\032\305!""; closeTime: 803870184; signature: ""0D\002 0L(\252\270\250t\306\200\344oD\275\276%\270\300o\030\346\005&\207\350\034\251\021\230\276\241\371{\002 0\272\n\311\037V\331v\222\330\227\345\200)\335v*)p6\260\347\250\252\301\354\225\310\204\343\242n""; previousledger: ""\177/n\t\321qS|\215ub7\177\265\264\234\340\013\347\177b\007\214QDOG\302\345U\376q""; ","proposeSeq: 0; currentTxHash: ""\372\006o\003\332\302\312\221!,\240\314\315\007\254?\274\320-$\2220)\277\347^\326\315$\277\362\231""; nodePubKey: ""\002\203\234\253\325\333\332\276\223y;\250+B\323"" Hg\303\030\n\303\345\255\330\223\n\240\260\032\305!""; closeTime: 803870184; signature: ""0D\002 0L(\252\270\250t\306\200\344oD\275\276%\270\300o\030\346\005&\207\350\034\251\021\230\276\241\371{\002 0\272\n\311\037V\331v\222\330\227\345\200)\335v*)p6\260\347\250\252\301\354\225\310\204\343\242n""; previousledger: ""\177/n\t\321qS|\215ub7\177\265\264\234\340\013\347\177b\007\214QDOG\302\345U\376q""; "
