timestamp,timestamp_sent,action,send_amount,from_node_id,to_node_id,message_type,original_data,possibly_mutated_data
1750576756226,1750576756227,3083,1,0,1,TMStatusChange,"newEvent: neCLOSING_LEDGER; ledgerSeq: 1; ledgerHash: ""-}\351f\032\255\274\334m\326c\017\014ao[\342\230\003\245\245\3341Hm\326^\017jy\335\261""; ledgerHashPrevious: ""\000\000\000\000\000\000\000\000\000\000\000\000\000\000\000\000\000\000\000\000\000\000\000\000\000\000\000\000\000\000\000\000""; networkTime: 803891955; firstSeq: 1; lastSeq: 1; ","newEvent: neCLOSING_LEDGER; ledgerSeq: 1; ledgerHash: ""-}\351f\032\255\274\334m\326c\017\014ao[\342\230\003\245\245\3341Hm\326^\017jy\335\261""; ledgerHashPrevious: ""\000\000\000\000\000\000\000\000\000\000\000\000\000\000\000\000\000\000\000\000\000\000\000\000\000\000\000\000\000\000\000\000""; networkTime: 803891955; firstSeq: 1; lastSeq: 1; "
1750576756227,1750576756227,2409,1,2,1,TMStatusChange,"newEvent: neCLOSING_LEDGER; ledgerSeq: 1; ledgerHash: ""-}\351f\032\255\274\334m\326c\017\014ao[\342\230\003\245\245\3341Hm\326^\017jy\335\261""; ledgerHashPrevious: ""\000\000\000\000\000\000\000\000\000\000\000\000\000\000\000\000\000\000\000\000\000\000\000\000\000\000\000\000\000\000\000\000""; networkTime: 803891956; firstSeq: 1; lastSeq: 1; ","newEvent: neCLOSING_LEDGER; ledgerSeq: 1; ledgerHash: ""-}\351f\032\255\274\334m\326c\017\014ao[\342\230\003\245\245\3341Hm\326^\017jy\335\261""; ledgerHashPrevious: ""\000\000\000\000\000\000\000\000\000\000\000\000\000\000\000\000\000\000\000\000\000\000\000\000\000\000\000\000\000\000\000\000""; networkTime: 803891956; firstSeq: 1; lastSeq: 1; "
1750576756228,1750576756228,1592,1,0,2,TMStatusChange,"newEvent: neCLOSING_LEDGER; ledgerSeq: 1; ledgerHash: ""-}\351f\032\255\274\334m\326c\017\014ao[\342\230\003\245\245\3341Hm\326^\017jy\335\261""; ledgerHashPrevious: ""\000\000\000\000\000\000\000\000\000\000\000\000\000\000\000\000\000\000\000\000\000\000\000\000\000\000\000\000\000\000\000\000""; networkTime: 803891955; firstSeq: 1; lastSeq: 1; ","newEvent: neCLOSING_LEDGER; ledgerSeq: 1; ledgerHash: ""-}\351f\032\255\274\334m\326c\017\014ao[\342\230\003\245\245\3341Hm\326^\017jy\335\261""; ledgerHashPrevious: ""\000\000\000\000\000\000\000\000\000\000\000\000\000\000\000\000\000\000\000\000\000\000\000\000\000\000\000\000\000\000\000\000""; networkTime: 803891955; firstSeq: 1; lastSeq: 1; "
1750576756229,1750576756229,2242,1,0,4,TMStatusChange,"newEvent: neCLOSING_LEDGER; ledgerSeq: 1; ledgerHash: ""-}\351f\032\255\274\334m\326c\017\014ao[\342\230\003\245\245\3341Hm\326^\017jy\335\261""; ledgerHashPrevious: ""\000\000\000\000\000\000\000\000\000\000\000\000\000\000\000\000\000\000\000\000\000\000\000\000\000\000\000\000\000\000\000\000""; networkTime: 803891955; firstSeq: 1; lastSeq: 1; ","newEvent: neCLOSING_LEDGER; ledgerSeq: 1; ledgerHash: ""-}\351f\032\255\274\334m\326c\017\014ao[\342\230\003\245\245\3341Hm\326^\017jy\335\261""; ledgerHashPrevious: ""\000\000\000\000\000\000\000\000\000\000\000\000\000\000\000\000\000\000\000\000\000\000\000\000\000\000\000\000\000\000\000\000""; networkTime: 803891955; firstSeq: 1; lastSeq: 1; "
1750576756230,1750576756230,431,1,0,3,TMStatusChange,"newEvent: neCLOSING_LEDGER; ledgerSeq: 1; ledgerHash: ""-}\351f\032\255\274\334m\326c\017\014ao[\342\230\003\245\245\3341Hm\326^\017jy\335\261""; ledgerHashPrevious: ""\000\000\000\000\000\000\000\000\000\000\000\000\000\000\000\000\000\000\000\000\000\000\000\000\000\000\000\000\000\000\000\000""; networkTime: 803891955; firstSeq: 1; lastSeq: 1; ","newEvent: neCLOSING_LEDGER; ledgerSeq: 1; ledgerHash: ""-}\351f\032\255\274\334m\326c\017\014ao[\342\230\003\245\245\3341Hm\326^\017jy\335\261""; ledgerHashPrevious: ""\000\000\000\000\000\000\000\000\000\000\000\000\000\000\000\000\000\000\000\000\000\000\000\000\000\000\000\000\000\000\000\000""; networkTime: 803891955; firstSeq: 1; lastSeq: 1; "
1750576756230,1750576756230,1216,1,3,0,TMStatusChange,"newEvent: neCLOSING_LEDGER; ledgerSeq: 1; ledgerHash: ""-}\351f\032\255\274\334m\326c\017\014ao[\342\230\003\245\245\3341Hm\326^\017jy\335\261""; ledgerHashPrevious: ""\000\000\000\000\000\000\000\000\000\000\000\000\000\000\000\000\000\000\000\000\000\000\000\000\000\000\000\000\000\000\000\000""; networkTime: 803891955; firstSeq: 1; lastSeq: 1; ","newEvent: neCLOSING_LEDGER; ledgerSeq: 1; ledgerHash: ""-}\351f\032\255\274\334m\326c\017\014ao[\342\230\003\245\245\3341Hm\326^\017jy\335\261""; ledgerHashPrevious: ""\000\000\000\000\000\000\000\000\000\000\000\000\000\000\000\000\000\000\000\000\000\000\000\000\000\000\000\000\000\000\000\000""; networkTime: 803891955; firstSeq: 1; lastSeq: 1; "
1750576756231,1750576756231,3392,1,2,4,TMStatusChange,"newEvent: neCLOSING_LEDGER; ledgerSeq: 1; ledgerHash: ""-}\351f\032\255\274\334m\326c\017\014ao[\342\230\003\245\245\3341Hm\326^\017jy\335\261""; ledgerHashPrevious: ""\000\000\000\000\000\000\000\000\000\000\000\000\000\000\000\000\000\000\000\000\000\000\000\000\000\000\000\000\000\000\000\000""; networkTime: 803891956; firstSeq: 1; lastSeq: 1; ","newEvent: neCLOSING_LEDGER; ledgerSeq: 1; ledgerHash: ""-}\351f\032\255\274\334m\326c\017\014ao[\342\230\003\245\245\3341Hm\326^\017jy\335\261""; ledgerHashPrevious: ""\000\000\000\000\000\000\000\000\000\000\000\000\000\000\000\000\000\000\000\000\000\000\000\000\000\000\000\000\000\000\000\000""; networkTime: 803891956; firstSeq: 1; lastSeq: 1; "
1750576756231,1750576756231,30,1,2,3,TMStatusChange,"newEvent: neCLOSING_LEDGER; ledgerSeq: 1; ledgerHash: ""-}\351f\032\255\274\334m\326c\017\014ao[\342\230\003\245\245\3341Hm\326^\017jy\335\261""; ledgerHashPrevious: ""\000\000\000\000\000\000\000\000\000\000\000\000\000\000\000\000\000\000\000\000\000\000\000\000\000\000\000\000\000\000\000\000""; networkTime: 803891956; firstSeq: 1; lastSeq: 1; ","newEvent: neCLOSING_LEDGER; ledgerSeq: 1; ledgerHash: ""-}\351f\032\255\274\334m\326c\017\014ao[\342\230\003\245\245\3341Hm\326^\017jy\335\261""; ledgerHashPrevious: ""\000\000\000\000\000\000\000\000\000\000\000\000\000\000\000\000\000\000\000\000\000\000\000\000\000\000\000\000\000\000\000\000""; networkTime: 803891956; firstSeq: 1; lastSeq: 1; "
1750576756232,1750576756232,754,1,3,1,TMStatusChange,"newEvent: neCLOSING_LEDGER; ledgerSeq: 1; ledgerHash: ""-}\351f\032\255\274\334m\326c\017\014ao[\342\230\003\245\245\3341Hm\326^\017jy\335\261""; ledgerHashPrevious: ""\000\000\000\000\000\000\000\000\000\000\000\000\000\000\000\000\000\000\000\000\000\000\000\000\000\000\000\000\000\000\000\000""; networkTime: 803891955; firstSeq: 1; lastSeq: 1; ","newEvent: neCLOSING_LEDGER; ledgerSeq: 1; ledgerHash: ""-}\351f\032\255\274\334m\326c\017\014ao[\342\230\003\245\245\3341Hm\326^\017jy\335\261""; ledgerHashPrevious: ""\000\000\000\000\000\000\000\000\000\000\000\000\000\000\000\000\000\000\000\000\000\000\000\000\000\000\000\000\000\000\000\000""; networkTime: 803891955; firstSeq: 1; lastSeq: 1; "
1750576756233,1750576756233,2906,1,4,0,TMStatusChange,"newEvent: neCLOSING_LEDGER; ledgerSeq: 1; ledgerHash: ""-}\351f\032\255\274\334m\326c\017\014ao[\342\230\003\245\245\3341Hm\326^\017jy\335\261""; ledgerHashPrevious: ""\000\000\000\000\000\000\000\000\000\000\000\000\000\000\000\000\000\000\000\000\000\000\000\000\000\000\000\000\000\000\000\000""; networkTime: 803891955; firstSeq: 1; lastSeq: 1; ","newEvent: neCLOSING_LEDGER; ledgerSeq: 1; ledgerHash: ""-}\351f\032\255\274\334m\326c\017\014ao[\342\230\003\245\245\3341Hm\326^\017jy\335\261""; ledgerHashPrevious: ""\000\000\000\000\000\000\000\000\000\000\000\000\000\000\000\000\000\000\000\000\000\000\000\000\000\000\000\000\000\000\000\000""; networkTime: 803891955; firstSeq: 1; lastSeq: 1; "
1750576756233,1750576756233,200,1,1,0,TMStatusChange,"newEvent: neCLOSING_LEDGER; ledgerSeq: 1; ledgerHash: ""-}\351f\032\255\274\334m\326c\017\014ao[\342\230\003\245\245\3341Hm\326^\017jy\335\261""; ledgerHashPrevious: ""\000\000\000\000\000\000\000\000\000\000\000\000\000\000\000\000\000\000\000\000\000\000\000\000\000\000\000\000\000\000\000\000""; networkTime: 803891955; firstSeq: 1; lastSeq: 1; ","newEvent: neCLOSING_LEDGER; ledgerSeq: 1; ledgerHash: ""-}\351f\032\255\274\334m\326c\017\014ao[\342\230\003\245\245\3341Hm\326^\017jy\335\261""; ledgerHashPrevious: ""\000\000\000\000\000\000\000\000\000\000\000\000\000\000\000\000\000\000\000\000\000\000\000\000\000\000\000\000\000\000\000\000""; networkTime: 803891955; firstSeq: 1; lastSeq: 1; "
1750576756234,1750576756234,1637,1,2,0,TMStatusChange,"newEvent: neCLOSING_LEDGER; ledgerSeq: 1; ledgerHash: ""-}\351f\032\255\274\334m\326c\017\014ao[\342\230\003\245\245\3341Hm\326^\017jy\335\261""; ledgerHashPrevious: ""\000\000\000\000\000\000\000\000\000\000\000\000\000\000\000\000\000\000\000\000\000\000\000\000\000\000\000\000\000\000\000\000""; networkTime: 803891956; firstSeq: 1; lastSeq: 1; ","newEvent: neCLOSING_LEDGER; ledgerSeq: 1; ledgerHash: ""-}\351f\032\255\274\334m\326c\017\014ao[\342\230\003\245\245\3341Hm\326^\017jy\335\261""; ledgerHashPrevious: ""\000\000\000\000\000\000\000\000\000\000\000\000\000\000\000\000\000\000\000\000\000\000\000\000\000\000\000\000\000\000\000\000""; networkTime: 803891956; firstSeq: 1; lastSeq: 1; "
1750576756234,1750576756234,0,1,4,0,TMEndpoints,version: 2; ,version: 2; 
1750576770438,1750576770438,15,1,1,3,TMStatusChange,"newEvent: neACCEPTED_LEDGER; ledgerSeq: 2; ledgerHash: ""0\355\311\211\352@\036\313K1\024B\343N\323V\367s\355lu\324\374V\207\371F\260\325\345\213\261""; ledgerHashPrevious: ""-}\351f\032\255\274\334m\326c\017\014ao[\342\230\003\245\245\3341Hm\326^\017jy\335\261""; networkTime: 803891970; firstSeq: 1; lastSeq: 1; ","newEvent: neACCEPTED_LEDGER; ledgerSeq: 2; ledgerHash: ""0\355\311\211\352@\036\313K1\024B\343N\323V\367s\355lu\324\374V\207\371F\260\325\345\213\261""; ledgerHashPrevious: ""-}\351f\032\255\274\334m\326c\017\014ao[\342\230\003\245\245\3341Hm\326^\017jy\335\261""; networkTime: 803891970; firstSeq: 1; lastSeq: 1; "
1750576770438,1750576770438,3103,1,1,3,TMValidation,"validation: """"\200\000\000\000&\000\000\000\002)/\352k\002:`\203p\321f\247x\311Q0\355\311\211\352@\036\313K1\024B\343N\323V\367s\355lu\324\374V\207\371F\260\325\345\213\261P\027\000\000\000\000\000\000\000\000\000\000\000\000\000\000\000\000\000\000\000\000\000\000\000\000\000\000\000\000\000\000\000\000P\031-}\351f\032\255\274\334m\326c\017\014ao[\342\230\003\245\245\3341Hm\326^\017jy\335\261s!\002l\025\225/2Mi\010\252)\240F\276k\254\301;\200wg}s\364.8S\354U\206\025\244\006vG0E\002!\000\235\271w\252\327}t\256;:;\247\032g\306PS$\2129r\267\004Tr\375\377M\347'O\356\002 \007l\206#\r\270\373\010\341\332#\265\013\311c\271\027\250\261\257\257\310\313U\302\374\351\306\016\026\237\227""; ","validation: """"\200\000\000\000&\000\000\000\002)/\352k\002:`\203p\321f\247x\311Q0\355\311\211\352@\036\313K1\024B\343N\323V\367s\355lu\324\374V\207\371F\260\325\345\213\261P\027\000\000\000\000\000\000\000\000\000\000\000\000\000\000\000\000\000\000\000\000\000\000\000\000\000\000\000\000\000\000\000\000P\031-}\351f\032\255\274\334m\326c\017\014ao[\342\230\003\245\245\3341Hm\326^\017jy\335\261s!\002l\025\225/2Mi\010\252)\240F\276k\254\301;\200wg}s\364.8S\354U\206\025\244\006vG0E\002!\000\235\271w\252\327}t\256;:;\247\032g\306PS$\2129r\267\004Tr\375\377M\347'O\356\002 \007l\206#\r\270\373\010\341\332#\265\013\311c\271\027\250\261\257\257\310\313U\302\374\351\306\016\026\237\227""; "
1750576770438,1750576770439,1881,1,1,4,TMValidation,"validation: """"\200\000\000\000&\000\000\000\002)/\352k\002:`\203p\321f\247x\311Q0\355\311\211\352@\036\313K1\024B\343N\323V\367s\355lu\324\374V\207\371F\260\325\345\213\261P\027\000\000\000\000\000\000\000\000\000\000\000\000\000\000\000\000\000\000\000\000\000\000\000\000\000\000\000\000\000\000\000\000P\031-}\351f\032\255\274\334m\326c\017\014ao[\342\230\003\245\245\3341Hm\326^\017jy\335\261s!\002l\025\225/2Mi\010\252)\240F\276k\254\301;\200wg}s\364.8S\354U\206\025\244\006vG0E\002!\000\235\271w\252\327}t\256;:;\247\032g\306PS$\2129r\267\004Tr\375\377M\347'O\356\002 \007l\206#\r\270\373\010\341\332#\265\013\311c\271\027\250\261\257\257\310\313U\302\374\351\306\016\026\237\227""; ","validation: """"\200\000\000\000&\000\000\000\002)/\352k\002:`\203p\321f\247x\311Q0\355\311\211\352@\036\313K1\024B\343N\323V\367s\355lu\324\374V\207\371F\260\325\345\213\261P\027\000\000\000\000\000\000\000\000\000\000\000\000\000\000\000\000\000\000\000\000\000\000\000\000\000\000\000\000\000\000\000\000P\031-}\351f\032\255\274\334m\326c\017\014ao[\342\230\003\245\245\3341Hm\326^\017jy\335\261s!\002l\025\225/2Mi\010\252)\240F\276k\254\301;\200wg}s\364.8S\354U\206\025\244\006vG0E\002!\000\235\271w\252\327}t\256;:;\247\032g\306PS$\2129r\267\004Tr\375\377M\347'O\356\002 \007l\206#\r\270\373\010\341\332#\265\013\311c\271\027\250\261\257\257\310\313U\302\374\351\306\016\026\237\227""; "
1750576770439,1750576770439,3752,1,1,4,TMStatusChange,"newEvent: neACCEPTED_LEDGER; ledgerSeq: 2; ledgerHash: ""0\355\311\211\352@\036\313K1\024B\343N\323V\367s\355lu\324\374V\207\371F\260\325\345\213\261""; ledgerHashPrevious: ""-}\351f\032\255\274\334m\326c\017\014ao[\342\230\003\245\245\3341Hm\326^\017jy\335\261""; networkTime: 803891970; firstSeq: 1; lastSeq: 1; ","newEvent: neACCEPTED_LEDGER; ledgerSeq: 2; ledgerHash: ""0\355\311\211\352@\036\313K1\024B\343N\323V\367s\355lu\324\374V\207\371F\260\325\345\213\261""; ledgerHashPrevious: ""-}\351f\032\255\274\334m\326c\017\014ao[\342\230\003\245\245\3341Hm\326^\017jy\335\261""; networkTime: 803891970; firstSeq: 1; lastSeq: 1; "
1750576770441,1750576770441,787,1,1,2,TMStatusChange,"newEvent: neACCEPTED_LEDGER; ledgerSeq: 2; ledgerHash: ""0\355\311\211\352@\036\313K1\024B\343N\323V\367s\355lu\324\374V\207\371F\260\325\345\213\261""; ledgerHashPrevious: ""-}\351f\032\255\274\334m\326c\017\014ao[\342\230\003\245\245\3341Hm\326^\017jy\335\261""; networkTime: 803891970; firstSeq: 1; lastSeq: 1; ","newEvent: neACCEPTED_LEDGER; ledgerSeq: 2; ledgerHash: ""0\355\311\211\352@\036\313K1\024B\343N\323V\367s\355lu\324\374V\207\371F\260\325\345\213\261""; ledgerHashPrevious: ""-}\351f\032\255\274\334m\326c\017\014ao[\342\230\003\245\245\3341Hm\326^\017jy\335\261""; networkTime: 803891970; firstSeq: 1; lastSeq: 1; "
1750576770441,1750576770441,1427,1,1,0,TMValidation,"validation: """"\200\000\000\000&\000\000\000\002)/\352k\002:`\203p\321f\247x\311Q0\355\311\211\352@\036\313K1\024B\343N\323V\367s\355lu\324\374V\207\371F\260\325\345\213\261P\027\000\000\000\000\000\000\000\000\000\000\000\000\000\000\000\000\000\000\000\000\000\000\000\000\000\000\000\000\000\000\000\000P\031-}\351f\032\255\274\334m\326c\017\014ao[\342\230\003\245\245\3341Hm\326^\017jy\335\261s!\002l\025\225/2Mi\010\252)\240F\276k\254\301;\200wg}s\364.8S\354U\206\025\244\006vG0E\002!\000\235\271w\252\327}t\256;:;\247\032g\306PS$\2129r\267\004Tr\375\377M\347'O\356\002 \007l\206#\r\270\373\010\341\332#\265\013\311c\271\027\250\261\257\257\310\313U\302\374\351\306\016\026\237\227""; ","validation: """"\200\000\000\000&\000\000\000\002)/\352k\002:`\203p\321f\247x\311Q0\355\311\211\352@\036\313K1\024B\343N\323V\367s\355lu\324\374V\207\371F\260\325\345\213\261P\027\000\000\000\000\000\000\000\000\000\000\000\000\000\000\000\000\000\000\000\000\000\000\000\000\000\000\000\000\000\000\000\000P\031-}\351f\032\255\274\334m\326c\017\014ao[\342\230\003\245\245\3341Hm\326^\017jy\335\261s!\002l\025\225/2Mi\010\252)\240F\276k\254\301;\200wg}s\364.8S\354U\206\025\244\006vG0E\002!\000\235\271w\252\327}t\256;:;\247\032g\306PS$\2129r\267\004Tr\375\377M\347'O\356\002 \007l\206#\r\270\373\010\341\332#\265\013\311c\271\027\250\261\257\257\310\313U\302\374\351\306\016\026\237\227""; "
1750576770442,1750576770442,200,1,1,0,TMStatusChange,"newEvent: neACCEPTED_LEDGER; ledgerSeq: 2; ledgerHash: ""0\355\311\211\352@\036\313K1\024B\343N\323V\367s\355lu\324\374V\207\371F\260\325\345\213\261""; ledgerHashPrevious: ""-}\351f\032\255\274\334m\326c\017\014ao[\342\230\003\245\245\3341Hm\326^\017jy\335\261""; networkTime: 803891970; firstSeq: 1; lastSeq: 1; ","newEvent: neACCEPTED_LEDGER; ledgerSeq: 2; ledgerHash: ""0\355\311\211\352@\036\313K1\024B\343N\323V\367s\355lu\324\374V\207\371F\260\325\345\213\261""; ledgerHashPrevious: ""-}\351f\032\255\274\334m\326c\017\014ao[\342\230\003\245\245\3341Hm\326^\017jy\335\261""; networkTime: 803891970; firstSeq: 1; lastSeq: 1; "
1750576770442,1750576770442,3156,1,1,2,TMValidation,"validation: """"\200\000\000\000&\000\000\000\002)/\352k\002:`\203p\321f\247x\311Q0\355\311\211\352@\036\313K1\024B\343N\323V\367s\355lu\324\374V\207\371F\260\325\345\213\261P\027\000\000\000\000\000\000\000\000\000\000\000\000\000\000\000\000\000\000\000\000\000\000\000\000\000\000\000\000\000\000\000\000P\031-}\351f\032\255\274\334m\326c\017\014ao[\342\230\003\245\245\3341Hm\326^\017jy\335\261s!\002l\025\225/2Mi\010\252)\240F\276k\254\301;\200wg}s\364.8S\354U\206\025\244\006vG0E\002!\000\235\271w\252\327}t\256;:;\247\032g\306PS$\2129r\267\004Tr\375\377M\347'O\356\002 \007l\206#\r\270\373\010\341\332#\265\013\311c\271\027\250\261\257\257\310\313U\302\374\351\306\016\026\237\227""; ","validation: """"\200\000\000\000&\000\000\000\002)/\352k\002:`\203p\321f\247x\311Q0\355\311\211\352@\036\313K1\024B\343N\323V\367s\355lu\324\374V\207\371F\260\325\345\213\261P\027\000\000\000\000\000\000\000\000\000\000\000\000\000\000\000\000\000\000\000\000\000\000\000\000\000\000\000\000\000\000\000\000P\031-}\351f\032\255\274\334m\326c\017\014ao[\342\230\003\245\245\3341Hm\326^\017jy\335\261s!\002l\025\225/2Mi\010\252)\240F\276k\254\301;\200wg}s\364.8S\354U\206\025\244\006vG0E\002!\000\235\271w\252\327}t\256;:;\247\032g\306PS$\2129r\267\004Tr\375\377M\347'O\356\002 \007l\206#\r\270\373\010\341\332#\265\013\311c\271\027\250\261\257\257\310\313U\302\374\351\306\016\026\237\227""; "
1750576770866,1750576770866,1074,1,4,3,TMValidation,"validation: """"\200\000\000\000&\000\000\000\002)/\352k\002:""\223\371\016\340l;\316Q0\355\311\211\352@\036\313K1\024B\343N\323V\367s\355lu\324\374V\207\371F\260\325\345\213\261P\027\000\000\000\000\000\000\000\000\000\000\000\000\000\000\000\000\000\000\000\000\000\000\000\000\000\000\000\000\000\000\000\000P\031-}\351f\032\255\274\334m\326c\017\014ao[\342\230\003\245\245\3341Hm\326^\017jy\335\261s!\003\371#:S\022\X\277\344\034\253'\365\230\361\211p\037\000R\265\215-7o\002\210\025\275\344qQvG0E\002!\000\244\0214\211\367G}[z\340N_\014\251\225\253\361OAa\275\023\342\243\336x\312Z\243) \311\002  wWC\237\217\276Wz\352\t`\355\243o\366E\275Z\263vS\370\031\254Z\346\365^\200\027\316""; ","validation: """"\200\000\000\000&\000\000\000\002)/\352k\002:""\223\371\016\340l;\316Q0\355\311\211\352@\036\313K1\024B\343N\323V\367s\355lu\324\374V\207\371F\260\325\345\213\261P\027\000\000\000\000\000\000\000\000\000\000\000\000\000\000\000\000\000\000\000\000\000\000\000\000\000\000\000\000\000\000\000\000P\031-}\351f\032\255\274\334m\326c\017\014ao[\342\230\003\245\245\3341Hm\326^\017jy\335\261s!\003\371#:S\022\X\277\344\034\253'\365\230\361\211p\037\000R\265\215-7o\002\210\025\275\344qQvG0E\002!\000\244\0214\211\367G}[z\340N_\014\251\225\253\361OAa\275\023\342\243\336x\312Z\243) \311\002  wWC\237\217\276Wz\352\t`\355\243o\366E\275Z\263vS\370\031\254Z\346\365^\200\027\316""; "
1750576770866,1750576770866,1182,1,4,3,TMStatusChange,"newEvent: neACCEPTED_LEDGER; ledgerSeq: 2; ledgerHash: ""0\355\311\211\352@\036\313K1\024B\343N\323V\367s\355lu\324\374V\207\371F\260\325\345\213\261""; ledgerHashPrevious: ""-}\351f\032\255\274\334m\326c\017\014ao[\342\230\003\245\245\3341Hm\326^\017jy\335\261""; networkTime: 803891970; firstSeq: 1; lastSeq: 1; ","newEvent: neACCEPTED_LEDGER; ledgerSeq: 2; ledgerHash: ""0\355\311\211\352@\036\313K1\024B\343N\323V\367s\355lu\324\374V\207\371F\260\325\345\213\261""; ledgerHashPrevious: ""-}\351f\032\255\274\334m\326c\017\014ao[\342\230\003\245\245\3341Hm\326^\017jy\335\261""; networkTime: 803891970; firstSeq: 1; lastSeq: 1; "
1750576770867,1750576770867,2490,1,4,2,TMValidation,"validation: """"\200\000\000\000&\000\000\000\002)/\352k\002:""\223\371\016\340l;\316Q0\355\311\211\352@\036\313K1\024B\343N\323V\367s\355lu\324\374V\207\371F\260\325\345\213\261P\027\000\000\000\000\000\000\000\000\000\000\000\000\000\000\000\000\000\000\000\000\000\000\000\000\000\000\000\000\000\000\000\000P\031-}\351f\032\255\274\334m\326c\017\014ao[\342\230\003\245\245\3341Hm\326^\017jy\335\261s!\003\371#:S\022\X\277\344\034\253'\365\230\361\211p\037\000R\265\215-7o\002\210\025\275\344qQvG0E\002!\000\244\0214\211\367G}[z\340N_\014\251\225\253\361OAa\275\023\342\243\336x\312Z\243) \311\002  wWC\237\217\276Wz\352\t`\355\243o\366E\275Z\263vS\370\031\254Z\346\365^\200\027\316""; ","validation: """"\200\000\000\000&\000\000\000\002)/\352k\002:""\223\371\016\340l;\316Q0\355\311\211\352@\036\313K1\024B\343N\323V\367s\355lu\324\374V\207\371F\260\325\345\213\261P\027\000\000\000\000\000\000\000\000\000\000\000\000\000\000\000\000\000\000\000\000\000\000\000\000\000\000\000\000\000\000\000\000P\031-}\351f\032\255\274\334m\326c\017\014ao[\342\230\003\245\245\3341Hm\326^\017jy\335\261s!\003\371#:S\022\X\277\344\034\253'\365\230\361\211p\037\000R\265\215-7o\002\210\025\275\344qQvG0E\002!\000\244\0214\211\367G}[z\340N_\014\251\225\253\361OAa\275\023\342\243\336x\312Z\243) \311\002  wWC\237\217\276Wz\352\t`\355\243o\366E\275Z\263vS\370\031\254Z\346\365^\200\027\316""; "
1750576770867,1750576770868,688,1,4,1,TMStatusChange,"newEvent: neACCEPTED_LEDGER; ledgerSeq: 2; ledgerHash: ""0\355\311\211\352@\036\313K1\024B\343N\323V\367s\355lu\324\374V\207\371F\260\325\345\213\261""; ledgerHashPrevious: ""-}\351f\032\255\274\334m\326c\017\014ao[\342\230\003\245\245\3341Hm\326^\017jy\335\261""; networkTime: 803891970; firstSeq: 1; lastSeq: 1; ","newEvent: neACCEPTED_LEDGER; ledgerSeq: 2; ledgerHash: ""0\355\311\211\352@\036\313K1\024B\343N\323V\367s\355lu\324\374V\207\371F\260\325\345\213\261""; ledgerHashPrevious: ""-}\351f\032\255\274\334m\326c\017\014ao[\342\230\003\245\245\3341Hm\326^\017jy\335\261""; networkTime: 803891970; firstSeq: 1; lastSeq: 1; "
1750576770868,1750576770868,2968,1,4,2,TMStatusChange,"newEvent: neACCEPTED_LEDGER; ledgerSeq: 2; ledgerHash: ""0\355\311\211\352@\036\313K1\024B\343N\323V\367s\355lu\324\374V\207\371F\260\325\345\213\261""; ledgerHashPrevious: ""-}\351f\032\255\274\334m\326c\017\014ao[\342\230\003\245\245\3341Hm\326^\017jy\335\261""; networkTime: 803891970; firstSeq: 1; lastSeq: 1; ","newEvent: neACCEPTED_LEDGER; ledgerSeq: 2; ledgerHash: ""0\355\311\211\352@\036\313K1\024B\343N\323V\367s\355lu\324\374V\207\371F\260\325\345\213\261""; ledgerHashPrevious: ""-}\351f\032\255\274\334m\326c\017\014ao[\342\230\003\245\245\3341Hm\326^\017jy\335\261""; networkTime: 803891970; firstSeq: 1; lastSeq: 1; "
1750576770868,1750576770869,2906,1,4,0,TMStatusChange,"newEvent: neACCEPTED_LEDGER; ledgerSeq: 2; ledgerHash: ""0\355\311\211\352@\036\313K1\024B\343N\323V\367s\355lu\324\374V\207\371F\260\325\345\213\261""; ledgerHashPrevious: ""-}\351f\032\255\274\334m\326c\017\014ao[\342\230\003\245\245\3341Hm\326^\017jy\335\261""; networkTime: 803891970; firstSeq: 1; lastSeq: 1; ","newEvent: neACCEPTED_LEDGER; ledgerSeq: 2; ledgerHash: ""0\355\311\211\352@\036\313K1\024B\343N\323V\367s\355lu\324\374V\207\371F\260\325\345\213\261""; ledgerHashPrevious: ""-}\351f\032\255\274\334m\326c\017\014ao[\342\230\003\245\245\3341Hm\326^\017jy\335\261""; networkTime: 803891970; firstSeq: 1; lastSeq: 1; "
1750576770869,1750576770869,2764,1,4,0,TMValidation,"validation: """"\200\000\000\000&\000\000\000\002)/\352k\002:""\223\371\016\340l;\316Q0\355\311\211\352@\036\313K1\024B\343N\323V\367s\355lu\324\374V\207\371F\260\325\345\213\261P\027\000\000\000\000\000\000\000\000\000\000\000\000\000\000\000\000\000\000\000\000\000\000\000\000\000\000\000\000\000\000\000\000P\031-}\351f\032\255\274\334m\326c\017\014ao[\342\230\003\245\245\3341Hm\326^\017jy\335\261s!\003\371#:S\022\X\277\344\034\253'\365\230\361\211p\037\000R\265\215-7o\002\210\025\275\344qQvG0E\002!\000\244\0214\211\367G}[z\340N_\014\251\225\253\361OAa\275\023\342\243\336x\312Z\243) \311\002  wWC\237\217\276Wz\352\t`\355\243o\366E\275Z\263vS\370\031\254Z\346\365^\200\027\316""; ","validation: """"\200\000\000\000&\000\000\000\002)/\352k\002:""\223\371\016\340l;\316Q0\355\311\211\352@\036\313K1\024B\343N\323V\367s\355lu\324\374V\207\371F\260\325\345\213\261P\027\000\000\000\000\000\000\000\000\000\000\000\000\000\000\000\000\000\000\000\000\000\000\000\000\000\000\000\000\000\000\000\000P\031-}\351f\032\255\274\334m\326c\017\014ao[\342\230\003\245\245\3341Hm\326^\017jy\335\261s!\003\371#:S\022\X\277\344\034\253'\365\230\361\211p\037\000R\265\215-7o\002\210\025\275\344qQvG0E\002!\000\244\0214\211\367G}[z\340N_\014\251\225\253\361OAa\275\023\342\243\336x\312Z\243) \311\002  wWC\237\217\276Wz\352\t`\355\243o\366E\275Z\263vS\370\031\254Z\346\365^\200\027\316""; "
1750576770869,1750576770869,428,1,4,1,TMValidation,"validation: """"\200\000\000\000&\000\000\000\002)/\352k\002:""\223\371\016\340l;\316Q0\355\311\211\352@\036\313K1\024B\343N\323V\367s\355lu\324\374V\207\371F\260\325\345\213\261P\027\000\000\000\000\000\000\000\000\000\000\000\000\000\000\000\000\000\000\000\000\000\000\000\000\000\000\000\000\000\000\000\000P\031-}\351f\032\255\274\334m\326c\017\014ao[\342\230\003\245\245\3341Hm\326^\017jy\335\261s!\003\371#:S\022\X\277\344\034\253'\365\230\361\211p\037\000R\265\215-7o\002\210\025\275\344qQvG0E\002!\000\244\0214\211\367G}[z\340N_\014\251\225\253\361OAa\275\023\342\243\336x\312Z\243) \311\002  wWC\237\217\276Wz\352\t`\355\243o\366E\275Z\263vS\370\031\254Z\346\365^\200\027\316""; ","validation: """"\200\000\000\000&\000\000\000\002)/\352k\002:""\223\371\016\340l;\316Q0\355\311\211\352@\036\313K1\024B\343N\323V\367s\355lu\324\374V\207\371F\260\325\345\213\261P\027\000\000\000\000\000\000\000\000\000\000\000\000\000\000\000\000\000\000\000\000\000\000\000\000\000\000\000\000\000\000\000\000P\031-}\351f\032\255\274\334m\326c\017\014ao[\342\230\003\245\245\3341Hm\326^\017jy\335\261s!\003\371#:S\022\X\277\344\034\253'\365\230\361\211p\037\000R\265\215-7o\002\210\025\275\344qQvG0E\002!\000\244\0214\211\367G}[z\340N_\014\251\225\253\361OAa\275\023\342\243\336x\312Z\243) \311\002  wWC\237\217\276Wz\352\t`\355\243o\366E\275Z\263vS\370\031\254Z\346\365^\200\027\316""; "
1750576770909,1750576770909,2242,1,0,4,TMStatusChange,"newEvent: neACCEPTED_LEDGER; ledgerSeq: 2; ledgerHash: ""0\355\311\211\352@\036\313K1\024B\343N\323V\367s\355lu\324\374V\207\371F\260\325\345\213\261""; ledgerHashPrevious: ""-}\351f\032\255\274\334m\326c\017\014ao[\342\230\003\245\245\3341Hm\326^\017jy\335\261""; networkTime: 803891970; firstSeq: 1; lastSeq: 1; ","newEvent: neACCEPTED_LEDGER; ledgerSeq: 2; ledgerHash: ""0\355\311\211\352@\036\313K1\024B\343N\323V\367s\355lu\324\374V\207\371F\260\325\345\213\261""; ledgerHashPrevious: ""-}\351f\032\255\274\334m\326c\017\014ao[\342\230\003\245\245\3341Hm\326^\017jy\335\261""; networkTime: 803891970; firstSeq: 1; lastSeq: 1; "
1750576770909,1750576770909,3321,1,0,4,TMValidation,"validation: """"\200\000\000\000&\000\000\000\002)/\352k\002:\337\036c5\254\005\264,Q0\355\311\211\352@\036\313K1\024B\343N\323V\367s\355lu\324\374V\207\371F\260\325\345\213\261P\027\000\000\000\000\000\000\000\000\000\000\000\000\000\000\000\000\000\000\000\000\000\000\000\000\000\000\000\000\000\000\000\000P\031-}\351f\032\255\274\334m\326c\017\014ao[\342\230\003\245\245\3341Hm\326^\017jy\335\261s!\003i)e\226\372N\250\220\343\313\000^\252ua\277:W\233\010\236\376G>\347\257/\214RJ\t<vG0E\002!\000\224\310l\342\0068\217\305\025\277G\003ldn~q\257.Wi5\266!\253\000\345'I\351-\002\002 \017\243\213mrA\272\237b\257\271\307\362\325\273\233>R#\022\350}\243,\254S\350\215\225W\222\322""; ","validation: """"\200\000\000\000&\000\000\000\002)/\352k\002:\337\036c5\254\005\264,Q0\355\311\211\352@\036\313K1\024B\343N\323V\367s\355lu\324\374V\207\371F\260\325\345\213\261P\027\000\000\000\000\000\000\000\000\000\000\000\000\000\000\000\000\000\000\000\000\000\000\000\000\000\000\000\000\000\000\000\000P\031-}\351f\032\255\274\334m\326c\017\014ao[\342\230\003\245\245\3341Hm\326^\017jy\335\261s!\003i)e\226\372N\250\220\343\313\000^\252ua\277:W\233\010\236\376G>\347\257/\214RJ\t<vG0E\002!\000\224\310l\342\0068\217\305\025\277G\003ldn~q\257.Wi5\266!\253\000\345'I\351-\002\002 \017\243\213mrA\272\237b\257\271\307\362\325\273\233>R#\022\350}\243,\254S\350\215\225W\222\322""; "
1750576770910,1750576770910,431,1,0,3,TMStatusChange,"newEvent: neACCEPTED_LEDGER; ledgerSeq: 2; ledgerHash: ""0\355\311\211\352@\036\313K1\024B\343N\323V\367s\355lu\324\374V\207\371F\260\325\345\213\261""; ledgerHashPrevious: ""-}\351f\032\255\274\334m\326c\017\014ao[\342\230\003\245\245\3341Hm\326^\017jy\335\261""; networkTime: 803891970; firstSeq: 1; lastSeq: 1; ","newEvent: neACCEPTED_LEDGER; ledgerSeq: 2; ledgerHash: ""0\355\311\211\352@\036\313K1\024B\343N\323V\367s\355lu\324\374V\207\371F\260\325\345\213\261""; ledgerHashPrevious: ""-}\351f\032\255\274\334m\326c\017\014ao[\342\230\003\245\245\3341Hm\326^\017jy\335\261""; networkTime: 803891970; firstSeq: 1; lastSeq: 1; "
1750576770910,1750576770910,2598,1,0,1,TMValidation,"validation: """"\200\000\000\000&\000\000\000\002)/\352k\002:\337\036c5\254\005\264,Q0\355\311\211\352@\036\313K1\024B\343N\323V\367s\355lu\324\374V\207\371F\260\325\345\213\261P\027\000\000\000\000\000\000\000\000\000\000\000\000\000\000\000\000\000\000\000\000\000\000\000\000\000\000\000\000\000\000\000\000P\031-}\351f\032\255\274\334m\326c\017\014ao[\342\230\003\245\245\3341Hm\326^\017jy\335\261s!\003i)e\226\372N\250\220\343\313\000^\252ua\277:W\233\010\236\376G>\347\257/\214RJ\t<vG0E\002!\000\224\310l\342\0068\217\305\025\277G\003ldn~q\257.Wi5\266!\253\000\345'I\351-\002\002 \017\243\213mrA\272\237b\257\271\307\362\325\273\233>R#\022\350}\243,\254S\350\215\225W\222\322""; ","validation: """"\200\000\000\000&\000\000\000\002)/\352k\002:\337\036c5\254\005\264,Q0\355\311\211\352@\036\313K1\024B\343N\323V\367s\355lu\324\374V\207\371F\260\325\345\213\261P\027\000\000\000\000\000\000\000\000\000\000\000\000\000\000\000\000\000\000\000\000\000\000\000\000\000\000\000\000\000\000\000\000P\031-}\351f\032\255\274\334m\326c\017\014ao[\342\230\003\245\245\3341Hm\326^\017jy\335\261s!\003i)e\226\372N\250\220\343\313\000^\252ua\277:W\233\010\236\376G>\347\257/\214RJ\t<vG0E\002!\000\224\310l\342\0068\217\305\025\277G\003ldn~q\257.Wi5\266!\253\000\345'I\351-\002\002 \017\243\213mrA\272\237b\257\271\307\362\325\273\233>R#\022\350}\243,\254S\350\215\225W\222\322""; "
1750576770910,1750576770910,3083,1,0,1,TMStatusChange,"newEvent: neACCEPTED_LEDGER; ledgerSeq: 2; ledgerHash: ""0\355\311\211\352@\036\313K1\024B\343N\323V\367s\355lu\324\374V\207\371F\260\325\345\213\261""; ledgerHashPrevious: ""-}\351f\032\255\274\334m\326c\017\014ao[\342\230\003\245\245\3341Hm\326^\017jy\335\261""; networkTime: 803891970; firstSeq: 1; lastSeq: 1; ","newEvent: neACCEPTED_LEDGER; ledgerSeq: 2; ledgerHash: ""0\355\311\211\352@\036\313K1\024B\343N\323V\367s\355lu\324\374V\207\371F\260\325\345\213\261""; ledgerHashPrevious: ""-}\351f\032\255\274\334m\326c\017\014ao[\342\230\003\245\245\3341Hm\326^\017jy\335\261""; networkTime: 803891970; firstSeq: 1; lastSeq: 1; "
1750576770911,1750576770911,1592,1,0,2,TMStatusChange,"newEvent: neACCEPTED_LEDGER; ledgerSeq: 2; ledgerHash: ""0\355\311\211\352@\036\313K1\024B\343N\323V\367s\355lu\324\374V\207\371F\260\325\345\213\261""; ledgerHashPrevious: ""-}\351f\032\255\274\334m\326c\017\014ao[\342\230\003\245\245\3341Hm\326^\017jy\335\261""; networkTime: 803891970; firstSeq: 1; lastSeq: 1; ","newEvent: neACCEPTED_LEDGER; ledgerSeq: 2; ledgerHash: ""0\355\311\211\352@\036\313K1\024B\343N\323V\367s\355lu\324\374V\207\371F\260\325\345\213\261""; ledgerHashPrevious: ""-}\351f\032\255\274\334m\326c\017\014ao[\342\230\003\245\245\3341Hm\326^\017jy\335\261""; networkTime: 803891970; firstSeq: 1; lastSeq: 1; "
1750576770911,1750576770911,2915,1,0,3,TMValidation,"validation: """"\200\000\000\000&\000\000\000\002)/\352k\002:\337\036c5\254\005\264,Q0\355\311\211\352@\036\313K1\024B\343N\323V\367s\355lu\324\374V\207\371F\260\325\345\213\261P\027\000\000\000\000\000\000\000\000\000\000\000\000\000\000\000\000\000\000\000\000\000\000\000\000\000\000\000\000\000\000\000\000P\031-}\351f\032\255\274\334m\326c\017\014ao[\342\230\003\245\245\3341Hm\326^\017jy\335\261s!\003i)e\226\372N\250\220\343\313\000^\252ua\277:W\233\010\236\376G>\347\257/\214RJ\t<vG0E\002!\000\224\310l\342\0068\217\305\025\277G\003ldn~q\257.Wi5\266!\253\000\345'I\351-\002\002 \017\243\213mrA\272\237b\257\271\307\362\325\273\233>R#\022\350}\243,\254S\350\215\225W\222\322""; ","validation: """"\200\000\000\000&\000\000\000\002)/\352k\002:\337\036c5\254\005\264,Q0\355\311\211\352@\036\313K1\024B\343N\323V\367s\355lu\324\374V\207\371F\260\325\345\213\261P\027\000\000\000\000\000\000\000\000\000\000\000\000\000\000\000\000\000\000\000\000\000\000\000\000\000\000\000\000\000\000\000\000P\031-}\351f\032\255\274\334m\326c\017\014ao[\342\230\003\245\245\3341Hm\326^\017jy\335\261s!\003i)e\226\372N\250\220\343\313\000^\252ua\277:W\233\010\236\376G>\347\257/\214RJ\t<vG0E\002!\000\224\310l\342\0068\217\305\025\277G\003ldn~q\257.Wi5\266!\253\000\345'I\351-\002\002 \017\243\213mrA\272\237b\257\271\307\362\325\273\233>R#\022\350}\243,\254S\350\215\225W\222\322""; "
1750576770911,1750576770911,453,1,0,2,TMValidation,"validation: """"\200\000\000\000&\000\000\000\002)/\352k\002:\337\036c5\254\005\264,Q0\355\311\211\352@\036\313K1\024B\343N\323V\367s\355lu\324\374V\207\371F\260\325\345\213\261P\027\000\000\000\000\000\000\000\000\000\000\000\000\000\000\000\000\000\000\000\000\000\000\000\000\000\000\000\000\000\000\000\000P\031-}\351f\032\255\274\334m\326c\017\014ao[\342\230\003\245\245\3341Hm\326^\017jy\335\261s!\003i)e\226\372N\250\220\343\313\000^\252ua\277:W\233\010\236\376G>\347\257/\214RJ\t<vG0E\002!\000\224\310l\342\0068\217\305\025\277G\003ldn~q\257.Wi5\266!\253\000\345'I\351-\002\002 \017\243\213mrA\272\237b\257\271\307\362\325\273\233>R#\022\350}\243,\254S\350\215\225W\222\322""; ","validation: """"\200\000\000\000&\000\000\000\002)/\352k\002:\337\036c5\254\005\264,Q0\355\311\211\352@\036\313K1\024B\343N\323V\367s\355lu\324\374V\207\371F\260\325\345\213\261P\027\000\000\000\000\000\000\000\000\000\000\000\000\000\000\000\000\000\000\000\000\000\000\000\000\000\000\000\000\000\000\000\000P\031-}\351f\032\255\274\334m\326c\017\014ao[\342\230\003\245\245\3341Hm\326^\017jy\335\261s!\003i)e\226\372N\250\220\343\313\000^\252ua\277:W\233\010\236\376G>\347\257/\214RJ\t<vG0E\002!\000\224\310l\342\0068\217\305\025\277G\003ldn~q\257.Wi5\266!\253\000\345'I\351-\002\002 \017\243\213mrA\272\237b\257\271\307\362\325\273\233>R#\022\350}\243,\254S\350\215\225W\222\322""; "
1750576770995,1750576770995,3256,1,3,2,TMValidation,"validation: """"\200\000\000\000&\000\000\000\002)/\352k\002:\327x\272\020JyerQ0\355\311\211\352@\036\313K1\024B\343N\323V\367s\355lu\324\374V\207\371F\260\325\345\213\261P\027\000\000\000\000\000\000\000\000\000\000\000\000\000\000\000\000\000\000\000\000\000\000\000\000\000\000\000\000\000\000\000\000P\031-}\351f\032\255\274\334m\326c\017\014ao[\342\230\003\245\245\3341Hm\326^\017jy\335\261s!\003\365\211\205\353\0100\270r\333\225\227Y\025\355!\235\nf\352n\302\032\014\344\364\324\262\351""\225OFvG0E\002!\000\371\247\034\232g\231_W\004\324\270\270vKil\r\350\242\257w\322\246\240\362\311;\371\341 \202\025\002 \r\201B\252\357\333\256\310U,\366\222[\253""k\223\010\327\232\337\262e\340[2[-\016\3763\007""; ","validation: """"\200\000\000\000&\000\000\000\002)/\352k\002:\327x\272\020JyerQ0\355\311\211\352@\036\313K1\024B\343N\323V\367s\355lu\324\374V\207\371F\260\325\345\213\261P\027\000\000\000\000\000\000\000\000\000\000\000\000\000\000\000\000\000\000\000\000\000\000\000\000\000\000\000\000\000\000\000\000P\031-}\351f\032\255\274\334m\326c\017\014ao[\342\230\003\245\245\3341Hm\326^\017jy\335\261s!\003\365\211\205\353\0100\270r\333\225\227Y\025\355!\235\nf\352n\302\032\014\344\364\324\262\351""\225OFvG0E\002!\000\371\247\034\232g\231_W\004\324\270\270vKil\r\350\242\257w\322\246\240\362\311;\371\341 \202\025\002 \r\201B\252\357\333\256\310U,\366\222[\253""k\223\010\327\232\337\262e\340[2[-\016\3763\007""; "
1750576770996,1750576770996,3950,1,3,4,TMStatusChange,"newEvent: neACCEPTED_LEDGER; ledgerSeq: 2; ledgerHash: ""0\355\311\211\352@\036\313K1\024B\343N\323V\367s\355lu\324\374V\207\371F\260\325\345\213\261""; ledgerHashPrevious: ""-}\351f\032\255\274\334m\326c\017\014ao[\342\230\003\245\245\3341Hm\326^\017jy\335\261""; networkTime: 803891970; firstSeq: 1; lastSeq: 1; ","newEvent: neACCEPTED_LEDGER; ledgerSeq: 2; ledgerHash: ""0\355\311\211\352@\036\313K1\024B\343N\323V\367s\355lu\324\374V\207\371F\260\325\345\213\261""; ledgerHashPrevious: ""-}\351f\032\255\274\334m\326c\017\014ao[\342\230\003\245\245\3341Hm\326^\017jy\335\261""; networkTime: 803891970; firstSeq: 1; lastSeq: 1; "
1750576770995,1750576770995,2389,1,3,4,TMValidation,"validation: """"\200\000\000\000&\000\000\000\002)/\352k\002:\327x\272\020JyerQ0\355\311\211\352@\036\313K1\024B\343N\323V\367s\355lu\324\374V\207\371F\260\325\345\213\261P\027\000\000\000\000\000\000\000\000\000\000\000\000\000\000\000\000\000\000\000\000\000\000\000\000\000\000\000\000\000\000\000\000P\031-}\351f\032\255\274\334m\326c\017\014ao[\342\230\003\245\245\3341Hm\326^\017jy\335\261s!\003\365\211\205\353\0100\270r\333\225\227Y\025\355!\235\nf\352n\302\032\014\344\364\324\262\351""\225OFvG0E\002!\000\371\247\034\232g\231_W\004\324\270\270vKil\r\350\242\257w\322\246\240\362\311;\371\341 \202\025\002 \r\201B\252\357\333\256\310U,\366\222[\253""k\223\010\327\232\337\262e\340[2[-\016\3763\007""; ","validation: """"\200\000\000\000&\000\000\000\002)/\352k\002:\327x\272\020JyerQ0\355\311\211\352@\036\313K1\024B\343N\323V\367s\355lu\324\374V\207\371F\260\325\345\213\261P\027\000\000\000\000\000\000\000\000\000\000\000\000\000\000\000\000\000\000\000\000\000\000\000\000\000\000\000\000\000\000\000\000P\031-}\351f\032\255\274\334m\326c\017\014ao[\342\230\003\245\245\3341Hm\326^\017jy\335\261s!\003\365\211\205\353\0100\270r\333\225\227Y\025\355!\235\nf\352n\302\032\014\344\364\324\262\351""\225OFvG0E\002!\000\371\247\034\232g\231_W\004\324\270\270vKil\r\350\242\257w\322\246\240\362\311;\371\341 \202\025\002 \r\201B\252\357\333\256\310U,\366\222[\253""k\223\010\327\232\337\262e\340[2[-\016\3763\007""; "
1750576770996,1750576770996,1216,1,3,0,TMStatusChange,"newEvent: neACCEPTED_LEDGER; ledgerSeq: 2; ledgerHash: ""0\355\311\211\352@\036\313K1\024B\343N\323V\367s\355lu\324\374V\207\371F\260\325\345\213\261""; ledgerHashPrevious: ""-}\351f\032\255\274\334m\326c\017\014ao[\342\230\003\245\245\3341Hm\326^\017jy\335\261""; networkTime: 803891970; firstSeq: 1; lastSeq: 1; ","newEvent: neACCEPTED_LEDGER; ledgerSeq: 2; ledgerHash: ""0\355\311\211\352@\036\313K1\024B\343N\323V\367s\355lu\324\374V\207\371F\260\325\345\213\261""; ledgerHashPrevious: ""-}\351f\032\255\274\334m\326c\017\014ao[\342\230\003\245\245\3341Hm\326^\017jy\335\261""; networkTime: 803891970; firstSeq: 1; lastSeq: 1; "
1750576770996,1750576770996,2439,1,3,2,TMStatusChange,"newEvent: neACCEPTED_LEDGER; ledgerSeq: 2; ledgerHash: ""0\355\311\211\352@\036\313K1\024B\343N\323V\367s\355lu\324\374V\207\371F\260\325\345\213\261""; ledgerHashPrevious: ""-}\351f\032\255\274\334m\326c\017\014ao[\342\230\003\245\245\3341Hm\326^\017jy\335\261""; networkTime: 803891970; firstSeq: 1; lastSeq: 1; ","newEvent: neACCEPTED_LEDGER; ledgerSeq: 2; ledgerHash: ""0\355\311\211\352@\036\313K1\024B\343N\323V\367s\355lu\324\374V\207\371F\260\325\345\213\261""; ledgerHashPrevious: ""-}\351f\032\255\274\334m\326c\017\014ao[\342\230\003\245\245\3341Hm\326^\017jy\335\261""; networkTime: 803891970; firstSeq: 1; lastSeq: 1; "
1750576770997,1750576770997,1663,1,3,0,TMValidation,"validation: """"\200\000\000\000&\000\000\000\002)/\352k\002:\327x\272\020JyerQ0\355\311\211\352@\036\313K1\024B\343N\323V\367s\355lu\324\374V\207\371F\260\325\345\213\261P\027\000\000\000\000\000\000\000\000\000\000\000\000\000\000\000\000\000\000\000\000\000\000\000\000\000\000\000\000\000\000\000\000P\031-}\351f\032\255\274\334m\326c\017\014ao[\342\230\003\245\245\3341Hm\326^\017jy\335\261s!\003\365\211\205\353\0100\270r\333\225\227Y\025\355!\235\nf\352n\302\032\014\344\364\324\262\351""\225OFvG0E\002!\000\371\247\034\232g\231_W\004\324\270\270vKil\r\350\242\257w\322\246\240\362\311;\371\341 \202\025\002 \r\201B\252\357\333\256\310U,\366\222[\253""k\223\010\327\232\337\262e\340[2[-\016\3763\007""; ","validation: """"\200\000\000\000&\000\000\000\002)/\352k\002:\327x\272\020JyerQ0\355\311\211\352@\036\313K1\024B\343N\323V\367s\355lu\324\374V\207\371F\260\325\345\213\261P\027\000\000\000\000\000\000\000\000\000\000\000\000\000\000\000\000\000\000\000\000\000\000\000\000\000\000\000\000\000\000\000\000P\031-}\351f\032\255\274\334m\326c\017\014ao[\342\230\003\245\245\3341Hm\326^\017jy\335\261s!\003\365\211\205\353\0100\270r\333\225\227Y\025\355!\235\nf\352n\302\032\014\344\364\324\262\351""\225OFvG0E\002!\000\371\247\034\232g\231_W\004\324\270\270vKil\r\350\242\257w\322\246\240\362\311;\371\341 \202\025\002 \r\201B\252\357\333\256\310U,\366\222[\253""k\223\010\327\232\337\262e\340[2[-\016\3763\007""; "
1750576770997,1750576770997,693,1,3,1,TMValidation,"validation: """"\200\000\000\000&\000\000\000\002)/\352k\002:\327x\272\020JyerQ0\355\311\211\352@\036\313K1\024B\343N\323V\367s\355lu\324\374V\207\371F\260\325\345\213\261P\027\000\000\000\000\000\000\000\000\000\000\000\000\000\000\000\000\000\000\000\000\000\000\000\000\000\000\000\000\000\000\000\000P\031-}\351f\032\255\274\334m\326c\017\014ao[\342\230\003\245\245\3341Hm\326^\017jy\335\261s!\003\365\211\205\353\0100\270r\333\225\227Y\025\355!\235\nf\352n\302\032\014\344\364\324\262\351""\225OFvG0E\002!\000\371\247\034\232g\231_W\004\324\270\270vKil\r\350\242\257w\322\246\240\362\311;\371\341 \202\025\002 \r\201B\252\357\333\256\310U,\366\222[\253""k\223\010\327\232\337\262e\340[2[-\016\3763\007""; ","validation: """"\200\000\000\000&\000\000\000\002)/\352k\002:\327x\272\020JyerQ0\355\311\211\352@\036\313K1\024B\343N\323V\367s\355lu\324\374V\207\371F\260\325\345\213\261P\027\000\000\000\000\000\000\000\000\000\000\000\000\000\000\000\000\000\000\000\000\000\000\000\000\000\000\000\000\000\000\000\000P\031-}\351f\032\255\274\334m\326c\017\014ao[\342\230\003\245\245\3341Hm\326^\017jy\335\261s!\003\365\211\205\353\0100\270r\333\225\227Y\025\355!\235\nf\352n\302\032\014\344\364\324\262\351""\225OFvG0E\002!\000\371\247\034\232g\231_W\004\324\270\270vKil\r\350\242\257w\322\246\240\362\311;\371\341 \202\025\002 \r\201B\252\357\333\256\310U,\366\222[\253""k\223\010\327\232\337\262e\340[2[-\016\3763\007""; "
1750576770997,1750576770998,754,1,3,1,TMStatusChange,"newEvent: neACCEPTED_LEDGER; ledgerSeq: 2; ledgerHash: ""0\355\311\211\352@\036\313K1\024B\343N\323V\367s\355lu\324\374V\207\371F\260\325\345\213\261""; ledgerHashPrevious: ""-}\351f\032\255\274\334m\326c\017\014ao[\342\230\003\245\245\3341Hm\326^\017jy\335\261""; networkTime: 803891970; firstSeq: 1; lastSeq: 1; ","newEvent: neACCEPTED_LEDGER; ledgerSeq: 2; ledgerHash: ""0\355\311\211\352@\036\313K1\024B\343N\323V\367s\355lu\324\374V\207\371F\260\325\345\213\261""; ledgerHashPrevious: ""-}\351f\032\255\274\334m\326c\017\014ao[\342\230\003\245\245\3341Hm\326^\017jy\335\261""; networkTime: 803891970; firstSeq: 1; lastSeq: 1; "
1750576771104,1750576771104,367,1,2,4,TMValidation,"validation: """"\200\000\000\000&\000\000\000\002)/\352k\003:\321 \377\321\373\345\340\346Q0\355\311\211\352@\036\313K1\024B\343N\323V\367s\355lu\324\374V\207\371F\260\325\345\213\261P\027\000\000\000\000\000\000\000\000\000\000\000\000\000\000\000\000\000\000\000\000\000\000\000\000\000\000\000\000\000\000\000\000P\031-}\351f\032\255\274\334m\326c\017\014ao[\342\230\003\245\245\3341Hm\326^\017jy\335\261s!\002\373\236I\010\265\271ho\331/c\224%g\005\354]\344\350\r\030%u\255\364\002\226\221\370\363\332\331vG0E\002!\000\335\263\333`k\321\247\020""\254\343\370\023\020C\263\227<\341\365L'\016\210\037\247CGm\232\264m\002 \003+\233\224\320:\244\200hcd\351u\220\352\255\344W&\243\255\301\233\342\000\025\275+Q\225\024P""; ","validation: """"\200\000\000\000&\000\000\000\002)/\352k\003:\321 \377\321\373\345\340\346Q0\355\311\211\352@\036\313K1\024B\343N\323V\367s\355lu\324\374V\207\371F\260\325\345\213\261P\027\000\000\000\000\000\000\000\000\000\000\000\000\000\000\000\000\000\000\000\000\000\000\000\000\000\000\000\000\000\000\000\000P\031-}\351f\032\255\274\334m\326c\017\014ao[\342\230\003\245\245\3341Hm\326^\017jy\335\261s!\002\373\236I\010\265\271ho\331/c\224%g\005\354]\344\350\r\030%u\255\364\002\226\221\370\363\332\331vG0E\002!\000\335\263\333`k\321\247\020""\254\343\370\023\020C\263\227<\341\365L'\016\210\037\247CGm\232\264m\002 \003+\233\224\320:\244\200hcd\351u\220\352\255\344W&\243\255\301\233\342\000\025\275+Q\225\024P""; "
1750576771105,1750576771105,3392,1,2,4,TMStatusChange,"newEvent: neACCEPTED_LEDGER; ledgerSeq: 2; ledgerHash: ""0\355\311\211\352@\036\313K1\024B\343N\323V\367s\355lu\324\374V\207\371F\260\325\345\213\261""; ledgerHashPrevious: ""-}\351f\032\255\274\334m\326c\017\014ao[\342\230\003\245\245\3341Hm\326^\017jy\335\261""; networkTime: 803891971; firstSeq: 1; lastSeq: 1; ","newEvent: neACCEPTED_LEDGER; ledgerSeq: 2; ledgerHash: ""0\355\311\211\352@\036\313K1\024B\343N\323V\367s\355lu\324\374V\207\371F\260\325\345\213\261""; ledgerHashPrevious: ""-}\351f\032\255\274\334m\326c\017\014ao[\342\230\003\245\245\3341Hm\326^\017jy\335\261""; networkTime: 803891971; firstSeq: 1; lastSeq: 1; "
1750576771105,1750576771105,30,1,2,3,TMStatusChange,"newEvent: neACCEPTED_LEDGER; ledgerSeq: 2; ledgerHash: ""0\355\311\211\352@\036\313K1\024B\343N\323V\367s\355lu\324\374V\207\371F\260\325\345\213\261""; ledgerHashPrevious: ""-}\351f\032\255\274\334m\326c\017\014ao[\342\230\003\245\245\3341Hm\326^\017jy\335\261""; networkTime: 803891971; firstSeq: 1; lastSeq: 1; ","newEvent: neACCEPTED_LEDGER; ledgerSeq: 2; ledgerHash: ""0\355\311\211\352@\036\313K1\024B\343N\323V\367s\355lu\324\374V\207\371F\260\325\345\213\261""; ledgerHashPrevious: ""-}\351f\032\255\274\334m\326c\017\014ao[\342\230\003\245\245\3341Hm\326^\017jy\335\261""; networkTime: 803891971; firstSeq: 1; lastSeq: 1; "
1750576771105,1750576771105,1842,1,2,3,TMValidation,"validation: """"\200\000\000\000&\000\000\000\002)/\352k\003:\321 \377\321\373\345\340\346Q0\355\311\211\352@\036\313K1\024B\343N\323V\367s\355lu\324\374V\207\371F\260\325\345\213\261P\027\000\000\000\000\000\000\000\000\000\000\000\000\000\000\000\000\000\000\000\000\000\000\000\000\000\000\000\000\000\000\000\000P\031-}\351f\032\255\274\334m\326c\017\014ao[\342\230\003\245\245\3341Hm\326^\017jy\335\261s!\002\373\236I\010\265\271ho\331/c\224%g\005\354]\344\350\r\030%u\255\364\002\226\221\370\363\332\331vG0E\002!\000\335\263\333`k\321\247\020""\254\343\370\023\020C\263\227<\341\365L'\016\210\037\247CGm\232\264m\002 \003+\233\224\320:\244\200hcd\351u\220\352\255\344W&\243\255\301\233\342\000\025\275+Q\225\024P""; ","validation: """"\200\000\000\000&\000\000\000\002)/\352k\003:\321 \377\321\373\345\340\346Q0\355\311\211\352@\036\313K1\024B\343N\323V\367s\355lu\324\374V\207\371F\260\325\345\213\261P\027\000\000\000\000\000\000\000\000\000\000\000\000\000\000\000\000\000\000\000\000\000\000\000\000\000\000\000\000\000\000\000\000P\031-}\351f\032\255\274\334m\326c\017\014ao[\342\230\003\245\245\3341Hm\326^\017jy\335\261s!\002\373\236I\010\265\271ho\331/c\224%g\005\354]\344\350\r\030%u\255\364\002\226\221\370\363\332\331vG0E\002!\000\335\263\333`k\321\247\020""\254\343\370\023\020C\263\227<\341\365L'\016\210\037\247CGm\232\264m\002 \003+\233\224\320:\244\200hcd\351u\220\352\255\344W&\243\255\301\233\342\000\025\275+Q\225\024P""; "
1750576771106,1750576771107,2409,1,2,1,TMStatusChange,"newEvent: neACCEPTED_LEDGER; ledgerSeq: 2; ledgerHash: ""0\355\311\211\352@\036\313K1\024B\343N\323V\367s\355lu\324\374V\207\371F\260\325\345\213\261""; ledgerHashPrevious: ""-}\351f\032\255\274\334m\326c\017\014ao[\342\230\003\245\245\3341Hm\326^\017jy\335\261""; networkTime: 803891971; firstSeq: 1; lastSeq: 1; ","newEvent: neACCEPTED_LEDGER; ledgerSeq: 2; ledgerHash: ""0\355\311\211\352@\036\313K1\024B\343N\323V\367s\355lu\324\374V\207\371F\260\325\345\213\261""; ledgerHashPrevious: ""-}\351f\032\255\274\334m\326c\017\014ao[\342\230\003\245\245\3341Hm\326^\017jy\335\261""; networkTime: 803891971; firstSeq: 1; lastSeq: 1; "
1750576771107,1750576771107,3160,1,2,0,TMValidation,"validation: """"\200\000\000\000&\000\000\000\002)/\352k\003:\321 \377\321\373\345\340\346Q0\355\311\211\352@\036\313K1\024B\343N\323V\367s\355lu\324\374V\207\371F\260\325\345\213\261P\027\000\000\000\000\000\000\000\000\000\000\000\000\000\000\000\000\000\000\000\000\000\000\000\000\000\000\000\000\000\000\000\000P\031-}\351f\032\255\274\334m\326c\017\014ao[\342\230\003\245\245\3341Hm\326^\017jy\335\261s!\002\373\236I\010\265\271ho\331/c\224%g\005\354]\344\350\r\030%u\255\364\002\226\221\370\363\332\331vG0E\002!\000\335\263\333`k\321\247\020""\254\343\370\023\020C\263\227<\341\365L'\016\210\037\247CGm\232\264m\002 \003+\233\224\320:\244\200hcd\351u\220\352\255\344W&\243\255\301\233\342\000\025\275+Q\225\024P""; ","validation: """"\200\000\000\000&\000\000\000\002)/\352k\003:\321 \377\321\373\345\340\346Q0\355\311\211\352@\036\313K1\024B\343N\323V\367s\355lu\324\374V\207\371F\260\325\345\213\261P\027\000\000\000\000\000\000\000\000\000\000\000\000\000\000\000\000\000\000\000\000\000\000\000\000\000\000\000\000\000\000\000\000P\031-}\351f\032\255\274\334m\326c\017\014ao[\342\230\003\245\245\3341Hm\326^\017jy\335\261s!\002\373\236I\010\265\271ho\331/c\224%g\005\354]\344\350\r\030%u\255\364\002\226\221\370\363\332\331vG0E\002!\000\335\263\333`k\321\247\020""\254\343\370\023\020C\263\227<\341\365L'\016\210\037\247CGm\232\264m\002 \003+\233\224\320:\244\200hcd\351u\220\352\255\344W&\243\255\301\233\342\000\025\275+Q\225\024P""; "
1750576771107,1750576771107,3070,1,2,1,TMValidation,"validation: """"\200\000\000\000&\000\000\000\002)/\352k\003:\321 \377\321\373\345\340\346Q0\355\311\211\352@\036\313K1\024B\343N\323V\367s\355lu\324\374V\207\371F\260\325\345\213\261P\027\000\000\000\000\000\000\000\000\000\000\000\000\000\000\000\000\000\000\000\000\000\000\000\000\000\000\000\000\000\000\000\000P\031-}\351f\032\255\274\334m\326c\017\014ao[\342\230\003\245\245\3341Hm\326^\017jy\335\261s!\002\373\236I\010\265\271ho\331/c\224%g\005\354]\344\350\r\030%u\255\364\002\226\221\370\363\332\331vG0E\002!\000\335\263\333`k\321\247\020""\254\343\370\023\020C\263\227<\341\365L'\016\210\037\247CGm\232\264m\002 \003+\233\224\320:\244\200hcd\351u\220\352\255\344W&\243\255\301\233\342\000\025\275+Q\225\024P""; ","validation: """"\200\000\000\000&\000\000\000\002)/\352k\003:\321 \377\321\373\345\340\346Q0\355\311\211\352@\036\313K1\024B\343N\323V\367s\355lu\324\374V\207\371F\260\325\345\213\261P\027\000\000\000\000\000\000\000\000\000\000\000\000\000\000\000\000\000\000\000\000\000\000\000\000\000\000\000\000\000\000\000\000P\031-}\351f\032\255\274\334m\326c\017\014ao[\342\230\003\245\245\3341Hm\326^\017jy\335\261s!\002\373\236I\010\265\271ho\331/c\224%g\005\354]\344\350\r\030%u\255\364\002\226\221\370\363\332\331vG0E\002!\000\335\263\333`k\321\247\020""\254\343\370\023\020C\263\227<\341\365L'\016\210\037\247CGm\232\264m\002 \003+\233\224\320:\244\200hcd\351u\220\352\255\344W&\243\255\301\233\342\000\025\275+Q\225\024P""; "
1750576771107,1750576771107,1637,1,2,0,TMStatusChange,"newEvent: neACCEPTED_LEDGER; ledgerSeq: 2; ledgerHash: ""0\355\311\211\352@\036\313K1\024B\343N\323V\367s\355lu\324\374V\207\371F\260\325\345\213\261""; ledgerHashPrevious: ""-}\351f\032\255\274\334m\326c\017\014ao[\342\230\003\245\245\3341Hm\326^\017jy\335\261""; networkTime: 803891971; firstSeq: 1; lastSeq: 1; ","newEvent: neACCEPTED_LEDGER; ledgerSeq: 2; ledgerHash: ""0\355\311\211\352@\036\313K1\024B\343N\323V\367s\355lu\324\374V\207\371F\260\325\345\213\261""; ledgerHashPrevious: ""-}\351f\032\255\274\334m\326c\017\014ao[\342\230\003\245\245\3341Hm\326^\017jy\335\261""; networkTime: 803891971; firstSeq: 1; lastSeq: 1; "
1750576771296,1750576771296,1427,1,1,0,TMValidation,"validation: """"\200\000\000\000&\000\000\000\002)/\352k\002:""\223\371\016\340l;\316Q0\355\311\211\352@\036\313K1\024B\343N\323V\367s\355lu\324\374V\207\371F\260\325\345\213\261P\027\000\000\000\000\000\000\000\000\000\000\000\000\000\000\000\000\000\000\000\000\000\000\000\000\000\000\000\000\000\000\000\000P\031-}\351f\032\255\274\334m\326c\017\014ao[\342\230\003\245\245\3341Hm\326^\017jy\335\261s!\003\371#:S\022\X\277\344\034\253'\365\230\361\211p\037\000R\265\215-7o\002\210\025\275\344qQvG0E\002!\000\244\0214\211\367G}[z\340N_\014\251\225\253\361OAa\275\023\342\243\336x\312Z\243) \311\002  wWC\237\217\276Wz\352\t`\355\243o\366E\275Z\263vS\370\031\254Z\346\365^\200\027\316""; ","validation: """"\200\000\000\000&\000\000\000\002)/\352k\002:""\223\371\016\340l;\316Q0\355\311\211\352@\036\313K1\024B\343N\323V\367s\355lu\324\374V\207\371F\260\325\345\213\261P\027\000\000\000\000\000\000\000\000\000\000\000\000\000\000\000\000\000\000\000\000\000\000\000\000\000\000\000\000\000\000\000\000P\031-}\351f\032\255\274\334m\326c\017\014ao[\342\230\003\245\245\3341Hm\326^\017jy\335\261s!\003\371#:S\022\X\277\344\034\253'\365\230\361\211p\037\000R\265\215-7o\002\210\025\275\344qQvG0E\002!\000\244\0214\211\367G}[z\340N_\014\251\225\253\361OAa\275\023\342\243\336x\312Z\243) \311\002  wWC\237\217\276Wz\352\t`\355\243o\366E\275Z\263vS\370\031\254Z\346\365^\200\027\316""; "
1750576771296,1750576771296,3156,1,1,2,TMValidation,"validation: """"\200\000\000\000&\000\000\000\002)/\352k\002:""\223\371\016\340l;\316Q0\355\311\211\352@\036\313K1\024B\343N\323V\367s\355lu\324\374V\207\371F\260\325\345\213\261P\027\000\000\000\000\000\000\000\000\000\000\000\000\000\000\000\000\000\000\000\000\000\000\000\000\000\000\000\000\000\000\000\000P\031-}\351f\032\255\274\334m\326c\017\014ao[\342\230\003\245\245\3341Hm\326^\017jy\335\261s!\003\371#:S\022\X\277\344\034\253'\365\230\361\211p\037\000R\265\215-7o\002\210\025\275\344qQvG0E\002!\000\244\0214\211\367G}[z\340N_\014\251\225\253\361OAa\275\023\342\243\336x\312Z\243) \311\002  wWC\237\217\276Wz\352\t`\355\243o\366E\275Z\263vS\370\031\254Z\346\365^\200\027\316""; ","validation: """"\200\000\000\000&\000\000\000\002)/\352k\002:""\223\371\016\340l;\316Q0\355\311\211\352@\036\313K1\024B\343N\323V\367s\355lu\324\374V\207\371F\260\325\345\213\261P\027\000\000\000\000\000\000\000\000\000\000\000\000\000\000\000\000\000\000\000\000\000\000\000\000\000\000\000\000\000\000\000\000P\031-}\351f\032\255\274\334m\326c\017\014ao[\342\230\003\245\245\3341Hm\326^\017jy\335\261s!\003\371#:S\022\X\277\344\034\253'\365\230\361\211p\037\000R\265\215-7o\002\210\025\275\344qQvG0E\002!\000\244\0214\211\367G}[z\340N_\014\251\225\253\361OAa\275\023\342\243\336x\312Z\243) \311\002  wWC\237\217\276Wz\352\t`\355\243o\366E\275Z\263vS\370\031\254Z\346\365^\200\027\316""; "
1750576771296,1750576771296,3103,1,1,3,TMValidation,"validation: """"\200\000\000\000&\000\000\000\002)/\352k\002:""\223\371\016\340l;\316Q0\355\311\211\352@\036\313K1\024B\343N\323V\367s\355lu\324\374V\207\371F\260\325\345\213\261P\027\000\000\000\000\000\000\000\000\000\000\000\000\000\000\000\000\000\000\000\000\000\000\000\000\000\000\000\000\000\000\000\000P\031-}\351f\032\255\274\334m\326c\017\014ao[\342\230\003\245\245\3341Hm\326^\017jy\335\261s!\003\371#:S\022\X\277\344\034\253'\365\230\361\211p\037\000R\265\215-7o\002\210\025\275\344qQvG0E\002!\000\244\0214\211\367G}[z\340N_\014\251\225\253\361OAa\275\023\342\243\336x\312Z\243) \311\002  wWC\237\217\276Wz\352\t`\355\243o\366E\275Z\263vS\370\031\254Z\346\365^\200\027\316""; ","validation: """"\200\000\000\000&\000\000\000\002)/\352k\002:""\223\371\016\340l;\316Q0\355\311\211\352@\036\313K1\024B\343N\323V\367s\355lu\324\374V\207\371F\260\325\345\213\261P\027\000\000\000\000\000\000\000\000\000\000\000\000\000\000\000\000\000\000\000\000\000\000\000\000\000\000\000\000\000\000\000\000P\031-}\351f\032\255\274\334m\326c\017\014ao[\342\230\003\245\245\3341Hm\326^\017jy\335\261s!\003\371#:S\022\X\277\344\034\253'\365\230\361\211p\037\000R\265\215-7o\002\210\025\275\344qQvG0E\002!\000\244\0214\211\367G}[z\340N_\014\251\225\253\361OAa\275\023\342\243\336x\312Z\243) \311\002  wWC\237\217\276Wz\352\t`\355\243o\366E\275Z\263vS\370\031\254Z\346\365^\200\027\316""; "
1750576771365,1750576771365,367,1,2,4,TMValidation,"validation: """"\200\000\000\000&\000\000\000\002)/\352k\002:\337\036c5\254\005\264,Q0\355\311\211\352@\036\313K1\024B\343N\323V\367s\355lu\324\374V\207\371F\260\325\345\213\261P\027\000\000\000\000\000\000\000\000\000\000\000\000\000\000\000\000\000\000\000\000\000\000\000\000\000\000\000\000\000\000\000\000P\031-}\351f\032\255\274\334m\326c\017\014ao[\342\230\003\245\245\3341Hm\326^\017jy\335\261s!\003i)e\226\372N\250\220\343\313\000^\252ua\277:W\233\010\236\376G>\347\257/\214RJ\t<vG0E\002!\000\224\310l\342\0068\217\305\025\277G\003ldn~q\257.Wi5\266!\253\000\345'I\351-\002\002 \017\243\213mrA\272\237b\257\271\307\362\325\273\233>R#\022\350}\243,\254S\350\215\225W\222\322""; ","validation: """"\200\000\000\000&\000\000\000\002)/\352k\002:\337\036c5\254\005\264,Q0\355\311\211\352@\036\313K1\024B\343N\323V\367s\355lu\324\374V\207\371F\260\325\345\213\261P\027\000\000\000\000\000\000\000\000\000\000\000\000\000\000\000\000\000\000\000\000\000\000\000\000\000\000\000\000\000\000\000\000P\031-}\351f\032\255\274\334m\326c\017\014ao[\342\230\003\245\245\3341Hm\326^\017jy\335\261s!\003i)e\226\372N\250\220\343\313\000^\252ua\277:W\233\010\236\376G>\347\257/\214RJ\t<vG0E\002!\000\224\310l\342\0068\217\305\025\277G\003ldn~q\257.Wi5\266!\253\000\345'I\351-\002\002 \017\243\213mrA\272\237b\257\271\307\362\325\273\233>R#\022\350}\243,\254S\350\215\225W\222\322""; "
1750576771365,1750576771366,1842,1,2,3,TMValidation,"validation: """"\200\000\000\000&\000\000\000\002)/\352k\002:\337\036c5\254\005\264,Q0\355\311\211\352@\036\313K1\024B\343N\323V\367s\355lu\324\374V\207\371F\260\325\345\213\261P\027\000\000\000\000\000\000\000\000\000\000\000\000\000\000\000\000\000\000\000\000\000\000\000\000\000\000\000\000\000\000\000\000P\031-}\351f\032\255\274\334m\326c\017\014ao[\342\230\003\245\245\3341Hm\326^\017jy\335\261s!\003i)e\226\372N\250\220\343\313\000^\252ua\277:W\233\010\236\376G>\347\257/\214RJ\t<vG0E\002!\000\224\310l\342\0068\217\305\025\277G\003ldn~q\257.Wi5\266!\253\000\345'I\351-\002\002 \017\243\213mrA\272\237b\257\271\307\362\325\273\233>R#\022\350}\243,\254S\350\215\225W\222\322""; ","validation: """"\200\000\000\000&\000\000\000\002)/\352k\002:\337\036c5\254\005\264,Q0\355\311\211\352@\036\313K1\024B\343N\323V\367s\355lu\324\374V\207\371F\260\325\345\213\261P\027\000\000\000\000\000\000\000\000\000\000\000\000\000\000\000\000\000\000\000\000\000\000\000\000\000\000\000\000\000\000\000\000P\031-}\351f\032\255\274\334m\326c\017\014ao[\342\230\003\245\245\3341Hm\326^\017jy\335\261s!\003i)e\226\372N\250\220\343\313\000^\252ua\277:W\233\010\236\376G>\347\257/\214RJ\t<vG0E\002!\000\224\310l\342\0068\217\305\025\277G\003ldn~q\257.Wi5\266!\253\000\345'I\351-\002\002 \017\243\213mrA\272\237b\257\271\307\362\325\273\233>R#\022\350}\243,\254S\350\215\225W\222\322""; "
1750576771365,1750576771365,3070,1,2,1,TMValidation,"validation: """"\200\000\000\000&\000\000\000\002)/\352k\002:\337\036c5\254\005\264,Q0\355\311\211\352@\036\313K1\024B\343N\323V\367s\355lu\324\374V\207\371F\260\325\345\213\261P\027\000\000\000\000\000\000\000\000\000\000\000\000\000\000\000\000\000\000\000\000\000\000\000\000\000\000\000\000\000\000\000\000P\031-}\351f\032\255\274\334m\326c\017\014ao[\342\230\003\245\245\3341Hm\326^\017jy\335\261s!\003i)e\226\372N\250\220\343\313\000^\252ua\277:W\233\010\236\376G>\347\257/\214RJ\t<vG0E\002!\000\224\310l\342\0068\217\305\025\277G\003ldn~q\257.Wi5\266!\253\000\345'I\351-\002\002 \017\243\213mrA\272\237b\257\271\307\362\325\273\233>R#\022\350}\243,\254S\350\215\225W\222\322""; ","validation: """"\200\000\000\000&\000\000\000\002)/\352k\002:\337\036c5\254\005\264,Q0\355\311\211\352@\036\313K1\024B\343N\323V\367s\355lu\324\374V\207\371F\260\325\345\213\261P\027\000\000\000\000\000\000\000\000\000\000\000\000\000\000\000\000\000\000\000\000\000\000\000\000\000\000\000\000\000\000\000\000P\031-}\351f\032\255\274\334m\326c\017\014ao[\342\230\003\245\245\3341Hm\326^\017jy\335\261s!\003i)e\226\372N\250\220\343\313\000^\252ua\277:W\233\010\236\376G>\347\257/\214RJ\t<vG0E\002!\000\224\310l\342\0068\217\305\025\277G\003ldn~q\257.Wi5\266!\253\000\345'I\351-\002\002 \017\243\213mrA\272\237b\257\271\307\362\325\273\233>R#\022\350}\243,\254S\350\215\225W\222\322""; "
1750576771473,1750576771473,2764,1,4,0,TMValidation,"validation: """"\200\000\000\000&\000\000\000\002)/\352k\003:\321 \377\321\373\345\340\346Q0\355\311\211\352@\036\313K1\024B\343N\323V\367s\355lu\324\374V\207\371F\260\325\345\213\261P\027\000\000\000\000\000\000\000\000\000\000\000\000\000\000\000\000\000\000\000\000\000\000\000\000\000\000\000\000\000\000\000\000P\031-}\351f\032\255\274\334m\326c\017\014ao[\342\230\003\245\245\3341Hm\326^\017jy\335\261s!\002\373\236I\010\265\271ho\331/c\224%g\005\354]\344\350\r\030%u\255\364\002\226\221\370\363\332\331vG0E\002!\000\335\263\333`k\321\247\020""\254\343\370\023\020C\263\227<\341\365L'\016\210\037\247CGm\232\264m\002 \003+\233\224\320:\244\200hcd\351u\220\352\255\344W&\243\255\301\233\342\000\025\275+Q\225\024P""; ","validation: """"\200\000\000\000&\000\000\000\002)/\352k\003:\321 \377\321\373\345\340\346Q0\355\311\211\352@\036\313K1\024B\343N\323V\367s\355lu\324\374V\207\371F\260\325\345\213\261P\027\000\000\000\000\000\000\000\000\000\000\000\000\000\000\000\000\000\000\000\000\000\000\000\000\000\000\000\000\000\000\000\000P\031-}\351f\032\255\274\334m\326c\017\014ao[\342\230\003\245\245\3341Hm\326^\017jy\335\261s!\002\373\236I\010\265\271ho\331/c\224%g\005\354]\344\350\r\030%u\255\364\002\226\221\370\363\332\331vG0E\002!\000\335\263\333`k\321\247\020""\254\343\370\023\020C\263\227<\341\365L'\016\210\037\247CGm\232\264m\002 \003+\233\224\320:\244\200hcd\351u\220\352\255\344W&\243\255\301\233\342\000\025\275+Q\225\024P""; "
1750576771474,1750576771474,428,1,4,1,TMValidation,"validation: """"\200\000\000\000&\000\000\000\002)/\352k\003:\321 \377\321\373\345\340\346Q0\355\311\211\352@\036\313K1\024B\343N\323V\367s\355lu\324\374V\207\371F\260\325\345\213\261P\027\000\000\000\000\000\000\000\000\000\000\000\000\000\000\000\000\000\000\000\000\000\000\000\000\000\000\000\000\000\000\000\000P\031-}\351f\032\255\274\334m\326c\017\014ao[\342\230\003\245\245\3341Hm\326^\017jy\335\261s!\002\373\236I\010\265\271ho\331/c\224%g\005\354]\344\350\r\030%u\255\364\002\226\221\370\363\332\331vG0E\002!\000\335\263\333`k\321\247\020""\254\343\370\023\020C\263\227<\341\365L'\016\210\037\247CGm\232\264m\002 \003+\233\224\320:\244\200hcd\351u\220\352\255\344W&\243\255\301\233\342\000\025\275+Q\225\024P""; ","validation: """"\200\000\000\000&\000\000\000\002)/\352k\003:\321 \377\321\373\345\340\346Q0\355\311\211\352@\036\313K1\024B\343N\323V\367s\355lu\324\374V\207\371F\260\325\345\213\261P\027\000\000\000\000\000\000\000\000\000\000\000\000\000\000\000\000\000\000\000\000\000\000\000\000\000\000\000\000\000\000\000\000P\031-}\351f\032\255\274\334m\326c\017\014ao[\342\230\003\245\245\3341Hm\326^\017jy\335\261s!\002\373\236I\010\265\271ho\331/c\224%g\005\354]\344\350\r\030%u\255\364\002\226\221\370\363\332\331vG0E\002!\000\335\263\333`k\321\247\020""\254\343\370\023\020C\263\227<\341\365L'\016\210\037\247CGm\232\264m\002 \003+\233\224\320:\244\200hcd\351u\220\352\255\344W&\243\255\301\233\342\000\025\275+Q\225\024P""; "
1750576771474,1750576771474,1074,1,4,3,TMValidation,"validation: """"\200\000\000\000&\000\000\000\002)/\352k\003:\321 \377\321\373\345\340\346Q0\355\311\211\352@\036\313K1\024B\343N\323V\367s\355lu\324\374V\207\371F\260\325\345\213\261P\027\000\000\000\000\000\000\000\000\000\000\000\000\000\000\000\000\000\000\000\000\000\000\000\000\000\000\000\000\000\000\000\000P\031-}\351f\032\255\274\334m\326c\017\014ao[\342\230\003\245\245\3341Hm\326^\017jy\335\261s!\002\373\236I\010\265\271ho\331/c\224%g\005\354]\344\350\r\030%u\255\364\002\226\221\370\363\332\331vG0E\002!\000\335\263\333`k\321\247\020""\254\343\370\023\020C\263\227<\341\365L'\016\210\037\247CGm\232\264m\002 \003+\233\224\320:\244\200hcd\351u\220\352\255\344W&\243\255\301\233\342\000\025\275+Q\225\024P""; ","validation: """"\200\000\000\000&\000\000\000\002)/\352k\003:\321 \377\321\373\345\340\346Q0\355\311\211\352@\036\313K1\024B\343N\323V\367s\355lu\324\374V\207\371F\260\325\345\213\261P\027\000\000\000\000\000\000\000\000\000\000\000\000\000\000\000\000\000\000\000\000\000\000\000\000\000\000\000\000\000\000\000\000P\031-}\351f\032\255\274\334m\326c\017\014ao[\342\230\003\245\245\3341Hm\326^\017jy\335\261s!\002\373\236I\010\265\271ho\331/c\224%g\005\354]\344\350\r\030%u\255\364\002\226\221\370\363\332\331vG0E\002!\000\335\263\333`k\321\247\020""\254\343\370\023\020C\263\227<\341\365L'\016\210\037\247CGm\232\264m\002 \003+\233\224\320:\244\200hcd\351u\220\352\255\344W&\243\255\301\233\342\000\025\275+Q\225\024P""; "
1750576771691,1750576771691,3156,1,1,2,TMValidation,"validation: """"\200\000\000\000&\000\000\000\002)/\352k\002:\327x\272\020JyerQ0\355\311\211\352@\036\313K1\024B\343N\323V\367s\355lu\324\374V\207\371F\260\325\345\213\261P\027\000\000\000\000\000\000\000\000\000\000\000\000\000\000\000\000\000\000\000\000\000\000\000\000\000\000\000\000\000\000\000\000P\031-}\351f\032\255\274\334m\326c\017\014ao[\342\230\003\245\245\3341Hm\326^\017jy\335\261s!\003\365\211\205\353\0100\270r\333\225\227Y\025\355!\235\nf\352n\302\032\014\344\364\324\262\351""\225OFvG0E\002!\000\371\247\034\232g\231_W\004\324\270\270vKil\r\350\242\257w\322\246\240\362\311;\371\341 \202\025\002 \r\201B\252\357\333\256\310U,\366\222[\253""k\223\010\327\232\337\262e\340[2[-\016\3763\007""; ","validation: """"\200\000\000\000&\000\000\000\002)/\352k\002:\327x\272\020JyerQ0\355\311\211\352@\036\313K1\024B\343N\323V\367s\355lu\324\374V\207\371F\260\325\345\213\261P\027\000\000\000\000\000\000\000\000\000\000\000\000\000\000\000\000\000\000\000\000\000\000\000\000\000\000\000\000\000\000\000\000P\031-}\351f\032\255\274\334m\326c\017\014ao[\342\230\003\245\245\3341Hm\326^\017jy\335\261s!\003\365\211\205\353\0100\270r\333\225\227Y\025\355!\235\nf\352n\302\032\014\344\364\324\262\351""\225OFvG0E\002!\000\371\247\034\232g\231_W\004\324\270\270vKil\r\350\242\257w\322\246\240\362\311;\371\341 \202\025\002 \r\201B\252\357\333\256\310U,\366\222[\253""k\223\010\327\232\337\262e\340[2[-\016\3763\007""; "
1750576771691,1750576771691,1427,1,1,0,TMValidation,"validation: """"\200\000\000\000&\000\000\000\002)/\352k\002:\327x\272\020JyerQ0\355\311\211\352@\036\313K1\024B\343N\323V\367s\355lu\324\374V\207\371F\260\325\345\213\261P\027\000\000\000\000\000\000\000\000\000\000\000\000\000\000\000\000\000\000\000\000\000\000\000\000\000\000\000\000\000\000\000\000P\031-}\351f\032\255\274\334m\326c\017\014ao[\342\230\003\245\245\3341Hm\326^\017jy\335\261s!\003\365\211\205\353\0100\270r\333\225\227Y\025\355!\235\nf\352n\302\032\014\344\364\324\262\351""\225OFvG0E\002!\000\371\247\034\232g\231_W\004\324\270\270vKil\r\350\242\257w\322\246\240\362\311;\371\341 \202\025\002 \r\201B\252\357\333\256\310U,\366\222[\253""k\223\010\327\232\337\262e\340[2[-\016\3763\007""; ","validation: """"\200\000\000\000&\000\000\000\002)/\352k\002:\327x\272\020JyerQ0\355\311\211\352@\036\313K1\024B\343N\323V\367s\355lu\324\374V\207\371F\260\325\345\213\261P\027\000\000\000\000\000\000\000\000\000\000\000\000\000\000\000\000\000\000\000\000\000\000\000\000\000\000\000\000\000\000\000\000P\031-}\351f\032\255\274\334m\326c\017\014ao[\342\230\003\245\245\3341Hm\326^\017jy\335\261s!\003\365\211\205\353\0100\270r\333\225\227Y\025\355!\235\nf\352n\302\032\014\344\364\324\262\351""\225OFvG0E\002!\000\371\247\034\232g\231_W\004\324\270\270vKil\r\350\242\257w\322\246\240\362\311;\371\341 \202\025\002 \r\201B\252\357\333\256\310U,\366\222[\253""k\223\010\327\232\337\262e\340[2[-\016\3763\007""; "
1750576771691,1750576771691,1881,1,1,4,TMValidation,"validation: """"\200\000\000\000&\000\000\000\002)/\352k\002:\327x\272\020JyerQ0\355\311\211\352@\036\313K1\024B\343N\323V\367s\355lu\324\374V\207\371F\260\325\345\213\261P\027\000\000\000\000\000\000\000\000\000\000\000\000\000\000\000\000\000\000\000\000\000\000\000\000\000\000\000\000\000\000\000\000P\031-}\351f\032\255\274\334m\326c\017\014ao[\342\230\003\245\245\3341Hm\326^\017jy\335\261s!\003\365\211\205\353\0100\270r\333\225\227Y\025\355!\235\nf\352n\302\032\014\344\364\324\262\351""\225OFvG0E\002!\000\371\247\034\232g\231_W\004\324\270\270vKil\r\350\242\257w\322\246\240\362\311;\371\341 \202\025\002 \r\201B\252\357\333\256\310U,\366\222[\253""k\223\010\327\232\337\262e\340[2[-\016\3763\007""; ","validation: """"\200\000\000\000&\000\000\000\002)/\352k\002:\327x\272\020JyerQ0\355\311\211\352@\036\313K1\024B\343N\323V\367s\355lu\324\374V\207\371F\260\325\345\213\261P\027\000\000\000\000\000\000\000\000\000\000\000\000\000\000\000\000\000\000\000\000\000\000\000\000\000\000\000\000\000\000\000\000P\031-}\351f\032\255\274\334m\326c\017\014ao[\342\230\003\245\245\3341Hm\326^\017jy\335\261s!\003\365\211\205\353\0100\270r\333\225\227Y\025\355!\235\nf\352n\302\032\014\344\364\324\262\351""\225OFvG0E\002!\000\371\247\034\232g\231_W\004\324\270\270vKil\r\350\242\257w\322\246\240\362\311;\371\341 \202\025\002 \r\201B\252\357\333\256\310U,\366\222[\253""k\223\010\327\232\337\262e\340[2[-\016\3763\007""; "
1750576771741,1750576771741,1074,1,4,3,TMValidation,"validation: """"\200\000\000\000&\000\000\000\002)/\352k\002:\337\036c5\254\005\264,Q0\355\311\211\352@\036\313K1\024B\343N\323V\367s\355lu\324\374V\207\371F\260\325\345\213\261P\027\000\000\000\000\000\000\000\000\000\000\000\000\000\000\000\000\000\000\000\000\000\000\000\000\000\000\000\000\000\000\000\000P\031-}\351f\032\255\274\334m\326c\017\014ao[\342\230\003\245\245\3341Hm\326^\017jy\335\261s!\003i)e\226\372N\250\220\343\313\000^\252ua\277:W\233\010\236\376G>\347\257/\214RJ\t<vG0E\002!\000\224\310l\342\0068\217\305\025\277G\003ldn~q\257.Wi5\266!\253\000\345'I\351-\002\002 \017\243\213mrA\272\237b\257\271\307\362\325\273\233>R#\022\350}\243,\254S\350\215\225W\222\322""; ","validation: """"\200\000\000\000&\000\000\000\002)/\352k\002:\337\036c5\254\005\264,Q0\355\311\211\352@\036\313K1\024B\343N\323V\367s\355lu\324\374V\207\371F\260\325\345\213\261P\027\000\000\000\000\000\000\000\000\000\000\000\000\000\000\000\000\000\000\000\000\000\000\000\000\000\000\000\000\000\000\000\000P\031-}\351f\032\255\274\334m\326c\017\014ao[\342\230\003\245\245\3341Hm\326^\017jy\335\261s!\003i)e\226\372N\250\220\343\313\000^\252ua\277:W\233\010\236\376G>\347\257/\214RJ\t<vG0E\002!\000\224\310l\342\0068\217\305\025\277G\003ldn~q\257.Wi5\266!\253\000\345'I\351-\002\002 \017\243\213mrA\272\237b\257\271\307\362\325\273\233>R#\022\350}\243,\254S\350\215\225W\222\322""; "
1750576771742,1750576771742,2764,1,4,0,TMValidation,"validation: """"\200\000\000\000&\000\000\000\002)/\352k\002:\337\036c5\254\005\264,Q0\355\311\211\352@\036\313K1\024B\343N\323V\367s\355lu\324\374V\207\371F\260\325\345\213\261P\027\000\000\000\000\000\000\000\000\000\000\000\000\000\000\000\000\000\000\000\000\000\000\000\000\000\000\000\000\000\000\000\000P\031-}\351f\032\255\274\334m\326c\017\014ao[\342\230\003\245\245\3341Hm\326^\017jy\335\261s!\003i)e\226\372N\250\220\343\313\000^\252ua\277:W\233\010\236\376G>\347\257/\214RJ\t<vG0E\002!\000\224\310l\342\0068\217\305\025\277G\003ldn~q\257.Wi5\266!\253\000\345'I\351-\002\002 \017\243\213mrA\272\237b\257\271\307\362\325\273\233>R#\022\350}\243,\254S\350\215\225W\222\322""; ","validation: """"\200\000\000\000&\000\000\000\002)/\352k\002:\337\036c5\254\005\264,Q0\355\311\211\352@\036\313K1\024B\343N\323V\367s\355lu\324\374V\207\371F\260\325\345\213\261P\027\000\000\000\000\000\000\000\000\000\000\000\000\000\000\000\000\000\000\000\000\000\000\000\000\000\000\000\000\000\000\000\000P\031-}\351f\032\255\274\334m\326c\017\014ao[\342\230\003\245\245\3341Hm\326^\017jy\335\261s!\003i)e\226\372N\250\220\343\313\000^\252ua\277:W\233\010\236\376G>\347\257/\214RJ\t<vG0E\002!\000\224\310l\342\0068\217\305\025\277G\003ldn~q\257.Wi5\266!\253\000\345'I\351-\002\002 \017\243\213mrA\272\237b\257\271\307\362\325\273\233>R#\022\350}\243,\254S\350\215\225W\222\322""; "
1750576771742,1750576771742,428,1,4,1,TMValidation,"validation: """"\200\000\000\000&\000\000\000\002)/\352k\002:\337\036c5\254\005\264,Q0\355\311\211\352@\036\313K1\024B\343N\323V\367s\355lu\324\374V\207\371F\260\325\345\213\261P\027\000\000\000\000\000\000\000\000\000\000\000\000\000\000\000\000\000\000\000\000\000\000\000\000\000\000\000\000\000\000\000\000P\031-}\351f\032\255\274\334m\326c\017\014ao[\342\230\003\245\245\3341Hm\326^\017jy\335\261s!\003i)e\226\372N\250\220\343\313\000^\252ua\277:W\233\010\236\376G>\347\257/\214RJ\t<vG0E\002!\000\224\310l\342\0068\217\305\025\277G\003ldn~q\257.Wi5\266!\253\000\345'I\351-\002\002 \017\243\213mrA\272\237b\257\271\307\362\325\273\233>R#\022\350}\243,\254S\350\215\225W\222\322""; ","validation: """"\200\000\000\000&\000\000\000\002)/\352k\002:\337\036c5\254\005\264,Q0\355\311\211\352@\036\313K1\024B\343N\323V\367s\355lu\324\374V\207\371F\260\325\345\213\261P\027\000\000\000\000\000\000\000\000\000\000\000\000\000\000\000\000\000\000\000\000\000\000\000\000\000\000\000\000\000\000\000\000P\031-}\351f\032\255\274\334m\326c\017\014ao[\342\230\003\245\245\3341Hm\326^\017jy\335\261s!\003i)e\226\372N\250\220\343\313\000^\252ua\277:W\233\010\236\376G>\347\257/\214RJ\t<vG0E\002!\000\224\310l\342\0068\217\305\025\277G\003ldn~q\257.Wi5\266!\253\000\345'I\351-\002\002 \017\243\213mrA\272\237b\257\271\307\362\325\273\233>R#\022\350}\243,\254S\350\215\225W\222\322""; "
1750576771867,1750576771867,3321,1,0,4,TMValidation,"validation: """"\200\000\000\000&\000\000\000\002)/\352k\002:`\203p\321f\247x\311Q0\355\311\211\352@\036\313K1\024B\343N\323V\367s\355lu\324\374V\207\371F\260\325\345\213\261P\027\000\000\000\000\000\000\000\000\000\000\000\000\000\000\000\000\000\000\000\000\000\000\000\000\000\000\000\000\000\000\000\000P\031-}\351f\032\255\274\334m\326c\017\014ao[\342\230\003\245\245\3341Hm\326^\017jy\335\261s!\002l\025\225/2Mi\010\252)\240F\276k\254\301;\200wg}s\364.8S\354U\206\025\244\006vG0E\002!\000\235\271w\252\327}t\256;:;\247\032g\306PS$\2129r\267\004Tr\375\377M\347'O\356\002 \007l\206#\r\270\373\010\341\332#\265\013\311c\271\027\250\261\257\257\310\313U\302\374\351\306\016\026\237\227""; ","validation: """"\200\000\000\000&\000\000\000\002)/\352k\002:`\203p\321f\247x\311Q0\355\311\211\352@\036\313K1\024B\343N\323V\367s\355lu\324\374V\207\371F\260\325\345\213\261P\027\000\000\000\000\000\000\000\000\000\000\000\000\000\000\000\000\000\000\000\000\000\000\000\000\000\000\000\000\000\000\000\000P\031-}\351f\032\255\274\334m\326c\017\014ao[\342\230\003\245\245\3341Hm\326^\017jy\335\261s!\002l\025\225/2Mi\010\252)\240F\276k\254\301;\200wg}s\364.8S\354U\206\025\244\006vG0E\002!\000\235\271w\252\327}t\256;:;\247\032g\306PS$\2129r\267\004Tr\375\377M\347'O\356\002 \007l\206#\r\270\373\010\341\332#\265\013\311c\271\027\250\261\257\257\310\313U\302\374\351\306\016\026\237\227""; "
1750576771868,1750576771868,453,1,0,2,TMValidation,"validation: """"\200\000\000\000&\000\000\000\002)/\352k\002:`\203p\321f\247x\311Q0\355\311\211\352@\036\313K1\024B\343N\323V\367s\355lu\324\374V\207\371F\260\325\345\213\261P\027\000\000\000\000\000\000\000\000\000\000\000\000\000\000\000\000\000\000\000\000\000\000\000\000\000\000\000\000\000\000\000\000P\031-}\351f\032\255\274\334m\326c\017\014ao[\342\230\003\245\245\3341Hm\326^\017jy\335\261s!\002l\025\225/2Mi\010\252)\240F\276k\254\301;\200wg}s\364.8S\354U\206\025\244\006vG0E\002!\000\235\271w\252\327}t\256;:;\247\032g\306PS$\2129r\267\004Tr\375\377M\347'O\356\002 \007l\206#\r\270\373\010\341\332#\265\013\311c\271\027\250\261\257\257\310\313U\302\374\351\306\016\026\237\227""; ","validation: """"\200\000\000\000&\000\000\000\002)/\352k\002:`\203p\321f\247x\311Q0\355\311\211\352@\036\313K1\024B\343N\323V\367s\355lu\324\374V\207\371F\260\325\345\213\261P\027\000\000\000\000\000\000\000\000\000\000\000\000\000\000\000\000\000\000\000\000\000\000\000\000\000\000\000\000\000\000\000\000P\031-}\351f\032\255\274\334m\326c\017\014ao[\342\230\003\245\245\3341Hm\326^\017jy\335\261s!\002l\025\225/2Mi\010\252)\240F\276k\254\301;\200wg}s\364.8S\354U\206\025\244\006vG0E\002!\000\235\271w\252\327}t\256;:;\247\032g\306PS$\2129r\267\004Tr\375\377M\347'O\356\002 \007l\206#\r\270\373\010\341\332#\265\013\311c\271\027\250\261\257\257\310\313U\302\374\351\306\016\026\237\227""; "
1750576771868,1750576771868,2915,1,0,3,TMValidation,"validation: """"\200\000\000\000&\000\000\000\002)/\352k\002:`\203p\321f\247x\311Q0\355\311\211\352@\036\313K1\024B\343N\323V\367s\355lu\324\374V\207\371F\260\325\345\213\261P\027\000\000\000\000\000\000\000\000\000\000\000\000\000\000\000\000\000\000\000\000\000\000\000\000\000\000\000\000\000\000\000\000P\031-}\351f\032\255\274\334m\326c\017\014ao[\342\230\003\245\245\3341Hm\326^\017jy\335\261s!\002l\025\225/2Mi\010\252)\240F\276k\254\301;\200wg}s\364.8S\354U\206\025\244\006vG0E\002!\000\235\271w\252\327}t\256;:;\247\032g\306PS$\2129r\267\004Tr\375\377M\347'O\356\002 \007l\206#\r\270\373\010\341\332#\265\013\311c\271\027\250\261\257\257\310\313U\302\374\351\306\016\026\237\227""; ","validation: """"\200\000\000\000&\000\000\000\002)/\352k\002:`\203p\321f\247x\311Q0\355\311\211\352@\036\313K1\024B\343N\323V\367s\355lu\324\374V\207\371F\260\325\345\213\261P\027\000\000\000\000\000\000\000\000\000\000\000\000\000\000\000\000\000\000\000\000\000\000\000\000\000\000\000\000\000\000\000\000P\031-}\351f\032\255\274\334m\326c\017\014ao[\342\230\003\245\245\3341Hm\326^\017jy\335\261s!\002l\025\225/2Mi\010\252)\240F\276k\254\301;\200wg}s\364.8S\354U\206\025\244\006vG0E\002!\000\235\271w\252\327}t\256;:;\247\032g\306PS$\2129r\267\004Tr\375\377M\347'O\356\002 \007l\206#\r\270\373\010\341\332#\265\013\311c\271\027\250\261\257\257\310\313U\302\374\351\306\016\026\237\227""; "
1750576771903,1750576771903,3156,1,1,2,TMValidation,"validation: """"\200\000\000\000&\000\000\000\002)/\352k\003:\321 \377\321\373\345\340\346Q0\355\311\211\352@\036\313K1\024B\343N\323V\367s\355lu\324\374V\207\371F\260\325\345\213\261P\027\000\000\000\000\000\000\000\000\000\000\000\000\000\000\000\000\000\000\000\000\000\000\000\000\000\000\000\000\000\000\000\000P\031-}\351f\032\255\274\334m\326c\017\014ao[\342\230\003\245\245\3341Hm\326^\017jy\335\261s!\002\373\236I\010\265\271ho\331/c\224%g\005\354]\344\350\r\030%u\255\364\002\226\221\370\363\332\331vG0E\002!\000\335\263\333`k\321\247\020""\254\343\370\023\020C\263\227<\341\365L'\016\210\037\247CGm\232\264m\002 \003+\233\224\320:\244\200hcd\351u\220\352\255\344W&\243\255\301\233\342\000\025\275+Q\225\024P""; ","validation: """"\200\000\000\000&\000\000\000\002)/\352k\003:\321 \377\321\373\345\340\346Q0\355\311\211\352@\036\313K1\024B\343N\323V\367s\355lu\324\374V\207\371F\260\325\345\213\261P\027\000\000\000\000\000\000\000\000\000\000\000\000\000\000\000\000\000\000\000\000\000\000\000\000\000\000\000\000\000\000\000\000P\031-}\351f\032\255\274\334m\326c\017\014ao[\342\230\003\245\245\3341Hm\326^\017jy\335\261s!\002\373\236I\010\265\271ho\331/c\224%g\005\354]\344\350\r\030%u\255\364\002\226\221\370\363\332\331vG0E\002!\000\335\263\333`k\321\247\020""\254\343\370\023\020C\263\227<\341\365L'\016\210\037\247CGm\232\264m\002 \003+\233\224\320:\244\200hcd\351u\220\352\255\344W&\243\255\301\233\342\000\025\275+Q\225\024P""; "
1750576771904,1750576771904,1427,1,1,0,TMValidation,"validation: """"\200\000\000\000&\000\000\000\002)/\352k\003:\321 \377\321\373\345\340\346Q0\355\311\211\352@\036\313K1\024B\343N\323V\367s\355lu\324\374V\207\371F\260\325\345\213\261P\027\000\000\000\000\000\000\000\000\000\000\000\000\000\000\000\000\000\000\000\000\000\000\000\000\000\000\000\000\000\000\000\000P\031-}\351f\032\255\274\334m\326c\017\014ao[\342\230\003\245\245\3341Hm\326^\017jy\335\261s!\002\373\236I\010\265\271ho\331/c\224%g\005\354]\344\350\r\030%u\255\364\002\226\221\370\363\332\331vG0E\002!\000\335\263\333`k\321\247\020""\254\343\370\023\020C\263\227<\341\365L'\016\210\037\247CGm\232\264m\002 \003+\233\224\320:\244\200hcd\351u\220\352\255\344W&\243\255\301\233\342\000\025\275+Q\225\024P""; ","validation: """"\200\000\000\000&\000\000\000\002)/\352k\003:\321 \377\321\373\345\340\346Q0\355\311\211\352@\036\313K1\024B\343N\323V\367s\355lu\324\374V\207\371F\260\325\345\213\261P\027\000\000\000\000\000\000\000\000\000\000\000\000\000\000\000\000\000\000\000\000\000\000\000\000\000\000\000\000\000\000\000\000P\031-}\351f\032\255\274\334m\326c\017\014ao[\342\230\003\245\245\3341Hm\326^\017jy\335\261s!\002\373\236I\010\265\271ho\331/c\224%g\005\354]\344\350\r\030%u\255\364\002\226\221\370\363\332\331vG0E\002!\000\335\263\333`k\321\247\020""\254\343\370\023\020C\263\227<\341\365L'\016\210\037\247CGm\232\264m\002 \003+\233\224\320:\244\200hcd\351u\220\352\255\344W&\243\255\301\233\342\000\025\275+Q\225\024P""; "
1750576771903,1750576771903,3103,1,1,3,TMValidation,"validation: """"\200\000\000\000&\000\000\000\002)/\352k\003:\321 \377\321\373\345\340\346Q0\355\311\211\352@\036\313K1\024B\343N\323V\367s\355lu\324\374V\207\371F\260\325\345\213\261P\027\000\000\000\000\000\000\000\000\000\000\000\000\000\000\000\000\000\000\000\000\000\000\000\000\000\000\000\000\000\000\000\000P\031-}\351f\032\255\274\334m\326c\017\014ao[\342\230\003\245\245\3341Hm\326^\017jy\335\261s!\002\373\236I\010\265\271ho\331/c\224%g\005\354]\344\350\r\030%u\255\364\002\226\221\370\363\332\331vG0E\002!\000\335\263\333`k\321\247\020""\254\343\370\023\020C\263\227<\341\365L'\016\210\037\247CGm\232\264m\002 \003+\233\224\320:\244\200hcd\351u\220\352\255\344W&\243\255\301\233\342\000\025\275+Q\225\024P""; ","validation: """"\200\000\000\000&\000\000\000\002)/\352k\003:\321 \377\321\373\345\340\346Q0\355\311\211\352@\036\313K1\024B\343N\323V\367s\355lu\324\374V\207\371F\260\325\345\213\261P\027\000\000\000\000\000\000\000\000\000\000\000\000\000\000\000\000\000\000\000\000\000\000\000\000\000\000\000\000\000\000\000\000P\031-}\351f\032\255\274\334m\326c\017\014ao[\342\230\003\245\245\3341Hm\326^\017jy\335\261s!\002\373\236I\010\265\271ho\331/c\224%g\005\354]\344\350\r\030%u\255\364\002\226\221\370\363\332\331vG0E\002!\000\335\263\333`k\321\247\020""\254\343\370\023\020C\263\227<\341\365L'\016\210\037\247CGm\232\264m\002 \003+\233\224\320:\244\200hcd\351u\220\352\255\344W&\243\255\301\233\342\000\025\275+Q\225\024P""; "
1750576771942,1750576771942,3256,1,3,2,TMValidation,"validation: """"\200\000\000\000&\000\000\000\002)/\352k\002:""\223\371\016\340l;\316Q0\355\311\211\352@\036\313K1\024B\343N\323V\367s\355lu\324\374V\207\371F\260\325\345\213\261P\027\000\000\000\000\000\000\000\000\000\000\000\000\000\000\000\000\000\000\000\000\000\000\000\000\000\000\000\000\000\000\000\000P\031-}\351f\032\255\274\334m\326c\017\014ao[\342\230\003\245\245\3341Hm\326^\017jy\335\261s!\003\371#:S\022\X\277\344\034\253'\365\230\361\211p\037\000R\265\215-7o\002\210\025\275\344qQvG0E\002!\000\244\0214\211\367G}[z\340N_\014\251\225\253\361OAa\275\023\342\243\336x\312Z\243) \311\002  wWC\237\217\276Wz\352\t`\355\243o\366E\275Z\263vS\370\031\254Z\346\365^\200\027\316""; ","validation: """"\200\000\000\000&\000\000\000\002)/\352k\002:""\223\371\016\340l;\316Q0\355\311\211\352@\036\313K1\024B\343N\323V\367s\355lu\324\374V\207\371F\260\325\345\213\261P\027\000\000\000\000\000\000\000\000\000\000\000\000\000\000\000\000\000\000\000\000\000\000\000\000\000\000\000\000\000\000\000\000P\031-}\351f\032\255\274\334m\326c\017\014ao[\342\230\003\245\245\3341Hm\326^\017jy\335\261s!\003\371#:S\022\X\277\344\034\253'\365\230\361\211p\037\000R\265\215-7o\002\210\025\275\344qQvG0E\002!\000\244\0214\211\367G}[z\340N_\014\251\225\253\361OAa\275\023\342\243\336x\312Z\243) \311\002  wWC\237\217\276Wz\352\t`\355\243o\366E\275Z\263vS\370\031\254Z\346\365^\200\027\316""; "
1750576771943,1750576771943,693,1,3,1,TMValidation,"validation: """"\200\000\000\000&\000\000\000\002)/\352k\002:""\223\371\016\340l;\316Q0\355\311\211\352@\036\313K1\024B\343N\323V\367s\355lu\324\374V\207\371F\260\325\345\213\261P\027\000\000\000\000\000\000\000\000\000\000\000\000\000\000\000\000\000\000\000\000\000\000\000\000\000\000\000\000\000\000\000\000P\031-}\351f\032\255\274\334m\326c\017\014ao[\342\230\003\245\245\3341Hm\326^\017jy\335\261s!\003\371#:S\022\X\277\344\034\253'\365\230\361\211p\037\000R\265\215-7o\002\210\025\275\344qQvG0E\002!\000\244\0214\211\367G}[z\340N_\014\251\225\253\361OAa\275\023\342\243\336x\312Z\243) \311\002  wWC\237\217\276Wz\352\t`\355\243o\366E\275Z\263vS\370\031\254Z\346\365^\200\027\316""; ","validation: """"\200\000\000\000&\000\000\000\002)/\352k\002:""\223\371\016\340l;\316Q0\355\311\211\352@\036\313K1\024B\343N\323V\367s\355lu\324\374V\207\371F\260\325\345\213\261P\027\000\000\000\000\000\000\000\000\000\000\000\000\000\000\000\000\000\000\000\000\000\000\000\000\000\000\000\000\000\000\000\000P\031-}\351f\032\255\274\334m\326c\017\014ao[\342\230\003\245\245\3341Hm\326^\017jy\335\261s!\003\371#:S\022\X\277\344\034\253'\365\230\361\211p\037\000R\265\215-7o\002\210\025\275\344qQvG0E\002!\000\244\0214\211\367G}[z\340N_\014\251\225\253\361OAa\275\023\342\243\336x\312Z\243) \311\002  wWC\237\217\276Wz\352\t`\355\243o\366E\275Z\263vS\370\031\254Z\346\365^\200\027\316""; "
1750576771943,1750576771943,1663,1,3,0,TMValidation,"validation: """"\200\000\000\000&\000\000\000\002)/\352k\002:""\223\371\016\340l;\316Q0\355\311\211\352@\036\313K1\024B\343N\323V\367s\355lu\324\374V\207\371F\260\325\345\213\261P\027\000\000\000\000\000\000\000\000\000\000\000\000\000\000\000\000\000\000\000\000\000\000\000\000\000\000\000\000\000\000\000\000P\031-}\351f\032\255\274\334m\326c\017\014ao[\342\230\003\245\245\3341Hm\326^\017jy\335\261s!\003\371#:S\022\X\277\344\034\253'\365\230\361\211p\037\000R\265\215-7o\002\210\025\275\344qQvG0E\002!\000\244\0214\211\367G}[z\340N_\014\251\225\253\361OAa\275\023\342\243\336x\312Z\243) \311\002  wWC\237\217\276Wz\352\t`\355\243o\366E\275Z\263vS\370\031\254Z\346\365^\200\027\316""; ","validation: """"\200\000\000\000&\000\000\000\002)/\352k\002:""\223\371\016\340l;\316Q0\355\311\211\352@\036\313K1\024B\343N\323V\367s\355lu\324\374V\207\371F\260\325\345\213\261P\027\000\000\000\000\000\000\000\000\000\000\000\000\000\000\000\000\000\000\000\000\000\000\000\000\000\000\000\000\000\000\000\000P\031-}\351f\032\255\274\334m\326c\017\014ao[\342\230\003\245\245\3341Hm\326^\017jy\335\261s!\003\371#:S\022\X\277\344\034\253'\365\230\361\211p\037\000R\265\215-7o\002\210\025\275\344qQvG0E\002!\000\244\0214\211\367G}[z\340N_\014\251\225\253\361OAa\275\023\342\243\336x\312Z\243) \311\002  wWC\237\217\276Wz\352\t`\355\243o\366E\275Z\263vS\370\031\254Z\346\365^\200\027\316""; "
1750576772165,1750576772165,3156,1,1,2,TMValidation,"validation: """"\200\000\000\000&\000\000\000\002)/\352k\002:\337\036c5\254\005\264,Q0\355\311\211\352@\036\313K1\024B\343N\323V\367s\355lu\324\374V\207\371F\260\325\345\213\261P\027\000\000\000\000\000\000\000\000\000\000\000\000\000\000\000\000\000\000\000\000\000\000\000\000\000\000\000\000\000\000\000\000P\031-}\351f\032\255\274\334m\326c\017\014ao[\342\230\003\245\245\3341Hm\326^\017jy\335\261s!\003i)e\226\372N\250\220\343\313\000^\252ua\277:W\233\010\236\376G>\347\257/\214RJ\t<vG0E\002!\000\224\310l\342\0068\217\305\025\277G\003ldn~q\257.Wi5\266!\253\000\345'I\351-\002\002 \017\243\213mrA\272\237b\257\271\307\362\325\273\233>R#\022\350}\243,\254S\350\215\225W\222\322""; ","validation: """"\200\000\000\000&\000\000\000\002)/\352k\002:\337\036c5\254\005\264,Q0\355\311\211\352@\036\313K1\024B\343N\323V\367s\355lu\324\374V\207\371F\260\325\345\213\261P\027\000\000\000\000\000\000\000\000\000\000\000\000\000\000\000\000\000\000\000\000\000\000\000\000\000\000\000\000\000\000\000\000P\031-}\351f\032\255\274\334m\326c\017\014ao[\342\230\003\245\245\3341Hm\326^\017jy\335\261s!\003i)e\226\372N\250\220\343\313\000^\252ua\277:W\233\010\236\376G>\347\257/\214RJ\t<vG0E\002!\000\224\310l\342\0068\217\305\025\277G\003ldn~q\257.Wi5\266!\253\000\345'I\351-\002\002 \017\243\213mrA\272\237b\257\271\307\362\325\273\233>R#\022\350}\243,\254S\350\215\225W\222\322""; "
1750576772165,1750576772166,1427,1,1,0,TMValidation,"validation: """"\200\000\000\000&\000\000\000\002)/\352k\002:\337\036c5\254\005\264,Q0\355\311\211\352@\036\313K1\024B\343N\323V\367s\355lu\324\374V\207\371F\260\325\345\213\261P\027\000\000\000\000\000\000\000\000\000\000\000\000\000\000\000\000\000\000\000\000\000\000\000\000\000\000\000\000\000\000\000\000P\031-}\351f\032\255\274\334m\326c\017\014ao[\342\230\003\245\245\3341Hm\326^\017jy\335\261s!\003i)e\226\372N\250\220\343\313\000^\252ua\277:W\233\010\236\376G>\347\257/\214RJ\t<vG0E\002!\000\224\310l\342\0068\217\305\025\277G\003ldn~q\257.Wi5\266!\253\000\345'I\351-\002\002 \017\243\213mrA\272\237b\257\271\307\362\325\273\233>R#\022\350}\243,\254S\350\215\225W\222\322""; ","validation: """"\200\000\000\000&\000\000\000\002)/\352k\002:\337\036c5\254\005\264,Q0\355\311\211\352@\036\313K1\024B\343N\323V\367s\355lu\324\374V\207\371F\260\325\345\213\261P\027\000\000\000\000\000\000\000\000\000\000\000\000\000\000\000\000\000\000\000\000\000\000\000\000\000\000\000\000\000\000\000\000P\031-}\351f\032\255\274\334m\326c\017\014ao[\342\230\003\245\245\3341Hm\326^\017jy\335\261s!\003i)e\226\372N\250\220\343\313\000^\252ua\277:W\233\010\236\376G>\347\257/\214RJ\t<vG0E\002!\000\224\310l\342\0068\217\305\025\277G\003ldn~q\257.Wi5\266!\253\000\345'I\351-\002\002 \017\243\213mrA\272\237b\257\271\307\362\325\273\233>R#\022\350}\243,\254S\350\215\225W\222\322""; "
1750576772166,1750576772166,3103,1,1,3,TMValidation,"validation: """"\200\000\000\000&\000\000\000\002)/\352k\002:\337\036c5\254\005\264,Q0\355\311\211\352@\036\313K1\024B\343N\323V\367s\355lu\324\374V\207\371F\260\325\345\213\261P\027\000\000\000\000\000\000\000\000\000\000\000\000\000\000\000\000\000\000\000\000\000\000\000\000\000\000\000\000\000\000\000\000P\031-}\351f\032\255\274\334m\326c\017\014ao[\342\230\003\245\245\3341Hm\326^\017jy\335\261s!\003i)e\226\372N\250\220\343\313\000^\252ua\277:W\233\010\236\376G>\347\257/\214RJ\t<vG0E\002!\000\224\310l\342\0068\217\305\025\277G\003ldn~q\257.Wi5\266!\253\000\345'I\351-\002\002 \017\243\213mrA\272\237b\257\271\307\362\325\273\233>R#\022\350}\243,\254S\350\215\225W\222\322""; ","validation: """"\200\000\000\000&\000\000\000\002)/\352k\002:\337\036c5\254\005\264,Q0\355\311\211\352@\036\313K1\024B\343N\323V\367s\355lu\324\374V\207\371F\260\325\345\213\261P\027\000\000\000\000\000\000\000\000\000\000\000\000\000\000\000\000\000\000\000\000\000\000\000\000\000\000\000\000\000\000\000\000P\031-}\351f\032\255\274\334m\326c\017\014ao[\342\230\003\245\245\3341Hm\326^\017jy\335\261s!\003i)e\226\372N\250\220\343\313\000^\252ua\277:W\233\010\236\376G>\347\257/\214RJ\t<vG0E\002!\000\224\310l\342\0068\217\305\025\277G\003ldn~q\257.Wi5\266!\253\000\345'I\351-\002\002 \017\243\213mrA\272\237b\257\271\307\362\325\273\233>R#\022\350}\243,\254S\350\215\225W\222\322""; "
1750576772321,1750576772322,2490,1,4,2,TMValidation,"validation: """"\200\000\000\000&\000\000\000\002)/\352k\002:`\203p\321f\247x\311Q0\355\311\211\352@\036\313K1\024B\343N\323V\367s\355lu\324\374V\207\371F\260\325\345\213\261P\027\000\000\000\000\000\000\000\000\000\000\000\000\000\000\000\000\000\000\000\000\000\000\000\000\000\000\000\000\000\000\000\000P\031-}\351f\032\255\274\334m\326c\017\014ao[\342\230\003\245\245\3341Hm\326^\017jy\335\261s!\002l\025\225/2Mi\010\252)\240F\276k\254\301;\200wg}s\364.8S\354U\206\025\244\006vG0E\002!\000\235\271w\252\327}t\256;:;\247\032g\306PS$\2129r\267\004Tr\375\377M\347'O\356\002 \007l\206#\r\270\373\010\341\332#\265\013\311c\271\027\250\261\257\257\310\313U\302\374\351\306\016\026\237\227""; ","validation: """"\200\000\000\000&\000\000\000\002)/\352k\002:`\203p\321f\247x\311Q0\355\311\211\352@\036\313K1\024B\343N\323V\367s\355lu\324\374V\207\371F\260\325\345\213\261P\027\000\000\000\000\000\000\000\000\000\000\000\000\000\000\000\000\000\000\000\000\000\000\000\000\000\000\000\000\000\000\000\000P\031-}\351f\032\255\274\334m\326c\017\014ao[\342\230\003\245\245\3341Hm\326^\017jy\335\261s!\002l\025\225/2Mi\010\252)\240F\276k\254\301;\200wg}s\364.8S\354U\206\025\244\006vG0E\002!\000\235\271w\252\327}t\256;:;\247\032g\306PS$\2129r\267\004Tr\375\377M\347'O\356\002 \007l\206#\r\270\373\010\341\332#\265\013\311c\271\027\250\261\257\257\310\313U\302\374\351\306\016\026\237\227""; "
1750576772322,1750576772322,1074,1,4,3,TMValidation,"validation: """"\200\000\000\000&\000\000\000\002)/\352k\002:`\203p\321f\247x\311Q0\355\311\211\352@\036\313K1\024B\343N\323V\367s\355lu\324\374V\207\371F\260\325\345\213\261P\027\000\000\000\000\000\000\000\000\000\000\000\000\000\000\000\000\000\000\000\000\000\000\000\000\000\000\000\000\000\000\000\000P\031-}\351f\032\255\274\334m\326c\017\014ao[\342\230\003\245\245\3341Hm\326^\017jy\335\261s!\002l\025\225/2Mi\010\252)\240F\276k\254\301;\200wg}s\364.8S\354U\206\025\244\006vG0E\002!\000\235\271w\252\327}t\256;:;\247\032g\306PS$\2129r\267\004Tr\375\377M\347'O\356\002 \007l\206#\r\270\373\010\341\332#\265\013\311c\271\027\250\261\257\257\310\313U\302\374\351\306\016\026\237\227""; ","validation: """"\200\000\000\000&\000\000\000\002)/\352k\002:`\203p\321f\247x\311Q0\355\311\211\352@\036\313K1\024B\343N\323V\367s\355lu\324\374V\207\371F\260\325\345\213\261P\027\000\000\000\000\000\000\000\000\000\000\000\000\000\000\000\000\000\000\000\000\000\000\000\000\000\000\000\000\000\000\000\000P\031-}\351f\032\255\274\334m\326c\017\014ao[\342\230\003\245\245\3341Hm\326^\017jy\335\261s!\002l\025\225/2Mi\010\252)\240F\276k\254\301;\200wg}s\364.8S\354U\206\025\244\006vG0E\002!\000\235\271w\252\327}t\256;:;\247\032g\306PS$\2129r\267\004Tr\375\377M\347'O\356\002 \007l\206#\r\270\373\010\341\332#\265\013\311c\271\027\250\261\257\257\310\313U\302\374\351\306\016\026\237\227""; "
1750576772322,1750576772322,2764,1,4,0,TMValidation,"validation: """"\200\000\000\000&\000\000\000\002)/\352k\002:`\203p\321f\247x\311Q0\355\311\211\352@\036\313K1\024B\343N\323V\367s\355lu\324\374V\207\371F\260\325\345\213\261P\027\000\000\000\000\000\000\000\000\000\000\000\000\000\000\000\000\000\000\000\000\000\000\000\000\000\000\000\000\000\000\000\000P\031-}\351f\032\255\274\334m\326c\017\014ao[\342\230\003\245\245\3341Hm\326^\017jy\335\261s!\002l\025\225/2Mi\010\252)\240F\276k\254\301;\200wg}s\364.8S\354U\206\025\244\006vG0E\002!\000\235\271w\252\327}t\256;:;\247\032g\306PS$\2129r\267\004Tr\375\377M\347'O\356\002 \007l\206#\r\270\373\010\341\332#\265\013\311c\271\027\250\261\257\257\310\313U\302\374\351\306\016\026\237\227""; ","validation: """"\200\000\000\000&\000\000\000\002)/\352k\002:`\203p\321f\247x\311Q0\355\311\211\352@\036\313K1\024B\343N\323V\367s\355lu\324\374V\207\371F\260\325\345\213\261P\027\000\000\000\000\000\000\000\000\000\000\000\000\000\000\000\000\000\000\000\000\000\000\000\000\000\000\000\000\000\000\000\000P\031-}\351f\032\255\274\334m\326c\017\014ao[\342\230\003\245\245\3341Hm\326^\017jy\335\261s!\002l\025\225/2Mi\010\252)\240F\276k\254\301;\200wg}s\364.8S\354U\206\025\244\006vG0E\002!\000\235\271w\252\327}t\256;:;\247\032g\306PS$\2129r\267\004Tr\375\377M\347'O\356\002 \007l\206#\r\270\373\010\341\332#\265\013\311c\271\027\250\261\257\257\310\313U\302\374\351\306\016\026\237\227""; "
1750576772323,1750576772323,1842,1,2,3,TMValidation,"validation: """"\200\000\000\000&\000\000\000\002)/\352k\002:`\203p\321f\247x\311Q0\355\311\211\352@\036\313K1\024B\343N\323V\367s\355lu\324\374V\207\371F\260\325\345\213\261P\027\000\000\000\000\000\000\000\000\000\000\000\000\000\000\000\000\000\000\000\000\000\000\000\000\000\000\000\000\000\000\000\000P\031-}\351f\032\255\274\334m\326c\017\014ao[\342\230\003\245\245\3341Hm\326^\017jy\335\261s!\002l\025\225/2Mi\010\252)\240F\276k\254\301;\200wg}s\364.8S\354U\206\025\244\006vG0E\002!\000\235\271w\252\327}t\256;:;\247\032g\306PS$\2129r\267\004Tr\375\377M\347'O\356\002 \007l\206#\r\270\373\010\341\332#\265\013\311c\271\027\250\261\257\257\310\313U\302\374\351\306\016\026\237\227""; ","validation: """"\200\000\000\000&\000\000\000\002)/\352k\002:`\203p\321f\247x\311Q0\355\311\211\352@\036\313K1\024B\343N\323V\367s\355lu\324\374V\207\371F\260\325\345\213\261P\027\000\000\000\000\000\000\000\000\000\000\000\000\000\000\000\000\000\000\000\000\000\000\000\000\000\000\000\000\000\000\000\000P\031-}\351f\032\255\274\334m\326c\017\014ao[\342\230\003\245\245\3341Hm\326^\017jy\335\261s!\002l\025\225/2Mi\010\252)\240F\276k\254\301;\200wg}s\364.8S\354U\206\025\244\006vG0E\002!\000\235\271w\252\327}t\256;:;\247\032g\306PS$\2129r\267\004Tr\375\377M\347'O\356\002 \007l\206#\r\270\373\010\341\332#\265\013\311c\271\027\250\261\257\257\310\313U\302\374\351\306\016\026\237\227""; "
1750576772323,1750576772323,3070,1,2,1,TMValidation,"validation: """"\200\000\000\000&\000\000\000\002)/\352k\002:`\203p\321f\247x\311Q0\355\311\211\352@\036\313K1\024B\343N\323V\367s\355lu\324\374V\207\371F\260\325\345\213\261P\027\000\000\000\000\000\000\000\000\000\000\000\000\000\000\000\000\000\000\000\000\000\000\000\000\000\000\000\000\000\000\000\000P\031-}\351f\032\255\274\334m\326c\017\014ao[\342\230\003\245\245\3341Hm\326^\017jy\335\261s!\002l\025\225/2Mi\010\252)\240F\276k\254\301;\200wg}s\364.8S\354U\206\025\244\006vG0E\002!\000\235\271w\252\327}t\256;:;\247\032g\306PS$\2129r\267\004Tr\375\377M\347'O\356\002 \007l\206#\r\270\373\010\341\332#\265\013\311c\271\027\250\261\257\257\310\313U\302\374\351\306\016\026\237\227""; ","validation: """"\200\000\000\000&\000\000\000\002)/\352k\002:`\203p\321f\247x\311Q0\355\311\211\352@\036\313K1\024B\343N\323V\367s\355lu\324\374V\207\371F\260\325\345\213\261P\027\000\000\000\000\000\000\000\000\000\000\000\000\000\000\000\000\000\000\000\000\000\000\000\000\000\000\000\000\000\000\000\000P\031-}\351f\032\255\274\334m\326c\017\014ao[\342\230\003\245\245\3341Hm\326^\017jy\335\261s!\002l\025\225/2Mi\010\252)\240F\276k\254\301;\200wg}s\364.8S\354U\206\025\244\006vG0E\002!\000\235\271w\252\327}t\256;:;\247\032g\306PS$\2129r\267\004Tr\375\377M\347'O\356\002 \007l\206#\r\270\373\010\341\332#\265\013\311c\271\027\250\261\257\257\310\313U\302\374\351\306\016\026\237\227""; "
1750576772323,1750576772324,367,1,2,4,TMValidation,"validation: """"\200\000\000\000&\000\000\000\002)/\352k\002:`\203p\321f\247x\311Q0\355\311\211\352@\036\313K1\024B\343N\323V\367s\355lu\324\374V\207\371F\260\325\345\213\261P\027\000\000\000\000\000\000\000\000\000\000\000\000\000\000\000\000\000\000\000\000\000\000\000\000\000\000\000\000\000\000\000\000P\031-}\351f\032\255\274\334m\326c\017\014ao[\342\230\003\245\245\3341Hm\326^\017jy\335\261s!\002l\025\225/2Mi\010\252)\240F\276k\254\301;\200wg}s\364.8S\354U\206\025\244\006vG0E\002!\000\235\271w\252\327}t\256;:;\247\032g\306PS$\2129r\267\004Tr\375\377M\347'O\356\002 \007l\206#\r\270\373\010\341\332#\265\013\311c\271\027\250\261\257\257\310\313U\302\374\351\306\016\026\237\227""; ","validation: """"\200\000\000\000&\000\000\000\002)/\352k\002:`\203p\321f\247x\311Q0\355\311\211\352@\036\313K1\024B\343N\323V\367s\355lu\324\374V\207\371F\260\325\345\213\261P\027\000\000\000\000\000\000\000\000\000\000\000\000\000\000\000\000\000\000\000\000\000\000\000\000\000\000\000\000\000\000\000\000P\031-}\351f\032\255\274\334m\326c\017\014ao[\342\230\003\245\245\3341Hm\326^\017jy\335\261s!\002l\025\225/2Mi\010\252)\240F\276k\254\301;\200wg}s\364.8S\354U\206\025\244\006vG0E\002!\000\235\271w\252\327}t\256;:;\247\032g\306PS$\2129r\267\004Tr\375\377M\347'O\356\002 \007l\206#\r\270\373\010\341\332#\265\013\311c\271\027\250\261\257\257\310\313U\302\374\351\306\016\026\237\227""; "
1750576772549,1750576772549,1663,1,3,0,TMValidation,"validation: """"\200\000\000\000&\000\000\000\002)/\352k\003:\321 \377\321\373\345\340\346Q0\355\311\211\352@\036\313K1\024B\343N\323V\367s\355lu\324\374V\207\371F\260\325\345\213\261P\027\000\000\000\000\000\000\000\000\000\000\000\000\000\000\000\000\000\000\000\000\000\000\000\000\000\000\000\000\000\000\000\000P\031-}\351f\032\255\274\334m\326c\017\014ao[\342\230\003\245\245\3341Hm\326^\017jy\335\261s!\002\373\236I\010\265\271ho\331/c\224%g\005\354]\344\350\r\030%u\255\364\002\226\221\370\363\332\331vG0E\002!\000\335\263\333`k\321\247\020""\254\343\370\023\020C\263\227<\341\365L'\016\210\037\247CGm\232\264m\002 \003+\233\224\320:\244\200hcd\351u\220\352\255\344W&\243\255\301\233\342\000\025\275+Q\225\024P""; ","validation: """"\200\000\000\000&\000\000\000\002)/\352k\003:\321 \377\321\373\345\340\346Q0\355\311\211\352@\036\313K1\024B\343N\323V\367s\355lu\324\374V\207\371F\260\325\345\213\261P\027\000\000\000\000\000\000\000\000\000\000\000\000\000\000\000\000\000\000\000\000\000\000\000\000\000\000\000\000\000\000\000\000P\031-}\351f\032\255\274\334m\326c\017\014ao[\342\230\003\245\245\3341Hm\326^\017jy\335\261s!\002\373\236I\010\265\271ho\331/c\224%g\005\354]\344\350\r\030%u\255\364\002\226\221\370\363\332\331vG0E\002!\000\335\263\333`k\321\247\020""\254\343\370\023\020C\263\227<\341\365L'\016\210\037\247CGm\232\264m\002 \003+\233\224\320:\244\200hcd\351u\220\352\255\344W&\243\255\301\233\342\000\025\275+Q\225\024P""; "
1750576772549,1750576772549,693,1,3,1,TMValidation,"validation: """"\200\000\000\000&\000\000\000\002)/\352k\003:\321 \377\321\373\345\340\346Q0\355\311\211\352@\036\313K1\024B\343N\323V\367s\355lu\324\374V\207\371F\260\325\345\213\261P\027\000\000\000\000\000\000\000\000\000\000\000\000\000\000\000\000\000\000\000\000\000\000\000\000\000\000\000\000\000\000\000\000P\031-}\351f\032\255\274\334m\326c\017\014ao[\342\230\003\245\245\3341Hm\326^\017jy\335\261s!\002\373\236I\010\265\271ho\331/c\224%g\005\354]\344\350\r\030%u\255\364\002\226\221\370\363\332\331vG0E\002!\000\335\263\333`k\321\247\020""\254\343\370\023\020C\263\227<\341\365L'\016\210\037\247CGm\232\264m\002 \003+\233\224\320:\244\200hcd\351u\220\352\255\344W&\243\255\301\233\342\000\025\275+Q\225\024P""; ","validation: """"\200\000\000\000&\000\000\000\002)/\352k\003:\321 \377\321\373\345\340\346Q0\355\311\211\352@\036\313K1\024B\343N\323V\367s\355lu\324\374V\207\371F\260\325\345\213\261P\027\000\000\000\000\000\000\000\000\000\000\000\000\000\000\000\000\000\000\000\000\000\000\000\000\000\000\000\000\000\000\000\000P\031-}\351f\032\255\274\334m\326c\017\014ao[\342\230\003\245\245\3341Hm\326^\017jy\335\261s!\002\373\236I\010\265\271ho\331/c\224%g\005\354]\344\350\r\030%u\255\364\002\226\221\370\363\332\331vG0E\002!\000\335\263\333`k\321\247\020""\254\343\370\023\020C\263\227<\341\365L'\016\210\037\247CGm\232\264m\002 \003+\233\224\320:\244\200hcd\351u\220\352\255\344W&\243\255\301\233\342\000\025\275+Q\225\024P""; "
1750576772550,1750576772550,3256,1,3,2,TMValidation,"validation: """"\200\000\000\000&\000\000\000\002)/\352k\003:\321 \377\321\373\345\340\346Q0\355\311\211\352@\036\313K1\024B\343N\323V\367s\355lu\324\374V\207\371F\260\325\345\213\261P\027\000\000\000\000\000\000\000\000\000\000\000\000\000\000\000\000\000\000\000\000\000\000\000\000\000\000\000\000\000\000\000\000P\031-}\351f\032\255\274\334m\326c\017\014ao[\342\230\003\245\245\3341Hm\326^\017jy\335\261s!\002\373\236I\010\265\271ho\331/c\224%g\005\354]\344\350\r\030%u\255\364\002\226\221\370\363\332\331vG0E\002!\000\335\263\333`k\321\247\020""\254\343\370\023\020C\263\227<\341\365L'\016\210\037\247CGm\232\264m\002 \003+\233\224\320:\244\200hcd\351u\220\352\255\344W&\243\255\301\233\342\000\025\275+Q\225\024P""; ","validation: """"\200\000\000\000&\000\000\000\002)/\352k\003:\321 \377\321\373\345\340\346Q0\355\311\211\352@\036\313K1\024B\343N\323V\367s\355lu\324\374V\207\371F\260\325\345\213\261P\027\000\000\000\000\000\000\000\000\000\000\000\000\000\000\000\000\000\000\000\000\000\000\000\000\000\000\000\000\000\000\000\000P\031-}\351f\032\255\274\334m\326c\017\014ao[\342\230\003\245\245\3341Hm\326^\017jy\335\261s!\002\373\236I\010\265\271ho\331/c\224%g\005\354]\344\350\r\030%u\255\364\002\226\221\370\363\332\331vG0E\002!\000\335\263\333`k\321\247\020""\254\343\370\023\020C\263\227<\341\365L'\016\210\037\247CGm\232\264m\002 \003+\233\224\320:\244\200hcd\351u\220\352\255\344W&\243\255\301\233\342\000\025\275+Q\225\024P""; "
1750576772660,1750576772660,2598,1,0,1,TMValidation,"validation: """"\200\000\000\000&\000\000\000\002)/\352k\002:\327x\272\020JyerQ0\355\311\211\352@\036\313K1\024B\343N\323V\367s\355lu\324\374V\207\371F\260\325\345\213\261P\027\000\000\000\000\000\000\000\000\000\000\000\000\000\000\000\000\000\000\000\000\000\000\000\000\000\000\000\000\000\000\000\000P\031-}\351f\032\255\274\334m\326c\017\014ao[\342\230\003\245\245\3341Hm\326^\017jy\335\261s!\003\365\211\205\353\0100\270r\333\225\227Y\025\355!\235\nf\352n\302\032\014\344\364\324\262\351""\225OFvG0E\002!\000\371\247\034\232g\231_W\004\324\270\270vKil\r\350\242\257w\322\246\240\362\311;\371\341 \202\025\002 \r\201B\252\357\333\256\310U,\366\222[\253""k\223\010\327\232\337\262e\340[2[-\016\3763\007""; ","validation: """"\200\000\000\000&\000\000\000\002)/\352k\002:\327x\272\020JyerQ0\355\311\211\352@\036\313K1\024B\343N\323V\367s\355lu\324\374V\207\371F\260\325\345\213\261P\027\000\000\000\000\000\000\000\000\000\000\000\000\000\000\000\000\000\000\000\000\000\000\000\000\000\000\000\000\000\000\000\000P\031-}\351f\032\255\274\334m\326c\017\014ao[\342\230\003\245\245\3341Hm\326^\017jy\335\261s!\003\365\211\205\353\0100\270r\333\225\227Y\025\355!\235\nf\352n\302\032\014\344\364\324\262\351""\225OFvG0E\002!\000\371\247\034\232g\231_W\004\324\270\270vKil\r\350\242\257w\322\246\240\362\311;\371\341 \202\025\002 \r\201B\252\357\333\256\310U,\366\222[\253""k\223\010\327\232\337\262e\340[2[-\016\3763\007""; "
1750576772660,1750576772660,3321,1,0,4,TMValidation,"validation: """"\200\000\000\000&\000\000\000\002)/\352k\002:\327x\272\020JyerQ0\355\311\211\352@\036\313K1\024B\343N\323V\367s\355lu\324\374V\207\371F\260\325\345\213\261P\027\000\000\000\000\000\000\000\000\000\000\000\000\000\000\000\000\000\000\000\000\000\000\000\000\000\000\000\000\000\000\000\000P\031-}\351f\032\255\274\334m\326c\017\014ao[\342\230\003\245\245\3341Hm\326^\017jy\335\261s!\003\365\211\205\353\0100\270r\333\225\227Y\025\355!\235\nf\352n\302\032\014\344\364\324\262\351""\225OFvG0E\002!\000\371\247\034\232g\231_W\004\324\270\270vKil\r\350\242\257w\322\246\240\362\311;\371\341 \202\025\002 \r\201B\252\357\333\256\310U,\366\222[\253""k\223\010\327\232\337\262e\340[2[-\016\3763\007""; ","validation: """"\200\000\000\000&\000\000\000\002)/\352k\002:\327x\272\020JyerQ0\355\311\211\352@\036\313K1\024B\343N\323V\367s\355lu\324\374V\207\371F\260\325\345\213\261P\027\000\000\000\000\000\000\000\000\000\000\000\000\000\000\000\000\000\000\000\000\000\000\000\000\000\000\000\000\000\000\000\000P\031-}\351f\032\255\274\334m\326c\017\014ao[\342\230\003\245\245\3341Hm\326^\017jy\335\261s!\003\365\211\205\353\0100\270r\333\225\227Y\025\355!\235\nf\352n\302\032\014\344\364\324\262\351""\225OFvG0E\002!\000\371\247\034\232g\231_W\004\324\270\270vKil\r\350\242\257w\322\246\240\362\311;\371\341 \202\025\002 \r\201B\252\357\333\256\310U,\366\222[\253""k\223\010\327\232\337\262e\340[2[-\016\3763\007""; "
1750576772660,1750576772660,453,1,0,2,TMValidation,"validation: """"\200\000\000\000&\000\000\000\002)/\352k\002:\327x\272\020JyerQ0\355\311\211\352@\036\313K1\024B\343N\323V\367s\355lu\324\374V\207\371F\260\325\345\213\261P\027\000\000\000\000\000\000\000\000\000\000\000\000\000\000\000\000\000\000\000\000\000\000\000\000\000\000\000\000\000\000\000\000P\031-}\351f\032\255\274\334m\326c\017\014ao[\342\230\003\245\245\3341Hm\326^\017jy\335\261s!\003\365\211\205\353\0100\270r\333\225\227Y\025\355!\235\nf\352n\302\032\014\344\364\324\262\351""\225OFvG0E\002!\000\371\247\034\232g\231_W\004\324\270\270vKil\r\350\242\257w\322\246\240\362\311;\371\341 \202\025\002 \r\201B\252\357\333\256\310U,\366\222[\253""k\223\010\327\232\337\262e\340[2[-\016\3763\007""; ","validation: """"\200\000\000\000&\000\000\000\002)/\352k\002:\327x\272\020JyerQ0\355\311\211\352@\036\313K1\024B\343N\323V\367s\355lu\324\374V\207\371F\260\325\345\213\261P\027\000\000\000\000\000\000\000\000\000\000\000\000\000\000\000\000\000\000\000\000\000\000\000\000\000\000\000\000\000\000\000\000P\031-}\351f\032\255\274\334m\326c\017\014ao[\342\230\003\245\245\3341Hm\326^\017jy\335\261s!\003\365\211\205\353\0100\270r\333\225\227Y\025\355!\235\nf\352n\302\032\014\344\364\324\262\351""\225OFvG0E\002!\000\371\247\034\232g\231_W\004\324\270\270vKil\r\350\242\257w\322\246\240\362\311;\371\341 \202\025\002 \r\201B\252\357\333\256\310U,\366\222[\253""k\223\010\327\232\337\262e\340[2[-\016\3763\007""; "
1750576772726,1750576772726,2915,1,0,3,TMValidation,"validation: """"\200\000\000\000&\000\000\000\002)/\352k\002:""\223\371\016\340l;\316Q0\355\311\211\352@\036\313K1\024B\343N\323V\367s\355lu\324\374V\207\371F\260\325\345\213\261P\027\000\000\000\000\000\000\000\000\000\000\000\000\000\000\000\000\000\000\000\000\000\000\000\000\000\000\000\000\000\000\000\000P\031-}\351f\032\255\274\334m\326c\017\014ao[\342\230\003\245\245\3341Hm\326^\017jy\335\261s!\003\371#:S\022\X\277\344\034\253'\365\230\361\211p\037\000R\265\215-7o\002\210\025\275\344qQvG0E\002!\000\244\0214\211\367G}[z\340N_\014\251\225\253\361OAa\275\023\342\243\336x\312Z\243) \311\002  wWC\237\217\276Wz\352\t`\355\243o\366E\275Z\263vS\370\031\254Z\346\365^\200\027\316""; ","validation: """"\200\000\000\000&\000\000\000\002)/\352k\002:""\223\371\016\340l;\316Q0\355\311\211\352@\036\313K1\024B\343N\323V\367s\355lu\324\374V\207\371F\260\325\345\213\261P\027\000\000\000\000\000\000\000\000\000\000\000\000\000\000\000\000\000\000\000\000\000\000\000\000\000\000\000\000\000\000\000\000P\031-}\351f\032\255\274\334m\326c\017\014ao[\342\230\003\245\245\3341Hm\326^\017jy\335\261s!\003\371#:S\022\X\277\344\034\253'\365\230\361\211p\037\000R\265\215-7o\002\210\025\275\344qQvG0E\002!\000\244\0214\211\367G}[z\340N_\014\251\225\253\361OAa\275\023\342\243\336x\312Z\243) \311\002  wWC\237\217\276Wz\352\t`\355\243o\366E\275Z\263vS\370\031\254Z\346\365^\200\027\316""; "
1750576772726,1750576772726,3321,1,0,4,TMValidation,"validation: """"\200\000\000\000&\000\000\000\002)/\352k\002:""\223\371\016\340l;\316Q0\355\311\211\352@\036\313K1\024B\343N\323V\367s\355lu\324\374V\207\371F\260\325\345\213\261P\027\000\000\000\000\000\000\000\000\000\000\000\000\000\000\000\000\000\000\000\000\000\000\000\000\000\000\000\000\000\000\000\000P\031-}\351f\032\255\274\334m\326c\017\014ao[\342\230\003\245\245\3341Hm\326^\017jy\335\261s!\003\371#:S\022\X\277\344\034\253'\365\230\361\211p\037\000R\265\215-7o\002\210\025\275\344qQvG0E\002!\000\244\0214\211\367G}[z\340N_\014\251\225\253\361OAa\275\023\342\243\336x\312Z\243) \311\002  wWC\237\217\276Wz\352\t`\355\243o\366E\275Z\263vS\370\031\254Z\346\365^\200\027\316""; ","validation: """"\200\000\000\000&\000\000\000\002)/\352k\002:""\223\371\016\340l;\316Q0\355\311\211\352@\036\313K1\024B\343N\323V\367s\355lu\324\374V\207\371F\260\325\345\213\261P\027\000\000\000\000\000\000\000\000\000\000\000\000\000\000\000\000\000\000\000\000\000\000\000\000\000\000\000\000\000\000\000\000P\031-}\351f\032\255\274\334m\326c\017\014ao[\342\230\003\245\245\3341Hm\326^\017jy\335\261s!\003\371#:S\022\X\277\344\034\253'\365\230\361\211p\037\000R\265\215-7o\002\210\025\275\344qQvG0E\002!\000\244\0214\211\367G}[z\340N_\014\251\225\253\361OAa\275\023\342\243\336x\312Z\243) \311\002  wWC\237\217\276Wz\352\t`\355\243o\366E\275Z\263vS\370\031\254Z\346\365^\200\027\316""; "
1750576772726,1750576772726,453,1,0,2,TMValidation,"validation: """"\200\000\000\000&\000\000\000\002)/\352k\002:""\223\371\016\340l;\316Q0\355\311\211\352@\036\313K1\024B\343N\323V\367s\355lu\324\374V\207\371F\260\325\345\213\261P\027\000\000\000\000\000\000\000\000\000\000\000\000\000\000\000\000\000\000\000\000\000\000\000\000\000\000\000\000\000\000\000\000P\031-}\351f\032\255\274\334m\326c\017\014ao[\342\230\003\245\245\3341Hm\326^\017jy\335\261s!\003\371#:S\022\X\277\344\034\253'\365\230\361\211p\037\000R\265\215-7o\002\210\025\275\344qQvG0E\002!\000\244\0214\211\367G}[z\340N_\014\251\225\253\361OAa\275\023\342\243\336x\312Z\243) \311\002  wWC\237\217\276Wz\352\t`\355\243o\366E\275Z\263vS\370\031\254Z\346\365^\200\027\316""; ","validation: """"\200\000\000\000&\000\000\000\002)/\352k\002:""\223\371\016\340l;\316Q0\355\311\211\352@\036\313K1\024B\343N\323V\367s\355lu\324\374V\207\371F\260\325\345\213\261P\027\000\000\000\000\000\000\000\000\000\000\000\000\000\000\000\000\000\000\000\000\000\000\000\000\000\000\000\000\000\000\000\000P\031-}\351f\032\255\274\334m\326c\017\014ao[\342\230\003\245\245\3341Hm\326^\017jy\335\261s!\003\371#:S\022\X\277\344\034\253'\365\230\361\211p\037\000R\265\215-7o\002\210\025\275\344qQvG0E\002!\000\244\0214\211\367G}[z\340N_\014\251\225\253\361OAa\275\023\342\243\336x\312Z\243) \311\002  wWC\237\217\276Wz\352\t`\355\243o\366E\275Z\263vS\370\031\254Z\346\365^\200\027\316""; "
1750576772810,1750576772810,3256,1,3,2,TMValidation,"validation: """"\200\000\000\000&\000\000\000\002)/\352k\002:\337\036c5\254\005\264,Q0\355\311\211\352@\036\313K1\024B\343N\323V\367s\355lu\324\374V\207\371F\260\325\345\213\261P\027\000\000\000\000\000\000\000\000\000\000\000\000\000\000\000\000\000\000\000\000\000\000\000\000\000\000\000\000\000\000\000\000P\031-}\351f\032\255\274\334m\326c\017\014ao[\342\230\003\245\245\3341Hm\326^\017jy\335\261s!\003i)e\226\372N\250\220\343\313\000^\252ua\277:W\233\010\236\376G>\347\257/\214RJ\t<vG0E\002!\000\224\310l\342\0068\217\305\025\277G\003ldn~q\257.Wi5\266!\253\000\345'I\351-\002\002 \017\243\213mrA\272\237b\257\271\307\362\325\273\233>R#\022\350}\243,\254S\350\215\225W\222\322""; ","validation: """"\200\000\000\000&\000\000\000\002)/\352k\002:\337\036c5\254\005\264,Q0\355\311\211\352@\036\313K1\024B\343N\323V\367s\355lu\324\374V\207\371F\260\325\345\213\261P\027\000\000\000\000\000\000\000\000\000\000\000\000\000\000\000\000\000\000\000\000\000\000\000\000\000\000\000\000\000\000\000\000P\031-}\351f\032\255\274\334m\326c\017\014ao[\342\230\003\245\245\3341Hm\326^\017jy\335\261s!\003i)e\226\372N\250\220\343\313\000^\252ua\277:W\233\010\236\376G>\347\257/\214RJ\t<vG0E\002!\000\224\310l\342\0068\217\305\025\277G\003ldn~q\257.Wi5\266!\253\000\345'I\351-\002\002 \017\243\213mrA\272\237b\257\271\307\362\325\273\233>R#\022\350}\243,\254S\350\215\225W\222\322""; "
1750576772811,1750576772811,693,1,3,1,TMValidation,"validation: """"\200\000\000\000&\000\000\000\002)/\352k\002:\337\036c5\254\005\264,Q0\355\311\211\352@\036\313K1\024B\343N\323V\367s\355lu\324\374V\207\371F\260\325\345\213\261P\027\000\000\000\000\000\000\000\000\000\000\000\000\000\000\000\000\000\000\000\000\000\000\000\000\000\000\000\000\000\000\000\000P\031-}\351f\032\255\274\334m\326c\017\014ao[\342\230\003\245\245\3341Hm\326^\017jy\335\261s!\003i)e\226\372N\250\220\343\313\000^\252ua\277:W\233\010\236\376G>\347\257/\214RJ\t<vG0E\002!\000\224\310l\342\0068\217\305\025\277G\003ldn~q\257.Wi5\266!\253\000\345'I\351-\002\002 \017\243\213mrA\272\237b\257\271\307\362\325\273\233>R#\022\350}\243,\254S\350\215\225W\222\322""; ","validation: """"\200\000\000\000&\000\000\000\002)/\352k\002:\337\036c5\254\005\264,Q0\355\311\211\352@\036\313K1\024B\343N\323V\367s\355lu\324\374V\207\371F\260\325\345\213\261P\027\000\000\000\000\000\000\000\000\000\000\000\000\000\000\000\000\000\000\000\000\000\000\000\000\000\000\000\000\000\000\000\000P\031-}\351f\032\255\274\334m\326c\017\014ao[\342\230\003\245\245\3341Hm\326^\017jy\335\261s!\003i)e\226\372N\250\220\343\313\000^\252ua\277:W\233\010\236\376G>\347\257/\214RJ\t<vG0E\002!\000\224\310l\342\0068\217\305\025\277G\003ldn~q\257.Wi5\266!\253\000\345'I\351-\002\002 \017\243\213mrA\272\237b\257\271\307\362\325\273\233>R#\022\350}\243,\254S\350\215\225W\222\322""; "
1750576772811,1750576772811,1663,1,3,0,TMValidation,"validation: """"\200\000\000\000&\000\000\000\002)/\352k\002:\337\036c5\254\005\264,Q0\355\311\211\352@\036\313K1\024B\343N\323V\367s\355lu\324\374V\207\371F\260\325\345\213\261P\027\000\000\000\000\000\000\000\000\000\000\000\000\000\000\000\000\000\000\000\000\000\000\000\000\000\000\000\000\000\000\000\000P\031-}\351f\032\255\274\334m\326c\017\014ao[\342\230\003\245\245\3341Hm\326^\017jy\335\261s!\003i)e\226\372N\250\220\343\313\000^\252ua\277:W\233\010\236\376G>\347\257/\214RJ\t<vG0E\002!\000\224\310l\342\0068\217\305\025\277G\003ldn~q\257.Wi5\266!\253\000\345'I\351-\002\002 \017\243\213mrA\272\237b\257\271\307\362\325\273\233>R#\022\350}\243,\254S\350\215\225W\222\322""; ","validation: """"\200\000\000\000&\000\000\000\002)/\352k\002:\337\036c5\254\005\264,Q0\355\311\211\352@\036\313K1\024B\343N\323V\367s\355lu\324\374V\207\371F\260\325\345\213\261P\027\000\000\000\000\000\000\000\000\000\000\000\000\000\000\000\000\000\000\000\000\000\000\000\000\000\000\000\000\000\000\000\000P\031-}\351f\032\255\274\334m\326c\017\014ao[\342\230\003\245\245\3341Hm\326^\017jy\335\261s!\003i)e\226\372N\250\220\343\313\000^\252ua\277:W\233\010\236\376G>\347\257/\214RJ\t<vG0E\002!\000\224\310l\342\0068\217\305\025\277G\003ldn~q\257.Wi5\266!\253\000\345'I\351-\002\002 \017\243\213mrA\272\237b\257\271\307\362\325\273\233>R#\022\350}\243,\254S\350\215\225W\222\322""; "
1750576773116,1750576773116,367,1,2,4,TMValidation,"validation: """"\200\000\000\000&\000\000\000\002)/\352k\002:\327x\272\020JyerQ0\355\311\211\352@\036\313K1\024B\343N\323V\367s\355lu\324\374V\207\371F\260\325\345\213\261P\027\000\000\000\000\000\000\000\000\000\000\000\000\000\000\000\000\000\000\000\000\000\000\000\000\000\000\000\000\000\000\000\000P\031-}\351f\032\255\274\334m\326c\017\014ao[\342\230\003\245\245\3341Hm\326^\017jy\335\261s!\003\365\211\205\353\0100\270r\333\225\227Y\025\355!\235\nf\352n\302\032\014\344\364\324\262\351""\225OFvG0E\002!\000\371\247\034\232g\231_W\004\324\270\270vKil\r\350\242\257w\322\246\240\362\311;\371\341 \202\025\002 \r\201B\252\357\333\256\310U,\366\222[\253""k\223\010\327\232\337\262e\340[2[-\016\3763\007""; ","validation: """"\200\000\000\000&\000\000\000\002)/\352k\002:\327x\272\020JyerQ0\355\311\211\352@\036\313K1\024B\343N\323V\367s\355lu\324\374V\207\371F\260\325\345\213\261P\027\000\000\000\000\000\000\000\000\000\000\000\000\000\000\000\000\000\000\000\000\000\000\000\000\000\000\000\000\000\000\000\000P\031-}\351f\032\255\274\334m\326c\017\014ao[\342\230\003\245\245\3341Hm\326^\017jy\335\261s!\003\365\211\205\353\0100\270r\333\225\227Y\025\355!\235\nf\352n\302\032\014\344\364\324\262\351""\225OFvG0E\002!\000\371\247\034\232g\231_W\004\324\270\270vKil\r\350\242\257w\322\246\240\362\311;\371\341 \202\025\002 \r\201B\252\357\333\256\310U,\366\222[\253""k\223\010\327\232\337\262e\340[2[-\016\3763\007""; "
1750576773116,1750576773116,3070,1,2,1,TMValidation,"validation: """"\200\000\000\000&\000\000\000\002)/\352k\002:\327x\272\020JyerQ0\355\311\211\352@\036\313K1\024B\343N\323V\367s\355lu\324\374V\207\371F\260\325\345\213\261P\027\000\000\000\000\000\000\000\000\000\000\000\000\000\000\000\000\000\000\000\000\000\000\000\000\000\000\000\000\000\000\000\000P\031-}\351f\032\255\274\334m\326c\017\014ao[\342\230\003\245\245\3341Hm\326^\017jy\335\261s!\003\365\211\205\353\0100\270r\333\225\227Y\025\355!\235\nf\352n\302\032\014\344\364\324\262\351""\225OFvG0E\002!\000\371\247\034\232g\231_W\004\324\270\270vKil\r\350\242\257w\322\246\240\362\311;\371\341 \202\025\002 \r\201B\252\357\333\256\310U,\366\222[\253""k\223\010\327\232\337\262e\340[2[-\016\3763\007""; ","validation: """"\200\000\000\000&\000\000\000\002)/\352k\002:\327x\272\020JyerQ0\355\311\211\352@\036\313K1\024B\343N\323V\367s\355lu\324\374V\207\371F\260\325\345\213\261P\027\000\000\000\000\000\000\000\000\000\000\000\000\000\000\000\000\000\000\000\000\000\000\000\000\000\000\000\000\000\000\000\000P\031-}\351f\032\255\274\334m\326c\017\014ao[\342\230\003\245\245\3341Hm\326^\017jy\335\261s!\003\365\211\205\353\0100\270r\333\225\227Y\025\355!\235\nf\352n\302\032\014\344\364\324\262\351""\225OFvG0E\002!\000\371\247\034\232g\231_W\004\324\270\270vKil\r\350\242\257w\322\246\240\362\311;\371\341 \202\025\002 \r\201B\252\357\333\256\310U,\366\222[\253""k\223\010\327\232\337\262e\340[2[-\016\3763\007""; "
1750576773117,1750576773117,1842,1,2,3,TMValidation,"validation: """"\200\000\000\000&\000\000\000\002)/\352k\002:\327x\272\020JyerQ0\355\311\211\352@\036\313K1\024B\343N\323V\367s\355lu\324\374V\207\371F\260\325\345\213\261P\027\000\000\000\000\000\000\000\000\000\000\000\000\000\000\000\000\000\000\000\000\000\000\000\000\000\000\000\000\000\000\000\000P\031-}\351f\032\255\274\334m\326c\017\014ao[\342\230\003\245\245\3341Hm\326^\017jy\335\261s!\003\365\211\205\353\0100\270r\333\225\227Y\025\355!\235\nf\352n\302\032\014\344\364\324\262\351""\225OFvG0E\002!\000\371\247\034\232g\231_W\004\324\270\270vKil\r\350\242\257w\322\246\240\362\311;\371\341 \202\025\002 \r\201B\252\357\333\256\310U,\366\222[\253""k\223\010\327\232\337\262e\340[2[-\016\3763\007""; ","validation: """"\200\000\000\000&\000\000\000\002)/\352k\002:\327x\272\020JyerQ0\355\311\211\352@\036\313K1\024B\343N\323V\367s\355lu\324\374V\207\371F\260\325\345\213\261P\027\000\000\000\000\000\000\000\000\000\000\000\000\000\000\000\000\000\000\000\000\000\000\000\000\000\000\000\000\000\000\000\000P\031-}\351f\032\255\274\334m\326c\017\014ao[\342\230\003\245\245\3341Hm\326^\017jy\335\261s!\003\365\211\205\353\0100\270r\333\225\227Y\025\355!\235\nf\352n\302\032\014\344\364\324\262\351""\225OFvG0E\002!\000\371\247\034\232g\231_W\004\324\270\270vKil\r\350\242\257w\322\246\240\362\311;\371\341 \202\025\002 \r\201B\252\357\333\256\310U,\366\222[\253""k\223\010\327\232\337\262e\340[2[-\016\3763\007""; "
1750576773181,1750576773181,367,1,2,4,TMValidation,"validation: """"\200\000\000\000&\000\000\000\002)/\352k\002:""\223\371\016\340l;\316Q0\355\311\211\352@\036\313K1\024B\343N\323V\367s\355lu\324\374V\207\371F\260\325\345\213\261P\027\000\000\000\000\000\000\000\000\000\000\000\000\000\000\000\000\000\000\000\000\000\000\000\000\000\000\000\000\000\000\000\000P\031-}\351f\032\255\274\334m\326c\017\014ao[\342\230\003\245\245\3341Hm\326^\017jy\335\261s!\003\371#:S\022\X\277\344\034\253'\365\230\361\211p\037\000R\265\215-7o\002\210\025\275\344qQvG0E\002!\000\244\0214\211\367G}[z\340N_\014\251\225\253\361OAa\275\023\342\243\336x\312Z\243) \311\002  wWC\237\217\276Wz\352\t`\355\243o\366E\275Z\263vS\370\031\254Z\346\365^\200\027\316""; ","validation: """"\200\000\000\000&\000\000\000\002)/\352k\002:""\223\371\016\340l;\316Q0\355\311\211\352@\036\313K1\024B\343N\323V\367s\355lu\324\374V\207\371F\260\325\345\213\261P\027\000\000\000\000\000\000\000\000\000\000\000\000\000\000\000\000\000\000\000\000\000\000\000\000\000\000\000\000\000\000\000\000P\031-}\351f\032\255\274\334m\326c\017\014ao[\342\230\003\245\245\3341Hm\326^\017jy\335\261s!\003\371#:S\022\X\277\344\034\253'\365\230\361\211p\037\000R\265\215-7o\002\210\025\275\344qQvG0E\002!\000\244\0214\211\367G}[z\340N_\014\251\225\253\361OAa\275\023\342\243\336x\312Z\243) \311\002  wWC\237\217\276Wz\352\t`\355\243o\366E\275Z\263vS\370\031\254Z\346\365^\200\027\316""; "
1750576773182,1750576773182,1842,1,2,3,TMValidation,"validation: """"\200\000\000\000&\000\000\000\002)/\352k\002:""\223\371\016\340l;\316Q0\355\311\211\352@\036\313K1\024B\343N\323V\367s\355lu\324\374V\207\371F\260\325\345\213\261P\027\000\000\000\000\000\000\000\000\000\000\000\000\000\000\000\000\000\000\000\000\000\000\000\000\000\000\000\000\000\000\000\000P\031-}\351f\032\255\274\334m\326c\017\014ao[\342\230\003\245\245\3341Hm\326^\017jy\335\261s!\003\371#:S\022\X\277\344\034\253'\365\230\361\211p\037\000R\265\215-7o\002\210\025\275\344qQvG0E\002!\000\244\0214\211\367G}[z\340N_\014\251\225\253\361OAa\275\023\342\243\336x\312Z\243) \311\002  wWC\237\217\276Wz\352\t`\355\243o\366E\275Z\263vS\370\031\254Z\346\365^\200\027\316""; ","validation: """"\200\000\000\000&\000\000\000\002)/\352k\002:""\223\371\016\340l;\316Q0\355\311\211\352@\036\313K1\024B\343N\323V\367s\355lu\324\374V\207\371F\260\325\345\213\261P\027\000\000\000\000\000\000\000\000\000\000\000\000\000\000\000\000\000\000\000\000\000\000\000\000\000\000\000\000\000\000\000\000P\031-}\351f\032\255\274\334m\326c\017\014ao[\342\230\003\245\245\3341Hm\326^\017jy\335\261s!\003\371#:S\022\X\277\344\034\253'\365\230\361\211p\037\000R\265\215-7o\002\210\025\275\344qQvG0E\002!\000\244\0214\211\367G}[z\340N_\014\251\225\253\361OAa\275\023\342\243\336x\312Z\243) \311\002  wWC\237\217\276Wz\352\t`\355\243o\366E\275Z\263vS\370\031\254Z\346\365^\200\027\316""; "
1750576773181,1750576773182,3070,1,2,1,TMValidation,"validation: """"\200\000\000\000&\000\000\000\002)/\352k\002:""\223\371\016\340l;\316Q0\355\311\211\352@\036\313K1\024B\343N\323V\367s\355lu\324\374V\207\371F\260\325\345\213\261P\027\000\000\000\000\000\000\000\000\000\000\000\000\000\000\000\000\000\000\000\000\000\000\000\000\000\000\000\000\000\000\000\000P\031-}\351f\032\255\274\334m\326c\017\014ao[\342\230\003\245\245\3341Hm\326^\017jy\335\261s!\003\371#:S\022\X\277\344\034\253'\365\230\361\211p\037\000R\265\215-7o\002\210\025\275\344qQvG0E\002!\000\244\0214\211\367G}[z\340N_\014\251\225\253\361OAa\275\023\342\243\336x\312Z\243) \311\002  wWC\237\217\276Wz\352\t`\355\243o\366E\275Z\263vS\370\031\254Z\346\365^\200\027\316""; ","validation: """"\200\000\000\000&\000\000\000\002)/\352k\002:""\223\371\016\340l;\316Q0\355\311\211\352@\036\313K1\024B\343N\323V\367s\355lu\324\374V\207\371F\260\325\345\213\261P\027\000\000\000\000\000\000\000\000\000\000\000\000\000\000\000\000\000\000\000\000\000\000\000\000\000\000\000\000\000\000\000\000P\031-}\351f\032\255\274\334m\326c\017\014ao[\342\230\003\245\245\3341Hm\326^\017jy\335\261s!\003\371#:S\022\X\277\344\034\253'\365\230\361\211p\037\000R\265\215-7o\002\210\025\275\344qQvG0E\002!\000\244\0214\211\367G}[z\340N_\014\251\225\253\361OAa\275\023\342\243\336x\312Z\243) \311\002  wWC\237\217\276Wz\352\t`\355\243o\366E\275Z\263vS\370\031\254Z\346\365^\200\027\316""; "
1750576773333,1750576773333,2915,1,0,3,TMValidation,"validation: """"\200\000\000\000&\000\000\000\002)/\352k\003:\321 \377\321\373\345\340\346Q0\355\311\211\352@\036\313K1\024B\343N\323V\367s\355lu\324\374V\207\371F\260\325\345\213\261P\027\000\000\000\000\000\000\000\000\000\000\000\000\000\000\000\000\000\000\000\000\000\000\000\000\000\000\000\000\000\000\000\000P\031-}\351f\032\255\274\334m\326c\017\014ao[\342\230\003\245\245\3341Hm\326^\017jy\335\261s!\002\373\236I\010\265\271ho\331/c\224%g\005\354]\344\350\r\030%u\255\364\002\226\221\370\363\332\331vG0E\002!\000\335\263\333`k\321\247\020""\254\343\370\023\020C\263\227<\341\365L'\016\210\037\247CGm\232\264m\002 \003+\233\224\320:\244\200hcd\351u\220\352\255\344W&\243\255\301\233\342\000\025\275+Q\225\024P""; ","validation: """"\200\000\000\000&\000\000\000\002)/\352k\003:\321 \377\321\373\345\340\346Q0\355\311\211\352@\036\313K1\024B\343N\323V\367s\355lu\324\374V\207\371F\260\325\345\213\261P\027\000\000\000\000\000\000\000\000\000\000\000\000\000\000\000\000\000\000\000\000\000\000\000\000\000\000\000\000\000\000\000\000P\031-}\351f\032\255\274\334m\326c\017\014ao[\342\230\003\245\245\3341Hm\326^\017jy\335\261s!\002\373\236I\010\265\271ho\331/c\224%g\005\354]\344\350\r\030%u\255\364\002\226\221\370\363\332\331vG0E\002!\000\335\263\333`k\321\247\020""\254\343\370\023\020C\263\227<\341\365L'\016\210\037\247CGm\232\264m\002 \003+\233\224\320:\244\200hcd\351u\220\352\255\344W&\243\255\301\233\342\000\025\275+Q\225\024P""; "
1750576773333,1750576773333,3321,1,0,4,TMValidation,"validation: """"\200\000\000\000&\000\000\000\002)/\352k\003:\321 \377\321\373\345\340\346Q0\355\311\211\352@\036\313K1\024B\343N\323V\367s\355lu\324\374V\207\371F\260\325\345\213\261P\027\000\000\000\000\000\000\000\000\000\000\000\000\000\000\000\000\000\000\000\000\000\000\000\000\000\000\000\000\000\000\000\000P\031-}\351f\032\255\274\334m\326c\017\014ao[\342\230\003\245\245\3341Hm\326^\017jy\335\261s!\002\373\236I\010\265\271ho\331/c\224%g\005\354]\344\350\r\030%u\255\364\002\226\221\370\363\332\331vG0E\002!\000\335\263\333`k\321\247\020""\254\343\370\023\020C\263\227<\341\365L'\016\210\037\247CGm\232\264m\002 \003+\233\224\320:\244\200hcd\351u\220\352\255\344W&\243\255\301\233\342\000\025\275+Q\225\024P""; ","validation: """"\200\000\000\000&\000\000\000\002)/\352k\003:\321 \377\321\373\345\340\346Q0\355\311\211\352@\036\313K1\024B\343N\323V\367s\355lu\324\374V\207\371F\260\325\345\213\261P\027\000\000\000\000\000\000\000\000\000\000\000\000\000\000\000\000\000\000\000\000\000\000\000\000\000\000\000\000\000\000\000\000P\031-}\351f\032\255\274\334m\326c\017\014ao[\342\230\003\245\245\3341Hm\326^\017jy\335\261s!\002\373\236I\010\265\271ho\331/c\224%g\005\354]\344\350\r\030%u\255\364\002\226\221\370\363\332\331vG0E\002!\000\335\263\333`k\321\247\020""\254\343\370\023\020C\263\227<\341\365L'\016\210\037\247CGm\232\264m\002 \003+\233\224\320:\244\200hcd\351u\220\352\255\344W&\243\255\301\233\342\000\025\275+Q\225\024P""; "
1750576773334,1750576773334,453,1,0,2,TMValidation,"validation: """"\200\000\000\000&\000\000\000\002)/\352k\003:\321 \377\321\373\345\340\346Q0\355\311\211\352@\036\313K1\024B\343N\323V\367s\355lu\324\374V\207\371F\260\325\345\213\261P\027\000\000\000\000\000\000\000\000\000\000\000\000\000\000\000\000\000\000\000\000\000\000\000\000\000\000\000\000\000\000\000\000P\031-}\351f\032\255\274\334m\326c\017\014ao[\342\230\003\245\245\3341Hm\326^\017jy\335\261s!\002\373\236I\010\265\271ho\331/c\224%g\005\354]\344\350\r\030%u\255\364\002\226\221\370\363\332\331vG0E\002!\000\335\263\333`k\321\247\020""\254\343\370\023\020C\263\227<\341\365L'\016\210\037\247CGm\232\264m\002 \003+\233\224\320:\244\200hcd\351u\220\352\255\344W&\243\255\301\233\342\000\025\275+Q\225\024P""; ","validation: """"\200\000\000\000&\000\000\000\002)/\352k\003:\321 \377\321\373\345\340\346Q0\355\311\211\352@\036\313K1\024B\343N\323V\367s\355lu\324\374V\207\371F\260\325\345\213\261P\027\000\000\000\000\000\000\000\000\000\000\000\000\000\000\000\000\000\000\000\000\000\000\000\000\000\000\000\000\000\000\000\000P\031-}\351f\032\255\274\334m\326c\017\014ao[\342\230\003\245\245\3341Hm\326^\017jy\335\261s!\002\373\236I\010\265\271ho\331/c\224%g\005\354]\344\350\r\030%u\255\364\002\226\221\370\363\332\331vG0E\002!\000\335\263\333`k\321\247\020""\254\343\370\023\020C\263\227<\341\365L'\016\210\037\247CGm\232\264m\002 \003+\233\224\320:\244\200hcd\351u\220\352\255\344W&\243\255\301\233\342\000\025\275+Q\225\024P""; "
1750576773386,1750576773387,2490,1,4,2,TMValidation,"validation: """"\200\000\000\000&\000\000\000\002)/\352k\002:\327x\272\020JyerQ0\355\311\211\352@\036\313K1\024B\343N\323V\367s\355lu\324\374V\207\371F\260\325\345\213\261P\027\000\000\000\000\000\000\000\000\000\000\000\000\000\000\000\000\000\000\000\000\000\000\000\000\000\000\000\000\000\000\000\000P\031-}\351f\032\255\274\334m\326c\017\014ao[\342\230\003\245\245\3341Hm\326^\017jy\335\261s!\003\365\211\205\353\0100\270r\333\225\227Y\025\355!\235\nf\352n\302\032\014\344\364\324\262\351""\225OFvG0E\002!\000\371\247\034\232g\231_W\004\324\270\270vKil\r\350\242\257w\322\246\240\362\311;\371\341 \202\025\002 \r\201B\252\357\333\256\310U,\366\222[\253""k\223\010\327\232\337\262e\340[2[-\016\3763\007""; ","validation: """"\200\000\000\000&\000\000\000\002)/\352k\002:\327x\272\020JyerQ0\355\311\211\352@\036\313K1\024B\343N\323V\367s\355lu\324\374V\207\371F\260\325\345\213\261P\027\000\000\000\000\000\000\000\000\000\000\000\000\000\000\000\000\000\000\000\000\000\000\000\000\000\000\000\000\000\000\000\000P\031-}\351f\032\255\274\334m\326c\017\014ao[\342\230\003\245\245\3341Hm\326^\017jy\335\261s!\003\365\211\205\353\0100\270r\333\225\227Y\025\355!\235\nf\352n\302\032\014\344\364\324\262\351""\225OFvG0E\002!\000\371\247\034\232g\231_W\004\324\270\270vKil\r\350\242\257w\322\246\240\362\311;\371\341 \202\025\002 \r\201B\252\357\333\256\310U,\366\222[\253""k\223\010\327\232\337\262e\340[2[-\016\3763\007""; "
1750576773387,1750576773387,428,1,4,1,TMValidation,"validation: """"\200\000\000\000&\000\000\000\002)/\352k\002:\327x\272\020JyerQ0\355\311\211\352@\036\313K1\024B\343N\323V\367s\355lu\324\374V\207\371F\260\325\345\213\261P\027\000\000\000\000\000\000\000\000\000\000\000\000\000\000\000\000\000\000\000\000\000\000\000\000\000\000\000\000\000\000\000\000P\031-}\351f\032\255\274\334m\326c\017\014ao[\342\230\003\245\245\3341Hm\326^\017jy\335\261s!\003\365\211\205\353\0100\270r\333\225\227Y\025\355!\235\nf\352n\302\032\014\344\364\324\262\351""\225OFvG0E\002!\000\371\247\034\232g\231_W\004\324\270\270vKil\r\350\242\257w\322\246\240\362\311;\371\341 \202\025\002 \r\201B\252\357\333\256\310U,\366\222[\253""k\223\010\327\232\337\262e\340[2[-\016\3763\007""; ","validation: """"\200\000\000\000&\000\000\000\002)/\352k\002:\327x\272\020JyerQ0\355\311\211\352@\036\313K1\024B\343N\323V\367s\355lu\324\374V\207\371F\260\325\345\213\261P\027\000\000\000\000\000\000\000\000\000\000\000\000\000\000\000\000\000\000\000\000\000\000\000\000\000\000\000\000\000\000\000\000P\031-}\351f\032\255\274\334m\326c\017\014ao[\342\230\003\245\245\3341Hm\326^\017jy\335\261s!\003\365\211\205\353\0100\270r\333\225\227Y\025\355!\235\nf\352n\302\032\014\344\364\324\262\351""\225OFvG0E\002!\000\371\247\034\232g\231_W\004\324\270\270vKil\r\350\242\257w\322\246\240\362\311;\371\341 \202\025\002 \r\201B\252\357\333\256\310U,\366\222[\253""k\223\010\327\232\337\262e\340[2[-\016\3763\007""; "
1750576773387,1750576773387,2764,1,4,0,TMValidation,"validation: """"\200\000\000\000&\000\000\000\002)/\352k\002:\327x\272\020JyerQ0\355\311\211\352@\036\313K1\024B\343N\323V\367s\355lu\324\374V\207\371F\260\325\345\213\261P\027\000\000\000\000\000\000\000\000\000\000\000\000\000\000\000\000\000\000\000\000\000\000\000\000\000\000\000\000\000\000\000\000P\031-}\351f\032\255\274\334m\326c\017\014ao[\342\230\003\245\245\3341Hm\326^\017jy\335\261s!\003\365\211\205\353\0100\270r\333\225\227Y\025\355!\235\nf\352n\302\032\014\344\364\324\262\351""\225OFvG0E\002!\000\371\247\034\232g\231_W\004\324\270\270vKil\r\350\242\257w\322\246\240\362\311;\371\341 \202\025\002 \r\201B\252\357\333\256\310U,\366\222[\253""k\223\010\327\232\337\262e\340[2[-\016\3763\007""; ","validation: """"\200\000\000\000&\000\000\000\002)/\352k\002:\327x\272\020JyerQ0\355\311\211\352@\036\313K1\024B\343N\323V\367s\355lu\324\374V\207\371F\260\325\345\213\261P\027\000\000\000\000\000\000\000\000\000\000\000\000\000\000\000\000\000\000\000\000\000\000\000\000\000\000\000\000\000\000\000\000P\031-}\351f\032\255\274\334m\326c\017\014ao[\342\230\003\245\245\3341Hm\326^\017jy\335\261s!\003\365\211\205\353\0100\270r\333\225\227Y\025\355!\235\nf\352n\302\032\014\344\364\324\262\351""\225OFvG0E\002!\000\371\247\034\232g\231_W\004\324\270\270vKil\r\350\242\257w\322\246\240\362\311;\371\341 \202\025\002 \r\201B\252\357\333\256\310U,\366\222[\253""k\223\010\327\232\337\262e\340[2[-\016\3763\007""; "
1750576773397,1750576773398,3256,1,3,2,TMValidation,"validation: """"\200\000\000\000&\000\000\000\002)/\352k\002:`\203p\321f\247x\311Q0\355\311\211\352@\036\313K1\024B\343N\323V\367s\355lu\324\374V\207\371F\260\325\345\213\261P\027\000\000\000\000\000\000\000\000\000\000\000\000\000\000\000\000\000\000\000\000\000\000\000\000\000\000\000\000\000\000\000\000P\031-}\351f\032\255\274\334m\326c\017\014ao[\342\230\003\245\245\3341Hm\326^\017jy\335\261s!\002l\025\225/2Mi\010\252)\240F\276k\254\301;\200wg}s\364.8S\354U\206\025\244\006vG0E\002!\000\235\271w\252\327}t\256;:;\247\032g\306PS$\2129r\267\004Tr\375\377M\347'O\356\002 \007l\206#\r\270\373\010\341\332#\265\013\311c\271\027\250\261\257\257\310\313U\302\374\351\306\016\026\237\227""; ","validation: """"\200\000\000\000&\000\000\000\002)/\352k\002:`\203p\321f\247x\311Q0\355\311\211\352@\036\313K1\024B\343N\323V\367s\355lu\324\374V\207\371F\260\325\345\213\261P\027\000\000\000\000\000\000\000\000\000\000\000\000\000\000\000\000\000\000\000\000\000\000\000\000\000\000\000\000\000\000\000\000P\031-}\351f\032\255\274\334m\326c\017\014ao[\342\230\003\245\245\3341Hm\326^\017jy\335\261s!\002l\025\225/2Mi\010\252)\240F\276k\254\301;\200wg}s\364.8S\354U\206\025\244\006vG0E\002!\000\235\271w\252\327}t\256;:;\247\032g\306PS$\2129r\267\004Tr\375\377M\347'O\356\002 \007l\206#\r\270\373\010\341\332#\265\013\311c\271\027\250\261\257\257\310\313U\302\374\351\306\016\026\237\227""; "
1750576773398,1750576773399,693,1,3,1,TMValidation,"validation: """"\200\000\000\000&\000\000\000\002)/\352k\002:`\203p\321f\247x\311Q0\355\311\211\352@\036\313K1\024B\343N\323V\367s\355lu\324\374V\207\371F\260\325\345\213\261P\027\000\000\000\000\000\000\000\000\000\000\000\000\000\000\000\000\000\000\000\000\000\000\000\000\000\000\000\000\000\000\000\000P\031-}\351f\032\255\274\334m\326c\017\014ao[\342\230\003\245\245\3341Hm\326^\017jy\335\261s!\002l\025\225/2Mi\010\252)\240F\276k\254\301;\200wg}s\364.8S\354U\206\025\244\006vG0E\002!\000\235\271w\252\327}t\256;:;\247\032g\306PS$\2129r\267\004Tr\375\377M\347'O\356\002 \007l\206#\r\270\373\010\341\332#\265\013\311c\271\027\250\261\257\257\310\313U\302\374\351\306\016\026\237\227""; ","validation: """"\200\000\000\000&\000\000\000\002)/\352k\002:`\203p\321f\247x\311Q0\355\311\211\352@\036\313K1\024B\343N\323V\367s\355lu\324\374V\207\371F\260\325\345\213\261P\027\000\000\000\000\000\000\000\000\000\000\000\000\000\000\000\000\000\000\000\000\000\000\000\000\000\000\000\000\000\000\000\000P\031-}\351f\032\255\274\334m\326c\017\014ao[\342\230\003\245\245\3341Hm\326^\017jy\335\261s!\002l\025\225/2Mi\010\252)\240F\276k\254\301;\200wg}s\364.8S\354U\206\025\244\006vG0E\002!\000\235\271w\252\327}t\256;:;\247\032g\306PS$\2129r\267\004Tr\375\377M\347'O\356\002 \007l\206#\r\270\373\010\341\332#\265\013\311c\271\027\250\261\257\257\310\313U\302\374\351\306\016\026\237\227""; "
1750576773399,1750576773399,1663,1,3,0,TMValidation,"validation: """"\200\000\000\000&\000\000\000\002)/\352k\002:`\203p\321f\247x\311Q0\355\311\211\352@\036\313K1\024B\343N\323V\367s\355lu\324\374V\207\371F\260\325\345\213\261P\027\000\000\000\000\000\000\000\000\000\000\000\000\000\000\000\000\000\000\000\000\000\000\000\000\000\000\000\000\000\000\000\000P\031-}\351f\032\255\274\334m\326c\017\014ao[\342\230\003\245\245\3341Hm\326^\017jy\335\261s!\002l\025\225/2Mi\010\252)\240F\276k\254\301;\200wg}s\364.8S\354U\206\025\244\006vG0E\002!\000\235\271w\252\327}t\256;:;\247\032g\306PS$\2129r\267\004Tr\375\377M\347'O\356\002 \007l\206#\r\270\373\010\341\332#\265\013\311c\271\027\250\261\257\257\310\313U\302\374\351\306\016\026\237\227""; ","validation: """"\200\000\000\000&\000\000\000\002)/\352k\002:`\203p\321f\247x\311Q0\355\311\211\352@\036\313K1\024B\343N\323V\367s\355lu\324\374V\207\371F\260\325\345\213\261P\027\000\000\000\000\000\000\000\000\000\000\000\000\000\000\000\000\000\000\000\000\000\000\000\000\000\000\000\000\000\000\000\000P\031-}\351f\032\255\274\334m\326c\017\014ao[\342\230\003\245\245\3341Hm\326^\017jy\335\261s!\002l\025\225/2Mi\010\252)\240F\276k\254\301;\200wg}s\364.8S\354U\206\025\244\006vG0E\002!\000\235\271w\252\327}t\256;:;\247\032g\306PS$\2129r\267\004Tr\375\377M\347'O\356\002 \007l\206#\r\270\373\010\341\332#\265\013\311c\271\027\250\261\257\257\310\313U\302\374\351\306\016\026\237\227""; "
1750576780108,1750576780108,2484,1,2,4,TMProposeSet,"proposeSeq: 0; currentTxHash: ""\000\000\000\000\000\000\000\000\000\000\000\000\000\000\000\000\000\000\000\000\000\000\000\000\000\000\000\000\000\000\000\000""; nodePubKey: ""\002\373\236I\010\265\271ho\331/c\224%g\005\354]\344\350\r\030%u\255\364\002\226\221\370\363\332\331""; closeTime: 803891980; signature: ""0D\002 c\303k\365r\3012\206\262\021\307\023\364\034\341\271\365,\205\335\344R\234\014\253_0<\2233\376\026\002 M(\346\004\350\266a\361C\001}'\233\035\377\210R%\006C\177\237`\364\r\223\351\035\326\354_\356""; previousledger: ""0\355\311\211\352@\036\313K1\024B\343N\323V\367s\355lu\324\374V\207\371F\260\325\345\213\261""; ","proposeSeq: 0; currentTxHash: ""\000\000\000\000\000\000\000\000\000\000\000\000\000\000\000\000\000\000\000\000\000\000\000\000\000\000\000\000\000\000\000\000""; nodePubKey: ""\002\373\236I\010\265\271ho\331/c\224%g\005\354]\344\350\r\030%u\255\364\002\226\221\370\363\332\331""; closeTime: 803891980; signature: ""0D\002 c\303k\365r\3012\206\262\021\307\023\364\034\341\271\365,\205\335\344R\234\014\253_0<\2233\376\026\002 M(\346\004\350\266a\361C\001}'\233\035\377\210R%\006C\177\237`\364\r\223\351\035\326\354_\356""; previousledger: ""0\355\311\211\352@\036\313K1\024B\343N\323V\367s\355lu\324\374V\207\371F\260\325\345\213\261""; "
1750576780108,1750576780108,1630,1,2,3,TMProposeSet,"proposeSeq: 0; currentTxHash: ""\000\000\000\000\000\000\000\000\000\000\000\000\000\000\000\000\000\000\000\000\000\000\000\000\000\000\000\000\000\000\000\000""; nodePubKey: ""\002\373\236I\010\265\271ho\331/c\224%g\005\354]\344\350\r\030%u\255\364\002\226\221\370\363\332\331""; closeTime: 803891980; signature: ""0D\002 c\303k\365r\3012\206\262\021\307\023\364\034\341\271\365,\205\335\344R\234\014\253_0<\2233\376\026\002 M(\346\004\350\266a\361C\001}'\233\035\377\210R%\006C\177\237`\364\r\223\351\035\326\354_\356""; previousledger: ""0\355\311\211\352@\036\313K1\024B\343N\323V\367s\355lu\324\374V\207\371F\260\325\345\213\261""; ","proposeSeq: 0; currentTxHash: ""\000\000\000\000\000\000\000\000\000\000\000\000\000\000\000\000\000\000\000\000\000\000\000\000\000\000\000\000\000\000\000\000""; nodePubKey: ""\002\373\236I\010\265\271ho\331/c\224%g\005\354]\344\350\r\030%u\255\364\002\226\221\370\363\332\331""; closeTime: 803891980; signature: ""0D\002 c\303k\365r\3012\206\262\021\307\023\364\034\341\271\365,\205\335\344R\234\014\253_0<\2233\376\026\002 M(\346\004\350\266a\361C\001}'\233\035\377\210R%\006C\177\237`\364\r\223\351\035\326\354_\356""; previousledger: ""0\355\311\211\352@\036\313K1\024B\343N\323V\367s\355lu\324\374V\207\371F\260\325\345\213\261""; "
1750576780111,1750576780111,1529,1,2,0,TMProposeSet,"proposeSeq: 0; currentTxHash: ""\000\000\000\000\000\000\000\000\000\000\000\000\000\000\000\000\000\000\000\000\000\000\000\000\000\000\000\000\000\000\000\000""; nodePubKey: ""\002\373\236I\010\265\271ho\331/c\224%g\005\354]\344\350\r\030%u\255\364\002\226\221\370\363\332\331""; closeTime: 803891980; signature: ""0D\002 c\303k\365r\3012\206\262\021\307\023\364\034\341\271\365,\205\335\344R\234\014\253_0<\2233\376\026\002 M(\346\004\350\266a\361C\001}'\233\035\377\210R%\006C\177\237`\364\r\223\351\035\326\354_\356""; previousledger: ""0\355\311\211\352@\036\313K1\024B\343N\323V\367s\355lu\324\374V\207\371F\260\325\345\213\261""; ","proposeSeq: 0; currentTxHash: ""\000\000\000\000\000\000\000\000\000\000\000\000\000\000\000\000\000\000\000\000\000\000\000\000\000\000\000\000\000\000\000\000""; nodePubKey: ""\002\373\236I\010\265\271ho\331/c\224%g\005\354]\344\350\r\030%u\255\364\002\226\221\370\363\332\331""; closeTime: 803891980; signature: ""0D\002 c\303k\365r\3012\206\262\021\307\023\364\034\341\271\365,\205\335\344R\234\014\253_0<\2233\376\026\002 M(\346\004\350\266a\361C\001}'\233\035\377\210R%\006C\177\237`\364\r\223\351\035\326\354_\356""; previousledger: ""0\355\311\211\352@\036\313K1\024B\343N\323V\367s\355lu\324\374V\207\371F\260\325\345\213\261""; "
1750576780111,1750576780111,1191,1,2,1,TMProposeSet,"proposeSeq: 0; currentTxHash: ""\000\000\000\000\000\000\000\000\000\000\000\000\000\000\000\000\000\000\000\000\000\000\000\000\000\000\000\000\000\000\000\000""; nodePubKey: ""\002\373\236I\010\265\271ho\331/c\224%g\005\354]\344\350\r\030%u\255\364\002\226\221\370\363\332\331""; closeTime: 803891980; signature: ""0D\002 c\303k\365r\3012\206\262\021\307\023\364\034\341\271\365,\205\335\344R\234\014\253_0<\2233\376\026\002 M(\346\004\350\266a\361C\001}'\233\035\377\210R%\006C\177\237`\364\r\223\351\035\326\354_\356""; previousledger: ""0\355\311\211\352@\036\313K1\024B\343N\323V\367s\355lu\324\374V\207\371F\260\325\345\213\261""; ","proposeSeq: 0; currentTxHash: ""\000\000\000\000\000\000\000\000\000\000\000\000\000\000\000\000\000\000\000\000\000\000\000\000\000\000\000\000\000\000\000\000""; nodePubKey: ""\002\373\236I\010\265\271ho\331/c\224%g\005\354]\344\350\r\030%u\255\364\002\226\221\370\363\332\331""; closeTime: 803891980; signature: ""0D\002 c\303k\365r\3012\206\262\021\307\023\364\034\341\271\365,\205\335\344R\234\014\253_0<\2233\376\026\002 M(\346\004\350\266a\361C\001}'\233\035\377\210R%\006C\177\237`\364\r\223\351\035\326\354_\356""; previousledger: ""0\355\311\211\352@\036\313K1\024B\343N\323V\367s\355lu\324\374V\207\371F\260\325\345\213\261""; "
1750576780109,1750576780181,3392,1,2,4,TMStatusChange,"newEvent: neCLOSING_LEDGER; ledgerSeq: 2; ledgerHash: ""0\355\311\211\352@\036\313K1\024B\343N\323V\367s\355lu\324\374V\207\371F\260\325\345\213\261""; ledgerHashPrevious: ""-}\351f\032\255\274\334m\326c\017\014ao[\342\230\003\245\245\3341Hm\326^\017jy\335\261""; networkTime: 803891980; firstSeq: 1; lastSeq: 1; ","newEvent: neCLOSING_LEDGER; ledgerSeq: 2; ledgerHash: ""0\355\311\211\352@\036\313K1\024B\343N\323V\367s\355lu\324\374V\207\371F\260\325\345\213\261""; ledgerHashPrevious: ""-}\351f\032\255\274\334m\326c\017\014ao[\342\230\003\245\245\3341Hm\326^\017jy\335\261""; networkTime: 803891980; firstSeq: 1; lastSeq: 1; "
1750576780110,1750576780181,2409,1,2,1,TMStatusChange,"newEvent: neCLOSING_LEDGER; ledgerSeq: 2; ledgerHash: ""0\355\311\211\352@\036\313K1\024B\343N\323V\367s\355lu\324\374V\207\371F\260\325\345\213\261""; ledgerHashPrevious: ""-}\351f\032\255\274\334m\326c\017\014ao[\342\230\003\245\245\3341Hm\326^\017jy\335\261""; networkTime: 803891980; firstSeq: 1; lastSeq: 1; ","newEvent: neCLOSING_LEDGER; ledgerSeq: 2; ledgerHash: ""0\355\311\211\352@\036\313K1\024B\343N\323V\367s\355lu\324\374V\207\371F\260\325\345\213\261""; ledgerHashPrevious: ""-}\351f\032\255\274\334m\326c\017\014ao[\342\230\003\245\245\3341Hm\326^\017jy\335\261""; networkTime: 803891980; firstSeq: 1; lastSeq: 1; "
1750576780110,1750576780182,30,1,2,3,TMStatusChange,"newEvent: neCLOSING_LEDGER; ledgerSeq: 2; ledgerHash: ""0\355\311\211\352@\036\313K1\024B\343N\323V\367s\355lu\324\374V\207\371F\260\325\345\213\261""; ledgerHashPrevious: ""-}\351f\032\255\274\334m\326c\017\014ao[\342\230\003\245\245\3341Hm\326^\017jy\335\261""; networkTime: 803891980; firstSeq: 1; lastSeq: 1; ","newEvent: neCLOSING_LEDGER; ledgerSeq: 2; ledgerHash: ""0\355\311\211\352@\036\313K1\024B\343N\323V\367s\355lu\324\374V\207\371F\260\325\345\213\261""; ledgerHashPrevious: ""-}\351f\032\255\274\334m\326c\017\014ao[\342\230\003\245\245\3341Hm\326^\017jy\335\261""; networkTime: 803891980; firstSeq: 1; lastSeq: 1; "
1750576780111,1750576780182,1637,1,2,0,TMStatusChange,"newEvent: neCLOSING_LEDGER; ledgerSeq: 2; ledgerHash: ""0\355\311\211\352@\036\313K1\024B\343N\323V\367s\355lu\324\374V\207\371F\260\325\345\213\261""; ledgerHashPrevious: ""-}\351f\032\255\274\334m\326c\017\014ao[\342\230\003\245\245\3341Hm\326^\017jy\335\261""; networkTime: 803891980; firstSeq: 1; lastSeq: 1; ","newEvent: neCLOSING_LEDGER; ledgerSeq: 2; ledgerHash: ""0\355\311\211\352@\036\313K1\024B\343N\323V\367s\355lu\324\374V\207\371F\260\325\345\213\261""; ledgerHashPrevious: ""-}\351f\032\255\274\334m\326c\017\014ao[\342\230\003\245\245\3341Hm\326^\017jy\335\261""; networkTime: 803891980; firstSeq: 1; lastSeq: 1; "
1750576780443,1750576780444,2687,1,1,3,TMProposeSet,"proposeSeq: 0; currentTxHash: ""\000\000\000\000\000\000\000\000\000\000\000\000\000\000\000\000\000\000\000\000\000\000\000\000\000\000\000\000\000\000\000\000""; nodePubKey: ""\002l\025\225/2Mi\010\252)\240F\276k\254\301;\200wg}s\364.8S\354U\206\025\244\006""; closeTime: 803891980; signature: ""0D\002 \037\251\367\373\2626\210\017:\331.\353\264q\230\345Q\346)\360\353\303\251\327\306\301\243\202\264\177=r\002 \022\010p\035\213\325\024\325\001\242\372\252\247\275\223\226\022\310\004\273\304\330\353v\231\344\270\354\255\252\321\006""; previousledger: ""0\355\311\211\352@\036\313K1\024B\343N\323V\367s\355lu\324\374V\207\371F\260\325\345\213\261""; ","proposeSeq: 0; currentTxHash: ""\000\000\000\000\000\000\000\000\000\000\000\000\000\000\000\000\000\000\000\000\000\000\000\000\000\000\000\000\000\000\000\000""; nodePubKey: ""\002l\025\225/2Mi\010\252)\240F\276k\254\301;\200wg}s\364.8S\354U\206\025\244\006""; closeTime: 803891980; signature: ""0D\002 \037\251\367\373\2626\210\017:\331.\353\264q\230\345Q\346)\360\353\303\251\327\306\301\243\202\264\177=r\002 \022\010p\035\213\325\024\325\001\242\372\252\247\275\223\226\022\310\004\273\304\330\353v\231\344\270\354\255\252\321\006""; previousledger: ""0\355\311\211\352@\036\313K1\024B\343N\323V\367s\355lu\324\374V\207\371F\260\325\345\213\261""; "
1750576780444,1750576780444,1657,1,1,4,TMProposeSet,"proposeSeq: 0; currentTxHash: ""\000\000\000\000\000\000\000\000\000\000\000\000\000\000\000\000\000\000\000\000\000\000\000\000\000\000\000\000\000\000\000\000""; nodePubKey: ""\002l\025\225/2Mi\010\252)\240F\276k\254\301;\200wg}s\364.8S\354U\206\025\244\006""; closeTime: 803891980; signature: ""0D\002 \037\251\367\373\2626\210\017:\331.\353\264q\230\345Q\346)\360\353\303\251\327\306\301\243\202\264\177=r\002 \022\010p\035\213\325\024\325\001\242\372\252\247\275\223\226\022\310\004\273\304\330\353v\231\344\270\354\255\252\321\006""; previousledger: ""0\355\311\211\352@\036\313K1\024B\343N\323V\367s\355lu\324\374V\207\371F\260\325\345\213\261""; ","proposeSeq: 0; currentTxHash: ""\000\000\000\000\000\000\000\000\000\000\000\000\000\000\000\000\000\000\000\000\000\000\000\000\000\000\000\000\000\000\000\000""; nodePubKey: ""\002l\025\225/2Mi\010\252)\240F\276k\254\301;\200wg}s\364.8S\354U\206\025\244\006""; closeTime: 803891980; signature: ""0D\002 \037\251\367\373\2626\210\017:\331.\353\264q\230\345Q\346)\360\353\303\251\327\306\301\243\202\264\177=r\002 \022\010p\035\213\325\024\325\001\242\372\252\247\275\223\226\022\310\004\273\304\330\353v\231\344\270\354\255\252\321\006""; previousledger: ""0\355\311\211\352@\036\313K1\024B\343N\323V\367s\355lu\324\374V\207\371F\260\325\345\213\261""; "
1750576780446,1750576780446,3734,1,1,2,TMProposeSet,"proposeSeq: 0; currentTxHash: ""\000\000\000\000\000\000\000\000\000\000\000\000\000\000\000\000\000\000\000\000\000\000\000\000\000\000\000\000\000\000\000\000""; nodePubKey: ""\002l\025\225/2Mi\010\252)\240F\276k\254\301;\200wg}s\364.8S\354U\206\025\244\006""; closeTime: 803891980; signature: ""0D\002 \037\251\367\373\2626\210\017:\331.\353\264q\230\345Q\346)\360\353\303\251\327\306\301\243\202\264\177=r\002 \022\010p\035\213\325\024\325\001\242\372\252\247\275\223\226\022\310\004\273\304\330\353v\231\344\270\354\255\252\321\006""; previousledger: ""0\355\311\211\352@\036\313K1\024B\343N\323V\367s\355lu\324\374V\207\371F\260\325\345\213\261""; ","proposeSeq: 0; currentTxHash: ""\000\000\000\000\000\000\000\000\000\000\000\000\000\000\000\000\000\000\000\000\000\000\000\000\000\000\000\000\000\000\000\000""; nodePubKey: ""\002l\025\225/2Mi\010\252)\240F\276k\254\301;\200wg}s\364.8S\354U\206\025\244\006""; closeTime: 803891980; signature: ""0D\002 \037\251\367\373\2626\210\017:\331.\353\264q\230\345Q\346)\360\353\303\251\327\306\301\243\202\264\177=r\002 \022\010p\035\213\325\024\325\001\242\372\252\247\275\223\226\022\310\004\273\304\330\353v\231\344\270\354\255\252\321\006""; previousledger: ""0\355\311\211\352@\036\313K1\024B\343N\323V\367s\355lu\324\374V\207\371F\260\325\345\213\261""; "
1750576780448,1750576780448,252,1,1,0,TMProposeSet,"proposeSeq: 0; currentTxHash: ""\000\000\000\000\000\000\000\000\000\000\000\000\000\000\000\000\000\000\000\000\000\000\000\000\000\000\000\000\000\000\000\000""; nodePubKey: ""\002l\025\225/2Mi\010\252)\240F\276k\254\301;\200wg}s\364.8S\354U\206\025\244\006""; closeTime: 803891980; signature: ""0D\002 \037\251\367\373\2626\210\017:\331.\353\264q\230\345Q\346)\360\353\303\251\327\306\301\243\202\264\177=r\002 \022\010p\035\213\325\024\325\001\242\372\252\247\275\223\226\022\310\004\273\304\330\353v\231\344\270\354\255\252\321\006""; previousledger: ""0\355\311\211\352@\036\313K1\024B\343N\323V\367s\355lu\324\374V\207\371F\260\325\345\213\261""; ","proposeSeq: 0; currentTxHash: ""\000\000\000\000\000\000\000\000\000\000\000\000\000\000\000\000\000\000\000\000\000\000\000\000\000\000\000\000\000\000\000\000""; nodePubKey: ""\002l\025\225/2Mi\010\252)\240F\276k\254\301;\200wg}s\364.8S\354U\206\025\244\006""; closeTime: 803891980; signature: ""0D\002 \037\251\367\373\2626\210\017:\331.\353\264q\230\345Q\346)\360\353\303\251\327\306\301\243\202\264\177=r\002 \022\010p\035\213\325\024\325\001\242\372\252\247\275\223\226\022\310\004\273\304\330\353v\231\344\270\354\255\252\321\006""; previousledger: ""0\355\311\211\352@\036\313K1\024B\343N\323V\367s\355lu\324\374V\207\371F\260\325\345\213\261""; "
1750576780444,1750576780518,15,1,1,3,TMStatusChange,"newEvent: neCLOSING_LEDGER; ledgerSeq: 2; ledgerHash: ""0\355\311\211\352@\036\313K1\024B\343N\323V\367s\355lu\324\374V\207\371F\260\325\345\213\261""; ledgerHashPrevious: ""-}\351f\032\255\274\334m\326c\017\014ao[\342\230\003\245\245\3341Hm\326^\017jy\335\261""; networkTime: 803891980; firstSeq: 1; lastSeq: 1; ","newEvent: neCLOSING_LEDGER; ledgerSeq: 2; ledgerHash: ""0\355\311\211\352@\036\313K1\024B\343N\323V\367s\355lu\324\374V\207\371F\260\325\345\213\261""; ledgerHashPrevious: ""-}\351f\032\255\274\334m\326c\017\014ao[\342\230\003\245\245\3341Hm\326^\017jy\335\261""; networkTime: 803891980; firstSeq: 1; lastSeq: 1; "
1750576780445,1750576780518,3752,1,1,4,TMStatusChange,"newEvent: neCLOSING_LEDGER; ledgerSeq: 2; ledgerHash: ""0\355\311\211\352@\036\313K1\024B\343N\323V\367s\355lu\324\374V\207\371F\260\325\345\213\261""; ledgerHashPrevious: ""-}\351f\032\255\274\334m\326c\017\014ao[\342\230\003\245\245\3341Hm\326^\017jy\335\261""; networkTime: 803891980; firstSeq: 1; lastSeq: 1; ","newEvent: neCLOSING_LEDGER; ledgerSeq: 2; ledgerHash: ""0\355\311\211\352@\036\313K1\024B\343N\323V\367s\355lu\324\374V\207\371F\260\325\345\213\261""; ledgerHashPrevious: ""-}\351f\032\255\274\334m\326c\017\014ao[\342\230\003\245\245\3341Hm\326^\017jy\335\261""; networkTime: 803891980; firstSeq: 1; lastSeq: 1; "
1750576780446,1750576780518,787,1,1,2,TMStatusChange,"newEvent: neCLOSING_LEDGER; ledgerSeq: 2; ledgerHash: ""0\355\311\211\352@\036\313K1\024B\343N\323V\367s\355lu\324\374V\207\371F\260\325\345\213\261""; ledgerHashPrevious: ""-}\351f\032\255\274\334m\326c\017\014ao[\342\230\003\245\245\3341Hm\326^\017jy\335\261""; networkTime: 803891980; firstSeq: 1; lastSeq: 1; ","newEvent: neCLOSING_LEDGER; ledgerSeq: 2; ledgerHash: ""0\355\311\211\352@\036\313K1\024B\343N\323V\367s\355lu\324\374V\207\371F\260\325\345\213\261""; ledgerHashPrevious: ""-}\351f\032\255\274\334m\326c\017\014ao[\342\230\003\245\245\3341Hm\326^\017jy\335\261""; networkTime: 803891980; firstSeq: 1; lastSeq: 1; "
1750576780448,1750576780520,200,1,1,0,TMStatusChange,"newEvent: neCLOSING_LEDGER; ledgerSeq: 2; ledgerHash: ""0\355\311\211\352@\036\313K1\024B\343N\323V\367s\355lu\324\374V\207\371F\260\325\345\213\261""; ledgerHashPrevious: ""-}\351f\032\255\274\334m\326c\017\014ao[\342\230\003\245\245\3341Hm\326^\017jy\335\261""; networkTime: 803891980; firstSeq: 1; lastSeq: 1; ","newEvent: neCLOSING_LEDGER; ledgerSeq: 2; ledgerHash: ""0\355\311\211\352@\036\313K1\024B\343N\323V\367s\355lu\324\374V\207\371F\260\325\345\213\261""; ledgerHashPrevious: ""-}\351f\032\255\274\334m\326c\017\014ao[\342\230\003\245\245\3341Hm\326^\017jy\335\261""; networkTime: 803891980; firstSeq: 1; lastSeq: 1; "
1750576780697,1750576780697,920,1,0,3,TMProposeSet,"proposeSeq: 0; currentTxHash: ""\000\000\000\000\000\000\000\000\000\000\000\000\000\000\000\000\000\000\000\000\000\000\000\000\000\000\000\000\000\000\000\000""; nodePubKey: ""\002l\025\225/2Mi\010\252)\240F\276k\254\301;\200wg}s\364.8S\354U\206\025\244\006""; closeTime: 803891980; signature: ""0D\002 \037\251\367\373\2626\210\017:\331.\353\264q\230\345Q\346)\360\353\303\251\327\306\301\243\202\264\177=r\002 \022\010p\035\213\325\024\325\001\242\372\252\247\275\223\226\022\310\004\273\304\330\353v\231\344\270\354\255\252\321\006""; previousledger: ""0\355\311\211\352@\036\313K1\024B\343N\323V\367s\355lu\324\374V\207\371F\260\325\345\213\261""; ","proposeSeq: 0; currentTxHash: ""\000\000\000\000\000\000\000\000\000\000\000\000\000\000\000\000\000\000\000\000\000\000\000\000\000\000\000\000\000\000\000\000""; nodePubKey: ""\002l\025\225/2Mi\010\252)\240F\276k\254\301;\200wg}s\364.8S\354U\206\025\244\006""; closeTime: 803891980; signature: ""0D\002 \037\251\367\373\2626\210\017:\331.\353\264q\230\345Q\346)\360\353\303\251\327\306\301\243\202\264\177=r\002 \022\010p\035\213\325\024\325\001\242\372\252\247\275\223\226\022\310\004\273\304\330\353v\231\344\270\354\255\252\321\006""; previousledger: ""0\355\311\211\352@\036\313K1\024B\343N\323V\367s\355lu\324\374V\207\371F\260\325\345\213\261""; "
1750576780698,1750576780698,1033,1,0,4,TMProposeSet,"proposeSeq: 0; currentTxHash: ""\000\000\000\000\000\000\000\000\000\000\000\000\000\000\000\000\000\000\000\000\000\000\000\000\000\000\000\000\000\000\000\000""; nodePubKey: ""\002l\025\225/2Mi\010\252)\240F\276k\254\301;\200wg}s\364.8S\354U\206\025\244\006""; closeTime: 803891980; signature: ""0D\002 \037\251\367\373\2626\210\017:\331.\353\264q\230\345Q\346)\360\353\303\251\327\306\301\243\202\264\177=r\002 \022\010p\035\213\325\024\325\001\242\372\252\247\275\223\226\022\310\004\273\304\330\353v\231\344\270\354\255\252\321\006""; previousledger: ""0\355\311\211\352@\036\313K1\024B\343N\323V\367s\355lu\324\374V\207\371F\260\325\345\213\261""; ","proposeSeq: 0; currentTxHash: ""\000\000\000\000\000\000\000\000\000\000\000\000\000\000\000\000\000\000\000\000\000\000\000\000\000\000\000\000\000\000\000\000""; nodePubKey: ""\002l\025\225/2Mi\010\252)\240F\276k\254\301;\200wg}s\364.8S\354U\206\025\244\006""; closeTime: 803891980; signature: ""0D\002 \037\251\367\373\2626\210\017:\331.\353\264q\230\345Q\346)\360\353\303\251\327\306\301\243\202\264\177=r\002 \022\010p\035\213\325\024\325\001\242\372\252\247\275\223\226\022\310\004\273\304\330\353v\231\344\270\354\255\252\321\006""; previousledger: ""0\355\311\211\352@\036\313K1\024B\343N\323V\367s\355lu\324\374V\207\371F\260\325\345\213\261""; "
1750576780698,1750576780698,1134,1,0,2,TMProposeSet,"proposeSeq: 0; currentTxHash: ""\000\000\000\000\000\000\000\000\000\000\000\000\000\000\000\000\000\000\000\000\000\000\000\000\000\000\000\000\000\000\000\000""; nodePubKey: ""\002l\025\225/2Mi\010\252)\240F\276k\254\301;\200wg}s\364.8S\354U\206\025\244\006""; closeTime: 803891980; signature: ""0D\002 \037\251\367\373\2626\210\017:\331.\353\264q\230\345Q\346)\360\353\303\251\327\306\301\243\202\264\177=r\002 \022\010p\035\213\325\024\325\001\242\372\252\247\275\223\226\022\310\004\273\304\330\353v\231\344\270\354\255\252\321\006""; previousledger: ""0\355\311\211\352@\036\313K1\024B\343N\323V\367s\355lu\324\374V\207\371F\260\325\345\213\261""; ","proposeSeq: 0; currentTxHash: ""\000\000\000\000\000\000\000\000\000\000\000\000\000\000\000\000\000\000\000\000\000\000\000\000\000\000\000\000\000\000\000\000""; nodePubKey: ""\002l\025\225/2Mi\010\252)\240F\276k\254\301;\200wg}s\364.8S\354U\206\025\244\006""; closeTime: 803891980; signature: ""0D\002 \037\251\367\373\2626\210\017:\331.\353\264q\230\345Q\346)\360\353\303\251\327\306\301\243\202\264\177=r\002 \022\010p\035\213\325\024\325\001\242\372\252\247\275\223\226\022\310\004\273\304\330\353v\231\344\270\354\255\252\321\006""; previousledger: ""0\355\311\211\352@\036\313K1\024B\343N\323V\367s\355lu\324\374V\207\371F\260\325\345\213\261""; "
1750576780868,1750576780868,0,1,4,2,TMProposeSet,"proposeSeq: 0; currentTxHash: ""\000\000\000\000\000\000\000\000\000\000\000\000\000\000\000\000\000\000\000\000\000\000\000\000\000\000\000\000\000\000\000\000""; nodePubKey: ""\003\371#:S\022\X\277\344\034\253'\365\230\361\211p\037\000R\265\215-7o\002\210\025\275\344qQ""; closeTime: 803891980; signature: ""0E\002!\000\272\343\324\365~\213\rD\373<\337u\333*\251<g\2614@\335\362e\3241\t\373->w:s\002 b\030w\250+WEK\327R0X\302J\270\255+\024\321\022\005\010f\0328\300^\253\260\035b\316""; previousledger: ""0\355\311\211\352@\036\313K1\024B\343N\323V\367s\355lu\324\374V\207\371F\260\325\345\213\261""; ","proposeSeq: 0; currentTxHash: ""\000\000\000\000\000\000\000\000\000\000\000\000\000\000\000\000\000\000\000\000\000\000\000\000\000\000\000\000\000\000\000\000""; nodePubKey: ""\003\371#:S\022\X\277\344\034\253'\365\230\361\211p\037\000R\265\215-7o\002\210\025\275\344qQ""; closeTime: 803891980; signature: ""0E\002!\000\272\343\324\365~\213\rD\373<\337u\333*\251<g\2614@\335\362e\3241\t\373->w:s\002 b\030w\250+WEK\327R0X\302J\270\255+\024\321\022\005\010f\0328\300^\253\260\035b\316""; previousledger: ""0\355\311\211\352@\036\313K1\024B\343N\323V\367s\355lu\324\374V\207\371F\260\325\345\213\261""; "
1750576780870,1750576780870,3064,1,4,3,TMProposeSet,"proposeSeq: 0; currentTxHash: ""\000\000\000\000\000\000\000\000\000\000\000\000\000\000\000\000\000\000\000\000\000\000\000\000\000\000\000\000\000\000\000\000""; nodePubKey: ""\003\371#:S\022\X\277\344\034\253'\365\230\361\211p\037\000R\265\215-7o\002\210\025\275\344qQ""; closeTime: 803891980; signature: ""0E\002!\000\272\343\324\365~\213\rD\373<\337u\333*\251<g\2614@\335\362e\3241\t\373->w:s\002 b\030w\250+WEK\327R0X\302J\270\255+\024\321\022\005\010f\0328\300^\253\260\035b\316""; previousledger: ""0\355\311\211\352@\036\313K1\024B\343N\323V\367s\355lu\324\374V\207\371F\260\325\345\213\261""; ","proposeSeq: 0; currentTxHash: ""\000\000\000\000\000\000\000\000\000\000\000\000\000\000\000\000\000\000\000\000\000\000\000\000\000\000\000\000\000\000\000\000""; nodePubKey: ""\003\371#:S\022\X\277\344\034\253'\365\230\361\211p\037\000R\265\215-7o\002\210\025\275\344qQ""; closeTime: 803891980; signature: ""0E\002!\000\272\343\324\365~\213\rD\373<\337u\333*\251<g\2614@\335\362e\3241\t\373->w:s\002 b\030w\250+WEK\327R0X\302J\270\255+\024\321\022\005\010f\0328\300^\253\260\035b\316""; previousledger: ""0\355\311\211\352@\036\313K1\024B\343N\323V\367s\355lu\324\374V\207\371F\260\325\345\213\261""; "
1750576780872,1750576780872,3036,1,4,0,TMProposeSet,"proposeSeq: 0; currentTxHash: ""\000\000\000\000\000\000\000\000\000\000\000\000\000\000\000\000\000\000\000\000\000\000\000\000\000\000\000\000\000\000\000\000""; nodePubKey: ""\003\371#:S\022\X\277\344\034\253'\365\230\361\211p\037\000R\265\215-7o\002\210\025\275\344qQ""; closeTime: 803891980; signature: ""0E\002!\000\272\343\324\365~\213\rD\373<\337u\333*\251<g\2614@\335\362e\3241\t\373->w:s\002 b\030w\250+WEK\327R0X\302J\270\255+\024\321\022\005\010f\0328\300^\253\260\035b\316""; previousledger: ""0\355\311\211\352@\036\313K1\024B\343N\323V\367s\355lu\324\374V\207\371F\260\325\345\213\261""; ","proposeSeq: 0; currentTxHash: ""\000\000\000\000\000\000\000\000\000\000\000\000\000\000\000\000\000\000\000\000\000\000\000\000\000\000\000\000\000\000\000\000""; nodePubKey: ""\003\371#:S\022\X\277\344\034\253'\365\230\361\211p\037\000R\265\215-7o\002\210\025\275\344qQ""; closeTime: 803891980; signature: ""0E\002!\000\272\343\324\365~\213\rD\373<\337u\333*\251<g\2614@\335\362e\3241\t\373->w:s\002 b\030w\250+WEK\327R0X\302J\270\255+\024\321\022\005\010f\0328\300^\253\260\035b\316""; previousledger: ""0\355\311\211\352@\036\313K1\024B\343N\323V\367s\355lu\324\374V\207\371F\260\325\345\213\261""; "
1750576780874,1750576780874,1529,1,2,0,TMProposeSet,"proposeSeq: 0; currentTxHash: ""\000\000\000\000\000\000\000\000\000\000\000\000\000\000\000\000\000\000\000\000\000\000\000\000\000\000\000\000\000\000\000\000""; nodePubKey: ""\003\371#:S\022\X\277\344\034\253'\365\230\361\211p\037\000R\265\215-7o\002\210\025\275\344qQ""; closeTime: 803891980; signature: ""0E\002!\000\272\343\324\365~\213\rD\373<\337u\333*\251<g\2614@\335\362e\3241\t\373->w:s\002 b\030w\250+WEK\327R0X\302J\270\255+\024\321\022\005\010f\0328\300^\253\260\035b\316""; previousledger: ""0\355\311\211\352@\036\313K1\024B\343N\323V\367s\355lu\324\374V\207\371F\260\325\345\213\261""; ","proposeSeq: 0; currentTxHash: ""\000\000\000\000\000\000\000\000\000\000\000\000\000\000\000\000\000\000\000\000\000\000\000\000\000\000\000\000\000\000\000\000""; nodePubKey: ""\003\371#:S\022\X\277\344\034\253'\365\230\361\211p\037\000R\265\215-7o\002\210\025\275\344qQ""; closeTime: 803891980; signature: ""0E\002!\000\272\343\324\365~\213\rD\373<\337u\333*\251<g\2614@\335\362e\3241\t\373->w:s\002 b\030w\250+WEK\327R0X\302J\270\255+\024\321\022\005\010f\0328\300^\253\260\035b\316""; previousledger: ""0\355\311\211\352@\036\313K1\024B\343N\323V\367s\355lu\324\374V\207\371F\260\325\345\213\261""; "
1750576780874,1750576780875,1191,1,2,1,TMProposeSet,"proposeSeq: 0; currentTxHash: ""\000\000\000\000\000\000\000\000\000\000\000\000\000\000\000\000\000\000\000\000\000\000\000\000\000\000\000\000\000\000\000\000""; nodePubKey: ""\003\371#:S\022\X\277\344\034\253'\365\230\361\211p\037\000R\265\215-7o\002\210\025\275\344qQ""; closeTime: 803891980; signature: ""0E\002!\000\272\343\324\365~\213\rD\373<\337u\333*\251<g\2614@\335\362e\3241\t\373->w:s\002 b\030w\250+WEK\327R0X\302J\270\255+\024\321\022\005\010f\0328\300^\253\260\035b\316""; previousledger: ""0\355\311\211\352@\036\313K1\024B\343N\323V\367s\355lu\324\374V\207\371F\260\325\345\213\261""; ","proposeSeq: 0; currentTxHash: ""\000\000\000\000\000\000\000\000\000\000\000\000\000\000\000\000\000\000\000\000\000\000\000\000\000\000\000\000\000\000\000\000""; nodePubKey: ""\003\371#:S\022\X\277\344\034\253'\365\230\361\211p\037\000R\265\215-7o\002\210\025\275\344qQ""; closeTime: 803891980; signature: ""0E\002!\000\272\343\324\365~\213\rD\373<\337u\333*\251<g\2614@\335\362e\3241\t\373->w:s\002 b\030w\250+WEK\327R0X\302J\270\255+\024\321\022\005\010f\0328\300^\253\260\035b\316""; previousledger: ""0\355\311\211\352@\036\313K1\024B\343N\323V\367s\355lu\324\374V\207\371F\260\325\345\213\261""; "
1750576780872,1750576780872,2904,1,4,1,TMProposeSet,"proposeSeq: 0; currentTxHash: ""\000\000\000\000\000\000\000\000\000\000\000\000\000\000\000\000\000\000\000\000\000\000\000\000\000\000\000\000\000\000\000\000""; nodePubKey: ""\003\371#:S\022\X\277\344\034\253'\365\230\361\211p\037\000R\265\215-7o\002\210\025\275\344qQ""; closeTime: 803891980; signature: ""0E\002!\000\272\343\324\365~\213\rD\373<\337u\333*\251<g\2614@\335\362e\3241\t\373->w:s\002 b\030w\250+WEK\327R0X\302J\270\255+\024\321\022\005\010f\0328\300^\253\260\035b\316""; previousledger: ""0\355\311\211\352@\036\313K1\024B\343N\323V\367s\355lu\324\374V\207\371F\260\325\345\213\261""; ","proposeSeq: 0; currentTxHash: ""\000\000\000\000\000\000\000\000\000\000\000\000\000\000\000\000\000\000\000\000\000\000\000\000\000\000\000\000\000\000\000\000""; nodePubKey: ""\003\371#:S\022\X\277\344\034\253'\365\230\361\211p\037\000R\265\215-7o\002\210\025\275\344qQ""; closeTime: 803891980; signature: ""0E\002!\000\272\343\324\365~\213\rD\373<\337u\333*\251<g\2614@\335\362e\3241\t\373->w:s\002 b\030w\250+WEK\327R0X\302J\270\255+\024\321\022\005\010f\0328\300^\253\260\035b\316""; previousledger: ""0\355\311\211\352@\036\313K1\024B\343N\323V\367s\355lu\324\374V\207\371F\260\325\345\213\261""; "
1750576780874,1750576780874,1630,1,2,3,TMProposeSet,"proposeSeq: 0; currentTxHash: ""\000\000\000\000\000\000\000\000\000\000\000\000\000\000\000\000\000\000\000\000\000\000\000\000\000\000\000\000\000\000\000\000""; nodePubKey: ""\003\371#:S\022\X\277\344\034\253'\365\230\361\211p\037\000R\265\215-7o\002\210\025\275\344qQ""; closeTime: 803891980; signature: ""0E\002!\000\272\343\324\365~\213\rD\373<\337u\333*\251<g\2614@\335\362e\3241\t\373->w:s\002 b\030w\250+WEK\327R0X\302J\270\255+\024\321\022\005\010f\0328\300^\253\260\035b\316""; previousledger: ""0\355\311\211\352@\036\313K1\024B\343N\323V\367s\355lu\324\374V\207\371F\260\325\345\213\261""; ","proposeSeq: 0; currentTxHash: ""\000\000\000\000\000\000\000\000\000\000\000\000\000\000\000\000\000\000\000\000\000\000\000\000\000\000\000\000\000\000\000\000""; nodePubKey: ""\003\371#:S\022\X\277\344\034\253'\365\230\361\211p\037\000R\265\215-7o\002\210\025\275\344qQ""; closeTime: 803891980; signature: ""0E\002!\000\272\343\324\365~\213\rD\373<\337u\333*\251<g\2614@\335\362e\3241\t\373->w:s\002 b\030w\250+WEK\327R0X\302J\270\255+\024\321\022\005\010f\0328\300^\253\260\035b\316""; previousledger: ""0\355\311\211\352@\036\313K1\024B\343N\323V\367s\355lu\324\374V\207\371F\260\325\345\213\261""; "
1750576780911,1750576780911,920,1,0,3,TMProposeSet,"proposeSeq: 0; currentTxHash: ""\000\000\000\000\000\000\000\000\000\000\000\000\000\000\000\000\000\000\000\000\000\000\000\000\000\000\000\000\000\000\000\000""; nodePubKey: ""\003i)e\226\372N\250\220\343\313\000^\252ua\277:W\233\010\236\376G>\347\257/\214RJ\t<""; closeTime: 803891980; signature: ""0D\002 C\330j'\274\034\3201\205\306L""\270\003\024\220\242`{EB!m\347\013n+\313\024\007\360\235\002 T\234\013\315\221\312\272\246\027\370\326\255\233\376s\255a>\006\236\355/\320|\264\270W+\214'o\032""; previousledger: ""0\355\311\211\352@\036\313K1\024B\343N\323V\367s\355lu\324\374V\207\371F\260\325\345\213\261""; ","proposeSeq: 0; currentTxHash: ""\000\000\000\000\000\000\000\000\000\000\000\000\000\000\000\000\000\000\000\000\000\000\000\000\000\000\000\000\000\000\000\000""; nodePubKey: ""\003i)e\226\372N\250\220\343\313\000^\252ua\277:W\233\010\236\376G>\347\257/\214RJ\t<""; closeTime: 803891980; signature: ""0D\002 C\330j'\274\034\3201\205\306L""\270\003\024\220\242`{EB!m\347\013n+\313\024\007\360\235\002 T\234\013\315\221\312\272\246\027\370\326\255\233\376s\255a>\006\236\355/\320|\264\270W+\214'o\032""; previousledger: ""0\355\311\211\352@\036\313K1\024B\343N\323V\367s\355lu\324\374V\207\371F\260\325\345\213\261""; "
1750576780913,1750576780913,1134,1,0,2,TMProposeSet,"proposeSeq: 0; currentTxHash: ""\000\000\000\000\000\000\000\000\000\000\000\000\000\000\000\000\000\000\000\000\000\000\000\000\000\000\000\000\000\000\000\000""; nodePubKey: ""\003i)e\226\372N\250\220\343\313\000^\252ua\277:W\233\010\236\376G>\347\257/\214RJ\t<""; closeTime: 803891980; signature: ""0D\002 C\330j'\274\034\3201\205\306L""\270\003\024\220\242`{EB!m\347\013n+\313\024\007\360\235\002 T\234\013\315\221\312\272\246\027\370\326\255\233\376s\255a>\006\236\355/\320|\264\270W+\214'o\032""; previousledger: ""0\355\311\211\352@\036\313K1\024B\343N\323V\367s\355lu\324\374V\207\371F\260\325\345\213\261""; ","proposeSeq: 0; currentTxHash: ""\000\000\000\000\000\000\000\000\000\000\000\000\000\000\000\000\000\000\000\000\000\000\000\000\000\000\000\000\000\000\000\000""; nodePubKey: ""\003i)e\226\372N\250\220\343\313\000^\252ua\277:W\233\010\236\376G>\347\257/\214RJ\t<""; closeTime: 803891980; signature: ""0D\002 C\330j'\274\034\3201\205\306L""\270\003\024\220\242`{EB!m\347\013n+\313\024\007\360\235\002 T\234\013\315\221\312\272\246\027\370\326\255\233\376s\255a>\006\236\355/\320|\264\270W+\214'o\032""; previousledger: ""0\355\311\211\352@\036\313K1\024B\343N\323V\367s\355lu\324\374V\207\371F\260\325\345\213\261""; "
1750576780914,1750576780914,1032,1,0,1,TMProposeSet,"proposeSeq: 0; currentTxHash: ""\000\000\000\000\000\000\000\000\000\000\000\000\000\000\000\000\000\000\000\000\000\000\000\000\000\000\000\000\000\000\000\000""; nodePubKey: ""\003i)e\226\372N\250\220\343\313\000^\252ua\277:W\233\010\236\376G>\347\257/\214RJ\t<""; closeTime: 803891980; signature: ""0D\002 C\330j'\274\034\3201\205\306L""\270\003\024\220\242`{EB!m\347\013n+\313\024\007\360\235\002 T\234\013\315\221\312\272\246\027\370\326\255\233\376s\255a>\006\236\355/\320|\264\270W+\214'o\032""; previousledger: ""0\355\311\211\352@\036\313K1\024B\343N\323V\367s\355lu\324\374V\207\371F\260\325\345\213\261""; ","proposeSeq: 0; currentTxHash: ""\000\000\000\000\000\000\000\000\000\000\000\000\000\000\000\000\000\000\000\000\000\000\000\000\000\000\000\000\000\000\000\000""; nodePubKey: ""\003i)e\226\372N\250\220\343\313\000^\252ua\277:W\233\010\236\376G>\347\257/\214RJ\t<""; closeTime: 803891980; signature: ""0D\002 C\330j'\274\034\3201\205\306L""\270\003\024\220\242`{EB!m\347\013n+\313\024\007\360\235\002 T\234\013\315\221\312\272\246\027\370\326\255\233\376s\255a>\006\236\355/\320|\264\270W+\214'o\032""; previousledger: ""0\355\311\211\352@\036\313K1\024B\343N\323V\367s\355lu\324\374V\207\371F\260\325\345\213\261""; "
1750576780914,1750576780914,1033,1,0,4,TMProposeSet,"proposeSeq: 0; currentTxHash: ""\000\000\000\000\000\000\000\000\000\000\000\000\000\000\000\000\000\000\000\000\000\000\000\000\000\000\000\000\000\000\000\000""; nodePubKey: ""\003i)e\226\372N\250\220\343\313\000^\252ua\277:W\233\010\236\376G>\347\257/\214RJ\t<""; closeTime: 803891980; signature: ""0D\002 C\330j'\274\034\3201\205\306L""\270\003\024\220\242`{EB!m\347\013n+\313\024\007\360\235\002 T\234\013\315\221\312\272\246\027\370\326\255\233\376s\255a>\006\236\355/\320|\264\270W+\214'o\032""; previousledger: ""0\355\311\211\352@\036\313K1\024B\343N\323V\367s\355lu\324\374V\207\371F\260\325\345\213\261""; ","proposeSeq: 0; currentTxHash: ""\000\000\000\000\000\000\000\000\000\000\000\000\000\000\000\000\000\000\000\000\000\000\000\000\000\000\000\000\000\000\000\000""; nodePubKey: ""\003i)e\226\372N\250\220\343\313\000^\252ua\277:W\233\010\236\376G>\347\257/\214RJ\t<""; closeTime: 803891980; signature: ""0D\002 C\330j'\274\034\3201\205\306L""\270\003\024\220\242`{EB!m\347\013n+\313\024\007\360\235\002 T\234\013\315\221\312\272\246\027\370\326\255\233\376s\255a>\006\236\355/\320|\264\270W+\214'o\032""; previousledger: ""0\355\311\211\352@\036\313K1\024B\343N\323V\367s\355lu\324\374V\207\371F\260\325\345\213\261""; "
1750576780869,1750576780930,1182,1,4,3,TMStatusChange,"newEvent: neCLOSING_LEDGER; ledgerSeq: 2; ledgerHash: ""0\355\311\211\352@\036\313K1\024B\343N\323V\367s\355lu\324\374V\207\371F\260\325\345\213\261""; ledgerHashPrevious: ""-}\351f\032\255\274\334m\326c\017\014ao[\342\230\003\245\245\3341Hm\326^\017jy\335\261""; networkTime: 803891980; firstSeq: 1; lastSeq: 1; ","newEvent: neCLOSING_LEDGER; ledgerSeq: 2; ledgerHash: ""0\355\311\211\352@\036\313K1\024B\343N\323V\367s\355lu\324\374V\207\371F\260\325\345\213\261""; ledgerHashPrevious: ""-}\351f\032\255\274\334m\326c\017\014ao[\342\230\003\245\245\3341Hm\326^\017jy\335\261""; networkTime: 803891980; firstSeq: 1; lastSeq: 1; "
1750576780871,1750576780930,2968,1,4,2,TMStatusChange,"newEvent: neCLOSING_LEDGER; ledgerSeq: 2; ledgerHash: ""0\355\311\211\352@\036\313K1\024B\343N\323V\367s\355lu\324\374V\207\371F\260\325\345\213\261""; ledgerHashPrevious: ""-}\351f\032\255\274\334m\326c\017\014ao[\342\230\003\245\245\3341Hm\326^\017jy\335\261""; networkTime: 803891980; firstSeq: 1; lastSeq: 1; ","newEvent: neCLOSING_LEDGER; ledgerSeq: 2; ledgerHash: ""0\355\311\211\352@\036\313K1\024B\343N\323V\367s\355lu\324\374V\207\371F\260\325\345\213\261""; ledgerHashPrevious: ""-}\351f\032\255\274\334m\326c\017\014ao[\342\230\003\245\245\3341Hm\326^\017jy\335\261""; networkTime: 803891980; firstSeq: 1; lastSeq: 1; "
1750576780871,1750576780930,2906,1,4,0,TMStatusChange,"newEvent: neCLOSING_LEDGER; ledgerSeq: 2; ledgerHash: ""0\355\311\211\352@\036\313K1\024B\343N\323V\367s\355lu\324\374V\207\371F\260\325\345\213\261""; ledgerHashPrevious: ""-}\351f\032\255\274\334m\326c\017\014ao[\342\230\003\245\245\3341Hm\326^\017jy\335\261""; networkTime: 803891980; firstSeq: 1; lastSeq: 1; ","newEvent: neCLOSING_LEDGER; ledgerSeq: 2; ledgerHash: ""0\355\311\211\352@\036\313K1\024B\343N\323V\367s\355lu\324\374V\207\371F\260\325\345\213\261""; ledgerHashPrevious: ""-}\351f\032\255\274\334m\326c\017\014ao[\342\230\003\245\245\3341Hm\326^\017jy\335\261""; networkTime: 803891980; firstSeq: 1; lastSeq: 1; "
1750576780872,1750576780931,688,1,4,1,TMStatusChange,"newEvent: neCLOSING_LEDGER; ledgerSeq: 2; ledgerHash: ""0\355\311\211\352@\036\313K1\024B\343N\323V\367s\355lu\324\374V\207\371F\260\325\345\213\261""; ledgerHashPrevious: ""-}\351f\032\255\274\334m\326c\017\014ao[\342\230\003\245\245\3341Hm\326^\017jy\335\261""; networkTime: 803891980; firstSeq: 1; lastSeq: 1; ","newEvent: neCLOSING_LEDGER; ledgerSeq: 2; ledgerHash: ""0\355\311\211\352@\036\313K1\024B\343N\323V\367s\355lu\324\374V\207\371F\260\325\345\213\261""; ledgerHashPrevious: ""-}\351f\032\255\274\334m\326c\017\014ao[\342\230\003\245\245\3341Hm\326^\017jy\335\261""; networkTime: 803891980; firstSeq: 1; lastSeq: 1; "
1750576780911,1750576780994,431,1,0,3,TMStatusChange,"newEvent: neCLOSING_LEDGER; ledgerSeq: 2; ledgerHash: ""0\355\311\211\352@\036\313K1\024B\343N\323V\367s\355lu\324\374V\207\371F\260\325\345\213\261""; ledgerHashPrevious: ""-}\351f\032\255\274\334m\326c\017\014ao[\342\230\003\245\245\3341Hm\326^\017jy\335\261""; networkTime: 803891980; firstSeq: 1; lastSeq: 1; ","newEvent: neCLOSING_LEDGER; ledgerSeq: 2; ledgerHash: ""0\355\311\211\352@\036\313K1\024B\343N\323V\367s\355lu\324\374V\207\371F\260\325\345\213\261""; ledgerHashPrevious: ""-}\351f\032\255\274\334m\326c\017\014ao[\342\230\003\245\245\3341Hm\326^\017jy\335\261""; networkTime: 803891980; firstSeq: 1; lastSeq: 1; "
1750576780911,1750576780994,1592,1,0,2,TMStatusChange,"newEvent: neCLOSING_LEDGER; ledgerSeq: 2; ledgerHash: ""0\355\311\211\352@\036\313K1\024B\343N\323V\367s\355lu\324\374V\207\371F\260\325\345\213\261""; ledgerHashPrevious: ""-}\351f\032\255\274\334m\326c\017\014ao[\342\230\003\245\245\3341Hm\326^\017jy\335\261""; networkTime: 803891980; firstSeq: 1; lastSeq: 1; ","newEvent: neCLOSING_LEDGER; ledgerSeq: 2; ledgerHash: ""0\355\311\211\352@\036\313K1\024B\343N\323V\367s\355lu\324\374V\207\371F\260\325\345\213\261""; ledgerHashPrevious: ""-}\351f\032\255\274\334m\326c\017\014ao[\342\230\003\245\245\3341Hm\326^\017jy\335\261""; networkTime: 803891980; firstSeq: 1; lastSeq: 1; "
1750576780912,1750576780995,2242,1,0,4,TMStatusChange,"newEvent: neCLOSING_LEDGER; ledgerSeq: 2; ledgerHash: ""0\355\311\211\352@\036\313K1\024B\343N\323V\367s\355lu\324\374V\207\371F\260\325\345\213\261""; ledgerHashPrevious: ""-}\351f\032\255\274\334m\326c\017\014ao[\342\230\003\245\245\3341Hm\326^\017jy\335\261""; networkTime: 803891980; firstSeq: 1; lastSeq: 1; ","newEvent: neCLOSING_LEDGER; ledgerSeq: 2; ledgerHash: ""0\355\311\211\352@\036\313K1\024B\343N\323V\367s\355lu\324\374V\207\371F\260\325\345\213\261""; ledgerHashPrevious: ""-}\351f\032\255\274\334m\326c\017\014ao[\342\230\003\245\245\3341Hm\326^\017jy\335\261""; networkTime: 803891980; firstSeq: 1; lastSeq: 1; "
1750576780913,1750576780995,3083,1,0,1,TMStatusChange,"newEvent: neCLOSING_LEDGER; ledgerSeq: 2; ledgerHash: ""0\355\311\211\352@\036\313K1\024B\343N\323V\367s\355lu\324\374V\207\371F\260\325\345\213\261""; ledgerHashPrevious: ""-}\351f\032\255\274\334m\326c\017\014ao[\342\230\003\245\245\3341Hm\326^\017jy\335\261""; networkTime: 803891980; firstSeq: 1; lastSeq: 1; ","newEvent: neCLOSING_LEDGER; ledgerSeq: 2; ledgerHash: ""0\355\311\211\352@\036\313K1\024B\343N\323V\367s\355lu\324\374V\207\371F\260\325\345\213\261""; ledgerHashPrevious: ""-}\351f\032\255\274\334m\326c\017\014ao[\342\230\003\245\245\3341Hm\326^\017jy\335\261""; networkTime: 803891980; firstSeq: 1; lastSeq: 1; "
1750576780999,1750576780999,3637,1,3,4,TMProposeSet,"proposeSeq: 0; currentTxHash: ""\000\000\000\000\000\000\000\000\000\000\000\000\000\000\000\000\000\000\000\000\000\000\000\000\000\000\000\000\000\000\000\000""; nodePubKey: ""\003\365\211\205\353\0100\270r\333\225\227Y\025\355!\235\nf\352n\302\032\014\344\364\324\262\351""\225OF""; closeTime: 803891980; signature: ""0E\002!\000\373`j\203 D\341\224o\256\232\226\2644f\255\211\346\005\310\232>\3670>\004\223\265\2172\241\321\002 `/8\307\232\013\253\016S\213=GN3:\377\274\240\316Q(k\027\361\3437\345v\007Y\254|""; previousledger: ""0\355\311\211\352@\036\313K1\024B\343N\323V\367s\355lu\324\374V\207\371F\260\325\345\213\261""; ","proposeSeq: 0; currentTxHash: ""\000\000\000\000\000\000\000\000\000\000\000\000\000\000\000\000\000\000\000\000\000\000\000\000\000\000\000\000\000\000\000\000""; nodePubKey: ""\003\365\211\205\353\0100\270r\333\225\227Y\025\355!\235\nf\352n\302\032\014\344\364\324\262\351""\225OF""; closeTime: 803891980; signature: ""0E\002!\000\373`j\203 D\341\224o\256\232\226\2644f\255\211\346\005\310\232>\3670>\004\223\265\2172\241\321\002 `/8\307\232\013\253\016S\213=GN3:\377\274\240\316Q(k\027\361\3437\345v\007Y\254|""; previousledger: ""0\355\311\211\352@\036\313K1\024B\343N\323V\367s\355lu\324\374V\207\371F\260\325\345\213\261""; "
1750576781000,1750576781000,746,1,3,2,TMProposeSet,"proposeSeq: 0; currentTxHash: ""\000\000\000\000\000\000\000\000\000\000\000\000\000\000\000\000\000\000\000\000\000\000\000\000\000\000\000\000\000\000\000\000""; nodePubKey: ""\003\365\211\205\353\0100\270r\333\225\227Y\025\355!\235\nf\352n\302\032\014\344\364\324\262\351""\225OF""; closeTime: 803891980; signature: ""0E\002!\000\373`j\203 D\341\224o\256\232\226\2644f\255\211\346\005\310\232>\3670>\004\223\265\2172\241\321\002 `/8\307\232\013\253\016S\213=GN3:\377\274\240\316Q(k\027\361\3437\345v\007Y\254|""; previousledger: ""0\355\311\211\352@\036\313K1\024B\343N\323V\367s\355lu\324\374V\207\371F\260\325\345\213\261""; ","proposeSeq: 0; currentTxHash: ""\000\000\000\000\000\000\000\000\000\000\000\000\000\000\000\000\000\000\000\000\000\000\000\000\000\000\000\000\000\000\000\000""; nodePubKey: ""\003\365\211\205\353\0100\270r\333\225\227Y\025\355!\235\nf\352n\302\032\014\344\364\324\262\351""\225OF""; closeTime: 803891980; signature: ""0E\002!\000\373`j\203 D\341\224o\256\232\226\2644f\255\211\346\005\310\232>\3670>\004\223\265\2172\241\321\002 `/8\307\232\013\253\016S\213=GN3:\377\274\240\316Q(k\027\361\3437\345v\007Y\254|""; previousledger: ""0\355\311\211\352@\036\313K1\024B\343N\323V\367s\355lu\324\374V\207\371F\260\325\345\213\261""; "
1750576781009,1750576781009,1930,1,3,0,TMProposeSet,"proposeSeq: 0; currentTxHash: ""\000\000\000\000\000\000\000\000\000\000\000\000\000\000\000\000\000\000\000\000\000\000\000\000\000\000\000\000\000\000\000\000""; nodePubKey: ""\003\365\211\205\353\0100\270r\333\225\227Y\025\355!\235\nf\352n\302\032\014\344\364\324\262\351""\225OF""; closeTime: 803891980; signature: ""0E\002!\000\373`j\203 D\341\224o\256\232\226\2644f\255\211\346\005\310\232>\3670>\004\223\265\2172\241\321\002 `/8\307\232\013\253\016S\213=GN3:\377\274\240\316Q(k\027\361\3437\345v\007Y\254|""; previousledger: ""0\355\311\211\352@\036\313K1\024B\343N\323V\367s\355lu\324\374V\207\371F\260\325\345\213\261""; ","proposeSeq: 0; currentTxHash: ""\000\000\000\000\000\000\000\000\000\000\000\000\000\000\000\000\000\000\000\000\000\000\000\000\000\000\000\000\000\000\000\000""; nodePubKey: ""\003\365\211\205\353\0100\270r\333\225\227Y\025\355!\235\nf\352n\302\032\014\344\364\324\262\351""\225OF""; closeTime: 803891980; signature: ""0E\002!\000\373`j\203 D\341\224o\256\232\226\2644f\255\211\346\005\310\232>\3670>\004\223\265\2172\241\321\002 `/8\307\232\013\253\016S\213=GN3:\377\274\240\316Q(k\027\361\3437\345v\007Y\254|""; previousledger: ""0\355\311\211\352@\036\313K1\024B\343N\323V\367s\355lu\324\374V\207\371F\260\325\345\213\261""; "
1750576781010,1750576781010,637,1,3,1,TMProposeSet,"proposeSeq: 0; currentTxHash: ""\000\000\000\000\000\000\000\000\000\000\000\000\000\000\000\000\000\000\000\000\000\000\000\000\000\000\000\000\000\000\000\000""; nodePubKey: ""\003\365\211\205\353\0100\270r\333\225\227Y\025\355!\235\nf\352n\302\032\014\344\364\324\262\351""\225OF""; closeTime: 803891980; signature: ""0E\002!\000\373`j\203 D\341\224o\256\232\226\2644f\255\211\346\005\310\232>\3670>\004\223\265\2172\241\321\002 `/8\307\232\013\253\016S\213=GN3:\377\274\240\316Q(k\027\361\3437\345v\007Y\254|""; previousledger: ""0\355\311\211\352@\036\313K1\024B\343N\323V\367s\355lu\324\374V\207\371F\260\325\345\213\261""; ","proposeSeq: 0; currentTxHash: ""\000\000\000\000\000\000\000\000\000\000\000\000\000\000\000\000\000\000\000\000\000\000\000\000\000\000\000\000\000\000\000\000""; nodePubKey: ""\003\365\211\205\353\0100\270r\333\225\227Y\025\355!\235\nf\352n\302\032\014\344\364\324\262\351""\225OF""; closeTime: 803891980; signature: ""0E\002!\000\373`j\203 D\341\224o\256\232\226\2644f\255\211\346\005\310\232>\3670>\004\223\265\2172\241\321\002 `/8\307\232\013\253\016S\213=GN3:\377\274\240\316Q(k\027\361\3437\345v\007Y\254|""; previousledger: ""0\355\311\211\352@\036\313K1\024B\343N\323V\367s\355lu\324\374V\207\371F\260\325\345\213\261""; "
1750576780998,1750576781046,3950,1,3,4,TMStatusChange,"newEvent: neCLOSING_LEDGER; ledgerSeq: 2; ledgerHash: ""0\355\311\211\352@\036\313K1\024B\343N\323V\367s\355lu\324\374V\207\371F\260\325\345\213\261""; ledgerHashPrevious: ""-}\351f\032\255\274\334m\326c\017\014ao[\342\230\003\245\245\3341Hm\326^\017jy\335\261""; networkTime: 803891980; firstSeq: 1; lastSeq: 1; ","newEvent: neCLOSING_LEDGER; ledgerSeq: 2; ledgerHash: ""0\355\311\211\352@\036\313K1\024B\343N\323V\367s\355lu\324\374V\207\371F\260\325\345\213\261""; ledgerHashPrevious: ""-}\351f\032\255\274\334m\326c\017\014ao[\342\230\003\245\245\3341Hm\326^\017jy\335\261""; networkTime: 803891980; firstSeq: 1; lastSeq: 1; "
1750576781000,1750576781047,2439,1,3,2,TMStatusChange,"newEvent: neCLOSING_LEDGER; ledgerSeq: 2; ledgerHash: ""0\355\311\211\352@\036\313K1\024B\343N\323V\367s\355lu\324\374V\207\371F\260\325\345\213\261""; ledgerHashPrevious: ""-}\351f\032\255\274\334m\326c\017\014ao[\342\230\003\245\245\3341Hm\326^\017jy\335\261""; networkTime: 803891980; firstSeq: 1; lastSeq: 1; ","newEvent: neCLOSING_LEDGER; ledgerSeq: 2; ledgerHash: ""0\355\311\211\352@\036\313K1\024B\343N\323V\367s\355lu\324\374V\207\371F\260\325\345\213\261""; ledgerHashPrevious: ""-}\351f\032\255\274\334m\326c\017\014ao[\342\230\003\245\245\3341Hm\326^\017jy\335\261""; networkTime: 803891980; firstSeq: 1; lastSeq: 1; "
1750576781000,1750576781048,1216,1,3,0,TMStatusChange,"newEvent: neCLOSING_LEDGER; ledgerSeq: 2; ledgerHash: ""0\355\311\211\352@\036\313K1\024B\343N\323V\367s\355lu\324\374V\207\371F\260\325\345\213\261""; ledgerHashPrevious: ""-}\351f\032\255\274\334m\326c\017\014ao[\342\230\003\245\245\3341Hm\326^\017jy\335\261""; networkTime: 803891980; firstSeq: 1; lastSeq: 1; ","newEvent: neCLOSING_LEDGER; ledgerSeq: 2; ledgerHash: ""0\355\311\211\352@\036\313K1\024B\343N\323V\367s\355lu\324\374V\207\371F\260\325\345\213\261""; ledgerHashPrevious: ""-}\351f\032\255\274\334m\326c\017\014ao[\342\230\003\245\245\3341Hm\326^\017jy\335\261""; networkTime: 803891980; firstSeq: 1; lastSeq: 1; "
1750576781011,1750576781049,754,1,3,1,TMStatusChange,"newEvent: neCLOSING_LEDGER; ledgerSeq: 2; ledgerHash: ""0\355\311\211\352@\036\313K1\024B\343N\323V\367s\355lu\324\374V\207\371F\260\325\345\213\261""; ledgerHashPrevious: ""-}\351f\032\255\274\334m\326c\017\014ao[\342\230\003\245\245\3341Hm\326^\017jy\335\261""; networkTime: 803891980; firstSeq: 1; lastSeq: 1; ","newEvent: neCLOSING_LEDGER; ledgerSeq: 2; ledgerHash: ""0\355\311\211\352@\036\313K1\024B\343N\323V\367s\355lu\324\374V\207\371F\260\325\345\213\261""; ledgerHashPrevious: ""-}\351f\032\255\274\334m\326c\017\014ao[\342\230\003\245\245\3341Hm\326^\017jy\335\261""; networkTime: 803891980; firstSeq: 1; lastSeq: 1; "
1750576781302,1750576781302,1657,1,1,4,TMProposeSet,"proposeSeq: 0; currentTxHash: ""\000\000\000\000\000\000\000\000\000\000\000\000\000\000\000\000\000\000\000\000\000\000\000\000\000\000\000\000\000\000\000\000""; nodePubKey: ""\002\373\236I\010\265\271ho\331/c\224%g\005\354]\344\350\r\030%u\255\364\002\226\221\370\363\332\331""; closeTime: 803891980; signature: ""0D\002 c\303k\365r\3012\206\262\021\307\023\364\034\341\271\365,\205\335\344R\234\014\253_0<\2233\376\026\002 M(\346\004\350\266a\361C\001}'\233\035\377\210R%\006C\177\237`\364\r\223\351\035\326\354_\356""; previousledger: ""0\355\311\211\352@\036\313K1\024B\343N\323V\367s\355lu\324\374V\207\371F\260\325\345\213\261""; ","proposeSeq: 0; currentTxHash: ""\000\000\000\000\000\000\000\000\000\000\000\000\000\000\000\000\000\000\000\000\000\000\000\000\000\000\000\000\000\000\000\000""; nodePubKey: ""\002\373\236I\010\265\271ho\331/c\224%g\005\354]\344\350\r\030%u\255\364\002\226\221\370\363\332\331""; closeTime: 803891980; signature: ""0D\002 c\303k\365r\3012\206\262\021\307\023\364\034\341\271\365,\205\335\344R\234\014\253_0<\2233\376\026\002 M(\346\004\350\266a\361C\001}'\233\035\377\210R%\006C\177\237`\364\r\223\351\035\326\354_\356""; previousledger: ""0\355\311\211\352@\036\313K1\024B\343N\323V\367s\355lu\324\374V\207\371F\260\325\345\213\261""; "
1750576781302,1750576781303,252,1,1,0,TMProposeSet,"proposeSeq: 0; currentTxHash: ""\000\000\000\000\000\000\000\000\000\000\000\000\000\000\000\000\000\000\000\000\000\000\000\000\000\000\000\000\000\000\000\000""; nodePubKey: ""\002\373\236I\010\265\271ho\331/c\224%g\005\354]\344\350\r\030%u\255\364\002\226\221\370\363\332\331""; closeTime: 803891980; signature: ""0D\002 c\303k\365r\3012\206\262\021\307\023\364\034\341\271\365,\205\335\344R\234\014\253_0<\2233\376\026\002 M(\346\004\350\266a\361C\001}'\233\035\377\210R%\006C\177\237`\364\r\223\351\035\326\354_\356""; previousledger: ""0\355\311\211\352@\036\313K1\024B\343N\323V\367s\355lu\324\374V\207\371F\260\325\345\213\261""; ","proposeSeq: 0; currentTxHash: ""\000\000\000\000\000\000\000\000\000\000\000\000\000\000\000\000\000\000\000\000\000\000\000\000\000\000\000\000\000\000\000\000""; nodePubKey: ""\002\373\236I\010\265\271ho\331/c\224%g\005\354]\344\350\r\030%u\255\364\002\226\221\370\363\332\331""; closeTime: 803891980; signature: ""0D\002 c\303k\365r\3012\206\262\021\307\023\364\034\341\271\365,\205\335\344R\234\014\253_0<\2233\376\026\002 M(\346\004\350\266a\361C\001}'\233\035\377\210R%\006C\177\237`\364\r\223\351\035\326\354_\356""; previousledger: ""0\355\311\211\352@\036\313K1\024B\343N\323V\367s\355lu\324\374V\207\371F\260\325\345\213\261""; "
1750576781303,1750576781303,2687,1,1,3,TMProposeSet,"proposeSeq: 0; currentTxHash: ""\000\000\000\000\000\000\000\000\000\000\000\000\000\000\000\000\000\000\000\000\000\000\000\000\000\000\000\000\000\000\000\000""; nodePubKey: ""\002\373\236I\010\265\271ho\331/c\224%g\005\354]\344\350\r\030%u\255\364\002\226\221\370\363\332\331""; closeTime: 803891980; signature: ""0D\002 c\303k\365r\3012\206\262\021\307\023\364\034\341\271\365,\205\335\344R\234\014\253_0<\2233\376\026\002 M(\346\004\350\266a\361C\001}'\233\035\377\210R%\006C\177\237`\364\r\223\351\035\326\354_\356""; previousledger: ""0\355\311\211\352@\036\313K1\024B\343N\323V\367s\355lu\324\374V\207\371F\260\325\345\213\261""; ","proposeSeq: 0; currentTxHash: ""\000\000\000\000\000\000\000\000\000\000\000\000\000\000\000\000\000\000\000\000\000\000\000\000\000\000\000\000\000\000\000\000""; nodePubKey: ""\002\373\236I\010\265\271ho\331/c\224%g\005\354]\344\350\r\030%u\255\364\002\226\221\370\363\332\331""; closeTime: 803891980; signature: ""0D\002 c\303k\365r\3012\206\262\021\307\023\364\034\341\271\365,\205\335\344R\234\014\253_0<\2233\376\026\002 M(\346\004\350\266a\361C\001}'\233\035\377\210R%\006C\177\237`\364\r\223\351\035\326\354_\356""; previousledger: ""0\355\311\211\352@\036\313K1\024B\343N\323V\367s\355lu\324\374V\207\371F\260\325\345\213\261""; "
1750576781556,1750576781556,920,1,0,3,TMProposeSet,"proposeSeq: 0; currentTxHash: ""\000\000\000\000\000\000\000\000\000\000\000\000\000\000\000\000\000\000\000\000\000\000\000\000\000\000\000\000\000\000\000\000""; nodePubKey: ""\002\373\236I\010\265\271ho\331/c\224%g\005\354]\344\350\r\030%u\255\364\002\226\221\370\363\332\331""; closeTime: 803891980; signature: ""0D\002 c\303k\365r\3012\206\262\021\307\023\364\034\341\271\365,\205\335\344R\234\014\253_0<\2233\376\026\002 M(\346\004\350\266a\361C\001}'\233\035\377\210R%\006C\177\237`\364\r\223\351\035\326\354_\356""; previousledger: ""0\355\311\211\352@\036\313K1\024B\343N\323V\367s\355lu\324\374V\207\371F\260\325\345\213\261""; ","proposeSeq: 0; currentTxHash: ""\000\000\000\000\000\000\000\000\000\000\000\000\000\000\000\000\000\000\000\000\000\000\000\000\000\000\000\000\000\000\000\000""; nodePubKey: ""\002\373\236I\010\265\271ho\331/c\224%g\005\354]\344\350\r\030%u\255\364\002\226\221\370\363\332\331""; closeTime: 803891980; signature: ""0D\002 c\303k\365r\3012\206\262\021\307\023\364\034\341\271\365,\205\335\344R\234\014\253_0<\2233\376\026\002 M(\346\004\350\266a\361C\001}'\233\035\377\210R%\006C\177\237`\364\r\223\351\035\326\354_\356""; previousledger: ""0\355\311\211\352@\036\313K1\024B\343N\323V\367s\355lu\324\374V\207\371F\260\325\345\213\261""; "
1750576781556,1750576781556,1033,1,0,4,TMProposeSet,"proposeSeq: 0; currentTxHash: ""\000\000\000\000\000\000\000\000\000\000\000\000\000\000\000\000\000\000\000\000\000\000\000\000\000\000\000\000\000\000\000\000""; nodePubKey: ""\002\373\236I\010\265\271ho\331/c\224%g\005\354]\344\350\r\030%u\255\364\002\226\221\370\363\332\331""; closeTime: 803891980; signature: ""0D\002 c\303k\365r\3012\206\262\021\307\023\364\034\341\271\365,\205\335\344R\234\014\253_0<\2233\376\026\002 M(\346\004\350\266a\361C\001}'\233\035\377\210R%\006C\177\237`\364\r\223\351\035\326\354_\356""; previousledger: ""0\355\311\211\352@\036\313K1\024B\343N\323V\367s\355lu\324\374V\207\371F\260\325\345\213\261""; ","proposeSeq: 0; currentTxHash: ""\000\000\000\000\000\000\000\000\000\000\000\000\000\000\000\000\000\000\000\000\000\000\000\000\000\000\000\000\000\000\000\000""; nodePubKey: ""\002\373\236I\010\265\271ho\331/c\224%g\005\354]\344\350\r\030%u\255\364\002\226\221\370\363\332\331""; closeTime: 803891980; signature: ""0D\002 c\303k\365r\3012\206\262\021\307\023\364\034\341\271\365,\205\335\344R\234\014\253_0<\2233\376\026\002 M(\346\004\350\266a\361C\001}'\233\035\377\210R%\006C\177\237`\364\r\223\351\035\326\354_\356""; previousledger: ""0\355\311\211\352@\036\313K1\024B\343N\323V\367s\355lu\324\374V\207\371F\260\325\345\213\261""; "
1750576781557,1750576781557,1134,1,0,2,TMProposeSet,"proposeSeq: 0; currentTxHash: ""\000\000\000\000\000\000\000\000\000\000\000\000\000\000\000\000\000\000\000\000\000\000\000\000\000\000\000\000\000\000\000\000""; nodePubKey: ""\002\373\236I\010\265\271ho\331/c\224%g\005\354]\344\350\r\030%u\255\364\002\226\221\370\363\332\331""; closeTime: 803891980; signature: ""0D\002 c\303k\365r\3012\206\262\021\307\023\364\034\341\271\365,\205\335\344R\234\014\253_0<\2233\376\026\002 M(\346\004\350\266a\361C\001}'\233\035\377\210R%\006C\177\237`\364\r\223\351\035\326\354_\356""; previousledger: ""0\355\311\211\352@\036\313K1\024B\343N\323V\367s\355lu\324\374V\207\371F\260\325\345\213\261""; ","proposeSeq: 0; currentTxHash: ""\000\000\000\000\000\000\000\000\000\000\000\000\000\000\000\000\000\000\000\000\000\000\000\000\000\000\000\000\000\000\000\000""; nodePubKey: ""\002\373\236I\010\265\271ho\331/c\224%g\005\354]\344\350\r\030%u\255\364\002\226\221\370\363\332\331""; closeTime: 803891980; signature: ""0D\002 c\303k\365r\3012\206\262\021\307\023\364\034\341\271\365,\205\335\344R\234\014\253_0<\2233\376\026\002 M(\346\004\350\266a\361C\001}'\233\035\377\210R%\006C\177\237`\364\r\223\351\035\326\354_\356""; previousledger: ""0\355\311\211\352@\036\313K1\024B\343N\323V\367s\355lu\324\374V\207\371F\260\325\345\213\261""; "
1750576781619,1750576781619,3637,1,3,4,TMProposeSet,"proposeSeq: 0; currentTxHash: ""\000\000\000\000\000\000\000\000\000\000\000\000\000\000\000\000\000\000\000\000\000\000\000\000\000\000\000\000\000\000\000\000""; nodePubKey: ""\002l\025\225/2Mi\010\252)\240F\276k\254\301;\200wg}s\364.8S\354U\206\025\244\006""; closeTime: 803891980; signature: ""0D\002 \037\251\367\373\2626\210\017:\331.\353\264q\230\345Q\346)\360\353\303\251\327\306\301\243\202\264\177=r\002 \022\010p\035\213\325\024\325\001\242\372\252\247\275\223\226\022\310\004\273\304\330\353v\231\344\270\354\255\252\321\006""; previousledger: ""0\355\311\211\352@\036\313K1\024B\343N\323V\367s\355lu\324\374V\207\371F\260\325\345\213\261""; ","proposeSeq: 0; currentTxHash: ""\000\000\000\000\000\000\000\000\000\000\000\000\000\000\000\000\000\000\000\000\000\000\000\000\000\000\000\000\000\000\000\000""; nodePubKey: ""\002l\025\225/2Mi\010\252)\240F\276k\254\301;\200wg}s\364.8S\354U\206\025\244\006""; closeTime: 803891980; signature: ""0D\002 \037\251\367\373\2626\210\017:\331.\353\264q\230\345Q\346)\360\353\303\251\327\306\301\243\202\264\177=r\002 \022\010p\035\213\325\024\325\001\242\372\252\247\275\223\226\022\310\004\273\304\330\353v\231\344\270\354\255\252\321\006""; previousledger: ""0\355\311\211\352@\036\313K1\024B\343N\323V\367s\355lu\324\374V\207\371F\260\325\345\213\261""; "
1750576781620,1750576781620,637,1,3,1,TMProposeSet,"proposeSeq: 0; currentTxHash: ""\000\000\000\000\000\000\000\000\000\000\000\000\000\000\000\000\000\000\000\000\000\000\000\000\000\000\000\000\000\000\000\000""; nodePubKey: ""\002l\025\225/2Mi\010\252)\240F\276k\254\301;\200wg}s\364.8S\354U\206\025\244\006""; closeTime: 803891980; signature: ""0D\002 \037\251\367\373\2626\210\017:\331.\353\264q\230\345Q\346)\360\353\303\251\327\306\301\243\202\264\177=r\002 \022\010p\035\213\325\024\325\001\242\372\252\247\275\223\226\022\310\004\273\304\330\353v\231\344\270\354\255\252\321\006""; previousledger: ""0\355\311\211\352@\036\313K1\024B\343N\323V\367s\355lu\324\374V\207\371F\260\325\345\213\261""; ","proposeSeq: 0; currentTxHash: ""\000\000\000\000\000\000\000\000\000\000\000\000\000\000\000\000\000\000\000\000\000\000\000\000\000\000\000\000\000\000\000\000""; nodePubKey: ""\002l\025\225/2Mi\010\252)\240F\276k\254\301;\200wg}s\364.8S\354U\206\025\244\006""; closeTime: 803891980; signature: ""0D\002 \037\251\367\373\2626\210\017:\331.\353\264q\230\345Q\346)\360\353\303\251\327\306\301\243\202\264\177=r\002 \022\010p\035\213\325\024\325\001\242\372\252\247\275\223\226\022\310\004\273\304\330\353v\231\344\270\354\255\252\321\006""; previousledger: ""0\355\311\211\352@\036\313K1\024B\343N\323V\367s\355lu\324\374V\207\371F\260\325\345\213\261""; "
1750576781621,1750576781621,746,1,3,2,TMProposeSet,"proposeSeq: 0; currentTxHash: ""\000\000\000\000\000\000\000\000\000\000\000\000\000\000\000\000\000\000\000\000\000\000\000\000\000\000\000\000\000\000\000\000""; nodePubKey: ""\002l\025\225/2Mi\010\252)\240F\276k\254\301;\200wg}s\364.8S\354U\206\025\244\006""; closeTime: 803891980; signature: ""0D\002 \037\251\367\373\2626\210\017:\331.\353\264q\230\345Q\346)\360\353\303\251\327\306\301\243\202\264\177=r\002 \022\010p\035\213\325\024\325\001\242\372\252\247\275\223\226\022\310\004\273\304\330\353v\231\344\270\354\255\252\321\006""; previousledger: ""0\355\311\211\352@\036\313K1\024B\343N\323V\367s\355lu\324\374V\207\371F\260\325\345\213\261""; ","proposeSeq: 0; currentTxHash: ""\000\000\000\000\000\000\000\000\000\000\000\000\000\000\000\000\000\000\000\000\000\000\000\000\000\000\000\000\000\000\000\000""; nodePubKey: ""\002l\025\225/2Mi\010\252)\240F\276k\254\301;\200wg}s\364.8S\354U\206\025\244\006""; closeTime: 803891980; signature: ""0D\002 \037\251\367\373\2626\210\017:\331.\353\264q\230\345Q\346)\360\353\303\251\327\306\301\243\202\264\177=r\002 \022\010p\035\213\325\024\325\001\242\372\252\247\275\223\226\022\310\004\273\304\330\353v\231\344\270\354\255\252\321\006""; previousledger: ""0\355\311\211\352@\036\313K1\024B\343N\323V\367s\355lu\324\374V\207\371F\260\325\345\213\261""; "
1750576781636,1750576781636,1657,1,1,4,TMProposeSet,"proposeSeq: 0; currentTxHash: ""\000\000\000\000\000\000\000\000\000\000\000\000\000\000\000\000\000\000\000\000\000\000\000\000\000\000\000\000\000\000\000\000""; nodePubKey: ""\003\365\211\205\353\0100\270r\333\225\227Y\025\355!\235\nf\352n\302\032\014\344\364\324\262\351""\225OF""; closeTime: 803891980; signature: ""0E\002!\000\373`j\203 D\341\224o\256\232\226\2644f\255\211\346\005\310\232>\3670>\004\223\265\2172\241\321\002 `/8\307\232\013\253\016S\213=GN3:\377\274\240\316Q(k\027\361\3437\345v\007Y\254|""; previousledger: ""0\355\311\211\352@\036\313K1\024B\343N\323V\367s\355lu\324\374V\207\371F\260\325\345\213\261""; ","proposeSeq: 0; currentTxHash: ""\000\000\000\000\000\000\000\000\000\000\000\000\000\000\000\000\000\000\000\000\000\000\000\000\000\000\000\000\000\000\000\000""; nodePubKey: ""\003\365\211\205\353\0100\270r\333\225\227Y\025\355!\235\nf\352n\302\032\014\344\364\324\262\351""\225OF""; closeTime: 803891980; signature: ""0E\002!\000\373`j\203 D\341\224o\256\232\226\2644f\255\211\346\005\310\232>\3670>\004\223\265\2172\241\321\002 `/8\307\232\013\253\016S\213=GN3:\377\274\240\316Q(k\027\361\3437\345v\007Y\254|""; previousledger: ""0\355\311\211\352@\036\313K1\024B\343N\323V\367s\355lu\324\374V\207\371F\260\325\345\213\261""; "
1750576781637,1750576781637,252,1,1,0,TMProposeSet,"proposeSeq: 0; currentTxHash: ""\000\000\000\000\000\000\000\000\000\000\000\000\000\000\000\000\000\000\000\000\000\000\000\000\000\000\000\000\000\000\000\000""; nodePubKey: ""\003\365\211\205\353\0100\270r\333\225\227Y\025\355!\235\nf\352n\302\032\014\344\364\324\262\351""\225OF""; closeTime: 803891980; signature: ""0E\002!\000\373`j\203 D\341\224o\256\232\226\2644f\255\211\346\005\310\232>\3670>\004\223\265\2172\241\321\002 `/8\307\232\013\253\016S\213=GN3:\377\274\240\316Q(k\027\361\3437\345v\007Y\254|""; previousledger: ""0\355\311\211\352@\036\313K1\024B\343N\323V\367s\355lu\324\374V\207\371F\260\325\345\213\261""; ","proposeSeq: 0; currentTxHash: ""\000\000\000\000\000\000\000\000\000\000\000\000\000\000\000\000\000\000\000\000\000\000\000\000\000\000\000\000\000\000\000\000""; nodePubKey: ""\003\365\211\205\353\0100\270r\333\225\227Y\025\355!\235\nf\352n\302\032\014\344\364\324\262\351""\225OF""; closeTime: 803891980; signature: ""0E\002!\000\373`j\203 D\341\224o\256\232\226\2644f\255\211\346\005\310\232>\3670>\004\223\265\2172\241\321\002 `/8\307\232\013\253\016S\213=GN3:\377\274\240\316Q(k\027\361\3437\345v\007Y\254|""; previousledger: ""0\355\311\211\352@\036\313K1\024B\343N\323V\367s\355lu\324\374V\207\371F\260\325\345\213\261""; "
1750576781636,1750576781637,3734,1,1,2,TMProposeSet,"proposeSeq: 0; currentTxHash: ""\000\000\000\000\000\000\000\000\000\000\000\000\000\000\000\000\000\000\000\000\000\000\000\000\000\000\000\000\000\000\000\000""; nodePubKey: ""\003\365\211\205\353\0100\270r\333\225\227Y\025\355!\235\nf\352n\302\032\014\344\364\324\262\351""\225OF""; closeTime: 803891980; signature: ""0E\002!\000\373`j\203 D\341\224o\256\232\226\2644f\255\211\346\005\310\232>\3670>\004\223\265\2172\241\321\002 `/8\307\232\013\253\016S\213=GN3:\377\274\240\316Q(k\027\361\3437\345v\007Y\254|""; previousledger: ""0\355\311\211\352@\036\313K1\024B\343N\323V\367s\355lu\324\374V\207\371F\260\325\345\213\261""; ","proposeSeq: 0; currentTxHash: ""\000\000\000\000\000\000\000\000\000\000\000\000\000\000\000\000\000\000\000\000\000\000\000\000\000\000\000\000\000\000\000\000""; nodePubKey: ""\003\365\211\205\353\0100\270r\333\225\227Y\025\355!\235\nf\352n\302\032\014\344\364\324\262\351""\225OF""; closeTime: 803891980; signature: ""0E\002!\000\373`j\203 D\341\224o\256\232\226\2644f\255\211\346\005\310\232>\3670>\004\223\265\2172\241\321\002 `/8\307\232\013\253\016S\213=GN3:\377\274\240\316Q(k\027\361\3437\345v\007Y\254|""; previousledger: ""0\355\311\211\352@\036\313K1\024B\343N\323V\367s\355lu\324\374V\207\371F\260\325\345\213\261""; "
1750576781732,1750576781733,3064,1,4,3,TMProposeSet,"proposeSeq: 0; currentTxHash: ""\000\000\000\000\000\000\000\000\000\000\000\000\000\000\000\000\000\000\000\000\000\000\000\000\000\000\000\000\000\000\000\000""; nodePubKey: ""\002l\025\225/2Mi\010\252)\240F\276k\254\301;\200wg}s\364.8S\354U\206\025\244\006""; closeTime: 803891980; signature: ""0D\002 \037\251\367\373\2626\210\017:\331.\353\264q\230\345Q\346)\360\353\303\251\327\306\301\243\202\264\177=r\002 \022\010p\035\213\325\024\325\001\242\372\252\247\275\223\226\022\310\004\273\304\330\353v\231\344\270\354\255\252\321\006""; previousledger: ""0\355\311\211\352@\036\313K1\024B\343N\323V\367s\355lu\324\374V\207\371F\260\325\345\213\261""; ","proposeSeq: 0; currentTxHash: ""\000\000\000\000\000\000\000\000\000\000\000\000\000\000\000\000\000\000\000\000\000\000\000\000\000\000\000\000\000\000\000\000""; nodePubKey: ""\002l\025\225/2Mi\010\252)\240F\276k\254\301;\200wg}s\364.8S\354U\206\025\244\006""; closeTime: 803891980; signature: ""0D\002 \037\251\367\373\2626\210\017:\331.\353\264q\230\345Q\346)\360\353\303\251\327\306\301\243\202\264\177=r\002 \022\010p\035\213\325\024\325\001\242\372\252\247\275\223\226\022\310\004\273\304\330\353v\231\344\270\354\255\252\321\006""; previousledger: ""0\355\311\211\352@\036\313K1\024B\343N\323V\367s\355lu\324\374V\207\371F\260\325\345\213\261""; "
1750576781733,1750576781733,2904,1,4,1,TMProposeSet,"proposeSeq: 0; currentTxHash: ""\000\000\000\000\000\000\000\000\000\000\000\000\000\000\000\000\000\000\000\000\000\000\000\000\000\000\000\000\000\000\000\000""; nodePubKey: ""\002l\025\225/2Mi\010\252)\240F\276k\254\301;\200wg}s\364.8S\354U\206\025\244\006""; closeTime: 803891980; signature: ""0D\002 \037\251\367\373\2626\210\017:\331.\353\264q\230\345Q\346)\360\353\303\251\327\306\301\243\202\264\177=r\002 \022\010p\035\213\325\024\325\001\242\372\252\247\275\223\226\022\310\004\273\304\330\353v\231\344\270\354\255\252\321\006""; previousledger: ""0\355\311\211\352@\036\313K1\024B\343N\323V\367s\355lu\324\374V\207\371F\260\325\345\213\261""; ","proposeSeq: 0; currentTxHash: ""\000\000\000\000\000\000\000\000\000\000\000\000\000\000\000\000\000\000\000\000\000\000\000\000\000\000\000\000\000\000\000\000""; nodePubKey: ""\002l\025\225/2Mi\010\252)\240F\276k\254\301;\200wg}s\364.8S\354U\206\025\244\006""; closeTime: 803891980; signature: ""0D\002 \037\251\367\373\2626\210\017:\331.\353\264q\230\345Q\346)\360\353\303\251\327\306\301\243\202\264\177=r\002 \022\010p\035\213\325\024\325\001\242\372\252\247\275\223\226\022\310\004\273\304\330\353v\231\344\270\354\255\252\321\006""; previousledger: ""0\355\311\211\352@\036\313K1\024B\343N\323V\367s\355lu\324\374V\207\371F\260\325\345\213\261""; "
1750576781733,1750576781733,0,1,4,2,TMProposeSet,"proposeSeq: 0; currentTxHash: ""\000\000\000\000\000\000\000\000\000\000\000\000\000\000\000\000\000\000\000\000\000\000\000\000\000\000\000\000\000\000\000\000""; nodePubKey: ""\002l\025\225/2Mi\010\252)\240F\276k\254\301;\200wg}s\364.8S\354U\206\025\244\006""; closeTime: 803891980; signature: ""0D\002 \037\251\367\373\2626\210\017:\331.\353\264q\230\345Q\346)\360\353\303\251\327\306\301\243\202\264\177=r\002 \022\010p\035\213\325\024\325\001\242\372\252\247\275\223\226\022\310\004\273\304\330\353v\231\344\270\354\255\252\321\006""; previousledger: ""0\355\311\211\352@\036\313K1\024B\343N\323V\367s\355lu\324\374V\207\371F\260\325\345\213\261""; ","proposeSeq: 0; currentTxHash: ""\000\000\000\000\000\000\000\000\000\000\000\000\000\000\000\000\000\000\000\000\000\000\000\000\000\000\000\000\000\000\000\000""; nodePubKey: ""\002l\025\225/2Mi\010\252)\240F\276k\254\301;\200wg}s\364.8S\354U\206\025\244\006""; closeTime: 803891980; signature: ""0D\002 \037\251\367\373\2626\210\017:\331.\353\264q\230\345Q\346)\360\353\303\251\327\306\301\243\202\264\177=r\002 \022\010p\035\213\325\024\325\001\242\372\252\247\275\223\226\022\310\004\273\304\330\353v\231\344\270\354\255\252\321\006""; previousledger: ""0\355\311\211\352@\036\313K1\024B\343N\323V\367s\355lu\324\374V\207\371F\260\325\345\213\261""; "
1750576781736,1750576781736,1191,1,2,1,TMProposeSet,"proposeSeq: 0; currentTxHash: ""\000\000\000\000\000\000\000\000\000\000\000\000\000\000\000\000\000\000\000\000\000\000\000\000\000\000\000\000\000\000\000\000""; nodePubKey: ""\002l\025\225/2Mi\010\252)\240F\276k\254\301;\200wg}s\364.8S\354U\206\025\244\006""; closeTime: 803891980; signature: ""0D\002 \037\251\367\373\2626\210\017:\331.\353\264q\230\345Q\346)\360\353\303\251\327\306\301\243\202\264\177=r\002 \022\010p\035\213\325\024\325\001\242\372\252\247\275\223\226\022\310\004\273\304\330\353v\231\344\270\354\255\252\321\006""; previousledger: ""0\355\311\211\352@\036\313K1\024B\343N\323V\367s\355lu\324\374V\207\371F\260\325\345\213\261""; ","proposeSeq: 0; currentTxHash: ""\000\000\000\000\000\000\000\000\000\000\000\000\000\000\000\000\000\000\000\000\000\000\000\000\000\000\000\000\000\000\000\000""; nodePubKey: ""\002l\025\225/2Mi\010\252)\240F\276k\254\301;\200wg}s\364.8S\354U\206\025\244\006""; closeTime: 803891980; signature: ""0D\002 \037\251\367\373\2626\210\017:\331.\353\264q\230\345Q\346)\360\353\303\251\327\306\301\243\202\264\177=r\002 \022\010p\035\213\325\024\325\001\242\372\252\247\275\223\226\022\310\004\273\304\330\353v\231\344\270\354\255\252\321\006""; previousledger: ""0\355\311\211\352@\036\313K1\024B\343N\323V\367s\355lu\324\374V\207\371F\260\325\345\213\261""; "
1750576781736,1750576781736,1630,1,2,3,TMProposeSet,"proposeSeq: 0; currentTxHash: ""\000\000\000\000\000\000\000\000\000\000\000\000\000\000\000\000\000\000\000\000\000\000\000\000\000\000\000\000\000\000\000\000""; nodePubKey: ""\002l\025\225/2Mi\010\252)\240F\276k\254\301;\200wg}s\364.8S\354U\206\025\244\006""; closeTime: 803891980; signature: ""0D\002 \037\251\367\373\2626\210\017:\331.\353\264q\230\345Q\346)\360\353\303\251\327\306\301\243\202\264\177=r\002 \022\010p\035\213\325\024\325\001\242\372\252\247\275\223\226\022\310\004\273\304\330\353v\231\344\270\354\255\252\321\006""; previousledger: ""0\355\311\211\352@\036\313K1\024B\343N\323V\367s\355lu\324\374V\207\371F\260\325\345\213\261""; ","proposeSeq: 0; currentTxHash: ""\000\000\000\000\000\000\000\000\000\000\000\000\000\000\000\000\000\000\000\000\000\000\000\000\000\000\000\000\000\000\000\000""; nodePubKey: ""\002l\025\225/2Mi\010\252)\240F\276k\254\301;\200wg}s\364.8S\354U\206\025\244\006""; closeTime: 803891980; signature: ""0D\002 \037\251\367\373\2626\210\017:\331.\353\264q\230\345Q\346)\360\353\303\251\327\306\301\243\202\264\177=r\002 \022\010p\035\213\325\024\325\001\242\372\252\247\275\223\226\022\310\004\273\304\330\353v\231\344\270\354\255\252\321\006""; previousledger: ""0\355\311\211\352@\036\313K1\024B\343N\323V\367s\355lu\324\374V\207\371F\260\325\345\213\261""; "
1750576781736,1750576781736,1529,1,2,0,TMProposeSet,"proposeSeq: 0; currentTxHash: ""\000\000\000\000\000\000\000\000\000\000\000\000\000\000\000\000\000\000\000\000\000\000\000\000\000\000\000\000\000\000\000\000""; nodePubKey: ""\002l\025\225/2Mi\010\252)\240F\276k\254\301;\200wg}s\364.8S\354U\206\025\244\006""; closeTime: 803891980; signature: ""0D\002 \037\251\367\373\2626\210\017:\331.\353\264q\230\345Q\346)\360\353\303\251\327\306\301\243\202\264\177=r\002 \022\010p\035\213\325\024\325\001\242\372\252\247\275\223\226\022\310\004\273\304\330\353v\231\344\270\354\255\252\321\006""; previousledger: ""0\355\311\211\352@\036\313K1\024B\343N\323V\367s\355lu\324\374V\207\371F\260\325\345\213\261""; ","proposeSeq: 0; currentTxHash: ""\000\000\000\000\000\000\000\000\000\000\000\000\000\000\000\000\000\000\000\000\000\000\000\000\000\000\000\000\000\000\000\000""; nodePubKey: ""\002l\025\225/2Mi\010\252)\240F\276k\254\301;\200wg}s\364.8S\354U\206\025\244\006""; closeTime: 803891980; signature: ""0D\002 \037\251\367\373\2626\210\017:\331.\353\264q\230\345Q\346)\360\353\303\251\327\306\301\243\202\264\177=r\002 \022\010p\035\213\325\024\325\001\242\372\252\247\275\223\226\022\310\004\273\304\330\353v\231\344\270\354\255\252\321\006""; previousledger: ""0\355\311\211\352@\036\313K1\024B\343N\323V\367s\355lu\324\374V\207\371F\260\325\345\213\261""; "
1750576781739,1750576781739,3637,1,3,4,TMProposeSet,"proposeSeq: 0; currentTxHash: ""\000\000\000\000\000\000\000\000\000\000\000\000\000\000\000\000\000\000\000\000\000\000\000\000\000\000\000\000\000\000\000\000""; nodePubKey: ""\002\373\236I\010\265\271ho\331/c\224%g\005\354]\344\350\r\030%u\255\364\002\226\221\370\363\332\331""; closeTime: 803891980; signature: ""0D\002 c\303k\365r\3012\206\262\021\307\023\364\034\341\271\365,\205\335\344R\234\014\253_0<\2233\376\026\002 M(\346\004\350\266a\361C\001}'\233\035\377\210R%\006C\177\237`\364\r\223\351\035\326\354_\356""; previousledger: ""0\355\311\211\352@\036\313K1\024B\343N\323V\367s\355lu\324\374V\207\371F\260\325\345\213\261""; ","proposeSeq: 0; currentTxHash: ""\000\000\000\000\000\000\000\000\000\000\000\000\000\000\000\000\000\000\000\000\000\000\000\000\000\000\000\000\000\000\000\000""; nodePubKey: ""\002\373\236I\010\265\271ho\331/c\224%g\005\354]\344\350\r\030%u\255\364\002\226\221\370\363\332\331""; closeTime: 803891980; signature: ""0D\002 c\303k\365r\3012\206\262\021\307\023\364\034\341\271\365,\205\335\344R\234\014\253_0<\2233\376\026\002 M(\346\004\350\266a\361C\001}'\233\035\377\210R%\006C\177\237`\364\r\223\351\035\326\354_\356""; previousledger: ""0\355\311\211\352@\036\313K1\024B\343N\323V\367s\355lu\324\374V\207\371F\260\325\345\213\261""; "
1750576781739,1750576781740,1930,1,3,0,TMProposeSet,"proposeSeq: 0; currentTxHash: ""\000\000\000\000\000\000\000\000\000\000\000\000\000\000\000\000\000\000\000\000\000\000\000\000\000\000\000\000\000\000\000\000""; nodePubKey: ""\002\373\236I\010\265\271ho\331/c\224%g\005\354]\344\350\r\030%u\255\364\002\226\221\370\363\332\331""; closeTime: 803891980; signature: ""0D\002 c\303k\365r\3012\206\262\021\307\023\364\034\341\271\365,\205\335\344R\234\014\253_0<\2233\376\026\002 M(\346\004\350\266a\361C\001}'\233\035\377\210R%\006C\177\237`\364\r\223\351\035\326\354_\356""; previousledger: ""0\355\311\211\352@\036\313K1\024B\343N\323V\367s\355lu\324\374V\207\371F\260\325\345\213\261""; ","proposeSeq: 0; currentTxHash: ""\000\000\000\000\000\000\000\000\000\000\000\000\000\000\000\000\000\000\000\000\000\000\000\000\000\000\000\000\000\000\000\000""; nodePubKey: ""\002\373\236I\010\265\271ho\331/c\224%g\005\354]\344\350\r\030%u\255\364\002\226\221\370\363\332\331""; closeTime: 803891980; signature: ""0D\002 c\303k\365r\3012\206\262\021\307\023\364\034\341\271\365,\205\335\344R\234\014\253_0<\2233\376\026\002 M(\346\004\350\266a\361C\001}'\233\035\377\210R%\006C\177\237`\364\r\223\351\035\326\354_\356""; previousledger: ""0\355\311\211\352@\036\313K1\024B\343N\323V\367s\355lu\324\374V\207\371F\260\325\345\213\261""; "
1750576781739,1750576781739,637,1,3,1,TMProposeSet,"proposeSeq: 0; currentTxHash: ""\000\000\000\000\000\000\000\000\000\000\000\000\000\000\000\000\000\000\000\000\000\000\000\000\000\000\000\000\000\000\000\000""; nodePubKey: ""\002\373\236I\010\265\271ho\331/c\224%g\005\354]\344\350\r\030%u\255\364\002\226\221\370\363\332\331""; closeTime: 803891980; signature: ""0D\002 c\303k\365r\3012\206\262\021\307\023\364\034\341\271\365,\205\335\344R\234\014\253_0<\2233\376\026\002 M(\346\004\350\266a\361C\001}'\233\035\377\210R%\006C\177\237`\364\r\223\351\035\326\354_\356""; previousledger: ""0\355\311\211\352@\036\313K1\024B\343N\323V\367s\355lu\324\374V\207\371F\260\325\345\213\261""; ","proposeSeq: 0; currentTxHash: ""\000\000\000\000\000\000\000\000\000\000\000\000\000\000\000\000\000\000\000\000\000\000\000\000\000\000\000\000\000\000\000\000""; nodePubKey: ""\002\373\236I\010\265\271ho\331/c\224%g\005\354]\344\350\r\030%u\255\364\002\226\221\370\363\332\331""; closeTime: 803891980; signature: ""0D\002 c\303k\365r\3012\206\262\021\307\023\364\034\341\271\365,\205\335\344R\234\014\253_0<\2233\376\026\002 M(\346\004\350\266a\361C\001}'\233\035\377\210R%\006C\177\237`\364\r\223\351\035\326\354_\356""; previousledger: ""0\355\311\211\352@\036\313K1\024B\343N\323V\367s\355lu\324\374V\207\371F\260\325\345\213\261""; "
1750576781745,1750576781745,2484,1,2,4,TMProposeSet,"proposeSeq: 0; currentTxHash: ""\000\000\000\000\000\000\000\000\000\000\000\000\000\000\000\000\000\000\000\000\000\000\000\000\000\000\000\000\000\000\000\000""; nodePubKey: ""\003\365\211\205\353\0100\270r\333\225\227Y\025\355!\235\nf\352n\302\032\014\344\364\324\262\351""\225OF""; closeTime: 803891980; signature: ""0E\002!\000\373`j\203 D\341\224o\256\232\226\2644f\255\211\346\005\310\232>\3670>\004\223\265\2172\241\321\002 `/8\307\232\013\253\016S\213=GN3:\377\274\240\316Q(k\027\361\3437\345v\007Y\254|""; previousledger: ""0\355\311\211\352@\036\313K1\024B\343N\323V\367s\355lu\324\374V\207\371F\260\325\345\213\261""; ","proposeSeq: 0; currentTxHash: ""\000\000\000\000\000\000\000\000\000\000\000\000\000\000\000\000\000\000\000\000\000\000\000\000\000\000\000\000\000\000\000\000""; nodePubKey: ""\003\365\211\205\353\0100\270r\333\225\227Y\025\355!\235\nf\352n\302\032\014\344\364\324\262\351""\225OF""; closeTime: 803891980; signature: ""0E\002!\000\373`j\203 D\341\224o\256\232\226\2644f\255\211\346\005\310\232>\3670>\004\223\265\2172\241\321\002 `/8\307\232\013\253\016S\213=GN3:\377\274\240\316Q(k\027\361\3437\345v\007Y\254|""; previousledger: ""0\355\311\211\352@\036\313K1\024B\343N\323V\367s\355lu\324\374V\207\371F\260\325\345\213\261""; "
1750576781746,1750576781746,1529,1,2,0,TMProposeSet,"proposeSeq: 0; currentTxHash: ""\000\000\000\000\000\000\000\000\000\000\000\000\000\000\000\000\000\000\000\000\000\000\000\000\000\000\000\000\000\000\000\000""; nodePubKey: ""\003\365\211\205\353\0100\270r\333\225\227Y\025\355!\235\nf\352n\302\032\014\344\364\324\262\351""\225OF""; closeTime: 803891980; signature: ""0E\002!\000\373`j\203 D\341\224o\256\232\226\2644f\255\211\346\005\310\232>\3670>\004\223\265\2172\241\321\002 `/8\307\232\013\253\016S\213=GN3:\377\274\240\316Q(k\027\361\3437\345v\007Y\254|""; previousledger: ""0\355\311\211\352@\036\313K1\024B\343N\323V\367s\355lu\324\374V\207\371F\260\325\345\213\261""; ","proposeSeq: 0; currentTxHash: ""\000\000\000\000\000\000\000\000\000\000\000\000\000\000\000\000\000\000\000\000\000\000\000\000\000\000\000\000\000\000\000\000""; nodePubKey: ""\003\365\211\205\353\0100\270r\333\225\227Y\025\355!\235\nf\352n\302\032\014\344\364\324\262\351""\225OF""; closeTime: 803891980; signature: ""0E\002!\000\373`j\203 D\341\224o\256\232\226\2644f\255\211\346\005\310\232>\3670>\004\223\265\2172\241\321\002 `/8\307\232\013\253\016S\213=GN3:\377\274\240\316Q(k\027\361\3437\345v\007Y\254|""; previousledger: ""0\355\311\211\352@\036\313K1\024B\343N\323V\367s\355lu\324\374V\207\371F\260\325\345\213\261""; "
1750576781746,1750576781746,1191,1,2,1,TMProposeSet,"proposeSeq: 0; currentTxHash: ""\000\000\000\000\000\000\000\000\000\000\000\000\000\000\000\000\000\000\000\000\000\000\000\000\000\000\000\000\000\000\000\000""; nodePubKey: ""\003\365\211\205\353\0100\270r\333\225\227Y\025\355!\235\nf\352n\302\032\014\344\364\324\262\351""\225OF""; closeTime: 803891980; signature: ""0E\002!\000\373`j\203 D\341\224o\256\232\226\2644f\255\211\346\005\310\232>\3670>\004\223\265\2172\241\321\002 `/8\307\232\013\253\016S\213=GN3:\377\274\240\316Q(k\027\361\3437\345v\007Y\254|""; previousledger: ""0\355\311\211\352@\036\313K1\024B\343N\323V\367s\355lu\324\374V\207\371F\260\325\345\213\261""; ","proposeSeq: 0; currentTxHash: ""\000\000\000\000\000\000\000\000\000\000\000\000\000\000\000\000\000\000\000\000\000\000\000\000\000\000\000\000\000\000\000\000""; nodePubKey: ""\003\365\211\205\353\0100\270r\333\225\227Y\025\355!\235\nf\352n\302\032\014\344\364\324\262\351""\225OF""; closeTime: 803891980; signature: ""0E\002!\000\373`j\203 D\341\224o\256\232\226\2644f\255\211\346\005\310\232>\3670>\004\223\265\2172\241\321\002 `/8\307\232\013\253\016S\213=GN3:\377\274\240\316Q(k\027\361\3437\345v\007Y\254|""; previousledger: ""0\355\311\211\352@\036\313K1\024B\343N\323V\367s\355lu\324\374V\207\371F\260\325\345\213\261""; "
1750576781833,1750576781833,3637,1,3,4,TMProposeSet,"proposeSeq: 0; currentTxHash: ""\000\000\000\000\000\000\000\000\000\000\000\000\000\000\000\000\000\000\000\000\000\000\000\000\000\000\000\000\000\000\000\000""; nodePubKey: ""\003i)e\226\372N\250\220\343\313\000^\252ua\277:W\233\010\236\376G>\347\257/\214RJ\t<""; closeTime: 803891980; signature: ""0D\002 C\330j'\274\034\3201\205\306L""\270\003\024\220\242`{EB!m\347\013n+\313\024\007\360\235\002 T\234\013\315\221\312\272\246\027\370\326\255\233\376s\255a>\006\236\355/\320|\264\270W+\214'o\032""; previousledger: ""0\355\311\211\352@\036\313K1\024B\343N\323V\367s\355lu\324\374V\207\371F\260\325\345\213\261""; ","proposeSeq: 0; currentTxHash: ""\000\000\000\000\000\000\000\000\000\000\000\000\000\000\000\000\000\000\000\000\000\000\000\000\000\000\000\000\000\000\000\000""; nodePubKey: ""\003i)e\226\372N\250\220\343\313\000^\252ua\277:W\233\010\236\376G>\347\257/\214RJ\t<""; closeTime: 803891980; signature: ""0D\002 C\330j'\274\034\3201\205\306L""\270\003\024\220\242`{EB!m\347\013n+\313\024\007\360\235\002 T\234\013\315\221\312\272\246\027\370\326\255\233\376s\255a>\006\236\355/\320|\264\270W+\214'o\032""; previousledger: ""0\355\311\211\352@\036\313K1\024B\343N\323V\367s\355lu\324\374V\207\371F\260\325\345\213\261""; "
1750576781833,1750576781834,746,1,3,2,TMProposeSet,"proposeSeq: 0; currentTxHash: ""\000\000\000\000\000\000\000\000\000\000\000\000\000\000\000\000\000\000\000\000\000\000\000\000\000\000\000\000\000\000\000\000""; nodePubKey: ""\003i)e\226\372N\250\220\343\313\000^\252ua\277:W\233\010\236\376G>\347\257/\214RJ\t<""; closeTime: 803891980; signature: ""0D\002 C\330j'\274\034\3201\205\306L""\270\003\024\220\242`{EB!m\347\013n+\313\024\007\360\235\002 T\234\013\315\221\312\272\246\027\370\326\255\233\376s\255a>\006\236\355/\320|\264\270W+\214'o\032""; previousledger: ""0\355\311\211\352@\036\313K1\024B\343N\323V\367s\355lu\324\374V\207\371F\260\325\345\213\261""; ","proposeSeq: 0; currentTxHash: ""\000\000\000\000\000\000\000\000\000\000\000\000\000\000\000\000\000\000\000\000\000\000\000\000\000\000\000\000\000\000\000\000""; nodePubKey: ""\003i)e\226\372N\250\220\343\313\000^\252ua\277:W\233\010\236\376G>\347\257/\214RJ\t<""; closeTime: 803891980; signature: ""0D\002 C\330j'\274\034\3201\205\306L""\270\003\024\220\242`{EB!m\347\013n+\313\024\007\360\235\002 T\234\013\315\221\312\272\246\027\370\326\255\233\376s\255a>\006\236\355/\320|\264\270W+\214'o\032""; previousledger: ""0\355\311\211\352@\036\313K1\024B\343N\323V\367s\355lu\324\374V\207\371F\260\325\345\213\261""; "
1750576781834,1750576781834,637,1,3,1,TMProposeSet,"proposeSeq: 0; currentTxHash: ""\000\000\000\000\000\000\000\000\000\000\000\000\000\000\000\000\000\000\000\000\000\000\000\000\000\000\000\000\000\000\000\000""; nodePubKey: ""\003i)e\226\372N\250\220\343\313\000^\252ua\277:W\233\010\236\376G>\347\257/\214RJ\t<""; closeTime: 803891980; signature: ""0D\002 C\330j'\274\034\3201\205\306L""\270\003\024\220\242`{EB!m\347\013n+\313\024\007\360\235\002 T\234\013\315\221\312\272\246\027\370\326\255\233\376s\255a>\006\236\355/\320|\264\270W+\214'o\032""; previousledger: ""0\355\311\211\352@\036\313K1\024B\343N\323V\367s\355lu\324\374V\207\371F\260\325\345\213\261""; ","proposeSeq: 0; currentTxHash: ""\000\000\000\000\000\000\000\000\000\000\000\000\000\000\000\000\000\000\000\000\000\000\000\000\000\000\000\000\000\000\000\000""; nodePubKey: ""\003i)e\226\372N\250\220\343\313\000^\252ua\277:W\233\010\236\376G>\347\257/\214RJ\t<""; closeTime: 803891980; signature: ""0D\002 C\330j'\274\034\3201\205\306L""\270\003\024\220\242`{EB!m\347\013n+\313\024\007\360\235\002 T\234\013\315\221\312\272\246\027\370\326\255\233\376s\255a>\006\236\355/\320|\264\270W+\214'o\032""; previousledger: ""0\355\311\211\352@\036\313K1\024B\343N\323V\367s\355lu\324\374V\207\371F\260\325\345\213\261""; "
1750576781892,1750576781892,1134,1,0,2,TMProposeSet,"proposeSeq: 0; currentTxHash: ""\000\000\000\000\000\000\000\000\000\000\000\000\000\000\000\000\000\000\000\000\000\000\000\000\000\000\000\000\000\000\000\000""; nodePubKey: ""\003\365\211\205\353\0100\270r\333\225\227Y\025\355!\235\nf\352n\302\032\014\344\364\324\262\351""\225OF""; closeTime: 803891980; signature: ""0E\002!\000\373`j\203 D\341\224o\256\232\226\2644f\255\211\346\005\310\232>\3670>\004\223\265\2172\241\321\002 `/8\307\232\013\253\016S\213=GN3:\377\274\240\316Q(k\027\361\3437\345v\007Y\254|""; previousledger: ""0\355\311\211\352@\036\313K1\024B\343N\323V\367s\355lu\324\374V\207\371F\260\325\345\213\261""; ","proposeSeq: 0; currentTxHash: ""\000\000\000\000\000\000\000\000\000\000\000\000\000\000\000\000\000\000\000\000\000\000\000\000\000\000\000\000\000\000\000\000""; nodePubKey: ""\003\365\211\205\353\0100\270r\333\225\227Y\025\355!\235\nf\352n\302\032\014\344\364\324\262\351""\225OF""; closeTime: 803891980; signature: ""0E\002!\000\373`j\203 D\341\224o\256\232\226\2644f\255\211\346\005\310\232>\3670>\004\223\265\2172\241\321\002 `/8\307\232\013\253\016S\213=GN3:\377\274\240\316Q(k\027\361\3437\345v\007Y\254|""; previousledger: ""0\355\311\211\352@\036\313K1\024B\343N\323V\367s\355lu\324\374V\207\371F\260\325\345\213\261""; "
1750576781892,1750576781892,1033,1,0,4,TMProposeSet,"proposeSeq: 0; currentTxHash: ""\000\000\000\000\000\000\000\000\000\000\000\000\000\000\000\000\000\000\000\000\000\000\000\000\000\000\000\000\000\000\000\000""; nodePubKey: ""\003\365\211\205\353\0100\270r\333\225\227Y\025\355!\235\nf\352n\302\032\014\344\364\324\262\351""\225OF""; closeTime: 803891980; signature: ""0E\002!\000\373`j\203 D\341\224o\256\232\226\2644f\255\211\346\005\310\232>\3670>\004\223\265\2172\241\321\002 `/8\307\232\013\253\016S\213=GN3:\377\274\240\316Q(k\027\361\3437\345v\007Y\254|""; previousledger: ""0\355\311\211\352@\036\313K1\024B\343N\323V\367s\355lu\324\374V\207\371F\260\325\345\213\261""; ","proposeSeq: 0; currentTxHash: ""\000\000\000\000\000\000\000\000\000\000\000\000\000\000\000\000\000\000\000\000\000\000\000\000\000\000\000\000\000\000\000\000""; nodePubKey: ""\003\365\211\205\353\0100\270r\333\225\227Y\025\355!\235\nf\352n\302\032\014\344\364\324\262\351""\225OF""; closeTime: 803891980; signature: ""0E\002!\000\373`j\203 D\341\224o\256\232\226\2644f\255\211\346\005\310\232>\3670>\004\223\265\2172\241\321\002 `/8\307\232\013\253\016S\213=GN3:\377\274\240\316Q(k\027\361\3437\345v\007Y\254|""; previousledger: ""0\355\311\211\352@\036\313K1\024B\343N\323V\367s\355lu\324\374V\207\371F\260\325\345\213\261""; "
1750576781892,1750576781892,920,1,0,3,TMProposeSet,"proposeSeq: 0; currentTxHash: ""\000\000\000\000\000\000\000\000\000\000\000\000\000\000\000\000\000\000\000\000\000\000\000\000\000\000\000\000\000\000\000\000""; nodePubKey: ""\003\365\211\205\353\0100\270r\333\225\227Y\025\355!\235\nf\352n\302\032\014\344\364\324\262\351""\225OF""; closeTime: 803891980; signature: ""0E\002!\000\373`j\203 D\341\224o\256\232\226\2644f\255\211\346\005\310\232>\3670>\004\223\265\2172\241\321\002 `/8\307\232\013\253\016S\213=GN3:\377\274\240\316Q(k\027\361\3437\345v\007Y\254|""; previousledger: ""0\355\311\211\352@\036\313K1\024B\343N\323V\367s\355lu\324\374V\207\371F\260\325\345\213\261""; ","proposeSeq: 0; currentTxHash: ""\000\000\000\000\000\000\000\000\000\000\000\000\000\000\000\000\000\000\000\000\000\000\000\000\000\000\000\000\000\000\000\000""; nodePubKey: ""\003\365\211\205\353\0100\270r\333\225\227Y\025\355!\235\nf\352n\302\032\014\344\364\324\262\351""\225OF""; closeTime: 803891980; signature: ""0E\002!\000\373`j\203 D\341\224o\256\232\226\2644f\255\211\346\005\310\232>\3670>\004\223\265\2172\241\321\002 `/8\307\232\013\253\016S\213=GN3:\377\274\240\316Q(k\027\361\3437\345v\007Y\254|""; previousledger: ""0\355\311\211\352@\036\313K1\024B\343N\323V\367s\355lu\324\374V\207\371F\260\325\345\213\261""; "
1750576781945,1750576781945,1657,1,1,4,TMProposeSet,"proposeSeq: 0; currentTxHash: ""\000\000\000\000\000\000\000\000\000\000\000\000\000\000\000\000\000\000\000\000\000\000\000\000\000\000\000\000\000\000\000\000""; nodePubKey: ""\003i)e\226\372N\250\220\343\313\000^\252ua\277:W\233\010\236\376G>\347\257/\214RJ\t<""; closeTime: 803891980; signature: ""0D\002 C\330j'\274\034\3201\205\306L""\270\003\024\220\242`{EB!m\347\013n+\313\024\007\360\235\002 T\234\013\315\221\312\272\246\027\370\326\255\233\376s\255a>\006\236\355/\320|\264\270W+\214'o\032""; previousledger: ""0\355\311\211\352@\036\313K1\024B\343N\323V\367s\355lu\324\374V\207\371F\260\325\345\213\261""; ","proposeSeq: 0; currentTxHash: ""\000\000\000\000\000\000\000\000\000\000\000\000\000\000\000\000\000\000\000\000\000\000\000\000\000\000\000\000\000\000\000\000""; nodePubKey: ""\003i)e\226\372N\250\220\343\313\000^\252ua\277:W\233\010\236\376G>\347\257/\214RJ\t<""; closeTime: 803891980; signature: ""0D\002 C\330j'\274\034\3201\205\306L""\270\003\024\220\242`{EB!m\347\013n+\313\024\007\360\235\002 T\234\013\315\221\312\272\246\027\370\326\255\233\376s\255a>\006\236\355/\320|\264\270W+\214'o\032""; previousledger: ""0\355\311\211\352@\036\313K1\024B\343N\323V\367s\355lu\324\374V\207\371F\260\325\345\213\261""; "
1750576781946,1750576781946,3734,1,1,2,TMProposeSet,"proposeSeq: 0; currentTxHash: ""\000\000\000\000\000\000\000\000\000\000\000\000\000\000\000\000\000\000\000\000\000\000\000\000\000\000\000\000\000\000\000\000""; nodePubKey: ""\003i)e\226\372N\250\220\343\313\000^\252ua\277:W\233\010\236\376G>\347\257/\214RJ\t<""; closeTime: 803891980; signature: ""0D\002 C\330j'\274\034\3201\205\306L""\270\003\024\220\242`{EB!m\347\013n+\313\024\007\360\235\002 T\234\013\315\221\312\272\246\027\370\326\255\233\376s\255a>\006\236\355/\320|\264\270W+\214'o\032""; previousledger: ""0\355\311\211\352@\036\313K1\024B\343N\323V\367s\355lu\324\374V\207\371F\260\325\345\213\261""; ","proposeSeq: 0; currentTxHash: ""\000\000\000\000\000\000\000\000\000\000\000\000\000\000\000\000\000\000\000\000\000\000\000\000\000\000\000\000\000\000\000\000""; nodePubKey: ""\003i)e\226\372N\250\220\343\313\000^\252ua\277:W\233\010\236\376G>\347\257/\214RJ\t<""; closeTime: 803891980; signature: ""0D\002 C\330j'\274\034\3201\205\306L""\270\003\024\220\242`{EB!m\347\013n+\313\024\007\360\235\002 T\234\013\315\221\312\272\246\027\370\326\255\233\376s\255a>\006\236\355/\320|\264\270W+\214'o\032""; previousledger: ""0\355\311\211\352@\036\313K1\024B\343N\323V\367s\355lu\324\374V\207\371F\260\325\345\213\261""; "
1750576781947,1750576781948,0,1,4,2,TMProposeSet,"proposeSeq: 0; currentTxHash: ""\000\000\000\000\000\000\000\000\000\000\000\000\000\000\000\000\000\000\000\000\000\000\000\000\000\000\000\000\000\000\000\000""; nodePubKey: ""\003i)e\226\372N\250\220\343\313\000^\252ua\277:W\233\010\236\376G>\347\257/\214RJ\t<""; closeTime: 803891980; signature: ""0D\002 C\330j'\274\034\3201\205\306L""\270\003\024\220\242`{EB!m\347\013n+\313\024\007\360\235\002 T\234\013\315\221\312\272\246\027\370\326\255\233\376s\255a>\006\236\355/\320|\264\270W+\214'o\032""; previousledger: ""0\355\311\211\352@\036\313K1\024B\343N\323V\367s\355lu\324\374V\207\371F\260\325\345\213\261""; ","proposeSeq: 0; currentTxHash: ""\000\000\000\000\000\000\000\000\000\000\000\000\000\000\000\000\000\000\000\000\000\000\000\000\000\000\000\000\000\000\000\000""; nodePubKey: ""\003i)e\226\372N\250\220\343\313\000^\252ua\277:W\233\010\236\376G>\347\257/\214RJ\t<""; closeTime: 803891980; signature: ""0D\002 C\330j'\274\034\3201\205\306L""\270\003\024\220\242`{EB!m\347\013n+\313\024\007\360\235\002 T\234\013\315\221\312\272\246\027\370\326\255\233\376s\255a>\006\236\355/\320|\264\270W+\214'o\032""; previousledger: ""0\355\311\211\352@\036\313K1\024B\343N\323V\367s\355lu\324\374V\207\371F\260\325\345\213\261""; "
1750576781946,1750576781947,2687,1,1,3,TMProposeSet,"proposeSeq: 0; currentTxHash: ""\000\000\000\000\000\000\000\000\000\000\000\000\000\000\000\000\000\000\000\000\000\000\000\000\000\000\000\000\000\000\000\000""; nodePubKey: ""\003i)e\226\372N\250\220\343\313\000^\252ua\277:W\233\010\236\376G>\347\257/\214RJ\t<""; closeTime: 803891980; signature: ""0D\002 C\330j'\274\034\3201\205\306L""\270\003\024\220\242`{EB!m\347\013n+\313\024\007\360\235\002 T\234\013\315\221\312\272\246\027\370\326\255\233\376s\255a>\006\236\355/\320|\264\270W+\214'o\032""; previousledger: ""0\355\311\211\352@\036\313K1\024B\343N\323V\367s\355lu\324\374V\207\371F\260\325\345\213\261""; ","proposeSeq: 0; currentTxHash: ""\000\000\000\000\000\000\000\000\000\000\000\000\000\000\000\000\000\000\000\000\000\000\000\000\000\000\000\000\000\000\000\000""; nodePubKey: ""\003i)e\226\372N\250\220\343\313\000^\252ua\277:W\233\010\236\376G>\347\257/\214RJ\t<""; closeTime: 803891980; signature: ""0D\002 C\330j'\274\034\3201\205\306L""\270\003\024\220\242`{EB!m\347\013n+\313\024\007\360\235\002 T\234\013\315\221\312\272\246\027\370\326\255\233\376s\255a>\006\236\355/\320|\264\270W+\214'o\032""; previousledger: ""0\355\311\211\352@\036\313K1\024B\343N\323V\367s\355lu\324\374V\207\371F\260\325\345\213\261""; "
1750576781948,1750576781948,2904,1,4,1,TMProposeSet,"proposeSeq: 0; currentTxHash: ""\000\000\000\000\000\000\000\000\000\000\000\000\000\000\000\000\000\000\000\000\000\000\000\000\000\000\000\000\000\000\000\000""; nodePubKey: ""\003i)e\226\372N\250\220\343\313\000^\252ua\277:W\233\010\236\376G>\347\257/\214RJ\t<""; closeTime: 803891980; signature: ""0D\002 C\330j'\274\034\3201\205\306L""\270\003\024\220\242`{EB!m\347\013n+\313\024\007\360\235\002 T\234\013\315\221\312\272\246\027\370\326\255\233\376s\255a>\006\236\355/\320|\264\270W+\214'o\032""; previousledger: ""0\355\311\211\352@\036\313K1\024B\343N\323V\367s\355lu\324\374V\207\371F\260\325\345\213\261""; ","proposeSeq: 0; currentTxHash: ""\000\000\000\000\000\000\000\000\000\000\000\000\000\000\000\000\000\000\000\000\000\000\000\000\000\000\000\000\000\000\000\000""; nodePubKey: ""\003i)e\226\372N\250\220\343\313\000^\252ua\277:W\233\010\236\376G>\347\257/\214RJ\t<""; closeTime: 803891980; signature: ""0D\002 C\330j'\274\034\3201\205\306L""\270\003\024\220\242`{EB!m\347\013n+\313\024\007\360\235\002 T\234\013\315\221\312\272\246\027\370\326\255\233\376s\255a>\006\236\355/\320|\264\270W+\214'o\032""; previousledger: ""0\355\311\211\352@\036\313K1\024B\343N\323V\367s\355lu\324\374V\207\371F\260\325\345\213\261""; "
1750576781948,1750576781948,3064,1,4,3,TMProposeSet,"proposeSeq: 0; currentTxHash: ""\000\000\000\000\000\000\000\000\000\000\000\000\000\000\000\000\000\000\000\000\000\000\000\000\000\000\000\000\000\000\000\000""; nodePubKey: ""\003i)e\226\372N\250\220\343\313\000^\252ua\277:W\233\010\236\376G>\347\257/\214RJ\t<""; closeTime: 803891980; signature: ""0D\002 C\330j'\274\034\3201\205\306L""\270\003\024\220\242`{EB!m\347\013n+\313\024\007\360\235\002 T\234\013\315\221\312\272\246\027\370\326\255\233\376s\255a>\006\236\355/\320|\264\270W+\214'o\032""; previousledger: ""0\355\311\211\352@\036\313K1\024B\343N\323V\367s\355lu\324\374V\207\371F\260\325\345\213\261""; ","proposeSeq: 0; currentTxHash: ""\000\000\000\000\000\000\000\000\000\000\000\000\000\000\000\000\000\000\000\000\000\000\000\000\000\000\000\000\000\000\000\000""; nodePubKey: ""\003i)e\226\372N\250\220\343\313\000^\252ua\277:W\233\010\236\376G>\347\257/\214RJ\t<""; closeTime: 803891980; signature: ""0D\002 C\330j'\274\034\3201\205\306L""\270\003\024\220\242`{EB!m\347\013n+\313\024\007\360\235\002 T\234\013\315\221\312\272\246\027\370\326\255\233\376s\255a>\006\236\355/\320|\264\270W+\214'o\032""; previousledger: ""0\355\311\211\352@\036\313K1\024B\343N\323V\367s\355lu\324\374V\207\371F\260\325\345\213\261""; "
1750576781950,1750576781950,1630,1,2,3,TMProposeSet,"proposeSeq: 0; currentTxHash: ""\000\000\000\000\000\000\000\000\000\000\000\000\000\000\000\000\000\000\000\000\000\000\000\000\000\000\000\000\000\000\000\000""; nodePubKey: ""\003i)e\226\372N\250\220\343\313\000^\252ua\277:W\233\010\236\376G>\347\257/\214RJ\t<""; closeTime: 803891980; signature: ""0D\002 C\330j'\274\034\3201\205\306L""\270\003\024\220\242`{EB!m\347\013n+\313\024\007\360\235\002 T\234\013\315\221\312\272\246\027\370\326\255\233\376s\255a>\006\236\355/\320|\264\270W+\214'o\032""; previousledger: ""0\355\311\211\352@\036\313K1\024B\343N\323V\367s\355lu\324\374V\207\371F\260\325\345\213\261""; ","proposeSeq: 0; currentTxHash: ""\000\000\000\000\000\000\000\000\000\000\000\000\000\000\000\000\000\000\000\000\000\000\000\000\000\000\000\000\000\000\000\000""; nodePubKey: ""\003i)e\226\372N\250\220\343\313\000^\252ua\277:W\233\010\236\376G>\347\257/\214RJ\t<""; closeTime: 803891980; signature: ""0D\002 C\330j'\274\034\3201\205\306L""\270\003\024\220\242`{EB!m\347\013n+\313\024\007\360\235\002 T\234\013\315\221\312\272\246\027\370\326\255\233\376s\255a>\006\236\355/\320|\264\270W+\214'o\032""; previousledger: ""0\355\311\211\352@\036\313K1\024B\343N\323V\367s\355lu\324\374V\207\371F\260\325\345\213\261""; "
1750576781951,1750576781951,1529,1,2,0,TMProposeSet,"proposeSeq: 0; currentTxHash: ""\000\000\000\000\000\000\000\000\000\000\000\000\000\000\000\000\000\000\000\000\000\000\000\000\000\000\000\000\000\000\000\000""; nodePubKey: ""\003i)e\226\372N\250\220\343\313\000^\252ua\277:W\233\010\236\376G>\347\257/\214RJ\t<""; closeTime: 803891980; signature: ""0D\002 C\330j'\274\034\3201\205\306L""\270\003\024\220\242`{EB!m\347\013n+\313\024\007\360\235\002 T\234\013\315\221\312\272\246\027\370\326\255\233\376s\255a>\006\236\355/\320|\264\270W+\214'o\032""; previousledger: ""0\355\311\211\352@\036\313K1\024B\343N\323V\367s\355lu\324\374V\207\371F\260\325\345\213\261""; ","proposeSeq: 0; currentTxHash: ""\000\000\000\000\000\000\000\000\000\000\000\000\000\000\000\000\000\000\000\000\000\000\000\000\000\000\000\000\000\000\000\000""; nodePubKey: ""\003i)e\226\372N\250\220\343\313\000^\252ua\277:W\233\010\236\376G>\347\257/\214RJ\t<""; closeTime: 803891980; signature: ""0D\002 C\330j'\274\034\3201\205\306L""\270\003\024\220\242`{EB!m\347\013n+\313\024\007\360\235\002 T\234\013\315\221\312\272\246\027\370\326\255\233\376s\255a>\006\236\355/\320|\264\270W+\214'o\032""; previousledger: ""0\355\311\211\352@\036\313K1\024B\343N\323V\367s\355lu\324\374V\207\371F\260\325\345\213\261""; "
1750576781951,1750576781951,1191,1,2,1,TMProposeSet,"proposeSeq: 0; currentTxHash: ""\000\000\000\000\000\000\000\000\000\000\000\000\000\000\000\000\000\000\000\000\000\000\000\000\000\000\000\000\000\000\000\000""; nodePubKey: ""\003i)e\226\372N\250\220\343\313\000^\252ua\277:W\233\010\236\376G>\347\257/\214RJ\t<""; closeTime: 803891980; signature: ""0D\002 C\330j'\274\034\3201\205\306L""\270\003\024\220\242`{EB!m\347\013n+\313\024\007\360\235\002 T\234\013\315\221\312\272\246\027\370\326\255\233\376s\255a>\006\236\355/\320|\264\270W+\214'o\032""; previousledger: ""0\355\311\211\352@\036\313K1\024B\343N\323V\367s\355lu\324\374V\207\371F\260\325\345\213\261""; ","proposeSeq: 0; currentTxHash: ""\000\000\000\000\000\000\000\000\000\000\000\000\000\000\000\000\000\000\000\000\000\000\000\000\000\000\000\000\000\000\000\000""; nodePubKey: ""\003i)e\226\372N\250\220\343\313\000^\252ua\277:W\233\010\236\376G>\347\257/\214RJ\t<""; closeTime: 803891980; signature: ""0D\002 C\330j'\274\034\3201\205\306L""\270\003\024\220\242`{EB!m\347\013n+\313\024\007\360\235\002 T\234\013\315\221\312\272\246\027\370\326\255\233\376s\255a>\006\236\355/\320|\264\270W+\214'o\032""; previousledger: ""0\355\311\211\352@\036\313K1\024B\343N\323V\367s\355lu\324\374V\207\371F\260\325\345\213\261""; "
1750576782064,1750576782064,1657,1,1,4,TMProposeSet,"proposeSeq: 0; currentTxHash: ""\000\000\000\000\000\000\000\000\000\000\000\000\000\000\000\000\000\000\000\000\000\000\000\000\000\000\000\000\000\000\000\000""; nodePubKey: ""\003\371#:S\022\X\277\344\034\253'\365\230\361\211p\037\000R\265\215-7o\002\210\025\275\344qQ""; closeTime: 803891980; signature: ""0E\002!\000\272\343\324\365~\213\rD\373<\337u\333*\251<g\2614@\335\362e\3241\t\373->w:s\002 b\030w\250+WEK\327R0X\302J\270\255+\024\321\022\005\010f\0328\300^\253\260\035b\316""; previousledger: ""0\355\311\211\352@\036\313K1\024B\343N\323V\367s\355lu\324\374V\207\371F\260\325\345\213\261""; ","proposeSeq: 0; currentTxHash: ""\000\000\000\000\000\000\000\000\000\000\000\000\000\000\000\000\000\000\000\000\000\000\000\000\000\000\000\000\000\000\000\000""; nodePubKey: ""\003\371#:S\022\X\277\344\034\253'\365\230\361\211p\037\000R\265\215-7o\002\210\025\275\344qQ""; closeTime: 803891980; signature: ""0E\002!\000\272\343\324\365~\213\rD\373<\337u\333*\251<g\2614@\335\362e\3241\t\373->w:s\002 b\030w\250+WEK\327R0X\302J\270\255+\024\321\022\005\010f\0328\300^\253\260\035b\316""; previousledger: ""0\355\311\211\352@\036\313K1\024B\343N\323V\367s\355lu\324\374V\207\371F\260\325\345\213\261""; "
1750576782065,1750576782065,2687,1,1,3,TMProposeSet,"proposeSeq: 0; currentTxHash: ""\000\000\000\000\000\000\000\000\000\000\000\000\000\000\000\000\000\000\000\000\000\000\000\000\000\000\000\000\000\000\000\000""; nodePubKey: ""\003\371#:S\022\X\277\344\034\253'\365\230\361\211p\037\000R\265\215-7o\002\210\025\275\344qQ""; closeTime: 803891980; signature: ""0E\002!\000\272\343\324\365~\213\rD\373<\337u\333*\251<g\2614@\335\362e\3241\t\373->w:s\002 b\030w\250+WEK\327R0X\302J\270\255+\024\321\022\005\010f\0328\300^\253\260\035b\316""; previousledger: ""0\355\311\211\352@\036\313K1\024B\343N\323V\367s\355lu\324\374V\207\371F\260\325\345\213\261""; ","proposeSeq: 0; currentTxHash: ""\000\000\000\000\000\000\000\000\000\000\000\000\000\000\000\000\000\000\000\000\000\000\000\000\000\000\000\000\000\000\000\000""; nodePubKey: ""\003\371#:S\022\X\277\344\034\253'\365\230\361\211p\037\000R\265\215-7o\002\210\025\275\344qQ""; closeTime: 803891980; signature: ""0E\002!\000\272\343\324\365~\213\rD\373<\337u\333*\251<g\2614@\335\362e\3241\t\373->w:s\002 b\030w\250+WEK\327R0X\302J\270\255+\024\321\022\005\010f\0328\300^\253\260\035b\316""; previousledger: ""0\355\311\211\352@\036\313K1\024B\343N\323V\367s\355lu\324\374V\207\371F\260\325\345\213\261""; "
1750576782065,1750576782065,252,1,1,0,TMProposeSet,"proposeSeq: 0; currentTxHash: ""\000\000\000\000\000\000\000\000\000\000\000\000\000\000\000\000\000\000\000\000\000\000\000\000\000\000\000\000\000\000\000\000""; nodePubKey: ""\003\371#:S\022\X\277\344\034\253'\365\230\361\211p\037\000R\265\215-7o\002\210\025\275\344qQ""; closeTime: 803891980; signature: ""0E\002!\000\272\343\324\365~\213\rD\373<\337u\333*\251<g\2614@\335\362e\3241\t\373->w:s\002 b\030w\250+WEK\327R0X\302J\270\255+\024\321\022\005\010f\0328\300^\253\260\035b\316""; previousledger: ""0\355\311\211\352@\036\313K1\024B\343N\323V\367s\355lu\324\374V\207\371F\260\325\345\213\261""; ","proposeSeq: 0; currentTxHash: ""\000\000\000\000\000\000\000\000\000\000\000\000\000\000\000\000\000\000\000\000\000\000\000\000\000\000\000\000\000\000\000\000""; nodePubKey: ""\003\371#:S\022\X\277\344\034\253'\365\230\361\211p\037\000R\265\215-7o\002\210\025\275\344qQ""; closeTime: 803891980; signature: ""0E\002!\000\272\343\324\365~\213\rD\373<\337u\333*\251<g\2614@\335\362e\3241\t\373->w:s\002 b\030w\250+WEK\327R0X\302J\270\255+\024\321\022\005\010f\0328\300^\253\260\035b\316""; previousledger: ""0\355\311\211\352@\036\313K1\024B\343N\323V\367s\355lu\324\374V\207\371F\260\325\345\213\261""; "
1750576782107,1750576782108,30,1,2,3,TMStatusChange,"newEvent: neACCEPTED_LEDGER; ledgerSeq: 3; ledgerHash: ""t\361\032\213\221\243\004\006][\376s\340\253\234K}\\013\0362\202`\234\371~d\0310\204\264,""; ledgerHashPrevious: ""0\355\311\211\352@\036\313K1\024B\343N\323V\367s\355lu\324\374V\207\371F\260\325\345\213\261""; networkTime: 803891982; firstSeq: 1; lastSeq: 1; ","newEvent: neACCEPTED_LEDGER; ledgerSeq: 3; ledgerHash: ""t\361\032\213\221\243\004\006][\376s\340\253\234K}\\013\0362\202`\234\371~d\0310\204\264,""; ledgerHashPrevious: ""0\355\311\211\352@\036\313K1\024B\343N\323V\367s\355lu\324\374V\207\371F\260\325\345\213\261""; networkTime: 803891982; firstSeq: 1; lastSeq: 1; "
1750576782108,1750576782108,3392,1,2,4,TMStatusChange,"newEvent: neACCEPTED_LEDGER; ledgerSeq: 3; ledgerHash: ""t\361\032\213\221\243\004\006][\376s\340\253\234K}\\013\0362\202`\234\371~d\0310\204\264,""; ledgerHashPrevious: ""0\355\311\211\352@\036\313K1\024B\343N\323V\367s\355lu\324\374V\207\371F\260\325\345\213\261""; networkTime: 803891982; firstSeq: 1; lastSeq: 1; ","newEvent: neACCEPTED_LEDGER; ledgerSeq: 3; ledgerHash: ""t\361\032\213\221\243\004\006][\376s\340\253\234K}\\013\0362\202`\234\371~d\0310\204\264,""; ledgerHashPrevious: ""0\355\311\211\352@\036\313K1\024B\343N\323V\367s\355lu\324\374V\207\371F\260\325\345\213\261""; networkTime: 803891982; firstSeq: 1; lastSeq: 1; "
1750576782109,1750576782109,1842,1,2,3,TMValidation,"validation: """"\200\000\000\001&\000\000\000\003)/\352k\016:\321 \377\321\373\345\340\346Qt\361\032\213\221\243\004\006][\376s\340\253\234K}\\013\0362\202`\234\371~d\0310\204\264,P\027\000\000\000\000\000\000\000\000\000\000\000\000\000\000\000\000\000\000\000\000\000\000\000\000\000\000\000\000\000\000\000\000P\031-}\351f\032\255\274\334m\326c\017\014ao[\342\230\003\245\245\3341Hm\326^\017jy\335\261s!\002\373\236I\010\265\271ho\331/c\224%g\005\354]\344\350\r\030%u\255\364\002\226\221\370\363\332\331vF0D\002 T\003\221;8!\021\377Ge\007TJEl\320\303Au\235\365\234\206zE\202*\266\360\267\273\252\002 \004\005x\030\202\261\372\247\314\242&!|}a\371\241\305\024F\302\n\033\376\177\312=`\361I$\271""; ","validation: """"\200\000\000\001&\000\000\000\003)/\352k\016:\321 \377\321\373\345\340\346Qt\361\032\213\221\243\004\006][\376s\340\253\234K}\\013\0362\202`\234\371~d\0310\204\264,P\027\000\000\000\000\000\000\000\000\000\000\000\000\000\000\000\000\000\000\000\000\000\000\000\000\000\000\000\000\000\000\000\000P\031-}\351f\032\255\274\334m\326c\017\014ao[\342\230\003\245\245\3341Hm\326^\017jy\335\261s!\002\373\236I\010\265\271ho\331/c\224%g\005\354]\344\350\r\030%u\255\364\002\226\221\370\363\332\331vF0D\002 T\003\221;8!\021\377Ge\007TJEl\320\303Au\235\365\234\206zE\202*\266\360\267\273\252\002 \004\005x\030\202\261\372\247\314\242&!|}a\371\241\305\024F\302\n\033\376\177\312=`\361I$\271""; "
1750576782109,1750576782109,3070,1,2,1,TMValidation,"validation: """"\200\000\000\001&\000\000\000\003)/\352k\016:\321 \377\321\373\345\340\346Qt\361\032\213\221\243\004\006][\376s\340\253\234K}\\013\0362\202`\234\371~d\0310\204\264,P\027\000\000\000\000\000\000\000\000\000\000\000\000\000\000\000\000\000\000\000\000\000\000\000\000\000\000\000\000\000\000\000\000P\031-}\351f\032\255\274\334m\326c\017\014ao[\342\230\003\245\245\3341Hm\326^\017jy\335\261s!\002\373\236I\010\265\271ho\331/c\224%g\005\354]\344\350\r\030%u\255\364\002\226\221\370\363\332\331vF0D\002 T\003\221;8!\021\377Ge\007TJEl\320\303Au\235\365\234\206zE\202*\266\360\267\273\252\002 \004\005x\030\202\261\372\247\314\242&!|}a\371\241\305\024F\302\n\033\376\177\312=`\361I$\271""; ","validation: """"\200\000\000\001&\000\000\000\003)/\352k\016:\321 \377\321\373\345\340\346Qt\361\032\213\221\243\004\006][\376s\340\253\234K}\\013\0362\202`\234\371~d\0310\204\264,P\027\000\000\000\000\000\000\000\000\000\000\000\000\000\000\000\000\000\000\000\000\000\000\000\000\000\000\000\000\000\000\000\000P\031-}\351f\032\255\274\334m\326c\017\014ao[\342\230\003\245\245\3341Hm\326^\017jy\335\261s!\002\373\236I\010\265\271ho\331/c\224%g\005\354]\344\350\r\030%u\255\364\002\226\221\370\363\332\331vF0D\002 T\003\221;8!\021\377Ge\007TJEl\320\303Au\235\365\234\206zE\202*\266\360\267\273\252\002 \004\005x\030\202\261\372\247\314\242&!|}a\371\241\305\024F\302\n\033\376\177\312=`\361I$\271""; "
1750576782109,1750576782110,2409,1,2,1,TMStatusChange,"newEvent: neACCEPTED_LEDGER; ledgerSeq: 3; ledgerHash: ""t\361\032\213\221\243\004\006][\376s\340\253\234K}\\013\0362\202`\234\371~d\0310\204\264,""; ledgerHashPrevious: ""0\355\311\211\352@\036\313K1\024B\343N\323V\367s\355lu\324\374V\207\371F\260\325\345\213\261""; networkTime: 803891982; firstSeq: 1; lastSeq: 1; ","newEvent: neACCEPTED_LEDGER; ledgerSeq: 3; ledgerHash: ""t\361\032\213\221\243\004\006][\376s\340\253\234K}\\013\0362\202`\234\371~d\0310\204\264,""; ledgerHashPrevious: ""0\355\311\211\352@\036\313K1\024B\343N\323V\367s\355lu\324\374V\207\371F\260\325\345\213\261""; networkTime: 803891982; firstSeq: 1; lastSeq: 1; "
1750576782110,1750576782110,367,1,2,4,TMValidation,"validation: """"\200\000\000\001&\000\000\000\003)/\352k\016:\321 \377\321\373\345\340\346Qt\361\032\213\221\243\004\006][\376s\340\253\234K}\\013\0362\202`\234\371~d\0310\204\264,P\027\000\000\000\000\000\000\000\000\000\000\000\000\000\000\000\000\000\000\000\000\000\000\000\000\000\000\000\000\000\000\000\000P\031-}\351f\032\255\274\334m\326c\017\014ao[\342\230\003\245\245\3341Hm\326^\017jy\335\261s!\002\373\236I\010\265\271ho\331/c\224%g\005\354]\344\350\r\030%u\255\364\002\226\221\370\363\332\331vF0D\002 T\003\221;8!\021\377Ge\007TJEl\320\303Au\235\365\234\206zE\202*\266\360\267\273\252\002 \004\005x\030\202\261\372\247\314\242&!|}a\371\241\305\024F\302\n\033\376\177\312=`\361I$\271""; ","validation: """"\200\000\000\001&\000\000\000\003)/\352k\016:\321 \377\321\373\345\340\346Qt\361\032\213\221\243\004\006][\376s\340\253\234K}\\013\0362\202`\234\371~d\0310\204\264,P\027\000\000\000\000\000\000\000\000\000\000\000\000\000\000\000\000\000\000\000\000\000\000\000\000\000\000\000\000\000\000\000\000P\031-}\351f\032\255\274\334m\326c\017\014ao[\342\230\003\245\245\3341Hm\326^\017jy\335\261s!\002\373\236I\010\265\271ho\331/c\224%g\005\354]\344\350\r\030%u\255\364\002\226\221\370\363\332\331vF0D\002 T\003\221;8!\021\377Ge\007TJEl\320\303Au\235\365\234\206zE\202*\266\360\267\273\252\002 \004\005x\030\202\261\372\247\314\242&!|}a\371\241\305\024F\302\n\033\376\177\312=`\361I$\271""; "
1750576782110,1750576782110,1637,1,2,0,TMStatusChange,"newEvent: neACCEPTED_LEDGER; ledgerSeq: 3; ledgerHash: ""t\361\032\213\221\243\004\006][\376s\340\253\234K}\\013\0362\202`\234\371~d\0310\204\264,""; ledgerHashPrevious: ""0\355\311\211\352@\036\313K1\024B\343N\323V\367s\355lu\324\374V\207\371F\260\325\345\213\261""; networkTime: 803891982; firstSeq: 1; lastSeq: 1; ","newEvent: neACCEPTED_LEDGER; ledgerSeq: 3; ledgerHash: ""t\361\032\213\221\243\004\006][\376s\340\253\234K}\\013\0362\202`\234\371~d\0310\204\264,""; ledgerHashPrevious: ""0\355\311\211\352@\036\313K1\024B\343N\323V\367s\355lu\324\374V\207\371F\260\325\345\213\261""; networkTime: 803891982; firstSeq: 1; lastSeq: 1; "
1750576782111,1750576782111,3160,1,2,0,TMValidation,"validation: """"\200\000\000\001&\000\000\000\003)/\352k\016:\321 \377\321\373\345\340\346Qt\361\032\213\221\243\004\006][\376s\340\253\234K}\\013\0362\202`\234\371~d\0310\204\264,P\027\000\000\000\000\000\000\000\000\000\000\000\000\000\000\000\000\000\000\000\000\000\000\000\000\000\000\000\000\000\000\000\000P\031-}\351f\032\255\274\334m\326c\017\014ao[\342\230\003\245\245\3341Hm\326^\017jy\335\261s!\002\373\236I\010\265\271ho\331/c\224%g\005\354]\344\350\r\030%u\255\364\002\226\221\370\363\332\331vF0D\002 T\003\221;8!\021\377Ge\007TJEl\320\303Au\235\365\234\206zE\202*\266\360\267\273\252\002 \004\005x\030\202\261\372\247\314\242&!|}a\371\241\305\024F\302\n\033\376\177\312=`\361I$\271""; ","validation: """"\200\000\000\001&\000\000\000\003)/\352k\016:\321 \377\321\373\345\340\346Qt\361\032\213\221\243\004\006][\376s\340\253\234K}\\013\0362\202`\234\371~d\0310\204\264,P\027\000\000\000\000\000\000\000\000\000\000\000\000\000\000\000\000\000\000\000\000\000\000\000\000\000\000\000\000\000\000\000\000P\031-}\351f\032\255\274\334m\326c\017\014ao[\342\230\003\245\245\3341Hm\326^\017jy\335\261s!\002\373\236I\010\265\271ho\331/c\224%g\005\354]\344\350\r\030%u\255\364\002\226\221\370\363\332\331vF0D\002 T\003\221;8!\021\377Ge\007TJEl\320\303Au\235\365\234\206zE\202*\266\360\267\273\252\002 \004\005x\030\202\261\372\247\314\242&!|}a\371\241\305\024F\302\n\033\376\177\312=`\361I$\271""; "
1750576782361,1750576782361,920,1,0,3,TMProposeSet,"proposeSeq: 0; currentTxHash: ""\000\000\000\000\000\000\000\000\000\000\000\000\000\000\000\000\000\000\000\000\000\000\000\000\000\000\000\000\000\000\000\000""; nodePubKey: ""\003\371#:S\022\X\277\344\034\253'\365\230\361\211p\037\000R\265\215-7o\002\210\025\275\344qQ""; closeTime: 803891980; signature: ""0E\002!\000\272\343\324\365~\213\rD\373<\337u\333*\251<g\2614@\335\362e\3241\t\373->w:s\002 b\030w\250+WEK\327R0X\302J\270\255+\024\321\022\005\010f\0328\300^\253\260\035b\316""; previousledger: ""0\355\311\211\352@\036\313K1\024B\343N\323V\367s\355lu\324\374V\207\371F\260\325\345\213\261""; ","proposeSeq: 0; currentTxHash: ""\000\000\000\000\000\000\000\000\000\000\000\000\000\000\000\000\000\000\000\000\000\000\000\000\000\000\000\000\000\000\000\000""; nodePubKey: ""\003\371#:S\022\X\277\344\034\253'\365\230\361\211p\037\000R\265\215-7o\002\210\025\275\344qQ""; closeTime: 803891980; signature: ""0E\002!\000\272\343\324\365~\213\rD\373<\337u\333*\251<g\2614@\335\362e\3241\t\373->w:s\002 b\030w\250+WEK\327R0X\302J\270\255+\024\321\022\005\010f\0328\300^\253\260\035b\316""; previousledger: ""0\355\311\211\352@\036\313K1\024B\343N\323V\367s\355lu\324\374V\207\371F\260\325\345\213\261""; "
1750576782361,1750576782361,1134,1,0,2,TMProposeSet,"proposeSeq: 0; currentTxHash: ""\000\000\000\000\000\000\000\000\000\000\000\000\000\000\000\000\000\000\000\000\000\000\000\000\000\000\000\000\000\000\000\000""; nodePubKey: ""\003\371#:S\022\X\277\344\034\253'\365\230\361\211p\037\000R\265\215-7o\002\210\025\275\344qQ""; closeTime: 803891980; signature: ""0E\002!\000\272\343\324\365~\213\rD\373<\337u\333*\251<g\2614@\335\362e\3241\t\373->w:s\002 b\030w\250+WEK\327R0X\302J\270\255+\024\321\022\005\010f\0328\300^\253\260\035b\316""; previousledger: ""0\355\311\211\352@\036\313K1\024B\343N\323V\367s\355lu\324\374V\207\371F\260\325\345\213\261""; ","proposeSeq: 0; currentTxHash: ""\000\000\000\000\000\000\000\000\000\000\000\000\000\000\000\000\000\000\000\000\000\000\000\000\000\000\000\000\000\000\000\000""; nodePubKey: ""\003\371#:S\022\X\277\344\034\253'\365\230\361\211p\037\000R\265\215-7o\002\210\025\275\344qQ""; closeTime: 803891980; signature: ""0E\002!\000\272\343\324\365~\213\rD\373<\337u\333*\251<g\2614@\335\362e\3241\t\373->w:s\002 b\030w\250+WEK\327R0X\302J\270\255+\024\321\022\005\010f\0328\300^\253\260\035b\316""; previousledger: ""0\355\311\211\352@\036\313K1\024B\343N\323V\367s\355lu\324\374V\207\371F\260\325\345\213\261""; "
1750576782361,1750576782361,1033,1,0,4,TMProposeSet,"proposeSeq: 0; currentTxHash: ""\000\000\000\000\000\000\000\000\000\000\000\000\000\000\000\000\000\000\000\000\000\000\000\000\000\000\000\000\000\000\000\000""; nodePubKey: ""\003\371#:S\022\X\277\344\034\253'\365\230\361\211p\037\000R\265\215-7o\002\210\025\275\344qQ""; closeTime: 803891980; signature: ""0E\002!\000\272\343\324\365~\213\rD\373<\337u\333*\251<g\2614@\335\362e\3241\t\373->w:s\002 b\030w\250+WEK\327R0X\302J\270\255+\024\321\022\005\010f\0328\300^\253\260\035b\316""; previousledger: ""0\355\311\211\352@\036\313K1\024B\343N\323V\367s\355lu\324\374V\207\371F\260\325\345\213\261""; ","proposeSeq: 0; currentTxHash: ""\000\000\000\000\000\000\000\000\000\000\000\000\000\000\000\000\000\000\000\000\000\000\000\000\000\000\000\000\000\000\000\000""; nodePubKey: ""\003\371#:S\022\X\277\344\034\253'\365\230\361\211p\037\000R\265\215-7o\002\210\025\275\344qQ""; closeTime: 803891980; signature: ""0E\002!\000\272\343\324\365~\213\rD\373<\337u\333*\251<g\2614@\335\362e\3241\t\373->w:s\002 b\030w\250+WEK\327R0X\302J\270\255+\024\321\022\005\010f\0328\300^\253\260\035b\316""; previousledger: ""0\355\311\211\352@\036\313K1\024B\343N\323V\367s\355lu\324\374V\207\371F\260\325\345\213\261""; "
1750576782445,1750576782445,15,1,1,3,TMStatusChange,"newEvent: neACCEPTED_LEDGER; ledgerSeq: 3; ledgerHash: ""t\361\032\213\221\243\004\006][\376s\340\253\234K}\\013\0362\202`\234\371~d\0310\204\264,""; ledgerHashPrevious: ""0\355\311\211\352@\036\313K1\024B\343N\323V\367s\355lu\324\374V\207\371F\260\325\345\213\261""; networkTime: 803891982; firstSeq: 1; lastSeq: 1; ","newEvent: neACCEPTED_LEDGER; ledgerSeq: 3; ledgerHash: ""t\361\032\213\221\243\004\006][\376s\340\253\234K}\\013\0362\202`\234\371~d\0310\204\264,""; ledgerHashPrevious: ""0\355\311\211\352@\036\313K1\024B\343N\323V\367s\355lu\324\374V\207\371F\260\325\345\213\261""; networkTime: 803891982; firstSeq: 1; lastSeq: 1; "
1750576782445,1750576782445,3752,1,1,4,TMStatusChange,"newEvent: neACCEPTED_LEDGER; ledgerSeq: 3; ledgerHash: ""t\361\032\213\221\243\004\006][\376s\340\253\234K}\\013\0362\202`\234\371~d\0310\204\264,""; ledgerHashPrevious: ""0\355\311\211\352@\036\313K1\024B\343N\323V\367s\355lu\324\374V\207\371F\260\325\345\213\261""; networkTime: 803891982; firstSeq: 1; lastSeq: 1; ","newEvent: neACCEPTED_LEDGER; ledgerSeq: 3; ledgerHash: ""t\361\032\213\221\243\004\006][\376s\340\253\234K}\\013\0362\202`\234\371~d\0310\204\264,""; ledgerHashPrevious: ""0\355\311\211\352@\036\313K1\024B\343N\323V\367s\355lu\324\374V\207\371F\260\325\345\213\261""; networkTime: 803891982; firstSeq: 1; lastSeq: 1; "
1750576782445,1750576782445,1881,1,1,4,TMValidation,"validation: """"\200\000\000\001&\000\000\000\003)/\352k\016:`\203p\321f\247x\311Qt\361\032\213\221\243\004\006][\376s\340\253\234K}\\013\0362\202`\234\371~d\0310\204\264,P\027\000\000\000\000\000\000\000\000\000\000\000\000\000\000\000\000\000\000\000\000\000\000\000\000\000\000\000\000\000\000\000\000P\031-}\351f\032\255\274\334m\326c\017\014ao[\342\230\003\245\245\3341Hm\326^\017jy\335\261s!\002l\025\225/2Mi\010\252)\240F\276k\254\301;\200wg}s\364.8S\354U\206\025\244\006vF0D\002 D\257\272\tF\206\036\300\277F\255\316\205-\301\036\264\326O\225\251[2\334{\003#\335\t\260\246\252\002 lp\312\237\036EH\341\364\373\273!\305H#\374\267\336[\021\0162_\326\333J\341\322\031\2616#""; ","validation: """"\200\000\000\001&\000\000\000\003)/\352k\016:`\203p\321f\247x\311Qt\361\032\213\221\243\004\006][\376s\340\253\234K}\\013\0362\202`\234\371~d\0310\204\264,P\027\000\000\000\000\000\000\000\000\000\000\000\000\000\000\000\000\000\000\000\000\000\000\000\000\000\000\000\000\000\000\000\000P\031-}\351f\032\255\274\334m\326c\017\014ao[\342\230\003\245\245\3341Hm\326^\017jy\335\261s!\002l\025\225/2Mi\010\252)\240F\276k\254\301;\200wg}s\364.8S\354U\206\025\244\006vF0D\002 D\257\272\tF\206\036\300\277F\255\316\205-\301\036\264\326O\225\251[2\334{\003#\335\t\260\246\252\002 lp\312\237\036EH\341\364\373\273!\305H#\374\267\336[\021\0162_\326\333J\341\322\031\2616#""; "
1750576782445,1750576782445,3103,1,1,3,TMValidation,"validation: """"\200\000\000\001&\000\000\000\003)/\352k\016:`\203p\321f\247x\311Qt\361\032\213\221\243\004\006][\376s\340\253\234K}\\013\0362\202`\234\371~d\0310\204\264,P\027\000\000\000\000\000\000\000\000\000\000\000\000\000\000\000\000\000\000\000\000\000\000\000\000\000\000\000\000\000\000\000\000P\031-}\351f\032\255\274\334m\326c\017\014ao[\342\230\003\245\245\3341Hm\326^\017jy\335\261s!\002l\025\225/2Mi\010\252)\240F\276k\254\301;\200wg}s\364.8S\354U\206\025\244\006vF0D\002 D\257\272\tF\206\036\300\277F\255\316\205-\301\036\264\326O\225\251[2\334{\003#\335\t\260\246\252\002 lp\312\237\036EH\341\364\373\273!\305H#\374\267\336[\021\0162_\326\333J\341\322\031\2616#""; ","validation: """"\200\000\000\001&\000\000\000\003)/\352k\016:`\203p\321f\247x\311Qt\361\032\213\221\243\004\006][\376s\340\253\234K}\\013\0362\202`\234\371~d\0310\204\264,P\027\000\000\000\000\000\000\000\000\000\000\000\000\000\000\000\000\000\000\000\000\000\000\000\000\000\000\000\000\000\000\000\000P\031-}\351f\032\255\274\334m\326c\017\014ao[\342\230\003\245\245\3341Hm\326^\017jy\335\261s!\002l\025\225/2Mi\010\252)\240F\276k\254\301;\200wg}s\364.8S\354U\206\025\244\006vF0D\002 D\257\272\tF\206\036\300\277F\255\316\205-\301\036\264\326O\225\251[2\334{\003#\335\t\260\246\252\002 lp\312\237\036EH\341\364\373\273!\305H#\374\267\336[\021\0162_\326\333J\341\322\031\2616#""; "
1750576782446,1750576782447,1427,1,1,0,TMValidation,"validation: """"\200\000\000\001&\000\000\000\003)/\352k\016:`\203p\321f\247x\311Qt\361\032\213\221\243\004\006][\376s\340\253\234K}\\013\0362\202`\234\371~d\0310\204\264,P\027\000\000\000\000\000\000\000\000\000\000\000\000\000\000\000\000\000\000\000\000\000\000\000\000\000\000\000\000\000\000\000\000P\031-}\351f\032\255\274\334m\326c\017\014ao[\342\230\003\245\245\3341Hm\326^\017jy\335\261s!\002l\025\225/2Mi\010\252)\240F\276k\254\301;\200wg}s\364.8S\354U\206\025\244\006vF0D\002 D\257\272\tF\206\036\300\277F\255\316\205-\301\036\264\326O\225\251[2\334{\003#\335\t\260\246\252\002 lp\312\237\036EH\341\364\373\273!\305H#\374\267\336[\021\0162_\326\333J\341\322\031\2616#""; ","validation: """"\200\000\000\001&\000\000\000\003)/\352k\016:`\203p\321f\247x\311Qt\361\032\213\221\243\004\006][\376s\340\253\234K}\\013\0362\202`\234\371~d\0310\204\264,P\027\000\000\000\000\000\000\000\000\000\000\000\000\000\000\000\000\000\000\000\000\000\000\000\000\000\000\000\000\000\000\000\000P\031-}\351f\032\255\274\334m\326c\017\014ao[\342\230\003\245\245\3341Hm\326^\017jy\335\261s!\002l\025\225/2Mi\010\252)\240F\276k\254\301;\200wg}s\364.8S\354U\206\025\244\006vF0D\002 D\257\272\tF\206\036\300\277F\255\316\205-\301\036\264\326O\225\251[2\334{\003#\335\t\260\246\252\002 lp\312\237\036EH\341\364\373\273!\305H#\374\267\336[\021\0162_\326\333J\341\322\031\2616#""; "
1750576782447,1750576782448,200,1,1,0,TMStatusChange,"newEvent: neACCEPTED_LEDGER; ledgerSeq: 3; ledgerHash: ""t\361\032\213\221\243\004\006][\376s\340\253\234K}\\013\0362\202`\234\371~d\0310\204\264,""; ledgerHashPrevious: ""0\355\311\211\352@\036\313K1\024B\343N\323V\367s\355lu\324\374V\207\371F\260\325\345\213\261""; networkTime: 803891982; firstSeq: 1; lastSeq: 1; ","newEvent: neACCEPTED_LEDGER; ledgerSeq: 3; ledgerHash: ""t\361\032\213\221\243\004\006][\376s\340\253\234K}\\013\0362\202`\234\371~d\0310\204\264,""; ledgerHashPrevious: ""0\355\311\211\352@\036\313K1\024B\343N\323V\367s\355lu\324\374V\207\371F\260\325\345\213\261""; networkTime: 803891982; firstSeq: 1; lastSeq: 1; "
1750576782448,1750576782448,787,1,1,2,TMStatusChange,"newEvent: neACCEPTED_LEDGER; ledgerSeq: 3; ledgerHash: ""t\361\032\213\221\243\004\006][\376s\340\253\234K}\\013\0362\202`\234\371~d\0310\204\264,""; ledgerHashPrevious: ""0\355\311\211\352@\036\313K1\024B\343N\323V\367s\355lu\324\374V\207\371F\260\325\345\213\261""; networkTime: 803891982; firstSeq: 1; lastSeq: 1; ","newEvent: neACCEPTED_LEDGER; ledgerSeq: 3; ledgerHash: ""t\361\032\213\221\243\004\006][\376s\340\253\234K}\\013\0362\202`\234\371~d\0310\204\264,""; ledgerHashPrevious: ""0\355\311\211\352@\036\313K1\024B\343N\323V\367s\355lu\324\374V\207\371F\260\325\345\213\261""; networkTime: 803891982; firstSeq: 1; lastSeq: 1; "
1750576782448,1750576782448,3156,1,1,2,TMValidation,"validation: """"\200\000\000\001&\000\000\000\003)/\352k\016:`\203p\321f\247x\311Qt\361\032\213\221\243\004\006][\376s\340\253\234K}\\013\0362\202`\234\371~d\0310\204\264,P\027\000\000\000\000\000\000\000\000\000\000\000\000\000\000\000\000\000\000\000\000\000\000\000\000\000\000\000\000\000\000\000\000P\031-}\351f\032\255\274\334m\326c\017\014ao[\342\230\003\245\245\3341Hm\326^\017jy\335\261s!\002l\025\225/2Mi\010\252)\240F\276k\254\301;\200wg}s\364.8S\354U\206\025\244\006vF0D\002 D\257\272\tF\206\036\300\277F\255\316\205-\301\036\264\326O\225\251[2\334{\003#\335\t\260\246\252\002 lp\312\237\036EH\341\364\373\273!\305H#\374\267\336[\021\0162_\326\333J\341\322\031\2616#""; ","validation: """"\200\000\000\001&\000\000\000\003)/\352k\016:`\203p\321f\247x\311Qt\361\032\213\221\243\004\006][\376s\340\253\234K}\\013\0362\202`\234\371~d\0310\204\264,P\027\000\000\000\000\000\000\000\000\000\000\000\000\000\000\000\000\000\000\000\000\000\000\000\000\000\000\000\000\000\000\000\000P\031-}\351f\032\255\274\334m\326c\017\014ao[\342\230\003\245\245\3341Hm\326^\017jy\335\261s!\002l\025\225/2Mi\010\252)\240F\276k\254\301;\200wg}s\364.8S\354U\206\025\244\006vF0D\002 D\257\272\tF\206\036\300\277F\255\316\205-\301\036\264\326O\225\251[2\334{\003#\335\t\260\246\252\002 lp\312\237\036EH\341\364\373\273!\305H#\374\267\336[\021\0162_\326\333J\341\322\031\2616#""; "
1750576782477,1750576782477,1074,1,4,3,TMValidation,"validation: """"\200\000\000\001&\000\000\000\003)/\352k\016:\321 \377\321\373\345\340\346Qt\361\032\213\221\243\004\006][\376s\340\253\234K}\\013\0362\202`\234\371~d\0310\204\264,P\027\000\000\000\000\000\000\000\000\000\000\000\000\000\000\000\000\000\000\000\000\000\000\000\000\000\000\000\000\000\000\000\000P\031-}\351f\032\255\274\334m\326c\017\014ao[\342\230\003\245\245\3341Hm\326^\017jy\335\261s!\002\373\236I\010\265\271ho\331/c\224%g\005\354]\344\350\r\030%u\255\364\002\226\221\370\363\332\331vF0D\002 T\003\221;8!\021\377Ge\007TJEl\320\303Au\235\365\234\206zE\202*\266\360\267\273\252\002 \004\005x\030\202\261\372\247\314\242&!|}a\371\241\305\024F\302\n\033\376\177\312=`\361I$\271""; ","validation: """"\200\000\000\001&\000\000\000\003)/\352k\016:\321 \377\321\373\345\340\346Qt\361\032\213\221\243\004\006][\376s\340\253\234K}\\013\0362\202`\234\371~d\0310\204\264,P\027\000\000\000\000\000\000\000\000\000\000\000\000\000\000\000\000\000\000\000\000\000\000\000\000\000\000\000\000\000\000\000\000P\031-}\351f\032\255\274\334m\326c\017\014ao[\342\230\003\245\245\3341Hm\326^\017jy\335\261s!\002\373\236I\010\265\271ho\331/c\224%g\005\354]\344\350\r\030%u\255\364\002\226\221\370\363\332\331vF0D\002 T\003\221;8!\021\377Ge\007TJEl\320\303Au\235\365\234\206zE\202*\266\360\267\273\252\002 \004\005x\030\202\261\372\247\314\242&!|}a\371\241\305\024F\302\n\033\376\177\312=`\361I$\271""; "
1750576782478,1750576782478,2764,1,4,0,TMValidation,"validation: """"\200\000\000\001&\000\000\000\003)/\352k\016:\321 \377\321\373\345\340\346Qt\361\032\213\221\243\004\006][\376s\340\253\234K}\\013\0362\202`\234\371~d\0310\204\264,P\027\000\000\000\000\000\000\000\000\000\000\000\000\000\000\000\000\000\000\000\000\000\000\000\000\000\000\000\000\000\000\000\000P\031-}\351f\032\255\274\334m\326c\017\014ao[\342\230\003\245\245\3341Hm\326^\017jy\335\261s!\002\373\236I\010\265\271ho\331/c\224%g\005\354]\344\350\r\030%u\255\364\002\226\221\370\363\332\331vF0D\002 T\003\221;8!\021\377Ge\007TJEl\320\303Au\235\365\234\206zE\202*\266\360\267\273\252\002 \004\005x\030\202\261\372\247\314\242&!|}a\371\241\305\024F\302\n\033\376\177\312=`\361I$\271""; ","validation: """"\200\000\000\001&\000\000\000\003)/\352k\016:\321 \377\321\373\345\340\346Qt\361\032\213\221\243\004\006][\376s\340\253\234K}\\013\0362\202`\234\371~d\0310\204\264,P\027\000\000\000\000\000\000\000\000\000\000\000\000\000\000\000\000\000\000\000\000\000\000\000\000\000\000\000\000\000\000\000\000P\031-}\351f\032\255\274\334m\326c\017\014ao[\342\230\003\245\245\3341Hm\326^\017jy\335\261s!\002\373\236I\010\265\271ho\331/c\224%g\005\354]\344\350\r\030%u\255\364\002\226\221\370\363\332\331vF0D\002 T\003\221;8!\021\377Ge\007TJEl\320\303Au\235\365\234\206zE\202*\266\360\267\273\252\002 \004\005x\030\202\261\372\247\314\242&!|}a\371\241\305\024F\302\n\033\376\177\312=`\361I$\271""; "
1750576782479,1750576782479,865,1,4,3,TMGetLedger,"itype: liBASE; ledgerHash: ""t\361\032\213\221\243\004\006][\376s\340\253\234K}\\013\0362\202`\234\371~d\0310\204\264,""; queryType: qtINDIRECT; ","itype: liBASE; ledgerHash: ""t\361\032\213\221\243\004\006][\376s\340\253\234K}\\013\0362\202`\234\371~d\0310\204\264,""; queryType: qtINDIRECT; "
1750576782478,1750576782478,2763,1,4,2,TMGetLedger,"itype: liBASE; ledgerHash: ""t\361\032\213\221\243\004\006][\376s\340\253\234K}\\013\0362\202`\234\371~d\0310\204\264,""; ","itype: liBASE; ledgerHash: ""t\361\032\213\221\243\004\006][\376s\340\253\234K}\\013\0362\202`\234\371~d\0310\204\264,""; "
1750576782479,1750576782479,390,1,4,0,TMGetLedger,"itype: liBASE; ledgerHash: ""t\361\032\213\221\243\004\006][\376s\340\253\234K}\\013\0362\202`\234\371~d\0310\204\264,""; queryType: qtINDIRECT; ","itype: liBASE; ledgerHash: ""t\361\032\213\221\243\004\006][\376s\340\253\234K}\\013\0362\202`\234\371~d\0310\204\264,""; queryType: qtINDIRECT; "
1750576782478,1750576782478,428,1,4,1,TMValidation,"validation: """"\200\000\000\001&\000\000\000\003)/\352k\016:\321 \377\321\373\345\340\346Qt\361\032\213\221\243\004\006][\376s\340\253\234K}\\013\0362\202`\234\371~d\0310\204\264,P\027\000\000\000\000\000\000\000\000\000\000\000\000\000\000\000\000\000\000\000\000\000\000\000\000\000\000\000\000\000\000\000\000P\031-}\351f\032\255\274\334m\326c\017\014ao[\342\230\003\245\245\3341Hm\326^\017jy\335\261s!\002\373\236I\010\265\271ho\331/c\224%g\005\354]\344\350\r\030%u\255\364\002\226\221\370\363\332\331vF0D\002 T\003\221;8!\021\377Ge\007TJEl\320\303Au\235\365\234\206zE\202*\266\360\267\273\252\002 \004\005x\030\202\261\372\247\314\242&!|}a\371\241\305\024F\302\n\033\376\177\312=`\361I$\271""; ","validation: """"\200\000\000\001&\000\000\000\003)/\352k\016:\321 \377\321\373\345\340\346Qt\361\032\213\221\243\004\006][\376s\340\253\234K}\\013\0362\202`\234\371~d\0310\204\264,P\027\000\000\000\000\000\000\000\000\000\000\000\000\000\000\000\000\000\000\000\000\000\000\000\000\000\000\000\000\000\000\000\000P\031-}\351f\032\255\274\334m\326c\017\014ao[\342\230\003\245\245\3341Hm\326^\017jy\335\261s!\002\373\236I\010\265\271ho\331/c\224%g\005\354]\344\350\r\030%u\255\364\002\226\221\370\363\332\331vF0D\002 T\003\221;8!\021\377Ge\007TJEl\320\303Au\235\365\234\206zE\202*\266\360\267\273\252\002 \004\005x\030\202\261\372\247\314\242&!|}a\371\241\305\024F\302\n\033\376\177\312=`\361I$\271""; "
1750576782480,1750576782480,865,1,4,3,TMGetLedger,"itype: liBASE; ledgerHash: ""t\361\032\213\221\243\004\006][\376s\340\253\234K}\\013\0362\202`\234\371~d\0310\204\264,""; ","itype: liBASE; ledgerHash: ""t\361\032\213\221\243\004\006][\376s\340\253\234K}\\013\0362\202`\234\371~d\0310\204\264,""; "
1750576782480,1750576782480,390,1,4,0,TMGetLedger,"itype: liBASE; ledgerHash: ""t\361\032\213\221\243\004\006][\376s\340\253\234K}\\013\0362\202`\234\371~d\0310\204\264,""; ","itype: liBASE; ledgerHash: ""t\361\032\213\221\243\004\006][\376s\340\253\234K}\\013\0362\202`\234\371~d\0310\204\264,""; "
1750576782480,1750576782480,3966,1,4,1,TMGetLedger,"itype: liBASE; ledgerHash: ""t\361\032\213\221\243\004\006][\376s\340\253\234K}\\013\0362\202`\234\371~d\0310\204\264,""; ","itype: liBASE; ledgerHash: ""t\361\032\213\221\243\004\006][\376s\340\253\234K}\\013\0362\202`\234\371~d\0310\204\264,""; "
1750576782481,1750576782481,2763,1,4,2,TMGetLedger,"itype: liBASE; ledgerHash: ""t\361\032\213\221\243\004\006][\376s\340\253\234K}\\013\0362\202`\234\371~d\0310\204\264,""; queryType: qtINDIRECT; ","itype: liBASE; ledgerHash: ""t\361\032\213\221\243\004\006][\376s\340\253\234K}\\013\0362\202`\234\371~d\0310\204\264,""; queryType: qtINDIRECT; "
1750576782481,1750576782481,3966,1,4,1,TMGetLedger,"itype: liBASE; ledgerHash: ""t\361\032\213\221\243\004\006][\376s\340\253\234K}\\013\0362\202`\234\371~d\0310\204\264,""; queryType: qtINDIRECT; ","itype: liBASE; ledgerHash: ""t\361\032\213\221\243\004\006][\376s\340\253\234K}\\013\0362\202`\234\371~d\0310\204\264,""; queryType: qtINDIRECT; "
1750576782502,1750576782502,1930,1,3,0,TMProposeSet,"proposeSeq: 0; currentTxHash: ""\000\000\000\000\000\000\000\000\000\000\000\000\000\000\000\000\000\000\000\000\000\000\000\000\000\000\000\000\000\000\000\000""; nodePubKey: ""\003\371#:S\022\X\277\344\034\253'\365\230\361\211p\037\000R\265\215-7o\002\210\025\275\344qQ""; closeTime: 803891980; signature: ""0E\002!\000\272\343\324\365~\213\rD\373<\337u\333*\251<g\2614@\335\362e\3241\t\373->w:s\002 b\030w\250+WEK\327R0X\302J\270\255+\024\321\022\005\010f\0328\300^\253\260\035b\316""; previousledger: ""0\355\311\211\352@\036\313K1\024B\343N\323V\367s\355lu\324\374V\207\371F\260\325\345\213\261""; ","proposeSeq: 0; currentTxHash: ""\000\000\000\000\000\000\000\000\000\000\000\000\000\000\000\000\000\000\000\000\000\000\000\000\000\000\000\000\000\000\000\000""; nodePubKey: ""\003\371#:S\022\X\277\344\034\253'\365\230\361\211p\037\000R\265\215-7o\002\210\025\275\344qQ""; closeTime: 803891980; signature: ""0E\002!\000\272\343\324\365~\213\rD\373<\337u\333*\251<g\2614@\335\362e\3241\t\373->w:s\002 b\030w\250+WEK\327R0X\302J\270\255+\024\321\022\005\010f\0328\300^\253\260\035b\316""; previousledger: ""0\355\311\211\352@\036\313K1\024B\343N\323V\367s\355lu\324\374V\207\371F\260\325\345\213\261""; "
1750576782502,1750576782502,637,1,3,1,TMProposeSet,"proposeSeq: 0; currentTxHash: ""\000\000\000\000\000\000\000\000\000\000\000\000\000\000\000\000\000\000\000\000\000\000\000\000\000\000\000\000\000\000\000\000""; nodePubKey: ""\003\371#:S\022\X\277\344\034\253'\365\230\361\211p\037\000R\265\215-7o\002\210\025\275\344qQ""; closeTime: 803891980; signature: ""0E\002!\000\272\343\324\365~\213\rD\373<\337u\333*\251<g\2614@\335\362e\3241\t\373->w:s\002 b\030w\250+WEK\327R0X\302J\270\255+\024\321\022\005\010f\0328\300^\253\260\035b\316""; previousledger: ""0\355\311\211\352@\036\313K1\024B\343N\323V\367s\355lu\324\374V\207\371F\260\325\345\213\261""; ","proposeSeq: 0; currentTxHash: ""\000\000\000\000\000\000\000\000\000\000\000\000\000\000\000\000\000\000\000\000\000\000\000\000\000\000\000\000\000\000\000\000""; nodePubKey: ""\003\371#:S\022\X\277\344\034\253'\365\230\361\211p\037\000R\265\215-7o\002\210\025\275\344qQ""; closeTime: 803891980; signature: ""0E\002!\000\272\343\324\365~\213\rD\373<\337u\333*\251<g\2614@\335\362e\3241\t\373->w:s\002 b\030w\250+WEK\327R0X\302J\270\255+\024\321\022\005\010f\0328\300^\253\260\035b\316""; previousledger: ""0\355\311\211\352@\036\313K1\024B\343N\323V\367s\355lu\324\374V\207\371F\260\325\345\213\261""; "
1750576782503,1750576782503,3637,1,3,4,TMProposeSet,"proposeSeq: 0; currentTxHash: ""\000\000\000\000\000\000\000\000\000\000\000\000\000\000\000\000\000\000\000\000\000\000\000\000\000\000\000\000\000\000\000\000""; nodePubKey: ""\003\371#:S\022\X\277\344\034\253'\365\230\361\211p\037\000R\265\215-7o\002\210\025\275\344qQ""; closeTime: 803891980; signature: ""0E\002!\000\272\343\324\365~\213\rD\373<\337u\333*\251<g\2614@\335\362e\3241\t\373->w:s\002 b\030w\250+WEK\327R0X\302J\270\255+\024\321\022\005\010f\0328\300^\253\260\035b\316""; previousledger: ""0\355\311\211\352@\036\313K1\024B\343N\323V\367s\355lu\324\374V\207\371F\260\325\345\213\261""; ","proposeSeq: 0; currentTxHash: ""\000\000\000\000\000\000\000\000\000\000\000\000\000\000\000\000\000\000\000\000\000\000\000\000\000\000\000\000\000\000\000\000""; nodePubKey: ""\003\371#:S\022\X\277\344\034\253'\365\230\361\211p\037\000R\265\215-7o\002\210\025\275\344qQ""; closeTime: 803891980; signature: ""0E\002!\000\272\343\324\365~\213\rD\373<\337u\333*\251<g\2614@\335\362e\3241\t\373->w:s\002 b\030w\250+WEK\327R0X\302J\270\255+\024\321\022\005\010f\0328\300^\253\260\035b\316""; previousledger: ""0\355\311\211\352@\036\313K1\024B\343N\323V\367s\355lu\324\374V\207\371F\260\325\345\213\261""; "
1750576782592,1750576782592,3064,1,4,3,TMProposeSet,"proposeSeq: 0; currentTxHash: ""\000\000\000\000\000\000\000\000\000\000\000\000\000\000\000\000\000\000\000\000\000\000\000\000\000\000\000\000\000\000\000\000""; nodePubKey: ""\002\373\236I\010\265\271ho\331/c\224%g\005\354]\344\350\r\030%u\255\364\002\226\221\370\363\332\331""; closeTime: 803891980; signature: ""0D\002 c\303k\365r\3012\206\262\021\307\023\364\034\341\271\365,\205\335\344R\234\014\253_0<\2233\376\026\002 M(\346\004\350\266a\361C\001}'\233\035\377\210R%\006C\177\237`\364\r\223\351\035\326\354_\356""; previousledger: ""0\355\311\211\352@\036\313K1\024B\343N\323V\367s\355lu\324\374V\207\371F\260\325\345\213\261""; ","proposeSeq: 0; currentTxHash: ""\000\000\000\000\000\000\000\000\000\000\000\000\000\000\000\000\000\000\000\000\000\000\000\000\000\000\000\000\000\000\000\000""; nodePubKey: ""\002\373\236I\010\265\271ho\331/c\224%g\005\354]\344\350\r\030%u\255\364\002\226\221\370\363\332\331""; closeTime: 803891980; signature: ""0D\002 c\303k\365r\3012\206\262\021\307\023\364\034\341\271\365,\205\335\344R\234\014\253_0<\2233\376\026\002 M(\346\004\350\266a\361C\001}'\233\035\377\210R%\006C\177\237`\364\r\223\351\035\326\354_\356""; previousledger: ""0\355\311\211\352@\036\313K1\024B\343N\323V\367s\355lu\324\374V\207\371F\260\325\345\213\261""; "
1750576782593,1750576782593,2904,1,4,1,TMProposeSet,"proposeSeq: 0; currentTxHash: ""\000\000\000\000\000\000\000\000\000\000\000\000\000\000\000\000\000\000\000\000\000\000\000\000\000\000\000\000\000\000\000\000""; nodePubKey: ""\002\373\236I\010\265\271ho\331/c\224%g\005\354]\344\350\r\030%u\255\364\002\226\221\370\363\332\331""; closeTime: 803891980; signature: ""0D\002 c\303k\365r\3012\206\262\021\307\023\364\034\341\271\365,\205\335\344R\234\014\253_0<\2233\376\026\002 M(\346\004\350\266a\361C\001}'\233\035\377\210R%\006C\177\237`\364\r\223\351\035\326\354_\356""; previousledger: ""0\355\311\211\352@\036\313K1\024B\343N\323V\367s\355lu\324\374V\207\371F\260\325\345\213\261""; ","proposeSeq: 0; currentTxHash: ""\000\000\000\000\000\000\000\000\000\000\000\000\000\000\000\000\000\000\000\000\000\000\000\000\000\000\000\000\000\000\000\000""; nodePubKey: ""\002\373\236I\010\265\271ho\331/c\224%g\005\354]\344\350\r\030%u\255\364\002\226\221\370\363\332\331""; closeTime: 803891980; signature: ""0D\002 c\303k\365r\3012\206\262\021\307\023\364\034\341\271\365,\205\335\344R\234\014\253_0<\2233\376\026\002 M(\346\004\350\266a\361C\001}'\233\035\377\210R%\006C\177\237`\364\r\223\351\035\326\354_\356""; previousledger: ""0\355\311\211\352@\036\313K1\024B\343N\323V\367s\355lu\324\374V\207\371F\260\325\345\213\261""; "
1750576782593,1750576782593,0,1,4,2,TMProposeSet,"proposeSeq: 0; currentTxHash: ""\000\000\000\000\000\000\000\000\000\000\000\000\000\000\000\000\000\000\000\000\000\000\000\000\000\000\000\000\000\000\000\000""; nodePubKey: ""\002\373\236I\010\265\271ho\331/c\224%g\005\354]\344\350\r\030%u\255\364\002\226\221\370\363\332\331""; closeTime: 803891980; signature: ""0D\002 c\303k\365r\3012\206\262\021\307\023\364\034\341\271\365,\205\335\344R\234\014\253_0<\2233\376\026\002 M(\346\004\350\266a\361C\001}'\233\035\377\210R%\006C\177\237`\364\r\223\351\035\326\354_\356""; previousledger: ""0\355\311\211\352@\036\313K1\024B\343N\323V\367s\355lu\324\374V\207\371F\260\325\345\213\261""; ","proposeSeq: 0; currentTxHash: ""\000\000\000\000\000\000\000\000\000\000\000\000\000\000\000\000\000\000\000\000\000\000\000\000\000\000\000\000\000\000\000\000""; nodePubKey: ""\002\373\236I\010\265\271ho\331/c\224%g\005\354]\344\350\r\030%u\255\364\002\226\221\370\363\332\331""; closeTime: 803891980; signature: ""0D\002 c\303k\365r\3012\206\262\021\307\023\364\034\341\271\365,\205\335\344R\234\014\253_0<\2233\376\026\002 M(\346\004\350\266a\361C\001}'\233\035\377\210R%\006C\177\237`\364\r\223\351\035\326\354_\356""; previousledger: ""0\355\311\211\352@\036\313K1\024B\343N\323V\367s\355lu\324\374V\207\371F\260\325\345\213\261""; "
1750576782870,1750576782870,1182,1,4,3,TMStatusChange,"newEvent: neACCEPTED_LEDGER; ledgerSeq: 3; ledgerHash: ""t\361\032\213\221\243\004\006][\376s\340\253\234K}\\013\0362\202`\234\371~d\0310\204\264,""; ledgerHashPrevious: ""0\355\311\211\352@\036\313K1\024B\343N\323V\367s\355lu\324\374V\207\371F\260\325\345\213\261""; networkTime: 803891982; firstSeq: 1; lastSeq: 1; ","newEvent: neACCEPTED_LEDGER; ledgerSeq: 3; ledgerHash: ""t\361\032\213\221\243\004\006][\376s\340\253\234K}\\013\0362\202`\234\371~d\0310\204\264,""; ledgerHashPrevious: ""0\355\311\211\352@\036\313K1\024B\343N\323V\367s\355lu\324\374V\207\371F\260\325\345\213\261""; networkTime: 803891982; firstSeq: 1; lastSeq: 1; "
1750576782871,1750576782871,2968,1,4,2,TMStatusChange,"newEvent: neACCEPTED_LEDGER; ledgerSeq: 3; ledgerHash: ""t\361\032\213\221\243\004\006][\376s\340\253\234K}\\013\0362\202`\234\371~d\0310\204\264,""; ledgerHashPrevious: ""0\355\311\211\352@\036\313K1\024B\343N\323V\367s\355lu\324\374V\207\371F\260\325\345\213\261""; networkTime: 803891982; firstSeq: 1; lastSeq: 1; ","newEvent: neACCEPTED_LEDGER; ledgerSeq: 3; ledgerHash: ""t\361\032\213\221\243\004\006][\376s\340\253\234K}\\013\0362\202`\234\371~d\0310\204\264,""; ledgerHashPrevious: ""0\355\311\211\352@\036\313K1\024B\343N\323V\367s\355lu\324\374V\207\371F\260\325\345\213\261""; networkTime: 803891982; firstSeq: 1; lastSeq: 1; "
1750576782872,1750576782872,2764,1,4,0,TMValidation,"validation: """"\200\000\000\001&\000\000\000\003)/\352k\016:""\223\371\016\340l;\316Qt\361\032\213\221\243\004\006][\376s\340\253\234K}\\013\0362\202`\234\371~d\0310\204\264,P\027\000\000\000\000\000\000\000\000\000\000\000\000\000\000\000\000\000\000\000\000\000\000\000\000\000\000\000\000\000\000\000\000P\031-}\351f\032\255\274\334m\326c\017\014ao[\342\230\003\245\245\3341Hm\326^\017jy\335\261s!\003\371#:S\022\X\277\344\034\253'\365\230\361\211p\037\000R\265\215-7o\002\210\025\275\344qQvG0E\002!\000\367\302\213>o$\210U^\247\320Q+\316V\241\315\241\003\217\202\360\036\246\246+#\264\262C\2271\002 &\257\025""\323R\026\372U83\210\256\241\220\366\351\217\257F@nP\241""\013&\261L\t\260f""; ","validation: """"\200\000\000\001&\000\000\000\003)/\352k\016:""\223\371\016\340l;\316Qt\361\032\213\221\243\004\006][\376s\340\253\234K}\\013\0362\202`\234\371~d\0310\204\264,P\027\000\000\000\000\000\000\000\000\000\000\000\000\000\000\000\000\000\000\000\000\000\000\000\000\000\000\000\000\000\000\000\000P\031-}\351f\032\255\274\334m\326c\017\014ao[\342\230\003\245\245\3341Hm\326^\017jy\335\261s!\003\371#:S\022\X\277\344\034\253'\365\230\361\211p\037\000R\265\215-7o\002\210\025\275\344qQvG0E\002!\000\367\302\213>o$\210U^\247\320Q+\316V\241\315\241\003\217\202\360\036\246\246+#\264\262C\2271\002 &\257\025""\323R\026\372U83\210\256\241\220\366\351\217\257F@nP\241""\013&\261L\t\260f""; "
1750576782872,1750576782872,428,1,4,1,TMValidation,"validation: """"\200\000\000\001&\000\000\000\003)/\352k\016:""\223\371\016\340l;\316Qt\361\032\213\221\243\004\006][\376s\340\253\234K}\\013\0362\202`\234\371~d\0310\204\264,P\027\000\000\000\000\000\000\000\000\000\000\000\000\000\000\000\000\000\000\000\000\000\000\000\000\000\000\000\000\000\000\000\000P\031-}\351f\032\255\274\334m\326c\017\014ao[\342\230\003\245\245\3341Hm\326^\017jy\335\261s!\003\371#:S\022\X\277\344\034\253'\365\230\361\211p\037\000R\265\215-7o\002\210\025\275\344qQvG0E\002!\000\367\302\213>o$\210U^\247\320Q+\316V\241\315\241\003\217\202\360\036\246\246+#\264\262C\2271\002 &\257\025""\323R\026\372U83\210\256\241\220\366\351\217\257F@nP\241""\013&\261L\t\260f""; ","validation: """"\200\000\000\001&\000\000\000\003)/\352k\016:""\223\371\016\340l;\316Qt\361\032\213\221\243\004\006][\376s\340\253\234K}\\013\0362\202`\234\371~d\0310\204\264,P\027\000\000\000\000\000\000\000\000\000\000\000\000\000\000\000\000\000\000\000\000\000\000\000\000\000\000\000\000\000\000\000\000P\031-}\351f\032\255\274\334m\326c\017\014ao[\342\230\003\245\245\3341Hm\326^\017jy\335\261s!\003\371#:S\022\X\277\344\034\253'\365\230\361\211p\037\000R\265\215-7o\002\210\025\275\344qQvG0E\002!\000\367\302\213>o$\210U^\247\320Q+\316V\241\315\241\003\217\202\360\036\246\246+#\264\262C\2271\002 &\257\025""\323R\026\372U83\210\256\241\220\366\351\217\257F@nP\241""\013&\261L\t\260f""; "
1750576782872,1750576782872,688,1,4,1,TMStatusChange,"newEvent: neACCEPTED_LEDGER; ledgerSeq: 3; ledgerHash: ""t\361\032\213\221\243\004\006][\376s\340\253\234K}\\013\0362\202`\234\371~d\0310\204\264,""; ledgerHashPrevious: ""0\355\311\211\352@\036\313K1\024B\343N\323V\367s\355lu\324\374V\207\371F\260\325\345\213\261""; networkTime: 803891982; firstSeq: 1; lastSeq: 1; ","newEvent: neACCEPTED_LEDGER; ledgerSeq: 3; ledgerHash: ""t\361\032\213\221\243\004\006][\376s\340\253\234K}\\013\0362\202`\234\371~d\0310\204\264,""; ledgerHashPrevious: ""0\355\311\211\352@\036\313K1\024B\343N\323V\367s\355lu\324\374V\207\371F\260\325\345\213\261""; networkTime: 803891982; firstSeq: 1; lastSeq: 1; "
1750576782873,1750576782873,1074,1,4,3,TMValidation,"validation: """"\200\000\000\001&\000\000\000\003)/\352k\016:""\223\371\016\340l;\316Qt\361\032\213\221\243\004\006][\376s\340\253\234K}\\013\0362\202`\234\371~d\0310\204\264,P\027\000\000\000\000\000\000\000\000\000\000\000\000\000\000\000\000\000\000\000\000\000\000\000\000\000\000\000\000\000\000\000\000P\031-}\351f\032\255\274\334m\326c\017\014ao[\342\230\003\245\245\3341Hm\326^\017jy\335\261s!\003\371#:S\022\X\277\344\034\253'\365\230\361\211p\037\000R\265\215-7o\002\210\025\275\344qQvG0E\002!\000\367\302\213>o$\210U^\247\320Q+\316V\241\315\241\003\217\202\360\036\246\246+#\264\262C\2271\002 &\257\025""\323R\026\372U83\210\256\241\220\366\351\217\257F@nP\241""\013&\261L\t\260f""; ","validation: """"\200\000\000\001&\000\000\000\003)/\352k\016:""\223\371\016\340l;\316Qt\361\032\213\221\243\004\006][\376s\340\253\234K}\\013\0362\202`\234\371~d\0310\204\264,P\027\000\000\000\000\000\000\000\000\000\000\000\000\000\000\000\000\000\000\000\000\000\000\000\000\000\000\000\000\000\000\000\000P\031-}\351f\032\255\274\334m\326c\017\014ao[\342\230\003\245\245\3341Hm\326^\017jy\335\261s!\003\371#:S\022\X\277\344\034\253'\365\230\361\211p\037\000R\265\215-7o\002\210\025\275\344qQvG0E\002!\000\367\302\213>o$\210U^\247\320Q+\316V\241\315\241\003\217\202\360\036\246\246+#\264\262C\2271\002 &\257\025""\323R\026\372U83\210\256\241\220\366\351\217\257F@nP\241""\013&\261L\t\260f""; "
1750576782873,1750576782873,2906,1,4,0,TMStatusChange,"newEvent: neACCEPTED_LEDGER; ledgerSeq: 3; ledgerHash: ""t\361\032\213\221\243\004\006][\376s\340\253\234K}\\013\0362\202`\234\371~d\0310\204\264,""; ledgerHashPrevious: ""0\355\311\211\352@\036\313K1\024B\343N\323V\367s\355lu\324\374V\207\371F\260\325\345\213\261""; networkTime: 803891982; firstSeq: 1; lastSeq: 1; ","newEvent: neACCEPTED_LEDGER; ledgerSeq: 3; ledgerHash: ""t\361\032\213\221\243\004\006][\376s\340\253\234K}\\013\0362\202`\234\371~d\0310\204\264,""; ledgerHashPrevious: ""0\355\311\211\352@\036\313K1\024B\343N\323V\367s\355lu\324\374V\207\371F\260\325\345\213\261""; networkTime: 803891982; firstSeq: 1; lastSeq: 1; "
1750576782873,1750576782873,71,1,0,1,TMGetLedger,"itype: liBASE; ledgerHash: ""t\361\032\213\221\243\004\006][\376s\340\253\234K}\\013\0362\202`\234\371~d\0310\204\264,""; requestCookie: 5; queryType: qtINDIRECT; ","itype: liBASE; ledgerHash: ""t\361\032\213\221\243\004\006][\376s\340\253\234K}\\013\0362\202`\234\371~d\0310\204\264,""; requestCookie: 5; queryType: qtINDIRECT; "
1750576782908,1750576782908,1427,1,1,0,TMValidation,"validation: """"\200\000\000\001&\000\000\000\003)/\352k\016:\321 \377\321\373\345\340\346Qt\361\032\213\221\243\004\006][\376s\340\253\234K}\\013\0362\202`\234\371~d\0310\204\264,P\027\000\000\000\000\000\000\000\000\000\000\000\000\000\000\000\000\000\000\000\000\000\000\000\000\000\000\000\000\000\000\000\000P\031-}\351f\032\255\274\334m\326c\017\014ao[\342\230\003\245\245\3341Hm\326^\017jy\335\261s!\002\373\236I\010\265\271ho\331/c\224%g\005\354]\344\350\r\030%u\255\364\002\226\221\370\363\332\331vF0D\002 T\003\221;8!\021\377Ge\007TJEl\320\303Au\235\365\234\206zE\202*\266\360\267\273\252\002 \004\005x\030\202\261\372\247\314\242&!|}a\371\241\305\024F\302\n\033\376\177\312=`\361I$\271""; ","validation: """"\200\000\000\001&\000\000\000\003)/\352k\016:\321 \377\321\373\345\340\346Qt\361\032\213\221\243\004\006][\376s\340\253\234K}\\013\0362\202`\234\371~d\0310\204\264,P\027\000\000\000\000\000\000\000\000\000\000\000\000\000\000\000\000\000\000\000\000\000\000\000\000\000\000\000\000\000\000\000\000P\031-}\351f\032\255\274\334m\326c\017\014ao[\342\230\003\245\245\3341Hm\326^\017jy\335\261s!\002\373\236I\010\265\271ho\331/c\224%g\005\354]\344\350\r\030%u\255\364\002\226\221\370\363\332\331vF0D\002 T\003\221;8!\021\377Ge\007TJEl\320\303Au\235\365\234\206zE\202*\266\360\267\273\252\002 \004\005x\030\202\261\372\247\314\242&!|}a\371\241\305\024F\302\n\033\376\177\312=`\361I$\271""; "
1750576782909,1750576782909,3156,1,1,2,TMValidation,"validation: """"\200\000\000\001&\000\000\000\003)/\352k\016:\321 \377\321\373\345\340\346Qt\361\032\213\221\243\004\006][\376s\340\253\234K}\\013\0362\202`\234\371~d\0310\204\264,P\027\000\000\000\000\000\000\000\000\000\000\000\000\000\000\000\000\000\000\000\000\000\000\000\000\000\000\000\000\000\000\000\000P\031-}\351f\032\255\274\334m\326c\017\014ao[\342\230\003\245\245\3341Hm\326^\017jy\335\261s!\002\373\236I\010\265\271ho\331/c\224%g\005\354]\344\350\r\030%u\255\364\002\226\221\370\363\332\331vF0D\002 T\003\221;8!\021\377Ge\007TJEl\320\303Au\235\365\234\206zE\202*\266\360\267\273\252\002 \004\005x\030\202\261\372\247\314\242&!|}a\371\241\305\024F\302\n\033\376\177\312=`\361I$\271""; ","validation: """"\200\000\000\001&\000\000\000\003)/\352k\016:\321 \377\321\373\345\340\346Qt\361\032\213\221\243\004\006][\376s\340\253\234K}\\013\0362\202`\234\371~d\0310\204\264,P\027\000\000\000\000\000\000\000\000\000\000\000\000\000\000\000\000\000\000\000\000\000\000\000\000\000\000\000\000\000\000\000\000P\031-}\351f\032\255\274\334m\326c\017\014ao[\342\230\003\245\245\3341Hm\326^\017jy\335\261s!\002\373\236I\010\265\271ho\331/c\224%g\005\354]\344\350\r\030%u\255\364\002\226\221\370\363\332\331vF0D\002 T\003\221;8!\021\377Ge\007TJEl\320\303Au\235\365\234\206zE\202*\266\360\267\273\252\002 \004\005x\030\202\261\372\247\314\242&!|}a\371\241\305\024F\302\n\033\376\177\312=`\361I$\271""; "
1750576782909,1750576782909,3103,1,1,3,TMValidation,"validation: """"\200\000\000\001&\000\000\000\003)/\352k\016:\321 \377\321\373\345\340\346Qt\361\032\213\221\243\004\006][\376s\340\253\234K}\\013\0362\202`\234\371~d\0310\204\264,P\027\000\000\000\000\000\000\000\000\000\000\000\000\000\000\000\000\000\000\000\000\000\000\000\000\000\000\000\000\000\000\000\000P\031-}\351f\032\255\274\334m\326c\017\014ao[\342\230\003\245\245\3341Hm\326^\017jy\335\261s!\002\373\236I\010\265\271ho\331/c\224%g\005\354]\344\350\r\030%u\255\364\002\226\221\370\363\332\331vF0D\002 T\003\221;8!\021\377Ge\007TJEl\320\303Au\235\365\234\206zE\202*\266\360\267\273\252\002 \004\005x\030\202\261\372\247\314\242&!|}a\371\241\305\024F\302\n\033\376\177\312=`\361I$\271""; ","validation: """"\200\000\000\001&\000\000\000\003)/\352k\016:\321 \377\321\373\345\340\346Qt\361\032\213\221\243\004\006][\376s\340\253\234K}\\013\0362\202`\234\371~d\0310\204\264,P\027\000\000\000\000\000\000\000\000\000\000\000\000\000\000\000\000\000\000\000\000\000\000\000\000\000\000\000\000\000\000\000\000P\031-}\351f\032\255\274\334m\326c\017\014ao[\342\230\003\245\245\3341Hm\326^\017jy\335\261s!\002\373\236I\010\265\271ho\331/c\224%g\005\354]\344\350\r\030%u\255\364\002\226\221\370\363\332\331vF0D\002 T\003\221;8!\021\377Ge\007TJEl\320\303Au\235\365\234\206zE\202*\266\360\267\273\252\002 \004\005x\030\202\261\372\247\314\242&!|}a\371\241\305\024F\302\n\033\376\177\312=`\361I$\271""; "
1750576782910,1750576782910,2490,1,4,2,TMValidation,"validation: """"\200\000\000\001&\000\000\000\003)/\352k\016:""\223\371\016\340l;\316Qt\361\032\213\221\243\004\006][\376s\340\253\234K}\\013\0362\202`\234\371~d\0310\204\264,P\027\000\000\000\000\000\000\000\000\000\000\000\000\000\000\000\000\000\000\000\000\000\000\000\000\000\000\000\000\000\000\000\000P\031-}\351f\032\255\274\334m\326c\017\014ao[\342\230\003\245\245\3341Hm\326^\017jy\335\261s!\003\371#:S\022\X\277\344\034\253'\365\230\361\211p\037\000R\265\215-7o\002\210\025\275\344qQvG0E\002!\000\367\302\213>o$\210U^\247\320Q+\316V\241\315\241\003\217\202\360\036\246\246+#\264\262C\2271\002 &\257\025""\323R\026\372U83\210\256\241\220\366\351\217\257F@nP\241""\013&\261L\t\260f""; ","validation: """"\200\000\000\001&\000\000\000\003)/\352k\016:""\223\371\016\340l;\316Qt\361\032\213\221\243\004\006][\376s\340\253\234K}\\013\0362\202`\234\371~d\0310\204\264,P\027\000\000\000\000\000\000\000\000\000\000\000\000\000\000\000\000\000\000\000\000\000\000\000\000\000\000\000\000\000\000\000\000P\031-}\351f\032\255\274\334m\326c\017\014ao[\342\230\003\245\245\3341Hm\326^\017jy\335\261s!\003\371#:S\022\X\277\344\034\253'\365\230\361\211p\037\000R\265\215-7o\002\210\025\275\344qQvG0E\002!\000\367\302\213>o$\210U^\247\320Q+\316V\241\315\241\003\217\202\360\036\246\246+#\264\262C\2271\002 &\257\025""\323R\026\372U83\210\256\241\220\366\351\217\257F@nP\241""\013&\261L\t\260f""; "
1750576782912,1750576782912,3321,1,0,4,TMValidation,"validation: """"\200\000\000\001&\000\000\000\003)/\352k\016:\337\036c5\254\005\264,Qt\361\032\213\221\243\004\006][\376s\340\253\234K}\\013\0362\202`\234\371~d\0310\204\264,P\027\000\000\000\000\000\000\000\000\000\000\000\000\000\000\000\000\000\000\000\000\000\000\000\000\000\000\000\000\000\000\000\000P\031-}\351f\032\255\274\334m\326c\017\014ao[\342\230\003\245\245\3341Hm\326^\017jy\335\261s!\003i)e\226\372N\250\220\343\313\000^\252ua\277:W\233\010\236\376G>\347\257/\214RJ\t<vF0D\002 {*j\242q\325\013\313^\\305;\022\013K\313Q\316\266LGX\252\000\364B\362\266!\246\307}\002 C\256]\233.\273\375\303G\272,,\355\300\214\201M\373X\005\240k\374\227_*\347\267\355\335\227\277""; ","validation: """"\200\000\000\001&\000\000\000\003)/\352k\016:\337\036c5\254\005\264,Qt\361\032\213\221\243\004\006][\376s\340\253\234K}\\013\0362\202`\234\371~d\0310\204\264,P\027\000\000\000\000\000\000\000\000\000\000\000\000\000\000\000\000\000\000\000\000\000\000\000\000\000\000\000\000\000\000\000\000P\031-}\351f\032\255\274\334m\326c\017\014ao[\342\230\003\245\245\3341Hm\326^\017jy\335\261s!\003i)e\226\372N\250\220\343\313\000^\252ua\277:W\233\010\236\376G>\347\257/\214RJ\t<vF0D\002 {*j\242q\325\013\313^\\305;\022\013K\313Q\316\266LGX\252\000\364B\362\266!\246\307}\002 C\256]\233.\273\375\303G\272,,\355\300\214\201M\373X\005\240k\374\227_*\347\267\355\335\227\277""; "
1750576782913,1750576782913,2242,1,0,4,TMStatusChange,"newEvent: neACCEPTED_LEDGER; ledgerSeq: 3; ledgerHash: ""t\361\032\213\221\243\004\006][\376s\340\253\234K}\\013\0362\202`\234\371~d\0310\204\264,""; ledgerHashPrevious: ""0\355\311\211\352@\036\313K1\024B\343N\323V\367s\355lu\324\374V\207\371F\260\325\345\213\261""; networkTime: 803891982; firstSeq: 1; lastSeq: 1; ","newEvent: neACCEPTED_LEDGER; ledgerSeq: 3; ledgerHash: ""t\361\032\213\221\243\004\006][\376s\340\253\234K}\\013\0362\202`\234\371~d\0310\204\264,""; ledgerHashPrevious: ""0\355\311\211\352@\036\313K1\024B\343N\323V\367s\355lu\324\374V\207\371F\260\325\345\213\261""; networkTime: 803891982; firstSeq: 1; lastSeq: 1; "
1750576782913,1750576782913,2915,1,0,3,TMValidation,"validation: """"\200\000\000\001&\000\000\000\003)/\352k\016:\337\036c5\254\005\264,Qt\361\032\213\221\243\004\006][\376s\340\253\234K}\\013\0362\202`\234\371~d\0310\204\264,P\027\000\000\000\000\000\000\000\000\000\000\000\000\000\000\000\000\000\000\000\000\000\000\000\000\000\000\000\000\000\000\000\000P\031-}\351f\032\255\274\334m\326c\017\014ao[\342\230\003\245\245\3341Hm\326^\017jy\335\261s!\003i)e\226\372N\250\220\343\313\000^\252ua\277:W\233\010\236\376G>\347\257/\214RJ\t<vF0D\002 {*j\242q\325\013\313^\\305;\022\013K\313Q\316\266LGX\252\000\364B\362\266!\246\307}\002 C\256]\233.\273\375\303G\272,,\355\300\214\201M\373X\005\240k\374\227_*\347\267\355\335\227\277""; ","validation: """"\200\000\000\001&\000\000\000\003)/\352k\016:\337\036c5\254\005\264,Qt\361\032\213\221\243\004\006][\376s\340\253\234K}\\013\0362\202`\234\371~d\0310\204\264,P\027\000\000\000\000\000\000\000\000\000\000\000\000\000\000\000\000\000\000\000\000\000\000\000\000\000\000\000\000\000\000\000\000P\031-}\351f\032\255\274\334m\326c\017\014ao[\342\230\003\245\245\3341Hm\326^\017jy\335\261s!\003i)e\226\372N\250\220\343\313\000^\252ua\277:W\233\010\236\376G>\347\257/\214RJ\t<vF0D\002 {*j\242q\325\013\313^\\305;\022\013K\313Q\316\266LGX\252\000\364B\362\266!\246\307}\002 C\256]\233.\273\375\303G\272,,\355\300\214\201M\373X\005\240k\374\227_*\347\267\355\335\227\277""; "
1750576782914,1750576782914,3083,1,0,1,TMStatusChange,"newEvent: neACCEPTED_LEDGER; ledgerSeq: 3; ledgerHash: ""t\361\032\213\221\243\004\006][\376s\340\253\234K}\\013\0362\202`\234\371~d\0310\204\264,""; ledgerHashPrevious: ""0\355\311\211\352@\036\313K1\024B\343N\323V\367s\355lu\324\374V\207\371F\260\325\345\213\261""; networkTime: 803891982; firstSeq: 1; lastSeq: 1; ","newEvent: neACCEPTED_LEDGER; ledgerSeq: 3; ledgerHash: ""t\361\032\213\221\243\004\006][\376s\340\253\234K}\\013\0362\202`\234\371~d\0310\204\264,""; ledgerHashPrevious: ""0\355\311\211\352@\036\313K1\024B\343N\323V\367s\355lu\324\374V\207\371F\260\325\345\213\261""; networkTime: 803891982; firstSeq: 1; lastSeq: 1; "
1750576782915,1750576782915,431,1,0,3,TMStatusChange,"newEvent: neACCEPTED_LEDGER; ledgerSeq: 3; ledgerHash: ""t\361\032\213\221\243\004\006][\376s\340\253\234K}\\013\0362\202`\234\371~d\0310\204\264,""; ledgerHashPrevious: ""0\355\311\211\352@\036\313K1\024B\343N\323V\367s\355lu\324\374V\207\371F\260\325\345\213\261""; networkTime: 803891982; firstSeq: 1; lastSeq: 1; ","newEvent: neACCEPTED_LEDGER; ledgerSeq: 3; ledgerHash: ""t\361\032\213\221\243\004\006][\376s\340\253\234K}\\013\0362\202`\234\371~d\0310\204\264,""; ledgerHashPrevious: ""0\355\311\211\352@\036\313K1\024B\343N\323V\367s\355lu\324\374V\207\371F\260\325\345\213\261""; networkTime: 803891982; firstSeq: 1; lastSeq: 1; "
1750576782915,1750576782915,2598,1,0,1,TMValidation,"validation: """"\200\000\000\001&\000\000\000\003)/\352k\016:\337\036c5\254\005\264,Qt\361\032\213\221\243\004\006][\376s\340\253\234K}\\013\0362\202`\234\371~d\0310\204\264,P\027\000\000\000\000\000\000\000\000\000\000\000\000\000\000\000\000\000\000\000\000\000\000\000\000\000\000\000\000\000\000\000\000P\031-}\351f\032\255\274\334m\326c\017\014ao[\342\230\003\245\245\3341Hm\326^\017jy\335\261s!\003i)e\226\372N\250\220\343\313\000^\252ua\277:W\233\010\236\376G>\347\257/\214RJ\t<vF0D\002 {*j\242q\325\013\313^\\305;\022\013K\313Q\316\266LGX\252\000\364B\362\266!\246\307}\002 C\256]\233.\273\375\303G\272,,\355\300\214\201M\373X\005\240k\374\227_*\347\267\355\335\227\277""; ","validation: """"\200\000\000\001&\000\000\000\003)/\352k\016:\337\036c5\254\005\264,Qt\361\032\213\221\243\004\006][\376s\340\253\234K}\\013\0362\202`\234\371~d\0310\204\264,P\027\000\000\000\000\000\000\000\000\000\000\000\000\000\000\000\000\000\000\000\000\000\000\000\000\000\000\000\000\000\000\000\000P\031-}\351f\032\255\274\334m\326c\017\014ao[\342\230\003\245\245\3341Hm\326^\017jy\335\261s!\003i)e\226\372N\250\220\343\313\000^\252ua\277:W\233\010\236\376G>\347\257/\214RJ\t<vF0D\002 {*j\242q\325\013\313^\\305;\022\013K\313Q\316\266LGX\252\000\364B\362\266!\246\307}\002 C\256]\233.\273\375\303G\272,,\355\300\214\201M\373X\005\240k\374\227_*\347\267\355\335\227\277""; "
1750576782916,1750576782916,453,1,0,2,TMValidation,"validation: """"\200\000\000\001&\000\000\000\003)/\352k\016:\337\036c5\254\005\264,Qt\361\032\213\221\243\004\006][\376s\340\253\234K}\\013\0362\202`\234\371~d\0310\204\264,P\027\000\000\000\000\000\000\000\000\000\000\000\000\000\000\000\000\000\000\000\000\000\000\000\000\000\000\000\000\000\000\000\000P\031-}\351f\032\255\274\334m\326c\017\014ao[\342\230\003\245\245\3341Hm\326^\017jy\335\261s!\003i)e\226\372N\250\220\343\313\000^\252ua\277:W\233\010\236\376G>\347\257/\214RJ\t<vF0D\002 {*j\242q\325\013\313^\\305;\022\013K\313Q\316\266LGX\252\000\364B\362\266!\246\307}\002 C\256]\233.\273\375\303G\272,,\355\300\214\201M\373X\005\240k\374\227_*\347\267\355\335\227\277""; ","validation: """"\200\000\000\001&\000\000\000\003)/\352k\016:\337\036c5\254\005\264,Qt\361\032\213\221\243\004\006][\376s\340\253\234K}\\013\0362\202`\234\371~d\0310\204\264,P\027\000\000\000\000\000\000\000\000\000\000\000\000\000\000\000\000\000\000\000\000\000\000\000\000\000\000\000\000\000\000\000\000P\031-}\351f\032\255\274\334m\326c\017\014ao[\342\230\003\245\245\3341Hm\326^\017jy\335\261s!\003i)e\226\372N\250\220\343\313\000^\252ua\277:W\233\010\236\376G>\347\257/\214RJ\t<vF0D\002 {*j\242q\325\013\313^\\305;\022\013K\313Q\316\266LGX\252\000\364B\362\266!\246\307}\002 C\256]\233.\273\375\303G\272,,\355\300\214\201M\373X\005\240k\374\227_*\347\267\355\335\227\277""; "
1750576782916,1750576782916,1592,1,0,2,TMStatusChange,"newEvent: neACCEPTED_LEDGER; ledgerSeq: 3; ledgerHash: ""t\361\032\213\221\243\004\006][\376s\340\253\234K}\\013\0362\202`\234\371~d\0310\204\264,""; ledgerHashPrevious: ""0\355\311\211\352@\036\313K1\024B\343N\323V\367s\355lu\324\374V\207\371F\260\325\345\213\261""; networkTime: 803891982; firstSeq: 1; lastSeq: 1; ","newEvent: neACCEPTED_LEDGER; ledgerSeq: 3; ledgerHash: ""t\361\032\213\221\243\004\006][\376s\340\253\234K}\\013\0362\202`\234\371~d\0310\204\264,""; ledgerHashPrevious: ""0\355\311\211\352@\036\313K1\024B\343N\323V\367s\355lu\324\374V\207\371F\260\325\345\213\261""; networkTime: 803891982; firstSeq: 1; lastSeq: 1; "
1750576782943,1750576782943,932,1,1,0,TMLedgerData,"ledgerHash: ""t\361\032\213\221\243\004\006][\376s\340\253\234K}\\013\0362\202`\234\371~d\0310\204\264,""; ledgerSeq: 3; type: liBASE; nodes {;   nodedata: ""\000\000\000\003\001cEx]\212\000\0000\355\311\211\352@\036\313K1\024B\343N\323V\367s\355lu\324\374V\207\371F\260\325\345\213\261\000\000\000\000\000\000\000\000\000\000\000\000\000\000\000\000\000\000\000\000\000\000\000\000\000\000\000\000\000\000\000\000G\031\225\227\375i-7\214L\232J\366\0003\306\007\027W>k)\252\327\257I,-\303\022\267\323/\352j\370/\352k\014\n\000""; }; nodes {;   nodedata: ""\303\016\021\310<Z\337\266>\225@&n\022\246\274\353\220\345b3\035\313\350L\354\254\002\005\305\035\017\002E\344\037@\210\363\010\336T\226\247'\204_{\261\370""1\235\2445\343\033Y!\212\201\341\272\225'\007\013\357A\200H\036\034)'\260\323\r\306\345\321\200\220rdO\002\200Zsx\207\262 \r\023\222\n\013\003""; }; requestCookie: 5; ","ledgerHash: ""t\361\032\213\221\243\004\006][\376s\340\253\234K}\\013\0362\202`\234\371~d\0310\204\264,""; ledgerSeq: 3; type: liBASE; nodes {;   nodedata: ""\000\000\000\003\001cEx]\212\000\0000\355\311\211\352@\036\313K1\024B\343N\323V\367s\355lu\324\374V\207\371F\260\325\345\213\261\000\000\000\000\000\000\000\000\000\000\000\000\000\000\000\000\000\000\000\000\000\000\000\000\000\000\000\000\000\000\000\000G\031\225\227\375i-7\214L\232J\366\0003\306\007\027W>k)\252\327\257I,-\303\022\267\323/\352j\370/\352k\014\n\000""; }; nodes {;   nodedata: ""\303\016\021\310<Z\337\266>\225@&n\022\246\274\353\220\345b3\035\313\350L\354\254\002\005\305\035\017\002E\344\037@\210\363\010\336T\226\247'\204_{\261\370""1\235\2445\343\033Y!\212\201\341\272\225'\007\013\357A\200H\036\034)'\260\323\r\306\345\321\200\220rdO\002\200Zsx\207\262 \r\023\222\n\013\003""; }; requestCookie: 5; "
1750576782998,1750576782998,3256,1,3,2,TMValidation,"validation: """"\200\000\000\001&\000\000\000\003)/\352k\016:\327x\272\020JyerQt\361\032\213\221\243\004\006][\376s\340\253\234K}\\013\0362\202`\234\371~d\0310\204\264,P\027\000\000\000\000\000\000\000\000\000\000\000\000\000\000\000\000\000\000\000\000\000\000\000\000\000\000\000\000\000\000\000\000P\031-}\351f\032\255\274\334m\326c\017\014ao[\342\230\003\245\245\3341Hm\326^\017jy\335\261s!\003\365\211\205\353\0100\270r\333\225\227Y\025\355!\235\nf\352n\302\032\014\344\364\324\262\351""\225OFvF0D\002 s>9q\034\330\364\223\302;,\205\313rx\266\221v\223?R4p\022\337\242\217\003\214\202\010\374\002 r""\201'\203W\rNC\251\316%[\177\213\263\220\t\301\2233\002\255hs\335\231ZXaD\357""; ","validation: """"\200\000\000\001&\000\000\000\003)/\352k\016:\327x\272\020JyerQt\361\032\213\221\243\004\006][\376s\340\253\234K}\\013\0362\202`\234\371~d\0310\204\264,P\027\000\000\000\000\000\000\000\000\000\000\000\000\000\000\000\000\000\000\000\000\000\000\000\000\000\000\000\000\000\000\000\000P\031-}\351f\032\255\274\334m\326c\017\014ao[\342\230\003\245\245\3341Hm\326^\017jy\335\261s!\003\365\211\205\353\0100\270r\333\225\227Y\025\355!\235\nf\352n\302\032\014\344\364\324\262\351""\225OFvF0D\002 s>9q\034\330\364\223\302;,\205\313rx\266\221v\223?R4p\022\337\242\217\003\214\202\010\374\002 r""\201'\203W\rNC\251\316%[\177\213\263\220\t\301\2233\002\255hs\335\231ZXaD\357""; "
1750576782999,1750576782999,2389,1,3,4,TMValidation,"validation: """"\200\000\000\001&\000\000\000\003)/\352k\016:\327x\272\020JyerQt\361\032\213\221\243\004\006][\376s\340\253\234K}\\013\0362\202`\234\371~d\0310\204\264,P\027\000\000\000\000\000\000\000\000\000\000\000\000\000\000\000\000\000\000\000\000\000\000\000\000\000\000\000\000\000\000\000\000P\031-}\351f\032\255\274\334m\326c\017\014ao[\342\230\003\245\245\3341Hm\326^\017jy\335\261s!\003\365\211\205\353\0100\270r\333\225\227Y\025\355!\235\nf\352n\302\032\014\344\364\324\262\351""\225OFvF0D\002 s>9q\034\330\364\223\302;,\205\313rx\266\221v\223?R4p\022\337\242\217\003\214\202\010\374\002 r""\201'\203W\rNC\251\316%[\177\213\263\220\t\301\2233\002\255hs\335\231ZXaD\357""; ","validation: """"\200\000\000\001&\000\000\000\003)/\352k\016:\327x\272\020JyerQt\361\032\213\221\243\004\006][\376s\340\253\234K}\\013\0362\202`\234\371~d\0310\204\264,P\027\000\000\000\000\000\000\000\000\000\000\000\000\000\000\000\000\000\000\000\000\000\000\000\000\000\000\000\000\000\000\000\000P\031-}\351f\032\255\274\334m\326c\017\014ao[\342\230\003\245\245\3341Hm\326^\017jy\335\261s!\003\365\211\205\353\0100\270r\333\225\227Y\025\355!\235\nf\352n\302\032\014\344\364\324\262\351""\225OFvF0D\002 s>9q\034\330\364\223\302;,\205\313rx\266\221v\223?R4p\022\337\242\217\003\214\202\010\374\002 r""\201'\203W\rNC\251\316%[\177\213\263\220\t\301\2233\002\255hs\335\231ZXaD\357""; "
1750576783000,1750576783000,2439,1,3,2,TMStatusChange,"newEvent: neACCEPTED_LEDGER; ledgerSeq: 3; ledgerHash: ""t\361\032\213\221\243\004\006][\376s\340\253\234K}\\013\0362\202`\234\371~d\0310\204\264,""; ledgerHashPrevious: ""0\355\311\211\352@\036\313K1\024B\343N\323V\367s\355lu\324\374V\207\371F\260\325\345\213\261""; networkTime: 803891982; firstSeq: 1; lastSeq: 1; ","newEvent: neACCEPTED_LEDGER; ledgerSeq: 3; ledgerHash: ""t\361\032\213\221\243\004\006][\376s\340\253\234K}\\013\0362\202`\234\371~d\0310\204\264,""; ledgerHashPrevious: ""0\355\311\211\352@\036\313K1\024B\343N\323V\367s\355lu\324\374V\207\371F\260\325\345\213\261""; networkTime: 803891982; firstSeq: 1; lastSeq: 1; "
1750576783001,1750576783001,754,1,3,1,TMStatusChange,"newEvent: neACCEPTED_LEDGER; ledgerSeq: 3; ledgerHash: ""t\361\032\213\221\243\004\006][\376s\340\253\234K}\\013\0362\202`\234\371~d\0310\204\264,""; ledgerHashPrevious: ""0\355\311\211\352@\036\313K1\024B\343N\323V\367s\355lu\324\374V\207\371F\260\325\345\213\261""; networkTime: 803891982; firstSeq: 1; lastSeq: 1; ","newEvent: neACCEPTED_LEDGER; ledgerSeq: 3; ledgerHash: ""t\361\032\213\221\243\004\006][\376s\340\253\234K}\\013\0362\202`\234\371~d\0310\204\264,""; ledgerHashPrevious: ""0\355\311\211\352@\036\313K1\024B\343N\323V\367s\355lu\324\374V\207\371F\260\325\345\213\261""; networkTime: 803891982; firstSeq: 1; lastSeq: 1; "
1750576783001,1750576783001,693,1,3,1,TMValidation,"validation: """"\200\000\000\001&\000\000\000\003)/\352k\016:\327x\272\020JyerQt\361\032\213\221\243\004\006][\376s\340\253\234K}\\013\0362\202`\234\371~d\0310\204\264,P\027\000\000\000\000\000\000\000\000\000\000\000\000\000\000\000\000\000\000\000\000\000\000\000\000\000\000\000\000\000\000\000\000P\031-}\351f\032\255\274\334m\326c\017\014ao[\342\230\003\245\245\3341Hm\326^\017jy\335\261s!\003\365\211\205\353\0100\270r\333\225\227Y\025\355!\235\nf\352n\302\032\014\344\364\324\262\351""\225OFvF0D\002 s>9q\034\330\364\223\302;,\205\313rx\266\221v\223?R4p\022\337\242\217\003\214\202\010\374\002 r""\201'\203W\rNC\251\316%[\177\213\263\220\t\301\2233\002\255hs\335\231ZXaD\357""; ","validation: """"\200\000\000\001&\000\000\000\003)/\352k\016:\327x\272\020JyerQt\361\032\213\221\243\004\006][\376s\340\253\234K}\\013\0362\202`\234\371~d\0310\204\264,P\027\000\000\000\000\000\000\000\000\000\000\000\000\000\000\000\000\000\000\000\000\000\000\000\000\000\000\000\000\000\000\000\000P\031-}\351f\032\255\274\334m\326c\017\014ao[\342\230\003\245\245\3341Hm\326^\017jy\335\261s!\003\365\211\205\353\0100\270r\333\225\227Y\025\355!\235\nf\352n\302\032\014\344\364\324\262\351""\225OFvF0D\002 s>9q\034\330\364\223\302;,\205\313rx\266\221v\223?R4p\022\337\242\217\003\214\202\010\374\002 r""\201'\203W\rNC\251\316%[\177\213\263\220\t\301\2233\002\255hs\335\231ZXaD\357""; "
1750576783002,1750576783002,3950,1,3,4,TMStatusChange,"newEvent: neACCEPTED_LEDGER; ledgerSeq: 3; ledgerHash: ""t\361\032\213\221\243\004\006][\376s\340\253\234K}\\013\0362\202`\234\371~d\0310\204\264,""; ledgerHashPrevious: ""0\355\311\211\352@\036\313K1\024B\343N\323V\367s\355lu\324\374V\207\371F\260\325\345\213\261""; networkTime: 803891982; firstSeq: 1; lastSeq: 1; ","newEvent: neACCEPTED_LEDGER; ledgerSeq: 3; ledgerHash: ""t\361\032\213\221\243\004\006][\376s\340\253\234K}\\013\0362\202`\234\371~d\0310\204\264,""; ledgerHashPrevious: ""0\355\311\211\352@\036\313K1\024B\343N\323V\367s\355lu\324\374V\207\371F\260\325\345\213\261""; networkTime: 803891982; firstSeq: 1; lastSeq: 1; "
1750576783003,1750576783003,1216,1,3,0,TMStatusChange,"newEvent: neACCEPTED_LEDGER; ledgerSeq: 3; ledgerHash: ""t\361\032\213\221\243\004\006][\376s\340\253\234K}\\013\0362\202`\234\371~d\0310\204\264,""; ledgerHashPrevious: ""0\355\311\211\352@\036\313K1\024B\343N\323V\367s\355lu\324\374V\207\371F\260\325\345\213\261""; networkTime: 803891982; firstSeq: 1; lastSeq: 1; ","newEvent: neACCEPTED_LEDGER; ledgerSeq: 3; ledgerHash: ""t\361\032\213\221\243\004\006][\376s\340\253\234K}\\013\0362\202`\234\371~d\0310\204\264,""; ledgerHashPrevious: ""0\355\311\211\352@\036\313K1\024B\343N\323V\367s\355lu\324\374V\207\371F\260\325\345\213\261""; networkTime: 803891982; firstSeq: 1; lastSeq: 1; "
1750576783003,1750576783003,1663,1,3,0,TMValidation,"validation: """"\200\000\000\001&\000\000\000\003)/\352k\016:\327x\272\020JyerQt\361\032\213\221\243\004\006][\376s\340\253\234K}\\013\0362\202`\234\371~d\0310\204\264,P\027\000\000\000\000\000\000\000\000\000\000\000\000\000\000\000\000\000\000\000\000\000\000\000\000\000\000\000\000\000\000\000\000P\031-}\351f\032\255\274\334m\326c\017\014ao[\342\230\003\245\245\3341Hm\326^\017jy\335\261s!\003\365\211\205\353\0100\270r\333\225\227Y\025\355!\235\nf\352n\302\032\014\344\364\324\262\351""\225OFvF0D\002 s>9q\034\330\364\223\302;,\205\313rx\266\221v\223?R4p\022\337\242\217\003\214\202\010\374\002 r""\201'\203W\rNC\251\316%[\177\213\263\220\t\301\2233\002\255hs\335\231ZXaD\357""; ","validation: """"\200\000\000\001&\000\000\000\003)/\352k\016:\327x\272\020JyerQt\361\032\213\221\243\004\006][\376s\340\253\234K}\\013\0362\202`\234\371~d\0310\204\264,P\027\000\000\000\000\000\000\000\000\000\000\000\000\000\000\000\000\000\000\000\000\000\000\000\000\000\000\000\000\000\000\000\000P\031-}\351f\032\255\274\334m\326c\017\014ao[\342\230\003\245\245\3341Hm\326^\017jy\335\261s!\003\365\211\205\353\0100\270r\333\225\227Y\025\355!\235\nf\352n\302\032\014\344\364\324\262\351""\225OFvF0D\002 s>9q\034\330\364\223\302;,\205\313rx\266\221v\223?R4p\022\337\242\217\003\214\202\010\374\002 r""\201'\203W\rNC\251\316%[\177\213\263\220\t\301\2233\002\255hs\335\231ZXaD\357""; "
1750576783300,1750576783301,3156,1,1,2,TMValidation,"validation: """"\200\000\000\001&\000\000\000\003)/\352k\016:""\223\371\016\340l;\316Qt\361\032\213\221\243\004\006][\376s\340\253\234K}\\013\0362\202`\234\371~d\0310\204\264,P\027\000\000\000\000\000\000\000\000\000\000\000\000\000\000\000\000\000\000\000\000\000\000\000\000\000\000\000\000\000\000\000\000P\031-}\351f\032\255\274\334m\326c\017\014ao[\342\230\003\245\245\3341Hm\326^\017jy\335\261s!\003\371#:S\022\X\277\344\034\253'\365\230\361\211p\037\000R\265\215-7o\002\210\025\275\344qQvG0E\002!\000\367\302\213>o$\210U^\247\320Q+\316V\241\315\241\003\217\202\360\036\246\246+#\264\262C\2271\002 &\257\025""\323R\026\372U83\210\256\241\220\366\351\217\257F@nP\241""\013&\261L\t\260f""; ","validation: """"\200\000\000\001&\000\000\000\003)/\352k\016:""\223\371\016\340l;\316Qt\361\032\213\221\243\004\006][\376s\340\253\234K}\\013\0362\202`\234\371~d\0310\204\264,P\027\000\000\000\000\000\000\000\000\000\000\000\000\000\000\000\000\000\000\000\000\000\000\000\000\000\000\000\000\000\000\000\000P\031-}\351f\032\255\274\334m\326c\017\014ao[\342\230\003\245\245\3341Hm\326^\017jy\335\261s!\003\371#:S\022\X\277\344\034\253'\365\230\361\211p\037\000R\265\215-7o\002\210\025\275\344qQvG0E\002!\000\367\302\213>o$\210U^\247\320Q+\316V\241\315\241\003\217\202\360\036\246\246+#\264\262C\2271\002 &\257\025""\323R\026\372U83\210\256\241\220\366\351\217\257F@nP\241""\013&\261L\t\260f""; "
1750576783301,1750576783302,3103,1,1,3,TMValidation,"validation: """"\200\000\000\001&\000\000\000\003)/\352k\016:""\223\371\016\340l;\316Qt\361\032\213\221\243\004\006][\376s\340\253\234K}\\013\0362\202`\234\371~d\0310\204\264,P\027\000\000\000\000\000\000\000\000\000\000\000\000\000\000\000\000\000\000\000\000\000\000\000\000\000\000\000\000\000\000\000\000P\031-}\351f\032\255\274\334m\326c\017\014ao[\342\230\003\245\245\3341Hm\326^\017jy\335\261s!\003\371#:S\022\X\277\344\034\253'\365\230\361\211p\037\000R\265\215-7o\002\210\025\275\344qQvG0E\002!\000\367\302\213>o$\210U^\247\320Q+\316V\241\315\241\003\217\202\360\036\246\246+#\264\262C\2271\002 &\257\025""\323R\026\372U83\210\256\241\220\366\351\217\257F@nP\241""\013&\261L\t\260f""; ","validation: """"\200\000\000\001&\000\000\000\003)/\352k\016:""\223\371\016\340l;\316Qt\361\032\213\221\243\004\006][\376s\340\253\234K}\\013\0362\202`\234\371~d\0310\204\264,P\027\000\000\000\000\000\000\000\000\000\000\000\000\000\000\000\000\000\000\000\000\000\000\000\000\000\000\000\000\000\000\000\000P\031-}\351f\032\255\274\334m\326c\017\014ao[\342\230\003\245\245\3341Hm\326^\017jy\335\261s!\003\371#:S\022\X\277\344\034\253'\365\230\361\211p\037\000R\265\215-7o\002\210\025\275\344qQvG0E\002!\000\367\302\213>o$\210U^\247\320Q+\316V\241\315\241\003\217\202\360\036\246\246+#\264\262C\2271\002 &\257\025""\323R\026\372U83\210\256\241\220\366\351\217\257F@nP\241""\013&\261L\t\260f""; "
1750576783302,1750576783302,1427,1,1,0,TMValidation,"validation: """"\200\000\000\001&\000\000\000\003)/\352k\016:""\223\371\016\340l;\316Qt\361\032\213\221\243\004\006][\376s\340\253\234K}\\013\0362\202`\234\371~d\0310\204\264,P\027\000\000\000\000\000\000\000\000\000\000\000\000\000\000\000\000\000\000\000\000\000\000\000\000\000\000\000\000\000\000\000\000P\031-}\351f\032\255\274\334m\326c\017\014ao[\342\230\003\245\245\3341Hm\326^\017jy\335\261s!\003\371#:S\022\X\277\344\034\253'\365\230\361\211p\037\000R\265\215-7o\002\210\025\275\344qQvG0E\002!\000\367\302\213>o$\210U^\247\320Q+\316V\241\315\241\003\217\202\360\036\246\246+#\264\262C\2271\002 &\257\025""\323R\026\372U83\210\256\241\220\366\351\217\257F@nP\241""\013&\261L\t\260f""; ","validation: """"\200\000\000\001&\000\000\000\003)/\352k\016:""\223\371\016\340l;\316Qt\361\032\213\221\243\004\006][\376s\340\253\234K}\\013\0362\202`\234\371~d\0310\204\264,P\027\000\000\000\000\000\000\000\000\000\000\000\000\000\000\000\000\000\000\000\000\000\000\000\000\000\000\000\000\000\000\000\000P\031-}\351f\032\255\274\334m\326c\017\014ao[\342\230\003\245\245\3341Hm\326^\017jy\335\261s!\003\371#:S\022\X\277\344\034\253'\365\230\361\211p\037\000R\265\215-7o\002\210\025\275\344qQvG0E\002!\000\367\302\213>o$\210U^\247\320Q+\316V\241\315\241\003\217\202\360\036\246\246+#\264\262C\2271\002 &\257\025""\323R\026\372U83\210\256\241\220\366\351\217\257F@nP\241""\013&\261L\t\260f""; "
1750576783344,1750576783345,2525,1,3,4,TMLedgerData,"ledgerHash: ""t\361\032\213\221\243\004\006][\376s\340\253\234K}\\013\0362\202`\234\371~d\0310\204\264,""; ledgerSeq: 3; type: liBASE; nodes {;   nodedata: ""\000\000\000\003\001cEx]\212\000\0000\355\311\211\352@\036\313K1\024B\343N\323V\367s\355lu\324\374V\207\371F\260\325\345\213\261\000\000\000\000\000\000\000\000\000\000\000\000\000\000\000\000\000\000\000\000\000\000\000\000\000\000\000\000\000\000\000\000G\031\225\227\375i-7\214L\232J\366\0003\306\007\027W>k)\252\327\257I,-\303\022\267\323/\352j\370/\352k\014\n\000""; }; nodes {;   nodedata: ""\303\016\021\310<Z\337\266>\225@&n\022\246\274\353\220\345b3\035\313\350L\354\254\002\005\305\035\017\002E\344\037@\210\363\010\336T\226\247'\204_{\261\370""1\235\2445\343\033Y!\212\201\341\272\225'\007\013\357A\200H\036\034)'\260\323\r\306\345\321\200\220rdO\002\200Zsx\207\262 \r\023\222\n\013\003""; }; ","ledgerHash: ""t\361\032\213\221\243\004\006][\376s\340\253\234K}\\013\0362\202`\234\371~d\0310\204\264,""; ledgerSeq: 3; type: liBASE; nodes {;   nodedata: ""\000\000\000\003\001cEx]\212\000\0000\355\311\211\352@\036\313K1\024B\343N\323V\367s\355lu\324\374V\207\371F\260\325\345\213\261\000\000\000\000\000\000\000\000\000\000\000\000\000\000\000\000\000\000\000\000\000\000\000\000\000\000\000\000\000\000\000\000G\031\225\227\375i-7\214L\232J\366\0003\306\007\027W>k)\252\327\257I,-\303\022\267\323/\352j\370/\352k\014\n\000""; }; nodes {;   nodedata: ""\303\016\021\310<Z\337\266>\225@&n\022\246\274\353\220\345b3\035\313\350L\354\254\002\005\305\035\017\002E\344\037@\210\363\010\336T\226\247'\204_{\261\370""1\235\2445\343\033Y!\212\201\341\272\225'\007\013\357A\200H\036\034)'\260\323\r\306\345\321\200\220rdO\002\200Zsx\207\262 \r\023\222\n\013\003""; }; "
1750576783345,1750576783345,2525,1,3,4,TMLedgerData,"ledgerHash: ""t\361\032\213\221\243\004\006][\376s\340\253\234K}\\013\0362\202`\234\371~d\0310\204\264,""; ledgerSeq: 3; type: liBASE; nodes {;   nodedata: ""\000\000\000\003\001cEx]\212\000\0000\355\311\211\352@\036\313K1\024B\343N\323V\367s\355lu\324\374V\207\371F\260\325\345\213\261\000\000\000\000\000\000\000\000\000\000\000\000\000\000\000\000\000\000\000\000\000\000\000\000\000\000\000\000\000\000\000\000G\031\225\227\375i-7\214L\232J\366\0003\306\007\027W>k)\252\327\257I,-\303\022\267\323/\352j\370/\352k\014\n\000""; }; nodes {;   nodedata: ""\303\016\021\310<Z\337\266>\225@&n\022\246\274\353\220\345b3\035\313\350L\354\254\002\005\305\035\017\002E\344\037@\210\363\010\336T\226\247'\204_{\261\370""1\235\2445\343\033Y!\212\201\341\272\225'\007\013\357A\200H\036\034)'\260\323\r\306\345\321\200\220rdO\002\200Zsx\207\262 \r\023\222\n\013\003""; }; ","ledgerHash: ""t\361\032\213\221\243\004\006][\376s\340\253\234K}\\013\0362\202`\234\371~d\0310\204\264,""; ledgerSeq: 3; type: liBASE; nodes {;   nodedata: ""\000\000\000\003\001cEx]\212\000\0000\355\311\211\352@\036\313K1\024B\343N\323V\367s\355lu\324\374V\207\371F\260\325\345\213\261\000\000\000\000\000\000\000\000\000\000\000\000\000\000\000\000\000\000\000\000\000\000\000\000\000\000\000\000\000\000\000\000G\031\225\227\375i-7\214L\232J\366\0003\306\007\027W>k)\252\327\257I,-\303\022\267\323/\352j\370/\352k\014\n\000""; }; nodes {;   nodedata: ""\303\016\021\310<Z\337\266>\225@&n\022\246\274\353\220\345b3\035\313\350L\354\254\002\005\305\035\017\002E\344\037@\210\363\010\336T\226\247'\204_{\261\370""1\235\2445\343\033Y!\212\201\341\272\225'\007\013\357A\200H\036\034)'\260\323\r\306\345\321\200\220rdO\002\200Zsx\207\262 \r\023\222\n\013\003""; }; "
1750576783369,1750576783369,1842,1,2,3,TMValidation,"validation: """"\200\000\000\001&\000\000\000\003)/\352k\016:\337\036c5\254\005\264,Qt\361\032\213\221\243\004\006][\376s\340\253\234K}\\013\0362\202`\234\371~d\0310\204\264,P\027\000\000\000\000\000\000\000\000\000\000\000\000\000\000\000\000\000\000\000\000\000\000\000\000\000\000\000\000\000\000\000\000P\031-}\351f\032\255\274\334m\326c\017\014ao[\342\230\003\245\245\3341Hm\326^\017jy\335\261s!\003i)e\226\372N\250\220\343\313\000^\252ua\277:W\233\010\236\376G>\347\257/\214RJ\t<vF0D\002 {*j\242q\325\013\313^\\305;\022\013K\313Q\316\266LGX\252\000\364B\362\266!\246\307}\002 C\256]\233.\273\375\303G\272,,\355\300\214\201M\373X\005\240k\374\227_*\347\267\355\335\227\277""; ","validation: """"\200\000\000\001&\000\000\000\003)/\352k\016:\337\036c5\254\005\264,Qt\361\032\213\221\243\004\006][\376s\340\253\234K}\\013\0362\202`\234\371~d\0310\204\264,P\027\000\000\000\000\000\000\000\000\000\000\000\000\000\000\000\000\000\000\000\000\000\000\000\000\000\000\000\000\000\000\000\000P\031-}\351f\032\255\274\334m\326c\017\014ao[\342\230\003\245\245\3341Hm\326^\017jy\335\261s!\003i)e\226\372N\250\220\343\313\000^\252ua\277:W\233\010\236\376G>\347\257/\214RJ\t<vF0D\002 {*j\242q\325\013\313^\\305;\022\013K\313Q\316\266LGX\252\000\364B\362\266!\246\307}\002 C\256]\233.\273\375\303G\272,,\355\300\214\201M\373X\005\240k\374\227_*\347\267\355\335\227\277""; "
1750576783369,1750576783370,3070,1,2,1,TMValidation,"validation: """"\200\000\000\001&\000\000\000\003)/\352k\016:\337\036c5\254\005\264,Qt\361\032\213\221\243\004\006][\376s\340\253\234K}\\013\0362\202`\234\371~d\0310\204\264,P\027\000\000\000\000\000\000\000\000\000\000\000\000\000\000\000\000\000\000\000\000\000\000\000\000\000\000\000\000\000\000\000\000P\031-}\351f\032\255\274\334m\326c\017\014ao[\342\230\003\245\245\3341Hm\326^\017jy\335\261s!\003i)e\226\372N\250\220\343\313\000^\252ua\277:W\233\010\236\376G>\347\257/\214RJ\t<vF0D\002 {*j\242q\325\013\313^\\305;\022\013K\313Q\316\266LGX\252\000\364B\362\266!\246\307}\002 C\256]\233.\273\375\303G\272,,\355\300\214\201M\373X\005\240k\374\227_*\347\267\355\335\227\277""; ","validation: """"\200\000\000\001&\000\000\000\003)/\352k\016:\337\036c5\254\005\264,Qt\361\032\213\221\243\004\006][\376s\340\253\234K}\\013\0362\202`\234\371~d\0310\204\264,P\027\000\000\000\000\000\000\000\000\000\000\000\000\000\000\000\000\000\000\000\000\000\000\000\000\000\000\000\000\000\000\000\000P\031-}\351f\032\255\274\334m\326c\017\014ao[\342\230\003\245\245\3341Hm\326^\017jy\335\261s!\003i)e\226\372N\250\220\343\313\000^\252ua\277:W\233\010\236\376G>\347\257/\214RJ\t<vF0D\002 {*j\242q\325\013\313^\\305;\022\013K\313Q\316\266LGX\252\000\364B\362\266!\246\307}\002 C\256]\233.\273\375\303G\272,,\355\300\214\201M\373X\005\240k\374\227_*\347\267\355\335\227\277""; "
1750576783370,1750576783370,367,1,2,4,TMValidation,"validation: """"\200\000\000\001&\000\000\000\003)/\352k\016:\337\036c5\254\005\264,Qt\361\032\213\221\243\004\006][\376s\340\253\234K}\\013\0362\202`\234\371~d\0310\204\264,P\027\000\000\000\000\000\000\000\000\000\000\000\000\000\000\000\000\000\000\000\000\000\000\000\000\000\000\000\000\000\000\000\000P\031-}\351f\032\255\274\334m\326c\017\014ao[\342\230\003\245\245\3341Hm\326^\017jy\335\261s!\003i)e\226\372N\250\220\343\313\000^\252ua\277:W\233\010\236\376G>\347\257/\214RJ\t<vF0D\002 {*j\242q\325\013\313^\\305;\022\013K\313Q\316\266LGX\252\000\364B\362\266!\246\307}\002 C\256]\233.\273\375\303G\272,,\355\300\214\201M\373X\005\240k\374\227_*\347\267\355\335\227\277""; ","validation: """"\200\000\000\001&\000\000\000\003)/\352k\016:\337\036c5\254\005\264,Qt\361\032\213\221\243\004\006][\376s\340\253\234K}\\013\0362\202`\234\371~d\0310\204\264,P\027\000\000\000\000\000\000\000\000\000\000\000\000\000\000\000\000\000\000\000\000\000\000\000\000\000\000\000\000\000\000\000\000P\031-}\351f\032\255\274\334m\326c\017\014ao[\342\230\003\245\245\3341Hm\326^\017jy\335\261s!\003i)e\226\372N\250\220\343\313\000^\252ua\277:W\233\010\236\376G>\347\257/\214RJ\t<vF0D\002 {*j\242q\325\013\313^\\305;\022\013K\313Q\316\266LGX\252\000\364B\362\266!\246\307}\002 C\256]\233.\273\375\303G\272,,\355\300\214\201M\373X\005\240k\374\227_*\347\267\355\335\227\277""; "
1750576783444,1750576783444,2687,1,1,3,TMProposeSet,"proposeSeq: 0; currentTxHash: ""\000\000\000\000\000\000\000\000\000\000\000\000\000\000\000\000\000\000\000\000\000\000\000\000\000\000\000\000\000\000\000\000""; nodePubKey: ""\002l\025\225/2Mi\010\252)\240F\276k\254\301;\200wg}s\364.8S\354U\206\025\244\006""; closeTime: 803891983; signature: ""0D\002 v\357a\014(ySx\311\270D\314\205\017\347\200>\2314\024\266J,\221\266\264\251\350\207\272#\031\002 %\3301:\372B2[\032\256\353\327\330d\2629W.\366(\337\013\323w\310\345Y\327\016\320\262\003""; previousledger: ""t\361\032\213\221\243\004\006][\376s\340\253\234K}\\013\0362\202`\234\371~d\0310\204\264,""; ","proposeSeq: 0; currentTxHash: ""\000\000\000\000\000\000\000\000\000\000\000\000\000\000\000\000\000\000\000\000\000\000\000\000\000\000\000\000\000\000\000\000""; nodePubKey: ""\002l\025\225/2Mi\010\252)\240F\276k\254\301;\200wg}s\364.8S\354U\206\025\244\006""; closeTime: 803891983; signature: ""0D\002 v\357a\014(ySx\311\270D\314\205\017\347\200>\2314\024\266J,\221\266\264\251\350\207\272#\031\002 %\3301:\372B2[\032\256\353\327\330d\2629W.\366(\337\013\323w\310\345Y\327\016\320\262\003""; previousledger: ""t\361\032\213\221\243\004\006][\376s\340\253\234K}\\013\0362\202`\234\371~d\0310\204\264,""; "
1750576783445,1750576783445,1657,1,1,4,TMProposeSet,"proposeSeq: 0; currentTxHash: ""\000\000\000\000\000\000\000\000\000\000\000\000\000\000\000\000\000\000\000\000\000\000\000\000\000\000\000\000\000\000\000\000""; nodePubKey: ""\002l\025\225/2Mi\010\252)\240F\276k\254\301;\200wg}s\364.8S\354U\206\025\244\006""; closeTime: 803891983; signature: ""0D\002 v\357a\014(ySx\311\270D\314\205\017\347\200>\2314\024\266J,\221\266\264\251\350\207\272#\031\002 %\3301:\372B2[\032\256\353\327\330d\2629W.\366(\337\013\323w\310\345Y\327\016\320\262\003""; previousledger: ""t\361\032\213\221\243\004\006][\376s\340\253\234K}\\013\0362\202`\234\371~d\0310\204\264,""; ","proposeSeq: 0; currentTxHash: ""\000\000\000\000\000\000\000\000\000\000\000\000\000\000\000\000\000\000\000\000\000\000\000\000\000\000\000\000\000\000\000\000""; nodePubKey: ""\002l\025\225/2Mi\010\252)\240F\276k\254\301;\200wg}s\364.8S\354U\206\025\244\006""; closeTime: 803891983; signature: ""0D\002 v\357a\014(ySx\311\270D\314\205\017\347\200>\2314\024\266J,\221\266\264\251\350\207\272#\031\002 %\3301:\372B2[\032\256\353\327\330d\2629W.\366(\337\013\323w\310\345Y\327\016\320\262\003""; previousledger: ""t\361\032\213\221\243\004\006][\376s\340\253\234K}\\013\0362\202`\234\371~d\0310\204\264,""; "
1750576783447,1750576783447,252,1,1,0,TMProposeSet,"proposeSeq: 0; currentTxHash: ""\000\000\000\000\000\000\000\000\000\000\000\000\000\000\000\000\000\000\000\000\000\000\000\000\000\000\000\000\000\000\000\000""; nodePubKey: ""\002l\025\225/2Mi\010\252)\240F\276k\254\301;\200wg}s\364.8S\354U\206\025\244\006""; closeTime: 803891983; signature: ""0D\002 v\357a\014(ySx\311\270D\314\205\017\347\200>\2314\024\266J,\221\266\264\251\350\207\272#\031\002 %\3301:\372B2[\032\256\353\327\330d\2629W.\366(\337\013\323w\310\345Y\327\016\320\262\003""; previousledger: ""t\361\032\213\221\243\004\006][\376s\340\253\234K}\\013\0362\202`\234\371~d\0310\204\264,""; ","proposeSeq: 0; currentTxHash: ""\000\000\000\000\000\000\000\000\000\000\000\000\000\000\000\000\000\000\000\000\000\000\000\000\000\000\000\000\000\000\000\000""; nodePubKey: ""\002l\025\225/2Mi\010\252)\240F\276k\254\301;\200wg}s\364.8S\354U\206\025\244\006""; closeTime: 803891983; signature: ""0D\002 v\357a\014(ySx\311\270D\314\205\017\347\200>\2314\024\266J,\221\266\264\251\350\207\272#\031\002 %\3301:\372B2[\032\256\353\327\330d\2629W.\366(\337\013\323w\310\345Y\327\016\320\262\003""; previousledger: ""t\361\032\213\221\243\004\006][\376s\340\253\234K}\\013\0362\202`\234\371~d\0310\204\264,""; "
1750576783449,1750576783449,3734,1,1,2,TMProposeSet,"proposeSeq: 0; currentTxHash: ""\000\000\000\000\000\000\000\000\000\000\000\000\000\000\000\000\000\000\000\000\000\000\000\000\000\000\000\000\000\000\000\000""; nodePubKey: ""\002l\025\225/2Mi\010\252)\240F\276k\254\301;\200wg}s\364.8S\354U\206\025\244\006""; closeTime: 803891983; signature: ""0D\002 v\357a\014(ySx\311\270D\314\205\017\347\200>\2314\024\266J,\221\266\264\251\350\207\272#\031\002 %\3301:\372B2[\032\256\353\327\330d\2629W.\366(\337\013\323w\310\345Y\327\016\320\262\003""; previousledger: ""t\361\032\213\221\243\004\006][\376s\340\253\234K}\\013\0362\202`\234\371~d\0310\204\264,""; ","proposeSeq: 0; currentTxHash: ""\000\000\000\000\000\000\000\000\000\000\000\000\000\000\000\000\000\000\000\000\000\000\000\000\000\000\000\000\000\000\000\000""; nodePubKey: ""\002l\025\225/2Mi\010\252)\240F\276k\254\301;\200wg}s\364.8S\354U\206\025\244\006""; closeTime: 803891983; signature: ""0D\002 v\357a\014(ySx\311\270D\314\205\017\347\200>\2314\024\266J,\221\266\264\251\350\207\272#\031\002 %\3301:\372B2[\032\256\353\327\330d\2629W.\366(\337\013\323w\310\345Y\327\016\320\262\003""; previousledger: ""t\361\032\213\221\243\004\006][\376s\340\253\234K}\\013\0362\202`\234\371~d\0310\204\264,""; "
1750576783554,1750576783554,3256,1,3,2,TMValidation,"validation: """"\200\000\000\001&\000\000\000\003)/\352k\016:\321 \377\321\373\345\340\346Qt\361\032\213\221\243\004\006][\376s\340\253\234K}\\013\0362\202`\234\371~d\0310\204\264,P\027\000\000\000\000\000\000\000\000\000\000\000\000\000\000\000\000\000\000\000\000\000\000\000\000\000\000\000\000\000\000\000\000P\031-}\351f\032\255\274\334m\326c\017\014ao[\342\230\003\245\245\3341Hm\326^\017jy\335\261s!\002\373\236I\010\265\271ho\331/c\224%g\005\354]\344\350\r\030%u\255\364\002\226\221\370\363\332\331vF0D\002 T\003\221;8!\021\377Ge\007TJEl\320\303Au\235\365\234\206zE\202*\266\360\267\273\252\002 \004\005x\030\202\261\372\247\314\242&!|}a\371\241\305\024F\302\n\033\376\177\312=`\361I$\271""; ","validation: """"\200\000\000\001&\000\000\000\003)/\352k\016:\321 \377\321\373\345\340\346Qt\361\032\213\221\243\004\006][\376s\340\253\234K}\\013\0362\202`\234\371~d\0310\204\264,P\027\000\000\000\000\000\000\000\000\000\000\000\000\000\000\000\000\000\000\000\000\000\000\000\000\000\000\000\000\000\000\000\000P\031-}\351f\032\255\274\334m\326c\017\014ao[\342\230\003\245\245\3341Hm\326^\017jy\335\261s!\002\373\236I\010\265\271ho\331/c\224%g\005\354]\344\350\r\030%u\255\364\002\226\221\370\363\332\331vF0D\002 T\003\221;8!\021\377Ge\007TJEl\320\303Au\235\365\234\206zE\202*\266\360\267\273\252\002 \004\005x\030\202\261\372\247\314\242&!|}a\371\241\305\024F\302\n\033\376\177\312=`\361I$\271""; "
1750576783555,1750576783555,693,1,3,1,TMValidation,"validation: """"\200\000\000\001&\000\000\000\003)/\352k\016:\321 \377\321\373\345\340\346Qt\361\032\213\221\243\004\006][\376s\340\253\234K}\\013\0362\202`\234\371~d\0310\204\264,P\027\000\000\000\000\000\000\000\000\000\000\000\000\000\000\000\000\000\000\000\000\000\000\000\000\000\000\000\000\000\000\000\000P\031-}\351f\032\255\274\334m\326c\017\014ao[\342\230\003\245\245\3341Hm\326^\017jy\335\261s!\002\373\236I\010\265\271ho\331/c\224%g\005\354]\344\350\r\030%u\255\364\002\226\221\370\363\332\331vF0D\002 T\003\221;8!\021\377Ge\007TJEl\320\303Au\235\365\234\206zE\202*\266\360\267\273\252\002 \004\005x\030\202\261\372\247\314\242&!|}a\371\241\305\024F\302\n\033\376\177\312=`\361I$\271""; ","validation: """"\200\000\000\001&\000\000\000\003)/\352k\016:\321 \377\321\373\345\340\346Qt\361\032\213\221\243\004\006][\376s\340\253\234K}\\013\0362\202`\234\371~d\0310\204\264,P\027\000\000\000\000\000\000\000\000\000\000\000\000\000\000\000\000\000\000\000\000\000\000\000\000\000\000\000\000\000\000\000\000P\031-}\351f\032\255\274\334m\326c\017\014ao[\342\230\003\245\245\3341Hm\326^\017jy\335\261s!\002\373\236I\010\265\271ho\331/c\224%g\005\354]\344\350\r\030%u\255\364\002\226\221\370\363\332\331vF0D\002 T\003\221;8!\021\377Ge\007TJEl\320\303Au\235\365\234\206zE\202*\266\360\267\273\252\002 \004\005x\030\202\261\372\247\314\242&!|}a\371\241\305\024F\302\n\033\376\177\312=`\361I$\271""; "
1750576783555,1750576783555,1663,1,3,0,TMValidation,"validation: """"\200\000\000\001&\000\000\000\003)/\352k\016:\321 \377\321\373\345\340\346Qt\361\032\213\221\243\004\006][\376s\340\253\234K}\\013\0362\202`\234\371~d\0310\204\264,P\027\000\000\000\000\000\000\000\000\000\000\000\000\000\000\000\000\000\000\000\000\000\000\000\000\000\000\000\000\000\000\000\000P\031-}\351f\032\255\274\334m\326c\017\014ao[\342\230\003\245\245\3341Hm\326^\017jy\335\261s!\002\373\236I\010\265\271ho\331/c\224%g\005\354]\344\350\r\030%u\255\364\002\226\221\370\363\332\331vF0D\002 T\003\221;8!\021\377Ge\007TJEl\320\303Au\235\365\234\206zE\202*\266\360\267\273\252\002 \004\005x\030\202\261\372\247\314\242&!|}a\371\241\305\024F\302\n\033\376\177\312=`\361I$\271""; ","validation: """"\200\000\000\001&\000\000\000\003)/\352k\016:\321 \377\321\373\345\340\346Qt\361\032\213\221\243\004\006][\376s\340\253\234K}\\013\0362\202`\234\371~d\0310\204\264,P\027\000\000\000\000\000\000\000\000\000\000\000\000\000\000\000\000\000\000\000\000\000\000\000\000\000\000\000\000\000\000\000\000P\031-}\351f\032\255\274\334m\326c\017\014ao[\342\230\003\245\245\3341Hm\326^\017jy\335\261s!\002\373\236I\010\265\271ho\331/c\224%g\005\354]\344\350\r\030%u\255\364\002\226\221\370\363\332\331vF0D\002 T\003\221;8!\021\377Ge\007TJEl\320\303Au\235\365\234\206zE\202*\266\360\267\273\252\002 \004\005x\030\202\261\372\247\314\242&!|}a\371\241\305\024F\302\n\033\376\177\312=`\361I$\271""; "
1750576783445,1750576783602,15,1,1,3,TMStatusChange,"newEvent: neCLOSING_LEDGER; ledgerSeq: 3; ledgerHash: ""t\361\032\213\221\243\004\006][\376s\340\253\234K}\\013\0362\202`\234\371~d\0310\204\264,""; ledgerHashPrevious: ""0\355\311\211\352@\036\313K1\024B\343N\323V\367s\355lu\324\374V\207\371F\260\325\345\213\261""; networkTime: 803891983; firstSeq: 1; lastSeq: 3; ","newEvent: neCLOSING_LEDGER; ledgerSeq: 3; ledgerHash: ""t\361\032\213\221\243\004\006][\376s\340\253\234K}\\013\0362\202`\234\371~d\0310\204\264,""; ledgerHashPrevious: ""0\355\311\211\352@\036\313K1\024B\343N\323V\367s\355lu\324\374V\207\371F\260\325\345\213\261""; networkTime: 803891983; firstSeq: 1; lastSeq: 3; "
1750576783449,1750576783604,787,1,1,2,TMStatusChange,"newEvent: neCLOSING_LEDGER; ledgerSeq: 3; ledgerHash: ""t\361\032\213\221\243\004\006][\376s\340\253\234K}\\013\0362\202`\234\371~d\0310\204\264,""; ledgerHashPrevious: ""0\355\311\211\352@\036\313K1\024B\343N\323V\367s\355lu\324\374V\207\371F\260\325\345\213\261""; networkTime: 803891983; firstSeq: 1; lastSeq: 3; ","newEvent: neCLOSING_LEDGER; ledgerSeq: 3; ledgerHash: ""t\361\032\213\221\243\004\006][\376s\340\253\234K}\\013\0362\202`\234\371~d\0310\204\264,""; ledgerHashPrevious: ""0\355\311\211\352@\036\313K1\024B\343N\323V\367s\355lu\324\374V\207\371F\260\325\345\213\261""; networkTime: 803891983; firstSeq: 1; lastSeq: 3; "
1750576783448,1750576783603,3752,1,1,4,TMStatusChange,"newEvent: neCLOSING_LEDGER; ledgerSeq: 3; ledgerHash: ""t\361\032\213\221\243\004\006][\376s\340\253\234K}\\013\0362\202`\234\371~d\0310\204\264,""; ledgerHashPrevious: ""0\355\311\211\352@\036\313K1\024B\343N\323V\367s\355lu\324\374V\207\371F\260\325\345\213\261""; networkTime: 803891983; firstSeq: 1; lastSeq: 3; ","newEvent: neCLOSING_LEDGER; ledgerSeq: 3; ledgerHash: ""t\361\032\213\221\243\004\006][\376s\340\253\234K}\\013\0362\202`\234\371~d\0310\204\264,""; ledgerHashPrevious: ""0\355\311\211\352@\036\313K1\024B\343N\323V\367s\355lu\324\374V\207\371F\260\325\345\213\261""; networkTime: 803891983; firstSeq: 1; lastSeq: 3; "
1750576783447,1750576783602,200,1,1,0,TMStatusChange,"newEvent: neCLOSING_LEDGER; ledgerSeq: 3; ledgerHash: ""t\361\032\213\221\243\004\006][\376s\340\253\234K}\\013\0362\202`\234\371~d\0310\204\264,""; ledgerHashPrevious: ""0\355\311\211\352@\036\313K1\024B\343N\323V\367s\355lu\324\374V\207\371F\260\325\345\213\261""; networkTime: 803891983; firstSeq: 1; lastSeq: 3; ","newEvent: neCLOSING_LEDGER; ledgerSeq: 3; ledgerHash: ""t\361\032\213\221\243\004\006][\376s\340\253\234K}\\013\0362\202`\234\371~d\0310\204\264,""; ledgerHashPrevious: ""0\355\311\211\352@\036\313K1\024B\343N\323V\367s\355lu\324\374V\207\371F\260\325\345\213\261""; networkTime: 803891983; firstSeq: 1; lastSeq: 3; "
1750576783698,1750576783698,1427,1,1,0,TMValidation,"validation: """"\200\000\000\001&\000\000\000\003)/\352k\016:\327x\272\020JyerQt\361\032\213\221\243\004\006][\376s\340\253\234K}\\013\0362\202`\234\371~d\0310\204\264,P\027\000\000\000\000\000\000\000\000\000\000\000\000\000\000\000\000\000\000\000\000\000\000\000\000\000\000\000\000\000\000\000\000P\031-}\351f\032\255\274\334m\326c\017\014ao[\342\230\003\245\245\3341Hm\326^\017jy\335\261s!\003\365\211\205\353\0100\270r\333\225\227Y\025\355!\235\nf\352n\302\032\014\344\364\324\262\351""\225OFvF0D\002 s>9q\034\330\364\223\302;,\205\313rx\266\221v\223?R4p\022\337\242\217\003\214\202\010\374\002 r""\201'\203W\rNC\251\316%[\177\213\263\220\t\301\2233\002\255hs\335\231ZXaD\357""; ","validation: """"\200\000\000\001&\000\000\000\003)/\352k\016:\327x\272\020JyerQt\361\032\213\221\243\004\006][\376s\340\253\234K}\\013\0362\202`\234\371~d\0310\204\264,P\027\000\000\000\000\000\000\000\000\000\000\000\000\000\000\000\000\000\000\000\000\000\000\000\000\000\000\000\000\000\000\000\000P\031-}\351f\032\255\274\334m\326c\017\014ao[\342\230\003\245\245\3341Hm\326^\017jy\335\261s!\003\365\211\205\353\0100\270r\333\225\227Y\025\355!\235\nf\352n\302\032\014\344\364\324\262\351""\225OFvF0D\002 s>9q\034\330\364\223\302;,\205\313rx\266\221v\223?R4p\022\337\242\217\003\214\202\010\374\002 r""\201'\203W\rNC\251\316%[\177\213\263\220\t\301\2233\002\255hs\335\231ZXaD\357""; "
1750576783698,1750576783698,3156,1,1,2,TMValidation,"validation: """"\200\000\000\001&\000\000\000\003)/\352k\016:\327x\272\020JyerQt\361\032\213\221\243\004\006][\376s\340\253\234K}\\013\0362\202`\234\371~d\0310\204\264,P\027\000\000\000\000\000\000\000\000\000\000\000\000\000\000\000\000\000\000\000\000\000\000\000\000\000\000\000\000\000\000\000\000P\031-}\351f\032\255\274\334m\326c\017\014ao[\342\230\003\245\245\3341Hm\326^\017jy\335\261s!\003\365\211\205\353\0100\270r\333\225\227Y\025\355!\235\nf\352n\302\032\014\344\364\324\262\351""\225OFvF0D\002 s>9q\034\330\364\223\302;,\205\313rx\266\221v\223?R4p\022\337\242\217\003\214\202\010\374\002 r""\201'\203W\rNC\251\316%[\177\213\263\220\t\301\2233\002\255hs\335\231ZXaD\357""; ","validation: """"\200\000\000\001&\000\000\000\003)/\352k\016:\327x\272\020JyerQt\361\032\213\221\243\004\006][\376s\340\253\234K}\\013\0362\202`\234\371~d\0310\204\264,P\027\000\000\000\000\000\000\000\000\000\000\000\000\000\000\000\000\000\000\000\000\000\000\000\000\000\000\000\000\000\000\000\000P\031-}\351f\032\255\274\334m\326c\017\014ao[\342\230\003\245\245\3341Hm\326^\017jy\335\261s!\003\365\211\205\353\0100\270r\333\225\227Y\025\355!\235\nf\352n\302\032\014\344\364\324\262\351""\225OFvF0D\002 s>9q\034\330\364\223\302;,\205\313rx\266\221v\223?R4p\022\337\242\217\003\214\202\010\374\002 r""\201'\203W\rNC\251\316%[\177\213\263\220\t\301\2233\002\255hs\335\231ZXaD\357""; "
1750576783699,1750576783699,1881,1,1,4,TMValidation,"validation: """"\200\000\000\001&\000\000\000\003)/\352k\016:\327x\272\020JyerQt\361\032\213\221\243\004\006][\376s\340\253\234K}\\013\0362\202`\234\371~d\0310\204\264,P\027\000\000\000\000\000\000\000\000\000\000\000\000\000\000\000\000\000\000\000\000\000\000\000\000\000\000\000\000\000\000\000\000P\031-}\351f\032\255\274\334m\326c\017\014ao[\342\230\003\245\245\3341Hm\326^\017jy\335\261s!\003\365\211\205\353\0100\270r\333\225\227Y\025\355!\235\nf\352n\302\032\014\344\364\324\262\351""\225OFvF0D\002 s>9q\034\330\364\223\302;,\205\313rx\266\221v\223?R4p\022\337\242\217\003\214\202\010\374\002 r""\201'\203W\rNC\251\316%[\177\213\263\220\t\301\2233\002\255hs\335\231ZXaD\357""; ","validation: """"\200\000\000\001&\000\000\000\003)/\352k\016:\327x\272\020JyerQt\361\032\213\221\243\004\006][\376s\340\253\234K}\\013\0362\202`\234\371~d\0310\204\264,P\027\000\000\000\000\000\000\000\000\000\000\000\000\000\000\000\000\000\000\000\000\000\000\000\000\000\000\000\000\000\000\000\000P\031-}\351f\032\255\274\334m\326c\017\014ao[\342\230\003\245\245\3341Hm\326^\017jy\335\261s!\003\365\211\205\353\0100\270r\333\225\227Y\025\355!\235\nf\352n\302\032\014\344\364\324\262\351""\225OFvF0D\002 s>9q\034\330\364\223\302;,\205\313rx\266\221v\223?R4p\022\337\242\217\003\214\202\010\374\002 r""\201'\203W\rNC\251\316%[\177\213\263\220\t\301\2233\002\255hs\335\231ZXaD\357""; "
1750576783700,1750576783700,920,1,0,3,TMProposeSet,"proposeSeq: 0; currentTxHash: ""\000\000\000\000\000\000\000\000\000\000\000\000\000\000\000\000\000\000\000\000\000\000\000\000\000\000\000\000\000\000\000\000""; nodePubKey: ""\002l\025\225/2Mi\010\252)\240F\276k\254\301;\200wg}s\364.8S\354U\206\025\244\006""; closeTime: 803891983; signature: ""0D\002 v\357a\014(ySx\311\270D\314\205\017\347\200>\2314\024\266J,\221\266\264\251\350\207\272#\031\002 %\3301:\372B2[\032\256\353\327\330d\2629W.\366(\337\013\323w\310\345Y\327\016\320\262\003""; previousledger: ""t\361\032\213\221\243\004\006][\376s\340\253\234K}\\013\0362\202`\234\371~d\0310\204\264,""; ","proposeSeq: 0; currentTxHash: ""\000\000\000\000\000\000\000\000\000\000\000\000\000\000\000\000\000\000\000\000\000\000\000\000\000\000\000\000\000\000\000\000""; nodePubKey: ""\002l\025\225/2Mi\010\252)\240F\276k\254\301;\200wg}s\364.8S\354U\206\025\244\006""; closeTime: 803891983; signature: ""0D\002 v\357a\014(ySx\311\270D\314\205\017\347\200>\2314\024\266J,\221\266\264\251\350\207\272#\031\002 %\3301:\372B2[\032\256\353\327\330d\2629W.\366(\337\013\323w\310\345Y\327\016\320\262\003""; previousledger: ""t\361\032\213\221\243\004\006][\376s\340\253\234K}\\013\0362\202`\234\371~d\0310\204\264,""; "
1750576783700,1750576783700,1134,1,0,2,TMProposeSet,"proposeSeq: 0; currentTxHash: ""\000\000\000\000\000\000\000\000\000\000\000\000\000\000\000\000\000\000\000\000\000\000\000\000\000\000\000\000\000\000\000\000""; nodePubKey: ""\002l\025\225/2Mi\010\252)\240F\276k\254\301;\200wg}s\364.8S\354U\206\025\244\006""; closeTime: 803891983; signature: ""0D\002 v\357a\014(ySx\311\270D\314\205\017\347\200>\2314\024\266J,\221\266\264\251\350\207\272#\031\002 %\3301:\372B2[\032\256\353\327\330d\2629W.\366(\337\013\323w\310\345Y\327\016\320\262\003""; previousledger: ""t\361\032\213\221\243\004\006][\376s\340\253\234K}\\013\0362\202`\234\371~d\0310\204\264,""; ","proposeSeq: 0; currentTxHash: ""\000\000\000\000\000\000\000\000\000\000\000\000\000\000\000\000\000\000\000\000\000\000\000\000\000\000\000\000\000\000\000\000""; nodePubKey: ""\002l\025\225/2Mi\010\252)\240F\276k\254\301;\200wg}s\364.8S\354U\206\025\244\006""; closeTime: 803891983; signature: ""0D\002 v\357a\014(ySx\311\270D\314\205\017\347\200>\2314\024\266J,\221\266\264\251\350\207\272#\031\002 %\3301:\372B2[\032\256\353\327\330d\2629W.\366(\337\013\323w\310\345Y\327\016\320\262\003""; previousledger: ""t\361\032\213\221\243\004\006][\376s\340\253\234K}\\013\0362\202`\234\371~d\0310\204\264,""; "
1750576783701,1750576783701,1033,1,0,4,TMProposeSet,"proposeSeq: 0; currentTxHash: ""\000\000\000\000\000\000\000\000\000\000\000\000\000\000\000\000\000\000\000\000\000\000\000\000\000\000\000\000\000\000\000\000""; nodePubKey: ""\002l\025\225/2Mi\010\252)\240F\276k\254\301;\200wg}s\364.8S\354U\206\025\244\006""; closeTime: 803891983; signature: ""0D\002 v\357a\014(ySx\311\270D\314\205\017\347\200>\2314\024\266J,\221\266\264\251\350\207\272#\031\002 %\3301:\372B2[\032\256\353\327\330d\2629W.\366(\337\013\323w\310\345Y\327\016\320\262\003""; previousledger: ""t\361\032\213\221\243\004\006][\376s\340\253\234K}\\013\0362\202`\234\371~d\0310\204\264,""; ","proposeSeq: 0; currentTxHash: ""\000\000\000\000\000\000\000\000\000\000\000\000\000\000\000\000\000\000\000\000\000\000\000\000\000\000\000\000\000\000\000\000""; nodePubKey: ""\002l\025\225/2Mi\010\252)\240F\276k\254\301;\200wg}s\364.8S\354U\206\025\244\006""; closeTime: 803891983; signature: ""0D\002 v\357a\014(ySx\311\270D\314\205\017\347\200>\2314\024\266J,\221\266\264\251\350\207\272#\031\002 %\3301:\372B2[\032\256\353\327\330d\2629W.\366(\337\013\323w\310\345Y\327\016\320\262\003""; previousledger: ""t\361\032\213\221\243\004\006][\376s\340\253\234K}\\013\0362\202`\234\371~d\0310\204\264,""; "
1750576783737,1750576783737,428,1,4,1,TMValidation,"validation: """"\200\000\000\001&\000\000\000\003)/\352k\016:\337\036c5\254\005\264,Qt\361\032\213\221\243\004\006][\376s\340\253\234K}\\013\0362\202`\234\371~d\0310\204\264,P\027\000\000\000\000\000\000\000\000\000\000\000\000\000\000\000\000\000\000\000\000\000\000\000\000\000\000\000\000\000\000\000\000P\031-}\351f\032\255\274\334m\326c\017\014ao[\342\230\003\245\245\3341Hm\326^\017jy\335\261s!\003i)e\226\372N\250\220\343\313\000^\252ua\277:W\233\010\236\376G>\347\257/\214RJ\t<vF0D\002 {*j\242q\325\013\313^\\305;\022\013K\313Q\316\266LGX\252\000\364B\362\266!\246\307}\002 C\256]\233.\273\375\303G\272,,\355\300\214\201M\373X\005\240k\374\227_*\347\267\355\335\227\277""; ","validation: """"\200\000\000\001&\000\000\000\003)/\352k\016:\337\036c5\254\005\264,Qt\361\032\213\221\243\004\006][\376s\340\253\234K}\\013\0362\202`\234\371~d\0310\204\264,P\027\000\000\000\000\000\000\000\000\000\000\000\000\000\000\000\000\000\000\000\000\000\000\000\000\000\000\000\000\000\000\000\000P\031-}\351f\032\255\274\334m\326c\017\014ao[\342\230\003\245\245\3341Hm\326^\017jy\335\261s!\003i)e\226\372N\250\220\343\313\000^\252ua\277:W\233\010\236\376G>\347\257/\214RJ\t<vF0D\002 {*j\242q\325\013\313^\\305;\022\013K\313Q\316\266LGX\252\000\364B\362\266!\246\307}\002 C\256]\233.\273\375\303G\272,,\355\300\214\201M\373X\005\240k\374\227_*\347\267\355\335\227\277""; "
1750576783737,1750576783737,2764,1,4,0,TMValidation,"validation: """"\200\000\000\001&\000\000\000\003)/\352k\016:\337\036c5\254\005\264,Qt\361\032\213\221\243\004\006][\376s\340\253\234K}\\013\0362\202`\234\371~d\0310\204\264,P\027\000\000\000\000\000\000\000\000\000\000\000\000\000\000\000\000\000\000\000\000\000\000\000\000\000\000\000\000\000\000\000\000P\031-}\351f\032\255\274\334m\326c\017\014ao[\342\230\003\245\245\3341Hm\326^\017jy\335\261s!\003i)e\226\372N\250\220\343\313\000^\252ua\277:W\233\010\236\376G>\347\257/\214RJ\t<vF0D\002 {*j\242q\325\013\313^\\305;\022\013K\313Q\316\266LGX\252\000\364B\362\266!\246\307}\002 C\256]\233.\273\375\303G\272,,\355\300\214\201M\373X\005\240k\374\227_*\347\267\355\335\227\277""; ","validation: """"\200\000\000\001&\000\000\000\003)/\352k\016:\337\036c5\254\005\264,Qt\361\032\213\221\243\004\006][\376s\340\253\234K}\\013\0362\202`\234\371~d\0310\204\264,P\027\000\000\000\000\000\000\000\000\000\000\000\000\000\000\000\000\000\000\000\000\000\000\000\000\000\000\000\000\000\000\000\000P\031-}\351f\032\255\274\334m\326c\017\014ao[\342\230\003\245\245\3341Hm\326^\017jy\335\261s!\003i)e\226\372N\250\220\343\313\000^\252ua\277:W\233\010\236\376G>\347\257/\214RJ\t<vF0D\002 {*j\242q\325\013\313^\\305;\022\013K\313Q\316\266LGX\252\000\364B\362\266!\246\307}\002 C\256]\233.\273\375\303G\272,,\355\300\214\201M\373X\005\240k\374\227_*\347\267\355\335\227\277""; "
1750576783738,1750576783738,1074,1,4,3,TMValidation,"validation: """"\200\000\000\001&\000\000\000\003)/\352k\016:\337\036c5\254\005\264,Qt\361\032\213\221\243\004\006][\376s\340\253\234K}\\013\0362\202`\234\371~d\0310\204\264,P\027\000\000\000\000\000\000\000\000\000\000\000\000\000\000\000\000\000\000\000\000\000\000\000\000\000\000\000\000\000\000\000\000P\031-}\351f\032\255\274\334m\326c\017\014ao[\342\230\003\245\245\3341Hm\326^\017jy\335\261s!\003i)e\226\372N\250\220\343\313\000^\252ua\277:W\233\010\236\376G>\347\257/\214RJ\t<vF0D\002 {*j\242q\325\013\313^\\305;\022\013K\313Q\316\266LGX\252\000\364B\362\266!\246\307}\002 C\256]\233.\273\375\303G\272,,\355\300\214\201M\373X\005\240k\374\227_*\347\267\355\335\227\277""; ","validation: """"\200\000\000\001&\000\000\000\003)/\352k\016:\337\036c5\254\005\264,Qt\361\032\213\221\243\004\006][\376s\340\253\234K}\\013\0362\202`\234\371~d\0310\204\264,P\027\000\000\000\000\000\000\000\000\000\000\000\000\000\000\000\000\000\000\000\000\000\000\000\000\000\000\000\000\000\000\000\000P\031-}\351f\032\255\274\334m\326c\017\014ao[\342\230\003\245\245\3341Hm\326^\017jy\335\261s!\003i)e\226\372N\250\220\343\313\000^\252ua\277:W\233\010\236\376G>\347\257/\214RJ\t<vF0D\002 {*j\242q\325\013\313^\\305;\022\013K\313Q\316\266LGX\252\000\364B\362\266!\246\307}\002 C\256]\233.\273\375\303G\272,,\355\300\214\201M\373X\005\240k\374\227_*\347\267\355\335\227\277""; "
1750576783869,1750576783870,0,1,4,2,TMProposeSet,"proposeSeq: 0; currentTxHash: ""\000\000\000\000\000\000\000\000\000\000\000\000\000\000\000\000\000\000\000\000\000\000\000\000\000\000\000\000\000\000\000\000""; nodePubKey: ""\003\371#:S\022\X\277\344\034\253'\365\230\361\211p\037\000R\265\215-7o\002\210\025\275\344qQ""; closeTime: 803891983; signature: ""0E\002!\000\315w6\r\370k\004}\317\225c\0327\207\212\343\357\216s\22186',\376\206\373&\270X\334X\002 \021`\317@\370\244\036\243/\246\331\375(v\334\254:\003}\375\224\323\237]W\307\306)A\373\342\236""; previousledger: ""t\361\032\213\221\243\004\006][\376s\340\253\234K}\\013\0362\202`\234\371~d\0310\204\264,""; ","proposeSeq: 0; currentTxHash: ""\000\000\000\000\000\000\000\000\000\000\000\000\000\000\000\000\000\000\000\000\000\000\000\000\000\000\000\000\000\000\000\000""; nodePubKey: ""\003\371#:S\022\X\277\344\034\253'\365\230\361\211p\037\000R\265\215-7o\002\210\025\275\344qQ""; closeTime: 803891983; signature: ""0E\002!\000\315w6\r\370k\004}\317\225c\0327\207\212\343\357\216s\22186',\376\206\373&\270X\334X\002 \021`\317@\370\244\036\243/\246\331\375(v\334\254:\003}\375\224\323\237]W\307\306)A\373\342\236""; previousledger: ""t\361\032\213\221\243\004\006][\376s\340\253\234K}\\013\0362\202`\234\371~d\0310\204\264,""; "
1750576783871,1750576783871,3036,1,4,0,TMProposeSet,"proposeSeq: 0; currentTxHash: ""\000\000\000\000\000\000\000\000\000\000\000\000\000\000\000\000\000\000\000\000\000\000\000\000\000\000\000\000\000\000\000\000""; nodePubKey: ""\003\371#:S\022\X\277\344\034\253'\365\230\361\211p\037\000R\265\215-7o\002\210\025\275\344qQ""; closeTime: 803891983; signature: ""0E\002!\000\315w6\r\370k\004}\317\225c\0327\207\212\343\357\216s\22186',\376\206\373&\270X\334X\002 \021`\317@\370\244\036\243/\246\331\375(v\334\254:\003}\375\224\323\237]W\307\306)A\373\342\236""; previousledger: ""t\361\032\213\221\243\004\006][\376s\340\253\234K}\\013\0362\202`\234\371~d\0310\204\264,""; ","proposeSeq: 0; currentTxHash: ""\000\000\000\000\000\000\000\000\000\000\000\000\000\000\000\000\000\000\000\000\000\000\000\000\000\000\000\000\000\000\000\000""; nodePubKey: ""\003\371#:S\022\X\277\344\034\253'\365\230\361\211p\037\000R\265\215-7o\002\210\025\275\344qQ""; closeTime: 803891983; signature: ""0E\002!\000\315w6\r\370k\004}\317\225c\0327\207\212\343\357\216s\22186',\376\206\373&\270X\334X\002 \021`\317@\370\244\036\243/\246\331\375(v\334\254:\003}\375\224\323\237]W\307\306)A\373\342\236""; previousledger: ""t\361\032\213\221\243\004\006][\376s\340\253\234K}\\013\0362\202`\234\371~d\0310\204\264,""; "
1750576783873,1750576783873,2904,1,4,1,TMProposeSet,"proposeSeq: 0; currentTxHash: ""\000\000\000\000\000\000\000\000\000\000\000\000\000\000\000\000\000\000\000\000\000\000\000\000\000\000\000\000\000\000\000\000""; nodePubKey: ""\003\371#:S\022\X\277\344\034\253'\365\230\361\211p\037\000R\265\215-7o\002\210\025\275\344qQ""; closeTime: 803891983; signature: ""0E\002!\000\315w6\r\370k\004}\317\225c\0327\207\212\343\357\216s\22186',\376\206\373&\270X\334X\002 \021`\317@\370\244\036\243/\246\331\375(v\334\254:\003}\375\224\323\237]W\307\306)A\373\342\236""; previousledger: ""t\361\032\213\221\243\004\006][\376s\340\253\234K}\\013\0362\202`\234\371~d\0310\204\264,""; ","proposeSeq: 0; currentTxHash: ""\000\000\000\000\000\000\000\000\000\000\000\000\000\000\000\000\000\000\000\000\000\000\000\000\000\000\000\000\000\000\000\000""; nodePubKey: ""\003\371#:S\022\X\277\344\034\253'\365\230\361\211p\037\000R\265\215-7o\002\210\025\275\344qQ""; closeTime: 803891983; signature: ""0E\002!\000\315w6\r\370k\004}\317\225c\0327\207\212\343\357\216s\22186',\376\206\373&\270X\334X\002 \021`\317@\370\244\036\243/\246\331\375(v\334\254:\003}\375\224\323\237]W\307\306)A\373\342\236""; previousledger: ""t\361\032\213\221\243\004\006][\376s\340\253\234K}\\013\0362\202`\234\371~d\0310\204\264,""; "
1750576783874,1750576783874,3064,1,4,3,TMProposeSet,"proposeSeq: 0; currentTxHash: ""\000\000\000\000\000\000\000\000\000\000\000\000\000\000\000\000\000\000\000\000\000\000\000\000\000\000\000\000\000\000\000\000""; nodePubKey: ""\003\371#:S\022\X\277\344\034\253'\365\230\361\211p\037\000R\265\215-7o\002\210\025\275\344qQ""; closeTime: 803891983; signature: ""0E\002!\000\315w6\r\370k\004}\317\225c\0327\207\212\343\357\216s\22186',\376\206\373&\270X\334X\002 \021`\317@\370\244\036\243/\246\331\375(v\334\254:\003}\375\224\323\237]W\307\306)A\373\342\236""; previousledger: ""t\361\032\213\221\243\004\006][\376s\340\253\234K}\\013\0362\202`\234\371~d\0310\204\264,""; ","proposeSeq: 0; currentTxHash: ""\000\000\000\000\000\000\000\000\000\000\000\000\000\000\000\000\000\000\000\000\000\000\000\000\000\000\000\000\000\000\000\000""; nodePubKey: ""\003\371#:S\022\X\277\344\034\253'\365\230\361\211p\037\000R\265\215-7o\002\210\025\275\344qQ""; closeTime: 803891983; signature: ""0E\002!\000\315w6\r\370k\004}\317\225c\0327\207\212\343\357\216s\22186',\376\206\373&\270X\334X\002 \021`\317@\370\244\036\243/\246\331\375(v\334\254:\003}\375\224\323\237]W\307\306)A\373\342\236""; previousledger: ""t\361\032\213\221\243\004\006][\376s\340\253\234K}\\013\0362\202`\234\371~d\0310\204\264,""; "
1750576783875,1750576783876,1191,1,2,1,TMProposeSet,"proposeSeq: 0; currentTxHash: ""\000\000\000\000\000\000\000\000\000\000\000\000\000\000\000\000\000\000\000\000\000\000\000\000\000\000\000\000\000\000\000\000""; nodePubKey: ""\003\371#:S\022\X\277\344\034\253'\365\230\361\211p\037\000R\265\215-7o\002\210\025\275\344qQ""; closeTime: 803891983; signature: ""0E\002!\000\315w6\r\370k\004}\317\225c\0327\207\212\343\357\216s\22186',\376\206\373&\270X\334X\002 \021`\317@\370\244\036\243/\246\331\375(v\334\254:\003}\375\224\323\237]W\307\306)A\373\342\236""; previousledger: ""t\361\032\213\221\243\004\006][\376s\340\253\234K}\\013\0362\202`\234\371~d\0310\204\264,""; ","proposeSeq: 0; currentTxHash: ""\000\000\000\000\000\000\000\000\000\000\000\000\000\000\000\000\000\000\000\000\000\000\000\000\000\000\000\000\000\000\000\000""; nodePubKey: ""\003\371#:S\022\X\277\344\034\253'\365\230\361\211p\037\000R\265\215-7o\002\210\025\275\344qQ""; closeTime: 803891983; signature: ""0E\002!\000\315w6\r\370k\004}\317\225c\0327\207\212\343\357\216s\22186',\376\206\373&\270X\334X\002 \021`\317@\370\244\036\243/\246\331\375(v\334\254:\003}\375\224\323\237]W\307\306)A\373\342\236""; previousledger: ""t\361\032\213\221\243\004\006][\376s\340\253\234K}\\013\0362\202`\234\371~d\0310\204\264,""; "
1750576783876,1750576783876,1630,1,2,3,TMProposeSet,"proposeSeq: 0; currentTxHash: ""\000\000\000\000\000\000\000\000\000\000\000\000\000\000\000\000\000\000\000\000\000\000\000\000\000\000\000\000\000\000\000\000""; nodePubKey: ""\003\371#:S\022\X\277\344\034\253'\365\230\361\211p\037\000R\265\215-7o\002\210\025\275\344qQ""; closeTime: 803891983; signature: ""0E\002!\000\315w6\r\370k\004}\317\225c\0327\207\212\343\357\216s\22186',\376\206\373&\270X\334X\002 \021`\317@\370\244\036\243/\246\331\375(v\334\254:\003}\375\224\323\237]W\307\306)A\373\342\236""; previousledger: ""t\361\032\213\221\243\004\006][\376s\340\253\234K}\\013\0362\202`\234\371~d\0310\204\264,""; ","proposeSeq: 0; currentTxHash: ""\000\000\000\000\000\000\000\000\000\000\000\000\000\000\000\000\000\000\000\000\000\000\000\000\000\000\000\000\000\000\000\000""; nodePubKey: ""\003\371#:S\022\X\277\344\034\253'\365\230\361\211p\037\000R\265\215-7o\002\210\025\275\344qQ""; closeTime: 803891983; signature: ""0E\002!\000\315w6\r\370k\004}\317\225c\0327\207\212\343\357\216s\22186',\376\206\373&\270X\334X\002 \021`\317@\370\244\036\243/\246\331\375(v\334\254:\003}\375\224\323\237]W\307\306)A\373\342\236""; previousledger: ""t\361\032\213\221\243\004\006][\376s\340\253\234K}\\013\0362\202`\234\371~d\0310\204\264,""; "
1750576783876,1750576783876,1529,1,2,0,TMProposeSet,"proposeSeq: 0; currentTxHash: ""\000\000\000\000\000\000\000\000\000\000\000\000\000\000\000\000\000\000\000\000\000\000\000\000\000\000\000\000\000\000\000\000""; nodePubKey: ""\003\371#:S\022\X\277\344\034\253'\365\230\361\211p\037\000R\265\215-7o\002\210\025\275\344qQ""; closeTime: 803891983; signature: ""0E\002!\000\315w6\r\370k\004}\317\225c\0327\207\212\343\357\216s\22186',\376\206\373&\270X\334X\002 \021`\317@\370\244\036\243/\246\331\375(v\334\254:\003}\375\224\323\237]W\307\306)A\373\342\236""; previousledger: ""t\361\032\213\221\243\004\006][\376s\340\253\234K}\\013\0362\202`\234\371~d\0310\204\264,""; ","proposeSeq: 0; currentTxHash: ""\000\000\000\000\000\000\000\000\000\000\000\000\000\000\000\000\000\000\000\000\000\000\000\000\000\000\000\000\000\000\000\000""; nodePubKey: ""\003\371#:S\022\X\277\344\034\253'\365\230\361\211p\037\000R\265\215-7o\002\210\025\275\344qQ""; closeTime: 803891983; signature: ""0E\002!\000\315w6\r\370k\004}\317\225c\0327\207\212\343\357\216s\22186',\376\206\373&\270X\334X\002 \021`\317@\370\244\036\243/\246\331\375(v\334\254:\003}\375\224\323\237]W\307\306)A\373\342\236""; previousledger: ""t\361\032\213\221\243\004\006][\376s\340\253\234K}\\013\0362\202`\234\371~d\0310\204\264,""; "
1750576783877,1750576783877,3321,1,0,4,TMValidation,"validation: """"\200\000\000\001&\000\000\000\003)/\352k\016:`\203p\321f\247x\311Qt\361\032\213\221\243\004\006][\376s\340\253\234K}\\013\0362\202`\234\371~d\0310\204\264,P\027\000\000\000\000\000\000\000\000\000\000\000\000\000\000\000\000\000\000\000\000\000\000\000\000\000\000\000\000\000\000\000\000P\031-}\351f\032\255\274\334m\326c\017\014ao[\342\230\003\245\245\3341Hm\326^\017jy\335\261s!\002l\025\225/2Mi\010\252)\240F\276k\254\301;\200wg}s\364.8S\354U\206\025\244\006vF0D\002 D\257\272\tF\206\036\300\277F\255\316\205-\301\036\264\326O\225\251[2\334{\003#\335\t\260\246\252\002 lp\312\237\036EH\341\364\373\273!\305H#\374\267\336[\021\0162_\326\333J\341\322\031\2616#""; ","validation: """"\200\000\000\001&\000\000\000\003)/\352k\016:`\203p\321f\247x\311Qt\361\032\213\221\243\004\006][\376s\340\253\234K}\\013\0362\202`\234\371~d\0310\204\264,P\027\000\000\000\000\000\000\000\000\000\000\000\000\000\000\000\000\000\000\000\000\000\000\000\000\000\000\000\000\000\000\000\000P\031-}\351f\032\255\274\334m\326c\017\014ao[\342\230\003\245\245\3341Hm\326^\017jy\335\261s!\002l\025\225/2Mi\010\252)\240F\276k\254\301;\200wg}s\364.8S\354U\206\025\244\006vF0D\002 D\257\272\tF\206\036\300\277F\255\316\205-\301\036\264\326O\225\251[2\334{\003#\335\t\260\246\252\002 lp\312\237\036EH\341\364\373\273!\305H#\374\267\336[\021\0162_\326\333J\341\322\031\2616#""; "
1750576783877,1750576783877,453,1,0,2,TMValidation,"validation: """"\200\000\000\001&\000\000\000\003)/\352k\016:`\203p\321f\247x\311Qt\361\032\213\221\243\004\006][\376s\340\253\234K}\\013\0362\202`\234\371~d\0310\204\264,P\027\000\000\000\000\000\000\000\000\000\000\000\000\000\000\000\000\000\000\000\000\000\000\000\000\000\000\000\000\000\000\000\000P\031-}\351f\032\255\274\334m\326c\017\014ao[\342\230\003\245\245\3341Hm\326^\017jy\335\261s!\002l\025\225/2Mi\010\252)\240F\276k\254\301;\200wg}s\364.8S\354U\206\025\244\006vF0D\002 D\257\272\tF\206\036\300\277F\255\316\205-\301\036\264\326O\225\251[2\334{\003#\335\t\260\246\252\002 lp\312\237\036EH\341\364\373\273!\305H#\374\267\336[\021\0162_\326\333J\341\322\031\2616#""; ","validation: """"\200\000\000\001&\000\000\000\003)/\352k\016:`\203p\321f\247x\311Qt\361\032\213\221\243\004\006][\376s\340\253\234K}\\013\0362\202`\234\371~d\0310\204\264,P\027\000\000\000\000\000\000\000\000\000\000\000\000\000\000\000\000\000\000\000\000\000\000\000\000\000\000\000\000\000\000\000\000P\031-}\351f\032\255\274\334m\326c\017\014ao[\342\230\003\245\245\3341Hm\326^\017jy\335\261s!\002l\025\225/2Mi\010\252)\240F\276k\254\301;\200wg}s\364.8S\354U\206\025\244\006vF0D\002 D\257\272\tF\206\036\300\277F\255\316\205-\301\036\264\326O\225\251[2\334{\003#\335\t\260\246\252\002 lp\312\237\036EH\341\364\373\273!\305H#\374\267\336[\021\0162_\326\333J\341\322\031\2616#""; "
1750576783877,1750576783878,2915,1,0,3,TMValidation,"validation: """"\200\000\000\001&\000\000\000\003)/\352k\016:`\203p\321f\247x\311Qt\361\032\213\221\243\004\006][\376s\340\253\234K}\\013\0362\202`\234\371~d\0310\204\264,P\027\000\000\000\000\000\000\000\000\000\000\000\000\000\000\000\000\000\000\000\000\000\000\000\000\000\000\000\000\000\000\000\000P\031-}\351f\032\255\274\334m\326c\017\014ao[\342\230\003\245\245\3341Hm\326^\017jy\335\261s!\002l\025\225/2Mi\010\252)\240F\276k\254\301;\200wg}s\364.8S\354U\206\025\244\006vF0D\002 D\257\272\tF\206\036\300\277F\255\316\205-\301\036\264\326O\225\251[2\334{\003#\335\t\260\246\252\002 lp\312\237\036EH\341\364\373\273!\305H#\374\267\336[\021\0162_\326\333J\341\322\031\2616#""; ","validation: """"\200\000\000\001&\000\000\000\003)/\352k\016:`\203p\321f\247x\311Qt\361\032\213\221\243\004\006][\376s\340\253\234K}\\013\0362\202`\234\371~d\0310\204\264,P\027\000\000\000\000\000\000\000\000\000\000\000\000\000\000\000\000\000\000\000\000\000\000\000\000\000\000\000\000\000\000\000\000P\031-}\351f\032\255\274\334m\326c\017\014ao[\342\230\003\245\245\3341Hm\326^\017jy\335\261s!\002l\025\225/2Mi\010\252)\240F\276k\254\301;\200wg}s\364.8S\354U\206\025\244\006vF0D\002 D\257\272\tF\206\036\300\277F\255\316\205-\301\036\264\326O\225\251[2\334{\003#\335\t\260\246\252\002 lp\312\237\036EH\341\364\373\273!\305H#\374\267\336[\021\0162_\326\333J\341\322\031\2616#""; "
1750576783878,1750576783878,2434,1,0,4,TMLedgerData,"ledgerHash: ""t\361\032\213\221\243\004\006][\376s\340\253\234K}\\013\0362\202`\234\371~d\0310\204\264,""; ledgerSeq: 3; type: liBASE; nodes {;   nodedata: ""\000\000\000\003\001cEx]\212\000\0000\355\311\211\352@\036\313K1\024B\343N\323V\367s\355lu\324\374V\207\371F\260\325\345\213\261\000\000\000\000\000\000\000\000\000\000\000\000\000\000\000\000\000\000\000\000\000\000\000\000\000\000\000\000\000\000\000\000G\031\225\227\375i-7\214L\232J\366\0003\306\007\027W>k)\252\327\257I,-\303\022\267\323/\352j\370/\352k\014\n\000""; }; nodes {;   nodedata: ""\303\016\021\310<Z\337\266>\225@&n\022\246\274\353\220\345b3\035\313\350L\354\254\002\005\305\035\017\002E\344\037@\210\363\010\336T\226\247'\204_{\261\370""1\235\2445\343\033Y!\212\201\341\272\225'\007\013\357A\200H\036\034)'\260\323\r\306\345\321\200\220rdO\002\200Zsx\207\262 \r\023\222\n\013\003""; }; ","ledgerHash: ""t\361\032\213\221\243\004\006][\376s\340\253\234K}\\013\0362\202`\234\371~d\0310\204\264,""; ledgerSeq: 3; type: liBASE; nodes {;   nodedata: ""\000\000\000\003\001cEx]\212\000\0000\355\311\211\352@\036\313K1\024B\343N\323V\367s\355lu\324\374V\207\371F\260\325\345\213\261\000\000\000\000\000\000\000\000\000\000\000\000\000\000\000\000\000\000\000\000\000\000\000\000\000\000\000\000\000\000\000\000G\031\225\227\375i-7\214L\232J\366\0003\306\007\027W>k)\252\327\257I,-\303\022\267\323/\352j\370/\352k\014\n\000""; }; nodes {;   nodedata: ""\303\016\021\310<Z\337\266>\225@&n\022\246\274\353\220\345b3\035\313\350L\354\254\002\005\305\035\017\002E\344\037@\210\363\010\336T\226\247'\204_{\261\370""1\235\2445\343\033Y!\212\201\341\272\225'\007\013\357A\200H\036\034)'\260\323\r\306\345\321\200\220rdO\002\200Zsx\207\262 \r\023\222\n\013\003""; }; "
1750576783913,1750576783913,1134,1,0,2,TMProposeSet,"proposeSeq: 0; currentTxHash: ""\000\000\000\000\000\000\000\000\000\000\000\000\000\000\000\000\000\000\000\000\000\000\000\000\000\000\000\000\000\000\000\000""; nodePubKey: ""\003i)e\226\372N\250\220\343\313\000^\252ua\277:W\233\010\236\376G>\347\257/\214RJ\t<""; closeTime: 803891983; signature: ""0D\002 \024\276\007>BbA\374\202E\024\202\316\344P\304\223\t=\345f\036\3530W\213hYTC\\245\002 V\261\031\222\337R\374\356\375'\005\020\276\315\340\306\374z\262\333\307\332\265\274\001uD\315\016\236|\231""; previousledger: ""t\361\032\213\221\243\004\006][\376s\340\253\234K}\\013\0362\202`\234\371~d\0310\204\264,""; ","proposeSeq: 0; currentTxHash: ""\000\000\000\000\000\000\000\000\000\000\000\000\000\000\000\000\000\000\000\000\000\000\000\000\000\000\000\000\000\000\000\000""; nodePubKey: ""\003i)e\226\372N\250\220\343\313\000^\252ua\277:W\233\010\236\376G>\347\257/\214RJ\t<""; closeTime: 803891983; signature: ""0D\002 \024\276\007>BbA\374\202E\024\202\316\344P\304\223\t=\345f\036\3530W\213hYTC\\245\002 V\261\031\222\337R\374\356\375'\005\020\276\315\340\306\374z\262\333\307\332\265\274\001uD\315\016\236|\231""; previousledger: ""t\361\032\213\221\243\004\006][\376s\340\253\234K}\\013\0362\202`\234\371~d\0310\204\264,""; "
1750576783913,1750576783913,1032,1,0,1,TMProposeSet,"proposeSeq: 0; currentTxHash: ""\000\000\000\000\000\000\000\000\000\000\000\000\000\000\000\000\000\000\000\000\000\000\000\000\000\000\000\000\000\000\000\000""; nodePubKey: ""\003i)e\226\372N\250\220\343\313\000^\252ua\277:W\233\010\236\376G>\347\257/\214RJ\t<""; closeTime: 803891983; signature: ""0D\002 \024\276\007>BbA\374\202E\024\202\316\344P\304\223\t=\345f\036\3530W\213hYTC\\245\002 V\261\031\222\337R\374\356\375'\005\020\276\315\340\306\374z\262\333\307\332\265\274\001uD\315\016\236|\231""; previousledger: ""t\361\032\213\221\243\004\006][\376s\340\253\234K}\\013\0362\202`\234\371~d\0310\204\264,""; ","proposeSeq: 0; currentTxHash: ""\000\000\000\000\000\000\000\000\000\000\000\000\000\000\000\000\000\000\000\000\000\000\000\000\000\000\000\000\000\000\000\000""; nodePubKey: ""\003i)e\226\372N\250\220\343\313\000^\252ua\277:W\233\010\236\376G>\347\257/\214RJ\t<""; closeTime: 803891983; signature: ""0D\002 \024\276\007>BbA\374\202E\024\202\316\344P\304\223\t=\345f\036\3530W\213hYTC\\245\002 V\261\031\222\337R\374\356\375'\005\020\276\315\340\306\374z\262\333\307\332\265\274\001uD\315\016\236|\231""; previousledger: ""t\361\032\213\221\243\004\006][\376s\340\253\234K}\\013\0362\202`\234\371~d\0310\204\264,""; "
1750576783914,1750576783915,920,1,0,3,TMProposeSet,"proposeSeq: 0; currentTxHash: ""\000\000\000\000\000\000\000\000\000\000\000\000\000\000\000\000\000\000\000\000\000\000\000\000\000\000\000\000\000\000\000\000""; nodePubKey: ""\003i)e\226\372N\250\220\343\313\000^\252ua\277:W\233\010\236\376G>\347\257/\214RJ\t<""; closeTime: 803891983; signature: ""0D\002 \024\276\007>BbA\374\202E\024\202\316\344P\304\223\t=\345f\036\3530W\213hYTC\\245\002 V\261\031\222\337R\374\356\375'\005\020\276\315\340\306\374z\262\333\307\332\265\274\001uD\315\016\236|\231""; previousledger: ""t\361\032\213\221\243\004\006][\376s\340\253\234K}\\013\0362\202`\234\371~d\0310\204\264,""; ","proposeSeq: 0; currentTxHash: ""\000\000\000\000\000\000\000\000\000\000\000\000\000\000\000\000\000\000\000\000\000\000\000\000\000\000\000\000\000\000\000\000""; nodePubKey: ""\003i)e\226\372N\250\220\343\313\000^\252ua\277:W\233\010\236\376G>\347\257/\214RJ\t<""; closeTime: 803891983; signature: ""0D\002 \024\276\007>BbA\374\202E\024\202\316\344P\304\223\t=\345f\036\3530W\213hYTC\\245\002 V\261\031\222\337R\374\356\375'\005\020\276\315\340\306\374z\262\333\307\332\265\274\001uD\315\016\236|\231""; previousledger: ""t\361\032\213\221\243\004\006][\376s\340\253\234K}\\013\0362\202`\234\371~d\0310\204\264,""; "
1750576783946,1750576783946,693,1,3,1,TMValidation,"validation: """"\200\000\000\001&\000\000\000\003)/\352k\016:""\223\371\016\340l;\316Qt\361\032\213\221\243\004\006][\376s\340\253\234K}\\013\0362\202`\234\371~d\0310\204\264,P\027\000\000\000\000\000\000\000\000\000\000\000\000\000\000\000\000\000\000\000\000\000\000\000\000\000\000\000\000\000\000\000\000P\031-}\351f\032\255\274\334m\326c\017\014ao[\342\230\003\245\245\3341Hm\326^\017jy\335\261s!\003\371#:S\022\X\277\344\034\253'\365\230\361\211p\037\000R\265\215-7o\002\210\025\275\344qQvG0E\002!\000\367\302\213>o$\210U^\247\320Q+\316V\241\315\241\003\217\202\360\036\246\246+#\264\262C\2271\002 &\257\025""\323R\026\372U83\210\256\241\220\366\351\217\257F@nP\241""\013&\261L\t\260f""; ","validation: """"\200\000\000\001&\000\000\000\003)/\352k\016:""\223\371\016\340l;\316Qt\361\032\213\221\243\004\006][\376s\340\253\234K}\\013\0362\202`\234\371~d\0310\204\264,P\027\000\000\000\000\000\000\000\000\000\000\000\000\000\000\000\000\000\000\000\000\000\000\000\000\000\000\000\000\000\000\000\000P\031-}\351f\032\255\274\334m\326c\017\014ao[\342\230\003\245\245\3341Hm\326^\017jy\335\261s!\003\371#:S\022\X\277\344\034\253'\365\230\361\211p\037\000R\265\215-7o\002\210\025\275\344qQvG0E\002!\000\367\302\213>o$\210U^\247\320Q+\316V\241\315\241\003\217\202\360\036\246\246+#\264\262C\2271\002 &\257\025""\323R\026\372U83\210\256\241\220\366\351\217\257F@nP\241""\013&\261L\t\260f""; "
1750576783946,1750576783946,3256,1,3,2,TMValidation,"validation: """"\200\000\000\001&\000\000\000\003)/\352k\016:""\223\371\016\340l;\316Qt\361\032\213\221\243\004\006][\376s\340\253\234K}\\013\0362\202`\234\371~d\0310\204\264,P\027\000\000\000\000\000\000\000\000\000\000\000\000\000\000\000\000\000\000\000\000\000\000\000\000\000\000\000\000\000\000\000\000P\031-}\351f\032\255\274\334m\326c\017\014ao[\342\230\003\245\245\3341Hm\326^\017jy\335\261s!\003\371#:S\022\X\277\344\034\253'\365\230\361\211p\037\000R\265\215-7o\002\210\025\275\344qQvG0E\002!\000\367\302\213>o$\210U^\247\320Q+\316V\241\315\241\003\217\202\360\036\246\246+#\264\262C\2271\002 &\257\025""\323R\026\372U83\210\256\241\220\366\351\217\257F@nP\241""\013&\261L\t\260f""; ","validation: """"\200\000\000\001&\000\000\000\003)/\352k\016:""\223\371\016\340l;\316Qt\361\032\213\221\243\004\006][\376s\340\253\234K}\\013\0362\202`\234\371~d\0310\204\264,P\027\000\000\000\000\000\000\000\000\000\000\000\000\000\000\000\000\000\000\000\000\000\000\000\000\000\000\000\000\000\000\000\000P\031-}\351f\032\255\274\334m\326c\017\014ao[\342\230\003\245\245\3341Hm\326^\017jy\335\261s!\003\371#:S\022\X\277\344\034\253'\365\230\361\211p\037\000R\265\215-7o\002\210\025\275\344qQvG0E\002!\000\367\302\213>o$\210U^\247\320Q+\316V\241\315\241\003\217\202\360\036\246\246+#\264\262C\2271\002 &\257\025""\323R\026\372U83\210\256\241\220\366\351\217\257F@nP\241""\013&\261L\t\260f""; "
1750576783946,1750576783946,1663,1,3,0,TMValidation,"validation: """"\200\000\000\001&\000\000\000\003)/\352k\016:""\223\371\016\340l;\316Qt\361\032\213\221\243\004\006][\376s\340\253\234K}\\013\0362\202`\234\371~d\0310\204\264,P\027\000\000\000\000\000\000\000\000\000\000\000\000\000\000\000\000\000\000\000\000\000\000\000\000\000\000\000\000\000\000\000\000P\031-}\351f\032\255\274\334m\326c\017\014ao[\342\230\003\245\245\3341Hm\326^\017jy\335\261s!\003\371#:S\022\X\277\344\034\253'\365\230\361\211p\037\000R\265\215-7o\002\210\025\275\344qQvG0E\002!\000\367\302\213>o$\210U^\247\320Q+\316V\241\315\241\003\217\202\360\036\246\246+#\264\262C\2271\002 &\257\025""\323R\026\372U83\210\256\241\220\366\351\217\257F@nP\241""\013&\261L\t\260f""; ","validation: """"\200\000\000\001&\000\000\000\003)/\352k\016:""\223\371\016\340l;\316Qt\361\032\213\221\243\004\006][\376s\340\253\234K}\\013\0362\202`\234\371~d\0310\204\264,P\027\000\000\000\000\000\000\000\000\000\000\000\000\000\000\000\000\000\000\000\000\000\000\000\000\000\000\000\000\000\000\000\000P\031-}\351f\032\255\274\334m\326c\017\014ao[\342\230\003\245\245\3341Hm\326^\017jy\335\261s!\003\371#:S\022\X\277\344\034\253'\365\230\361\211p\037\000R\265\215-7o\002\210\025\275\344qQvG0E\002!\000\367\302\213>o$\210U^\247\320Q+\316V\241\315\241\003\217\202\360\036\246\246+#\264\262C\2271\002 &\257\025""\323R\026\372U83\210\256\241\220\366\351\217\257F@nP\241""\013&\261L\t\260f""; "
1750576783954,1750576783954,1033,1,0,4,TMProposeSet,"proposeSeq: 0; currentTxHash: ""\000\000\000\000\000\000\000\000\000\000\000\000\000\000\000\000\000\000\000\000\000\000\000\000\000\000\000\000\000\000\000\000""; nodePubKey: ""\003i)e\226\372N\250\220\343\313\000^\252ua\277:W\233\010\236\376G>\347\257/\214RJ\t<""; closeTime: 803891983; signature: ""0D\002 \024\276\007>BbA\374\202E\024\202\316\344P\304\223\t=\345f\036\3530W\213hYTC\\245\002 V\261\031\222\337R\374\356\375'\005\020\276\315\340\306\374z\262\333\307\332\265\274\001uD\315\016\236|\231""; previousledger: ""t\361\032\213\221\243\004\006][\376s\340\253\234K}\\013\0362\202`\234\371~d\0310\204\264,""; ","proposeSeq: 0; currentTxHash: ""\000\000\000\000\000\000\000\000\000\000\000\000\000\000\000\000\000\000\000\000\000\000\000\000\000\000\000\000\000\000\000\000""; nodePubKey: ""\003i)e\226\372N\250\220\343\313\000^\252ua\277:W\233\010\236\376G>\347\257/\214RJ\t<""; closeTime: 803891983; signature: ""0D\002 \024\276\007>BbA\374\202E\024\202\316\344P\304\223\t=\345f\036\3530W\213hYTC\\245\002 V\261\031\222\337R\374\356\375'\005\020\276\315\340\306\374z\262\333\307\332\265\274\001uD\315\016\236|\231""; previousledger: ""t\361\032\213\221\243\004\006][\376s\340\253\234K}\\013\0362\202`\234\371~d\0310\204\264,""; "
1750576783871,1750576784065,688,1,4,1,TMStatusChange,"newEvent: neCLOSING_LEDGER; ledgerSeq: 3; ledgerHash: ""t\361\032\213\221\243\004\006][\376s\340\253\234K}\\013\0362\202`\234\371~d\0310\204\264,""; ledgerHashPrevious: ""0\355\311\211\352@\036\313K1\024B\343N\323V\367s\355lu\324\374V\207\371F\260\325\345\213\261""; networkTime: 803891983; firstSeq: 1; lastSeq: 3; ","newEvent: neCLOSING_LEDGER; ledgerSeq: 3; ledgerHash: ""t\361\032\213\221\243\004\006][\376s\340\253\234K}\\013\0362\202`\234\371~d\0310\204\264,""; ledgerHashPrevious: ""0\355\311\211\352@\036\313K1\024B\343N\323V\367s\355lu\324\374V\207\371F\260\325\345\213\261""; networkTime: 803891983; firstSeq: 1; lastSeq: 3; "
1750576783875,1750576784066,1182,1,4,3,TMStatusChange,"newEvent: neCLOSING_LEDGER; ledgerSeq: 3; ledgerHash: ""t\361\032\213\221\243\004\006][\376s\340\253\234K}\\013\0362\202`\234\371~d\0310\204\264,""; ledgerHashPrevious: ""0\355\311\211\352@\036\313K1\024B\343N\323V\367s\355lu\324\374V\207\371F\260\325\345\213\261""; networkTime: 803891983; firstSeq: 1; lastSeq: 3; ","newEvent: neCLOSING_LEDGER; ledgerSeq: 3; ledgerHash: ""t\361\032\213\221\243\004\006][\376s\340\253\234K}\\013\0362\202`\234\371~d\0310\204\264,""; ledgerHashPrevious: ""0\355\311\211\352@\036\313K1\024B\343N\323V\367s\355lu\324\374V\207\371F\260\325\345\213\261""; networkTime: 803891983; firstSeq: 1; lastSeq: 3; "
1750576783872,1750576784066,2906,1,4,0,TMStatusChange,"newEvent: neCLOSING_LEDGER; ledgerSeq: 3; ledgerHash: ""t\361\032\213\221\243\004\006][\376s\340\253\234K}\\013\0362\202`\234\371~d\0310\204\264,""; ledgerHashPrevious: ""0\355\311\211\352@\036\313K1\024B\343N\323V\367s\355lu\324\374V\207\371F\260\325\345\213\261""; networkTime: 803891983; firstSeq: 1; lastSeq: 3; ","newEvent: neCLOSING_LEDGER; ledgerSeq: 3; ledgerHash: ""t\361\032\213\221\243\004\006][\376s\340\253\234K}\\013\0362\202`\234\371~d\0310\204\264,""; ledgerHashPrevious: ""0\355\311\211\352@\036\313K1\024B\343N\323V\367s\355lu\324\374V\207\371F\260\325\345\213\261""; networkTime: 803891983; firstSeq: 1; lastSeq: 3; "
1750576783871,1750576784066,2968,1,4,2,TMStatusChange,"newEvent: neCLOSING_LEDGER; ledgerSeq: 3; ledgerHash: ""t\361\032\213\221\243\004\006][\376s\340\253\234K}\\013\0362\202`\234\371~d\0310\204\264,""; ledgerHashPrevious: ""0\355\311\211\352@\036\313K1\024B\343N\323V\367s\355lu\324\374V\207\371F\260\325\345\213\261""; networkTime: 803891983; firstSeq: 1; lastSeq: 3; ","newEvent: neCLOSING_LEDGER; ledgerSeq: 3; ledgerHash: ""t\361\032\213\221\243\004\006][\376s\340\253\234K}\\013\0362\202`\234\371~d\0310\204\264,""; ledgerHashPrevious: ""0\355\311\211\352@\036\313K1\024B\343N\323V\367s\355lu\324\374V\207\371F\260\325\345\213\261""; networkTime: 803891983; firstSeq: 1; lastSeq: 3; "
1750576784067,1750576784067,3637,1,3,4,TMProposeSet,"proposeSeq: 0; currentTxHash: ""\000\000\000\000\000\000\000\000\000\000\000\000\000\000\000\000\000\000\000\000\000\000\000\000\000\000\000\000\000\000\000\000""; nodePubKey: ""\003\365\211\205\353\0100\270r\333\225\227Y\025\355!\235\nf\352n\302\032\014\344\364\324\262\351""\225OF""; closeTime: 803891983; signature: ""0E\002!\000\213W0\032""\367\321\313\250WwfTq\235\n\020\205]\021f\333?\2346+p;\2502ZS\002 \004!6\023 \024\337\267Q<\003\345\351R\334\3618|4\320\214\367H \025\313M\010c""\232\210""; previousledger: ""t\361\032\213\221\243\004\006][\376s\340\253\234K}\\013\0362\202`\234\371~d\0310\204\264,""; ","proposeSeq: 0; currentTxHash: ""\000\000\000\000\000\000\000\000\000\000\000\000\000\000\000\000\000\000\000\000\000\000\000\000\000\000\000\000\000\000\000\000""; nodePubKey: ""\003\365\211\205\353\0100\270r\333\225\227Y\025\355!\235\nf\352n\302\032\014\344\364\324\262\351""\225OF""; closeTime: 803891983; signature: ""0E\002!\000\213W0\032""\367\321\313\250WwfTq\235\n\020\205]\021f\333?\2346+p;\2502ZS\002 \004!6\023 \024\337\267Q<\003\345\351R\334\3618|4\320\214\367H \025\313M\010c""\232\210""; previousledger: ""t\361\032\213\221\243\004\006][\376s\340\253\234K}\\013\0362\202`\234\371~d\0310\204\264,""; "
1750576784072,1750576784072,637,1,3,1,TMProposeSet,"proposeSeq: 0; currentTxHash: ""\000\000\000\000\000\000\000\000\000\000\000\000\000\000\000\000\000\000\000\000\000\000\000\000\000\000\000\000\000\000\000\000""; nodePubKey: ""\003\365\211\205\353\0100\270r\333\225\227Y\025\355!\235\nf\352n\302\032\014\344\364\324\262\351""\225OF""; closeTime: 803891983; signature: ""0E\002!\000\213W0\032""\367\321\313\250WwfTq\235\n\020\205]\021f\333?\2346+p;\2502ZS\002 \004!6\023 \024\337\267Q<\003\345\351R\334\3618|4\320\214\367H \025\313M\010c""\232\210""; previousledger: ""t\361\032\213\221\243\004\006][\376s\340\253\234K}\\013\0362\202`\234\371~d\0310\204\264,""; ","proposeSeq: 0; currentTxHash: ""\000\000\000\000\000\000\000\000\000\000\000\000\000\000\000\000\000\000\000\000\000\000\000\000\000\000\000\000\000\000\000\000""; nodePubKey: ""\003\365\211\205\353\0100\270r\333\225\227Y\025\355!\235\nf\352n\302\032\014\344\364\324\262\351""\225OF""; closeTime: 803891983; signature: ""0E\002!\000\213W0\032""\367\321\313\250WwfTq\235\n\020\205]\021f\333?\2346+p;\2502ZS\002 \004!6\023 \024\337\267Q<\003\345\351R\334\3618|4\320\214\367H \025\313M\010c""\232\210""; previousledger: ""t\361\032\213\221\243\004\006][\376s\340\253\234K}\\013\0362\202`\234\371~d\0310\204\264,""; "
1750576784072,1750576784073,1930,1,3,0,TMProposeSet,"proposeSeq: 0; currentTxHash: ""\000\000\000\000\000\000\000\000\000\000\000\000\000\000\000\000\000\000\000\000\000\000\000\000\000\000\000\000\000\000\000\000""; nodePubKey: ""\003\365\211\205\353\0100\270r\333\225\227Y\025\355!\235\nf\352n\302\032\014\344\364\324\262\351""\225OF""; closeTime: 803891983; signature: ""0E\002!\000\213W0\032""\367\321\313\250WwfTq\235\n\020\205]\021f\333?\2346+p;\2502ZS\002 \004!6\023 \024\337\267Q<\003\345\351R\334\3618|4\320\214\367H \025\313M\010c""\232\210""; previousledger: ""t\361\032\213\221\243\004\006][\376s\340\253\234K}\\013\0362\202`\234\371~d\0310\204\264,""; ","proposeSeq: 0; currentTxHash: ""\000\000\000\000\000\000\000\000\000\000\000\000\000\000\000\000\000\000\000\000\000\000\000\000\000\000\000\000\000\000\000\000""; nodePubKey: ""\003\365\211\205\353\0100\270r\333\225\227Y\025\355!\235\nf\352n\302\032\014\344\364\324\262\351""\225OF""; closeTime: 803891983; signature: ""0E\002!\000\213W0\032""\367\321\313\250WwfTq\235\n\020\205]\021f\333?\2346+p;\2502ZS\002 \004!6\023 \024\337\267Q<\003\345\351R\334\3618|4\320\214\367H \025\313M\010c""\232\210""; previousledger: ""t\361\032\213\221\243\004\006][\376s\340\253\234K}\\013\0362\202`\234\371~d\0310\204\264,""; "
1750576784074,1750576784075,2810,1,1,4,TMTransaction,"rawTransaction: ""\022\000\000""\000\000\000\000$\000\000\000\001 \033\000\000\000\027a@\000\000\027H\206*@h@\000\000\000\000\000\000\ns!\0030\347\374\235V\273%\326\211;\243\363\027\256[\3173\263)\033\326=\263&T\243\023""/\177\320 tF0D\002 \014\314\035Q\013\024\007#!V\226\203\367v\035\022\010\371\300\031\2504\375\257t\2237tP\325\275\253\002 \004\315\330}\010\n\332$Y\321\201W\345_\202\272!\205\342\242\303\2712\365\370\303\300\3111\006\270>\201\024\265\367by\212S\325C\240\024\312\370\262\227\317\370\362\3717\350\203\024~\370\204.\271t7\270\261\211a[\344\344\246\243S\317\021 ""; status: tsCURRENT; receiveTimestamp: 803891984; deferred: false; ","rawTransaction: ""\022\000\000""\000\000\000\000$\000\000\000\001 \033\000\000\000\027a@\000\000\027H\206*@h@\000\000\000\000\000\000\ns!\0030\347\374\235V\273%\326\211;\243\363\027\256[\3173\263)\033\326=\263&T\243\023""/\177\320 tF0D\002 \014\314\035Q\013\024\007#!V\226\203\367v\035\022\010\371\300\031\2504\375\257t\2237tP\325\275\253\002 \004\315\330}\010\n\332$Y\321\201W\345_\202\272!\205\342\242\303\2712\365\370\303\300\3111\006\270>\201\024\265\367by\212S\325C\240\024\312\370\262\227\317\370\362\3717\350\203\024~\370\204.\271t7\270\261\211a[\344\344\246\243S\317\021 ""; status: tsCURRENT; receiveTimestamp: 803891984; deferred: false; "
1750576784075,1750576784076,3610,1,1,2,TMTransaction,"rawTransaction: ""\022\000\000""\000\000\000\000$\000\000\000\001 \033\000\000\000\027a@\000\000\027H\206*@h@\000\000\000\000\000\000\ns!\0030\347\374\235V\273%\326\211;\243\363\027\256[\3173\263)\033\326=\263&T\243\023""/\177\320 tF0D\002 \014\314\035Q\013\024\007#!V\226\203\367v\035\022\010\371\300\031\2504\375\257t\2237tP\325\275\253\002 \004\315\330}\010\n\332$Y\321\201W\345_\202\272!\205\342\242\303\2712\365\370\303\300\3111\006\270>\201\024\265\367by\212S\325C\240\024\312\370\262\227\317\370\362\3717\350\203\024~\370\204.\271t7\270\261\211a[\344\344\246\243S\317\021 ""; status: tsCURRENT; receiveTimestamp: 803891984; deferred: false; ","rawTransaction: ""\022\000\000""\000\000\000\000$\000\000\000\001 \033\000\000\000\027a@\000\000\027H\206*@h@\000\000\000\000\000\000\ns!\0030\347\374\235V\273%\326\211;\243\363\027\256[\3173\263)\033\326=\263&T\243\023""/\177\320 tF0D\002 \014\314\035Q\013\024\007#!V\226\203\367v\035\022\010\371\300\031\2504\375\257t\2237tP\325\275\253\002 \004\315\330}\010\n\332$Y\321\201W\345_\202\272!\205\342\242\303\2712\365\370\303\300\3111\006\270>\201\024\265\367by\212S\325C\240\024\312\370\262\227\317\370\362\3717\350\203\024~\370\204.\271t7\270\261\211a[\344\344\246\243S\317\021 ""; status: tsCURRENT; receiveTimestamp: 803891984; deferred: false; "
1750576784076,1750576784077,2373,1,1,3,TMTransaction,"rawTransaction: ""\022\000\000""\000\000\000\000$\000\000\000\001 \033\000\000\000\027a@\000\000\027H\206*@h@\000\000\000\000\000\000\ns!\0030\347\374\235V\273%\326\211;\243\363\027\256[\3173\263)\033\326=\263&T\243\023""/\177\320 tF0D\002 \014\314\035Q\013\024\007#!V\226\203\367v\035\022\010\371\300\031\2504\375\257t\2237tP\325\275\253\002 \004\315\330}\010\n\332$Y\321\201W\345_\202\272!\205\342\242\303\2712\365\370\303\300\3111\006\270>\201\024\265\367by\212S\325C\240\024\312\370\262\227\317\370\362\3717\350\203\024~\370\204.\271t7\270\261\211a[\344\344\246\243S\317\021 ""; status: tsCURRENT; receiveTimestamp: 803891984; deferred: false; ","rawTransaction: ""\022\000\000""\000\000\000\000$\000\000\000\001 \033\000\000\000\027a@\000\000\027H\206*@h@\000\000\000\000\000\000\ns!\0030\347\374\235V\273%\326\211;\243\363\027\256[\3173\263)\033\326=\263&T\243\023""/\177\320 tF0D\002 \014\314\035Q\013\024\007#!V\226\203\367v\035\022\010\371\300\031\2504\375\257t\2237tP\325\275\253\002 \004\315\330}\010\n\332$Y\321\201W\345_\202\272!\205\342\242\303\2712\365\370\303\300\3111\006\270>\201\024\265\367by\212S\325C\240\024\312\370\262\227\317\370\362\3717\350\203\024~\370\204.\271t7\270\261\211a[\344\344\246\243S\317\021 ""; status: tsCURRENT; receiveTimestamp: 803891984; deferred: false; "
1750576784077,1750576784078,1083,1,1,0,TMTransaction,"rawTransaction: ""\022\000\000""\000\000\000\000$\000\000\000\001 \033\000\000\000\027a@\000\000\027H\206*@h@\000\000\000\000\000\000\ns!\0030\347\374\235V\273%\326\211;\243\363\027\256[\3173\263)\033\326=\263&T\243\023""/\177\320 tF0D\002 \014\314\035Q\013\024\007#!V\226\203\367v\035\022\010\371\300\031\2504\375\257t\2237tP\325\275\253\002 \004\315\330}\010\n\332$Y\321\201W\345_\202\272!\205\342\242\303\2712\365\370\303\300\3111\006\270>\201\024\265\367by\212S\325C\240\024\312\370\262\227\317\370\362\3717\350\203\024~\370\204.\271t7\270\261\211a[\344\344\246\243S\317\021 ""; status: tsCURRENT; receiveTimestamp: 803891984; deferred: false; ","rawTransaction: ""\022\000\000""\000\000\000\000$\000\000\000\001 \033\000\000\000\027a@\000\000\027H\206*@h@\000\000\000\000\000\000\ns!\0030\347\374\235V\273%\326\211;\243\363\027\256[\3173\263)\033\326=\263&T\243\023""/\177\320 tF0D\002 \014\314\035Q\013\024\007#!V\226\203\367v\035\022\010\371\300\031\2504\375\257t\2237tP\325\275\253\002 \004\315\330}\010\n\332$Y\321\201W\345_\202\272!\205\342\242\303\2712\365\370\303\300\3111\006\270>\201\024\265\367by\212S\325C\240\024\312\370\262\227\317\370\362\3717\350\203\024~\370\204.\271t7\270\261\211a[\344\344\246\243S\317\021 ""; status: tsCURRENT; receiveTimestamp: 803891984; deferred: false; "
1750576784078,1750576784079,746,1,3,2,TMProposeSet,"proposeSeq: 0; currentTxHash: ""\000\000\000\000\000\000\000\000\000\000\000\000\000\000\000\000\000\000\000\000\000\000\000\000\000\000\000\000\000\000\000\000""; nodePubKey: ""\003\365\211\205\353\0100\270r\333\225\227Y\025\355!\235\nf\352n\302\032\014\344\364\324\262\351""\225OF""; closeTime: 803891983; signature: ""0E\002!\000\213W0\032""\367\321\313\250WwfTq\235\n\020\205]\021f\333?\2346+p;\2502ZS\002 \004!6\023 \024\337\267Q<\003\345\351R\334\3618|4\320\214\367H \025\313M\010c""\232\210""; previousledger: ""t\361\032\213\221\243\004\006][\376s\340\253\234K}\\013\0362\202`\234\371~d\0310\204\264,""; ","proposeSeq: 0; currentTxHash: ""\000\000\000\000\000\000\000\000\000\000\000\000\000\000\000\000\000\000\000\000\000\000\000\000\000\000\000\000\000\000\000\000""; nodePubKey: ""\003\365\211\205\353\0100\270r\333\225\227Y\025\355!\235\nf\352n\302\032\014\344\364\324\262\351""\225OF""; closeTime: 803891983; signature: ""0E\002!\000\213W0\032""\367\321\313\250WwfTq\235\n\020\205]\021f\333?\2346+p;\2502ZS\002 \004!6\023 \024\337\267Q<\003\345\351R\334\3618|4\320\214\367H \025\313M\010c""\232\210""; previousledger: ""t\361\032\213\221\243\004\006][\376s\340\253\234K}\\013\0362\202`\234\371~d\0310\204\264,""; "
1750576784108,1750576784108,2484,1,2,4,TMProposeSet,"proposeSeq: 0; currentTxHash: ""\000\000\000\000\000\000\000\000\000\000\000\000\000\000\000\000\000\000\000\000\000\000\000\000\000\000\000\000\000\000\000\000""; nodePubKey: ""\002\373\236I\010\265\271ho\331/c\224%g\005\354]\344\350\r\030%u\255\364\002\226\221\370\363\332\331""; closeTime: 803891984; signature: ""0D\002 M\341\376\034\213%\350:\214\307\251\343\305g\267\004V""d\030\256\216\035!U\316D\330l\006\344\250\002 T\216F>x\036>s/\346\376S'\311\323\354\025\023`\201_Rr\254\332\366\270J\204\3371^""; previousledger: ""t\361\032\213\221\243\004\006][\376s\340\253\234K}\\013\0362\202`\234\371~d\0310\204\264,""; ","proposeSeq: 0; currentTxHash: ""\000\000\000\000\000\000\000\000\000\000\000\000\000\000\000\000\000\000\000\000\000\000\000\000\000\000\000\000\000\000\000\000""; nodePubKey: ""\002\373\236I\010\265\271ho\331/c\224%g\005\354]\344\350\r\030%u\255\364\002\226\221\370\363\332\331""; closeTime: 803891984; signature: ""0D\002 M\341\376\034\213%\350:\214\307\251\343\305g\267\004V""d\030\256\216\035!U\316D\330l\006\344\250\002 T\216F>x\036>s/\346\376S'\311\323\354\025\023`\201_Rr\254\332\366\270J\204\3371^""; previousledger: ""t\361\032\213\221\243\004\006][\376s\340\253\234K}\\013\0362\202`\234\371~d\0310\204\264,""; "
1750576783912,1750576784214,431,1,0,3,TMStatusChange,"newEvent: neCLOSING_LEDGER; ledgerSeq: 3; ledgerHash: ""t\361\032\213\221\243\004\006][\376s\340\253\234K}\\013\0362\202`\234\371~d\0310\204\264,""; ledgerHashPrevious: ""0\355\311\211\352@\036\313K1\024B\343N\323V\367s\355lu\324\374V\207\371F\260\325\345\213\261""; networkTime: 803891983; firstSeq: 1; lastSeq: 3; ","newEvent: neCLOSING_LEDGER; ledgerSeq: 3; ledgerHash: ""t\361\032\213\221\243\004\006][\376s\340\253\234K}\\013\0362\202`\234\371~d\0310\204\264,""; ledgerHashPrevious: ""0\355\311\211\352@\036\313K1\024B\343N\323V\367s\355lu\324\374V\207\371F\260\325\345\213\261""; networkTime: 803891983; firstSeq: 1; lastSeq: 3; "
1750576783913,1750576784214,3083,1,0,1,TMStatusChange,"newEvent: neCLOSING_LEDGER; ledgerSeq: 3; ledgerHash: ""t\361\032\213\221\243\004\006][\376s\340\253\234K}\\013\0362\202`\234\371~d\0310\204\264,""; ledgerHashPrevious: ""0\355\311\211\352@\036\313K1\024B\343N\323V\367s\355lu\324\374V\207\371F\260\325\345\213\261""; networkTime: 803891983; firstSeq: 1; lastSeq: 3; ","newEvent: neCLOSING_LEDGER; ledgerSeq: 3; ledgerHash: ""t\361\032\213\221\243\004\006][\376s\340\253\234K}\\013\0362\202`\234\371~d\0310\204\264,""; ledgerHashPrevious: ""0\355\311\211\352@\036\313K1\024B\343N\323V\367s\355lu\324\374V\207\371F\260\325\345\213\261""; networkTime: 803891983; firstSeq: 1; lastSeq: 3; "
1750576783914,1750576784230,2242,1,0,4,TMStatusChange,"newEvent: neCLOSING_LEDGER; ledgerSeq: 3; ledgerHash: ""t\361\032\213\221\243\004\006][\376s\340\253\234K}\\013\0362\202`\234\371~d\0310\204\264,""; ledgerHashPrevious: ""0\355\311\211\352@\036\313K1\024B\343N\323V\367s\355lu\324\374V\207\371F\260\325\345\213\261""; networkTime: 803891983; firstSeq: 1; lastSeq: 3; ","newEvent: neCLOSING_LEDGER; ledgerSeq: 3; ledgerHash: ""t\361\032\213\221\243\004\006][\376s\340\253\234K}\\013\0362\202`\234\371~d\0310\204\264,""; ledgerHashPrevious: ""0\355\311\211\352@\036\313K1\024B\343N\323V\367s\355lu\324\374V\207\371F\260\325\345\213\261""; networkTime: 803891983; firstSeq: 1; lastSeq: 3; "
1750576783914,1750576784247,1592,1,0,2,TMStatusChange,"newEvent: neCLOSING_LEDGER; ledgerSeq: 3; ledgerHash: ""t\361\032\213\221\243\004\006][\376s\340\253\234K}\\013\0362\202`\234\371~d\0310\204\264,""; ledgerHashPrevious: ""0\355\311\211\352@\036\313K1\024B\343N\323V\367s\355lu\324\374V\207\371F\260\325\345\213\261""; networkTime: 803891983; firstSeq: 1; lastSeq: 3; ","newEvent: neCLOSING_LEDGER; ledgerSeq: 3; ledgerHash: ""t\361\032\213\221\243\004\006][\376s\340\253\234K}\\013\0362\202`\234\371~d\0310\204\264,""; ledgerHashPrevious: ""0\355\311\211\352@\036\313K1\024B\343N\323V\367s\355lu\324\374V\207\371F\260\325\345\213\261""; networkTime: 803891983; firstSeq: 1; lastSeq: 3; "
1750576784247,1750576784247,1630,1,2,3,TMProposeSet,"proposeSeq: 0; currentTxHash: ""\000\000\000\000\000\000\000\000\000\000\000\000\000\000\000\000\000\000\000\000\000\000\000\000\000\000\000\000\000\000\000\000""; nodePubKey: ""\002\373\236I\010\265\271ho\331/c\224%g\005\354]\344\350\r\030%u\255\364\002\226\221\370\363\332\331""; closeTime: 803891984; signature: ""0D\002 M\341\376\034\213%\350:\214\307\251\343\305g\267\004V""d\030\256\216\035!U\316D\330l\006\344\250\002 T\216F>x\036>s/\346\376S'\311\323\354\025\023`\201_Rr\254\332\366\270J\204\3371^""; previousledger: ""t\361\032\213\221\243\004\006][\376s\340\253\234K}\\013\0362\202`\234\371~d\0310\204\264,""; ","proposeSeq: 0; currentTxHash: ""\000\000\000\000\000\000\000\000\000\000\000\000\000\000\000\000\000\000\000\000\000\000\000\000\000\000\000\000\000\000\000\000""; nodePubKey: ""\002\373\236I\010\265\271ho\331/c\224%g\005\354]\344\350\r\030%u\255\364\002\226\221\370\363\332\331""; closeTime: 803891984; signature: ""0D\002 M\341\376\034\213%\350:\214\307\251\343\305g\267\004V""d\030\256\216\035!U\316D\330l\006\344\250\002 T\216F>x\036>s/\346\376S'\311\323\354\025\023`\201_Rr\254\332\366\270J\204\3371^""; previousledger: ""t\361\032\213\221\243\004\006][\376s\340\253\234K}\\013\0362\202`\234\371~d\0310\204\264,""; "
1750576784254,1750576784254,1529,1,2,0,TMProposeSet,"proposeSeq: 0; currentTxHash: ""\000\000\000\000\000\000\000\000\000\000\000\000\000\000\000\000\000\000\000\000\000\000\000\000\000\000\000\000\000\000\000\000""; nodePubKey: ""\002\373\236I\010\265\271ho\331/c\224%g\005\354]\344\350\r\030%u\255\364\002\226\221\370\363\332\331""; closeTime: 803891984; signature: ""0D\002 M\341\376\034\213%\350:\214\307\251\343\305g\267\004V""d\030\256\216\035!U\316D\330l\006\344\250\002 T\216F>x\036>s/\346\376S'\311\323\354\025\023`\201_Rr\254\332\366\270J\204\3371^""; previousledger: ""t\361\032\213\221\243\004\006][\376s\340\253\234K}\\013\0362\202`\234\371~d\0310\204\264,""; ","proposeSeq: 0; currentTxHash: ""\000\000\000\000\000\000\000\000\000\000\000\000\000\000\000\000\000\000\000\000\000\000\000\000\000\000\000\000\000\000\000\000""; nodePubKey: ""\002\373\236I\010\265\271ho\331/c\224%g\005\354]\344\350\r\030%u\255\364\002\226\221\370\363\332\331""; closeTime: 803891984; signature: ""0D\002 M\341\376\034\213%\350:\214\307\251\343\305g\267\004V""d\030\256\216\035!U\316D\330l\006\344\250\002 T\216F>x\036>s/\346\376S'\311\323\354\025\023`\201_Rr\254\332\366\270J\204\3371^""; previousledger: ""t\361\032\213\221\243\004\006][\376s\340\253\234K}\\013\0362\202`\234\371~d\0310\204\264,""; "
1750576784280,1750576784280,1191,1,2,1,TMProposeSet,"proposeSeq: 0; currentTxHash: ""\000\000\000\000\000\000\000\000\000\000\000\000\000\000\000\000\000\000\000\000\000\000\000\000\000\000\000\000\000\000\000\000""; nodePubKey: ""\002\373\236I\010\265\271ho\331/c\224%g\005\354]\344\350\r\030%u\255\364\002\226\221\370\363\332\331""; closeTime: 803891984; signature: ""0D\002 M\341\376\034\213%\350:\214\307\251\343\305g\267\004V""d\030\256\216\035!U\316D\330l\006\344\250\002 T\216F>x\036>s/\346\376S'\311\323\354\025\023`\201_Rr\254\332\366\270J\204\3371^""; previousledger: ""t\361\032\213\221\243\004\006][\376s\340\253\234K}\\013\0362\202`\234\371~d\0310\204\264,""; ","proposeSeq: 0; currentTxHash: ""\000\000\000\000\000\000\000\000\000\000\000\000\000\000\000\000\000\000\000\000\000\000\000\000\000\000\000\000\000\000\000\000""; nodePubKey: ""\002\373\236I\010\265\271ho\331/c\224%g\005\354]\344\350\r\030%u\255\364\002\226\221\370\363\332\331""; closeTime: 803891984; signature: ""0D\002 M\341\376\034\213%\350:\214\307\251\343\305g\267\004V""d\030\256\216\035!U\316D\330l\006\344\250\002 T\216F>x\036>s/\346\376S'\311\323\354\025\023`\201_Rr\254\332\366\270J\204\3371^""; previousledger: ""t\361\032\213\221\243\004\006][\376s\340\253\234K}\\013\0362\202`\234\371~d\0310\204\264,""; "
1750576784283,1750576784283,1427,1,1,0,TMValidation,"validation: """"\200\000\000\001&\000\000\000\003)/\352k\016:\337\036c5\254\005\264,Qt\361\032\213\221\243\004\006][\376s\340\253\234K}\\013\0362\202`\234\371~d\0310\204\264,P\027\000\000\000\000\000\000\000\000\000\000\000\000\000\000\000\000\000\000\000\000\000\000\000\000\000\000\000\000\000\000\000\000P\031-}\351f\032\255\274\334m\326c\017\014ao[\342\230\003\245\245\3341Hm\326^\017jy\335\261s!\003i)e\226\372N\250\220\343\313\000^\252ua\277:W\233\010\236\376G>\347\257/\214RJ\t<vF0D\002 {*j\242q\325\013\313^\\305;\022\013K\313Q\316\266LGX\252\000\364B\362\266!\246\307}\002 C\256]\233.\273\375\303G\272,,\355\300\214\201M\373X\005\240k\374\227_*\347\267\355\335\227\277""; ","validation: """"\200\000\000\001&\000\000\000\003)/\352k\016:\337\036c5\254\005\264,Qt\361\032\213\221\243\004\006][\376s\340\253\234K}\\013\0362\202`\234\371~d\0310\204\264,P\027\000\000\000\000\000\000\000\000\000\000\000\000\000\000\000\000\000\000\000\000\000\000\000\000\000\000\000\000\000\000\000\000P\031-}\351f\032\255\274\334m\326c\017\014ao[\342\230\003\245\245\3341Hm\326^\017jy\335\261s!\003i)e\226\372N\250\220\343\313\000^\252ua\277:W\233\010\236\376G>\347\257/\214RJ\t<vF0D\002 {*j\242q\325\013\313^\\305;\022\013K\313Q\316\266LGX\252\000\364B\362\266!\246\307}\002 C\256]\233.\273\375\303G\272,,\355\300\214\201M\373X\005\240k\374\227_*\347\267\355\335\227\277""; "
1750576784283,1750576784283,3103,1,1,3,TMValidation,"validation: """"\200\000\000\001&\000\000\000\003)/\352k\016:\337\036c5\254\005\264,Qt\361\032\213\221\243\004\006][\376s\340\253\234K}\\013\0362\202`\234\371~d\0310\204\264,P\027\000\000\000\000\000\000\000\000\000\000\000\000\000\000\000\000\000\000\000\000\000\000\000\000\000\000\000\000\000\000\000\000P\031-}\351f\032\255\274\334m\326c\017\014ao[\342\230\003\245\245\3341Hm\326^\017jy\335\261s!\003i)e\226\372N\250\220\343\313\000^\252ua\277:W\233\010\236\376G>\347\257/\214RJ\t<vF0D\002 {*j\242q\325\013\313^\\305;\022\013K\313Q\316\266LGX\252\000\364B\362\266!\246\307}\002 C\256]\233.\273\375\303G\272,,\355\300\214\201M\373X\005\240k\374\227_*\347\267\355\335\227\277""; ","validation: """"\200\000\000\001&\000\000\000\003)/\352k\016:\337\036c5\254\005\264,Qt\361\032\213\221\243\004\006][\376s\340\253\234K}\\013\0362\202`\234\371~d\0310\204\264,P\027\000\000\000\000\000\000\000\000\000\000\000\000\000\000\000\000\000\000\000\000\000\000\000\000\000\000\000\000\000\000\000\000P\031-}\351f\032\255\274\334m\326c\017\014ao[\342\230\003\245\245\3341Hm\326^\017jy\335\261s!\003i)e\226\372N\250\220\343\313\000^\252ua\277:W\233\010\236\376G>\347\257/\214RJ\t<vF0D\002 {*j\242q\325\013\313^\\305;\022\013K\313Q\316\266LGX\252\000\364B\362\266!\246\307}\002 C\256]\233.\273\375\303G\272,,\355\300\214\201M\373X\005\240k\374\227_*\347\267\355\335\227\277""; "
1750576784284,1750576784284,3156,1,1,2,TMValidation,"validation: """"\200\000\000\001&\000\000\000\003)/\352k\016:\337\036c5\254\005\264,Qt\361\032\213\221\243\004\006][\376s\340\253\234K}\\013\0362\202`\234\371~d\0310\204\264,P\027\000\000\000\000\000\000\000\000\000\000\000\000\000\000\000\000\000\000\000\000\000\000\000\000\000\000\000\000\000\000\000\000P\031-}\351f\032\255\274\334m\326c\017\014ao[\342\230\003\245\245\3341Hm\326^\017jy\335\261s!\003i)e\226\372N\250\220\343\313\000^\252ua\277:W\233\010\236\376G>\347\257/\214RJ\t<vF0D\002 {*j\242q\325\013\313^\\305;\022\013K\313Q\316\266LGX\252\000\364B\362\266!\246\307}\002 C\256]\233.\273\375\303G\272,,\355\300\214\201M\373X\005\240k\374\227_*\347\267\355\335\227\277""; ","validation: """"\200\000\000\001&\000\000\000\003)/\352k\016:\337\036c5\254\005\264,Qt\361\032\213\221\243\004\006][\376s\340\253\234K}\\013\0362\202`\234\371~d\0310\204\264,P\027\000\000\000\000\000\000\000\000\000\000\000\000\000\000\000\000\000\000\000\000\000\000\000\000\000\000\000\000\000\000\000\000P\031-}\351f\032\255\274\334m\326c\017\014ao[\342\230\003\245\245\3341Hm\326^\017jy\335\261s!\003i)e\226\372N\250\220\343\313\000^\252ua\277:W\233\010\236\376G>\347\257/\214RJ\t<vF0D\002 {*j\242q\325\013\313^\\305;\022\013K\313Q\316\266LGX\252\000\364B\362\266!\246\307}\002 C\256]\233.\273\375\303G\272,,\355\300\214\201M\373X\005\240k\374\227_*\347\267\355\335\227\277""; "
1750576783998,1750576784301,3950,1,3,4,TMStatusChange,"newEvent: neCLOSING_LEDGER; ledgerSeq: 3; ledgerHash: ""t\361\032\213\221\243\004\006][\376s\340\253\234K}\\013\0362\202`\234\371~d\0310\204\264,""; ledgerHashPrevious: ""0\355\311\211\352@\036\313K1\024B\343N\323V\367s\355lu\324\374V\207\371F\260\325\345\213\261""; networkTime: 803891983; firstSeq: 1; lastSeq: 3; ","newEvent: neCLOSING_LEDGER; ledgerSeq: 3; ledgerHash: ""t\361\032\213\221\243\004\006][\376s\340\253\234K}\\013\0362\202`\234\371~d\0310\204\264,""; ledgerHashPrevious: ""0\355\311\211\352@\036\313K1\024B\343N\323V\367s\355lu\324\374V\207\371F\260\325\345\213\261""; networkTime: 803891983; firstSeq: 1; lastSeq: 3; "
1750576784072,1750576784302,1216,1,3,0,TMStatusChange,"newEvent: neCLOSING_LEDGER; ledgerSeq: 3; ledgerHash: ""t\361\032\213\221\243\004\006][\376s\340\253\234K}\\013\0362\202`\234\371~d\0310\204\264,""; ledgerHashPrevious: ""0\355\311\211\352@\036\313K1\024B\343N\323V\367s\355lu\324\374V\207\371F\260\325\345\213\261""; networkTime: 803891983; firstSeq: 1; lastSeq: 3; ","newEvent: neCLOSING_LEDGER; ledgerSeq: 3; ledgerHash: ""t\361\032\213\221\243\004\006][\376s\340\253\234K}\\013\0362\202`\234\371~d\0310\204\264,""; ledgerHashPrevious: ""0\355\311\211\352@\036\313K1\024B\343N\323V\367s\355lu\324\374V\207\371F\260\325\345\213\261""; networkTime: 803891983; firstSeq: 1; lastSeq: 3; "
1750576784069,1750576784302,754,1,3,1,TMStatusChange,"newEvent: neCLOSING_LEDGER; ledgerSeq: 3; ledgerHash: ""t\361\032\213\221\243\004\006][\376s\340\253\234K}\\013\0362\202`\234\371~d\0310\204\264,""; ledgerHashPrevious: ""0\355\311\211\352@\036\313K1\024B\343N\323V\367s\355lu\324\374V\207\371F\260\325\345\213\261""; networkTime: 803891983; firstSeq: 1; lastSeq: 3; ","newEvent: neCLOSING_LEDGER; ledgerSeq: 3; ledgerHash: ""t\361\032\213\221\243\004\006][\376s\340\253\234K}\\013\0362\202`\234\371~d\0310\204\264,""; ledgerHashPrevious: ""0\355\311\211\352@\036\313K1\024B\343N\323V\367s\355lu\324\374V\207\371F\260\325\345\213\261""; networkTime: 803891983; firstSeq: 1; lastSeq: 3; "
1750576783998,1750576784302,2439,1,3,2,TMStatusChange,"newEvent: neCLOSING_LEDGER; ledgerSeq: 3; ledgerHash: ""t\361\032\213\221\243\004\006][\376s\340\253\234K}\\013\0362\202`\234\371~d\0310\204\264,""; ledgerHashPrevious: ""0\355\311\211\352@\036\313K1\024B\343N\323V\367s\355lu\324\374V\207\371F\260\325\345\213\261""; networkTime: 803891983; firstSeq: 1; lastSeq: 3; ","newEvent: neCLOSING_LEDGER; ledgerSeq: 3; ledgerHash: ""t\361\032\213\221\243\004\006][\376s\340\253\234K}\\013\0362\202`\234\371~d\0310\204\264,""; ledgerHashPrevious: ""0\355\311\211\352@\036\313K1\024B\343N\323V\367s\355lu\324\374V\207\371F\260\325\345\213\261""; networkTime: 803891983; firstSeq: 1; lastSeq: 3; "
1750576784327,1750576784327,1074,1,4,3,TMValidation,"validation: """"\200\000\000\001&\000\000\000\003)/\352k\016:`\203p\321f\247x\311Qt\361\032\213\221\243\004\006][\376s\340\253\234K}\\013\0362\202`\234\371~d\0310\204\264,P\027\000\000\000\000\000\000\000\000\000\000\000\000\000\000\000\000\000\000\000\000\000\000\000\000\000\000\000\000\000\000\000\000P\031-}\351f\032\255\274\334m\326c\017\014ao[\342\230\003\245\245\3341Hm\326^\017jy\335\261s!\002l\025\225/2Mi\010\252)\240F\276k\254\301;\200wg}s\364.8S\354U\206\025\244\006vF0D\002 D\257\272\tF\206\036\300\277F\255\316\205-\301\036\264\326O\225\251[2\334{\003#\335\t\260\246\252\002 lp\312\237\036EH\341\364\373\273!\305H#\374\267\336[\021\0162_\326\333J\341\322\031\2616#""; ","validation: """"\200\000\000\001&\000\000\000\003)/\352k\016:`\203p\321f\247x\311Qt\361\032\213\221\243\004\006][\376s\340\253\234K}\\013\0362\202`\234\371~d\0310\204\264,P\027\000\000\000\000\000\000\000\000\000\000\000\000\000\000\000\000\000\000\000\000\000\000\000\000\000\000\000\000\000\000\000\000P\031-}\351f\032\255\274\334m\326c\017\014ao[\342\230\003\245\245\3341Hm\326^\017jy\335\261s!\002l\025\225/2Mi\010\252)\240F\276k\254\301;\200wg}s\364.8S\354U\206\025\244\006vF0D\002 D\257\272\tF\206\036\300\277F\255\316\205-\301\036\264\326O\225\251[2\334{\003#\335\t\260\246\252\002 lp\312\237\036EH\341\364\373\273!\305H#\374\267\336[\021\0162_\326\333J\341\322\031\2616#""; "
1750576784328,1750576784328,2764,1,4,0,TMValidation,"validation: """"\200\000\000\001&\000\000\000\003)/\352k\016:`\203p\321f\247x\311Qt\361\032\213\221\243\004\006][\376s\340\253\234K}\\013\0362\202`\234\371~d\0310\204\264,P\027\000\000\000\000\000\000\000\000\000\000\000\000\000\000\000\000\000\000\000\000\000\000\000\000\000\000\000\000\000\000\000\000P\031-}\351f\032\255\274\334m\326c\017\014ao[\342\230\003\245\245\3341Hm\326^\017jy\335\261s!\002l\025\225/2Mi\010\252)\240F\276k\254\301;\200wg}s\364.8S\354U\206\025\244\006vF0D\002 D\257\272\tF\206\036\300\277F\255\316\205-\301\036\264\326O\225\251[2\334{\003#\335\t\260\246\252\002 lp\312\237\036EH\341\364\373\273!\305H#\374\267\336[\021\0162_\326\333J\341\322\031\2616#""; ","validation: """"\200\000\000\001&\000\000\000\003)/\352k\016:`\203p\321f\247x\311Qt\361\032\213\221\243\004\006][\376s\340\253\234K}\\013\0362\202`\234\371~d\0310\204\264,P\027\000\000\000\000\000\000\000\000\000\000\000\000\000\000\000\000\000\000\000\000\000\000\000\000\000\000\000\000\000\000\000\000P\031-}\351f\032\255\274\334m\326c\017\014ao[\342\230\003\245\245\3341Hm\326^\017jy\335\261s!\002l\025\225/2Mi\010\252)\240F\276k\254\301;\200wg}s\364.8S\354U\206\025\244\006vF0D\002 D\257\272\tF\206\036\300\277F\255\316\205-\301\036\264\326O\225\251[2\334{\003#\335\t\260\246\252\002 lp\312\237\036EH\341\364\373\273!\305H#\374\267\336[\021\0162_\326\333J\341\322\031\2616#""; "
1750576784328,1750576784328,2490,1,4,2,TMValidation,"validation: """"\200\000\000\001&\000\000\000\003)/\352k\016:`\203p\321f\247x\311Qt\361\032\213\221\243\004\006][\376s\340\253\234K}\\013\0362\202`\234\371~d\0310\204\264,P\027\000\000\000\000\000\000\000\000\000\000\000\000\000\000\000\000\000\000\000\000\000\000\000\000\000\000\000\000\000\000\000\000P\031-}\351f\032\255\274\334m\326c\017\014ao[\342\230\003\245\245\3341Hm\326^\017jy\335\261s!\002l\025\225/2Mi\010\252)\240F\276k\254\301;\200wg}s\364.8S\354U\206\025\244\006vF0D\002 D\257\272\tF\206\036\300\277F\255\316\205-\301\036\264\326O\225\251[2\334{\003#\335\t\260\246\252\002 lp\312\237\036EH\341\364\373\273!\305H#\374\267\336[\021\0162_\326\333J\341\322\031\2616#""; ","validation: """"\200\000\000\001&\000\000\000\003)/\352k\016:`\203p\321f\247x\311Qt\361\032\213\221\243\004\006][\376s\340\253\234K}\\013\0362\202`\234\371~d\0310\204\264,P\027\000\000\000\000\000\000\000\000\000\000\000\000\000\000\000\000\000\000\000\000\000\000\000\000\000\000\000\000\000\000\000\000P\031-}\351f\032\255\274\334m\326c\017\014ao[\342\230\003\245\245\3341Hm\326^\017jy\335\261s!\002l\025\225/2Mi\010\252)\240F\276k\254\301;\200wg}s\364.8S\354U\206\025\244\006vF0D\002 D\257\272\tF\206\036\300\277F\255\316\205-\301\036\264\326O\225\251[2\334{\003#\335\t\260\246\252\002 lp\312\237\036EH\341\364\373\273!\305H#\374\267\336[\021\0162_\326\333J\341\322\031\2616#""; "
1750576784329,1750576784329,367,1,2,4,TMValidation,"validation: """"\200\000\000\001&\000\000\000\003)/\352k\016:`\203p\321f\247x\311Qt\361\032\213\221\243\004\006][\376s\340\253\234K}\\013\0362\202`\234\371~d\0310\204\264,P\027\000\000\000\000\000\000\000\000\000\000\000\000\000\000\000\000\000\000\000\000\000\000\000\000\000\000\000\000\000\000\000\000P\031-}\351f\032\255\274\334m\326c\017\014ao[\342\230\003\245\245\3341Hm\326^\017jy\335\261s!\002l\025\225/2Mi\010\252)\240F\276k\254\301;\200wg}s\364.8S\354U\206\025\244\006vF0D\002 D\257\272\tF\206\036\300\277F\255\316\205-\301\036\264\326O\225\251[2\334{\003#\335\t\260\246\252\002 lp\312\237\036EH\341\364\373\273!\305H#\374\267\336[\021\0162_\326\333J\341\322\031\2616#""; ","validation: """"\200\000\000\001&\000\000\000\003)/\352k\016:`\203p\321f\247x\311Qt\361\032\213\221\243\004\006][\376s\340\253\234K}\\013\0362\202`\234\371~d\0310\204\264,P\027\000\000\000\000\000\000\000\000\000\000\000\000\000\000\000\000\000\000\000\000\000\000\000\000\000\000\000\000\000\000\000\000P\031-}\351f\032\255\274\334m\326c\017\014ao[\342\230\003\245\245\3341Hm\326^\017jy\335\261s!\002l\025\225/2Mi\010\252)\240F\276k\254\301;\200wg}s\364.8S\354U\206\025\244\006vF0D\002 D\257\272\tF\206\036\300\277F\255\316\205-\301\036\264\326O\225\251[2\334{\003#\335\t\260\246\252\002 lp\312\237\036EH\341\364\373\273!\305H#\374\267\336[\021\0162_\326\333J\341\322\031\2616#""; "
1750576784330,1750576784330,1842,1,2,3,TMValidation,"validation: """"\200\000\000\001&\000\000\000\003)/\352k\016:`\203p\321f\247x\311Qt\361\032\213\221\243\004\006][\376s\340\253\234K}\\013\0362\202`\234\371~d\0310\204\264,P\027\000\000\000\000\000\000\000\000\000\000\000\000\000\000\000\000\000\000\000\000\000\000\000\000\000\000\000\000\000\000\000\000P\031-}\351f\032\255\274\334m\326c\017\014ao[\342\230\003\245\245\3341Hm\326^\017jy\335\261s!\002l\025\225/2Mi\010\252)\240F\276k\254\301;\200wg}s\364.8S\354U\206\025\244\006vF0D\002 D\257\272\tF\206\036\300\277F\255\316\205-\301\036\264\326O\225\251[2\334{\003#\335\t\260\246\252\002 lp\312\237\036EH\341\364\373\273!\305H#\374\267\336[\021\0162_\326\333J\341\322\031\2616#""; ","validation: """"\200\000\000\001&\000\000\000\003)/\352k\016:`\203p\321f\247x\311Qt\361\032\213\221\243\004\006][\376s\340\253\234K}\\013\0362\202`\234\371~d\0310\204\264,P\027\000\000\000\000\000\000\000\000\000\000\000\000\000\000\000\000\000\000\000\000\000\000\000\000\000\000\000\000\000\000\000\000P\031-}\351f\032\255\274\334m\326c\017\014ao[\342\230\003\245\245\3341Hm\326^\017jy\335\261s!\002l\025\225/2Mi\010\252)\240F\276k\254\301;\200wg}s\364.8S\354U\206\025\244\006vF0D\002 D\257\272\tF\206\036\300\277F\255\316\205-\301\036\264\326O\225\251[2\334{\003#\335\t\260\246\252\002 lp\312\237\036EH\341\364\373\273!\305H#\374\267\336[\021\0162_\326\333J\341\322\031\2616#""; "
1750576784330,1750576784330,3070,1,2,1,TMValidation,"validation: """"\200\000\000\001&\000\000\000\003)/\352k\016:`\203p\321f\247x\311Qt\361\032\213\221\243\004\006][\376s\340\253\234K}\\013\0362\202`\234\371~d\0310\204\264,P\027\000\000\000\000\000\000\000\000\000\000\000\000\000\000\000\000\000\000\000\000\000\000\000\000\000\000\000\000\000\000\000\000P\031-}\351f\032\255\274\334m\326c\017\014ao[\342\230\003\245\245\3341Hm\326^\017jy\335\261s!\002l\025\225/2Mi\010\252)\240F\276k\254\301;\200wg}s\364.8S\354U\206\025\244\006vF0D\002 D\257\272\tF\206\036\300\277F\255\316\205-\301\036\264\326O\225\251[2\334{\003#\335\t\260\246\252\002 lp\312\237\036EH\341\364\373\273!\305H#\374\267\336[\021\0162_\326\333J\341\322\031\2616#""; ","validation: """"\200\000\000\001&\000\000\000\003)/\352k\016:`\203p\321f\247x\311Qt\361\032\213\221\243\004\006][\376s\340\253\234K}\\013\0362\202`\234\371~d\0310\204\264,P\027\000\000\000\000\000\000\000\000\000\000\000\000\000\000\000\000\000\000\000\000\000\000\000\000\000\000\000\000\000\000\000\000P\031-}\351f\032\255\274\334m\326c\017\014ao[\342\230\003\245\245\3341Hm\326^\017jy\335\261s!\002l\025\225/2Mi\010\252)\240F\276k\254\301;\200wg}s\364.8S\354U\206\025\244\006vF0D\002 D\257\272\tF\206\036\300\277F\255\316\205-\301\036\264\326O\225\251[2\334{\003#\335\t\260\246\252\002 lp\312\237\036EH\341\364\373\273!\305H#\374\267\336[\021\0162_\326\333J\341\322\031\2616#""; "
1750576784338,1750576784338,3321,1,0,4,TMValidation,"validation: """"\200\000\000\001&\000\000\000\003)/\352k\016:\321 \377\321\373\345\340\346Qt\361\032\213\221\243\004\006][\376s\340\253\234K}\\013\0362\202`\234\371~d\0310\204\264,P\027\000\000\000\000\000\000\000\000\000\000\000\000\000\000\000\000\000\000\000\000\000\000\000\000\000\000\000\000\000\000\000\000P\031-}\351f\032\255\274\334m\326c\017\014ao[\342\230\003\245\245\3341Hm\326^\017jy\335\261s!\002\373\236I\010\265\271ho\331/c\224%g\005\354]\344\350\r\030%u\255\364\002\226\221\370\363\332\331vF0D\002 T\003\221;8!\021\377Ge\007TJEl\320\303Au\235\365\234\206zE\202*\266\360\267\273\252\002 \004\005x\030\202\261\372\247\314\242&!|}a\371\241\305\024F\302\n\033\376\177\312=`\361I$\271""; ","validation: """"\200\000\000\001&\000\000\000\003)/\352k\016:\321 \377\321\373\345\340\346Qt\361\032\213\221\243\004\006][\376s\340\253\234K}\\013\0362\202`\234\371~d\0310\204\264,P\027\000\000\000\000\000\000\000\000\000\000\000\000\000\000\000\000\000\000\000\000\000\000\000\000\000\000\000\000\000\000\000\000P\031-}\351f\032\255\274\334m\326c\017\014ao[\342\230\003\245\245\3341Hm\326^\017jy\335\261s!\002\373\236I\010\265\271ho\331/c\224%g\005\354]\344\350\r\030%u\255\364\002\226\221\370\363\332\331vF0D\002 T\003\221;8!\021\377Ge\007TJEl\320\303Au\235\365\234\206zE\202*\266\360\267\273\252\002 \004\005x\030\202\261\372\247\314\242&!|}a\371\241\305\024F\302\n\033\376\177\312=`\361I$\271""; "
1750576784338,1750576784338,2915,1,0,3,TMValidation,"validation: """"\200\000\000\001&\000\000\000\003)/\352k\016:\321 \377\321\373\345\340\346Qt\361\032\213\221\243\004\006][\376s\340\253\234K}\\013\0362\202`\234\371~d\0310\204\264,P\027\000\000\000\000\000\000\000\000\000\000\000\000\000\000\000\000\000\000\000\000\000\000\000\000\000\000\000\000\000\000\000\000P\031-}\351f\032\255\274\334m\326c\017\014ao[\342\230\003\245\245\3341Hm\326^\017jy\335\261s!\002\373\236I\010\265\271ho\331/c\224%g\005\354]\344\350\r\030%u\255\364\002\226\221\370\363\332\331vF0D\002 T\003\221;8!\021\377Ge\007TJEl\320\303Au\235\365\234\206zE\202*\266\360\267\273\252\002 \004\005x\030\202\261\372\247\314\242&!|}a\371\241\305\024F\302\n\033\376\177\312=`\361I$\271""; ","validation: """"\200\000\000\001&\000\000\000\003)/\352k\016:\321 \377\321\373\345\340\346Qt\361\032\213\221\243\004\006][\376s\340\253\234K}\\013\0362\202`\234\371~d\0310\204\264,P\027\000\000\000\000\000\000\000\000\000\000\000\000\000\000\000\000\000\000\000\000\000\000\000\000\000\000\000\000\000\000\000\000P\031-}\351f\032\255\274\334m\326c\017\014ao[\342\230\003\245\245\3341Hm\326^\017jy\335\261s!\002\373\236I\010\265\271ho\331/c\224%g\005\354]\344\350\r\030%u\255\364\002\226\221\370\363\332\331vF0D\002 T\003\221;8!\021\377Ge\007TJEl\320\303Au\235\365\234\206zE\202*\266\360\267\273\252\002 \004\005x\030\202\261\372\247\314\242&!|}a\371\241\305\024F\302\n\033\376\177\312=`\361I$\271""; "
1750576784338,1750576784339,453,1,0,2,TMValidation,"validation: """"\200\000\000\001&\000\000\000\003)/\352k\016:\321 \377\321\373\345\340\346Qt\361\032\213\221\243\004\006][\376s\340\253\234K}\\013\0362\202`\234\371~d\0310\204\264,P\027\000\000\000\000\000\000\000\000\000\000\000\000\000\000\000\000\000\000\000\000\000\000\000\000\000\000\000\000\000\000\000\000P\031-}\351f\032\255\274\334m\326c\017\014ao[\342\230\003\245\245\3341Hm\326^\017jy\335\261s!\002\373\236I\010\265\271ho\331/c\224%g\005\354]\344\350\r\030%u\255\364\002\226\221\370\363\332\331vF0D\002 T\003\221;8!\021\377Ge\007TJEl\320\303Au\235\365\234\206zE\202*\266\360\267\273\252\002 \004\005x\030\202\261\372\247\314\242&!|}a\371\241\305\024F\302\n\033\376\177\312=`\361I$\271""; ","validation: """"\200\000\000\001&\000\000\000\003)/\352k\016:\321 \377\321\373\345\340\346Qt\361\032\213\221\243\004\006][\376s\340\253\234K}\\013\0362\202`\234\371~d\0310\204\264,P\027\000\000\000\000\000\000\000\000\000\000\000\000\000\000\000\000\000\000\000\000\000\000\000\000\000\000\000\000\000\000\000\000P\031-}\351f\032\255\274\334m\326c\017\014ao[\342\230\003\245\245\3341Hm\326^\017jy\335\261s!\002\373\236I\010\265\271ho\331/c\224%g\005\354]\344\350\r\030%u\255\364\002\226\221\370\363\332\331vF0D\002 T\003\221;8!\021\377Ge\007TJEl\320\303Au\235\365\234\206zE\202*\266\360\267\273\252\002 \004\005x\030\202\261\372\247\314\242&!|}a\371\241\305\024F\302\n\033\376\177\312=`\361I$\271""; "
1750576784108,1750576784356,3392,1,2,4,TMStatusChange,"newEvent: neCLOSING_LEDGER; ledgerSeq: 3; ledgerHash: ""t\361\032\213\221\243\004\006][\376s\340\253\234K}\\013\0362\202`\234\371~d\0310\204\264,""; ledgerHashPrevious: ""0\355\311\211\352@\036\313K1\024B\343N\323V\367s\355lu\324\374V\207\371F\260\325\345\213\261""; networkTime: 803891984; firstSeq: 1; lastSeq: 3; ","newEvent: neCLOSING_LEDGER; ledgerSeq: 3; ledgerHash: ""t\361\032\213\221\243\004\006][\376s\340\253\234K}\\013\0362\202`\234\371~d\0310\204\264,""; ledgerHashPrevious: ""0\355\311\211\352@\036\313K1\024B\343N\323V\367s\355lu\324\374V\207\371F\260\325\345\213\261""; networkTime: 803891984; firstSeq: 1; lastSeq: 3; "
1750576784109,1750576784356,30,1,2,3,TMStatusChange,"newEvent: neCLOSING_LEDGER; ledgerSeq: 3; ledgerHash: ""t\361\032\213\221\243\004\006][\376s\340\253\234K}\\013\0362\202`\234\371~d\0310\204\264,""; ledgerHashPrevious: ""0\355\311\211\352@\036\313K1\024B\343N\323V\367s\355lu\324\374V\207\371F\260\325\345\213\261""; networkTime: 803891984; firstSeq: 1; lastSeq: 3; ","newEvent: neCLOSING_LEDGER; ledgerSeq: 3; ledgerHash: ""t\361\032\213\221\243\004\006][\376s\340\253\234K}\\013\0362\202`\234\371~d\0310\204\264,""; ledgerHashPrevious: ""0\355\311\211\352@\036\313K1\024B\343N\323V\367s\355lu\324\374V\207\371F\260\325\345\213\261""; networkTime: 803891984; firstSeq: 1; lastSeq: 3; "
1750576784280,1750576784358,2409,1,2,1,TMStatusChange,"newEvent: neCLOSING_LEDGER; ledgerSeq: 3; ledgerHash: ""t\361\032\213\221\243\004\006][\376s\340\253\234K}\\013\0362\202`\234\371~d\0310\204\264,""; ledgerHashPrevious: ""0\355\311\211\352@\036\313K1\024B\343N\323V\367s\355lu\324\374V\207\371F\260\325\345\213\261""; networkTime: 803891984; firstSeq: 1; lastSeq: 3; ","newEvent: neCLOSING_LEDGER; ledgerSeq: 3; ledgerHash: ""t\361\032\213\221\243\004\006][\376s\340\253\234K}\\013\0362\202`\234\371~d\0310\204\264,""; ledgerHashPrevious: ""0\355\311\211\352@\036\313K1\024B\343N\323V\367s\355lu\324\374V\207\371F\260\325\345\213\261""; networkTime: 803891984; firstSeq: 1; lastSeq: 3; "
1750576784253,1750576784358,1637,1,2,0,TMStatusChange,"newEvent: neCLOSING_LEDGER; ledgerSeq: 3; ledgerHash: ""t\361\032\213\221\243\004\006][\376s\340\253\234K}\\013\0362\202`\234\371~d\0310\204\264,""; ledgerHashPrevious: ""0\355\311\211\352@\036\313K1\024B\343N\323V\367s\355lu\324\374V\207\371F\260\325\345\213\261""; networkTime: 803891984; firstSeq: 1; lastSeq: 3; ","newEvent: neCLOSING_LEDGER; ledgerSeq: 3; ledgerHash: ""t\361\032\213\221\243\004\006][\376s\340\253\234K}\\013\0362\202`\234\371~d\0310\204\264,""; ledgerHashPrevious: ""0\355\311\211\352@\036\313K1\024B\343N\323V\367s\355lu\324\374V\207\371F\260\325\345\213\261""; networkTime: 803891984; firstSeq: 1; lastSeq: 3; "
1750576784623,1750576784623,746,1,3,2,TMProposeSet,"proposeSeq: 0; currentTxHash: ""\000\000\000\000\000\000\000\000\000\000\000\000\000\000\000\000\000\000\000\000\000\000\000\000\000\000\000\000\000\000\000\000""; nodePubKey: ""\002l\025\225/2Mi\010\252)\240F\276k\254\301;\200wg}s\364.8S\354U\206\025\244\006""; closeTime: 803891983; signature: ""0D\002 v\357a\014(ySx\311\270D\314\205\017\347\200>\2314\024\266J,\221\266\264\251\350\207\272#\031\002 %\3301:\372B2[\032\256\353\327\330d\2629W.\366(\337\013\323w\310\345Y\327\016\320\262\003""; previousledger: ""t\361\032\213\221\243\004\006][\376s\340\253\234K}\\013\0362\202`\234\371~d\0310\204\264,""; ","proposeSeq: 0; currentTxHash: ""\000\000\000\000\000\000\000\000\000\000\000\000\000\000\000\000\000\000\000\000\000\000\000\000\000\000\000\000\000\000\000\000""; nodePubKey: ""\002l\025\225/2Mi\010\252)\240F\276k\254\301;\200wg}s\364.8S\354U\206\025\244\006""; closeTime: 803891983; signature: ""0D\002 v\357a\014(ySx\311\270D\314\205\017\347\200>\2314\024\266J,\221\266\264\251\350\207\272#\031\002 %\3301:\372B2[\032\256\353\327\330d\2629W.\366(\337\013\323w\310\345Y\327\016\320\262\003""; previousledger: ""t\361\032\213\221\243\004\006][\376s\340\253\234K}\\013\0362\202`\234\371~d\0310\204\264,""; "
1750576784624,1750576784624,3637,1,3,4,TMProposeSet,"proposeSeq: 0; currentTxHash: ""\000\000\000\000\000\000\000\000\000\000\000\000\000\000\000\000\000\000\000\000\000\000\000\000\000\000\000\000\000\000\000\000""; nodePubKey: ""\002l\025\225/2Mi\010\252)\240F\276k\254\301;\200wg}s\364.8S\354U\206\025\244\006""; closeTime: 803891983; signature: ""0D\002 v\357a\014(ySx\311\270D\314\205\017\347\200>\2314\024\266J,\221\266\264\251\350\207\272#\031\002 %\3301:\372B2[\032\256\353\327\330d\2629W.\366(\337\013\323w\310\345Y\327\016\320\262\003""; previousledger: ""t\361\032\213\221\243\004\006][\376s\340\253\234K}\\013\0362\202`\234\371~d\0310\204\264,""; ","proposeSeq: 0; currentTxHash: ""\000\000\000\000\000\000\000\000\000\000\000\000\000\000\000\000\000\000\000\000\000\000\000\000\000\000\000\000\000\000\000\000""; nodePubKey: ""\002l\025\225/2Mi\010\252)\240F\276k\254\301;\200wg}s\364.8S\354U\206\025\244\006""; closeTime: 803891983; signature: ""0D\002 v\357a\014(ySx\311\270D\314\205\017\347\200>\2314\024\266J,\221\266\264\251\350\207\272#\031\002 %\3301:\372B2[\032\256\353\327\330d\2629W.\366(\337\013\323w\310\345Y\327\016\320\262\003""; previousledger: ""t\361\032\213\221\243\004\006][\376s\340\253\234K}\\013\0362\202`\234\371~d\0310\204\264,""; "
1750576784624,1750576784624,637,1,3,1,TMProposeSet,"proposeSeq: 0; currentTxHash: ""\000\000\000\000\000\000\000\000\000\000\000\000\000\000\000\000\000\000\000\000\000\000\000\000\000\000\000\000\000\000\000\000""; nodePubKey: ""\002l\025\225/2Mi\010\252)\240F\276k\254\301;\200wg}s\364.8S\354U\206\025\244\006""; closeTime: 803891983; signature: ""0D\002 v\357a\014(ySx\311\270D\314\205\017\347\200>\2314\024\266J,\221\266\264\251\350\207\272#\031\002 %\3301:\372B2[\032\256\353\327\330d\2629W.\366(\337\013\323w\310\345Y\327\016\320\262\003""; previousledger: ""t\361\032\213\221\243\004\006][\376s\340\253\234K}\\013\0362\202`\234\371~d\0310\204\264,""; ","proposeSeq: 0; currentTxHash: ""\000\000\000\000\000\000\000\000\000\000\000\000\000\000\000\000\000\000\000\000\000\000\000\000\000\000\000\000\000\000\000\000""; nodePubKey: ""\002l\025\225/2Mi\010\252)\240F\276k\254\301;\200wg}s\364.8S\354U\206\025\244\006""; closeTime: 803891983; signature: ""0D\002 v\357a\014(ySx\311\270D\314\205\017\347\200>\2314\024\266J,\221\266\264\251\350\207\272#\031\002 %\3301:\372B2[\032\256\353\327\330d\2629W.\366(\337\013\323w\310\345Y\327\016\320\262\003""; previousledger: ""t\361\032\213\221\243\004\006][\376s\340\253\234K}\\013\0362\202`\234\371~d\0310\204\264,""; "
1750576784638,1750576784638,1657,1,1,4,TMProposeSet,"proposeSeq: 0; currentTxHash: ""\000\000\000\000\000\000\000\000\000\000\000\000\000\000\000\000\000\000\000\000\000\000\000\000\000\000\000\000\000\000\000\000""; nodePubKey: ""\003\365\211\205\353\0100\270r\333\225\227Y\025\355!\235\nf\352n\302\032\014\344\364\324\262\351""\225OF""; closeTime: 803891983; signature: ""0E\002!\000\213W0\032""\367\321\313\250WwfTq\235\n\020\205]\021f\333?\2346+p;\2502ZS\002 \004!6\023 \024\337\267Q<\003\345\351R\334\3618|4\320\214\367H \025\313M\010c""\232\210""; previousledger: ""t\361\032\213\221\243\004\006][\376s\340\253\234K}\\013\0362\202`\234\371~d\0310\204\264,""; ","proposeSeq: 0; currentTxHash: ""\000\000\000\000\000\000\000\000\000\000\000\000\000\000\000\000\000\000\000\000\000\000\000\000\000\000\000\000\000\000\000\000""; nodePubKey: ""\003\365\211\205\353\0100\270r\333\225\227Y\025\355!\235\nf\352n\302\032\014\344\364\324\262\351""\225OF""; closeTime: 803891983; signature: ""0E\002!\000\213W0\032""\367\321\313\250WwfTq\235\n\020\205]\021f\333?\2346+p;\2502ZS\002 \004!6\023 \024\337\267Q<\003\345\351R\334\3618|4\320\214\367H \025\313M\010c""\232\210""; previousledger: ""t\361\032\213\221\243\004\006][\376s\340\253\234K}\\013\0362\202`\234\371~d\0310\204\264,""; "
1750576784639,1750576784639,252,1,1,0,TMProposeSet,"proposeSeq: 0; currentTxHash: ""\000\000\000\000\000\000\000\000\000\000\000\000\000\000\000\000\000\000\000\000\000\000\000\000\000\000\000\000\000\000\000\000""; nodePubKey: ""\003\365\211\205\353\0100\270r\333\225\227Y\025\355!\235\nf\352n\302\032\014\344\364\324\262\351""\225OF""; closeTime: 803891983; signature: ""0E\002!\000\213W0\032""\367\321\313\250WwfTq\235\n\020\205]\021f\333?\2346+p;\2502ZS\002 \004!6\023 \024\337\267Q<\003\345\351R\334\3618|4\320\214\367H \025\313M\010c""\232\210""; previousledger: ""t\361\032\213\221\243\004\006][\376s\340\253\234K}\\013\0362\202`\234\371~d\0310\204\264,""; ","proposeSeq: 0; currentTxHash: ""\000\000\000\000\000\000\000\000\000\000\000\000\000\000\000\000\000\000\000\000\000\000\000\000\000\000\000\000\000\000\000\000""; nodePubKey: ""\003\365\211\205\353\0100\270r\333\225\227Y\025\355!\235\nf\352n\302\032\014\344\364\324\262\351""\225OF""; closeTime: 803891983; signature: ""0E\002!\000\213W0\032""\367\321\313\250WwfTq\235\n\020\205]\021f\333?\2346+p;\2502ZS\002 \004!6\023 \024\337\267Q<\003\345\351R\334\3618|4\320\214\367H \025\313M\010c""\232\210""; previousledger: ""t\361\032\213\221\243\004\006][\376s\340\253\234K}\\013\0362\202`\234\371~d\0310\204\264,""; "
1750576784639,1750576784639,3734,1,1,2,TMProposeSet,"proposeSeq: 0; currentTxHash: ""\000\000\000\000\000\000\000\000\000\000\000\000\000\000\000\000\000\000\000\000\000\000\000\000\000\000\000\000\000\000\000\000""; nodePubKey: ""\003\365\211\205\353\0100\270r\333\225\227Y\025\355!\235\nf\352n\302\032\014\344\364\324\262\351""\225OF""; closeTime: 803891983; signature: ""0E\002!\000\213W0\032""\367\321\313\250WwfTq\235\n\020\205]\021f\333?\2346+p;\2502ZS\002 \004!6\023 \024\337\267Q<\003\345\351R\334\3618|4\320\214\367H \025\313M\010c""\232\210""; previousledger: ""t\361\032\213\221\243\004\006][\376s\340\253\234K}\\013\0362\202`\234\371~d\0310\204\264,""; ","proposeSeq: 0; currentTxHash: ""\000\000\000\000\000\000\000\000\000\000\000\000\000\000\000\000\000\000\000\000\000\000\000\000\000\000\000\000\000\000\000\000""; nodePubKey: ""\003\365\211\205\353\0100\270r\333\225\227Y\025\355!\235\nf\352n\302\032\014\344\364\324\262\351""\225OF""; closeTime: 803891983; signature: ""0E\002!\000\213W0\032""\367\321\313\250WwfTq\235\n\020\205]\021f\333?\2346+p;\2502ZS\002 \004!6\023 \024\337\267Q<\003\345\351R\334\3618|4\320\214\367H \025\313M\010c""\232\210""; previousledger: ""t\361\032\213\221\243\004\006][\376s\340\253\234K}\\013\0362\202`\234\371~d\0310\204\264,""; "
1750576784664,1750576784664,3321,1,0,4,TMValidation,"validation: """"\200\000\000\001&\000\000\000\003)/\352k\016:\327x\272\020JyerQt\361\032\213\221\243\004\006][\376s\340\253\234K}\\013\0362\202`\234\371~d\0310\204\264,P\027\000\000\000\000\000\000\000\000\000\000\000\000\000\000\000\000\000\000\000\000\000\000\000\000\000\000\000\000\000\000\000\000P\031-}\351f\032\255\274\334m\326c\017\014ao[\342\230\003\245\245\3341Hm\326^\017jy\335\261s!\003\365\211\205\353\0100\270r\333\225\227Y\025\355!\235\nf\352n\302\032\014\344\364\324\262\351""\225OFvF0D\002 s>9q\034\330\364\223\302;,\205\313rx\266\221v\223?R4p\022\337\242\217\003\214\202\010\374\002 r""\201'\203W\rNC\251\316%[\177\213\263\220\t\301\2233\002\255hs\335\231ZXaD\357""; ","validation: """"\200\000\000\001&\000\000\000\003)/\352k\016:\327x\272\020JyerQt\361\032\213\221\243\004\006][\376s\340\253\234K}\\013\0362\202`\234\371~d\0310\204\264,P\027\000\000\000\000\000\000\000\000\000\000\000\000\000\000\000\000\000\000\000\000\000\000\000\000\000\000\000\000\000\000\000\000P\031-}\351f\032\255\274\334m\326c\017\014ao[\342\230\003\245\245\3341Hm\326^\017jy\335\261s!\003\365\211\205\353\0100\270r\333\225\227Y\025\355!\235\nf\352n\302\032\014\344\364\324\262\351""\225OFvF0D\002 s>9q\034\330\364\223\302;,\205\313rx\266\221v\223?R4p\022\337\242\217\003\214\202\010\374\002 r""\201'\203W\rNC\251\316%[\177\213\263\220\t\301\2233\002\255hs\335\231ZXaD\357""; "
1750576784664,1750576784664,2598,1,0,1,TMValidation,"validation: """"\200\000\000\001&\000\000\000\003)/\352k\016:\327x\272\020JyerQt\361\032\213\221\243\004\006][\376s\340\253\234K}\\013\0362\202`\234\371~d\0310\204\264,P\027\000\000\000\000\000\000\000\000\000\000\000\000\000\000\000\000\000\000\000\000\000\000\000\000\000\000\000\000\000\000\000\000P\031-}\351f\032\255\274\334m\326c\017\014ao[\342\230\003\245\245\3341Hm\326^\017jy\335\261s!\003\365\211\205\353\0100\270r\333\225\227Y\025\355!\235\nf\352n\302\032\014\344\364\324\262\351""\225OFvF0D\002 s>9q\034\330\364\223\302;,\205\313rx\266\221v\223?R4p\022\337\242\217\003\214\202\010\374\002 r""\201'\203W\rNC\251\316%[\177\213\263\220\t\301\2233\002\255hs\335\231ZXaD\357""; ","validation: """"\200\000\000\001&\000\000\000\003)/\352k\016:\327x\272\020JyerQt\361\032\213\221\243\004\006][\376s\340\253\234K}\\013\0362\202`\234\371~d\0310\204\264,P\027\000\000\000\000\000\000\000\000\000\000\000\000\000\000\000\000\000\000\000\000\000\000\000\000\000\000\000\000\000\000\000\000P\031-}\351f\032\255\274\334m\326c\017\014ao[\342\230\003\245\245\3341Hm\326^\017jy\335\261s!\003\365\211\205\353\0100\270r\333\225\227Y\025\355!\235\nf\352n\302\032\014\344\364\324\262\351""\225OFvF0D\002 s>9q\034\330\364\223\302;,\205\313rx\266\221v\223?R4p\022\337\242\217\003\214\202\010\374\002 r""\201'\203W\rNC\251\316%[\177\213\263\220\t\301\2233\002\255hs\335\231ZXaD\357""; "
1750576784665,1750576784665,453,1,0,2,TMValidation,"validation: """"\200\000\000\001&\000\000\000\003)/\352k\016:\327x\272\020JyerQt\361\032\213\221\243\004\006][\376s\340\253\234K}\\013\0362\202`\234\371~d\0310\204\264,P\027\000\000\000\000\000\000\000\000\000\000\000\000\000\000\000\000\000\000\000\000\000\000\000\000\000\000\000\000\000\000\000\000P\031-}\351f\032\255\274\334m\326c\017\014ao[\342\230\003\245\245\3341Hm\326^\017jy\335\261s!\003\365\211\205\353\0100\270r\333\225\227Y\025\355!\235\nf\352n\302\032\014\344\364\324\262\351""\225OFvF0D\002 s>9q\034\330\364\223\302;,\205\313rx\266\221v\223?R4p\022\337\242\217\003\214\202\010\374\002 r""\201'\203W\rNC\251\316%[\177\213\263\220\t\301\2233\002\255hs\335\231ZXaD\357""; ","validation: """"\200\000\000\001&\000\000\000\003)/\352k\016:\327x\272\020JyerQt\361\032\213\221\243\004\006][\376s\340\253\234K}\\013\0362\202`\234\371~d\0310\204\264,P\027\000\000\000\000\000\000\000\000\000\000\000\000\000\000\000\000\000\000\000\000\000\000\000\000\000\000\000\000\000\000\000\000P\031-}\351f\032\255\274\334m\326c\017\014ao[\342\230\003\245\245\3341Hm\326^\017jy\335\261s!\003\365\211\205\353\0100\270r\333\225\227Y\025\355!\235\nf\352n\302\032\014\344\364\324\262\351""\225OFvF0D\002 s>9q\034\330\364\223\302;,\205\313rx\266\221v\223?R4p\022\337\242\217\003\214\202\010\374\002 r""\201'\203W\rNC\251\316%[\177\213\263\220\t\301\2233\002\255hs\335\231ZXaD\357""; "
1750576784729,1750576784729,3321,1,0,4,TMValidation,"validation: """"\200\000\000\001&\000\000\000\003)/\352k\016:""\223\371\016\340l;\316Qt\361\032\213\221\243\004\006][\376s\340\253\234K}\\013\0362\202`\234\371~d\0310\204\264,P\027\000\000\000\000\000\000\000\000\000\000\000\000\000\000\000\000\000\000\000\000\000\000\000\000\000\000\000\000\000\000\000\000P\031-}\351f\032\255\274\334m\326c\017\014ao[\342\230\003\245\245\3341Hm\326^\017jy\335\261s!\003\371#:S\022\X\277\344\034\253'\365\230\361\211p\037\000R\265\215-7o\002\210\025\275\344qQvG0E\002!\000\367\302\213>o$\210U^\247\320Q+\316V\241\315\241\003\217\202\360\036\246\246+#\264\262C\2271\002 &\257\025""\323R\026\372U83\210\256\241\220\366\351\217\257F@nP\241""\013&\261L\t\260f""; ","validation: """"\200\000\000\001&\000\000\000\003)/\352k\016:""\223\371\016\340l;\316Qt\361\032\213\221\243\004\006][\376s\340\253\234K}\\013\0362\202`\234\371~d\0310\204\264,P\027\000\000\000\000\000\000\000\000\000\000\000\000\000\000\000\000\000\000\000\000\000\000\000\000\000\000\000\000\000\000\000\000P\031-}\351f\032\255\274\334m\326c\017\014ao[\342\230\003\245\245\3341Hm\326^\017jy\335\261s!\003\371#:S\022\X\277\344\034\253'\365\230\361\211p\037\000R\265\215-7o\002\210\025\275\344qQvG0E\002!\000\367\302\213>o$\210U^\247\320Q+\316V\241\315\241\003\217\202\360\036\246\246+#\264\262C\2271\002 &\257\025""\323R\026\372U83\210\256\241\220\366\351\217\257F@nP\241""\013&\261L\t\260f""; "
1750576784730,1750576784730,2915,1,0,3,TMValidation,"validation: """"\200\000\000\001&\000\000\000\003)/\352k\016:""\223\371\016\340l;\316Qt\361\032\213\221\243\004\006][\376s\340\253\234K}\\013\0362\202`\234\371~d\0310\204\264,P\027\000\000\000\000\000\000\000\000\000\000\000\000\000\000\000\000\000\000\000\000\000\000\000\000\000\000\000\000\000\000\000\000P\031-}\351f\032\255\274\334m\326c\017\014ao[\342\230\003\245\245\3341Hm\326^\017jy\335\261s!\003\371#:S\022\X\277\344\034\253'\365\230\361\211p\037\000R\265\215-7o\002\210\025\275\344qQvG0E\002!\000\367\302\213>o$\210U^\247\320Q+\316V\241\315\241\003\217\202\360\036\246\246+#\264\262C\2271\002 &\257\025""\323R\026\372U83\210\256\241\220\366\351\217\257F@nP\241""\013&\261L\t\260f""; ","validation: """"\200\000\000\001&\000\000\000\003)/\352k\016:""\223\371\016\340l;\316Qt\361\032\213\221\243\004\006][\376s\340\253\234K}\\013\0362\202`\234\371~d\0310\204\264,P\027\000\000\000\000\000\000\000\000\000\000\000\000\000\000\000\000\000\000\000\000\000\000\000\000\000\000\000\000\000\000\000\000P\031-}\351f\032\255\274\334m\326c\017\014ao[\342\230\003\245\245\3341Hm\326^\017jy\335\261s!\003\371#:S\022\X\277\344\034\253'\365\230\361\211p\037\000R\265\215-7o\002\210\025\275\344qQvG0E\002!\000\367\302\213>o$\210U^\247\320Q+\316V\241\315\241\003\217\202\360\036\246\246+#\264\262C\2271\002 &\257\025""\323R\026\372U83\210\256\241\220\366\351\217\257F@nP\241""\013&\261L\t\260f""; "
1750576784729,1750576784729,453,1,0,2,TMValidation,"validation: """"\200\000\000\001&\000\000\000\003)/\352k\016:""\223\371\016\340l;\316Qt\361\032\213\221\243\004\006][\376s\340\253\234K}\\013\0362\202`\234\371~d\0310\204\264,P\027\000\000\000\000\000\000\000\000\000\000\000\000\000\000\000\000\000\000\000\000\000\000\000\000\000\000\000\000\000\000\000\000P\031-}\351f\032\255\274\334m\326c\017\014ao[\342\230\003\245\245\3341Hm\326^\017jy\335\261s!\003\371#:S\022\X\277\344\034\253'\365\230\361\211p\037\000R\265\215-7o\002\210\025\275\344qQvG0E\002!\000\367\302\213>o$\210U^\247\320Q+\316V\241\315\241\003\217\202\360\036\246\246+#\264\262C\2271\002 &\257\025""\323R\026\372U83\210\256\241\220\366\351\217\257F@nP\241""\013&\261L\t\260f""; ","validation: """"\200\000\000\001&\000\000\000\003)/\352k\016:""\223\371\016\340l;\316Qt\361\032\213\221\243\004\006][\376s\340\253\234K}\\013\0362\202`\234\371~d\0310\204\264,P\027\000\000\000\000\000\000\000\000\000\000\000\000\000\000\000\000\000\000\000\000\000\000\000\000\000\000\000\000\000\000\000\000P\031-}\351f\032\255\274\334m\326c\017\014ao[\342\230\003\245\245\3341Hm\326^\017jy\335\261s!\003\371#:S\022\X\277\344\034\253'\365\230\361\211p\037\000R\265\215-7o\002\210\025\275\344qQvG0E\002!\000\367\302\213>o$\210U^\247\320Q+\316V\241\315\241\003\217\202\360\036\246\246+#\264\262C\2271\002 &\257\025""\323R\026\372U83\210\256\241\220\366\351\217\257F@nP\241""\013&\261L\t\260f""; "
1750576784734,1750576784734,3064,1,4,3,TMProposeSet,"proposeSeq: 0; currentTxHash: ""\000\000\000\000\000\000\000\000\000\000\000\000\000\000\000\000\000\000\000\000\000\000\000\000\000\000\000\000\000\000\000\000""; nodePubKey: ""\002l\025\225/2Mi\010\252)\240F\276k\254\301;\200wg}s\364.8S\354U\206\025\244\006""; closeTime: 803891983; signature: ""0D\002 v\357a\014(ySx\311\270D\314\205\017\347\200>\2314\024\266J,\221\266\264\251\350\207\272#\031\002 %\3301:\372B2[\032\256\353\327\330d\2629W.\366(\337\013\323w\310\345Y\327\016\320\262\003""; previousledger: ""t\361\032\213\221\243\004\006][\376s\340\253\234K}\\013\0362\202`\234\371~d\0310\204\264,""; ","proposeSeq: 0; currentTxHash: ""\000\000\000\000\000\000\000\000\000\000\000\000\000\000\000\000\000\000\000\000\000\000\000\000\000\000\000\000\000\000\000\000""; nodePubKey: ""\002l\025\225/2Mi\010\252)\240F\276k\254\301;\200wg}s\364.8S\354U\206\025\244\006""; closeTime: 803891983; signature: ""0D\002 v\357a\014(ySx\311\270D\314\205\017\347\200>\2314\024\266J,\221\266\264\251\350\207\272#\031\002 %\3301:\372B2[\032\256\353\327\330d\2629W.\366(\337\013\323w\310\345Y\327\016\320\262\003""; previousledger: ""t\361\032\213\221\243\004\006][\376s\340\253\234K}\\013\0362\202`\234\371~d\0310\204\264,""; "
1750576784735,1750576784735,0,1,4,2,TMProposeSet,"proposeSeq: 0; currentTxHash: ""\000\000\000\000\000\000\000\000\000\000\000\000\000\000\000\000\000\000\000\000\000\000\000\000\000\000\000\000\000\000\000\000""; nodePubKey: ""\002l\025\225/2Mi\010\252)\240F\276k\254\301;\200wg}s\364.8S\354U\206\025\244\006""; closeTime: 803891983; signature: ""0D\002 v\357a\014(ySx\311\270D\314\205\017\347\200>\2314\024\266J,\221\266\264\251\350\207\272#\031\002 %\3301:\372B2[\032\256\353\327\330d\2629W.\366(\337\013\323w\310\345Y\327\016\320\262\003""; previousledger: ""t\361\032\213\221\243\004\006][\376s\340\253\234K}\\013\0362\202`\234\371~d\0310\204\264,""; ","proposeSeq: 0; currentTxHash: ""\000\000\000\000\000\000\000\000\000\000\000\000\000\000\000\000\000\000\000\000\000\000\000\000\000\000\000\000\000\000\000\000""; nodePubKey: ""\002l\025\225/2Mi\010\252)\240F\276k\254\301;\200wg}s\364.8S\354U\206\025\244\006""; closeTime: 803891983; signature: ""0D\002 v\357a\014(ySx\311\270D\314\205\017\347\200>\2314\024\266J,\221\266\264\251\350\207\272#\031\002 %\3301:\372B2[\032\256\353\327\330d\2629W.\366(\337\013\323w\310\345Y\327\016\320\262\003""; previousledger: ""t\361\032\213\221\243\004\006][\376s\340\253\234K}\\013\0362\202`\234\371~d\0310\204\264,""; "
1750576784735,1750576784735,2904,1,4,1,TMProposeSet,"proposeSeq: 0; currentTxHash: ""\000\000\000\000\000\000\000\000\000\000\000\000\000\000\000\000\000\000\000\000\000\000\000\000\000\000\000\000\000\000\000\000""; nodePubKey: ""\002l\025\225/2Mi\010\252)\240F\276k\254\301;\200wg}s\364.8S\354U\206\025\244\006""; closeTime: 803891983; signature: ""0D\002 v\357a\014(ySx\311\270D\314\205\017\347\200>\2314\024\266J,\221\266\264\251\350\207\272#\031\002 %\3301:\372B2[\032\256\353\327\330d\2629W.\366(\337\013\323w\310\345Y\327\016\320\262\003""; previousledger: ""t\361\032\213\221\243\004\006][\376s\340\253\234K}\\013\0362\202`\234\371~d\0310\204\264,""; ","proposeSeq: 0; currentTxHash: ""\000\000\000\000\000\000\000\000\000\000\000\000\000\000\000\000\000\000\000\000\000\000\000\000\000\000\000\000\000\000\000\000""; nodePubKey: ""\002l\025\225/2Mi\010\252)\240F\276k\254\301;\200wg}s\364.8S\354U\206\025\244\006""; closeTime: 803891983; signature: ""0D\002 v\357a\014(ySx\311\270D\314\205\017\347\200>\2314\024\266J,\221\266\264\251\350\207\272#\031\002 %\3301:\372B2[\032\256\353\327\330d\2629W.\366(\337\013\323w\310\345Y\327\016\320\262\003""; previousledger: ""t\361\032\213\221\243\004\006][\376s\340\253\234K}\\013\0362\202`\234\371~d\0310\204\264,""; "
1750576784737,1750576784737,1630,1,2,3,TMProposeSet,"proposeSeq: 0; currentTxHash: ""\000\000\000\000\000\000\000\000\000\000\000\000\000\000\000\000\000\000\000\000\000\000\000\000\000\000\000\000\000\000\000\000""; nodePubKey: ""\002l\025\225/2Mi\010\252)\240F\276k\254\301;\200wg}s\364.8S\354U\206\025\244\006""; closeTime: 803891983; signature: ""0D\002 v\357a\014(ySx\311\270D\314\205\017\347\200>\2314\024\266J,\221\266\264\251\350\207\272#\031\002 %\3301:\372B2[\032\256\353\327\330d\2629W.\366(\337\013\323w\310\345Y\327\016\320\262\003""; previousledger: ""t\361\032\213\221\243\004\006][\376s\340\253\234K}\\013\0362\202`\234\371~d\0310\204\264,""; ","proposeSeq: 0; currentTxHash: ""\000\000\000\000\000\000\000\000\000\000\000\000\000\000\000\000\000\000\000\000\000\000\000\000\000\000\000\000\000\000\000\000""; nodePubKey: ""\002l\025\225/2Mi\010\252)\240F\276k\254\301;\200wg}s\364.8S\354U\206\025\244\006""; closeTime: 803891983; signature: ""0D\002 v\357a\014(ySx\311\270D\314\205\017\347\200>\2314\024\266J,\221\266\264\251\350\207\272#\031\002 %\3301:\372B2[\032\256\353\327\330d\2629W.\366(\337\013\323w\310\345Y\327\016\320\262\003""; previousledger: ""t\361\032\213\221\243\004\006][\376s\340\253\234K}\\013\0362\202`\234\371~d\0310\204\264,""; "
1750576784737,1750576784738,1191,1,2,1,TMProposeSet,"proposeSeq: 0; currentTxHash: ""\000\000\000\000\000\000\000\000\000\000\000\000\000\000\000\000\000\000\000\000\000\000\000\000\000\000\000\000\000\000\000\000""; nodePubKey: ""\002l\025\225/2Mi\010\252)\240F\276k\254\301;\200wg}s\364.8S\354U\206\025\244\006""; closeTime: 803891983; signature: ""0D\002 v\357a\014(ySx\311\270D\314\205\017\347\200>\2314\024\266J,\221\266\264\251\350\207\272#\031\002 %\3301:\372B2[\032\256\353\327\330d\2629W.\366(\337\013\323w\310\345Y\327\016\320\262\003""; previousledger: ""t\361\032\213\221\243\004\006][\376s\340\253\234K}\\013\0362\202`\234\371~d\0310\204\264,""; ","proposeSeq: 0; currentTxHash: ""\000\000\000\000\000\000\000\000\000\000\000\000\000\000\000\000\000\000\000\000\000\000\000\000\000\000\000\000\000\000\000\000""; nodePubKey: ""\002l\025\225/2Mi\010\252)\240F\276k\254\301;\200wg}s\364.8S\354U\206\025\244\006""; closeTime: 803891983; signature: ""0D\002 v\357a\014(ySx\311\270D\314\205\017\347\200>\2314\024\266J,\221\266\264\251\350\207\272#\031\002 %\3301:\372B2[\032\256\353\327\330d\2629W.\366(\337\013\323w\310\345Y\327\016\320\262\003""; previousledger: ""t\361\032\213\221\243\004\006][\376s\340\253\234K}\\013\0362\202`\234\371~d\0310\204\264,""; "
1750576784738,1750576784738,1529,1,2,0,TMProposeSet,"proposeSeq: 0; currentTxHash: ""\000\000\000\000\000\000\000\000\000\000\000\000\000\000\000\000\000\000\000\000\000\000\000\000\000\000\000\000\000\000\000\000""; nodePubKey: ""\002l\025\225/2Mi\010\252)\240F\276k\254\301;\200wg}s\364.8S\354U\206\025\244\006""; closeTime: 803891983; signature: ""0D\002 v\357a\014(ySx\311\270D\314\205\017\347\200>\2314\024\266J,\221\266\264\251\350\207\272#\031\002 %\3301:\372B2[\032\256\353\327\330d\2629W.\366(\337\013\323w\310\345Y\327\016\320\262\003""; previousledger: ""t\361\032\213\221\243\004\006][\376s\340\253\234K}\\013\0362\202`\234\371~d\0310\204\264,""; ","proposeSeq: 0; currentTxHash: ""\000\000\000\000\000\000\000\000\000\000\000\000\000\000\000\000\000\000\000\000\000\000\000\000\000\000\000\000\000\000\000\000""; nodePubKey: ""\002l\025\225/2Mi\010\252)\240F\276k\254\301;\200wg}s\364.8S\354U\206\025\244\006""; closeTime: 803891983; signature: ""0D\002 v\357a\014(ySx\311\270D\314\205\017\347\200>\2314\024\266J,\221\266\264\251\350\207\272#\031\002 %\3301:\372B2[\032\256\353\327\330d\2629W.\366(\337\013\323w\310\345Y\327\016\320\262\003""; previousledger: ""t\361\032\213\221\243\004\006][\376s\340\253\234K}\\013\0362\202`\234\371~d\0310\204\264,""; "
1750576784790,1750576784790,1191,1,2,1,TMProposeSet,"proposeSeq: 0; currentTxHash: ""\000\000\000\000\000\000\000\000\000\000\000\000\000\000\000\000\000\000\000\000\000\000\000\000\000\000\000\000\000\000\000\000""; nodePubKey: ""\003\365\211\205\353\0100\270r\333\225\227Y\025\355!\235\nf\352n\302\032\014\344\364\324\262\351""\225OF""; closeTime: 803891983; signature: ""0E\002!\000\213W0\032""\367\321\313\250WwfTq\235\n\020\205]\021f\333?\2346+p;\2502ZS\002 \004!6\023 \024\337\267Q<\003\345\351R\334\3618|4\320\214\367H \025\313M\010c""\232\210""; previousledger: ""t\361\032\213\221\243\004\006][\376s\340\253\234K}\\013\0362\202`\234\371~d\0310\204\264,""; ","proposeSeq: 0; currentTxHash: ""\000\000\000\000\000\000\000\000\000\000\000\000\000\000\000\000\000\000\000\000\000\000\000\000\000\000\000\000\000\000\000\000""; nodePubKey: ""\003\365\211\205\353\0100\270r\333\225\227Y\025\355!\235\nf\352n\302\032\014\344\364\324\262\351""\225OF""; closeTime: 803891983; signature: ""0E\002!\000\213W0\032""\367\321\313\250WwfTq\235\n\020\205]\021f\333?\2346+p;\2502ZS\002 \004!6\023 \024\337\267Q<\003\345\351R\334\3618|4\320\214\367H \025\313M\010c""\232\210""; previousledger: ""t\361\032\213\221\243\004\006][\376s\340\253\234K}\\013\0362\202`\234\371~d\0310\204\264,""; "
1750576784791,1750576784791,2484,1,2,4,TMProposeSet,"proposeSeq: 0; currentTxHash: ""\000\000\000\000\000\000\000\000\000\000\000\000\000\000\000\000\000\000\000\000\000\000\000\000\000\000\000\000\000\000\000\000""; nodePubKey: ""\003\365\211\205\353\0100\270r\333\225\227Y\025\355!\235\nf\352n\302\032\014\344\364\324\262\351""\225OF""; closeTime: 803891983; signature: ""0E\002!\000\213W0\032""\367\321\313\250WwfTq\235\n\020\205]\021f\333?\2346+p;\2502ZS\002 \004!6\023 \024\337\267Q<\003\345\351R\334\3618|4\320\214\367H \025\313M\010c""\232\210""; previousledger: ""t\361\032\213\221\243\004\006][\376s\340\253\234K}\\013\0362\202`\234\371~d\0310\204\264,""; ","proposeSeq: 0; currentTxHash: ""\000\000\000\000\000\000\000\000\000\000\000\000\000\000\000\000\000\000\000\000\000\000\000\000\000\000\000\000\000\000\000\000""; nodePubKey: ""\003\365\211\205\353\0100\270r\333\225\227Y\025\355!\235\nf\352n\302\032\014\344\364\324\262\351""\225OF""; closeTime: 803891983; signature: ""0E\002!\000\213W0\032""\367\321\313\250WwfTq\235\n\020\205]\021f\333?\2346+p;\2502ZS\002 \004!6\023 \024\337\267Q<\003\345\351R\334\3618|4\320\214\367H \025\313M\010c""\232\210""; previousledger: ""t\361\032\213\221\243\004\006][\376s\340\253\234K}\\013\0362\202`\234\371~d\0310\204\264,""; "
1750576784791,1750576784791,1529,1,2,0,TMProposeSet,"proposeSeq: 0; currentTxHash: ""\000\000\000\000\000\000\000\000\000\000\000\000\000\000\000\000\000\000\000\000\000\000\000\000\000\000\000\000\000\000\000\000""; nodePubKey: ""\003\365\211\205\353\0100\270r\333\225\227Y\025\355!\235\nf\352n\302\032\014\344\364\324\262\351""\225OF""; closeTime: 803891983; signature: ""0E\002!\000\213W0\032""\367\321\313\250WwfTq\235\n\020\205]\021f\333?\2346+p;\2502ZS\002 \004!6\023 \024\337\267Q<\003\345\351R\334\3618|4\320\214\367H \025\313M\010c""\232\210""; previousledger: ""t\361\032\213\221\243\004\006][\376s\340\253\234K}\\013\0362\202`\234\371~d\0310\204\264,""; ","proposeSeq: 0; currentTxHash: ""\000\000\000\000\000\000\000\000\000\000\000\000\000\000\000\000\000\000\000\000\000\000\000\000\000\000\000\000\000\000\000\000""; nodePubKey: ""\003\365\211\205\353\0100\270r\333\225\227Y\025\355!\235\nf\352n\302\032\014\344\364\324\262\351""\225OF""; closeTime: 803891983; signature: ""0E\002!\000\213W0\032""\367\321\313\250WwfTq\235\n\020\205]\021f\333?\2346+p;\2502ZS\002 \004!6\023 \024\337\267Q<\003\345\351R\334\3618|4\320\214\367H \025\313M\010c""\232\210""; previousledger: ""t\361\032\213\221\243\004\006][\376s\340\253\234K}\\013\0362\202`\234\371~d\0310\204\264,""; "
1750576784813,1750576784813,693,1,3,1,TMValidation,"validation: """"\200\000\000\001&\000\000\000\003)/\352k\016:\337\036c5\254\005\264,Qt\361\032\213\221\243\004\006][\376s\340\253\234K}\\013\0362\202`\234\371~d\0310\204\264,P\027\000\000\000\000\000\000\000\000\000\000\000\000\000\000\000\000\000\000\000\000\000\000\000\000\000\000\000\000\000\000\000\000P\031-}\351f\032\255\274\334m\326c\017\014ao[\342\230\003\245\245\3341Hm\326^\017jy\335\261s!\003i)e\226\372N\250\220\343\313\000^\252ua\277:W\233\010\236\376G>\347\257/\214RJ\t<vF0D\002 {*j\242q\325\013\313^\\305;\022\013K\313Q\316\266LGX\252\000\364B\362\266!\246\307}\002 C\256]\233.\273\375\303G\272,,\355\300\214\201M\373X\005\240k\374\227_*\347\267\355\335\227\277""; ","validation: """"\200\000\000\001&\000\000\000\003)/\352k\016:\337\036c5\254\005\264,Qt\361\032\213\221\243\004\006][\376s\340\253\234K}\\013\0362\202`\234\371~d\0310\204\264,P\027\000\000\000\000\000\000\000\000\000\000\000\000\000\000\000\000\000\000\000\000\000\000\000\000\000\000\000\000\000\000\000\000P\031-}\351f\032\255\274\334m\326c\017\014ao[\342\230\003\245\245\3341Hm\326^\017jy\335\261s!\003i)e\226\372N\250\220\343\313\000^\252ua\277:W\233\010\236\376G>\347\257/\214RJ\t<vF0D\002 {*j\242q\325\013\313^\\305;\022\013K\313Q\316\266LGX\252\000\364B\362\266!\246\307}\002 C\256]\233.\273\375\303G\272,,\355\300\214\201M\373X\005\240k\374\227_*\347\267\355\335\227\277""; "
1750576784813,1750576784813,3256,1,3,2,TMValidation,"validation: """"\200\000\000\001&\000\000\000\003)/\352k\016:\337\036c5\254\005\264,Qt\361\032\213\221\243\004\006][\376s\340\253\234K}\\013\0362\202`\234\371~d\0310\204\264,P\027\000\000\000\000\000\000\000\000\000\000\000\000\000\000\000\000\000\000\000\000\000\000\000\000\000\000\000\000\000\000\000\000P\031-}\351f\032\255\274\334m\326c\017\014ao[\342\230\003\245\245\3341Hm\326^\017jy\335\261s!\003i)e\226\372N\250\220\343\313\000^\252ua\277:W\233\010\236\376G>\347\257/\214RJ\t<vF0D\002 {*j\242q\325\013\313^\\305;\022\013K\313Q\316\266LGX\252\000\364B\362\266!\246\307}\002 C\256]\233.\273\375\303G\272,,\355\300\214\201M\373X\005\240k\374\227_*\347\267\355\335\227\277""; ","validation: """"\200\000\000\001&\000\000\000\003)/\352k\016:\337\036c5\254\005\264,Qt\361\032\213\221\243\004\006][\376s\340\253\234K}\\013\0362\202`\234\371~d\0310\204\264,P\027\000\000\000\000\000\000\000\000\000\000\000\000\000\000\000\000\000\000\000\000\000\000\000\000\000\000\000\000\000\000\000\000P\031-}\351f\032\255\274\334m\326c\017\014ao[\342\230\003\245\245\3341Hm\326^\017jy\335\261s!\003i)e\226\372N\250\220\343\313\000^\252ua\277:W\233\010\236\376G>\347\257/\214RJ\t<vF0D\002 {*j\242q\325\013\313^\\305;\022\013K\313Q\316\266LGX\252\000\364B\362\266!\246\307}\002 C\256]\233.\273\375\303G\272,,\355\300\214\201M\373X\005\240k\374\227_*\347\267\355\335\227\277""; "
1750576784813,1750576784814,1663,1,3,0,TMValidation,"validation: """"\200\000\000\001&\000\000\000\003)/\352k\016:\337\036c5\254\005\264,Qt\361\032\213\221\243\004\006][\376s\340\253\234K}\\013\0362\202`\234\371~d\0310\204\264,P\027\000\000\000\000\000\000\000\000\000\000\000\000\000\000\000\000\000\000\000\000\000\000\000\000\000\000\000\000\000\000\000\000P\031-}\351f\032\255\274\334m\326c\017\014ao[\342\230\003\245\245\3341Hm\326^\017jy\335\261s!\003i)e\226\372N\250\220\343\313\000^\252ua\277:W\233\010\236\376G>\347\257/\214RJ\t<vF0D\002 {*j\242q\325\013\313^\\305;\022\013K\313Q\316\266LGX\252\000\364B\362\266!\246\307}\002 C\256]\233.\273\375\303G\272,,\355\300\214\201M\373X\005\240k\374\227_*\347\267\355\335\227\277""; ","validation: """"\200\000\000\001&\000\000\000\003)/\352k\016:\337\036c5\254\005\264,Qt\361\032\213\221\243\004\006][\376s\340\253\234K}\\013\0362\202`\234\371~d\0310\204\264,P\027\000\000\000\000\000\000\000\000\000\000\000\000\000\000\000\000\000\000\000\000\000\000\000\000\000\000\000\000\000\000\000\000P\031-}\351f\032\255\274\334m\326c\017\014ao[\342\230\003\245\245\3341Hm\326^\017jy\335\261s!\003i)e\226\372N\250\220\343\313\000^\252ua\277:W\233\010\236\376G>\347\257/\214RJ\t<vF0D\002 {*j\242q\325\013\313^\\305;\022\013K\313Q\316\266LGX\252\000\364B\362\266!\246\307}\002 C\256]\233.\273\375\303G\272,,\355\300\214\201M\373X\005\240k\374\227_*\347\267\355\335\227\277""; "
1750576784835,1750576784835,746,1,3,2,TMProposeSet,"proposeSeq: 0; currentTxHash: ""\000\000\000\000\000\000\000\000\000\000\000\000\000\000\000\000\000\000\000\000\000\000\000\000\000\000\000\000\000\000\000\000""; nodePubKey: ""\003i)e\226\372N\250\220\343\313\000^\252ua\277:W\233\010\236\376G>\347\257/\214RJ\t<""; closeTime: 803891983; signature: ""0D\002 \024\276\007>BbA\374\202E\024\202\316\344P\304\223\t=\345f\036\3530W\213hYTC\\245\002 V\261\031\222\337R\374\356\375'\005\020\276\315\340\306\374z\262\333\307\332\265\274\001uD\315\016\236|\231""; previousledger: ""t\361\032\213\221\243\004\006][\376s\340\253\234K}\\013\0362\202`\234\371~d\0310\204\264,""; ","proposeSeq: 0; currentTxHash: ""\000\000\000\000\000\000\000\000\000\000\000\000\000\000\000\000\000\000\000\000\000\000\000\000\000\000\000\000\000\000\000\000""; nodePubKey: ""\003i)e\226\372N\250\220\343\313\000^\252ua\277:W\233\010\236\376G>\347\257/\214RJ\t<""; closeTime: 803891983; signature: ""0D\002 \024\276\007>BbA\374\202E\024\202\316\344P\304\223\t=\345f\036\3530W\213hYTC\\245\002 V\261\031\222\337R\374\356\375'\005\020\276\315\340\306\374z\262\333\307\332\265\274\001uD\315\016\236|\231""; previousledger: ""t\361\032\213\221\243\004\006][\376s\340\253\234K}\\013\0362\202`\234\371~d\0310\204\264,""; "
1750576784836,1750576784836,3637,1,3,4,TMProposeSet,"proposeSeq: 0; currentTxHash: ""\000\000\000\000\000\000\000\000\000\000\000\000\000\000\000\000\000\000\000\000\000\000\000\000\000\000\000\000\000\000\000\000""; nodePubKey: ""\003i)e\226\372N\250\220\343\313\000^\252ua\277:W\233\010\236\376G>\347\257/\214RJ\t<""; closeTime: 803891983; signature: ""0D\002 \024\276\007>BbA\374\202E\024\202\316\344P\304\223\t=\345f\036\3530W\213hYTC\\245\002 V\261\031\222\337R\374\356\375'\005\020\276\315\340\306\374z\262\333\307\332\265\274\001uD\315\016\236|\231""; previousledger: ""t\361\032\213\221\243\004\006][\376s\340\253\234K}\\013\0362\202`\234\371~d\0310\204\264,""; ","proposeSeq: 0; currentTxHash: ""\000\000\000\000\000\000\000\000\000\000\000\000\000\000\000\000\000\000\000\000\000\000\000\000\000\000\000\000\000\000\000\000""; nodePubKey: ""\003i)e\226\372N\250\220\343\313\000^\252ua\277:W\233\010\236\376G>\347\257/\214RJ\t<""; closeTime: 803891983; signature: ""0D\002 \024\276\007>BbA\374\202E\024\202\316\344P\304\223\t=\345f\036\3530W\213hYTC\\245\002 V\261\031\222\337R\374\356\375'\005\020\276\315\340\306\374z\262\333\307\332\265\274\001uD\315\016\236|\231""; previousledger: ""t\361\032\213\221\243\004\006][\376s\340\253\234K}\\013\0362\202`\234\371~d\0310\204\264,""; "
1750576784854,1750576784854,637,1,3,1,TMProposeSet,"proposeSeq: 0; currentTxHash: ""\000\000\000\000\000\000\000\000\000\000\000\000\000\000\000\000\000\000\000\000\000\000\000\000\000\000\000\000\000\000\000\000""; nodePubKey: ""\003i)e\226\372N\250\220\343\313\000^\252ua\277:W\233\010\236\376G>\347\257/\214RJ\t<""; closeTime: 803891983; signature: ""0D\002 \024\276\007>BbA\374\202E\024\202\316\344P\304\223\t=\345f\036\3530W\213hYTC\\245\002 V\261\031\222\337R\374\356\375'\005\020\276\315\340\306\374z\262\333\307\332\265\274\001uD\315\016\236|\231""; previousledger: ""t\361\032\213\221\243\004\006][\376s\340\253\234K}\\013\0362\202`\234\371~d\0310\204\264,""; ","proposeSeq: 0; currentTxHash: ""\000\000\000\000\000\000\000\000\000\000\000\000\000\000\000\000\000\000\000\000\000\000\000\000\000\000\000\000\000\000\000\000""; nodePubKey: ""\003i)e\226\372N\250\220\343\313\000^\252ua\277:W\233\010\236\376G>\347\257/\214RJ\t<""; closeTime: 803891983; signature: ""0D\002 \024\276\007>BbA\374\202E\024\202\316\344P\304\223\t=\345f\036\3530W\213hYTC\\245\002 V\261\031\222\337R\374\356\375'\005\020\276\315\340\306\374z\262\333\307\332\265\274\001uD\315\016\236|\231""; previousledger: ""t\361\032\213\221\243\004\006][\376s\340\253\234K}\\013\0362\202`\234\371~d\0310\204\264,""; "
1750576784894,1750576784894,1033,1,0,4,TMProposeSet,"proposeSeq: 0; currentTxHash: ""\000\000\000\000\000\000\000\000\000\000\000\000\000\000\000\000\000\000\000\000\000\000\000\000\000\000\000\000\000\000\000\000""; nodePubKey: ""\003\365\211\205\353\0100\270r\333\225\227Y\025\355!\235\nf\352n\302\032\014\344\364\324\262\351""\225OF""; closeTime: 803891983; signature: ""0E\002!\000\213W0\032""\367\321\313\250WwfTq\235\n\020\205]\021f\333?\2346+p;\2502ZS\002 \004!6\023 \024\337\267Q<\003\345\351R\334\3618|4\320\214\367H \025\313M\010c""\232\210""; previousledger: ""t\361\032\213\221\243\004\006][\376s\340\253\234K}\\013\0362\202`\234\371~d\0310\204\264,""; ","proposeSeq: 0; currentTxHash: ""\000\000\000\000\000\000\000\000\000\000\000\000\000\000\000\000\000\000\000\000\000\000\000\000\000\000\000\000\000\000\000\000""; nodePubKey: ""\003\365\211\205\353\0100\270r\333\225\227Y\025\355!\235\nf\352n\302\032\014\344\364\324\262\351""\225OF""; closeTime: 803891983; signature: ""0E\002!\000\213W0\032""\367\321\313\250WwfTq\235\n\020\205]\021f\333?\2346+p;\2502ZS\002 \004!6\023 \024\337\267Q<\003\345\351R\334\3618|4\320\214\367H \025\313M\010c""\232\210""; previousledger: ""t\361\032\213\221\243\004\006][\376s\340\253\234K}\\013\0362\202`\234\371~d\0310\204\264,""; "
1750576784895,1750576784895,920,1,0,3,TMProposeSet,"proposeSeq: 0; currentTxHash: ""\000\000\000\000\000\000\000\000\000\000\000\000\000\000\000\000\000\000\000\000\000\000\000\000\000\000\000\000\000\000\000\000""; nodePubKey: ""\003\365\211\205\353\0100\270r\333\225\227Y\025\355!\235\nf\352n\302\032\014\344\364\324\262\351""\225OF""; closeTime: 803891983; signature: ""0E\002!\000\213W0\032""\367\321\313\250WwfTq\235\n\020\205]\021f\333?\2346+p;\2502ZS\002 \004!6\023 \024\337\267Q<\003\345\351R\334\3618|4\320\214\367H \025\313M\010c""\232\210""; previousledger: ""t\361\032\213\221\243\004\006][\376s\340\253\234K}\\013\0362\202`\234\371~d\0310\204\264,""; ","proposeSeq: 0; currentTxHash: ""\000\000\000\000\000\000\000\000\000\000\000\000\000\000\000\000\000\000\000\000\000\000\000\000\000\000\000\000\000\000\000\000""; nodePubKey: ""\003\365\211\205\353\0100\270r\333\225\227Y\025\355!\235\nf\352n\302\032\014\344\364\324\262\351""\225OF""; closeTime: 803891983; signature: ""0E\002!\000\213W0\032""\367\321\313\250WwfTq\235\n\020\205]\021f\333?\2346+p;\2502ZS\002 \004!6\023 \024\337\267Q<\003\345\351R\334\3618|4\320\214\367H \025\313M\010c""\232\210""; previousledger: ""t\361\032\213\221\243\004\006][\376s\340\253\234K}\\013\0362\202`\234\371~d\0310\204\264,""; "
1750576784895,1750576784896,1134,1,0,2,TMProposeSet,"proposeSeq: 0; currentTxHash: ""\000\000\000\000\000\000\000\000\000\000\000\000\000\000\000\000\000\000\000\000\000\000\000\000\000\000\000\000\000\000\000\000""; nodePubKey: ""\003\365\211\205\353\0100\270r\333\225\227Y\025\355!\235\nf\352n\302\032\014\344\364\324\262\351""\225OF""; closeTime: 803891983; signature: ""0E\002!\000\213W0\032""\367\321\313\250WwfTq\235\n\020\205]\021f\333?\2346+p;\2502ZS\002 \004!6\023 \024\337\267Q<\003\345\351R\334\3618|4\320\214\367H \025\313M\010c""\232\210""; previousledger: ""t\361\032\213\221\243\004\006][\376s\340\253\234K}\\013\0362\202`\234\371~d\0310\204\264,""; ","proposeSeq: 0; currentTxHash: ""\000\000\000\000\000\000\000\000\000\000\000\000\000\000\000\000\000\000\000\000\000\000\000\000\000\000\000\000\000\000\000\000""; nodePubKey: ""\003\365\211\205\353\0100\270r\333\225\227Y\025\355!\235\nf\352n\302\032\014\344\364\324\262\351""\225OF""; closeTime: 803891983; signature: ""0E\002!\000\213W0\032""\367\321\313\250WwfTq\235\n\020\205]\021f\333?\2346+p;\2502ZS\002 \004!6\023 \024\337\267Q<\003\345\351R\334\3618|4\320\214\367H \025\313M\010c""\232\210""; previousledger: ""t\361\032\213\221\243\004\006][\376s\340\253\234K}\\013\0362\202`\234\371~d\0310\204\264,""; "
1750576784947,1750576784947,1657,1,1,4,TMProposeSet,"proposeSeq: 0; currentTxHash: ""\000\000\000\000\000\000\000\000\000\000\000\000\000\000\000\000\000\000\000\000\000\000\000\000\000\000\000\000\000\000\000\000""; nodePubKey: ""\003i)e\226\372N\250\220\343\313\000^\252ua\277:W\233\010\236\376G>\347\257/\214RJ\t<""; closeTime: 803891983; signature: ""0D\002 \024\276\007>BbA\374\202E\024\202\316\344P\304\223\t=\345f\036\3530W\213hYTC\\245\002 V\261\031\222\337R\374\356\375'\005\020\276\315\340\306\374z\262\333\307\332\265\274\001uD\315\016\236|\231""; previousledger: ""t\361\032\213\221\243\004\006][\376s\340\253\234K}\\013\0362\202`\234\371~d\0310\204\264,""; ","proposeSeq: 0; currentTxHash: ""\000\000\000\000\000\000\000\000\000\000\000\000\000\000\000\000\000\000\000\000\000\000\000\000\000\000\000\000\000\000\000\000""; nodePubKey: ""\003i)e\226\372N\250\220\343\313\000^\252ua\277:W\233\010\236\376G>\347\257/\214RJ\t<""; closeTime: 803891983; signature: ""0D\002 \024\276\007>BbA\374\202E\024\202\316\344P\304\223\t=\345f\036\3530W\213hYTC\\245\002 V\261\031\222\337R\374\356\375'\005\020\276\315\340\306\374z\262\333\307\332\265\274\001uD\315\016\236|\231""; previousledger: ""t\361\032\213\221\243\004\006][\376s\340\253\234K}\\013\0362\202`\234\371~d\0310\204\264,""; "
1750576784948,1750576784948,3734,1,1,2,TMProposeSet,"proposeSeq: 0; currentTxHash: ""\000\000\000\000\000\000\000\000\000\000\000\000\000\000\000\000\000\000\000\000\000\000\000\000\000\000\000\000\000\000\000\000""; nodePubKey: ""\003i)e\226\372N\250\220\343\313\000^\252ua\277:W\233\010\236\376G>\347\257/\214RJ\t<""; closeTime: 803891983; signature: ""0D\002 \024\276\007>BbA\374\202E\024\202\316\344P\304\223\t=\345f\036\3530W\213hYTC\\245\002 V\261\031\222\337R\374\356\375'\005\020\276\315\340\306\374z\262\333\307\332\265\274\001uD\315\016\236|\231""; previousledger: ""t\361\032\213\221\243\004\006][\376s\340\253\234K}\\013\0362\202`\234\371~d\0310\204\264,""; ","proposeSeq: 0; currentTxHash: ""\000\000\000\000\000\000\000\000\000\000\000\000\000\000\000\000\000\000\000\000\000\000\000\000\000\000\000\000\000\000\000\000""; nodePubKey: ""\003i)e\226\372N\250\220\343\313\000^\252ua\277:W\233\010\236\376G>\347\257/\214RJ\t<""; closeTime: 803891983; signature: ""0D\002 \024\276\007>BbA\374\202E\024\202\316\344P\304\223\t=\345f\036\3530W\213hYTC\\245\002 V\261\031\222\337R\374\356\375'\005\020\276\315\340\306\374z\262\333\307\332\265\274\001uD\315\016\236|\231""; previousledger: ""t\361\032\213\221\243\004\006][\376s\340\253\234K}\\013\0362\202`\234\371~d\0310\204\264,""; "
1750576784949,1750576784950,2687,1,1,3,TMProposeSet,"proposeSeq: 0; currentTxHash: ""\000\000\000\000\000\000\000\000\000\000\000\000\000\000\000\000\000\000\000\000\000\000\000\000\000\000\000\000\000\000\000\000""; nodePubKey: ""\003i)e\226\372N\250\220\343\313\000^\252ua\277:W\233\010\236\376G>\347\257/\214RJ\t<""; closeTime: 803891983; signature: ""0D\002 \024\276\007>BbA\374\202E\024\202\316\344P\304\223\t=\345f\036\3530W\213hYTC\\245\002 V\261\031\222\337R\374\356\375'\005\020\276\315\340\306\374z\262\333\307\332\265\274\001uD\315\016\236|\231""; previousledger: ""t\361\032\213\221\243\004\006][\376s\340\253\234K}\\013\0362\202`\234\371~d\0310\204\264,""; ","proposeSeq: 0; currentTxHash: ""\000\000\000\000\000\000\000\000\000\000\000\000\000\000\000\000\000\000\000\000\000\000\000\000\000\000\000\000\000\000\000\000""; nodePubKey: ""\003i)e\226\372N\250\220\343\313\000^\252ua\277:W\233\010\236\376G>\347\257/\214RJ\t<""; closeTime: 803891983; signature: ""0D\002 \024\276\007>BbA\374\202E\024\202\316\344P\304\223\t=\345f\036\3530W\213hYTC\\245\002 V\261\031\222\337R\374\356\375'\005\020\276\315\340\306\374z\262\333\307\332\265\274\001uD\315\016\236|\231""; previousledger: ""t\361\032\213\221\243\004\006][\376s\340\253\234K}\\013\0362\202`\234\371~d\0310\204\264,""; "
1750576784992,1750576784992,3064,1,4,3,TMProposeSet,"proposeSeq: 0; currentTxHash: ""\000\000\000\000\000\000\000\000\000\000\000\000\000\000\000\000\000\000\000\000\000\000\000\000\000\000\000\000\000\000\000\000""; nodePubKey: ""\003i)e\226\372N\250\220\343\313\000^\252ua\277:W\233\010\236\376G>\347\257/\214RJ\t<""; closeTime: 803891983; signature: ""0D\002 \024\276\007>BbA\374\202E\024\202\316\344P\304\223\t=\345f\036\3530W\213hYTC\\245\002 V\261\031\222\337R\374\356\375'\005\020\276\315\340\306\374z\262\333\307\332\265\274\001uD\315\016\236|\231""; previousledger: ""t\361\032\213\221\243\004\006][\376s\340\253\234K}\\013\0362\202`\234\371~d\0310\204\264,""; ","proposeSeq: 0; currentTxHash: ""\000\000\000\000\000\000\000\000\000\000\000\000\000\000\000\000\000\000\000\000\000\000\000\000\000\000\000\000\000\000\000\000""; nodePubKey: ""\003i)e\226\372N\250\220\343\313\000^\252ua\277:W\233\010\236\376G>\347\257/\214RJ\t<""; closeTime: 803891983; signature: ""0D\002 \024\276\007>BbA\374\202E\024\202\316\344P\304\223\t=\345f\036\3530W\213hYTC\\245\002 V\261\031\222\337R\374\356\375'\005\020\276\315\340\306\374z\262\333\307\332\265\274\001uD\315\016\236|\231""; previousledger: ""t\361\032\213\221\243\004\006][\376s\340\253\234K}\\013\0362\202`\234\371~d\0310\204\264,""; "
1750576784992,1750576784992,0,1,4,2,TMProposeSet,"proposeSeq: 0; currentTxHash: ""\000\000\000\000\000\000\000\000\000\000\000\000\000\000\000\000\000\000\000\000\000\000\000\000\000\000\000\000\000\000\000\000""; nodePubKey: ""\003i)e\226\372N\250\220\343\313\000^\252ua\277:W\233\010\236\376G>\347\257/\214RJ\t<""; closeTime: 803891983; signature: ""0D\002 \024\276\007>BbA\374\202E\024\202\316\344P\304\223\t=\345f\036\3530W\213hYTC\\245\002 V\261\031\222\337R\374\356\375'\005\020\276\315\340\306\374z\262\333\307\332\265\274\001uD\315\016\236|\231""; previousledger: ""t\361\032\213\221\243\004\006][\376s\340\253\234K}\\013\0362\202`\234\371~d\0310\204\264,""; ","proposeSeq: 0; currentTxHash: ""\000\000\000\000\000\000\000\000\000\000\000\000\000\000\000\000\000\000\000\000\000\000\000\000\000\000\000\000\000\000\000\000""; nodePubKey: ""\003i)e\226\372N\250\220\343\313\000^\252ua\277:W\233\010\236\376G>\347\257/\214RJ\t<""; closeTime: 803891983; signature: ""0D\002 \024\276\007>BbA\374\202E\024\202\316\344P\304\223\t=\345f\036\3530W\213hYTC\\245\002 V\261\031\222\337R\374\356\375'\005\020\276\315\340\306\374z\262\333\307\332\265\274\001uD\315\016\236|\231""; previousledger: ""t\361\032\213\221\243\004\006][\376s\340\253\234K}\\013\0362\202`\234\371~d\0310\204\264,""; "
1750576784992,1750576784993,2904,1,4,1,TMProposeSet,"proposeSeq: 0; currentTxHash: ""\000\000\000\000\000\000\000\000\000\000\000\000\000\000\000\000\000\000\000\000\000\000\000\000\000\000\000\000\000\000\000\000""; nodePubKey: ""\003i)e\226\372N\250\220\343\313\000^\252ua\277:W\233\010\236\376G>\347\257/\214RJ\t<""; closeTime: 803891983; signature: ""0D\002 \024\276\007>BbA\374\202E\024\202\316\344P\304\223\t=\345f\036\3530W\213hYTC\\245\002 V\261\031\222\337R\374\356\375'\005\020\276\315\340\306\374z\262\333\307\332\265\274\001uD\315\016\236|\231""; previousledger: ""t\361\032\213\221\243\004\006][\376s\340\253\234K}\\013\0362\202`\234\371~d\0310\204\264,""; ","proposeSeq: 0; currentTxHash: ""\000\000\000\000\000\000\000\000\000\000\000\000\000\000\000\000\000\000\000\000\000\000\000\000\000\000\000\000\000\000\000\000""; nodePubKey: ""\003i)e\226\372N\250\220\343\313\000^\252ua\277:W\233\010\236\376G>\347\257/\214RJ\t<""; closeTime: 803891983; signature: ""0D\002 \024\276\007>BbA\374\202E\024\202\316\344P\304\223\t=\345f\036\3530W\213hYTC\\245\002 V\261\031\222\337R\374\356\375'\005\020\276\315\340\306\374z\262\333\307\332\265\274\001uD\315\016\236|\231""; previousledger: ""t\361\032\213\221\243\004\006][\376s\340\253\234K}\\013\0362\202`\234\371~d\0310\204\264,""; "
1750576784995,1750576784996,1630,1,2,3,TMProposeSet,"proposeSeq: 0; currentTxHash: ""\000\000\000\000\000\000\000\000\000\000\000\000\000\000\000\000\000\000\000\000\000\000\000\000\000\000\000\000\000\000\000\000""; nodePubKey: ""\003i)e\226\372N\250\220\343\313\000^\252ua\277:W\233\010\236\376G>\347\257/\214RJ\t<""; closeTime: 803891983; signature: ""0D\002 \024\276\007>BbA\374\202E\024\202\316\344P\304\223\t=\345f\036\3530W\213hYTC\\245\002 V\261\031\222\337R\374\356\375'\005\020\276\315\340\306\374z\262\333\307\332\265\274\001uD\315\016\236|\231""; previousledger: ""t\361\032\213\221\243\004\006][\376s\340\253\234K}\\013\0362\202`\234\371~d\0310\204\264,""; ","proposeSeq: 0; currentTxHash: ""\000\000\000\000\000\000\000\000\000\000\000\000\000\000\000\000\000\000\000\000\000\000\000\000\000\000\000\000\000\000\000\000""; nodePubKey: ""\003i)e\226\372N\250\220\343\313\000^\252ua\277:W\233\010\236\376G>\347\257/\214RJ\t<""; closeTime: 803891983; signature: ""0D\002 \024\276\007>BbA\374\202E\024\202\316\344P\304\223\t=\345f\036\3530W\213hYTC\\245\002 V\261\031\222\337R\374\356\375'\005\020\276\315\340\306\374z\262\333\307\332\265\274\001uD\315\016\236|\231""; previousledger: ""t\361\032\213\221\243\004\006][\376s\340\253\234K}\\013\0362\202`\234\371~d\0310\204\264,""; "
1750576784996,1750576784996,1529,1,2,0,TMProposeSet,"proposeSeq: 0; currentTxHash: ""\000\000\000\000\000\000\000\000\000\000\000\000\000\000\000\000\000\000\000\000\000\000\000\000\000\000\000\000\000\000\000\000""; nodePubKey: ""\003i)e\226\372N\250\220\343\313\000^\252ua\277:W\233\010\236\376G>\347\257/\214RJ\t<""; closeTime: 803891983; signature: ""0D\002 \024\276\007>BbA\374\202E\024\202\316\344P\304\223\t=\345f\036\3530W\213hYTC\\245\002 V\261\031\222\337R\374\356\375'\005\020\276\315\340\306\374z\262\333\307\332\265\274\001uD\315\016\236|\231""; previousledger: ""t\361\032\213\221\243\004\006][\376s\340\253\234K}\\013\0362\202`\234\371~d\0310\204\264,""; ","proposeSeq: 0; currentTxHash: ""\000\000\000\000\000\000\000\000\000\000\000\000\000\000\000\000\000\000\000\000\000\000\000\000\000\000\000\000\000\000\000\000""; nodePubKey: ""\003i)e\226\372N\250\220\343\313\000^\252ua\277:W\233\010\236\376G>\347\257/\214RJ\t<""; closeTime: 803891983; signature: ""0D\002 \024\276\007>BbA\374\202E\024\202\316\344P\304\223\t=\345f\036\3530W\213hYTC\\245\002 V\261\031\222\337R\374\356\375'\005\020\276\315\340\306\374z\262\333\307\332\265\274\001uD\315\016\236|\231""; previousledger: ""t\361\032\213\221\243\004\006][\376s\340\253\234K}\\013\0362\202`\234\371~d\0310\204\264,""; "
1750576784996,1750576784996,1191,1,2,1,TMProposeSet,"proposeSeq: 0; currentTxHash: ""\000\000\000\000\000\000\000\000\000\000\000\000\000\000\000\000\000\000\000\000\000\000\000\000\000\000\000\000\000\000\000\000""; nodePubKey: ""\003i)e\226\372N\250\220\343\313\000^\252ua\277:W\233\010\236\376G>\347\257/\214RJ\t<""; closeTime: 803891983; signature: ""0D\002 \024\276\007>BbA\374\202E\024\202\316\344P\304\223\t=\345f\036\3530W\213hYTC\\245\002 V\261\031\222\337R\374\356\375'\005\020\276\315\340\306\374z\262\333\307\332\265\274\001uD\315\016\236|\231""; previousledger: ""t\361\032\213\221\243\004\006][\376s\340\253\234K}\\013\0362\202`\234\371~d\0310\204\264,""; ","proposeSeq: 0; currentTxHash: ""\000\000\000\000\000\000\000\000\000\000\000\000\000\000\000\000\000\000\000\000\000\000\000\000\000\000\000\000\000\000\000\000""; nodePubKey: ""\003i)e\226\372N\250\220\343\313\000^\252ua\277:W\233\010\236\376G>\347\257/\214RJ\t<""; closeTime: 803891983; signature: ""0D\002 \024\276\007>BbA\374\202E\024\202\316\344P\304\223\t=\345f\036\3530W\213hYTC\\245\002 V\261\031\222\337R\374\356\375'\005\020\276\315\340\306\374z\262\333\307\332\265\274\001uD\315\016\236|\231""; previousledger: ""t\361\032\213\221\243\004\006][\376s\340\253\234K}\\013\0362\202`\234\371~d\0310\204\264,""; "
1750576785065,1750576785065,1657,1,1,4,TMProposeSet,"proposeSeq: 0; currentTxHash: ""\000\000\000\000\000\000\000\000\000\000\000\000\000\000\000\000\000\000\000\000\000\000\000\000\000\000\000\000\000\000\000\000""; nodePubKey: ""\003\371#:S\022\X\277\344\034\253'\365\230\361\211p\037\000R\265\215-7o\002\210\025\275\344qQ""; closeTime: 803891983; signature: ""0E\002!\000\315w6\r\370k\004}\317\225c\0327\207\212\343\357\216s\22186',\376\206\373&\270X\334X\002 \021`\317@\370\244\036\243/\246\331\375(v\334\254:\003}\375\224\323\237]W\307\306)A\373\342\236""; previousledger: ""t\361\032\213\221\243\004\006][\376s\340\253\234K}\\013\0362\202`\234\371~d\0310\204\264,""; ","proposeSeq: 0; currentTxHash: ""\000\000\000\000\000\000\000\000\000\000\000\000\000\000\000\000\000\000\000\000\000\000\000\000\000\000\000\000\000\000\000\000""; nodePubKey: ""\003\371#:S\022\X\277\344\034\253'\365\230\361\211p\037\000R\265\215-7o\002\210\025\275\344qQ""; closeTime: 803891983; signature: ""0E\002!\000\315w6\r\370k\004}\317\225c\0327\207\212\343\357\216s\22186',\376\206\373&\270X\334X\002 \021`\317@\370\244\036\243/\246\331\375(v\334\254:\003}\375\224\323\237]W\307\306)A\373\342\236""; previousledger: ""t\361\032\213\221\243\004\006][\376s\340\253\234K}\\013\0362\202`\234\371~d\0310\204\264,""; "
1750576785066,1750576785066,252,1,1,0,TMProposeSet,"proposeSeq: 0; currentTxHash: ""\000\000\000\000\000\000\000\000\000\000\000\000\000\000\000\000\000\000\000\000\000\000\000\000\000\000\000\000\000\000\000\000""; nodePubKey: ""\003\371#:S\022\X\277\344\034\253'\365\230\361\211p\037\000R\265\215-7o\002\210\025\275\344qQ""; closeTime: 803891983; signature: ""0E\002!\000\315w6\r\370k\004}\317\225c\0327\207\212\343\357\216s\22186',\376\206\373&\270X\334X\002 \021`\317@\370\244\036\243/\246\331\375(v\334\254:\003}\375\224\323\237]W\307\306)A\373\342\236""; previousledger: ""t\361\032\213\221\243\004\006][\376s\340\253\234K}\\013\0362\202`\234\371~d\0310\204\264,""; ","proposeSeq: 0; currentTxHash: ""\000\000\000\000\000\000\000\000\000\000\000\000\000\000\000\000\000\000\000\000\000\000\000\000\000\000\000\000\000\000\000\000""; nodePubKey: ""\003\371#:S\022\X\277\344\034\253'\365\230\361\211p\037\000R\265\215-7o\002\210\025\275\344qQ""; closeTime: 803891983; signature: ""0E\002!\000\315w6\r\370k\004}\317\225c\0327\207\212\343\357\216s\22186',\376\206\373&\270X\334X\002 \021`\317@\370\244\036\243/\246\331\375(v\334\254:\003}\375\224\323\237]W\307\306)A\373\342\236""; previousledger: ""t\361\032\213\221\243\004\006][\376s\340\253\234K}\\013\0362\202`\234\371~d\0310\204\264,""; "
1750576785066,1750576785066,2687,1,1,3,TMProposeSet,"proposeSeq: 0; currentTxHash: ""\000\000\000\000\000\000\000\000\000\000\000\000\000\000\000\000\000\000\000\000\000\000\000\000\000\000\000\000\000\000\000\000""; nodePubKey: ""\003\371#:S\022\X\277\344\034\253'\365\230\361\211p\037\000R\265\215-7o\002\210\025\275\344qQ""; closeTime: 803891983; signature: ""0E\002!\000\315w6\r\370k\004}\317\225c\0327\207\212\343\357\216s\22186',\376\206\373&\270X\334X\002 \021`\317@\370\244\036\243/\246\331\375(v\334\254:\003}\375\224\323\237]W\307\306)A\373\342\236""; previousledger: ""t\361\032\213\221\243\004\006][\376s\340\253\234K}\\013\0362\202`\234\371~d\0310\204\264,""; ","proposeSeq: 0; currentTxHash: ""\000\000\000\000\000\000\000\000\000\000\000\000\000\000\000\000\000\000\000\000\000\000\000\000\000\000\000\000\000\000\000\000""; nodePubKey: ""\003\371#:S\022\X\277\344\034\253'\365\230\361\211p\037\000R\265\215-7o\002\210\025\275\344qQ""; closeTime: 803891983; signature: ""0E\002!\000\315w6\r\370k\004}\317\225c\0327\207\212\343\357\216s\22186',\376\206\373&\270X\334X\002 \021`\317@\370\244\036\243/\246\331\375(v\334\254:\003}\375\224\323\237]W\307\306)A\373\342\236""; previousledger: ""t\361\032\213\221\243\004\006][\376s\340\253\234K}\\013\0362\202`\234\371~d\0310\204\264,""; "
1750576785109,1750576785109,3536,1,0,4,TMTransaction,"rawTransaction: ""\022\000\000""\000\000\000\000$\000\000\000\001 \033\000\000\000\027a@\000\000\027H\206*@h@\000\000\000\000\000\000\ns!\0030\347\374\235V\273%\326\211;\243\363\027\256[\3173\263)\033\326=\263&T\243\023""/\177\320 tF0D\002 \014\314\035Q\013\024\007#!V\226\203\367v\035\022\010\371\300\031\2504\375\257t\2237tP\325\275\253\002 \004\315\330}\010\n\332$Y\321\201W\345_\202\272!\205\342\242\303\2712\365\370\303\300\3111\006\270>\201\024\265\367by\212S\325C\240\024\312\370\262\227\317\370\362\3717\350\203\024~\370\204.\271t7\270\261\211a[\344\344\246\243S\317\021 ""; status: tsCURRENT; receiveTimestamp: 803891985; deferred: false; ","rawTransaction: ""\022\000\000""\000\000\000\000$\000\000\000\001 \033\000\000\000\027a@\000\000\027H\206*@h@\000\000\000\000\000\000\ns!\0030\347\374\235V\273%\326\211;\243\363\027\256[\3173\263)\033\326=\263&T\243\023""/\177\320 tF0D\002 \014\314\035Q\013\024\007#!V\226\203\367v\035\022\010\371\300\031\2504\375\257t\2237tP\325\275\253\002 \004\315\330}\010\n\332$Y\321\201W\345_\202\272!\205\342\242\303\2712\365\370\303\300\3111\006\270>\201\024\265\367by\212S\325C\240\024\312\370\262\227\317\370\362\3717\350\203\024~\370\204.\271t7\270\261\211a[\344\344\246\243S\317\021 ""; status: tsCURRENT; receiveTimestamp: 803891985; deferred: false; "
1750576785109,1750576785110,84,1,0,3,TMTransaction,"rawTransaction: ""\022\000\000""\000\000\000\000$\000\000\000\001 \033\000\000\000\027a@\000\000\027H\206*@h@\000\000\000\000\000\000\ns!\0030\347\374\235V\273%\326\211;\243\363\027\256[\3173\263)\033\326=\263&T\243\023""/\177\320 tF0D\002 \014\314\035Q\013\024\007#!V\226\203\367v\035\022\010\371\300\031\2504\375\257t\2237tP\325\275\253\002 \004\315\330}\010\n\332$Y\321\201W\345_\202\272!\205\342\242\303\2712\365\370\303\300\3111\006\270>\201\024\265\367by\212S\325C\240\024\312\370\262\227\317\370\362\3717\350\203\024~\370\204.\271t7\270\261\211a[\344\344\246\243S\317\021 ""; status: tsCURRENT; receiveTimestamp: 803891985; deferred: false; ","rawTransaction: ""\022\000\000""\000\000\000\000$\000\000\000\001 \033\000\000\000\027a@\000\000\027H\206*@h@\000\000\000\000\000\000\ns!\0030\347\374\235V\273%\326\211;\243\363\027\256[\3173\263)\033\326=\263&T\243\023""/\177\320 tF0D\002 \014\314\035Q\013\024\007#!V\226\203\367v\035\022\010\371\300\031\2504\375\257t\2237tP\325\275\253\002 \004\315\330}\010\n\332$Y\321\201W\345_\202\272!\205\342\242\303\2712\365\370\303\300\3111\006\270>\201\024\265\367by\212S\325C\240\024\312\370\262\227\317\370\362\3717\350\203\024~\370\204.\271t7\270\261\211a[\344\344\246\243S\317\021 ""; status: tsCURRENT; receiveTimestamp: 803891985; deferred: false; "
1750576785109,1750576785111,1351,1,0,2,TMTransaction,"rawTransaction: ""\022\000\000""\000\000\000\000$\000\000\000\001 \033\000\000\000\027a@\000\000\027H\206*@h@\000\000\000\000\000\000\ns!\0030\347\374\235V\273%\326\211;\243\363\027\256[\3173\263)\033\326=\263&T\243\023""/\177\320 tF0D\002 \014\314\035Q\013\024\007#!V\226\203\367v\035\022\010\371\300\031\2504\375\257t\2237tP\325\275\253\002 \004\315\330}\010\n\332$Y\321\201W\345_\202\272!\205\342\242\303\2712\365\370\303\300\3111\006\270>\201\024\265\367by\212S\325C\240\024\312\370\262\227\317\370\362\3717\350\203\024~\370\204.\271t7\270\261\211a[\344\344\246\243S\317\021 ""; status: tsCURRENT; receiveTimestamp: 803891985; deferred: false; ","rawTransaction: ""\022\000\000""\000\000\000\000$\000\000\000\001 \033\000\000\000\027a@\000\000\027H\206*@h@\000\000\000\000\000\000\ns!\0030\347\374\235V\273%\326\211;\243\363\027\256[\3173\263)\033\326=\263&T\243\023""/\177\320 tF0D\002 \014\314\035Q\013\024\007#!V\226\203\367v\035\022\010\371\300\031\2504\375\257t\2237tP\325\275\253\002 \004\315\330}\010\n\332$Y\321\201W\345_\202\272!\205\342\242\303\2712\365\370\303\300\3111\006\270>\201\024\265\367by\212S\325C\240\024\312\370\262\227\317\370\362\3717\350\203\024~\370\204.\271t7\270\261\211a[\344\344\246\243S\317\021 ""; status: tsCURRENT; receiveTimestamp: 803891985; deferred: false; "
1750576785120,1750576785120,367,1,2,4,TMValidation,"validation: """"\200\000\000\001&\000\000\000\003)/\352k\016:\327x\272\020JyerQt\361\032\213\221\243\004\006][\376s\340\253\234K}\\013\0362\202`\234\371~d\0310\204\264,P\027\000\000\000\000\000\000\000\000\000\000\000\000\000\000\000\000\000\000\000\000\000\000\000\000\000\000\000\000\000\000\000\000P\031-}\351f\032\255\274\334m\326c\017\014ao[\342\230\003\245\245\3341Hm\326^\017jy\335\261s!\003\365\211\205\353\0100\270r\333\225\227Y\025\355!\235\nf\352n\302\032\014\344\364\324\262\351""\225OFvF0D\002 s>9q\034\330\364\223\302;,\205\313rx\266\221v\223?R4p\022\337\242\217\003\214\202\010\374\002 r""\201'\203W\rNC\251\316%[\177\213\263\220\t\301\2233\002\255hs\335\231ZXaD\357""; ","validation: """"\200\000\000\001&\000\000\000\003)/\352k\016:\327x\272\020JyerQt\361\032\213\221\243\004\006][\376s\340\253\234K}\\013\0362\202`\234\371~d\0310\204\264,P\027\000\000\000\000\000\000\000\000\000\000\000\000\000\000\000\000\000\000\000\000\000\000\000\000\000\000\000\000\000\000\000\000P\031-}\351f\032\255\274\334m\326c\017\014ao[\342\230\003\245\245\3341Hm\326^\017jy\335\261s!\003\365\211\205\353\0100\270r\333\225\227Y\025\355!\235\nf\352n\302\032\014\344\364\324\262\351""\225OFvF0D\002 s>9q\034\330\364\223\302;,\205\313rx\266\221v\223?R4p\022\337\242\217\003\214\202\010\374\002 r""\201'\203W\rNC\251\316%[\177\213\263\220\t\301\2233\002\255hs\335\231ZXaD\357""; "
1750576785121,1750576785121,1842,1,2,3,TMValidation,"validation: """"\200\000\000\001&\000\000\000\003)/\352k\016:\327x\272\020JyerQt\361\032\213\221\243\004\006][\376s\340\253\234K}\\013\0362\202`\234\371~d\0310\204\264,P\027\000\000\000\000\000\000\000\000\000\000\000\000\000\000\000\000\000\000\000\000\000\000\000\000\000\000\000\000\000\000\000\000P\031-}\351f\032\255\274\334m\326c\017\014ao[\342\230\003\245\245\3341Hm\326^\017jy\335\261s!\003\365\211\205\353\0100\270r\333\225\227Y\025\355!\235\nf\352n\302\032\014\344\364\324\262\351""\225OFvF0D\002 s>9q\034\330\364\223\302;,\205\313rx\266\221v\223?R4p\022\337\242\217\003\214\202\010\374\002 r""\201'\203W\rNC\251\316%[\177\213\263\220\t\301\2233\002\255hs\335\231ZXaD\357""; ","validation: """"\200\000\000\001&\000\000\000\003)/\352k\016:\327x\272\020JyerQt\361\032\213\221\243\004\006][\376s\340\253\234K}\\013\0362\202`\234\371~d\0310\204\264,P\027\000\000\000\000\000\000\000\000\000\000\000\000\000\000\000\000\000\000\000\000\000\000\000\000\000\000\000\000\000\000\000\000P\031-}\351f\032\255\274\334m\326c\017\014ao[\342\230\003\245\245\3341Hm\326^\017jy\335\261s!\003\365\211\205\353\0100\270r\333\225\227Y\025\355!\235\nf\352n\302\032\014\344\364\324\262\351""\225OFvF0D\002 s>9q\034\330\364\223\302;,\205\313rx\266\221v\223?R4p\022\337\242\217\003\214\202\010\374\002 r""\201'\203W\rNC\251\316%[\177\213\263\220\t\301\2233\002\255hs\335\231ZXaD\357""; "
1750576785120,1750576785120,3070,1,2,1,TMValidation,"validation: """"\200\000\000\001&\000\000\000\003)/\352k\016:\327x\272\020JyerQt\361\032\213\221\243\004\006][\376s\340\253\234K}\\013\0362\202`\234\371~d\0310\204\264,P\027\000\000\000\000\000\000\000\000\000\000\000\000\000\000\000\000\000\000\000\000\000\000\000\000\000\000\000\000\000\000\000\000P\031-}\351f\032\255\274\334m\326c\017\014ao[\342\230\003\245\245\3341Hm\326^\017jy\335\261s!\003\365\211\205\353\0100\270r\333\225\227Y\025\355!\235\nf\352n\302\032\014\344\364\324\262\351""\225OFvF0D\002 s>9q\034\330\364\223\302;,\205\313rx\266\221v\223?R4p\022\337\242\217\003\214\202\010\374\002 r""\201'\203W\rNC\251\316%[\177\213\263\220\t\301\2233\002\255hs\335\231ZXaD\357""; ","validation: """"\200\000\000\001&\000\000\000\003)/\352k\016:\327x\272\020JyerQt\361\032\213\221\243\004\006][\376s\340\253\234K}\\013\0362\202`\234\371~d\0310\204\264,P\027\000\000\000\000\000\000\000\000\000\000\000\000\000\000\000\000\000\000\000\000\000\000\000\000\000\000\000\000\000\000\000\000P\031-}\351f\032\255\274\334m\326c\017\014ao[\342\230\003\245\245\3341Hm\326^\017jy\335\261s!\003\365\211\205\353\0100\270r\333\225\227Y\025\355!\235\nf\352n\302\032\014\344\364\324\262\351""\225OFvF0D\002 s>9q\034\330\364\223\302;,\205\313rx\266\221v\223?R4p\022\337\242\217\003\214\202\010\374\002 r""\201'\203W\rNC\251\316%[\177\213\263\220\t\301\2233\002\255hs\335\231ZXaD\357""; "
1750576785185,1750576785185,1842,1,2,3,TMValidation,"validation: """"\200\000\000\001&\000\000\000\003)/\352k\016:""\223\371\016\340l;\316Qt\361\032\213\221\243\004\006][\376s\340\253\234K}\\013\0362\202`\234\371~d\0310\204\264,P\027\000\000\000\000\000\000\000\000\000\000\000\000\000\000\000\000\000\000\000\000\000\000\000\000\000\000\000\000\000\000\000\000P\031-}\351f\032\255\274\334m\326c\017\014ao[\342\230\003\245\245\3341Hm\326^\017jy\335\261s!\003\371#:S\022\X\277\344\034\253'\365\230\361\211p\037\000R\265\215-7o\002\210\025\275\344qQvG0E\002!\000\367\302\213>o$\210U^\247\320Q+\316V\241\315\241\003\217\202\360\036\246\246+#\264\262C\2271\002 &\257\025""\323R\026\372U83\210\256\241\220\366\351\217\257F@nP\241""\013&\261L\t\260f""; ","validation: """"\200\000\000\001&\000\000\000\003)/\352k\016:""\223\371\016\340l;\316Qt\361\032\213\221\243\004\006][\376s\340\253\234K}\\013\0362\202`\234\371~d\0310\204\264,P\027\000\000\000\000\000\000\000\000\000\000\000\000\000\000\000\000\000\000\000\000\000\000\000\000\000\000\000\000\000\000\000\000P\031-}\351f\032\255\274\334m\326c\017\014ao[\342\230\003\245\245\3341Hm\326^\017jy\335\261s!\003\371#:S\022\X\277\344\034\253'\365\230\361\211p\037\000R\265\215-7o\002\210\025\275\344qQvG0E\002!\000\367\302\213>o$\210U^\247\320Q+\316V\241\315\241\003\217\202\360\036\246\246+#\264\262C\2271\002 &\257\025""\323R\026\372U83\210\256\241\220\366\351\217\257F@nP\241""\013&\261L\t\260f""; "
1750576785186,1750576785186,367,1,2,4,TMValidation,"validation: """"\200\000\000\001&\000\000\000\003)/\352k\016:""\223\371\016\340l;\316Qt\361\032\213\221\243\004\006][\376s\340\253\234K}\\013\0362\202`\234\371~d\0310\204\264,P\027\000\000\000\000\000\000\000\000\000\000\000\000\000\000\000\000\000\000\000\000\000\000\000\000\000\000\000\000\000\000\000\000P\031-}\351f\032\255\274\334m\326c\017\014ao[\342\230\003\245\245\3341Hm\326^\017jy\335\261s!\003\371#:S\022\X\277\344\034\253'\365\230\361\211p\037\000R\265\215-7o\002\210\025\275\344qQvG0E\002!\000\367\302\213>o$\210U^\247\320Q+\316V\241\315\241\003\217\202\360\036\246\246+#\264\262C\2271\002 &\257\025""\323R\026\372U83\210\256\241\220\366\351\217\257F@nP\241""\013&\261L\t\260f""; ","validation: """"\200\000\000\001&\000\000\000\003)/\352k\016:""\223\371\016\340l;\316Qt\361\032\213\221\243\004\006][\376s\340\253\234K}\\013\0362\202`\234\371~d\0310\204\264,P\027\000\000\000\000\000\000\000\000\000\000\000\000\000\000\000\000\000\000\000\000\000\000\000\000\000\000\000\000\000\000\000\000P\031-}\351f\032\255\274\334m\326c\017\014ao[\342\230\003\245\245\3341Hm\326^\017jy\335\261s!\003\371#:S\022\X\277\344\034\253'\365\230\361\211p\037\000R\265\215-7o\002\210\025\275\344qQvG0E\002!\000\367\302\213>o$\210U^\247\320Q+\316V\241\315\241\003\217\202\360\036\246\246+#\264\262C\2271\002 &\257\025""\323R\026\372U83\210\256\241\220\366\351\217\257F@nP\241""\013&\261L\t\260f""; "
1750576785186,1750576785187,3070,1,2,1,TMValidation,"validation: """"\200\000\000\001&\000\000\000\003)/\352k\016:""\223\371\016\340l;\316Qt\361\032\213\221\243\004\006][\376s\340\253\234K}\\013\0362\202`\234\371~d\0310\204\264,P\027\000\000\000\000\000\000\000\000\000\000\000\000\000\000\000\000\000\000\000\000\000\000\000\000\000\000\000\000\000\000\000\000P\031-}\351f\032\255\274\334m\326c\017\014ao[\342\230\003\245\245\3341Hm\326^\017jy\335\261s!\003\371#:S\022\X\277\344\034\253'\365\230\361\211p\037\000R\265\215-7o\002\210\025\275\344qQvG0E\002!\000\367\302\213>o$\210U^\247\320Q+\316V\241\315\241\003\217\202\360\036\246\246+#\264\262C\2271\002 &\257\025""\323R\026\372U83\210\256\241\220\366\351\217\257F@nP\241""\013&\261L\t\260f""; ","validation: """"\200\000\000\001&\000\000\000\003)/\352k\016:""\223\371\016\340l;\316Qt\361\032\213\221\243\004\006][\376s\340\253\234K}\\013\0362\202`\234\371~d\0310\204\264,P\027\000\000\000\000\000\000\000\000\000\000\000\000\000\000\000\000\000\000\000\000\000\000\000\000\000\000\000\000\000\000\000\000P\031-}\351f\032\255\274\334m\326c\017\014ao[\342\230\003\245\245\3341Hm\326^\017jy\335\261s!\003\371#:S\022\X\277\344\034\253'\365\230\361\211p\037\000R\265\215-7o\002\210\025\275\344qQvG0E\002!\000\367\302\213>o$\210U^\247\320Q+\316V\241\315\241\003\217\202\360\036\246\246+#\264\262C\2271\002 &\257\025""\323R\026\372U83\210\256\241\220\366\351\217\257F@nP\241""\013&\261L\t\260f""; "
1750576785196,1750576785197,2341,1,3,4,TMTransaction,"rawTransaction: ""\022\000\000""\000\000\000\000$\000\000\000\001 \033\000\000\000\027a@\000\000\027H\206*@h@\000\000\000\000\000\000\ns!\0030\347\374\235V\273%\326\211;\243\363\027\256[\3173\263)\033\326=\263&T\243\023""/\177\320 tF0D\002 \014\314\035Q\013\024\007#!V\226\203\367v\035\022\010\371\300\031\2504\375\257t\2237tP\325\275\253\002 \004\315\330}\010\n\332$Y\321\201W\345_\202\272!\205\342\242\303\2712\365\370\303\300\3111\006\270>\201\024\265\367by\212S\325C\240\024\312\370\262\227\317\370\362\3717\350\203\024~\370\204.\271t7\270\261\211a[\344\344\246\243S\317\021 ""; status: tsCURRENT; receiveTimestamp: 803891985; deferred: false; ","rawTransaction: ""\022\000\000""\000\000\000\000$\000\000\000\001 \033\000\000\000\027a@\000\000\027H\206*@h@\000\000\000\000\000\000\ns!\0030\347\374\235V\273%\326\211;\243\363\027\256[\3173\263)\033\326=\263&T\243\023""/\177\320 tF0D\002 \014\314\035Q\013\024\007#!V\226\203\367v\035\022\010\371\300\031\2504\375\257t\2237tP\325\275\253\002 \004\315\330}\010\n\332$Y\321\201W\345_\202\272!\205\342\242\303\2712\365\370\303\300\3111\006\270>\201\024\265\367by\212S\325C\240\024\312\370\262\227\317\370\362\3717\350\203\024~\370\204.\271t7\270\261\211a[\344\344\246\243S\317\021 ""; status: tsCURRENT; receiveTimestamp: 803891985; deferred: false; "
1750576785196,1750576785200,2447,1,3,1,TMTransaction,"rawTransaction: ""\022\000\000""\000\000\000\000$\000\000\000\001 \033\000\000\000\027a@\000\000\027H\206*@h@\000\000\000\000\000\000\ns!\0030\347\374\235V\273%\326\211;\243\363\027\256[\3173\263)\033\326=\263&T\243\023""/\177\320 tF0D\002 \014\314\035Q\013\024\007#!V\226\203\367v\035\022\010\371\300\031\2504\375\257t\2237tP\325\275\253\002 \004\315\330}\010\n\332$Y\321\201W\345_\202\272!\205\342\242\303\2712\365\370\303\300\3111\006\270>\201\024\265\367by\212S\325C\240\024\312\370\262\227\317\370\362\3717\350\203\024~\370\204.\271t7\270\261\211a[\344\344\246\243S\317\021 ""; status: tsCURRENT; receiveTimestamp: 803891985; deferred: false; ","rawTransaction: ""\022\000\000""\000\000\000\000$\000\000\000\001 \033\000\000\000\027a@\000\000\027H\206*@h@\000\000\000\000\000\000\ns!\0030\347\374\235V\273%\326\211;\243\363\027\256[\3173\263)\033\326=\263&T\243\023""/\177\320 tF0D\002 \014\314\035Q\013\024\007#!V\226\203\367v\035\022\010\371\300\031\2504\375\257t\2237tP\325\275\253\002 \004\315\330}\010\n\332$Y\321\201W\345_\202\272!\205\342\242\303\2712\365\370\303\300\3111\006\270>\201\024\265\367by\212S\325C\240\024\312\370\262\227\317\370\362\3717\350\203\024~\370\204.\271t7\270\261\211a[\344\344\246\243S\317\021 ""; status: tsCURRENT; receiveTimestamp: 803891985; deferred: false; "
1750576785197,1750576785202,1096,1,3,2,TMTransaction,"rawTransaction: ""\022\000\000""\000\000\000\000$\000\000\000\001 \033\000\000\000\027a@\000\000\027H\206*@h@\000\000\000\000\000\000\ns!\0030\347\374\235V\273%\326\211;\243\363\027\256[\3173\263)\033\326=\263&T\243\023""/\177\320 tF0D\002 \014\314\035Q\013\024\007#!V\226\203\367v\035\022\010\371\300\031\2504\375\257t\2237tP\325\275\253\002 \004\315\330}\010\n\332$Y\321\201W\345_\202\272!\205\342\242\303\2712\365\370\303\300\3111\006\270>\201\024\265\367by\212S\325C\240\024\312\370\262\227\317\370\362\3717\350\203\024~\370\204.\271t7\270\261\211a[\344\344\246\243S\317\021 ""; status: tsCURRENT; receiveTimestamp: 803891985; deferred: false; ","rawTransaction: ""\022\000\000""\000\000\000\000$\000\000\000\001 \033\000\000\000\027a@\000\000\027H\206*@h@\000\000\000\000\000\000\ns!\0030\347\374\235V\273%\326\211;\243\363\027\256[\3173\263)\033\326=\263&T\243\023""/\177\320 tF0D\002 \014\314\035Q\013\024\007#!V\226\203\367v\035\022\010\371\300\031\2504\375\257t\2237tP\325\275\253\002 \004\315\330}\010\n\332$Y\321\201W\345_\202\272!\205\342\242\303\2712\365\370\303\300\3111\006\270>\201\024\265\367by\212S\325C\240\024\312\370\262\227\317\370\362\3717\350\203\024~\370\204.\271t7\270\261\211a[\344\344\246\243S\317\021 ""; status: tsCURRENT; receiveTimestamp: 803891985; deferred: false; "
1750576785204,1750576785206,2373,1,1,3,TMTransaction,"rawTransaction: ""\022\000\000""\000\000\000\000$\000\000\000\002 \033\000\000\000\027a@\000\000\027H\206*@h@\000\000\000\000\000\000\ns!\0030\347\374\235V\273%\326\211;\243\363\027\256[\3173\263)\033\326=\263&T\243\023""/\177\320 tF0D\002 eDX|\267\216\243\r\372n?\004\205\247$\331\327\010\237\005X\243mqO\3530\365\345R\2046\002 V\016r\225\264\323u\341\361\307\362\307\341@\000.\356H\023\037\222\032d\016\366\233\240\336\377\267\023\244\201\024\265\367by\212S\325C\240\024\312\370\262\227\317\370\362\3717\350\203\024\236\3240,G\006k~\356XL\256\230\377\257k\362\232\231>""; status: tsCURRENT; receiveTimestamp: 803891985; deferred: false; ","rawTransaction: ""\022\000\000""\000\000\000\000$\000\000\000\002 \033\000\000\000\027a@\000\000\027H\206*@h@\000\000\000\000\000\000\ns!\0030\347\374\235V\273%\326\211;\243\363\027\256[\3173\263)\033\326=\263&T\243\023""/\177\320 tF0D\002 eDX|\267\216\243\r\372n?\004\205\247$\331\327\010\237\005X\243mqO\3530\365\345R\2046\002 V\016r\225\264\323u\341\361\307\362\307\341@\000.\356H\023\037\222\032d\016\366\233\240\336\377\267\023\244\201\024\265\367by\212S\325C\240\024\312\370\262\227\317\370\362\3717\350\203\024\236\3240,G\006k~\356XL\256\230\377\257k\362\232\231>""; status: tsCURRENT; receiveTimestamp: 803891985; deferred: false; "
1750576785206,1750576785208,3610,1,1,2,TMTransaction,"rawTransaction: ""\022\000\000""\000\000\000\000$\000\000\000\002 \033\000\000\000\027a@\000\000\027H\206*@h@\000\000\000\000\000\000\ns!\0030\347\374\235V\273%\326\211;\243\363\027\256[\3173\263)\033\326=\263&T\243\023""/\177\320 tF0D\002 eDX|\267\216\243\r\372n?\004\205\247$\331\327\010\237\005X\243mqO\3530\365\345R\2046\002 V\016r\225\264\323u\341\361\307\362\307\341@\000.\356H\023\037\222\032d\016\366\233\240\336\377\267\023\244\201\024\265\367by\212S\325C\240\024\312\370\262\227\317\370\362\3717\350\203\024\236\3240,G\006k~\356XL\256\230\377\257k\362\232\231>""; status: tsCURRENT; receiveTimestamp: 803891985; deferred: false; ","rawTransaction: ""\022\000\000""\000\000\000\000$\000\000\000\002 \033\000\000\000\027a@\000\000\027H\206*@h@\000\000\000\000\000\000\ns!\0030\347\374\235V\273%\326\211;\243\363\027\256[\3173\263)\033\326=\263&T\243\023""/\177\320 tF0D\002 eDX|\267\216\243\r\372n?\004\205\247$\331\327\010\237\005X\243mqO\3530\365\345R\2046\002 V\016r\225\264\323u\341\361\307\362\307\341@\000.\356H\023\037\222\032d\016\366\233\240\336\377\267\023\244\201\024\265\367by\212S\325C\240\024\312\370\262\227\317\370\362\3717\350\203\024\236\3240,G\006k~\356XL\256\230\377\257k\362\232\231>""; status: tsCURRENT; receiveTimestamp: 803891985; deferred: false; "
1750576785206,1750576785210,1083,1,1,0,TMTransaction,"rawTransaction: ""\022\000\000""\000\000\000\000$\000\000\000\002 \033\000\000\000\027a@\000\000\027H\206*@h@\000\000\000\000\000\000\ns!\0030\347\374\235V\273%\326\211;\243\363\027\256[\3173\263)\033\326=\263&T\243\023""/\177\320 tF0D\002 eDX|\267\216\243\r\372n?\004\205\247$\331\327\010\237\005X\243mqO\3530\365\345R\2046\002 V\016r\225\264\323u\341\361\307\362\307\341@\000.\356H\023\037\222\032d\016\366\233\240\336\377\267\023\244\201\024\265\367by\212S\325C\240\024\312\370\262\227\317\370\362\3717\350\203\024\236\3240,G\006k~\356XL\256\230\377\257k\362\232\231>""; status: tsCURRENT; receiveTimestamp: 803891985; deferred: false; ","rawTransaction: ""\022\000\000""\000\000\000\000$\000\000\000\002 \033\000\000\000\027a@\000\000\027H\206*@h@\000\000\000\000\000\000\ns!\0030\347\374\235V\273%\326\211;\243\363\027\256[\3173\263)\033\326=\263&T\243\023""/\177\320 tF0D\002 eDX|\267\216\243\r\372n?\004\205\247$\331\327\010\237\005X\243mqO\3530\365\345R\2046\002 V\016r\225\264\323u\341\361\307\362\307\341@\000.\356H\023\037\222\032d\016\366\233\240\336\377\267\023\244\201\024\265\367by\212S\325C\240\024\312\370\262\227\317\370\362\3717\350\203\024\236\3240,G\006k~\356XL\256\230\377\257k\362\232\231>""; status: tsCURRENT; receiveTimestamp: 803891985; deferred: false; "
1750576785206,1750576785210,2810,1,1,4,TMTransaction,"rawTransaction: ""\022\000\000""\000\000\000\000$\000\000\000\002 \033\000\000\000\027a@\000\000\027H\206*@h@\000\000\000\000\000\000\ns!\0030\347\374\235V\273%\326\211;\243\363\027\256[\3173\263)\033\326=\263&T\243\023""/\177\320 tF0D\002 eDX|\267\216\243\r\372n?\004\205\247$\331\327\010\237\005X\243mqO\3530\365\345R\2046\002 V\016r\225\264\323u\341\361\307\362\307\341@\000.\356H\023\037\222\032d\016\366\233\240\336\377\267\023\244\201\024\265\367by\212S\325C\240\024\312\370\262\227\317\370\362\3717\350\203\024\236\3240,G\006k~\356XL\256\230\377\257k\362\232\231>""; status: tsCURRENT; receiveTimestamp: 803891985; deferred: false; ","rawTransaction: ""\022\000\000""\000\000\000\000$\000\000\000\002 \033\000\000\000\027a@\000\000\027H\206*@h@\000\000\000\000\000\000\ns!\0030\347\374\235V\273%\326\211;\243\363\027\256[\3173\263)\033\326=\263&T\243\023""/\177\320 tF0D\002 eDX|\267\216\243\r\372n?\004\205\247$\331\327\010\237\005X\243mqO\3530\365\345R\2046\002 V\016r\225\264\323u\341\361\307\362\307\341@\000.\356H\023\037\222\032d\016\366\233\240\336\377\267\023\244\201\024\265\367by\212S\325C\240\024\312\370\262\227\317\370\362\3717\350\203\024\236\3240,G\006k~\356XL\256\230\377\257k\362\232\231>""; status: tsCURRENT; receiveTimestamp: 803891985; deferred: false; "
1750576785243,1750576785243,1967,1,2,4,TMLedgerData,"ledgerHash: ""t\361\032\213\221\243\004\006][\376s\340\253\234K}\\013\0362\202`\234\371~d\0310\204\264,""; ledgerSeq: 3; type: liBASE; nodes {;   nodedata: ""\000\000\000\003\001cEx]\212\000\0000\355\311\211\352@\036\313K1\024B\343N\323V\367s\355lu\324\374V\207\371F\260\325\345\213\261\000\000\000\000\000\000\000\000\000\000\000\000\000\000\000\000\000\000\000\000\000\000\000\000\000\000\000\000\000\000\000\000G\031\225\227\375i-7\214L\232J\366\0003\306\007\027W>k)\252\327\257I,-\303\022\267\323/\352j\370/\352k\014\n\000""; }; nodes {;   nodedata: ""\303\016\021\310<Z\337\266>\225@&n\022\246\274\353\220\345b3\035\313\350L\354\254\002\005\305\035\017\002E\344\037@\210\363\010\336T\226\247'\204_{\261\370""1\235\2445\343\033Y!\212\201\341\272\225'\007\013\357A\200H\036\034)'\260\323\r\306\345\321\200\220rdO\002\200Zsx\207\262 \r\023\222\n\013\003""; }; ","ledgerHash: ""t\361\032\213\221\243\004\006][\376s\340\253\234K}\\013\0362\202`\234\371~d\0310\204\264,""; ledgerSeq: 3; type: liBASE; nodes {;   nodedata: ""\000\000\000\003\001cEx]\212\000\0000\355\311\211\352@\036\313K1\024B\343N\323V\367s\355lu\324\374V\207\371F\260\325\345\213\261\000\000\000\000\000\000\000\000\000\000\000\000\000\000\000\000\000\000\000\000\000\000\000\000\000\000\000\000\000\000\000\000G\031\225\227\375i-7\214L\232J\366\0003\306\007\027W>k)\252\327\257I,-\303\022\267\323/\352j\370/\352k\014\n\000""; }; nodes {;   nodedata: ""\303\016\021\310<Z\337\266>\225@&n\022\246\274\353\220\345b3\035\313\350L\354\254\002\005\305\035\017\002E\344\037@\210\363\010\336T\226\247'\204_{\261\370""1\235\2445\343\033Y!\212\201\341\272\225'\007\013\357A\200H\036\034)'\260\323\r\306\345\321\200\220rdO\002\200Zsx\207\262 \r\023\222\n\013\003""; }; "
1750576785243,1750576785244,1967,1,2,4,TMLedgerData,"ledgerHash: ""t\361\032\213\221\243\004\006][\376s\340\253\234K}\\013\0362\202`\234\371~d\0310\204\264,""; ledgerSeq: 3; type: liBASE; nodes {;   nodedata: ""\000\000\000\003\001cEx]\212\000\0000\355\311\211\352@\036\313K1\024B\343N\323V\367s\355lu\324\374V\207\371F\260\325\345\213\261\000\000\000\000\000\000\000\000\000\000\000\000\000\000\000\000\000\000\000\000\000\000\000\000\000\000\000\000\000\000\000\000G\031\225\227\375i-7\214L\232J\366\0003\306\007\027W>k)\252\327\257I,-\303\022\267\323/\352j\370/\352k\014\n\000""; }; nodes {;   nodedata: ""\303\016\021\310<Z\337\266>\225@&n\022\246\274\353\220\345b3\035\313\350L\354\254\002\005\305\035\017\002E\344\037@\210\363\010\336T\226\247'\204_{\261\370""1\235\2445\343\033Y!\212\201\341\272\225'\007\013\357A\200H\036\034)'\260\323\r\306\345\321\200\220rdO\002\200Zsx\207\262 \r\023\222\n\013\003""; }; ","ledgerHash: ""t\361\032\213\221\243\004\006][\376s\340\253\234K}\\013\0362\202`\234\371~d\0310\204\264,""; ledgerSeq: 3; type: liBASE; nodes {;   nodedata: ""\000\000\000\003\001cEx]\212\000\0000\355\311\211\352@\036\313K1\024B\343N\323V\367s\355lu\324\374V\207\371F\260\325\345\213\261\000\000\000\000\000\000\000\000\000\000\000\000\000\000\000\000\000\000\000\000\000\000\000\000\000\000\000\000\000\000\000\000G\031\225\227\375i-7\214L\232J\366\0003\306\007\027W>k)\252\327\257I,-\303\022\267\323/\352j\370/\352k\014\n\000""; }; nodes {;   nodedata: ""\303\016\021\310<Z\337\266>\225@&n\022\246\274\353\220\345b3\035\313\350L\354\254\002\005\305\035\017\002E\344\037@\210\363\010\336T\226\247'\204_{\261\370""1\235\2445\343\033Y!\212\201\341\272\225'\007\013\357A\200H\036\034)'\260\323\r\306\345\321\200\220rdO\002\200Zsx\207\262 \r\023\222\n\013\003""; }; "
1750576785301,1750576785301,252,1,1,0,TMProposeSet,"proposeSeq: 0; currentTxHash: ""\000\000\000\000\000\000\000\000\000\000\000\000\000\000\000\000\000\000\000\000\000\000\000\000\000\000\000\000\000\000\000\000""; nodePubKey: ""\002\373\236I\010\265\271ho\331/c\224%g\005\354]\344\350\r\030%u\255\364\002\226\221\370\363\332\331""; closeTime: 803891984; signature: ""0D\002 M\341\376\034\213%\350:\214\307\251\343\305g\267\004V""d\030\256\216\035!U\316D\330l\006\344\250\002 T\216F>x\036>s/\346\376S'\311\323\354\025\023`\201_Rr\254\332\366\270J\204\3371^""; previousledger: ""t\361\032\213\221\243\004\006][\376s\340\253\234K}\\013\0362\202`\234\371~d\0310\204\264,""; ","proposeSeq: 0; currentTxHash: ""\000\000\000\000\000\000\000\000\000\000\000\000\000\000\000\000\000\000\000\000\000\000\000\000\000\000\000\000\000\000\000\000""; nodePubKey: ""\002\373\236I\010\265\271ho\331/c\224%g\005\354]\344\350\r\030%u\255\364\002\226\221\370\363\332\331""; closeTime: 803891984; signature: ""0D\002 M\341\376\034\213%\350:\214\307\251\343\305g\267\004V""d\030\256\216\035!U\316D\330l\006\344\250\002 T\216F>x\036>s/\346\376S'\311\323\354\025\023`\201_Rr\254\332\366\270J\204\3371^""; previousledger: ""t\361\032\213\221\243\004\006][\376s\340\253\234K}\\013\0362\202`\234\371~d\0310\204\264,""; "
1750576785301,1750576785301,2687,1,1,3,TMProposeSet,"proposeSeq: 0; currentTxHash: ""\000\000\000\000\000\000\000\000\000\000\000\000\000\000\000\000\000\000\000\000\000\000\000\000\000\000\000\000\000\000\000\000""; nodePubKey: ""\002\373\236I\010\265\271ho\331/c\224%g\005\354]\344\350\r\030%u\255\364\002\226\221\370\363\332\331""; closeTime: 803891984; signature: ""0D\002 M\341\376\034\213%\350:\214\307\251\343\305g\267\004V""d\030\256\216\035!U\316D\330l\006\344\250\002 T\216F>x\036>s/\346\376S'\311\323\354\025\023`\201_Rr\254\332\366\270J\204\3371^""; previousledger: ""t\361\032\213\221\243\004\006][\376s\340\253\234K}\\013\0362\202`\234\371~d\0310\204\264,""; ","proposeSeq: 0; currentTxHash: ""\000\000\000\000\000\000\000\000\000\000\000\000\000\000\000\000\000\000\000\000\000\000\000\000\000\000\000\000\000\000\000\000""; nodePubKey: ""\002\373\236I\010\265\271ho\331/c\224%g\005\354]\344\350\r\030%u\255\364\002\226\221\370\363\332\331""; closeTime: 803891984; signature: ""0D\002 M\341\376\034\213%\350:\214\307\251\343\305g\267\004V""d\030\256\216\035!U\316D\330l\006\344\250\002 T\216F>x\036>s/\346\376S'\311\323\354\025\023`\201_Rr\254\332\366\270J\204\3371^""; previousledger: ""t\361\032\213\221\243\004\006][\376s\340\253\234K}\\013\0362\202`\234\371~d\0310\204\264,""; "
1750576785301,1750576785302,1657,1,1,4,TMProposeSet,"proposeSeq: 0; currentTxHash: ""\000\000\000\000\000\000\000\000\000\000\000\000\000\000\000\000\000\000\000\000\000\000\000\000\000\000\000\000\000\000\000\000""; nodePubKey: ""\002\373\236I\010\265\271ho\331/c\224%g\005\354]\344\350\r\030%u\255\364\002\226\221\370\363\332\331""; closeTime: 803891984; signature: ""0D\002 M\341\376\034\213%\350:\214\307\251\343\305g\267\004V""d\030\256\216\035!U\316D\330l\006\344\250\002 T\216F>x\036>s/\346\376S'\311\323\354\025\023`\201_Rr\254\332\366\270J\204\3371^""; previousledger: ""t\361\032\213\221\243\004\006][\376s\340\253\234K}\\013\0362\202`\234\371~d\0310\204\264,""; ","proposeSeq: 0; currentTxHash: ""\000\000\000\000\000\000\000\000\000\000\000\000\000\000\000\000\000\000\000\000\000\000\000\000\000\000\000\000\000\000\000\000""; nodePubKey: ""\002\373\236I\010\265\271ho\331/c\224%g\005\354]\344\350\r\030%u\255\364\002\226\221\370\363\332\331""; closeTime: 803891984; signature: ""0D\002 M\341\376\034\213%\350:\214\307\251\343\305g\267\004V""d\030\256\216\035!U\316D\330l\006\344\250\002 T\216F>x\036>s/\346\376S'\311\323\354\025\023`\201_Rr\254\332\366\270J\204\3371^""; previousledger: ""t\361\032\213\221\243\004\006][\376s\340\253\234K}\\013\0362\202`\234\371~d\0310\204\264,""; "
1750576785320,1750576785320,920,1,0,3,TMProposeSet,"proposeSeq: 0; currentTxHash: ""\000\000\000\000\000\000\000\000\000\000\000\000\000\000\000\000\000\000\000\000\000\000\000\000\000\000\000\000\000\000\000\000""; nodePubKey: ""\003\371#:S\022\X\277\344\034\253'\365\230\361\211p\037\000R\265\215-7o\002\210\025\275\344qQ""; closeTime: 803891983; signature: ""0E\002!\000\315w6\r\370k\004}\317\225c\0327\207\212\343\357\216s\22186',\376\206\373&\270X\334X\002 \021`\317@\370\244\036\243/\246\331\375(v\334\254:\003}\375\224\323\237]W\307\306)A\373\342\236""; previousledger: ""t\361\032\213\221\243\004\006][\376s\340\253\234K}\\013\0362\202`\234\371~d\0310\204\264,""; ","proposeSeq: 0; currentTxHash: ""\000\000\000\000\000\000\000\000\000\000\000\000\000\000\000\000\000\000\000\000\000\000\000\000\000\000\000\000\000\000\000\000""; nodePubKey: ""\003\371#:S\022\X\277\344\034\253'\365\230\361\211p\037\000R\265\215-7o\002\210\025\275\344qQ""; closeTime: 803891983; signature: ""0E\002!\000\315w6\r\370k\004}\317\225c\0327\207\212\343\357\216s\22186',\376\206\373&\270X\334X\002 \021`\317@\370\244\036\243/\246\331\375(v\334\254:\003}\375\224\323\237]W\307\306)A\373\342\236""; previousledger: ""t\361\032\213\221\243\004\006][\376s\340\253\234K}\\013\0362\202`\234\371~d\0310\204\264,""; "
1750576785321,1750576785321,1134,1,0,2,TMProposeSet,"proposeSeq: 0; currentTxHash: ""\000\000\000\000\000\000\000\000\000\000\000\000\000\000\000\000\000\000\000\000\000\000\000\000\000\000\000\000\000\000\000\000""; nodePubKey: ""\003\371#:S\022\X\277\344\034\253'\365\230\361\211p\037\000R\265\215-7o\002\210\025\275\344qQ""; closeTime: 803891983; signature: ""0E\002!\000\315w6\r\370k\004}\317\225c\0327\207\212\343\357\216s\22186',\376\206\373&\270X\334X\002 \021`\317@\370\244\036\243/\246\331\375(v\334\254:\003}\375\224\323\237]W\307\306)A\373\342\236""; previousledger: ""t\361\032\213\221\243\004\006][\376s\340\253\234K}\\013\0362\202`\234\371~d\0310\204\264,""; ","proposeSeq: 0; currentTxHash: ""\000\000\000\000\000\000\000\000\000\000\000\000\000\000\000\000\000\000\000\000\000\000\000\000\000\000\000\000\000\000\000\000""; nodePubKey: ""\003\371#:S\022\X\277\344\034\253'\365\230\361\211p\037\000R\265\215-7o\002\210\025\275\344qQ""; closeTime: 803891983; signature: ""0E\002!\000\315w6\r\370k\004}\317\225c\0327\207\212\343\357\216s\22186',\376\206\373&\270X\334X\002 \021`\317@\370\244\036\243/\246\331\375(v\334\254:\003}\375\224\323\237]W\307\306)A\373\342\236""; previousledger: ""t\361\032\213\221\243\004\006][\376s\340\253\234K}\\013\0362\202`\234\371~d\0310\204\264,""; "
1750576785322,1750576785322,1033,1,0,4,TMProposeSet,"proposeSeq: 0; currentTxHash: ""\000\000\000\000\000\000\000\000\000\000\000\000\000\000\000\000\000\000\000\000\000\000\000\000\000\000\000\000\000\000\000\000""; nodePubKey: ""\003\371#:S\022\X\277\344\034\253'\365\230\361\211p\037\000R\265\215-7o\002\210\025\275\344qQ""; closeTime: 803891983; signature: ""0E\002!\000\315w6\r\370k\004}\317\225c\0327\207\212\343\357\216s\22186',\376\206\373&\270X\334X\002 \021`\317@\370\244\036\243/\246\331\375(v\334\254:\003}\375\224\323\237]W\307\306)A\373\342\236""; previousledger: ""t\361\032\213\221\243\004\006][\376s\340\253\234K}\\013\0362\202`\234\371~d\0310\204\264,""; ","proposeSeq: 0; currentTxHash: ""\000\000\000\000\000\000\000\000\000\000\000\000\000\000\000\000\000\000\000\000\000\000\000\000\000\000\000\000\000\000\000\000""; nodePubKey: ""\003\371#:S\022\X\277\344\034\253'\365\230\361\211p\037\000R\265\215-7o\002\210\025\275\344qQ""; closeTime: 803891983; signature: ""0E\002!\000\315w6\r\370k\004}\317\225c\0327\207\212\343\357\216s\22186',\376\206\373&\270X\334X\002 \021`\317@\370\244\036\243/\246\331\375(v\334\254:\003}\375\224\323\237]W\307\306)A\373\342\236""; previousledger: ""t\361\032\213\221\243\004\006][\376s\340\253\234K}\\013\0362\202`\234\371~d\0310\204\264,""; "
1750576785389,1750576785389,2490,1,4,2,TMValidation,"validation: """"\200\000\000\001&\000\000\000\003)/\352k\016:\327x\272\020JyerQt\361\032\213\221\243\004\006][\376s\340\253\234K}\\013\0362\202`\234\371~d\0310\204\264,P\027\000\000\000\000\000\000\000\000\000\000\000\000\000\000\000\000\000\000\000\000\000\000\000\000\000\000\000\000\000\000\000\000P\031-}\351f\032\255\274\334m\326c\017\014ao[\342\230\003\245\245\3341Hm\326^\017jy\335\261s!\003\365\211\205\353\0100\270r\333\225\227Y\025\355!\235\nf\352n\302\032\014\344\364\324\262\351""\225OFvF0D\002 s>9q\034\330\364\223\302;,\205\313rx\266\221v\223?R4p\022\337\242\217\003\214\202\010\374\002 r""\201'\203W\rNC\251\316%[\177\213\263\220\t\301\2233\002\255hs\335\231ZXaD\357""; ","validation: """"\200\000\000\001&\000\000\000\003)/\352k\016:\327x\272\020JyerQt\361\032\213\221\243\004\006][\376s\340\253\234K}\\013\0362\202`\234\371~d\0310\204\264,P\027\000\000\000\000\000\000\000\000\000\000\000\000\000\000\000\000\000\000\000\000\000\000\000\000\000\000\000\000\000\000\000\000P\031-}\351f\032\255\274\334m\326c\017\014ao[\342\230\003\245\245\3341Hm\326^\017jy\335\261s!\003\365\211\205\353\0100\270r\333\225\227Y\025\355!\235\nf\352n\302\032\014\344\364\324\262\351""\225OFvF0D\002 s>9q\034\330\364\223\302;,\205\313rx\266\221v\223?R4p\022\337\242\217\003\214\202\010\374\002 r""\201'\203W\rNC\251\316%[\177\213\263\220\t\301\2233\002\255hs\335\231ZXaD\357""; "
1750576785389,1750576785389,2764,1,4,0,TMValidation,"validation: """"\200\000\000\001&\000\000\000\003)/\352k\016:\327x\272\020JyerQt\361\032\213\221\243\004\006][\376s\340\253\234K}\\013\0362\202`\234\371~d\0310\204\264,P\027\000\000\000\000\000\000\000\000\000\000\000\000\000\000\000\000\000\000\000\000\000\000\000\000\000\000\000\000\000\000\000\000P\031-}\351f\032\255\274\334m\326c\017\014ao[\342\230\003\245\245\3341Hm\326^\017jy\335\261s!\003\365\211\205\353\0100\270r\333\225\227Y\025\355!\235\nf\352n\302\032\014\344\364\324\262\351""\225OFvF0D\002 s>9q\034\330\364\223\302;,\205\313rx\266\221v\223?R4p\022\337\242\217\003\214\202\010\374\002 r""\201'\203W\rNC\251\316%[\177\213\263\220\t\301\2233\002\255hs\335\231ZXaD\357""; ","validation: """"\200\000\000\001&\000\000\000\003)/\352k\016:\327x\272\020JyerQt\361\032\213\221\243\004\006][\376s\340\253\234K}\\013\0362\202`\234\371~d\0310\204\264,P\027\000\000\000\000\000\000\000\000\000\000\000\000\000\000\000\000\000\000\000\000\000\000\000\000\000\000\000\000\000\000\000\000P\031-}\351f\032\255\274\334m\326c\017\014ao[\342\230\003\245\245\3341Hm\326^\017jy\335\261s!\003\365\211\205\353\0100\270r\333\225\227Y\025\355!\235\nf\352n\302\032\014\344\364\324\262\351""\225OFvF0D\002 s>9q\034\330\364\223\302;,\205\313rx\266\221v\223?R4p\022\337\242\217\003\214\202\010\374\002 r""\201'\203W\rNC\251\316%[\177\213\263\220\t\301\2233\002\255hs\335\231ZXaD\357""; "
1750576785389,1750576785390,428,1,4,1,TMValidation,"validation: """"\200\000\000\001&\000\000\000\003)/\352k\016:\327x\272\020JyerQt\361\032\213\221\243\004\006][\376s\340\253\234K}\\013\0362\202`\234\371~d\0310\204\264,P\027\000\000\000\000\000\000\000\000\000\000\000\000\000\000\000\000\000\000\000\000\000\000\000\000\000\000\000\000\000\000\000\000P\031-}\351f\032\255\274\334m\326c\017\014ao[\342\230\003\245\245\3341Hm\326^\017jy\335\261s!\003\365\211\205\353\0100\270r\333\225\227Y\025\355!\235\nf\352n\302\032\014\344\364\324\262\351""\225OFvF0D\002 s>9q\034\330\364\223\302;,\205\313rx\266\221v\223?R4p\022\337\242\217\003\214\202\010\374\002 r""\201'\203W\rNC\251\316%[\177\213\263\220\t\301\2233\002\255hs\335\231ZXaD\357""; ","validation: """"\200\000\000\001&\000\000\000\003)/\352k\016:\327x\272\020JyerQt\361\032\213\221\243\004\006][\376s\340\253\234K}\\013\0362\202`\234\371~d\0310\204\264,P\027\000\000\000\000\000\000\000\000\000\000\000\000\000\000\000\000\000\000\000\000\000\000\000\000\000\000\000\000\000\000\000\000P\031-}\351f\032\255\274\334m\326c\017\014ao[\342\230\003\245\245\3341Hm\326^\017jy\335\261s!\003\365\211\205\353\0100\270r\333\225\227Y\025\355!\235\nf\352n\302\032\014\344\364\324\262\351""\225OFvF0D\002 s>9q\034\330\364\223\302;,\205\313rx\266\221v\223?R4p\022\337\242\217\003\214\202\010\374\002 r""\201'\203W\rNC\251\316%[\177\213\263\220\t\301\2233\002\255hs\335\231ZXaD\357""; "
1750576785404,1750576785404,693,1,3,1,TMValidation,"validation: """"\200\000\000\001&\000\000\000\003)/\352k\016:`\203p\321f\247x\311Qt\361\032\213\221\243\004\006][\376s\340\253\234K}\\013\0362\202`\234\371~d\0310\204\264,P\027\000\000\000\000\000\000\000\000\000\000\000\000\000\000\000\000\000\000\000\000\000\000\000\000\000\000\000\000\000\000\000\000P\031-}\351f\032\255\274\334m\326c\017\014ao[\342\230\003\245\245\3341Hm\326^\017jy\335\261s!\002l\025\225/2Mi\010\252)\240F\276k\254\301;\200wg}s\364.8S\354U\206\025\244\006vF0D\002 D\257\272\tF\206\036\300\277F\255\316\205-\301\036\264\326O\225\251[2\334{\003#\335\t\260\246\252\002 lp\312\237\036EH\341\364\373\273!\305H#\374\267\336[\021\0162_\326\333J\341\322\031\2616#""; ","validation: """"\200\000\000\001&\000\000\000\003)/\352k\016:`\203p\321f\247x\311Qt\361\032\213\221\243\004\006][\376s\340\253\234K}\\013\0362\202`\234\371~d\0310\204\264,P\027\000\000\000\000\000\000\000\000\000\000\000\000\000\000\000\000\000\000\000\000\000\000\000\000\000\000\000\000\000\000\000\000P\031-}\351f\032\255\274\334m\326c\017\014ao[\342\230\003\245\245\3341Hm\326^\017jy\335\261s!\002l\025\225/2Mi\010\252)\240F\276k\254\301;\200wg}s\364.8S\354U\206\025\244\006vF0D\002 D\257\272\tF\206\036\300\277F\255\316\205-\301\036\264\326O\225\251[2\334{\003#\335\t\260\246\252\002 lp\312\237\036EH\341\364\373\273!\305H#\374\267\336[\021\0162_\326\333J\341\322\031\2616#""; "
1750576785404,1750576785405,3256,1,3,2,TMValidation,"validation: """"\200\000\000\001&\000\000\000\003)/\352k\016:`\203p\321f\247x\311Qt\361\032\213\221\243\004\006][\376s\340\253\234K}\\013\0362\202`\234\371~d\0310\204\264,P\027\000\000\000\000\000\000\000\000\000\000\000\000\000\000\000\000\000\000\000\000\000\000\000\000\000\000\000\000\000\000\000\000P\031-}\351f\032\255\274\334m\326c\017\014ao[\342\230\003\245\245\3341Hm\326^\017jy\335\261s!\002l\025\225/2Mi\010\252)\240F\276k\254\301;\200wg}s\364.8S\354U\206\025\244\006vF0D\002 D\257\272\tF\206\036\300\277F\255\316\205-\301\036\264\326O\225\251[2\334{\003#\335\t\260\246\252\002 lp\312\237\036EH\341\364\373\273!\305H#\374\267\336[\021\0162_\326\333J\341\322\031\2616#""; ","validation: """"\200\000\000\001&\000\000\000\003)/\352k\016:`\203p\321f\247x\311Qt\361\032\213\221\243\004\006][\376s\340\253\234K}\\013\0362\202`\234\371~d\0310\204\264,P\027\000\000\000\000\000\000\000\000\000\000\000\000\000\000\000\000\000\000\000\000\000\000\000\000\000\000\000\000\000\000\000\000P\031-}\351f\032\255\274\334m\326c\017\014ao[\342\230\003\245\245\3341Hm\326^\017jy\335\261s!\002l\025\225/2Mi\010\252)\240F\276k\254\301;\200wg}s\364.8S\354U\206\025\244\006vF0D\002 D\257\272\tF\206\036\300\277F\255\316\205-\301\036\264\326O\225\251[2\334{\003#\335\t\260\246\252\002 lp\312\237\036EH\341\364\373\273!\305H#\374\267\336[\021\0162_\326\333J\341\322\031\2616#""; "
1750576785405,1750576785405,1663,1,3,0,TMValidation,"validation: """"\200\000\000\001&\000\000\000\003)/\352k\016:`\203p\321f\247x\311Qt\361\032\213\221\243\004\006][\376s\340\253\234K}\\013\0362\202`\234\371~d\0310\204\264,P\027\000\000\000\000\000\000\000\000\000\000\000\000\000\000\000\000\000\000\000\000\000\000\000\000\000\000\000\000\000\000\000\000P\031-}\351f\032\255\274\334m\326c\017\014ao[\342\230\003\245\245\3341Hm\326^\017jy\335\261s!\002l\025\225/2Mi\010\252)\240F\276k\254\301;\200wg}s\364.8S\354U\206\025\244\006vF0D\002 D\257\272\tF\206\036\300\277F\255\316\205-\301\036\264\326O\225\251[2\334{\003#\335\t\260\246\252\002 lp\312\237\036EH\341\364\373\273!\305H#\374\267\336[\021\0162_\326\333J\341\322\031\2616#""; ","validation: """"\200\000\000\001&\000\000\000\003)/\352k\016:`\203p\321f\247x\311Qt\361\032\213\221\243\004\006][\376s\340\253\234K}\\013\0362\202`\234\371~d\0310\204\264,P\027\000\000\000\000\000\000\000\000\000\000\000\000\000\000\000\000\000\000\000\000\000\000\000\000\000\000\000\000\000\000\000\000P\031-}\351f\032\255\274\334m\326c\017\014ao[\342\230\003\245\245\3341Hm\326^\017jy\335\261s!\002l\025\225/2Mi\010\252)\240F\276k\254\301;\200wg}s\364.8S\354U\206\025\244\006vF0D\002 D\257\272\tF\206\036\300\277F\255\316\205-\301\036\264\326O\225\251[2\334{\003#\335\t\260\246\252\002 lp\312\237\036EH\341\364\373\273!\305H#\374\267\336[\021\0162_\326\333J\341\322\031\2616#""; "
1750576785453,1750576785454,3752,1,1,4,TMStatusChange,"newEvent: neACCEPTED_LEDGER; ledgerSeq: 4; ledgerHash: ""2\262\253\351\035\214\260\336\037!\340\337w\327\364\353\202\243\240<'Mb\336\312E\233'\345-\035<""; ledgerHashPrevious: ""t\361\032\213\221\243\004\006][\376s\340\253\234K}\\013\0362\202`\234\371~d\0310\204\264,""; networkTime: 803891985; firstSeq: 1; lastSeq: 3; ","newEvent: neACCEPTED_LEDGER; ledgerSeq: 4; ledgerHash: ""2\262\253\351\035\214\260\336\037!\340\337w\327\364\353\202\243\240<'Mb\336\312E\233'\345-\035<""; ledgerHashPrevious: ""t\361\032\213\221\243\004\006][\376s\340\253\234K}\\013\0362\202`\234\371~d\0310\204\264,""; networkTime: 803891985; firstSeq: 1; lastSeq: 3; "
1750576785454,1750576785455,3103,1,1,3,TMValidation,"validation: """"\200\000\000\001&\000\000\000\004)/\352k\021:`\203p\321f\247x\311Q2\262\253\351\035\214\260\336\037!\340\337w\327\364\353\202\243\240<'Mb\336\312E\233'\345-\035<P\027\000\000\000\000\000\000\000\000\000\000\000\000\000\000\000\000\000\000\000\000\000\000\000\000\000\000\000\000\000\000\000\000P\031t\361\032\213\221\243\004\006][\376s\340\253\234K}\\013\0362\202`\234\371~d\0310\204\264,s!\002l\025\225/2Mi\010\252)\240F\276k\254\301;\200wg}s\364.8S\354U\206\025\244\006vF0D\002 X\275\353\224\226\367\241\237h\306\246\277\002\342\357_\020\342U\365\027\377\215K\033\336-\216C\225q\022\002 xug\346\315\355\355\276\247\305""\346y\274\247\025\023Y2\340:1\001\365*\250\300\314T\023\306F""; ","validation: """"\200\000\000\001&\000\000\000\004)/\352k\021:`\203p\321f\247x\311Q2\262\253\351\035\214\260\336\037!\340\337w\327\364\353\202\243\240<'Mb\336\312E\233'\345-\035<P\027\000\000\000\000\000\000\000\000\000\000\000\000\000\000\000\000\000\000\000\000\000\000\000\000\000\000\000\000\000\000\000\000P\031t\361\032\213\221\243\004\006][\376s\340\253\234K}\\013\0362\202`\234\371~d\0310\204\264,s!\002l\025\225/2Mi\010\252)\240F\276k\254\301;\200wg}s\364.8S\354U\206\025\244\006vF0D\002 X\275\353\224\226\367\241\237h\306\246\277\002\342\357_\020\342U\365\027\377\215K\033\336-\216C\225q\022\002 xug\346\315\355\355\276\247\305""\346y\274\247\025\023Y2\340:1\001\365*\250\300\314T\023\306F""; "
1750576785455,1750576785455,1881,1,1,4,TMValidation,"validation: """"\200\000\000\001&\000\000\000\004)/\352k\021:`\203p\321f\247x\311Q2\262\253\351\035\214\260\336\037!\340\337w\327\364\353\202\243\240<'Mb\336\312E\233'\345-\035<P\027\000\000\000\000\000\000\000\000\000\000\000\000\000\000\000\000\000\000\000\000\000\000\000\000\000\000\000\000\000\000\000\000P\031t\361\032\213\221\243\004\006][\376s\340\253\234K}\\013\0362\202`\234\371~d\0310\204\264,s!\002l\025\225/2Mi\010\252)\240F\276k\254\301;\200wg}s\364.8S\354U\206\025\244\006vF0D\002 X\275\353\224\226\367\241\237h\306\246\277\002\342\357_\020\342U\365\027\377\215K\033\336-\216C\225q\022\002 xug\346\315\355\355\276\247\305""\346y\274\247\025\023Y2\340:1\001\365*\250\300\314T\023\306F""; ","validation: """"\200\000\000\001&\000\000\000\004)/\352k\021:`\203p\321f\247x\311Q2\262\253\351\035\214\260\336\037!\340\337w\327\364\353\202\243\240<'Mb\336\312E\233'\345-\035<P\027\000\000\000\000\000\000\000\000\000\000\000\000\000\000\000\000\000\000\000\000\000\000\000\000\000\000\000\000\000\000\000\000P\031t\361\032\213\221\243\004\006][\376s\340\253\234K}\\013\0362\202`\234\371~d\0310\204\264,s!\002l\025\225/2Mi\010\252)\240F\276k\254\301;\200wg}s\364.8S\354U\206\025\244\006vF0D\002 X\275\353\224\226\367\241\237h\306\246\277\002\342\357_\020\342U\365\027\377\215K\033\336-\216C\225q\022\002 xug\346\315\355\355\276\247\305""\346y\274\247\025\023Y2\340:1\001\365*\250\300\314T\023\306F""; "
1750576785455,1750576785455,15,1,1,3,TMStatusChange,"newEvent: neACCEPTED_LEDGER; ledgerSeq: 4; ledgerHash: ""2\262\253\351\035\214\260\336\037!\340\337w\327\364\353\202\243\240<'Mb\336\312E\233'\345-\035<""; ledgerHashPrevious: ""t\361\032\213\221\243\004\006][\376s\340\253\234K}\\013\0362\202`\234\371~d\0310\204\264,""; networkTime: 803891985; firstSeq: 1; lastSeq: 3; ","newEvent: neACCEPTED_LEDGER; ledgerSeq: 4; ledgerHash: ""2\262\253\351\035\214\260\336\037!\340\337w\327\364\353\202\243\240<'Mb\336\312E\233'\345-\035<""; ledgerHashPrevious: ""t\361\032\213\221\243\004\006][\376s\340\253\234K}\\013\0362\202`\234\371~d\0310\204\264,""; networkTime: 803891985; firstSeq: 1; lastSeq: 3; "
1750576785455,1750576785456,200,1,1,0,TMStatusChange,"newEvent: neACCEPTED_LEDGER; ledgerSeq: 4; ledgerHash: ""2\262\253\351\035\214\260\336\037!\340\337w\327\364\353\202\243\240<'Mb\336\312E\233'\345-\035<""; ledgerHashPrevious: ""t\361\032\213\221\243\004\006][\376s\340\253\234K}\\013\0362\202`\234\371~d\0310\204\264,""; networkTime: 803891985; firstSeq: 1; lastSeq: 3; ","newEvent: neACCEPTED_LEDGER; ledgerSeq: 4; ledgerHash: ""2\262\253\351\035\214\260\336\037!\340\337w\327\364\353\202\243\240<'Mb\336\312E\233'\345-\035<""; ledgerHashPrevious: ""t\361\032\213\221\243\004\006][\376s\340\253\234K}\\013\0362\202`\234\371~d\0310\204\264,""; networkTime: 803891985; firstSeq: 1; lastSeq: 3; "
1750576785456,1750576785456,3156,1,1,2,TMValidation,"validation: """"\200\000\000\001&\000\000\000\004)/\352k\021:`\203p\321f\247x\311Q2\262\253\351\035\214\260\336\037!\340\337w\327\364\353\202\243\240<'Mb\336\312E\233'\345-\035<P\027\000\000\000\000\000\000\000\000\000\000\000\000\000\000\000\000\000\000\000\000\000\000\000\000\000\000\000\000\000\000\000\000P\031t\361\032\213\221\243\004\006][\376s\340\253\234K}\\013\0362\202`\234\371~d\0310\204\264,s!\002l\025\225/2Mi\010\252)\240F\276k\254\301;\200wg}s\364.8S\354U\206\025\244\006vF0D\002 X\275\353\224\226\367\241\237h\306\246\277\002\342\357_\020\342U\365\027\377\215K\033\336-\216C\225q\022\002 xug\346\315\355\355\276\247\305""\346y\274\247\025\023Y2\340:1\001\365*\250\300\314T\023\306F""; ","validation: """"\200\000\000\001&\000\000\000\004)/\352k\021:`\203p\321f\247x\311Q2\262\253\351\035\214\260\336\037!\340\337w\327\364\353\202\243\240<'Mb\336\312E\233'\345-\035<P\027\000\000\000\000\000\000\000\000\000\000\000\000\000\000\000\000\000\000\000\000\000\000\000\000\000\000\000\000\000\000\000\000P\031t\361\032\213\221\243\004\006][\376s\340\253\234K}\\013\0362\202`\234\371~d\0310\204\264,s!\002l\025\225/2Mi\010\252)\240F\276k\254\301;\200wg}s\364.8S\354U\206\025\244\006vF0D\002 X\275\353\224\226\367\241\237h\306\246\277\002\342\357_\020\342U\365\027\377\215K\033\336-\216C\225q\022\002 xug\346\315\355\355\276\247\305""\346y\274\247\025\023Y2\340:1\001\365*\250\300\314T\023\306F""; "
1750576785456,1750576785456,787,1,1,2,TMStatusChange,"newEvent: neACCEPTED_LEDGER; ledgerSeq: 4; ledgerHash: ""2\262\253\351\035\214\260\336\037!\340\337w\327\364\353\202\243\240<'Mb\336\312E\233'\345-\035<""; ledgerHashPrevious: ""t\361\032\213\221\243\004\006][\376s\340\253\234K}\\013\0362\202`\234\371~d\0310\204\264,""; networkTime: 803891985; firstSeq: 1; lastSeq: 3; ","newEvent: neACCEPTED_LEDGER; ledgerSeq: 4; ledgerHash: ""2\262\253\351\035\214\260\336\037!\340\337w\327\364\353\202\243\240<'Mb\336\312E\233'\345-\035<""; ledgerHashPrevious: ""t\361\032\213\221\243\004\006][\376s\340\253\234K}\\013\0362\202`\234\371~d\0310\204\264,""; networkTime: 803891985; firstSeq: 1; lastSeq: 3; "
1750576785456,1750576785456,1427,1,1,0,TMValidation,"validation: """"\200\000\000\001&\000\000\000\004)/\352k\021:`\203p\321f\247x\311Q2\262\253\351\035\214\260\336\037!\340\337w\327\364\353\202\243\240<'Mb\336\312E\233'\345-\035<P\027\000\000\000\000\000\000\000\000\000\000\000\000\000\000\000\000\000\000\000\000\000\000\000\000\000\000\000\000\000\000\000\000P\031t\361\032\213\221\243\004\006][\376s\340\253\234K}\\013\0362\202`\234\371~d\0310\204\264,s!\002l\025\225/2Mi\010\252)\240F\276k\254\301;\200wg}s\364.8S\354U\206\025\244\006vF0D\002 X\275\353\224\226\367\241\237h\306\246\277\002\342\357_\020\342U\365\027\377\215K\033\336-\216C\225q\022\002 xug\346\315\355\355\276\247\305""\346y\274\247\025\023Y2\340:1\001\365*\250\300\314T\023\306F""; ","validation: """"\200\000\000\001&\000\000\000\004)/\352k\021:`\203p\321f\247x\311Q2\262\253\351\035\214\260\336\037!\340\337w\327\364\353\202\243\240<'Mb\336\312E\233'\345-\035<P\027\000\000\000\000\000\000\000\000\000\000\000\000\000\000\000\000\000\000\000\000\000\000\000\000\000\000\000\000\000\000\000\000P\031t\361\032\213\221\243\004\006][\376s\340\253\234K}\\013\0362\202`\234\371~d\0310\204\264,s!\002l\025\225/2Mi\010\252)\240F\276k\254\301;\200wg}s\364.8S\354U\206\025\244\006vF0D\002 X\275\353\224\226\367\241\237h\306\246\277\002\342\357_\020\342U\365\027\377\215K\033\336-\216C\225q\022\002 xug\346\315\355\355\276\247\305""\346y\274\247\025\023Y2\340:1\001\365*\250\300\314T\023\306F""; "
1750576785504,1750576785504,3637,1,3,4,TMProposeSet,"proposeSeq: 0; currentTxHash: ""\000\000\000\000\000\000\000\000\000\000\000\000\000\000\000\000\000\000\000\000\000\000\000\000\000\000\000\000\000\000\000\000""; nodePubKey: ""\003\371#:S\022\X\277\344\034\253'\365\230\361\211p\037\000R\265\215-7o\002\210\025\275\344qQ""; closeTime: 803891983; signature: ""0E\002!\000\315w6\r\370k\004}\317\225c\0327\207\212\343\357\216s\22186',\376\206\373&\270X\334X\002 \021`\317@\370\244\036\243/\246\331\375(v\334\254:\003}\375\224\323\237]W\307\306)A\373\342\236""; previousledger: ""t\361\032\213\221\243\004\006][\376s\340\253\234K}\\013\0362\202`\234\371~d\0310\204\264,""; ","proposeSeq: 0; currentTxHash: ""\000\000\000\000\000\000\000\000\000\000\000\000\000\000\000\000\000\000\000\000\000\000\000\000\000\000\000\000\000\000\000\000""; nodePubKey: ""\003\371#:S\022\X\277\344\034\253'\365\230\361\211p\037\000R\265\215-7o\002\210\025\275\344qQ""; closeTime: 803891983; signature: ""0E\002!\000\315w6\r\370k\004}\317\225c\0327\207\212\343\357\216s\22186',\376\206\373&\270X\334X\002 \021`\317@\370\244\036\243/\246\331\375(v\334\254:\003}\375\224\323\237]W\307\306)A\373\342\236""; previousledger: ""t\361\032\213\221\243\004\006][\376s\340\253\234K}\\013\0362\202`\234\371~d\0310\204\264,""; "
1750576785504,1750576785505,1930,1,3,0,TMProposeSet,"proposeSeq: 0; currentTxHash: ""\000\000\000\000\000\000\000\000\000\000\000\000\000\000\000\000\000\000\000\000\000\000\000\000\000\000\000\000\000\000\000\000""; nodePubKey: ""\003\371#:S\022\X\277\344\034\253'\365\230\361\211p\037\000R\265\215-7o\002\210\025\275\344qQ""; closeTime: 803891983; signature: ""0E\002!\000\315w6\r\370k\004}\317\225c\0327\207\212\343\357\216s\22186',\376\206\373&\270X\334X\002 \021`\317@\370\244\036\243/\246\331\375(v\334\254:\003}\375\224\323\237]W\307\306)A\373\342\236""; previousledger: ""t\361\032\213\221\243\004\006][\376s\340\253\234K}\\013\0362\202`\234\371~d\0310\204\264,""; ","proposeSeq: 0; currentTxHash: ""\000\000\000\000\000\000\000\000\000\000\000\000\000\000\000\000\000\000\000\000\000\000\000\000\000\000\000\000\000\000\000\000""; nodePubKey: ""\003\371#:S\022\X\277\344\034\253'\365\230\361\211p\037\000R\265\215-7o\002\210\025\275\344qQ""; closeTime: 803891983; signature: ""0E\002!\000\315w6\r\370k\004}\317\225c\0327\207\212\343\357\216s\22186',\376\206\373&\270X\334X\002 \021`\317@\370\244\036\243/\246\331\375(v\334\254:\003}\375\224\323\237]W\307\306)A\373\342\236""; previousledger: ""t\361\032\213\221\243\004\006][\376s\340\253\234K}\\013\0362\202`\234\371~d\0310\204\264,""; "
1750576785505,1750576785505,637,1,3,1,TMProposeSet,"proposeSeq: 0; currentTxHash: ""\000\000\000\000\000\000\000\000\000\000\000\000\000\000\000\000\000\000\000\000\000\000\000\000\000\000\000\000\000\000\000\000""; nodePubKey: ""\003\371#:S\022\X\277\344\034\253'\365\230\361\211p\037\000R\265\215-7o\002\210\025\275\344qQ""; closeTime: 803891983; signature: ""0E\002!\000\315w6\r\370k\004}\317\225c\0327\207\212\343\357\216s\22186',\376\206\373&\270X\334X\002 \021`\317@\370\244\036\243/\246\331\375(v\334\254:\003}\375\224\323\237]W\307\306)A\373\342\236""; previousledger: ""t\361\032\213\221\243\004\006][\376s\340\253\234K}\\013\0362\202`\234\371~d\0310\204\264,""; ","proposeSeq: 0; currentTxHash: ""\000\000\000\000\000\000\000\000\000\000\000\000\000\000\000\000\000\000\000\000\000\000\000\000\000\000\000\000\000\000\000\000""; nodePubKey: ""\003\371#:S\022\X\277\344\034\253'\365\230\361\211p\037\000R\265\215-7o\002\210\025\275\344qQ""; closeTime: 803891983; signature: ""0E\002!\000\315w6\r\370k\004}\317\225c\0327\207\212\343\357\216s\22186',\376\206\373&\270X\334X\002 \021`\317@\370\244\036\243/\246\331\375(v\334\254:\003}\375\224\323\237]W\307\306)A\373\342\236""; previousledger: ""t\361\032\213\221\243\004\006][\376s\340\253\234K}\\013\0362\202`\234\371~d\0310\204\264,""; "
1750576785555,1750576785555,1033,1,0,4,TMProposeSet,"proposeSeq: 0; currentTxHash: ""\000\000\000\000\000\000\000\000\000\000\000\000\000\000\000\000\000\000\000\000\000\000\000\000\000\000\000\000\000\000\000\000""; nodePubKey: ""\002\373\236I\010\265\271ho\331/c\224%g\005\354]\344\350\r\030%u\255\364\002\226\221\370\363\332\331""; closeTime: 803891984; signature: ""0D\002 M\341\376\034\213%\350:\214\307\251\343\305g\267\004V""d\030\256\216\035!U\316D\330l\006\344\250\002 T\216F>x\036>s/\346\376S'\311\323\354\025\023`\201_Rr\254\332\366\270J\204\3371^""; previousledger: ""t\361\032\213\221\243\004\006][\376s\340\253\234K}\\013\0362\202`\234\371~d\0310\204\264,""; ","proposeSeq: 0; currentTxHash: ""\000\000\000\000\000\000\000\000\000\000\000\000\000\000\000\000\000\000\000\000\000\000\000\000\000\000\000\000\000\000\000\000""; nodePubKey: ""\002\373\236I\010\265\271ho\331/c\224%g\005\354]\344\350\r\030%u\255\364\002\226\221\370\363\332\331""; closeTime: 803891984; signature: ""0D\002 M\341\376\034\213%\350:\214\307\251\343\305g\267\004V""d\030\256\216\035!U\316D\330l\006\344\250\002 T\216F>x\036>s/\346\376S'\311\323\354\025\023`\201_Rr\254\332\366\270J\204\3371^""; previousledger: ""t\361\032\213\221\243\004\006][\376s\340\253\234K}\\013\0362\202`\234\371~d\0310\204\264,""; "
1750576785556,1750576785556,1134,1,0,2,TMProposeSet,"proposeSeq: 0; currentTxHash: ""\000\000\000\000\000\000\000\000\000\000\000\000\000\000\000\000\000\000\000\000\000\000\000\000\000\000\000\000\000\000\000\000""; nodePubKey: ""\002\373\236I\010\265\271ho\331/c\224%g\005\354]\344\350\r\030%u\255\364\002\226\221\370\363\332\331""; closeTime: 803891984; signature: ""0D\002 M\341\376\034\213%\350:\214\307\251\343\305g\267\004V""d\030\256\216\035!U\316D\330l\006\344\250\002 T\216F>x\036>s/\346\376S'\311\323\354\025\023`\201_Rr\254\332\366\270J\204\3371^""; previousledger: ""t\361\032\213\221\243\004\006][\376s\340\253\234K}\\013\0362\202`\234\371~d\0310\204\264,""; ","proposeSeq: 0; currentTxHash: ""\000\000\000\000\000\000\000\000\000\000\000\000\000\000\000\000\000\000\000\000\000\000\000\000\000\000\000\000\000\000\000\000""; nodePubKey: ""\002\373\236I\010\265\271ho\331/c\224%g\005\354]\344\350\r\030%u\255\364\002\226\221\370\363\332\331""; closeTime: 803891984; signature: ""0D\002 M\341\376\034\213%\350:\214\307\251\343\305g\267\004V""d\030\256\216\035!U\316D\330l\006\344\250\002 T\216F>x\036>s/\346\376S'\311\323\354\025\023`\201_Rr\254\332\366\270J\204\3371^""; previousledger: ""t\361\032\213\221\243\004\006][\376s\340\253\234K}\\013\0362\202`\234\371~d\0310\204\264,""; "
1750576785556,1750576785556,920,1,0,3,TMProposeSet,"proposeSeq: 0; currentTxHash: ""\000\000\000\000\000\000\000\000\000\000\000\000\000\000\000\000\000\000\000\000\000\000\000\000\000\000\000\000\000\000\000\000""; nodePubKey: ""\002\373\236I\010\265\271ho\331/c\224%g\005\354]\344\350\r\030%u\255\364\002\226\221\370\363\332\331""; closeTime: 803891984; signature: ""0D\002 M\341\376\034\213%\350:\214\307\251\343\305g\267\004V""d\030\256\216\035!U\316D\330l\006\344\250\002 T\216F>x\036>s/\346\376S'\311\323\354\025\023`\201_Rr\254\332\366\270J\204\3371^""; previousledger: ""t\361\032\213\221\243\004\006][\376s\340\253\234K}\\013\0362\202`\234\371~d\0310\204\264,""; ","proposeSeq: 0; currentTxHash: ""\000\000\000\000\000\000\000\000\000\000\000\000\000\000\000\000\000\000\000\000\000\000\000\000\000\000\000\000\000\000\000\000""; nodePubKey: ""\002\373\236I\010\265\271ho\331/c\224%g\005\354]\344\350\r\030%u\255\364\002\226\221\370\363\332\331""; closeTime: 803891984; signature: ""0D\002 M\341\376\034\213%\350:\214\307\251\343\305g\267\004V""d\030\256\216\035!U\316D\330l\006\344\250\002 T\216F>x\036>s/\346\376S'\311\323\354\025\023`\201_Rr\254\332\366\270J\204\3371^""; previousledger: ""t\361\032\213\221\243\004\006][\376s\340\253\234K}\\013\0362\202`\234\371~d\0310\204\264,""; "
1750576785742,1750576785742,3637,1,3,4,TMProposeSet,"proposeSeq: 0; currentTxHash: ""\000\000\000\000\000\000\000\000\000\000\000\000\000\000\000\000\000\000\000\000\000\000\000\000\000\000\000\000\000\000\000\000""; nodePubKey: ""\002\373\236I\010\265\271ho\331/c\224%g\005\354]\344\350\r\030%u\255\364\002\226\221\370\363\332\331""; closeTime: 803891984; signature: ""0D\002 M\341\376\034\213%\350:\214\307\251\343\305g\267\004V""d\030\256\216\035!U\316D\330l\006\344\250\002 T\216F>x\036>s/\346\376S'\311\323\354\025\023`\201_Rr\254\332\366\270J\204\3371^""; previousledger: ""t\361\032\213\221\243\004\006][\376s\340\253\234K}\\013\0362\202`\234\371~d\0310\204\264,""; ","proposeSeq: 0; currentTxHash: ""\000\000\000\000\000\000\000\000\000\000\000\000\000\000\000\000\000\000\000\000\000\000\000\000\000\000\000\000\000\000\000\000""; nodePubKey: ""\002\373\236I\010\265\271ho\331/c\224%g\005\354]\344\350\r\030%u\255\364\002\226\221\370\363\332\331""; closeTime: 803891984; signature: ""0D\002 M\341\376\034\213%\350:\214\307\251\343\305g\267\004V""d\030\256\216\035!U\316D\330l\006\344\250\002 T\216F>x\036>s/\346\376S'\311\323\354\025\023`\201_Rr\254\332\366\270J\204\3371^""; previousledger: ""t\361\032\213\221\243\004\006][\376s\340\253\234K}\\013\0362\202`\234\371~d\0310\204\264,""; "
1750576785742,1750576785742,637,1,3,1,TMProposeSet,"proposeSeq: 0; currentTxHash: ""\000\000\000\000\000\000\000\000\000\000\000\000\000\000\000\000\000\000\000\000\000\000\000\000\000\000\000\000\000\000\000\000""; nodePubKey: ""\002\373\236I\010\265\271ho\331/c\224%g\005\354]\344\350\r\030%u\255\364\002\226\221\370\363\332\331""; closeTime: 803891984; signature: ""0D\002 M\341\376\034\213%\350:\214\307\251\343\305g\267\004V""d\030\256\216\035!U\316D\330l\006\344\250\002 T\216F>x\036>s/\346\376S'\311\323\354\025\023`\201_Rr\254\332\366\270J\204\3371^""; previousledger: ""t\361\032\213\221\243\004\006][\376s\340\253\234K}\\013\0362\202`\234\371~d\0310\204\264,""; ","proposeSeq: 0; currentTxHash: ""\000\000\000\000\000\000\000\000\000\000\000\000\000\000\000\000\000\000\000\000\000\000\000\000\000\000\000\000\000\000\000\000""; nodePubKey: ""\002\373\236I\010\265\271ho\331/c\224%g\005\354]\344\350\r\030%u\255\364\002\226\221\370\363\332\331""; closeTime: 803891984; signature: ""0D\002 M\341\376\034\213%\350:\214\307\251\343\305g\267\004V""d\030\256\216\035!U\316D\330l\006\344\250\002 T\216F>x\036>s/\346\376S'\311\323\354\025\023`\201_Rr\254\332\366\270J\204\3371^""; previousledger: ""t\361\032\213\221\243\004\006][\376s\340\253\234K}\\013\0362\202`\234\371~d\0310\204\264,""; "
1750576785743,1750576785743,1930,1,3,0,TMProposeSet,"proposeSeq: 0; currentTxHash: ""\000\000\000\000\000\000\000\000\000\000\000\000\000\000\000\000\000\000\000\000\000\000\000\000\000\000\000\000\000\000\000\000""; nodePubKey: ""\002\373\236I\010\265\271ho\331/c\224%g\005\354]\344\350\r\030%u\255\364\002\226\221\370\363\332\331""; closeTime: 803891984; signature: ""0D\002 M\341\376\034\213%\350:\214\307\251\343\305g\267\004V""d\030\256\216\035!U\316D\330l\006\344\250\002 T\216F>x\036>s/\346\376S'\311\323\354\025\023`\201_Rr\254\332\366\270J\204\3371^""; previousledger: ""t\361\032\213\221\243\004\006][\376s\340\253\234K}\\013\0362\202`\234\371~d\0310\204\264,""; ","proposeSeq: 0; currentTxHash: ""\000\000\000\000\000\000\000\000\000\000\000\000\000\000\000\000\000\000\000\000\000\000\000\000\000\000\000\000\000\000\000\000""; nodePubKey: ""\002\373\236I\010\265\271ho\331/c\224%g\005\354]\344\350\r\030%u\255\364\002\226\221\370\363\332\331""; closeTime: 803891984; signature: ""0D\002 M\341\376\034\213%\350:\214\307\251\343\305g\267\004V""d\030\256\216\035!U\316D\330l\006\344\250\002 T\216F>x\036>s/\346\376S'\311\323\354\025\023`\201_Rr\254\332\366\270J\204\3371^""; previousledger: ""t\361\032\213\221\243\004\006][\376s\340\253\234K}\\013\0362\202`\234\371~d\0310\204\264,""; "
1750576785881,1750576785881,1182,1,4,3,TMStatusChange,"newEvent: neACCEPTED_LEDGER; ledgerSeq: 4; ledgerHash: ""2\262\253\351\035\214\260\336\037!\340\337w\327\364\353\202\243\240<'Mb\336\312E\233'\345-\035<""; ledgerHashPrevious: ""t\361\032\213\221\243\004\006][\376s\340\253\234K}\\013\0362\202`\234\371~d\0310\204\264,""; networkTime: 803891985; firstSeq: 1; lastSeq: 3; ","newEvent: neACCEPTED_LEDGER; ledgerSeq: 4; ledgerHash: ""2\262\253\351\035\214\260\336\037!\340\337w\327\364\353\202\243\240<'Mb\336\312E\233'\345-\035<""; ledgerHashPrevious: ""t\361\032\213\221\243\004\006][\376s\340\253\234K}\\013\0362\202`\234\371~d\0310\204\264,""; networkTime: 803891985; firstSeq: 1; lastSeq: 3; "
1750576785882,1750576785882,1074,1,4,3,TMValidation,"validation: """"\200\000\000\001&\000\000\000\004)/\352k\021:""\223\371\016\340l;\316Q2\262\253\351\035\214\260\336\037!\340\337w\327\364\353\202\243\240<'Mb\336\312E\233'\345-\035<P\027\000\000\000\000\000\000\000\000\000\000\000\000\000\000\000\000\000\000\000\000\000\000\000\000\000\000\000\000\000\000\000\000P\031t\361\032\213\221\243\004\006][\376s\340\253\234K}\\013\0362\202`\234\371~d\0310\204\264,s!\003\371#:S\022\X\277\344\034\253'\365\230\361\211p\037\000R\265\215-7o\002\210\025\275\344qQvF0D\002 *\323\354=\n\3719\032m\177\225(\260&-!\351\211R\376\203\343eh~\036\014m\326\312\351\332\002 k\376TUM\330\030M\244];\003\333_\337\325\314\213\312cd\217\006\321\302\037k\277\212\354\232\035""; ","validation: """"\200\000\000\001&\000\000\000\004)/\352k\021:""\223\371\016\340l;\316Q2\262\253\351\035\214\260\336\037!\340\337w\327\364\353\202\243\240<'Mb\336\312E\233'\345-\035<P\027\000\000\000\000\000\000\000\000\000\000\000\000\000\000\000\000\000\000\000\000\000\000\000\000\000\000\000\000\000\000\000\000P\031t\361\032\213\221\243\004\006][\376s\340\253\234K}\\013\0362\202`\234\371~d\0310\204\264,s!\003\371#:S\022\X\277\344\034\253'\365\230\361\211p\037\000R\265\215-7o\002\210\025\275\344qQvF0D\002 *\323\354=\n\3719\032m\177\225(\260&-!\351\211R\376\203\343eh~\036\014m\326\312\351\332\002 k\376TUM\330\030M\244];\003\333_\337\325\314\213\312cd\217\006\321\302\037k\277\212\354\232\035""; "
1750576785883,1750576785883,2490,1,4,2,TMValidation,"validation: """"\200\000\000\001&\000\000\000\004)/\352k\021:""\223\371\016\340l;\316Q2\262\253\351\035\214\260\336\037!\340\337w\327\364\353\202\243\240<'Mb\336\312E\233'\345-\035<P\027\000\000\000\000\000\000\000\000\000\000\000\000\000\000\000\000\000\000\000\000\000\000\000\000\000\000\000\000\000\000\000\000P\031t\361\032\213\221\243\004\006][\376s\340\253\234K}\\013\0362\202`\234\371~d\0310\204\264,s!\003\371#:S\022\X\277\344\034\253'\365\230\361\211p\037\000R\265\215-7o\002\210\025\275\344qQvF0D\002 *\323\354=\n\3719\032m\177\225(\260&-!\351\211R\376\203\343eh~\036\014m\326\312\351\332\002 k\376TUM\330\030M\244];\003\333_\337\325\314\213\312cd\217\006\321\302\037k\277\212\354\232\035""; ","validation: """"\200\000\000\001&\000\000\000\004)/\352k\021:""\223\371\016\340l;\316Q2\262\253\351\035\214\260\336\037!\340\337w\327\364\353\202\243\240<'Mb\336\312E\233'\345-\035<P\027\000\000\000\000\000\000\000\000\000\000\000\000\000\000\000\000\000\000\000\000\000\000\000\000\000\000\000\000\000\000\000\000P\031t\361\032\213\221\243\004\006][\376s\340\253\234K}\\013\0362\202`\234\371~d\0310\204\264,s!\003\371#:S\022\X\277\344\034\253'\365\230\361\211p\037\000R\265\215-7o\002\210\025\275\344qQvF0D\002 *\323\354=\n\3719\032m\177\225(\260&-!\351\211R\376\203\343eh~\036\014m\326\312\351\332\002 k\376TUM\330\030M\244];\003\333_\337\325\314\213\312cd\217\006\321\302\037k\277\212\354\232\035""; "
1750576785884,1750576785884,2906,1,4,0,TMStatusChange,"newEvent: neACCEPTED_LEDGER; ledgerSeq: 4; ledgerHash: ""2\262\253\351\035\214\260\336\037!\340\337w\327\364\353\202\243\240<'Mb\336\312E\233'\345-\035<""; ledgerHashPrevious: ""t\361\032\213\221\243\004\006][\376s\340\253\234K}\\013\0362\202`\234\371~d\0310\204\264,""; networkTime: 803891985; firstSeq: 1; lastSeq: 3; ","newEvent: neACCEPTED_LEDGER; ledgerSeq: 4; ledgerHash: ""2\262\253\351\035\214\260\336\037!\340\337w\327\364\353\202\243\240<'Mb\336\312E\233'\345-\035<""; ledgerHashPrevious: ""t\361\032\213\221\243\004\006][\376s\340\253\234K}\\013\0362\202`\234\371~d\0310\204\264,""; networkTime: 803891985; firstSeq: 1; lastSeq: 3; "
1750576785884,1750576785884,2764,1,4,0,TMValidation,"validation: """"\200\000\000\001&\000\000\000\004)/\352k\021:""\223\371\016\340l;\316Q2\262\253\351\035\214\260\336\037!\340\337w\327\364\353\202\243\240<'Mb\336\312E\233'\345-\035<P\027\000\000\000\000\000\000\000\000\000\000\000\000\000\000\000\000\000\000\000\000\000\000\000\000\000\000\000\000\000\000\000\000P\031t\361\032\213\221\243\004\006][\376s\340\253\234K}\\013\0362\202`\234\371~d\0310\204\264,s!\003\371#:S\022\X\277\344\034\253'\365\230\361\211p\037\000R\265\215-7o\002\210\025\275\344qQvF0D\002 *\323\354=\n\3719\032m\177\225(\260&-!\351\211R\376\203\343eh~\036\014m\326\312\351\332\002 k\376TUM\330\030M\244];\003\333_\337\325\314\213\312cd\217\006\321\302\037k\277\212\354\232\035""; ","validation: """"\200\000\000\001&\000\000\000\004)/\352k\021:""\223\371\016\340l;\316Q2\262\253\351\035\214\260\336\037!\340\337w\327\364\353\202\243\240<'Mb\336\312E\233'\345-\035<P\027\000\000\000\000\000\000\000\000\000\000\000\000\000\000\000\000\000\000\000\000\000\000\000\000\000\000\000\000\000\000\000\000P\031t\361\032\213\221\243\004\006][\376s\340\253\234K}\\013\0362\202`\234\371~d\0310\204\264,s!\003\371#:S\022\X\277\344\034\253'\365\230\361\211p\037\000R\265\215-7o\002\210\025\275\344qQvF0D\002 *\323\354=\n\3719\032m\177\225(\260&-!\351\211R\376\203\343eh~\036\014m\326\312\351\332\002 k\376TUM\330\030M\244];\003\333_\337\325\314\213\312cd\217\006\321\302\037k\277\212\354\232\035""; "
1750576785884,1750576785884,428,1,4,1,TMValidation,"validation: """"\200\000\000\001&\000\000\000\004)/\352k\021:""\223\371\016\340l;\316Q2\262\253\351\035\214\260\336\037!\340\337w\327\364\353\202\243\240<'Mb\336\312E\233'\345-\035<P\027\000\000\000\000\000\000\000\000\000\000\000\000\000\000\000\000\000\000\000\000\000\000\000\000\000\000\000\000\000\000\000\000P\031t\361\032\213\221\243\004\006][\376s\340\253\234K}\\013\0362\202`\234\371~d\0310\204\264,s!\003\371#:S\022\X\277\344\034\253'\365\230\361\211p\037\000R\265\215-7o\002\210\025\275\344qQvF0D\002 *\323\354=\n\3719\032m\177\225(\260&-!\351\211R\376\203\343eh~\036\014m\326\312\351\332\002 k\376TUM\330\030M\244];\003\333_\337\325\314\213\312cd\217\006\321\302\037k\277\212\354\232\035""; ","validation: """"\200\000\000\001&\000\000\000\004)/\352k\021:""\223\371\016\340l;\316Q2\262\253\351\035\214\260\336\037!\340\337w\327\364\353\202\243\240<'Mb\336\312E\233'\345-\035<P\027\000\000\000\000\000\000\000\000\000\000\000\000\000\000\000\000\000\000\000\000\000\000\000\000\000\000\000\000\000\000\000\000P\031t\361\032\213\221\243\004\006][\376s\340\253\234K}\\013\0362\202`\234\371~d\0310\204\264,s!\003\371#:S\022\X\277\344\034\253'\365\230\361\211p\037\000R\265\215-7o\002\210\025\275\344qQvF0D\002 *\323\354=\n\3719\032m\177\225(\260&-!\351\211R\376\203\343eh~\036\014m\326\312\351\332\002 k\376TUM\330\030M\244];\003\333_\337\325\314\213\312cd\217\006\321\302\037k\277\212\354\232\035""; "
1750576785884,1750576785885,2968,1,4,2,TMStatusChange,"newEvent: neACCEPTED_LEDGER; ledgerSeq: 4; ledgerHash: ""2\262\253\351\035\214\260\336\037!\340\337w\327\364\353\202\243\240<'Mb\336\312E\233'\345-\035<""; ledgerHashPrevious: ""t\361\032\213\221\243\004\006][\376s\340\253\234K}\\013\0362\202`\234\371~d\0310\204\264,""; networkTime: 803891985; firstSeq: 1; lastSeq: 3; ","newEvent: neACCEPTED_LEDGER; ledgerSeq: 4; ledgerHash: ""2\262\253\351\035\214\260\336\037!\340\337w\327\364\353\202\243\240<'Mb\336\312E\233'\345-\035<""; ledgerHashPrevious: ""t\361\032\213\221\243\004\006][\376s\340\253\234K}\\013\0362\202`\234\371~d\0310\204\264,""; networkTime: 803891985; firstSeq: 1; lastSeq: 3; "
1750576785885,1750576785885,688,1,4,1,TMStatusChange,"newEvent: neACCEPTED_LEDGER; ledgerSeq: 4; ledgerHash: ""2\262\253\351\035\214\260\336\037!\340\337w\327\364\353\202\243\240<'Mb\336\312E\233'\345-\035<""; ledgerHashPrevious: ""t\361\032\213\221\243\004\006][\376s\340\253\234K}\\013\0362\202`\234\371~d\0310\204\264,""; networkTime: 803891985; firstSeq: 1; lastSeq: 3; ","newEvent: neACCEPTED_LEDGER; ledgerSeq: 4; ledgerHash: ""2\262\253\351\035\214\260\336\037!\340\337w\327\364\353\202\243\240<'Mb\336\312E\233'\345-\035<""; ledgerHashPrevious: ""t\361\032\213\221\243\004\006][\376s\340\253\234K}\\013\0362\202`\234\371~d\0310\204\264,""; networkTime: 803891985; firstSeq: 1; lastSeq: 3; "
1750576785922,1750576785922,431,1,0,3,TMStatusChange,"newEvent: neACCEPTED_LEDGER; ledgerSeq: 4; ledgerHash: ""2\262\253\351\035\214\260\336\037!\340\337w\327\364\353\202\243\240<'Mb\336\312E\233'\345-\035<""; ledgerHashPrevious: ""t\361\032\213\221\243\004\006][\376s\340\253\234K}\\013\0362\202`\234\371~d\0310\204\264,""; networkTime: 803891985; firstSeq: 1; lastSeq: 3; ","newEvent: neACCEPTED_LEDGER; ledgerSeq: 4; ledgerHash: ""2\262\253\351\035\214\260\336\037!\340\337w\327\364\353\202\243\240<'Mb\336\312E\233'\345-\035<""; ledgerHashPrevious: ""t\361\032\213\221\243\004\006][\376s\340\253\234K}\\013\0362\202`\234\371~d\0310\204\264,""; networkTime: 803891985; firstSeq: 1; lastSeq: 3; "
1750576785923,1750576785923,3083,1,0,1,TMStatusChange,"newEvent: neACCEPTED_LEDGER; ledgerSeq: 4; ledgerHash: ""2\262\253\351\035\214\260\336\037!\340\337w\327\364\353\202\243\240<'Mb\336\312E\233'\345-\035<""; ledgerHashPrevious: ""t\361\032\213\221\243\004\006][\376s\340\253\234K}\\013\0362\202`\234\371~d\0310\204\264,""; networkTime: 803891985; firstSeq: 1; lastSeq: 3; ","newEvent: neACCEPTED_LEDGER; ledgerSeq: 4; ledgerHash: ""2\262\253\351\035\214\260\336\037!\340\337w\327\364\353\202\243\240<'Mb\336\312E\233'\345-\035<""; ledgerHashPrevious: ""t\361\032\213\221\243\004\006][\376s\340\253\234K}\\013\0362\202`\234\371~d\0310\204\264,""; networkTime: 803891985; firstSeq: 1; lastSeq: 3; "
1750576785923,1750576785923,453,1,0,2,TMValidation,"validation: """"\200\000\000\001&\000\000\000\004)/\352k\021:\337\036c5\254\005\264,Q2\262\253\351\035\214\260\336\037!\340\337w\327\364\353\202\243\240<'Mb\336\312E\233'\345-\035<P\027\000\000\000\000\000\000\000\000\000\000\000\000\000\000\000\000\000\000\000\000\000\000\000\000\000\000\000\000\000\000\000\000P\031t\361\032\213\221\243\004\006][\376s\340\253\234K}\\013\0362\202`\234\371~d\0310\204\264,s!\003i)e\226\372N\250\220\343\313\000^\252ua\277:W\233\010\236\376G>\347\257/\214RJ\t<vG0E\002!\000\353T\320\341\222\354s\236\356""2\375$\322B\256s\344$\307\321\225\253('z\005\315K\031\221?\002 )\034\345V(\213ya#\001\316f\t!\342\231\035\003\355(\376\367X\030\225\332\332\260\326\300\345\357""; ","validation: """"\200\000\000\001&\000\000\000\004)/\352k\021:\337\036c5\254\005\264,Q2\262\253\351\035\214\260\336\037!\340\337w\327\364\353\202\243\240<'Mb\336\312E\233'\345-\035<P\027\000\000\000\000\000\000\000\000\000\000\000\000\000\000\000\000\000\000\000\000\000\000\000\000\000\000\000\000\000\000\000\000P\031t\361\032\213\221\243\004\006][\376s\340\253\234K}\\013\0362\202`\234\371~d\0310\204\264,s!\003i)e\226\372N\250\220\343\313\000^\252ua\277:W\233\010\236\376G>\347\257/\214RJ\t<vG0E\002!\000\353T\320\341\222\354s\236\356""2\375$\322B\256s\344$\307\321\225\253('z\005\315K\031\221?\002 )\034\345V(\213ya#\001\316f\t!\342\231\035\003\355(\376\367X\030\225\332\332\260\326\300\345\357""; "
1750576785923,1750576785923,2598,1,0,1,TMValidation,"validation: """"\200\000\000\001&\000\000\000\004)/\352k\021:\337\036c5\254\005\264,Q2\262\253\351\035\214\260\336\037!\340\337w\327\364\353\202\243\240<'Mb\336\312E\233'\345-\035<P\027\000\000\000\000\000\000\000\000\000\000\000\000\000\000\000\000\000\000\000\000\000\000\000\000\000\000\000\000\000\000\000\000P\031t\361\032\213\221\243\004\006][\376s\340\253\234K}\\013\0362\202`\234\371~d\0310\204\264,s!\003i)e\226\372N\250\220\343\313\000^\252ua\277:W\233\010\236\376G>\347\257/\214RJ\t<vG0E\002!\000\353T\320\341\222\354s\236\356""2\375$\322B\256s\344$\307\321\225\253('z\005\315K\031\221?\002 )\034\345V(\213ya#\001\316f\t!\342\231\035\003\355(\376\367X\030\225\332\332\260\326\300\345\357""; ","validation: """"\200\000\000\001&\000\000\000\004)/\352k\021:\337\036c5\254\005\264,Q2\262\253\351\035\214\260\336\037!\340\337w\327\364\353\202\243\240<'Mb\336\312E\233'\345-\035<P\027\000\000\000\000\000\000\000\000\000\000\000\000\000\000\000\000\000\000\000\000\000\000\000\000\000\000\000\000\000\000\000\000P\031t\361\032\213\221\243\004\006][\376s\340\253\234K}\\013\0362\202`\234\371~d\0310\204\264,s!\003i)e\226\372N\250\220\343\313\000^\252ua\277:W\233\010\236\376G>\347\257/\214RJ\t<vG0E\002!\000\353T\320\341\222\354s\236\356""2\375$\322B\256s\344$\307\321\225\253('z\005\315K\031\221?\002 )\034\345V(\213ya#\001\316f\t!\342\231\035\003\355(\376\367X\030\225\332\332\260\326\300\345\357""; "
1750576785923,1750576785923,1592,1,0,2,TMStatusChange,"newEvent: neACCEPTED_LEDGER; ledgerSeq: 4; ledgerHash: ""2\262\253\351\035\214\260\336\037!\340\337w\327\364\353\202\243\240<'Mb\336\312E\233'\345-\035<""; ledgerHashPrevious: ""t\361\032\213\221\243\004\006][\376s\340\253\234K}\\013\0362\202`\234\371~d\0310\204\264,""; networkTime: 803891985; firstSeq: 1; lastSeq: 3; ","newEvent: neACCEPTED_LEDGER; ledgerSeq: 4; ledgerHash: ""2\262\253\351\035\214\260\336\037!\340\337w\327\364\353\202\243\240<'Mb\336\312E\233'\345-\035<""; ledgerHashPrevious: ""t\361\032\213\221\243\004\006][\376s\340\253\234K}\\013\0362\202`\234\371~d\0310\204\264,""; networkTime: 803891985; firstSeq: 1; lastSeq: 3; "
1750576785922,1750576785922,2242,1,0,4,TMStatusChange,"newEvent: neACCEPTED_LEDGER; ledgerSeq: 4; ledgerHash: ""2\262\253\351\035\214\260\336\037!\340\337w\327\364\353\202\243\240<'Mb\336\312E\233'\345-\035<""; ledgerHashPrevious: ""t\361\032\213\221\243\004\006][\376s\340\253\234K}\\013\0362\202`\234\371~d\0310\204\264,""; networkTime: 803891985; firstSeq: 1; lastSeq: 3; ","newEvent: neACCEPTED_LEDGER; ledgerSeq: 4; ledgerHash: ""2\262\253\351\035\214\260\336\037!\340\337w\327\364\353\202\243\240<'Mb\336\312E\233'\345-\035<""; ledgerHashPrevious: ""t\361\032\213\221\243\004\006][\376s\340\253\234K}\\013\0362\202`\234\371~d\0310\204\264,""; networkTime: 803891985; firstSeq: 1; lastSeq: 3; "
1750576785924,1750576785924,3321,1,0,4,TMValidation,"validation: """"\200\000\000\001&\000\000\000\004)/\352k\021:\337\036c5\254\005\264,Q2\262\253\351\035\214\260\336\037!\340\337w\327\364\353\202\243\240<'Mb\336\312E\233'\345-\035<P\027\000\000\000\000\000\000\000\000\000\000\000\000\000\000\000\000\000\000\000\000\000\000\000\000\000\000\000\000\000\000\000\000P\031t\361\032\213\221\243\004\006][\376s\340\253\234K}\\013\0362\202`\234\371~d\0310\204\264,s!\003i)e\226\372N\250\220\343\313\000^\252ua\277:W\233\010\236\376G>\347\257/\214RJ\t<vG0E\002!\000\353T\320\341\222\354s\236\356""2\375$\322B\256s\344$\307\321\225\253('z\005\315K\031\221?\002 )\034\345V(\213ya#\001\316f\t!\342\231\035\003\355(\376\367X\030\225\332\332\260\326\300\345\357""; ","validation: """"\200\000\000\001&\000\000\000\004)/\352k\021:\337\036c5\254\005\264,Q2\262\253\351\035\214\260\336\037!\340\337w\327\364\353\202\243\240<'Mb\336\312E\233'\345-\035<P\027\000\000\000\000\000\000\000\000\000\000\000\000\000\000\000\000\000\000\000\000\000\000\000\000\000\000\000\000\000\000\000\000P\031t\361\032\213\221\243\004\006][\376s\340\253\234K}\\013\0362\202`\234\371~d\0310\204\264,s!\003i)e\226\372N\250\220\343\313\000^\252ua\277:W\233\010\236\376G>\347\257/\214RJ\t<vG0E\002!\000\353T\320\341\222\354s\236\356""2\375$\322B\256s\344$\307\321\225\253('z\005\315K\031\221?\002 )\034\345V(\213ya#\001\316f\t!\342\231\035\003\355(\376\367X\030\225\332\332\260\326\300\345\357""; "
1750576785924,1750576785924,2915,1,0,3,TMValidation,"validation: """"\200\000\000\001&\000\000\000\004)/\352k\021:\337\036c5\254\005\264,Q2\262\253\351\035\214\260\336\037!\340\337w\327\364\353\202\243\240<'Mb\336\312E\233'\345-\035<P\027\000\000\000\000\000\000\000\000\000\000\000\000\000\000\000\000\000\000\000\000\000\000\000\000\000\000\000\000\000\000\000\000P\031t\361\032\213\221\243\004\006][\376s\340\253\234K}\\013\0362\202`\234\371~d\0310\204\264,s!\003i)e\226\372N\250\220\343\313\000^\252ua\277:W\233\010\236\376G>\347\257/\214RJ\t<vG0E\002!\000\353T\320\341\222\354s\236\356""2\375$\322B\256s\344$\307\321\225\253('z\005\315K\031\221?\002 )\034\345V(\213ya#\001\316f\t!\342\231\035\003\355(\376\367X\030\225\332\332\260\326\300\345\357""; ","validation: """"\200\000\000\001&\000\000\000\004)/\352k\021:\337\036c5\254\005\264,Q2\262\253\351\035\214\260\336\037!\340\337w\327\364\353\202\243\240<'Mb\336\312E\233'\345-\035<P\027\000\000\000\000\000\000\000\000\000\000\000\000\000\000\000\000\000\000\000\000\000\000\000\000\000\000\000\000\000\000\000\000P\031t\361\032\213\221\243\004\006][\376s\340\253\234K}\\013\0362\202`\234\371~d\0310\204\264,s!\003i)e\226\372N\250\220\343\313\000^\252ua\277:W\233\010\236\376G>\347\257/\214RJ\t<vG0E\002!\000\353T\320\341\222\354s\236\356""2\375$\322B\256s\344$\307\321\225\253('z\005\315K\031\221?\002 )\034\345V(\213ya#\001\316f\t!\342\231\035\003\355(\376\367X\030\225\332\332\260\326\300\345\357""; "
1750576785937,1750576785937,2810,1,1,4,TMTransaction,"rawTransaction: ""\022\000\000""\000\000\000\000$\000\000\000\003 \033\000\000\000\027a@\000\000\027H\206*@h@\000\000\000\000\000\000\ns!\0030\347\374\235V\273%\326\211;\243\363\027\256[\3173\263)\033\326=\263&T\243\023""/\177\320 tF0D\002 Yy\007B\230\330\226\|qn\355\360\210~\0330\323\306\223\207D_GG\367\363{l\277o\207\002 1\275\341\336dn\033\274(\234\265\303\374A\331\226m\005\220\276}\216\352j\231z|\220\363\305\0326\201\024\265\367by\212S\325C\240\024\312\370\262\227\317\370\362\3717\350\203\024\034$,@\365\322~\343\033j\255\202\366\335\250\266\324\344\\030""; status: tsCURRENT; receiveTimestamp: 803891985; deferred: false; ","rawTransaction: ""\022\000\000""\000\000\000\000$\000\000\000\003 \033\000\000\000\027a@\000\000\027H\206*@h@\000\000\000\000\000\000\ns!\0030\347\374\235V\273%\326\211;\243\363\027\256[\3173\263)\033\326=\263&T\243\023""/\177\320 tF0D\002 Yy\007B\230\330\226\|qn\355\360\210~\0330\323\306\223\207D_GG\367\363{l\277o\207\002 1\275\341\336dn\033\274(\234\265\303\374A\331\226m\005\220\276}\216\352j\231z|\220\363\305\0326\201\024\265\367by\212S\325C\240\024\312\370\262\227\317\370\362\3717\350\203\024\034$,@\365\322~\343\033j\255\202\366\335\250\266\324\344\\030""; status: tsCURRENT; receiveTimestamp: 803891985; deferred: false; "
1750576785938,1750576785940,2373,1,1,3,TMTransaction,"rawTransaction: ""\022\000\000""\000\000\000\000$\000\000\000\003 \033\000\000\000\027a@\000\000\027H\206*@h@\000\000\000\000\000\000\ns!\0030\347\374\235V\273%\326\211;\243\363\027\256[\3173\263)\033\326=\263&T\243\023""/\177\320 tF0D\002 Yy\007B\230\330\226\|qn\355\360\210~\0330\323\306\223\207D_GG\367\363{l\277o\207\002 1\275\341\336dn\033\274(\234\265\303\374A\331\226m\005\220\276}\216\352j\231z|\220\363\305\0326\201\024\265\367by\212S\325C\240\024\312\370\262\227\317\370\362\3717\350\203\024\034$,@\365\322~\343\033j\255\202\366\335\250\266\324\344\\030""; status: tsCURRENT; receiveTimestamp: 803891985; deferred: false; ","rawTransaction: ""\022\000\000""\000\000\000\000$\000\000\000\003 \033\000\000\000\027a@\000\000\027H\206*@h@\000\000\000\000\000\000\ns!\0030\347\374\235V\273%\326\211;\243\363\027\256[\3173\263)\033\326=\263&T\243\023""/\177\320 tF0D\002 Yy\007B\230\330\226\|qn\355\360\210~\0330\323\306\223\207D_GG\367\363{l\277o\207\002 1\275\341\336dn\033\274(\234\265\303\374A\331\226m\005\220\276}\216\352j\231z|\220\363\305\0326\201\024\265\367by\212S\325C\240\024\312\370\262\227\317\370\362\3717\350\203\024\034$,@\365\322~\343\033j\255\202\366\335\250\266\324\344\\030""; status: tsCURRENT; receiveTimestamp: 803891985; deferred: false; "
1750576785939,1750576785941,1083,1,1,0,TMTransaction,"rawTransaction: ""\022\000\000""\000\000\000\000$\000\000\000\003 \033\000\000\000\027a@\000\000\027H\206*@h@\000\000\000\000\000\000\ns!\0030\347\374\235V\273%\326\211;\243\363\027\256[\3173\263)\033\326=\263&T\243\023""/\177\320 tF0D\002 Yy\007B\230\330\226\|qn\355\360\210~\0330\323\306\223\207D_GG\367\363{l\277o\207\002 1\275\341\336dn\033\274(\234\265\303\374A\331\226m\005\220\276}\216\352j\231z|\220\363\305\0326\201\024\265\367by\212S\325C\240\024\312\370\262\227\317\370\362\3717\350\203\024\034$,@\365\322~\343\033j\255\202\366\335\250\266\324\344\\030""; status: tsCURRENT; receiveTimestamp: 803891985; deferred: false; ","rawTransaction: ""\022\000\000""\000\000\000\000$\000\000\000\003 \033\000\000\000\027a@\000\000\027H\206*@h@\000\000\000\000\000\000\ns!\0030\347\374\235V\273%\326\211;\243\363\027\256[\3173\263)\033\326=\263&T\243\023""/\177\320 tF0D\002 Yy\007B\230\330\226\|qn\355\360\210~\0330\323\306\223\207D_GG\367\363{l\277o\207\002 1\275\341\336dn\033\274(\234\265\303\374A\331\226m\005\220\276}\216\352j\231z|\220\363\305\0326\201\024\265\367by\212S\325C\240\024\312\370\262\227\317\370\362\3717\350\203\024\034$,@\365\322~\343\033j\255\202\366\335\250\266\324\344\\030""; status: tsCURRENT; receiveTimestamp: 803891985; deferred: false; "
1750576785939,1750576785941,3610,1,1,2,TMTransaction,"rawTransaction: ""\022\000\000""\000\000\000\000$\000\000\000\003 \033\000\000\000\027a@\000\000\027H\206*@h@\000\000\000\000\000\000\ns!\0030\347\374\235V\273%\326\211;\243\363\027\256[\3173\263)\033\326=\263&T\243\023""/\177\320 tF0D\002 Yy\007B\230\330\226\|qn\355\360\210~\0330\323\306\223\207D_GG\367\363{l\277o\207\002 1\275\341\336dn\033\274(\234\265\303\374A\331\226m\005\220\276}\216\352j\231z|\220\363\305\0326\201\024\265\367by\212S\325C\240\024\312\370\262\227\317\370\362\3717\350\203\024\034$,@\365\322~\343\033j\255\202\366\335\250\266\324\344\\030""; status: tsCURRENT; receiveTimestamp: 803891985; deferred: false; ","rawTransaction: ""\022\000\000""\000\000\000\000$\000\000\000\003 \033\000\000\000\027a@\000\000\027H\206*@h@\000\000\000\000\000\000\ns!\0030\347\374\235V\273%\326\211;\243\363\027\256[\3173\263)\033\326=\263&T\243\023""/\177\320 tF0D\002 Yy\007B\230\330\226\|qn\355\360\210~\0330\323\306\223\207D_GG\367\363{l\277o\207\002 1\275\341\336dn\033\274(\234\265\303\374A\331\226m\005\220\276}\216\352j\231z|\220\363\305\0326\201\024\265\367by\212S\325C\240\024\312\370\262\227\317\370\362\3717\350\203\024\034$,@\365\322~\343\033j\255\202\366\335\250\266\324\344\\030""; status: tsCURRENT; receiveTimestamp: 803891985; deferred: false; "
1750576786005,1750576786005,3950,1,3,4,TMStatusChange,"newEvent: neACCEPTED_LEDGER; ledgerSeq: 4; ledgerHash: ""2\262\253\351\035\214\260\336\037!\340\337w\327\364\353\202\243\240<'Mb\336\312E\233'\345-\035<""; ledgerHashPrevious: ""t\361\032\213\221\243\004\006][\376s\340\253\234K}\\013\0362\202`\234\371~d\0310\204\264,""; networkTime: 803891986; firstSeq: 1; lastSeq: 3; ","newEvent: neACCEPTED_LEDGER; ledgerSeq: 4; ledgerHash: ""2\262\253\351\035\214\260\336\037!\340\337w\327\364\353\202\243\240<'Mb\336\312E\233'\345-\035<""; ledgerHashPrevious: ""t\361\032\213\221\243\004\006][\376s\340\253\234K}\\013\0362\202`\234\371~d\0310\204\264,""; networkTime: 803891986; firstSeq: 1; lastSeq: 3; "
1750576786005,1750576786005,693,1,3,1,TMValidation,"validation: """"\200\000\000\001&\000\000\000\004)/\352k\022:\327x\272\020JyerQ2\262\253\351\035\214\260\336\037!\340\337w\327\364\353\202\243\240<'Mb\336\312E\233'\345-\035<P\027\000\000\000\000\000\000\000\000\000\000\000\000\000\000\000\000\000\000\000\000\000\000\000\000\000\000\000\000\000\000\000\000P\031t\361\032\213\221\243\004\006][\376s\340\253\234K}\\013\0362\202`\234\371~d\0310\204\264,s!\003\365\211\205\353\0100\270r\333\225\227Y\025\355!\235\nf\352n\302\032\014\344\364\324\262\351""\225OFvF0D\002 \034\330\247\300\267\203\017\247\360\371\n\001W}\320^\303\226\242}\362\306\303)\310h\034\263\311[\#\002 )\020X@\366R\216]+~\206\246t\023\237`\261\024\r\375S\277\232^M\274\225k\245\270b.""; ","validation: """"\200\000\000\001&\000\000\000\004)/\352k\022:\327x\272\020JyerQ2\262\253\351\035\214\260\336\037!\340\337w\327\364\353\202\243\240<'Mb\336\312E\233'\345-\035<P\027\000\000\000\000\000\000\000\000\000\000\000\000\000\000\000\000\000\000\000\000\000\000\000\000\000\000\000\000\000\000\000\000P\031t\361\032\213\221\243\004\006][\376s\340\253\234K}\\013\0362\202`\234\371~d\0310\204\264,s!\003\365\211\205\353\0100\270r\333\225\227Y\025\355!\235\nf\352n\302\032\014\344\364\324\262\351""\225OFvF0D\002 \034\330\247\300\267\203\017\247\360\371\n\001W}\320^\303\226\242}\362\306\303)\310h\034\263\311[\#\002 )\020X@\366R\216]+~\206\246t\023\237`\261\024\r\375S\277\232^M\274\225k\245\270b.""; "
1750576786006,1750576786006,754,1,3,1,TMStatusChange,"newEvent: neACCEPTED_LEDGER; ledgerSeq: 4; ledgerHash: ""2\262\253\351\035\214\260\336\037!\340\337w\327\364\353\202\243\240<'Mb\336\312E\233'\345-\035<""; ledgerHashPrevious: ""t\361\032\213\221\243\004\006][\376s\340\253\234K}\\013\0362\202`\234\371~d\0310\204\264,""; networkTime: 803891986; firstSeq: 1; lastSeq: 3; ","newEvent: neACCEPTED_LEDGER; ledgerSeq: 4; ledgerHash: ""2\262\253\351\035\214\260\336\037!\340\337w\327\364\353\202\243\240<'Mb\336\312E\233'\345-\035<""; ledgerHashPrevious: ""t\361\032\213\221\243\004\006][\376s\340\253\234K}\\013\0362\202`\234\371~d\0310\204\264,""; networkTime: 803891986; firstSeq: 1; lastSeq: 3; "
1750576786006,1750576786006,2439,1,3,2,TMStatusChange,"newEvent: neACCEPTED_LEDGER; ledgerSeq: 4; ledgerHash: ""2\262\253\351\035\214\260\336\037!\340\337w\327\364\353\202\243\240<'Mb\336\312E\233'\345-\035<""; ledgerHashPrevious: ""t\361\032\213\221\243\004\006][\376s\340\253\234K}\\013\0362\202`\234\371~d\0310\204\264,""; networkTime: 803891986; firstSeq: 1; lastSeq: 3; ","newEvent: neACCEPTED_LEDGER; ledgerSeq: 4; ledgerHash: ""2\262\253\351\035\214\260\336\037!\340\337w\327\364\353\202\243\240<'Mb\336\312E\233'\345-\035<""; ledgerHashPrevious: ""t\361\032\213\221\243\004\006][\376s\340\253\234K}\\013\0362\202`\234\371~d\0310\204\264,""; networkTime: 803891986; firstSeq: 1; lastSeq: 3; "
1750576786006,1750576786006,3256,1,3,2,TMValidation,"validation: """"\200\000\000\001&\000\000\000\004)/\352k\022:\327x\272\020JyerQ2\262\253\351\035\214\260\336\037!\340\337w\327\364\353\202\243\240<'Mb\336\312E\233'\345-\035<P\027\000\000\000\000\000\000\000\000\000\000\000\000\000\000\000\000\000\000\000\000\000\000\000\000\000\000\000\000\000\000\000\000P\031t\361\032\213\221\243\004\006][\376s\340\253\234K}\\013\0362\202`\234\371~d\0310\204\264,s!\003\365\211\205\353\0100\270r\333\225\227Y\025\355!\235\nf\352n\302\032\014\344\364\324\262\351""\225OFvF0D\002 \034\330\247\300\267\203\017\247\360\371\n\001W}\320^\303\226\242}\362\306\303)\310h\034\263\311[\#\002 )\020X@\366R\216]+~\206\246t\023\237`\261\024\r\375S\277\232^M\274\225k\245\270b.""; ","validation: """"\200\000\000\001&\000\000\000\004)/\352k\022:\327x\272\020JyerQ2\262\253\351\035\214\260\336\037!\340\337w\327\364\353\202\243\240<'Mb\336\312E\233'\345-\035<P\027\000\000\000\000\000\000\000\000\000\000\000\000\000\000\000\000\000\000\000\000\000\000\000\000\000\000\000\000\000\000\000\000P\031t\361\032\213\221\243\004\006][\376s\340\253\234K}\\013\0362\202`\234\371~d\0310\204\264,s!\003\365\211\205\353\0100\270r\333\225\227Y\025\355!\235\nf\352n\302\032\014\344\364\324\262\351""\225OFvF0D\002 \034\330\247\300\267\203\017\247\360\371\n\001W}\320^\303\226\242}\362\306\303)\310h\034\263\311[\#\002 )\020X@\366R\216]+~\206\246t\023\237`\261\024\r\375S\277\232^M\274\225k\245\270b.""; "
1750576786007,1750576786007,2389,1,3,4,TMValidation,"validation: """"\200\000\000\001&\000\000\000\004)/\352k\022:\327x\272\020JyerQ2\262\253\351\035\214\260\336\037!\340\337w\327\364\353\202\243\240<'Mb\336\312E\233'\345-\035<P\027\000\000\000\000\000\000\000\000\000\000\000\000\000\000\000\000\000\000\000\000\000\000\000\000\000\000\000\000\000\000\000\000P\031t\361\032\213\221\243\004\006][\376s\340\253\234K}\\013\0362\202`\234\371~d\0310\204\264,s!\003\365\211\205\353\0100\270r\333\225\227Y\025\355!\235\nf\352n\302\032\014\344\364\324\262\351""\225OFvF0D\002 \034\330\247\300\267\203\017\247\360\371\n\001W}\320^\303\226\242}\362\306\303)\310h\034\263\311[\#\002 )\020X@\366R\216]+~\206\246t\023\237`\261\024\r\375S\277\232^M\274\225k\245\270b.""; ","validation: """"\200\000\000\001&\000\000\000\004)/\352k\022:\327x\272\020JyerQ2\262\253\351\035\214\260\336\037!\340\337w\327\364\353\202\243\240<'Mb\336\312E\233'\345-\035<P\027\000\000\000\000\000\000\000\000\000\000\000\000\000\000\000\000\000\000\000\000\000\000\000\000\000\000\000\000\000\000\000\000P\031t\361\032\213\221\243\004\006][\376s\340\253\234K}\\013\0362\202`\234\371~d\0310\204\264,s!\003\365\211\205\353\0100\270r\333\225\227Y\025\355!\235\nf\352n\302\032\014\344\364\324\262\351""\225OFvF0D\002 \034\330\247\300\267\203\017\247\360\371\n\001W}\320^\303\226\242}\362\306\303)\310h\034\263\311[\#\002 )\020X@\366R\216]+~\206\246t\023\237`\261\024\r\375S\277\232^M\274\225k\245\270b.""; "
1750576786007,1750576786007,1216,1,3,0,TMStatusChange,"newEvent: neACCEPTED_LEDGER; ledgerSeq: 4; ledgerHash: ""2\262\253\351\035\214\260\336\037!\340\337w\327\364\353\202\243\240<'Mb\336\312E\233'\345-\035<""; ledgerHashPrevious: ""t\361\032\213\221\243\004\006][\376s\340\253\234K}\\013\0362\202`\234\371~d\0310\204\264,""; networkTime: 803891986; firstSeq: 1; lastSeq: 3; ","newEvent: neACCEPTED_LEDGER; ledgerSeq: 4; ledgerHash: ""2\262\253\351\035\214\260\336\037!\340\337w\327\364\353\202\243\240<'Mb\336\312E\233'\345-\035<""; ledgerHashPrevious: ""t\361\032\213\221\243\004\006][\376s\340\253\234K}\\013\0362\202`\234\371~d\0310\204\264,""; networkTime: 803891986; firstSeq: 1; lastSeq: 3; "
1750576786007,1750576786007,1663,1,3,0,TMValidation,"validation: """"\200\000\000\001&\000\000\000\004)/\352k\022:\327x\272\020JyerQ2\262\253\351\035\214\260\336\037!\340\337w\327\364\353\202\243\240<'Mb\336\312E\233'\345-\035<P\027\000\000\000\000\000\000\000\000\000\000\000\000\000\000\000\000\000\000\000\000\000\000\000\000\000\000\000\000\000\000\000\000P\031t\361\032\213\221\243\004\006][\376s\340\253\234K}\\013\0362\202`\234\371~d\0310\204\264,s!\003\365\211\205\353\0100\270r\333\225\227Y\025\355!\235\nf\352n\302\032\014\344\364\324\262\351""\225OFvF0D\002 \034\330\247\300\267\203\017\247\360\371\n\001W}\320^\303\226\242}\362\306\303)\310h\034\263\311[\#\002 )\020X@\366R\216]+~\206\246t\023\237`\261\024\r\375S\277\232^M\274\225k\245\270b.""; ","validation: """"\200\000\000\001&\000\000\000\004)/\352k\022:\327x\272\020JyerQ2\262\253\351\035\214\260\336\037!\340\337w\327\364\353\202\243\240<'Mb\336\312E\233'\345-\035<P\027\000\000\000\000\000\000\000\000\000\000\000\000\000\000\000\000\000\000\000\000\000\000\000\000\000\000\000\000\000\000\000\000P\031t\361\032\213\221\243\004\006][\376s\340\253\234K}\\013\0362\202`\234\371~d\0310\204\264,s!\003\365\211\205\353\0100\270r\333\225\227Y\025\355!\235\nf\352n\302\032\014\344\364\324\262\351""\225OFvF0D\002 \034\330\247\300\267\203\017\247\360\371\n\001W}\320^\303\226\242}\362\306\303)\310h\034\263\311[\#\002 )\020X@\366R\216]+~\206\246t\023\237`\261\024\r\375S\277\232^M\274\225k\245\270b.""; "
1750576786116,1750576786116,30,1,2,3,TMStatusChange,"newEvent: neACCEPTED_LEDGER; ledgerSeq: 4; ledgerHash: ""2\262\253\351\035\214\260\336\037!\340\337w\327\364\353\202\243\240<'Mb\336\312E\233'\345-\035<""; ledgerHashPrevious: ""t\361\032\213\221\243\004\006][\376s\340\253\234K}\\013\0362\202`\234\371~d\0310\204\264,""; networkTime: 803891986; firstSeq: 1; lastSeq: 3; ","newEvent: neACCEPTED_LEDGER; ledgerSeq: 4; ledgerHash: ""2\262\253\351\035\214\260\336\037!\340\337w\327\364\353\202\243\240<'Mb\336\312E\233'\345-\035<""; ledgerHashPrevious: ""t\361\032\213\221\243\004\006][\376s\340\253\234K}\\013\0362\202`\234\371~d\0310\204\264,""; networkTime: 803891986; firstSeq: 1; lastSeq: 3; "
1750576786116,1750576786116,1842,1,2,3,TMValidation,"validation: """"\200\000\000\001&\000\000\000\004)/\352k\022:\321 \377\321\373\345\340\346Q2\262\253\351\035\214\260\336\037!\340\337w\327\364\353\202\243\240<'Mb\336\312E\233'\345-\035<P\027\000\000\000\000\000\000\000\000\000\000\000\000\000\000\000\000\000\000\000\000\000\000\000\000\000\000\000\000\000\000\000\000P\031t\361\032\213\221\243\004\006][\376s\340\253\234K}\\013\0362\202`\234\371~d\0310\204\264,s!\002\373\236I\010\265\271ho\331/c\224%g\005\354]\344\350\r\030%u\255\364\002\226\221\370\363\332\331vF0D\002 \033\362\333`\no\334!\213\351\r\313;\266\343\325|T\177\213\223\255\244\256\355\010\221j\177\354#\272\002 Z\266\236\275""Sh{A\330\216\\270\314\374\027Q>\225.=MY\321.j\216d\240\300\243\201""; ","validation: """"\200\000\000\001&\000\000\000\004)/\352k\022:\321 \377\321\373\345\340\346Q2\262\253\351\035\214\260\336\037!\340\337w\327\364\353\202\243\240<'Mb\336\312E\233'\345-\035<P\027\000\000\000\000\000\000\000\000\000\000\000\000\000\000\000\000\000\000\000\000\000\000\000\000\000\000\000\000\000\000\000\000P\031t\361\032\213\221\243\004\006][\376s\340\253\234K}\\013\0362\202`\234\371~d\0310\204\264,s!\002\373\236I\010\265\271ho\331/c\224%g\005\354]\344\350\r\030%u\255\364\002\226\221\370\363\332\331vF0D\002 \033\362\333`\no\334!\213\351\r\313;\266\343\325|T\177\213\223\255\244\256\355\010\221j\177\354#\272\002 Z\266\236\275""Sh{A\330\216\\270\314\374\027Q>\225.=MY\321.j\216d\240\300\243\201""; "
1750576786116,1750576786116,3070,1,2,1,TMValidation,"validation: """"\200\000\000\001&\000\000\000\004)/\352k\022:\321 \377\321\373\345\340\346Q2\262\253\351\035\214\260\336\037!\340\337w\327\364\353\202\243\240<'Mb\336\312E\233'\345-\035<P\027\000\000\000\000\000\000\000\000\000\000\000\000\000\000\000\000\000\000\000\000\000\000\000\000\000\000\000\000\000\000\000\000P\031t\361\032\213\221\243\004\006][\376s\340\253\234K}\\013\0362\202`\234\371~d\0310\204\264,s!\002\373\236I\010\265\271ho\331/c\224%g\005\354]\344\350\r\030%u\255\364\002\226\221\370\363\332\331vF0D\002 \033\362\333`\no\334!\213\351\r\313;\266\343\325|T\177\213\223\255\244\256\355\010\221j\177\354#\272\002 Z\266\236\275""Sh{A\330\216\\270\314\374\027Q>\225.=MY\321.j\216d\240\300\243\201""; ","validation: """"\200\000\000\001&\000\000\000\004)/\352k\022:\321 \377\321\373\345\340\346Q2\262\253\351\035\214\260\336\037!\340\337w\327\364\353\202\243\240<'Mb\336\312E\233'\345-\035<P\027\000\000\000\000\000\000\000\000\000\000\000\000\000\000\000\000\000\000\000\000\000\000\000\000\000\000\000\000\000\000\000\000P\031t\361\032\213\221\243\004\006][\376s\340\253\234K}\\013\0362\202`\234\371~d\0310\204\264,s!\002\373\236I\010\265\271ho\331/c\224%g\005\354]\344\350\r\030%u\255\364\002\226\221\370\363\332\331vF0D\002 \033\362\333`\no\334!\213\351\r\313;\266\343\325|T\177\213\223\255\244\256\355\010\221j\177\354#\272\002 Z\266\236\275""Sh{A\330\216\\270\314\374\027Q>\225.=MY\321.j\216d\240\300\243\201""; "
1750576786117,1750576786117,1637,1,2,0,TMStatusChange,"newEvent: neACCEPTED_LEDGER; ledgerSeq: 4; ledgerHash: ""2\262\253\351\035\214\260\336\037!\340\337w\327\364\353\202\243\240<'Mb\336\312E\233'\345-\035<""; ledgerHashPrevious: ""t\361\032\213\221\243\004\006][\376s\340\253\234K}\\013\0362\202`\234\371~d\0310\204\264,""; networkTime: 803891986; firstSeq: 1; lastSeq: 3; ","newEvent: neACCEPTED_LEDGER; ledgerSeq: 4; ledgerHash: ""2\262\253\351\035\214\260\336\037!\340\337w\327\364\353\202\243\240<'Mb\336\312E\233'\345-\035<""; ledgerHashPrevious: ""t\361\032\213\221\243\004\006][\376s\340\253\234K}\\013\0362\202`\234\371~d\0310\204\264,""; networkTime: 803891986; firstSeq: 1; lastSeq: 3; "
1750576786117,1750576786117,2409,1,2,1,TMStatusChange,"newEvent: neACCEPTED_LEDGER; ledgerSeq: 4; ledgerHash: ""2\262\253\351\035\214\260\336\037!\340\337w\327\364\353\202\243\240<'Mb\336\312E\233'\345-\035<""; ledgerHashPrevious: ""t\361\032\213\221\243\004\006][\376s\340\253\234K}\\013\0362\202`\234\371~d\0310\204\264,""; networkTime: 803891986; firstSeq: 1; lastSeq: 3; ","newEvent: neACCEPTED_LEDGER; ledgerSeq: 4; ledgerHash: ""2\262\253\351\035\214\260\336\037!\340\337w\327\364\353\202\243\240<'Mb\336\312E\233'\345-\035<""; ledgerHashPrevious: ""t\361\032\213\221\243\004\006][\376s\340\253\234K}\\013\0362\202`\234\371~d\0310\204\264,""; networkTime: 803891986; firstSeq: 1; lastSeq: 3; "
1750576786118,1750576786118,3160,1,2,0,TMValidation,"validation: """"\200\000\000\001&\000\000\000\004)/\352k\022:\321 \377\321\373\345\340\346Q2\262\253\351\035\214\260\336\037!\340\337w\327\364\353\202\243\240<'Mb\336\312E\233'\345-\035<P\027\000\000\000\000\000\000\000\000\000\000\000\000\000\000\000\000\000\000\000\000\000\000\000\000\000\000\000\000\000\000\000\000P\031t\361\032\213\221\243\004\006][\376s\340\253\234K}\\013\0362\202`\234\371~d\0310\204\264,s!\002\373\236I\010\265\271ho\331/c\224%g\005\354]\344\350\r\030%u\255\364\002\226\221\370\363\332\331vF0D\002 \033\362\333`\no\334!\213\351\r\313;\266\343\325|T\177\213\223\255\244\256\355\010\221j\177\354#\272\002 Z\266\236\275""Sh{A\330\216\\270\314\374\027Q>\225.=MY\321.j\216d\240\300\243\201""; ","validation: """"\200\000\000\001&\000\000\000\004)/\352k\022:\321 \377\321\373\345\340\346Q2\262\253\351\035\214\260\336\037!\340\337w\327\364\353\202\243\240<'Mb\336\312E\233'\345-\035<P\027\000\000\000\000\000\000\000\000\000\000\000\000\000\000\000\000\000\000\000\000\000\000\000\000\000\000\000\000\000\000\000\000P\031t\361\032\213\221\243\004\006][\376s\340\253\234K}\\013\0362\202`\234\371~d\0310\204\264,s!\002\373\236I\010\265\271ho\331/c\224%g\005\354]\344\350\r\030%u\255\364\002\226\221\370\363\332\331vF0D\002 \033\362\333`\no\334!\213\351\r\313;\266\343\325|T\177\213\223\255\244\256\355\010\221j\177\354#\272\002 Z\266\236\275""Sh{A\330\216\\270\314\374\027Q>\225.=MY\321.j\216d\240\300\243\201""; "
1750576786118,1750576786118,367,1,2,4,TMValidation,"validation: """"\200\000\000\001&\000\000\000\004)/\352k\022:\321 \377\321\373\345\340\346Q2\262\253\351\035\214\260\336\037!\340\337w\327\364\353\202\243\240<'Mb\336\312E\233'\345-\035<P\027\000\000\000\000\000\000\000\000\000\000\000\000\000\000\000\000\000\000\000\000\000\000\000\000\000\000\000\000\000\000\000\000P\031t\361\032\213\221\243\004\006][\376s\340\253\234K}\\013\0362\202`\234\371~d\0310\204\264,s!\002\373\236I\010\265\271ho\331/c\224%g\005\354]\344\350\r\030%u\255\364\002\226\221\370\363\332\331vF0D\002 \033\362\333`\no\334!\213\351\r\313;\266\343\325|T\177\213\223\255\244\256\355\010\221j\177\354#\272\002 Z\266\236\275""Sh{A\330\216\\270\314\374\027Q>\225.=MY\321.j\216d\240\300\243\201""; ","validation: """"\200\000\000\001&\000\000\000\004)/\352k\022:\321 \377\321\373\345\340\346Q2\262\253\351\035\214\260\336\037!\340\337w\327\364\353\202\243\240<'Mb\336\312E\233'\345-\035<P\027\000\000\000\000\000\000\000\000\000\000\000\000\000\000\000\000\000\000\000\000\000\000\000\000\000\000\000\000\000\000\000\000P\031t\361\032\213\221\243\004\006][\376s\340\253\234K}\\013\0362\202`\234\371~d\0310\204\264,s!\002\373\236I\010\265\271ho\331/c\224%g\005\354]\344\350\r\030%u\255\364\002\226\221\370\363\332\331vF0D\002 \033\362\333`\no\334!\213\351\r\313;\266\343\325|T\177\213\223\255\244\256\355\010\221j\177\354#\272\002 Z\266\236\275""Sh{A\330\216\\270\314\374\027Q>\225.=MY\321.j\216d\240\300\243\201""; "
1750576786118,1750576786118,3392,1,2,4,TMStatusChange,"newEvent: neACCEPTED_LEDGER; ledgerSeq: 4; ledgerHash: ""2\262\253\351\035\214\260\336\037!\340\337w\327\364\353\202\243\240<'Mb\336\312E\233'\345-\035<""; ledgerHashPrevious: ""t\361\032\213\221\243\004\006][\376s\340\253\234K}\\013\0362\202`\234\371~d\0310\204\264,""; networkTime: 803891986; firstSeq: 1; lastSeq: 3; ","newEvent: neACCEPTED_LEDGER; ledgerSeq: 4; ledgerHash: ""2\262\253\351\035\214\260\336\037!\340\337w\327\364\353\202\243\240<'Mb\336\312E\233'\345-\035<""; ledgerHashPrevious: ""t\361\032\213\221\243\004\006][\376s\340\253\234K}\\013\0362\202`\234\371~d\0310\204\264,""; networkTime: 803891986; firstSeq: 1; lastSeq: 3; "
1750576786289,1750576786289,3536,1,0,4,TMTransaction,"rawTransaction: ""\022\000\000""\000\000\000\000$\000\000\000\002 \033\000\000\000\027a@\000\000\027H\206*@h@\000\000\000\000\000\000\ns!\0030\347\374\235V\273%\326\211;\243\363\027\256[\3173\263)\033\326=\263&T\243\023""/\177\320 tF0D\002 eDX|\267\216\243\r\372n?\004\205\247$\331\327\010\237\005X\243mqO\3530\365\345R\2046\002 V\016r\225\264\323u\341\361\307\362\307\341@\000.\356H\023\037\222\032d\016\366\233\240\336\377\267\023\244\201\024\265\367by\212S\325C\240\024\312\370\262\227\317\370\362\3717\350\203\024\236\3240,G\006k~\356XL\256\230\377\257k\362\232\231>""; status: tsCURRENT; receiveTimestamp: 803891986; deferred: false; ","rawTransaction: ""\022\000\000""\000\000\000\000$\000\000\000\002 \033\000\000\000\027a@\000\000\027H\206*@h@\000\000\000\000\000\000\ns!\0030\347\374\235V\273%\326\211;\243\363\027\256[\3173\263)\033\326=\263&T\243\023""/\177\320 tF0D\002 eDX|\267\216\243\r\372n?\004\205\247$\331\327\010\237\005X\243mqO\3530\365\345R\2046\002 V\016r\225\264\323u\341\361\307\362\307\341@\000.\356H\023\037\222\032d\016\366\233\240\336\377\267\023\244\201\024\265\367by\212S\325C\240\024\312\370\262\227\317\370\362\3717\350\203\024\236\3240,G\006k~\356XL\256\230\377\257k\362\232\231>""; status: tsCURRENT; receiveTimestamp: 803891986; deferred: false; "
1750576786289,1750576786289,1351,1,0,2,TMTransaction,"rawTransaction: ""\022\000\000""\000\000\000\000$\000\000\000\002 \033\000\000\000\027a@\000\000\027H\206*@h@\000\000\000\000\000\000\ns!\0030\347\374\235V\273%\326\211;\243\363\027\256[\3173\263)\033\326=\263&T\243\023""/\177\320 tF0D\002 eDX|\267\216\243\r\372n?\004\205\247$\331\327\010\237\005X\243mqO\3530\365\345R\2046\002 V\016r\225\264\323u\341\361\307\362\307\341@\000.\356H\023\037\222\032d\016\366\233\240\336\377\267\023\244\201\024\265\367by\212S\325C\240\024\312\370\262\227\317\370\362\3717\350\203\024\236\3240,G\006k~\356XL\256\230\377\257k\362\232\231>""; status: tsCURRENT; receiveTimestamp: 803891986; deferred: false; ","rawTransaction: ""\022\000\000""\000\000\000\000$\000\000\000\002 \033\000\000\000\027a@\000\000\027H\206*@h@\000\000\000\000\000\000\ns!\0030\347\374\235V\273%\326\211;\243\363\027\256[\3173\263)\033\326=\263&T\243\023""/\177\320 tF0D\002 eDX|\267\216\243\r\372n?\004\205\247$\331\327\010\237\005X\243mqO\3530\365\345R\2046\002 V\016r\225\264\323u\341\361\307\362\307\341@\000.\356H\023\037\222\032d\016\366\233\240\336\377\267\023\244\201\024\265\367by\212S\325C\240\024\312\370\262\227\317\370\362\3717\350\203\024\236\3240,G\006k~\356XL\256\230\377\257k\362\232\231>""; status: tsCURRENT; receiveTimestamp: 803891986; deferred: false; "
1750576786289,1750576786290,84,1,0,3,TMTransaction,"rawTransaction: ""\022\000\000""\000\000\000\000$\000\000\000\002 \033\000\000\000\027a@\000\000\027H\206*@h@\000\000\000\000\000\000\ns!\0030\347\374\235V\273%\326\211;\243\363\027\256[\3173\263)\033\326=\263&T\243\023""/\177\320 tF0D\002 eDX|\267\216\243\r\372n?\004\205\247$\331\327\010\237\005X\243mqO\3530\365\345R\2046\002 V\016r\225\264\323u\341\361\307\362\307\341@\000.\356H\023\037\222\032d\016\366\233\240\336\377\267\023\244\201\024\265\367by\212S\325C\240\024\312\370\262\227\317\370\362\3717\350\203\024\236\3240,G\006k~\356XL\256\230\377\257k\362\232\231>""; status: tsCURRENT; receiveTimestamp: 803891986; deferred: false; ","rawTransaction: ""\022\000\000""\000\000\000\000$\000\000\000\002 \033\000\000\000\027a@\000\000\027H\206*@h@\000\000\000\000\000\000\ns!\0030\347\374\235V\273%\326\211;\243\363\027\256[\3173\263)\033\326=\263&T\243\023""/\177\320 tF0D\002 eDX|\267\216\243\r\372n?\004\205\247$\331\327\010\237\005X\243mqO\3530\365\345R\2046\002 V\016r\225\264\323u\341\361\307\362\307\341@\000.\356H\023\037\222\032d\016\366\233\240\336\377\267\023\244\201\024\265\367by\212S\325C\240\024\312\370\262\227\317\370\362\3717\350\203\024\236\3240,G\006k~\356XL\256\230\377\257k\362\232\231>""; status: tsCURRENT; receiveTimestamp: 803891986; deferred: false; "
1750576786294,1750576786294,2137,1,2,1,TMTransaction,"rawTransaction: ""\022\000\000""\000\000\000\000$\000\000\000\001 \033\000\000\000\027a@\000\000\027H\206*@h@\000\000\000\000\000\000\ns!\0030\347\374\235V\273%\326\211;\243\363\027\256[\3173\263)\033\326=\263&T\243\023""/\177\320 tF0D\002 \014\314\035Q\013\024\007#!V\226\203\367v\035\022\010\371\300\031\2504\375\257t\2237tP\325\275\253\002 \004\315\330}\010\n\332$Y\321\201W\345_\202\272!\205\342\242\303\2712\365\370\303\300\3111\006\270>\201\024\265\367by\212S\325C\240\024\312\370\262\227\317\370\362\3717\350\203\024~\370\204.\271t7\270\261\211a[\344\344\246\243S\317\021 ""; status: tsCURRENT; receiveTimestamp: 803891986; deferred: false; ","rawTransaction: ""\022\000\000""\000\000\000\000$\000\000\000\001 \033\000\000\000\027a@\000\000\027H\206*@h@\000\000\000\000\000\000\ns!\0030\347\374\235V\273%\326\211;\243\363\027\256[\3173\263)\033\326=\263&T\243\023""/\177\320 tF0D\002 \014\314\035Q\013\024\007#!V\226\203\367v\035\022\010\371\300\031\2504\375\257t\2237tP\325\275\253\002 \004\315\330}\010\n\332$Y\321\201W\345_\202\272!\205\342\242\303\2712\365\370\303\300\3111\006\270>\201\024\265\367by\212S\325C\240\024\312\370\262\227\317\370\362\3717\350\203\024~\370\204.\271t7\270\261\211a[\344\344\246\243S\317\021 ""; status: tsCURRENT; receiveTimestamp: 803891986; deferred: false; "
1750576786294,1750576786294,1293,1,2,4,TMTransaction,"rawTransaction: ""\022\000\000""\000\000\000\000$\000\000\000\001 \033\000\000\000\027a@\000\000\027H\206*@h@\000\000\000\000\000\000\ns!\0030\347\374\235V\273%\326\211;\243\363\027\256[\3173\263)\033\326=\263&T\243\023""/\177\320 tF0D\002 \014\314\035Q\013\024\007#!V\226\203\367v\035\022\010\371\300\031\2504\375\257t\2237tP\325\275\253\002 \004\315\330}\010\n\332$Y\321\201W\345_\202\272!\205\342\242\303\2712\365\370\303\300\3111\006\270>\201\024\265\367by\212S\325C\240\024\312\370\262\227\317\370\362\3717\350\203\024~\370\204.\271t7\270\261\211a[\344\344\246\243S\317\021 ""; status: tsCURRENT; receiveTimestamp: 803891986; deferred: false; ","rawTransaction: ""\022\000\000""\000\000\000\000$\000\000\000\001 \033\000\000\000\027a@\000\000\027H\206*@h@\000\000\000\000\000\000\ns!\0030\347\374\235V\273%\326\211;\243\363\027\256[\3173\263)\033\326=\263&T\243\023""/\177\320 tF0D\002 \014\314\035Q\013\024\007#!V\226\203\367v\035\022\010\371\300\031\2504\375\257t\2237tP\325\275\253\002 \004\315\330}\010\n\332$Y\321\201W\345_\202\272!\205\342\242\303\2712\365\370\303\300\3111\006\270>\201\024\265\367by\212S\325C\240\024\312\370\262\227\317\370\362\3717\350\203\024~\370\204.\271t7\270\261\211a[\344\344\246\243S\317\021 ""; status: tsCURRENT; receiveTimestamp: 803891986; deferred: false; "
1750576786294,1750576786295,1848,1,2,0,TMTransaction,"rawTransaction: ""\022\000\000""\000\000\000\000$\000\000\000\001 \033\000\000\000\027a@\000\000\027H\206*@h@\000\000\000\000\000\000\ns!\0030\347\374\235V\273%\326\211;\243\363\027\256[\3173\263)\033\326=\263&T\243\023""/\177\320 tF0D\002 \014\314\035Q\013\024\007#!V\226\203\367v\035\022\010\371\300\031\2504\375\257t\2237tP\325\275\253\002 \004\315\330}\010\n\332$Y\321\201W\345_\202\272!\205\342\242\303\2712\365\370\303\300\3111\006\270>\201\024\265\367by\212S\325C\240\024\312\370\262\227\317\370\362\3717\350\203\024~\370\204.\271t7\270\261\211a[\344\344\246\243S\317\021 ""; status: tsCURRENT; receiveTimestamp: 803891986; deferred: false; ","rawTransaction: ""\022\000\000""\000\000\000\000$\000\000\000\001 \033\000\000\000\027a@\000\000\027H\206*@h@\000\000\000\000\000\000\ns!\0030\347\374\235V\273%\326\211;\243\363\027\256[\3173\263)\033\326=\263&T\243\023""/\177\320 tF0D\002 \014\314\035Q\013\024\007#!V\226\203\367v\035\022\010\371\300\031\2504\375\257t\2237tP\325\275\253\002 \004\315\330}\010\n\332$Y\321\201W\345_\202\272!\205\342\242\303\2712\365\370\303\300\3111\006\270>\201\024\265\367by\212S\325C\240\024\312\370\262\227\317\370\362\3717\350\203\024~\370\204.\271t7\270\261\211a[\344\344\246\243S\317\021 ""; status: tsCURRENT; receiveTimestamp: 803891986; deferred: false; "
1750576786311,1750576786311,3103,1,1,3,TMValidation,"validation: """"\200\000\000\001&\000\000\000\004)/\352k\021:""\223\371\016\340l;\316Q2\262\253\351\035\214\260\336\037!\340\337w\327\364\353\202\243\240<'Mb\336\312E\233'\345-\035<P\027\000\000\000\000\000\000\000\000\000\000\000\000\000\000\000\000\000\000\000\000\000\000\000\000\000\000\000\000\000\000\000\000P\031t\361\032\213\221\243\004\006][\376s\340\253\234K}\\013\0362\202`\234\371~d\0310\204\264,s!\003\371#:S\022\X\277\344\034\253'\365\230\361\211p\037\000R\265\215-7o\002\210\025\275\344qQvF0D\002 *\323\354=\n\3719\032m\177\225(\260&-!\351\211R\376\203\343eh~\036\014m\326\312\351\332\002 k\376TUM\330\030M\244];\003\333_\337\325\314\213\312cd\217\006\321\302\037k\277\212\354\232\035""; ","validation: """"\200\000\000\001&\000\000\000\004)/\352k\021:""\223\371\016\340l;\316Q2\262\253\351\035\214\260\336\037!\340\337w\327\364\353\202\243\240<'Mb\336\312E\233'\345-\035<P\027\000\000\000\000\000\000\000\000\000\000\000\000\000\000\000\000\000\000\000\000\000\000\000\000\000\000\000\000\000\000\000\000P\031t\361\032\213\221\243\004\006][\376s\340\253\234K}\\013\0362\202`\234\371~d\0310\204\264,s!\003\371#:S\022\X\277\344\034\253'\365\230\361\211p\037\000R\265\215-7o\002\210\025\275\344qQvF0D\002 *\323\354=\n\3719\032m\177\225(\260&-!\351\211R\376\203\343eh~\036\014m\326\312\351\332\002 k\376TUM\330\030M\244];\003\333_\337\325\314\213\312cd\217\006\321\302\037k\277\212\354\232\035""; "
1750576786311,1750576786312,3156,1,1,2,TMValidation,"validation: """"\200\000\000\001&\000\000\000\004)/\352k\021:""\223\371\016\340l;\316Q2\262\253\351\035\214\260\336\037!\340\337w\327\364\353\202\243\240<'Mb\336\312E\233'\345-\035<P\027\000\000\000\000\000\000\000\000\000\000\000\000\000\000\000\000\000\000\000\000\000\000\000\000\000\000\000\000\000\000\000\000P\031t\361\032\213\221\243\004\006][\376s\340\253\234K}\\013\0362\202`\234\371~d\0310\204\264,s!\003\371#:S\022\X\277\344\034\253'\365\230\361\211p\037\000R\265\215-7o\002\210\025\275\344qQvF0D\002 *\323\354=\n\3719\032m\177\225(\260&-!\351\211R\376\203\343eh~\036\014m\326\312\351\332\002 k\376TUM\330\030M\244];\003\333_\337\325\314\213\312cd\217\006\321\302\037k\277\212\354\232\035""; ","validation: """"\200\000\000\001&\000\000\000\004)/\352k\021:""\223\371\016\340l;\316Q2\262\253\351\035\214\260\336\037!\340\337w\327\364\353\202\243\240<'Mb\336\312E\233'\345-\035<P\027\000\000\000\000\000\000\000\000\000\000\000\000\000\000\000\000\000\000\000\000\000\000\000\000\000\000\000\000\000\000\000\000P\031t\361\032\213\221\243\004\006][\376s\340\253\234K}\\013\0362\202`\234\371~d\0310\204\264,s!\003\371#:S\022\X\277\344\034\253'\365\230\361\211p\037\000R\265\215-7o\002\210\025\275\344qQvF0D\002 *\323\354=\n\3719\032m\177\225(\260&-!\351\211R\376\203\343eh~\036\014m\326\312\351\332\002 k\376TUM\330\030M\244];\003\333_\337\325\314\213\312cd\217\006\321\302\037k\277\212\354\232\035""; "
1750576786312,1750576786312,1427,1,1,0,TMValidation,"validation: """"\200\000\000\001&\000\000\000\004)/\352k\021:""\223\371\016\340l;\316Q2\262\253\351\035\214\260\336\037!\340\337w\327\364\353\202\243\240<'Mb\336\312E\233'\345-\035<P\027\000\000\000\000\000\000\000\000\000\000\000\000\000\000\000\000\000\000\000\000\000\000\000\000\000\000\000\000\000\000\000\000P\031t\361\032\213\221\243\004\006][\376s\340\253\234K}\\013\0362\202`\234\371~d\0310\204\264,s!\003\371#:S\022\X\277\344\034\253'\365\230\361\211p\037\000R\265\215-7o\002\210\025\275\344qQvF0D\002 *\323\354=\n\3719\032m\177\225(\260&-!\351\211R\376\203\343eh~\036\014m\326\312\351\332\002 k\376TUM\330\030M\244];\003\333_\337\325\314\213\312cd\217\006\321\302\037k\277\212\354\232\035""; ","validation: """"\200\000\000\001&\000\000\000\004)/\352k\021:""\223\371\016\340l;\316Q2\262\253\351\035\214\260\336\037!\340\337w\327\364\353\202\243\240<'Mb\336\312E\233'\345-\035<P\027\000\000\000\000\000\000\000\000\000\000\000\000\000\000\000\000\000\000\000\000\000\000\000\000\000\000\000\000\000\000\000\000P\031t\361\032\213\221\243\004\006][\376s\340\253\234K}\\013\0362\202`\234\371~d\0310\204\264,s!\003\371#:S\022\X\277\344\034\253'\365\230\361\211p\037\000R\265\215-7o\002\210\025\275\344qQvF0D\002 *\323\354=\n\3719\032m\177\225(\260&-!\351\211R\376\203\343eh~\036\014m\326\312\351\332\002 k\376TUM\330\030M\244];\003\333_\337\325\314\213\312cd\217\006\321\302\037k\277\212\354\232\035""; "
1750576786375,1750576786376,2341,1,3,4,TMTransaction,"rawTransaction: ""\022\000\000""\000\000\000\000$\000\000\000\002 \033\000\000\000\027a@\000\000\027H\206*@h@\000\000\000\000\000\000\ns!\0030\347\374\235V\273%\326\211;\243\363\027\256[\3173\263)\033\326=\263&T\243\023""/\177\320 tF0D\002 eDX|\267\216\243\r\372n?\004\205\247$\331\327\010\237\005X\243mqO\3530\365\345R\2046\002 V\016r\225\264\323u\341\361\307\362\307\341@\000.\356H\023\037\222\032d\016\366\233\240\336\377\267\023\244\201\024\265\367by\212S\325C\240\024\312\370\262\227\317\370\362\3717\350\203\024\236\3240,G\006k~\356XL\256\230\377\257k\362\232\231>""; status: tsCURRENT; receiveTimestamp: 803891986; deferred: false; ","rawTransaction: ""\022\000\000""\000\000\000\000$\000\000\000\002 \033\000\000\000\027a@\000\000\027H\206*@h@\000\000\000\000\000\000\ns!\0030\347\374\235V\273%\326\211;\243\363\027\256[\3173\263)\033\326=\263&T\243\023""/\177\320 tF0D\002 eDX|\267\216\243\r\372n?\004\205\247$\331\327\010\237\005X\243mqO\3530\365\345R\2046\002 V\016r\225\264\323u\341\361\307\362\307\341@\000.\356H\023\037\222\032d\016\366\233\240\336\377\267\023\244\201\024\265\367by\212S\325C\240\024\312\370\262\227\317\370\362\3717\350\203\024\236\3240,G\006k~\356XL\256\230\377\257k\362\232\231>""; status: tsCURRENT; receiveTimestamp: 803891986; deferred: false; "
1750576786375,1750576786376,1096,1,3,2,TMTransaction,"rawTransaction: ""\022\000\000""\000\000\000\000$\000\000\000\002 \033\000\000\000\027a@\000\000\027H\206*@h@\000\000\000\000\000\000\ns!\0030\347\374\235V\273%\326\211;\243\363\027\256[\3173\263)\033\326=\263&T\243\023""/\177\320 tF0D\002 eDX|\267\216\243\r\372n?\004\205\247$\331\327\010\237\005X\243mqO\3530\365\345R\2046\002 V\016r\225\264\323u\341\361\307\362\307\341@\000.\356H\023\037\222\032d\016\366\233\240\336\377\267\023\244\201\024\265\367by\212S\325C\240\024\312\370\262\227\317\370\362\3717\350\203\024\236\3240,G\006k~\356XL\256\230\377\257k\362\232\231>""; status: tsCURRENT; receiveTimestamp: 803891986; deferred: false; ","rawTransaction: ""\022\000\000""\000\000\000\000$\000\000\000\002 \033\000\000\000\027a@\000\000\027H\206*@h@\000\000\000\000\000\000\ns!\0030\347\374\235V\273%\326\211;\243\363\027\256[\3173\263)\033\326=\263&T\243\023""/\177\320 tF0D\002 eDX|\267\216\243\r\372n?\004\205\247$\331\327\010\237\005X\243mqO\3530\365\345R\2046\002 V\016r\225\264\323u\341\361\307\362\307\341@\000.\356H\023\037\222\032d\016\366\233\240\336\377\267\023\244\201\024\265\367by\212S\325C\240\024\312\370\262\227\317\370\362\3717\350\203\024\236\3240,G\006k~\356XL\256\230\377\257k\362\232\231>""; status: tsCURRENT; receiveTimestamp: 803891986; deferred: false; "
1750576786375,1750576786376,2447,1,3,1,TMTransaction,"rawTransaction: ""\022\000\000""\000\000\000\000$\000\000\000\002 \033\000\000\000\027a@\000\000\027H\206*@h@\000\000\000\000\000\000\ns!\0030\347\374\235V\273%\326\211;\243\363\027\256[\3173\263)\033\326=\263&T\243\023""/\177\320 tF0D\002 eDX|\267\216\243\r\372n?\004\205\247$\331\327\010\237\005X\243mqO\3530\365\345R\2046\002 V\016r\225\264\323u\341\361\307\362\307\341@\000.\356H\023\037\222\032d\016\366\233\240\336\377\267\023\244\201\024\265\367by\212S\325C\240\024\312\370\262\227\317\370\362\3717\350\203\024\236\3240,G\006k~\356XL\256\230\377\257k\362\232\231>""; status: tsCURRENT; receiveTimestamp: 803891986; deferred: false; ","rawTransaction: ""\022\000\000""\000\000\000\000$\000\000\000\002 \033\000\000\000\027a@\000\000\027H\206*@h@\000\000\000\000\000\000\ns!\0030\347\374\235V\273%\326\211;\243\363\027\256[\3173\263)\033\326=\263&T\243\023""/\177\320 tF0D\002 eDX|\267\216\243\r\372n?\004\205\247$\331\327\010\237\005X\243mqO\3530\365\345R\2046\002 V\016r\225\264\323u\341\361\307\362\307\341@\000.\356H\023\037\222\032d\016\366\233\240\336\377\267\023\244\201\024\265\367by\212S\325C\240\024\312\370\262\227\317\370\362\3717\350\203\024\236\3240,G\006k~\356XL\256\230\377\257k\362\232\231>""; status: tsCURRENT; receiveTimestamp: 803891986; deferred: false; "
1750576786377,1750576786377,1842,1,2,3,TMValidation,"validation: """"\200\000\000\001&\000\000\000\004)/\352k\021:\337\036c5\254\005\264,Q2\262\253\351\035\214\260\336\037!\340\337w\327\364\353\202\243\240<'Mb\336\312E\233'\345-\035<P\027\000\000\000\000\000\000\000\000\000\000\000\000\000\000\000\000\000\000\000\000\000\000\000\000\000\000\000\000\000\000\000\000P\031t\361\032\213\221\243\004\006][\376s\340\253\234K}\\013\0362\202`\234\371~d\0310\204\264,s!\003i)e\226\372N\250\220\343\313\000^\252ua\277:W\233\010\236\376G>\347\257/\214RJ\t<vG0E\002!\000\353T\320\341\222\354s\236\356""2\375$\322B\256s\344$\307\321\225\253('z\005\315K\031\221?\002 )\034\345V(\213ya#\001\316f\t!\342\231\035\003\355(\376\367X\030\225\332\332\260\326\300\345\357""; ","validation: """"\200\000\000\001&\000\000\000\004)/\352k\021:\337\036c5\254\005\264,Q2\262\253\351\035\214\260\336\037!\340\337w\327\364\353\202\243\240<'Mb\336\312E\233'\345-\035<P\027\000\000\000\000\000\000\000\000\000\000\000\000\000\000\000\000\000\000\000\000\000\000\000\000\000\000\000\000\000\000\000\000P\031t\361\032\213\221\243\004\006][\376s\340\253\234K}\\013\0362\202`\234\371~d\0310\204\264,s!\003i)e\226\372N\250\220\343\313\000^\252ua\277:W\233\010\236\376G>\347\257/\214RJ\t<vG0E\002!\000\353T\320\341\222\354s\236\356""2\375$\322B\256s\344$\307\321\225\253('z\005\315K\031\221?\002 )\034\345V(\213ya#\001\316f\t!\342\231\035\003\355(\376\367X\030\225\332\332\260\326\300\345\357""; "
1750576786377,1750576786377,367,1,2,4,TMValidation,"validation: """"\200\000\000\001&\000\000\000\004)/\352k\021:\337\036c5\254\005\264,Q2\262\253\351\035\214\260\336\037!\340\337w\327\364\353\202\243\240<'Mb\336\312E\233'\345-\035<P\027\000\000\000\000\000\000\000\000\000\000\000\000\000\000\000\000\000\000\000\000\000\000\000\000\000\000\000\000\000\000\000\000P\031t\361\032\213\221\243\004\006][\376s\340\253\234K}\\013\0362\202`\234\371~d\0310\204\264,s!\003i)e\226\372N\250\220\343\313\000^\252ua\277:W\233\010\236\376G>\347\257/\214RJ\t<vG0E\002!\000\353T\320\341\222\354s\236\356""2\375$\322B\256s\344$\307\321\225\253('z\005\315K\031\221?\002 )\034\345V(\213ya#\001\316f\t!\342\231\035\003\355(\376\367X\030\225\332\332\260\326\300\345\357""; ","validation: """"\200\000\000\001&\000\000\000\004)/\352k\021:\337\036c5\254\005\264,Q2\262\253\351\035\214\260\336\037!\340\337w\327\364\353\202\243\240<'Mb\336\312E\233'\345-\035<P\027\000\000\000\000\000\000\000\000\000\000\000\000\000\000\000\000\000\000\000\000\000\000\000\000\000\000\000\000\000\000\000\000P\031t\361\032\213\221\243\004\006][\376s\340\253\234K}\\013\0362\202`\234\371~d\0310\204\264,s!\003i)e\226\372N\250\220\343\313\000^\252ua\277:W\233\010\236\376G>\347\257/\214RJ\t<vG0E\002!\000\353T\320\341\222\354s\236\356""2\375$\322B\256s\344$\307\321\225\253('z\005\315K\031\221?\002 )\034\345V(\213ya#\001\316f\t!\342\231\035\003\355(\376\367X\030\225\332\332\260\326\300\345\357""; "
1750576786377,1750576786378,3070,1,2,1,TMValidation,"validation: """"\200\000\000\001&\000\000\000\004)/\352k\021:\337\036c5\254\005\264,Q2\262\253\351\035\214\260\336\037!\340\337w\327\364\353\202\243\240<'Mb\336\312E\233'\345-\035<P\027\000\000\000\000\000\000\000\000\000\000\000\000\000\000\000\000\000\000\000\000\000\000\000\000\000\000\000\000\000\000\000\000P\031t\361\032\213\221\243\004\006][\376s\340\253\234K}\\013\0362\202`\234\371~d\0310\204\264,s!\003i)e\226\372N\250\220\343\313\000^\252ua\277:W\233\010\236\376G>\347\257/\214RJ\t<vG0E\002!\000\353T\320\341\222\354s\236\356""2\375$\322B\256s\344$\307\321\225\253('z\005\315K\031\221?\002 )\034\345V(\213ya#\001\316f\t!\342\231\035\003\355(\376\367X\030\225\332\332\260\326\300\345\357""; ","validation: """"\200\000\000\001&\000\000\000\004)/\352k\021:\337\036c5\254\005\264,Q2\262\253\351\035\214\260\336\037!\340\337w\327\364\353\202\243\240<'Mb\336\312E\233'\345-\035<P\027\000\000\000\000\000\000\000\000\000\000\000\000\000\000\000\000\000\000\000\000\000\000\000\000\000\000\000\000\000\000\000\000P\031t\361\032\213\221\243\004\006][\376s\340\253\234K}\\013\0362\202`\234\371~d\0310\204\264,s!\003i)e\226\372N\250\220\343\313\000^\252ua\277:W\233\010\236\376G>\347\257/\214RJ\t<vG0E\002!\000\353T\320\341\222\354s\236\356""2\375$\322B\256s\344$\307\321\225\253('z\005\315K\031\221?\002 )\034\345V(\213ya#\001\316f\t!\342\231\035\003\355(\376\367X\030\225\332\332\260\326\300\345\357""; "
1750576786446,1750576786446,496,1,1,4,TMLedgerData,"ledgerHash: ""t\361\032\213\221\243\004\006][\376s\340\253\234K}\\013\0362\202`\234\371~d\0310\204\264,""; ledgerSeq: 3; type: liBASE; nodes {;   nodedata: ""\000\000\000\003\001cEx]\212\000\0000\355\311\211\352@\036\313K1\024B\343N\323V\367s\355lu\324\374V\207\371F\260\325\345\213\261\000\000\000\000\000\000\000\000\000\000\000\000\000\000\000\000\000\000\000\000\000\000\000\000\000\000\000\000\000\000\000\000G\031\225\227\375i-7\214L\232J\366\0003\306\007\027W>k)\252\327\257I,-\303\022\267\323/\352j\370/\352k\014\n\000""; }; nodes {;   nodedata: ""\303\016\021\310<Z\337\266>\225@&n\022\246\274\353\220\345b3\035\313\350L\354\254\002\005\305\035\017\002E\344\037@\210\363\010\336T\226\247'\204_{\261\370""1\235\2445\343\033Y!\212\201\341\272\225'\007\013\357A\200H\036\034)'\260\323\r\306\345\321\200\220rdO\002\200Zsx\207\262 \r\023\222\n\013\003""; }; ","ledgerHash: ""t\361\032\213\221\243\004\006][\376s\340\253\234K}\\013\0362\202`\234\371~d\0310\204\264,""; ledgerSeq: 3; type: liBASE; nodes {;   nodedata: ""\000\000\000\003\001cEx]\212\000\0000\355\311\211\352@\036\313K1\024B\343N\323V\367s\355lu\324\374V\207\371F\260\325\345\213\261\000\000\000\000\000\000\000\000\000\000\000\000\000\000\000\000\000\000\000\000\000\000\000\000\000\000\000\000\000\000\000\000G\031\225\227\375i-7\214L\232J\366\0003\306\007\027W>k)\252\327\257I,-\303\022\267\323/\352j\370/\352k\014\n\000""; }; nodes {;   nodedata: ""\303\016\021\310<Z\337\266>\225@&n\022\246\274\353\220\345b3\035\313\350L\354\254\002\005\305\035\017\002E\344\037@\210\363\010\336T\226\247'\204_{\261\370""1\235\2445\343\033Y!\212\201\341\272\225'\007\013\357A\200H\036\034)'\260\323\r\306\345\321\200\220rdO\002\200Zsx\207\262 \r\023\222\n\013\003""; }; "
1750576786446,1750576786446,496,1,1,4,TMLedgerData,"ledgerHash: ""t\361\032\213\221\243\004\006][\376s\340\253\234K}\\013\0362\202`\234\371~d\0310\204\264,""; ledgerSeq: 3; type: liBASE; nodes {;   nodedata: ""\000\000\000\003\001cEx]\212\000\0000\355\311\211\352@\036\313K1\024B\343N\323V\367s\355lu\324\374V\207\371F\260\325\345\213\261\000\000\000\000\000\000\000\000\000\000\000\000\000\000\000\000\000\000\000\000\000\000\000\000\000\000\000\000\000\000\000\000G\031\225\227\375i-7\214L\232J\366\0003\306\007\027W>k)\252\327\257I,-\303\022\267\323/\352j\370/\352k\014\n\000""; }; nodes {;   nodedata: ""\303\016\021\310<Z\337\266>\225@&n\022\246\274\353\220\345b3\035\313\350L\354\254\002\005\305\035\017\002E\344\037@\210\363\010\336T\226\247'\204_{\261\370""1\235\2445\343\033Y!\212\201\341\272\225'\007\013\357A\200H\036\034)'\260\323\r\306\345\321\200\220rdO\002\200Zsx\207\262 \r\023\222\n\013\003""; }; ","ledgerHash: ""t\361\032\213\221\243\004\006][\376s\340\253\234K}\\013\0362\202`\234\371~d\0310\204\264,""; ledgerSeq: 3; type: liBASE; nodes {;   nodedata: ""\000\000\000\003\001cEx]\212\000\0000\355\311\211\352@\036\313K1\024B\343N\323V\367s\355lu\324\374V\207\371F\260\325\345\213\261\000\000\000\000\000\000\000\000\000\000\000\000\000\000\000\000\000\000\000\000\000\000\000\000\000\000\000\000\000\000\000\000G\031\225\227\375i-7\214L\232J\366\0003\306\007\027W>k)\252\327\257I,-\303\022\267\323/\352j\370/\352k\014\n\000""; }; nodes {;   nodedata: ""\303\016\021\310<Z\337\266>\225@&n\022\246\274\353\220\345b3\035\313\350L\354\254\002\005\305\035\017\002E\344\037@\210\363\010\336T\226\247'\204_{\261\370""1\235\2445\343\033Y!\212\201\341\272\225'\007\013\357A\200H\036\034)'\260\323\r\306\345\321\200\220rdO\002\200Zsx\207\262 \r\023\222\n\013\003""; }; "
1750576786485,1750576786485,1074,1,4,3,TMValidation,"validation: """"\200\000\000\001&\000\000\000\004)/\352k\022:\321 \377\321\373\345\340\346Q2\262\253\351\035\214\260\336\037!\340\337w\327\364\353\202\243\240<'Mb\336\312E\233'\345-\035<P\027\000\000\000\000\000\000\000\000\000\000\000\000\000\000\000\000\000\000\000\000\000\000\000\000\000\000\000\000\000\000\000\000P\031t\361\032\213\221\243\004\006][\376s\340\253\234K}\\013\0362\202`\234\371~d\0310\204\264,s!\002\373\236I\010\265\271ho\331/c\224%g\005\354]\344\350\r\030%u\255\364\002\226\221\370\363\332\331vF0D\002 \033\362\333`\no\334!\213\351\r\313;\266\343\325|T\177\213\223\255\244\256\355\010\221j\177\354#\272\002 Z\266\236\275""Sh{A\330\216\\270\314\374\027Q>\225.=MY\321.j\216d\240\300\243\201""; ","validation: """"\200\000\000\001&\000\000\000\004)/\352k\022:\321 \377\321\373\345\340\346Q2\262\253\351\035\214\260\336\037!\340\337w\327\364\353\202\243\240<'Mb\336\312E\233'\345-\035<P\027\000\000\000\000\000\000\000\000\000\000\000\000\000\000\000\000\000\000\000\000\000\000\000\000\000\000\000\000\000\000\000\000P\031t\361\032\213\221\243\004\006][\376s\340\253\234K}\\013\0362\202`\234\371~d\0310\204\264,s!\002\373\236I\010\265\271ho\331/c\224%g\005\354]\344\350\r\030%u\255\364\002\226\221\370\363\332\331vF0D\002 \033\362\333`\no\334!\213\351\r\313;\266\343\325|T\177\213\223\255\244\256\355\010\221j\177\354#\272\002 Z\266\236\275""Sh{A\330\216\\270\314\374\027Q>\225.=MY\321.j\216d\240\300\243\201""; "
1750576786485,1750576786485,2764,1,4,0,TMValidation,"validation: """"\200\000\000\001&\000\000\000\004)/\352k\022:\321 \377\321\373\345\340\346Q2\262\253\351\035\214\260\336\037!\340\337w\327\364\353\202\243\240<'Mb\336\312E\233'\345-\035<P\027\000\000\000\000\000\000\000\000\000\000\000\000\000\000\000\000\000\000\000\000\000\000\000\000\000\000\000\000\000\000\000\000P\031t\361\032\213\221\243\004\006][\376s\340\253\234K}\\013\0362\202`\234\371~d\0310\204\264,s!\002\373\236I\010\265\271ho\331/c\224%g\005\354]\344\350\r\030%u\255\364\002\226\221\370\363\332\331vF0D\002 \033\362\333`\no\334!\213\351\r\313;\266\343\325|T\177\213\223\255\244\256\355\010\221j\177\354#\272\002 Z\266\236\275""Sh{A\330\216\\270\314\374\027Q>\225.=MY\321.j\216d\240\300\243\201""; ","validation: """"\200\000\000\001&\000\000\000\004)/\352k\022:\321 \377\321\373\345\340\346Q2\262\253\351\035\214\260\336\037!\340\337w\327\364\353\202\243\240<'Mb\336\312E\233'\345-\035<P\027\000\000\000\000\000\000\000\000\000\000\000\000\000\000\000\000\000\000\000\000\000\000\000\000\000\000\000\000\000\000\000\000P\031t\361\032\213\221\243\004\006][\376s\340\253\234K}\\013\0362\202`\234\371~d\0310\204\264,s!\002\373\236I\010\265\271ho\331/c\224%g\005\354]\344\350\r\030%u\255\364\002\226\221\370\363\332\331vF0D\002 \033\362\333`\no\334!\213\351\r\313;\266\343\325|T\177\213\223\255\244\256\355\010\221j\177\354#\272\002 Z\266\236\275""Sh{A\330\216\\270\314\374\027Q>\225.=MY\321.j\216d\240\300\243\201""; "
1750576786486,1750576786486,428,1,4,1,TMValidation,"validation: """"\200\000\000\001&\000\000\000\004)/\352k\022:\321 \377\321\373\345\340\346Q2\262\253\351\035\214\260\336\037!\340\337w\327\364\353\202\243\240<'Mb\336\312E\233'\345-\035<P\027\000\000\000\000\000\000\000\000\000\000\000\000\000\000\000\000\000\000\000\000\000\000\000\000\000\000\000\000\000\000\000\000P\031t\361\032\213\221\243\004\006][\376s\340\253\234K}\\013\0362\202`\234\371~d\0310\204\264,s!\002\373\236I\010\265\271ho\331/c\224%g\005\354]\344\350\r\030%u\255\364\002\226\221\370\363\332\331vF0D\002 \033\362\333`\no\334!\213\351\r\313;\266\343\325|T\177\213\223\255\244\256\355\010\221j\177\354#\272\002 Z\266\236\275""Sh{A\330\216\\270\314\374\027Q>\225.=MY\321.j\216d\240\300\243\201""; ","validation: """"\200\000\000\001&\000\000\000\004)/\352k\022:\321 \377\321\373\345\340\346Q2\262\253\351\035\214\260\336\037!\340\337w\327\364\353\202\243\240<'Mb\336\312E\233'\345-\035<P\027\000\000\000\000\000\000\000\000\000\000\000\000\000\000\000\000\000\000\000\000\000\000\000\000\000\000\000\000\000\000\000\000P\031t\361\032\213\221\243\004\006][\376s\340\253\234K}\\013\0362\202`\234\371~d\0310\204\264,s!\002\373\236I\010\265\271ho\331/c\224%g\005\354]\344\350\r\030%u\255\364\002\226\221\370\363\332\331vF0D\002 \033\362\333`\no\334!\213\351\r\313;\266\343\325|T\177\213\223\255\244\256\355\010\221j\177\354#\272\002 Z\266\236\275""Sh{A\330\216\\270\314\374\027Q>\225.=MY\321.j\216d\240\300\243\201""; "
1750576786701,1750576786701,1881,1,1,4,TMValidation,"validation: """"\200\000\000\001&\000\000\000\004)/\352k\022:\327x\272\020JyerQ2\262\253\351\035\214\260\336\037!\340\337w\327\364\353\202\243\240<'Mb\336\312E\233'\345-\035<P\027\000\000\000\000\000\000\000\000\000\000\000\000\000\000\000\000\000\000\000\000\000\000\000\000\000\000\000\000\000\000\000\000P\031t\361\032\213\221\243\004\006][\376s\340\253\234K}\\013\0362\202`\234\371~d\0310\204\264,s!\003\365\211\205\353\0100\270r\333\225\227Y\025\355!\235\nf\352n\302\032\014\344\364\324\262\351""\225OFvF0D\002 \034\330\247\300\267\203\017\247\360\371\n\001W}\320^\303\226\242}\362\306\303)\310h\034\263\311[\#\002 )\020X@\366R\216]+~\206\246t\023\237`\261\024\r\375S\277\232^M\274\225k\245\270b.""; ","validation: """"\200\000\000\001&\000\000\000\004)/\352k\022:\327x\272\020JyerQ2\262\253\351\035\214\260\336\037!\340\337w\327\364\353\202\243\240<'Mb\336\312E\233'\345-\035<P\027\000\000\000\000\000\000\000\000\000\000\000\000\000\000\000\000\000\000\000\000\000\000\000\000\000\000\000\000\000\000\000\000P\031t\361\032\213\221\243\004\006][\376s\340\253\234K}\\013\0362\202`\234\371~d\0310\204\264,s!\003\365\211\205\353\0100\270r\333\225\227Y\025\355!\235\nf\352n\302\032\014\344\364\324\262\351""\225OFvF0D\002 \034\330\247\300\267\203\017\247\360\371\n\001W}\320^\303\226\242}\362\306\303)\310h\034\263\311[\#\002 )\020X@\366R\216]+~\206\246t\023\237`\261\024\r\375S\277\232^M\274\225k\245\270b.""; "
1750576786702,1750576786702,3156,1,1,2,TMValidation,"validation: """"\200\000\000\001&\000\000\000\004)/\352k\022:\327x\272\020JyerQ2\262\253\351\035\214\260\336\037!\340\337w\327\364\353\202\243\240<'Mb\336\312E\233'\345-\035<P\027\000\000\000\000\000\000\000\000\000\000\000\000\000\000\000\000\000\000\000\000\000\000\000\000\000\000\000\000\000\000\000\000P\031t\361\032\213\221\243\004\006][\376s\340\253\234K}\\013\0362\202`\234\371~d\0310\204\264,s!\003\365\211\205\353\0100\270r\333\225\227Y\025\355!\235\nf\352n\302\032\014\344\364\324\262\351""\225OFvF0D\002 \034\330\247\300\267\203\017\247\360\371\n\001W}\320^\303\226\242}\362\306\303)\310h\034\263\311[\#\002 )\020X@\366R\216]+~\206\246t\023\237`\261\024\r\375S\277\232^M\274\225k\245\270b.""; ","validation: """"\200\000\000\001&\000\000\000\004)/\352k\022:\327x\272\020JyerQ2\262\253\351\035\214\260\336\037!\340\337w\327\364\353\202\243\240<'Mb\336\312E\233'\345-\035<P\027\000\000\000\000\000\000\000\000\000\000\000\000\000\000\000\000\000\000\000\000\000\000\000\000\000\000\000\000\000\000\000\000P\031t\361\032\213\221\243\004\006][\376s\340\253\234K}\\013\0362\202`\234\371~d\0310\204\264,s!\003\365\211\205\353\0100\270r\333\225\227Y\025\355!\235\nf\352n\302\032\014\344\364\324\262\351""\225OFvF0D\002 \034\330\247\300\267\203\017\247\360\371\n\001W}\320^\303\226\242}\362\306\303)\310h\034\263\311[\#\002 )\020X@\366R\216]+~\206\246t\023\237`\261\024\r\375S\277\232^M\274\225k\245\270b.""; "
1750576786702,1750576786702,1427,1,1,0,TMValidation,"validation: """"\200\000\000\001&\000\000\000\004)/\352k\022:\327x\272\020JyerQ2\262\253\351\035\214\260\336\037!\340\337w\327\364\353\202\243\240<'Mb\336\312E\233'\345-\035<P\027\000\000\000\000\000\000\000\000\000\000\000\000\000\000\000\000\000\000\000\000\000\000\000\000\000\000\000\000\000\000\000\000P\031t\361\032\213\221\243\004\006][\376s\340\253\234K}\\013\0362\202`\234\371~d\0310\204\264,s!\003\365\211\205\353\0100\270r\333\225\227Y\025\355!\235\nf\352n\302\032\014\344\364\324\262\351""\225OFvF0D\002 \034\330\247\300\267\203\017\247\360\371\n\001W}\320^\303\226\242}\362\306\303)\310h\034\263\311[\#\002 )\020X@\366R\216]+~\206\246t\023\237`\261\024\r\375S\277\232^M\274\225k\245\270b.""; ","validation: """"\200\000\000\001&\000\000\000\004)/\352k\022:\327x\272\020JyerQ2\262\253\351\035\214\260\336\037!\340\337w\327\364\353\202\243\240<'Mb\336\312E\233'\345-\035<P\027\000\000\000\000\000\000\000\000\000\000\000\000\000\000\000\000\000\000\000\000\000\000\000\000\000\000\000\000\000\000\000\000P\031t\361\032\213\221\243\004\006][\376s\340\253\234K}\\013\0362\202`\234\371~d\0310\204\264,s!\003\365\211\205\353\0100\270r\333\225\227Y\025\355!\235\nf\352n\302\032\014\344\364\324\262\351""\225OFvF0D\002 \034\330\247\300\267\203\017\247\360\371\n\001W}\320^\303\226\242}\362\306\303)\310h\034\263\311[\#\002 )\020X@\366R\216]+~\206\246t\023\237`\261\024\r\375S\277\232^M\274\225k\245\270b.""; "
1750576786746,1750576786746,1074,1,4,3,TMValidation,"validation: """"\200\000\000\001&\000\000\000\004)/\352k\021:\337\036c5\254\005\264,Q2\262\253\351\035\214\260\336\037!\340\337w\327\364\353\202\243\240<'Mb\336\312E\233'\345-\035<P\027\000\000\000\000\000\000\000\000\000\000\000\000\000\000\000\000\000\000\000\000\000\000\000\000\000\000\000\000\000\000\000\000P\031t\361\032\213\221\243\004\006][\376s\340\253\234K}\\013\0362\202`\234\371~d\0310\204\264,s!\003i)e\226\372N\250\220\343\313\000^\252ua\277:W\233\010\236\376G>\347\257/\214RJ\t<vG0E\002!\000\353T\320\341\222\354s\236\356""2\375$\322B\256s\344$\307\321\225\253('z\005\315K\031\221?\002 )\034\345V(\213ya#\001\316f\t!\342\231\035\003\355(\376\367X\030\225\332\332\260\326\300\345\357""; ","validation: """"\200\000\000\001&\000\000\000\004)/\352k\021:\337\036c5\254\005\264,Q2\262\253\351\035\214\260\336\037!\340\337w\327\364\353\202\243\240<'Mb\336\312E\233'\345-\035<P\027\000\000\000\000\000\000\000\000\000\000\000\000\000\000\000\000\000\000\000\000\000\000\000\000\000\000\000\000\000\000\000\000P\031t\361\032\213\221\243\004\006][\376s\340\253\234K}\\013\0362\202`\234\371~d\0310\204\264,s!\003i)e\226\372N\250\220\343\313\000^\252ua\277:W\233\010\236\376G>\347\257/\214RJ\t<vG0E\002!\000\353T\320\341\222\354s\236\356""2\375$\322B\256s\344$\307\321\225\253('z\005\315K\031\221?\002 )\034\345V(\213ya#\001\316f\t!\342\231\035\003\355(\376\367X\030\225\332\332\260\326\300\345\357""; "
1750576786746,1750576786746,2764,1,4,0,TMValidation,"validation: """"\200\000\000\001&\000\000\000\004)/\352k\021:\337\036c5\254\005\264,Q2\262\253\351\035\214\260\336\037!\340\337w\327\364\353\202\243\240<'Mb\336\312E\233'\345-\035<P\027\000\000\000\000\000\000\000\000\000\000\000\000\000\000\000\000\000\000\000\000\000\000\000\000\000\000\000\000\000\000\000\000P\031t\361\032\213\221\243\004\006][\376s\340\253\234K}\\013\0362\202`\234\371~d\0310\204\264,s!\003i)e\226\372N\250\220\343\313\000^\252ua\277:W\233\010\236\376G>\347\257/\214RJ\t<vG0E\002!\000\353T\320\341\222\354s\236\356""2\375$\322B\256s\344$\307\321\225\253('z\005\315K\031\221?\002 )\034\345V(\213ya#\001\316f\t!\342\231\035\003\355(\376\367X\030\225\332\332\260\326\300\345\357""; ","validation: """"\200\000\000\001&\000\000\000\004)/\352k\021:\337\036c5\254\005\264,Q2\262\253\351\035\214\260\336\037!\340\337w\327\364\353\202\243\240<'Mb\336\312E\233'\345-\035<P\027\000\000\000\000\000\000\000\000\000\000\000\000\000\000\000\000\000\000\000\000\000\000\000\000\000\000\000\000\000\000\000\000P\031t\361\032\213\221\243\004\006][\376s\340\253\234K}\\013\0362\202`\234\371~d\0310\204\264,s!\003i)e\226\372N\250\220\343\313\000^\252ua\277:W\233\010\236\376G>\347\257/\214RJ\t<vG0E\002!\000\353T\320\341\222\354s\236\356""2\375$\322B\256s\344$\307\321\225\253('z\005\315K\031\221?\002 )\034\345V(\213ya#\001\316f\t!\342\231\035\003\355(\376\367X\030\225\332\332\260\326\300\345\357""; "
1750576786746,1750576786746,428,1,4,1,TMValidation,"validation: """"\200\000\000\001&\000\000\000\004)/\352k\021:\337\036c5\254\005\264,Q2\262\253\351\035\214\260\336\037!\340\337w\327\364\353\202\243\240<'Mb\336\312E\233'\345-\035<P\027\000\000\000\000\000\000\000\000\000\000\000\000\000\000\000\000\000\000\000\000\000\000\000\000\000\000\000\000\000\000\000\000P\031t\361\032\213\221\243\004\006][\376s\340\253\234K}\\013\0362\202`\234\371~d\0310\204\264,s!\003i)e\226\372N\250\220\343\313\000^\252ua\277:W\233\010\236\376G>\347\257/\214RJ\t<vG0E\002!\000\353T\320\341\222\354s\236\356""2\375$\322B\256s\344$\307\321\225\253('z\005\315K\031\221?\002 )\034\345V(\213ya#\001\316f\t!\342\231\035\003\355(\376\367X\030\225\332\332\260\326\300\345\357""; ","validation: """"\200\000\000\001&\000\000\000\004)/\352k\021:\337\036c5\254\005\264,Q2\262\253\351\035\214\260\336\037!\340\337w\327\364\353\202\243\240<'Mb\336\312E\233'\345-\035<P\027\000\000\000\000\000\000\000\000\000\000\000\000\000\000\000\000\000\000\000\000\000\000\000\000\000\000\000\000\000\000\000\000P\031t\361\032\213\221\243\004\006][\376s\340\253\234K}\\013\0362\202`\234\371~d\0310\204\264,s!\003i)e\226\372N\250\220\343\313\000^\252ua\277:W\233\010\236\376G>\347\257/\214RJ\t<vG0E\002!\000\353T\320\341\222\354s\236\356""2\375$\322B\256s\344$\307\321\225\253('z\005\315K\031\221?\002 )\034\345V(\213ya#\001\316f\t!\342\231\035\003\355(\376\367X\030\225\332\332\260\326\300\345\357""; "
1750576786835,1750576786836,815,1,4,3,TMTransaction,"rawTransaction: ""\022\000\000""\000\000\000\000$\000\000\000\001 \033\000\000\000\027a@\000\000\027H\206*@h@\000\000\000\000\000\000\ns!\0030\347\374\235V\273%\326\211;\243\363\027\256[\3173\263)\033\326=\263&T\243\023""/\177\320 tF0D\002 \014\314\035Q\013\024\007#!V\226\203\367v\035\022\010\371\300\031\2504\375\257t\2237tP\325\275\253\002 \004\315\330}\010\n\332$Y\321\201W\345_\202\272!\205\342\242\303\2712\365\370\303\300\3111\006\270>\201\024\265\367by\212S\325C\240\024\312\370\262\227\317\370\362\3717\350\203\024~\370\204.\271t7\270\261\211a[\344\344\246\243S\317\021 ""; status: tsCURRENT; receiveTimestamp: 803891986; deferred: false; ","rawTransaction: ""\022\000\000""\000\000\000\000$\000\000\000\001 \033\000\000\000\027a@\000\000\027H\206*@h@\000\000\000\000\000\000\ns!\0030\347\374\235V\273%\326\211;\243\363\027\256[\3173\263)\033\326=\263&T\243\023""/\177\320 tF0D\002 \014\314\035Q\013\024\007#!V\226\203\367v\035\022\010\371\300\031\2504\375\257t\2237tP\325\275\253\002 \004\315\330}\010\n\332$Y\321\201W\345_\202\272!\205\342\242\303\2712\365\370\303\300\3111\006\270>\201\024\265\367by\212S\325C\240\024\312\370\262\227\317\370\362\3717\350\203\024~\370\204.\271t7\270\261\211a[\344\344\246\243S\317\021 ""; status: tsCURRENT; receiveTimestamp: 803891986; deferred: false; "
1750576786835,1750576786836,3491,1,4,2,TMTransaction,"rawTransaction: ""\022\000\000""\000\000\000\000$\000\000\000\001 \033\000\000\000\027a@\000\000\027H\206*@h@\000\000\000\000\000\000\ns!\0030\347\374\235V\273%\326\211;\243\363\027\256[\3173\263)\033\326=\263&T\243\023""/\177\320 tF0D\002 \014\314\035Q\013\024\007#!V\226\203\367v\035\022\010\371\300\031\2504\375\257t\2237tP\325\275\253\002 \004\315\330}\010\n\332$Y\321\201W\345_\202\272!\205\342\242\303\2712\365\370\303\300\3111\006\270>\201\024\265\367by\212S\325C\240\024\312\370\262\227\317\370\362\3717\350\203\024~\370\204.\271t7\270\261\211a[\344\344\246\243S\317\021 ""; status: tsCURRENT; receiveTimestamp: 803891986; deferred: false; ","rawTransaction: ""\022\000\000""\000\000\000\000$\000\000\000\001 \033\000\000\000\027a@\000\000\027H\206*@h@\000\000\000\000\000\000\ns!\0030\347\374\235V\273%\326\211;\243\363\027\256[\3173\263)\033\326=\263&T\243\023""/\177\320 tF0D\002 \014\314\035Q\013\024\007#!V\226\203\367v\035\022\010\371\300\031\2504\375\257t\2237tP\325\275\253\002 \004\315\330}\010\n\332$Y\321\201W\345_\202\272!\205\342\242\303\2712\365\370\303\300\3111\006\270>\201\024\265\367by\212S\325C\240\024\312\370\262\227\317\370\362\3717\350\203\024~\370\204.\271t7\270\261\211a[\344\344\246\243S\317\021 ""; status: tsCURRENT; receiveTimestamp: 803891986; deferred: false; "
1750576786835,1750576786836,3574,1,4,0,TMTransaction,"rawTransaction: ""\022\000\000""\000\000\000\000$\000\000\000\001 \033\000\000\000\027a@\000\000\027H\206*@h@\000\000\000\000\000\000\ns!\0030\347\374\235V\273%\326\211;\243\363\027\256[\3173\263)\033\326=\263&T\243\023""/\177\320 tF0D\002 \014\314\035Q\013\024\007#!V\226\203\367v\035\022\010\371\300\031\2504\375\257t\2237tP\325\275\253\002 \004\315\330}\010\n\332$Y\321\201W\345_\202\272!\205\342\242\303\2712\365\370\303\300\3111\006\270>\201\024\265\367by\212S\325C\240\024\312\370\262\227\317\370\362\3717\350\203\024~\370\204.\271t7\270\261\211a[\344\344\246\243S\317\021 ""; status: tsCURRENT; receiveTimestamp: 803891986; deferred: false; ","rawTransaction: ""\022\000\000""\000\000\000\000$\000\000\000\001 \033\000\000\000\027a@\000\000\027H\206*@h@\000\000\000\000\000\000\ns!\0030\347\374\235V\273%\326\211;\243\363\027\256[\3173\263)\033\326=\263&T\243\023""/\177\320 tF0D\002 \014\314\035Q\013\024\007#!V\226\203\367v\035\022\010\371\300\031\2504\375\257t\2237tP\325\275\253\002 \004\315\330}\010\n\332$Y\321\201W\345_\202\272!\205\342\242\303\2712\365\370\303\300\3111\006\270>\201\024\265\367by\212S\325C\240\024\312\370\262\227\317\370\362\3717\350\203\024~\370\204.\271t7\270\261\211a[\344\344\246\243S\317\021 ""; status: tsCURRENT; receiveTimestamp: 803891986; deferred: false; "
1750576786874,1750576786874,1941,1,4,3,TMHaveTransactionSet,"status: tsHAVE; hash: ""\252\307CA\276\267@\366[J\307Y\373\330\202\270\372\311,Po\364\311\203\332O\224NU\2770\301""; ","status: tsHAVE; hash: ""\252\307CA\276\267@\366[J\307Y\373\330\202\270\372\311,Po\364\311\203\332O\224NU\2770\301""; "
1750576786876,1750576786876,2904,1,4,1,TMProposeSet,"proposeSeq: 0; currentTxHash: ""\252\307CA\276\267@\366[J\307Y\373\330\202\270\372\311,Po\364\311\203\332O\224NU\2770\301""; nodePubKey: ""\003\371#:S\022\X\277\344\034\253'\365\230\361\211p\037\000R\265\215-7o\002\210\025\275\344qQ""; closeTime: 803891986; signature: ""0D\002 x\307ai\02282g\254\212\207\220D\005`P\262=r(\276\300s\317\2237Y\341xgd&\002 rS8ep\213\374\330\337\257\212i\316 \343\327e\000\377f\031*\261\377\016\372\274\336\364_$7""; previousledger: ""2\262\253\351\035\214\260\336\037!\340\337w\327\364\353\202\243\240<'Mb\336\312E\233'\345-\035<""; ","proposeSeq: 0; currentTxHash: ""\252\307CA\276\267@\366[J\307Y\373\330\202\270\372\311,Po\364\311\203\332O\224NU\2770\301""; nodePubKey: ""\003\371#:S\022\X\277\344\034\253'\365\230\361\211p\037\000R\265\215-7o\002\210\025\275\344qQ""; closeTime: 803891986; signature: ""0D\002 x\307ai\02282g\254\212\207\220D\005`P\262=r(\276\300s\317\2237Y\341xgd&\002 rS8ep\213\374\330\337\257\212i\316 \343\327e\000\377f\031*\261\377\016\372\274\336\364_$7""; previousledger: ""2\262\253\351\035\214\260\336\037!\340\337w\327\364\353\202\243\240<'Mb\336\312E\233'\345-\035<""; "
1750576786875,1750576786875,1689,1,4,1,TMHaveTransactionSet,"status: tsHAVE; hash: ""\252\307CA\276\267@\366[J\307Y\373\330\202\270\372\311,Po\364\311\203\332O\224NU\2770\301""; ","status: tsHAVE; hash: ""\252\307CA\276\267@\366[J\307Y\373\330\202\270\372\311,Po\364\311\203\332O\224NU\2770\301""; "
1750576786877,1750576786877,2435,1,4,0,TMHaveTransactionSet,"status: tsHAVE; hash: ""\252\307CA\276\267@\366[J\307Y\373\330\202\270\372\311,Po\364\311\203\332O\224NU\2770\301""; ","status: tsHAVE; hash: ""\252\307CA\276\267@\366[J\307Y\373\330\202\270\372\311,Po\364\311\203\332O\224NU\2770\301""; "
1750576786935,1750576786935,0,1,4,2,TMProposeSet,"proposeSeq: 0; currentTxHash: ""\252\307CA\276\267@\366[J\307Y\373\330\202\270\372\311,Po\364\311\203\332O\224NU\2770\301""; nodePubKey: ""\003\371#:S\022\X\277\344\034\253'\365\230\361\211p\037\000R\265\215-7o\002\210\025\275\344qQ""; closeTime: 803891986; signature: ""0D\002 x\307ai\02282g\254\212\207\220D\005`P\262=r(\276\300s\317\2237Y\341xgd&\002 rS8ep\213\374\330\337\257\212i\316 \343\327e\000\377f\031*\261\377\016\372\274\336\364_$7""; previousledger: ""2\262\253\351\035\214\260\336\037!\340\337w\327\364\353\202\243\240<'Mb\336\312E\233'\345-\035<""; ","proposeSeq: 0; currentTxHash: ""\252\307CA\276\267@\366[J\307Y\373\330\202\270\372\311,Po\364\311\203\332O\224NU\2770\301""; nodePubKey: ""\003\371#:S\022\X\277\344\034\253'\365\230\361\211p\037\000R\265\215-7o\002\210\025\275\344qQ""; closeTime: 803891986; signature: ""0D\002 x\307ai\02282g\254\212\207\220D\005`P\262=r(\276\300s\317\2237Y\341xgd&\002 rS8ep\213\374\330\337\257\212i\316 \343\327e\000\377f\031*\261\377\016\372\274\336\364_$7""; previousledger: ""2\262\253\351\035\214\260\336\037!\340\337w\327\364\353\202\243\240<'Mb\336\312E\233'\345-\035<""; "
1750576786936,1750576786936,3911,1,4,2,TMHaveTransactionSet,"status: tsHAVE; hash: ""\252\307CA\276\267@\366[J\307Y\373\330\202\270\372\311,Po\364\311\203\332O\224NU\2770\301""; ","status: tsHAVE; hash: ""\252\307CA\276\267@\366[J\307Y\373\330\202\270\372\311,Po\364\311\203\332O\224NU\2770\301""; "
1750576786936,1750576786936,3064,1,4,3,TMProposeSet,"proposeSeq: 0; currentTxHash: ""\252\307CA\276\267@\366[J\307Y\373\330\202\270\372\311,Po\364\311\203\332O\224NU\2770\301""; nodePubKey: ""\003\371#:S\022\X\277\344\034\253'\365\230\361\211p\037\000R\265\215-7o\002\210\025\275\344qQ""; closeTime: 803891986; signature: ""0D\002 x\307ai\02282g\254\212\207\220D\005`P\262=r(\276\300s\317\2237Y\341xgd&\002 rS8ep\213\374\330\337\257\212i\316 \343\327e\000\377f\031*\261\377\016\372\274\336\364_$7""; previousledger: ""2\262\253\351\035\214\260\336\037!\340\337w\327\364\353\202\243\240<'Mb\336\312E\233'\345-\035<""; ","proposeSeq: 0; currentTxHash: ""\252\307CA\276\267@\366[J\307Y\373\330\202\270\372\311,Po\364\311\203\332O\224NU\2770\301""; nodePubKey: ""\003\371#:S\022\X\277\344\034\253'\365\230\361\211p\037\000R\265\215-7o\002\210\025\275\344qQ""; closeTime: 803891986; signature: ""0D\002 x\307ai\02282g\254\212\207\220D\005`P\262=r(\276\300s\317\2237Y\341xgd&\002 rS8ep\213\374\330\337\257\212i\316 \343\327e\000\377f\031*\261\377\016\372\274\336\364_$7""; previousledger: ""2\262\253\351\035\214\260\336\037!\340\337w\327\364\353\202\243\240<'Mb\336\312E\233'\345-\035<""; "
1750576786936,1750576786936,3036,1,4,0,TMProposeSet,"proposeSeq: 0; currentTxHash: ""\252\307CA\276\267@\366[J\307Y\373\330\202\270\372\311,Po\364\311\203\332O\224NU\2770\301""; nodePubKey: ""\003\371#:S\022\X\277\344\034\253'\365\230\361\211p\037\000R\265\215-7o\002\210\025\275\344qQ""; closeTime: 803891986; signature: ""0D\002 x\307ai\02282g\254\212\207\220D\005`P\262=r(\276\300s\317\2237Y\341xgd&\002 rS8ep\213\374\330\337\257\212i\316 \343\327e\000\377f\031*\261\377\016\372\274\336\364_$7""; previousledger: ""2\262\253\351\035\214\260\336\037!\340\337w\327\364\353\202\243\240<'Mb\336\312E\233'\345-\035<""; ","proposeSeq: 0; currentTxHash: ""\252\307CA\276\267@\366[J\307Y\373\330\202\270\372\311,Po\364\311\203\332O\224NU\2770\301""; nodePubKey: ""\003\371#:S\022\X\277\344\034\253'\365\230\361\211p\037\000R\265\215-7o\002\210\025\275\344qQ""; closeTime: 803891986; signature: ""0D\002 x\307ai\02282g\254\212\207\220D\005`P\262=r(\276\300s\317\2237Y\341xgd&\002 rS8ep\213\374\330\337\257\212i\316 \343\327e\000\377f\031*\261\377\016\372\274\336\364_$7""; previousledger: ""2\262\253\351\035\214\260\336\037!\340\337w\327\364\353\202\243\240<'Mb\336\312E\233'\345-\035<""; "
1750576786937,1750576786937,2915,1,0,3,TMValidation,"validation: """"\200\000\000\001&\000\000\000\004)/\352k\021:`\203p\321f\247x\311Q2\262\253\351\035\214\260\336\037!\340\337w\327\364\353\202\243\240<'Mb\336\312E\233'\345-\035<P\027\000\000\000\000\000\000\000\000\000\000\000\000\000\000\000\000\000\000\000\000\000\000\000\000\000\000\000\000\000\000\000\000P\031t\361\032\213\221\243\004\006][\376s\340\253\234K}\\013\0362\202`\234\371~d\0310\204\264,s!\002l\025\225/2Mi\010\252)\240F\276k\254\301;\200wg}s\364.8S\354U\206\025\244\006vF0D\002 X\275\353\224\226\367\241\237h\306\246\277\002\342\357_\020\342U\365\027\377\215K\033\336-\216C\225q\022\002 xug\346\315\355\355\276\247\305""\346y\274\247\025\023Y2\340:1\001\365*\250\300\314T\023\306F""; ","validation: """"\200\000\000\001&\000\000\000\004)/\352k\021:`\203p\321f\247x\311Q2\262\253\351\035\214\260\336\037!\340\337w\327\364\353\202\243\240<'Mb\336\312E\233'\345-\035<P\027\000\000\000\000\000\000\000\000\000\000\000\000\000\000\000\000\000\000\000\000\000\000\000\000\000\000\000\000\000\000\000\000P\031t\361\032\213\221\243\004\006][\376s\340\253\234K}\\013\0362\202`\234\371~d\0310\204\264,s!\002l\025\225/2Mi\010\252)\240F\276k\254\301;\200wg}s\364.8S\354U\206\025\244\006vF0D\002 X\275\353\224\226\367\241\237h\306\246\277\002\342\357_\020\342U\365\027\377\215K\033\336-\216C\225q\022\002 xug\346\315\355\355\276\247\305""\346y\274\247\025\023Y2\340:1\001\365*\250\300\314T\023\306F""; "
1750576786937,1750576786937,3321,1,0,4,TMValidation,"validation: """"\200\000\000\001&\000\000\000\004)/\352k\021:`\203p\321f\247x\311Q2\262\253\351\035\214\260\336\037!\340\337w\327\364\353\202\243\240<'Mb\336\312E\233'\345-\035<P\027\000\000\000\000\000\000\000\000\000\000\000\000\000\000\000\000\000\000\000\000\000\000\000\000\000\000\000\000\000\000\000\000P\031t\361\032\213\221\243\004\006][\376s\340\253\234K}\\013\0362\202`\234\371~d\0310\204\264,s!\002l\025\225/2Mi\010\252)\240F\276k\254\301;\200wg}s\364.8S\354U\206\025\244\006vF0D\002 X\275\353\224\226\367\241\237h\306\246\277\002\342\357_\020\342U\365\027\377\215K\033\336-\216C\225q\022\002 xug\346\315\355\355\276\247\305""\346y\274\247\025\023Y2\340:1\001\365*\250\300\314T\023\306F""; ","validation: """"\200\000\000\001&\000\000\000\004)/\352k\021:`\203p\321f\247x\311Q2\262\253\351\035\214\260\336\037!\340\337w\327\364\353\202\243\240<'Mb\336\312E\233'\345-\035<P\027\000\000\000\000\000\000\000\000\000\000\000\000\000\000\000\000\000\000\000\000\000\000\000\000\000\000\000\000\000\000\000\000P\031t\361\032\213\221\243\004\006][\376s\340\253\234K}\\013\0362\202`\234\371~d\0310\204\264,s!\002l\025\225/2Mi\010\252)\240F\276k\254\301;\200wg}s\364.8S\354U\206\025\244\006vF0D\002 X\275\353\224\226\367\241\237h\306\246\277\002\342\357_\020\342U\365\027\377\215K\033\336-\216C\225q\022\002 xug\346\315\355\355\276\247\305""\346y\274\247\025\023Y2\340:1\001\365*\250\300\314T\023\306F""; "
1750576786938,1750576786938,453,1,0,2,TMValidation,"validation: """"\200\000\000\001&\000\000\000\004)/\352k\021:`\203p\321f\247x\311Q2\262\253\351\035\214\260\336\037!\340\337w\327\364\353\202\243\240<'Mb\336\312E\233'\345-\035<P\027\000\000\000\000\000\000\000\000\000\000\000\000\000\000\000\000\000\000\000\000\000\000\000\000\000\000\000\000\000\000\000\000P\031t\361\032\213\221\243\004\006][\376s\340\253\234K}\\013\0362\202`\234\371~d\0310\204\264,s!\002l\025\225/2Mi\010\252)\240F\276k\254\301;\200wg}s\364.8S\354U\206\025\244\006vF0D\002 X\275\353\224\226\367\241\237h\306\246\277\002\342\357_\020\342U\365\027\377\215K\033\336-\216C\225q\022\002 xug\346\315\355\355\276\247\305""\346y\274\247\025\023Y2\340:1\001\365*\250\300\314T\023\306F""; ","validation: """"\200\000\000\001&\000\000\000\004)/\352k\021:`\203p\321f\247x\311Q2\262\253\351\035\214\260\336\037!\340\337w\327\364\353\202\243\240<'Mb\336\312E\233'\345-\035<P\027\000\000\000\000\000\000\000\000\000\000\000\000\000\000\000\000\000\000\000\000\000\000\000\000\000\000\000\000\000\000\000\000P\031t\361\032\213\221\243\004\006][\376s\340\253\234K}\\013\0362\202`\234\371~d\0310\204\264,s!\002l\025\225/2Mi\010\252)\240F\276k\254\301;\200wg}s\364.8S\354U\206\025\244\006vF0D\002 X\275\353\224\226\367\241\237h\306\246\277\002\342\357_\020\342U\365\027\377\215K\033\336-\216C\225q\022\002 xug\346\315\355\355\276\247\305""\346y\274\247\025\023Y2\340:1\001\365*\250\300\314T\023\306F""; "
1750576786938,1750576786938,3103,1,1,3,TMValidation,"validation: """"\200\000\000\001&\000\000\000\004)/\352k\022:\321 \377\321\373\345\340\346Q2\262\253\351\035\214\260\336\037!\340\337w\327\364\353\202\243\240<'Mb\336\312E\233'\345-\035<P\027\000\000\000\000\000\000\000\000\000\000\000\000\000\000\000\000\000\000\000\000\000\000\000\000\000\000\000\000\000\000\000\000P\031t\361\032\213\221\243\004\006][\376s\340\253\234K}\\013\0362\202`\234\371~d\0310\204\264,s!\002\373\236I\010\265\271ho\331/c\224%g\005\354]\344\350\r\030%u\255\364\002\226\221\370\363\332\331vF0D\002 \033\362\333`\no\334!\213\351\r\313;\266\343\325|T\177\213\223\255\244\256\355\010\221j\177\354#\272\002 Z\266\236\275""Sh{A\330\216\\270\314\374\027Q>\225.=MY\321.j\216d\240\300\243\201""; ","validation: """"\200\000\000\001&\000\000\000\004)/\352k\022:\321 \377\321\373\345\340\346Q2\262\253\351\035\214\260\336\037!\340\337w\327\364\353\202\243\240<'Mb\336\312E\233'\345-\035<P\027\000\000\000\000\000\000\000\000\000\000\000\000\000\000\000\000\000\000\000\000\000\000\000\000\000\000\000\000\000\000\000\000P\031t\361\032\213\221\243\004\006][\376s\340\253\234K}\\013\0362\202`\234\371~d\0310\204\264,s!\002\373\236I\010\265\271ho\331/c\224%g\005\354]\344\350\r\030%u\255\364\002\226\221\370\363\332\331vF0D\002 \033\362\333`\no\334!\213\351\r\313;\266\343\325|T\177\213\223\255\244\256\355\010\221j\177\354#\272\002 Z\266\236\275""Sh{A\330\216\\270\314\374\027Q>\225.=MY\321.j\216d\240\300\243\201""; "
1750576786939,1750576786939,1427,1,1,0,TMValidation,"validation: """"\200\000\000\001&\000\000\000\004)/\352k\022:\321 \377\321\373\345\340\346Q2\262\253\351\035\214\260\336\037!\340\337w\327\364\353\202\243\240<'Mb\336\312E\233'\345-\035<P\027\000\000\000\000\000\000\000\000\000\000\000\000\000\000\000\000\000\000\000\000\000\000\000\000\000\000\000\000\000\000\000\000P\031t\361\032\213\221\243\004\006][\376s\340\253\234K}\\013\0362\202`\234\371~d\0310\204\264,s!\002\373\236I\010\265\271ho\331/c\224%g\005\354]\344\350\r\030%u\255\364\002\226\221\370\363\332\331vF0D\002 \033\362\333`\no\334!\213\351\r\313;\266\343\325|T\177\213\223\255\244\256\355\010\221j\177\354#\272\002 Z\266\236\275""Sh{A\330\216\\270\314\374\027Q>\225.=MY\321.j\216d\240\300\243\201""; ","validation: """"\200\000\000\001&\000\000\000\004)/\352k\022:\321 \377\321\373\345\340\346Q2\262\253\351\035\214\260\336\037!\340\337w\327\364\353\202\243\240<'Mb\336\312E\233'\345-\035<P\027\000\000\000\000\000\000\000\000\000\000\000\000\000\000\000\000\000\000\000\000\000\000\000\000\000\000\000\000\000\000\000\000P\031t\361\032\213\221\243\004\006][\376s\340\253\234K}\\013\0362\202`\234\371~d\0310\204\264,s!\002\373\236I\010\265\271ho\331/c\224%g\005\354]\344\350\r\030%u\255\364\002\226\221\370\363\332\331vF0D\002 \033\362\333`\no\334!\213\351\r\313;\266\343\325|T\177\213\223\255\244\256\355\010\221j\177\354#\272\002 Z\266\236\275""Sh{A\330\216\\270\314\374\027Q>\225.=MY\321.j\216d\240\300\243\201""; "
1750576786939,1750576786939,3156,1,1,2,TMValidation,"validation: """"\200\000\000\001&\000\000\000\004)/\352k\022:\321 \377\321\373\345\340\346Q2\262\253\351\035\214\260\336\037!\340\337w\327\364\353\202\243\240<'Mb\336\312E\233'\345-\035<P\027\000\000\000\000\000\000\000\000\000\000\000\000\000\000\000\000\000\000\000\000\000\000\000\000\000\000\000\000\000\000\000\000P\031t\361\032\213\221\243\004\006][\376s\340\253\234K}\\013\0362\202`\234\371~d\0310\204\264,s!\002\373\236I\010\265\271ho\331/c\224%g\005\354]\344\350\r\030%u\255\364\002\226\221\370\363\332\331vF0D\002 \033\362\333`\no\334!\213\351\r\313;\266\343\325|T\177\213\223\255\244\256\355\010\221j\177\354#\272\002 Z\266\236\275""Sh{A\330\216\\270\314\374\027Q>\225.=MY\321.j\216d\240\300\243\201""; ","validation: """"\200\000\000\001&\000\000\000\004)/\352k\022:\321 \377\321\373\345\340\346Q2\262\253\351\035\214\260\336\037!\340\337w\327\364\353\202\243\240<'Mb\336\312E\233'\345-\035<P\027\000\000\000\000\000\000\000\000\000\000\000\000\000\000\000\000\000\000\000\000\000\000\000\000\000\000\000\000\000\000\000\000P\031t\361\032\213\221\243\004\006][\376s\340\253\234K}\\013\0362\202`\234\371~d\0310\204\264,s!\002\373\236I\010\265\271ho\331/c\224%g\005\354]\344\350\r\030%u\255\364\002\226\221\370\363\332\331vF0D\002 \033\362\333`\no\334!\213\351\r\313;\266\343\325|T\177\213\223\255\244\256\355\010\221j\177\354#\272\002 Z\266\236\275""Sh{A\330\216\\270\314\374\027Q>\225.=MY\321.j\216d\240\300\243\201""; "
1750576786939,1750576786939,1573,1,2,4,TMGetLedger,"itype: liTS_CANDIDATE; ledgerHash: ""\252\307CA\276\267@\366[J\307Y\373\330\202\270\372\311,Po\364\311\203\332O\224NU\2770\301""; nodeIDs: ""\000\000\000\000\000\000\000\000\000\000\000\000\000\000\000\000\000\000\000\000\000\000\000\000\000\000\000\000\000\000\000\000\000""; queryDepth: 3; ","itype: liTS_CANDIDATE; ledgerHash: ""\252\307CA\276\267@\366[J\307Y\373\330\202\270\372\311,Po\364\311\203\332O\224NU\2770\301""; nodeIDs: ""\000\000\000\000\000\000\000\000\000\000\000\000\000\000\000\000\000\000\000\000\000\000\000\000\000\000\000\000\000\000\000\000\000""; queryDepth: 3; "
1750576786940,1750576786940,1529,1,2,0,TMProposeSet,"proposeSeq: 0; currentTxHash: ""\252\307CA\276\267@\366[J\307Y\373\330\202\270\372\311,Po\364\311\203\332O\224NU\2770\301""; nodePubKey: ""\003\371#:S\022\X\277\344\034\253'\365\230\361\211p\037\000R\265\215-7o\002\210\025\275\344qQ""; closeTime: 803891986; signature: ""0D\002 x\307ai\02282g\254\212\207\220D\005`P\262=r(\276\300s\317\2237Y\341xgd&\002 rS8ep\213\374\330\337\257\212i\316 \343\327e\000\377f\031*\261\377\016\372\274\336\364_$7""; previousledger: ""2\262\253\351\035\214\260\336\037!\340\337w\327\364\353\202\243\240<'Mb\336\312E\233'\345-\035<""; ","proposeSeq: 0; currentTxHash: ""\252\307CA\276\267@\366[J\307Y\373\330\202\270\372\311,Po\364\311\203\332O\224NU\2770\301""; nodePubKey: ""\003\371#:S\022\X\277\344\034\253'\365\230\361\211p\037\000R\265\215-7o\002\210\025\275\344qQ""; closeTime: 803891986; signature: ""0D\002 x\307ai\02282g\254\212\207\220D\005`P\262=r(\276\300s\317\2237Y\341xgd&\002 rS8ep\213\374\330\337\257\212i\316 \343\327e\000\377f\031*\261\377\016\372\274\336\364_$7""; previousledger: ""2\262\253\351\035\214\260\336\037!\340\337w\327\364\353\202\243\240<'Mb\336\312E\233'\345-\035<""; "
1750576786940,1750576786940,1630,1,2,3,TMProposeSet,"proposeSeq: 0; currentTxHash: ""\252\307CA\276\267@\366[J\307Y\373\330\202\270\372\311,Po\364\311\203\332O\224NU\2770\301""; nodePubKey: ""\003\371#:S\022\X\277\344\034\253'\365\230\361\211p\037\000R\265\215-7o\002\210\025\275\344qQ""; closeTime: 803891986; signature: ""0D\002 x\307ai\02282g\254\212\207\220D\005`P\262=r(\276\300s\317\2237Y\341xgd&\002 rS8ep\213\374\330\337\257\212i\316 \343\327e\000\377f\031*\261\377\016\372\274\336\364_$7""; previousledger: ""2\262\253\351\035\214\260\336\037!\340\337w\327\364\353\202\243\240<'Mb\336\312E\233'\345-\035<""; ","proposeSeq: 0; currentTxHash: ""\252\307CA\276\267@\366[J\307Y\373\330\202\270\372\311,Po\364\311\203\332O\224NU\2770\301""; nodePubKey: ""\003\371#:S\022\X\277\344\034\253'\365\230\361\211p\037\000R\265\215-7o\002\210\025\275\344qQ""; closeTime: 803891986; signature: ""0D\002 x\307ai\02282g\254\212\207\220D\005`P\262=r(\276\300s\317\2237Y\341xgd&\002 rS8ep\213\374\330\337\257\212i\316 \343\327e\000\377f\031*\261\377\016\372\274\336\364_$7""; previousledger: ""2\262\253\351\035\214\260\336\037!\340\337w\327\364\353\202\243\240<'Mb\336\312E\233'\345-\035<""; "
1750576786940,1750576786940,1196,1,2,1,TMGetLedger,"itype: liTS_CANDIDATE; ledgerHash: ""\252\307CA\276\267@\366[J\307Y\373\330\202\270\372\311,Po\364\311\203\332O\224NU\2770\301""; nodeIDs: ""\000\000\000\000\000\000\000\000\000\000\000\000\000\000\000\000\000\000\000\000\000\000\000\000\000\000\000\000\000\000\000\000\000""; queryDepth: 3; ","itype: liTS_CANDIDATE; ledgerHash: ""\252\307CA\276\267@\366[J\307Y\373\330\202\270\372\311,Po\364\311\203\332O\224NU\2770\301""; nodeIDs: ""\000\000\000\000\000\000\000\000\000\000\000\000\000\000\000\000\000\000\000\000\000\000\000\000\000\000\000\000\000\000\000\000\000""; queryDepth: 3; "
1750576786941,1750576786941,1191,1,2,1,TMProposeSet,"proposeSeq: 0; currentTxHash: ""\252\307CA\276\267@\366[J\307Y\373\330\202\270\372\311,Po\364\311\203\332O\224NU\2770\301""; nodePubKey: ""\003\371#:S\022\X\277\344\034\253'\365\230\361\211p\037\000R\265\215-7o\002\210\025\275\344qQ""; closeTime: 803891986; signature: ""0D\002 x\307ai\02282g\254\212\207\220D\005`P\262=r(\276\300s\317\2237Y\341xgd&\002 rS8ep\213\374\330\337\257\212i\316 \343\327e\000\377f\031*\261\377\016\372\274\336\364_$7""; previousledger: ""2\262\253\351\035\214\260\336\037!\340\337w\327\364\353\202\243\240<'Mb\336\312E\233'\345-\035<""; ","proposeSeq: 0; currentTxHash: ""\252\307CA\276\267@\366[J\307Y\373\330\202\270\372\311,Po\364\311\203\332O\224NU\2770\301""; nodePubKey: ""\003\371#:S\022\X\277\344\034\253'\365\230\361\211p\037\000R\265\215-7o\002\210\025\275\344qQ""; closeTime: 803891986; signature: ""0D\002 x\307ai\02282g\254\212\207\220D\005`P\262=r(\276\300s\317\2237Y\341xgd&\002 rS8ep\213\374\330\337\257\212i\316 \343\327e\000\377f\031*\261\377\016\372\274\336\364_$7""; previousledger: ""2\262\253\351\035\214\260\336\037!\340\337w\327\364\353\202\243\240<'Mb\336\312E\233'\345-\035<""; "
1750576786874,1750576786953,1182,1,4,3,TMStatusChange,"newEvent: neCLOSING_LEDGER; ledgerSeq: 4; ledgerHash: ""2\262\253\351\035\214\260\336\037!\340\337w\327\364\353\202\243\240<'Mb\336\312E\233'\345-\035<""; ledgerHashPrevious: ""t\361\032\213\221\243\004\006][\376s\340\253\234K}\\013\0362\202`\234\371~d\0310\204\264,""; networkTime: 803891986; firstSeq: 1; lastSeq: 4; ","newEvent: neCLOSING_LEDGER; ledgerSeq: 4; ledgerHash: ""2\262\253\351\035\214\260\336\037!\340\337w\327\364\353\202\243\240<'Mb\336\312E\233'\345-\035<""; ledgerHashPrevious: ""t\361\032\213\221\243\004\006][\376s\340\253\234K}\\013\0362\202`\234\371~d\0310\204\264,""; networkTime: 803891986; firstSeq: 1; lastSeq: 4; "
1750576786875,1750576786953,688,1,4,1,TMStatusChange,"newEvent: neCLOSING_LEDGER; ledgerSeq: 4; ledgerHash: ""2\262\253\351\035\214\260\336\037!\340\337w\327\364\353\202\243\240<'Mb\336\312E\233'\345-\035<""; ledgerHashPrevious: ""t\361\032\213\221\243\004\006][\376s\340\253\234K}\\013\0362\202`\234\371~d\0310\204\264,""; networkTime: 803891986; firstSeq: 1; lastSeq: 4; ","newEvent: neCLOSING_LEDGER; ledgerSeq: 4; ledgerHash: ""2\262\253\351\035\214\260\336\037!\340\337w\327\364\353\202\243\240<'Mb\336\312E\233'\345-\035<""; ledgerHashPrevious: ""t\361\032\213\221\243\004\006][\376s\340\253\234K}\\013\0362\202`\234\371~d\0310\204\264,""; networkTime: 803891986; firstSeq: 1; lastSeq: 4; "
1750576786876,1750576786953,2906,1,4,0,TMStatusChange,"newEvent: neCLOSING_LEDGER; ledgerSeq: 4; ledgerHash: ""2\262\253\351\035\214\260\336\037!\340\337w\327\364\353\202\243\240<'Mb\336\312E\233'\345-\035<""; ledgerHashPrevious: ""t\361\032\213\221\243\004\006][\376s\340\253\234K}\\013\0362\202`\234\371~d\0310\204\264,""; networkTime: 803891986; firstSeq: 1; lastSeq: 4; ","newEvent: neCLOSING_LEDGER; ledgerSeq: 4; ledgerHash: ""2\262\253\351\035\214\260\336\037!\340\337w\327\364\353\202\243\240<'Mb\336\312E\233'\345-\035<""; ledgerHashPrevious: ""t\361\032\213\221\243\004\006][\376s\340\253\234K}\\013\0362\202`\234\371~d\0310\204\264,""; networkTime: 803891986; firstSeq: 1; lastSeq: 4; "
1750576786935,1750576786954,2968,1,4,2,TMStatusChange,"newEvent: neCLOSING_LEDGER; ledgerSeq: 4; ledgerHash: ""2\262\253\351\035\214\260\336\037!\340\337w\327\364\353\202\243\240<'Mb\336\312E\233'\345-\035<""; ledgerHashPrevious: ""t\361\032\213\221\243\004\006][\376s\340\253\234K}\\013\0362\202`\234\371~d\0310\204\264,""; networkTime: 803891986; firstSeq: 1; lastSeq: 4; ","newEvent: neCLOSING_LEDGER; ledgerSeq: 4; ledgerHash: ""2\262\253\351\035\214\260\336\037!\340\337w\327\364\353\202\243\240<'Mb\336\312E\233'\345-\035<""; ledgerHashPrevious: ""t\361\032\213\221\243\004\006][\376s\340\253\234K}\\013\0362\202`\234\371~d\0310\204\264,""; networkTime: 803891986; firstSeq: 1; lastSeq: 4; "
1750576786957,1750576786957,693,1,3,1,TMValidation,"validation: """"\200\000\000\001&\000\000\000\004)/\352k\021:""\223\371\016\340l;\316Q2\262\253\351\035\214\260\336\037!\340\337w\327\364\353\202\243\240<'Mb\336\312E\233'\345-\035<P\027\000\000\000\000\000\000\000\000\000\000\000\000\000\000\000\000\000\000\000\000\000\000\000\000\000\000\000\000\000\000\000\000P\031t\361\032\213\221\243\004\006][\376s\340\253\234K}\\013\0362\202`\234\371~d\0310\204\264,s!\003\371#:S\022\X\277\344\034\253'\365\230\361\211p\037\000R\265\215-7o\002\210\025\275\344qQvF0D\002 *\323\354=\n\3719\032m\177\225(\260&-!\351\211R\376\203\343eh~\036\014m\326\312\351\332\002 k\376TUM\330\030M\244];\003\333_\337\325\314\213\312cd\217\006\321\302\037k\277\212\354\232\035""; ","validation: """"\200\000\000\001&\000\000\000\004)/\352k\021:""\223\371\016\340l;\316Q2\262\253\351\035\214\260\336\037!\340\337w\327\364\353\202\243\240<'Mb\336\312E\233'\345-\035<P\027\000\000\000\000\000\000\000\000\000\000\000\000\000\000\000\000\000\000\000\000\000\000\000\000\000\000\000\000\000\000\000\000P\031t\361\032\213\221\243\004\006][\376s\340\253\234K}\\013\0362\202`\234\371~d\0310\204\264,s!\003\371#:S\022\X\277\344\034\253'\365\230\361\211p\037\000R\265\215-7o\002\210\025\275\344qQvF0D\002 *\323\354=\n\3719\032m\177\225(\260&-!\351\211R\376\203\343eh~\036\014m\326\312\351\332\002 k\376TUM\330\030M\244];\003\333_\337\325\314\213\312cd\217\006\321\302\037k\277\212\354\232\035""; "
1750576786957,1750576786958,3256,1,3,2,TMValidation,"validation: """"\200\000\000\001&\000\000\000\004)/\352k\021:""\223\371\016\340l;\316Q2\262\253\351\035\214\260\336\037!\340\337w\327\364\353\202\243\240<'Mb\336\312E\233'\345-\035<P\027\000\000\000\000\000\000\000\000\000\000\000\000\000\000\000\000\000\000\000\000\000\000\000\000\000\000\000\000\000\000\000\000P\031t\361\032\213\221\243\004\006][\376s\340\253\234K}\\013\0362\202`\234\371~d\0310\204\264,s!\003\371#:S\022\X\277\344\034\253'\365\230\361\211p\037\000R\265\215-7o\002\210\025\275\344qQvF0D\002 *\323\354=\n\3719\032m\177\225(\260&-!\351\211R\376\203\343eh~\036\014m\326\312\351\332\002 k\376TUM\330\030M\244];\003\333_\337\325\314\213\312cd\217\006\321\302\037k\277\212\354\232\035""; ","validation: """"\200\000\000\001&\000\000\000\004)/\352k\021:""\223\371\016\340l;\316Q2\262\253\351\035\214\260\336\037!\340\337w\327\364\353\202\243\240<'Mb\336\312E\233'\345-\035<P\027\000\000\000\000\000\000\000\000\000\000\000\000\000\000\000\000\000\000\000\000\000\000\000\000\000\000\000\000\000\000\000\000P\031t\361\032\213\221\243\004\006][\376s\340\253\234K}\\013\0362\202`\234\371~d\0310\204\264,s!\003\371#:S\022\X\277\344\034\253'\365\230\361\211p\037\000R\265\215-7o\002\210\025\275\344qQvF0D\002 *\323\354=\n\3719\032m\177\225(\260&-!\351\211R\376\203\343eh~\036\014m\326\312\351\332\002 k\376TUM\330\030M\244];\003\333_\337\325\314\213\312cd\217\006\321\302\037k\277\212\354\232\035""; "
1750576786958,1750576786958,1663,1,3,0,TMValidation,"validation: """"\200\000\000\001&\000\000\000\004)/\352k\021:""\223\371\016\340l;\316Q2\262\253\351\035\214\260\336\037!\340\337w\327\364\353\202\243\240<'Mb\336\312E\233'\345-\035<P\027\000\000\000\000\000\000\000\000\000\000\000\000\000\000\000\000\000\000\000\000\000\000\000\000\000\000\000\000\000\000\000\000P\031t\361\032\213\221\243\004\006][\376s\340\253\234K}\\013\0362\202`\234\371~d\0310\204\264,s!\003\371#:S\022\X\277\344\034\253'\365\230\361\211p\037\000R\265\215-7o\002\210\025\275\344qQvF0D\002 *\323\354=\n\3719\032m\177\225(\260&-!\351\211R\376\203\343eh~\036\014m\326\312\351\332\002 k\376TUM\330\030M\244];\003\333_\337\325\314\213\312cd\217\006\321\302\037k\277\212\354\232\035""; ","validation: """"\200\000\000\001&\000\000\000\004)/\352k\021:""\223\371\016\340l;\316Q2\262\253\351\035\214\260\336\037!\340\337w\327\364\353\202\243\240<'Mb\336\312E\233'\345-\035<P\027\000\000\000\000\000\000\000\000\000\000\000\000\000\000\000\000\000\000\000\000\000\000\000\000\000\000\000\000\000\000\000\000P\031t\361\032\213\221\243\004\006][\376s\340\253\234K}\\013\0362\202`\234\371~d\0310\204\264,s!\003\371#:S\022\X\277\344\034\253'\365\230\361\211p\037\000R\265\215-7o\002\210\025\275\344qQvF0D\002 *\323\354=\n\3719\032m\177\225(\260&-!\351\211R\376\203\343eh~\036\014m\326\312\351\332\002 k\376TUM\330\030M\244];\003\333_\337\325\314\213\312cd\217\006\321\302\037k\277\212\354\232\035""; "
1750576787021,1750576787022,84,1,0,3,TMTransaction,"rawTransaction: ""\022\000\000""\000\000\000\000$\000\000\000\003 \033\000\000\000\027a@\000\000\027H\206*@h@\000\000\000\000\000\000\ns!\0030\347\374\235V\273%\326\211;\243\363\027\256[\3173\263)\033\326=\263&T\243\023""/\177\320 tF0D\002 Yy\007B\230\330\226\|qn\355\360\210~\0330\323\306\223\207D_GG\367\363{l\277o\207\002 1\275\341\336dn\033\274(\234\265\303\374A\331\226m\005\220\276}\216\352j\231z|\220\363\305\0326\201\024\265\367by\212S\325C\240\024\312\370\262\227\317\370\362\3717\350\203\024\034$,@\365\322~\343\033j\255\202\366\335\250\266\324\344\\030""; status: tsCURRENT; receiveTimestamp: 803891987; deferred: false; ","rawTransaction: ""\022\000\000""\000\000\000\000$\000\000\000\003 \033\000\000\000\027a@\000\000\027H\206*@h@\000\000\000\000\000\000\ns!\0030\347\374\235V\273%\326\211;\243\363\027\256[\3173\263)\033\326=\263&T\243\023""/\177\320 tF0D\002 Yy\007B\230\330\226\|qn\355\360\210~\0330\323\306\223\207D_GG\367\363{l\277o\207\002 1\275\341\336dn\033\274(\234\265\303\374A\331\226m\005\220\276}\216\352j\231z|\220\363\305\0326\201\024\265\367by\212S\325C\240\024\312\370\262\227\317\370\362\3717\350\203\024\034$,@\365\322~\343\033j\255\202\366\335\250\266\324\344\\030""; status: tsCURRENT; receiveTimestamp: 803891987; deferred: false; "
1750576787022,1750576787022,1351,1,0,2,TMTransaction,"rawTransaction: ""\022\000\000""\000\000\000\000$\000\000\000\003 \033\000\000\000\027a@\000\000\027H\206*@h@\000\000\000\000\000\000\ns!\0030\347\374\235V\273%\326\211;\243\363\027\256[\3173\263)\033\326=\263&T\243\023""/\177\320 tF0D\002 Yy\007B\230\330\226\|qn\355\360\210~\0330\323\306\223\207D_GG\367\363{l\277o\207\002 1\275\341\336dn\033\274(\234\265\303\374A\331\226m\005\220\276}\216\352j\231z|\220\363\305\0326\201\024\265\367by\212S\325C\240\024\312\370\262\227\317\370\362\3717\350\203\024\034$,@\365\322~\343\033j\255\202\366\335\250\266\324\344\\030""; status: tsCURRENT; receiveTimestamp: 803891987; deferred: false; ","rawTransaction: ""\022\000\000""\000\000\000\000$\000\000\000\003 \033\000\000\000\027a@\000\000\027H\206*@h@\000\000\000\000\000\000\ns!\0030\347\374\235V\273%\326\211;\243\363\027\256[\3173\263)\033\326=\263&T\243\023""/\177\320 tF0D\002 Yy\007B\230\330\226\|qn\355\360\210~\0330\323\306\223\207D_GG\367\363{l\277o\207\002 1\275\341\336dn\033\274(\234\265\303\374A\331\226m\005\220\276}\216\352j\231z|\220\363\305\0326\201\024\265\367by\212S\325C\240\024\312\370\262\227\317\370\362\3717\350\203\024\034$,@\365\322~\343\033j\255\202\366\335\250\266\324\344\\030""; status: tsCURRENT; receiveTimestamp: 803891987; deferred: false; "
1750576787022,1750576787023,3536,1,0,4,TMTransaction,"rawTransaction: ""\022\000\000""\000\000\000\000$\000\000\000\003 \033\000\000\000\027a@\000\000\027H\206*@h@\000\000\000\000\000\000\ns!\0030\347\374\235V\273%\326\211;\243\363\027\256[\3173\263)\033\326=\263&T\243\023""/\177\320 tF0D\002 Yy\007B\230\330\226\|qn\355\360\210~\0330\323\306\223\207D_GG\367\363{l\277o\207\002 1\275\341\336dn\033\274(\234\265\303\374A\331\226m\005\220\276}\216\352j\231z|\220\363\305\0326\201\024\265\367by\212S\325C\240\024\312\370\262\227\317\370\362\3717\350\203\024\034$,@\365\322~\343\033j\255\202\366\335\250\266\324\344\\030""; status: tsCURRENT; receiveTimestamp: 803891987; deferred: false; ","rawTransaction: ""\022\000\000""\000\000\000\000$\000\000\000\003 \033\000\000\000\027a@\000\000\027H\206*@h@\000\000\000\000\000\000\ns!\0030\347\374\235V\273%\326\211;\243\363\027\256[\3173\263)\033\326=\263&T\243\023""/\177\320 tF0D\002 Yy\007B\230\330\226\|qn\355\360\210~\0330\323\306\223\207D_GG\367\363{l\277o\207\002 1\275\341\336dn\033\274(\234\265\303\374A\331\226m\005\220\276}\216\352j\231z|\220\363\305\0326\201\024\265\367by\212S\325C\240\024\312\370\262\227\317\370\362\3717\350\203\024\034$,@\365\322~\343\033j\255\202\366\335\250\266\324\344\\030""; status: tsCURRENT; receiveTimestamp: 803891987; deferred: false; "
1750576787112,1750576787112,1630,1,2,3,TMProposeSet,"proposeSeq: 0; currentTxHash: ""\252\307CA\276\267@\366[J\307Y\373\330\202\270\372\311,Po\364\311\203\332O\224NU\2770\301""; nodePubKey: ""\002\373\236I\010\265\271ho\331/c\224%g\005\354]\344\350\r\030%u\255\364\002\226\221\370\363\332\331""; closeTime: 803891987; signature: ""0E\002!\000\317\00612\335\204\270\375\336\363\202\377\004\005\352:\232\205\274\313@q\277\346WL\022\026xL\345\022\002 Q\002\355b\277\247t\021Ng\376cx\332;B4R\224|\352\244\207\356\307\002\340\027d\016\230\253""; previousledger: ""2\262\253\351\035\214\260\336\037!\340\337w\327\364\353\202\243\240<'Mb\336\312E\233'\345-\035<""; ","proposeSeq: 0; currentTxHash: ""\252\307CA\276\267@\366[J\307Y\373\330\202\270\372\311,Po\364\311\203\332O\224NU\2770\301""; nodePubKey: ""\002\373\236I\010\265\271ho\331/c\224%g\005\354]\344\350\r\030%u\255\364\002\226\221\370\363\332\331""; closeTime: 803891987; signature: ""0E\002!\000\317\00612\335\204\270\375\336\363\202\377\004\005\352:\232\205\274\313@q\277\346WL\022\026xL\345\022\002 Q\002\355b\277\247t\021Ng\376cx\332;B4R\224|\352\244\207\356\307\002\340\027d\016\230\253""; previousledger: ""2\262\253\351\035\214\260\336\037!\340\337w\327\364\353\202\243\240<'Mb\336\312E\233'\345-\035<""; "
1750576787113,1750576787113,2934,1,2,4,TMHaveTransactionSet,"status: tsHAVE; hash: ""\252\307CA\276\267@\366[J\307Y\373\330\202\270\372\311,Po\364\311\203\332O\224NU\2770\301""; ","status: tsHAVE; hash: ""\252\307CA\276\267@\366[J\307Y\373\330\202\270\372\311,Po\364\311\203\332O\224NU\2770\301""; "
1750576787113,1750576787113,1631,1,2,3,TMHaveTransactionSet,"status: tsHAVE; hash: ""\252\307CA\276\267@\366[J\307Y\373\330\202\270\372\311,Po\364\311\203\332O\224NU\2770\301""; ","status: tsHAVE; hash: ""\252\307CA\276\267@\366[J\307Y\373\330\202\270\372\311,Po\364\311\203\332O\224NU\2770\301""; "
1750576787113,1750576787113,1529,1,2,0,TMProposeSet,"proposeSeq: 0; currentTxHash: ""\252\307CA\276\267@\366[J\307Y\373\330\202\270\372\311,Po\364\311\203\332O\224NU\2770\301""; nodePubKey: ""\002\373\236I\010\265\271ho\331/c\224%g\005\354]\344\350\r\030%u\255\364\002\226\221\370\363\332\331""; closeTime: 803891987; signature: ""0E\002!\000\317\00612\335\204\270\375\336\363\202\377\004\005\352:\232\205\274\313@q\277\346WL\022\026xL\345\022\002 Q\002\355b\277\247t\021Ng\376cx\332;B4R\224|\352\244\207\356\307\002\340\027d\016\230\253""; previousledger: ""2\262\253\351\035\214\260\336\037!\340\337w\327\364\353\202\243\240<'Mb\336\312E\233'\345-\035<""; ","proposeSeq: 0; currentTxHash: ""\252\307CA\276\267@\366[J\307Y\373\330\202\270\372\311,Po\364\311\203\332O\224NU\2770\301""; nodePubKey: ""\002\373\236I\010\265\271ho\331/c\224%g\005\354]\344\350\r\030%u\255\364\002\226\221\370\363\332\331""; closeTime: 803891987; signature: ""0E\002!\000\317\00612\335\204\270\375\336\363\202\377\004\005\352:\232\205\274\313@q\277\346WL\022\026xL\345\022\002 Q\002\355b\277\247t\021Ng\376cx\332;B4R\224|\352\244\207\356\307\002\340\027d\016\230\253""; previousledger: ""2\262\253\351\035\214\260\336\037!\340\337w\327\364\353\202\243\240<'Mb\336\312E\233'\345-\035<""; "
1750576787114,1750576787114,3836,1,2,0,TMHaveTransactionSet,"status: tsHAVE; hash: ""\252\307CA\276\267@\366[J\307Y\373\330\202\270\372\311,Po\364\311\203\332O\224NU\2770\301""; ","status: tsHAVE; hash: ""\252\307CA\276\267@\366[J\307Y\373\330\202\270\372\311,Po\364\311\203\332O\224NU\2770\301""; "
1750576787114,1750576787115,2484,1,2,4,TMProposeSet,"proposeSeq: 0; currentTxHash: ""\252\307CA\276\267@\366[J\307Y\373\330\202\270\372\311,Po\364\311\203\332O\224NU\2770\301""; nodePubKey: ""\002\373\236I\010\265\271ho\331/c\224%g\005\354]\344\350\r\030%u\255\364\002\226\221\370\363\332\331""; closeTime: 803891987; signature: ""0E\002!\000\317\00612\335\204\270\375\336\363\202\377\004\005\352:\232\205\274\313@q\277\346WL\022\026xL\345\022\002 Q\002\355b\277\247t\021Ng\376cx\332;B4R\224|\352\244\207\356\307\002\340\027d\016\230\253""; previousledger: ""2\262\253\351\035\214\260\336\037!\340\337w\327\364\353\202\243\240<'Mb\336\312E\233'\345-\035<""; ","proposeSeq: 0; currentTxHash: ""\252\307CA\276\267@\366[J\307Y\373\330\202\270\372\311,Po\364\311\203\332O\224NU\2770\301""; nodePubKey: ""\002\373\236I\010\265\271ho\331/c\224%g\005\354]\344\350\r\030%u\255\364\002\226\221\370\363\332\331""; closeTime: 803891987; signature: ""0E\002!\000\317\00612\335\204\270\375\336\363\202\377\004\005\352:\232\205\274\313@q\277\346WL\022\026xL\345\022\002 Q\002\355b\277\247t\021Ng\376cx\332;B4R\224|\352\244\207\356\307\002\340\027d\016\230\253""; previousledger: ""2\262\253\351\035\214\260\336\037!\340\337w\327\364\353\202\243\240<'Mb\336\312E\233'\345-\035<""; "
1750576787115,1750576787116,2447,1,3,1,TMTransaction,"rawTransaction: ""\022\000\000""\000\000\000\000$\000\000\000\003 \033\000\000\000\027a@\000\000\027H\206*@h@\000\000\000\000\000\000\ns!\0030\347\374\235V\273%\326\211;\243\363\027\256[\3173\263)\033\326=\263&T\243\023""/\177\320 tF0D\002 Yy\007B\230\330\226\|qn\355\360\210~\0330\323\306\223\207D_GG\367\363{l\277o\207\002 1\275\341\336dn\033\274(\234\265\303\374A\331\226m\005\220\276}\216\352j\231z|\220\363\305\0326\201\024\265\367by\212S\325C\240\024\312\370\262\227\317\370\362\3717\350\203\024\034$,@\365\322~\343\033j\255\202\366\335\250\266\324\344\\030""; status: tsCURRENT; receiveTimestamp: 803891987; deferred: false; ","rawTransaction: ""\022\000\000""\000\000\000\000$\000\000\000\003 \033\000\000\000\027a@\000\000\027H\206*@h@\000\000\000\000\000\000\ns!\0030\347\374\235V\273%\326\211;\243\363\027\256[\3173\263)\033\326=\263&T\243\023""/\177\320 tF0D\002 Yy\007B\230\330\226\|qn\355\360\210~\0330\323\306\223\207D_GG\367\363{l\277o\207\002 1\275\341\336dn\033\274(\234\265\303\374A\331\226m\005\220\276}\216\352j\231z|\220\363\305\0326\201\024\265\367by\212S\325C\240\024\312\370\262\227\317\370\362\3717\350\203\024\034$,@\365\322~\343\033j\255\202\366\335\250\266\324\344\\030""; status: tsCURRENT; receiveTimestamp: 803891987; deferred: false; "
1750576787116,1750576787116,2341,1,3,4,TMTransaction,"rawTransaction: ""\022\000\000""\000\000\000\000$\000\000\000\003 \033\000\000\000\027a@\000\000\027H\206*@h@\000\000\000\000\000\000\ns!\0030\347\374\235V\273%\326\211;\243\363\027\256[\3173\263)\033\326=\263&T\243\023""/\177\320 tF0D\002 Yy\007B\230\330\226\|qn\355\360\210~\0330\323\306\223\207D_GG\367\363{l\277o\207\002 1\275\341\336dn\033\274(\234\265\303\374A\331\226m\005\220\276}\216\352j\231z|\220\363\305\0326\201\024\265\367by\212S\325C\240\024\312\370\262\227\317\370\362\3717\350\203\024\034$,@\365\322~\343\033j\255\202\366\335\250\266\324\344\\030""; status: tsCURRENT; receiveTimestamp: 803891987; deferred: false; ","rawTransaction: ""\022\000\000""\000\000\000\000$\000\000\000\003 \033\000\000\000\027a@\000\000\027H\206*@h@\000\000\000\000\000\000\ns!\0030\347\374\235V\273%\326\211;\243\363\027\256[\3173\263)\033\326=\263&T\243\023""/\177\320 tF0D\002 Yy\007B\230\330\226\|qn\355\360\210~\0330\323\306\223\207D_GG\367\363{l\277o\207\002 1\275\341\336dn\033\274(\234\265\303\374A\331\226m\005\220\276}\216\352j\231z|\220\363\305\0326\201\024\265\367by\212S\325C\240\024\312\370\262\227\317\370\362\3717\350\203\024\034$,@\365\322~\343\033j\255\202\366\335\250\266\324\344\\030""; status: tsCURRENT; receiveTimestamp: 803891987; deferred: false; "
1750576787116,1750576787117,1096,1,3,2,TMTransaction,"rawTransaction: ""\022\000\000""\000\000\000\000$\000\000\000\003 \033\000\000\000\027a@\000\000\027H\206*@h@\000\000\000\000\000\000\ns!\0030\347\374\235V\273%\326\211;\243\363\027\256[\3173\263)\033\326=\263&T\243\023""/\177\320 tF0D\002 Yy\007B\230\330\226\|qn\355\360\210~\0330\323\306\223\207D_GG\367\363{l\277o\207\002 1\275\341\336dn\033\274(\234\265\303\374A\331\226m\005\220\276}\216\352j\231z|\220\363\305\0326\201\024\265\367by\212S\325C\240\024\312\370\262\227\317\370\362\3717\350\203\024\034$,@\365\322~\343\033j\255\202\366\335\250\266\324\344\\030""; status: tsCURRENT; receiveTimestamp: 803891987; deferred: false; ","rawTransaction: ""\022\000\000""\000\000\000\000$\000\000\000\003 \033\000\000\000\027a@\000\000\027H\206*@h@\000\000\000\000\000\000\ns!\0030\347\374\235V\273%\326\211;\243\363\027\256[\3173\263)\033\326=\263&T\243\023""/\177\320 tF0D\002 Yy\007B\230\330\226\|qn\355\360\210~\0330\323\306\223\207D_GG\367\363{l\277o\207\002 1\275\341\336dn\033\274(\234\265\303\374A\331\226m\005\220\276}\216\352j\231z|\220\363\305\0326\201\024\265\367by\212S\325C\240\024\312\370\262\227\317\370\362\3717\350\203\024\034$,@\365\322~\343\033j\255\202\366\335\250\266\324\344\\030""; status: tsCURRENT; receiveTimestamp: 803891987; deferred: false; "
1750576787118,1750576787118,1191,1,2,1,TMProposeSet,"proposeSeq: 0; currentTxHash: ""\252\307CA\276\267@\366[J\307Y\373\330\202\270\372\311,Po\364\311\203\332O\224NU\2770\301""; nodePubKey: ""\002\373\236I\010\265\271ho\331/c\224%g\005\354]\344\350\r\030%u\255\364\002\226\221\370\363\332\331""; closeTime: 803891987; signature: ""0E\002!\000\317\00612\335\204\270\375\336\363\202\377\004\005\352:\232\205\274\313@q\277\346WL\022\026xL\345\022\002 Q\002\355b\277\247t\021Ng\376cx\332;B4R\224|\352\244\207\356\307\002\340\027d\016\230\253""; previousledger: ""2\262\253\351\035\214\260\336\037!\340\337w\327\364\353\202\243\240<'Mb\336\312E\233'\345-\035<""; ","proposeSeq: 0; currentTxHash: ""\252\307CA\276\267@\366[J\307Y\373\330\202\270\372\311,Po\364\311\203\332O\224NU\2770\301""; nodePubKey: ""\002\373\236I\010\265\271ho\331/c\224%g\005\354]\344\350\r\030%u\255\364\002\226\221\370\363\332\331""; closeTime: 803891987; signature: ""0E\002!\000\317\00612\335\204\270\375\336\363\202\377\004\005\352:\232\205\274\313@q\277\346WL\022\026xL\345\022\002 Q\002\355b\277\247t\021Ng\376cx\332;B4R\224|\352\244\207\356\307\002\340\027d\016\230\253""; previousledger: ""2\262\253\351\035\214\260\336\037!\340\337w\327\364\353\202\243\240<'Mb\336\312E\233'\345-\035<""; "
1750576787118,1750576787118,817,1,2,1,TMHaveTransactionSet,"status: tsHAVE; hash: ""\252\307CA\276\267@\366[J\307Y\373\330\202\270\372\311,Po\364\311\203\332O\224NU\2770\301""; ","status: tsHAVE; hash: ""\252\307CA\276\267@\366[J\307Y\373\330\202\270\372\311,Po\364\311\203\332O\224NU\2770\301""; "
1750576787177,1750576787177,1427,1,1,0,TMValidation,"validation: """"\200\000\000\001&\000\000\000\004)/\352k\021:\337\036c5\254\005\264,Q2\262\253\351\035\214\260\336\037!\340\337w\327\364\353\202\243\240<'Mb\336\312E\233'\345-\035<P\027\000\000\000\000\000\000\000\000\000\000\000\000\000\000\000\000\000\000\000\000\000\000\000\000\000\000\000\000\000\000\000\000P\031t\361\032\213\221\243\004\006][\376s\340\253\234K}\\013\0362\202`\234\371~d\0310\204\264,s!\003i)e\226\372N\250\220\343\313\000^\252ua\277:W\233\010\236\376G>\347\257/\214RJ\t<vG0E\002!\000\353T\320\341\222\354s\236\356""2\375$\322B\256s\344$\307\321\225\253('z\005\315K\031\221?\002 )\034\345V(\213ya#\001\316f\t!\342\231\035\003\355(\376\367X\030\225\332\332\260\326\300\345\357""; ","validation: """"\200\000\000\001&\000\000\000\004)/\352k\021:\337\036c5\254\005\264,Q2\262\253\351\035\214\260\336\037!\340\337w\327\364\353\202\243\240<'Mb\336\312E\233'\345-\035<P\027\000\000\000\000\000\000\000\000\000\000\000\000\000\000\000\000\000\000\000\000\000\000\000\000\000\000\000\000\000\000\000\000P\031t\361\032\213\221\243\004\006][\376s\340\253\234K}\\013\0362\202`\234\371~d\0310\204\264,s!\003i)e\226\372N\250\220\343\313\000^\252ua\277:W\233\010\236\376G>\347\257/\214RJ\t<vG0E\002!\000\353T\320\341\222\354s\236\356""2\375$\322B\256s\344$\307\321\225\253('z\005\315K\031\221?\002 )\034\345V(\213ya#\001\316f\t!\342\231\035\003\355(\376\367X\030\225\332\332\260\326\300\345\357""; "
1750576787178,1750576787178,3103,1,1,3,TMValidation,"validation: """"\200\000\000\001&\000\000\000\004)/\352k\021:\337\036c5\254\005\264,Q2\262\253\351\035\214\260\336\037!\340\337w\327\364\353\202\243\240<'Mb\336\312E\233'\345-\035<P\027\000\000\000\000\000\000\000\000\000\000\000\000\000\000\000\000\000\000\000\000\000\000\000\000\000\000\000\000\000\000\000\000P\031t\361\032\213\221\243\004\006][\376s\340\253\234K}\\013\0362\202`\234\371~d\0310\204\264,s!\003i)e\226\372N\250\220\343\313\000^\252ua\277:W\233\010\236\376G>\347\257/\214RJ\t<vG0E\002!\000\353T\320\341\222\354s\236\356""2\375$\322B\256s\344$\307\321\225\253('z\005\315K\031\221?\002 )\034\345V(\213ya#\001\316f\t!\342\231\035\003\355(\376\367X\030\225\332\332\260\326\300\345\357""; ","validation: """"\200\000\000\001&\000\000\000\004)/\352k\021:\337\036c5\254\005\264,Q2\262\253\351\035\214\260\336\037!\340\337w\327\364\353\202\243\240<'Mb\336\312E\233'\345-\035<P\027\000\000\000\000\000\000\000\000\000\000\000\000\000\000\000\000\000\000\000\000\000\000\000\000\000\000\000\000\000\000\000\000P\031t\361\032\213\221\243\004\006][\376s\340\253\234K}\\013\0362\202`\234\371~d\0310\204\264,s!\003i)e\226\372N\250\220\343\313\000^\252ua\277:W\233\010\236\376G>\347\257/\214RJ\t<vG0E\002!\000\353T\320\341\222\354s\236\356""2\375$\322B\256s\344$\307\321\225\253('z\005\315K\031\221?\002 )\034\345V(\213ya#\001\316f\t!\342\231\035\003\355(\376\367X\030\225\332\332\260\326\300\345\357""; "
1750576787178,1750576787178,3156,1,1,2,TMValidation,"validation: """"\200\000\000\001&\000\000\000\004)/\352k\021:\337\036c5\254\005\264,Q2\262\253\351\035\214\260\336\037!\340\337w\327\364\353\202\243\240<'Mb\336\312E\233'\345-\035<P\027\000\000\000\000\000\000\000\000\000\000\000\000\000\000\000\000\000\000\000\000\000\000\000\000\000\000\000\000\000\000\000\000P\031t\361\032\213\221\243\004\006][\376s\340\253\234K}\\013\0362\202`\234\371~d\0310\204\264,s!\003i)e\226\372N\250\220\343\313\000^\252ua\277:W\233\010\236\376G>\347\257/\214RJ\t<vG0E\002!\000\353T\320\341\222\354s\236\356""2\375$\322B\256s\344$\307\321\225\253('z\005\315K\031\221?\002 )\034\345V(\213ya#\001\316f\t!\342\231\035\003\355(\376\367X\030\225\332\332\260\326\300\345\357""; ","validation: """"\200\000\000\001&\000\000\000\004)/\352k\021:\337\036c5\254\005\264,Q2\262\253\351\035\214\260\336\037!\340\337w\327\364\353\202\243\240<'Mb\336\312E\233'\345-\035<P\027\000\000\000\000\000\000\000\000\000\000\000\000\000\000\000\000\000\000\000\000\000\000\000\000\000\000\000\000\000\000\000\000P\031t\361\032\213\221\243\004\006][\376s\340\253\234K}\\013\0362\202`\234\371~d\0310\204\264,s!\003i)e\226\372N\250\220\343\313\000^\252ua\277:W\233\010\236\376G>\347\257/\214RJ\t<vG0E\002!\000\353T\320\341\222\354s\236\356""2\375$\322B\256s\344$\307\321\225\253('z\005\315K\031\221?\002 )\034\345V(\213ya#\001\316f\t!\342\231\035\003\355(\376\367X\030\225\332\332\260\326\300\345\357""; "
1750576787109,1750576787192,30,1,2,3,TMStatusChange,"newEvent: neCLOSING_LEDGER; ledgerSeq: 4; ledgerHash: ""2\262\253\351\035\214\260\336\037!\340\337w\327\364\353\202\243\240<'Mb\336\312E\233'\345-\035<""; ledgerHashPrevious: ""t\361\032\213\221\243\004\006][\376s\340\253\234K}\\013\0362\202`\234\371~d\0310\204\264,""; networkTime: 803891987; firstSeq: 1; lastSeq: 4; ","newEvent: neCLOSING_LEDGER; ledgerSeq: 4; ledgerHash: ""2\262\253\351\035\214\260\336\037!\340\337w\327\364\353\202\243\240<'Mb\336\312E\233'\345-\035<""; ledgerHashPrevious: ""t\361\032\213\221\243\004\006][\376s\340\253\234K}\\013\0362\202`\234\371~d\0310\204\264,""; networkTime: 803891987; firstSeq: 1; lastSeq: 4; "
1750576787111,1750576787192,3392,1,2,4,TMStatusChange,"newEvent: neCLOSING_LEDGER; ledgerSeq: 4; ledgerHash: ""2\262\253\351\035\214\260\336\037!\340\337w\327\364\353\202\243\240<'Mb\336\312E\233'\345-\035<""; ledgerHashPrevious: ""t\361\032\213\221\243\004\006][\376s\340\253\234K}\\013\0362\202`\234\371~d\0310\204\264,""; networkTime: 803891987; firstSeq: 1; lastSeq: 4; ","newEvent: neCLOSING_LEDGER; ledgerSeq: 4; ledgerHash: ""2\262\253\351\035\214\260\336\037!\340\337w\327\364\353\202\243\240<'Mb\336\312E\233'\345-\035<""; ledgerHashPrevious: ""t\361\032\213\221\243\004\006][\376s\340\253\234K}\\013\0362\202`\234\371~d\0310\204\264,""; networkTime: 803891987; firstSeq: 1; lastSeq: 4; "
1750576787112,1750576787192,1637,1,2,0,TMStatusChange,"newEvent: neCLOSING_LEDGER; ledgerSeq: 4; ledgerHash: ""2\262\253\351\035\214\260\336\037!\340\337w\327\364\353\202\243\240<'Mb\336\312E\233'\345-\035<""; ledgerHashPrevious: ""t\361\032\213\221\243\004\006][\376s\340\253\234K}\\013\0362\202`\234\371~d\0310\204\264,""; networkTime: 803891987; firstSeq: 1; lastSeq: 4; ","newEvent: neCLOSING_LEDGER; ledgerSeq: 4; ledgerHash: ""2\262\253\351\035\214\260\336\037!\340\337w\327\364\353\202\243\240<'Mb\336\312E\233'\345-\035<""; ledgerHashPrevious: ""t\361\032\213\221\243\004\006][\376s\340\253\234K}\\013\0362\202`\234\371~d\0310\204\264,""; networkTime: 803891987; firstSeq: 1; lastSeq: 4; "
1750576787117,1750576787192,2409,1,2,1,TMStatusChange,"newEvent: neCLOSING_LEDGER; ledgerSeq: 4; ledgerHash: ""2\262\253\351\035\214\260\336\037!\340\337w\327\364\353\202\243\240<'Mb\336\312E\233'\345-\035<""; ledgerHashPrevious: ""t\361\032\213\221\243\004\006][\376s\340\253\234K}\\013\0362\202`\234\371~d\0310\204\264,""; networkTime: 803891987; firstSeq: 1; lastSeq: 4; ","newEvent: neCLOSING_LEDGER; ledgerSeq: 4; ledgerHash: ""2\262\253\351\035\214\260\336\037!\340\337w\327\364\353\202\243\240<'Mb\336\312E\233'\345-\035<""; ledgerHashPrevious: ""t\361\032\213\221\243\004\006][\376s\340\253\234K}\\013\0362\202`\234\371~d\0310\204\264,""; networkTime: 803891987; firstSeq: 1; lastSeq: 4; "
1750576787337,1750576787337,2490,1,4,2,TMValidation,"validation: """"\200\000\000\001&\000\000\000\004)/\352k\021:`\203p\321f\247x\311Q2\262\253\351\035\214\260\336\037!\340\337w\327\364\353\202\243\240<'Mb\336\312E\233'\345-\035<P\027\000\000\000\000\000\000\000\000\000\000\000\000\000\000\000\000\000\000\000\000\000\000\000\000\000\000\000\000\000\000\000\000P\031t\361\032\213\221\243\004\006][\376s\340\253\234K}\\013\0362\202`\234\371~d\0310\204\264,s!\002l\025\225/2Mi\010\252)\240F\276k\254\301;\200wg}s\364.8S\354U\206\025\244\006vF0D\002 X\275\353\224\226\367\241\237h\306\246\277\002\342\357_\020\342U\365\027\377\215K\033\336-\216C\225q\022\002 xug\346\315\355\355\276\247\305""\346y\274\247\025\023Y2\340:1\001\365*\250\300\314T\023\306F""; ","validation: """"\200\000\000\001&\000\000\000\004)/\352k\021:`\203p\321f\247x\311Q2\262\253\351\035\214\260\336\037!\340\337w\327\364\353\202\243\240<'Mb\336\312E\233'\345-\035<P\027\000\000\000\000\000\000\000\000\000\000\000\000\000\000\000\000\000\000\000\000\000\000\000\000\000\000\000\000\000\000\000\000P\031t\361\032\213\221\243\004\006][\376s\340\253\234K}\\013\0362\202`\234\371~d\0310\204\264,s!\002l\025\225/2Mi\010\252)\240F\276k\254\301;\200wg}s\364.8S\354U\206\025\244\006vF0D\002 X\275\353\224\226\367\241\237h\306\246\277\002\342\357_\020\342U\365\027\377\215K\033\336-\216C\225q\022\002 xug\346\315\355\355\276\247\305""\346y\274\247\025\023Y2\340:1\001\365*\250\300\314T\023\306F""; "
1750576787337,1750576787337,1074,1,4,3,TMValidation,"validation: """"\200\000\000\001&\000\000\000\004)/\352k\021:`\203p\321f\247x\311Q2\262\253\351\035\214\260\336\037!\340\337w\327\364\353\202\243\240<'Mb\336\312E\233'\345-\035<P\027\000\000\000\000\000\000\000\000\000\000\000\000\000\000\000\000\000\000\000\000\000\000\000\000\000\000\000\000\000\000\000\000P\031t\361\032\213\221\243\004\006][\376s\340\253\234K}\\013\0362\202`\234\371~d\0310\204\264,s!\002l\025\225/2Mi\010\252)\240F\276k\254\301;\200wg}s\364.8S\354U\206\025\244\006vF0D\002 X\275\353\224\226\367\241\237h\306\246\277\002\342\357_\020\342U\365\027\377\215K\033\336-\216C\225q\022\002 xug\346\315\355\355\276\247\305""\346y\274\247\025\023Y2\340:1\001\365*\250\300\314T\023\306F""; ","validation: """"\200\000\000\001&\000\000\000\004)/\352k\021:`\203p\321f\247x\311Q2\262\253\351\035\214\260\336\037!\340\337w\327\364\353\202\243\240<'Mb\336\312E\233'\345-\035<P\027\000\000\000\000\000\000\000\000\000\000\000\000\000\000\000\000\000\000\000\000\000\000\000\000\000\000\000\000\000\000\000\000P\031t\361\032\213\221\243\004\006][\376s\340\253\234K}\\013\0362\202`\234\371~d\0310\204\264,s!\002l\025\225/2Mi\010\252)\240F\276k\254\301;\200wg}s\364.8S\354U\206\025\244\006vF0D\002 X\275\353\224\226\367\241\237h\306\246\277\002\342\357_\020\342U\365\027\377\215K\033\336-\216C\225q\022\002 xug\346\315\355\355\276\247\305""\346y\274\247\025\023Y2\340:1\001\365*\250\300\314T\023\306F""; "
1750576787337,1750576787337,2764,1,4,0,TMValidation,"validation: """"\200\000\000\001&\000\000\000\004)/\352k\021:`\203p\321f\247x\311Q2\262\253\351\035\214\260\336\037!\340\337w\327\364\353\202\243\240<'Mb\336\312E\233'\345-\035<P\027\000\000\000\000\000\000\000\000\000\000\000\000\000\000\000\000\000\000\000\000\000\000\000\000\000\000\000\000\000\000\000\000P\031t\361\032\213\221\243\004\006][\376s\340\253\234K}\\013\0362\202`\234\371~d\0310\204\264,s!\002l\025\225/2Mi\010\252)\240F\276k\254\301;\200wg}s\364.8S\354U\206\025\244\006vF0D\002 X\275\353\224\226\367\241\237h\306\246\277\002\342\357_\020\342U\365\027\377\215K\033\336-\216C\225q\022\002 xug\346\315\355\355\276\247\305""\346y\274\247\025\023Y2\340:1\001\365*\250\300\314T\023\306F""; ","validation: """"\200\000\000\001&\000\000\000\004)/\352k\021:`\203p\321f\247x\311Q2\262\253\351\035\214\260\336\037!\340\337w\327\364\353\202\243\240<'Mb\336\312E\233'\345-\035<P\027\000\000\000\000\000\000\000\000\000\000\000\000\000\000\000\000\000\000\000\000\000\000\000\000\000\000\000\000\000\000\000\000P\031t\361\032\213\221\243\004\006][\376s\340\253\234K}\\013\0362\202`\234\371~d\0310\204\264,s!\002l\025\225/2Mi\010\252)\240F\276k\254\301;\200wg}s\364.8S\354U\206\025\244\006vF0D\002 X\275\353\224\226\367\241\237h\306\246\277\002\342\357_\020\342U\365\027\377\215K\033\336-\216C\225q\022\002 xug\346\315\355\355\276\247\305""\346y\274\247\025\023Y2\340:1\001\365*\250\300\314T\023\306F""; "
1750576787339,1750576787339,1842,1,2,3,TMValidation,"validation: """"\200\000\000\001&\000\000\000\004)/\352k\021:`\203p\321f\247x\311Q2\262\253\351\035\214\260\336\037!\340\337w\327\364\353\202\243\240<'Mb\336\312E\233'\345-\035<P\027\000\000\000\000\000\000\000\000\000\000\000\000\000\000\000\000\000\000\000\000\000\000\000\000\000\000\000\000\000\000\000\000P\031t\361\032\213\221\243\004\006][\376s\340\253\234K}\\013\0362\202`\234\371~d\0310\204\264,s!\002l\025\225/2Mi\010\252)\240F\276k\254\301;\200wg}s\364.8S\354U\206\025\244\006vF0D\002 X\275\353\224\226\367\241\237h\306\246\277\002\342\357_\020\342U\365\027\377\215K\033\336-\216C\225q\022\002 xug\346\315\355\355\276\247\305""\346y\274\247\025\023Y2\340:1\001\365*\250\300\314T\023\306F""; ","validation: """"\200\000\000\001&\000\000\000\004)/\352k\021:`\203p\321f\247x\311Q2\262\253\351\035\214\260\336\037!\340\337w\327\364\353\202\243\240<'Mb\336\312E\233'\345-\035<P\027\000\000\000\000\000\000\000\000\000\000\000\000\000\000\000\000\000\000\000\000\000\000\000\000\000\000\000\000\000\000\000\000P\031t\361\032\213\221\243\004\006][\376s\340\253\234K}\\013\0362\202`\234\371~d\0310\204\264,s!\002l\025\225/2Mi\010\252)\240F\276k\254\301;\200wg}s\364.8S\354U\206\025\244\006vF0D\002 X\275\353\224\226\367\241\237h\306\246\277\002\342\357_\020\342U\365\027\377\215K\033\336-\216C\225q\022\002 xug\346\315\355\355\276\247\305""\346y\274\247\025\023Y2\340:1\001\365*\250\300\314T\023\306F""; "
1750576787339,1750576787339,367,1,2,4,TMValidation,"validation: """"\200\000\000\001&\000\000\000\004)/\352k\021:`\203p\321f\247x\311Q2\262\253\351\035\214\260\336\037!\340\337w\327\364\353\202\243\240<'Mb\336\312E\233'\345-\035<P\027\000\000\000\000\000\000\000\000\000\000\000\000\000\000\000\000\000\000\000\000\000\000\000\000\000\000\000\000\000\000\000\000P\031t\361\032\213\221\243\004\006][\376s\340\253\234K}\\013\0362\202`\234\371~d\0310\204\264,s!\002l\025\225/2Mi\010\252)\240F\276k\254\301;\200wg}s\364.8S\354U\206\025\244\006vF0D\002 X\275\353\224\226\367\241\237h\306\246\277\002\342\357_\020\342U\365\027\377\215K\033\336-\216C\225q\022\002 xug\346\315\355\355\276\247\305""\346y\274\247\025\023Y2\340:1\001\365*\250\300\314T\023\306F""; ","validation: """"\200\000\000\001&\000\000\000\004)/\352k\021:`\203p\321f\247x\311Q2\262\253\351\035\214\260\336\037!\340\337w\327\364\353\202\243\240<'Mb\336\312E\233'\345-\035<P\027\000\000\000\000\000\000\000\000\000\000\000\000\000\000\000\000\000\000\000\000\000\000\000\000\000\000\000\000\000\000\000\000P\031t\361\032\213\221\243\004\006][\376s\340\253\234K}\\013\0362\202`\234\371~d\0310\204\264,s!\002l\025\225/2Mi\010\252)\240F\276k\254\301;\200wg}s\364.8S\354U\206\025\244\006vF0D\002 X\275\353\224\226\367\241\237h\306\246\277\002\342\357_\020\342U\365\027\377\215K\033\336-\216C\225q\022\002 xug\346\315\355\355\276\247\305""\346y\274\247\025\023Y2\340:1\001\365*\250\300\314T\023\306F""; "
1750576787339,1750576787339,3070,1,2,1,TMValidation,"validation: """"\200\000\000\001&\000\000\000\004)/\352k\021:`\203p\321f\247x\311Q2\262\253\351\035\214\260\336\037!\340\337w\327\364\353\202\243\240<'Mb\336\312E\233'\345-\035<P\027\000\000\000\000\000\000\000\000\000\000\000\000\000\000\000\000\000\000\000\000\000\000\000\000\000\000\000\000\000\000\000\000P\031t\361\032\213\221\243\004\006][\376s\340\253\234K}\\013\0362\202`\234\371~d\0310\204\264,s!\002l\025\225/2Mi\010\252)\240F\276k\254\301;\200wg}s\364.8S\354U\206\025\244\006vF0D\002 X\275\353\224\226\367\241\237h\306\246\277\002\342\357_\020\342U\365\027\377\215K\033\336-\216C\225q\022\002 xug\346\315\355\355\276\247\305""\346y\274\247\025\023Y2\340:1\001\365*\250\300\314T\023\306F""; ","validation: """"\200\000\000\001&\000\000\000\004)/\352k\021:`\203p\321f\247x\311Q2\262\253\351\035\214\260\336\037!\340\337w\327\364\353\202\243\240<'Mb\336\312E\233'\345-\035<P\027\000\000\000\000\000\000\000\000\000\000\000\000\000\000\000\000\000\000\000\000\000\000\000\000\000\000\000\000\000\000\000\000P\031t\361\032\213\221\243\004\006][\376s\340\253\234K}\\013\0362\202`\234\371~d\0310\204\264,s!\002l\025\225/2Mi\010\252)\240F\276k\254\301;\200wg}s\364.8S\354U\206\025\244\006vF0D\002 X\275\353\224\226\367\241\237h\306\246\277\002\342\357_\020\342U\365\027\377\215K\033\336-\216C\225q\022\002 xug\346\315\355\355\276\247\305""\346y\274\247\025\023Y2\340:1\001\365*\250\300\314T\023\306F""; "
1750576787449,1750576787449,252,1,1,0,TMProposeSet,"proposeSeq: 0; currentTxHash: ""Yl\036>\245|\030\253\305r\022T\267\205\240Q\r\002\236""\240\311\215[\330\206\301Z}y\021\022""; nodePubKey: ""\002l\025\225/2Mi\010\252)\240F\276k\254\301;\200wg}s\364.8S\354U\206\025\244\006""; closeTime: 803891987; signature: ""0E\002!\000\270o\261oJ\017<\3143\336\r\236\347]\234\342A\231\342:x\342\256\347M\325\336\240\273Z\261\034\002 Q\027\254\005\224\314\275\356e\312\362\035\364\242H\026\265EW?e%\346\233\213\371+rj\217\321\016""; previousledger: ""2\262\253\351\035\214\260\336\037!\340\337w\327\364\353\202\243\240<'Mb\336\312E\233'\345-\035<""; ","proposeSeq: 0; currentTxHash: ""Yl\036>\245|\030\253\305r\022T\267\205\240Q\r\002\236""\240\311\215[\330\206\301Z}y\021\022""; nodePubKey: ""\002l\025\225/2Mi\010\252)\240F\276k\254\301;\200wg}s\364.8S\354U\206\025\244\006""; closeTime: 803891987; signature: ""0E\002!\000\270o\261oJ\017<\3143\336\r\236\347]\234\342A\231\342:x\342\256\347M\325\336\240\273Z\261\034\002 Q\027\254\005\224\314\275\356e\312\362\035\364\242H\026\265EW?e%\346\233\213\371+rj\217\321\016""; previousledger: ""2\262\253\351\035\214\260\336\037!\340\337w\327\364\353\202\243\240<'Mb\336\312E\233'\345-\035<""; "
1750576787450,1750576787450,3734,1,1,2,TMProposeSet,"proposeSeq: 0; currentTxHash: ""Yl\036>\245|\030\253\305r\022T\267\205\240Q\r\002\236""\240\311\215[\330\206\301Z}y\021\022""; nodePubKey: ""\002l\025\225/2Mi\010\252)\240F\276k\254\301;\200wg}s\364.8S\354U\206\025\244\006""; closeTime: 803891987; signature: ""0E\002!\000\270o\261oJ\017<\3143\336\r\236\347]\234\342A\231\342:x\342\256\347M\325\336\240\273Z\261\034\002 Q\027\254\005\224\314\275\356e\312\362\035\364\242H\026\265EW?e%\346\233\213\371+rj\217\321\016""; previousledger: ""2\262\253\351\035\214\260\336\037!\340\337w\327\364\353\202\243\240<'Mb\336\312E\233'\345-\035<""; ","proposeSeq: 0; currentTxHash: ""Yl\036>\245|\030\253\305r\022T\267\205\240Q\r\002\236""\240\311\215[\330\206\301Z}y\021\022""; nodePubKey: ""\002l\025\225/2Mi\010\252)\240F\276k\254\301;\200wg}s\364.8S\354U\206\025\244\006""; closeTime: 803891987; signature: ""0E\002!\000\270o\261oJ\017<\3143\336\r\236\347]\234\342A\231\342:x\342\256\347M\325\336\240\273Z\261\034\002 Q\027\254\005\224\314\275\356e\312\362\035\364\242H\026\265EW?e%\346\233\213\371+rj\217\321\016""; previousledger: ""2\262\253\351\035\214\260\336\037!\340\337w\327\364\353\202\243\240<'Mb\336\312E\233'\345-\035<""; "
1750576787451,1750576787451,2948,1,1,4,TMHaveTransactionSet,"status: tsHAVE; hash: ""Yl\036>\245|\030\253\305r\022T\267\205\240Q\r\002\236""\240\311\215[\330\206\301Z}y\021\022""; ","status: tsHAVE; hash: ""Yl\036>\245|\030\253\305r\022T\267\205\240Q\r\002\236""\240\311\215[\330\206\301Z}y\021\022""; "
1750576787451,1750576787451,522,1,1,0,TMHaveTransactionSet,"status: tsHAVE; hash: ""Yl\036>\245|\030\253\305r\022T\267\205\240Q\r\002\236""\240\311\215[\330\206\301Z}y\021\022""; ","status: tsHAVE; hash: ""Yl\036>\245|\030\253\305r\022T\267\205\240Q\r\002\236""\240\311\215[\330\206\301Z}y\021\022""; "
1750576787451,1750576787451,414,1,1,2,TMHaveTransactionSet,"status: tsHAVE; hash: ""Yl\036>\245|\030\253\305r\022T\267\205\240Q\r\002\236""\240\311\215[\330\206\301Z}y\021\022""; ","status: tsHAVE; hash: ""Yl\036>\245|\030\253\305r\022T\267\205\240Q\r\002\236""\240\311\215[\330\206\301Z}y\021\022""; "
1750576787453,1750576787453,1657,1,1,4,TMProposeSet,"proposeSeq: 0; currentTxHash: ""Yl\036>\245|\030\253\305r\022T\267\205\240Q\r\002\236""\240\311\215[\330\206\301Z}y\021\022""; nodePubKey: ""\002l\025\225/2Mi\010\252)\240F\276k\254\301;\200wg}s\364.8S\354U\206\025\244\006""; closeTime: 803891987; signature: ""0E\002!\000\270o\261oJ\017<\3143\336\r\236\347]\234\342A\231\342:x\342\256\347M\325\336\240\273Z\261\034\002 Q\027\254\005\224\314\275\356e\312\362\035\364\242H\026\265EW?e%\346\233\213\371+rj\217\321\016""; previousledger: ""2\262\253\351\035\214\260\336\037!\340\337w\327\364\353\202\243\240<'Mb\336\312E\233'\345-\035<""; ","proposeSeq: 0; currentTxHash: ""Yl\036>\245|\030\253\305r\022T\267\205\240Q\r\002\236""\240\311\215[\330\206\301Z}y\021\022""; nodePubKey: ""\002l\025\225/2Mi\010\252)\240F\276k\254\301;\200wg}s\364.8S\354U\206\025\244\006""; closeTime: 803891987; signature: ""0E\002!\000\270o\261oJ\017<\3143\336\r\236\347]\234\342A\231\342:x\342\256\347M\325\336\240\273Z\261\034\002 Q\027\254\005\224\314\275\356e\312\362\035\364\242H\026\265EW?e%\346\233\213\371+rj\217\321\016""; previousledger: ""2\262\253\351\035\214\260\336\037!\340\337w\327\364\353\202\243\240<'Mb\336\312E\233'\345-\035<""; "
1750576787453,1750576787453,2687,1,1,3,TMProposeSet,"proposeSeq: 0; currentTxHash: ""Yl\036>\245|\030\253\305r\022T\267\205\240Q\r\002\236""\240\311\215[\330\206\301Z}y\021\022""; nodePubKey: ""\002l\025\225/2Mi\010\252)\240F\276k\254\301;\200wg}s\364.8S\354U\206\025\244\006""; closeTime: 803891987; signature: ""0E\002!\000\270o\261oJ\017<\3143\336\r\236\347]\234\342A\231\342:x\342\256\347M\325\336\240\273Z\261\034\002 Q\027\254\005\224\314\275\356e\312\362\035\364\242H\026\265EW?e%\346\233\213\371+rj\217\321\016""; previousledger: ""2\262\253\351\035\214\260\336\037!\340\337w\327\364\353\202\243\240<'Mb\336\312E\233'\345-\035<""; ","proposeSeq: 0; currentTxHash: ""Yl\036>\245|\030\253\305r\022T\267\205\240Q\r\002\236""\240\311\215[\330\206\301Z}y\021\022""; nodePubKey: ""\002l\025\225/2Mi\010\252)\240F\276k\254\301;\200wg}s\364.8S\354U\206\025\244\006""; closeTime: 803891987; signature: ""0E\002!\000\270o\261oJ\017<\3143\336\r\236\347]\234\342A\231\342:x\342\256\347M\325\336\240\273Z\261\034\002 Q\027\254\005\224\314\275\356e\312\362\035\364\242H\026\265EW?e%\346\233\213\371+rj\217\321\016""; previousledger: ""2\262\253\351\035\214\260\336\037!\340\337w\327\364\353\202\243\240<'Mb\336\312E\233'\345-\035<""; "
1750576787453,1750576787453,2905,1,1,3,TMHaveTransactionSet,"status: tsHAVE; hash: ""Yl\036>\245|\030\253\305r\022T\267\205\240Q\r\002\236""\240\311\215[\330\206\301Z}y\021\022""; ","status: tsHAVE; hash: ""Yl\036>\245|\030\253\305r\022T\267\205\240Q\r\002\236""\240\311\215[\330\206\301Z}y\021\022""; "
1750576787474,1750576787474,2137,1,2,1,TMTransaction,"rawTransaction: ""\022\000\000""\000\000\000\000$\000\000\000\002 \033\000\000\000\027a@\000\000\027H\206*@h@\000\000\000\000\000\000\ns!\0030\347\374\235V\273%\326\211;\243\363\027\256[\3173\263)\033\326=\263&T\243\023""/\177\320 tF0D\002 eDX|\267\216\243\r\372n?\004\205\247$\331\327\010\237\005X\243mqO\3530\365\345R\2046\002 V\016r\225\264\323u\341\361\307\362\307\341@\000.\356H\023\037\222\032d\016\366\233\240\336\377\267\023\244\201\024\265\367by\212S\325C\240\024\312\370\262\227\317\370\362\3717\350\203\024\236\3240,G\006k~\356XL\256\230\377\257k\362\232\231>""; status: tsCURRENT; receiveTimestamp: 803891987; deferred: false; ","rawTransaction: ""\022\000\000""\000\000\000\000$\000\000\000\002 \033\000\000\000\027a@\000\000\027H\206*@h@\000\000\000\000\000\000\ns!\0030\347\374\235V\273%\326\211;\243\363\027\256[\3173\263)\033\326=\263&T\243\023""/\177\320 tF0D\002 eDX|\267\216\243\r\372n?\004\205\247$\331\327\010\237\005X\243mqO\3530\365\345R\2046\002 V\016r\225\264\323u\341\361\307\362\307\341@\000.\356H\023\037\222\032d\016\366\233\240\336\377\267\023\244\201\024\265\367by\212S\325C\240\024\312\370\262\227\317\370\362\3717\350\203\024\236\3240,G\006k~\356XL\256\230\377\257k\362\232\231>""; status: tsCURRENT; receiveTimestamp: 803891987; deferred: false; "
1750576787474,1750576787475,1293,1,2,4,TMTransaction,"rawTransaction: ""\022\000\000""\000\000\000\000$\000\000\000\002 \033\000\000\000\027a@\000\000\027H\206*@h@\000\000\000\000\000\000\ns!\0030\347\374\235V\273%\326\211;\243\363\027\256[\3173\263)\033\326=\263&T\243\023""/\177\320 tF0D\002 eDX|\267\216\243\r\372n?\004\205\247$\331\327\010\237\005X\243mqO\3530\365\345R\2046\002 V\016r\225\264\323u\341\361\307\362\307\341@\000.\356H\023\037\222\032d\016\366\233\240\336\377\267\023\244\201\024\265\367by\212S\325C\240\024\312\370\262\227\317\370\362\3717\350\203\024\236\3240,G\006k~\356XL\256\230\377\257k\362\232\231>""; status: tsCURRENT; receiveTimestamp: 803891987; deferred: false; ","rawTransaction: ""\022\000\000""\000\000\000\000$\000\000\000\002 \033\000\000\000\027a@\000\000\027H\206*@h@\000\000\000\000\000\000\ns!\0030\347\374\235V\273%\326\211;\243\363\027\256[\3173\263)\033\326=\263&T\243\023""/\177\320 tF0D\002 eDX|\267\216\243\r\372n?\004\205\247$\331\327\010\237\005X\243mqO\3530\365\345R\2046\002 V\016r\225\264\323u\341\361\307\362\307\341@\000.\356H\023\037\222\032d\016\366\233\240\336\377\267\023\244\201\024\265\367by\212S\325C\240\024\312\370\262\227\317\370\362\3717\350\203\024\236\3240,G\006k~\356XL\256\230\377\257k\362\232\231>""; status: tsCURRENT; receiveTimestamp: 803891987; deferred: false; "
1750576787475,1750576787475,1848,1,2,0,TMTransaction,"rawTransaction: ""\022\000\000""\000\000\000\000$\000\000\000\002 \033\000\000\000\027a@\000\000\027H\206*@h@\000\000\000\000\000\000\ns!\0030\347\374\235V\273%\326\211;\243\363\027\256[\3173\263)\033\326=\263&T\243\023""/\177\320 tF0D\002 eDX|\267\216\243\r\372n?\004\205\247$\331\327\010\237\005X\243mqO\3530\365\345R\2046\002 V\016r\225\264\323u\341\361\307\362\307\341@\000.\356H\023\037\222\032d\016\366\233\240\336\377\267\023\244\201\024\265\367by\212S\325C\240\024\312\370\262\227\317\370\362\3717\350\203\024\236\3240,G\006k~\356XL\256\230\377\257k\362\232\231>""; status: tsCURRENT; receiveTimestamp: 803891987; deferred: false; ","rawTransaction: ""\022\000\000""\000\000\000\000$\000\000\000\002 \033\000\000\000\027a@\000\000\027H\206*@h@\000\000\000\000\000\000\ns!\0030\347\374\235V\273%\326\211;\243\363\027\256[\3173\263)\033\326=\263&T\243\023""/\177\320 tF0D\002 eDX|\267\216\243\r\372n?\004\205\247$\331\327\010\237\005X\243mqO\3530\365\345R\2046\002 V\016r\225\264\323u\341\361\307\362\307\341@\000.\356H\023\037\222\032d\016\366\233\240\336\377\267\023\244\201\024\265\367by\212S\325C\240\024\312\370\262\227\317\370\362\3717\350\203\024\236\3240,G\006k~\356XL\256\230\377\257k\362\232\231>""; status: tsCURRENT; receiveTimestamp: 803891987; deferred: false; "
1750576787448,1750576787512,3752,1,1,4,TMStatusChange,"newEvent: neCLOSING_LEDGER; ledgerSeq: 4; ledgerHash: ""2\262\253\351\035\214\260\336\037!\340\337w\327\364\353\202\243\240<'Mb\336\312E\233'\345-\035<""; ledgerHashPrevious: ""t\361\032\213\221\243\004\006][\376s\340\253\234K}\\013\0362\202`\234\371~d\0310\204\264,""; networkTime: 803891987; firstSeq: 1; lastSeq: 4; ","newEvent: neCLOSING_LEDGER; ledgerSeq: 4; ledgerHash: ""2\262\253\351\035\214\260\336\037!\340\337w\327\364\353\202\243\240<'Mb\336\312E\233'\345-\035<""; ledgerHashPrevious: ""t\361\032\213\221\243\004\006][\376s\340\253\234K}\\013\0362\202`\234\371~d\0310\204\264,""; networkTime: 803891987; firstSeq: 1; lastSeq: 4; "
1750576787452,1750576787513,200,1,1,0,TMStatusChange,"newEvent: neCLOSING_LEDGER; ledgerSeq: 4; ledgerHash: ""2\262\253\351\035\214\260\336\037!\340\337w\327\364\353\202\243\240<'Mb\336\312E\233'\345-\035<""; ledgerHashPrevious: ""t\361\032\213\221\243\004\006][\376s\340\253\234K}\\013\0362\202`\234\371~d\0310\204\264,""; networkTime: 803891987; firstSeq: 1; lastSeq: 4; ","newEvent: neCLOSING_LEDGER; ledgerSeq: 4; ledgerHash: ""2\262\253\351\035\214\260\336\037!\340\337w\327\364\353\202\243\240<'Mb\336\312E\233'\345-\035<""; ledgerHashPrevious: ""t\361\032\213\221\243\004\006][\376s\340\253\234K}\\013\0362\202`\234\371~d\0310\204\264,""; networkTime: 803891987; firstSeq: 1; lastSeq: 4; "
1750576787452,1750576787512,787,1,1,2,TMStatusChange,"newEvent: neCLOSING_LEDGER; ledgerSeq: 4; ledgerHash: ""2\262\253\351\035\214\260\336\037!\340\337w\327\364\353\202\243\240<'Mb\336\312E\233'\345-\035<""; ledgerHashPrevious: ""t\361\032\213\221\243\004\006][\376s\340\253\234K}\\013\0362\202`\234\371~d\0310\204\264,""; networkTime: 803891987; firstSeq: 1; lastSeq: 4; ","newEvent: neCLOSING_LEDGER; ledgerSeq: 4; ledgerHash: ""2\262\253\351\035\214\260\336\037!\340\337w\327\364\353\202\243\240<'Mb\336\312E\233'\345-\035<""; ledgerHashPrevious: ""t\361\032\213\221\243\004\006][\376s\340\253\234K}\\013\0362\202`\234\371~d\0310\204\264,""; networkTime: 803891987; firstSeq: 1; lastSeq: 4; "
1750576787452,1750576787514,15,1,1,3,TMStatusChange,"newEvent: neCLOSING_LEDGER; ledgerSeq: 4; ledgerHash: ""2\262\253\351\035\214\260\336\037!\340\337w\327\364\353\202\243\240<'Mb\336\312E\233'\345-\035<""; ledgerHashPrevious: ""t\361\032\213\221\243\004\006][\376s\340\253\234K}\\013\0362\202`\234\371~d\0310\204\264,""; networkTime: 803891987; firstSeq: 1; lastSeq: 4; ","newEvent: neCLOSING_LEDGER; ledgerSeq: 4; ledgerHash: ""2\262\253\351\035\214\260\336\037!\340\337w\327\364\353\202\243\240<'Mb\336\312E\233'\345-\035<""; ledgerHashPrevious: ""t\361\032\213\221\243\004\006][\376s\340\253\234K}\\013\0362\202`\234\371~d\0310\204\264,""; networkTime: 803891987; firstSeq: 1; lastSeq: 4; "
1750576787561,1750576787562,3256,1,3,2,TMValidation,"validation: """"\200\000\000\001&\000\000\000\004)/\352k\022:\321 \377\321\373\345\340\346Q2\262\253\351\035\214\260\336\037!\340\337w\327\364\353\202\243\240<'Mb\336\312E\233'\345-\035<P\027\000\000\000\000\000\000\000\000\000\000\000\000\000\000\000\000\000\000\000\000\000\000\000\000\000\000\000\000\000\000\000\000P\031t\361\032\213\221\243\004\006][\376s\340\253\234K}\\013\0362\202`\234\371~d\0310\204\264,s!\002\373\236I\010\265\271ho\331/c\224%g\005\354]\344\350\r\030%u\255\364\002\226\221\370\363\332\331vF0D\002 \033\362\333`\no\334!\213\351\r\313;\266\343\325|T\177\213\223\255\244\256\355\010\221j\177\354#\272\002 Z\266\236\275""Sh{A\330\216\\270\314\374\027Q>\225.=MY\321.j\216d\240\300\243\201""; ","validation: """"\200\000\000\001&\000\000\000\004)/\352k\022:\321 \377\321\373\345\340\346Q2\262\253\351\035\214\260\336\037!\340\337w\327\364\353\202\243\240<'Mb\336\312E\233'\345-\035<P\027\000\000\000\000\000\000\000\000\000\000\000\000\000\000\000\000\000\000\000\000\000\000\000\000\000\000\000\000\000\000\000\000P\031t\361\032\213\221\243\004\006][\376s\340\253\234K}\\013\0362\202`\234\371~d\0310\204\264,s!\002\373\236I\010\265\271ho\331/c\224%g\005\354]\344\350\r\030%u\255\364\002\226\221\370\363\332\331vF0D\002 \033\362\333`\no\334!\213\351\r\313;\266\343\325|T\177\213\223\255\244\256\355\010\221j\177\354#\272\002 Z\266\236\275""Sh{A\330\216\\270\314\374\027Q>\225.=MY\321.j\216d\240\300\243\201""; "
1750576787562,1750576787563,1663,1,3,0,TMValidation,"validation: """"\200\000\000\001&\000\000\000\004)/\352k\022:\321 \377\321\373\345\340\346Q2\262\253\351\035\214\260\336\037!\340\337w\327\364\353\202\243\240<'Mb\336\312E\233'\345-\035<P\027\000\000\000\000\000\000\000\000\000\000\000\000\000\000\000\000\000\000\000\000\000\000\000\000\000\000\000\000\000\000\000\000P\031t\361\032\213\221\243\004\006][\376s\340\253\234K}\\013\0362\202`\234\371~d\0310\204\264,s!\002\373\236I\010\265\271ho\331/c\224%g\005\354]\344\350\r\030%u\255\364\002\226\221\370\363\332\331vF0D\002 \033\362\333`\no\334!\213\351\r\313;\266\343\325|T\177\213\223\255\244\256\355\010\221j\177\354#\272\002 Z\266\236\275""Sh{A\330\216\\270\314\374\027Q>\225.=MY\321.j\216d\240\300\243\201""; ","validation: """"\200\000\000\001&\000\000\000\004)/\352k\022:\321 \377\321\373\345\340\346Q2\262\253\351\035\214\260\336\037!\340\337w\327\364\353\202\243\240<'Mb\336\312E\233'\345-\035<P\027\000\000\000\000\000\000\000\000\000\000\000\000\000\000\000\000\000\000\000\000\000\000\000\000\000\000\000\000\000\000\000\000P\031t\361\032\213\221\243\004\006][\376s\340\253\234K}\\013\0362\202`\234\371~d\0310\204\264,s!\002\373\236I\010\265\271ho\331/c\224%g\005\354]\344\350\r\030%u\255\364\002\226\221\370\363\332\331vF0D\002 \033\362\333`\no\334!\213\351\r\313;\266\343\325|T\177\213\223\255\244\256\355\010\221j\177\354#\272\002 Z\266\236\275""Sh{A\330\216\\270\314\374\027Q>\225.=MY\321.j\216d\240\300\243\201""; "
1750576787563,1750576787563,693,1,3,1,TMValidation,"validation: """"\200\000\000\001&\000\000\000\004)/\352k\022:\321 \377\321\373\345\340\346Q2\262\253\351\035\214\260\336\037!\340\337w\327\364\353\202\243\240<'Mb\336\312E\233'\345-\035<P\027\000\000\000\000\000\000\000\000\000\000\000\000\000\000\000\000\000\000\000\000\000\000\000\000\000\000\000\000\000\000\000\000P\031t\361\032\213\221\243\004\006][\376s\340\253\234K}\\013\0362\202`\234\371~d\0310\204\264,s!\002\373\236I\010\265\271ho\331/c\224%g\005\354]\344\350\r\030%u\255\364\002\226\221\370\363\332\331vF0D\002 \033\362\333`\no\334!\213\351\r\313;\266\343\325|T\177\213\223\255\244\256\355\010\221j\177\354#\272\002 Z\266\236\275""Sh{A\330\216\\270\314\374\027Q>\225.=MY\321.j\216d\240\300\243\201""; ","validation: """"\200\000\000\001&\000\000\000\004)/\352k\022:\321 \377\321\373\345\340\346Q2\262\253\351\035\214\260\336\037!\340\337w\327\364\353\202\243\240<'Mb\336\312E\233'\345-\035<P\027\000\000\000\000\000\000\000\000\000\000\000\000\000\000\000\000\000\000\000\000\000\000\000\000\000\000\000\000\000\000\000\000P\031t\361\032\213\221\243\004\006][\376s\340\253\234K}\\013\0362\202`\234\371~d\0310\204\264,s!\002\373\236I\010\265\271ho\331/c\224%g\005\354]\344\350\r\030%u\255\364\002\226\221\370\363\332\331vF0D\002 \033\362\333`\no\334!\213\351\r\313;\266\343\325|T\177\213\223\255\244\256\355\010\221j\177\354#\272\002 Z\266\236\275""Sh{A\330\216\\270\314\374\027Q>\225.=MY\321.j\216d\240\300\243\201""; "
1750576787671,1750576787671,3321,1,0,4,TMValidation,"validation: """"\200\000\000\001&\000\000\000\004)/\352k\022:\327x\272\020JyerQ2\262\253\351\035\214\260\336\037!\340\337w\327\364\353\202\243\240<'Mb\336\312E\233'\345-\035<P\027\000\000\000\000\000\000\000\000\000\000\000\000\000\000\000\000\000\000\000\000\000\000\000\000\000\000\000\000\000\000\000\000P\031t\361\032\213\221\243\004\006][\376s\340\253\234K}\\013\0362\202`\234\371~d\0310\204\264,s!\003\365\211\205\353\0100\270r\333\225\227Y\025\355!\235\nf\352n\302\032\014\344\364\324\262\351""\225OFvF0D\002 \034\330\247\300\267\203\017\247\360\371\n\001W}\320^\303\226\242}\362\306\303)\310h\034\263\311[\#\002 )\020X@\366R\216]+~\206\246t\023\237`\261\024\r\375S\277\232^M\274\225k\245\270b.""; ","validation: """"\200\000\000\001&\000\000\000\004)/\352k\022:\327x\272\020JyerQ2\262\253\351\035\214\260\336\037!\340\337w\327\364\353\202\243\240<'Mb\336\312E\233'\345-\035<P\027\000\000\000\000\000\000\000\000\000\000\000\000\000\000\000\000\000\000\000\000\000\000\000\000\000\000\000\000\000\000\000\000P\031t\361\032\213\221\243\004\006][\376s\340\253\234K}\\013\0362\202`\234\371~d\0310\204\264,s!\003\365\211\205\353\0100\270r\333\225\227Y\025\355!\235\nf\352n\302\032\014\344\364\324\262\351""\225OFvF0D\002 \034\330\247\300\267\203\017\247\360\371\n\001W}\320^\303\226\242}\362\306\303)\310h\034\263\311[\#\002 )\020X@\366R\216]+~\206\246t\023\237`\261\024\r\375S\277\232^M\274\225k\245\270b.""; "
1750576787673,1750576787673,2598,1,0,1,TMValidation,"validation: """"\200\000\000\001&\000\000\000\004)/\352k\022:\327x\272\020JyerQ2\262\253\351\035\214\260\336\037!\340\337w\327\364\353\202\243\240<'Mb\336\312E\233'\345-\035<P\027\000\000\000\000\000\000\000\000\000\000\000\000\000\000\000\000\000\000\000\000\000\000\000\000\000\000\000\000\000\000\000\000P\031t\361\032\213\221\243\004\006][\376s\340\253\234K}\\013\0362\202`\234\371~d\0310\204\264,s!\003\365\211\205\353\0100\270r\333\225\227Y\025\355!\235\nf\352n\302\032\014\344\364\324\262\351""\225OFvF0D\002 \034\330\247\300\267\203\017\247\360\371\n\001W}\320^\303\226\242}\362\306\303)\310h\034\263\311[\#\002 )\020X@\366R\216]+~\206\246t\023\237`\261\024\r\375S\277\232^M\274\225k\245\270b.""; ","validation: """"\200\000\000\001&\000\000\000\004)/\352k\022:\327x\272\020JyerQ2\262\253\351\035\214\260\336\037!\340\337w\327\364\353\202\243\240<'Mb\336\312E\233'\345-\035<P\027\000\000\000\000\000\000\000\000\000\000\000\000\000\000\000\000\000\000\000\000\000\000\000\000\000\000\000\000\000\000\000\000P\031t\361\032\213\221\243\004\006][\376s\340\253\234K}\\013\0362\202`\234\371~d\0310\204\264,s!\003\365\211\205\353\0100\270r\333\225\227Y\025\355!\235\nf\352n\302\032\014\344\364\324\262\351""\225OFvF0D\002 \034\330\247\300\267\203\017\247\360\371\n\001W}\320^\303\226\242}\362\306\303)\310h\034\263\311[\#\002 )\020X@\366R\216]+~\206\246t\023\237`\261\024\r\375S\277\232^M\274\225k\245\270b.""; "
1750576787672,1750576787672,453,1,0,2,TMValidation,"validation: """"\200\000\000\001&\000\000\000\004)/\352k\022:\327x\272\020JyerQ2\262\253\351\035\214\260\336\037!\340\337w\327\364\353\202\243\240<'Mb\336\312E\233'\345-\035<P\027\000\000\000\000\000\000\000\000\000\000\000\000\000\000\000\000\000\000\000\000\000\000\000\000\000\000\000\000\000\000\000\000P\031t\361\032\213\221\243\004\006][\376s\340\253\234K}\\013\0362\202`\234\371~d\0310\204\264,s!\003\365\211\205\353\0100\270r\333\225\227Y\025\355!\235\nf\352n\302\032\014\344\364\324\262\351""\225OFvF0D\002 \034\330\247\300\267\203\017\247\360\371\n\001W}\320^\303\226\242}\362\306\303)\310h\034\263\311[\#\002 )\020X@\366R\216]+~\206\246t\023\237`\261\024\r\375S\277\232^M\274\225k\245\270b.""; ","validation: """"\200\000\000\001&\000\000\000\004)/\352k\022:\327x\272\020JyerQ2\262\253\351\035\214\260\336\037!\340\337w\327\364\353\202\243\240<'Mb\336\312E\233'\345-\035<P\027\000\000\000\000\000\000\000\000\000\000\000\000\000\000\000\000\000\000\000\000\000\000\000\000\000\000\000\000\000\000\000\000P\031t\361\032\213\221\243\004\006][\376s\340\253\234K}\\013\0362\202`\234\371~d\0310\204\264,s!\003\365\211\205\353\0100\270r\333\225\227Y\025\355!\235\nf\352n\302\032\014\344\364\324\262\351""\225OFvF0D\002 \034\330\247\300\267\203\017\247\360\371\n\001W}\320^\303\226\242}\362\306\303)\310h\034\263\311[\#\002 )\020X@\366R\216]+~\206\246t\023\237`\261\024\r\375S\277\232^M\274\225k\245\270b.""; "
1750576787703,1750576787703,3149,1,0,4,TMGetLedger,"itype: liTS_CANDIDATE; ledgerHash: ""Yl\036>\245|\030\253\305r\022T\267\205\240Q\r\002\236""\240\311\215[\330\206\301Z}y\021\022""; nodeIDs: ""\000\000\000\000\000\000\000\000\000\000\000\000\000\000\000\000\000\000\000\000\000\000\000\000\000\000\000\000\000\000\000\000\000""; queryDepth: 3; ","itype: liTS_CANDIDATE; ledgerHash: ""Yl\036>\245|\030\253\305r\022T\267\205\240Q\r\002\236""\240\311\215[\330\206\301Z}y\021\022""; nodeIDs: ""\000\000\000\000\000\000\000\000\000\000\000\000\000\000\000\000\000\000\000\000\000\000\000\000\000\000\000\000\000\000\000\000\000""; queryDepth: 3; "
1750576787705,1750576787705,920,1,0,3,TMProposeSet,"proposeSeq: 0; currentTxHash: ""Yl\036>\245|\030\253\305r\022T\267\205\240Q\r\002\236""\240\311\215[\330\206\301Z}y\021\022""; nodePubKey: ""\002l\025\225/2Mi\010\252)\240F\276k\254\301;\200wg}s\364.8S\354U\206\025\244\006""; closeTime: 803891987; signature: ""0E\002!\000\270o\261oJ\017<\3143\336\r\236\347]\234\342A\231\342:x\342\256\347M\325\336\240\273Z\261\034\002 Q\027\254\005\224\314\275\356e\312\362\035\364\242H\026\265EW?e%\346\233\213\371+rj\217\321\016""; previousledger: ""2\262\253\351\035\214\260\336\037!\340\337w\327\364\353\202\243\240<'Mb\336\312E\233'\345-\035<""; ","proposeSeq: 0; currentTxHash: ""Yl\036>\245|\030\253\305r\022T\267\205\240Q\r\002\236""\240\311\215[\330\206\301Z}y\021\022""; nodePubKey: ""\002l\025\225/2Mi\010\252)\240F\276k\254\301;\200wg}s\364.8S\354U\206\025\244\006""; closeTime: 803891987; signature: ""0E\002!\000\270o\261oJ\017<\3143\336\r\236\347]\234\342A\231\342:x\342\256\347M\325\336\240\273Z\261\034\002 Q\027\254\005\224\314\275\356e\312\362\035\364\242H\026\265EW?e%\346\233\213\371+rj\217\321\016""; previousledger: ""2\262\253\351\035\214\260\336\037!\340\337w\327\364\353\202\243\240<'Mb\336\312E\233'\345-\035<""; "
1750576787705,1750576787705,1033,1,0,4,TMProposeSet,"proposeSeq: 0; currentTxHash: ""Yl\036>\245|\030\253\305r\022T\267\205\240Q\r\002\236""\240\311\215[\330\206\301Z}y\021\022""; nodePubKey: ""\002l\025\225/2Mi\010\252)\240F\276k\254\301;\200wg}s\364.8S\354U\206\025\244\006""; closeTime: 803891987; signature: ""0E\002!\000\270o\261oJ\017<\3143\336\r\236\347]\234\342A\231\342:x\342\256\347M\325\336\240\273Z\261\034\002 Q\027\254\005\224\314\275\356e\312\362\035\364\242H\026\265EW?e%\346\233\213\371+rj\217\321\016""; previousledger: ""2\262\253\351\035\214\260\336\037!\340\337w\327\364\353\202\243\240<'Mb\336\312E\233'\345-\035<""; ","proposeSeq: 0; currentTxHash: ""Yl\036>\245|\030\253\305r\022T\267\205\240Q\r\002\236""\240\311\215[\330\206\301Z}y\021\022""; nodePubKey: ""\002l\025\225/2Mi\010\252)\240F\276k\254\301;\200wg}s\364.8S\354U\206\025\244\006""; closeTime: 803891987; signature: ""0E\002!\000\270o\261oJ\017<\3143\336\r\236\347]\234\342A\231\342:x\342\256\347M\325\336\240\273Z\261\034\002 Q\027\254\005\224\314\275\356e\312\362\035\364\242H\026\265EW?e%\346\233\213\371+rj\217\321\016""; previousledger: ""2\262\253\351\035\214\260\336\037!\340\337w\327\364\353\202\243\240<'Mb\336\312E\233'\345-\035<""; "
1750576787705,1750576787705,71,1,0,1,TMGetLedger,"itype: liTS_CANDIDATE; ledgerHash: ""Yl\036>\245|\030\253\305r\022T\267\205\240Q\r\002\236""\240\311\215[\330\206\301Z}y\021\022""; nodeIDs: ""\000\000\000\000\000\000\000\000\000\000\000\000\000\000\000\000\000\000\000\000\000\000\000\000\000\000\000\000\000\000\000\000\000""; queryDepth: 3; ","itype: liTS_CANDIDATE; ledgerHash: ""Yl\036>\245|\030\253\305r\022T\267\205\240Q\r\002\236""\240\311\215[\330\206\301Z}y\021\022""; nodeIDs: ""\000\000\000\000\000\000\000\000\000\000\000\000\000\000\000\000\000\000\000\000\000\000\000\000\000\000\000\000\000\000\000\000\000""; queryDepth: 3; "
1750576787706,1750576787706,1134,1,0,2,TMProposeSet,"proposeSeq: 0; currentTxHash: ""Yl\036>\245|\030\253\305r\022T\267\205\240Q\r\002\236""\240\311\215[\330\206\301Z}y\021\022""; nodePubKey: ""\002l\025\225/2Mi\010\252)\240F\276k\254\301;\200wg}s\364.8S\354U\206\025\244\006""; closeTime: 803891987; signature: ""0E\002!\000\270o\261oJ\017<\3143\336\r\236\347]\234\342A\231\342:x\342\256\347M\325\336\240\273Z\261\034\002 Q\027\254\005\224\314\275\356e\312\362\035\364\242H\026\265EW?e%\346\233\213\371+rj\217\321\016""; previousledger: ""2\262\253\351\035\214\260\336\037!\340\337w\327\364\353\202\243\240<'Mb\336\312E\233'\345-\035<""; ","proposeSeq: 0; currentTxHash: ""Yl\036>\245|\030\253\305r\022T\267\205\240Q\r\002\236""\240\311\215[\330\206\301Z}y\021\022""; nodePubKey: ""\002l\025\225/2Mi\010\252)\240F\276k\254\301;\200wg}s\364.8S\354U\206\025\244\006""; closeTime: 803891987; signature: ""0E\002!\000\270o\261oJ\017<\3143\336\r\236\347]\234\342A\231\342:x\342\256\347M\325\336\240\273Z\261\034\002 Q\027\254\005\224\314\275\356e\312\362\035\364\242H\026\265EW?e%\346\233\213\371+rj\217\321\016""; previousledger: ""2\262\253\351\035\214\260\336\037!\340\337w\327\364\353\202\243\240<'Mb\336\312E\233'\345-\035<""; "
1750576787741,1750576787741,3321,1,0,4,TMValidation,"validation: """"\200\000\000\001&\000\000\000\004)/\352k\021:""\223\371\016\340l;\316Q2\262\253\351\035\214\260\336\037!\340\337w\327\364\353\202\243\240<'Mb\336\312E\233'\345-\035<P\027\000\000\000\000\000\000\000\000\000\000\000\000\000\000\000\000\000\000\000\000\000\000\000\000\000\000\000\000\000\000\000\000P\031t\361\032\213\221\243\004\006][\376s\340\253\234K}\\013\0362\202`\234\371~d\0310\204\264,s!\003\371#:S\022\X\277\344\034\253'\365\230\361\211p\037\000R\265\215-7o\002\210\025\275\344qQvF0D\002 *\323\354=\n\3719\032m\177\225(\260&-!\351\211R\376\203\343eh~\036\014m\326\312\351\332\002 k\376TUM\330\030M\244];\003\333_\337\325\314\213\312cd\217\006\321\302\037k\277\212\354\232\035""; ","validation: """"\200\000\000\001&\000\000\000\004)/\352k\021:""\223\371\016\340l;\316Q2\262\253\351\035\214\260\336\037!\340\337w\327\364\353\202\243\240<'Mb\336\312E\233'\345-\035<P\027\000\000\000\000\000\000\000\000\000\000\000\000\000\000\000\000\000\000\000\000\000\000\000\000\000\000\000\000\000\000\000\000P\031t\361\032\213\221\243\004\006][\376s\340\253\234K}\\013\0362\202`\234\371~d\0310\204\264,s!\003\371#:S\022\X\277\344\034\253'\365\230\361\211p\037\000R\265\215-7o\002\210\025\275\344qQvF0D\002 *\323\354=\n\3719\032m\177\225(\260&-!\351\211R\376\203\343eh~\036\014m\326\312\351\332\002 k\376TUM\330\030M\244];\003\333_\337\325\314\213\312cd\217\006\321\302\037k\277\212\354\232\035""; "
1750576787741,1750576787741,2915,1,0,3,TMValidation,"validation: """"\200\000\000\001&\000\000\000\004)/\352k\021:""\223\371\016\340l;\316Q2\262\253\351\035\214\260\336\037!\340\337w\327\364\353\202\243\240<'Mb\336\312E\233'\345-\035<P\027\000\000\000\000\000\000\000\000\000\000\000\000\000\000\000\000\000\000\000\000\000\000\000\000\000\000\000\000\000\000\000\000P\031t\361\032\213\221\243\004\006][\376s\340\253\234K}\\013\0362\202`\234\371~d\0310\204\264,s!\003\371#:S\022\X\277\344\034\253'\365\230\361\211p\037\000R\265\215-7o\002\210\025\275\344qQvF0D\002 *\323\354=\n\3719\032m\177\225(\260&-!\351\211R\376\203\343eh~\036\014m\326\312\351\332\002 k\376TUM\330\030M\244];\003\333_\337\325\314\213\312cd\217\006\321\302\037k\277\212\354\232\035""; ","validation: """"\200\000\000\001&\000\000\000\004)/\352k\021:""\223\371\016\340l;\316Q2\262\253\351\035\214\260\336\037!\340\337w\327\364\353\202\243\240<'Mb\336\312E\233'\345-\035<P\027\000\000\000\000\000\000\000\000\000\000\000\000\000\000\000\000\000\000\000\000\000\000\000\000\000\000\000\000\000\000\000\000P\031t\361\032\213\221\243\004\006][\376s\340\253\234K}\\013\0362\202`\234\371~d\0310\204\264,s!\003\371#:S\022\X\277\344\034\253'\365\230\361\211p\037\000R\265\215-7o\002\210\025\275\344qQvF0D\002 *\323\354=\n\3719\032m\177\225(\260&-!\351\211R\376\203\343eh~\036\014m\326\312\351\332\002 k\376TUM\330\030M\244];\003\333_\337\325\314\213\312cd\217\006\321\302\037k\277\212\354\232\035""; "
1750576787742,1750576787742,453,1,0,2,TMValidation,"validation: """"\200\000\000\001&\000\000\000\004)/\352k\021:""\223\371\016\340l;\316Q2\262\253\351\035\214\260\336\037!\340\337w\327\364\353\202\243\240<'Mb\336\312E\233'\345-\035<P\027\000\000\000\000\000\000\000\000\000\000\000\000\000\000\000\000\000\000\000\000\000\000\000\000\000\000\000\000\000\000\000\000P\031t\361\032\213\221\243\004\006][\376s\340\253\234K}\\013\0362\202`\234\371~d\0310\204\264,s!\003\371#:S\022\X\277\344\034\253'\365\230\361\211p\037\000R\265\215-7o\002\210\025\275\344qQvF0D\002 *\323\354=\n\3719\032m\177\225(\260&-!\351\211R\376\203\343eh~\036\014m\326\312\351\332\002 k\376TUM\330\030M\244];\003\333_\337\325\314\213\312cd\217\006\321\302\037k\277\212\354\232\035""; ","validation: """"\200\000\000\001&\000\000\000\004)/\352k\021:""\223\371\016\340l;\316Q2\262\253\351\035\214\260\336\037!\340\337w\327\364\353\202\243\240<'Mb\336\312E\233'\345-\035<P\027\000\000\000\000\000\000\000\000\000\000\000\000\000\000\000\000\000\000\000\000\000\000\000\000\000\000\000\000\000\000\000\000P\031t\361\032\213\221\243\004\006][\376s\340\253\234K}\\013\0362\202`\234\371~d\0310\204\264,s!\003\371#:S\022\X\277\344\034\253'\365\230\361\211p\037\000R\265\215-7o\002\210\025\275\344qQvF0D\002 *\323\354=\n\3719\032m\177\225(\260&-!\351\211R\376\203\343eh~\036\014m\326\312\351\332\002 k\376TUM\330\030M\244];\003\333_\337\325\314\213\312cd\217\006\321\302\037k\277\212\354\232\035""; "
1750576787777,1750576787777,932,1,1,0,TMLedgerData,"ledgerHash: ""Yl\036>\245|\030\253\305r\022T\267\205\240Q\r\002\236""\240\311\215[\330\206\301Z}y\021\022""; ledgerSeq: 0; type: liTS_CANDIDATE; nodes {;   nodedata: ""G\245>1\264'q|\231G\333\204u\217\332\023k\026\335p\350\217\273U P\211\217\016\334\236V\004\\023{{\2409H\210\275\357+U\246,\nD?\3754\366\264s\242\tiP\357AO\235Q\016\005\203`\025_\341o\231\275w\300\021\321\225\252en\246Z\251\260\204\305C\233\247oM\231y\372\024\240\010\003"";   nodeid: ""\000\000\000\000\000\000\000\000\000\000\000\000\000\000\000\000\000\000\000\000\000\000\000\000\000\000\000\000\000\000\000\000\000""; }; ","ledgerHash: ""Yl\036>\245|\030\253\305r\022T\267\205\240Q\r\002\236""\240\311\215[\330\206\301Z}y\021\022""; ledgerSeq: 0; type: liTS_CANDIDATE; nodes {;   nodedata: ""G\245>1\264'q|\231G\333\204u\217\332\023k\026\335p\350\217\273U P\211\217\016\334\236V\004\\023{{\2409H\210\275\357+U\246,\nD?\3754\366\264s\242\tiP\357AO\235Q\016\005\203`\025_\341o\231\275w\300\021\321\225\252en\246Z\251\260\204\305C\233\247oM\231y\372\024\240\010\003"";   nodeid: ""\000\000\000\000\000\000\000\000\000\000\000\000\000\000\000\000\000\000\000\000\000\000\000\000\000\000\000\000\000\000\000\000\000""; }; "
1750576787822,1750576787823,3256,1,3,2,TMValidation,"validation: """"\200\000\000\001&\000\000\000\004)/\352k\021:\337\036c5\254\005\264,Q2\262\253\351\035\214\260\336\037!\340\337w\327\364\353\202\243\240<'Mb\336\312E\233'\345-\035<P\027\000\000\000\000\000\000\000\000\000\000\000\000\000\000\000\000\000\000\000\000\000\000\000\000\000\000\000\000\000\000\000\000P\031t\361\032\213\221\243\004\006][\376s\340\253\234K}\\013\0362\202`\234\371~d\0310\204\264,s!\003i)e\226\372N\250\220\343\313\000^\252ua\277:W\233\010\236\376G>\347\257/\214RJ\t<vG0E\002!\000\353T\320\341\222\354s\236\356""2\375$\322B\256s\344$\307\321\225\253('z\005\315K\031\221?\002 )\034\345V(\213ya#\001\316f\t!\342\231\035\003\355(\376\367X\030\225\332\332\260\326\300\345\357""; ","validation: """"\200\000\000\001&\000\000\000\004)/\352k\021:\337\036c5\254\005\264,Q2\262\253\351\035\214\260\336\037!\340\337w\327\364\353\202\243\240<'Mb\336\312E\233'\345-\035<P\027\000\000\000\000\000\000\000\000\000\000\000\000\000\000\000\000\000\000\000\000\000\000\000\000\000\000\000\000\000\000\000\000P\031t\361\032\213\221\243\004\006][\376s\340\253\234K}\\013\0362\202`\234\371~d\0310\204\264,s!\003i)e\226\372N\250\220\343\313\000^\252ua\277:W\233\010\236\376G>\347\257/\214RJ\t<vG0E\002!\000\353T\320\341\222\354s\236\356""2\375$\322B\256s\344$\307\321\225\253('z\005\315K\031\221?\002 )\034\345V(\213ya#\001\316f\t!\342\231\035\003\355(\376\367X\030\225\332\332\260\326\300\345\357""; "
1750576787823,1750576787823,693,1,3,1,TMValidation,"validation: """"\200\000\000\001&\000\000\000\004)/\352k\021:\337\036c5\254\005\264,Q2\262\253\351\035\214\260\336\037!\340\337w\327\364\353\202\243\240<'Mb\336\312E\233'\345-\035<P\027\000\000\000\000\000\000\000\000\000\000\000\000\000\000\000\000\000\000\000\000\000\000\000\000\000\000\000\000\000\000\000\000P\031t\361\032\213\221\243\004\006][\376s\340\253\234K}\\013\0362\202`\234\371~d\0310\204\264,s!\003i)e\226\372N\250\220\343\313\000^\252ua\277:W\233\010\236\376G>\347\257/\214RJ\t<vG0E\002!\000\353T\320\341\222\354s\236\356""2\375$\322B\256s\344$\307\321\225\253('z\005\315K\031\221?\002 )\034\345V(\213ya#\001\316f\t!\342\231\035\003\355(\376\367X\030\225\332\332\260\326\300\345\357""; ","validation: """"\200\000\000\001&\000\000\000\004)/\352k\021:\337\036c5\254\005\264,Q2\262\253\351\035\214\260\336\037!\340\337w\327\364\353\202\243\240<'Mb\336\312E\233'\345-\035<P\027\000\000\000\000\000\000\000\000\000\000\000\000\000\000\000\000\000\000\000\000\000\000\000\000\000\000\000\000\000\000\000\000P\031t\361\032\213\221\243\004\006][\376s\340\253\234K}\\013\0362\202`\234\371~d\0310\204\264,s!\003i)e\226\372N\250\220\343\313\000^\252ua\277:W\233\010\236\376G>\347\257/\214RJ\t<vG0E\002!\000\353T\320\341\222\354s\236\356""2\375$\322B\256s\344$\307\321\225\253('z\005\315K\031\221?\002 )\034\345V(\213ya#\001\316f\t!\342\231\035\003\355(\376\367X\030\225\332\332\260\326\300\345\357""; "
1750576787824,1750576787824,1663,1,3,0,TMValidation,"validation: """"\200\000\000\001&\000\000\000\004)/\352k\021:\337\036c5\254\005\264,Q2\262\253\351\035\214\260\336\037!\340\337w\327\364\353\202\243\240<'Mb\336\312E\233'\345-\035<P\027\000\000\000\000\000\000\000\000\000\000\000\000\000\000\000\000\000\000\000\000\000\000\000\000\000\000\000\000\000\000\000\000P\031t\361\032\213\221\243\004\006][\376s\340\253\234K}\\013\0362\202`\234\371~d\0310\204\264,s!\003i)e\226\372N\250\220\343\313\000^\252ua\277:W\233\010\236\376G>\347\257/\214RJ\t<vG0E\002!\000\353T\320\341\222\354s\236\356""2\375$\322B\256s\344$\307\321\225\253('z\005\315K\031\221?\002 )\034\345V(\213ya#\001\316f\t!\342\231\035\003\355(\376\367X\030\225\332\332\260\326\300\345\357""; ","validation: """"\200\000\000\001&\000\000\000\004)/\352k\021:\337\036c5\254\005\264,Q2\262\253\351\035\214\260\336\037!\340\337w\327\364\353\202\243\240<'Mb\336\312E\233'\345-\035<P\027\000\000\000\000\000\000\000\000\000\000\000\000\000\000\000\000\000\000\000\000\000\000\000\000\000\000\000\000\000\000\000\000P\031t\361\032\213\221\243\004\006][\376s\340\253\234K}\\013\0362\202`\234\371~d\0310\204\264,s!\003i)e\226\372N\250\220\343\313\000^\252ua\277:W\233\010\236\376G>\347\257/\214RJ\t<vG0E\002!\000\353T\320\341\222\354s\236\356""2\375$\322B\256s\344$\307\321\225\253('z\005\315K\031\221?\002 )\034\345V(\213ya#\001\316f\t!\342\231\035\003\355(\376\367X\030\225\332\332\260\326\300\345\357""; "
1750576787915,1750576787915,3086,1,0,4,TMHaveTransactionSet,"status: tsHAVE; hash: ""Yl\036>\245|\030\253\305r\022T\267\205\240Q\r\002\236""\240\311\215[\330\206\301Z}y\021\022""; ","status: tsHAVE; hash: ""Yl\036>\245|\030\253\305r\022T\267\205\240Q\r\002\236""\240\311\215[\330\206\301Z}y\021\022""; "
1750576787916,1750576787916,1033,1,0,4,TMProposeSet,"proposeSeq: 0; currentTxHash: ""Yl\036>\245|\030\253\305r\022T\267\205\240Q\r\002\236""\240\311\215[\330\206\301Z}y\021\022""; nodePubKey: ""\003i)e\226\372N\250\220\343\313\000^\252ua\277:W\233\010\236\376G>\347\257/\214RJ\t<""; closeTime: 803891987; signature: ""0E\002!\000\370&x79\314\246\374r\013\356`\313\325Z\2572yo\3109/=\333?\216\230\304\031j\003\016\002 c\307:\374\002\235\327j\316\361\301;\254\277AicS\303\274\372\267\326\364\317\251\342\34134\222e""; previousledger: ""2\262\253\351\035\214\260\336\037!\340\337w\327\364\353\202\243\240<'Mb\336\312E\233'\345-\035<""; ","proposeSeq: 0; currentTxHash: ""Yl\036>\245|\030\253\305r\022T\267\205\240Q\r\002\236""\240\311\215[\330\206\301Z}y\021\022""; nodePubKey: ""\003i)e\226\372N\250\220\343\313\000^\252ua\277:W\233\010\236\376G>\347\257/\214RJ\t<""; closeTime: 803891987; signature: ""0E\002!\000\370&x79\314\246\374r\013\356`\313\325Z\2572yo\3109/=\333?\216\230\304\031j\003\016\002 c\307:\374\002\235\327j\316\361\301;\254\277AicS\303\274\372\267\326\364\317\251\342\34134\222e""; previousledger: ""2\262\253\351\035\214\260\336\037!\340\337w\327\364\353\202\243\240<'Mb\336\312E\233'\345-\035<""; "
1750576787918,1750576787918,3065,1,0,3,TMHaveTransactionSet,"status: tsHAVE; hash: ""Yl\036>\245|\030\253\305r\022T\267\205\240Q\r\002\236""\240\311\215[\330\206\301Z}y\021\022""; ","status: tsHAVE; hash: ""Yl\036>\245|\030\253\305r\022T\267\205\240Q\r\002\236""\240\311\215[\330\206\301Z}y\021\022""; "
1750576787917,1750576787917,920,1,0,3,TMProposeSet,"proposeSeq: 0; currentTxHash: ""Yl\036>\245|\030\253\305r\022T\267\205\240Q\r\002\236""\240\311\215[\330\206\301Z}y\021\022""; nodePubKey: ""\003i)e\226\372N\250\220\343\313\000^\252ua\277:W\233\010\236\376G>\347\257/\214RJ\t<""; closeTime: 803891987; signature: ""0E\002!\000\370&x79\314\246\374r\013\356`\313\325Z\2572yo\3109/=\333?\216\230\304\031j\003\016\002 c\307:\374\002\235\327j\316\361\301;\254\277AicS\303\274\372\267\326\364\317\251\342\34134\222e""; previousledger: ""2\262\253\351\035\214\260\336\037!\340\337w\327\364\353\202\243\240<'Mb\336\312E\233'\345-\035<""; ","proposeSeq: 0; currentTxHash: ""Yl\036>\245|\030\253\305r\022T\267\205\240Q\r\002\236""\240\311\215[\330\206\301Z}y\021\022""; nodePubKey: ""\003i)e\226\372N\250\220\343\313\000^\252ua\277:W\233\010\236\376G>\347\257/\214RJ\t<""; closeTime: 803891987; signature: ""0E\002!\000\370&x79\314\246\374r\013\356`\313\325Z\2572yo\3109/=\333?\216\230\304\031j\003\016\002 c\307:\374\002\235\327j\316\361\301;\254\277AicS\303\274\372\267\326\364\317\251\342\34134\222e""; previousledger: ""2\262\253\351\035\214\260\336\037!\340\337w\327\364\353\202\243\240<'Mb\336\312E\233'\345-\035<""; "
1750576787954,1750576787954,1134,1,0,2,TMProposeSet,"proposeSeq: 0; currentTxHash: ""Yl\036>\245|\030\253\305r\022T\267\205\240Q\r\002\236""\240\311\215[\330\206\301Z}y\021\022""; nodePubKey: ""\003i)e\226\372N\250\220\343\313\000^\252ua\277:W\233\010\236\376G>\347\257/\214RJ\t<""; closeTime: 803891987; signature: ""0E\002!\000\370&x79\314\246\374r\013\356`\313\325Z\2572yo\3109/=\333?\216\230\304\031j\003\016\002 c\307:\374\002\235\327j\316\361\301;\254\277AicS\303\274\372\267\326\364\317\251\342\34134\222e""; previousledger: ""2\262\253\351\035\214\260\336\037!\340\337w\327\364\353\202\243\240<'Mb\336\312E\233'\345-\035<""; ","proposeSeq: 0; currentTxHash: ""Yl\036>\245|\030\253\305r\022T\267\205\240Q\r\002\236""\240\311\215[\330\206\301Z}y\021\022""; nodePubKey: ""\003i)e\226\372N\250\220\343\313\000^\252ua\277:W\233\010\236\376G>\347\257/\214RJ\t<""; closeTime: 803891987; signature: ""0E\002!\000\370&x79\314\246\374r\013\356`\313\325Z\2572yo\3109/=\333?\216\230\304\031j\003\016\002 c\307:\374\002\235\327j\316\361\301;\254\277AicS\303\274\372\267\326\364\317\251\342\34134\222e""; previousledger: ""2\262\253\351\035\214\260\336\037!\340\337w\327\364\353\202\243\240<'Mb\336\312E\233'\345-\035<""; "
1750576787955,1750576787955,1032,1,0,1,TMProposeSet,"proposeSeq: 0; currentTxHash: ""Yl\036>\245|\030\253\305r\022T\267\205\240Q\r\002\236""\240\311\215[\330\206\301Z}y\021\022""; nodePubKey: ""\003i)e\226\372N\250\220\343\313\000^\252ua\277:W\233\010\236\376G>\347\257/\214RJ\t<""; closeTime: 803891987; signature: ""0E\002!\000\370&x79\314\246\374r\013\356`\313\325Z\2572yo\3109/=\333?\216\230\304\031j\003\016\002 c\307:\374\002\235\327j\316\361\301;\254\277AicS\303\274\372\267\326\364\317\251\342\34134\222e""; previousledger: ""2\262\253\351\035\214\260\336\037!\340\337w\327\364\353\202\243\240<'Mb\336\312E\233'\345-\035<""; ","proposeSeq: 0; currentTxHash: ""Yl\036>\245|\030\253\305r\022T\267\205\240Q\r\002\236""\240\311\215[\330\206\301Z}y\021\022""; nodePubKey: ""\003i)e\226\372N\250\220\343\313\000^\252ua\277:W\233\010\236\376G>\347\257/\214RJ\t<""; closeTime: 803891987; signature: ""0E\002!\000\370&x79\314\246\374r\013\356`\313\325Z\2572yo\3109/=\333?\216\230\304\031j\003\016\002 c\307:\374\002\235\327j\316\361\301;\254\277AicS\303\274\372\267\326\364\317\251\342\34134\222e""; previousledger: ""2\262\253\351\035\214\260\336\037!\340\337w\327\364\353\202\243\240<'Mb\336\312E\233'\345-\035<""; "
1750576787955,1750576787955,2039,1,0,1,TMHaveTransactionSet,"status: tsHAVE; hash: ""Yl\036>\245|\030\253\305r\022T\267\205\240Q\r\002\236""\240\311\215[\330\206\301Z}y\021\022""; ","status: tsHAVE; hash: ""Yl\036>\245|\030\253\305r\022T\267\205\240Q\r\002\236""\240\311\215[\330\206\301Z}y\021\022""; "
1750576787954,1750576787954,2421,1,0,2,TMHaveTransactionSet,"status: tsHAVE; hash: ""Yl\036>\245|\030\253\305r\022T\267\205\240Q\r\002\236""\240\311\215[\330\206\301Z}y\021\022""; ","status: tsHAVE; hash: ""Yl\036>\245|\030\253\305r\022T\267\205\240Q\r\002\236""\240\311\215[\330\206\301Z}y\021\022""; "
1750576787913,1750576787980,2242,1,0,4,TMStatusChange,"newEvent: neCLOSING_LEDGER; ledgerSeq: 4; ledgerHash: ""2\262\253\351\035\214\260\336\037!\340\337w\327\364\353\202\243\240<'Mb\336\312E\233'\345-\035<""; ledgerHashPrevious: ""t\361\032\213\221\243\004\006][\376s\340\253\234K}\\013\0362\202`\234\371~d\0310\204\264,""; networkTime: 803891987; firstSeq: 1; lastSeq: 4; ","newEvent: neCLOSING_LEDGER; ledgerSeq: 4; ledgerHash: ""2\262\253\351\035\214\260\336\037!\340\337w\327\364\353\202\243\240<'Mb\336\312E\233'\345-\035<""; ledgerHashPrevious: ""t\361\032\213\221\243\004\006][\376s\340\253\234K}\\013\0362\202`\234\371~d\0310\204\264,""; networkTime: 803891987; firstSeq: 1; lastSeq: 4; "
1750576787915,1750576787981,1592,1,0,2,TMStatusChange,"newEvent: neCLOSING_LEDGER; ledgerSeq: 4; ledgerHash: ""2\262\253\351\035\214\260\336\037!\340\337w\327\364\353\202\243\240<'Mb\336\312E\233'\345-\035<""; ledgerHashPrevious: ""t\361\032\213\221\243\004\006][\376s\340\253\234K}\\013\0362\202`\234\371~d\0310\204\264,""; networkTime: 803891987; firstSeq: 1; lastSeq: 4; ","newEvent: neCLOSING_LEDGER; ledgerSeq: 4; ledgerHash: ""2\262\253\351\035\214\260\336\037!\340\337w\327\364\353\202\243\240<'Mb\336\312E\233'\345-\035<""; ledgerHashPrevious: ""t\361\032\213\221\243\004\006][\376s\340\253\234K}\\013\0362\202`\234\371~d\0310\204\264,""; networkTime: 803891987; firstSeq: 1; lastSeq: 4; "
1750576787917,1750576787981,3083,1,0,1,TMStatusChange,"newEvent: neCLOSING_LEDGER; ledgerSeq: 4; ledgerHash: ""2\262\253\351\035\214\260\336\037!\340\337w\327\364\353\202\243\240<'Mb\336\312E\233'\345-\035<""; ledgerHashPrevious: ""t\361\032\213\221\243\004\006][\376s\340\253\234K}\\013\0362\202`\234\371~d\0310\204\264,""; networkTime: 803891987; firstSeq: 1; lastSeq: 4; ","newEvent: neCLOSING_LEDGER; ledgerSeq: 4; ledgerHash: ""2\262\253\351\035\214\260\336\037!\340\337w\327\364\353\202\243\240<'Mb\336\312E\233'\345-\035<""; ledgerHashPrevious: ""t\361\032\213\221\243\004\006][\376s\340\253\234K}\\013\0362\202`\234\371~d\0310\204\264,""; networkTime: 803891987; firstSeq: 1; lastSeq: 4; "
1750576787917,1750576787981,431,1,0,3,TMStatusChange,"newEvent: neCLOSING_LEDGER; ledgerSeq: 4; ledgerHash: ""2\262\253\351\035\214\260\336\037!\340\337w\327\364\353\202\243\240<'Mb\336\312E\233'\345-\035<""; ledgerHashPrevious: ""t\361\032\213\221\243\004\006][\376s\340\253\234K}\\013\0362\202`\234\371~d\0310\204\264,""; networkTime: 803891987; firstSeq: 1; lastSeq: 4; ","newEvent: neCLOSING_LEDGER; ledgerSeq: 4; ledgerHash: ""2\262\253\351\035\214\260\336\037!\340\337w\327\364\353\202\243\240<'Mb\336\312E\233'\345-\035<""; ledgerHashPrevious: ""t\361\032\213\221\243\004\006][\376s\340\253\234K}\\013\0362\202`\234\371~d\0310\204\264,""; networkTime: 803891987; firstSeq: 1; lastSeq: 4; "
1750576788000,1750576788001,1436,1,3,4,TMHaveTransactionSet,"status: tsHAVE; hash: ""Yl\036>\245|\030\253\305r\022T\267\205\240Q\r\002\236""\240\311\215[\330\206\301Z}y\021\022""; ","status: tsHAVE; hash: ""Yl\036>\245|\030\253\305r\022T\267\205\240Q\r\002\236""\240\311\215[\330\206\301Z}y\021\022""; "
1750576788001,1750576788001,3637,1,3,4,TMProposeSet,"proposeSeq: 0; currentTxHash: ""Yl\036>\245|\030\253\305r\022T\267\205\240Q\r\002\236""\240\311\215[\330\206\301Z}y\021\022""; nodePubKey: ""\003\365\211\205\353\0100\270r\333\225\227Y\025\355!\235\nf\352n\302\032\014\344\364\324\262\351""\225OF""; closeTime: 803891987; signature: ""0E\002!\000\317\317\363I\336#\375\244\364sj\273^\000{-]\247\003\201\261'Q\234\033r\361\204\311\330\273\317\002 X\266\353\324\3153\335\326\373""k\020\232A\334\217\222\007K\230\036(N\222\2154;\375\336\343\257\340""; previousledger: ""2\262\253\351\035\214\260\336\037!\340\337w\327\364\353\202\243\240<'Mb\336\312E\233'\345-\035<""; ","proposeSeq: 0; currentTxHash: ""Yl\036>\245|\030\253\305r\022T\267\205\240Q\r\002\236""\240\311\215[\330\206\301Z}y\021\022""; nodePubKey: ""\003\365\211\205\353\0100\270r\333\225\227Y\025\355!\235\nf\352n\302\032\014\344\364\324\262\351""\225OF""; closeTime: 803891987; signature: ""0E\002!\000\317\317\363I\336#\375\244\364sj\273^\000{-]\247\003\201\261'Q\234\033r\361\204\311\330\273\317\002 X\266\353\324\3153\335\326\373""k\020\232A\334\217\222\007K\230\036(N\222\2154;\375\336\343\257\340""; previousledger: ""2\262\253\351\035\214\260\336\037!\340\337w\327\364\353\202\243\240<'Mb\336\312E\233'\345-\035<""; "
1750576788002,1750576788002,2215,1,3,2,TMHaveTransactionSet,"status: tsHAVE; hash: ""Yl\036>\245|\030\253\305r\022T\267\205\240Q\r\002\236""\240\311\215[\330\206\301Z}y\021\022""; ","status: tsHAVE; hash: ""Yl\036>\245|\030\253\305r\022T\267\205\240Q\r\002\236""\240\311\215[\330\206\301Z}y\021\022""; "
1750576788002,1750576788002,746,1,3,2,TMProposeSet,"proposeSeq: 0; currentTxHash: ""Yl\036>\245|\030\253\305r\022T\267\205\240Q\r\002\236""\240\311\215[\330\206\301Z}y\021\022""; nodePubKey: ""\003\365\211\205\353\0100\270r\333\225\227Y\025\355!\235\nf\352n\302\032\014\344\364\324\262\351""\225OF""; closeTime: 803891987; signature: ""0E\002!\000\317\317\363I\336#\375\244\364sj\273^\000{-]\247\003\201\261'Q\234\033r\361\204\311\330\273\317\002 X\266\353\324\3153\335\326\373""k\020\232A\334\217\222\007K\230\036(N\222\2154;\375\336\343\257\340""; previousledger: ""2\262\253\351\035\214\260\336\037!\340\337w\327\364\353\202\243\240<'Mb\336\312E\233'\345-\035<""; ","proposeSeq: 0; currentTxHash: ""Yl\036>\245|\030\253\305r\022T\267\205\240Q\r\002\236""\240\311\215[\330\206\301Z}y\021\022""; nodePubKey: ""\003\365\211\205\353\0100\270r\333\225\227Y\025\355!\235\nf\352n\302\032\014\344\364\324\262\351""\225OF""; closeTime: 803891987; signature: ""0E\002!\000\317\317\363I\336#\375\244\364sj\273^\000{-]\247\003\201\261'Q\234\033r\361\204\311\330\273\317\002 X\266\353\324\3153\335\326\373""k\020\232A\334\217\222\007K\230\036(N\222\2154;\375\336\343\257\340""; previousledger: ""2\262\253\351\035\214\260\336\037!\340\337w\327\364\353\202\243\240<'Mb\336\312E\233'\345-\035<""; "
1750576788003,1750576788003,1738,1,3,1,TMHaveTransactionSet,"status: tsHAVE; hash: ""Yl\036>\245|\030\253\305r\022T\267\205\240Q\r\002\236""\240\311\215[\330\206\301Z}y\021\022""; ","status: tsHAVE; hash: ""Yl\036>\245|\030\253\305r\022T\267\205\240Q\r\002\236""\240\311\215[\330\206\301Z}y\021\022""; "
1750576788003,1750576788004,1930,1,3,0,TMProposeSet,"proposeSeq: 0; currentTxHash: ""Yl\036>\245|\030\253\305r\022T\267\205\240Q\r\002\236""\240\311\215[\330\206\301Z}y\021\022""; nodePubKey: ""\003\365\211\205\353\0100\270r\333\225\227Y\025\355!\235\nf\352n\302\032\014\344\364\324\262\351""\225OF""; closeTime: 803891987; signature: ""0E\002!\000\317\317\363I\336#\375\244\364sj\273^\000{-]\247\003\201\261'Q\234\033r\361\204\311\330\273\317\002 X\266\353\324\3153\335\326\373""k\020\232A\334\217\222\007K\230\036(N\222\2154;\375\336\343\257\340""; previousledger: ""2\262\253\351\035\214\260\336\037!\340\337w\327\364\353\202\243\240<'Mb\336\312E\233'\345-\035<""; ","proposeSeq: 0; currentTxHash: ""Yl\036>\245|\030\253\305r\022T\267\205\240Q\r\002\236""\240\311\215[\330\206\301Z}y\021\022""; nodePubKey: ""\003\365\211\205\353\0100\270r\333\225\227Y\025\355!\235\nf\352n\302\032\014\344\364\324\262\351""\225OF""; closeTime: 803891987; signature: ""0E\002!\000\317\317\363I\336#\375\244\364sj\273^\000{-]\247\003\201\261'Q\234\033r\361\204\311\330\273\317\002 X\266\353\324\3153\335\326\373""k\020\232A\334\217\222\007K\230\036(N\222\2154;\375\336\343\257\340""; previousledger: ""2\262\253\351\035\214\260\336\037!\340\337w\327\364\353\202\243\240<'Mb\336\312E\233'\345-\035<""; "
1750576788004,1750576788004,2044,1,3,0,TMHaveTransactionSet,"status: tsHAVE; hash: ""Yl\036>\245|\030\253\305r\022T\267\205\240Q\r\002\236""\240\311\215[\330\206\301Z}y\021\022""; ","status: tsHAVE; hash: ""Yl\036>\245|\030\253\305r\022T\267\205\240Q\r\002\236""\240\311\215[\330\206\301Z}y\021\022""; "
1750576788004,1750576788004,637,1,3,1,TMProposeSet,"proposeSeq: 0; currentTxHash: ""Yl\036>\245|\030\253\305r\022T\267\205\240Q\r\002\236""\240\311\215[\330\206\301Z}y\021\022""; nodePubKey: ""\003\365\211\205\353\0100\270r\333\225\227Y\025\355!\235\nf\352n\302\032\014\344\364\324\262\351""\225OF""; closeTime: 803891987; signature: ""0E\002!\000\317\317\363I\336#\375\244\364sj\273^\000{-]\247\003\201\261'Q\234\033r\361\204\311\330\273\317\002 X\266\353\324\3153\335\326\373""k\020\232A\334\217\222\007K\230\036(N\222\2154;\375\336\343\257\340""; previousledger: ""2\262\253\351\035\214\260\336\037!\340\337w\327\364\353\202\243\240<'Mb\336\312E\233'\345-\035<""; ","proposeSeq: 0; currentTxHash: ""Yl\036>\245|\030\253\305r\022T\267\205\240Q\r\002\236""\240\311\215[\330\206\301Z}y\021\022""; nodePubKey: ""\003\365\211\205\353\0100\270r\333\225\227Y\025\355!\235\nf\352n\302\032\014\344\364\324\262\351""\225OF""; closeTime: 803891987; signature: ""0E\002!\000\317\317\363I\336#\375\244\364sj\273^\000{-]\247\003\201\261'Q\234\033r\361\204\311\330\273\317\002 X\266\353\324\3153\335\326\373""k\020\232A\334\217\222\007K\230\036(N\222\2154;\375\336\343\257\340""; previousledger: ""2\262\253\351\035\214\260\336\037!\340\337w\327\364\353\202\243\240<'Mb\336\312E\233'\345-\035<""; "
1750576788015,1750576788015,815,1,4,3,TMTransaction,"rawTransaction: ""\022\000\000""\000\000\000\000$\000\000\000\002 \033\000\000\000\027a@\000\000\027H\206*@h@\000\000\000\000\000\000\ns!\0030\347\374\235V\273%\326\211;\243\363\027\256[\3173\263)\033\326=\263&T\243\023""/\177\320 tF0D\002 eDX|\267\216\243\r\372n?\004\205\247$\331\327\010\237\005X\243mqO\3530\365\345R\2046\002 V\016r\225\264\323u\341\361\307\362\307\341@\000.\356H\023\037\222\032d\016\366\233\240\336\377\267\023\244\201\024\265\367by\212S\325C\240\024\312\370\262\227\317\370\362\3717\350\203\024\236\3240,G\006k~\356XL\256\230\377\257k\362\232\231>""; status: tsCURRENT; receiveTimestamp: 803891988; deferred: false; ","rawTransaction: ""\022\000\000""\000\000\000\000$\000\000\000\002 \033\000\000\000\027a@\000\000\027H\206*@h@\000\000\000\000\000\000\ns!\0030\347\374\235V\273%\326\211;\243\363\027\256[\3173\263)\033\326=\263&T\243\023""/\177\320 tF0D\002 eDX|\267\216\243\r\372n?\004\205\247$\331\327\010\237\005X\243mqO\3530\365\345R\2046\002 V\016r\225\264\323u\341\361\307\362\307\341@\000.\356H\023\037\222\032d\016\366\233\240\336\377\267\023\244\201\024\265\367by\212S\325C\240\024\312\370\262\227\317\370\362\3717\350\203\024\236\3240,G\006k~\356XL\256\230\377\257k\362\232\231>""; status: tsCURRENT; receiveTimestamp: 803891988; deferred: false; "
1750576788016,1750576788016,3491,1,4,2,TMTransaction,"rawTransaction: ""\022\000\000""\000\000\000\000$\000\000\000\002 \033\000\000\000\027a@\000\000\027H\206*@h@\000\000\000\000\000\000\ns!\0030\347\374\235V\273%\326\211;\243\363\027\256[\3173\263)\033\326=\263&T\243\023""/\177\320 tF0D\002 eDX|\267\216\243\r\372n?\004\205\247$\331\327\010\237\005X\243mqO\3530\365\345R\2046\002 V\016r\225\264\323u\341\361\307\362\307\341@\000.\356H\023\037\222\032d\016\366\233\240\336\377\267\023\244\201\024\265\367by\212S\325C\240\024\312\370\262\227\317\370\362\3717\350\203\024\236\3240,G\006k~\356XL\256\230\377\257k\362\232\231>""; status: tsCURRENT; receiveTimestamp: 803891988; deferred: false; ","rawTransaction: ""\022\000\000""\000\000\000\000$\000\000\000\002 \033\000\000\000\027a@\000\000\027H\206*@h@\000\000\000\000\000\000\ns!\0030\347\374\235V\273%\326\211;\243\363\027\256[\3173\263)\033\326=\263&T\243\023""/\177\320 tF0D\002 eDX|\267\216\243\r\372n?\004\205\247$\331\327\010\237\005X\243mqO\3530\365\345R\2046\002 V\016r\225\264\323u\341\361\307\362\307\341@\000.\356H\023\037\222\032d\016\366\233\240\336\377\267\023\244\201\024\265\367by\212S\325C\240\024\312\370\262\227\317\370\362\3717\350\203\024\236\3240,G\006k~\356XL\256\230\377\257k\362\232\231>""; status: tsCURRENT; receiveTimestamp: 803891988; deferred: false; "
1750576788016,1750576788017,3574,1,4,0,TMTransaction,"rawTransaction: ""\022\000\000""\000\000\000\000$\000\000\000\002 \033\000\000\000\027a@\000\000\027H\206*@h@\000\000\000\000\000\000\ns!\0030\347\374\235V\273%\326\211;\243\363\027\256[\3173\263)\033\326=\263&T\243\023""/\177\320 tF0D\002 eDX|\267\216\243\r\372n?\004\205\247$\331\327\010\237\005X\243mqO\3530\365\345R\2046\002 V\016r\225\264\323u\341\361\307\362\307\341@\000.\356H\023\037\222\032d\016\366\233\240\336\377\267\023\244\201\024\265\367by\212S\325C\240\024\312\370\262\227\317\370\362\3717\350\203\024\236\3240,G\006k~\356XL\256\230\377\257k\362\232\231>""; status: tsCURRENT; receiveTimestamp: 803891988; deferred: false; ","rawTransaction: ""\022\000\000""\000\000\000\000$\000\000\000\002 \033\000\000\000\027a@\000\000\027H\206*@h@\000\000\000\000\000\000\ns!\0030\347\374\235V\273%\326\211;\243\363\027\256[\3173\263)\033\326=\263&T\243\023""/\177\320 tF0D\002 eDX|\267\216\243\r\372n?\004\205\247$\331\327\010\237\005X\243mqO\3530\365\345R\2046\002 V\016r\225\264\323u\341\361\307\362\307\341@\000.\356H\023\037\222\032d\016\366\233\240\336\377\267\023\244\201\024\265\367by\212S\325C\240\024\312\370\262\227\317\370\362\3717\350\203\024\236\3240,G\006k~\356XL\256\230\377\257k\362\232\231>""; status: tsCURRENT; receiveTimestamp: 803891988; deferred: false; "
1750576787999,1750576788059,2439,1,3,2,TMStatusChange,"newEvent: neCLOSING_LEDGER; ledgerSeq: 4; ledgerHash: ""2\262\253\351\035\214\260\336\037!\340\337w\327\364\353\202\243\240<'Mb\336\312E\233'\345-\035<""; ledgerHashPrevious: ""t\361\032\213\221\243\004\006][\376s\340\253\234K}\\013\0362\202`\234\371~d\0310\204\264,""; networkTime: 803891987; firstSeq: 1; lastSeq: 4; ","newEvent: neCLOSING_LEDGER; ledgerSeq: 4; ledgerHash: ""2\262\253\351\035\214\260\336\037!\340\337w\327\364\353\202\243\240<'Mb\336\312E\233'\345-\035<""; ledgerHashPrevious: ""t\361\032\213\221\243\004\006][\376s\340\253\234K}\\013\0362\202`\234\371~d\0310\204\264,""; networkTime: 803891987; firstSeq: 1; lastSeq: 4; "
1750576788003,1750576788059,1216,1,3,0,TMStatusChange,"newEvent: neCLOSING_LEDGER; ledgerSeq: 4; ledgerHash: ""2\262\253\351\035\214\260\336\037!\340\337w\327\364\353\202\243\240<'Mb\336\312E\233'\345-\035<""; ledgerHashPrevious: ""t\361\032\213\221\243\004\006][\376s\340\253\234K}\\013\0362\202`\234\371~d\0310\204\264,""; networkTime: 803891987; firstSeq: 1; lastSeq: 4; ","newEvent: neCLOSING_LEDGER; ledgerSeq: 4; ledgerHash: ""2\262\253\351\035\214\260\336\037!\340\337w\327\364\353\202\243\240<'Mb\336\312E\233'\345-\035<""; ledgerHashPrevious: ""t\361\032\213\221\243\004\006][\376s\340\253\234K}\\013\0362\202`\234\371~d\0310\204\264,""; networkTime: 803891987; firstSeq: 1; lastSeq: 4; "
1750576788000,1750576788059,3950,1,3,4,TMStatusChange,"newEvent: neCLOSING_LEDGER; ledgerSeq: 4; ledgerHash: ""2\262\253\351\035\214\260\336\037!\340\337w\327\364\353\202\243\240<'Mb\336\312E\233'\345-\035<""; ledgerHashPrevious: ""t\361\032\213\221\243\004\006][\376s\340\253\234K}\\013\0362\202`\234\371~d\0310\204\264,""; networkTime: 803891987; firstSeq: 1; lastSeq: 4; ","newEvent: neCLOSING_LEDGER; ledgerSeq: 4; ledgerHash: ""2\262\253\351\035\214\260\336\037!\340\337w\327\364\353\202\243\240<'Mb\336\312E\233'\345-\035<""; ledgerHashPrevious: ""t\361\032\213\221\243\004\006][\376s\340\253\234K}\\013\0362\202`\234\371~d\0310\204\264,""; networkTime: 803891987; firstSeq: 1; lastSeq: 4; "
1750576788003,1750576788061,754,1,3,1,TMStatusChange,"newEvent: neCLOSING_LEDGER; ledgerSeq: 4; ledgerHash: ""2\262\253\351\035\214\260\336\037!\340\337w\327\364\353\202\243\240<'Mb\336\312E\233'\345-\035<""; ledgerHashPrevious: ""t\361\032\213\221\243\004\006][\376s\340\253\234K}\\013\0362\202`\234\371~d\0310\204\264,""; networkTime: 803891987; firstSeq: 1; lastSeq: 4; ","newEvent: neCLOSING_LEDGER; ledgerSeq: 4; ledgerHash: ""2\262\253\351\035\214\260\336\037!\340\337w\327\364\353\202\243\240<'Mb\336\312E\233'\345-\035<""; ledgerHashPrevious: ""t\361\032\213\221\243\004\006][\376s\340\253\234K}\\013\0362\202`\234\371~d\0310\204\264,""; networkTime: 803891987; firstSeq: 1; lastSeq: 4; "
1750576788127,1750576788127,367,1,2,4,TMValidation,"validation: """"\200\000\000\001&\000\000\000\004)/\352k\022:\327x\272\020JyerQ2\262\253\351\035\214\260\336\037!\340\337w\327\364\353\202\243\240<'Mb\336\312E\233'\345-\035<P\027\000\000\000\000\000\000\000\000\000\000\000\000\000\000\000\000\000\000\000\000\000\000\000\000\000\000\000\000\000\000\000\000P\031t\361\032\213\221\243\004\006][\376s\340\253\234K}\\013\0362\202`\234\371~d\0310\204\264,s!\003\365\211\205\353\0100\270r\333\225\227Y\025\355!\235\nf\352n\302\032\014\344\364\324\262\351""\225OFvF0D\002 \034\330\247\300\267\203\017\247\360\371\n\001W}\320^\303\226\242}\362\306\303)\310h\034\263\311[\#\002 )\020X@\366R\216]+~\206\246t\023\237`\261\024\r\375S\277\232^M\274\225k\245\270b.""; ","validation: """"\200\000\000\001&\000\000\000\004)/\352k\022:\327x\272\020JyerQ2\262\253\351\035\214\260\336\037!\340\337w\327\364\353\202\243\240<'Mb\336\312E\233'\345-\035<P\027\000\000\000\000\000\000\000\000\000\000\000\000\000\000\000\000\000\000\000\000\000\000\000\000\000\000\000\000\000\000\000\000P\031t\361\032\213\221\243\004\006][\376s\340\253\234K}\\013\0362\202`\234\371~d\0310\204\264,s!\003\365\211\205\353\0100\270r\333\225\227Y\025\355!\235\nf\352n\302\032\014\344\364\324\262\351""\225OFvF0D\002 \034\330\247\300\267\203\017\247\360\371\n\001W}\320^\303\226\242}\362\306\303)\310h\034\263\311[\#\002 )\020X@\366R\216]+~\206\246t\023\237`\261\024\r\375S\277\232^M\274\225k\245\270b.""; "
1750576788127,1750576788128,1842,1,2,3,TMValidation,"validation: """"\200\000\000\001&\000\000\000\004)/\352k\022:\327x\272\020JyerQ2\262\253\351\035\214\260\336\037!\340\337w\327\364\353\202\243\240<'Mb\336\312E\233'\345-\035<P\027\000\000\000\000\000\000\000\000\000\000\000\000\000\000\000\000\000\000\000\000\000\000\000\000\000\000\000\000\000\000\000\000P\031t\361\032\213\221\243\004\006][\376s\340\253\234K}\\013\0362\202`\234\371~d\0310\204\264,s!\003\365\211\205\353\0100\270r\333\225\227Y\025\355!\235\nf\352n\302\032\014\344\364\324\262\351""\225OFvF0D\002 \034\330\247\300\267\203\017\247\360\371\n\001W}\320^\303\226\242}\362\306\303)\310h\034\263\311[\#\002 )\020X@\366R\216]+~\206\246t\023\237`\261\024\r\375S\277\232^M\274\225k\245\270b.""; ","validation: """"\200\000\000\001&\000\000\000\004)/\352k\022:\327x\272\020JyerQ2\262\253\351\035\214\260\336\037!\340\337w\327\364\353\202\243\240<'Mb\336\312E\233'\345-\035<P\027\000\000\000\000\000\000\000\000\000\000\000\000\000\000\000\000\000\000\000\000\000\000\000\000\000\000\000\000\000\000\000\000P\031t\361\032\213\221\243\004\006][\376s\340\253\234K}\\013\0362\202`\234\371~d\0310\204\264,s!\003\365\211\205\353\0100\270r\333\225\227Y\025\355!\235\nf\352n\302\032\014\344\364\324\262\351""\225OFvF0D\002 \034\330\247\300\267\203\017\247\360\371\n\001W}\320^\303\226\242}\362\306\303)\310h\034\263\311[\#\002 )\020X@\366R\216]+~\206\246t\023\237`\261\024\r\375S\277\232^M\274\225k\245\270b.""; "
1750576788128,1750576788128,3070,1,2,1,TMValidation,"validation: """"\200\000\000\001&\000\000\000\004)/\352k\022:\327x\272\020JyerQ2\262\253\351\035\214\260\336\037!\340\337w\327\364\353\202\243\240<'Mb\336\312E\233'\345-\035<P\027\000\000\000\000\000\000\000\000\000\000\000\000\000\000\000\000\000\000\000\000\000\000\000\000\000\000\000\000\000\000\000\000P\031t\361\032\213\221\243\004\006][\376s\340\253\234K}\\013\0362\202`\234\371~d\0310\204\264,s!\003\365\211\205\353\0100\270r\333\225\227Y\025\355!\235\nf\352n\302\032\014\344\364\324\262\351""\225OFvF0D\002 \034\330\247\300\267\203\017\247\360\371\n\001W}\320^\303\226\242}\362\306\303)\310h\034\263\311[\#\002 )\020X@\366R\216]+~\206\246t\023\237`\261\024\r\375S\277\232^M\274\225k\245\270b.""; ","validation: """"\200\000\000\001&\000\000\000\004)/\352k\022:\327x\272\020JyerQ2\262\253\351\035\214\260\336\037!\340\337w\327\364\353\202\243\240<'Mb\336\312E\233'\345-\035<P\027\000\000\000\000\000\000\000\000\000\000\000\000\000\000\000\000\000\000\000\000\000\000\000\000\000\000\000\000\000\000\000\000P\031t\361\032\213\221\243\004\006][\376s\340\253\234K}\\013\0362\202`\234\371~d\0310\204\264,s!\003\365\211\205\353\0100\270r\333\225\227Y\025\355!\235\nf\352n\302\032\014\344\364\324\262\351""\225OFvF0D\002 \034\330\247\300\267\203\017\247\360\371\n\001W}\320^\303\226\242}\362\306\303)\310h\034\263\311[\#\002 )\020X@\366R\216]+~\206\246t\023\237`\261\024\r\375S\277\232^M\274\225k\245\270b.""; "
1750576788133,1750576788133,2128,1,1,2,TMGetLedger,"itype: liTS_CANDIDATE; ledgerHash: ""\252\307CA\276\267@\366[J\307Y\373\330\202\270\372\311,Po\364\311\203\332O\224NU\2770\301""; nodeIDs: ""\000\000\000\000\000\000\000\000\000\000\000\000\000\000\000\000\000\000\000\000\000\000\000\000\000\000\000\000\000\000\000\000\000""; queryDepth: 3; ","itype: liTS_CANDIDATE; ledgerHash: ""\252\307CA\276\267@\366[J\307Y\373\330\202\270\372\311,Po\364\311\203\332O\224NU\2770\301""; nodeIDs: ""\000\000\000\000\000\000\000\000\000\000\000\000\000\000\000\000\000\000\000\000\000\000\000\000\000\000\000\000\000\000\000\000\000""; queryDepth: 3; "
1750576788133,1750576788133,2687,1,1,3,TMProposeSet,"proposeSeq: 0; currentTxHash: ""\252\307CA\276\267@\366[J\307Y\373\330\202\270\372\311,Po\364\311\203\332O\224NU\2770\301""; nodePubKey: ""\003\371#:S\022\X\277\344\034\253'\365\230\361\211p\037\000R\265\215-7o\002\210\025\275\344qQ""; closeTime: 803891986; signature: ""0D\002 x\307ai\02282g\254\212\207\220D\005`P\262=r(\276\300s\317\2237Y\341xgd&\002 rS8ep\213\374\330\337\257\212i\316 \343\327e\000\377f\031*\261\377\016\372\274\336\364_$7""; previousledger: ""2\262\253\351\035\214\260\336\037!\340\337w\327\364\353\202\243\240<'Mb\336\312E\233'\345-\035<""; ","proposeSeq: 0; currentTxHash: ""\252\307CA\276\267@\366[J\307Y\373\330\202\270\372\311,Po\364\311\203\332O\224NU\2770\301""; nodePubKey: ""\003\371#:S\022\X\277\344\034\253'\365\230\361\211p\037\000R\265\215-7o\002\210\025\275\344qQ""; closeTime: 803891986; signature: ""0D\002 x\307ai\02282g\254\212\207\220D\005`P\262=r(\276\300s\317\2237Y\341xgd&\002 rS8ep\213\374\330\337\257\212i\316 \343\327e\000\377f\031*\261\377\016\372\274\336\364_$7""; previousledger: ""2\262\253\351\035\214\260\336\037!\340\337w\327\364\353\202\243\240<'Mb\336\312E\233'\345-\035<""; "
1750576788134,1750576788134,1657,1,1,4,TMProposeSet,"proposeSeq: 0; currentTxHash: ""\252\307CA\276\267@\366[J\307Y\373\330\202\270\372\311,Po\364\311\203\332O\224NU\2770\301""; nodePubKey: ""\003\371#:S\022\X\277\344\034\253'\365\230\361\211p\037\000R\265\215-7o\002\210\025\275\344qQ""; closeTime: 803891986; signature: ""0D\002 x\307ai\02282g\254\212\207\220D\005`P\262=r(\276\300s\317\2237Y\341xgd&\002 rS8ep\213\374\330\337\257\212i\316 \343\327e\000\377f\031*\261\377\016\372\274\336\364_$7""; previousledger: ""2\262\253\351\035\214\260\336\037!\340\337w\327\364\353\202\243\240<'Mb\336\312E\233'\345-\035<""; ","proposeSeq: 0; currentTxHash: ""\252\307CA\276\267@\366[J\307Y\373\330\202\270\372\311,Po\364\311\203\332O\224NU\2770\301""; nodePubKey: ""\003\371#:S\022\X\277\344\034\253'\365\230\361\211p\037\000R\265\215-7o\002\210\025\275\344qQ""; closeTime: 803891986; signature: ""0D\002 x\307ai\02282g\254\212\207\220D\005`P\262=r(\276\300s\317\2237Y\341xgd&\002 rS8ep\213\374\330\337\257\212i\316 \343\327e\000\377f\031*\261\377\016\372\274\336\364_$7""; previousledger: ""2\262\253\351\035\214\260\336\037!\340\337w\327\364\353\202\243\240<'Mb\336\312E\233'\345-\035<""; "
1750576788134,1750576788134,448,1,1,0,TMGetLedger,"itype: liTS_CANDIDATE; ledgerHash: ""\252\307CA\276\267@\366[J\307Y\373\330\202\270\372\311,Po\364\311\203\332O\224NU\2770\301""; nodeIDs: ""\000\000\000\000\000\000\000\000\000\000\000\000\000\000\000\000\000\000\000\000\000\000\000\000\000\000\000\000\000\000\000\000\000""; queryDepth: 3; ","itype: liTS_CANDIDATE; ledgerHash: ""\252\307CA\276\267@\366[J\307Y\373\330\202\270\372\311,Po\364\311\203\332O\224NU\2770\301""; nodeIDs: ""\000\000\000\000\000\000\000\000\000\000\000\000\000\000\000\000\000\000\000\000\000\000\000\000\000\000\000\000\000\000\000\000\000""; queryDepth: 3; "
1750576788135,1750576788135,252,1,1,0,TMProposeSet,"proposeSeq: 0; currentTxHash: ""\252\307CA\276\267@\366[J\307Y\373\330\202\270\372\311,Po\364\311\203\332O\224NU\2770\301""; nodePubKey: ""\003\371#:S\022\X\277\344\034\253'\365\230\361\211p\037\000R\265\215-7o\002\210\025\275\344qQ""; closeTime: 803891986; signature: ""0D\002 x\307ai\02282g\254\212\207\220D\005`P\262=r(\276\300s\317\2237Y\341xgd&\002 rS8ep\213\374\330\337\257\212i\316 \343\327e\000\377f\031*\261\377\016\372\274\336\364_$7""; previousledger: ""2\262\253\351\035\214\260\336\037!\340\337w\327\364\353\202\243\240<'Mb\336\312E\233'\345-\035<""; ","proposeSeq: 0; currentTxHash: ""\252\307CA\276\267@\366[J\307Y\373\330\202\270\372\311,Po\364\311\203\332O\224NU\2770\301""; nodePubKey: ""\003\371#:S\022\X\277\344\034\253'\365\230\361\211p\037\000R\265\215-7o\002\210\025\275\344qQ""; closeTime: 803891986; signature: ""0D\002 x\307ai\02282g\254\212\207\220D\005`P\262=r(\276\300s\317\2237Y\341xgd&\002 rS8ep\213\374\330\337\257\212i\316 \343\327e\000\377f\031*\261\377\016\372\274\336\364_$7""; previousledger: ""2\262\253\351\035\214\260\336\037!\340\337w\327\364\353\202\243\240<'Mb\336\312E\233'\345-\035<""; "
1750576788197,1750576788197,367,1,2,4,TMValidation,"validation: """"\200\000\000\001&\000\000\000\004)/\352k\021:""\223\371\016\340l;\316Q2\262\253\351\035\214\260\336\037!\340\337w\327\364\353\202\243\240<'Mb\336\312E\233'\345-\035<P\027\000\000\000\000\000\000\000\000\000\000\000\000\000\000\000\000\000\000\000\000\000\000\000\000\000\000\000\000\000\000\000\000P\031t\361\032\213\221\243\004\006][\376s\340\253\234K}\\013\0362\202`\234\371~d\0310\204\264,s!\003\371#:S\022\X\277\344\034\253'\365\230\361\211p\037\000R\265\215-7o\002\210\025\275\344qQvF0D\002 *\323\354=\n\3719\032m\177\225(\260&-!\351\211R\376\203\343eh~\036\014m\326\312\351\332\002 k\376TUM\330\030M\244];\003\333_\337\325\314\213\312cd\217\006\321\302\037k\277\212\354\232\035""; ","validation: """"\200\000\000\001&\000\000\000\004)/\352k\021:""\223\371\016\340l;\316Q2\262\253\351\035\214\260\336\037!\340\337w\327\364\353\202\243\240<'Mb\336\312E\233'\345-\035<P\027\000\000\000\000\000\000\000\000\000\000\000\000\000\000\000\000\000\000\000\000\000\000\000\000\000\000\000\000\000\000\000\000P\031t\361\032\213\221\243\004\006][\376s\340\253\234K}\\013\0362\202`\234\371~d\0310\204\264,s!\003\371#:S\022\X\277\344\034\253'\365\230\361\211p\037\000R\265\215-7o\002\210\025\275\344qQvF0D\002 *\323\354=\n\3719\032m\177\225(\260&-!\351\211R\376\203\343eh~\036\014m\326\312\351\332\002 k\376TUM\330\030M\244];\003\333_\337\325\314\213\312cd\217\006\321\302\037k\277\212\354\232\035""; "
1750576788197,1750576788197,1842,1,2,3,TMValidation,"validation: """"\200\000\000\001&\000\000\000\004)/\352k\021:""\223\371\016\340l;\316Q2\262\253\351\035\214\260\336\037!\340\337w\327\364\353\202\243\240<'Mb\336\312E\233'\345-\035<P\027\000\000\000\000\000\000\000\000\000\000\000\000\000\000\000\000\000\000\000\000\000\000\000\000\000\000\000\000\000\000\000\000P\031t\361\032\213\221\243\004\006][\376s\340\253\234K}\\013\0362\202`\234\371~d\0310\204\264,s!\003\371#:S\022\X\277\344\034\253'\365\230\361\211p\037\000R\265\215-7o\002\210\025\275\344qQvF0D\002 *\323\354=\n\3719\032m\177\225(\260&-!\351\211R\376\203\343eh~\036\014m\326\312\351\332\002 k\376TUM\330\030M\244];\003\333_\337\325\314\213\312cd\217\006\321\302\037k\277\212\354\232\035""; ","validation: """"\200\000\000\001&\000\000\000\004)/\352k\021:""\223\371\016\340l;\316Q2\262\253\351\035\214\260\336\037!\340\337w\327\364\353\202\243\240<'Mb\336\312E\233'\345-\035<P\027\000\000\000\000\000\000\000\000\000\000\000\000\000\000\000\000\000\000\000\000\000\000\000\000\000\000\000\000\000\000\000\000P\031t\361\032\213\221\243\004\006][\376s\340\253\234K}\\013\0362\202`\234\371~d\0310\204\264,s!\003\371#:S\022\X\277\344\034\253'\365\230\361\211p\037\000R\265\215-7o\002\210\025\275\344qQvF0D\002 *\323\354=\n\3719\032m\177\225(\260&-!\351\211R\376\203\343eh~\036\014m\326\312\351\332\002 k\376TUM\330\030M\244];\003\333_\337\325\314\213\312cd\217\006\321\302\037k\277\212\354\232\035""; "
1750576788197,1750576788197,3070,1,2,1,TMValidation,"validation: """"\200\000\000\001&\000\000\000\004)/\352k\021:""\223\371\016\340l;\316Q2\262\253\351\035\214\260\336\037!\340\337w\327\364\353\202\243\240<'Mb\336\312E\233'\345-\035<P\027\000\000\000\000\000\000\000\000\000\000\000\000\000\000\000\000\000\000\000\000\000\000\000\000\000\000\000\000\000\000\000\000P\031t\361\032\213\221\243\004\006][\376s\340\253\234K}\\013\0362\202`\234\371~d\0310\204\264,s!\003\371#:S\022\X\277\344\034\253'\365\230\361\211p\037\000R\265\215-7o\002\210\025\275\344qQvF0D\002 *\323\354=\n\3719\032m\177\225(\260&-!\351\211R\376\203\343eh~\036\014m\326\312\351\332\002 k\376TUM\330\030M\244];\003\333_\337\325\314\213\312cd\217\006\321\302\037k\277\212\354\232\035""; ","validation: """"\200\000\000\001&\000\000\000\004)/\352k\021:""\223\371\016\340l;\316Q2\262\253\351\035\214\260\336\037!\340\337w\327\364\353\202\243\240<'Mb\336\312E\233'\345-\035<P\027\000\000\000\000\000\000\000\000\000\000\000\000\000\000\000\000\000\000\000\000\000\000\000\000\000\000\000\000\000\000\000\000P\031t\361\032\213\221\243\004\006][\376s\340\253\234K}\\013\0362\202`\234\371~d\0310\204\264,s!\003\371#:S\022\X\277\344\034\253'\365\230\361\211p\037\000R\265\215-7o\002\210\025\275\344qQvF0D\002 *\323\354=\n\3719\032m\177\225(\260&-!\351\211R\376\203\343eh~\036\014m\326\312\351\332\002 k\376TUM\330\030M\244];\003\333_\337\325\314\213\312cd\217\006\321\302\037k\277\212\354\232\035""; "
1750576788207,1750576788208,1293,1,2,4,TMTransaction,"rawTransaction: ""\022\000\000""\000\000\000\000$\000\000\000\003 \033\000\000\000\027a@\000\000\027H\206*@h@\000\000\000\000\000\000\ns!\0030\347\374\235V\273%\326\211;\243\363\027\256[\3173\263)\033\326=\263&T\243\023""/\177\320 tF0D\002 Yy\007B\230\330\226\|qn\355\360\210~\0330\323\306\223\207D_GG\367\363{l\277o\207\002 1\275\341\336dn\033\274(\234\265\303\374A\331\226m\005\220\276}\216\352j\231z|\220\363\305\0326\201\024\265\367by\212S\325C\240\024\312\370\262\227\317\370\362\3717\350\203\024\034$,@\365\322~\343\033j\255\202\366\335\250\266\324\344\\030""; status: tsCURRENT; receiveTimestamp: 803891988; deferred: false; ","rawTransaction: ""\022\000\000""\000\000\000\000$\000\000\000\003 \033\000\000\000\027a@\000\000\027H\206*@h@\000\000\000\000\000\000\ns!\0030\347\374\235V\273%\326\211;\243\363\027\256[\3173\263)\033\326=\263&T\243\023""/\177\320 tF0D\002 Yy\007B\230\330\226\|qn\355\360\210~\0330\323\306\223\207D_GG\367\363{l\277o\207\002 1\275\341\336dn\033\274(\234\265\303\374A\331\226m\005\220\276}\216\352j\231z|\220\363\305\0326\201\024\265\367by\212S\325C\240\024\312\370\262\227\317\370\362\3717\350\203\024\034$,@\365\322~\343\033j\255\202\366\335\250\266\324\344\\030""; status: tsCURRENT; receiveTimestamp: 803891988; deferred: false; "
1750576788208,1750576788208,2137,1,2,1,TMTransaction,"rawTransaction: ""\022\000\000""\000\000\000\000$\000\000\000\003 \033\000\000\000\027a@\000\000\027H\206*@h@\000\000\000\000\000\000\ns!\0030\347\374\235V\273%\326\211;\243\363\027\256[\3173\263)\033\326=\263&T\243\023""/\177\320 tF0D\002 Yy\007B\230\330\226\|qn\355\360\210~\0330\323\306\223\207D_GG\367\363{l\277o\207\002 1\275\341\336dn\033\274(\234\265\303\374A\331\226m\005\220\276}\216\352j\231z|\220\363\305\0326\201\024\265\367by\212S\325C\240\024\312\370\262\227\317\370\362\3717\350\203\024\034$,@\365\322~\343\033j\255\202\366\335\250\266\324\344\\030""; status: tsCURRENT; receiveTimestamp: 803891988; deferred: false; ","rawTransaction: ""\022\000\000""\000\000\000\000$\000\000\000\003 \033\000\000\000\027a@\000\000\027H\206*@h@\000\000\000\000\000\000\ns!\0030\347\374\235V\273%\326\211;\243\363\027\256[\3173\263)\033\326=\263&T\243\023""/\177\320 tF0D\002 Yy\007B\230\330\226\|qn\355\360\210~\0330\323\306\223\207D_GG\367\363{l\277o\207\002 1\275\341\336dn\033\274(\234\265\303\374A\331\226m\005\220\276}\216\352j\231z|\220\363\305\0326\201\024\265\367by\212S\325C\240\024\312\370\262\227\317\370\362\3717\350\203\024\034$,@\365\322~\343\033j\255\202\366\335\250\266\324\344\\030""; status: tsCURRENT; receiveTimestamp: 803891988; deferred: false; "
1750576788207,1750576788208,1848,1,2,0,TMTransaction,"rawTransaction: ""\022\000\000""\000\000\000\000$\000\000\000\003 \033\000\000\000\027a@\000\000\027H\206*@h@\000\000\000\000\000\000\ns!\0030\347\374\235V\273%\326\211;\243\363\027\256[\3173\263)\033\326=\263&T\243\023""/\177\320 tF0D\002 Yy\007B\230\330\226\|qn\355\360\210~\0330\323\306\223\207D_GG\367\363{l\277o\207\002 1\275\341\336dn\033\274(\234\265\303\374A\331\226m\005\220\276}\216\352j\231z|\220\363\305\0326\201\024\265\367by\212S\325C\240\024\312\370\262\227\317\370\362\3717\350\203\024\034$,@\365\322~\343\033j\255\202\366\335\250\266\324\344\\030""; status: tsCURRENT; receiveTimestamp: 803891988; deferred: false; ","rawTransaction: ""\022\000\000""\000\000\000\000$\000\000\000\003 \033\000\000\000\027a@\000\000\027H\206*@h@\000\000\000\000\000\000\ns!\0030\347\374\235V\273%\326\211;\243\363\027\256[\3173\263)\033\326=\263&T\243\023""/\177\320 tF0D\002 Yy\007B\230\330\226\|qn\355\360\210~\0330\323\306\223\207D_GG\367\363{l\277o\207\002 1\275\341\336dn\033\274(\234\265\303\374A\331\226m\005\220\276}\216\352j\231z|\220\363\305\0326\201\024\265\367by\212S\325C\240\024\312\370\262\227\317\370\362\3717\350\203\024\034$,@\365\322~\343\033j\255\202\366\335\250\266\324\344\\030""; status: tsCURRENT; receiveTimestamp: 803891988; deferred: false; "
