timestamp,timestamp_sent,action,send_amount,from_node_id,to_node_id,message_type,original_data,possibly_mutated_data
1750547977339,1750547977339,1720,1,0,2,TMStatusChange,"newEvent: neCLOSING_LEDGER; ledgerSeq: 1; ledgerHash: ""-}\351f\032\255\274\334m\326c\017\014ao[\342\230\003\245\245\3341Hm\326^\017jy\335\261""; ledgerHashPrevious: ""\000\000\000\000\000\000\000\000\000\000\000\000\000\000\000\000\000\000\000\000\000\000\000\000\000\000\000\000\000\000\000\000""; networkTime: 803863176; firstSeq: 1; lastSeq: 1; ","newEvent: neCLOSING_LEDGER; ledgerSeq: 1; ledgerHash: ""-}\351f\032\255\274\334m\326c\017\014ao[\342\230\003\245\245\3341Hm\326^\017jy\335\261""; ledgerHashPrevious: ""\000\000\000\000\000\000\000\000\000\000\000\000\000\000\000\000\000\000\000\000\000\000\000\000\000\000\000\000\000\000\000\000""; networkTime: 803863176; firstSeq: 1; lastSeq: 1; "
1750547977340,1750547977340,648,1,0,1,TMStatusChange,"newEvent: neCLOSING_LEDGER; ledgerSeq: 1; ledgerHash: ""-}\351f\032\255\274\334m\326c\017\014ao[\342\230\003\245\245\3341Hm\326^\017jy\335\261""; ledgerHashPrevious: ""\000\000\000\000\000\000\000\000\000\000\000\000\000\000\000\000\000\000\000\000\000\000\000\000\000\000\000\000\000\000\000\000""; networkTime: 803863176; firstSeq: 1; lastSeq: 1; ","newEvent: neCLOSING_LEDGER; ledgerSeq: 1; ledgerHash: ""-}\351f\032\255\274\334m\326c\017\014ao[\342\230\003\245\245\3341Hm\326^\017jy\335\261""; ledgerHashPrevious: ""\000\000\000\000\000\000\000\000\000\000\000\000\000\000\000\000\000\000\000\000\000\000\000\000\000\000\000\000\000\000\000\000""; networkTime: 803863176; firstSeq: 1; lastSeq: 1; "
1750547977342,1750547977342,1543,1,1,3,TMStatusChange,"newEvent: neCLOSING_LEDGER; ledgerSeq: 1; ledgerHash: ""-}\351f\032\255\274\334m\326c\017\014ao[\342\230\003\245\245\3341Hm\326^\017jy\335\261""; ledgerHashPrevious: ""\000\000\000\000\000\000\000\000\000\000\000\000\000\000\000\000\000\000\000\000\000\000\000\000\000\000\000\000\000\000\000\000""; networkTime: 803863177; firstSeq: 1; lastSeq: 1; ","newEvent: neCLOSING_LEDGER; ledgerSeq: 1; ledgerHash: ""-}\351f\032\255\274\334m\326c\017\014ao[\342\230\003\245\245\3341Hm\326^\017jy\335\261""; ledgerHashPrevious: ""\000\000\000\000\000\000\000\000\000\000\000\000\000\000\000\000\000\000\000\000\000\000\000\000\000\000\000\000\000\000\000\000""; networkTime: 803863177; firstSeq: 1; lastSeq: 1; "
1750547977342,1750547977342,1491,1,0,4,TMStatusChange,"newEvent: neCLOSING_LEDGER; ledgerSeq: 1; ledgerHash: ""-}\351f\032\255\274\334m\326c\017\014ao[\342\230\003\245\245\3341Hm\326^\017jy\335\261""; ledgerHashPrevious: ""\000\000\000\000\000\000\000\000\000\000\000\000\000\000\000\000\000\000\000\000\000\000\000\000\000\000\000\000\000\000\000\000""; networkTime: 803863176; firstSeq: 1; lastSeq: 1; ","newEvent: neCLOSING_LEDGER; ledgerSeq: 1; ledgerHash: ""-}\351f\032\255\274\334m\326c\017\014ao[\342\230\003\245\245\3341Hm\326^\017jy\335\261""; ledgerHashPrevious: ""\000\000\000\000\000\000\000\000\000\000\000\000\000\000\000\000\000\000\000\000\000\000\000\000\000\000\000\000\000\000\000\000""; networkTime: 803863176; firstSeq: 1; lastSeq: 1; "
1750547977342,1750547977342,2696,1,1,0,TMStatusChange,"newEvent: neCLOSING_LEDGER; ledgerSeq: 1; ledgerHash: ""-}\351f\032\255\274\334m\326c\017\014ao[\342\230\003\245\245\3341Hm\326^\017jy\335\261""; ledgerHashPrevious: ""\000\000\000\000\000\000\000\000\000\000\000\000\000\000\000\000\000\000\000\000\000\000\000\000\000\000\000\000\000\000\000\000""; networkTime: 803863177; firstSeq: 1; lastSeq: 1; ","newEvent: neCLOSING_LEDGER; ledgerSeq: 1; ledgerHash: ""-}\351f\032\255\274\334m\326c\017\014ao[\342\230\003\245\245\3341Hm\326^\017jy\335\261""; ledgerHashPrevious: ""\000\000\000\000\000\000\000\000\000\000\000\000\000\000\000\000\000\000\000\000\000\000\000\000\000\000\000\000\000\000\000\000""; networkTime: 803863177; firstSeq: 1; lastSeq: 1; "
1750547977344,1750547977344,373,1,1,4,TMStatusChange,"newEvent: neCLOSING_LEDGER; ledgerSeq: 1; ledgerHash: ""-}\351f\032\255\274\334m\326c\017\014ao[\342\230\003\245\245\3341Hm\326^\017jy\335\261""; ledgerHashPrevious: ""\000\000\000\000\000\000\000\000\000\000\000\000\000\000\000\000\000\000\000\000\000\000\000\000\000\000\000\000\000\000\000\000""; networkTime: 803863177; firstSeq: 1; lastSeq: 1; ","newEvent: neCLOSING_LEDGER; ledgerSeq: 1; ledgerHash: ""-}\351f\032\255\274\334m\326c\017\014ao[\342\230\003\245\245\3341Hm\326^\017jy\335\261""; ledgerHashPrevious: ""\000\000\000\000\000\000\000\000\000\000\000\000\000\000\000\000\000\000\000\000\000\000\000\000\000\000\000\000\000\000\000\000""; networkTime: 803863177; firstSeq: 1; lastSeq: 1; "
1750547977346,1750547977346,3141,1,3,1,TMStatusChange,"newEvent: neCLOSING_LEDGER; ledgerSeq: 1; ledgerHash: ""-}\351f\032\255\274\334m\326c\017\014ao[\342\230\003\245\245\3341Hm\326^\017jy\335\261""; ledgerHashPrevious: ""\000\000\000\000\000\000\000\000\000\000\000\000\000\000\000\000\000\000\000\000\000\000\000\000\000\000\000\000\000\000\000\000""; networkTime: 803863177; firstSeq: 1; lastSeq: 1; ","newEvent: neCLOSING_LEDGER; ledgerSeq: 1; ledgerHash: ""-}\351f\032\255\274\334m\326c\017\014ao[\342\230\003\245\245\3341Hm\326^\017jy\335\261""; ledgerHashPrevious: ""\000\000\000\000\000\000\000\000\000\000\000\000\000\000\000\000\000\000\000\000\000\000\000\000\000\000\000\000\000\000\000\000""; networkTime: 803863177; firstSeq: 1; lastSeq: 1; "
1750547977345,1750547977345,1713,1,0,3,TMStatusChange,"newEvent: neCLOSING_LEDGER; ledgerSeq: 1; ledgerHash: ""-}\351f\032\255\274\334m\326c\017\014ao[\342\230\003\245\245\3341Hm\326^\017jy\335\261""; ledgerHashPrevious: ""\000\000\000\000\000\000\000\000\000\000\000\000\000\000\000\000\000\000\000\000\000\000\000\000\000\000\000\000\000\000\000\000""; networkTime: 803863176; firstSeq: 1; lastSeq: 1; ","newEvent: neCLOSING_LEDGER; ledgerSeq: 1; ledgerHash: ""-}\351f\032\255\274\334m\326c\017\014ao[\342\230\003\245\245\3341Hm\326^\017jy\335\261""; ledgerHashPrevious: ""\000\000\000\000\000\000\000\000\000\000\000\000\000\000\000\000\000\000\000\000\000\000\000\000\000\000\000\000\000\000\000\000""; networkTime: 803863176; firstSeq: 1; lastSeq: 1; "
1750547977345,1750547977345,1525,1,2,0,TMStatusChange,"newEvent: neCLOSING_LEDGER; ledgerSeq: 1; ledgerHash: ""-}\351f\032\255\274\334m\326c\017\014ao[\342\230\003\245\245\3341Hm\326^\017jy\335\261""; ledgerHashPrevious: ""\000\000\000\000\000\000\000\000\000\000\000\000\000\000\000\000\000\000\000\000\000\000\000\000\000\000\000\000\000\000\000\000""; networkTime: 803863176; firstSeq: 1; lastSeq: 1; ","newEvent: neCLOSING_LEDGER; ledgerSeq: 1; ledgerHash: ""-}\351f\032\255\274\334m\326c\017\014ao[\342\230\003\245\245\3341Hm\326^\017jy\335\261""; ledgerHashPrevious: ""\000\000\000\000\000\000\000\000\000\000\000\000\000\000\000\000\000\000\000\000\000\000\000\000\000\000\000\000\000\000\000\000""; networkTime: 803863176; firstSeq: 1; lastSeq: 1; "
1750547977348,1750547977348,3036,1,1,2,TMStatusChange,"newEvent: neCLOSING_LEDGER; ledgerSeq: 1; ledgerHash: ""-}\351f\032\255\274\334m\326c\017\014ao[\342\230\003\245\245\3341Hm\326^\017jy\335\261""; ledgerHashPrevious: ""\000\000\000\000\000\000\000\000\000\000\000\000\000\000\000\000\000\000\000\000\000\000\000\000\000\000\000\000\000\000\000\000""; networkTime: 803863177; firstSeq: 1; lastSeq: 1; ","newEvent: neCLOSING_LEDGER; ledgerSeq: 1; ledgerHash: ""-}\351f\032\255\274\334m\326c\017\014ao[\342\230\003\245\245\3341Hm\326^\017jy\335\261""; ledgerHashPrevious: ""\000\000\000\000\000\000\000\000\000\000\000\000\000\000\000\000\000\000\000\000\000\000\000\000\000\000\000\000\000\000\000\000""; networkTime: 803863177; firstSeq: 1; lastSeq: 1; "
1750547977348,1750547977348,3400,1,3,0,TMStatusChange,"newEvent: neCLOSING_LEDGER; ledgerSeq: 1; ledgerHash: ""-}\351f\032\255\274\334m\326c\017\014ao[\342\230\003\245\245\3341Hm\326^\017jy\335\261""; ledgerHashPrevious: ""\000\000\000\000\000\000\000\000\000\000\000\000\000\000\000\000\000\000\000\000\000\000\000\000\000\000\000\000\000\000\000\000""; networkTime: 803863177; firstSeq: 1; lastSeq: 1; ","newEvent: neCLOSING_LEDGER; ledgerSeq: 1; ledgerHash: ""-}\351f\032\255\274\334m\326c\017\014ao[\342\230\003\245\245\3341Hm\326^\017jy\335\261""; ledgerHashPrevious: ""\000\000\000\000\000\000\000\000\000\000\000\000\000\000\000\000\000\000\000\000\000\000\000\000\000\000\000\000\000\000\000\000""; networkTime: 803863177; firstSeq: 1; lastSeq: 1; "
1750547977349,1750547977349,326,1,4,0,TMStatusChange,"newEvent: neCLOSING_LEDGER; ledgerSeq: 1; ledgerHash: ""-}\351f\032\255\274\334m\326c\017\014ao[\342\230\003\245\245\3341Hm\326^\017jy\335\261""; ledgerHashPrevious: ""\000\000\000\000\000\000\000\000\000\000\000\000\000\000\000\000\000\000\000\000\000\000\000\000\000\000\000\000\000\000\000\000""; networkTime: 803863177; firstSeq: 1; lastSeq: 1; ","newEvent: neCLOSING_LEDGER; ledgerSeq: 1; ledgerHash: ""-}\351f\032\255\274\334m\326c\017\014ao[\342\230\003\245\245\3341Hm\326^\017jy\335\261""; ledgerHashPrevious: ""\000\000\000\000\000\000\000\000\000\000\000\000\000\000\000\000\000\000\000\000\000\000\000\000\000\000\000\000\000\000\000\000""; networkTime: 803863177; firstSeq: 1; lastSeq: 1; "
1750547977349,1750547977349,0,1,4,0,TMEndpoints,version: 2; ,version: 2; 
1750547991596,1750547991597,892,1,2,4,TMValidation,"validation: """"\200\000\000\000&\000\000\000\002)/\351\372\227:\343\220\373\345}T|qQ\225\264N\222[\002\377-\202>\217\262\024\307\221\215\245J\034G6!\212${\335q\376\202\3611\332P\027\000\000\000\000\000\000\000\000\000\000\000\000\000\000\000\000\000\000\000\000\000\000\000\000\000\000\000\000\000\000\000\000P\031-}\351f\032\255\274\334m\326c\017\014ao[\342\230\003\245\245\3341Hm\326^\017jy\335\261s!\003N\005<J\210P\314cI<\226e*\260Ld\337\243n\262\212;\212*\334\320\233\366\035\327\250NvG0E\002!\000\322G\r\310\027\005\331\353\241i\371\310F\327D;\217g\013QT\327\016\246L\357\237\213\312i\366\377\002 )*\262i\2167\3369X\352f\226\257{K\2739\320\215\223\347\222\2311\336\030\231\nC\016<6""; ","validation: """"\200\000\000\000&\000\000\000\002)/\351\372\227:\343\220\373\345}T|qQ\225\264N\222[\002\377-\202>\217\262\024\307\221\215\245J\034G6!\212${\335q\376\202\3611\332P\027\000\000\000\000\000\000\000\000\000\000\000\000\000\000\000\000\000\000\000\000\000\000\000\000\000\000\000\000\000\000\000\000P\031-}\351f\032\255\274\334m\326c\017\014ao[\342\230\003\245\245\3341Hm\326^\017jy\335\261s!\003N\005<J\210P\314cI<\226e*\260Ld\337\243n\262\212;\212*\334\320\233\366\035\327\250NvG0E\002!\000\322G\r\310\027\005\331\353\241i\371\310F\327D;\217g\013QT\327\016\246L\357\237\213\312i\366\377\002 )*\262i\2167\3369X\352f\226\257{K\2739\320\215\223\347\222\2311\336\030\231\nC\016<6""; "
1750547991598,1750547991598,1142,1,2,0,TMValidation,"validation: """"\200\000\000\000&\000\000\000\002)/\351\372\227:\343\220\373\345}T|qQ\225\264N\222[\002\377-\202>\217\262\024\307\221\215\245J\034G6!\212${\335q\376\202\3611\332P\027\000\000\000\000\000\000\000\000\000\000\000\000\000\000\000\000\000\000\000\000\000\000\000\000\000\000\000\000\000\000\000\000P\031-}\351f\032\255\274\334m\326c\017\014ao[\342\230\003\245\245\3341Hm\326^\017jy\335\261s!\003N\005<J\210P\314cI<\226e*\260Ld\337\243n\262\212;\212*\334\320\233\366\035\327\250NvG0E\002!\000\322G\r\310\027\005\331\353\241i\371\310F\327D;\217g\013QT\327\016\246L\357\237\213\312i\366\377\002 )*\262i\2167\3369X\352f\226\257{K\2739\320\215\223\347\222\2311\336\030\231\nC\016<6""; ","validation: """"\200\000\000\000&\000\000\000\002)/\351\372\227:\343\220\373\345}T|qQ\225\264N\222[\002\377-\202>\217\262\024\307\221\215\245J\034G6!\212${\335q\376\202\3611\332P\027\000\000\000\000\000\000\000\000\000\000\000\000\000\000\000\000\000\000\000\000\000\000\000\000\000\000\000\000\000\000\000\000P\031-}\351f\032\255\274\334m\326c\017\014ao[\342\230\003\245\245\3341Hm\326^\017jy\335\261s!\003N\005<J\210P\314cI<\226e*\260Ld\337\243n\262\212;\212*\334\320\233\366\035\327\250NvG0E\002!\000\322G\r\310\027\005\331\353\241i\371\310F\327D;\217g\013QT\327\016\246L\357\237\213\312i\366\377\002 )*\262i\2167\3369X\352f\226\257{K\2739\320\215\223\347\222\2311\336\030\231\nC\016<6""; "
1750547991598,1750547991598,1525,1,2,0,TMStatusChange,"newEvent: neACCEPTED_LEDGER; ledgerSeq: 2; ledgerHash: ""\225\264N\222[\002\377-\202>\217\262\024\307\221\215\245J\034G6!\212${\335q\376\202\3611\332""; ledgerHashPrevious: ""-}\351f\032\255\274\334m\326c\017\014ao[\342\230\003\245\245\3341Hm\326^\017jy\335\261""; networkTime: 803863191; firstSeq: 1; lastSeq: 1; ","newEvent: neACCEPTED_LEDGER; ledgerSeq: 2; ledgerHash: ""\225\264N\222[\002\377-\202>\217\262\024\307\221\215\245J\034G6!\212${\335q\376\202\3611\332""; ledgerHashPrevious: ""-}\351f\032\255\274\334m\326c\017\014ao[\342\230\003\245\245\3341Hm\326^\017jy\335\261""; networkTime: 803863191; firstSeq: 1; lastSeq: 1; "
1750547991600,1750547991600,130,1,2,3,TMStatusChange,"newEvent: neACCEPTED_LEDGER; ledgerSeq: 2; ledgerHash: ""\225\264N\222[\002\377-\202>\217\262\024\307\221\215\245J\034G6!\212${\335q\376\202\3611\332""; ledgerHashPrevious: ""-}\351f\032\255\274\334m\326c\017\014ao[\342\230\003\245\245\3341Hm\326^\017jy\335\261""; networkTime: 803863191; firstSeq: 1; lastSeq: 1; ","newEvent: neACCEPTED_LEDGER; ledgerSeq: 2; ledgerHash: ""\225\264N\222[\002\377-\202>\217\262\024\307\221\215\245J\034G6!\212${\335q\376\202\3611\332""; ledgerHashPrevious: ""-}\351f\032\255\274\334m\326c\017\014ao[\342\230\003\245\245\3341Hm\326^\017jy\335\261""; networkTime: 803863191; firstSeq: 1; lastSeq: 1; "
1750547991600,1750547991601,1265,1,2,3,TMValidation,"validation: """"\200\000\000\000&\000\000\000\002)/\351\372\227:\343\220\373\345}T|qQ\225\264N\222[\002\377-\202>\217\262\024\307\221\215\245J\034G6!\212${\335q\376\202\3611\332P\027\000\000\000\000\000\000\000\000\000\000\000\000\000\000\000\000\000\000\000\000\000\000\000\000\000\000\000\000\000\000\000\000P\031-}\351f\032\255\274\334m\326c\017\014ao[\342\230\003\245\245\3341Hm\326^\017jy\335\261s!\003N\005<J\210P\314cI<\226e*\260Ld\337\243n\262\212;\212*\334\320\233\366\035\327\250NvG0E\002!\000\322G\r\310\027\005\331\353\241i\371\310F\327D;\217g\013QT\327\016\246L\357\237\213\312i\366\377\002 )*\262i\2167\3369X\352f\226\257{K\2739\320\215\223\347\222\2311\336\030\231\nC\016<6""; ","validation: """"\200\000\000\000&\000\000\000\002)/\351\372\227:\343\220\373\345}T|qQ\225\264N\222[\002\377-\202>\217\262\024\307\221\215\245J\034G6!\212${\335q\376\202\3611\332P\027\000\000\000\000\000\000\000\000\000\000\000\000\000\000\000\000\000\000\000\000\000\000\000\000\000\000\000\000\000\000\000\000P\031-}\351f\032\255\274\334m\326c\017\014ao[\342\230\003\245\245\3341Hm\326^\017jy\335\261s!\003N\005<J\210P\314cI<\226e*\260Ld\337\243n\262\212;\212*\334\320\233\366\035\327\250NvG0E\002!\000\322G\r\310\027\005\331\353\241i\371\310F\327D;\217g\013QT\327\016\246L\357\237\213\312i\366\377\002 )*\262i\2167\3369X\352f\226\257{K\2739\320\215\223\347\222\2311\336\030\231\nC\016<6""; "
1750547991601,1750547991601,3161,1,2,1,TMStatusChange,"newEvent: neACCEPTED_LEDGER; ledgerSeq: 2; ledgerHash: ""\225\264N\222[\002\377-\202>\217\262\024\307\221\215\245J\034G6!\212${\335q\376\202\3611\332""; ledgerHashPrevious: ""-}\351f\032\255\274\334m\326c\017\014ao[\342\230\003\245\245\3341Hm\326^\017jy\335\261""; networkTime: 803863191; firstSeq: 1; lastSeq: 1; ","newEvent: neACCEPTED_LEDGER; ledgerSeq: 2; ledgerHash: ""\225\264N\222[\002\377-\202>\217\262\024\307\221\215\245J\034G6!\212${\335q\376\202\3611\332""; ledgerHashPrevious: ""-}\351f\032\255\274\334m\326c\017\014ao[\342\230\003\245\245\3341Hm\326^\017jy\335\261""; networkTime: 803863191; firstSeq: 1; lastSeq: 1; "
1750547991601,1750547991601,1124,1,2,1,TMValidation,"validation: """"\200\000\000\000&\000\000\000\002)/\351\372\227:\343\220\373\345}T|qQ\225\264N\222[\002\377-\202>\217\262\024\307\221\215\245J\034G6!\212${\335q\376\202\3611\332P\027\000\000\000\000\000\000\000\000\000\000\000\000\000\000\000\000\000\000\000\000\000\000\000\000\000\000\000\000\000\000\000\000P\031-}\351f\032\255\274\334m\326c\017\014ao[\342\230\003\245\245\3341Hm\326^\017jy\335\261s!\003N\005<J\210P\314cI<\226e*\260Ld\337\243n\262\212;\212*\334\320\233\366\035\327\250NvG0E\002!\000\322G\r\310\027\005\331\353\241i\371\310F\327D;\217g\013QT\327\016\246L\357\237\213\312i\366\377\002 )*\262i\2167\3369X\352f\226\257{K\2739\320\215\223\347\222\2311\336\030\231\nC\016<6""; ","validation: """"\200\000\000\000&\000\000\000\002)/\351\372\227:\343\220\373\345}T|qQ\225\264N\222[\002\377-\202>\217\262\024\307\221\215\245J\034G6!\212${\335q\376\202\3611\332P\027\000\000\000\000\000\000\000\000\000\000\000\000\000\000\000\000\000\000\000\000\000\000\000\000\000\000\000\000\000\000\000\000P\031-}\351f\032\255\274\334m\326c\017\014ao[\342\230\003\245\245\3341Hm\326^\017jy\335\261s!\003N\005<J\210P\314cI<\226e*\260Ld\337\243n\262\212;\212*\334\320\233\366\035\327\250NvG0E\002!\000\322G\r\310\027\005\331\353\241i\371\310F\327D;\217g\013QT\327\016\246L\357\237\213\312i\366\377\002 )*\262i\2167\3369X\352f\226\257{K\2739\320\215\223\347\222\2311\336\030\231\nC\016<6""; "
1750547991601,1750547991602,3375,1,2,4,TMStatusChange,"newEvent: neACCEPTED_LEDGER; ledgerSeq: 2; ledgerHash: ""\225\264N\222[\002\377-\202>\217\262\024\307\221\215\245J\034G6!\212${\335q\376\202\3611\332""; ledgerHashPrevious: ""-}\351f\032\255\274\334m\326c\017\014ao[\342\230\003\245\245\3341Hm\326^\017jy\335\261""; networkTime: 803863191; firstSeq: 1; lastSeq: 1; ","newEvent: neACCEPTED_LEDGER; ledgerSeq: 2; ledgerHash: ""\225\264N\222[\002\377-\202>\217\262\024\307\221\215\245J\034G6!\212${\335q\376\202\3611\332""; ledgerHashPrevious: ""-}\351f\032\255\274\334m\326c\017\014ao[\342\230\003\245\245\3341Hm\326^\017jy\335\261""; networkTime: 803863191; firstSeq: 1; lastSeq: 1; "
1750547991814,1750547991814,2154,1,0,3,TMValidation,"validation: """"\200\000\000\000&\000\000\000\002)/\351\372\227:\247\363v\236h\035\200jQ\225\264N\222[\002\377-\202>\217\262\024\307\221\215\245J\034G6!\212${\335q\376\202\3611\332P\027\000\000\000\000\000\000\000\000\000\000\000\000\000\000\000\000\000\000\000\000\000\000\000\000\000\000\000\000\000\000\000\000P\031-}\351f\032\255\274\334m\326c\017\014ao[\342\230\003\245\245\3341Hm\326^\017jy\335\261s!\0023\213\336|\027\2015r\210\325\2429\222\026\3277\371\013J\364K\305\017>7\362B\007\223\014\002\231vF0D\002 x\014\241\300c`%b\235$\251$\327\313\234J&\370\032sa+f\375\270\354\n'z\354\217n\002 #R\227\016\274{W\271\200\rLWx\261w\006!\320\263u7T\372j\032O\340<\323C\223\251""; ","validation: """"\200\000\000\000&\000\000\000\002)/\351\372\227:\247\363v\236h\035\200jQ\225\264N\222[\002\377-\202>\217\262\024\307\221\215\245J\034G6!\212${\335q\376\202\3611\332P\027\000\000\000\000\000\000\000\000\000\000\000\000\000\000\000\000\000\000\000\000\000\000\000\000\000\000\000\000\000\000\000\000P\031-}\351f\032\255\274\334m\326c\017\014ao[\342\230\003\245\245\3341Hm\326^\017jy\335\261s!\0023\213\336|\027\2015r\210\325\2429\222\026\3277\371\013J\364K\305\017>7\362B\007\223\014\002\231vF0D\002 x\014\241\300c`%b\235$\251$\327\313\234J&\370\032sa+f\375\270\354\n'z\354\217n\002 #R\227\016\274{W\271\200\rLWx\261w\006!\320\263u7T\372j\032O\340<\323C\223\251""; "
1750547991814,1750547991814,1713,1,0,3,TMStatusChange,"newEvent: neACCEPTED_LEDGER; ledgerSeq: 2; ledgerHash: ""\225\264N\222[\002\377-\202>\217\262\024\307\221\215\245J\034G6!\212${\335q\376\202\3611\332""; ledgerHashPrevious: ""-}\351f\032\255\274\334m\326c\017\014ao[\342\230\003\245\245\3341Hm\326^\017jy\335\261""; networkTime: 803863191; firstSeq: 1; lastSeq: 1; ","newEvent: neACCEPTED_LEDGER; ledgerSeq: 2; ledgerHash: ""\225\264N\222[\002\377-\202>\217\262\024\307\221\215\245J\034G6!\212${\335q\376\202\3611\332""; ledgerHashPrevious: ""-}\351f\032\255\274\334m\326c\017\014ao[\342\230\003\245\245\3341Hm\326^\017jy\335\261""; networkTime: 803863191; firstSeq: 1; lastSeq: 1; "
1750547991814,1750547991814,2558,1,0,4,TMValidation,"validation: """"\200\000\000\000&\000\000\000\002)/\351\372\227:\247\363v\236h\035\200jQ\225\264N\222[\002\377-\202>\217\262\024\307\221\215\245J\034G6!\212${\335q\376\202\3611\332P\027\000\000\000\000\000\000\000\000\000\000\000\000\000\000\000\000\000\000\000\000\000\000\000\000\000\000\000\000\000\000\000\000P\031-}\351f\032\255\274\334m\326c\017\014ao[\342\230\003\245\245\3341Hm\326^\017jy\335\261s!\0023\213\336|\027\2015r\210\325\2429\222\026\3277\371\013J\364K\305\017>7\362B\007\223\014\002\231vF0D\002 x\014\241\300c`%b\235$\251$\327\313\234J&\370\032sa+f\375\270\354\n'z\354\217n\002 #R\227\016\274{W\271\200\rLWx\261w\006!\320\263u7T\372j\032O\340<\323C\223\251""; ","validation: """"\200\000\000\000&\000\000\000\002)/\351\372\227:\247\363v\236h\035\200jQ\225\264N\222[\002\377-\202>\217\262\024\307\221\215\245J\034G6!\212${\335q\376\202\3611\332P\027\000\000\000\000\000\000\000\000\000\000\000\000\000\000\000\000\000\000\000\000\000\000\000\000\000\000\000\000\000\000\000\000P\031-}\351f\032\255\274\334m\326c\017\014ao[\342\230\003\245\245\3341Hm\326^\017jy\335\261s!\0023\213\336|\027\2015r\210\325\2429\222\026\3277\371\013J\364K\305\017>7\362B\007\223\014\002\231vF0D\002 x\014\241\300c`%b\235$\251$\327\313\234J&\370\032sa+f\375\270\354\n'z\354\217n\002 #R\227\016\274{W\271\200\rLWx\261w\006!\320\263u7T\372j\032O\340<\323C\223\251""; "
1750547991816,1750547991816,1491,1,0,4,TMStatusChange,"newEvent: neACCEPTED_LEDGER; ledgerSeq: 2; ledgerHash: ""\225\264N\222[\002\377-\202>\217\262\024\307\221\215\245J\034G6!\212${\335q\376\202\3611\332""; ledgerHashPrevious: ""-}\351f\032\255\274\334m\326c\017\014ao[\342\230\003\245\245\3341Hm\326^\017jy\335\261""; networkTime: 803863191; firstSeq: 1; lastSeq: 1; ","newEvent: neACCEPTED_LEDGER; ledgerSeq: 2; ledgerHash: ""\225\264N\222[\002\377-\202>\217\262\024\307\221\215\245J\034G6!\212${\335q\376\202\3611\332""; ledgerHashPrevious: ""-}\351f\032\255\274\334m\326c\017\014ao[\342\230\003\245\245\3341Hm\326^\017jy\335\261""; networkTime: 803863191; firstSeq: 1; lastSeq: 1; "
1750547991816,1750547991817,648,1,0,1,TMStatusChange,"newEvent: neACCEPTED_LEDGER; ledgerSeq: 2; ledgerHash: ""\225\264N\222[\002\377-\202>\217\262\024\307\221\215\245J\034G6!\212${\335q\376\202\3611\332""; ledgerHashPrevious: ""-}\351f\032\255\274\334m\326c\017\014ao[\342\230\003\245\245\3341Hm\326^\017jy\335\261""; networkTime: 803863191; firstSeq: 1; lastSeq: 1; ","newEvent: neACCEPTED_LEDGER; ledgerSeq: 2; ledgerHash: ""\225\264N\222[\002\377-\202>\217\262\024\307\221\215\245J\034G6!\212${\335q\376\202\3611\332""; ledgerHashPrevious: ""-}\351f\032\255\274\334m\326c\017\014ao[\342\230\003\245\245\3341Hm\326^\017jy\335\261""; networkTime: 803863191; firstSeq: 1; lastSeq: 1; "
1750547991817,1750547991817,1720,1,0,2,TMStatusChange,"newEvent: neACCEPTED_LEDGER; ledgerSeq: 2; ledgerHash: ""\225\264N\222[\002\377-\202>\217\262\024\307\221\215\245J\034G6!\212${\335q\376\202\3611\332""; ledgerHashPrevious: ""-}\351f\032\255\274\334m\326c\017\014ao[\342\230\003\245\245\3341Hm\326^\017jy\335\261""; networkTime: 803863191; firstSeq: 1; lastSeq: 1; ","newEvent: neACCEPTED_LEDGER; ledgerSeq: 2; ledgerHash: ""\225\264N\222[\002\377-\202>\217\262\024\307\221\215\245J\034G6!\212${\335q\376\202\3611\332""; ledgerHashPrevious: ""-}\351f\032\255\274\334m\326c\017\014ao[\342\230\003\245\245\3341Hm\326^\017jy\335\261""; networkTime: 803863191; firstSeq: 1; lastSeq: 1; "
1750547991817,1750547991817,1148,1,0,2,TMValidation,"validation: """"\200\000\000\000&\000\000\000\002)/\351\372\227:\247\363v\236h\035\200jQ\225\264N\222[\002\377-\202>\217\262\024\307\221\215\245J\034G6!\212${\335q\376\202\3611\332P\027\000\000\000\000\000\000\000\000\000\000\000\000\000\000\000\000\000\000\000\000\000\000\000\000\000\000\000\000\000\000\000\000P\031-}\351f\032\255\274\334m\326c\017\014ao[\342\230\003\245\245\3341Hm\326^\017jy\335\261s!\0023\213\336|\027\2015r\210\325\2429\222\026\3277\371\013J\364K\305\017>7\362B\007\223\014\002\231vF0D\002 x\014\241\300c`%b\235$\251$\327\313\234J&\370\032sa+f\375\270\354\n'z\354\217n\002 #R\227\016\274{W\271\200\rLWx\261w\006!\320\263u7T\372j\032O\340<\323C\223\251""; ","validation: """"\200\000\000\000&\000\000\000\002)/\351\372\227:\247\363v\236h\035\200jQ\225\264N\222[\002\377-\202>\217\262\024\307\221\215\245J\034G6!\212${\335q\376\202\3611\332P\027\000\000\000\000\000\000\000\000\000\000\000\000\000\000\000\000\000\000\000\000\000\000\000\000\000\000\000\000\000\000\000\000P\031-}\351f\032\255\274\334m\326c\017\014ao[\342\230\003\245\245\3341Hm\326^\017jy\335\261s!\0023\213\336|\027\2015r\210\325\2429\222\026\3277\371\013J\364K\305\017>7\362B\007\223\014\002\231vF0D\002 x\014\241\300c`%b\235$\251$\327\313\234J&\370\032sa+f\375\270\354\n'z\354\217n\002 #R\227\016\274{W\271\200\rLWx\261w\006!\320\263u7T\372j\032O\340<\323C\223\251""; "
1750547991817,1750547991817,939,1,0,1,TMValidation,"validation: """"\200\000\000\000&\000\000\000\002)/\351\372\227:\247\363v\236h\035\200jQ\225\264N\222[\002\377-\202>\217\262\024\307\221\215\245J\034G6!\212${\335q\376\202\3611\332P\027\000\000\000\000\000\000\000\000\000\000\000\000\000\000\000\000\000\000\000\000\000\000\000\000\000\000\000\000\000\000\000\000P\031-}\351f\032\255\274\334m\326c\017\014ao[\342\230\003\245\245\3341Hm\326^\017jy\335\261s!\0023\213\336|\027\2015r\210\325\2429\222\026\3277\371\013J\364K\305\017>7\362B\007\223\014\002\231vF0D\002 x\014\241\300c`%b\235$\251$\327\313\234J&\370\032sa+f\375\270\354\n'z\354\217n\002 #R\227\016\274{W\271\200\rLWx\261w\006!\320\263u7T\372j\032O\340<\323C\223\251""; ","validation: """"\200\000\000\000&\000\000\000\002)/\351\372\227:\247\363v\236h\035\200jQ\225\264N\222[\002\377-\202>\217\262\024\307\221\215\245J\034G6!\212${\335q\376\202\3611\332P\027\000\000\000\000\000\000\000\000\000\000\000\000\000\000\000\000\000\000\000\000\000\000\000\000\000\000\000\000\000\000\000\000P\031-}\351f\032\255\274\334m\326c\017\014ao[\342\230\003\245\245\3341Hm\326^\017jy\335\261s!\0023\213\336|\027\2015r\210\325\2429\222\026\3277\371\013J\364K\305\017>7\362B\007\223\014\002\231vF0D\002 x\014\241\300c`%b\235$\251$\327\313\234J&\370\032sa+f\375\270\354\n'z\354\217n\002 #R\227\016\274{W\271\200\rLWx\261w\006!\320\263u7T\372j\032O\340<\323C\223\251""; "
1750547992018,1750547992018,2337,1,4,2,TMValidation,"validation: """"\200\000\000\000&\000\000\000\002)/\351\372\230:|u\201\031\2565EFQ\225\264N\222[\002\377-\202>\217\262\024\307\221\215\245J\034G6!\212${\335q\376\202\3611\332P\027\000\000\000\000\000\000\000\000\000\000\000\000\000\000\000\000\000\000\000\000\000\000\000\000\000\000\000\000\000\000\000\000P\031-}\351f\032\255\274\334m\326c\017\014ao[\342\230\003\245\245\3341Hm\326^\017jy\335\261s!\003\204\272\025\033\n}\306\377\017\245\005\231\224O7 O&\347\353r\372\373\245\202\356\377\030\263\231\221*vF0D\002 *\031\254\212dr\270y )P#^\0049\021xk\256\370\021\301a\364\3212\221t\234Ua#\002 e\032+:u_b6\326\014\023brlK\022vH\200\177\014ku\340\214\031\021\215>L\333\231""; ","validation: """"\200\000\000\000&\000\000\000\002)/\351\372\230:|u\201\031\2565EFQ\225\264N\222[\002\377-\202>\217\262\024\307\221\215\245J\034G6!\212${\335q\376\202\3611\332P\027\000\000\000\000\000\000\000\000\000\000\000\000\000\000\000\000\000\000\000\000\000\000\000\000\000\000\000\000\000\000\000\000P\031-}\351f\032\255\274\334m\326c\017\014ao[\342\230\003\245\245\3341Hm\326^\017jy\335\261s!\003\204\272\025\033\n}\306\377\017\245\005\231\224O7 O&\347\353r\372\373\245\202\356\377\030\263\231\221*vF0D\002 *\031\254\212dr\270y )P#^\0049\021xk\256\370\021\301a\364\3212\221t\234Ua#\002 e\032+:u_b6\326\014\023brlK\022vH\200\177\014ku\340\214\031\021\215>L\333\231""; "
1750547992019,1750547992019,2763,1,4,2,TMStatusChange,"newEvent: neACCEPTED_LEDGER; ledgerSeq: 2; ledgerHash: ""\225\264N\222[\002\377-\202>\217\262\024\307\221\215\245J\034G6!\212${\335q\376\202\3611\332""; ledgerHashPrevious: ""-}\351f\032\255\274\334m\326c\017\014ao[\342\230\003\245\245\3341Hm\326^\017jy\335\261""; networkTime: 803863192; firstSeq: 1; lastSeq: 1; ","newEvent: neACCEPTED_LEDGER; ledgerSeq: 2; ledgerHash: ""\225\264N\222[\002\377-\202>\217\262\024\307\221\215\245J\034G6!\212${\335q\376\202\3611\332""; ledgerHashPrevious: ""-}\351f\032\255\274\334m\326c\017\014ao[\342\230\003\245\245\3341Hm\326^\017jy\335\261""; networkTime: 803863192; firstSeq: 1; lastSeq: 1; "
1750547992021,1750547992021,3810,1,4,3,TMStatusChange,"newEvent: neACCEPTED_LEDGER; ledgerSeq: 2; ledgerHash: ""\225\264N\222[\002\377-\202>\217\262\024\307\221\215\245J\034G6!\212${\335q\376\202\3611\332""; ledgerHashPrevious: ""-}\351f\032\255\274\334m\326c\017\014ao[\342\230\003\245\245\3341Hm\326^\017jy\335\261""; networkTime: 803863192; firstSeq: 1; lastSeq: 1; ","newEvent: neACCEPTED_LEDGER; ledgerSeq: 2; ledgerHash: ""\225\264N\222[\002\377-\202>\217\262\024\307\221\215\245J\034G6!\212${\335q\376\202\3611\332""; ledgerHashPrevious: ""-}\351f\032\255\274\334m\326c\017\014ao[\342\230\003\245\245\3341Hm\326^\017jy\335\261""; networkTime: 803863192; firstSeq: 1; lastSeq: 1; "
1750547992020,1750547992020,326,1,4,0,TMStatusChange,"newEvent: neACCEPTED_LEDGER; ledgerSeq: 2; ledgerHash: ""\225\264N\222[\002\377-\202>\217\262\024\307\221\215\245J\034G6!\212${\335q\376\202\3611\332""; ledgerHashPrevious: ""-}\351f\032\255\274\334m\326c\017\014ao[\342\230\003\245\245\3341Hm\326^\017jy\335\261""; networkTime: 803863192; firstSeq: 1; lastSeq: 1; ","newEvent: neACCEPTED_LEDGER; ledgerSeq: 2; ledgerHash: ""\225\264N\222[\002\377-\202>\217\262\024\307\221\215\245J\034G6!\212${\335q\376\202\3611\332""; ledgerHashPrevious: ""-}\351f\032\255\274\334m\326c\017\014ao[\342\230\003\245\245\3341Hm\326^\017jy\335\261""; networkTime: 803863192; firstSeq: 1; lastSeq: 1; "
1750547992022,1750547992022,2338,1,4,3,TMValidation,"validation: """"\200\000\000\000&\000\000\000\002)/\351\372\230:|u\201\031\2565EFQ\225\264N\222[\002\377-\202>\217\262\024\307\221\215\245J\034G6!\212${\335q\376\202\3611\332P\027\000\000\000\000\000\000\000\000\000\000\000\000\000\000\000\000\000\000\000\000\000\000\000\000\000\000\000\000\000\000\000\000P\031-}\351f\032\255\274\334m\326c\017\014ao[\342\230\003\245\245\3341Hm\326^\017jy\335\261s!\003\204\272\025\033\n}\306\377\017\245\005\231\224O7 O&\347\353r\372\373\245\202\356\377\030\263\231\221*vF0D\002 *\031\254\212dr\270y )P#^\0049\021xk\256\370\021\301a\364\3212\221t\234Ua#\002 e\032+:u_b6\326\014\023brlK\022vH\200\177\014ku\340\214\031\021\215>L\333\231""; ","validation: """"\200\000\000\000&\000\000\000\002)/\351\372\230:|u\201\031\2565EFQ\225\264N\222[\002\377-\202>\217\262\024\307\221\215\245J\034G6!\212${\335q\376\202\3611\332P\027\000\000\000\000\000\000\000\000\000\000\000\000\000\000\000\000\000\000\000\000\000\000\000\000\000\000\000\000\000\000\000\000P\031-}\351f\032\255\274\334m\326c\017\014ao[\342\230\003\245\245\3341Hm\326^\017jy\335\261s!\003\204\272\025\033\n}\306\377\017\245\005\231\224O7 O&\347\353r\372\373\245\202\356\377\030\263\231\221*vF0D\002 *\031\254\212dr\270y )P#^\0049\021xk\256\370\021\301a\364\3212\221t\234Ua#\002 e\032+:u_b6\326\014\023brlK\022vH\200\177\014ku\340\214\031\021\215>L\333\231""; "
1750547992022,1750547992022,2936,1,4,1,TMStatusChange,"newEvent: neACCEPTED_LEDGER; ledgerSeq: 2; ledgerHash: ""\225\264N\222[\002\377-\202>\217\262\024\307\221\215\245J\034G6!\212${\335q\376\202\3611\332""; ledgerHashPrevious: ""-}\351f\032\255\274\334m\326c\017\014ao[\342\230\003\245\245\3341Hm\326^\017jy\335\261""; networkTime: 803863192; firstSeq: 1; lastSeq: 1; ","newEvent: neACCEPTED_LEDGER; ledgerSeq: 2; ledgerHash: ""\225\264N\222[\002\377-\202>\217\262\024\307\221\215\245J\034G6!\212${\335q\376\202\3611\332""; ledgerHashPrevious: ""-}\351f\032\255\274\334m\326c\017\014ao[\342\230\003\245\245\3341Hm\326^\017jy\335\261""; networkTime: 803863192; firstSeq: 1; lastSeq: 1; "
1750547992022,1750547992022,3061,1,4,1,TMValidation,"validation: """"\200\000\000\000&\000\000\000\002)/\351\372\230:|u\201\031\2565EFQ\225\264N\222[\002\377-\202>\217\262\024\307\221\215\245J\034G6!\212${\335q\376\202\3611\332P\027\000\000\000\000\000\000\000\000\000\000\000\000\000\000\000\000\000\000\000\000\000\000\000\000\000\000\000\000\000\000\000\000P\031-}\351f\032\255\274\334m\326c\017\014ao[\342\230\003\245\245\3341Hm\326^\017jy\335\261s!\003\204\272\025\033\n}\306\377\017\245\005\231\224O7 O&\347\353r\372\373\245\202\356\377\030\263\231\221*vF0D\002 *\031\254\212dr\270y )P#^\0049\021xk\256\370\021\301a\364\3212\221t\234Ua#\002 e\032+:u_b6\326\014\023brlK\022vH\200\177\014ku\340\214\031\021\215>L\333\231""; ","validation: """"\200\000\000\000&\000\000\000\002)/\351\372\230:|u\201\031\2565EFQ\225\264N\222[\002\377-\202>\217\262\024\307\221\215\245J\034G6!\212${\335q\376\202\3611\332P\027\000\000\000\000\000\000\000\000\000\000\000\000\000\000\000\000\000\000\000\000\000\000\000\000\000\000\000\000\000\000\000\000P\031-}\351f\032\255\274\334m\326c\017\014ao[\342\230\003\245\245\3341Hm\326^\017jy\335\261s!\003\204\272\025\033\n}\306\377\017\245\005\231\224O7 O&\347\353r\372\373\245\202\356\377\030\263\231\221*vF0D\002 *\031\254\212dr\270y )P#^\0049\021xk\256\370\021\301a\364\3212\221t\234Ua#\002 e\032+:u_b6\326\014\023brlK\022vH\200\177\014ku\340\214\031\021\215>L\333\231""; "
1750547992020,1750547992020,2634,1,4,0,TMValidation,"validation: """"\200\000\000\000&\000\000\000\002)/\351\372\230:|u\201\031\2565EFQ\225\264N\222[\002\377-\202>\217\262\024\307\221\215\245J\034G6!\212${\335q\376\202\3611\332P\027\000\000\000\000\000\000\000\000\000\000\000\000\000\000\000\000\000\000\000\000\000\000\000\000\000\000\000\000\000\000\000\000P\031-}\351f\032\255\274\334m\326c\017\014ao[\342\230\003\245\245\3341Hm\326^\017jy\335\261s!\003\204\272\025\033\n}\306\377\017\245\005\231\224O7 O&\347\353r\372\373\245\202\356\377\030\263\231\221*vF0D\002 *\031\254\212dr\270y )P#^\0049\021xk\256\370\021\301a\364\3212\221t\234Ua#\002 e\032+:u_b6\326\014\023brlK\022vH\200\177\014ku\340\214\031\021\215>L\333\231""; ","validation: """"\200\000\000\000&\000\000\000\002)/\351\372\230:|u\201\031\2565EFQ\225\264N\222[\002\377-\202>\217\262\024\307\221\215\245J\034G6!\212${\335q\376\202\3611\332P\027\000\000\000\000\000\000\000\000\000\000\000\000\000\000\000\000\000\000\000\000\000\000\000\000\000\000\000\000\000\000\000\000P\031-}\351f\032\255\274\334m\326c\017\014ao[\342\230\003\245\245\3341Hm\326^\017jy\335\261s!\003\204\272\025\033\n}\306\377\017\245\005\231\224O7 O&\347\353r\372\373\245\202\356\377\030\263\231\221*vF0D\002 *\031\254\212dr\270y )P#^\0049\021xk\256\370\021\301a\364\3212\221t\234Ua#\002 e\032+:u_b6\326\014\023brlK\022vH\200\177\014ku\340\214\031\021\215>L\333\231""; "
1750547992049,1750547992049,1871,1,1,3,TMValidation,"validation: """"\200\000\000\000&\000\000\000\002)/\351\372\230:\274z\0232O\2076\246Q\225\264N\222[\002\377-\202>\217\262\024\307\221\215\245J\034G6!\212${\335q\376\202\3611\332P\027\000\000\000\000\000\000\000\000\000\000\000\000\000\000\000\000\000\000\000\000\000\000\000\000\000\000\000\000\000\000\000\000P\031-}\351f\032\255\274\334m\326c\017\014ao[\342\230\003\245\245\3341Hm\326^\017jy\335\261s!\003\004ed\372\252\222b)\273N\230\362\351M\371%\250\377\202n~\360\227\321\222\327\313^4\t\364\271vF0D\002 %\231\375\242d\323\232\260\256\262\037\025\016\340\020\250\361@1\327\340{\266\353\324V\201\334\304\024\363C\002 \010\002v\265F\221+\017qY\245\177%\250\021Y\316\024\316\023?\020;\032h\307\234\333\213%\220""""; ","validation: """"\200\000\000\000&\000\000\000\002)/\351\372\230:\274z\0232O\2076\246Q\225\264N\222[\002\377-\202>\217\262\024\307\221\215\245J\034G6!\212${\335q\376\202\3611\332P\027\000\000\000\000\000\000\000\000\000\000\000\000\000\000\000\000\000\000\000\000\000\000\000\000\000\000\000\000\000\000\000\000P\031-}\351f\032\255\274\334m\326c\017\014ao[\342\230\003\245\245\3341Hm\326^\017jy\335\261s!\003\004ed\372\252\222b)\273N\230\362\351M\371%\250\377\202n~\360\227\321\222\327\313^4\t\364\271vF0D\002 %\231\375\242d\323\232\260\256\262\037\025\016\340\020\250\361@1\327\340{\266\353\324V\201\334\304\024\363C\002 \010\002v\265F\221+\017qY\245\177%\250\021Y\316\024\316\023?\020;\032h\307\234\333\213%\220""""; "
1750547992049,1750547992050,1688,1,1,4,TMValidation,"validation: """"\200\000\000\000&\000\000\000\002)/\351\372\230:\274z\0232O\2076\246Q\225\264N\222[\002\377-\202>\217\262\024\307\221\215\245J\034G6!\212${\335q\376\202\3611\332P\027\000\000\000\000\000\000\000\000\000\000\000\000\000\000\000\000\000\000\000\000\000\000\000\000\000\000\000\000\000\000\000\000P\031-}\351f\032\255\274\334m\326c\017\014ao[\342\230\003\245\245\3341Hm\326^\017jy\335\261s!\003\004ed\372\252\222b)\273N\230\362\351M\371%\250\377\202n~\360\227\321\222\327\313^4\t\364\271vF0D\002 %\231\375\242d\323\232\260\256\262\037\025\016\340\020\250\361@1\327\340{\266\353\324V\201\334\304\024\363C\002 \010\002v\265F\221+\017qY\245\177%\250\021Y\316\024\316\023?\020;\032h\307\234\333\213%\220""""; ","validation: """"\200\000\000\000&\000\000\000\002)/\351\372\230:\274z\0232O\2076\246Q\225\264N\222[\002\377-\202>\217\262\024\307\221\215\245J\034G6!\212${\335q\376\202\3611\332P\027\000\000\000\000\000\000\000\000\000\000\000\000\000\000\000\000\000\000\000\000\000\000\000\000\000\000\000\000\000\000\000\000P\031-}\351f\032\255\274\334m\326c\017\014ao[\342\230\003\245\245\3341Hm\326^\017jy\335\261s!\003\004ed\372\252\222b)\273N\230\362\351M\371%\250\377\202n~\360\227\321\222\327\313^4\t\364\271vF0D\002 %\231\375\242d\323\232\260\256\262\037\025\016\340\020\250\361@1\327\340{\266\353\324V\201\334\304\024\363C\002 \010\002v\265F\221+\017qY\245\177%\250\021Y\316\024\316\023?\020;\032h\307\234\333\213%\220""""; "
1750547992050,1750547992050,373,1,1,4,TMStatusChange,"newEvent: neACCEPTED_LEDGER; ledgerSeq: 2; ledgerHash: ""\225\264N\222[\002\377-\202>\217\262\024\307\221\215\245J\034G6!\212${\335q\376\202\3611\332""; ledgerHashPrevious: ""-}\351f\032\255\274\334m\326c\017\014ao[\342\230\003\245\245\3341Hm\326^\017jy\335\261""; networkTime: 803863192; firstSeq: 1; lastSeq: 1; ","newEvent: neACCEPTED_LEDGER; ledgerSeq: 2; ledgerHash: ""\225\264N\222[\002\377-\202>\217\262\024\307\221\215\245J\034G6!\212${\335q\376\202\3611\332""; ledgerHashPrevious: ""-}\351f\032\255\274\334m\326c\017\014ao[\342\230\003\245\245\3341Hm\326^\017jy\335\261""; networkTime: 803863192; firstSeq: 1; lastSeq: 1; "
1750547992051,1750547992051,3011,1,1,0,TMValidation,"validation: """"\200\000\000\000&\000\000\000\002)/\351\372\230:\274z\0232O\2076\246Q\225\264N\222[\002\377-\202>\217\262\024\307\221\215\245J\034G6!\212${\335q\376\202\3611\332P\027\000\000\000\000\000\000\000\000\000\000\000\000\000\000\000\000\000\000\000\000\000\000\000\000\000\000\000\000\000\000\000\000P\031-}\351f\032\255\274\334m\326c\017\014ao[\342\230\003\245\245\3341Hm\326^\017jy\335\261s!\003\004ed\372\252\222b)\273N\230\362\351M\371%\250\377\202n~\360\227\321\222\327\313^4\t\364\271vF0D\002 %\231\375\242d\323\232\260\256\262\037\025\016\340\020\250\361@1\327\340{\266\353\324V\201\334\304\024\363C\002 \010\002v\265F\221+\017qY\245\177%\250\021Y\316\024\316\023?\020;\032h\307\234\333\213%\220""""; ","validation: """"\200\000\000\000&\000\000\000\002)/\351\372\230:\274z\0232O\2076\246Q\225\264N\222[\002\377-\202>\217\262\024\307\221\215\245J\034G6!\212${\335q\376\202\3611\332P\027\000\000\000\000\000\000\000\000\000\000\000\000\000\000\000\000\000\000\000\000\000\000\000\000\000\000\000\000\000\000\000\000P\031-}\351f\032\255\274\334m\326c\017\014ao[\342\230\003\245\245\3341Hm\326^\017jy\335\261s!\003\004ed\372\252\222b)\273N\230\362\351M\371%\250\377\202n~\360\227\321\222\327\313^4\t\364\271vF0D\002 %\231\375\242d\323\232\260\256\262\037\025\016\340\020\250\361@1\327\340{\266\353\324V\201\334\304\024\363C\002 \010\002v\265F\221+\017qY\245\177%\250\021Y\316\024\316\023?\020;\032h\307\234\333\213%\220""""; "
1750547992051,1750547992052,2696,1,1,0,TMStatusChange,"newEvent: neACCEPTED_LEDGER; ledgerSeq: 2; ledgerHash: ""\225\264N\222[\002\377-\202>\217\262\024\307\221\215\245J\034G6!\212${\335q\376\202\3611\332""; ledgerHashPrevious: ""-}\351f\032\255\274\334m\326c\017\014ao[\342\230\003\245\245\3341Hm\326^\017jy\335\261""; networkTime: 803863192; firstSeq: 1; lastSeq: 1; ","newEvent: neACCEPTED_LEDGER; ledgerSeq: 2; ledgerHash: ""\225\264N\222[\002\377-\202>\217\262\024\307\221\215\245J\034G6!\212${\335q\376\202\3611\332""; ledgerHashPrevious: ""-}\351f\032\255\274\334m\326c\017\014ao[\342\230\003\245\245\3341Hm\326^\017jy\335\261""; networkTime: 803863192; firstSeq: 1; lastSeq: 1; "
1750547992052,1750547992052,3036,1,1,2,TMStatusChange,"newEvent: neACCEPTED_LEDGER; ledgerSeq: 2; ledgerHash: ""\225\264N\222[\002\377-\202>\217\262\024\307\221\215\245J\034G6!\212${\335q\376\202\3611\332""; ledgerHashPrevious: ""-}\351f\032\255\274\334m\326c\017\014ao[\342\230\003\245\245\3341Hm\326^\017jy\335\261""; networkTime: 803863192; firstSeq: 1; lastSeq: 1; ","newEvent: neACCEPTED_LEDGER; ledgerSeq: 2; ledgerHash: ""\225\264N\222[\002\377-\202>\217\262\024\307\221\215\245J\034G6!\212${\335q\376\202\3611\332""; ledgerHashPrevious: ""-}\351f\032\255\274\334m\326c\017\014ao[\342\230\003\245\245\3341Hm\326^\017jy\335\261""; networkTime: 803863192; firstSeq: 1; lastSeq: 1; "
1750547992052,1750547992052,1543,1,1,3,TMStatusChange,"newEvent: neACCEPTED_LEDGER; ledgerSeq: 2; ledgerHash: ""\225\264N\222[\002\377-\202>\217\262\024\307\221\215\245J\034G6!\212${\335q\376\202\3611\332""; ledgerHashPrevious: ""-}\351f\032\255\274\334m\326c\017\014ao[\342\230\003\245\245\3341Hm\326^\017jy\335\261""; networkTime: 803863192; firstSeq: 1; lastSeq: 1; ","newEvent: neACCEPTED_LEDGER; ledgerSeq: 2; ledgerHash: ""\225\264N\222[\002\377-\202>\217\262\024\307\221\215\245J\034G6!\212${\335q\376\202\3611\332""; ledgerHashPrevious: ""-}\351f\032\255\274\334m\326c\017\014ao[\342\230\003\245\245\3341Hm\326^\017jy\335\261""; networkTime: 803863192; firstSeq: 1; lastSeq: 1; "
1750547992052,1750547992052,2090,1,1,2,TMValidation,"validation: """"\200\000\000\000&\000\000\000\002)/\351\372\230:\274z\0232O\2076\246Q\225\264N\222[\002\377-\202>\217\262\024\307\221\215\245J\034G6!\212${\335q\376\202\3611\332P\027\000\000\000\000\000\000\000\000\000\000\000\000\000\000\000\000\000\000\000\000\000\000\000\000\000\000\000\000\000\000\000\000P\031-}\351f\032\255\274\334m\326c\017\014ao[\342\230\003\245\245\3341Hm\326^\017jy\335\261s!\003\004ed\372\252\222b)\273N\230\362\351M\371%\250\377\202n~\360\227\321\222\327\313^4\t\364\271vF0D\002 %\231\375\242d\323\232\260\256\262\037\025\016\340\020\250\361@1\327\340{\266\353\324V\201\334\304\024\363C\002 \010\002v\265F\221+\017qY\245\177%\250\021Y\316\024\316\023?\020;\032h\307\234\333\213%\220""""; ","validation: """"\200\000\000\000&\000\000\000\002)/\351\372\230:\274z\0232O\2076\246Q\225\264N\222[\002\377-\202>\217\262\024\307\221\215\245J\034G6!\212${\335q\376\202\3611\332P\027\000\000\000\000\000\000\000\000\000\000\000\000\000\000\000\000\000\000\000\000\000\000\000\000\000\000\000\000\000\000\000\000P\031-}\351f\032\255\274\334m\326c\017\014ao[\342\230\003\245\245\3341Hm\326^\017jy\335\261s!\003\004ed\372\252\222b)\273N\230\362\351M\371%\250\377\202n~\360\227\321\222\327\313^4\t\364\271vF0D\002 %\231\375\242d\323\232\260\256\262\037\025\016\340\020\250\361@1\327\340{\266\353\324V\201\334\304\024\363C\002 \010\002v\265F\221+\017qY\245\177%\250\021Y\316\024\316\023?\020;\032h\307\234\333\213%\220""""; "
1750547992126,1750547992126,964,1,3,4,TMValidation,"validation: """"\200\000\000\000&\000\000\000\002)/\351\372\230:\361R\251Z\031\007\333\203Q\225\264N\222[\002\377-\202>\217\262\024\307\221\215\245J\034G6!\212${\335q\376\202\3611\332P\027\000\000\000\000\000\000\000\000\000\000\000\000\000\000\000\000\000\000\000\000\000\000\000\000\000\000\000\000\000\000\000\000P\031-}\351f\032\255\274\334m\326c\017\014ao[\342\230\003\245\245\3341Hm\326^\017jy\335\261s!\002{\225<\007\274u\243\357\240\252\252s\245\347\264t\n\270mW\350M\315Q\355\316q \341\326\rRvG0E\002!\000\264\251?\303iC\017\200&?\260\246\035-\230(>\227u\276u\001\263\021\0320D\r\205\202\300u\002 S\306e\324%oXhs\334\212\242\275\357\334r\206._\033\232Y3E\035z\250\266\305\226\r\004""; ","validation: """"\200\000\000\000&\000\000\000\002)/\351\372\230:\361R\251Z\031\007\333\203Q\225\264N\222[\002\377-\202>\217\262\024\307\221\215\245J\034G6!\212${\335q\376\202\3611\332P\027\000\000\000\000\000\000\000\000\000\000\000\000\000\000\000\000\000\000\000\000\000\000\000\000\000\000\000\000\000\000\000\000P\031-}\351f\032\255\274\334m\326c\017\014ao[\342\230\003\245\245\3341Hm\326^\017jy\335\261s!\002{\225<\007\274u\243\357\240\252\252s\245\347\264t\n\270mW\350M\315Q\355\316q \341\326\rRvG0E\002!\000\264\251?\303iC\017\200&?\260\246\035-\230(>\227u\276u\001\263\021\0320D\r\205\202\300u\002 S\306e\324%oXhs\334\212\242\275\357\334r\206._\033\232Y3E\035z\250\266\305\226\r\004""; "
1750547992127,1750547992127,504,1,3,4,TMStatusChange,"newEvent: neACCEPTED_LEDGER; ledgerSeq: 2; ledgerHash: ""\225\264N\222[\002\377-\202>\217\262\024\307\221\215\245J\034G6!\212${\335q\376\202\3611\332""; ledgerHashPrevious: ""-}\351f\032\255\274\334m\326c\017\014ao[\342\230\003\245\245\3341Hm\326^\017jy\335\261""; networkTime: 803863192; firstSeq: 1; lastSeq: 1; ","newEvent: neACCEPTED_LEDGER; ledgerSeq: 2; ledgerHash: ""\225\264N\222[\002\377-\202>\217\262\024\307\221\215\245J\034G6!\212${\335q\376\202\3611\332""; ledgerHashPrevious: ""-}\351f\032\255\274\334m\326c\017\014ao[\342\230\003\245\245\3341Hm\326^\017jy\335\261""; networkTime: 803863192; firstSeq: 1; lastSeq: 1; "
1750547992128,1750547992128,1482,1,3,2,TMValidation,"validation: """"\200\000\000\000&\000\000\000\002)/\351\372\230:\361R\251Z\031\007\333\203Q\225\264N\222[\002\377-\202>\217\262\024\307\221\215\245J\034G6!\212${\335q\376\202\3611\332P\027\000\000\000\000\000\000\000\000\000\000\000\000\000\000\000\000\000\000\000\000\000\000\000\000\000\000\000\000\000\000\000\000P\031-}\351f\032\255\274\334m\326c\017\014ao[\342\230\003\245\245\3341Hm\326^\017jy\335\261s!\002{\225<\007\274u\243\357\240\252\252s\245\347\264t\n\270mW\350M\315Q\355\316q \341\326\rRvG0E\002!\000\264\251?\303iC\017\200&?\260\246\035-\230(>\227u\276u\001\263\021\0320D\r\205\202\300u\002 S\306e\324%oXhs\334\212\242\275\357\334r\206._\033\232Y3E\035z\250\266\305\226\r\004""; ","validation: """"\200\000\000\000&\000\000\000\002)/\351\372\230:\361R\251Z\031\007\333\203Q\225\264N\222[\002\377-\202>\217\262\024\307\221\215\245J\034G6!\212${\335q\376\202\3611\332P\027\000\000\000\000\000\000\000\000\000\000\000\000\000\000\000\000\000\000\000\000\000\000\000\000\000\000\000\000\000\000\000\000P\031-}\351f\032\255\274\334m\326c\017\014ao[\342\230\003\245\245\3341Hm\326^\017jy\335\261s!\002{\225<\007\274u\243\357\240\252\252s\245\347\264t\n\270mW\350M\315Q\355\316q \341\326\rRvG0E\002!\000\264\251?\303iC\017\200&?\260\246\035-\230(>\227u\276u\001\263\021\0320D\r\205\202\300u\002 S\306e\324%oXhs\334\212\242\275\357\334r\206._\033\232Y3E\035z\250\266\305\226\r\004""; "
1750547992128,1750547992129,3432,1,3,1,TMValidation,"validation: """"\200\000\000\000&\000\000\000\002)/\351\372\230:\361R\251Z\031\007\333\203Q\225\264N\222[\002\377-\202>\217\262\024\307\221\215\245J\034G6!\212${\335q\376\202\3611\332P\027\000\000\000\000\000\000\000\000\000\000\000\000\000\000\000\000\000\000\000\000\000\000\000\000\000\000\000\000\000\000\000\000P\031-}\351f\032\255\274\334m\326c\017\014ao[\342\230\003\245\245\3341Hm\326^\017jy\335\261s!\002{\225<\007\274u\243\357\240\252\252s\245\347\264t\n\270mW\350M\315Q\355\316q \341\326\rRvG0E\002!\000\264\251?\303iC\017\200&?\260\246\035-\230(>\227u\276u\001\263\021\0320D\r\205\202\300u\002 S\306e\324%oXhs\334\212\242\275\357\334r\206._\033\232Y3E\035z\250\266\305\226\r\004""; ","validation: """"\200\000\000\000&\000\000\000\002)/\351\372\230:\361R\251Z\031\007\333\203Q\225\264N\222[\002\377-\202>\217\262\024\307\221\215\245J\034G6!\212${\335q\376\202\3611\332P\027\000\000\000\000\000\000\000\000\000\000\000\000\000\000\000\000\000\000\000\000\000\000\000\000\000\000\000\000\000\000\000\000P\031-}\351f\032\255\274\334m\326c\017\014ao[\342\230\003\245\245\3341Hm\326^\017jy\335\261s!\002{\225<\007\274u\243\357\240\252\252s\245\347\264t\n\270mW\350M\315Q\355\316q \341\326\rRvG0E\002!\000\264\251?\303iC\017\200&?\260\246\035-\230(>\227u\276u\001\263\021\0320D\r\205\202\300u\002 S\306e\324%oXhs\334\212\242\275\357\334r\206._\033\232Y3E\035z\250\266\305\226\r\004""; "
1750547992129,1750547992129,1246,1,3,2,TMStatusChange,"newEvent: neACCEPTED_LEDGER; ledgerSeq: 2; ledgerHash: ""\225\264N\222[\002\377-\202>\217\262\024\307\221\215\245J\034G6!\212${\335q\376\202\3611\332""; ledgerHashPrevious: ""-}\351f\032\255\274\334m\326c\017\014ao[\342\230\003\245\245\3341Hm\326^\017jy\335\261""; networkTime: 803863192; firstSeq: 1; lastSeq: 1; ","newEvent: neACCEPTED_LEDGER; ledgerSeq: 2; ledgerHash: ""\225\264N\222[\002\377-\202>\217\262\024\307\221\215\245J\034G6!\212${\335q\376\202\3611\332""; ledgerHashPrevious: ""-}\351f\032\255\274\334m\326c\017\014ao[\342\230\003\245\245\3341Hm\326^\017jy\335\261""; networkTime: 803863192; firstSeq: 1; lastSeq: 1; "
1750547992129,1750547992129,2206,1,3,0,TMValidation,"validation: """"\200\000\000\000&\000\000\000\002)/\351\372\230:\361R\251Z\031\007\333\203Q\225\264N\222[\002\377-\202>\217\262\024\307\221\215\245J\034G6!\212${\335q\376\202\3611\332P\027\000\000\000\000\000\000\000\000\000\000\000\000\000\000\000\000\000\000\000\000\000\000\000\000\000\000\000\000\000\000\000\000P\031-}\351f\032\255\274\334m\326c\017\014ao[\342\230\003\245\245\3341Hm\326^\017jy\335\261s!\002{\225<\007\274u\243\357\240\252\252s\245\347\264t\n\270mW\350M\315Q\355\316q \341\326\rRvG0E\002!\000\264\251?\303iC\017\200&?\260\246\035-\230(>\227u\276u\001\263\021\0320D\r\205\202\300u\002 S\306e\324%oXhs\334\212\242\275\357\334r\206._\033\232Y3E\035z\250\266\305\226\r\004""; ","validation: """"\200\000\000\000&\000\000\000\002)/\351\372\230:\361R\251Z\031\007\333\203Q\225\264N\222[\002\377-\202>\217\262\024\307\221\215\245J\034G6!\212${\335q\376\202\3611\332P\027\000\000\000\000\000\000\000\000\000\000\000\000\000\000\000\000\000\000\000\000\000\000\000\000\000\000\000\000\000\000\000\000P\031-}\351f\032\255\274\334m\326c\017\014ao[\342\230\003\245\245\3341Hm\326^\017jy\335\261s!\002{\225<\007\274u\243\357\240\252\252s\245\347\264t\n\270mW\350M\315Q\355\316q \341\326\rRvG0E\002!\000\264\251?\303iC\017\200&?\260\246\035-\230(>\227u\276u\001\263\021\0320D\r\205\202\300u\002 S\306e\324%oXhs\334\212\242\275\357\334r\206._\033\232Y3E\035z\250\266\305\226\r\004""; "
1750547992129,1750547992130,3141,1,3,1,TMStatusChange,"newEvent: neACCEPTED_LEDGER; ledgerSeq: 2; ledgerHash: ""\225\264N\222[\002\377-\202>\217\262\024\307\221\215\245J\034G6!\212${\335q\376\202\3611\332""; ledgerHashPrevious: ""-}\351f\032\255\274\334m\326c\017\014ao[\342\230\003\245\245\3341Hm\326^\017jy\335\261""; networkTime: 803863192; firstSeq: 1; lastSeq: 1; ","newEvent: neACCEPTED_LEDGER; ledgerSeq: 2; ledgerHash: ""\225\264N\222[\002\377-\202>\217\262\024\307\221\215\245J\034G6!\212${\335q\376\202\3611\332""; ledgerHashPrevious: ""-}\351f\032\255\274\334m\326c\017\014ao[\342\230\003\245\245\3341Hm\326^\017jy\335\261""; networkTime: 803863192; firstSeq: 1; lastSeq: 1; "
1750547992130,1750547992130,3400,1,3,0,TMStatusChange,"newEvent: neACCEPTED_LEDGER; ledgerSeq: 2; ledgerHash: ""\225\264N\222[\002\377-\202>\217\262\024\307\221\215\245J\034G6!\212${\335q\376\202\3611\332""; ledgerHashPrevious: ""-}\351f\032\255\274\334m\326c\017\014ao[\342\230\003\245\245\3341Hm\326^\017jy\335\261""; networkTime: 803863192; firstSeq: 1; lastSeq: 1; ","newEvent: neACCEPTED_LEDGER; ledgerSeq: 2; ledgerHash: ""\225\264N\222[\002\377-\202>\217\262\024\307\221\215\245J\034G6!\212${\335q\376\202\3611\332""; ledgerHashPrevious: ""-}\351f\032\255\274\334m\326c\017\014ao[\342\230\003\245\245\3341Hm\326^\017jy\335\261""; networkTime: 803863192; firstSeq: 1; lastSeq: 1; "
1750547992491,1750547992491,3061,1,4,1,TMValidation,"validation: """"\200\000\000\000&\000\000\000\002)/\351\372\227:\343\220\373\345}T|qQ\225\264N\222[\002\377-\202>\217\262\024\307\221\215\245J\034G6!\212${\335q\376\202\3611\332P\027\000\000\000\000\000\000\000\000\000\000\000\000\000\000\000\000\000\000\000\000\000\000\000\000\000\000\000\000\000\000\000\000P\031-}\351f\032\255\274\334m\326c\017\014ao[\342\230\003\245\245\3341Hm\326^\017jy\335\261s!\003N\005<J\210P\314cI<\226e*\260Ld\337\243n\262\212;\212*\334\320\233\366\035\327\250NvG0E\002!\000\322G\r\310\027\005\331\353\241i\371\310F\327D;\217g\013QT\327\016\246L\357\237\213\312i\366\377\002 )*\262i\2167\3369X\352f\226\257{K\2739\320\215\223\347\222\2311\336\030\231\nC\016<6""; ","validation: """"\200\000\000\000&\000\000\000\002)/\351\372\227:\343\220\373\345}T|qQ\225\264N\222[\002\377-\202>\217\262\024\307\221\215\245J\034G6!\212${\335q\376\202\3611\332P\027\000\000\000\000\000\000\000\000\000\000\000\000\000\000\000\000\000\000\000\000\000\000\000\000\000\000\000\000\000\000\000\000P\031-}\351f\032\255\274\334m\326c\017\014ao[\342\230\003\245\245\3341Hm\326^\017jy\335\261s!\003N\005<J\210P\314cI<\226e*\260Ld\337\243n\262\212;\212*\334\320\233\366\035\327\250NvG0E\002!\000\322G\r\310\027\005\331\353\241i\371\310F\327D;\217g\013QT\327\016\246L\357\237\213\312i\366\377\002 )*\262i\2167\3369X\352f\226\257{K\2739\320\215\223\347\222\2311\336\030\231\nC\016<6""; "
1750547992491,1750547992491,2634,1,4,0,TMValidation,"validation: """"\200\000\000\000&\000\000\000\002)/\351\372\227:\343\220\373\345}T|qQ\225\264N\222[\002\377-\202>\217\262\024\307\221\215\245J\034G6!\212${\335q\376\202\3611\332P\027\000\000\000\000\000\000\000\000\000\000\000\000\000\000\000\000\000\000\000\000\000\000\000\000\000\000\000\000\000\000\000\000P\031-}\351f\032\255\274\334m\326c\017\014ao[\342\230\003\245\245\3341Hm\326^\017jy\335\261s!\003N\005<J\210P\314cI<\226e*\260Ld\337\243n\262\212;\212*\334\320\233\366\035\327\250NvG0E\002!\000\322G\r\310\027\005\331\353\241i\371\310F\327D;\217g\013QT\327\016\246L\357\237\213\312i\366\377\002 )*\262i\2167\3369X\352f\226\257{K\2739\320\215\223\347\222\2311\336\030\231\nC\016<6""; ","validation: """"\200\000\000\000&\000\000\000\002)/\351\372\227:\343\220\373\345}T|qQ\225\264N\222[\002\377-\202>\217\262\024\307\221\215\245J\034G6!\212${\335q\376\202\3611\332P\027\000\000\000\000\000\000\000\000\000\000\000\000\000\000\000\000\000\000\000\000\000\000\000\000\000\000\000\000\000\000\000\000P\031-}\351f\032\255\274\334m\326c\017\014ao[\342\230\003\245\245\3341Hm\326^\017jy\335\261s!\003N\005<J\210P\314cI<\226e*\260Ld\337\243n\262\212;\212*\334\320\233\366\035\327\250NvG0E\002!\000\322G\r\310\027\005\331\353\241i\371\310F\327D;\217g\013QT\327\016\246L\357\237\213\312i\366\377\002 )*\262i\2167\3369X\352f\226\257{K\2739\320\215\223\347\222\2311\336\030\231\nC\016<6""; "
1750547992491,1750547992492,2338,1,4,3,TMValidation,"validation: """"\200\000\000\000&\000\000\000\002)/\351\372\227:\343\220\373\345}T|qQ\225\264N\222[\002\377-\202>\217\262\024\307\221\215\245J\034G6!\212${\335q\376\202\3611\332P\027\000\000\000\000\000\000\000\000\000\000\000\000\000\000\000\000\000\000\000\000\000\000\000\000\000\000\000\000\000\000\000\000P\031-}\351f\032\255\274\334m\326c\017\014ao[\342\230\003\245\245\3341Hm\326^\017jy\335\261s!\003N\005<J\210P\314cI<\226e*\260Ld\337\243n\262\212;\212*\334\320\233\366\035\327\250NvG0E\002!\000\322G\r\310\027\005\331\353\241i\371\310F\327D;\217g\013QT\327\016\246L\357\237\213\312i\366\377\002 )*\262i\2167\3369X\352f\226\257{K\2739\320\215\223\347\222\2311\336\030\231\nC\016<6""; ","validation: """"\200\000\000\000&\000\000\000\002)/\351\372\227:\343\220\373\345}T|qQ\225\264N\222[\002\377-\202>\217\262\024\307\221\215\245J\034G6!\212${\335q\376\202\3611\332P\027\000\000\000\000\000\000\000\000\000\000\000\000\000\000\000\000\000\000\000\000\000\000\000\000\000\000\000\000\000\000\000\000P\031-}\351f\032\255\274\334m\326c\017\014ao[\342\230\003\245\245\3341Hm\326^\017jy\335\261s!\003N\005<J\210P\314cI<\226e*\260Ld\337\243n\262\212;\212*\334\320\233\366\035\327\250NvG0E\002!\000\322G\r\310\027\005\331\353\241i\371\310F\327D;\217g\013QT\327\016\246L\357\237\213\312i\366\377\002 )*\262i\2167\3369X\352f\226\257{K\2739\320\215\223\347\222\2311\336\030\231\nC\016<6""; "
1750547992724,1750547992724,1688,1,1,4,TMValidation,"validation: """"\200\000\000\000&\000\000\000\002)/\351\372\227:\343\220\373\345}T|qQ\225\264N\222[\002\377-\202>\217\262\024\307\221\215\245J\034G6!\212${\335q\376\202\3611\332P\027\000\000\000\000\000\000\000\000\000\000\000\000\000\000\000\000\000\000\000\000\000\000\000\000\000\000\000\000\000\000\000\000P\031-}\351f\032\255\274\334m\326c\017\014ao[\342\230\003\245\245\3341Hm\326^\017jy\335\261s!\003N\005<J\210P\314cI<\226e*\260Ld\337\243n\262\212;\212*\334\320\233\366\035\327\250NvG0E\002!\000\322G\r\310\027\005\331\353\241i\371\310F\327D;\217g\013QT\327\016\246L\357\237\213\312i\366\377\002 )*\262i\2167\3369X\352f\226\257{K\2739\320\215\223\347\222\2311\336\030\231\nC\016<6""; ","validation: """"\200\000\000\000&\000\000\000\002)/\351\372\227:\343\220\373\345}T|qQ\225\264N\222[\002\377-\202>\217\262\024\307\221\215\245J\034G6!\212${\335q\376\202\3611\332P\027\000\000\000\000\000\000\000\000\000\000\000\000\000\000\000\000\000\000\000\000\000\000\000\000\000\000\000\000\000\000\000\000P\031-}\351f\032\255\274\334m\326c\017\014ao[\342\230\003\245\245\3341Hm\326^\017jy\335\261s!\003N\005<J\210P\314cI<\226e*\260Ld\337\243n\262\212;\212*\334\320\233\366\035\327\250NvG0E\002!\000\322G\r\310\027\005\331\353\241i\371\310F\327D;\217g\013QT\327\016\246L\357\237\213\312i\366\377\002 )*\262i\2167\3369X\352f\226\257{K\2739\320\215\223\347\222\2311\336\030\231\nC\016<6""; "
1750547992725,1750547992725,1871,1,1,3,TMValidation,"validation: """"\200\000\000\000&\000\000\000\002)/\351\372\227:\343\220\373\345}T|qQ\225\264N\222[\002\377-\202>\217\262\024\307\221\215\245J\034G6!\212${\335q\376\202\3611\332P\027\000\000\000\000\000\000\000\000\000\000\000\000\000\000\000\000\000\000\000\000\000\000\000\000\000\000\000\000\000\000\000\000P\031-}\351f\032\255\274\334m\326c\017\014ao[\342\230\003\245\245\3341Hm\326^\017jy\335\261s!\003N\005<J\210P\314cI<\226e*\260Ld\337\243n\262\212;\212*\334\320\233\366\035\327\250NvG0E\002!\000\322G\r\310\027\005\331\353\241i\371\310F\327D;\217g\013QT\327\016\246L\357\237\213\312i\366\377\002 )*\262i\2167\3369X\352f\226\257{K\2739\320\215\223\347\222\2311\336\030\231\nC\016<6""; ","validation: """"\200\000\000\000&\000\000\000\002)/\351\372\227:\343\220\373\345}T|qQ\225\264N\222[\002\377-\202>\217\262\024\307\221\215\245J\034G6!\212${\335q\376\202\3611\332P\027\000\000\000\000\000\000\000\000\000\000\000\000\000\000\000\000\000\000\000\000\000\000\000\000\000\000\000\000\000\000\000\000P\031-}\351f\032\255\274\334m\326c\017\014ao[\342\230\003\245\245\3341Hm\326^\017jy\335\261s!\003N\005<J\210P\314cI<\226e*\260Ld\337\243n\262\212;\212*\334\320\233\366\035\327\250NvG0E\002!\000\322G\r\310\027\005\331\353\241i\371\310F\327D;\217g\013QT\327\016\246L\357\237\213\312i\366\377\002 )*\262i\2167\3369X\352f\226\257{K\2739\320\215\223\347\222\2311\336\030\231\nC\016<6""; "
1750547992725,1750547992725,3011,1,1,0,TMValidation,"validation: """"\200\000\000\000&\000\000\000\002)/\351\372\227:\343\220\373\345}T|qQ\225\264N\222[\002\377-\202>\217\262\024\307\221\215\245J\034G6!\212${\335q\376\202\3611\332P\027\000\000\000\000\000\000\000\000\000\000\000\000\000\000\000\000\000\000\000\000\000\000\000\000\000\000\000\000\000\000\000\000P\031-}\351f\032\255\274\334m\326c\017\014ao[\342\230\003\245\245\3341Hm\326^\017jy\335\261s!\003N\005<J\210P\314cI<\226e*\260Ld\337\243n\262\212;\212*\334\320\233\366\035\327\250NvG0E\002!\000\322G\r\310\027\005\331\353\241i\371\310F\327D;\217g\013QT\327\016\246L\357\237\213\312i\366\377\002 )*\262i\2167\3369X\352f\226\257{K\2739\320\215\223\347\222\2311\336\030\231\nC\016<6""; ","validation: """"\200\000\000\000&\000\000\000\002)/\351\372\227:\343\220\373\345}T|qQ\225\264N\222[\002\377-\202>\217\262\024\307\221\215\245J\034G6!\212${\335q\376\202\3611\332P\027\000\000\000\000\000\000\000\000\000\000\000\000\000\000\000\000\000\000\000\000\000\000\000\000\000\000\000\000\000\000\000\000P\031-}\351f\032\255\274\334m\326c\017\014ao[\342\230\003\245\245\3341Hm\326^\017jy\335\261s!\003N\005<J\210P\314cI<\226e*\260Ld\337\243n\262\212;\212*\334\320\233\366\035\327\250NvG0E\002!\000\322G\r\310\027\005\331\353\241i\371\310F\327D;\217g\013QT\327\016\246L\357\237\213\312i\366\377\002 )*\262i\2167\3369X\352f\226\257{K\2739\320\215\223\347\222\2311\336\030\231\nC\016<6""; "
1750547992742,1750547992742,2154,1,0,3,TMValidation,"validation: """"\200\000\000\000&\000\000\000\002)/\351\372\227:\343\220\373\345}T|qQ\225\264N\222[\002\377-\202>\217\262\024\307\221\215\245J\034G6!\212${\335q\376\202\3611\332P\027\000\000\000\000\000\000\000\000\000\000\000\000\000\000\000\000\000\000\000\000\000\000\000\000\000\000\000\000\000\000\000\000P\031-}\351f\032\255\274\334m\326c\017\014ao[\342\230\003\245\245\3341Hm\326^\017jy\335\261s!\003N\005<J\210P\314cI<\226e*\260Ld\337\243n\262\212;\212*\334\320\233\366\035\327\250NvG0E\002!\000\322G\r\310\027\005\331\353\241i\371\310F\327D;\217g\013QT\327\016\246L\357\237\213\312i\366\377\002 )*\262i\2167\3369X\352f\226\257{K\2739\320\215\223\347\222\2311\336\030\231\nC\016<6""; ","validation: """"\200\000\000\000&\000\000\000\002)/\351\372\227:\343\220\373\345}T|qQ\225\264N\222[\002\377-\202>\217\262\024\307\221\215\245J\034G6!\212${\335q\376\202\3611\332P\027\000\000\000\000\000\000\000\000\000\000\000\000\000\000\000\000\000\000\000\000\000\000\000\000\000\000\000\000\000\000\000\000P\031-}\351f\032\255\274\334m\326c\017\014ao[\342\230\003\245\245\3341Hm\326^\017jy\335\261s!\003N\005<J\210P\314cI<\226e*\260Ld\337\243n\262\212;\212*\334\320\233\366\035\327\250NvG0E\002!\000\322G\r\310\027\005\331\353\241i\371\310F\327D;\217g\013QT\327\016\246L\357\237\213\312i\366\377\002 )*\262i\2167\3369X\352f\226\257{K\2739\320\215\223\347\222\2311\336\030\231\nC\016<6""; "
1750547992742,1750547992742,2558,1,0,4,TMValidation,"validation: """"\200\000\000\000&\000\000\000\002)/\351\372\227:\343\220\373\345}T|qQ\225\264N\222[\002\377-\202>\217\262\024\307\221\215\245J\034G6!\212${\335q\376\202\3611\332P\027\000\000\000\000\000\000\000\000\000\000\000\000\000\000\000\000\000\000\000\000\000\000\000\000\000\000\000\000\000\000\000\000P\031-}\351f\032\255\274\334m\326c\017\014ao[\342\230\003\245\245\3341Hm\326^\017jy\335\261s!\003N\005<J\210P\314cI<\226e*\260Ld\337\243n\262\212;\212*\334\320\233\366\035\327\250NvG0E\002!\000\322G\r\310\027\005\331\353\241i\371\310F\327D;\217g\013QT\327\016\246L\357\237\213\312i\366\377\002 )*\262i\2167\3369X\352f\226\257{K\2739\320\215\223\347\222\2311\336\030\231\nC\016<6""; ","validation: """"\200\000\000\000&\000\000\000\002)/\351\372\227:\343\220\373\345}T|qQ\225\264N\222[\002\377-\202>\217\262\024\307\221\215\245J\034G6!\212${\335q\376\202\3611\332P\027\000\000\000\000\000\000\000\000\000\000\000\000\000\000\000\000\000\000\000\000\000\000\000\000\000\000\000\000\000\000\000\000P\031-}\351f\032\255\274\334m\326c\017\014ao[\342\230\003\245\245\3341Hm\326^\017jy\335\261s!\003N\005<J\210P\314cI<\226e*\260Ld\337\243n\262\212;\212*\334\320\233\366\035\327\250NvG0E\002!\000\322G\r\310\027\005\331\353\241i\371\310F\327D;\217g\013QT\327\016\246L\357\237\213\312i\366\377\002 )*\262i\2167\3369X\352f\226\257{K\2739\320\215\223\347\222\2311\336\030\231\nC\016<6""; "
1750547992743,1750547992743,939,1,0,1,TMValidation,"validation: """"\200\000\000\000&\000\000\000\002)/\351\372\227:\343\220\373\345}T|qQ\225\264N\222[\002\377-\202>\217\262\024\307\221\215\245J\034G6!\212${\335q\376\202\3611\332P\027\000\000\000\000\000\000\000\000\000\000\000\000\000\000\000\000\000\000\000\000\000\000\000\000\000\000\000\000\000\000\000\000P\031-}\351f\032\255\274\334m\326c\017\014ao[\342\230\003\245\245\3341Hm\326^\017jy\335\261s!\003N\005<J\210P\314cI<\226e*\260Ld\337\243n\262\212;\212*\334\320\233\366\035\327\250NvG0E\002!\000\322G\r\310\027\005\331\353\241i\371\310F\327D;\217g\013QT\327\016\246L\357\237\213\312i\366\377\002 )*\262i\2167\3369X\352f\226\257{K\2739\320\215\223\347\222\2311\336\030\231\nC\016<6""; ","validation: """"\200\000\000\000&\000\000\000\002)/\351\372\227:\343\220\373\345}T|qQ\225\264N\222[\002\377-\202>\217\262\024\307\221\215\245J\034G6!\212${\335q\376\202\3611\332P\027\000\000\000\000\000\000\000\000\000\000\000\000\000\000\000\000\000\000\000\000\000\000\000\000\000\000\000\000\000\000\000\000P\031-}\351f\032\255\274\334m\326c\017\014ao[\342\230\003\245\245\3341Hm\326^\017jy\335\261s!\003N\005<J\210P\314cI<\226e*\260Ld\337\243n\262\212;\212*\334\320\233\366\035\327\250NvG0E\002!\000\322G\r\310\027\005\331\353\241i\371\310F\327D;\217g\013QT\327\016\246L\357\237\213\312i\366\377\002 )*\262i\2167\3369X\352f\226\257{K\2739\320\215\223\347\222\2311\336\030\231\nC\016<6""; "
1750547992755,1750547992756,2090,1,1,2,TMValidation,"validation: """"\200\000\000\000&\000\000\000\002)/\351\372\227:\247\363v\236h\035\200jQ\225\264N\222[\002\377-\202>\217\262\024\307\221\215\245J\034G6!\212${\335q\376\202\3611\332P\027\000\000\000\000\000\000\000\000\000\000\000\000\000\000\000\000\000\000\000\000\000\000\000\000\000\000\000\000\000\000\000\000P\031-}\351f\032\255\274\334m\326c\017\014ao[\342\230\003\245\245\3341Hm\326^\017jy\335\261s!\0023\213\336|\027\2015r\210\325\2429\222\026\3277\371\013J\364K\305\017>7\362B\007\223\014\002\231vF0D\002 x\014\241\300c`%b\235$\251$\327\313\234J&\370\032sa+f\375\270\354\n'z\354\217n\002 #R\227\016\274{W\271\200\rLWx\261w\006!\320\263u7T\372j\032O\340<\323C\223\251""; ","validation: """"\200\000\000\000&\000\000\000\002)/\351\372\227:\247\363v\236h\035\200jQ\225\264N\222[\002\377-\202>\217\262\024\307\221\215\245J\034G6!\212${\335q\376\202\3611\332P\027\000\000\000\000\000\000\000\000\000\000\000\000\000\000\000\000\000\000\000\000\000\000\000\000\000\000\000\000\000\000\000\000P\031-}\351f\032\255\274\334m\326c\017\014ao[\342\230\003\245\245\3341Hm\326^\017jy\335\261s!\0023\213\336|\027\2015r\210\325\2429\222\026\3277\371\013J\364K\305\017>7\362B\007\223\014\002\231vF0D\002 x\014\241\300c`%b\235$\251$\327\313\234J&\370\032sa+f\375\270\354\n'z\354\217n\002 #R\227\016\274{W\271\200\rLWx\261w\006!\320\263u7T\372j\032O\340<\323C\223\251""; "
1750547992756,1750547992756,1688,1,1,4,TMValidation,"validation: """"\200\000\000\000&\000\000\000\002)/\351\372\227:\247\363v\236h\035\200jQ\225\264N\222[\002\377-\202>\217\262\024\307\221\215\245J\034G6!\212${\335q\376\202\3611\332P\027\000\000\000\000\000\000\000\000\000\000\000\000\000\000\000\000\000\000\000\000\000\000\000\000\000\000\000\000\000\000\000\000P\031-}\351f\032\255\274\334m\326c\017\014ao[\342\230\003\245\245\3341Hm\326^\017jy\335\261s!\0023\213\336|\027\2015r\210\325\2429\222\026\3277\371\013J\364K\305\017>7\362B\007\223\014\002\231vF0D\002 x\014\241\300c`%b\235$\251$\327\313\234J&\370\032sa+f\375\270\354\n'z\354\217n\002 #R\227\016\274{W\271\200\rLWx\261w\006!\320\263u7T\372j\032O\340<\323C\223\251""; ","validation: """"\200\000\000\000&\000\000\000\002)/\351\372\227:\247\363v\236h\035\200jQ\225\264N\222[\002\377-\202>\217\262\024\307\221\215\245J\034G6!\212${\335q\376\202\3611\332P\027\000\000\000\000\000\000\000\000\000\000\000\000\000\000\000\000\000\000\000\000\000\000\000\000\000\000\000\000\000\000\000\000P\031-}\351f\032\255\274\334m\326c\017\014ao[\342\230\003\245\245\3341Hm\326^\017jy\335\261s!\0023\213\336|\027\2015r\210\325\2429\222\026\3277\371\013J\364K\305\017>7\362B\007\223\014\002\231vF0D\002 x\014\241\300c`%b\235$\251$\327\313\234J&\370\032sa+f\375\270\354\n'z\354\217n\002 #R\227\016\274{W\271\200\rLWx\261w\006!\320\263u7T\372j\032O\340<\323C\223\251""; "
1750547992756,1750547992756,1871,1,1,3,TMValidation,"validation: """"\200\000\000\000&\000\000\000\002)/\351\372\227:\247\363v\236h\035\200jQ\225\264N\222[\002\377-\202>\217\262\024\307\221\215\245J\034G6!\212${\335q\376\202\3611\332P\027\000\000\000\000\000\000\000\000\000\000\000\000\000\000\000\000\000\000\000\000\000\000\000\000\000\000\000\000\000\000\000\000P\031-}\351f\032\255\274\334m\326c\017\014ao[\342\230\003\245\245\3341Hm\326^\017jy\335\261s!\0023\213\336|\027\2015r\210\325\2429\222\026\3277\371\013J\364K\305\017>7\362B\007\223\014\002\231vF0D\002 x\014\241\300c`%b\235$\251$\327\313\234J&\370\032sa+f\375\270\354\n'z\354\217n\002 #R\227\016\274{W\271\200\rLWx\261w\006!\320\263u7T\372j\032O\340<\323C\223\251""; ","validation: """"\200\000\000\000&\000\000\000\002)/\351\372\227:\247\363v\236h\035\200jQ\225\264N\222[\002\377-\202>\217\262\024\307\221\215\245J\034G6!\212${\335q\376\202\3611\332P\027\000\000\000\000\000\000\000\000\000\000\000\000\000\000\000\000\000\000\000\000\000\000\000\000\000\000\000\000\000\000\000\000P\031-}\351f\032\255\274\334m\326c\017\014ao[\342\230\003\245\245\3341Hm\326^\017jy\335\261s!\0023\213\336|\027\2015r\210\325\2429\222\026\3277\371\013J\364K\305\017>7\362B\007\223\014\002\231vF0D\002 x\014\241\300c`%b\235$\251$\327\313\234J&\370\032sa+f\375\270\354\n'z\354\217n\002 #R\227\016\274{W\271\200\rLWx\261w\006!\320\263u7T\372j\032O\340<\323C\223\251""; "
1750547992865,1750547992865,964,1,3,4,TMValidation,"validation: """"\200\000\000\000&\000\000\000\002)/\351\372\227:\343\220\373\345}T|qQ\225\264N\222[\002\377-\202>\217\262\024\307\221\215\245J\034G6!\212${\335q\376\202\3611\332P\027\000\000\000\000\000\000\000\000\000\000\000\000\000\000\000\000\000\000\000\000\000\000\000\000\000\000\000\000\000\000\000\000P\031-}\351f\032\255\274\334m\326c\017\014ao[\342\230\003\245\245\3341Hm\326^\017jy\335\261s!\003N\005<J\210P\314cI<\226e*\260Ld\337\243n\262\212;\212*\334\320\233\366\035\327\250NvG0E\002!\000\322G\r\310\027\005\331\353\241i\371\310F\327D;\217g\013QT\327\016\246L\357\237\213\312i\366\377\002 )*\262i\2167\3369X\352f\226\257{K\2739\320\215\223\347\222\2311\336\030\231\nC\016<6""; ","validation: """"\200\000\000\000&\000\000\000\002)/\351\372\227:\343\220\373\345}T|qQ\225\264N\222[\002\377-\202>\217\262\024\307\221\215\245J\034G6!\212${\335q\376\202\3611\332P\027\000\000\000\000\000\000\000\000\000\000\000\000\000\000\000\000\000\000\000\000\000\000\000\000\000\000\000\000\000\000\000\000P\031-}\351f\032\255\274\334m\326c\017\014ao[\342\230\003\245\245\3341Hm\326^\017jy\335\261s!\003N\005<J\210P\314cI<\226e*\260Ld\337\243n\262\212;\212*\334\320\233\366\035\327\250NvG0E\002!\000\322G\r\310\027\005\331\353\241i\371\310F\327D;\217g\013QT\327\016\246L\357\237\213\312i\366\377\002 )*\262i\2167\3369X\352f\226\257{K\2739\320\215\223\347\222\2311\336\030\231\nC\016<6""; "
1750547992866,1750547992866,3432,1,3,1,TMValidation,"validation: """"\200\000\000\000&\000\000\000\002)/\351\372\227:\343\220\373\345}T|qQ\225\264N\222[\002\377-\202>\217\262\024\307\221\215\245J\034G6!\212${\335q\376\202\3611\332P\027\000\000\000\000\000\000\000\000\000\000\000\000\000\000\000\000\000\000\000\000\000\000\000\000\000\000\000\000\000\000\000\000P\031-}\351f\032\255\274\334m\326c\017\014ao[\342\230\003\245\245\3341Hm\326^\017jy\335\261s!\003N\005<J\210P\314cI<\226e*\260Ld\337\243n\262\212;\212*\334\320\233\366\035\327\250NvG0E\002!\000\322G\r\310\027\005\331\353\241i\371\310F\327D;\217g\013QT\327\016\246L\357\237\213\312i\366\377\002 )*\262i\2167\3369X\352f\226\257{K\2739\320\215\223\347\222\2311\336\030\231\nC\016<6""; ","validation: """"\200\000\000\000&\000\000\000\002)/\351\372\227:\343\220\373\345}T|qQ\225\264N\222[\002\377-\202>\217\262\024\307\221\215\245J\034G6!\212${\335q\376\202\3611\332P\027\000\000\000\000\000\000\000\000\000\000\000\000\000\000\000\000\000\000\000\000\000\000\000\000\000\000\000\000\000\000\000\000P\031-}\351f\032\255\274\334m\326c\017\014ao[\342\230\003\245\245\3341Hm\326^\017jy\335\261s!\003N\005<J\210P\314cI<\226e*\260Ld\337\243n\262\212;\212*\334\320\233\366\035\327\250NvG0E\002!\000\322G\r\310\027\005\331\353\241i\371\310F\327D;\217g\013QT\327\016\246L\357\237\213\312i\366\377\002 )*\262i\2167\3369X\352f\226\257{K\2739\320\215\223\347\222\2311\336\030\231\nC\016<6""; "
1750547992867,1750547992867,2206,1,3,0,TMValidation,"validation: """"\200\000\000\000&\000\000\000\002)/\351\372\227:\343\220\373\345}T|qQ\225\264N\222[\002\377-\202>\217\262\024\307\221\215\245J\034G6!\212${\335q\376\202\3611\332P\027\000\000\000\000\000\000\000\000\000\000\000\000\000\000\000\000\000\000\000\000\000\000\000\000\000\000\000\000\000\000\000\000P\031-}\351f\032\255\274\334m\326c\017\014ao[\342\230\003\245\245\3341Hm\326^\017jy\335\261s!\003N\005<J\210P\314cI<\226e*\260Ld\337\243n\262\212;\212*\334\320\233\366\035\327\250NvG0E\002!\000\322G\r\310\027\005\331\353\241i\371\310F\327D;\217g\013QT\327\016\246L\357\237\213\312i\366\377\002 )*\262i\2167\3369X\352f\226\257{K\2739\320\215\223\347\222\2311\336\030\231\nC\016<6""; ","validation: """"\200\000\000\000&\000\000\000\002)/\351\372\227:\343\220\373\345}T|qQ\225\264N\222[\002\377-\202>\217\262\024\307\221\215\245J\034G6!\212${\335q\376\202\3611\332P\027\000\000\000\000\000\000\000\000\000\000\000\000\000\000\000\000\000\000\000\000\000\000\000\000\000\000\000\000\000\000\000\000P\031-}\351f\032\255\274\334m\326c\017\014ao[\342\230\003\245\245\3341Hm\326^\017jy\335\261s!\003N\005<J\210P\314cI<\226e*\260Ld\337\243n\262\212;\212*\334\320\233\366\035\327\250NvG0E\002!\000\322G\r\310\027\005\331\353\241i\371\310F\327D;\217g\013QT\327\016\246L\357\237\213\312i\366\377\002 )*\262i\2167\3369X\352f\226\257{K\2739\320\215\223\347\222\2311\336\030\231\nC\016<6""; "
1750547992964,1750547992964,892,1,2,4,TMValidation,"validation: """"\200\000\000\000&\000\000\000\002)/\351\372\227:\247\363v\236h\035\200jQ\225\264N\222[\002\377-\202>\217\262\024\307\221\215\245J\034G6!\212${\335q\376\202\3611\332P\027\000\000\000\000\000\000\000\000\000\000\000\000\000\000\000\000\000\000\000\000\000\000\000\000\000\000\000\000\000\000\000\000P\031-}\351f\032\255\274\334m\326c\017\014ao[\342\230\003\245\245\3341Hm\326^\017jy\335\261s!\0023\213\336|\027\2015r\210\325\2429\222\026\3277\371\013J\364K\305\017>7\362B\007\223\014\002\231vF0D\002 x\014\241\300c`%b\235$\251$\327\313\234J&\370\032sa+f\375\270\354\n'z\354\217n\002 #R\227\016\274{W\271\200\rLWx\261w\006!\320\263u7T\372j\032O\340<\323C\223\251""; ","validation: """"\200\000\000\000&\000\000\000\002)/\351\372\227:\247\363v\236h\035\200jQ\225\264N\222[\002\377-\202>\217\262\024\307\221\215\245J\034G6!\212${\335q\376\202\3611\332P\027\000\000\000\000\000\000\000\000\000\000\000\000\000\000\000\000\000\000\000\000\000\000\000\000\000\000\000\000\000\000\000\000P\031-}\351f\032\255\274\334m\326c\017\014ao[\342\230\003\245\245\3341Hm\326^\017jy\335\261s!\0023\213\336|\027\2015r\210\325\2429\222\026\3277\371\013J\364K\305\017>7\362B\007\223\014\002\231vF0D\002 x\014\241\300c`%b\235$\251$\327\313\234J&\370\032sa+f\375\270\354\n'z\354\217n\002 #R\227\016\274{W\271\200\rLWx\261w\006!\320\263u7T\372j\032O\340<\323C\223\251""; "
1750547992964,1750547992964,1265,1,2,3,TMValidation,"validation: """"\200\000\000\000&\000\000\000\002)/\351\372\227:\247\363v\236h\035\200jQ\225\264N\222[\002\377-\202>\217\262\024\307\221\215\245J\034G6!\212${\335q\376\202\3611\332P\027\000\000\000\000\000\000\000\000\000\000\000\000\000\000\000\000\000\000\000\000\000\000\000\000\000\000\000\000\000\000\000\000P\031-}\351f\032\255\274\334m\326c\017\014ao[\342\230\003\245\245\3341Hm\326^\017jy\335\261s!\0023\213\336|\027\2015r\210\325\2429\222\026\3277\371\013J\364K\305\017>7\362B\007\223\014\002\231vF0D\002 x\014\241\300c`%b\235$\251$\327\313\234J&\370\032sa+f\375\270\354\n'z\354\217n\002 #R\227\016\274{W\271\200\rLWx\261w\006!\320\263u7T\372j\032O\340<\323C\223\251""; ","validation: """"\200\000\000\000&\000\000\000\002)/\351\372\227:\247\363v\236h\035\200jQ\225\264N\222[\002\377-\202>\217\262\024\307\221\215\245J\034G6!\212${\335q\376\202\3611\332P\027\000\000\000\000\000\000\000\000\000\000\000\000\000\000\000\000\000\000\000\000\000\000\000\000\000\000\000\000\000\000\000\000P\031-}\351f\032\255\274\334m\326c\017\014ao[\342\230\003\245\245\3341Hm\326^\017jy\335\261s!\0023\213\336|\027\2015r\210\325\2429\222\026\3277\371\013J\364K\305\017>7\362B\007\223\014\002\231vF0D\002 x\014\241\300c`%b\235$\251$\327\313\234J&\370\032sa+f\375\270\354\n'z\354\217n\002 #R\227\016\274{W\271\200\rLWx\261w\006!\320\263u7T\372j\032O\340<\323C\223\251""; "
1750547992965,1750547992965,1124,1,2,1,TMValidation,"validation: """"\200\000\000\000&\000\000\000\002)/\351\372\227:\247\363v\236h\035\200jQ\225\264N\222[\002\377-\202>\217\262\024\307\221\215\245J\034G6!\212${\335q\376\202\3611\332P\027\000\000\000\000\000\000\000\000\000\000\000\000\000\000\000\000\000\000\000\000\000\000\000\000\000\000\000\000\000\000\000\000P\031-}\351f\032\255\274\334m\326c\017\014ao[\342\230\003\245\245\3341Hm\326^\017jy\335\261s!\0023\213\336|\027\2015r\210\325\2429\222\026\3277\371\013J\364K\305\017>7\362B\007\223\014\002\231vF0D\002 x\014\241\300c`%b\235$\251$\327\313\234J&\370\032sa+f\375\270\354\n'z\354\217n\002 #R\227\016\274{W\271\200\rLWx\261w\006!\320\263u7T\372j\032O\340<\323C\223\251""; ","validation: """"\200\000\000\000&\000\000\000\002)/\351\372\227:\247\363v\236h\035\200jQ\225\264N\222[\002\377-\202>\217\262\024\307\221\215\245J\034G6!\212${\335q\376\202\3611\332P\027\000\000\000\000\000\000\000\000\000\000\000\000\000\000\000\000\000\000\000\000\000\000\000\000\000\000\000\000\000\000\000\000P\031-}\351f\032\255\274\334m\326c\017\014ao[\342\230\003\245\245\3341Hm\326^\017jy\335\261s!\0023\213\336|\027\2015r\210\325\2429\222\026\3277\371\013J\364K\305\017>7\362B\007\223\014\002\231vF0D\002 x\014\241\300c`%b\235$\251$\327\313\234J&\370\032sa+f\375\270\354\n'z\354\217n\002 #R\227\016\274{W\271\200\rLWx\261w\006!\320\263u7T\372j\032O\340<\323C\223\251""; "
1750547993092,1750547993092,2337,1,4,2,TMValidation,"validation: """"\200\000\000\000&\000\000\000\002)/\351\372\230:\361R\251Z\031\007\333\203Q\225\264N\222[\002\377-\202>\217\262\024\307\221\215\245J\034G6!\212${\335q\376\202\3611\332P\027\000\000\000\000\000\000\000\000\000\000\000\000\000\000\000\000\000\000\000\000\000\000\000\000\000\000\000\000\000\000\000\000P\031-}\351f\032\255\274\334m\326c\017\014ao[\342\230\003\245\245\3341Hm\326^\017jy\335\261s!\002{\225<\007\274u\243\357\240\252\252s\245\347\264t\n\270mW\350M\315Q\355\316q \341\326\rRvG0E\002!\000\264\251?\303iC\017\200&?\260\246\035-\230(>\227u\276u\001\263\021\0320D\r\205\202\300u\002 S\306e\324%oXhs\334\212\242\275\357\334r\206._\033\232Y3E\035z\250\266\305\226\r\004""; ","validation: """"\200\000\000\000&\000\000\000\002)/\351\372\230:\361R\251Z\031\007\333\203Q\225\264N\222[\002\377-\202>\217\262\024\307\221\215\245J\034G6!\212${\335q\376\202\3611\332P\027\000\000\000\000\000\000\000\000\000\000\000\000\000\000\000\000\000\000\000\000\000\000\000\000\000\000\000\000\000\000\000\000P\031-}\351f\032\255\274\334m\326c\017\014ao[\342\230\003\245\245\3341Hm\326^\017jy\335\261s!\002{\225<\007\274u\243\357\240\252\252s\245\347\264t\n\270mW\350M\315Q\355\316q \341\326\rRvG0E\002!\000\264\251?\303iC\017\200&?\260\246\035-\230(>\227u\276u\001\263\021\0320D\r\205\202\300u\002 S\306e\324%oXhs\334\212\242\275\357\334r\206._\033\232Y3E\035z\250\266\305\226\r\004""; "
1750547993093,1750547993093,2634,1,4,0,TMValidation,"validation: """"\200\000\000\000&\000\000\000\002)/\351\372\230:\361R\251Z\031\007\333\203Q\225\264N\222[\002\377-\202>\217\262\024\307\221\215\245J\034G6!\212${\335q\376\202\3611\332P\027\000\000\000\000\000\000\000\000\000\000\000\000\000\000\000\000\000\000\000\000\000\000\000\000\000\000\000\000\000\000\000\000P\031-}\351f\032\255\274\334m\326c\017\014ao[\342\230\003\245\245\3341Hm\326^\017jy\335\261s!\002{\225<\007\274u\243\357\240\252\252s\245\347\264t\n\270mW\350M\315Q\355\316q \341\326\rRvG0E\002!\000\264\251?\303iC\017\200&?\260\246\035-\230(>\227u\276u\001\263\021\0320D\r\205\202\300u\002 S\306e\324%oXhs\334\212\242\275\357\334r\206._\033\232Y3E\035z\250\266\305\226\r\004""; ","validation: """"\200\000\000\000&\000\000\000\002)/\351\372\230:\361R\251Z\031\007\333\203Q\225\264N\222[\002\377-\202>\217\262\024\307\221\215\245J\034G6!\212${\335q\376\202\3611\332P\027\000\000\000\000\000\000\000\000\000\000\000\000\000\000\000\000\000\000\000\000\000\000\000\000\000\000\000\000\000\000\000\000P\031-}\351f\032\255\274\334m\326c\017\014ao[\342\230\003\245\245\3341Hm\326^\017jy\335\261s!\002{\225<\007\274u\243\357\240\252\252s\245\347\264t\n\270mW\350M\315Q\355\316q \341\326\rRvG0E\002!\000\264\251?\303iC\017\200&?\260\246\035-\230(>\227u\276u\001\263\021\0320D\r\205\202\300u\002 S\306e\324%oXhs\334\212\242\275\357\334r\206._\033\232Y3E\035z\250\266\305\226\r\004""; "
1750547993093,1750547993093,3061,1,4,1,TMValidation,"validation: """"\200\000\000\000&\000\000\000\002)/\351\372\230:\361R\251Z\031\007\333\203Q\225\264N\222[\002\377-\202>\217\262\024\307\221\215\245J\034G6!\212${\335q\376\202\3611\332P\027\000\000\000\000\000\000\000\000\000\000\000\000\000\000\000\000\000\000\000\000\000\000\000\000\000\000\000\000\000\000\000\000P\031-}\351f\032\255\274\334m\326c\017\014ao[\342\230\003\245\245\3341Hm\326^\017jy\335\261s!\002{\225<\007\274u\243\357\240\252\252s\245\347\264t\n\270mW\350M\315Q\355\316q \341\326\rRvG0E\002!\000\264\251?\303iC\017\200&?\260\246\035-\230(>\227u\276u\001\263\021\0320D\r\205\202\300u\002 S\306e\324%oXhs\334\212\242\275\357\334r\206._\033\232Y3E\035z\250\266\305\226\r\004""; ","validation: """"\200\000\000\000&\000\000\000\002)/\351\372\230:\361R\251Z\031\007\333\203Q\225\264N\222[\002\377-\202>\217\262\024\307\221\215\245J\034G6!\212${\335q\376\202\3611\332P\027\000\000\000\000\000\000\000\000\000\000\000\000\000\000\000\000\000\000\000\000\000\000\000\000\000\000\000\000\000\000\000\000P\031-}\351f\032\255\274\334m\326c\017\014ao[\342\230\003\245\245\3341Hm\326^\017jy\335\261s!\002{\225<\007\274u\243\357\240\252\252s\245\347\264t\n\270mW\350M\315Q\355\316q \341\326\rRvG0E\002!\000\264\251?\303iC\017\200&?\260\246\035-\230(>\227u\276u\001\263\021\0320D\r\205\202\300u\002 S\306e\324%oXhs\334\212\242\275\357\334r\206._\033\232Y3E\035z\250\266\305\226\r\004""; "
1750547993611,1750547993611,892,1,2,4,TMValidation,"validation: """"\200\000\000\000&\000\000\000\002)/\351\372\230:\361R\251Z\031\007\333\203Q\225\264N\222[\002\377-\202>\217\262\024\307\221\215\245J\034G6!\212${\335q\376\202\3611\332P\027\000\000\000\000\000\000\000\000\000\000\000\000\000\000\000\000\000\000\000\000\000\000\000\000\000\000\000\000\000\000\000\000P\031-}\351f\032\255\274\334m\326c\017\014ao[\342\230\003\245\245\3341Hm\326^\017jy\335\261s!\002{\225<\007\274u\243\357\240\252\252s\245\347\264t\n\270mW\350M\315Q\355\316q \341\326\rRvG0E\002!\000\264\251?\303iC\017\200&?\260\246\035-\230(>\227u\276u\001\263\021\0320D\r\205\202\300u\002 S\306e\324%oXhs\334\212\242\275\357\334r\206._\033\232Y3E\035z\250\266\305\226\r\004""; ","validation: """"\200\000\000\000&\000\000\000\002)/\351\372\230:\361R\251Z\031\007\333\203Q\225\264N\222[\002\377-\202>\217\262\024\307\221\215\245J\034G6!\212${\335q\376\202\3611\332P\027\000\000\000\000\000\000\000\000\000\000\000\000\000\000\000\000\000\000\000\000\000\000\000\000\000\000\000\000\000\000\000\000P\031-}\351f\032\255\274\334m\326c\017\014ao[\342\230\003\245\245\3341Hm\326^\017jy\335\261s!\002{\225<\007\274u\243\357\240\252\252s\245\347\264t\n\270mW\350M\315Q\355\316q \341\326\rRvG0E\002!\000\264\251?\303iC\017\200&?\260\246\035-\230(>\227u\276u\001\263\021\0320D\r\205\202\300u\002 S\306e\324%oXhs\334\212\242\275\357\334r\206._\033\232Y3E\035z\250\266\305\226\r\004""; "
1750547993612,1750547993612,1124,1,2,1,TMValidation,"validation: """"\200\000\000\000&\000\000\000\002)/\351\372\230:\361R\251Z\031\007\333\203Q\225\264N\222[\002\377-\202>\217\262\024\307\221\215\245J\034G6!\212${\335q\376\202\3611\332P\027\000\000\000\000\000\000\000\000\000\000\000\000\000\000\000\000\000\000\000\000\000\000\000\000\000\000\000\000\000\000\000\000P\031-}\351f\032\255\274\334m\326c\017\014ao[\342\230\003\245\245\3341Hm\326^\017jy\335\261s!\002{\225<\007\274u\243\357\240\252\252s\245\347\264t\n\270mW\350M\315Q\355\316q \341\326\rRvG0E\002!\000\264\251?\303iC\017\200&?\260\246\035-\230(>\227u\276u\001\263\021\0320D\r\205\202\300u\002 S\306e\324%oXhs\334\212\242\275\357\334r\206._\033\232Y3E\035z\250\266\305\226\r\004""; ","validation: """"\200\000\000\000&\000\000\000\002)/\351\372\230:\361R\251Z\031\007\333\203Q\225\264N\222[\002\377-\202>\217\262\024\307\221\215\245J\034G6!\212${\335q\376\202\3611\332P\027\000\000\000\000\000\000\000\000\000\000\000\000\000\000\000\000\000\000\000\000\000\000\000\000\000\000\000\000\000\000\000\000P\031-}\351f\032\255\274\334m\326c\017\014ao[\342\230\003\245\245\3341Hm\326^\017jy\335\261s!\002{\225<\007\274u\243\357\240\252\252s\245\347\264t\n\270mW\350M\315Q\355\316q \341\326\rRvG0E\002!\000\264\251?\303iC\017\200&?\260\246\035-\230(>\227u\276u\001\263\021\0320D\r\205\202\300u\002 S\306e\324%oXhs\334\212\242\275\357\334r\206._\033\232Y3E\035z\250\266\305\226\r\004""; "
1750547993612,1750547993612,1142,1,2,0,TMValidation,"validation: """"\200\000\000\000&\000\000\000\002)/\351\372\230:\361R\251Z\031\007\333\203Q\225\264N\222[\002\377-\202>\217\262\024\307\221\215\245J\034G6!\212${\335q\376\202\3611\332P\027\000\000\000\000\000\000\000\000\000\000\000\000\000\000\000\000\000\000\000\000\000\000\000\000\000\000\000\000\000\000\000\000P\031-}\351f\032\255\274\334m\326c\017\014ao[\342\230\003\245\245\3341Hm\326^\017jy\335\261s!\002{\225<\007\274u\243\357\240\252\252s\245\347\264t\n\270mW\350M\315Q\355\316q \341\326\rRvG0E\002!\000\264\251?\303iC\017\200&?\260\246\035-\230(>\227u\276u\001\263\021\0320D\r\205\202\300u\002 S\306e\324%oXhs\334\212\242\275\357\334r\206._\033\232Y3E\035z\250\266\305\226\r\004""; ","validation: """"\200\000\000\000&\000\000\000\002)/\351\372\230:\361R\251Z\031\007\333\203Q\225\264N\222[\002\377-\202>\217\262\024\307\221\215\245J\034G6!\212${\335q\376\202\3611\332P\027\000\000\000\000\000\000\000\000\000\000\000\000\000\000\000\000\000\000\000\000\000\000\000\000\000\000\000\000\000\000\000\000P\031-}\351f\032\255\274\334m\326c\017\014ao[\342\230\003\245\245\3341Hm\326^\017jy\335\261s!\002{\225<\007\274u\243\357\240\252\252s\245\347\264t\n\270mW\350M\315Q\355\316q \341\326\rRvG0E\002!\000\264\251?\303iC\017\200&?\260\246\035-\230(>\227u\276u\001\263\021\0320D\r\205\202\300u\002 S\306e\324%oXhs\334\212\242\275\357\334r\206._\033\232Y3E\035z\250\266\305\226\r\004""; "
1750547993740,1750547993740,2338,1,4,3,TMValidation,"validation: """"\200\000\000\000&\000\000\000\002)/\351\372\230:\274z\0232O\2076\246Q\225\264N\222[\002\377-\202>\217\262\024\307\221\215\245J\034G6!\212${\335q\376\202\3611\332P\027\000\000\000\000\000\000\000\000\000\000\000\000\000\000\000\000\000\000\000\000\000\000\000\000\000\000\000\000\000\000\000\000P\031-}\351f\032\255\274\334m\326c\017\014ao[\342\230\003\245\245\3341Hm\326^\017jy\335\261s!\003\004ed\372\252\222b)\273N\230\362\351M\371%\250\377\202n~\360\227\321\222\327\313^4\t\364\271vF0D\002 %\231\375\242d\323\232\260\256\262\037\025\016\340\020\250\361@1\327\340{\266\353\324V\201\334\304\024\363C\002 \010\002v\265F\221+\017qY\245\177%\250\021Y\316\024\316\023?\020;\032h\307\234\333\213%\220""""; ","validation: """"\200\000\000\000&\000\000\000\002)/\351\372\230:\274z\0232O\2076\246Q\225\264N\222[\002\377-\202>\217\262\024\307\221\215\245J\034G6!\212${\335q\376\202\3611\332P\027\000\000\000\000\000\000\000\000\000\000\000\000\000\000\000\000\000\000\000\000\000\000\000\000\000\000\000\000\000\000\000\000P\031-}\351f\032\255\274\334m\326c\017\014ao[\342\230\003\245\245\3341Hm\326^\017jy\335\261s!\003\004ed\372\252\222b)\273N\230\362\351M\371%\250\377\202n~\360\227\321\222\327\313^4\t\364\271vF0D\002 %\231\375\242d\323\232\260\256\262\037\025\016\340\020\250\361@1\327\340{\266\353\324V\201\334\304\024\363C\002 \010\002v\265F\221+\017qY\245\177%\250\021Y\316\024\316\023?\020;\032h\307\234\333\213%\220""""; "
1750547993740,1750547993740,2337,1,4,2,TMValidation,"validation: """"\200\000\000\000&\000\000\000\002)/\351\372\230:\274z\0232O\2076\246Q\225\264N\222[\002\377-\202>\217\262\024\307\221\215\245J\034G6!\212${\335q\376\202\3611\332P\027\000\000\000\000\000\000\000\000\000\000\000\000\000\000\000\000\000\000\000\000\000\000\000\000\000\000\000\000\000\000\000\000P\031-}\351f\032\255\274\334m\326c\017\014ao[\342\230\003\245\245\3341Hm\326^\017jy\335\261s!\003\004ed\372\252\222b)\273N\230\362\351M\371%\250\377\202n~\360\227\321\222\327\313^4\t\364\271vF0D\002 %\231\375\242d\323\232\260\256\262\037\025\016\340\020\250\361@1\327\340{\266\353\324V\201\334\304\024\363C\002 \010\002v\265F\221+\017qY\245\177%\250\021Y\316\024\316\023?\020;\032h\307\234\333\213%\220""""; ","validation: """"\200\000\000\000&\000\000\000\002)/\351\372\230:\274z\0232O\2076\246Q\225\264N\222[\002\377-\202>\217\262\024\307\221\215\245J\034G6!\212${\335q\376\202\3611\332P\027\000\000\000\000\000\000\000\000\000\000\000\000\000\000\000\000\000\000\000\000\000\000\000\000\000\000\000\000\000\000\000\000P\031-}\351f\032\255\274\334m\326c\017\014ao[\342\230\003\245\245\3341Hm\326^\017jy\335\261s!\003\004ed\372\252\222b)\273N\230\362\351M\371%\250\377\202n~\360\227\321\222\327\313^4\t\364\271vF0D\002 %\231\375\242d\323\232\260\256\262\037\025\016\340\020\250\361@1\327\340{\266\353\324V\201\334\304\024\363C\002 \010\002v\265F\221+\017qY\245\177%\250\021Y\316\024\316\023?\020;\032h\307\234\333\213%\220""""; "
1750547993740,1750547993740,2634,1,4,0,TMValidation,"validation: """"\200\000\000\000&\000\000\000\002)/\351\372\230:\274z\0232O\2076\246Q\225\264N\222[\002\377-\202>\217\262\024\307\221\215\245J\034G6!\212${\335q\376\202\3611\332P\027\000\000\000\000\000\000\000\000\000\000\000\000\000\000\000\000\000\000\000\000\000\000\000\000\000\000\000\000\000\000\000\000P\031-}\351f\032\255\274\334m\326c\017\014ao[\342\230\003\245\245\3341Hm\326^\017jy\335\261s!\003\004ed\372\252\222b)\273N\230\362\351M\371%\250\377\202n~\360\227\321\222\327\313^4\t\364\271vF0D\002 %\231\375\242d\323\232\260\256\262\037\025\016\340\020\250\361@1\327\340{\266\353\324V\201\334\304\024\363C\002 \010\002v\265F\221+\017qY\245\177%\250\021Y\316\024\316\023?\020;\032h\307\234\333\213%\220""""; ","validation: """"\200\000\000\000&\000\000\000\002)/\351\372\230:\274z\0232O\2076\246Q\225\264N\222[\002\377-\202>\217\262\024\307\221\215\245J\034G6!\212${\335q\376\202\3611\332P\027\000\000\000\000\000\000\000\000\000\000\000\000\000\000\000\000\000\000\000\000\000\000\000\000\000\000\000\000\000\000\000\000P\031-}\351f\032\255\274\334m\326c\017\014ao[\342\230\003\245\245\3341Hm\326^\017jy\335\261s!\003\004ed\372\252\222b)\273N\230\362\351M\371%\250\377\202n~\360\227\321\222\327\313^4\t\364\271vF0D\002 %\231\375\242d\323\232\260\256\262\037\025\016\340\020\250\361@1\327\340{\266\353\324V\201\334\304\024\363C\002 \010\002v\265F\221+\017qY\245\177%\250\021Y\316\024\316\023?\020;\032h\307\234\333\213%\220""""; "
1750547993858,1750547993859,2338,1,4,3,TMValidation,"validation: """"\200\000\000\000&\000\000\000\002)/\351\372\227:\247\363v\236h\035\200jQ\225\264N\222[\002\377-\202>\217\262\024\307\221\215\245J\034G6!\212${\335q\376\202\3611\332P\027\000\000\000\000\000\000\000\000\000\000\000\000\000\000\000\000\000\000\000\000\000\000\000\000\000\000\000\000\000\000\000\000P\031-}\351f\032\255\274\334m\326c\017\014ao[\342\230\003\245\245\3341Hm\326^\017jy\335\261s!\0023\213\336|\027\2015r\210\325\2429\222\026\3277\371\013J\364K\305\017>7\362B\007\223\014\002\231vF0D\002 x\014\241\300c`%b\235$\251$\327\313\234J&\370\032sa+f\375\270\354\n'z\354\217n\002 #R\227\016\274{W\271\200\rLWx\261w\006!\320\263u7T\372j\032O\340<\323C\223\251""; ","validation: """"\200\000\000\000&\000\000\000\002)/\351\372\227:\247\363v\236h\035\200jQ\225\264N\222[\002\377-\202>\217\262\024\307\221\215\245J\034G6!\212${\335q\376\202\3611\332P\027\000\000\000\000\000\000\000\000\000\000\000\000\000\000\000\000\000\000\000\000\000\000\000\000\000\000\000\000\000\000\000\000P\031-}\351f\032\255\274\334m\326c\017\014ao[\342\230\003\245\245\3341Hm\326^\017jy\335\261s!\0023\213\336|\027\2015r\210\325\2429\222\026\3277\371\013J\364K\305\017>7\362B\007\223\014\002\231vF0D\002 x\014\241\300c`%b\235$\251$\327\313\234J&\370\032sa+f\375\270\354\n'z\354\217n\002 #R\227\016\274{W\271\200\rLWx\261w\006!\320\263u7T\372j\032O\340<\323C\223\251""; "
1750547993859,1750547993859,2634,1,4,0,TMValidation,"validation: """"\200\000\000\000&\000\000\000\002)/\351\372\227:\247\363v\236h\035\200jQ\225\264N\222[\002\377-\202>\217\262\024\307\221\215\245J\034G6!\212${\335q\376\202\3611\332P\027\000\000\000\000\000\000\000\000\000\000\000\000\000\000\000\000\000\000\000\000\000\000\000\000\000\000\000\000\000\000\000\000P\031-}\351f\032\255\274\334m\326c\017\014ao[\342\230\003\245\245\3341Hm\326^\017jy\335\261s!\0023\213\336|\027\2015r\210\325\2429\222\026\3277\371\013J\364K\305\017>7\362B\007\223\014\002\231vF0D\002 x\014\241\300c`%b\235$\251$\327\313\234J&\370\032sa+f\375\270\354\n'z\354\217n\002 #R\227\016\274{W\271\200\rLWx\261w\006!\320\263u7T\372j\032O\340<\323C\223\251""; ","validation: """"\200\000\000\000&\000\000\000\002)/\351\372\227:\247\363v\236h\035\200jQ\225\264N\222[\002\377-\202>\217\262\024\307\221\215\245J\034G6!\212${\335q\376\202\3611\332P\027\000\000\000\000\000\000\000\000\000\000\000\000\000\000\000\000\000\000\000\000\000\000\000\000\000\000\000\000\000\000\000\000P\031-}\351f\032\255\274\334m\326c\017\014ao[\342\230\003\245\245\3341Hm\326^\017jy\335\261s!\0023\213\336|\027\2015r\210\325\2429\222\026\3277\371\013J\364K\305\017>7\362B\007\223\014\002\231vF0D\002 x\014\241\300c`%b\235$\251$\327\313\234J&\370\032sa+f\375\270\354\n'z\354\217n\002 #R\227\016\274{W\271\200\rLWx\261w\006!\320\263u7T\372j\032O\340<\323C\223\251""; "
1750547993859,1750547993859,3061,1,4,1,TMValidation,"validation: """"\200\000\000\000&\000\000\000\002)/\351\372\227:\247\363v\236h\035\200jQ\225\264N\222[\002\377-\202>\217\262\024\307\221\215\245J\034G6!\212${\335q\376\202\3611\332P\027\000\000\000\000\000\000\000\000\000\000\000\000\000\000\000\000\000\000\000\000\000\000\000\000\000\000\000\000\000\000\000\000P\031-}\351f\032\255\274\334m\326c\017\014ao[\342\230\003\245\245\3341Hm\326^\017jy\335\261s!\0023\213\336|\027\2015r\210\325\2429\222\026\3277\371\013J\364K\305\017>7\362B\007\223\014\002\231vF0D\002 x\014\241\300c`%b\235$\251$\327\313\234J&\370\032sa+f\375\270\354\n'z\354\217n\002 #R\227\016\274{W\271\200\rLWx\261w\006!\320\263u7T\372j\032O\340<\323C\223\251""; ","validation: """"\200\000\000\000&\000\000\000\002)/\351\372\227:\247\363v\236h\035\200jQ\225\264N\222[\002\377-\202>\217\262\024\307\221\215\245J\034G6!\212${\335q\376\202\3611\332P\027\000\000\000\000\000\000\000\000\000\000\000\000\000\000\000\000\000\000\000\000\000\000\000\000\000\000\000\000\000\000\000\000P\031-}\351f\032\255\274\334m\326c\017\014ao[\342\230\003\245\245\3341Hm\326^\017jy\335\261s!\0023\213\336|\027\2015r\210\325\2429\222\026\3277\371\013J\364K\305\017>7\362B\007\223\014\002\231vF0D\002 x\014\241\300c`%b\235$\251$\327\313\234J&\370\032sa+f\375\270\354\n'z\354\217n\002 #R\227\016\274{W\271\200\rLWx\261w\006!\320\263u7T\372j\032O\340<\323C\223\251""; "
1750547993922,1750547993922,964,1,3,4,TMValidation,"validation: """"\200\000\000\000&\000\000\000\002)/\351\372\230:\274z\0232O\2076\246Q\225\264N\222[\002\377-\202>\217\262\024\307\221\215\245J\034G6!\212${\335q\376\202\3611\332P\027\000\000\000\000\000\000\000\000\000\000\000\000\000\000\000\000\000\000\000\000\000\000\000\000\000\000\000\000\000\000\000\000P\031-}\351f\032\255\274\334m\326c\017\014ao[\342\230\003\245\245\3341Hm\326^\017jy\335\261s!\003\004ed\372\252\222b)\273N\230\362\351M\371%\250\377\202n~\360\227\321\222\327\313^4\t\364\271vF0D\002 %\231\375\242d\323\232\260\256\262\037\025\016\340\020\250\361@1\327\340{\266\353\324V\201\334\304\024\363C\002 \010\002v\265F\221+\017qY\245\177%\250\021Y\316\024\316\023?\020;\032h\307\234\333\213%\220""""; ","validation: """"\200\000\000\000&\000\000\000\002)/\351\372\230:\274z\0232O\2076\246Q\225\264N\222[\002\377-\202>\217\262\024\307\221\215\245J\034G6!\212${\335q\376\202\3611\332P\027\000\000\000\000\000\000\000\000\000\000\000\000\000\000\000\000\000\000\000\000\000\000\000\000\000\000\000\000\000\000\000\000P\031-}\351f\032\255\274\334m\326c\017\014ao[\342\230\003\245\245\3341Hm\326^\017jy\335\261s!\003\004ed\372\252\222b)\273N\230\362\351M\371%\250\377\202n~\360\227\321\222\327\313^4\t\364\271vF0D\002 %\231\375\242d\323\232\260\256\262\037\025\016\340\020\250\361@1\327\340{\266\353\324V\201\334\304\024\363C\002 \010\002v\265F\221+\017qY\245\177%\250\021Y\316\024\316\023?\020;\032h\307\234\333\213%\220""""; "
1750547993923,1750547993923,1482,1,3,2,TMValidation,"validation: """"\200\000\000\000&\000\000\000\002)/\351\372\230:\274z\0232O\2076\246Q\225\264N\222[\002\377-\202>\217\262\024\307\221\215\245J\034G6!\212${\335q\376\202\3611\332P\027\000\000\000\000\000\000\000\000\000\000\000\000\000\000\000\000\000\000\000\000\000\000\000\000\000\000\000\000\000\000\000\000P\031-}\351f\032\255\274\334m\326c\017\014ao[\342\230\003\245\245\3341Hm\326^\017jy\335\261s!\003\004ed\372\252\222b)\273N\230\362\351M\371%\250\377\202n~\360\227\321\222\327\313^4\t\364\271vF0D\002 %\231\375\242d\323\232\260\256\262\037\025\016\340\020\250\361@1\327\340{\266\353\324V\201\334\304\024\363C\002 \010\002v\265F\221+\017qY\245\177%\250\021Y\316\024\316\023?\020;\032h\307\234\333\213%\220""""; ","validation: """"\200\000\000\000&\000\000\000\002)/\351\372\230:\274z\0232O\2076\246Q\225\264N\222[\002\377-\202>\217\262\024\307\221\215\245J\034G6!\212${\335q\376\202\3611\332P\027\000\000\000\000\000\000\000\000\000\000\000\000\000\000\000\000\000\000\000\000\000\000\000\000\000\000\000\000\000\000\000\000P\031-}\351f\032\255\274\334m\326c\017\014ao[\342\230\003\245\245\3341Hm\326^\017jy\335\261s!\003\004ed\372\252\222b)\273N\230\362\351M\371%\250\377\202n~\360\227\321\222\327\313^4\t\364\271vF0D\002 %\231\375\242d\323\232\260\256\262\037\025\016\340\020\250\361@1\327\340{\266\353\324V\201\334\304\024\363C\002 \010\002v\265F\221+\017qY\245\177%\250\021Y\316\024\316\023?\020;\032h\307\234\333\213%\220""""; "
1750547993923,1750547993923,2206,1,3,0,TMValidation,"validation: """"\200\000\000\000&\000\000\000\002)/\351\372\230:\274z\0232O\2076\246Q\225\264N\222[\002\377-\202>\217\262\024\307\221\215\245J\034G6!\212${\335q\376\202\3611\332P\027\000\000\000\000\000\000\000\000\000\000\000\000\000\000\000\000\000\000\000\000\000\000\000\000\000\000\000\000\000\000\000\000P\031-}\351f\032\255\274\334m\326c\017\014ao[\342\230\003\245\245\3341Hm\326^\017jy\335\261s!\003\004ed\372\252\222b)\273N\230\362\351M\371%\250\377\202n~\360\227\321\222\327\313^4\t\364\271vF0D\002 %\231\375\242d\323\232\260\256\262\037\025\016\340\020\250\361@1\327\340{\266\353\324V\201\334\304\024\363C\002 \010\002v\265F\221+\017qY\245\177%\250\021Y\316\024\316\023?\020;\032h\307\234\333\213%\220""""; ","validation: """"\200\000\000\000&\000\000\000\002)/\351\372\230:\274z\0232O\2076\246Q\225\264N\222[\002\377-\202>\217\262\024\307\221\215\245J\034G6!\212${\335q\376\202\3611\332P\027\000\000\000\000\000\000\000\000\000\000\000\000\000\000\000\000\000\000\000\000\000\000\000\000\000\000\000\000\000\000\000\000P\031-}\351f\032\255\274\334m\326c\017\014ao[\342\230\003\245\245\3341Hm\326^\017jy\335\261s!\003\004ed\372\252\222b)\273N\230\362\351M\371%\250\377\202n~\360\227\321\222\327\313^4\t\364\271vF0D\002 %\231\375\242d\323\232\260\256\262\037\025\016\340\020\250\361@1\327\340{\266\353\324V\201\334\304\024\363C\002 \010\002v\265F\221+\017qY\245\177%\250\021Y\316\024\316\023?\020;\032h\307\234\333\213%\220""""; "
1750547993969,1750547993969,964,1,3,4,TMValidation,"validation: """"\200\000\000\000&\000\000\000\002)/\351\372\227:\247\363v\236h\035\200jQ\225\264N\222[\002\377-\202>\217\262\024\307\221\215\245J\034G6!\212${\335q\376\202\3611\332P\027\000\000\000\000\000\000\000\000\000\000\000\000\000\000\000\000\000\000\000\000\000\000\000\000\000\000\000\000\000\000\000\000P\031-}\351f\032\255\274\334m\326c\017\014ao[\342\230\003\245\245\3341Hm\326^\017jy\335\261s!\0023\213\336|\027\2015r\210\325\2429\222\026\3277\371\013J\364K\305\017>7\362B\007\223\014\002\231vF0D\002 x\014\241\300c`%b\235$\251$\327\313\234J&\370\032sa+f\375\270\354\n'z\354\217n\002 #R\227\016\274{W\271\200\rLWx\261w\006!\320\263u7T\372j\032O\340<\323C\223\251""; ","validation: """"\200\000\000\000&\000\000\000\002)/\351\372\227:\247\363v\236h\035\200jQ\225\264N\222[\002\377-\202>\217\262\024\307\221\215\245J\034G6!\212${\335q\376\202\3611\332P\027\000\000\000\000\000\000\000\000\000\000\000\000\000\000\000\000\000\000\000\000\000\000\000\000\000\000\000\000\000\000\000\000P\031-}\351f\032\255\274\334m\326c\017\014ao[\342\230\003\245\245\3341Hm\326^\017jy\335\261s!\0023\213\336|\027\2015r\210\325\2429\222\026\3277\371\013J\364K\305\017>7\362B\007\223\014\002\231vF0D\002 x\014\241\300c`%b\235$\251$\327\313\234J&\370\032sa+f\375\270\354\n'z\354\217n\002 #R\227\016\274{W\271\200\rLWx\261w\006!\320\263u7T\372j\032O\340<\323C\223\251""; "
1750547993970,1750547993970,1482,1,3,2,TMValidation,"validation: """"\200\000\000\000&\000\000\000\002)/\351\372\227:\247\363v\236h\035\200jQ\225\264N\222[\002\377-\202>\217\262\024\307\221\215\245J\034G6!\212${\335q\376\202\3611\332P\027\000\000\000\000\000\000\000\000\000\000\000\000\000\000\000\000\000\000\000\000\000\000\000\000\000\000\000\000\000\000\000\000P\031-}\351f\032\255\274\334m\326c\017\014ao[\342\230\003\245\245\3341Hm\326^\017jy\335\261s!\0023\213\336|\027\2015r\210\325\2429\222\026\3277\371\013J\364K\305\017>7\362B\007\223\014\002\231vF0D\002 x\014\241\300c`%b\235$\251$\327\313\234J&\370\032sa+f\375\270\354\n'z\354\217n\002 #R\227\016\274{W\271\200\rLWx\261w\006!\320\263u7T\372j\032O\340<\323C\223\251""; ","validation: """"\200\000\000\000&\000\000\000\002)/\351\372\227:\247\363v\236h\035\200jQ\225\264N\222[\002\377-\202>\217\262\024\307\221\215\245J\034G6!\212${\335q\376\202\3611\332P\027\000\000\000\000\000\000\000\000\000\000\000\000\000\000\000\000\000\000\000\000\000\000\000\000\000\000\000\000\000\000\000\000P\031-}\351f\032\255\274\334m\326c\017\014ao[\342\230\003\245\245\3341Hm\326^\017jy\335\261s!\0023\213\336|\027\2015r\210\325\2429\222\026\3277\371\013J\364K\305\017>7\362B\007\223\014\002\231vF0D\002 x\014\241\300c`%b\235$\251$\327\313\234J&\370\032sa+f\375\270\354\n'z\354\217n\002 #R\227\016\274{W\271\200\rLWx\261w\006!\320\263u7T\372j\032O\340<\323C\223\251""; "
1750547993970,1750547993970,3432,1,3,1,TMValidation,"validation: """"\200\000\000\000&\000\000\000\002)/\351\372\227:\247\363v\236h\035\200jQ\225\264N\222[\002\377-\202>\217\262\024\307\221\215\245J\034G6!\212${\335q\376\202\3611\332P\027\000\000\000\000\000\000\000\000\000\000\000\000\000\000\000\000\000\000\000\000\000\000\000\000\000\000\000\000\000\000\000\000P\031-}\351f\032\255\274\334m\326c\017\014ao[\342\230\003\245\245\3341Hm\326^\017jy\335\261s!\0023\213\336|\027\2015r\210\325\2429\222\026\3277\371\013J\364K\305\017>7\362B\007\223\014\002\231vF0D\002 x\014\241\300c`%b\235$\251$\327\313\234J&\370\032sa+f\375\270\354\n'z\354\217n\002 #R\227\016\274{W\271\200\rLWx\261w\006!\320\263u7T\372j\032O\340<\323C\223\251""; ","validation: """"\200\000\000\000&\000\000\000\002)/\351\372\227:\247\363v\236h\035\200jQ\225\264N\222[\002\377-\202>\217\262\024\307\221\215\245J\034G6!\212${\335q\376\202\3611\332P\027\000\000\000\000\000\000\000\000\000\000\000\000\000\000\000\000\000\000\000\000\000\000\000\000\000\000\000\000\000\000\000\000P\031-}\351f\032\255\274\334m\326c\017\014ao[\342\230\003\245\245\3341Hm\326^\017jy\335\261s!\0023\213\336|\027\2015r\210\325\2429\222\026\3277\371\013J\364K\305\017>7\362B\007\223\014\002\231vF0D\002 x\014\241\300c`%b\235$\251$\327\313\234J&\370\032sa+f\375\270\354\n'z\354\217n\002 #R\227\016\274{W\271\200\rLWx\261w\006!\320\263u7T\372j\032O\340<\323C\223\251""; "
1750547994142,1750547994142,892,1,2,4,TMValidation,"validation: """"\200\000\000\000&\000\000\000\002)/\351\372\230:\274z\0232O\2076\246Q\225\264N\222[\002\377-\202>\217\262\024\307\221\215\245J\034G6!\212${\335q\376\202\3611\332P\027\000\000\000\000\000\000\000\000\000\000\000\000\000\000\000\000\000\000\000\000\000\000\000\000\000\000\000\000\000\000\000\000P\031-}\351f\032\255\274\334m\326c\017\014ao[\342\230\003\245\245\3341Hm\326^\017jy\335\261s!\003\004ed\372\252\222b)\273N\230\362\351M\371%\250\377\202n~\360\227\321\222\327\313^4\t\364\271vF0D\002 %\231\375\242d\323\232\260\256\262\037\025\016\340\020\250\361@1\327\340{\266\353\324V\201\334\304\024\363C\002 \010\002v\265F\221+\017qY\245\177%\250\021Y\316\024\316\023?\020;\032h\307\234\333\213%\220""""; ","validation: """"\200\000\000\000&\000\000\000\002)/\351\372\230:\274z\0232O\2076\246Q\225\264N\222[\002\377-\202>\217\262\024\307\221\215\245J\034G6!\212${\335q\376\202\3611\332P\027\000\000\000\000\000\000\000\000\000\000\000\000\000\000\000\000\000\000\000\000\000\000\000\000\000\000\000\000\000\000\000\000P\031-}\351f\032\255\274\334m\326c\017\014ao[\342\230\003\245\245\3341Hm\326^\017jy\335\261s!\003\004ed\372\252\222b)\273N\230\362\351M\371%\250\377\202n~\360\227\321\222\327\313^4\t\364\271vF0D\002 %\231\375\242d\323\232\260\256\262\037\025\016\340\020\250\361@1\327\340{\266\353\324V\201\334\304\024\363C\002 \010\002v\265F\221+\017qY\245\177%\250\021Y\316\024\316\023?\020;\032h\307\234\333\213%\220""""; "
1750547994142,1750547994142,1265,1,2,3,TMValidation,"validation: """"\200\000\000\000&\000\000\000\002)/\351\372\230:\274z\0232O\2076\246Q\225\264N\222[\002\377-\202>\217\262\024\307\221\215\245J\034G6!\212${\335q\376\202\3611\332P\027\000\000\000\000\000\000\000\000\000\000\000\000\000\000\000\000\000\000\000\000\000\000\000\000\000\000\000\000\000\000\000\000P\031-}\351f\032\255\274\334m\326c\017\014ao[\342\230\003\245\245\3341Hm\326^\017jy\335\261s!\003\004ed\372\252\222b)\273N\230\362\351M\371%\250\377\202n~\360\227\321\222\327\313^4\t\364\271vF0D\002 %\231\375\242d\323\232\260\256\262\037\025\016\340\020\250\361@1\327\340{\266\353\324V\201\334\304\024\363C\002 \010\002v\265F\221+\017qY\245\177%\250\021Y\316\024\316\023?\020;\032h\307\234\333\213%\220""""; ","validation: """"\200\000\000\000&\000\000\000\002)/\351\372\230:\274z\0232O\2076\246Q\225\264N\222[\002\377-\202>\217\262\024\307\221\215\245J\034G6!\212${\335q\376\202\3611\332P\027\000\000\000\000\000\000\000\000\000\000\000\000\000\000\000\000\000\000\000\000\000\000\000\000\000\000\000\000\000\000\000\000P\031-}\351f\032\255\274\334m\326c\017\014ao[\342\230\003\245\245\3341Hm\326^\017jy\335\261s!\003\004ed\372\252\222b)\273N\230\362\351M\371%\250\377\202n~\360\227\321\222\327\313^4\t\364\271vF0D\002 %\231\375\242d\323\232\260\256\262\037\025\016\340\020\250\361@1\327\340{\266\353\324V\201\334\304\024\363C\002 \010\002v\265F\221+\017qY\245\177%\250\021Y\316\024\316\023?\020;\032h\307\234\333\213%\220""""; "
1750547994143,1750547994143,1142,1,2,0,TMValidation,"validation: """"\200\000\000\000&\000\000\000\002)/\351\372\230:\274z\0232O\2076\246Q\225\264N\222[\002\377-\202>\217\262\024\307\221\215\245J\034G6!\212${\335q\376\202\3611\332P\027\000\000\000\000\000\000\000\000\000\000\000\000\000\000\000\000\000\000\000\000\000\000\000\000\000\000\000\000\000\000\000\000P\031-}\351f\032\255\274\334m\326c\017\014ao[\342\230\003\245\245\3341Hm\326^\017jy\335\261s!\003\004ed\372\252\222b)\273N\230\362\351M\371%\250\377\202n~\360\227\321\222\327\313^4\t\364\271vF0D\002 %\231\375\242d\323\232\260\256\262\037\025\016\340\020\250\361@1\327\340{\266\353\324V\201\334\304\024\363C\002 \010\002v\265F\221+\017qY\245\177%\250\021Y\316\024\316\023?\020;\032h\307\234\333\213%\220""""; ","validation: """"\200\000\000\000&\000\000\000\002)/\351\372\230:\274z\0232O\2076\246Q\225\264N\222[\002\377-\202>\217\262\024\307\221\215\245J\034G6!\212${\335q\376\202\3611\332P\027\000\000\000\000\000\000\000\000\000\000\000\000\000\000\000\000\000\000\000\000\000\000\000\000\000\000\000\000\000\000\000\000P\031-}\351f\032\255\274\334m\326c\017\014ao[\342\230\003\245\245\3341Hm\326^\017jy\335\261s!\003\004ed\372\252\222b)\273N\230\362\351M\371%\250\377\202n~\360\227\321\222\327\313^4\t\364\271vF0D\002 %\231\375\242d\323\232\260\256\262\037\025\016\340\020\250\361@1\327\340{\266\353\324V\201\334\304\024\363C\002 \010\002v\265F\221+\017qY\245\177%\250\021Y\316\024\316\023?\020;\032h\307\234\333\213%\220""""; "
1750547994334,1750547994334,2558,1,0,4,TMValidation,"validation: """"\200\000\000\000&\000\000\000\002)/\351\372\230:\361R\251Z\031\007\333\203Q\225\264N\222[\002\377-\202>\217\262\024\307\221\215\245J\034G6!\212${\335q\376\202\3611\332P\027\000\000\000\000\000\000\000\000\000\000\000\000\000\000\000\000\000\000\000\000\000\000\000\000\000\000\000\000\000\000\000\000P\031-}\351f\032\255\274\334m\326c\017\014ao[\342\230\003\245\245\3341Hm\326^\017jy\335\261s!\002{\225<\007\274u\243\357\240\252\252s\245\347\264t\n\270mW\350M\315Q\355\316q \341\326\rRvG0E\002!\000\264\251?\303iC\017\200&?\260\246\035-\230(>\227u\276u\001\263\021\0320D\r\205\202\300u\002 S\306e\324%oXhs\334\212\242\275\357\334r\206._\033\232Y3E\035z\250\266\305\226\r\004""; ","validation: """"\200\000\000\000&\000\000\000\002)/\351\372\230:\361R\251Z\031\007\333\203Q\225\264N\222[\002\377-\202>\217\262\024\307\221\215\245J\034G6!\212${\335q\376\202\3611\332P\027\000\000\000\000\000\000\000\000\000\000\000\000\000\000\000\000\000\000\000\000\000\000\000\000\000\000\000\000\000\000\000\000P\031-}\351f\032\255\274\334m\326c\017\014ao[\342\230\003\245\245\3341Hm\326^\017jy\335\261s!\002{\225<\007\274u\243\357\240\252\252s\245\347\264t\n\270mW\350M\315Q\355\316q \341\326\rRvG0E\002!\000\264\251?\303iC\017\200&?\260\246\035-\230(>\227u\276u\001\263\021\0320D\r\205\202\300u\002 S\306e\324%oXhs\334\212\242\275\357\334r\206._\033\232Y3E\035z\250\266\305\226\r\004""; "
1750547994335,1750547994335,1148,1,0,2,TMValidation,"validation: """"\200\000\000\000&\000\000\000\002)/\351\372\230:\361R\251Z\031\007\333\203Q\225\264N\222[\002\377-\202>\217\262\024\307\221\215\245J\034G6!\212${\335q\376\202\3611\332P\027\000\000\000\000\000\000\000\000\000\000\000\000\000\000\000\000\000\000\000\000\000\000\000\000\000\000\000\000\000\000\000\000P\031-}\351f\032\255\274\334m\326c\017\014ao[\342\230\003\245\245\3341Hm\326^\017jy\335\261s!\002{\225<\007\274u\243\357\240\252\252s\245\347\264t\n\270mW\350M\315Q\355\316q \341\326\rRvG0E\002!\000\264\251?\303iC\017\200&?\260\246\035-\230(>\227u\276u\001\263\021\0320D\r\205\202\300u\002 S\306e\324%oXhs\334\212\242\275\357\334r\206._\033\232Y3E\035z\250\266\305\226\r\004""; ","validation: """"\200\000\000\000&\000\000\000\002)/\351\372\230:\361R\251Z\031\007\333\203Q\225\264N\222[\002\377-\202>\217\262\024\307\221\215\245J\034G6!\212${\335q\376\202\3611\332P\027\000\000\000\000\000\000\000\000\000\000\000\000\000\000\000\000\000\000\000\000\000\000\000\000\000\000\000\000\000\000\000\000P\031-}\351f\032\255\274\334m\326c\017\014ao[\342\230\003\245\245\3341Hm\326^\017jy\335\261s!\002{\225<\007\274u\243\357\240\252\252s\245\347\264t\n\270mW\350M\315Q\355\316q \341\326\rRvG0E\002!\000\264\251?\303iC\017\200&?\260\246\035-\230(>\227u\276u\001\263\021\0320D\r\205\202\300u\002 S\306e\324%oXhs\334\212\242\275\357\334r\206._\033\232Y3E\035z\250\266\305\226\r\004""; "
1750547994335,1750547994335,939,1,0,1,TMValidation,"validation: """"\200\000\000\000&\000\000\000\002)/\351\372\230:\361R\251Z\031\007\333\203Q\225\264N\222[\002\377-\202>\217\262\024\307\221\215\245J\034G6!\212${\335q\376\202\3611\332P\027\000\000\000\000\000\000\000\000\000\000\000\000\000\000\000\000\000\000\000\000\000\000\000\000\000\000\000\000\000\000\000\000P\031-}\351f\032\255\274\334m\326c\017\014ao[\342\230\003\245\245\3341Hm\326^\017jy\335\261s!\002{\225<\007\274u\243\357\240\252\252s\245\347\264t\n\270mW\350M\315Q\355\316q \341\326\rRvG0E\002!\000\264\251?\303iC\017\200&?\260\246\035-\230(>\227u\276u\001\263\021\0320D\r\205\202\300u\002 S\306e\324%oXhs\334\212\242\275\357\334r\206._\033\232Y3E\035z\250\266\305\226\r\004""; ","validation: """"\200\000\000\000&\000\000\000\002)/\351\372\230:\361R\251Z\031\007\333\203Q\225\264N\222[\002\377-\202>\217\262\024\307\221\215\245J\034G6!\212${\335q\376\202\3611\332P\027\000\000\000\000\000\000\000\000\000\000\000\000\000\000\000\000\000\000\000\000\000\000\000\000\000\000\000\000\000\000\000\000P\031-}\351f\032\255\274\334m\326c\017\014ao[\342\230\003\245\245\3341Hm\326^\017jy\335\261s!\002{\225<\007\274u\243\357\240\252\252s\245\347\264t\n\270mW\350M\315Q\355\316q \341\326\rRvG0E\002!\000\264\251?\303iC\017\200&?\260\246\035-\230(>\227u\276u\001\263\021\0320D\r\205\202\300u\002 S\306e\324%oXhs\334\212\242\275\357\334r\206._\033\232Y3E\035z\250\266\305\226\r\004""; "
1750547994357,1750547994357,1142,1,2,0,TMValidation,"validation: """"\200\000\000\000&\000\000\000\002)/\351\372\230:|u\201\031\2565EFQ\225\264N\222[\002\377-\202>\217\262\024\307\221\215\245J\034G6!\212${\335q\376\202\3611\332P\027\000\000\000\000\000\000\000\000\000\000\000\000\000\000\000\000\000\000\000\000\000\000\000\000\000\000\000\000\000\000\000\000P\031-}\351f\032\255\274\334m\326c\017\014ao[\342\230\003\245\245\3341Hm\326^\017jy\335\261s!\003\204\272\025\033\n}\306\377\017\245\005\231\224O7 O&\347\353r\372\373\245\202\356\377\030\263\231\221*vF0D\002 *\031\254\212dr\270y )P#^\0049\021xk\256\370\021\301a\364\3212\221t\234Ua#\002 e\032+:u_b6\326\014\023brlK\022vH\200\177\014ku\340\214\031\021\215>L\333\231""; ","validation: """"\200\000\000\000&\000\000\000\002)/\351\372\230:|u\201\031\2565EFQ\225\264N\222[\002\377-\202>\217\262\024\307\221\215\245J\034G6!\212${\335q\376\202\3611\332P\027\000\000\000\000\000\000\000\000\000\000\000\000\000\000\000\000\000\000\000\000\000\000\000\000\000\000\000\000\000\000\000\000P\031-}\351f\032\255\274\334m\326c\017\014ao[\342\230\003\245\245\3341Hm\326^\017jy\335\261s!\003\204\272\025\033\n}\306\377\017\245\005\231\224O7 O&\347\353r\372\373\245\202\356\377\030\263\231\221*vF0D\002 *\031\254\212dr\270y )P#^\0049\021xk\256\370\021\301a\364\3212\221t\234Ua#\002 e\032+:u_b6\326\014\023brlK\022vH\200\177\014ku\340\214\031\021\215>L\333\231""; "
1750547994357,1750547994358,1265,1,2,3,TMValidation,"validation: """"\200\000\000\000&\000\000\000\002)/\351\372\230:|u\201\031\2565EFQ\225\264N\222[\002\377-\202>\217\262\024\307\221\215\245J\034G6!\212${\335q\376\202\3611\332P\027\000\000\000\000\000\000\000\000\000\000\000\000\000\000\000\000\000\000\000\000\000\000\000\000\000\000\000\000\000\000\000\000P\031-}\351f\032\255\274\334m\326c\017\014ao[\342\230\003\245\245\3341Hm\326^\017jy\335\261s!\003\204\272\025\033\n}\306\377\017\245\005\231\224O7 O&\347\353r\372\373\245\202\356\377\030\263\231\221*vF0D\002 *\031\254\212dr\270y )P#^\0049\021xk\256\370\021\301a\364\3212\221t\234Ua#\002 e\032+:u_b6\326\014\023brlK\022vH\200\177\014ku\340\214\031\021\215>L\333\231""; ","validation: """"\200\000\000\000&\000\000\000\002)/\351\372\230:|u\201\031\2565EFQ\225\264N\222[\002\377-\202>\217\262\024\307\221\215\245J\034G6!\212${\335q\376\202\3611\332P\027\000\000\000\000\000\000\000\000\000\000\000\000\000\000\000\000\000\000\000\000\000\000\000\000\000\000\000\000\000\000\000\000P\031-}\351f\032\255\274\334m\326c\017\014ao[\342\230\003\245\245\3341Hm\326^\017jy\335\261s!\003\204\272\025\033\n}\306\377\017\245\005\231\224O7 O&\347\353r\372\373\245\202\356\377\030\263\231\221*vF0D\002 *\031\254\212dr\270y )P#^\0049\021xk\256\370\021\301a\364\3212\221t\234Ua#\002 e\032+:u_b6\326\014\023brlK\022vH\200\177\014ku\340\214\031\021\215>L\333\231""; "
1750547994358,1750547994358,1124,1,2,1,TMValidation,"validation: """"\200\000\000\000&\000\000\000\002)/\351\372\230:|u\201\031\2565EFQ\225\264N\222[\002\377-\202>\217\262\024\307\221\215\245J\034G6!\212${\335q\376\202\3611\332P\027\000\000\000\000\000\000\000\000\000\000\000\000\000\000\000\000\000\000\000\000\000\000\000\000\000\000\000\000\000\000\000\000P\031-}\351f\032\255\274\334m\326c\017\014ao[\342\230\003\245\245\3341Hm\326^\017jy\335\261s!\003\204\272\025\033\n}\306\377\017\245\005\231\224O7 O&\347\353r\372\373\245\202\356\377\030\263\231\221*vF0D\002 *\031\254\212dr\270y )P#^\0049\021xk\256\370\021\301a\364\3212\221t\234Ua#\002 e\032+:u_b6\326\014\023brlK\022vH\200\177\014ku\340\214\031\021\215>L\333\231""; ","validation: """"\200\000\000\000&\000\000\000\002)/\351\372\230:|u\201\031\2565EFQ\225\264N\222[\002\377-\202>\217\262\024\307\221\215\245J\034G6!\212${\335q\376\202\3611\332P\027\000\000\000\000\000\000\000\000\000\000\000\000\000\000\000\000\000\000\000\000\000\000\000\000\000\000\000\000\000\000\000\000P\031-}\351f\032\255\274\334m\326c\017\014ao[\342\230\003\245\245\3341Hm\326^\017jy\335\261s!\003\204\272\025\033\n}\306\377\017\245\005\231\224O7 O&\347\353r\372\373\245\202\356\377\030\263\231\221*vF0D\002 *\031\254\212dr\270y )P#^\0049\021xk\256\370\021\301a\364\3212\221t\234Ua#\002 e\032+:u_b6\326\014\023brlK\022vH\200\177\014ku\340\214\031\021\215>L\333\231""; "
1750547994359,1750547994359,1482,1,3,2,TMValidation,"validation: """"\200\000\000\000&\000\000\000\002)/\351\372\230:|u\201\031\2565EFQ\225\264N\222[\002\377-\202>\217\262\024\307\221\215\245J\034G6!\212${\335q\376\202\3611\332P\027\000\000\000\000\000\000\000\000\000\000\000\000\000\000\000\000\000\000\000\000\000\000\000\000\000\000\000\000\000\000\000\000P\031-}\351f\032\255\274\334m\326c\017\014ao[\342\230\003\245\245\3341Hm\326^\017jy\335\261s!\003\204\272\025\033\n}\306\377\017\245\005\231\224O7 O&\347\353r\372\373\245\202\356\377\030\263\231\221*vF0D\002 *\031\254\212dr\270y )P#^\0049\021xk\256\370\021\301a\364\3212\221t\234Ua#\002 e\032+:u_b6\326\014\023brlK\022vH\200\177\014ku\340\214\031\021\215>L\333\231""; ","validation: """"\200\000\000\000&\000\000\000\002)/\351\372\230:|u\201\031\2565EFQ\225\264N\222[\002\377-\202>\217\262\024\307\221\215\245J\034G6!\212${\335q\376\202\3611\332P\027\000\000\000\000\000\000\000\000\000\000\000\000\000\000\000\000\000\000\000\000\000\000\000\000\000\000\000\000\000\000\000\000P\031-}\351f\032\255\274\334m\326c\017\014ao[\342\230\003\245\245\3341Hm\326^\017jy\335\261s!\003\204\272\025\033\n}\306\377\017\245\005\231\224O7 O&\347\353r\372\373\245\202\356\377\030\263\231\221*vF0D\002 *\031\254\212dr\270y )P#^\0049\021xk\256\370\021\301a\364\3212\221t\234Ua#\002 e\032+:u_b6\326\014\023brlK\022vH\200\177\014ku\340\214\031\021\215>L\333\231""; "
1750547994359,1750547994359,2206,1,3,0,TMValidation,"validation: """"\200\000\000\000&\000\000\000\002)/\351\372\230:|u\201\031\2565EFQ\225\264N\222[\002\377-\202>\217\262\024\307\221\215\245J\034G6!\212${\335q\376\202\3611\332P\027\000\000\000\000\000\000\000\000\000\000\000\000\000\000\000\000\000\000\000\000\000\000\000\000\000\000\000\000\000\000\000\000P\031-}\351f\032\255\274\334m\326c\017\014ao[\342\230\003\245\245\3341Hm\326^\017jy\335\261s!\003\204\272\025\033\n}\306\377\017\245\005\231\224O7 O&\347\353r\372\373\245\202\356\377\030\263\231\221*vF0D\002 *\031\254\212dr\270y )P#^\0049\021xk\256\370\021\301a\364\3212\221t\234Ua#\002 e\032+:u_b6\326\014\023brlK\022vH\200\177\014ku\340\214\031\021\215>L\333\231""; ","validation: """"\200\000\000\000&\000\000\000\002)/\351\372\230:|u\201\031\2565EFQ\225\264N\222[\002\377-\202>\217\262\024\307\221\215\245J\034G6!\212${\335q\376\202\3611\332P\027\000\000\000\000\000\000\000\000\000\000\000\000\000\000\000\000\000\000\000\000\000\000\000\000\000\000\000\000\000\000\000\000P\031-}\351f\032\255\274\334m\326c\017\014ao[\342\230\003\245\245\3341Hm\326^\017jy\335\261s!\003\204\272\025\033\n}\306\377\017\245\005\231\224O7 O&\347\353r\372\373\245\202\356\377\030\263\231\221*vF0D\002 *\031\254\212dr\270y )P#^\0049\021xk\256\370\021\301a\364\3212\221t\234Ua#\002 e\032+:u_b6\326\014\023brlK\022vH\200\177\014ku\340\214\031\021\215>L\333\231""; "
1750547994360,1750547994360,3432,1,3,1,TMValidation,"validation: """"\200\000\000\000&\000\000\000\002)/\351\372\230:|u\201\031\2565EFQ\225\264N\222[\002\377-\202>\217\262\024\307\221\215\245J\034G6!\212${\335q\376\202\3611\332P\027\000\000\000\000\000\000\000\000\000\000\000\000\000\000\000\000\000\000\000\000\000\000\000\000\000\000\000\000\000\000\000\000P\031-}\351f\032\255\274\334m\326c\017\014ao[\342\230\003\245\245\3341Hm\326^\017jy\335\261s!\003\204\272\025\033\n}\306\377\017\245\005\231\224O7 O&\347\353r\372\373\245\202\356\377\030\263\231\221*vF0D\002 *\031\254\212dr\270y )P#^\0049\021xk\256\370\021\301a\364\3212\221t\234Ua#\002 e\032+:u_b6\326\014\023brlK\022vH\200\177\014ku\340\214\031\021\215>L\333\231""; ","validation: """"\200\000\000\000&\000\000\000\002)/\351\372\230:|u\201\031\2565EFQ\225\264N\222[\002\377-\202>\217\262\024\307\221\215\245J\034G6!\212${\335q\376\202\3611\332P\027\000\000\000\000\000\000\000\000\000\000\000\000\000\000\000\000\000\000\000\000\000\000\000\000\000\000\000\000\000\000\000\000P\031-}\351f\032\255\274\334m\326c\017\014ao[\342\230\003\245\245\3341Hm\326^\017jy\335\261s!\003\204\272\025\033\n}\306\377\017\245\005\231\224O7 O&\347\353r\372\373\245\202\356\377\030\263\231\221*vF0D\002 *\031\254\212dr\270y )P#^\0049\021xk\256\370\021\301a\364\3212\221t\234Ua#\002 e\032+:u_b6\326\014\023brlK\022vH\200\177\014ku\340\214\031\021\215>L\333\231""; "
1750547994655,1750547994655,2154,1,0,3,TMValidation,"validation: """"\200\000\000\000&\000\000\000\002)/\351\372\230:|u\201\031\2565EFQ\225\264N\222[\002\377-\202>\217\262\024\307\221\215\245J\034G6!\212${\335q\376\202\3611\332P\027\000\000\000\000\000\000\000\000\000\000\000\000\000\000\000\000\000\000\000\000\000\000\000\000\000\000\000\000\000\000\000\000P\031-}\351f\032\255\274\334m\326c\017\014ao[\342\230\003\245\245\3341Hm\326^\017jy\335\261s!\003\204\272\025\033\n}\306\377\017\245\005\231\224O7 O&\347\353r\372\373\245\202\356\377\030\263\231\221*vF0D\002 *\031\254\212dr\270y )P#^\0049\021xk\256\370\021\301a\364\3212\221t\234Ua#\002 e\032+:u_b6\326\014\023brlK\022vH\200\177\014ku\340\214\031\021\215>L\333\231""; ","validation: """"\200\000\000\000&\000\000\000\002)/\351\372\230:|u\201\031\2565EFQ\225\264N\222[\002\377-\202>\217\262\024\307\221\215\245J\034G6!\212${\335q\376\202\3611\332P\027\000\000\000\000\000\000\000\000\000\000\000\000\000\000\000\000\000\000\000\000\000\000\000\000\000\000\000\000\000\000\000\000P\031-}\351f\032\255\274\334m\326c\017\014ao[\342\230\003\245\245\3341Hm\326^\017jy\335\261s!\003\204\272\025\033\n}\306\377\017\245\005\231\224O7 O&\347\353r\372\373\245\202\356\377\030\263\231\221*vF0D\002 *\031\254\212dr\270y )P#^\0049\021xk\256\370\021\301a\364\3212\221t\234Ua#\002 e\032+:u_b6\326\014\023brlK\022vH\200\177\014ku\340\214\031\021\215>L\333\231""; "
1750547994656,1750547994656,939,1,0,1,TMValidation,"validation: """"\200\000\000\000&\000\000\000\002)/\351\372\230:|u\201\031\2565EFQ\225\264N\222[\002\377-\202>\217\262\024\307\221\215\245J\034G6!\212${\335q\376\202\3611\332P\027\000\000\000\000\000\000\000\000\000\000\000\000\000\000\000\000\000\000\000\000\000\000\000\000\000\000\000\000\000\000\000\000P\031-}\351f\032\255\274\334m\326c\017\014ao[\342\230\003\245\245\3341Hm\326^\017jy\335\261s!\003\204\272\025\033\n}\306\377\017\245\005\231\224O7 O&\347\353r\372\373\245\202\356\377\030\263\231\221*vF0D\002 *\031\254\212dr\270y )P#^\0049\021xk\256\370\021\301a\364\3212\221t\234Ua#\002 e\032+:u_b6\326\014\023brlK\022vH\200\177\014ku\340\214\031\021\215>L\333\231""; ","validation: """"\200\000\000\000&\000\000\000\002)/\351\372\230:|u\201\031\2565EFQ\225\264N\222[\002\377-\202>\217\262\024\307\221\215\245J\034G6!\212${\335q\376\202\3611\332P\027\000\000\000\000\000\000\000\000\000\000\000\000\000\000\000\000\000\000\000\000\000\000\000\000\000\000\000\000\000\000\000\000P\031-}\351f\032\255\274\334m\326c\017\014ao[\342\230\003\245\245\3341Hm\326^\017jy\335\261s!\003\204\272\025\033\n}\306\377\017\245\005\231\224O7 O&\347\353r\372\373\245\202\356\377\030\263\231\221*vF0D\002 *\031\254\212dr\270y )P#^\0049\021xk\256\370\021\301a\364\3212\221t\234Ua#\002 e\032+:u_b6\326\014\023brlK\022vH\200\177\014ku\340\214\031\021\215>L\333\231""; "
1750547994657,1750547994657,1148,1,0,2,TMValidation,"validation: """"\200\000\000\000&\000\000\000\002)/\351\372\230:|u\201\031\2565EFQ\225\264N\222[\002\377-\202>\217\262\024\307\221\215\245J\034G6!\212${\335q\376\202\3611\332P\027\000\000\000\000\000\000\000\000\000\000\000\000\000\000\000\000\000\000\000\000\000\000\000\000\000\000\000\000\000\000\000\000P\031-}\351f\032\255\274\334m\326c\017\014ao[\342\230\003\245\245\3341Hm\326^\017jy\335\261s!\003\204\272\025\033\n}\306\377\017\245\005\231\224O7 O&\347\353r\372\373\245\202\356\377\030\263\231\221*vF0D\002 *\031\254\212dr\270y )P#^\0049\021xk\256\370\021\301a\364\3212\221t\234Ua#\002 e\032+:u_b6\326\014\023brlK\022vH\200\177\014ku\340\214\031\021\215>L\333\231""; ","validation: """"\200\000\000\000&\000\000\000\002)/\351\372\230:|u\201\031\2565EFQ\225\264N\222[\002\377-\202>\217\262\024\307\221\215\245J\034G6!\212${\335q\376\202\3611\332P\027\000\000\000\000\000\000\000\000\000\000\000\000\000\000\000\000\000\000\000\000\000\000\000\000\000\000\000\000\000\000\000\000P\031-}\351f\032\255\274\334m\326c\017\014ao[\342\230\003\245\245\3341Hm\326^\017jy\335\261s!\003\204\272\025\033\n}\306\377\017\245\005\231\224O7 O&\347\353r\372\373\245\202\356\377\030\263\231\221*vF0D\002 *\031\254\212dr\270y )P#^\0049\021xk\256\370\021\301a\364\3212\221t\234Ua#\002 e\032+:u_b6\326\014\023brlK\022vH\200\177\014ku\340\214\031\021\215>L\333\231""; "
1750547994738,1750547994738,1688,1,1,4,TMValidation,"validation: """"\200\000\000\000&\000\000\000\002)/\351\372\230:\361R\251Z\031\007\333\203Q\225\264N\222[\002\377-\202>\217\262\024\307\221\215\245J\034G6!\212${\335q\376\202\3611\332P\027\000\000\000\000\000\000\000\000\000\000\000\000\000\000\000\000\000\000\000\000\000\000\000\000\000\000\000\000\000\000\000\000P\031-}\351f\032\255\274\334m\326c\017\014ao[\342\230\003\245\245\3341Hm\326^\017jy\335\261s!\002{\225<\007\274u\243\357\240\252\252s\245\347\264t\n\270mW\350M\315Q\355\316q \341\326\rRvG0E\002!\000\264\251?\303iC\017\200&?\260\246\035-\230(>\227u\276u\001\263\021\0320D\r\205\202\300u\002 S\306e\324%oXhs\334\212\242\275\357\334r\206._\033\232Y3E\035z\250\266\305\226\r\004""; ","validation: """"\200\000\000\000&\000\000\000\002)/\351\372\230:\361R\251Z\031\007\333\203Q\225\264N\222[\002\377-\202>\217\262\024\307\221\215\245J\034G6!\212${\335q\376\202\3611\332P\027\000\000\000\000\000\000\000\000\000\000\000\000\000\000\000\000\000\000\000\000\000\000\000\000\000\000\000\000\000\000\000\000P\031-}\351f\032\255\274\334m\326c\017\014ao[\342\230\003\245\245\3341Hm\326^\017jy\335\261s!\002{\225<\007\274u\243\357\240\252\252s\245\347\264t\n\270mW\350M\315Q\355\316q \341\326\rRvG0E\002!\000\264\251?\303iC\017\200&?\260\246\035-\230(>\227u\276u\001\263\021\0320D\r\205\202\300u\002 S\306e\324%oXhs\334\212\242\275\357\334r\206._\033\232Y3E\035z\250\266\305\226\r\004""; "
1750547994738,1750547994738,3011,1,1,0,TMValidation,"validation: """"\200\000\000\000&\000\000\000\002)/\351\372\230:\361R\251Z\031\007\333\203Q\225\264N\222[\002\377-\202>\217\262\024\307\221\215\245J\034G6!\212${\335q\376\202\3611\332P\027\000\000\000\000\000\000\000\000\000\000\000\000\000\000\000\000\000\000\000\000\000\000\000\000\000\000\000\000\000\000\000\000P\031-}\351f\032\255\274\334m\326c\017\014ao[\342\230\003\245\245\3341Hm\326^\017jy\335\261s!\002{\225<\007\274u\243\357\240\252\252s\245\347\264t\n\270mW\350M\315Q\355\316q \341\326\rRvG0E\002!\000\264\251?\303iC\017\200&?\260\246\035-\230(>\227u\276u\001\263\021\0320D\r\205\202\300u\002 S\306e\324%oXhs\334\212\242\275\357\334r\206._\033\232Y3E\035z\250\266\305\226\r\004""; ","validation: """"\200\000\000\000&\000\000\000\002)/\351\372\230:\361R\251Z\031\007\333\203Q\225\264N\222[\002\377-\202>\217\262\024\307\221\215\245J\034G6!\212${\335q\376\202\3611\332P\027\000\000\000\000\000\000\000\000\000\000\000\000\000\000\000\000\000\000\000\000\000\000\000\000\000\000\000\000\000\000\000\000P\031-}\351f\032\255\274\334m\326c\017\014ao[\342\230\003\245\245\3341Hm\326^\017jy\335\261s!\002{\225<\007\274u\243\357\240\252\252s\245\347\264t\n\270mW\350M\315Q\355\316q \341\326\rRvG0E\002!\000\264\251?\303iC\017\200&?\260\246\035-\230(>\227u\276u\001\263\021\0320D\r\205\202\300u\002 S\306e\324%oXhs\334\212\242\275\357\334r\206._\033\232Y3E\035z\250\266\305\226\r\004""; "
1750547994739,1750547994740,1871,1,1,3,TMValidation,"validation: """"\200\000\000\000&\000\000\000\002)/\351\372\230:\361R\251Z\031\007\333\203Q\225\264N\222[\002\377-\202>\217\262\024\307\221\215\245J\034G6!\212${\335q\376\202\3611\332P\027\000\000\000\000\000\000\000\000\000\000\000\000\000\000\000\000\000\000\000\000\000\000\000\000\000\000\000\000\000\000\000\000P\031-}\351f\032\255\274\334m\326c\017\014ao[\342\230\003\245\245\3341Hm\326^\017jy\335\261s!\002{\225<\007\274u\243\357\240\252\252s\245\347\264t\n\270mW\350M\315Q\355\316q \341\326\rRvG0E\002!\000\264\251?\303iC\017\200&?\260\246\035-\230(>\227u\276u\001\263\021\0320D\r\205\202\300u\002 S\306e\324%oXhs\334\212\242\275\357\334r\206._\033\232Y3E\035z\250\266\305\226\r\004""; ","validation: """"\200\000\000\000&\000\000\000\002)/\351\372\230:\361R\251Z\031\007\333\203Q\225\264N\222[\002\377-\202>\217\262\024\307\221\215\245J\034G6!\212${\335q\376\202\3611\332P\027\000\000\000\000\000\000\000\000\000\000\000\000\000\000\000\000\000\000\000\000\000\000\000\000\000\000\000\000\000\000\000\000P\031-}\351f\032\255\274\334m\326c\017\014ao[\342\230\003\245\245\3341Hm\326^\017jy\335\261s!\002{\225<\007\274u\243\357\240\252\252s\245\347\264t\n\270mW\350M\315Q\355\316q \341\326\rRvG0E\002!\000\264\251?\303iC\017\200&?\260\246\035-\230(>\227u\276u\001\263\021\0320D\r\205\202\300u\002 S\306e\324%oXhs\334\212\242\275\357\334r\206._\033\232Y3E\035z\250\266\305\226\r\004""; "
1750547995062,1750547995062,2558,1,0,4,TMValidation,"validation: """"\200\000\000\000&\000\000\000\002)/\351\372\230:\274z\0232O\2076\246Q\225\264N\222[\002\377-\202>\217\262\024\307\221\215\245J\034G6!\212${\335q\376\202\3611\332P\027\000\000\000\000\000\000\000\000\000\000\000\000\000\000\000\000\000\000\000\000\000\000\000\000\000\000\000\000\000\000\000\000P\031-}\351f\032\255\274\334m\326c\017\014ao[\342\230\003\245\245\3341Hm\326^\017jy\335\261s!\003\004ed\372\252\222b)\273N\230\362\351M\371%\250\377\202n~\360\227\321\222\327\313^4\t\364\271vF0D\002 %\231\375\242d\323\232\260\256\262\037\025\016\340\020\250\361@1\327\340{\266\353\324V\201\334\304\024\363C\002 \010\002v\265F\221+\017qY\245\177%\250\021Y\316\024\316\023?\020;\032h\307\234\333\213%\220""""; ","validation: """"\200\000\000\000&\000\000\000\002)/\351\372\230:\274z\0232O\2076\246Q\225\264N\222[\002\377-\202>\217\262\024\307\221\215\245J\034G6!\212${\335q\376\202\3611\332P\027\000\000\000\000\000\000\000\000\000\000\000\000\000\000\000\000\000\000\000\000\000\000\000\000\000\000\000\000\000\000\000\000P\031-}\351f\032\255\274\334m\326c\017\014ao[\342\230\003\245\245\3341Hm\326^\017jy\335\261s!\003\004ed\372\252\222b)\273N\230\362\351M\371%\250\377\202n~\360\227\321\222\327\313^4\t\364\271vF0D\002 %\231\375\242d\323\232\260\256\262\037\025\016\340\020\250\361@1\327\340{\266\353\324V\201\334\304\024\363C\002 \010\002v\265F\221+\017qY\245\177%\250\021Y\316\024\316\023?\020;\032h\307\234\333\213%\220""""; "
1750547995064,1750547995064,1148,1,0,2,TMValidation,"validation: """"\200\000\000\000&\000\000\000\002)/\351\372\230:\274z\0232O\2076\246Q\225\264N\222[\002\377-\202>\217\262\024\307\221\215\245J\034G6!\212${\335q\376\202\3611\332P\027\000\000\000\000\000\000\000\000\000\000\000\000\000\000\000\000\000\000\000\000\000\000\000\000\000\000\000\000\000\000\000\000P\031-}\351f\032\255\274\334m\326c\017\014ao[\342\230\003\245\245\3341Hm\326^\017jy\335\261s!\003\004ed\372\252\222b)\273N\230\362\351M\371%\250\377\202n~\360\227\321\222\327\313^4\t\364\271vF0D\002 %\231\375\242d\323\232\260\256\262\037\025\016\340\020\250\361@1\327\340{\266\353\324V\201\334\304\024\363C\002 \010\002v\265F\221+\017qY\245\177%\250\021Y\316\024\316\023?\020;\032h\307\234\333\213%\220""""; ","validation: """"\200\000\000\000&\000\000\000\002)/\351\372\230:\274z\0232O\2076\246Q\225\264N\222[\002\377-\202>\217\262\024\307\221\215\245J\034G6!\212${\335q\376\202\3611\332P\027\000\000\000\000\000\000\000\000\000\000\000\000\000\000\000\000\000\000\000\000\000\000\000\000\000\000\000\000\000\000\000\000P\031-}\351f\032\255\274\334m\326c\017\014ao[\342\230\003\245\245\3341Hm\326^\017jy\335\261s!\003\004ed\372\252\222b)\273N\230\362\351M\371%\250\377\202n~\360\227\321\222\327\313^4\t\364\271vF0D\002 %\231\375\242d\323\232\260\256\262\037\025\016\340\020\250\361@1\327\340{\266\353\324V\201\334\304\024\363C\002 \010\002v\265F\221+\017qY\245\177%\250\021Y\316\024\316\023?\020;\032h\307\234\333\213%\220""""; "
1750547995063,1750547995063,2154,1,0,3,TMValidation,"validation: """"\200\000\000\000&\000\000\000\002)/\351\372\230:\274z\0232O\2076\246Q\225\264N\222[\002\377-\202>\217\262\024\307\221\215\245J\034G6!\212${\335q\376\202\3611\332P\027\000\000\000\000\000\000\000\000\000\000\000\000\000\000\000\000\000\000\000\000\000\000\000\000\000\000\000\000\000\000\000\000P\031-}\351f\032\255\274\334m\326c\017\014ao[\342\230\003\245\245\3341Hm\326^\017jy\335\261s!\003\004ed\372\252\222b)\273N\230\362\351M\371%\250\377\202n~\360\227\321\222\327\313^4\t\364\271vF0D\002 %\231\375\242d\323\232\260\256\262\037\025\016\340\020\250\361@1\327\340{\266\353\324V\201\334\304\024\363C\002 \010\002v\265F\221+\017qY\245\177%\250\021Y\316\024\316\023?\020;\032h\307\234\333\213%\220""""; ","validation: """"\200\000\000\000&\000\000\000\002)/\351\372\230:\274z\0232O\2076\246Q\225\264N\222[\002\377-\202>\217\262\024\307\221\215\245J\034G6!\212${\335q\376\202\3611\332P\027\000\000\000\000\000\000\000\000\000\000\000\000\000\000\000\000\000\000\000\000\000\000\000\000\000\000\000\000\000\000\000\000P\031-}\351f\032\255\274\334m\326c\017\014ao[\342\230\003\245\245\3341Hm\326^\017jy\335\261s!\003\004ed\372\252\222b)\273N\230\362\351M\371%\250\377\202n~\360\227\321\222\327\313^4\t\364\271vF0D\002 %\231\375\242d\323\232\260\256\262\037\025\016\340\020\250\361@1\327\340{\266\353\324V\201\334\304\024\363C\002 \010\002v\265F\221+\017qY\245\177%\250\021Y\316\024\316\023?\020;\032h\307\234\333\213%\220""""; "
1750547995082,1750547995082,1871,1,1,3,TMValidation,"validation: """"\200\000\000\000&\000\000\000\002)/\351\372\230:|u\201\031\2565EFQ\225\264N\222[\002\377-\202>\217\262\024\307\221\215\245J\034G6!\212${\335q\376\202\3611\332P\027\000\000\000\000\000\000\000\000\000\000\000\000\000\000\000\000\000\000\000\000\000\000\000\000\000\000\000\000\000\000\000\000P\031-}\351f\032\255\274\334m\326c\017\014ao[\342\230\003\245\245\3341Hm\326^\017jy\335\261s!\003\204\272\025\033\n}\306\377\017\245\005\231\224O7 O&\347\353r\372\373\245\202\356\377\030\263\231\221*vF0D\002 *\031\254\212dr\270y )P#^\0049\021xk\256\370\021\301a\364\3212\221t\234Ua#\002 e\032+:u_b6\326\014\023brlK\022vH\200\177\014ku\340\214\031\021\215>L\333\231""; ","validation: """"\200\000\000\000&\000\000\000\002)/\351\372\230:|u\201\031\2565EFQ\225\264N\222[\002\377-\202>\217\262\024\307\221\215\245J\034G6!\212${\335q\376\202\3611\332P\027\000\000\000\000\000\000\000\000\000\000\000\000\000\000\000\000\000\000\000\000\000\000\000\000\000\000\000\000\000\000\000\000P\031-}\351f\032\255\274\334m\326c\017\014ao[\342\230\003\245\245\3341Hm\326^\017jy\335\261s!\003\204\272\025\033\n}\306\377\017\245\005\231\224O7 O&\347\353r\372\373\245\202\356\377\030\263\231\221*vF0D\002 *\031\254\212dr\270y )P#^\0049\021xk\256\370\021\301a\364\3212\221t\234Ua#\002 e\032+:u_b6\326\014\023brlK\022vH\200\177\014ku\340\214\031\021\215>L\333\231""; "
1750547995082,1750547995082,2090,1,1,2,TMValidation,"validation: """"\200\000\000\000&\000\000\000\002)/\351\372\230:|u\201\031\2565EFQ\225\264N\222[\002\377-\202>\217\262\024\307\221\215\245J\034G6!\212${\335q\376\202\3611\332P\027\000\000\000\000\000\000\000\000\000\000\000\000\000\000\000\000\000\000\000\000\000\000\000\000\000\000\000\000\000\000\000\000P\031-}\351f\032\255\274\334m\326c\017\014ao[\342\230\003\245\245\3341Hm\326^\017jy\335\261s!\003\204\272\025\033\n}\306\377\017\245\005\231\224O7 O&\347\353r\372\373\245\202\356\377\030\263\231\221*vF0D\002 *\031\254\212dr\270y )P#^\0049\021xk\256\370\021\301a\364\3212\221t\234Ua#\002 e\032+:u_b6\326\014\023brlK\022vH\200\177\014ku\340\214\031\021\215>L\333\231""; ","validation: """"\200\000\000\000&\000\000\000\002)/\351\372\230:|u\201\031\2565EFQ\225\264N\222[\002\377-\202>\217\262\024\307\221\215\245J\034G6!\212${\335q\376\202\3611\332P\027\000\000\000\000\000\000\000\000\000\000\000\000\000\000\000\000\000\000\000\000\000\000\000\000\000\000\000\000\000\000\000\000P\031-}\351f\032\255\274\334m\326c\017\014ao[\342\230\003\245\245\3341Hm\326^\017jy\335\261s!\003\204\272\025\033\n}\306\377\017\245\005\231\224O7 O&\347\353r\372\373\245\202\356\377\030\263\231\221*vF0D\002 *\031\254\212dr\270y )P#^\0049\021xk\256\370\021\301a\364\3212\221t\234Ua#\002 e\032+:u_b6\326\014\023brlK\022vH\200\177\014ku\340\214\031\021\215>L\333\231""; "
1750547995083,1750547995083,3011,1,1,0,TMValidation,"validation: """"\200\000\000\000&\000\000\000\002)/\351\372\230:|u\201\031\2565EFQ\225\264N\222[\002\377-\202>\217\262\024\307\221\215\245J\034G6!\212${\335q\376\202\3611\332P\027\000\000\000\000\000\000\000\000\000\000\000\000\000\000\000\000\000\000\000\000\000\000\000\000\000\000\000\000\000\000\000\000P\031-}\351f\032\255\274\334m\326c\017\014ao[\342\230\003\245\245\3341Hm\326^\017jy\335\261s!\003\204\272\025\033\n}\306\377\017\245\005\231\224O7 O&\347\353r\372\373\245\202\356\377\030\263\231\221*vF0D\002 *\031\254\212dr\270y )P#^\0049\021xk\256\370\021\301a\364\3212\221t\234Ua#\002 e\032+:u_b6\326\014\023brlK\022vH\200\177\014ku\340\214\031\021\215>L\333\231""; ","validation: """"\200\000\000\000&\000\000\000\002)/\351\372\230:|u\201\031\2565EFQ\225\264N\222[\002\377-\202>\217\262\024\307\221\215\245J\034G6!\212${\335q\376\202\3611\332P\027\000\000\000\000\000\000\000\000\000\000\000\000\000\000\000\000\000\000\000\000\000\000\000\000\000\000\000\000\000\000\000\000P\031-}\351f\032\255\274\334m\326c\017\014ao[\342\230\003\245\245\3341Hm\326^\017jy\335\261s!\003\204\272\025\033\n}\306\377\017\245\005\231\224O7 O&\347\353r\372\373\245\202\356\377\030\263\231\221*vF0D\002 *\031\254\212dr\270y )P#^\0049\021xk\256\370\021\301a\364\3212\221t\234Ua#\002 e\032+:u_b6\326\014\023brlK\022vH\200\177\014ku\340\214\031\021\215>L\333\231""; "
