timestamp,timestamp_sent,action,send_amount,from_node_id,to_node_id,message_type,original_data,possibly_mutated_data
1750538696326,1750538696326,3117,1,0,1,TMStatusChange,"newEvent: neCLOSING_LEDGER; ledgerSeq: 1; ledgerHash: ""-}\351f\032\255\274\334m\326c\017\014ao[\342\230\003\245\245\3341Hm\326^\017jy\335\261""; ledgerHashPrevious: ""\000\000\000\000\000\000\000\000\000\000\000\000\000\000\000\000\000\000\000\000\000\000\000\000\000\000\000\000\000\000\000\000""; networkTime: 803853895; firstSeq: 1; lastSeq: 1; ","newEvent: neCLOSING_LEDGER; ledgerSeq: 1; ledgerHash: ""-}\351f\032\255\274\334m\326c\017\014ao[\342\230\003\245\245\3341Hm\326^\017jy\335\261""; ledgerHashPrevious: ""\000\000\000\000\000\000\000\000\000\000\000\000\000\000\000\000\000\000\000\000\000\000\000\000\000\000\000\000\000\000\000\000""; networkTime: 803853895; firstSeq: 1; lastSeq: 1; "
1750538696327,1750538696327,830,1,0,3,TMStatusChange,"newEvent: neCLOSING_LEDGER; ledgerSeq: 1; ledgerHash: ""-}\351f\032\255\274\334m\326c\017\014ao[\342\230\003\245\245\3341Hm\326^\017jy\335\261""; ledgerHashPrevious: ""\000\000\000\000\000\000\000\000\000\000\000\000\000\000\000\000\000\000\000\000\000\000\000\000\000\000\000\000\000\000\000\000""; networkTime: 803853895; firstSeq: 1; lastSeq: 1; ","newEvent: neCLOSING_LEDGER; ledgerSeq: 1; ledgerHash: ""-}\351f\032\255\274\334m\326c\017\014ao[\342\230\003\245\245\3341Hm\326^\017jy\335\261""; ledgerHashPrevious: ""\000\000\000\000\000\000\000\000\000\000\000\000\000\000\000\000\000\000\000\000\000\000\000\000\000\000\000\000\000\000\000\000""; networkTime: 803853895; firstSeq: 1; lastSeq: 1; "
1750538696328,1750538696328,2351,1,0,4,TMStatusChange,"newEvent: neCLOSING_LEDGER; ledgerSeq: 1; ledgerHash: ""-}\351f\032\255\274\334m\326c\017\014ao[\342\230\003\245\245\3341Hm\326^\017jy\335\261""; ledgerHashPrevious: ""\000\000\000\000\000\000\000\000\000\000\000\000\000\000\000\000\000\000\000\000\000\000\000\000\000\000\000\000\000\000\000\000""; networkTime: 803853895; firstSeq: 1; lastSeq: 1; ","newEvent: neCLOSING_LEDGER; ledgerSeq: 1; ledgerHash: ""-}\351f\032\255\274\334m\326c\017\014ao[\342\230\003\245\245\3341Hm\326^\017jy\335\261""; ledgerHashPrevious: ""\000\000\000\000\000\000\000\000\000\000\000\000\000\000\000\000\000\000\000\000\000\000\000\000\000\000\000\000\000\000\000\000""; networkTime: 803853895; firstSeq: 1; lastSeq: 1; "
1750538696328,1750538696328,2898,1,0,2,TMStatusChange,"newEvent: neCLOSING_LEDGER; ledgerSeq: 1; ledgerHash: ""-}\351f\032\255\274\334m\326c\017\014ao[\342\230\003\245\245\3341Hm\326^\017jy\335\261""; ledgerHashPrevious: ""\000\000\000\000\000\000\000\000\000\000\000\000\000\000\000\000\000\000\000\000\000\000\000\000\000\000\000\000\000\000\000\000""; networkTime: 803853895; firstSeq: 1; lastSeq: 1; ","newEvent: neCLOSING_LEDGER; ledgerSeq: 1; ledgerHash: ""-}\351f\032\255\274\334m\326c\017\014ao[\342\230\003\245\245\3341Hm\326^\017jy\335\261""; ledgerHashPrevious: ""\000\000\000\000\000\000\000\000\000\000\000\000\000\000\000\000\000\000\000\000\000\000\000\000\000\000\000\000\000\000\000\000""; networkTime: 803853895; firstSeq: 1; lastSeq: 1; "
1750538696329,1750538696329,1425,1,1,0,TMStatusChange,"newEvent: neCLOSING_LEDGER; ledgerSeq: 1; ledgerHash: ""-}\351f\032\255\274\334m\326c\017\014ao[\342\230\003\245\245\3341Hm\326^\017jy\335\261""; ledgerHashPrevious: ""\000\000\000\000\000\000\000\000\000\000\000\000\000\000\000\000\000\000\000\000\000\000\000\000\000\000\000\000\000\000\000\000""; networkTime: 803853895; firstSeq: 1; lastSeq: 1; ","newEvent: neCLOSING_LEDGER; ledgerSeq: 1; ledgerHash: ""-}\351f\032\255\274\334m\326c\017\014ao[\342\230\003\245\245\3341Hm\326^\017jy\335\261""; ledgerHashPrevious: ""\000\000\000\000\000\000\000\000\000\000\000\000\000\000\000\000\000\000\000\000\000\000\000\000\000\000\000\000\000\000\000\000""; networkTime: 803853895; firstSeq: 1; lastSeq: 1; "
1750538696329,1750538696329,3558,1,1,2,TMStatusChange,"newEvent: neCLOSING_LEDGER; ledgerSeq: 1; ledgerHash: ""-}\351f\032\255\274\334m\326c\017\014ao[\342\230\003\245\245\3341Hm\326^\017jy\335\261""; ledgerHashPrevious: ""\000\000\000\000\000\000\000\000\000\000\000\000\000\000\000\000\000\000\000\000\000\000\000\000\000\000\000\000\000\000\000\000""; networkTime: 803853895; firstSeq: 1; lastSeq: 1; ","newEvent: neCLOSING_LEDGER; ledgerSeq: 1; ledgerHash: ""-}\351f\032\255\274\334m\326c\017\014ao[\342\230\003\245\245\3341Hm\326^\017jy\335\261""; ledgerHashPrevious: ""\000\000\000\000\000\000\000\000\000\000\000\000\000\000\000\000\000\000\000\000\000\000\000\000\000\000\000\000\000\000\000\000""; networkTime: 803853895; firstSeq: 1; lastSeq: 1; "
1750538696330,1750538696330,2311,1,4,0,TMStatusChange,"newEvent: neCLOSING_LEDGER; ledgerSeq: 1; ledgerHash: ""-}\351f\032\255\274\334m\326c\017\014ao[\342\230\003\245\245\3341Hm\326^\017jy\335\261""; ledgerHashPrevious: ""\000\000\000\000\000\000\000\000\000\000\000\000\000\000\000\000\000\000\000\000\000\000\000\000\000\000\000\000\000\000\000\000""; networkTime: 803853895; firstSeq: 1; lastSeq: 1; ","newEvent: neCLOSING_LEDGER; ledgerSeq: 1; ledgerHash: ""-}\351f\032\255\274\334m\326c\017\014ao[\342\230\003\245\245\3341Hm\326^\017jy\335\261""; ledgerHashPrevious: ""\000\000\000\000\000\000\000\000\000\000\000\000\000\000\000\000\000\000\000\000\000\000\000\000\000\000\000\000\000\000\000\000""; networkTime: 803853895; firstSeq: 1; lastSeq: 1; "
1750538696330,1750538696330,0,1,4,0,TMEndpoints,version: 2; ,version: 2; 
1750538696331,1750538696331,2304,1,1,3,TMStatusChange,"newEvent: neCLOSING_LEDGER; ledgerSeq: 1; ledgerHash: ""-}\351f\032\255\274\334m\326c\017\014ao[\342\230\003\245\245\3341Hm\326^\017jy\335\261""; ledgerHashPrevious: ""\000\000\000\000\000\000\000\000\000\000\000\000\000\000\000\000\000\000\000\000\000\000\000\000\000\000\000\000\000\000\000\000""; networkTime: 803853895; firstSeq: 1; lastSeq: 1; ","newEvent: neCLOSING_LEDGER; ledgerSeq: 1; ledgerHash: ""-}\351f\032\255\274\334m\326c\017\014ao[\342\230\003\245\245\3341Hm\326^\017jy\335\261""; ledgerHashPrevious: ""\000\000\000\000\000\000\000\000\000\000\000\000\000\000\000\000\000\000\000\000\000\000\000\000\000\000\000\000\000\000\000\000""; networkTime: 803853895; firstSeq: 1; lastSeq: 1; "
1750538696423,1750538696423,543,1,3,4,TMStatusChange,"newEvent: neCLOSING_LEDGER; ledgerSeq: 1; ledgerHash: ""-}\351f\032\255\274\334m\326c\017\014ao[\342\230\003\245\245\3341Hm\326^\017jy\335\261""; ledgerHashPrevious: ""\000\000\000\000\000\000\000\000\000\000\000\000\000\000\000\000\000\000\000\000\000\000\000\000\000\000\000\000\000\000\000\000""; networkTime: 803853896; firstSeq: 1; lastSeq: 1; ","newEvent: neCLOSING_LEDGER; ledgerSeq: 1; ledgerHash: ""-}\351f\032\255\274\334m\326c\017\014ao[\342\230\003\245\245\3341Hm\326^\017jy\335\261""; ledgerHashPrevious: ""\000\000\000\000\000\000\000\000\000\000\000\000\000\000\000\000\000\000\000\000\000\000\000\000\000\000\000\000\000\000\000\000""; networkTime: 803853896; firstSeq: 1; lastSeq: 1; "
1750538696424,1750538696424,3709,1,3,2,TMStatusChange,"newEvent: neCLOSING_LEDGER; ledgerSeq: 1; ledgerHash: ""-}\351f\032\255\274\334m\326c\017\014ao[\342\230\003\245\245\3341Hm\326^\017jy\335\261""; ledgerHashPrevious: ""\000\000\000\000\000\000\000\000\000\000\000\000\000\000\000\000\000\000\000\000\000\000\000\000\000\000\000\000\000\000\000\000""; networkTime: 803853896; firstSeq: 1; lastSeq: 1; ","newEvent: neCLOSING_LEDGER; ledgerSeq: 1; ledgerHash: ""-}\351f\032\255\274\334m\326c\017\014ao[\342\230\003\245\245\3341Hm\326^\017jy\335\261""; ledgerHashPrevious: ""\000\000\000\000\000\000\000\000\000\000\000\000\000\000\000\000\000\000\000\000\000\000\000\000\000\000\000\000\000\000\000\000""; networkTime: 803853896; firstSeq: 1; lastSeq: 1; "
1750538696424,1750538696424,930,1,3,1,TMStatusChange,"newEvent: neCLOSING_LEDGER; ledgerSeq: 1; ledgerHash: ""-}\351f\032\255\274\334m\326c\017\014ao[\342\230\003\245\245\3341Hm\326^\017jy\335\261""; ledgerHashPrevious: ""\000\000\000\000\000\000\000\000\000\000\000\000\000\000\000\000\000\000\000\000\000\000\000\000\000\000\000\000\000\000\000\000""; networkTime: 803853896; firstSeq: 1; lastSeq: 1; ","newEvent: neCLOSING_LEDGER; ledgerSeq: 1; ledgerHash: ""-}\351f\032\255\274\334m\326c\017\014ao[\342\230\003\245\245\3341Hm\326^\017jy\335\261""; ledgerHashPrevious: ""\000\000\000\000\000\000\000\000\000\000\000\000\000\000\000\000\000\000\000\000\000\000\000\000\000\000\000\000\000\000\000\000""; networkTime: 803853896; firstSeq: 1; lastSeq: 1; "
1750538696424,1750538696424,2257,1,3,0,TMStatusChange,"newEvent: neCLOSING_LEDGER; ledgerSeq: 1; ledgerHash: ""-}\351f\032\255\274\334m\326c\017\014ao[\342\230\003\245\245\3341Hm\326^\017jy\335\261""; ledgerHashPrevious: ""\000\000\000\000\000\000\000\000\000\000\000\000\000\000\000\000\000\000\000\000\000\000\000\000\000\000\000\000\000\000\000\000""; networkTime: 803853896; firstSeq: 1; lastSeq: 1; ","newEvent: neCLOSING_LEDGER; ledgerSeq: 1; ledgerHash: ""-}\351f\032\255\274\334m\326c\017\014ao[\342\230\003\245\245\3341Hm\326^\017jy\335\261""; ledgerHashPrevious: ""\000\000\000\000\000\000\000\000\000\000\000\000\000\000\000\000\000\000\000\000\000\000\000\000\000\000\000\000\000\000\000\000""; networkTime: 803853896; firstSeq: 1; lastSeq: 1; "
1750538696505,1750538696505,288,1,2,4,TMStatusChange,"newEvent: neCLOSING_LEDGER; ledgerSeq: 1; ledgerHash: ""-}\351f\032\255\274\334m\326c\017\014ao[\342\230\003\245\245\3341Hm\326^\017jy\335\261""; ledgerHashPrevious: ""\000\000\000\000\000\000\000\000\000\000\000\000\000\000\000\000\000\000\000\000\000\000\000\000\000\000\000\000\000\000\000\000""; networkTime: 803853896; firstSeq: 1; lastSeq: 1; ","newEvent: neCLOSING_LEDGER; ledgerSeq: 1; ledgerHash: ""-}\351f\032\255\274\334m\326c\017\014ao[\342\230\003\245\245\3341Hm\326^\017jy\335\261""; ledgerHashPrevious: ""\000\000\000\000\000\000\000\000\000\000\000\000\000\000\000\000\000\000\000\000\000\000\000\000\000\000\000\000\000\000\000\000""; networkTime: 803853896; firstSeq: 1; lastSeq: 1; "
1750538696505,1750538696506,3369,1,2,1,TMStatusChange,"newEvent: neCLOSING_LEDGER; ledgerSeq: 1; ledgerHash: ""-}\351f\032\255\274\334m\326c\017\014ao[\342\230\003\245\245\3341Hm\326^\017jy\335\261""; ledgerHashPrevious: ""\000\000\000\000\000\000\000\000\000\000\000\000\000\000\000\000\000\000\000\000\000\000\000\000\000\000\000\000\000\000\000\000""; networkTime: 803853896; firstSeq: 1; lastSeq: 1; ","newEvent: neCLOSING_LEDGER; ledgerSeq: 1; ledgerHash: ""-}\351f\032\255\274\334m\326c\017\014ao[\342\230\003\245\245\3341Hm\326^\017jy\335\261""; ledgerHashPrevious: ""\000\000\000\000\000\000\000\000\000\000\000\000\000\000\000\000\000\000\000\000\000\000\000\000\000\000\000\000\000\000\000\000""; networkTime: 803853896; firstSeq: 1; lastSeq: 1; "
1750538696506,1750538696506,896,1,2,3,TMStatusChange,"newEvent: neCLOSING_LEDGER; ledgerSeq: 1; ledgerHash: ""-}\351f\032\255\274\334m\326c\017\014ao[\342\230\003\245\245\3341Hm\326^\017jy\335\261""; ledgerHashPrevious: ""\000\000\000\000\000\000\000\000\000\000\000\000\000\000\000\000\000\000\000\000\000\000\000\000\000\000\000\000\000\000\000\000""; networkTime: 803853896; firstSeq: 1; lastSeq: 1; ","newEvent: neCLOSING_LEDGER; ledgerSeq: 1; ledgerHash: ""-}\351f\032\255\274\334m\326c\017\014ao[\342\230\003\245\245\3341Hm\326^\017jy\335\261""; ledgerHashPrevious: ""\000\000\000\000\000\000\000\000\000\000\000\000\000\000\000\000\000\000\000\000\000\000\000\000\000\000\000\000\000\000\000\000""; networkTime: 803853896; firstSeq: 1; lastSeq: 1; "
1750538696506,1750538696506,1253,1,2,0,TMStatusChange,"newEvent: neCLOSING_LEDGER; ledgerSeq: 1; ledgerHash: ""-}\351f\032\255\274\334m\326c\017\014ao[\342\230\003\245\245\3341Hm\326^\017jy\335\261""; ledgerHashPrevious: ""\000\000\000\000\000\000\000\000\000\000\000\000\000\000\000\000\000\000\000\000\000\000\000\000\000\000\000\000\000\000\000\000""; networkTime: 803853896; firstSeq: 1; lastSeq: 1; ","newEvent: neCLOSING_LEDGER; ledgerSeq: 1; ledgerHash: ""-}\351f\032\255\274\334m\326c\017\014ao[\342\230\003\245\245\3341Hm\326^\017jy\335\261""; ledgerHashPrevious: ""\000\000\000\000\000\000\000\000\000\000\000\000\000\000\000\000\000\000\000\000\000\000\000\000\000\000\000\000\000\000\000\000""; networkTime: 803853896; firstSeq: 1; lastSeq: 1; "
1750538710900,1750538710901,3852,1,0,4,TMValidation,"validation: """"\200\000\000\000&\000\000\000\002)/\351\326V:U\220E\316&g\276RQ\310\307\013\377\332\017\177V\203\327_\003z?\001HO\264M\200mz\336\253V\312\221\036<%\014\351P\027\000\000\000\000\000\000\000\000\000\000\000\000\000\000\000\000\000\000\000\000\000\000\000\000\000\000\000\000\000\000\000\000P\031-}\351f\032\255\274\334m\326c\017\014ao[\342\230\003\245\245\3341Hm\326^\017jy\335\261s!\003~\375{L?\027\276\233\213\030\372\276\341\272\320\221I\273\364\302\210&&\024\321t\263~u\021\224\007vG0E\002!\000\355\275\320&zA\255W\227\204Q\224\377\275\271\331\275\017\306\273\373?\032\267\237\376\026\2018\270\023z\002 \003h\032z\343\226\315Iu\001L\255\204\325>\324\254\332\221y\230\234\232\320\261$\005\003\032R\351\n""; ","validation: """"\200\000\000\000&\000\000\000\002)/\351\326V:U\220E\316&g\276RQ\310\307\013\377\332\017\177V\203\327_\003z?\001HO\264M\200mz\336\253V\312\221\036<%\014\351P\027\000\000\000\000\000\000\000\000\000\000\000\000\000\000\000\000\000\000\000\000\000\000\000\000\000\000\000\000\000\000\000\000P\031-}\351f\032\255\274\334m\326c\017\014ao[\342\230\003\245\245\3341Hm\326^\017jy\335\261s!\003~\375{L?\027\276\233\213\030\372\276\341\272\320\221I\273\364\302\210&&\024\321t\263~u\021\224\007vG0E\002!\000\355\275\320&zA\255W\227\204Q\224\377\275\271\331\275\017\306\273\373?\032\267\237\376\026\2018\270\023z\002 \003h\032z\343\226\315Iu\001L\255\204\325>\324\254\332\221y\230\234\232\320\261$\005\003\032R\351\n""; "
1750538710902,1750538710902,2635,1,0,3,TMValidation,"validation: """"\200\000\000\000&\000\000\000\002)/\351\326V:U\220E\316&g\276RQ\310\307\013\377\332\017\177V\203\327_\003z?\001HO\264M\200mz\336\253V\312\221\036<%\014\351P\027\000\000\000\000\000\000\000\000\000\000\000\000\000\000\000\000\000\000\000\000\000\000\000\000\000\000\000\000\000\000\000\000P\031-}\351f\032\255\274\334m\326c\017\014ao[\342\230\003\245\245\3341Hm\326^\017jy\335\261s!\003~\375{L?\027\276\233\213\030\372\276\341\272\320\221I\273\364\302\210&&\024\321t\263~u\021\224\007vG0E\002!\000\355\275\320&zA\255W\227\204Q\224\377\275\271\331\275\017\306\273\373?\032\267\237\376\026\2018\270\023z\002 \003h\032z\343\226\315Iu\001L\255\204\325>\324\254\332\221y\230\234\232\320\261$\005\003\032R\351\n""; ","validation: """"\200\000\000\000&\000\000\000\002)/\351\326V:U\220E\316&g\276RQ\310\307\013\377\332\017\177V\203\327_\003z?\001HO\264M\200mz\336\253V\312\221\036<%\014\351P\027\000\000\000\000\000\000\000\000\000\000\000\000\000\000\000\000\000\000\000\000\000\000\000\000\000\000\000\000\000\000\000\000P\031-}\351f\032\255\274\334m\326c\017\014ao[\342\230\003\245\245\3341Hm\326^\017jy\335\261s!\003~\375{L?\027\276\233\213\030\372\276\341\272\320\221I\273\364\302\210&&\024\321t\263~u\021\224\007vG0E\002!\000\355\275\320&zA\255W\227\204Q\224\377\275\271\331\275\017\306\273\373?\032\267\237\376\026\2018\270\023z\002 \003h\032z\343\226\315Iu\001L\255\204\325>\324\254\332\221y\230\234\232\320\261$\005\003\032R\351\n""; "
1750538710901,1750538710901,2351,1,0,4,TMStatusChange,"newEvent: neACCEPTED_LEDGER; ledgerSeq: 2; ledgerHash: ""\310\307\013\377\332\017\177V\203\327_\003z?\001HO\264M\200mz\336\253V\312\221\036<%\014\351""; ledgerHashPrevious: ""-}\351f\032\255\274\334m\326c\017\014ao[\342\230\003\245\245\3341Hm\326^\017jy\335\261""; networkTime: 803853910; firstSeq: 1; lastSeq: 1; ","newEvent: neACCEPTED_LEDGER; ledgerSeq: 2; ledgerHash: ""\310\307\013\377\332\017\177V\203\327_\003z?\001HO\264M\200mz\336\253V\312\221\036<%\014\351""; ledgerHashPrevious: ""-}\351f\032\255\274\334m\326c\017\014ao[\342\230\003\245\245\3341Hm\326^\017jy\335\261""; networkTime: 803853910; firstSeq: 1; lastSeq: 1; "
1750538710902,1750538710902,2898,1,0,2,TMStatusChange,"newEvent: neACCEPTED_LEDGER; ledgerSeq: 2; ledgerHash: ""\310\307\013\377\332\017\177V\203\327_\003z?\001HO\264M\200mz\336\253V\312\221\036<%\014\351""; ledgerHashPrevious: ""-}\351f\032\255\274\334m\326c\017\014ao[\342\230\003\245\245\3341Hm\326^\017jy\335\261""; networkTime: 803853910; firstSeq: 1; lastSeq: 1; ","newEvent: neACCEPTED_LEDGER; ledgerSeq: 2; ledgerHash: ""\310\307\013\377\332\017\177V\203\327_\003z?\001HO\264M\200mz\336\253V\312\221\036<%\014\351""; ledgerHashPrevious: ""-}\351f\032\255\274\334m\326c\017\014ao[\342\230\003\245\245\3341Hm\326^\017jy\335\261""; networkTime: 803853910; firstSeq: 1; lastSeq: 1; "
1750538710903,1750538710903,2225,1,0,2,TMValidation,"validation: """"\200\000\000\000&\000\000\000\002)/\351\326V:U\220E\316&g\276RQ\310\307\013\377\332\017\177V\203\327_\003z?\001HO\264M\200mz\336\253V\312\221\036<%\014\351P\027\000\000\000\000\000\000\000\000\000\000\000\000\000\000\000\000\000\000\000\000\000\000\000\000\000\000\000\000\000\000\000\000P\031-}\351f\032\255\274\334m\326c\017\014ao[\342\230\003\245\245\3341Hm\326^\017jy\335\261s!\003~\375{L?\027\276\233\213\030\372\276\341\272\320\221I\273\364\302\210&&\024\321t\263~u\021\224\007vG0E\002!\000\355\275\320&zA\255W\227\204Q\224\377\275\271\331\275\017\306\273\373?\032\267\237\376\026\2018\270\023z\002 \003h\032z\343\226\315Iu\001L\255\204\325>\324\254\332\221y\230\234\232\320\261$\005\003\032R\351\n""; ","validation: """"\200\000\000\000&\000\000\000\002)/\351\326V:U\220E\316&g\276RQ\310\307\013\377\332\017\177V\203\327_\003z?\001HO\264M\200mz\336\253V\312\221\036<%\014\351P\027\000\000\000\000\000\000\000\000\000\000\000\000\000\000\000\000\000\000\000\000\000\000\000\000\000\000\000\000\000\000\000\000P\031-}\351f\032\255\274\334m\326c\017\014ao[\342\230\003\245\245\3341Hm\326^\017jy\335\261s!\003~\375{L?\027\276\233\213\030\372\276\341\272\320\221I\273\364\302\210&&\024\321t\263~u\021\224\007vG0E\002!\000\355\275\320&zA\255W\227\204Q\224\377\275\271\331\275\017\306\273\373?\032\267\237\376\026\2018\270\023z\002 \003h\032z\343\226\315Iu\001L\255\204\325>\324\254\332\221y\230\234\232\320\261$\005\003\032R\351\n""; "
1750538710903,1750538710903,830,1,0,3,TMStatusChange,"newEvent: neACCEPTED_LEDGER; ledgerSeq: 2; ledgerHash: ""\310\307\013\377\332\017\177V\203\327_\003z?\001HO\264M\200mz\336\253V\312\221\036<%\014\351""; ledgerHashPrevious: ""-}\351f\032\255\274\334m\326c\017\014ao[\342\230\003\245\245\3341Hm\326^\017jy\335\261""; networkTime: 803853910; firstSeq: 1; lastSeq: 1; ","newEvent: neACCEPTED_LEDGER; ledgerSeq: 2; ledgerHash: ""\310\307\013\377\332\017\177V\203\327_\003z?\001HO\264M\200mz\336\253V\312\221\036<%\014\351""; ledgerHashPrevious: ""-}\351f\032\255\274\334m\326c\017\014ao[\342\230\003\245\245\3341Hm\326^\017jy\335\261""; networkTime: 803853910; firstSeq: 1; lastSeq: 1; "
1750538710904,1750538710904,3117,1,0,1,TMStatusChange,"newEvent: neACCEPTED_LEDGER; ledgerSeq: 2; ledgerHash: ""\310\307\013\377\332\017\177V\203\327_\003z?\001HO\264M\200mz\336\253V\312\221\036<%\014\351""; ledgerHashPrevious: ""-}\351f\032\255\274\334m\326c\017\014ao[\342\230\003\245\245\3341Hm\326^\017jy\335\261""; networkTime: 803853910; firstSeq: 1; lastSeq: 1; ","newEvent: neACCEPTED_LEDGER; ledgerSeq: 2; ledgerHash: ""\310\307\013\377\332\017\177V\203\327_\003z?\001HO\264M\200mz\336\253V\312\221\036<%\014\351""; ledgerHashPrevious: ""-}\351f\032\255\274\334m\326c\017\014ao[\342\230\003\245\245\3341Hm\326^\017jy\335\261""; networkTime: 803853910; firstSeq: 1; lastSeq: 1; "
1750538710905,1750538710905,2722,1,0,1,TMValidation,"validation: """"\200\000\000\000&\000\000\000\002)/\351\326V:U\220E\316&g\276RQ\310\307\013\377\332\017\177V\203\327_\003z?\001HO\264M\200mz\336\253V\312\221\036<%\014\351P\027\000\000\000\000\000\000\000\000\000\000\000\000\000\000\000\000\000\000\000\000\000\000\000\000\000\000\000\000\000\000\000\000P\031-}\351f\032\255\274\334m\326c\017\014ao[\342\230\003\245\245\3341Hm\326^\017jy\335\261s!\003~\375{L?\027\276\233\213\030\372\276\341\272\320\221I\273\364\302\210&&\024\321t\263~u\021\224\007vG0E\002!\000\355\275\320&zA\255W\227\204Q\224\377\275\271\331\275\017\306\273\373?\032\267\237\376\026\2018\270\023z\002 \003h\032z\343\226\315Iu\001L\255\204\325>\324\254\332\221y\230\234\232\320\261$\005\003\032R\351\n""; ","validation: """"\200\000\000\000&\000\000\000\002)/\351\326V:U\220E\316&g\276RQ\310\307\013\377\332\017\177V\203\327_\003z?\001HO\264M\200mz\336\253V\312\221\036<%\014\351P\027\000\000\000\000\000\000\000\000\000\000\000\000\000\000\000\000\000\000\000\000\000\000\000\000\000\000\000\000\000\000\000\000P\031-}\351f\032\255\274\334m\326c\017\014ao[\342\230\003\245\245\3341Hm\326^\017jy\335\261s!\003~\375{L?\027\276\233\213\030\372\276\341\272\320\221I\273\364\302\210&&\024\321t\263~u\021\224\007vG0E\002!\000\355\275\320&zA\255W\227\204Q\224\377\275\271\331\275\017\306\273\373?\032\267\237\376\026\2018\270\023z\002 \003h\032z\343\226\315Iu\001L\255\204\325>\324\254\332\221y\230\234\232\320\261$\005\003\032R\351\n""; "
1750538710912,1750538710912,2304,1,1,3,TMStatusChange,"newEvent: neACCEPTED_LEDGER; ledgerSeq: 2; ledgerHash: ""\310\307\013\377\332\017\177V\203\327_\003z?\001HO\264M\200mz\336\253V\312\221\036<%\014\351""; ledgerHashPrevious: ""-}\351f\032\255\274\334m\326c\017\014ao[\342\230\003\245\245\3341Hm\326^\017jy\335\261""; networkTime: 803853910; firstSeq: 1; lastSeq: 1; ","newEvent: neACCEPTED_LEDGER; ledgerSeq: 2; ledgerHash: ""\310\307\013\377\332\017\177V\203\327_\003z?\001HO\264M\200mz\336\253V\312\221\036<%\014\351""; ledgerHashPrevious: ""-}\351f\032\255\274\334m\326c\017\014ao[\342\230\003\245\245\3341Hm\326^\017jy\335\261""; networkTime: 803853910; firstSeq: 1; lastSeq: 1; "
1750538710912,1750538710912,3103,1,1,3,TMValidation,"validation: """"\200\000\000\000&\000\000\000\002)/\351\326V:\232\2111\322\240\222\246\352Q\310\307\013\377\332\017\177V\203\327_\003z?\001HO\264M\200mz\336\253V\312\221\036<%\014\351P\027\000\000\000\000\000\000\000\000\000\000\000\000\000\000\000\000\000\000\000\000\000\000\000\000\000\000\000\000\000\000\000\000P\031-}\351f\032\255\274\334m\326c\017\014ao[\342\230\003\245\245\3341Hm\326^\017jy\335\261s!\003\354*\213M\024\261\231C)\265\233Nk\304>g\222\037\213\224\253\332c\201 \344\373\323\332(\344kvF0D\002 -\306ly\204&%\316\031\027\224\233\221\362@E-Q%X\334\032\t\267\226\254\240\320\263zc\363\002 X\263\344\363j\300\262@\243\234\340\205\324\255\370\003^\\024\232/\222\202\305z'\216\206[\275\220j""; ","validation: """"\200\000\000\000&\000\000\000\002)/\351\326V:\232\2111\322\240\222\246\352Q\310\307\013\377\332\017\177V\203\327_\003z?\001HO\264M\200mz\336\253V\312\221\036<%\014\351P\027\000\000\000\000\000\000\000\000\000\000\000\000\000\000\000\000\000\000\000\000\000\000\000\000\000\000\000\000\000\000\000\000P\031-}\351f\032\255\274\334m\326c\017\014ao[\342\230\003\245\245\3341Hm\326^\017jy\335\261s!\003\354*\213M\024\261\231C)\265\233Nk\304>g\222\037\213\224\253\332c\201 \344\373\323\332(\344kvF0D\002 -\306ly\204&%\316\031\027\224\233\221\362@E-Q%X\334\032\t\267\226\254\240\320\263zc\363\002 X\263\344\363j\300\262@\243\234\340\205\324\255\370\003^\\024\232/\222\202\305z'\216\206[\275\220j""; "
1750538710912,1750538710912,2904,1,1,4,TMStatusChange,"newEvent: neACCEPTED_LEDGER; ledgerSeq: 2; ledgerHash: ""\310\307\013\377\332\017\177V\203\327_\003z?\001HO\264M\200mz\336\253V\312\221\036<%\014\351""; ledgerHashPrevious: ""-}\351f\032\255\274\334m\326c\017\014ao[\342\230\003\245\245\3341Hm\326^\017jy\335\261""; networkTime: 803853910; firstSeq: 1; lastSeq: 1; ","newEvent: neACCEPTED_LEDGER; ledgerSeq: 2; ledgerHash: ""\310\307\013\377\332\017\177V\203\327_\003z?\001HO\264M\200mz\336\253V\312\221\036<%\014\351""; ledgerHashPrevious: ""-}\351f\032\255\274\334m\326c\017\014ao[\342\230\003\245\245\3341Hm\326^\017jy\335\261""; networkTime: 803853910; firstSeq: 1; lastSeq: 1; "
1750538710913,1750538710913,3370,1,1,2,TMValidation,"validation: """"\200\000\000\000&\000\000\000\002)/\351\326V:\232\2111\322\240\222\246\352Q\310\307\013\377\332\017\177V\203\327_\003z?\001HO\264M\200mz\336\253V\312\221\036<%\014\351P\027\000\000\000\000\000\000\000\000\000\000\000\000\000\000\000\000\000\000\000\000\000\000\000\000\000\000\000\000\000\000\000\000P\031-}\351f\032\255\274\334m\326c\017\014ao[\342\230\003\245\245\3341Hm\326^\017jy\335\261s!\003\354*\213M\024\261\231C)\265\233Nk\304>g\222\037\213\224\253\332c\201 \344\373\323\332(\344kvF0D\002 -\306ly\204&%\316\031\027\224\233\221\362@E-Q%X\334\032\t\267\226\254\240\320\263zc\363\002 X\263\344\363j\300\262@\243\234\340\205\324\255\370\003^\\024\232/\222\202\305z'\216\206[\275\220j""; ","validation: """"\200\000\000\000&\000\000\000\002)/\351\326V:\232\2111\322\240\222\246\352Q\310\307\013\377\332\017\177V\203\327_\003z?\001HO\264M\200mz\336\253V\312\221\036<%\014\351P\027\000\000\000\000\000\000\000\000\000\000\000\000\000\000\000\000\000\000\000\000\000\000\000\000\000\000\000\000\000\000\000\000P\031-}\351f\032\255\274\334m\326c\017\014ao[\342\230\003\245\245\3341Hm\326^\017jy\335\261s!\003\354*\213M\024\261\231C)\265\233Nk\304>g\222\037\213\224\253\332c\201 \344\373\323\332(\344kvF0D\002 -\306ly\204&%\316\031\027\224\233\221\362@E-Q%X\334\032\t\267\226\254\240\320\263zc\363\002 X\263\344\363j\300\262@\243\234\340\205\324\255\370\003^\\024\232/\222\202\305z'\216\206[\275\220j""; "
1750538710913,1750538710913,3558,1,1,2,TMStatusChange,"newEvent: neACCEPTED_LEDGER; ledgerSeq: 2; ledgerHash: ""\310\307\013\377\332\017\177V\203\327_\003z?\001HO\264M\200mz\336\253V\312\221\036<%\014\351""; ledgerHashPrevious: ""-}\351f\032\255\274\334m\326c\017\014ao[\342\230\003\245\245\3341Hm\326^\017jy\335\261""; networkTime: 803853910; firstSeq: 1; lastSeq: 1; ","newEvent: neACCEPTED_LEDGER; ledgerSeq: 2; ledgerHash: ""\310\307\013\377\332\017\177V\203\327_\003z?\001HO\264M\200mz\336\253V\312\221\036<%\014\351""; ledgerHashPrevious: ""-}\351f\032\255\274\334m\326c\017\014ao[\342\230\003\245\245\3341Hm\326^\017jy\335\261""; networkTime: 803853910; firstSeq: 1; lastSeq: 1; "
1750538710914,1750538710914,2655,1,1,4,TMValidation,"validation: """"\200\000\000\000&\000\000\000\002)/\351\326V:\232\2111\322\240\222\246\352Q\310\307\013\377\332\017\177V\203\327_\003z?\001HO\264M\200mz\336\253V\312\221\036<%\014\351P\027\000\000\000\000\000\000\000\000\000\000\000\000\000\000\000\000\000\000\000\000\000\000\000\000\000\000\000\000\000\000\000\000P\031-}\351f\032\255\274\334m\326c\017\014ao[\342\230\003\245\245\3341Hm\326^\017jy\335\261s!\003\354*\213M\024\261\231C)\265\233Nk\304>g\222\037\213\224\253\332c\201 \344\373\323\332(\344kvF0D\002 -\306ly\204&%\316\031\027\224\233\221\362@E-Q%X\334\032\t\267\226\254\240\320\263zc\363\002 X\263\344\363j\300\262@\243\234\340\205\324\255\370\003^\\024\232/\222\202\305z'\216\206[\275\220j""; ","validation: """"\200\000\000\000&\000\000\000\002)/\351\326V:\232\2111\322\240\222\246\352Q\310\307\013\377\332\017\177V\203\327_\003z?\001HO\264M\200mz\336\253V\312\221\036<%\014\351P\027\000\000\000\000\000\000\000\000\000\000\000\000\000\000\000\000\000\000\000\000\000\000\000\000\000\000\000\000\000\000\000\000P\031-}\351f\032\255\274\334m\326c\017\014ao[\342\230\003\245\245\3341Hm\326^\017jy\335\261s!\003\354*\213M\024\261\231C)\265\233Nk\304>g\222\037\213\224\253\332c\201 \344\373\323\332(\344kvF0D\002 -\306ly\204&%\316\031\027\224\233\221\362@E-Q%X\334\032\t\267\226\254\240\320\263zc\363\002 X\263\344\363j\300\262@\243\234\340\205\324\255\370\003^\\024\232/\222\202\305z'\216\206[\275\220j""; "
1750538710914,1750538710914,3018,1,1,0,TMValidation,"validation: """"\200\000\000\000&\000\000\000\002)/\351\326V:\232\2111\322\240\222\246\352Q\310\307\013\377\332\017\177V\203\327_\003z?\001HO\264M\200mz\336\253V\312\221\036<%\014\351P\027\000\000\000\000\000\000\000\000\000\000\000\000\000\000\000\000\000\000\000\000\000\000\000\000\000\000\000\000\000\000\000\000P\031-}\351f\032\255\274\334m\326c\017\014ao[\342\230\003\245\245\3341Hm\326^\017jy\335\261s!\003\354*\213M\024\261\231C)\265\233Nk\304>g\222\037\213\224\253\332c\201 \344\373\323\332(\344kvF0D\002 -\306ly\204&%\316\031\027\224\233\221\362@E-Q%X\334\032\t\267\226\254\240\320\263zc\363\002 X\263\344\363j\300\262@\243\234\340\205\324\255\370\003^\\024\232/\222\202\305z'\216\206[\275\220j""; ","validation: """"\200\000\000\000&\000\000\000\002)/\351\326V:\232\2111\322\240\222\246\352Q\310\307\013\377\332\017\177V\203\327_\003z?\001HO\264M\200mz\336\253V\312\221\036<%\014\351P\027\000\000\000\000\000\000\000\000\000\000\000\000\000\000\000\000\000\000\000\000\000\000\000\000\000\000\000\000\000\000\000\000P\031-}\351f\032\255\274\334m\326c\017\014ao[\342\230\003\245\245\3341Hm\326^\017jy\335\261s!\003\354*\213M\024\261\231C)\265\233Nk\304>g\222\037\213\224\253\332c\201 \344\373\323\332(\344kvF0D\002 -\306ly\204&%\316\031\027\224\233\221\362@E-Q%X\334\032\t\267\226\254\240\320\263zc\363\002 X\263\344\363j\300\262@\243\234\340\205\324\255\370\003^\\024\232/\222\202\305z'\216\206[\275\220j""; "
1750538710915,1750538710915,1425,1,1,0,TMStatusChange,"newEvent: neACCEPTED_LEDGER; ledgerSeq: 2; ledgerHash: ""\310\307\013\377\332\017\177V\203\327_\003z?\001HO\264M\200mz\336\253V\312\221\036<%\014\351""; ledgerHashPrevious: ""-}\351f\032\255\274\334m\326c\017\014ao[\342\230\003\245\245\3341Hm\326^\017jy\335\261""; networkTime: 803853910; firstSeq: 1; lastSeq: 1; ","newEvent: neACCEPTED_LEDGER; ledgerSeq: 2; ledgerHash: ""\310\307\013\377\332\017\177V\203\327_\003z?\001HO\264M\200mz\336\253V\312\221\036<%\014\351""; ledgerHashPrevious: ""-}\351f\032\255\274\334m\326c\017\014ao[\342\230\003\245\245\3341Hm\326^\017jy\335\261""; networkTime: 803853910; firstSeq: 1; lastSeq: 1; "
1750538710945,1750538710945,2699,1,4,3,TMStatusChange,"newEvent: neACCEPTED_LEDGER; ledgerSeq: 2; ledgerHash: ""\310\307\013\377\332\017\177V\203\327_\003z?\001HO\264M\200mz\336\253V\312\221\036<%\014\351""; ledgerHashPrevious: ""-}\351f\032\255\274\334m\326c\017\014ao[\342\230\003\245\245\3341Hm\326^\017jy\335\261""; networkTime: 803853910; firstSeq: 1; lastSeq: 1; ","newEvent: neACCEPTED_LEDGER; ledgerSeq: 2; ledgerHash: ""\310\307\013\377\332\017\177V\203\327_\003z?\001HO\264M\200mz\336\253V\312\221\036<%\014\351""; ledgerHashPrevious: ""-}\351f\032\255\274\334m\326c\017\014ao[\342\230\003\245\245\3341Hm\326^\017jy\335\261""; networkTime: 803853910; firstSeq: 1; lastSeq: 1; "
1750538710946,1750538710946,109,1,4,2,TMStatusChange,"newEvent: neACCEPTED_LEDGER; ledgerSeq: 2; ledgerHash: ""\310\307\013\377\332\017\177V\203\327_\003z?\001HO\264M\200mz\336\253V\312\221\036<%\014\351""; ledgerHashPrevious: ""-}\351f\032\255\274\334m\326c\017\014ao[\342\230\003\245\245\3341Hm\326^\017jy\335\261""; networkTime: 803853910; firstSeq: 1; lastSeq: 1; ","newEvent: neACCEPTED_LEDGER; ledgerSeq: 2; ledgerHash: ""\310\307\013\377\332\017\177V\203\327_\003z?\001HO\264M\200mz\336\253V\312\221\036<%\014\351""; ledgerHashPrevious: ""-}\351f\032\255\274\334m\326c\017\014ao[\342\230\003\245\245\3341Hm\326^\017jy\335\261""; networkTime: 803853910; firstSeq: 1; lastSeq: 1; "
1750538710946,1750538710946,1612,1,4,2,TMValidation,"validation: """"\200\000\000\000&\000\000\000\002)/\351\326V:\303\251\2659\267\306|_Q\310\307\013\377\332\017\177V\203\327_\003z?\001HO\264M\200mz\336\253V\312\221\036<%\014\351P\027\000\000\000\000\000\000\000\000\000\000\000\000\000\000\000\000\000\000\000\000\000\000\000\000\000\000\000\000\000\000\000\000P\031-}\351f\032\255\274\334m\326c\017\014ao[\342\230\003\245\245\3341Hm\326^\017jy\335\261s!\002 \026\333\362W<\375\221\252M\216[;A\212\332\001\245U\216U\016 \210\301)Q5$#\354\322vF0D\002 y\376\354\342\204U\252\004\276B\221\261M\335\244\026\370\316W\t\344\274d\2562\375H\246\023\301\371B\002 \t@,\353w\254\217\276/\377d\346\241\316g\370\277\004_\270\270t\254\031\030\213v%,U\260g""; ","validation: """"\200\000\000\000&\000\000\000\002)/\351\326V:\303\251\2659\267\306|_Q\310\307\013\377\332\017\177V\203\327_\003z?\001HO\264M\200mz\336\253V\312\221\036<%\014\351P\027\000\000\000\000\000\000\000\000\000\000\000\000\000\000\000\000\000\000\000\000\000\000\000\000\000\000\000\000\000\000\000\000P\031-}\351f\032\255\274\334m\326c\017\014ao[\342\230\003\245\245\3341Hm\326^\017jy\335\261s!\002 \026\333\362W<\375\221\252M\216[;A\212\332\001\245U\216U\016 \210\301)Q5$#\354\322vF0D\002 y\376\354\342\204U\252\004\276B\221\261M\335\244\026\370\316W\t\344\274d\2562\375H\246\023\301\371B\002 \t@,\353w\254\217\276/\377d\346\241\316g\370\277\004_\270\270t\254\031\030\213v%,U\260g""; "
1750538710946,1750538710946,3061,1,4,3,TMValidation,"validation: """"\200\000\000\000&\000\000\000\002)/\351\326V:\303\251\2659\267\306|_Q\310\307\013\377\332\017\177V\203\327_\003z?\001HO\264M\200mz\336\253V\312\221\036<%\014\351P\027\000\000\000\000\000\000\000\000\000\000\000\000\000\000\000\000\000\000\000\000\000\000\000\000\000\000\000\000\000\000\000\000P\031-}\351f\032\255\274\334m\326c\017\014ao[\342\230\003\245\245\3341Hm\326^\017jy\335\261s!\002 \026\333\362W<\375\221\252M\216[;A\212\332\001\245U\216U\016 \210\301)Q5$#\354\322vF0D\002 y\376\354\342\204U\252\004\276B\221\261M\335\244\026\370\316W\t\344\274d\2562\375H\246\023\301\371B\002 \t@,\353w\254\217\276/\377d\346\241\316g\370\277\004_\270\270t\254\031\030\213v%,U\260g""; ","validation: """"\200\000\000\000&\000\000\000\002)/\351\326V:\303\251\2659\267\306|_Q\310\307\013\377\332\017\177V\203\327_\003z?\001HO\264M\200mz\336\253V\312\221\036<%\014\351P\027\000\000\000\000\000\000\000\000\000\000\000\000\000\000\000\000\000\000\000\000\000\000\000\000\000\000\000\000\000\000\000\000P\031-}\351f\032\255\274\334m\326c\017\014ao[\342\230\003\245\245\3341Hm\326^\017jy\335\261s!\002 \026\333\362W<\375\221\252M\216[;A\212\332\001\245U\216U\016 \210\301)Q5$#\354\322vF0D\002 y\376\354\342\204U\252\004\276B\221\261M\335\244\026\370\316W\t\344\274d\2562\375H\246\023\301\371B\002 \t@,\353w\254\217\276/\377d\346\241\316g\370\277\004_\270\270t\254\031\030\213v%,U\260g""; "
1750538710948,1750538710948,323,1,4,0,TMValidation,"validation: """"\200\000\000\000&\000\000\000\002)/\351\326V:\303\251\2659\267\306|_Q\310\307\013\377\332\017\177V\203\327_\003z?\001HO\264M\200mz\336\253V\312\221\036<%\014\351P\027\000\000\000\000\000\000\000\000\000\000\000\000\000\000\000\000\000\000\000\000\000\000\000\000\000\000\000\000\000\000\000\000P\031-}\351f\032\255\274\334m\326c\017\014ao[\342\230\003\245\245\3341Hm\326^\017jy\335\261s!\002 \026\333\362W<\375\221\252M\216[;A\212\332\001\245U\216U\016 \210\301)Q5$#\354\322vF0D\002 y\376\354\342\204U\252\004\276B\221\261M\335\244\026\370\316W\t\344\274d\2562\375H\246\023\301\371B\002 \t@,\353w\254\217\276/\377d\346\241\316g\370\277\004_\270\270t\254\031\030\213v%,U\260g""; ","validation: """"\200\000\000\000&\000\000\000\002)/\351\326V:\303\251\2659\267\306|_Q\310\307\013\377\332\017\177V\203\327_\003z?\001HO\264M\200mz\336\253V\312\221\036<%\014\351P\027\000\000\000\000\000\000\000\000\000\000\000\000\000\000\000\000\000\000\000\000\000\000\000\000\000\000\000\000\000\000\000\000P\031-}\351f\032\255\274\334m\326c\017\014ao[\342\230\003\245\245\3341Hm\326^\017jy\335\261s!\002 \026\333\362W<\375\221\252M\216[;A\212\332\001\245U\216U\016 \210\301)Q5$#\354\322vF0D\002 y\376\354\342\204U\252\004\276B\221\261M\335\244\026\370\316W\t\344\274d\2562\375H\246\023\301\371B\002 \t@,\353w\254\217\276/\377d\346\241\316g\370\277\004_\270\270t\254\031\030\213v%,U\260g""; "
1750538710948,1750538710948,2311,1,4,0,TMStatusChange,"newEvent: neACCEPTED_LEDGER; ledgerSeq: 2; ledgerHash: ""\310\307\013\377\332\017\177V\203\327_\003z?\001HO\264M\200mz\336\253V\312\221\036<%\014\351""; ledgerHashPrevious: ""-}\351f\032\255\274\334m\326c\017\014ao[\342\230\003\245\245\3341Hm\326^\017jy\335\261""; networkTime: 803853910; firstSeq: 1; lastSeq: 1; ","newEvent: neACCEPTED_LEDGER; ledgerSeq: 2; ledgerHash: ""\310\307\013\377\332\017\177V\203\327_\003z?\001HO\264M\200mz\336\253V\312\221\036<%\014\351""; ledgerHashPrevious: ""-}\351f\032\255\274\334m\326c\017\014ao[\342\230\003\245\245\3341Hm\326^\017jy\335\261""; networkTime: 803853910; firstSeq: 1; lastSeq: 1; "
1750538710948,1750538710949,2253,1,4,1,TMValidation,"validation: """"\200\000\000\000&\000\000\000\002)/\351\326V:\303\251\2659\267\306|_Q\310\307\013\377\332\017\177V\203\327_\003z?\001HO\264M\200mz\336\253V\312\221\036<%\014\351P\027\000\000\000\000\000\000\000\000\000\000\000\000\000\000\000\000\000\000\000\000\000\000\000\000\000\000\000\000\000\000\000\000P\031-}\351f\032\255\274\334m\326c\017\014ao[\342\230\003\245\245\3341Hm\326^\017jy\335\261s!\002 \026\333\362W<\375\221\252M\216[;A\212\332\001\245U\216U\016 \210\301)Q5$#\354\322vF0D\002 y\376\354\342\204U\252\004\276B\221\261M\335\244\026\370\316W\t\344\274d\2562\375H\246\023\301\371B\002 \t@,\353w\254\217\276/\377d\346\241\316g\370\277\004_\270\270t\254\031\030\213v%,U\260g""; ","validation: """"\200\000\000\000&\000\000\000\002)/\351\326V:\303\251\2659\267\306|_Q\310\307\013\377\332\017\177V\203\327_\003z?\001HO\264M\200mz\336\253V\312\221\036<%\014\351P\027\000\000\000\000\000\000\000\000\000\000\000\000\000\000\000\000\000\000\000\000\000\000\000\000\000\000\000\000\000\000\000\000P\031-}\351f\032\255\274\334m\326c\017\014ao[\342\230\003\245\245\3341Hm\326^\017jy\335\261s!\002 \026\333\362W<\375\221\252M\216[;A\212\332\001\245U\216U\016 \210\301)Q5$#\354\322vF0D\002 y\376\354\342\204U\252\004\276B\221\261M\335\244\026\370\316W\t\344\274d\2562\375H\246\023\301\371B\002 \t@,\353w\254\217\276/\377d\346\241\316g\370\277\004_\270\270t\254\031\030\213v%,U\260g""; "
1750538710949,1750538710949,1628,1,4,1,TMStatusChange,"newEvent: neACCEPTED_LEDGER; ledgerSeq: 2; ledgerHash: ""\310\307\013\377\332\017\177V\203\327_\003z?\001HO\264M\200mz\336\253V\312\221\036<%\014\351""; ledgerHashPrevious: ""-}\351f\032\255\274\334m\326c\017\014ao[\342\230\003\245\245\3341Hm\326^\017jy\335\261""; networkTime: 803853910; firstSeq: 1; lastSeq: 1; ","newEvent: neACCEPTED_LEDGER; ledgerSeq: 2; ledgerHash: ""\310\307\013\377\332\017\177V\203\327_\003z?\001HO\264M\200mz\336\253V\312\221\036<%\014\351""; ledgerHashPrevious: ""-}\351f\032\255\274\334m\326c\017\014ao[\342\230\003\245\245\3341Hm\326^\017jy\335\261""; networkTime: 803853910; firstSeq: 1; lastSeq: 1; "
1750538711271,1750538711271,2225,1,0,2,TMValidation,"validation: """"\200\000\000\000&\000\000\000\002)/\351\326V:\303\251\2659\267\306|_Q\310\307\013\377\332\017\177V\203\327_\003z?\001HO\264M\200mz\336\253V\312\221\036<%\014\351P\027\000\000\000\000\000\000\000\000\000\000\000\000\000\000\000\000\000\000\000\000\000\000\000\000\000\000\000\000\000\000\000\000P\031-}\351f\032\255\274\334m\326c\017\014ao[\342\230\003\245\245\3341Hm\326^\017jy\335\261s!\002 \026\333\362W<\375\221\252M\216[;A\212\332\001\245U\216U\016 \210\301)Q5$#\354\322vF0D\002 y\376\354\342\204U\252\004\276B\221\261M\335\244\026\370\316W\t\344\274d\2562\375H\246\023\301\371B\002 \t@,\353w\254\217\276/\377d\346\241\316g\370\277\004_\270\270t\254\031\030\213v%,U\260g""; ","validation: """"\200\000\000\000&\000\000\000\002)/\351\326V:\303\251\2659\267\306|_Q\310\307\013\377\332\017\177V\203\327_\003z?\001HO\264M\200mz\336\253V\312\221\036<%\014\351P\027\000\000\000\000\000\000\000\000\000\000\000\000\000\000\000\000\000\000\000\000\000\000\000\000\000\000\000\000\000\000\000\000P\031-}\351f\032\255\274\334m\326c\017\014ao[\342\230\003\245\245\3341Hm\326^\017jy\335\261s!\002 \026\333\362W<\375\221\252M\216[;A\212\332\001\245U\216U\016 \210\301)Q5$#\354\322vF0D\002 y\376\354\342\204U\252\004\276B\221\261M\335\244\026\370\316W\t\344\274d\2562\375H\246\023\301\371B\002 \t@,\353w\254\217\276/\377d\346\241\316g\370\277\004_\270\270t\254\031\030\213v%,U\260g""; "
1750538711271,1750538711272,2722,1,0,1,TMValidation,"validation: """"\200\000\000\000&\000\000\000\002)/\351\326V:\303\251\2659\267\306|_Q\310\307\013\377\332\017\177V\203\327_\003z?\001HO\264M\200mz\336\253V\312\221\036<%\014\351P\027\000\000\000\000\000\000\000\000\000\000\000\000\000\000\000\000\000\000\000\000\000\000\000\000\000\000\000\000\000\000\000\000P\031-}\351f\032\255\274\334m\326c\017\014ao[\342\230\003\245\245\3341Hm\326^\017jy\335\261s!\002 \026\333\362W<\375\221\252M\216[;A\212\332\001\245U\216U\016 \210\301)Q5$#\354\322vF0D\002 y\376\354\342\204U\252\004\276B\221\261M\335\244\026\370\316W\t\344\274d\2562\375H\246\023\301\371B\002 \t@,\353w\254\217\276/\377d\346\241\316g\370\277\004_\270\270t\254\031\030\213v%,U\260g""; ","validation: """"\200\000\000\000&\000\000\000\002)/\351\326V:\303\251\2659\267\306|_Q\310\307\013\377\332\017\177V\203\327_\003z?\001HO\264M\200mz\336\253V\312\221\036<%\014\351P\027\000\000\000\000\000\000\000\000\000\000\000\000\000\000\000\000\000\000\000\000\000\000\000\000\000\000\000\000\000\000\000\000P\031-}\351f\032\255\274\334m\326c\017\014ao[\342\230\003\245\245\3341Hm\326^\017jy\335\261s!\002 \026\333\362W<\375\221\252M\216[;A\212\332\001\245U\216U\016 \210\301)Q5$#\354\322vF0D\002 y\376\354\342\204U\252\004\276B\221\261M\335\244\026\370\316W\t\344\274d\2562\375H\246\023\301\371B\002 \t@,\353w\254\217\276/\377d\346\241\316g\370\277\004_\270\270t\254\031\030\213v%,U\260g""; "
1750538711272,1750538711272,2635,1,0,3,TMValidation,"validation: """"\200\000\000\000&\000\000\000\002)/\351\326V:\303\251\2659\267\306|_Q\310\307\013\377\332\017\177V\203\327_\003z?\001HO\264M\200mz\336\253V\312\221\036<%\014\351P\027\000\000\000\000\000\000\000\000\000\000\000\000\000\000\000\000\000\000\000\000\000\000\000\000\000\000\000\000\000\000\000\000P\031-}\351f\032\255\274\334m\326c\017\014ao[\342\230\003\245\245\3341Hm\326^\017jy\335\261s!\002 \026\333\362W<\375\221\252M\216[;A\212\332\001\245U\216U\016 \210\301)Q5$#\354\322vF0D\002 y\376\354\342\204U\252\004\276B\221\261M\335\244\026\370\316W\t\344\274d\2562\375H\246\023\301\371B\002 \t@,\353w\254\217\276/\377d\346\241\316g\370\277\004_\270\270t\254\031\030\213v%,U\260g""; ","validation: """"\200\000\000\000&\000\000\000\002)/\351\326V:\303\251\2659\267\306|_Q\310\307\013\377\332\017\177V\203\327_\003z?\001HO\264M\200mz\336\253V\312\221\036<%\014\351P\027\000\000\000\000\000\000\000\000\000\000\000\000\000\000\000\000\000\000\000\000\000\000\000\000\000\000\000\000\000\000\000\000P\031-}\351f\032\255\274\334m\326c\017\014ao[\342\230\003\245\245\3341Hm\326^\017jy\335\261s!\002 \026\333\362W<\375\221\252M\216[;A\212\332\001\245U\216U\016 \210\301)Q5$#\354\322vF0D\002 y\376\354\342\204U\252\004\276B\221\261M\335\244\026\370\316W\t\344\274d\2562\375H\246\023\301\371B\002 \t@,\353w\254\217\276/\377d\346\241\316g\370\277\004_\270\270t\254\031\030\213v%,U\260g""; "
1750538711430,1750538711430,3709,1,3,2,TMStatusChange,"newEvent: neACCEPTED_LEDGER; ledgerSeq: 2; ledgerHash: ""\310\307\013\377\332\017\177V\203\327_\003z?\001HO\264M\200mz\336\253V\312\221\036<%\014\351""; ledgerHashPrevious: ""-}\351f\032\255\274\334m\326c\017\014ao[\342\230\003\245\245\3341Hm\326^\017jy\335\261""; networkTime: 803853911; firstSeq: 1; lastSeq: 1; ","newEvent: neACCEPTED_LEDGER; ledgerSeq: 2; ledgerHash: ""\310\307\013\377\332\017\177V\203\327_\003z?\001HO\264M\200mz\336\253V\312\221\036<%\014\351""; ledgerHashPrevious: ""-}\351f\032\255\274\334m\326c\017\014ao[\342\230\003\245\245\3341Hm\326^\017jy\335\261""; networkTime: 803853911; firstSeq: 1; lastSeq: 1; "
1750538711431,1750538711431,2898,1,3,2,TMValidation,"validation: """"\200\000\000\000&\000\000\000\002)/\351\326W:\204\304\221\024\034\332\267\231Q\310\307\013\377\332\017\177V\203\327_\003z?\001HO\264M\200mz\336\253V\312\221\036<%\014\351P\027\000\000\000\000\000\000\000\000\000\000\000\000\000\000\000\000\000\000\000\000\000\000\000\000\000\000\000\000\000\000\000\000P\031-}\351f\032\255\274\334m\326c\017\014ao[\342\230\003\245\245\3341Hm\326^\017jy\335\261s!\003\327^j^Qa+\317\341Q\3631f \333\346Y\267\203\335X\222<\025-|H@\240\272\315\005vF0D\002 =\246=O\272\243{\351\241i1\343\025j\036\177\321\276\347=\003T\341\211dv\322\334+L}\313\002 y\347\304\376\257\334\256\223\310\370A\007\225i\n\234K<\247\334mm\213_\002\335\323\362N\306\340\013""; ","validation: """"\200\000\000\000&\000\000\000\002)/\351\326W:\204\304\221\024\034\332\267\231Q\310\307\013\377\332\017\177V\203\327_\003z?\001HO\264M\200mz\336\253V\312\221\036<%\014\351P\027\000\000\000\000\000\000\000\000\000\000\000\000\000\000\000\000\000\000\000\000\000\000\000\000\000\000\000\000\000\000\000\000P\031-}\351f\032\255\274\334m\326c\017\014ao[\342\230\003\245\245\3341Hm\326^\017jy\335\261s!\003\327^j^Qa+\317\341Q\3631f \333\346Y\267\203\335X\222<\025-|H@\240\272\315\005vF0D\002 =\246=O\272\243{\351\241i1\343\025j\036\177\321\276\347=\003T\341\211dv\322\334+L}\313\002 y\347\304\376\257\334\256\223\310\370A\007\225i\n\234K<\247\334mm\213_\002\335\323\362N\306\340\013""; "
1750538711432,1750538711432,2257,1,3,0,TMStatusChange,"newEvent: neACCEPTED_LEDGER; ledgerSeq: 2; ledgerHash: ""\310\307\013\377\332\017\177V\203\327_\003z?\001HO\264M\200mz\336\253V\312\221\036<%\014\351""; ledgerHashPrevious: ""-}\351f\032\255\274\334m\326c\017\014ao[\342\230\003\245\245\3341Hm\326^\017jy\335\261""; networkTime: 803853911; firstSeq: 1; lastSeq: 1; ","newEvent: neACCEPTED_LEDGER; ledgerSeq: 2; ledgerHash: ""\310\307\013\377\332\017\177V\203\327_\003z?\001HO\264M\200mz\336\253V\312\221\036<%\014\351""; ledgerHashPrevious: ""-}\351f\032\255\274\334m\326c\017\014ao[\342\230\003\245\245\3341Hm\326^\017jy\335\261""; networkTime: 803853911; firstSeq: 1; lastSeq: 1; "
1750538711431,1750538711431,543,1,3,4,TMStatusChange,"newEvent: neACCEPTED_LEDGER; ledgerSeq: 2; ledgerHash: ""\310\307\013\377\332\017\177V\203\327_\003z?\001HO\264M\200mz\336\253V\312\221\036<%\014\351""; ledgerHashPrevious: ""-}\351f\032\255\274\334m\326c\017\014ao[\342\230\003\245\245\3341Hm\326^\017jy\335\261""; networkTime: 803853911; firstSeq: 1; lastSeq: 1; ","newEvent: neACCEPTED_LEDGER; ledgerSeq: 2; ledgerHash: ""\310\307\013\377\332\017\177V\203\327_\003z?\001HO\264M\200mz\336\253V\312\221\036<%\014\351""; ledgerHashPrevious: ""-}\351f\032\255\274\334m\326c\017\014ao[\342\230\003\245\245\3341Hm\326^\017jy\335\261""; networkTime: 803853911; firstSeq: 1; lastSeq: 1; "
1750538711433,1750538711433,1138,1,3,4,TMValidation,"validation: """"\200\000\000\000&\000\000\000\002)/\351\326W:\204\304\221\024\034\332\267\231Q\310\307\013\377\332\017\177V\203\327_\003z?\001HO\264M\200mz\336\253V\312\221\036<%\014\351P\027\000\000\000\000\000\000\000\000\000\000\000\000\000\000\000\000\000\000\000\000\000\000\000\000\000\000\000\000\000\000\000\000P\031-}\351f\032\255\274\334m\326c\017\014ao[\342\230\003\245\245\3341Hm\326^\017jy\335\261s!\003\327^j^Qa+\317\341Q\3631f \333\346Y\267\203\335X\222<\025-|H@\240\272\315\005vF0D\002 =\246=O\272\243{\351\241i1\343\025j\036\177\321\276\347=\003T\341\211dv\322\334+L}\313\002 y\347\304\376\257\334\256\223\310\370A\007\225i\n\234K<\247\334mm\213_\002\335\323\362N\306\340\013""; ","validation: """"\200\000\000\000&\000\000\000\002)/\351\326W:\204\304\221\024\034\332\267\231Q\310\307\013\377\332\017\177V\203\327_\003z?\001HO\264M\200mz\336\253V\312\221\036<%\014\351P\027\000\000\000\000\000\000\000\000\000\000\000\000\000\000\000\000\000\000\000\000\000\000\000\000\000\000\000\000\000\000\000\000P\031-}\351f\032\255\274\334m\326c\017\014ao[\342\230\003\245\245\3341Hm\326^\017jy\335\261s!\003\327^j^Qa+\317\341Q\3631f \333\346Y\267\203\335X\222<\025-|H@\240\272\315\005vF0D\002 =\246=O\272\243{\351\241i1\343\025j\036\177\321\276\347=\003T\341\211dv\322\334+L}\313\002 y\347\304\376\257\334\256\223\310\370A\007\225i\n\234K<\247\334mm\213_\002\335\323\362N\306\340\013""; "
1750538711433,1750538711433,16,1,3,1,TMValidation,"validation: """"\200\000\000\000&\000\000\000\002)/\351\326W:\204\304\221\024\034\332\267\231Q\310\307\013\377\332\017\177V\203\327_\003z?\001HO\264M\200mz\336\253V\312\221\036<%\014\351P\027\000\000\000\000\000\000\000\000\000\000\000\000\000\000\000\000\000\000\000\000\000\000\000\000\000\000\000\000\000\000\000\000P\031-}\351f\032\255\274\334m\326c\017\014ao[\342\230\003\245\245\3341Hm\326^\017jy\335\261s!\003\327^j^Qa+\317\341Q\3631f \333\346Y\267\203\335X\222<\025-|H@\240\272\315\005vF0D\002 =\246=O\272\243{\351\241i1\343\025j\036\177\321\276\347=\003T\341\211dv\322\334+L}\313\002 y\347\304\376\257\334\256\223\310\370A\007\225i\n\234K<\247\334mm\213_\002\335\323\362N\306\340\013""; ","validation: """"\200\000\000\000&\000\000\000\002)/\351\326W:\204\304\221\024\034\332\267\231Q\310\307\013\377\332\017\177V\203\327_\003z?\001HO\264M\200mz\336\253V\312\221\036<%\014\351P\027\000\000\000\000\000\000\000\000\000\000\000\000\000\000\000\000\000\000\000\000\000\000\000\000\000\000\000\000\000\000\000\000P\031-}\351f\032\255\274\334m\326c\017\014ao[\342\230\003\245\245\3341Hm\326^\017jy\335\261s!\003\327^j^Qa+\317\341Q\3631f \333\346Y\267\203\335X\222<\025-|H@\240\272\315\005vF0D\002 =\246=O\272\243{\351\241i1\343\025j\036\177\321\276\347=\003T\341\211dv\322\334+L}\313\002 y\347\304\376\257\334\256\223\310\370A\007\225i\n\234K<\247\334mm\213_\002\335\323\362N\306\340\013""; "
1750538711434,1750538711434,930,1,3,1,TMStatusChange,"newEvent: neACCEPTED_LEDGER; ledgerSeq: 2; ledgerHash: ""\310\307\013\377\332\017\177V\203\327_\003z?\001HO\264M\200mz\336\253V\312\221\036<%\014\351""; ledgerHashPrevious: ""-}\351f\032\255\274\334m\326c\017\014ao[\342\230\003\245\245\3341Hm\326^\017jy\335\261""; networkTime: 803853911; firstSeq: 1; lastSeq: 1; ","newEvent: neACCEPTED_LEDGER; ledgerSeq: 2; ledgerHash: ""\310\307\013\377\332\017\177V\203\327_\003z?\001HO\264M\200mz\336\253V\312\221\036<%\014\351""; ledgerHashPrevious: ""-}\351f\032\255\274\334m\326c\017\014ao[\342\230\003\245\245\3341Hm\326^\017jy\335\261""; networkTime: 803853911; firstSeq: 1; lastSeq: 1; "
1750538711434,1750538711434,3490,1,3,0,TMValidation,"validation: """"\200\000\000\000&\000\000\000\002)/\351\326W:\204\304\221\024\034\332\267\231Q\310\307\013\377\332\017\177V\203\327_\003z?\001HO\264M\200mz\336\253V\312\221\036<%\014\351P\027\000\000\000\000\000\000\000\000\000\000\000\000\000\000\000\000\000\000\000\000\000\000\000\000\000\000\000\000\000\000\000\000P\031-}\351f\032\255\274\334m\326c\017\014ao[\342\230\003\245\245\3341Hm\326^\017jy\335\261s!\003\327^j^Qa+\317\341Q\3631f \333\346Y\267\203\335X\222<\025-|H@\240\272\315\005vF0D\002 =\246=O\272\243{\351\241i1\343\025j\036\177\321\276\347=\003T\341\211dv\322\334+L}\313\002 y\347\304\376\257\334\256\223\310\370A\007\225i\n\234K<\247\334mm\213_\002\335\323\362N\306\340\013""; ","validation: """"\200\000\000\000&\000\000\000\002)/\351\326W:\204\304\221\024\034\332\267\231Q\310\307\013\377\332\017\177V\203\327_\003z?\001HO\264M\200mz\336\253V\312\221\036<%\014\351P\027\000\000\000\000\000\000\000\000\000\000\000\000\000\000\000\000\000\000\000\000\000\000\000\000\000\000\000\000\000\000\000\000P\031-}\351f\032\255\274\334m\326c\017\014ao[\342\230\003\245\245\3341Hm\326^\017jy\335\261s!\003\327^j^Qa+\317\341Q\3631f \333\346Y\267\203\335X\222<\025-|H@\240\272\315\005vF0D\002 =\246=O\272\243{\351\241i1\343\025j\036\177\321\276\347=\003T\341\211dv\322\334+L}\313\002 y\347\304\376\257\334\256\223\310\370A\007\225i\n\234K<\247\334mm\213_\002\335\323\362N\306\340\013""; "
1750538711448,1750538711448,3018,1,1,0,TMValidation,"validation: """"\200\000\000\000&\000\000\000\002)/\351\326W:\204\304\221\024\034\332\267\231Q\310\307\013\377\332\017\177V\203\327_\003z?\001HO\264M\200mz\336\253V\312\221\036<%\014\351P\027\000\000\000\000\000\000\000\000\000\000\000\000\000\000\000\000\000\000\000\000\000\000\000\000\000\000\000\000\000\000\000\000P\031-}\351f\032\255\274\334m\326c\017\014ao[\342\230\003\245\245\3341Hm\326^\017jy\335\261s!\003\327^j^Qa+\317\341Q\3631f \333\346Y\267\203\335X\222<\025-|H@\240\272\315\005vF0D\002 =\246=O\272\243{\351\241i1\343\025j\036\177\321\276\347=\003T\341\211dv\322\334+L}\313\002 y\347\304\376\257\334\256\223\310\370A\007\225i\n\234K<\247\334mm\213_\002\335\323\362N\306\340\013""; ","validation: """"\200\000\000\000&\000\000\000\002)/\351\326W:\204\304\221\024\034\332\267\231Q\310\307\013\377\332\017\177V\203\327_\003z?\001HO\264M\200mz\336\253V\312\221\036<%\014\351P\027\000\000\000\000\000\000\000\000\000\000\000\000\000\000\000\000\000\000\000\000\000\000\000\000\000\000\000\000\000\000\000\000P\031-}\351f\032\255\274\334m\326c\017\014ao[\342\230\003\245\245\3341Hm\326^\017jy\335\261s!\003\327^j^Qa+\317\341Q\3631f \333\346Y\267\203\335X\222<\025-|H@\240\272\315\005vF0D\002 =\246=O\272\243{\351\241i1\343\025j\036\177\321\276\347=\003T\341\211dv\322\334+L}\313\002 y\347\304\376\257\334\256\223\310\370A\007\225i\n\234K<\247\334mm\213_\002\335\323\362N\306\340\013""; "
1750538711449,1750538711449,3370,1,1,2,TMValidation,"validation: """"\200\000\000\000&\000\000\000\002)/\351\326W:\204\304\221\024\034\332\267\231Q\310\307\013\377\332\017\177V\203\327_\003z?\001HO\264M\200mz\336\253V\312\221\036<%\014\351P\027\000\000\000\000\000\000\000\000\000\000\000\000\000\000\000\000\000\000\000\000\000\000\000\000\000\000\000\000\000\000\000\000P\031-}\351f\032\255\274\334m\326c\017\014ao[\342\230\003\245\245\3341Hm\326^\017jy\335\261s!\003\327^j^Qa+\317\341Q\3631f \333\346Y\267\203\335X\222<\025-|H@\240\272\315\005vF0D\002 =\246=O\272\243{\351\241i1\343\025j\036\177\321\276\347=\003T\341\211dv\322\334+L}\313\002 y\347\304\376\257\334\256\223\310\370A\007\225i\n\234K<\247\334mm\213_\002\335\323\362N\306\340\013""; ","validation: """"\200\000\000\000&\000\000\000\002)/\351\326W:\204\304\221\024\034\332\267\231Q\310\307\013\377\332\017\177V\203\327_\003z?\001HO\264M\200mz\336\253V\312\221\036<%\014\351P\027\000\000\000\000\000\000\000\000\000\000\000\000\000\000\000\000\000\000\000\000\000\000\000\000\000\000\000\000\000\000\000\000P\031-}\351f\032\255\274\334m\326c\017\014ao[\342\230\003\245\245\3341Hm\326^\017jy\335\261s!\003\327^j^Qa+\317\341Q\3631f \333\346Y\267\203\335X\222<\025-|H@\240\272\315\005vF0D\002 =\246=O\272\243{\351\241i1\343\025j\036\177\321\276\347=\003T\341\211dv\322\334+L}\313\002 y\347\304\376\257\334\256\223\310\370A\007\225i\n\234K<\247\334mm\213_\002\335\323\362N\306\340\013""; "
1750538711449,1750538711449,2655,1,1,4,TMValidation,"validation: """"\200\000\000\000&\000\000\000\002)/\351\326W:\204\304\221\024\034\332\267\231Q\310\307\013\377\332\017\177V\203\327_\003z?\001HO\264M\200mz\336\253V\312\221\036<%\014\351P\027\000\000\000\000\000\000\000\000\000\000\000\000\000\000\000\000\000\000\000\000\000\000\000\000\000\000\000\000\000\000\000\000P\031-}\351f\032\255\274\334m\326c\017\014ao[\342\230\003\245\245\3341Hm\326^\017jy\335\261s!\003\327^j^Qa+\317\341Q\3631f \333\346Y\267\203\335X\222<\025-|H@\240\272\315\005vF0D\002 =\246=O\272\243{\351\241i1\343\025j\036\177\321\276\347=\003T\341\211dv\322\334+L}\313\002 y\347\304\376\257\334\256\223\310\370A\007\225i\n\234K<\247\334mm\213_\002\335\323\362N\306\340\013""; ","validation: """"\200\000\000\000&\000\000\000\002)/\351\326W:\204\304\221\024\034\332\267\231Q\310\307\013\377\332\017\177V\203\327_\003z?\001HO\264M\200mz\336\253V\312\221\036<%\014\351P\027\000\000\000\000\000\000\000\000\000\000\000\000\000\000\000\000\000\000\000\000\000\000\000\000\000\000\000\000\000\000\000\000P\031-}\351f\032\255\274\334m\326c\017\014ao[\342\230\003\245\245\3341Hm\326^\017jy\335\261s!\003\327^j^Qa+\317\341Q\3631f \333\346Y\267\203\335X\222<\025-|H@\240\272\315\005vF0D\002 =\246=O\272\243{\351\241i1\343\025j\036\177\321\276\347=\003T\341\211dv\322\334+L}\313\002 y\347\304\376\257\334\256\223\310\370A\007\225i\n\234K<\247\334mm\213_\002\335\323\362N\306\340\013""; "
1750538711511,1750538711511,288,1,2,4,TMStatusChange,"newEvent: neACCEPTED_LEDGER; ledgerSeq: 2; ledgerHash: ""\310\307\013\377\332\017\177V\203\327_\003z?\001HO\264M\200mz\336\253V\312\221\036<%\014\351""; ledgerHashPrevious: ""-}\351f\032\255\274\334m\326c\017\014ao[\342\230\003\245\245\3341Hm\326^\017jy\335\261""; networkTime: 803853911; firstSeq: 1; lastSeq: 1; ","newEvent: neACCEPTED_LEDGER; ledgerSeq: 2; ledgerHash: ""\310\307\013\377\332\017\177V\203\327_\003z?\001HO\264M\200mz\336\253V\312\221\036<%\014\351""; ledgerHashPrevious: ""-}\351f\032\255\274\334m\326c\017\014ao[\342\230\003\245\245\3341Hm\326^\017jy\335\261""; networkTime: 803853911; firstSeq: 1; lastSeq: 1; "
1750538711513,1750538711513,1253,1,2,0,TMStatusChange,"newEvent: neACCEPTED_LEDGER; ledgerSeq: 2; ledgerHash: ""\310\307\013\377\332\017\177V\203\327_\003z?\001HO\264M\200mz\336\253V\312\221\036<%\014\351""; ledgerHashPrevious: ""-}\351f\032\255\274\334m\326c\017\014ao[\342\230\003\245\245\3341Hm\326^\017jy\335\261""; networkTime: 803853911; firstSeq: 1; lastSeq: 1; ","newEvent: neACCEPTED_LEDGER; ledgerSeq: 2; ledgerHash: ""\310\307\013\377\332\017\177V\203\327_\003z?\001HO\264M\200mz\336\253V\312\221\036<%\014\351""; ledgerHashPrevious: ""-}\351f\032\255\274\334m\326c\017\014ao[\342\230\003\245\245\3341Hm\326^\017jy\335\261""; networkTime: 803853911; firstSeq: 1; lastSeq: 1; "
1750538711512,1750538711512,1733,1,2,1,TMValidation,"validation: """"\200\000\000\000&\000\000\000\002)/\351\326W:\023\347P\206+XgcQ\310\307\013\377\332\017\177V\203\327_\003z?\001HO\264M\200mz\336\253V\312\221\036<%\014\351P\027\000\000\000\000\000\000\000\000\000\000\000\000\000\000\000\000\000\000\000\000\000\000\000\000\000\000\000\000\000\000\000\000P\031-}\351f\032\255\274\334m\326c\017\014ao[\342\230\003\245\245\3341Hm\326^\017jy\335\261s!\003\266z\355\317\337p\211\027\004\376\033=\231\303\247\235\333\200-\342ze\360>\370Z0A\357\271\211NvG0E\002!\000\307)x\222\212\326\334n\026s\004\250)\275\246\025\264\237\343\024\251e\271\017\242D\304\231\220\237V\377\002 \J\217!\212}\345\313\003\254x\346\366\213\367_\265\213\202i\022\207n'\222\210\353\255\0344\031\347""; ","validation: """"\200\000\000\000&\000\000\000\002)/\351\326W:\023\347P\206+XgcQ\310\307\013\377\332\017\177V\203\327_\003z?\001HO\264M\200mz\336\253V\312\221\036<%\014\351P\027\000\000\000\000\000\000\000\000\000\000\000\000\000\000\000\000\000\000\000\000\000\000\000\000\000\000\000\000\000\000\000\000P\031-}\351f\032\255\274\334m\326c\017\014ao[\342\230\003\245\245\3341Hm\326^\017jy\335\261s!\003\266z\355\317\337p\211\027\004\376\033=\231\303\247\235\333\200-\342ze\360>\370Z0A\357\271\211NvG0E\002!\000\307)x\222\212\326\334n\026s\004\250)\275\246\025\264\237\343\024\251e\271\017\242D\304\231\220\237V\377\002 \J\217!\212}\345\313\003\254x\346\366\213\367_\265\213\202i\022\207n'\222\210\353\255\0344\031\347""; "
1750538711513,1750538711513,3489,1,2,4,TMValidation,"validation: """"\200\000\000\000&\000\000\000\002)/\351\326W:\023\347P\206+XgcQ\310\307\013\377\332\017\177V\203\327_\003z?\001HO\264M\200mz\336\253V\312\221\036<%\014\351P\027\000\000\000\000\000\000\000\000\000\000\000\000\000\000\000\000\000\000\000\000\000\000\000\000\000\000\000\000\000\000\000\000P\031-}\351f\032\255\274\334m\326c\017\014ao[\342\230\003\245\245\3341Hm\326^\017jy\335\261s!\003\266z\355\317\337p\211\027\004\376\033=\231\303\247\235\333\200-\342ze\360>\370Z0A\357\271\211NvG0E\002!\000\307)x\222\212\326\334n\026s\004\250)\275\246\025\264\237\343\024\251e\271\017\242D\304\231\220\237V\377\002 \J\217!\212}\345\313\003\254x\346\366\213\367_\265\213\202i\022\207n'\222\210\353\255\0344\031\347""; ","validation: """"\200\000\000\000&\000\000\000\002)/\351\326W:\023\347P\206+XgcQ\310\307\013\377\332\017\177V\203\327_\003z?\001HO\264M\200mz\336\253V\312\221\036<%\014\351P\027\000\000\000\000\000\000\000\000\000\000\000\000\000\000\000\000\000\000\000\000\000\000\000\000\000\000\000\000\000\000\000\000P\031-}\351f\032\255\274\334m\326c\017\014ao[\342\230\003\245\245\3341Hm\326^\017jy\335\261s!\003\266z\355\317\337p\211\027\004\376\033=\231\303\247\235\333\200-\342ze\360>\370Z0A\357\271\211NvG0E\002!\000\307)x\222\212\326\334n\026s\004\250)\275\246\025\264\237\343\024\251e\271\017\242D\304\231\220\237V\377\002 \J\217!\212}\345\313\003\254x\346\366\213\367_\265\213\202i\022\207n'\222\210\353\255\0344\031\347""; "
1750538711512,1750538711512,3369,1,2,1,TMStatusChange,"newEvent: neACCEPTED_LEDGER; ledgerSeq: 2; ledgerHash: ""\310\307\013\377\332\017\177V\203\327_\003z?\001HO\264M\200mz\336\253V\312\221\036<%\014\351""; ledgerHashPrevious: ""-}\351f\032\255\274\334m\326c\017\014ao[\342\230\003\245\245\3341Hm\326^\017jy\335\261""; networkTime: 803853911; firstSeq: 1; lastSeq: 1; ","newEvent: neACCEPTED_LEDGER; ledgerSeq: 2; ledgerHash: ""\310\307\013\377\332\017\177V\203\327_\003z?\001HO\264M\200mz\336\253V\312\221\036<%\014\351""; ledgerHashPrevious: ""-}\351f\032\255\274\334m\326c\017\014ao[\342\230\003\245\245\3341Hm\326^\017jy\335\261""; networkTime: 803853911; firstSeq: 1; lastSeq: 1; "
1750538711514,1750538711514,2466,1,2,3,TMValidation,"validation: """"\200\000\000\000&\000\000\000\002)/\351\326W:\023\347P\206+XgcQ\310\307\013\377\332\017\177V\203\327_\003z?\001HO\264M\200mz\336\253V\312\221\036<%\014\351P\027\000\000\000\000\000\000\000\000\000\000\000\000\000\000\000\000\000\000\000\000\000\000\000\000\000\000\000\000\000\000\000\000P\031-}\351f\032\255\274\334m\326c\017\014ao[\342\230\003\245\245\3341Hm\326^\017jy\335\261s!\003\266z\355\317\337p\211\027\004\376\033=\231\303\247\235\333\200-\342ze\360>\370Z0A\357\271\211NvG0E\002!\000\307)x\222\212\326\334n\026s\004\250)\275\246\025\264\237\343\024\251e\271\017\242D\304\231\220\237V\377\002 \J\217!\212}\345\313\003\254x\346\366\213\367_\265\213\202i\022\207n'\222\210\353\255\0344\031\347""; ","validation: """"\200\000\000\000&\000\000\000\002)/\351\326W:\023\347P\206+XgcQ\310\307\013\377\332\017\177V\203\327_\003z?\001HO\264M\200mz\336\253V\312\221\036<%\014\351P\027\000\000\000\000\000\000\000\000\000\000\000\000\000\000\000\000\000\000\000\000\000\000\000\000\000\000\000\000\000\000\000\000P\031-}\351f\032\255\274\334m\326c\017\014ao[\342\230\003\245\245\3341Hm\326^\017jy\335\261s!\003\266z\355\317\337p\211\027\004\376\033=\231\303\247\235\333\200-\342ze\360>\370Z0A\357\271\211NvG0E\002!\000\307)x\222\212\326\334n\026s\004\250)\275\246\025\264\237\343\024\251e\271\017\242D\304\231\220\237V\377\002 \J\217!\212}\345\313\003\254x\346\366\213\367_\265\213\202i\022\207n'\222\210\353\255\0344\031\347""; "
1750538711514,1750538711515,896,1,2,3,TMStatusChange,"newEvent: neACCEPTED_LEDGER; ledgerSeq: 2; ledgerHash: ""\310\307\013\377\332\017\177V\203\327_\003z?\001HO\264M\200mz\336\253V\312\221\036<%\014\351""; ledgerHashPrevious: ""-}\351f\032\255\274\334m\326c\017\014ao[\342\230\003\245\245\3341Hm\326^\017jy\335\261""; networkTime: 803853911; firstSeq: 1; lastSeq: 1; ","newEvent: neACCEPTED_LEDGER; ledgerSeq: 2; ledgerHash: ""\310\307\013\377\332\017\177V\203\327_\003z?\001HO\264M\200mz\336\253V\312\221\036<%\014\351""; ledgerHashPrevious: ""-}\351f\032\255\274\334m\326c\017\014ao[\342\230\003\245\245\3341Hm\326^\017jy\335\261""; networkTime: 803853911; firstSeq: 1; lastSeq: 1; "
1750538711515,1750538711515,870,1,2,0,TMValidation,"validation: """"\200\000\000\000&\000\000\000\002)/\351\326W:\023\347P\206+XgcQ\310\307\013\377\332\017\177V\203\327_\003z?\001HO\264M\200mz\336\253V\312\221\036<%\014\351P\027\000\000\000\000\000\000\000\000\000\000\000\000\000\000\000\000\000\000\000\000\000\000\000\000\000\000\000\000\000\000\000\000P\031-}\351f\032\255\274\334m\326c\017\014ao[\342\230\003\245\245\3341Hm\326^\017jy\335\261s!\003\266z\355\317\337p\211\027\004\376\033=\231\303\247\235\333\200-\342ze\360>\370Z0A\357\271\211NvG0E\002!\000\307)x\222\212\326\334n\026s\004\250)\275\246\025\264\237\343\024\251e\271\017\242D\304\231\220\237V\377\002 \J\217!\212}\345\313\003\254x\346\366\213\367_\265\213\202i\022\207n'\222\210\353\255\0344\031\347""; ","validation: """"\200\000\000\000&\000\000\000\002)/\351\326W:\023\347P\206+XgcQ\310\307\013\377\332\017\177V\203\327_\003z?\001HO\264M\200mz\336\253V\312\221\036<%\014\351P\027\000\000\000\000\000\000\000\000\000\000\000\000\000\000\000\000\000\000\000\000\000\000\000\000\000\000\000\000\000\000\000\000P\031-}\351f\032\255\274\334m\326c\017\014ao[\342\230\003\245\245\3341Hm\326^\017jy\335\261s!\003\266z\355\317\337p\211\027\004\376\033=\231\303\247\235\333\200-\342ze\360>\370Z0A\357\271\211NvG0E\002!\000\307)x\222\212\326\334n\026s\004\250)\275\246\025\264\237\343\024\251e\271\017\242D\304\231\220\237V\377\002 \J\217!\212}\345\313\003\254x\346\366\213\367_\265\213\202i\022\207n'\222\210\353\255\0344\031\347""; "
1750538712384,1750538712384,3852,1,0,4,TMValidation,"validation: """"\200\000\000\000&\000\000\000\002)/\351\326W:\023\347P\206+XgcQ\310\307\013\377\332\017\177V\203\327_\003z?\001HO\264M\200mz\336\253V\312\221\036<%\014\351P\027\000\000\000\000\000\000\000\000\000\000\000\000\000\000\000\000\000\000\000\000\000\000\000\000\000\000\000\000\000\000\000\000P\031-}\351f\032\255\274\334m\326c\017\014ao[\342\230\003\245\245\3341Hm\326^\017jy\335\261s!\003\266z\355\317\337p\211\027\004\376\033=\231\303\247\235\333\200-\342ze\360>\370Z0A\357\271\211NvG0E\002!\000\307)x\222\212\326\334n\026s\004\250)\275\246\025\264\237\343\024\251e\271\017\242D\304\231\220\237V\377\002 \J\217!\212}\345\313\003\254x\346\366\213\367_\265\213\202i\022\207n'\222\210\353\255\0344\031\347""; ","validation: """"\200\000\000\000&\000\000\000\002)/\351\326W:\023\347P\206+XgcQ\310\307\013\377\332\017\177V\203\327_\003z?\001HO\264M\200mz\336\253V\312\221\036<%\014\351P\027\000\000\000\000\000\000\000\000\000\000\000\000\000\000\000\000\000\000\000\000\000\000\000\000\000\000\000\000\000\000\000\000P\031-}\351f\032\255\274\334m\326c\017\014ao[\342\230\003\245\245\3341Hm\326^\017jy\335\261s!\003\266z\355\317\337p\211\027\004\376\033=\231\303\247\235\333\200-\342ze\360>\370Z0A\357\271\211NvG0E\002!\000\307)x\222\212\326\334n\026s\004\250)\275\246\025\264\237\343\024\251e\271\017\242D\304\231\220\237V\377\002 \J\217!\212}\345\313\003\254x\346\366\213\367_\265\213\202i\022\207n'\222\210\353\255\0344\031\347""; "
1750538712385,1750538712385,2635,1,0,3,TMValidation,"validation: """"\200\000\000\000&\000\000\000\002)/\351\326W:\023\347P\206+XgcQ\310\307\013\377\332\017\177V\203\327_\003z?\001HO\264M\200mz\336\253V\312\221\036<%\014\351P\027\000\000\000\000\000\000\000\000\000\000\000\000\000\000\000\000\000\000\000\000\000\000\000\000\000\000\000\000\000\000\000\000P\031-}\351f\032\255\274\334m\326c\017\014ao[\342\230\003\245\245\3341Hm\326^\017jy\335\261s!\003\266z\355\317\337p\211\027\004\376\033=\231\303\247\235\333\200-\342ze\360>\370Z0A\357\271\211NvG0E\002!\000\307)x\222\212\326\334n\026s\004\250)\275\246\025\264\237\343\024\251e\271\017\242D\304\231\220\237V\377\002 \J\217!\212}\345\313\003\254x\346\366\213\367_\265\213\202i\022\207n'\222\210\353\255\0344\031\347""; ","validation: """"\200\000\000\000&\000\000\000\002)/\351\326W:\023\347P\206+XgcQ\310\307\013\377\332\017\177V\203\327_\003z?\001HO\264M\200mz\336\253V\312\221\036<%\014\351P\027\000\000\000\000\000\000\000\000\000\000\000\000\000\000\000\000\000\000\000\000\000\000\000\000\000\000\000\000\000\000\000\000P\031-}\351f\032\255\274\334m\326c\017\014ao[\342\230\003\245\245\3341Hm\326^\017jy\335\261s!\003\266z\355\317\337p\211\027\004\376\033=\231\303\247\235\333\200-\342ze\360>\370Z0A\357\271\211NvG0E\002!\000\307)x\222\212\326\334n\026s\004\250)\275\246\025\264\237\343\024\251e\271\017\242D\304\231\220\237V\377\002 \J\217!\212}\345\313\003\254x\346\366\213\367_\265\213\202i\022\207n'\222\210\353\255\0344\031\347""; "
1750538712385,1750538712385,2722,1,0,1,TMValidation,"validation: """"\200\000\000\000&\000\000\000\002)/\351\326W:\023\347P\206+XgcQ\310\307\013\377\332\017\177V\203\327_\003z?\001HO\264M\200mz\336\253V\312\221\036<%\014\351P\027\000\000\000\000\000\000\000\000\000\000\000\000\000\000\000\000\000\000\000\000\000\000\000\000\000\000\000\000\000\000\000\000P\031-}\351f\032\255\274\334m\326c\017\014ao[\342\230\003\245\245\3341Hm\326^\017jy\335\261s!\003\266z\355\317\337p\211\027\004\376\033=\231\303\247\235\333\200-\342ze\360>\370Z0A\357\271\211NvG0E\002!\000\307)x\222\212\326\334n\026s\004\250)\275\246\025\264\237\343\024\251e\271\017\242D\304\231\220\237V\377\002 \J\217!\212}\345\313\003\254x\346\366\213\367_\265\213\202i\022\207n'\222\210\353\255\0344\031\347""; ","validation: """"\200\000\000\000&\000\000\000\002)/\351\326W:\023\347P\206+XgcQ\310\307\013\377\332\017\177V\203\327_\003z?\001HO\264M\200mz\336\253V\312\221\036<%\014\351P\027\000\000\000\000\000\000\000\000\000\000\000\000\000\000\000\000\000\000\000\000\000\000\000\000\000\000\000\000\000\000\000\000P\031-}\351f\032\255\274\334m\326c\017\014ao[\342\230\003\245\245\3341Hm\326^\017jy\335\261s!\003\266z\355\317\337p\211\027\004\376\033=\231\303\247\235\333\200-\342ze\360>\370Z0A\357\271\211NvG0E\002!\000\307)x\222\212\326\334n\026s\004\250)\275\246\025\264\237\343\024\251e\271\017\242D\304\231\220\237V\377\002 \J\217!\212}\345\313\003\254x\346\366\213\367_\265\213\202i\022\207n'\222\210\353\255\0344\031\347""; "
1750538712560,1750538712560,2466,1,2,3,TMValidation,"validation: """"\200\000\000\000&\000\000\000\002)/\351\326V:\303\251\2659\267\306|_Q\310\307\013\377\332\017\177V\203\327_\003z?\001HO\264M\200mz\336\253V\312\221\036<%\014\351P\027\000\000\000\000\000\000\000\000\000\000\000\000\000\000\000\000\000\000\000\000\000\000\000\000\000\000\000\000\000\000\000\000P\031-}\351f\032\255\274\334m\326c\017\014ao[\342\230\003\245\245\3341Hm\326^\017jy\335\261s!\002 \026\333\362W<\375\221\252M\216[;A\212\332\001\245U\216U\016 \210\301)Q5$#\354\322vF0D\002 y\376\354\342\204U\252\004\276B\221\261M\335\244\026\370\316W\t\344\274d\2562\375H\246\023\301\371B\002 \t@,\353w\254\217\276/\377d\346\241\316g\370\277\004_\270\270t\254\031\030\213v%,U\260g""; ","validation: """"\200\000\000\000&\000\000\000\002)/\351\326V:\303\251\2659\267\306|_Q\310\307\013\377\332\017\177V\203\327_\003z?\001HO\264M\200mz\336\253V\312\221\036<%\014\351P\027\000\000\000\000\000\000\000\000\000\000\000\000\000\000\000\000\000\000\000\000\000\000\000\000\000\000\000\000\000\000\000\000P\031-}\351f\032\255\274\334m\326c\017\014ao[\342\230\003\245\245\3341Hm\326^\017jy\335\261s!\002 \026\333\362W<\375\221\252M\216[;A\212\332\001\245U\216U\016 \210\301)Q5$#\354\322vF0D\002 y\376\354\342\204U\252\004\276B\221\261M\335\244\026\370\316W\t\344\274d\2562\375H\246\023\301\371B\002 \t@,\353w\254\217\276/\377d\346\241\316g\370\277\004_\270\270t\254\031\030\213v%,U\260g""; "
1750538712560,1750538712560,870,1,2,0,TMValidation,"validation: """"\200\000\000\000&\000\000\000\002)/\351\326V:\303\251\2659\267\306|_Q\310\307\013\377\332\017\177V\203\327_\003z?\001HO\264M\200mz\336\253V\312\221\036<%\014\351P\027\000\000\000\000\000\000\000\000\000\000\000\000\000\000\000\000\000\000\000\000\000\000\000\000\000\000\000\000\000\000\000\000P\031-}\351f\032\255\274\334m\326c\017\014ao[\342\230\003\245\245\3341Hm\326^\017jy\335\261s!\002 \026\333\362W<\375\221\252M\216[;A\212\332\001\245U\216U\016 \210\301)Q5$#\354\322vF0D\002 y\376\354\342\204U\252\004\276B\221\261M\335\244\026\370\316W\t\344\274d\2562\375H\246\023\301\371B\002 \t@,\353w\254\217\276/\377d\346\241\316g\370\277\004_\270\270t\254\031\030\213v%,U\260g""; ","validation: """"\200\000\000\000&\000\000\000\002)/\351\326V:\303\251\2659\267\306|_Q\310\307\013\377\332\017\177V\203\327_\003z?\001HO\264M\200mz\336\253V\312\221\036<%\014\351P\027\000\000\000\000\000\000\000\000\000\000\000\000\000\000\000\000\000\000\000\000\000\000\000\000\000\000\000\000\000\000\000\000P\031-}\351f\032\255\274\334m\326c\017\014ao[\342\230\003\245\245\3341Hm\326^\017jy\335\261s!\002 \026\333\362W<\375\221\252M\216[;A\212\332\001\245U\216U\016 \210\301)Q5$#\354\322vF0D\002 y\376\354\342\204U\252\004\276B\221\261M\335\244\026\370\316W\t\344\274d\2562\375H\246\023\301\371B\002 \t@,\353w\254\217\276/\377d\346\241\316g\370\277\004_\270\270t\254\031\030\213v%,U\260g""; "
1750538712560,1750538712561,1733,1,2,1,TMValidation,"validation: """"\200\000\000\000&\000\000\000\002)/\351\326V:\303\251\2659\267\306|_Q\310\307\013\377\332\017\177V\203\327_\003z?\001HO\264M\200mz\336\253V\312\221\036<%\014\351P\027\000\000\000\000\000\000\000\000\000\000\000\000\000\000\000\000\000\000\000\000\000\000\000\000\000\000\000\000\000\000\000\000P\031-}\351f\032\255\274\334m\326c\017\014ao[\342\230\003\245\245\3341Hm\326^\017jy\335\261s!\002 \026\333\362W<\375\221\252M\216[;A\212\332\001\245U\216U\016 \210\301)Q5$#\354\322vF0D\002 y\376\354\342\204U\252\004\276B\221\261M\335\244\026\370\316W\t\344\274d\2562\375H\246\023\301\371B\002 \t@,\353w\254\217\276/\377d\346\241\316g\370\277\004_\270\270t\254\031\030\213v%,U\260g""; ","validation: """"\200\000\000\000&\000\000\000\002)/\351\326V:\303\251\2659\267\306|_Q\310\307\013\377\332\017\177V\203\327_\003z?\001HO\264M\200mz\336\253V\312\221\036<%\014\351P\027\000\000\000\000\000\000\000\000\000\000\000\000\000\000\000\000\000\000\000\000\000\000\000\000\000\000\000\000\000\000\000\000P\031-}\351f\032\255\274\334m\326c\017\014ao[\342\230\003\245\245\3341Hm\326^\017jy\335\261s!\002 \026\333\362W<\375\221\252M\216[;A\212\332\001\245U\216U\016 \210\301)Q5$#\354\322vF0D\002 y\376\354\342\204U\252\004\276B\221\261M\335\244\026\370\316W\t\344\274d\2562\375H\246\023\301\371B\002 \t@,\353w\254\217\276/\377d\346\241\316g\370\277\004_\270\270t\254\031\030\213v%,U\260g""; "
1750538712570,1750538712570,2253,1,4,1,TMValidation,"validation: """"\200\000\000\000&\000\000\000\002)/\351\326W:\204\304\221\024\034\332\267\231Q\310\307\013\377\332\017\177V\203\327_\003z?\001HO\264M\200mz\336\253V\312\221\036<%\014\351P\027\000\000\000\000\000\000\000\000\000\000\000\000\000\000\000\000\000\000\000\000\000\000\000\000\000\000\000\000\000\000\000\000P\031-}\351f\032\255\274\334m\326c\017\014ao[\342\230\003\245\245\3341Hm\326^\017jy\335\261s!\003\327^j^Qa+\317\341Q\3631f \333\346Y\267\203\335X\222<\025-|H@\240\272\315\005vF0D\002 =\246=O\272\243{\351\241i1\343\025j\036\177\321\276\347=\003T\341\211dv\322\334+L}\313\002 y\347\304\376\257\334\256\223\310\370A\007\225i\n\234K<\247\334mm\213_\002\335\323\362N\306\340\013""; ","validation: """"\200\000\000\000&\000\000\000\002)/\351\326W:\204\304\221\024\034\332\267\231Q\310\307\013\377\332\017\177V\203\327_\003z?\001HO\264M\200mz\336\253V\312\221\036<%\014\351P\027\000\000\000\000\000\000\000\000\000\000\000\000\000\000\000\000\000\000\000\000\000\000\000\000\000\000\000\000\000\000\000\000P\031-}\351f\032\255\274\334m\326c\017\014ao[\342\230\003\245\245\3341Hm\326^\017jy\335\261s!\003\327^j^Qa+\317\341Q\3631f \333\346Y\267\203\335X\222<\025-|H@\240\272\315\005vF0D\002 =\246=O\272\243{\351\241i1\343\025j\036\177\321\276\347=\003T\341\211dv\322\334+L}\313\002 y\347\304\376\257\334\256\223\310\370A\007\225i\n\234K<\247\334mm\213_\002\335\323\362N\306\340\013""; "
1750538712571,1750538712571,1612,1,4,2,TMValidation,"validation: """"\200\000\000\000&\000\000\000\002)/\351\326W:\204\304\221\024\034\332\267\231Q\310\307\013\377\332\017\177V\203\327_\003z?\001HO\264M\200mz\336\253V\312\221\036<%\014\351P\027\000\000\000\000\000\000\000\000\000\000\000\000\000\000\000\000\000\000\000\000\000\000\000\000\000\000\000\000\000\000\000\000P\031-}\351f\032\255\274\334m\326c\017\014ao[\342\230\003\245\245\3341Hm\326^\017jy\335\261s!\003\327^j^Qa+\317\341Q\3631f \333\346Y\267\203\335X\222<\025-|H@\240\272\315\005vF0D\002 =\246=O\272\243{\351\241i1\343\025j\036\177\321\276\347=\003T\341\211dv\322\334+L}\313\002 y\347\304\376\257\334\256\223\310\370A\007\225i\n\234K<\247\334mm\213_\002\335\323\362N\306\340\013""; ","validation: """"\200\000\000\000&\000\000\000\002)/\351\326W:\204\304\221\024\034\332\267\231Q\310\307\013\377\332\017\177V\203\327_\003z?\001HO\264M\200mz\336\253V\312\221\036<%\014\351P\027\000\000\000\000\000\000\000\000\000\000\000\000\000\000\000\000\000\000\000\000\000\000\000\000\000\000\000\000\000\000\000\000P\031-}\351f\032\255\274\334m\326c\017\014ao[\342\230\003\245\245\3341Hm\326^\017jy\335\261s!\003\327^j^Qa+\317\341Q\3631f \333\346Y\267\203\335X\222<\025-|H@\240\272\315\005vF0D\002 =\246=O\272\243{\351\241i1\343\025j\036\177\321\276\347=\003T\341\211dv\322\334+L}\313\002 y\347\304\376\257\334\256\223\310\370A\007\225i\n\234K<\247\334mm\213_\002\335\323\362N\306\340\013""; "
1750538712571,1750538712571,323,1,4,0,TMValidation,"validation: """"\200\000\000\000&\000\000\000\002)/\351\326W:\204\304\221\024\034\332\267\231Q\310\307\013\377\332\017\177V\203\327_\003z?\001HO\264M\200mz\336\253V\312\221\036<%\014\351P\027\000\000\000\000\000\000\000\000\000\000\000\000\000\000\000\000\000\000\000\000\000\000\000\000\000\000\000\000\000\000\000\000P\031-}\351f\032\255\274\334m\326c\017\014ao[\342\230\003\245\245\3341Hm\326^\017jy\335\261s!\003\327^j^Qa+\317\341Q\3631f \333\346Y\267\203\335X\222<\025-|H@\240\272\315\005vF0D\002 =\246=O\272\243{\351\241i1\343\025j\036\177\321\276\347=\003T\341\211dv\322\334+L}\313\002 y\347\304\376\257\334\256\223\310\370A\007\225i\n\234K<\247\334mm\213_\002\335\323\362N\306\340\013""; ","validation: """"\200\000\000\000&\000\000\000\002)/\351\326W:\204\304\221\024\034\332\267\231Q\310\307\013\377\332\017\177V\203\327_\003z?\001HO\264M\200mz\336\253V\312\221\036<%\014\351P\027\000\000\000\000\000\000\000\000\000\000\000\000\000\000\000\000\000\000\000\000\000\000\000\000\000\000\000\000\000\000\000\000P\031-}\351f\032\255\274\334m\326c\017\014ao[\342\230\003\245\245\3341Hm\326^\017jy\335\261s!\003\327^j^Qa+\317\341Q\3631f \333\346Y\267\203\335X\222<\025-|H@\240\272\315\005vF0D\002 =\246=O\272\243{\351\241i1\343\025j\036\177\321\276\347=\003T\341\211dv\322\334+L}\313\002 y\347\304\376\257\334\256\223\310\370A\007\225i\n\234K<\247\334mm\213_\002\335\323\362N\306\340\013""; "
1750538712896,1750538712896,2635,1,0,3,TMValidation,"validation: """"\200\000\000\000&\000\000\000\002)/\351\326W:\204\304\221\024\034\332\267\231Q\310\307\013\377\332\017\177V\203\327_\003z?\001HO\264M\200mz\336\253V\312\221\036<%\014\351P\027\000\000\000\000\000\000\000\000\000\000\000\000\000\000\000\000\000\000\000\000\000\000\000\000\000\000\000\000\000\000\000\000P\031-}\351f\032\255\274\334m\326c\017\014ao[\342\230\003\245\245\3341Hm\326^\017jy\335\261s!\003\327^j^Qa+\317\341Q\3631f \333\346Y\267\203\335X\222<\025-|H@\240\272\315\005vF0D\002 =\246=O\272\243{\351\241i1\343\025j\036\177\321\276\347=\003T\341\211dv\322\334+L}\313\002 y\347\304\376\257\334\256\223\310\370A\007\225i\n\234K<\247\334mm\213_\002\335\323\362N\306\340\013""; ","validation: """"\200\000\000\000&\000\000\000\002)/\351\326W:\204\304\221\024\034\332\267\231Q\310\307\013\377\332\017\177V\203\327_\003z?\001HO\264M\200mz\336\253V\312\221\036<%\014\351P\027\000\000\000\000\000\000\000\000\000\000\000\000\000\000\000\000\000\000\000\000\000\000\000\000\000\000\000\000\000\000\000\000P\031-}\351f\032\255\274\334m\326c\017\014ao[\342\230\003\245\245\3341Hm\326^\017jy\335\261s!\003\327^j^Qa+\317\341Q\3631f \333\346Y\267\203\335X\222<\025-|H@\240\272\315\005vF0D\002 =\246=O\272\243{\351\241i1\343\025j\036\177\321\276\347=\003T\341\211dv\322\334+L}\313\002 y\347\304\376\257\334\256\223\310\370A\007\225i\n\234K<\247\334mm\213_\002\335\323\362N\306\340\013""; "
1750538712897,1750538712897,2722,1,0,1,TMValidation,"validation: """"\200\000\000\000&\000\000\000\002)/\351\326W:\204\304\221\024\034\332\267\231Q\310\307\013\377\332\017\177V\203\327_\003z?\001HO\264M\200mz\336\253V\312\221\036<%\014\351P\027\000\000\000\000\000\000\000\000\000\000\000\000\000\000\000\000\000\000\000\000\000\000\000\000\000\000\000\000\000\000\000\000P\031-}\351f\032\255\274\334m\326c\017\014ao[\342\230\003\245\245\3341Hm\326^\017jy\335\261s!\003\327^j^Qa+\317\341Q\3631f \333\346Y\267\203\335X\222<\025-|H@\240\272\315\005vF0D\002 =\246=O\272\243{\351\241i1\343\025j\036\177\321\276\347=\003T\341\211dv\322\334+L}\313\002 y\347\304\376\257\334\256\223\310\370A\007\225i\n\234K<\247\334mm\213_\002\335\323\362N\306\340\013""; ","validation: """"\200\000\000\000&\000\000\000\002)/\351\326W:\204\304\221\024\034\332\267\231Q\310\307\013\377\332\017\177V\203\327_\003z?\001HO\264M\200mz\336\253V\312\221\036<%\014\351P\027\000\000\000\000\000\000\000\000\000\000\000\000\000\000\000\000\000\000\000\000\000\000\000\000\000\000\000\000\000\000\000\000P\031-}\351f\032\255\274\334m\326c\017\014ao[\342\230\003\245\245\3341Hm\326^\017jy\335\261s!\003\327^j^Qa+\317\341Q\3631f \333\346Y\267\203\335X\222<\025-|H@\240\272\315\005vF0D\002 =\246=O\272\243{\351\241i1\343\025j\036\177\321\276\347=\003T\341\211dv\322\334+L}\313\002 y\347\304\376\257\334\256\223\310\370A\007\225i\n\234K<\247\334mm\213_\002\335\323\362N\306\340\013""; "
1750538712896,1750538712896,2225,1,0,2,TMValidation,"validation: """"\200\000\000\000&\000\000\000\002)/\351\326W:\204\304\221\024\034\332\267\231Q\310\307\013\377\332\017\177V\203\327_\003z?\001HO\264M\200mz\336\253V\312\221\036<%\014\351P\027\000\000\000\000\000\000\000\000\000\000\000\000\000\000\000\000\000\000\000\000\000\000\000\000\000\000\000\000\000\000\000\000P\031-}\351f\032\255\274\334m\326c\017\014ao[\342\230\003\245\245\3341Hm\326^\017jy\335\261s!\003\327^j^Qa+\317\341Q\3631f \333\346Y\267\203\335X\222<\025-|H@\240\272\315\005vF0D\002 =\246=O\272\243{\351\241i1\343\025j\036\177\321\276\347=\003T\341\211dv\322\334+L}\313\002 y\347\304\376\257\334\256\223\310\370A\007\225i\n\234K<\247\334mm\213_\002\335\323\362N\306\340\013""; ","validation: """"\200\000\000\000&\000\000\000\002)/\351\326W:\204\304\221\024\034\332\267\231Q\310\307\013\377\332\017\177V\203\327_\003z?\001HO\264M\200mz\336\253V\312\221\036<%\014\351P\027\000\000\000\000\000\000\000\000\000\000\000\000\000\000\000\000\000\000\000\000\000\000\000\000\000\000\000\000\000\000\000\000P\031-}\351f\032\255\274\334m\326c\017\014ao[\342\230\003\245\245\3341Hm\326^\017jy\335\261s!\003\327^j^Qa+\317\341Q\3631f \333\346Y\267\203\335X\222<\025-|H@\240\272\315\005vF0D\002 =\246=O\272\243{\351\241i1\343\025j\036\177\321\276\347=\003T\341\211dv\322\334+L}\313\002 y\347\304\376\257\334\256\223\310\370A\007\225i\n\234K<\247\334mm\213_\002\335\323\362N\306\340\013""; "
1750538713128,1750538713128,3489,1,2,4,TMValidation,"validation: """"\200\000\000\000&\000\000\000\002)/\351\326V:U\220E\316&g\276RQ\310\307\013\377\332\017\177V\203\327_\003z?\001HO\264M\200mz\336\253V\312\221\036<%\014\351P\027\000\000\000\000\000\000\000\000\000\000\000\000\000\000\000\000\000\000\000\000\000\000\000\000\000\000\000\000\000\000\000\000P\031-}\351f\032\255\274\334m\326c\017\014ao[\342\230\003\245\245\3341Hm\326^\017jy\335\261s!\003~\375{L?\027\276\233\213\030\372\276\341\272\320\221I\273\364\302\210&&\024\321t\263~u\021\224\007vG0E\002!\000\355\275\320&zA\255W\227\204Q\224\377\275\271\331\275\017\306\273\373?\032\267\237\376\026\2018\270\023z\002 \003h\032z\343\226\315Iu\001L\255\204\325>\324\254\332\221y\230\234\232\320\261$\005\003\032R\351\n""; ","validation: """"\200\000\000\000&\000\000\000\002)/\351\326V:U\220E\316&g\276RQ\310\307\013\377\332\017\177V\203\327_\003z?\001HO\264M\200mz\336\253V\312\221\036<%\014\351P\027\000\000\000\000\000\000\000\000\000\000\000\000\000\000\000\000\000\000\000\000\000\000\000\000\000\000\000\000\000\000\000\000P\031-}\351f\032\255\274\334m\326c\017\014ao[\342\230\003\245\245\3341Hm\326^\017jy\335\261s!\003~\375{L?\027\276\233\213\030\372\276\341\272\320\221I\273\364\302\210&&\024\321t\263~u\021\224\007vG0E\002!\000\355\275\320&zA\255W\227\204Q\224\377\275\271\331\275\017\306\273\373?\032\267\237\376\026\2018\270\023z\002 \003h\032z\343\226\315Iu\001L\255\204\325>\324\254\332\221y\230\234\232\320\261$\005\003\032R\351\n""; "
1750538713128,1750538713128,2466,1,2,3,TMValidation,"validation: """"\200\000\000\000&\000\000\000\002)/\351\326V:U\220E\316&g\276RQ\310\307\013\377\332\017\177V\203\327_\003z?\001HO\264M\200mz\336\253V\312\221\036<%\014\351P\027\000\000\000\000\000\000\000\000\000\000\000\000\000\000\000\000\000\000\000\000\000\000\000\000\000\000\000\000\000\000\000\000P\031-}\351f\032\255\274\334m\326c\017\014ao[\342\230\003\245\245\3341Hm\326^\017jy\335\261s!\003~\375{L?\027\276\233\213\030\372\276\341\272\320\221I\273\364\302\210&&\024\321t\263~u\021\224\007vG0E\002!\000\355\275\320&zA\255W\227\204Q\224\377\275\271\331\275\017\306\273\373?\032\267\237\376\026\2018\270\023z\002 \003h\032z\343\226\315Iu\001L\255\204\325>\324\254\332\221y\230\234\232\320\261$\005\003\032R\351\n""; ","validation: """"\200\000\000\000&\000\000\000\002)/\351\326V:U\220E\316&g\276RQ\310\307\013\377\332\017\177V\203\327_\003z?\001HO\264M\200mz\336\253V\312\221\036<%\014\351P\027\000\000\000\000\000\000\000\000\000\000\000\000\000\000\000\000\000\000\000\000\000\000\000\000\000\000\000\000\000\000\000\000P\031-}\351f\032\255\274\334m\326c\017\014ao[\342\230\003\245\245\3341Hm\326^\017jy\335\261s!\003~\375{L?\027\276\233\213\030\372\276\341\272\320\221I\273\364\302\210&&\024\321t\263~u\021\224\007vG0E\002!\000\355\275\320&zA\255W\227\204Q\224\377\275\271\331\275\017\306\273\373?\032\267\237\376\026\2018\270\023z\002 \003h\032z\343\226\315Iu\001L\255\204\325>\324\254\332\221y\230\234\232\320\261$\005\003\032R\351\n""; "
1750538713129,1750538713129,1733,1,2,1,TMValidation,"validation: """"\200\000\000\000&\000\000\000\002)/\351\326V:U\220E\316&g\276RQ\310\307\013\377\332\017\177V\203\327_\003z?\001HO\264M\200mz\336\253V\312\221\036<%\014\351P\027\000\000\000\000\000\000\000\000\000\000\000\000\000\000\000\000\000\000\000\000\000\000\000\000\000\000\000\000\000\000\000\000P\031-}\351f\032\255\274\334m\326c\017\014ao[\342\230\003\245\245\3341Hm\326^\017jy\335\261s!\003~\375{L?\027\276\233\213\030\372\276\341\272\320\221I\273\364\302\210&&\024\321t\263~u\021\224\007vG0E\002!\000\355\275\320&zA\255W\227\204Q\224\377\275\271\331\275\017\306\273\373?\032\267\237\376\026\2018\270\023z\002 \003h\032z\343\226\315Iu\001L\255\204\325>\324\254\332\221y\230\234\232\320\261$\005\003\032R\351\n""; ","validation: """"\200\000\000\000&\000\000\000\002)/\351\326V:U\220E\316&g\276RQ\310\307\013\377\332\017\177V\203\327_\003z?\001HO\264M\200mz\336\253V\312\221\036<%\014\351P\027\000\000\000\000\000\000\000\000\000\000\000\000\000\000\000\000\000\000\000\000\000\000\000\000\000\000\000\000\000\000\000\000P\031-}\351f\032\255\274\334m\326c\017\014ao[\342\230\003\245\245\3341Hm\326^\017jy\335\261s!\003~\375{L?\027\276\233\213\030\372\276\341\272\320\221I\273\364\302\210&&\024\321t\263~u\021\224\007vG0E\002!\000\355\275\320&zA\255W\227\204Q\224\377\275\271\331\275\017\306\273\373?\032\267\237\376\026\2018\270\023z\002 \003h\032z\343\226\315Iu\001L\255\204\325>\324\254\332\221y\230\234\232\320\261$\005\003\032R\351\n""; "
1750538713199,1750538713199,3370,1,1,2,TMValidation,"validation: """"\200\000\000\000&\000\000\000\002)/\351\326V:\303\251\2659\267\306|_Q\310\307\013\377\332\017\177V\203\327_\003z?\001HO\264M\200mz\336\253V\312\221\036<%\014\351P\027\000\000\000\000\000\000\000\000\000\000\000\000\000\000\000\000\000\000\000\000\000\000\000\000\000\000\000\000\000\000\000\000P\031-}\351f\032\255\274\334m\326c\017\014ao[\342\230\003\245\245\3341Hm\326^\017jy\335\261s!\002 \026\333\362W<\375\221\252M\216[;A\212\332\001\245U\216U\016 \210\301)Q5$#\354\322vF0D\002 y\376\354\342\204U\252\004\276B\221\261M\335\244\026\370\316W\t\344\274d\2562\375H\246\023\301\371B\002 \t@,\353w\254\217\276/\377d\346\241\316g\370\277\004_\270\270t\254\031\030\213v%,U\260g""; ","validation: """"\200\000\000\000&\000\000\000\002)/\351\326V:\303\251\2659\267\306|_Q\310\307\013\377\332\017\177V\203\327_\003z?\001HO\264M\200mz\336\253V\312\221\036<%\014\351P\027\000\000\000\000\000\000\000\000\000\000\000\000\000\000\000\000\000\000\000\000\000\000\000\000\000\000\000\000\000\000\000\000P\031-}\351f\032\255\274\334m\326c\017\014ao[\342\230\003\245\245\3341Hm\326^\017jy\335\261s!\002 \026\333\362W<\375\221\252M\216[;A\212\332\001\245U\216U\016 \210\301)Q5$#\354\322vF0D\002 y\376\354\342\204U\252\004\276B\221\261M\335\244\026\370\316W\t\344\274d\2562\375H\246\023\301\371B\002 \t@,\353w\254\217\276/\377d\346\241\316g\370\277\004_\270\270t\254\031\030\213v%,U\260g""; "
1750538713200,1750538713200,3018,1,1,0,TMValidation,"validation: """"\200\000\000\000&\000\000\000\002)/\351\326V:\303\251\2659\267\306|_Q\310\307\013\377\332\017\177V\203\327_\003z?\001HO\264M\200mz\336\253V\312\221\036<%\014\351P\027\000\000\000\000\000\000\000\000\000\000\000\000\000\000\000\000\000\000\000\000\000\000\000\000\000\000\000\000\000\000\000\000P\031-}\351f\032\255\274\334m\326c\017\014ao[\342\230\003\245\245\3341Hm\326^\017jy\335\261s!\002 \026\333\362W<\375\221\252M\216[;A\212\332\001\245U\216U\016 \210\301)Q5$#\354\322vF0D\002 y\376\354\342\204U\252\004\276B\221\261M\335\244\026\370\316W\t\344\274d\2562\375H\246\023\301\371B\002 \t@,\353w\254\217\276/\377d\346\241\316g\370\277\004_\270\270t\254\031\030\213v%,U\260g""; ","validation: """"\200\000\000\000&\000\000\000\002)/\351\326V:\303\251\2659\267\306|_Q\310\307\013\377\332\017\177V\203\327_\003z?\001HO\264M\200mz\336\253V\312\221\036<%\014\351P\027\000\000\000\000\000\000\000\000\000\000\000\000\000\000\000\000\000\000\000\000\000\000\000\000\000\000\000\000\000\000\000\000P\031-}\351f\032\255\274\334m\326c\017\014ao[\342\230\003\245\245\3341Hm\326^\017jy\335\261s!\002 \026\333\362W<\375\221\252M\216[;A\212\332\001\245U\216U\016 \210\301)Q5$#\354\322vF0D\002 y\376\354\342\204U\252\004\276B\221\261M\335\244\026\370\316W\t\344\274d\2562\375H\246\023\301\371B\002 \t@,\353w\254\217\276/\377d\346\241\316g\370\277\004_\270\270t\254\031\030\213v%,U\260g""; "
1750538713200,1750538713200,3103,1,1,3,TMValidation,"validation: """"\200\000\000\000&\000\000\000\002)/\351\326V:\303\251\2659\267\306|_Q\310\307\013\377\332\017\177V\203\327_\003z?\001HO\264M\200mz\336\253V\312\221\036<%\014\351P\027\000\000\000\000\000\000\000\000\000\000\000\000\000\000\000\000\000\000\000\000\000\000\000\000\000\000\000\000\000\000\000\000P\031-}\351f\032\255\274\334m\326c\017\014ao[\342\230\003\245\245\3341Hm\326^\017jy\335\261s!\002 \026\333\362W<\375\221\252M\216[;A\212\332\001\245U\216U\016 \210\301)Q5$#\354\322vF0D\002 y\376\354\342\204U\252\004\276B\221\261M\335\244\026\370\316W\t\344\274d\2562\375H\246\023\301\371B\002 \t@,\353w\254\217\276/\377d\346\241\316g\370\277\004_\270\270t\254\031\030\213v%,U\260g""; ","validation: """"\200\000\000\000&\000\000\000\002)/\351\326V:\303\251\2659\267\306|_Q\310\307\013\377\332\017\177V\203\327_\003z?\001HO\264M\200mz\336\253V\312\221\036<%\014\351P\027\000\000\000\000\000\000\000\000\000\000\000\000\000\000\000\000\000\000\000\000\000\000\000\000\000\000\000\000\000\000\000\000P\031-}\351f\032\255\274\334m\326c\017\014ao[\342\230\003\245\245\3341Hm\326^\017jy\335\261s!\002 \026\333\362W<\375\221\252M\216[;A\212\332\001\245U\216U\016 \210\301)Q5$#\354\322vF0D\002 y\376\354\342\204U\252\004\276B\221\261M\335\244\026\370\316W\t\344\274d\2562\375H\246\023\301\371B\002 \t@,\353w\254\217\276/\377d\346\241\316g\370\277\004_\270\270t\254\031\030\213v%,U\260g""; "
1750538713245,1750538713246,2655,1,1,4,TMValidation,"validation: """"\200\000\000\000&\000\000\000\002)/\351\326W:\023\347P\206+XgcQ\310\307\013\377\332\017\177V\203\327_\003z?\001HO\264M\200mz\336\253V\312\221\036<%\014\351P\027\000\000\000\000\000\000\000\000\000\000\000\000\000\000\000\000\000\000\000\000\000\000\000\000\000\000\000\000\000\000\000\000P\031-}\351f\032\255\274\334m\326c\017\014ao[\342\230\003\245\245\3341Hm\326^\017jy\335\261s!\003\266z\355\317\337p\211\027\004\376\033=\231\303\247\235\333\200-\342ze\360>\370Z0A\357\271\211NvG0E\002!\000\307)x\222\212\326\334n\026s\004\250)\275\246\025\264\237\343\024\251e\271\017\242D\304\231\220\237V\377\002 \J\217!\212}\345\313\003\254x\346\366\213\367_\265\213\202i\022\207n'\222\210\353\255\0344\031\347""; ","validation: """"\200\000\000\000&\000\000\000\002)/\351\326W:\023\347P\206+XgcQ\310\307\013\377\332\017\177V\203\327_\003z?\001HO\264M\200mz\336\253V\312\221\036<%\014\351P\027\000\000\000\000\000\000\000\000\000\000\000\000\000\000\000\000\000\000\000\000\000\000\000\000\000\000\000\000\000\000\000\000P\031-}\351f\032\255\274\334m\326c\017\014ao[\342\230\003\245\245\3341Hm\326^\017jy\335\261s!\003\266z\355\317\337p\211\027\004\376\033=\231\303\247\235\333\200-\342ze\360>\370Z0A\357\271\211NvG0E\002!\000\307)x\222\212\326\334n\026s\004\250)\275\246\025\264\237\343\024\251e\271\017\242D\304\231\220\237V\377\002 \J\217!\212}\345\313\003\254x\346\366\213\367_\265\213\202i\022\207n'\222\210\353\255\0344\031\347""; "
1750538713246,1750538713247,3103,1,1,3,TMValidation,"validation: """"\200\000\000\000&\000\000\000\002)/\351\326W:\023\347P\206+XgcQ\310\307\013\377\332\017\177V\203\327_\003z?\001HO\264M\200mz\336\253V\312\221\036<%\014\351P\027\000\000\000\000\000\000\000\000\000\000\000\000\000\000\000\000\000\000\000\000\000\000\000\000\000\000\000\000\000\000\000\000P\031-}\351f\032\255\274\334m\326c\017\014ao[\342\230\003\245\245\3341Hm\326^\017jy\335\261s!\003\266z\355\317\337p\211\027\004\376\033=\231\303\247\235\333\200-\342ze\360>\370Z0A\357\271\211NvG0E\002!\000\307)x\222\212\326\334n\026s\004\250)\275\246\025\264\237\343\024\251e\271\017\242D\304\231\220\237V\377\002 \J\217!\212}\345\313\003\254x\346\366\213\367_\265\213\202i\022\207n'\222\210\353\255\0344\031\347""; ","validation: """"\200\000\000\000&\000\000\000\002)/\351\326W:\023\347P\206+XgcQ\310\307\013\377\332\017\177V\203\327_\003z?\001HO\264M\200mz\336\253V\312\221\036<%\014\351P\027\000\000\000\000\000\000\000\000\000\000\000\000\000\000\000\000\000\000\000\000\000\000\000\000\000\000\000\000\000\000\000\000P\031-}\351f\032\255\274\334m\326c\017\014ao[\342\230\003\245\245\3341Hm\326^\017jy\335\261s!\003\266z\355\317\337p\211\027\004\376\033=\231\303\247\235\333\200-\342ze\360>\370Z0A\357\271\211NvG0E\002!\000\307)x\222\212\326\334n\026s\004\250)\275\246\025\264\237\343\024\251e\271\017\242D\304\231\220\237V\377\002 \J\217!\212}\345\313\003\254x\346\366\213\367_\265\213\202i\022\207n'\222\210\353\255\0344\031\347""; "
1750538713247,1750538713247,3018,1,1,0,TMValidation,"validation: """"\200\000\000\000&\000\000\000\002)/\351\326W:\023\347P\206+XgcQ\310\307\013\377\332\017\177V\203\327_\003z?\001HO\264M\200mz\336\253V\312\221\036<%\014\351P\027\000\000\000\000\000\000\000\000\000\000\000\000\000\000\000\000\000\000\000\000\000\000\000\000\000\000\000\000\000\000\000\000P\031-}\351f\032\255\274\334m\326c\017\014ao[\342\230\003\245\245\3341Hm\326^\017jy\335\261s!\003\266z\355\317\337p\211\027\004\376\033=\231\303\247\235\333\200-\342ze\360>\370Z0A\357\271\211NvG0E\002!\000\307)x\222\212\326\334n\026s\004\250)\275\246\025\264\237\343\024\251e\271\017\242D\304\231\220\237V\377\002 \J\217!\212}\345\313\003\254x\346\366\213\367_\265\213\202i\022\207n'\222\210\353\255\0344\031\347""; ","validation: """"\200\000\000\000&\000\000\000\002)/\351\326W:\023\347P\206+XgcQ\310\307\013\377\332\017\177V\203\327_\003z?\001HO\264M\200mz\336\253V\312\221\036<%\014\351P\027\000\000\000\000\000\000\000\000\000\000\000\000\000\000\000\000\000\000\000\000\000\000\000\000\000\000\000\000\000\000\000\000P\031-}\351f\032\255\274\334m\326c\017\014ao[\342\230\003\245\245\3341Hm\326^\017jy\335\261s!\003\266z\355\317\337p\211\027\004\376\033=\231\303\247\235\333\200-\342ze\360>\370Z0A\357\271\211NvG0E\002!\000\307)x\222\212\326\334n\026s\004\250)\275\246\025\264\237\343\024\251e\271\017\242D\304\231\220\237V\377\002 \J\217!\212}\345\313\003\254x\346\366\213\367_\265\213\202i\022\207n'\222\210\353\255\0344\031\347""; "
1750538713539,1750538713539,1138,1,3,4,TMValidation,"validation: """"\200\000\000\000&\000\000\000\002)/\351\326V:U\220E\316&g\276RQ\310\307\013\377\332\017\177V\203\327_\003z?\001HO\264M\200mz\336\253V\312\221\036<%\014\351P\027\000\000\000\000\000\000\000\000\000\000\000\000\000\000\000\000\000\000\000\000\000\000\000\000\000\000\000\000\000\000\000\000P\031-}\351f\032\255\274\334m\326c\017\014ao[\342\230\003\245\245\3341Hm\326^\017jy\335\261s!\003~\375{L?\027\276\233\213\030\372\276\341\272\320\221I\273\364\302\210&&\024\321t\263~u\021\224\007vG0E\002!\000\355\275\320&zA\255W\227\204Q\224\377\275\271\331\275\017\306\273\373?\032\267\237\376\026\2018\270\023z\002 \003h\032z\343\226\315Iu\001L\255\204\325>\324\254\332\221y\230\234\232\320\261$\005\003\032R\351\n""; ","validation: """"\200\000\000\000&\000\000\000\002)/\351\326V:U\220E\316&g\276RQ\310\307\013\377\332\017\177V\203\327_\003z?\001HO\264M\200mz\336\253V\312\221\036<%\014\351P\027\000\000\000\000\000\000\000\000\000\000\000\000\000\000\000\000\000\000\000\000\000\000\000\000\000\000\000\000\000\000\000\000P\031-}\351f\032\255\274\334m\326c\017\014ao[\342\230\003\245\245\3341Hm\326^\017jy\335\261s!\003~\375{L?\027\276\233\213\030\372\276\341\272\320\221I\273\364\302\210&&\024\321t\263~u\021\224\007vG0E\002!\000\355\275\320&zA\255W\227\204Q\224\377\275\271\331\275\017\306\273\373?\032\267\237\376\026\2018\270\023z\002 \003h\032z\343\226\315Iu\001L\255\204\325>\324\254\332\221y\230\234\232\320\261$\005\003\032R\351\n""; "
1750538713540,1750538713540,2898,1,3,2,TMValidation,"validation: """"\200\000\000\000&\000\000\000\002)/\351\326V:U\220E\316&g\276RQ\310\307\013\377\332\017\177V\203\327_\003z?\001HO\264M\200mz\336\253V\312\221\036<%\014\351P\027\000\000\000\000\000\000\000\000\000\000\000\000\000\000\000\000\000\000\000\000\000\000\000\000\000\000\000\000\000\000\000\000P\031-}\351f\032\255\274\334m\326c\017\014ao[\342\230\003\245\245\3341Hm\326^\017jy\335\261s!\003~\375{L?\027\276\233\213\030\372\276\341\272\320\221I\273\364\302\210&&\024\321t\263~u\021\224\007vG0E\002!\000\355\275\320&zA\255W\227\204Q\224\377\275\271\331\275\017\306\273\373?\032\267\237\376\026\2018\270\023z\002 \003h\032z\343\226\315Iu\001L\255\204\325>\324\254\332\221y\230\234\232\320\261$\005\003\032R\351\n""; ","validation: """"\200\000\000\000&\000\000\000\002)/\351\326V:U\220E\316&g\276RQ\310\307\013\377\332\017\177V\203\327_\003z?\001HO\264M\200mz\336\253V\312\221\036<%\014\351P\027\000\000\000\000\000\000\000\000\000\000\000\000\000\000\000\000\000\000\000\000\000\000\000\000\000\000\000\000\000\000\000\000P\031-}\351f\032\255\274\334m\326c\017\014ao[\342\230\003\245\245\3341Hm\326^\017jy\335\261s!\003~\375{L?\027\276\233\213\030\372\276\341\272\320\221I\273\364\302\210&&\024\321t\263~u\021\224\007vG0E\002!\000\355\275\320&zA\255W\227\204Q\224\377\275\271\331\275\017\306\273\373?\032\267\237\376\026\2018\270\023z\002 \003h\032z\343\226\315Iu\001L\255\204\325>\324\254\332\221y\230\234\232\320\261$\005\003\032R\351\n""; "
1750538713540,1750538713540,16,1,3,1,TMValidation,"validation: """"\200\000\000\000&\000\000\000\002)/\351\326V:U\220E\316&g\276RQ\310\307\013\377\332\017\177V\203\327_\003z?\001HO\264M\200mz\336\253V\312\221\036<%\014\351P\027\000\000\000\000\000\000\000\000\000\000\000\000\000\000\000\000\000\000\000\000\000\000\000\000\000\000\000\000\000\000\000\000P\031-}\351f\032\255\274\334m\326c\017\014ao[\342\230\003\245\245\3341Hm\326^\017jy\335\261s!\003~\375{L?\027\276\233\213\030\372\276\341\272\320\221I\273\364\302\210&&\024\321t\263~u\021\224\007vG0E\002!\000\355\275\320&zA\255W\227\204Q\224\377\275\271\331\275\017\306\273\373?\032\267\237\376\026\2018\270\023z\002 \003h\032z\343\226\315Iu\001L\255\204\325>\324\254\332\221y\230\234\232\320\261$\005\003\032R\351\n""; ","validation: """"\200\000\000\000&\000\000\000\002)/\351\326V:U\220E\316&g\276RQ\310\307\013\377\332\017\177V\203\327_\003z?\001HO\264M\200mz\336\253V\312\221\036<%\014\351P\027\000\000\000\000\000\000\000\000\000\000\000\000\000\000\000\000\000\000\000\000\000\000\000\000\000\000\000\000\000\000\000\000P\031-}\351f\032\255\274\334m\326c\017\014ao[\342\230\003\245\245\3341Hm\326^\017jy\335\261s!\003~\375{L?\027\276\233\213\030\372\276\341\272\320\221I\273\364\302\210&&\024\321t\263~u\021\224\007vG0E\002!\000\355\275\320&zA\255W\227\204Q\224\377\275\271\331\275\017\306\273\373?\032\267\237\376\026\2018\270\023z\002 \003h\032z\343\226\315Iu\001L\255\204\325>\324\254\332\221y\230\234\232\320\261$\005\003\032R\351\n""; "
1750538713558,1750538713558,2655,1,1,4,TMValidation,"validation: """"\200\000\000\000&\000\000\000\002)/\351\326V:U\220E\316&g\276RQ\310\307\013\377\332\017\177V\203\327_\003z?\001HO\264M\200mz\336\253V\312\221\036<%\014\351P\027\000\000\000\000\000\000\000\000\000\000\000\000\000\000\000\000\000\000\000\000\000\000\000\000\000\000\000\000\000\000\000\000P\031-}\351f\032\255\274\334m\326c\017\014ao[\342\230\003\245\245\3341Hm\326^\017jy\335\261s!\003~\375{L?\027\276\233\213\030\372\276\341\272\320\221I\273\364\302\210&&\024\321t\263~u\021\224\007vG0E\002!\000\355\275\320&zA\255W\227\204Q\224\377\275\271\331\275\017\306\273\373?\032\267\237\376\026\2018\270\023z\002 \003h\032z\343\226\315Iu\001L\255\204\325>\324\254\332\221y\230\234\232\320\261$\005\003\032R\351\n""; ","validation: """"\200\000\000\000&\000\000\000\002)/\351\326V:U\220E\316&g\276RQ\310\307\013\377\332\017\177V\203\327_\003z?\001HO\264M\200mz\336\253V\312\221\036<%\014\351P\027\000\000\000\000\000\000\000\000\000\000\000\000\000\000\000\000\000\000\000\000\000\000\000\000\000\000\000\000\000\000\000\000P\031-}\351f\032\255\274\334m\326c\017\014ao[\342\230\003\245\245\3341Hm\326^\017jy\335\261s!\003~\375{L?\027\276\233\213\030\372\276\341\272\320\221I\273\364\302\210&&\024\321t\263~u\021\224\007vG0E\002!\000\355\275\320&zA\255W\227\204Q\224\377\275\271\331\275\017\306\273\373?\032\267\237\376\026\2018\270\023z\002 \003h\032z\343\226\315Iu\001L\255\204\325>\324\254\332\221y\230\234\232\320\261$\005\003\032R\351\n""; "
1750538713558,1750538713558,3370,1,1,2,TMValidation,"validation: """"\200\000\000\000&\000\000\000\002)/\351\326V:U\220E\316&g\276RQ\310\307\013\377\332\017\177V\203\327_\003z?\001HO\264M\200mz\336\253V\312\221\036<%\014\351P\027\000\000\000\000\000\000\000\000\000\000\000\000\000\000\000\000\000\000\000\000\000\000\000\000\000\000\000\000\000\000\000\000P\031-}\351f\032\255\274\334m\326c\017\014ao[\342\230\003\245\245\3341Hm\326^\017jy\335\261s!\003~\375{L?\027\276\233\213\030\372\276\341\272\320\221I\273\364\302\210&&\024\321t\263~u\021\224\007vG0E\002!\000\355\275\320&zA\255W\227\204Q\224\377\275\271\331\275\017\306\273\373?\032\267\237\376\026\2018\270\023z\002 \003h\032z\343\226\315Iu\001L\255\204\325>\324\254\332\221y\230\234\232\320\261$\005\003\032R\351\n""; ","validation: """"\200\000\000\000&\000\000\000\002)/\351\326V:U\220E\316&g\276RQ\310\307\013\377\332\017\177V\203\327_\003z?\001HO\264M\200mz\336\253V\312\221\036<%\014\351P\027\000\000\000\000\000\000\000\000\000\000\000\000\000\000\000\000\000\000\000\000\000\000\000\000\000\000\000\000\000\000\000\000P\031-}\351f\032\255\274\334m\326c\017\014ao[\342\230\003\245\245\3341Hm\326^\017jy\335\261s!\003~\375{L?\027\276\233\213\030\372\276\341\272\320\221I\273\364\302\210&&\024\321t\263~u\021\224\007vG0E\002!\000\355\275\320&zA\255W\227\204Q\224\377\275\271\331\275\017\306\273\373?\032\267\237\376\026\2018\270\023z\002 \003h\032z\343\226\315Iu\001L\255\204\325>\324\254\332\221y\230\234\232\320\261$\005\003\032R\351\n""; "
1750538713559,1750538713559,3018,1,1,0,TMValidation,"validation: """"\200\000\000\000&\000\000\000\002)/\351\326V:U\220E\316&g\276RQ\310\307\013\377\332\017\177V\203\327_\003z?\001HO\264M\200mz\336\253V\312\221\036<%\014\351P\027\000\000\000\000\000\000\000\000\000\000\000\000\000\000\000\000\000\000\000\000\000\000\000\000\000\000\000\000\000\000\000\000P\031-}\351f\032\255\274\334m\326c\017\014ao[\342\230\003\245\245\3341Hm\326^\017jy\335\261s!\003~\375{L?\027\276\233\213\030\372\276\341\272\320\221I\273\364\302\210&&\024\321t\263~u\021\224\007vG0E\002!\000\355\275\320&zA\255W\227\204Q\224\377\275\271\331\275\017\306\273\373?\032\267\237\376\026\2018\270\023z\002 \003h\032z\343\226\315Iu\001L\255\204\325>\324\254\332\221y\230\234\232\320\261$\005\003\032R\351\n""; ","validation: """"\200\000\000\000&\000\000\000\002)/\351\326V:U\220E\316&g\276RQ\310\307\013\377\332\017\177V\203\327_\003z?\001HO\264M\200mz\336\253V\312\221\036<%\014\351P\027\000\000\000\000\000\000\000\000\000\000\000\000\000\000\000\000\000\000\000\000\000\000\000\000\000\000\000\000\000\000\000\000P\031-}\351f\032\255\274\334m\326c\017\014ao[\342\230\003\245\245\3341Hm\326^\017jy\335\261s!\003~\375{L?\027\276\233\213\030\372\276\341\272\320\221I\273\364\302\210&&\024\321t\263~u\021\224\007vG0E\002!\000\355\275\320&zA\255W\227\204Q\224\377\275\271\331\275\017\306\273\373?\032\267\237\376\026\2018\270\023z\002 \003h\032z\343\226\315Iu\001L\255\204\325>\324\254\332\221y\230\234\232\320\261$\005\003\032R\351\n""; "
1750538713571,1750538713571,3061,1,4,3,TMValidation,"validation: """"\200\000\000\000&\000\000\000\002)/\351\326V:\232\2111\322\240\222\246\352Q\310\307\013\377\332\017\177V\203\327_\003z?\001HO\264M\200mz\336\253V\312\221\036<%\014\351P\027\000\000\000\000\000\000\000\000\000\000\000\000\000\000\000\000\000\000\000\000\000\000\000\000\000\000\000\000\000\000\000\000P\031-}\351f\032\255\274\334m\326c\017\014ao[\342\230\003\245\245\3341Hm\326^\017jy\335\261s!\003\354*\213M\024\261\231C)\265\233Nk\304>g\222\037\213\224\253\332c\201 \344\373\323\332(\344kvF0D\002 -\306ly\204&%\316\031\027\224\233\221\362@E-Q%X\334\032\t\267\226\254\240\320\263zc\363\002 X\263\344\363j\300\262@\243\234\340\205\324\255\370\003^\\024\232/\222\202\305z'\216\206[\275\220j""; ","validation: """"\200\000\000\000&\000\000\000\002)/\351\326V:\232\2111\322\240\222\246\352Q\310\307\013\377\332\017\177V\203\327_\003z?\001HO\264M\200mz\336\253V\312\221\036<%\014\351P\027\000\000\000\000\000\000\000\000\000\000\000\000\000\000\000\000\000\000\000\000\000\000\000\000\000\000\000\000\000\000\000\000P\031-}\351f\032\255\274\334m\326c\017\014ao[\342\230\003\245\245\3341Hm\326^\017jy\335\261s!\003\354*\213M\024\261\231C)\265\233Nk\304>g\222\037\213\224\253\332c\201 \344\373\323\332(\344kvF0D\002 -\306ly\204&%\316\031\027\224\233\221\362@E-Q%X\334\032\t\267\226\254\240\320\263zc\363\002 X\263\344\363j\300\262@\243\234\340\205\324\255\370\003^\\024\232/\222\202\305z'\216\206[\275\220j""; "
1750538713571,1750538713572,323,1,4,0,TMValidation,"validation: """"\200\000\000\000&\000\000\000\002)/\351\326V:\232\2111\322\240\222\246\352Q\310\307\013\377\332\017\177V\203\327_\003z?\001HO\264M\200mz\336\253V\312\221\036<%\014\351P\027\000\000\000\000\000\000\000\000\000\000\000\000\000\000\000\000\000\000\000\000\000\000\000\000\000\000\000\000\000\000\000\000P\031-}\351f\032\255\274\334m\326c\017\014ao[\342\230\003\245\245\3341Hm\326^\017jy\335\261s!\003\354*\213M\024\261\231C)\265\233Nk\304>g\222\037\213\224\253\332c\201 \344\373\323\332(\344kvF0D\002 -\306ly\204&%\316\031\027\224\233\221\362@E-Q%X\334\032\t\267\226\254\240\320\263zc\363\002 X\263\344\363j\300\262@\243\234\340\205\324\255\370\003^\\024\232/\222\202\305z'\216\206[\275\220j""; ","validation: """"\200\000\000\000&\000\000\000\002)/\351\326V:\232\2111\322\240\222\246\352Q\310\307\013\377\332\017\177V\203\327_\003z?\001HO\264M\200mz\336\253V\312\221\036<%\014\351P\027\000\000\000\000\000\000\000\000\000\000\000\000\000\000\000\000\000\000\000\000\000\000\000\000\000\000\000\000\000\000\000\000P\031-}\351f\032\255\274\334m\326c\017\014ao[\342\230\003\245\245\3341Hm\326^\017jy\335\261s!\003\354*\213M\024\261\231C)\265\233Nk\304>g\222\037\213\224\253\332c\201 \344\373\323\332(\344kvF0D\002 -\306ly\204&%\316\031\027\224\233\221\362@E-Q%X\334\032\t\267\226\254\240\320\263zc\363\002 X\263\344\363j\300\262@\243\234\340\205\324\255\370\003^\\024\232/\222\202\305z'\216\206[\275\220j""; "
1750538713572,1750538713572,1612,1,4,2,TMValidation,"validation: """"\200\000\000\000&\000\000\000\002)/\351\326V:\232\2111\322\240\222\246\352Q\310\307\013\377\332\017\177V\203\327_\003z?\001HO\264M\200mz\336\253V\312\221\036<%\014\351P\027\000\000\000\000\000\000\000\000\000\000\000\000\000\000\000\000\000\000\000\000\000\000\000\000\000\000\000\000\000\000\000\000P\031-}\351f\032\255\274\334m\326c\017\014ao[\342\230\003\245\245\3341Hm\326^\017jy\335\261s!\003\354*\213M\024\261\231C)\265\233Nk\304>g\222\037\213\224\253\332c\201 \344\373\323\332(\344kvF0D\002 -\306ly\204&%\316\031\027\224\233\221\362@E-Q%X\334\032\t\267\226\254\240\320\263zc\363\002 X\263\344\363j\300\262@\243\234\340\205\324\255\370\003^\\024\232/\222\202\305z'\216\206[\275\220j""; ","validation: """"\200\000\000\000&\000\000\000\002)/\351\326V:\232\2111\322\240\222\246\352Q\310\307\013\377\332\017\177V\203\327_\003z?\001HO\264M\200mz\336\253V\312\221\036<%\014\351P\027\000\000\000\000\000\000\000\000\000\000\000\000\000\000\000\000\000\000\000\000\000\000\000\000\000\000\000\000\000\000\000\000P\031-}\351f\032\255\274\334m\326c\017\014ao[\342\230\003\245\245\3341Hm\326^\017jy\335\261s!\003\354*\213M\024\261\231C)\265\233Nk\304>g\222\037\213\224\253\332c\201 \344\373\323\332(\344kvF0D\002 -\306ly\204&%\316\031\027\224\233\221\362@E-Q%X\334\032\t\267\226\254\240\320\263zc\363\002 X\263\344\363j\300\262@\243\234\340\205\324\255\370\003^\\024\232/\222\202\305z'\216\206[\275\220j""; "
1750538713896,1750538713896,2635,1,0,3,TMValidation,"validation: """"\200\000\000\000&\000\000\000\002)/\351\326V:\232\2111\322\240\222\246\352Q\310\307\013\377\332\017\177V\203\327_\003z?\001HO\264M\200mz\336\253V\312\221\036<%\014\351P\027\000\000\000\000\000\000\000\000\000\000\000\000\000\000\000\000\000\000\000\000\000\000\000\000\000\000\000\000\000\000\000\000P\031-}\351f\032\255\274\334m\326c\017\014ao[\342\230\003\245\245\3341Hm\326^\017jy\335\261s!\003\354*\213M\024\261\231C)\265\233Nk\304>g\222\037\213\224\253\332c\201 \344\373\323\332(\344kvF0D\002 -\306ly\204&%\316\031\027\224\233\221\362@E-Q%X\334\032\t\267\226\254\240\320\263zc\363\002 X\263\344\363j\300\262@\243\234\340\205\324\255\370\003^\\024\232/\222\202\305z'\216\206[\275\220j""; ","validation: """"\200\000\000\000&\000\000\000\002)/\351\326V:\232\2111\322\240\222\246\352Q\310\307\013\377\332\017\177V\203\327_\003z?\001HO\264M\200mz\336\253V\312\221\036<%\014\351P\027\000\000\000\000\000\000\000\000\000\000\000\000\000\000\000\000\000\000\000\000\000\000\000\000\000\000\000\000\000\000\000\000P\031-}\351f\032\255\274\334m\326c\017\014ao[\342\230\003\245\245\3341Hm\326^\017jy\335\261s!\003\354*\213M\024\261\231C)\265\233Nk\304>g\222\037\213\224\253\332c\201 \344\373\323\332(\344kvF0D\002 -\306ly\204&%\316\031\027\224\233\221\362@E-Q%X\334\032\t\267\226\254\240\320\263zc\363\002 X\263\344\363j\300\262@\243\234\340\205\324\255\370\003^\\024\232/\222\202\305z'\216\206[\275\220j""; "
1750538713896,1750538713896,2225,1,0,2,TMValidation,"validation: """"\200\000\000\000&\000\000\000\002)/\351\326V:\232\2111\322\240\222\246\352Q\310\307\013\377\332\017\177V\203\327_\003z?\001HO\264M\200mz\336\253V\312\221\036<%\014\351P\027\000\000\000\000\000\000\000\000\000\000\000\000\000\000\000\000\000\000\000\000\000\000\000\000\000\000\000\000\000\000\000\000P\031-}\351f\032\255\274\334m\326c\017\014ao[\342\230\003\245\245\3341Hm\326^\017jy\335\261s!\003\354*\213M\024\261\231C)\265\233Nk\304>g\222\037\213\224\253\332c\201 \344\373\323\332(\344kvF0D\002 -\306ly\204&%\316\031\027\224\233\221\362@E-Q%X\334\032\t\267\226\254\240\320\263zc\363\002 X\263\344\363j\300\262@\243\234\340\205\324\255\370\003^\\024\232/\222\202\305z'\216\206[\275\220j""; ","validation: """"\200\000\000\000&\000\000\000\002)/\351\326V:\232\2111\322\240\222\246\352Q\310\307\013\377\332\017\177V\203\327_\003z?\001HO\264M\200mz\336\253V\312\221\036<%\014\351P\027\000\000\000\000\000\000\000\000\000\000\000\000\000\000\000\000\000\000\000\000\000\000\000\000\000\000\000\000\000\000\000\000P\031-}\351f\032\255\274\334m\326c\017\014ao[\342\230\003\245\245\3341Hm\326^\017jy\335\261s!\003\354*\213M\024\261\231C)\265\233Nk\304>g\222\037\213\224\253\332c\201 \344\373\323\332(\344kvF0D\002 -\306ly\204&%\316\031\027\224\233\221\362@E-Q%X\334\032\t\267\226\254\240\320\263zc\363\002 X\263\344\363j\300\262@\243\234\340\205\324\255\370\003^\\024\232/\222\202\305z'\216\206[\275\220j""; "
1750538713897,1750538713897,2722,1,0,1,TMValidation,"validation: """"\200\000\000\000&\000\000\000\002)/\351\326V:\232\2111\322\240\222\246\352Q\310\307\013\377\332\017\177V\203\327_\003z?\001HO\264M\200mz\336\253V\312\221\036<%\014\351P\027\000\000\000\000\000\000\000\000\000\000\000\000\000\000\000\000\000\000\000\000\000\000\000\000\000\000\000\000\000\000\000\000P\031-}\351f\032\255\274\334m\326c\017\014ao[\342\230\003\245\245\3341Hm\326^\017jy\335\261s!\003\354*\213M\024\261\231C)\265\233Nk\304>g\222\037\213\224\253\332c\201 \344\373\323\332(\344kvF0D\002 -\306ly\204&%\316\031\027\224\233\221\362@E-Q%X\334\032\t\267\226\254\240\320\263zc\363\002 X\263\344\363j\300\262@\243\234\340\205\324\255\370\003^\\024\232/\222\202\305z'\216\206[\275\220j""; ","validation: """"\200\000\000\000&\000\000\000\002)/\351\326V:\232\2111\322\240\222\246\352Q\310\307\013\377\332\017\177V\203\327_\003z?\001HO\264M\200mz\336\253V\312\221\036<%\014\351P\027\000\000\000\000\000\000\000\000\000\000\000\000\000\000\000\000\000\000\000\000\000\000\000\000\000\000\000\000\000\000\000\000P\031-}\351f\032\255\274\334m\326c\017\014ao[\342\230\003\245\245\3341Hm\326^\017jy\335\261s!\003\354*\213M\024\261\231C)\265\233Nk\304>g\222\037\213\224\253\332c\201 \344\373\323\332(\344kvF0D\002 -\306ly\204&%\316\031\027\224\233\221\362@E-Q%X\334\032\t\267\226\254\240\320\263zc\363\002 X\263\344\363j\300\262@\243\234\340\205\324\255\370\003^\\024\232/\222\202\305z'\216\206[\275\220j""; "
1750538713908,1750538713908,2898,1,3,2,TMValidation,"validation: """"\200\000\000\000&\000\000\000\002)/\351\326V:\303\251\2659\267\306|_Q\310\307\013\377\332\017\177V\203\327_\003z?\001HO\264M\200mz\336\253V\312\221\036<%\014\351P\027\000\000\000\000\000\000\000\000\000\000\000\000\000\000\000\000\000\000\000\000\000\000\000\000\000\000\000\000\000\000\000\000P\031-}\351f\032\255\274\334m\326c\017\014ao[\342\230\003\245\245\3341Hm\326^\017jy\335\261s!\002 \026\333\362W<\375\221\252M\216[;A\212\332\001\245U\216U\016 \210\301)Q5$#\354\322vF0D\002 y\376\354\342\204U\252\004\276B\221\261M\335\244\026\370\316W\t\344\274d\2562\375H\246\023\301\371B\002 \t@,\353w\254\217\276/\377d\346\241\316g\370\277\004_\270\270t\254\031\030\213v%,U\260g""; ","validation: """"\200\000\000\000&\000\000\000\002)/\351\326V:\303\251\2659\267\306|_Q\310\307\013\377\332\017\177V\203\327_\003z?\001HO\264M\200mz\336\253V\312\221\036<%\014\351P\027\000\000\000\000\000\000\000\000\000\000\000\000\000\000\000\000\000\000\000\000\000\000\000\000\000\000\000\000\000\000\000\000P\031-}\351f\032\255\274\334m\326c\017\014ao[\342\230\003\245\245\3341Hm\326^\017jy\335\261s!\002 \026\333\362W<\375\221\252M\216[;A\212\332\001\245U\216U\016 \210\301)Q5$#\354\322vF0D\002 y\376\354\342\204U\252\004\276B\221\261M\335\244\026\370\316W\t\344\274d\2562\375H\246\023\301\371B\002 \t@,\353w\254\217\276/\377d\346\241\316g\370\277\004_\270\270t\254\031\030\213v%,U\260g""; "
1750538713908,1750538713909,16,1,3,1,TMValidation,"validation: """"\200\000\000\000&\000\000\000\002)/\351\326V:\303\251\2659\267\306|_Q\310\307\013\377\332\017\177V\203\327_\003z?\001HO\264M\200mz\336\253V\312\221\036<%\014\351P\027\000\000\000\000\000\000\000\000\000\000\000\000\000\000\000\000\000\000\000\000\000\000\000\000\000\000\000\000\000\000\000\000P\031-}\351f\032\255\274\334m\326c\017\014ao[\342\230\003\245\245\3341Hm\326^\017jy\335\261s!\002 \026\333\362W<\375\221\252M\216[;A\212\332\001\245U\216U\016 \210\301)Q5$#\354\322vF0D\002 y\376\354\342\204U\252\004\276B\221\261M\335\244\026\370\316W\t\344\274d\2562\375H\246\023\301\371B\002 \t@,\353w\254\217\276/\377d\346\241\316g\370\277\004_\270\270t\254\031\030\213v%,U\260g""; ","validation: """"\200\000\000\000&\000\000\000\002)/\351\326V:\303\251\2659\267\306|_Q\310\307\013\377\332\017\177V\203\327_\003z?\001HO\264M\200mz\336\253V\312\221\036<%\014\351P\027\000\000\000\000\000\000\000\000\000\000\000\000\000\000\000\000\000\000\000\000\000\000\000\000\000\000\000\000\000\000\000\000P\031-}\351f\032\255\274\334m\326c\017\014ao[\342\230\003\245\245\3341Hm\326^\017jy\335\261s!\002 \026\333\362W<\375\221\252M\216[;A\212\332\001\245U\216U\016 \210\301)Q5$#\354\322vF0D\002 y\376\354\342\204U\252\004\276B\221\261M\335\244\026\370\316W\t\344\274d\2562\375H\246\023\301\371B\002 \t@,\353w\254\217\276/\377d\346\241\316g\370\277\004_\270\270t\254\031\030\213v%,U\260g""; "
1750538713909,1750538713909,1138,1,3,4,TMValidation,"validation: """"\200\000\000\000&\000\000\000\002)/\351\326V:\303\251\2659\267\306|_Q\310\307\013\377\332\017\177V\203\327_\003z?\001HO\264M\200mz\336\253V\312\221\036<%\014\351P\027\000\000\000\000\000\000\000\000\000\000\000\000\000\000\000\000\000\000\000\000\000\000\000\000\000\000\000\000\000\000\000\000P\031-}\351f\032\255\274\334m\326c\017\014ao[\342\230\003\245\245\3341Hm\326^\017jy\335\261s!\002 \026\333\362W<\375\221\252M\216[;A\212\332\001\245U\216U\016 \210\301)Q5$#\354\322vF0D\002 y\376\354\342\204U\252\004\276B\221\261M\335\244\026\370\316W\t\344\274d\2562\375H\246\023\301\371B\002 \t@,\353w\254\217\276/\377d\346\241\316g\370\277\004_\270\270t\254\031\030\213v%,U\260g""; ","validation: """"\200\000\000\000&\000\000\000\002)/\351\326V:\303\251\2659\267\306|_Q\310\307\013\377\332\017\177V\203\327_\003z?\001HO\264M\200mz\336\253V\312\221\036<%\014\351P\027\000\000\000\000\000\000\000\000\000\000\000\000\000\000\000\000\000\000\000\000\000\000\000\000\000\000\000\000\000\000\000\000P\031-}\351f\032\255\274\334m\326c\017\014ao[\342\230\003\245\245\3341Hm\326^\017jy\335\261s!\002 \026\333\362W<\375\221\252M\216[;A\212\332\001\245U\216U\016 \210\301)Q5$#\354\322vF0D\002 y\376\354\342\204U\252\004\276B\221\261M\335\244\026\370\316W\t\344\274d\2562\375H\246\023\301\371B\002 \t@,\353w\254\217\276/\377d\346\241\316g\370\277\004_\270\270t\254\031\030\213v%,U\260g""; "
1750538713980,1750538713980,1138,1,3,4,TMValidation,"validation: """"\200\000\000\000&\000\000\000\002)/\351\326W:\023\347P\206+XgcQ\310\307\013\377\332\017\177V\203\327_\003z?\001HO\264M\200mz\336\253V\312\221\036<%\014\351P\027\000\000\000\000\000\000\000\000\000\000\000\000\000\000\000\000\000\000\000\000\000\000\000\000\000\000\000\000\000\000\000\000P\031-}\351f\032\255\274\334m\326c\017\014ao[\342\230\003\245\245\3341Hm\326^\017jy\335\261s!\003\266z\355\317\337p\211\027\004\376\033=\231\303\247\235\333\200-\342ze\360>\370Z0A\357\271\211NvG0E\002!\000\307)x\222\212\326\334n\026s\004\250)\275\246\025\264\237\343\024\251e\271\017\242D\304\231\220\237V\377\002 \J\217!\212}\345\313\003\254x\346\366\213\367_\265\213\202i\022\207n'\222\210\353\255\0344\031\347""; ","validation: """"\200\000\000\000&\000\000\000\002)/\351\326W:\023\347P\206+XgcQ\310\307\013\377\332\017\177V\203\327_\003z?\001HO\264M\200mz\336\253V\312\221\036<%\014\351P\027\000\000\000\000\000\000\000\000\000\000\000\000\000\000\000\000\000\000\000\000\000\000\000\000\000\000\000\000\000\000\000\000P\031-}\351f\032\255\274\334m\326c\017\014ao[\342\230\003\245\245\3341Hm\326^\017jy\335\261s!\003\266z\355\317\337p\211\027\004\376\033=\231\303\247\235\333\200-\342ze\360>\370Z0A\357\271\211NvG0E\002!\000\307)x\222\212\326\334n\026s\004\250)\275\246\025\264\237\343\024\251e\271\017\242D\304\231\220\237V\377\002 \J\217!\212}\345\313\003\254x\346\366\213\367_\265\213\202i\022\207n'\222\210\353\255\0344\031\347""; "
1750538713980,1750538713980,16,1,3,1,TMValidation,"validation: """"\200\000\000\000&\000\000\000\002)/\351\326W:\023\347P\206+XgcQ\310\307\013\377\332\017\177V\203\327_\003z?\001HO\264M\200mz\336\253V\312\221\036<%\014\351P\027\000\000\000\000\000\000\000\000\000\000\000\000\000\000\000\000\000\000\000\000\000\000\000\000\000\000\000\000\000\000\000\000P\031-}\351f\032\255\274\334m\326c\017\014ao[\342\230\003\245\245\3341Hm\326^\017jy\335\261s!\003\266z\355\317\337p\211\027\004\376\033=\231\303\247\235\333\200-\342ze\360>\370Z0A\357\271\211NvG0E\002!\000\307)x\222\212\326\334n\026s\004\250)\275\246\025\264\237\343\024\251e\271\017\242D\304\231\220\237V\377\002 \J\217!\212}\345\313\003\254x\346\366\213\367_\265\213\202i\022\207n'\222\210\353\255\0344\031\347""; ","validation: """"\200\000\000\000&\000\000\000\002)/\351\326W:\023\347P\206+XgcQ\310\307\013\377\332\017\177V\203\327_\003z?\001HO\264M\200mz\336\253V\312\221\036<%\014\351P\027\000\000\000\000\000\000\000\000\000\000\000\000\000\000\000\000\000\000\000\000\000\000\000\000\000\000\000\000\000\000\000\000P\031-}\351f\032\255\274\334m\326c\017\014ao[\342\230\003\245\245\3341Hm\326^\017jy\335\261s!\003\266z\355\317\337p\211\027\004\376\033=\231\303\247\235\333\200-\342ze\360>\370Z0A\357\271\211NvG0E\002!\000\307)x\222\212\326\334n\026s\004\250)\275\246\025\264\237\343\024\251e\271\017\242D\304\231\220\237V\377\002 \J\217!\212}\345\313\003\254x\346\366\213\367_\265\213\202i\022\207n'\222\210\353\255\0344\031\347""; "
1750538713981,1750538713981,3490,1,3,0,TMValidation,"validation: """"\200\000\000\000&\000\000\000\002)/\351\326W:\023\347P\206+XgcQ\310\307\013\377\332\017\177V\203\327_\003z?\001HO\264M\200mz\336\253V\312\221\036<%\014\351P\027\000\000\000\000\000\000\000\000\000\000\000\000\000\000\000\000\000\000\000\000\000\000\000\000\000\000\000\000\000\000\000\000P\031-}\351f\032\255\274\334m\326c\017\014ao[\342\230\003\245\245\3341Hm\326^\017jy\335\261s!\003\266z\355\317\337p\211\027\004\376\033=\231\303\247\235\333\200-\342ze\360>\370Z0A\357\271\211NvG0E\002!\000\307)x\222\212\326\334n\026s\004\250)\275\246\025\264\237\343\024\251e\271\017\242D\304\231\220\237V\377\002 \J\217!\212}\345\313\003\254x\346\366\213\367_\265\213\202i\022\207n'\222\210\353\255\0344\031\347""; ","validation: """"\200\000\000\000&\000\000\000\002)/\351\326W:\023\347P\206+XgcQ\310\307\013\377\332\017\177V\203\327_\003z?\001HO\264M\200mz\336\253V\312\221\036<%\014\351P\027\000\000\000\000\000\000\000\000\000\000\000\000\000\000\000\000\000\000\000\000\000\000\000\000\000\000\000\000\000\000\000\000P\031-}\351f\032\255\274\334m\326c\017\014ao[\342\230\003\245\245\3341Hm\326^\017jy\335\261s!\003\266z\355\317\337p\211\027\004\376\033=\231\303\247\235\333\200-\342ze\360>\370Z0A\357\271\211NvG0E\002!\000\307)x\222\212\326\334n\026s\004\250)\275\246\025\264\237\343\024\251e\271\017\242D\304\231\220\237V\377\002 \J\217!\212}\345\313\003\254x\346\366\213\367_\265\213\202i\022\207n'\222\210\353\255\0344\031\347""; "
1750538714017,1750538714017,1138,1,3,4,TMValidation,"validation: """"\200\000\000\000&\000\000\000\002)/\351\326V:\232\2111\322\240\222\246\352Q\310\307\013\377\332\017\177V\203\327_\003z?\001HO\264M\200mz\336\253V\312\221\036<%\014\351P\027\000\000\000\000\000\000\000\000\000\000\000\000\000\000\000\000\000\000\000\000\000\000\000\000\000\000\000\000\000\000\000\000P\031-}\351f\032\255\274\334m\326c\017\014ao[\342\230\003\245\245\3341Hm\326^\017jy\335\261s!\003\354*\213M\024\261\231C)\265\233Nk\304>g\222\037\213\224\253\332c\201 \344\373\323\332(\344kvF0D\002 -\306ly\204&%\316\031\027\224\233\221\362@E-Q%X\334\032\t\267\226\254\240\320\263zc\363\002 X\263\344\363j\300\262@\243\234\340\205\324\255\370\003^\\024\232/\222\202\305z'\216\206[\275\220j""; ","validation: """"\200\000\000\000&\000\000\000\002)/\351\326V:\232\2111\322\240\222\246\352Q\310\307\013\377\332\017\177V\203\327_\003z?\001HO\264M\200mz\336\253V\312\221\036<%\014\351P\027\000\000\000\000\000\000\000\000\000\000\000\000\000\000\000\000\000\000\000\000\000\000\000\000\000\000\000\000\000\000\000\000P\031-}\351f\032\255\274\334m\326c\017\014ao[\342\230\003\245\245\3341Hm\326^\017jy\335\261s!\003\354*\213M\024\261\231C)\265\233Nk\304>g\222\037\213\224\253\332c\201 \344\373\323\332(\344kvF0D\002 -\306ly\204&%\316\031\027\224\233\221\362@E-Q%X\334\032\t\267\226\254\240\320\263zc\363\002 X\263\344\363j\300\262@\243\234\340\205\324\255\370\003^\\024\232/\222\202\305z'\216\206[\275\220j""; "
1750538714017,1750538714017,3490,1,3,0,TMValidation,"validation: """"\200\000\000\000&\000\000\000\002)/\351\326V:\232\2111\322\240\222\246\352Q\310\307\013\377\332\017\177V\203\327_\003z?\001HO\264M\200mz\336\253V\312\221\036<%\014\351P\027\000\000\000\000\000\000\000\000\000\000\000\000\000\000\000\000\000\000\000\000\000\000\000\000\000\000\000\000\000\000\000\000P\031-}\351f\032\255\274\334m\326c\017\014ao[\342\230\003\245\245\3341Hm\326^\017jy\335\261s!\003\354*\213M\024\261\231C)\265\233Nk\304>g\222\037\213\224\253\332c\201 \344\373\323\332(\344kvF0D\002 -\306ly\204&%\316\031\027\224\233\221\362@E-Q%X\334\032\t\267\226\254\240\320\263zc\363\002 X\263\344\363j\300\262@\243\234\340\205\324\255\370\003^\\024\232/\222\202\305z'\216\206[\275\220j""; ","validation: """"\200\000\000\000&\000\000\000\002)/\351\326V:\232\2111\322\240\222\246\352Q\310\307\013\377\332\017\177V\203\327_\003z?\001HO\264M\200mz\336\253V\312\221\036<%\014\351P\027\000\000\000\000\000\000\000\000\000\000\000\000\000\000\000\000\000\000\000\000\000\000\000\000\000\000\000\000\000\000\000\000P\031-}\351f\032\255\274\334m\326c\017\014ao[\342\230\003\245\245\3341Hm\326^\017jy\335\261s!\003\354*\213M\024\261\231C)\265\233Nk\304>g\222\037\213\224\253\332c\201 \344\373\323\332(\344kvF0D\002 -\306ly\204&%\316\031\027\224\233\221\362@E-Q%X\334\032\t\267\226\254\240\320\263zc\363\002 X\263\344\363j\300\262@\243\234\340\205\324\255\370\003^\\024\232/\222\202\305z'\216\206[\275\220j""; "
1750538714017,1750538714017,2898,1,3,2,TMValidation,"validation: """"\200\000\000\000&\000\000\000\002)/\351\326V:\232\2111\322\240\222\246\352Q\310\307\013\377\332\017\177V\203\327_\003z?\001HO\264M\200mz\336\253V\312\221\036<%\014\351P\027\000\000\000\000\000\000\000\000\000\000\000\000\000\000\000\000\000\000\000\000\000\000\000\000\000\000\000\000\000\000\000\000P\031-}\351f\032\255\274\334m\326c\017\014ao[\342\230\003\245\245\3341Hm\326^\017jy\335\261s!\003\354*\213M\024\261\231C)\265\233Nk\304>g\222\037\213\224\253\332c\201 \344\373\323\332(\344kvF0D\002 -\306ly\204&%\316\031\027\224\233\221\362@E-Q%X\334\032\t\267\226\254\240\320\263zc\363\002 X\263\344\363j\300\262@\243\234\340\205\324\255\370\003^\\024\232/\222\202\305z'\216\206[\275\220j""; ","validation: """"\200\000\000\000&\000\000\000\002)/\351\326V:\232\2111\322\240\222\246\352Q\310\307\013\377\332\017\177V\203\327_\003z?\001HO\264M\200mz\336\253V\312\221\036<%\014\351P\027\000\000\000\000\000\000\000\000\000\000\000\000\000\000\000\000\000\000\000\000\000\000\000\000\000\000\000\000\000\000\000\000P\031-}\351f\032\255\274\334m\326c\017\014ao[\342\230\003\245\245\3341Hm\326^\017jy\335\261s!\003\354*\213M\024\261\231C)\265\233Nk\304>g\222\037\213\224\253\332c\201 \344\373\323\332(\344kvF0D\002 -\306ly\204&%\316\031\027\224\233\221\362@E-Q%X\334\032\t\267\226\254\240\320\263zc\363\002 X\263\344\363j\300\262@\243\234\340\205\324\255\370\003^\\024\232/\222\202\305z'\216\206[\275\220j""; "
1750538714185,1750538714185,2466,1,2,3,TMValidation,"validation: """"\200\000\000\000&\000\000\000\002)/\351\326W:\204\304\221\024\034\332\267\231Q\310\307\013\377\332\017\177V\203\327_\003z?\001HO\264M\200mz\336\253V\312\221\036<%\014\351P\027\000\000\000\000\000\000\000\000\000\000\000\000\000\000\000\000\000\000\000\000\000\000\000\000\000\000\000\000\000\000\000\000P\031-}\351f\032\255\274\334m\326c\017\014ao[\342\230\003\245\245\3341Hm\326^\017jy\335\261s!\003\327^j^Qa+\317\341Q\3631f \333\346Y\267\203\335X\222<\025-|H@\240\272\315\005vF0D\002 =\246=O\272\243{\351\241i1\343\025j\036\177\321\276\347=\003T\341\211dv\322\334+L}\313\002 y\347\304\376\257\334\256\223\310\370A\007\225i\n\234K<\247\334mm\213_\002\335\323\362N\306\340\013""; ","validation: """"\200\000\000\000&\000\000\000\002)/\351\326W:\204\304\221\024\034\332\267\231Q\310\307\013\377\332\017\177V\203\327_\003z?\001HO\264M\200mz\336\253V\312\221\036<%\014\351P\027\000\000\000\000\000\000\000\000\000\000\000\000\000\000\000\000\000\000\000\000\000\000\000\000\000\000\000\000\000\000\000\000P\031-}\351f\032\255\274\334m\326c\017\014ao[\342\230\003\245\245\3341Hm\326^\017jy\335\261s!\003\327^j^Qa+\317\341Q\3631f \333\346Y\267\203\335X\222<\025-|H@\240\272\315\005vF0D\002 =\246=O\272\243{\351\241i1\343\025j\036\177\321\276\347=\003T\341\211dv\322\334+L}\313\002 y\347\304\376\257\334\256\223\310\370A\007\225i\n\234K<\247\334mm\213_\002\335\323\362N\306\340\013""; "
1750538714185,1750538714186,1733,1,2,1,TMValidation,"validation: """"\200\000\000\000&\000\000\000\002)/\351\326W:\204\304\221\024\034\332\267\231Q\310\307\013\377\332\017\177V\203\327_\003z?\001HO\264M\200mz\336\253V\312\221\036<%\014\351P\027\000\000\000\000\000\000\000\000\000\000\000\000\000\000\000\000\000\000\000\000\000\000\000\000\000\000\000\000\000\000\000\000P\031-}\351f\032\255\274\334m\326c\017\014ao[\342\230\003\245\245\3341Hm\326^\017jy\335\261s!\003\327^j^Qa+\317\341Q\3631f \333\346Y\267\203\335X\222<\025-|H@\240\272\315\005vF0D\002 =\246=O\272\243{\351\241i1\343\025j\036\177\321\276\347=\003T\341\211dv\322\334+L}\313\002 y\347\304\376\257\334\256\223\310\370A\007\225i\n\234K<\247\334mm\213_\002\335\323\362N\306\340\013""; ","validation: """"\200\000\000\000&\000\000\000\002)/\351\326W:\204\304\221\024\034\332\267\231Q\310\307\013\377\332\017\177V\203\327_\003z?\001HO\264M\200mz\336\253V\312\221\036<%\014\351P\027\000\000\000\000\000\000\000\000\000\000\000\000\000\000\000\000\000\000\000\000\000\000\000\000\000\000\000\000\000\000\000\000P\031-}\351f\032\255\274\334m\326c\017\014ao[\342\230\003\245\245\3341Hm\326^\017jy\335\261s!\003\327^j^Qa+\317\341Q\3631f \333\346Y\267\203\335X\222<\025-|H@\240\272\315\005vF0D\002 =\246=O\272\243{\351\241i1\343\025j\036\177\321\276\347=\003T\341\211dv\322\334+L}\313\002 y\347\304\376\257\334\256\223\310\370A\007\225i\n\234K<\247\334mm\213_\002\335\323\362N\306\340\013""; "
1750538714186,1750538714186,870,1,2,0,TMValidation,"validation: """"\200\000\000\000&\000\000\000\002)/\351\326W:\204\304\221\024\034\332\267\231Q\310\307\013\377\332\017\177V\203\327_\003z?\001HO\264M\200mz\336\253V\312\221\036<%\014\351P\027\000\000\000\000\000\000\000\000\000\000\000\000\000\000\000\000\000\000\000\000\000\000\000\000\000\000\000\000\000\000\000\000P\031-}\351f\032\255\274\334m\326c\017\014ao[\342\230\003\245\245\3341Hm\326^\017jy\335\261s!\003\327^j^Qa+\317\341Q\3631f \333\346Y\267\203\335X\222<\025-|H@\240\272\315\005vF0D\002 =\246=O\272\243{\351\241i1\343\025j\036\177\321\276\347=\003T\341\211dv\322\334+L}\313\002 y\347\304\376\257\334\256\223\310\370A\007\225i\n\234K<\247\334mm\213_\002\335\323\362N\306\340\013""; ","validation: """"\200\000\000\000&\000\000\000\002)/\351\326W:\204\304\221\024\034\332\267\231Q\310\307\013\377\332\017\177V\203\327_\003z?\001HO\264M\200mz\336\253V\312\221\036<%\014\351P\027\000\000\000\000\000\000\000\000\000\000\000\000\000\000\000\000\000\000\000\000\000\000\000\000\000\000\000\000\000\000\000\000P\031-}\351f\032\255\274\334m\326c\017\014ao[\342\230\003\245\245\3341Hm\326^\017jy\335\261s!\003\327^j^Qa+\317\341Q\3631f \333\346Y\267\203\335X\222<\025-|H@\240\272\315\005vF0D\002 =\246=O\272\243{\351\241i1\343\025j\036\177\321\276\347=\003T\341\211dv\322\334+L}\313\002 y\347\304\376\257\334\256\223\310\370A\007\225i\n\234K<\247\334mm\213_\002\335\323\362N\306\340\013""; "
1750538714283,1750538714284,3489,1,2,4,TMValidation,"validation: """"\200\000\000\000&\000\000\000\002)/\351\326V:\232\2111\322\240\222\246\352Q\310\307\013\377\332\017\177V\203\327_\003z?\001HO\264M\200mz\336\253V\312\221\036<%\014\351P\027\000\000\000\000\000\000\000\000\000\000\000\000\000\000\000\000\000\000\000\000\000\000\000\000\000\000\000\000\000\000\000\000P\031-}\351f\032\255\274\334m\326c\017\014ao[\342\230\003\245\245\3341Hm\326^\017jy\335\261s!\003\354*\213M\024\261\231C)\265\233Nk\304>g\222\037\213\224\253\332c\201 \344\373\323\332(\344kvF0D\002 -\306ly\204&%\316\031\027\224\233\221\362@E-Q%X\334\032\t\267\226\254\240\320\263zc\363\002 X\263\344\363j\300\262@\243\234\340\205\324\255\370\003^\\024\232/\222\202\305z'\216\206[\275\220j""; ","validation: """"\200\000\000\000&\000\000\000\002)/\351\326V:\232\2111\322\240\222\246\352Q\310\307\013\377\332\017\177V\203\327_\003z?\001HO\264M\200mz\336\253V\312\221\036<%\014\351P\027\000\000\000\000\000\000\000\000\000\000\000\000\000\000\000\000\000\000\000\000\000\000\000\000\000\000\000\000\000\000\000\000P\031-}\351f\032\255\274\334m\326c\017\014ao[\342\230\003\245\245\3341Hm\326^\017jy\335\261s!\003\354*\213M\024\261\231C)\265\233Nk\304>g\222\037\213\224\253\332c\201 \344\373\323\332(\344kvF0D\002 -\306ly\204&%\316\031\027\224\233\221\362@E-Q%X\334\032\t\267\226\254\240\320\263zc\363\002 X\263\344\363j\300\262@\243\234\340\205\324\255\370\003^\\024\232/\222\202\305z'\216\206[\275\220j""; "
1750538714284,1750538714284,870,1,2,0,TMValidation,"validation: """"\200\000\000\000&\000\000\000\002)/\351\326V:\232\2111\322\240\222\246\352Q\310\307\013\377\332\017\177V\203\327_\003z?\001HO\264M\200mz\336\253V\312\221\036<%\014\351P\027\000\000\000\000\000\000\000\000\000\000\000\000\000\000\000\000\000\000\000\000\000\000\000\000\000\000\000\000\000\000\000\000P\031-}\351f\032\255\274\334m\326c\017\014ao[\342\230\003\245\245\3341Hm\326^\017jy\335\261s!\003\354*\213M\024\261\231C)\265\233Nk\304>g\222\037\213\224\253\332c\201 \344\373\323\332(\344kvF0D\002 -\306ly\204&%\316\031\027\224\233\221\362@E-Q%X\334\032\t\267\226\254\240\320\263zc\363\002 X\263\344\363j\300\262@\243\234\340\205\324\255\370\003^\\024\232/\222\202\305z'\216\206[\275\220j""; ","validation: """"\200\000\000\000&\000\000\000\002)/\351\326V:\232\2111\322\240\222\246\352Q\310\307\013\377\332\017\177V\203\327_\003z?\001HO\264M\200mz\336\253V\312\221\036<%\014\351P\027\000\000\000\000\000\000\000\000\000\000\000\000\000\000\000\000\000\000\000\000\000\000\000\000\000\000\000\000\000\000\000\000P\031-}\351f\032\255\274\334m\326c\017\014ao[\342\230\003\245\245\3341Hm\326^\017jy\335\261s!\003\354*\213M\024\261\231C)\265\233Nk\304>g\222\037\213\224\253\332c\201 \344\373\323\332(\344kvF0D\002 -\306ly\204&%\316\031\027\224\233\221\362@E-Q%X\334\032\t\267\226\254\240\320\263zc\363\002 X\263\344\363j\300\262@\243\234\340\205\324\255\370\003^\\024\232/\222\202\305z'\216\206[\275\220j""; "
1750538714285,1750538714285,2466,1,2,3,TMValidation,"validation: """"\200\000\000\000&\000\000\000\002)/\351\326V:\232\2111\322\240\222\246\352Q\310\307\013\377\332\017\177V\203\327_\003z?\001HO\264M\200mz\336\253V\312\221\036<%\014\351P\027\000\000\000\000\000\000\000\000\000\000\000\000\000\000\000\000\000\000\000\000\000\000\000\000\000\000\000\000\000\000\000\000P\031-}\351f\032\255\274\334m\326c\017\014ao[\342\230\003\245\245\3341Hm\326^\017jy\335\261s!\003\354*\213M\024\261\231C)\265\233Nk\304>g\222\037\213\224\253\332c\201 \344\373\323\332(\344kvF0D\002 -\306ly\204&%\316\031\027\224\233\221\362@E-Q%X\334\032\t\267\226\254\240\320\263zc\363\002 X\263\344\363j\300\262@\243\234\340\205\324\255\370\003^\\024\232/\222\202\305z'\216\206[\275\220j""; ","validation: """"\200\000\000\000&\000\000\000\002)/\351\326V:\232\2111\322\240\222\246\352Q\310\307\013\377\332\017\177V\203\327_\003z?\001HO\264M\200mz\336\253V\312\221\036<%\014\351P\027\000\000\000\000\000\000\000\000\000\000\000\000\000\000\000\000\000\000\000\000\000\000\000\000\000\000\000\000\000\000\000\000P\031-}\351f\032\255\274\334m\326c\017\014ao[\342\230\003\245\245\3341Hm\326^\017jy\335\261s!\003\354*\213M\024\261\231C)\265\233Nk\304>g\222\037\213\224\253\332c\201 \344\373\323\332(\344kvF0D\002 -\306ly\204&%\316\031\027\224\233\221\362@E-Q%X\334\032\t\267\226\254\240\320\263zc\363\002 X\263\344\363j\300\262@\243\234\340\205\324\255\370\003^\\024\232/\222\202\305z'\216\206[\275\220j""; "
1750538714680,1750538714680,1612,1,4,2,TMValidation,"validation: """"\200\000\000\000&\000\000\000\002)/\351\326V:U\220E\316&g\276RQ\310\307\013\377\332\017\177V\203\327_\003z?\001HO\264M\200mz\336\253V\312\221\036<%\014\351P\027\000\000\000\000\000\000\000\000\000\000\000\000\000\000\000\000\000\000\000\000\000\000\000\000\000\000\000\000\000\000\000\000P\031-}\351f\032\255\274\334m\326c\017\014ao[\342\230\003\245\245\3341Hm\326^\017jy\335\261s!\003~\375{L?\027\276\233\213\030\372\276\341\272\320\221I\273\364\302\210&&\024\321t\263~u\021\224\007vG0E\002!\000\355\275\320&zA\255W\227\204Q\224\377\275\271\331\275\017\306\273\373?\032\267\237\376\026\2018\270\023z\002 \003h\032z\343\226\315Iu\001L\255\204\325>\324\254\332\221y\230\234\232\320\261$\005\003\032R\351\n""; ","validation: """"\200\000\000\000&\000\000\000\002)/\351\326V:U\220E\316&g\276RQ\310\307\013\377\332\017\177V\203\327_\003z?\001HO\264M\200mz\336\253V\312\221\036<%\014\351P\027\000\000\000\000\000\000\000\000\000\000\000\000\000\000\000\000\000\000\000\000\000\000\000\000\000\000\000\000\000\000\000\000P\031-}\351f\032\255\274\334m\326c\017\014ao[\342\230\003\245\245\3341Hm\326^\017jy\335\261s!\003~\375{L?\027\276\233\213\030\372\276\341\272\320\221I\273\364\302\210&&\024\321t\263~u\021\224\007vG0E\002!\000\355\275\320&zA\255W\227\204Q\224\377\275\271\331\275\017\306\273\373?\032\267\237\376\026\2018\270\023z\002 \003h\032z\343\226\315Iu\001L\255\204\325>\324\254\332\221y\230\234\232\320\261$\005\003\032R\351\n""; "
1750538714680,1750538714680,323,1,4,0,TMValidation,"validation: """"\200\000\000\000&\000\000\000\002)/\351\326V:U\220E\316&g\276RQ\310\307\013\377\332\017\177V\203\327_\003z?\001HO\264M\200mz\336\253V\312\221\036<%\014\351P\027\000\000\000\000\000\000\000\000\000\000\000\000\000\000\000\000\000\000\000\000\000\000\000\000\000\000\000\000\000\000\000\000P\031-}\351f\032\255\274\334m\326c\017\014ao[\342\230\003\245\245\3341Hm\326^\017jy\335\261s!\003~\375{L?\027\276\233\213\030\372\276\341\272\320\221I\273\364\302\210&&\024\321t\263~u\021\224\007vG0E\002!\000\355\275\320&zA\255W\227\204Q\224\377\275\271\331\275\017\306\273\373?\032\267\237\376\026\2018\270\023z\002 \003h\032z\343\226\315Iu\001L\255\204\325>\324\254\332\221y\230\234\232\320\261$\005\003\032R\351\n""; ","validation: """"\200\000\000\000&\000\000\000\002)/\351\326V:U\220E\316&g\276RQ\310\307\013\377\332\017\177V\203\327_\003z?\001HO\264M\200mz\336\253V\312\221\036<%\014\351P\027\000\000\000\000\000\000\000\000\000\000\000\000\000\000\000\000\000\000\000\000\000\000\000\000\000\000\000\000\000\000\000\000P\031-}\351f\032\255\274\334m\326c\017\014ao[\342\230\003\245\245\3341Hm\326^\017jy\335\261s!\003~\375{L?\027\276\233\213\030\372\276\341\272\320\221I\273\364\302\210&&\024\321t\263~u\021\224\007vG0E\002!\000\355\275\320&zA\255W\227\204Q\224\377\275\271\331\275\017\306\273\373?\032\267\237\376\026\2018\270\023z\002 \003h\032z\343\226\315Iu\001L\255\204\325>\324\254\332\221y\230\234\232\320\261$\005\003\032R\351\n""; "
1750538714680,1750538714680,2253,1,4,1,TMValidation,"validation: """"\200\000\000\000&\000\000\000\002)/\351\326V:U\220E\316&g\276RQ\310\307\013\377\332\017\177V\203\327_\003z?\001HO\264M\200mz\336\253V\312\221\036<%\014\351P\027\000\000\000\000\000\000\000\000\000\000\000\000\000\000\000\000\000\000\000\000\000\000\000\000\000\000\000\000\000\000\000\000P\031-}\351f\032\255\274\334m\326c\017\014ao[\342\230\003\245\245\3341Hm\326^\017jy\335\261s!\003~\375{L?\027\276\233\213\030\372\276\341\272\320\221I\273\364\302\210&&\024\321t\263~u\021\224\007vG0E\002!\000\355\275\320&zA\255W\227\204Q\224\377\275\271\331\275\017\306\273\373?\032\267\237\376\026\2018\270\023z\002 \003h\032z\343\226\315Iu\001L\255\204\325>\324\254\332\221y\230\234\232\320\261$\005\003\032R\351\n""; ","validation: """"\200\000\000\000&\000\000\000\002)/\351\326V:U\220E\316&g\276RQ\310\307\013\377\332\017\177V\203\327_\003z?\001HO\264M\200mz\336\253V\312\221\036<%\014\351P\027\000\000\000\000\000\000\000\000\000\000\000\000\000\000\000\000\000\000\000\000\000\000\000\000\000\000\000\000\000\000\000\000P\031-}\351f\032\255\274\334m\326c\017\014ao[\342\230\003\245\245\3341Hm\326^\017jy\335\261s!\003~\375{L?\027\276\233\213\030\372\276\341\272\320\221I\273\364\302\210&&\024\321t\263~u\021\224\007vG0E\002!\000\355\275\320&zA\255W\227\204Q\224\377\275\271\331\275\017\306\273\373?\032\267\237\376\026\2018\270\023z\002 \003h\032z\343\226\315Iu\001L\255\204\325>\324\254\332\221y\230\234\232\320\261$\005\003\032R\351\n""; "
1750538715003,1750538715003,323,1,4,0,TMValidation,"validation: """"\200\000\000\000&\000\000\000\002)/\351\326W:\023\347P\206+XgcQ\310\307\013\377\332\017\177V\203\327_\003z?\001HO\264M\200mz\336\253V\312\221\036<%\014\351P\027\000\000\000\000\000\000\000\000\000\000\000\000\000\000\000\000\000\000\000\000\000\000\000\000\000\000\000\000\000\000\000\000P\031-}\351f\032\255\274\334m\326c\017\014ao[\342\230\003\245\245\3341Hm\326^\017jy\335\261s!\003\266z\355\317\337p\211\027\004\376\033=\231\303\247\235\333\200-\342ze\360>\370Z0A\357\271\211NvG0E\002!\000\307)x\222\212\326\334n\026s\004\250)\275\246\025\264\237\343\024\251e\271\017\242D\304\231\220\237V\377\002 \J\217!\212}\345\313\003\254x\346\366\213\367_\265\213\202i\022\207n'\222\210\353\255\0344\031\347""; ","validation: """"\200\000\000\000&\000\000\000\002)/\351\326W:\023\347P\206+XgcQ\310\307\013\377\332\017\177V\203\327_\003z?\001HO\264M\200mz\336\253V\312\221\036<%\014\351P\027\000\000\000\000\000\000\000\000\000\000\000\000\000\000\000\000\000\000\000\000\000\000\000\000\000\000\000\000\000\000\000\000P\031-}\351f\032\255\274\334m\326c\017\014ao[\342\230\003\245\245\3341Hm\326^\017jy\335\261s!\003\266z\355\317\337p\211\027\004\376\033=\231\303\247\235\333\200-\342ze\360>\370Z0A\357\271\211NvG0E\002!\000\307)x\222\212\326\334n\026s\004\250)\275\246\025\264\237\343\024\251e\271\017\242D\304\231\220\237V\377\002 \J\217!\212}\345\313\003\254x\346\366\213\367_\265\213\202i\022\207n'\222\210\353\255\0344\031\347""; "
1750538715003,1750538715003,3061,1,4,3,TMValidation,"validation: """"\200\000\000\000&\000\000\000\002)/\351\326W:\023\347P\206+XgcQ\310\307\013\377\332\017\177V\203\327_\003z?\001HO\264M\200mz\336\253V\312\221\036<%\014\351P\027\000\000\000\000\000\000\000\000\000\000\000\000\000\000\000\000\000\000\000\000\000\000\000\000\000\000\000\000\000\000\000\000P\031-}\351f\032\255\274\334m\326c\017\014ao[\342\230\003\245\245\3341Hm\326^\017jy\335\261s!\003\266z\355\317\337p\211\027\004\376\033=\231\303\247\235\333\200-\342ze\360>\370Z0A\357\271\211NvG0E\002!\000\307)x\222\212\326\334n\026s\004\250)\275\246\025\264\237\343\024\251e\271\017\242D\304\231\220\237V\377\002 \J\217!\212}\345\313\003\254x\346\366\213\367_\265\213\202i\022\207n'\222\210\353\255\0344\031\347""; ","validation: """"\200\000\000\000&\000\000\000\002)/\351\326W:\023\347P\206+XgcQ\310\307\013\377\332\017\177V\203\327_\003z?\001HO\264M\200mz\336\253V\312\221\036<%\014\351P\027\000\000\000\000\000\000\000\000\000\000\000\000\000\000\000\000\000\000\000\000\000\000\000\000\000\000\000\000\000\000\000\000P\031-}\351f\032\255\274\334m\326c\017\014ao[\342\230\003\245\245\3341Hm\326^\017jy\335\261s!\003\266z\355\317\337p\211\027\004\376\033=\231\303\247\235\333\200-\342ze\360>\370Z0A\357\271\211NvG0E\002!\000\307)x\222\212\326\334n\026s\004\250)\275\246\025\264\237\343\024\251e\271\017\242D\304\231\220\237V\377\002 \J\217!\212}\345\313\003\254x\346\366\213\367_\265\213\202i\022\207n'\222\210\353\255\0344\031\347""; "
1750538715004,1750538715004,2253,1,4,1,TMValidation,"validation: """"\200\000\000\000&\000\000\000\002)/\351\326W:\023\347P\206+XgcQ\310\307\013\377\332\017\177V\203\327_\003z?\001HO\264M\200mz\336\253V\312\221\036<%\014\351P\027\000\000\000\000\000\000\000\000\000\000\000\000\000\000\000\000\000\000\000\000\000\000\000\000\000\000\000\000\000\000\000\000P\031-}\351f\032\255\274\334m\326c\017\014ao[\342\230\003\245\245\3341Hm\326^\017jy\335\261s!\003\266z\355\317\337p\211\027\004\376\033=\231\303\247\235\333\200-\342ze\360>\370Z0A\357\271\211NvG0E\002!\000\307)x\222\212\326\334n\026s\004\250)\275\246\025\264\237\343\024\251e\271\017\242D\304\231\220\237V\377\002 \J\217!\212}\345\313\003\254x\346\366\213\367_\265\213\202i\022\207n'\222\210\353\255\0344\031\347""; ","validation: """"\200\000\000\000&\000\000\000\002)/\351\326W:\023\347P\206+XgcQ\310\307\013\377\332\017\177V\203\327_\003z?\001HO\264M\200mz\336\253V\312\221\036<%\014\351P\027\000\000\000\000\000\000\000\000\000\000\000\000\000\000\000\000\000\000\000\000\000\000\000\000\000\000\000\000\000\000\000\000P\031-}\351f\032\255\274\334m\326c\017\014ao[\342\230\003\245\245\3341Hm\326^\017jy\335\261s!\003\266z\355\317\337p\211\027\004\376\033=\231\303\247\235\333\200-\342ze\360>\370Z0A\357\271\211NvG0E\002!\000\307)x\222\212\326\334n\026s\004\250)\275\246\025\264\237\343\024\251e\271\017\242D\304\231\220\237V\377\002 \J\217!\212}\345\313\003\254x\346\366\213\367_\265\213\202i\022\207n'\222\210\353\255\0344\031\347""; "
1750538720432,1750538720432,1558,1,3,2,TMProposeSet,"proposeSeq: 0; currentTxHash: ""\000\000\000\000\000\000\000\000\000\000\000\000\000\000\000\000\000\000\000\000\000\000\000\000\000\000\000\000\000\000\000\000""; nodePubKey: ""\003\327^j^Qa+\317\341Q\3631f \333\346Y\267\203\335X\222<\025-|H@\240\272\315\005""; closeTime: 803853920; signature: ""0D\002 P*\301\304+O\030\030\200\342\210a\245D8\036\344_T\342\213z\235""\037:D44\270\317r\002 \020\016,I\337\344\213\000(&\0130<[\3109o\204\004\314\002\270^""\314\004\255\357\276\257v\211""; previousledger: ""\310\307\013\377\332\017\177V\203\327_\003z?\001HO\264M\200mz\336\253V\312\221\036<%\014\351""; ","proposeSeq: 0; currentTxHash: ""\000\000\000\000\000\000\000\000\000\000\000\000\000\000\000\000\000\000\000\000\000\000\000\000\000\000\000\000\000\000\000\000""; nodePubKey: ""\003\327^j^Qa+\317\341Q\3631f \333\346Y\267\203\335X\222<\025-|H@\240\272\315\005""; closeTime: 803853920; signature: ""0D\002 P*\301\304+O\030\030\200\342\210a\245D8\036\344_T\342\213z\235""\037:D44\270\317r\002 \020\016,I\337\344\213\000(&\0130<[\3109o\204\004\314\002\270^""\314\004\255\357\276\257v\211""; previousledger: ""\310\307\013\377\332\017\177V\203\327_\003z?\001HO\264M\200mz\336\253V\312\221\036<%\014\351""; "
1750538720434,1750538720434,1178,1,3,4,TMProposeSet,"proposeSeq: 0; currentTxHash: ""\000\000\000\000\000\000\000\000\000\000\000\000\000\000\000\000\000\000\000\000\000\000\000\000\000\000\000\000\000\000\000\000""; nodePubKey: ""\003\327^j^Qa+\317\341Q\3631f \333\346Y\267\203\335X\222<\025-|H@\240\272\315\005""; closeTime: 803853920; signature: ""0D\002 P*\301\304+O\030\030\200\342\210a\245D8\036\344_T\342\213z\235""\037:D44\270\317r\002 \020\016,I\337\344\213\000(&\0130<[\3109o\204\004\314\002\270^""\314\004\255\357\276\257v\211""; previousledger: ""\310\307\013\377\332\017\177V\203\327_\003z?\001HO\264M\200mz\336\253V\312\221\036<%\014\351""; ","proposeSeq: 0; currentTxHash: ""\000\000\000\000\000\000\000\000\000\000\000\000\000\000\000\000\000\000\000\000\000\000\000\000\000\000\000\000\000\000\000\000""; nodePubKey: ""\003\327^j^Qa+\317\341Q\3631f \333\346Y\267\203\335X\222<\025-|H@\240\272\315\005""; closeTime: 803853920; signature: ""0D\002 P*\301\304+O\030\030\200\342\210a\245D8\036\344_T\342\213z\235""\037:D44\270\317r\002 \020\016,I\337\344\213\000(&\0130<[\3109o\204\004\314\002\270^""\314\004\255\357\276\257v\211""; previousledger: ""\310\307\013\377\332\017\177V\203\327_\003z?\001HO\264M\200mz\336\253V\312\221\036<%\014\351""; "
1750538720435,1750538720435,1332,1,3,0,TMProposeSet,"proposeSeq: 0; currentTxHash: ""\000\000\000\000\000\000\000\000\000\000\000\000\000\000\000\000\000\000\000\000\000\000\000\000\000\000\000\000\000\000\000\000""; nodePubKey: ""\003\327^j^Qa+\317\341Q\3631f \333\346Y\267\203\335X\222<\025-|H@\240\272\315\005""; closeTime: 803853920; signature: ""0D\002 P*\301\304+O\030\030\200\342\210a\245D8\036\344_T\342\213z\235""\037:D44\270\317r\002 \020\016,I\337\344\213\000(&\0130<[\3109o\204\004\314\002\270^""\314\004\255\357\276\257v\211""; previousledger: ""\310\307\013\377\332\017\177V\203\327_\003z?\001HO\264M\200mz\336\253V\312\221\036<%\014\351""; ","proposeSeq: 0; currentTxHash: ""\000\000\000\000\000\000\000\000\000\000\000\000\000\000\000\000\000\000\000\000\000\000\000\000\000\000\000\000\000\000\000\000""; nodePubKey: ""\003\327^j^Qa+\317\341Q\3631f \333\346Y\267\203\335X\222<\025-|H@\240\272\315\005""; closeTime: 803853920; signature: ""0D\002 P*\301\304+O\030\030\200\342\210a\245D8\036\344_T\342\213z\235""\037:D44\270\317r\002 \020\016,I\337\344\213\000(&\0130<[\3109o\204\004\314\002\270^""\314\004\255\357\276\257v\211""; previousledger: ""\310\307\013\377\332\017\177V\203\327_\003z?\001HO\264M\200mz\336\253V\312\221\036<%\014\351""; "
1750538720474,1750538720474,3537,1,3,1,TMProposeSet,"proposeSeq: 0; currentTxHash: ""\000\000\000\000\000\000\000\000\000\000\000\000\000\000\000\000\000\000\000\000\000\000\000\000\000\000\000\000\000\000\000\000""; nodePubKey: ""\003\327^j^Qa+\317\341Q\3631f \333\346Y\267\203\335X\222<\025-|H@\240\272\315\005""; closeTime: 803853920; signature: ""0D\002 P*\301\304+O\030\030\200\342\210a\245D8\036\344_T\342\213z\235""\037:D44\270\317r\002 \020\016,I\337\344\213\000(&\0130<[\3109o\204\004\314\002\270^""\314\004\255\357\276\257v\211""; previousledger: ""\310\307\013\377\332\017\177V\203\327_\003z?\001HO\264M\200mz\336\253V\312\221\036<%\014\351""; ","proposeSeq: 0; currentTxHash: ""\000\000\000\000\000\000\000\000\000\000\000\000\000\000\000\000\000\000\000\000\000\000\000\000\000\000\000\000\000\000\000\000""; nodePubKey: ""\003\327^j^Qa+\317\341Q\3631f \333\346Y\267\203\335X\222<\025-|H@\240\272\315\005""; closeTime: 803853920; signature: ""0D\002 P*\301\304+O\030\030\200\342\210a\245D8\036\344_T\342\213z\235""\037:D44\270\317r\002 \020\016,I\337\344\213\000(&\0130<[\3109o\204\004\314\002\270^""\314\004\255\357\276\257v\211""; previousledger: ""\310\307\013\377\332\017\177V\203\327_\003z?\001HO\264M\200mz\336\253V\312\221\036<%\014\351""; "
1750538720432,1750538720479,543,1,3,4,TMStatusChange,"newEvent: neCLOSING_LEDGER; ledgerSeq: 2; ledgerHash: ""\310\307\013\377\332\017\177V\203\327_\003z?\001HO\264M\200mz\336\253V\312\221\036<%\014\351""; ledgerHashPrevious: ""-}\351f\032\255\274\334m\326c\017\014ao[\342\230\003\245\245\3341Hm\326^\017jy\335\261""; networkTime: 803853920; firstSeq: 1; lastSeq: 1; ","newEvent: neCLOSING_LEDGER; ledgerSeq: 2; ledgerHash: ""\310\307\013\377\332\017\177V\203\327_\003z?\001HO\264M\200mz\336\253V\312\221\036<%\014\351""; ledgerHashPrevious: ""-}\351f\032\255\274\334m\326c\017\014ao[\342\230\003\245\245\3341Hm\326^\017jy\335\261""; networkTime: 803853920; firstSeq: 1; lastSeq: 1; "
1750538720434,1750538720479,3709,1,3,2,TMStatusChange,"newEvent: neCLOSING_LEDGER; ledgerSeq: 2; ledgerHash: ""\310\307\013\377\332\017\177V\203\327_\003z?\001HO\264M\200mz\336\253V\312\221\036<%\014\351""; ledgerHashPrevious: ""-}\351f\032\255\274\334m\326c\017\014ao[\342\230\003\245\245\3341Hm\326^\017jy\335\261""; networkTime: 803853920; firstSeq: 1; lastSeq: 1; ","newEvent: neCLOSING_LEDGER; ledgerSeq: 2; ledgerHash: ""\310\307\013\377\332\017\177V\203\327_\003z?\001HO\264M\200mz\336\253V\312\221\036<%\014\351""; ledgerHashPrevious: ""-}\351f\032\255\274\334m\326c\017\014ao[\342\230\003\245\245\3341Hm\326^\017jy\335\261""; networkTime: 803853920; firstSeq: 1; lastSeq: 1; "
1750538720434,1750538720479,930,1,3,1,TMStatusChange,"newEvent: neCLOSING_LEDGER; ledgerSeq: 2; ledgerHash: ""\310\307\013\377\332\017\177V\203\327_\003z?\001HO\264M\200mz\336\253V\312\221\036<%\014\351""; ledgerHashPrevious: ""-}\351f\032\255\274\334m\326c\017\014ao[\342\230\003\245\245\3341Hm\326^\017jy\335\261""; networkTime: 803853920; firstSeq: 1; lastSeq: 1; ","newEvent: neCLOSING_LEDGER; ledgerSeq: 2; ledgerHash: ""\310\307\013\377\332\017\177V\203\327_\003z?\001HO\264M\200mz\336\253V\312\221\036<%\014\351""; ledgerHashPrevious: ""-}\351f\032\255\274\334m\326c\017\014ao[\342\230\003\245\245\3341Hm\326^\017jy\335\261""; networkTime: 803853920; firstSeq: 1; lastSeq: 1; "
1750538720433,1750538720479,2257,1,3,0,TMStatusChange,"newEvent: neCLOSING_LEDGER; ledgerSeq: 2; ledgerHash: ""\310\307\013\377\332\017\177V\203\327_\003z?\001HO\264M\200mz\336\253V\312\221\036<%\014\351""; ledgerHashPrevious: ""-}\351f\032\255\274\334m\326c\017\014ao[\342\230\003\245\245\3341Hm\326^\017jy\335\261""; networkTime: 803853920; firstSeq: 1; lastSeq: 1; ","newEvent: neCLOSING_LEDGER; ledgerSeq: 2; ledgerHash: ""\310\307\013\377\332\017\177V\203\327_\003z?\001HO\264M\200mz\336\253V\312\221\036<%\014\351""; ledgerHashPrevious: ""-}\351f\032\255\274\334m\326c\017\014ao[\342\230\003\245\245\3341Hm\326^\017jy\335\261""; networkTime: 803853920; firstSeq: 1; lastSeq: 1; "
1750538720513,1750538720513,593,1,2,4,TMProposeSet,"proposeSeq: 0; currentTxHash: ""\000\000\000\000\000\000\000\000\000\000\000\000\000\000\000\000\000\000\000\000\000\000\000\000\000\000\000\000\000\000\000\000""; nodePubKey: ""\003\266z\355\317\337p\211\027\004\376\033=\231\303\247\235\333\200-\342ze\360>\370Z0A\357\271\211N""; closeTime: 803853920; signature: ""0E\002!\000\301\202\241+O\323\372(\367':\206x\327\357M\340\251\374|X#\264\3312\223\353j\177L\026%\002 ]#\300Q\303L\231(\220\325\276D\035\361d\260\351\006N\204\217\003\003\206\027j\tU\H\350z""; previousledger: ""\310\307\013\377\332\017\177V\203\327_\003z?\001HO\264M\200mz\336\253V\312\221\036<%\014\351""; ","proposeSeq: 0; currentTxHash: ""\000\000\000\000\000\000\000\000\000\000\000\000\000\000\000\000\000\000\000\000\000\000\000\000\000\000\000\000\000\000\000\000""; nodePubKey: ""\003\266z\355\317\337p\211\027\004\376\033=\231\303\247\235\333\200-\342ze\360>\370Z0A\357\271\211N""; closeTime: 803853920; signature: ""0E\002!\000\301\202\241+O\323\372(\367':\206x\327\357M\340\251\374|X#\264\3312\223\353j\177L\026%\002 ]#\300Q\303L\231(\220\325\276D\035\361d\260\351\006N\204\217\003\003\206\027j\tU\H\350z""; previousledger: ""\310\307\013\377\332\017\177V\203\327_\003z?\001HO\264M\200mz\336\253V\312\221\036<%\014\351""; "
1750538720514,1750538720514,2293,1,2,0,TMProposeSet,"proposeSeq: 0; currentTxHash: ""\000\000\000\000\000\000\000\000\000\000\000\000\000\000\000\000\000\000\000\000\000\000\000\000\000\000\000\000\000\000\000\000""; nodePubKey: ""\003\266z\355\317\337p\211\027\004\376\033=\231\303\247\235\333\200-\342ze\360>\370Z0A\357\271\211N""; closeTime: 803853920; signature: ""0E\002!\000\301\202\241+O\323\372(\367':\206x\327\357M\340\251\374|X#\264\3312\223\353j\177L\026%\002 ]#\300Q\303L\231(\220\325\276D\035\361d\260\351\006N\204\217\003\003\206\027j\tU\H\350z""; previousledger: ""\310\307\013\377\332\017\177V\203\327_\003z?\001HO\264M\200mz\336\253V\312\221\036<%\014\351""; ","proposeSeq: 0; currentTxHash: ""\000\000\000\000\000\000\000\000\000\000\000\000\000\000\000\000\000\000\000\000\000\000\000\000\000\000\000\000\000\000\000\000""; nodePubKey: ""\003\266z\355\317\337p\211\027\004\376\033=\231\303\247\235\333\200-\342ze\360>\370Z0A\357\271\211N""; closeTime: 803853920; signature: ""0E\002!\000\301\202\241+O\323\372(\367':\206x\327\357M\340\251\374|X#\264\3312\223\353j\177L\026%\002 ]#\300Q\303L\231(\220\325\276D\035\361d\260\351\006N\204\217\003\003\206\027j\tU\H\350z""; previousledger: ""\310\307\013\377\332\017\177V\203\327_\003z?\001HO\264M\200mz\336\253V\312\221\036<%\014\351""; "
1750538720513,1750538720513,3473,1,2,3,TMProposeSet,"proposeSeq: 0; currentTxHash: ""\000\000\000\000\000\000\000\000\000\000\000\000\000\000\000\000\000\000\000\000\000\000\000\000\000\000\000\000\000\000\000\000""; nodePubKey: ""\003\266z\355\317\337p\211\027\004\376\033=\231\303\247\235\333\200-\342ze\360>\370Z0A\357\271\211N""; closeTime: 803853920; signature: ""0E\002!\000\301\202\241+O\323\372(\367':\206x\327\357M\340\251\374|X#\264\3312\223\353j\177L\026%\002 ]#\300Q\303L\231(\220\325\276D\035\361d\260\351\006N\204\217\003\003\206\027j\tU\H\350z""; previousledger: ""\310\307\013\377\332\017\177V\203\327_\003z?\001HO\264M\200mz\336\253V\312\221\036<%\014\351""; ","proposeSeq: 0; currentTxHash: ""\000\000\000\000\000\000\000\000\000\000\000\000\000\000\000\000\000\000\000\000\000\000\000\000\000\000\000\000\000\000\000\000""; nodePubKey: ""\003\266z\355\317\337p\211\027\004\376\033=\231\303\247\235\333\200-\342ze\360>\370Z0A\357\271\211N""; closeTime: 803853920; signature: ""0E\002!\000\301\202\241+O\323\372(\367':\206x\327\357M\340\251\374|X#\264\3312\223\353j\177L\026%\002 ]#\300Q\303L\231(\220\325\276D\035\361d\260\351\006N\204\217\003\003\206\027j\tU\H\350z""; previousledger: ""\310\307\013\377\332\017\177V\203\327_\003z?\001HO\264M\200mz\336\253V\312\221\036<%\014\351""; "
1750538720516,1750538720516,2386,1,2,1,TMProposeSet,"proposeSeq: 0; currentTxHash: ""\000\000\000\000\000\000\000\000\000\000\000\000\000\000\000\000\000\000\000\000\000\000\000\000\000\000\000\000\000\000\000\000""; nodePubKey: ""\003\266z\355\317\337p\211\027\004\376\033=\231\303\247\235\333\200-\342ze\360>\370Z0A\357\271\211N""; closeTime: 803853920; signature: ""0E\002!\000\301\202\241+O\323\372(\367':\206x\327\357M\340\251\374|X#\264\3312\223\353j\177L\026%\002 ]#\300Q\303L\231(\220\325\276D\035\361d\260\351\006N\204\217\003\003\206\027j\tU\H\350z""; previousledger: ""\310\307\013\377\332\017\177V\203\327_\003z?\001HO\264M\200mz\336\253V\312\221\036<%\014\351""; ","proposeSeq: 0; currentTxHash: ""\000\000\000\000\000\000\000\000\000\000\000\000\000\000\000\000\000\000\000\000\000\000\000\000\000\000\000\000\000\000\000\000""; nodePubKey: ""\003\266z\355\317\337p\211\027\004\376\033=\231\303\247\235\333\200-\342ze\360>\370Z0A\357\271\211N""; closeTime: 803853920; signature: ""0E\002!\000\301\202\241+O\323\372(\367':\206x\327\357M\340\251\374|X#\264\3312\223\353j\177L\026%\002 ]#\300Q\303L\231(\220\325\276D\035\361d\260\351\006N\204\217\003\003\206\027j\tU\H\350z""; previousledger: ""\310\307\013\377\332\017\177V\203\327_\003z?\001HO\264M\200mz\336\253V\312\221\036<%\014\351""; "
1750538720515,1750538720553,288,1,2,4,TMStatusChange,"newEvent: neCLOSING_LEDGER; ledgerSeq: 2; ledgerHash: ""\310\307\013\377\332\017\177V\203\327_\003z?\001HO\264M\200mz\336\253V\312\221\036<%\014\351""; ledgerHashPrevious: ""-}\351f\032\255\274\334m\326c\017\014ao[\342\230\003\245\245\3341Hm\326^\017jy\335\261""; networkTime: 803853920; firstSeq: 1; lastSeq: 1; ","newEvent: neCLOSING_LEDGER; ledgerSeq: 2; ledgerHash: ""\310\307\013\377\332\017\177V\203\327_\003z?\001HO\264M\200mz\336\253V\312\221\036<%\014\351""; ledgerHashPrevious: ""-}\351f\032\255\274\334m\326c\017\014ao[\342\230\003\245\245\3341Hm\326^\017jy\335\261""; networkTime: 803853920; firstSeq: 1; lastSeq: 1; "
1750538720515,1750538720553,1253,1,2,0,TMStatusChange,"newEvent: neCLOSING_LEDGER; ledgerSeq: 2; ledgerHash: ""\310\307\013\377\332\017\177V\203\327_\003z?\001HO\264M\200mz\336\253V\312\221\036<%\014\351""; ledgerHashPrevious: ""-}\351f\032\255\274\334m\326c\017\014ao[\342\230\003\245\245\3341Hm\326^\017jy\335\261""; networkTime: 803853920; firstSeq: 1; lastSeq: 1; ","newEvent: neCLOSING_LEDGER; ledgerSeq: 2; ledgerHash: ""\310\307\013\377\332\017\177V\203\327_\003z?\001HO\264M\200mz\336\253V\312\221\036<%\014\351""; ledgerHashPrevious: ""-}\351f\032\255\274\334m\326c\017\014ao[\342\230\003\245\245\3341Hm\326^\017jy\335\261""; networkTime: 803853920; firstSeq: 1; lastSeq: 1; "
1750538720515,1750538720554,3369,1,2,1,TMStatusChange,"newEvent: neCLOSING_LEDGER; ledgerSeq: 2; ledgerHash: ""\310\307\013\377\332\017\177V\203\327_\003z?\001HO\264M\200mz\336\253V\312\221\036<%\014\351""; ledgerHashPrevious: ""-}\351f\032\255\274\334m\326c\017\014ao[\342\230\003\245\245\3341Hm\326^\017jy\335\261""; networkTime: 803853920; firstSeq: 1; lastSeq: 1; ","newEvent: neCLOSING_LEDGER; ledgerSeq: 2; ledgerHash: ""\310\307\013\377\332\017\177V\203\327_\003z?\001HO\264M\200mz\336\253V\312\221\036<%\014\351""; ledgerHashPrevious: ""-}\351f\032\255\274\334m\326c\017\014ao[\342\230\003\245\245\3341Hm\326^\017jy\335\261""; networkTime: 803853920; firstSeq: 1; lastSeq: 1; "
1750538720516,1750538720554,896,1,2,3,TMStatusChange,"newEvent: neCLOSING_LEDGER; ledgerSeq: 2; ledgerHash: ""\310\307\013\377\332\017\177V\203\327_\003z?\001HO\264M\200mz\336\253V\312\221\036<%\014\351""; ledgerHashPrevious: ""-}\351f\032\255\274\334m\326c\017\014ao[\342\230\003\245\245\3341Hm\326^\017jy\335\261""; networkTime: 803853920; firstSeq: 1; lastSeq: 1; ","newEvent: neCLOSING_LEDGER; ledgerSeq: 2; ledgerHash: ""\310\307\013\377\332\017\177V\203\327_\003z?\001HO\264M\200mz\336\253V\312\221\036<%\014\351""; ledgerHashPrevious: ""-}\351f\032\255\274\334m\326c\017\014ao[\342\230\003\245\245\3341Hm\326^\017jy\335\261""; networkTime: 803853920; firstSeq: 1; lastSeq: 1; "
1750538720902,1750538720902,3392,1,0,3,TMProposeSet,"proposeSeq: 0; currentTxHash: ""\000\000\000\000\000\000\000\000\000\000\000\000\000\000\000\000\000\000\000\000\000\000\000\000\000\000\000\000\000\000\000\000""; nodePubKey: ""\003~\375{L?\027\276\233\213\030\372\276\341\272\320\221I\273\364\302\210&&\024\321t\263~u\021\224\007""; closeTime: 803853920; signature: ""0E\002!\000\210\233\260\335f\207\021\320\350\247\357f\301\0277x\032\303zD\332\322}\322\377\010\252MN\020\211\302\002 RWvwi\361\366\236\337:X5\210\367\245\367i\322{\304\365i\244\265W\007>J\310M\303\t""; previousledger: ""\310\307\013\377\332\017\177V\203\327_\003z?\001HO\264M\200mz\336\253V\312\221\036<%\014\351""; ","proposeSeq: 0; currentTxHash: ""\000\000\000\000\000\000\000\000\000\000\000\000\000\000\000\000\000\000\000\000\000\000\000\000\000\000\000\000\000\000\000\000""; nodePubKey: ""\003~\375{L?\027\276\233\213\030\372\276\341\272\320\221I\273\364\302\210&&\024\321t\263~u\021\224\007""; closeTime: 803853920; signature: ""0E\002!\000\210\233\260\335f\207\021\320\350\247\357f\301\0277x\032\303zD\332\322}\322\377\010\252MN\020\211\302\002 RWvwi\361\366\236\337:X5\210\367\245\367i\322{\304\365i\244\265W\007>J\310M\303\t""; previousledger: ""\310\307\013\377\332\017\177V\203\327_\003z?\001HO\264M\200mz\336\253V\312\221\036<%\014\351""; "
1750538720903,1750538720903,3526,1,0,4,TMProposeSet,"proposeSeq: 0; currentTxHash: ""\000\000\000\000\000\000\000\000\000\000\000\000\000\000\000\000\000\000\000\000\000\000\000\000\000\000\000\000\000\000\000\000""; nodePubKey: ""\003~\375{L?\027\276\233\213\030\372\276\341\272\320\221I\273\364\302\210&&\024\321t\263~u\021\224\007""; closeTime: 803853920; signature: ""0E\002!\000\210\233\260\335f\207\021\320\350\247\357f\301\0277x\032\303zD\332\322}\322\377\010\252MN\020\211\302\002 RWvwi\361\366\236\337:X5\210\367\245\367i\322{\304\365i\244\265W\007>J\310M\303\t""; previousledger: ""\310\307\013\377\332\017\177V\203\327_\003z?\001HO\264M\200mz\336\253V\312\221\036<%\014\351""; ","proposeSeq: 0; currentTxHash: ""\000\000\000\000\000\000\000\000\000\000\000\000\000\000\000\000\000\000\000\000\000\000\000\000\000\000\000\000\000\000\000\000""; nodePubKey: ""\003~\375{L?\027\276\233\213\030\372\276\341\272\320\221I\273\364\302\210&&\024\321t\263~u\021\224\007""; closeTime: 803853920; signature: ""0E\002!\000\210\233\260\335f\207\021\320\350\247\357f\301\0277x\032\303zD\332\322}\322\377\010\252MN\020\211\302\002 RWvwi\361\366\236\337:X5\210\367\245\367i\322{\304\365i\244\265W\007>J\310M\303\t""; previousledger: ""\310\307\013\377\332\017\177V\203\327_\003z?\001HO\264M\200mz\336\253V\312\221\036<%\014\351""; "
1750538720904,1750538720904,2549,1,0,2,TMProposeSet,"proposeSeq: 0; currentTxHash: ""\000\000\000\000\000\000\000\000\000\000\000\000\000\000\000\000\000\000\000\000\000\000\000\000\000\000\000\000\000\000\000\000""; nodePubKey: ""\003~\375{L?\027\276\233\213\030\372\276\341\272\320\221I\273\364\302\210&&\024\321t\263~u\021\224\007""; closeTime: 803853920; signature: ""0E\002!\000\210\233\260\335f\207\021\320\350\247\357f\301\0277x\032\303zD\332\322}\322\377\010\252MN\020\211\302\002 RWvwi\361\366\236\337:X5\210\367\245\367i\322{\304\365i\244\265W\007>J\310M\303\t""; previousledger: ""\310\307\013\377\332\017\177V\203\327_\003z?\001HO\264M\200mz\336\253V\312\221\036<%\014\351""; ","proposeSeq: 0; currentTxHash: ""\000\000\000\000\000\000\000\000\000\000\000\000\000\000\000\000\000\000\000\000\000\000\000\000\000\000\000\000\000\000\000\000""; nodePubKey: ""\003~\375{L?\027\276\233\213\030\372\276\341\272\320\221I\273\364\302\210&&\024\321t\263~u\021\224\007""; closeTime: 803853920; signature: ""0E\002!\000\210\233\260\335f\207\021\320\350\247\357f\301\0277x\032\303zD\332\322}\322\377\010\252MN\020\211\302\002 RWvwi\361\366\236\337:X5\210\367\245\367i\322{\304\365i\244\265W\007>J\310M\303\t""; previousledger: ""\310\307\013\377\332\017\177V\203\327_\003z?\001HO\264M\200mz\336\253V\312\221\036<%\014\351""; "
1750538720913,1750538720913,2841,1,1,3,TMProposeSet,"proposeSeq: 0; currentTxHash: ""\000\000\000\000\000\000\000\000\000\000\000\000\000\000\000\000\000\000\000\000\000\000\000\000\000\000\000\000\000\000\000\000""; nodePubKey: ""\003\354*\213M\024\261\231C)\265\233Nk\304>g\222\037\213\224\253\332c\201 \344\373\323\332(\344k""; closeTime: 803853920; signature: ""0E\002!\000\207\354\250\375\257\250\244k\360\235\362\347\252\245\332\346\364\314\371\225.\026m\021K\R;\272\374\037\206\002 (\263\022\236~\006{\000\251('\230\302|\006\370\220\265\257\372\030p\202\260M\361\235~|\205\332'""; previousledger: ""\310\307\013\377\332\017\177V\203\327_\003z?\001HO\264M\200mz\336\253V\312\221\036<%\014\351""; ","proposeSeq: 0; currentTxHash: ""\000\000\000\000\000\000\000\000\000\000\000\000\000\000\000\000\000\000\000\000\000\000\000\000\000\000\000\000\000\000\000\000""; nodePubKey: ""\003\354*\213M\024\261\231C)\265\233Nk\304>g\222\037\213\224\253\332c\201 \344\373\323\332(\344k""; closeTime: 803853920; signature: ""0E\002!\000\207\354\250\375\257\250\244k\360\235\362\347\252\245\332\346\364\314\371\225.\026m\021K\R;\272\374\037\206\002 (\263\022\236~\006{\000\251('\230\302|\006\370\220\265\257\372\030p\202\260M\361\235~|\205\332'""; previousledger: ""\310\307\013\377\332\017\177V\203\327_\003z?\001HO\264M\200mz\336\253V\312\221\036<%\014\351""; "
1750538720914,1750538720914,215,1,1,0,TMProposeSet,"proposeSeq: 0; currentTxHash: ""\000\000\000\000\000\000\000\000\000\000\000\000\000\000\000\000\000\000\000\000\000\000\000\000\000\000\000\000\000\000\000\000""; nodePubKey: ""\003\354*\213M\024\261\231C)\265\233Nk\304>g\222\037\213\224\253\332c\201 \344\373\323\332(\344k""; closeTime: 803853920; signature: ""0E\002!\000\207\354\250\375\257\250\244k\360\235\362\347\252\245\332\346\364\314\371\225.\026m\021K\R;\272\374\037\206\002 (\263\022\236~\006{\000\251('\230\302|\006\370\220\265\257\372\030p\202\260M\361\235~|\205\332'""; previousledger: ""\310\307\013\377\332\017\177V\203\327_\003z?\001HO\264M\200mz\336\253V\312\221\036<%\014\351""; ","proposeSeq: 0; currentTxHash: ""\000\000\000\000\000\000\000\000\000\000\000\000\000\000\000\000\000\000\000\000\000\000\000\000\000\000\000\000\000\000\000\000""; nodePubKey: ""\003\354*\213M\024\261\231C)\265\233Nk\304>g\222\037\213\224\253\332c\201 \344\373\323\332(\344k""; closeTime: 803853920; signature: ""0E\002!\000\207\354\250\375\257\250\244k\360\235\362\347\252\245\332\346\364\314\371\225.\026m\021K\R;\272\374\037\206\002 (\263\022\236~\006{\000\251('\230\302|\006\370\220\265\257\372\030p\202\260M\361\235~|\205\332'""; previousledger: ""\310\307\013\377\332\017\177V\203\327_\003z?\001HO\264M\200mz\336\253V\312\221\036<%\014\351""; "
1750538720914,1750538720915,2492,1,1,4,TMProposeSet,"proposeSeq: 0; currentTxHash: ""\000\000\000\000\000\000\000\000\000\000\000\000\000\000\000\000\000\000\000\000\000\000\000\000\000\000\000\000\000\000\000\000""; nodePubKey: ""\003\354*\213M\024\261\231C)\265\233Nk\304>g\222\037\213\224\253\332c\201 \344\373\323\332(\344k""; closeTime: 803853920; signature: ""0E\002!\000\207\354\250\375\257\250\244k\360\235\362\347\252\245\332\346\364\314\371\225.\026m\021K\R;\272\374\037\206\002 (\263\022\236~\006{\000\251('\230\302|\006\370\220\265\257\372\030p\202\260M\361\235~|\205\332'""; previousledger: ""\310\307\013\377\332\017\177V\203\327_\003z?\001HO\264M\200mz\336\253V\312\221\036<%\014\351""; ","proposeSeq: 0; currentTxHash: ""\000\000\000\000\000\000\000\000\000\000\000\000\000\000\000\000\000\000\000\000\000\000\000\000\000\000\000\000\000\000\000\000""; nodePubKey: ""\003\354*\213M\024\261\231C)\265\233Nk\304>g\222\037\213\224\253\332c\201 \344\373\323\332(\344k""; closeTime: 803853920; signature: ""0E\002!\000\207\354\250\375\257\250\244k\360\235\362\347\252\245\332\346\364\314\371\225.\026m\021K\R;\272\374\037\206\002 (\263\022\236~\006{\000\251('\230\302|\006\370\220\265\257\372\030p\202\260M\361\235~|\205\332'""; previousledger: ""\310\307\013\377\332\017\177V\203\327_\003z?\001HO\264M\200mz\336\253V\312\221\036<%\014\351""; "
1750538720915,1750538720915,2352,1,1,2,TMProposeSet,"proposeSeq: 0; currentTxHash: ""\000\000\000\000\000\000\000\000\000\000\000\000\000\000\000\000\000\000\000\000\000\000\000\000\000\000\000\000\000\000\000\000""; nodePubKey: ""\003\354*\213M\024\261\231C)\265\233Nk\304>g\222\037\213\224\253\332c\201 \344\373\323\332(\344k""; closeTime: 803853920; signature: ""0E\002!\000\207\354\250\375\257\250\244k\360\235\362\347\252\245\332\346\364\314\371\225.\026m\021K\R;\272\374\037\206\002 (\263\022\236~\006{\000\251('\230\302|\006\370\220\265\257\372\030p\202\260M\361\235~|\205\332'""; previousledger: ""\310\307\013\377\332\017\177V\203\327_\003z?\001HO\264M\200mz\336\253V\312\221\036<%\014\351""; ","proposeSeq: 0; currentTxHash: ""\000\000\000\000\000\000\000\000\000\000\000\000\000\000\000\000\000\000\000\000\000\000\000\000\000\000\000\000\000\000\000\000""; nodePubKey: ""\003\354*\213M\024\261\231C)\265\233Nk\304>g\222\037\213\224\253\332c\201 \344\373\323\332(\344k""; closeTime: 803853920; signature: ""0E\002!\000\207\354\250\375\257\250\244k\360\235\362\347\252\245\332\346\364\314\371\225.\026m\021K\R;\272\374\037\206\002 (\263\022\236~\006{\000\251('\230\302|\006\370\220\265\257\372\030p\202\260M\361\235~|\205\332'""; previousledger: ""\310\307\013\377\332\017\177V\203\327_\003z?\001HO\264M\200mz\336\253V\312\221\036<%\014\351""; "
1750538720902,1750538720939,2351,1,0,4,TMStatusChange,"newEvent: neCLOSING_LEDGER; ledgerSeq: 2; ledgerHash: ""\310\307\013\377\332\017\177V\203\327_\003z?\001HO\264M\200mz\336\253V\312\221\036<%\014\351""; ledgerHashPrevious: ""-}\351f\032\255\274\334m\326c\017\014ao[\342\230\003\245\245\3341Hm\326^\017jy\335\261""; networkTime: 803853920; firstSeq: 1; lastSeq: 1; ","newEvent: neCLOSING_LEDGER; ledgerSeq: 2; ledgerHash: ""\310\307\013\377\332\017\177V\203\327_\003z?\001HO\264M\200mz\336\253V\312\221\036<%\014\351""; ledgerHashPrevious: ""-}\351f\032\255\274\334m\326c\017\014ao[\342\230\003\245\245\3341Hm\326^\017jy\335\261""; networkTime: 803853920; firstSeq: 1; lastSeq: 1; "
1750538720903,1750538720940,3117,1,0,1,TMStatusChange,"newEvent: neCLOSING_LEDGER; ledgerSeq: 2; ledgerHash: ""\310\307\013\377\332\017\177V\203\327_\003z?\001HO\264M\200mz\336\253V\312\221\036<%\014\351""; ledgerHashPrevious: ""-}\351f\032\255\274\334m\326c\017\014ao[\342\230\003\245\245\3341Hm\326^\017jy\335\261""; networkTime: 803853920; firstSeq: 1; lastSeq: 1; ","newEvent: neCLOSING_LEDGER; ledgerSeq: 2; ledgerHash: ""\310\307\013\377\332\017\177V\203\327_\003z?\001HO\264M\200mz\336\253V\312\221\036<%\014\351""; ledgerHashPrevious: ""-}\351f\032\255\274\334m\326c\017\014ao[\342\230\003\245\245\3341Hm\326^\017jy\335\261""; networkTime: 803853920; firstSeq: 1; lastSeq: 1; "
1750538720903,1750538720940,830,1,0,3,TMStatusChange,"newEvent: neCLOSING_LEDGER; ledgerSeq: 2; ledgerHash: ""\310\307\013\377\332\017\177V\203\327_\003z?\001HO\264M\200mz\336\253V\312\221\036<%\014\351""; ledgerHashPrevious: ""-}\351f\032\255\274\334m\326c\017\014ao[\342\230\003\245\245\3341Hm\326^\017jy\335\261""; networkTime: 803853920; firstSeq: 1; lastSeq: 1; ","newEvent: neCLOSING_LEDGER; ledgerSeq: 2; ledgerHash: ""\310\307\013\377\332\017\177V\203\327_\003z?\001HO\264M\200mz\336\253V\312\221\036<%\014\351""; ledgerHashPrevious: ""-}\351f\032\255\274\334m\326c\017\014ao[\342\230\003\245\245\3341Hm\326^\017jy\335\261""; networkTime: 803853920; firstSeq: 1; lastSeq: 1; "
1750538720904,1750538720940,2898,1,0,2,TMStatusChange,"newEvent: neCLOSING_LEDGER; ledgerSeq: 2; ledgerHash: ""\310\307\013\377\332\017\177V\203\327_\003z?\001HO\264M\200mz\336\253V\312\221\036<%\014\351""; ledgerHashPrevious: ""-}\351f\032\255\274\334m\326c\017\014ao[\342\230\003\245\245\3341Hm\326^\017jy\335\261""; networkTime: 803853920; firstSeq: 1; lastSeq: 1; ","newEvent: neCLOSING_LEDGER; ledgerSeq: 2; ledgerHash: ""\310\307\013\377\332\017\177V\203\327_\003z?\001HO\264M\200mz\336\253V\312\221\036<%\014\351""; ledgerHashPrevious: ""-}\351f\032\255\274\334m\326c\017\014ao[\342\230\003\245\245\3341Hm\326^\017jy\335\261""; networkTime: 803853920; firstSeq: 1; lastSeq: 1; "
1750538720942,1750538720942,2021,1,0,1,TMProposeSet,"proposeSeq: 0; currentTxHash: ""\000\000\000\000\000\000\000\000\000\000\000\000\000\000\000\000\000\000\000\000\000\000\000\000\000\000\000\000\000\000\000\000""; nodePubKey: ""\003~\375{L?\027\276\233\213\030\372\276\341\272\320\221I\273\364\302\210&&\024\321t\263~u\021\224\007""; closeTime: 803853920; signature: ""0E\002!\000\210\233\260\335f\207\021\320\350\247\357f\301\0277x\032\303zD\332\322}\322\377\010\252MN\020\211\302\002 RWvwi\361\366\236\337:X5\210\367\245\367i\322{\304\365i\244\265W\007>J\310M\303\t""; previousledger: ""\310\307\013\377\332\017\177V\203\327_\003z?\001HO\264M\200mz\336\253V\312\221\036<%\014\351""; ","proposeSeq: 0; currentTxHash: ""\000\000\000\000\000\000\000\000\000\000\000\000\000\000\000\000\000\000\000\000\000\000\000\000\000\000\000\000\000\000\000\000""; nodePubKey: ""\003~\375{L?\027\276\233\213\030\372\276\341\272\320\221I\273\364\302\210&&\024\321t\263~u\021\224\007""; closeTime: 803853920; signature: ""0E\002!\000\210\233\260\335f\207\021\320\350\247\357f\301\0277x\032\303zD\332\322}\322\377\010\252MN\020\211\302\002 RWvwi\361\366\236\337:X5\210\367\245\367i\322{\304\365i\244\265W\007>J\310M\303\t""; previousledger: ""\310\307\013\377\332\017\177V\203\327_\003z?\001HO\264M\200mz\336\253V\312\221\036<%\014\351""; "
1750538720946,1750538720946,379,1,4,2,TMProposeSet,"proposeSeq: 0; currentTxHash: ""\000\000\000\000\000\000\000\000\000\000\000\000\000\000\000\000\000\000\000\000\000\000\000\000\000\000\000\000\000\000\000\000""; nodePubKey: ""\002 \026\333\362W<\375\221\252M\216[;A\212\332\001\245U\216U\016 \210\301)Q5$#\354\322""; closeTime: 803853920; signature: ""0D\002 a\3205\250\270P\252\257\200\234\264\313[\002\014\3670\237g\223\223\210\004h\356\n~\014\\243p\r\002 }\252\234e\302c\311\003j\322|_690\225\212\352\215\204\341\001\262\177\010\275\270\304\374~i\016""; previousledger: ""\310\307\013\377\332\017\177V\203\327_\003z?\001HO\264M\200mz\336\253V\312\221\036<%\014\351""; ","proposeSeq: 0; currentTxHash: ""\000\000\000\000\000\000\000\000\000\000\000\000\000\000\000\000\000\000\000\000\000\000\000\000\000\000\000\000\000\000\000\000""; nodePubKey: ""\002 \026\333\362W<\375\221\252M\216[;A\212\332\001\245U\216U\016 \210\301)Q5$#\354\322""; closeTime: 803853920; signature: ""0D\002 a\3205\250\270P\252\257\200\234\264\313[\002\014\3670\237g\223\223\210\004h\356\n~\014\\243p\r\002 }\252\234e\302c\311\003j\322|_690\225\212\352\215\204\341\001\262\177\010\275\270\304\374~i\016""; previousledger: ""\310\307\013\377\332\017\177V\203\327_\003z?\001HO\264M\200mz\336\253V\312\221\036<%\014\351""; "
1750538720946,1750538720946,881,1,4,1,TMProposeSet,"proposeSeq: 0; currentTxHash: ""\000\000\000\000\000\000\000\000\000\000\000\000\000\000\000\000\000\000\000\000\000\000\000\000\000\000\000\000\000\000\000\000""; nodePubKey: ""\002 \026\333\362W<\375\221\252M\216[;A\212\332\001\245U\216U\016 \210\301)Q5$#\354\322""; closeTime: 803853920; signature: ""0D\002 a\3205\250\270P\252\257\200\234\264\313[\002\014\3670\237g\223\223\210\004h\356\n~\014\\243p\r\002 }\252\234e\302c\311\003j\322|_690\225\212\352\215\204\341\001\262\177\010\275\270\304\374~i\016""; previousledger: ""\310\307\013\377\332\017\177V\203\327_\003z?\001HO\264M\200mz\336\253V\312\221\036<%\014\351""; ","proposeSeq: 0; currentTxHash: ""\000\000\000\000\000\000\000\000\000\000\000\000\000\000\000\000\000\000\000\000\000\000\000\000\000\000\000\000\000\000\000\000""; nodePubKey: ""\002 \026\333\362W<\375\221\252M\216[;A\212\332\001\245U\216U\016 \210\301)Q5$#\354\322""; closeTime: 803853920; signature: ""0D\002 a\3205\250\270P\252\257\200\234\264\313[\002\014\3670\237g\223\223\210\004h\356\n~\014\\243p\r\002 }\252\234e\302c\311\003j\322|_690\225\212\352\215\204\341\001\262\177\010\275\270\304\374~i\016""; previousledger: ""\310\307\013\377\332\017\177V\203\327_\003z?\001HO\264M\200mz\336\253V\312\221\036<%\014\351""; "
1750538720947,1750538720947,1715,1,4,0,TMProposeSet,"proposeSeq: 0; currentTxHash: ""\000\000\000\000\000\000\000\000\000\000\000\000\000\000\000\000\000\000\000\000\000\000\000\000\000\000\000\000\000\000\000\000""; nodePubKey: ""\002 \026\333\362W<\375\221\252M\216[;A\212\332\001\245U\216U\016 \210\301)Q5$#\354\322""; closeTime: 803853920; signature: ""0D\002 a\3205\250\270P\252\257\200\234\264\313[\002\014\3670\237g\223\223\210\004h\356\n~\014\\243p\r\002 }\252\234e\302c\311\003j\322|_690\225\212\352\215\204\341\001\262\177\010\275\270\304\374~i\016""; previousledger: ""\310\307\013\377\332\017\177V\203\327_\003z?\001HO\264M\200mz\336\253V\312\221\036<%\014\351""; ","proposeSeq: 0; currentTxHash: ""\000\000\000\000\000\000\000\000\000\000\000\000\000\000\000\000\000\000\000\000\000\000\000\000\000\000\000\000\000\000\000\000""; nodePubKey: ""\002 \026\333\362W<\375\221\252M\216[;A\212\332\001\245U\216U\016 \210\301)Q5$#\354\322""; closeTime: 803853920; signature: ""0D\002 a\3205\250\270P\252\257\200\234\264\313[\002\014\3670\237g\223\223\210\004h\356\n~\014\\243p\r\002 }\252\234e\302c\311\003j\322|_690\225\212\352\215\204\341\001\262\177\010\275\270\304\374~i\016""; previousledger: ""\310\307\013\377\332\017\177V\203\327_\003z?\001HO\264M\200mz\336\253V\312\221\036<%\014\351""; "
1750538720948,1750538720948,2508,1,4,3,TMProposeSet,"proposeSeq: 0; currentTxHash: ""\000\000\000\000\000\000\000\000\000\000\000\000\000\000\000\000\000\000\000\000\000\000\000\000\000\000\000\000\000\000\000\000""; nodePubKey: ""\002 \026\333\362W<\375\221\252M\216[;A\212\332\001\245U\216U\016 \210\301)Q5$#\354\322""; closeTime: 803853920; signature: ""0D\002 a\3205\250\270P\252\257\200\234\264\313[\002\014\3670\237g\223\223\210\004h\356\n~\014\\243p\r\002 }\252\234e\302c\311\003j\322|_690\225\212\352\215\204\341\001\262\177\010\275\270\304\374~i\016""; previousledger: ""\310\307\013\377\332\017\177V\203\327_\003z?\001HO\264M\200mz\336\253V\312\221\036<%\014\351""; ","proposeSeq: 0; currentTxHash: ""\000\000\000\000\000\000\000\000\000\000\000\000\000\000\000\000\000\000\000\000\000\000\000\000\000\000\000\000\000\000\000\000""; nodePubKey: ""\002 \026\333\362W<\375\221\252M\216[;A\212\332\001\245U\216U\016 \210\301)Q5$#\354\322""; closeTime: 803853920; signature: ""0D\002 a\3205\250\270P\252\257\200\234\264\313[\002\014\3670\237g\223\223\210\004h\356\n~\014\\243p\r\002 }\252\234e\302c\311\003j\322|_690\225\212\352\215\204\341\001\262\177\010\275\270\304\374~i\016""; previousledger: ""\310\307\013\377\332\017\177V\203\327_\003z?\001HO\264M\200mz\336\253V\312\221\036<%\014\351""; "
1750538720913,1750538720981,2304,1,1,3,TMStatusChange,"newEvent: neCLOSING_LEDGER; ledgerSeq: 2; ledgerHash: ""\310\307\013\377\332\017\177V\203\327_\003z?\001HO\264M\200mz\336\253V\312\221\036<%\014\351""; ledgerHashPrevious: ""-}\351f\032\255\274\334m\326c\017\014ao[\342\230\003\245\245\3341Hm\326^\017jy\335\261""; networkTime: 803853920; firstSeq: 1; lastSeq: 1; ","newEvent: neCLOSING_LEDGER; ledgerSeq: 2; ledgerHash: ""\310\307\013\377\332\017\177V\203\327_\003z?\001HO\264M\200mz\336\253V\312\221\036<%\014\351""; ledgerHashPrevious: ""-}\351f\032\255\274\334m\326c\017\014ao[\342\230\003\245\245\3341Hm\326^\017jy\335\261""; networkTime: 803853920; firstSeq: 1; lastSeq: 1; "
1750538720915,1750538720982,1425,1,1,0,TMStatusChange,"newEvent: neCLOSING_LEDGER; ledgerSeq: 2; ledgerHash: ""\310\307\013\377\332\017\177V\203\327_\003z?\001HO\264M\200mz\336\253V\312\221\036<%\014\351""; ledgerHashPrevious: ""-}\351f\032\255\274\334m\326c\017\014ao[\342\230\003\245\245\3341Hm\326^\017jy\335\261""; networkTime: 803853920; firstSeq: 1; lastSeq: 1; ","newEvent: neCLOSING_LEDGER; ledgerSeq: 2; ledgerHash: ""\310\307\013\377\332\017\177V\203\327_\003z?\001HO\264M\200mz\336\253V\312\221\036<%\014\351""; ledgerHashPrevious: ""-}\351f\032\255\274\334m\326c\017\014ao[\342\230\003\245\245\3341Hm\326^\017jy\335\261""; networkTime: 803853920; firstSeq: 1; lastSeq: 1; "
1750538720915,1750538720981,3558,1,1,2,TMStatusChange,"newEvent: neCLOSING_LEDGER; ledgerSeq: 2; ledgerHash: ""\310\307\013\377\332\017\177V\203\327_\003z?\001HO\264M\200mz\336\253V\312\221\036<%\014\351""; ledgerHashPrevious: ""-}\351f\032\255\274\334m\326c\017\014ao[\342\230\003\245\245\3341Hm\326^\017jy\335\261""; networkTime: 803853920; firstSeq: 1; lastSeq: 1; ","newEvent: neCLOSING_LEDGER; ledgerSeq: 2; ledgerHash: ""\310\307\013\377\332\017\177V\203\327_\003z?\001HO\264M\200mz\336\253V\312\221\036<%\014\351""; ledgerHashPrevious: ""-}\351f\032\255\274\334m\326c\017\014ao[\342\230\003\245\245\3341Hm\326^\017jy\335\261""; networkTime: 803853920; firstSeq: 1; lastSeq: 1; "
1750538720914,1750538720981,2904,1,1,4,TMStatusChange,"newEvent: neCLOSING_LEDGER; ledgerSeq: 2; ledgerHash: ""\310\307\013\377\332\017\177V\203\327_\003z?\001HO\264M\200mz\336\253V\312\221\036<%\014\351""; ledgerHashPrevious: ""-}\351f\032\255\274\334m\326c\017\014ao[\342\230\003\245\245\3341Hm\326^\017jy\335\261""; networkTime: 803853920; firstSeq: 1; lastSeq: 1; ","newEvent: neCLOSING_LEDGER; ledgerSeq: 2; ledgerHash: ""\310\307\013\377\332\017\177V\203\327_\003z?\001HO\264M\200mz\336\253V\312\221\036<%\014\351""; ledgerHashPrevious: ""-}\351f\032\255\274\334m\326c\017\014ao[\342\230\003\245\245\3341Hm\326^\017jy\335\261""; networkTime: 803853920; firstSeq: 1; lastSeq: 1; "
1750538720946,1750538721025,109,1,4,2,TMStatusChange,"newEvent: neCLOSING_LEDGER; ledgerSeq: 2; ledgerHash: ""\310\307\013\377\332\017\177V\203\327_\003z?\001HO\264M\200mz\336\253V\312\221\036<%\014\351""; ledgerHashPrevious: ""-}\351f\032\255\274\334m\326c\017\014ao[\342\230\003\245\245\3341Hm\326^\017jy\335\261""; networkTime: 803853920; firstSeq: 1; lastSeq: 1; ","newEvent: neCLOSING_LEDGER; ledgerSeq: 2; ledgerHash: ""\310\307\013\377\332\017\177V\203\327_\003z?\001HO\264M\200mz\336\253V\312\221\036<%\014\351""; ledgerHashPrevious: ""-}\351f\032\255\274\334m\326c\017\014ao[\342\230\003\245\245\3341Hm\326^\017jy\335\261""; networkTime: 803853920; firstSeq: 1; lastSeq: 1; "
1750538720947,1750538721027,2699,1,4,3,TMStatusChange,"newEvent: neCLOSING_LEDGER; ledgerSeq: 2; ledgerHash: ""\310\307\013\377\332\017\177V\203\327_\003z?\001HO\264M\200mz\336\253V\312\221\036<%\014\351""; ledgerHashPrevious: ""-}\351f\032\255\274\334m\326c\017\014ao[\342\230\003\245\245\3341Hm\326^\017jy\335\261""; networkTime: 803853920; firstSeq: 1; lastSeq: 1; ","newEvent: neCLOSING_LEDGER; ledgerSeq: 2; ledgerHash: ""\310\307\013\377\332\017\177V\203\327_\003z?\001HO\264M\200mz\336\253V\312\221\036<%\014\351""; ledgerHashPrevious: ""-}\351f\032\255\274\334m\326c\017\014ao[\342\230\003\245\245\3341Hm\326^\017jy\335\261""; networkTime: 803853920; firstSeq: 1; lastSeq: 1; "
1750538720947,1750538721026,1628,1,4,1,TMStatusChange,"newEvent: neCLOSING_LEDGER; ledgerSeq: 2; ledgerHash: ""\310\307\013\377\332\017\177V\203\327_\003z?\001HO\264M\200mz\336\253V\312\221\036<%\014\351""; ledgerHashPrevious: ""-}\351f\032\255\274\334m\326c\017\014ao[\342\230\003\245\245\3341Hm\326^\017jy\335\261""; networkTime: 803853920; firstSeq: 1; lastSeq: 1; ","newEvent: neCLOSING_LEDGER; ledgerSeq: 2; ledgerHash: ""\310\307\013\377\332\017\177V\203\327_\003z?\001HO\264M\200mz\336\253V\312\221\036<%\014\351""; ledgerHashPrevious: ""-}\351f\032\255\274\334m\326c\017\014ao[\342\230\003\245\245\3341Hm\326^\017jy\335\261""; networkTime: 803853920; firstSeq: 1; lastSeq: 1; "
1750538720947,1750538721026,2311,1,4,0,TMStatusChange,"newEvent: neCLOSING_LEDGER; ledgerSeq: 2; ledgerHash: ""\310\307\013\377\332\017\177V\203\327_\003z?\001HO\264M\200mz\336\253V\312\221\036<%\014\351""; ledgerHashPrevious: ""-}\351f\032\255\274\334m\326c\017\014ao[\342\230\003\245\245\3341Hm\326^\017jy\335\261""; networkTime: 803853920; firstSeq: 1; lastSeq: 1; ","newEvent: neCLOSING_LEDGER; ledgerSeq: 2; ledgerHash: ""\310\307\013\377\332\017\177V\203\327_\003z?\001HO\264M\200mz\336\253V\312\221\036<%\014\351""; ledgerHashPrevious: ""-}\351f\032\255\274\334m\326c\017\014ao[\342\230\003\245\245\3341Hm\326^\017jy\335\261""; networkTime: 803853920; firstSeq: 1; lastSeq: 1; "
1750538721108,1750538721108,2508,1,4,3,TMProposeSet,"proposeSeq: 0; currentTxHash: ""\000\000\000\000\000\000\000\000\000\000\000\000\000\000\000\000\000\000\000\000\000\000\000\000\000\000\000\000\000\000\000\000""; nodePubKey: ""\003\266z\355\317\337p\211\027\004\376\033=\231\303\247\235\333\200-\342ze\360>\370Z0A\357\271\211N""; closeTime: 803853920; signature: ""0E\002!\000\301\202\241+O\323\372(\367':\206x\327\357M\340\251\374|X#\264\3312\223\353j\177L\026%\002 ]#\300Q\303L\231(\220\325\276D\035\361d\260\351\006N\204\217\003\003\206\027j\tU\H\350z""; previousledger: ""\310\307\013\377\332\017\177V\203\327_\003z?\001HO\264M\200mz\336\253V\312\221\036<%\014\351""; ","proposeSeq: 0; currentTxHash: ""\000\000\000\000\000\000\000\000\000\000\000\000\000\000\000\000\000\000\000\000\000\000\000\000\000\000\000\000\000\000\000\000""; nodePubKey: ""\003\266z\355\317\337p\211\027\004\376\033=\231\303\247\235\333\200-\342ze\360>\370Z0A\357\271\211N""; closeTime: 803853920; signature: ""0E\002!\000\301\202\241+O\323\372(\367':\206x\327\357M\340\251\374|X#\264\3312\223\353j\177L\026%\002 ]#\300Q\303L\231(\220\325\276D\035\361d\260\351\006N\204\217\003\003\206\027j\tU\H\350z""; previousledger: ""\310\307\013\377\332\017\177V\203\327_\003z?\001HO\264M\200mz\336\253V\312\221\036<%\014\351""; "
1750538721108,1750538721108,881,1,4,1,TMProposeSet,"proposeSeq: 0; currentTxHash: ""\000\000\000\000\000\000\000\000\000\000\000\000\000\000\000\000\000\000\000\000\000\000\000\000\000\000\000\000\000\000\000\000""; nodePubKey: ""\003\266z\355\317\337p\211\027\004\376\033=\231\303\247\235\333\200-\342ze\360>\370Z0A\357\271\211N""; closeTime: 803853920; signature: ""0E\002!\000\301\202\241+O\323\372(\367':\206x\327\357M\340\251\374|X#\264\3312\223\353j\177L\026%\002 ]#\300Q\303L\231(\220\325\276D\035\361d\260\351\006N\204\217\003\003\206\027j\tU\H\350z""; previousledger: ""\310\307\013\377\332\017\177V\203\327_\003z?\001HO\264M\200mz\336\253V\312\221\036<%\014\351""; ","proposeSeq: 0; currentTxHash: ""\000\000\000\000\000\000\000\000\000\000\000\000\000\000\000\000\000\000\000\000\000\000\000\000\000\000\000\000\000\000\000\000""; nodePubKey: ""\003\266z\355\317\337p\211\027\004\376\033=\231\303\247\235\333\200-\342ze\360>\370Z0A\357\271\211N""; closeTime: 803853920; signature: ""0E\002!\000\301\202\241+O\323\372(\367':\206x\327\357M\340\251\374|X#\264\3312\223\353j\177L\026%\002 ]#\300Q\303L\231(\220\325\276D\035\361d\260\351\006N\204\217\003\003\206\027j\tU\H\350z""; previousledger: ""\310\307\013\377\332\017\177V\203\327_\003z?\001HO\264M\200mz\336\253V\312\221\036<%\014\351""; "
1750538721108,1750538721108,1715,1,4,0,TMProposeSet,"proposeSeq: 0; currentTxHash: ""\000\000\000\000\000\000\000\000\000\000\000\000\000\000\000\000\000\000\000\000\000\000\000\000\000\000\000\000\000\000\000\000""; nodePubKey: ""\003\266z\355\317\337p\211\027\004\376\033=\231\303\247\235\333\200-\342ze\360>\370Z0A\357\271\211N""; closeTime: 803853920; signature: ""0E\002!\000\301\202\241+O\323\372(\367':\206x\327\357M\340\251\374|X#\264\3312\223\353j\177L\026%\002 ]#\300Q\303L\231(\220\325\276D\035\361d\260\351\006N\204\217\003\003\206\027j\tU\H\350z""; previousledger: ""\310\307\013\377\332\017\177V\203\327_\003z?\001HO\264M\200mz\336\253V\312\221\036<%\014\351""; ","proposeSeq: 0; currentTxHash: ""\000\000\000\000\000\000\000\000\000\000\000\000\000\000\000\000\000\000\000\000\000\000\000\000\000\000\000\000\000\000\000\000""; nodePubKey: ""\003\266z\355\317\337p\211\027\004\376\033=\231\303\247\235\333\200-\342ze\360>\370Z0A\357\271\211N""; closeTime: 803853920; signature: ""0E\002!\000\301\202\241+O\323\372(\367':\206x\327\357M\340\251\374|X#\264\3312\223\353j\177L\026%\002 ]#\300Q\303L\231(\220\325\276D\035\361d\260\351\006N\204\217\003\003\206\027j\tU\H\350z""; previousledger: ""\310\307\013\377\332\017\177V\203\327_\003z?\001HO\264M\200mz\336\253V\312\221\036<%\014\351""; "
1750538721131,1750538721131,2549,1,0,2,TMProposeSet,"proposeSeq: 0; currentTxHash: ""\000\000\000\000\000\000\000\000\000\000\000\000\000\000\000\000\000\000\000\000\000\000\000\000\000\000\000\000\000\000\000\000""; nodePubKey: ""\003\354*\213M\024\261\231C)\265\233Nk\304>g\222\037\213\224\253\332c\201 \344\373\323\332(\344k""; closeTime: 803853920; signature: ""0E\002!\000\207\354\250\375\257\250\244k\360\235\362\347\252\245\332\346\364\314\371\225.\026m\021K\R;\272\374\037\206\002 (\263\022\236~\006{\000\251('\230\302|\006\370\220\265\257\372\030p\202\260M\361\235~|\205\332'""; previousledger: ""\310\307\013\377\332\017\177V\203\327_\003z?\001HO\264M\200mz\336\253V\312\221\036<%\014\351""; ","proposeSeq: 0; currentTxHash: ""\000\000\000\000\000\000\000\000\000\000\000\000\000\000\000\000\000\000\000\000\000\000\000\000\000\000\000\000\000\000\000\000""; nodePubKey: ""\003\354*\213M\024\261\231C)\265\233Nk\304>g\222\037\213\224\253\332c\201 \344\373\323\332(\344k""; closeTime: 803853920; signature: ""0E\002!\000\207\354\250\375\257\250\244k\360\235\362\347\252\245\332\346\364\314\371\225.\026m\021K\R;\272\374\037\206\002 (\263\022\236~\006{\000\251('\230\302|\006\370\220\265\257\372\030p\202\260M\361\235~|\205\332'""; previousledger: ""\310\307\013\377\332\017\177V\203\327_\003z?\001HO\264M\200mz\336\253V\312\221\036<%\014\351""; "
1750538721131,1750538721131,3392,1,0,3,TMProposeSet,"proposeSeq: 0; currentTxHash: ""\000\000\000\000\000\000\000\000\000\000\000\000\000\000\000\000\000\000\000\000\000\000\000\000\000\000\000\000\000\000\000\000""; nodePubKey: ""\003\354*\213M\024\261\231C)\265\233Nk\304>g\222\037\213\224\253\332c\201 \344\373\323\332(\344k""; closeTime: 803853920; signature: ""0E\002!\000\207\354\250\375\257\250\244k\360\235\362\347\252\245\332\346\364\314\371\225.\026m\021K\R;\272\374\037\206\002 (\263\022\236~\006{\000\251('\230\302|\006\370\220\265\257\372\030p\202\260M\361\235~|\205\332'""; previousledger: ""\310\307\013\377\332\017\177V\203\327_\003z?\001HO\264M\200mz\336\253V\312\221\036<%\014\351""; ","proposeSeq: 0; currentTxHash: ""\000\000\000\000\000\000\000\000\000\000\000\000\000\000\000\000\000\000\000\000\000\000\000\000\000\000\000\000\000\000\000\000""; nodePubKey: ""\003\354*\213M\024\261\231C)\265\233Nk\304>g\222\037\213\224\253\332c\201 \344\373\323\332(\344k""; closeTime: 803853920; signature: ""0E\002!\000\207\354\250\375\257\250\244k\360\235\362\347\252\245\332\346\364\314\371\225.\026m\021K\R;\272\374\037\206\002 (\263\022\236~\006{\000\251('\230\302|\006\370\220\265\257\372\030p\202\260M\361\235~|\205\332'""; previousledger: ""\310\307\013\377\332\017\177V\203\327_\003z?\001HO\264M\200mz\336\253V\312\221\036<%\014\351""; "
1750538721131,1750538721131,3526,1,0,4,TMProposeSet,"proposeSeq: 0; currentTxHash: ""\000\000\000\000\000\000\000\000\000\000\000\000\000\000\000\000\000\000\000\000\000\000\000\000\000\000\000\000\000\000\000\000""; nodePubKey: ""\003\354*\213M\024\261\231C)\265\233Nk\304>g\222\037\213\224\253\332c\201 \344\373\323\332(\344k""; closeTime: 803853920; signature: ""0E\002!\000\207\354\250\375\257\250\244k\360\235\362\347\252\245\332\346\364\314\371\225.\026m\021K\R;\272\374\037\206\002 (\263\022\236~\006{\000\251('\230\302|\006\370\220\265\257\372\030p\202\260M\361\235~|\205\332'""; previousledger: ""\310\307\013\377\332\017\177V\203\327_\003z?\001HO\264M\200mz\336\253V\312\221\036<%\014\351""; ","proposeSeq: 0; currentTxHash: ""\000\000\000\000\000\000\000\000\000\000\000\000\000\000\000\000\000\000\000\000\000\000\000\000\000\000\000\000\000\000\000\000""; nodePubKey: ""\003\354*\213M\024\261\231C)\265\233Nk\304>g\222\037\213\224\253\332c\201 \344\373\323\332(\344k""; closeTime: 803853920; signature: ""0E\002!\000\207\354\250\375\257\250\244k\360\235\362\347\252\245\332\346\364\314\371\225.\026m\021K\R;\272\374\037\206\002 (\263\022\236~\006{\000\251('\230\302|\006\370\220\265\257\372\030p\202\260M\361\235~|\205\332'""; previousledger: ""\310\307\013\377\332\017\177V\203\327_\003z?\001HO\264M\200mz\336\253V\312\221\036<%\014\351""; "
1750538721327,1750538721327,3473,1,2,3,TMProposeSet,"proposeSeq: 0; currentTxHash: ""\000\000\000\000\000\000\000\000\000\000\000\000\000\000\000\000\000\000\000\000\000\000\000\000\000\000\000\000\000\000\000\000""; nodePubKey: ""\002 \026\333\362W<\375\221\252M\216[;A\212\332\001\245U\216U\016 \210\301)Q5$#\354\322""; closeTime: 803853920; signature: ""0D\002 a\3205\250\270P\252\257\200\234\264\313[\002\014\3670\237g\223\223\210\004h\356\n~\014\\243p\r\002 }\252\234e\302c\311\003j\322|_690\225\212\352\215\204\341\001\262\177\010\275\270\304\374~i\016""; previousledger: ""\310\307\013\377\332\017\177V\203\327_\003z?\001HO\264M\200mz\336\253V\312\221\036<%\014\351""; ","proposeSeq: 0; currentTxHash: ""\000\000\000\000\000\000\000\000\000\000\000\000\000\000\000\000\000\000\000\000\000\000\000\000\000\000\000\000\000\000\000\000""; nodePubKey: ""\002 \026\333\362W<\375\221\252M\216[;A\212\332\001\245U\216U\016 \210\301)Q5$#\354\322""; closeTime: 803853920; signature: ""0D\002 a\3205\250\270P\252\257\200\234\264\313[\002\014\3670\237g\223\223\210\004h\356\n~\014\\243p\r\002 }\252\234e\302c\311\003j\322|_690\225\212\352\215\204\341\001\262\177\010\275\270\304\374~i\016""; previousledger: ""\310\307\013\377\332\017\177V\203\327_\003z?\001HO\264M\200mz\336\253V\312\221\036<%\014\351""; "
1750538721328,1750538721328,2386,1,2,1,TMProposeSet,"proposeSeq: 0; currentTxHash: ""\000\000\000\000\000\000\000\000\000\000\000\000\000\000\000\000\000\000\000\000\000\000\000\000\000\000\000\000\000\000\000\000""; nodePubKey: ""\002 \026\333\362W<\375\221\252M\216[;A\212\332\001\245U\216U\016 \210\301)Q5$#\354\322""; closeTime: 803853920; signature: ""0D\002 a\3205\250\270P\252\257\200\234\264\313[\002\014\3670\237g\223\223\210\004h\356\n~\014\\243p\r\002 }\252\234e\302c\311\003j\322|_690\225\212\352\215\204\341\001\262\177\010\275\270\304\374~i\016""; previousledger: ""\310\307\013\377\332\017\177V\203\327_\003z?\001HO\264M\200mz\336\253V\312\221\036<%\014\351""; ","proposeSeq: 0; currentTxHash: ""\000\000\000\000\000\000\000\000\000\000\000\000\000\000\000\000\000\000\000\000\000\000\000\000\000\000\000\000\000\000\000\000""; nodePubKey: ""\002 \026\333\362W<\375\221\252M\216[;A\212\332\001\245U\216U\016 \210\301)Q5$#\354\322""; closeTime: 803853920; signature: ""0D\002 a\3205\250\270P\252\257\200\234\264\313[\002\014\3670\237g\223\223\210\004h\356\n~\014\\243p\r\002 }\252\234e\302c\311\003j\322|_690\225\212\352\215\204\341\001\262\177\010\275\270\304\374~i\016""; previousledger: ""\310\307\013\377\332\017\177V\203\327_\003z?\001HO\264M\200mz\336\253V\312\221\036<%\014\351""; "
1750538721328,1750538721328,2293,1,2,0,TMProposeSet,"proposeSeq: 0; currentTxHash: ""\000\000\000\000\000\000\000\000\000\000\000\000\000\000\000\000\000\000\000\000\000\000\000\000\000\000\000\000\000\000\000\000""; nodePubKey: ""\002 \026\333\362W<\375\221\252M\216[;A\212\332\001\245U\216U\016 \210\301)Q5$#\354\322""; closeTime: 803853920; signature: ""0D\002 a\3205\250\270P\252\257\200\234\264\313[\002\014\3670\237g\223\223\210\004h\356\n~\014\\243p\r\002 }\252\234e\302c\311\003j\322|_690\225\212\352\215\204\341\001\262\177\010\275\270\304\374~i\016""; previousledger: ""\310\307\013\377\332\017\177V\203\327_\003z?\001HO\264M\200mz\336\253V\312\221\036<%\014\351""; ","proposeSeq: 0; currentTxHash: ""\000\000\000\000\000\000\000\000\000\000\000\000\000\000\000\000\000\000\000\000\000\000\000\000\000\000\000\000\000\000\000\000""; nodePubKey: ""\002 \026\333\362W<\375\221\252M\216[;A\212\332\001\245U\216U\016 \210\301)Q5$#\354\322""; closeTime: 803853920; signature: ""0D\002 a\3205\250\270P\252\257\200\234\264\313[\002\014\3670\237g\223\223\210\004h\356\n~\014\\243p\r\002 }\252\234e\302c\311\003j\322|_690\225\212\352\215\204\341\001\262\177\010\275\270\304\374~i\016""; previousledger: ""\310\307\013\377\332\017\177V\203\327_\003z?\001HO\264M\200mz\336\253V\312\221\036<%\014\351""; "
1750538721612,1750538721612,379,1,4,2,TMProposeSet,"proposeSeq: 0; currentTxHash: ""\000\000\000\000\000\000\000\000\000\000\000\000\000\000\000\000\000\000\000\000\000\000\000\000\000\000\000\000\000\000\000\000""; nodePubKey: ""\003\327^j^Qa+\317\341Q\3631f \333\346Y\267\203\335X\222<\025-|H@\240\272\315\005""; closeTime: 803853920; signature: ""0D\002 P*\301\304+O\030\030\200\342\210a\245D8\036\344_T\342\213z\235""\037:D44\270\317r\002 \020\016,I\337\344\213\000(&\0130<[\3109o\204\004\314\002\270^""\314\004\255\357\276\257v\211""; previousledger: ""\310\307\013\377\332\017\177V\203\327_\003z?\001HO\264M\200mz\336\253V\312\221\036<%\014\351""; ","proposeSeq: 0; currentTxHash: ""\000\000\000\000\000\000\000\000\000\000\000\000\000\000\000\000\000\000\000\000\000\000\000\000\000\000\000\000\000\000\000\000""; nodePubKey: ""\003\327^j^Qa+\317\341Q\3631f \333\346Y\267\203\335X\222<\025-|H@\240\272\315\005""; closeTime: 803853920; signature: ""0D\002 P*\301\304+O\030\030\200\342\210a\245D8\036\344_T\342\213z\235""\037:D44\270\317r\002 \020\016,I\337\344\213\000(&\0130<[\3109o\204\004\314\002\270^""\314\004\255\357\276\257v\211""; previousledger: ""\310\307\013\377\332\017\177V\203\327_\003z?\001HO\264M\200mz\336\253V\312\221\036<%\014\351""; "
1750538721613,1750538721613,881,1,4,1,TMProposeSet,"proposeSeq: 0; currentTxHash: ""\000\000\000\000\000\000\000\000\000\000\000\000\000\000\000\000\000\000\000\000\000\000\000\000\000\000\000\000\000\000\000\000""; nodePubKey: ""\003\327^j^Qa+\317\341Q\3631f \333\346Y\267\203\335X\222<\025-|H@\240\272\315\005""; closeTime: 803853920; signature: ""0D\002 P*\301\304+O\030\030\200\342\210a\245D8\036\344_T\342\213z\235""\037:D44\270\317r\002 \020\016,I\337\344\213\000(&\0130<[\3109o\204\004\314\002\270^""\314\004\255\357\276\257v\211""; previousledger: ""\310\307\013\377\332\017\177V\203\327_\003z?\001HO\264M\200mz\336\253V\312\221\036<%\014\351""; ","proposeSeq: 0; currentTxHash: ""\000\000\000\000\000\000\000\000\000\000\000\000\000\000\000\000\000\000\000\000\000\000\000\000\000\000\000\000\000\000\000\000""; nodePubKey: ""\003\327^j^Qa+\317\341Q\3631f \333\346Y\267\203\335X\222<\025-|H@\240\272\315\005""; closeTime: 803853920; signature: ""0D\002 P*\301\304+O\030\030\200\342\210a\245D8\036\344_T\342\213z\235""\037:D44\270\317r\002 \020\016,I\337\344\213\000(&\0130<[\3109o\204\004\314\002\270^""\314\004\255\357\276\257v\211""; previousledger: ""\310\307\013\377\332\017\177V\203\327_\003z?\001HO\264M\200mz\336\253V\312\221\036<%\014\351""; "
1750538721614,1750538721614,1715,1,4,0,TMProposeSet,"proposeSeq: 0; currentTxHash: ""\000\000\000\000\000\000\000\000\000\000\000\000\000\000\000\000\000\000\000\000\000\000\000\000\000\000\000\000\000\000\000\000""; nodePubKey: ""\003\327^j^Qa+\317\341Q\3631f \333\346Y\267\203\335X\222<\025-|H@\240\272\315\005""; closeTime: 803853920; signature: ""0D\002 P*\301\304+O\030\030\200\342\210a\245D8\036\344_T\342\213z\235""\037:D44\270\317r\002 \020\016,I\337\344\213\000(&\0130<[\3109o\204\004\314\002\270^""\314\004\255\357\276\257v\211""; previousledger: ""\310\307\013\377\332\017\177V\203\327_\003z?\001HO\264M\200mz\336\253V\312\221\036<%\014\351""; ","proposeSeq: 0; currentTxHash: ""\000\000\000\000\000\000\000\000\000\000\000\000\000\000\000\000\000\000\000\000\000\000\000\000\000\000\000\000\000\000\000\000""; nodePubKey: ""\003\327^j^Qa+\317\341Q\3631f \333\346Y\267\203\335X\222<\025-|H@\240\272\315\005""; closeTime: 803853920; signature: ""0D\002 P*\301\304+O\030\030\200\342\210a\245D8\036\344_T\342\213z\235""\037:D44\270\317r\002 \020\016,I\337\344\213\000(&\0130<[\3109o\204\004\314\002\270^""\314\004\255\357\276\257v\211""; previousledger: ""\310\307\013\377\332\017\177V\203\327_\003z?\001HO\264M\200mz\336\253V\312\221\036<%\014\351""; "
1750538721766,1750538721766,3526,1,0,4,TMProposeSet,"proposeSeq: 0; currentTxHash: ""\000\000\000\000\000\000\000\000\000\000\000\000\000\000\000\000\000\000\000\000\000\000\000\000\000\000\000\000\000\000\000\000""; nodePubKey: ""\003\327^j^Qa+\317\341Q\3631f \333\346Y\267\203\335X\222<\025-|H@\240\272\315\005""; closeTime: 803853920; signature: ""0D\002 P*\301\304+O\030\030\200\342\210a\245D8\036\344_T\342\213z\235""\037:D44\270\317r\002 \020\016,I\337\344\213\000(&\0130<[\3109o\204\004\314\002\270^""\314\004\255\357\276\257v\211""; previousledger: ""\310\307\013\377\332\017\177V\203\327_\003z?\001HO\264M\200mz\336\253V\312\221\036<%\014\351""; ","proposeSeq: 0; currentTxHash: ""\000\000\000\000\000\000\000\000\000\000\000\000\000\000\000\000\000\000\000\000\000\000\000\000\000\000\000\000\000\000\000\000""; nodePubKey: ""\003\327^j^Qa+\317\341Q\3631f \333\346Y\267\203\335X\222<\025-|H@\240\272\315\005""; closeTime: 803853920; signature: ""0D\002 P*\301\304+O\030\030\200\342\210a\245D8\036\344_T\342\213z\235""\037:D44\270\317r\002 \020\016,I\337\344\213\000(&\0130<[\3109o\204\004\314\002\270^""\314\004\255\357\276\257v\211""; previousledger: ""\310\307\013\377\332\017\177V\203\327_\003z?\001HO\264M\200mz\336\253V\312\221\036<%\014\351""; "
1750538721768,1750538721768,2549,1,0,2,TMProposeSet,"proposeSeq: 0; currentTxHash: ""\000\000\000\000\000\000\000\000\000\000\000\000\000\000\000\000\000\000\000\000\000\000\000\000\000\000\000\000\000\000\000\000""; nodePubKey: ""\003\327^j^Qa+\317\341Q\3631f \333\346Y\267\203\335X\222<\025-|H@\240\272\315\005""; closeTime: 803853920; signature: ""0D\002 P*\301\304+O\030\030\200\342\210a\245D8\036\344_T\342\213z\235""\037:D44\270\317r\002 \020\016,I\337\344\213\000(&\0130<[\3109o\204\004\314\002\270^""\314\004\255\357\276\257v\211""; previousledger: ""\310\307\013\377\332\017\177V\203\327_\003z?\001HO\264M\200mz\336\253V\312\221\036<%\014\351""; ","proposeSeq: 0; currentTxHash: ""\000\000\000\000\000\000\000\000\000\000\000\000\000\000\000\000\000\000\000\000\000\000\000\000\000\000\000\000\000\000\000\000""; nodePubKey: ""\003\327^j^Qa+\317\341Q\3631f \333\346Y\267\203\335X\222<\025-|H@\240\272\315\005""; closeTime: 803853920; signature: ""0D\002 P*\301\304+O\030\030\200\342\210a\245D8\036\344_T\342\213z\235""\037:D44\270\317r\002 \020\016,I\337\344\213\000(&\0130<[\3109o\204\004\314\002\270^""\314\004\255\357\276\257v\211""; previousledger: ""\310\307\013\377\332\017\177V\203\327_\003z?\001HO\264M\200mz\336\253V\312\221\036<%\014\351""; "
1750538721767,1750538721767,2021,1,0,1,TMProposeSet,"proposeSeq: 0; currentTxHash: ""\000\000\000\000\000\000\000\000\000\000\000\000\000\000\000\000\000\000\000\000\000\000\000\000\000\000\000\000\000\000\000\000""; nodePubKey: ""\003\327^j^Qa+\317\341Q\3631f \333\346Y\267\203\335X\222<\025-|H@\240\272\315\005""; closeTime: 803853920; signature: ""0D\002 P*\301\304+O\030\030\200\342\210a\245D8\036\344_T\342\213z\235""\037:D44\270\317r\002 \020\016,I\337\344\213\000(&\0130<[\3109o\204\004\314\002\270^""\314\004\255\357\276\257v\211""; previousledger: ""\310\307\013\377\332\017\177V\203\327_\003z?\001HO\264M\200mz\336\253V\312\221\036<%\014\351""; ","proposeSeq: 0; currentTxHash: ""\000\000\000\000\000\000\000\000\000\000\000\000\000\000\000\000\000\000\000\000\000\000\000\000\000\000\000\000\000\000\000\000""; nodePubKey: ""\003\327^j^Qa+\317\341Q\3631f \333\346Y\267\203\335X\222<\025-|H@\240\272\315\005""; closeTime: 803853920; signature: ""0D\002 P*\301\304+O\030\030\200\342\210a\245D8\036\344_T\342\213z\235""\037:D44\270\317r\002 \020\016,I\337\344\213\000(&\0130<[\3109o\204\004\314\002\270^""\314\004\255\357\276\257v\211""; previousledger: ""\310\307\013\377\332\017\177V\203\327_\003z?\001HO\264M\200mz\336\253V\312\221\036<%\014\351""; "
1750538721830,1750538721830,2352,1,1,2,TMProposeSet,"proposeSeq: 0; currentTxHash: ""\000\000\000\000\000\000\000\000\000\000\000\000\000\000\000\000\000\000\000\000\000\000\000\000\000\000\000\000\000\000\000\000""; nodePubKey: ""\002 \026\333\362W<\375\221\252M\216[;A\212\332\001\245U\216U\016 \210\301)Q5$#\354\322""; closeTime: 803853920; signature: ""0D\002 a\3205\250\270P\252\257\200\234\264\313[\002\014\3670\237g\223\223\210\004h\356\n~\014\\243p\r\002 }\252\234e\302c\311\003j\322|_690\225\212\352\215\204\341\001\262\177\010\275\270\304\374~i\016""; previousledger: ""\310\307\013\377\332\017\177V\203\327_\003z?\001HO\264M\200mz\336\253V\312\221\036<%\014\351""; ","proposeSeq: 0; currentTxHash: ""\000\000\000\000\000\000\000\000\000\000\000\000\000\000\000\000\000\000\000\000\000\000\000\000\000\000\000\000\000\000\000\000""; nodePubKey: ""\002 \026\333\362W<\375\221\252M\216[;A\212\332\001\245U\216U\016 \210\301)Q5$#\354\322""; closeTime: 803853920; signature: ""0D\002 a\3205\250\270P\252\257\200\234\264\313[\002\014\3670\237g\223\223\210\004h\356\n~\014\\243p\r\002 }\252\234e\302c\311\003j\322|_690\225\212\352\215\204\341\001\262\177\010\275\270\304\374~i\016""; previousledger: ""\310\307\013\377\332\017\177V\203\327_\003z?\001HO\264M\200mz\336\253V\312\221\036<%\014\351""; "
1750538721831,1750538721831,215,1,1,0,TMProposeSet,"proposeSeq: 0; currentTxHash: ""\000\000\000\000\000\000\000\000\000\000\000\000\000\000\000\000\000\000\000\000\000\000\000\000\000\000\000\000\000\000\000\000""; nodePubKey: ""\002 \026\333\362W<\375\221\252M\216[;A\212\332\001\245U\216U\016 \210\301)Q5$#\354\322""; closeTime: 803853920; signature: ""0D\002 a\3205\250\270P\252\257\200\234\264\313[\002\014\3670\237g\223\223\210\004h\356\n~\014\\243p\r\002 }\252\234e\302c\311\003j\322|_690\225\212\352\215\204\341\001\262\177\010\275\270\304\374~i\016""; previousledger: ""\310\307\013\377\332\017\177V\203\327_\003z?\001HO\264M\200mz\336\253V\312\221\036<%\014\351""; ","proposeSeq: 0; currentTxHash: ""\000\000\000\000\000\000\000\000\000\000\000\000\000\000\000\000\000\000\000\000\000\000\000\000\000\000\000\000\000\000\000\000""; nodePubKey: ""\002 \026\333\362W<\375\221\252M\216[;A\212\332\001\245U\216U\016 \210\301)Q5$#\354\322""; closeTime: 803853920; signature: ""0D\002 a\3205\250\270P\252\257\200\234\264\313[\002\014\3670\237g\223\223\210\004h\356\n~\014\\243p\r\002 }\252\234e\302c\311\003j\322|_690\225\212\352\215\204\341\001\262\177\010\275\270\304\374~i\016""; previousledger: ""\310\307\013\377\332\017\177V\203\327_\003z?\001HO\264M\200mz\336\253V\312\221\036<%\014\351""; "
1750538721830,1750538721831,2841,1,1,3,TMProposeSet,"proposeSeq: 0; currentTxHash: ""\000\000\000\000\000\000\000\000\000\000\000\000\000\000\000\000\000\000\000\000\000\000\000\000\000\000\000\000\000\000\000\000""; nodePubKey: ""\002 \026\333\362W<\375\221\252M\216[;A\212\332\001\245U\216U\016 \210\301)Q5$#\354\322""; closeTime: 803853920; signature: ""0D\002 a\3205\250\270P\252\257\200\234\264\313[\002\014\3670\237g\223\223\210\004h\356\n~\014\\243p\r\002 }\252\234e\302c\311\003j\322|_690\225\212\352\215\204\341\001\262\177\010\275\270\304\374~i\016""; previousledger: ""\310\307\013\377\332\017\177V\203\327_\003z?\001HO\264M\200mz\336\253V\312\221\036<%\014\351""; ","proposeSeq: 0; currentTxHash: ""\000\000\000\000\000\000\000\000\000\000\000\000\000\000\000\000\000\000\000\000\000\000\000\000\000\000\000\000\000\000\000\000""; nodePubKey: ""\002 \026\333\362W<\375\221\252M\216[;A\212\332\001\245U\216U\016 \210\301)Q5$#\354\322""; closeTime: 803853920; signature: ""0D\002 a\3205\250\270P\252\257\200\234\264\313[\002\014\3670\237g\223\223\210\004h\356\n~\014\\243p\r\002 }\252\234e\302c\311\003j\322|_690\225\212\352\215\204\341\001\262\177\010\275\270\304\374~i\016""; previousledger: ""\310\307\013\377\332\017\177V\203\327_\003z?\001HO\264M\200mz\336\253V\312\221\036<%\014\351""; "
1750538721991,1750538721991,2352,1,1,2,TMProposeSet,"proposeSeq: 0; currentTxHash: ""\000\000\000\000\000\000\000\000\000\000\000\000\000\000\000\000\000\000\000\000\000\000\000\000\000\000\000\000\000\000\000\000""; nodePubKey: ""\003\266z\355\317\337p\211\027\004\376\033=\231\303\247\235\333\200-\342ze\360>\370Z0A\357\271\211N""; closeTime: 803853920; signature: ""0E\002!\000\301\202\241+O\323\372(\367':\206x\327\357M\340\251\374|X#\264\3312\223\353j\177L\026%\002 ]#\300Q\303L\231(\220\325\276D\035\361d\260\351\006N\204\217\003\003\206\027j\tU\H\350z""; previousledger: ""\310\307\013\377\332\017\177V\203\327_\003z?\001HO\264M\200mz\336\253V\312\221\036<%\014\351""; ","proposeSeq: 0; currentTxHash: ""\000\000\000\000\000\000\000\000\000\000\000\000\000\000\000\000\000\000\000\000\000\000\000\000\000\000\000\000\000\000\000\000""; nodePubKey: ""\003\266z\355\317\337p\211\027\004\376\033=\231\303\247\235\333\200-\342ze\360>\370Z0A\357\271\211N""; closeTime: 803853920; signature: ""0E\002!\000\301\202\241+O\323\372(\367':\206x\327\357M\340\251\374|X#\264\3312\223\353j\177L\026%\002 ]#\300Q\303L\231(\220\325\276D\035\361d\260\351\006N\204\217\003\003\206\027j\tU\H\350z""; previousledger: ""\310\307\013\377\332\017\177V\203\327_\003z?\001HO\264M\200mz\336\253V\312\221\036<%\014\351""; "
1750538721991,1750538721992,215,1,1,0,TMProposeSet,"proposeSeq: 0; currentTxHash: ""\000\000\000\000\000\000\000\000\000\000\000\000\000\000\000\000\000\000\000\000\000\000\000\000\000\000\000\000\000\000\000\000""; nodePubKey: ""\003\266z\355\317\337p\211\027\004\376\033=\231\303\247\235\333\200-\342ze\360>\370Z0A\357\271\211N""; closeTime: 803853920; signature: ""0E\002!\000\301\202\241+O\323\372(\367':\206x\327\357M\340\251\374|X#\264\3312\223\353j\177L\026%\002 ]#\300Q\303L\231(\220\325\276D\035\361d\260\351\006N\204\217\003\003\206\027j\tU\H\350z""; previousledger: ""\310\307\013\377\332\017\177V\203\327_\003z?\001HO\264M\200mz\336\253V\312\221\036<%\014\351""; ","proposeSeq: 0; currentTxHash: ""\000\000\000\000\000\000\000\000\000\000\000\000\000\000\000\000\000\000\000\000\000\000\000\000\000\000\000\000\000\000\000\000""; nodePubKey: ""\003\266z\355\317\337p\211\027\004\376\033=\231\303\247\235\333\200-\342ze\360>\370Z0A\357\271\211N""; closeTime: 803853920; signature: ""0E\002!\000\301\202\241+O\323\372(\367':\206x\327\357M\340\251\374|X#\264\3312\223\353j\177L\026%\002 ]#\300Q\303L\231(\220\325\276D\035\361d\260\351\006N\204\217\003\003\206\027j\tU\H\350z""; previousledger: ""\310\307\013\377\332\017\177V\203\327_\003z?\001HO\264M\200mz\336\253V\312\221\036<%\014\351""; "
1750538721992,1750538721992,2841,1,1,3,TMProposeSet,"proposeSeq: 0; currentTxHash: ""\000\000\000\000\000\000\000\000\000\000\000\000\000\000\000\000\000\000\000\000\000\000\000\000\000\000\000\000\000\000\000\000""; nodePubKey: ""\003\266z\355\317\337p\211\027\004\376\033=\231\303\247\235\333\200-\342ze\360>\370Z0A\357\271\211N""; closeTime: 803853920; signature: ""0E\002!\000\301\202\241+O\323\372(\367':\206x\327\357M\340\251\374|X#\264\3312\223\353j\177L\026%\002 ]#\300Q\303L\231(\220\325\276D\035\361d\260\351\006N\204\217\003\003\206\027j\tU\H\350z""; previousledger: ""\310\307\013\377\332\017\177V\203\327_\003z?\001HO\264M\200mz\336\253V\312\221\036<%\014\351""; ","proposeSeq: 0; currentTxHash: ""\000\000\000\000\000\000\000\000\000\000\000\000\000\000\000\000\000\000\000\000\000\000\000\000\000\000\000\000\000\000\000\000""; nodePubKey: ""\003\266z\355\317\337p\211\027\004\376\033=\231\303\247\235\333\200-\342ze\360>\370Z0A\357\271\211N""; closeTime: 803853920; signature: ""0E\002!\000\301\202\241+O\323\372(\367':\206x\327\357M\340\251\374|X#\264\3312\223\353j\177L\026%\002 ]#\300Q\303L\231(\220\325\276D\035\361d\260\351\006N\204\217\003\003\206\027j\tU\H\350z""; previousledger: ""\310\307\013\377\332\017\177V\203\327_\003z?\001HO\264M\200mz\336\253V\312\221\036<%\014\351""; "
1750538721992,1750538721992,593,1,2,4,TMProposeSet,"proposeSeq: 0; currentTxHash: ""\000\000\000\000\000\000\000\000\000\000\000\000\000\000\000\000\000\000\000\000\000\000\000\000\000\000\000\000\000\000\000\000""; nodePubKey: ""\003\327^j^Qa+\317\341Q\3631f \333\346Y\267\203\335X\222<\025-|H@\240\272\315\005""; closeTime: 803853920; signature: ""0D\002 P*\301\304+O\030\030\200\342\210a\245D8\036\344_T\342\213z\235""\037:D44\270\317r\002 \020\016,I\337\344\213\000(&\0130<[\3109o\204\004\314\002\270^""\314\004\255\357\276\257v\211""; previousledger: ""\310\307\013\377\332\017\177V\203\327_\003z?\001HO\264M\200mz\336\253V\312\221\036<%\014\351""; ","proposeSeq: 0; currentTxHash: ""\000\000\000\000\000\000\000\000\000\000\000\000\000\000\000\000\000\000\000\000\000\000\000\000\000\000\000\000\000\000\000\000""; nodePubKey: ""\003\327^j^Qa+\317\341Q\3631f \333\346Y\267\203\335X\222<\025-|H@\240\272\315\005""; closeTime: 803853920; signature: ""0D\002 P*\301\304+O\030\030\200\342\210a\245D8\036\344_T\342\213z\235""\037:D44\270\317r\002 \020\016,I\337\344\213\000(&\0130<[\3109o\204\004\314\002\270^""\314\004\255\357\276\257v\211""; previousledger: ""\310\307\013\377\332\017\177V\203\327_\003z?\001HO\264M\200mz\336\253V\312\221\036<%\014\351""; "
1750538721993,1750538721993,2293,1,2,0,TMProposeSet,"proposeSeq: 0; currentTxHash: ""\000\000\000\000\000\000\000\000\000\000\000\000\000\000\000\000\000\000\000\000\000\000\000\000\000\000\000\000\000\000\000\000""; nodePubKey: ""\003\327^j^Qa+\317\341Q\3631f \333\346Y\267\203\335X\222<\025-|H@\240\272\315\005""; closeTime: 803853920; signature: ""0D\002 P*\301\304+O\030\030\200\342\210a\245D8\036\344_T\342\213z\235""\037:D44\270\317r\002 \020\016,I\337\344\213\000(&\0130<[\3109o\204\004\314\002\270^""\314\004\255\357\276\257v\211""; previousledger: ""\310\307\013\377\332\017\177V\203\327_\003z?\001HO\264M\200mz\336\253V\312\221\036<%\014\351""; ","proposeSeq: 0; currentTxHash: ""\000\000\000\000\000\000\000\000\000\000\000\000\000\000\000\000\000\000\000\000\000\000\000\000\000\000\000\000\000\000\000\000""; nodePubKey: ""\003\327^j^Qa+\317\341Q\3631f \333\346Y\267\203\335X\222<\025-|H@\240\272\315\005""; closeTime: 803853920; signature: ""0D\002 P*\301\304+O\030\030\200\342\210a\245D8\036\344_T\342\213z\235""\037:D44\270\317r\002 \020\016,I\337\344\213\000(&\0130<[\3109o\204\004\314\002\270^""\314\004\255\357\276\257v\211""; previousledger: ""\310\307\013\377\332\017\177V\203\327_\003z?\001HO\264M\200mz\336\253V\312\221\036<%\014\351""; "
1750538721993,1750538721993,2386,1,2,1,TMProposeSet,"proposeSeq: 0; currentTxHash: ""\000\000\000\000\000\000\000\000\000\000\000\000\000\000\000\000\000\000\000\000\000\000\000\000\000\000\000\000\000\000\000\000""; nodePubKey: ""\003\327^j^Qa+\317\341Q\3631f \333\346Y\267\203\335X\222<\025-|H@\240\272\315\005""; closeTime: 803853920; signature: ""0D\002 P*\301\304+O\030\030\200\342\210a\245D8\036\344_T\342\213z\235""\037:D44\270\317r\002 \020\016,I\337\344\213\000(&\0130<[\3109o\204\004\314\002\270^""\314\004\255\357\276\257v\211""; previousledger: ""\310\307\013\377\332\017\177V\203\327_\003z?\001HO\264M\200mz\336\253V\312\221\036<%\014\351""; ","proposeSeq: 0; currentTxHash: ""\000\000\000\000\000\000\000\000\000\000\000\000\000\000\000\000\000\000\000\000\000\000\000\000\000\000\000\000\000\000\000\000""; nodePubKey: ""\003\327^j^Qa+\317\341Q\3631f \333\346Y\267\203\335X\222<\025-|H@\240\272\315\005""; closeTime: 803853920; signature: ""0D\002 P*\301\304+O\030\030\200\342\210a\245D8\036\344_T\342\213z\235""\037:D44\270\317r\002 \020\016,I\337\344\213\000(&\0130<[\3109o\204\004\314\002\270^""\314\004\255\357\276\257v\211""; previousledger: ""\310\307\013\377\332\017\177V\203\327_\003z?\001HO\264M\200mz\336\253V\312\221\036<%\014\351""; "
1750538722046,1750538722047,3526,1,0,4,TMProposeSet,"proposeSeq: 0; currentTxHash: ""\000\000\000\000\000\000\000\000\000\000\000\000\000\000\000\000\000\000\000\000\000\000\000\000\000\000\000\000\000\000\000\000""; nodePubKey: ""\002 \026\333\362W<\375\221\252M\216[;A\212\332\001\245U\216U\016 \210\301)Q5$#\354\322""; closeTime: 803853920; signature: ""0D\002 a\3205\250\270P\252\257\200\234\264\313[\002\014\3670\237g\223\223\210\004h\356\n~\014\\243p\r\002 }\252\234e\302c\311\003j\322|_690\225\212\352\215\204\341\001\262\177\010\275\270\304\374~i\016""; previousledger: ""\310\307\013\377\332\017\177V\203\327_\003z?\001HO\264M\200mz\336\253V\312\221\036<%\014\351""; ","proposeSeq: 0; currentTxHash: ""\000\000\000\000\000\000\000\000\000\000\000\000\000\000\000\000\000\000\000\000\000\000\000\000\000\000\000\000\000\000\000\000""; nodePubKey: ""\002 \026\333\362W<\375\221\252M\216[;A\212\332\001\245U\216U\016 \210\301)Q5$#\354\322""; closeTime: 803853920; signature: ""0D\002 a\3205\250\270P\252\257\200\234\264\313[\002\014\3670\237g\223\223\210\004h\356\n~\014\\243p\r\002 }\252\234e\302c\311\003j\322|_690\225\212\352\215\204\341\001\262\177\010\275\270\304\374~i\016""; previousledger: ""\310\307\013\377\332\017\177V\203\327_\003z?\001HO\264M\200mz\336\253V\312\221\036<%\014\351""; "
1750538722047,1750538722047,2549,1,0,2,TMProposeSet,"proposeSeq: 0; currentTxHash: ""\000\000\000\000\000\000\000\000\000\000\000\000\000\000\000\000\000\000\000\000\000\000\000\000\000\000\000\000\000\000\000\000""; nodePubKey: ""\002 \026\333\362W<\375\221\252M\216[;A\212\332\001\245U\216U\016 \210\301)Q5$#\354\322""; closeTime: 803853920; signature: ""0D\002 a\3205\250\270P\252\257\200\234\264\313[\002\014\3670\237g\223\223\210\004h\356\n~\014\\243p\r\002 }\252\234e\302c\311\003j\322|_690\225\212\352\215\204\341\001\262\177\010\275\270\304\374~i\016""; previousledger: ""\310\307\013\377\332\017\177V\203\327_\003z?\001HO\264M\200mz\336\253V\312\221\036<%\014\351""; ","proposeSeq: 0; currentTxHash: ""\000\000\000\000\000\000\000\000\000\000\000\000\000\000\000\000\000\000\000\000\000\000\000\000\000\000\000\000\000\000\000\000""; nodePubKey: ""\002 \026\333\362W<\375\221\252M\216[;A\212\332\001\245U\216U\016 \210\301)Q5$#\354\322""; closeTime: 803853920; signature: ""0D\002 a\3205\250\270P\252\257\200\234\264\313[\002\014\3670\237g\223\223\210\004h\356\n~\014\\243p\r\002 }\252\234e\302c\311\003j\322|_690\225\212\352\215\204\341\001\262\177\010\275\270\304\374~i\016""; previousledger: ""\310\307\013\377\332\017\177V\203\327_\003z?\001HO\264M\200mz\336\253V\312\221\036<%\014\351""; "
1750538722047,1750538722047,3392,1,0,3,TMProposeSet,"proposeSeq: 0; currentTxHash: ""\000\000\000\000\000\000\000\000\000\000\000\000\000\000\000\000\000\000\000\000\000\000\000\000\000\000\000\000\000\000\000\000""; nodePubKey: ""\002 \026\333\362W<\375\221\252M\216[;A\212\332\001\245U\216U\016 \210\301)Q5$#\354\322""; closeTime: 803853920; signature: ""0D\002 a\3205\250\270P\252\257\200\234\264\313[\002\014\3670\237g\223\223\210\004h\356\n~\014\\243p\r\002 }\252\234e\302c\311\003j\322|_690\225\212\352\215\204\341\001\262\177\010\275\270\304\374~i\016""; previousledger: ""\310\307\013\377\332\017\177V\203\327_\003z?\001HO\264M\200mz\336\253V\312\221\036<%\014\351""; ","proposeSeq: 0; currentTxHash: ""\000\000\000\000\000\000\000\000\000\000\000\000\000\000\000\000\000\000\000\000\000\000\000\000\000\000\000\000\000\000\000\000""; nodePubKey: ""\002 \026\333\362W<\375\221\252M\216[;A\212\332\001\245U\216U\016 \210\301)Q5$#\354\322""; closeTime: 803853920; signature: ""0D\002 a\3205\250\270P\252\257\200\234\264\313[\002\014\3670\237g\223\223\210\004h\356\n~\014\\243p\r\002 }\252\234e\302c\311\003j\322|_690\225\212\352\215\204\341\001\262\177\010\275\270\304\374~i\016""; previousledger: ""\310\307\013\377\332\017\177V\203\327_\003z?\001HO\264M\200mz\336\253V\312\221\036<%\014\351""; "
1750538722219,1750538722219,3526,1,0,4,TMProposeSet,"proposeSeq: 0; currentTxHash: ""\000\000\000\000\000\000\000\000\000\000\000\000\000\000\000\000\000\000\000\000\000\000\000\000\000\000\000\000\000\000\000\000""; nodePubKey: ""\003\266z\355\317\337p\211\027\004\376\033=\231\303\247\235\333\200-\342ze\360>\370Z0A\357\271\211N""; closeTime: 803853920; signature: ""0E\002!\000\301\202\241+O\323\372(\367':\206x\327\357M\340\251\374|X#\264\3312\223\353j\177L\026%\002 ]#\300Q\303L\231(\220\325\276D\035\361d\260\351\006N\204\217\003\003\206\027j\tU\H\350z""; previousledger: ""\310\307\013\377\332\017\177V\203\327_\003z?\001HO\264M\200mz\336\253V\312\221\036<%\014\351""; ","proposeSeq: 0; currentTxHash: ""\000\000\000\000\000\000\000\000\000\000\000\000\000\000\000\000\000\000\000\000\000\000\000\000\000\000\000\000\000\000\000\000""; nodePubKey: ""\003\266z\355\317\337p\211\027\004\376\033=\231\303\247\235\333\200-\342ze\360>\370Z0A\357\271\211N""; closeTime: 803853920; signature: ""0E\002!\000\301\202\241+O\323\372(\367':\206x\327\357M\340\251\374|X#\264\3312\223\353j\177L\026%\002 ]#\300Q\303L\231(\220\325\276D\035\361d\260\351\006N\204\217\003\003\206\027j\tU\H\350z""; previousledger: ""\310\307\013\377\332\017\177V\203\327_\003z?\001HO\264M\200mz\336\253V\312\221\036<%\014\351""; "
1750538722220,1750538722220,2549,1,0,2,TMProposeSet,"proposeSeq: 0; currentTxHash: ""\000\000\000\000\000\000\000\000\000\000\000\000\000\000\000\000\000\000\000\000\000\000\000\000\000\000\000\000\000\000\000\000""; nodePubKey: ""\003\266z\355\317\337p\211\027\004\376\033=\231\303\247\235\333\200-\342ze\360>\370Z0A\357\271\211N""; closeTime: 803853920; signature: ""0E\002!\000\301\202\241+O\323\372(\367':\206x\327\357M\340\251\374|X#\264\3312\223\353j\177L\026%\002 ]#\300Q\303L\231(\220\325\276D\035\361d\260\351\006N\204\217\003\003\206\027j\tU\H\350z""; previousledger: ""\310\307\013\377\332\017\177V\203\327_\003z?\001HO\264M\200mz\336\253V\312\221\036<%\014\351""; ","proposeSeq: 0; currentTxHash: ""\000\000\000\000\000\000\000\000\000\000\000\000\000\000\000\000\000\000\000\000\000\000\000\000\000\000\000\000\000\000\000\000""; nodePubKey: ""\003\266z\355\317\337p\211\027\004\376\033=\231\303\247\235\333\200-\342ze\360>\370Z0A\357\271\211N""; closeTime: 803853920; signature: ""0E\002!\000\301\202\241+O\323\372(\367':\206x\327\357M\340\251\374|X#\264\3312\223\353j\177L\026%\002 ]#\300Q\303L\231(\220\325\276D\035\361d\260\351\006N\204\217\003\003\206\027j\tU\H\350z""; previousledger: ""\310\307\013\377\332\017\177V\203\327_\003z?\001HO\264M\200mz\336\253V\312\221\036<%\014\351""; "
1750538722219,1750538722220,3392,1,0,3,TMProposeSet,"proposeSeq: 0; currentTxHash: ""\000\000\000\000\000\000\000\000\000\000\000\000\000\000\000\000\000\000\000\000\000\000\000\000\000\000\000\000\000\000\000\000""; nodePubKey: ""\003\266z\355\317\337p\211\027\004\376\033=\231\303\247\235\333\200-\342ze\360>\370Z0A\357\271\211N""; closeTime: 803853920; signature: ""0E\002!\000\301\202\241+O\323\372(\367':\206x\327\357M\340\251\374|X#\264\3312\223\353j\177L\026%\002 ]#\300Q\303L\231(\220\325\276D\035\361d\260\351\006N\204\217\003\003\206\027j\tU\H\350z""; previousledger: ""\310\307\013\377\332\017\177V\203\327_\003z?\001HO\264M\200mz\336\253V\312\221\036<%\014\351""; ","proposeSeq: 0; currentTxHash: ""\000\000\000\000\000\000\000\000\000\000\000\000\000\000\000\000\000\000\000\000\000\000\000\000\000\000\000\000\000\000\000\000""; nodePubKey: ""\003\266z\355\317\337p\211\027\004\376\033=\231\303\247\235\333\200-\342ze\360>\370Z0A\357\271\211N""; closeTime: 803853920; signature: ""0E\002!\000\301\202\241+O\323\372(\367':\206x\327\357M\340\251\374|X#\264\3312\223\353j\177L\026%\002 ]#\300Q\303L\231(\220\325\276D\035\361d\260\351\006N\204\217\003\003\206\027j\tU\H\350z""; previousledger: ""\310\307\013\377\332\017\177V\203\327_\003z?\001HO\264M\200mz\336\253V\312\221\036<%\014\351""; "
1750538722495,1750538722496,215,1,1,0,TMProposeSet,"proposeSeq: 0; currentTxHash: ""\000\000\000\000\000\000\000\000\000\000\000\000\000\000\000\000\000\000\000\000\000\000\000\000\000\000\000\000\000\000\000\000""; nodePubKey: ""\003\327^j^Qa+\317\341Q\3631f \333\346Y\267\203\335X\222<\025-|H@\240\272\315\005""; closeTime: 803853920; signature: ""0D\002 P*\301\304+O\030\030\200\342\210a\245D8\036\344_T\342\213z\235""\037:D44\270\317r\002 \020\016,I\337\344\213\000(&\0130<[\3109o\204\004\314\002\270^""\314\004\255\357\276\257v\211""; previousledger: ""\310\307\013\377\332\017\177V\203\327_\003z?\001HO\264M\200mz\336\253V\312\221\036<%\014\351""; ","proposeSeq: 0; currentTxHash: ""\000\000\000\000\000\000\000\000\000\000\000\000\000\000\000\000\000\000\000\000\000\000\000\000\000\000\000\000\000\000\000\000""; nodePubKey: ""\003\327^j^Qa+\317\341Q\3631f \333\346Y\267\203\335X\222<\025-|H@\240\272\315\005""; closeTime: 803853920; signature: ""0D\002 P*\301\304+O\030\030\200\342\210a\245D8\036\344_T\342\213z\235""\037:D44\270\317r\002 \020\016,I\337\344\213\000(&\0130<[\3109o\204\004\314\002\270^""\314\004\255\357\276\257v\211""; previousledger: ""\310\307\013\377\332\017\177V\203\327_\003z?\001HO\264M\200mz\336\253V\312\221\036<%\014\351""; "
1750538722496,1750538722496,2841,1,1,3,TMProposeSet,"proposeSeq: 0; currentTxHash: ""\000\000\000\000\000\000\000\000\000\000\000\000\000\000\000\000\000\000\000\000\000\000\000\000\000\000\000\000\000\000\000\000""; nodePubKey: ""\003\327^j^Qa+\317\341Q\3631f \333\346Y\267\203\335X\222<\025-|H@\240\272\315\005""; closeTime: 803853920; signature: ""0D\002 P*\301\304+O\030\030\200\342\210a\245D8\036\344_T\342\213z\235""\037:D44\270\317r\002 \020\016,I\337\344\213\000(&\0130<[\3109o\204\004\314\002\270^""\314\004\255\357\276\257v\211""; previousledger: ""\310\307\013\377\332\017\177V\203\327_\003z?\001HO\264M\200mz\336\253V\312\221\036<%\014\351""; ","proposeSeq: 0; currentTxHash: ""\000\000\000\000\000\000\000\000\000\000\000\000\000\000\000\000\000\000\000\000\000\000\000\000\000\000\000\000\000\000\000\000""; nodePubKey: ""\003\327^j^Qa+\317\341Q\3631f \333\346Y\267\203\335X\222<\025-|H@\240\272\315\005""; closeTime: 803853920; signature: ""0D\002 P*\301\304+O\030\030\200\342\210a\245D8\036\344_T\342\213z\235""\037:D44\270\317r\002 \020\016,I\337\344\213\000(&\0130<[\3109o\204\004\314\002\270^""\314\004\255\357\276\257v\211""; previousledger: ""\310\307\013\377\332\017\177V\203\327_\003z?\001HO\264M\200mz\336\253V\312\221\036<%\014\351""; "
1750538722496,1750538722496,2352,1,1,2,TMProposeSet,"proposeSeq: 0; currentTxHash: ""\000\000\000\000\000\000\000\000\000\000\000\000\000\000\000\000\000\000\000\000\000\000\000\000\000\000\000\000\000\000\000\000""; nodePubKey: ""\003\327^j^Qa+\317\341Q\3631f \333\346Y\267\203\335X\222<\025-|H@\240\272\315\005""; closeTime: 803853920; signature: ""0D\002 P*\301\304+O\030\030\200\342\210a\245D8\036\344_T\342\213z\235""\037:D44\270\317r\002 \020\016,I\337\344\213\000(&\0130<[\3109o\204\004\314\002\270^""\314\004\255\357\276\257v\211""; previousledger: ""\310\307\013\377\332\017\177V\203\327_\003z?\001HO\264M\200mz\336\253V\312\221\036<%\014\351""; ","proposeSeq: 0; currentTxHash: ""\000\000\000\000\000\000\000\000\000\000\000\000\000\000\000\000\000\000\000\000\000\000\000\000\000\000\000\000\000\000\000\000""; nodePubKey: ""\003\327^j^Qa+\317\341Q\3631f \333\346Y\267\203\335X\222<\025-|H@\240\272\315\005""; closeTime: 803853920; signature: ""0D\002 P*\301\304+O\030\030\200\342\210a\245D8\036\344_T\342\213z\235""\037:D44\270\317r\002 \020\016,I\337\344\213\000(&\0130<[\3109o\204\004\314\002\270^""\314\004\255\357\276\257v\211""; previousledger: ""\310\307\013\377\332\017\177V\203\327_\003z?\001HO\264M\200mz\336\253V\312\221\036<%\014\351""; "
1750538722514,1750538722514,288,1,2,4,TMStatusChange,"newEvent: neACCEPTED_LEDGER; ledgerSeq: 3; ledgerHash: ""\265\274\217{\006\230\301C\037\362\303\203\311@$\357\237S\021\014\376:\n$\006\316\201M\323F\035\t""; ledgerHashPrevious: ""\310\307\013\377\332\017\177V\203\327_\003z?\001HO\264M\200mz\336\253V\312\221\036<%\014\351""; networkTime: 803853922; firstSeq: 1; lastSeq: 1; ","newEvent: neACCEPTED_LEDGER; ledgerSeq: 3; ledgerHash: ""\265\274\217{\006\230\301C\037\362\303\203\311@$\357\237S\021\014\376:\n$\006\316\201M\323F\035\t""; ledgerHashPrevious: ""\310\307\013\377\332\017\177V\203\327_\003z?\001HO\264M\200mz\336\253V\312\221\036<%\014\351""; networkTime: 803853922; firstSeq: 1; lastSeq: 1; "
1750538722515,1750538722515,1253,1,2,0,TMStatusChange,"newEvent: neACCEPTED_LEDGER; ledgerSeq: 3; ledgerHash: ""\265\274\217{\006\230\301C\037\362\303\203\311@$\357\237S\021\014\376:\n$\006\316\201M\323F\035\t""; ledgerHashPrevious: ""\310\307\013\377\332\017\177V\203\327_\003z?\001HO\264M\200mz\336\253V\312\221\036<%\014\351""; networkTime: 803853922; firstSeq: 1; lastSeq: 1; ","newEvent: neACCEPTED_LEDGER; ledgerSeq: 3; ledgerHash: ""\265\274\217{\006\230\301C\037\362\303\203\311@$\357\237S\021\014\376:\n$\006\316\201M\323F\035\t""; ledgerHashPrevious: ""\310\307\013\377\332\017\177V\203\327_\003z?\001HO\264M\200mz\336\253V\312\221\036<%\014\351""; networkTime: 803853922; firstSeq: 1; lastSeq: 1; "
1750538722515,1750538722515,3369,1,2,1,TMStatusChange,"newEvent: neACCEPTED_LEDGER; ledgerSeq: 3; ledgerHash: ""\265\274\217{\006\230\301C\037\362\303\203\311@$\357\237S\021\014\376:\n$\006\316\201M\323F\035\t""; ledgerHashPrevious: ""\310\307\013\377\332\017\177V\203\327_\003z?\001HO\264M\200mz\336\253V\312\221\036<%\014\351""; networkTime: 803853922; firstSeq: 1; lastSeq: 1; ","newEvent: neACCEPTED_LEDGER; ledgerSeq: 3; ledgerHash: ""\265\274\217{\006\230\301C\037\362\303\203\311@$\357\237S\021\014\376:\n$\006\316\201M\323F\035\t""; ledgerHashPrevious: ""\310\307\013\377\332\017\177V\203\327_\003z?\001HO\264M\200mz\336\253V\312\221\036<%\014\351""; networkTime: 803853922; firstSeq: 1; lastSeq: 1; "
1750538722515,1750538722515,1733,1,2,1,TMValidation,"validation: """"\200\000\000\001&\000\000\000\003)/\351\326b:\023\347P\206+XgcQ\265\274\217{\006\230\301C\037\362\303\203\311@$\357\237S\021\014\376:\n$\006\316\201M\323F\035\tP\027\000\000\000\000\000\000\000\000\000\000\000\000\000\000\000\000\000\000\000\000\000\000\000\000\000\000\000\000\000\000\000\000P\031-}\351f\032\255\274\334m\326c\017\014ao[\342\230\003\245\245\3341Hm\326^\017jy\335\261s!\003\266z\355\317\337p\211\027\004\376\033=\231\303\247\235\333\200-\342ze\360>\370Z0A\357\271\211NvG0E\002!\000\352\376\037\233fgg*+\332f\324nz\354\253\2154\255\016\276\205\341T\221;\035\271\327}\212\027\002 W\254\0012r\361`\230\331t\t\206\331\204A\202,u\322h\026E W\0325\t\255-w2\035""; ","validation: """"\200\000\000\001&\000\000\000\003)/\351\326b:\023\347P\206+XgcQ\265\274\217{\006\230\301C\037\362\303\203\311@$\357\237S\021\014\376:\n$\006\316\201M\323F\035\tP\027\000\000\000\000\000\000\000\000\000\000\000\000\000\000\000\000\000\000\000\000\000\000\000\000\000\000\000\000\000\000\000\000P\031-}\351f\032\255\274\334m\326c\017\014ao[\342\230\003\245\245\3341Hm\326^\017jy\335\261s!\003\266z\355\317\337p\211\027\004\376\033=\231\303\247\235\333\200-\342ze\360>\370Z0A\357\271\211NvG0E\002!\000\352\376\037\233fgg*+\332f\324nz\354\253\2154\255\016\276\205\341T\221;\035\271\327}\212\027\002 W\254\0012r\361`\230\331t\t\206\331\204A\202,u\322h\026E W\0325\t\255-w2\035""; "
1750538722516,1750538722516,896,1,2,3,TMStatusChange,"newEvent: neACCEPTED_LEDGER; ledgerSeq: 3; ledgerHash: ""\265\274\217{\006\230\301C\037\362\303\203\311@$\357\237S\021\014\376:\n$\006\316\201M\323F\035\t""; ledgerHashPrevious: ""\310\307\013\377\332\017\177V\203\327_\003z?\001HO\264M\200mz\336\253V\312\221\036<%\014\351""; networkTime: 803853922; firstSeq: 1; lastSeq: 1; ","newEvent: neACCEPTED_LEDGER; ledgerSeq: 3; ledgerHash: ""\265\274\217{\006\230\301C\037\362\303\203\311@$\357\237S\021\014\376:\n$\006\316\201M\323F\035\t""; ledgerHashPrevious: ""\310\307\013\377\332\017\177V\203\327_\003z?\001HO\264M\200mz\336\253V\312\221\036<%\014\351""; networkTime: 803853922; firstSeq: 1; lastSeq: 1; "
1750538722516,1750538722516,2466,1,2,3,TMValidation,"validation: """"\200\000\000\001&\000\000\000\003)/\351\326b:\023\347P\206+XgcQ\265\274\217{\006\230\301C\037\362\303\203\311@$\357\237S\021\014\376:\n$\006\316\201M\323F\035\tP\027\000\000\000\000\000\000\000\000\000\000\000\000\000\000\000\000\000\000\000\000\000\000\000\000\000\000\000\000\000\000\000\000P\031-}\351f\032\255\274\334m\326c\017\014ao[\342\230\003\245\245\3341Hm\326^\017jy\335\261s!\003\266z\355\317\337p\211\027\004\376\033=\231\303\247\235\333\200-\342ze\360>\370Z0A\357\271\211NvG0E\002!\000\352\376\037\233fgg*+\332f\324nz\354\253\2154\255\016\276\205\341T\221;\035\271\327}\212\027\002 W\254\0012r\361`\230\331t\t\206\331\204A\202,u\322h\026E W\0325\t\255-w2\035""; ","validation: """"\200\000\000\001&\000\000\000\003)/\351\326b:\023\347P\206+XgcQ\265\274\217{\006\230\301C\037\362\303\203\311@$\357\237S\021\014\376:\n$\006\316\201M\323F\035\tP\027\000\000\000\000\000\000\000\000\000\000\000\000\000\000\000\000\000\000\000\000\000\000\000\000\000\000\000\000\000\000\000\000P\031-}\351f\032\255\274\334m\326c\017\014ao[\342\230\003\245\245\3341Hm\326^\017jy\335\261s!\003\266z\355\317\337p\211\027\004\376\033=\231\303\247\235\333\200-\342ze\360>\370Z0A\357\271\211NvG0E\002!\000\352\376\037\233fgg*+\332f\324nz\354\253\2154\255\016\276\205\341T\221;\035\271\327}\212\027\002 W\254\0012r\361`\230\331t\t\206\331\204A\202,u\322h\026E W\0325\t\255-w2\035""; "
1750538722517,1750538722517,870,1,2,0,TMValidation,"validation: """"\200\000\000\001&\000\000\000\003)/\351\326b:\023\347P\206+XgcQ\265\274\217{\006\230\301C\037\362\303\203\311@$\357\237S\021\014\376:\n$\006\316\201M\323F\035\tP\027\000\000\000\000\000\000\000\000\000\000\000\000\000\000\000\000\000\000\000\000\000\000\000\000\000\000\000\000\000\000\000\000P\031-}\351f\032\255\274\334m\326c\017\014ao[\342\230\003\245\245\3341Hm\326^\017jy\335\261s!\003\266z\355\317\337p\211\027\004\376\033=\231\303\247\235\333\200-\342ze\360>\370Z0A\357\271\211NvG0E\002!\000\352\376\037\233fgg*+\332f\324nz\354\253\2154\255\016\276\205\341T\221;\035\271\327}\212\027\002 W\254\0012r\361`\230\331t\t\206\331\204A\202,u\322h\026E W\0325\t\255-w2\035""; ","validation: """"\200\000\000\001&\000\000\000\003)/\351\326b:\023\347P\206+XgcQ\265\274\217{\006\230\301C\037\362\303\203\311@$\357\237S\021\014\376:\n$\006\316\201M\323F\035\tP\027\000\000\000\000\000\000\000\000\000\000\000\000\000\000\000\000\000\000\000\000\000\000\000\000\000\000\000\000\000\000\000\000P\031-}\351f\032\255\274\334m\326c\017\014ao[\342\230\003\245\245\3341Hm\326^\017jy\335\261s!\003\266z\355\317\337p\211\027\004\376\033=\231\303\247\235\333\200-\342ze\360>\370Z0A\357\271\211NvG0E\002!\000\352\376\037\233fgg*+\332f\324nz\354\253\2154\255\016\276\205\341T\221;\035\271\327}\212\027\002 W\254\0012r\361`\230\331t\t\206\331\204A\202,u\322h\026E W\0325\t\255-w2\035""; "
1750538722558,1750538722558,3489,1,2,4,TMValidation,"validation: """"\200\000\000\001&\000\000\000\003)/\351\326b:\023\347P\206+XgcQ\265\274\217{\006\230\301C\037\362\303\203\311@$\357\237S\021\014\376:\n$\006\316\201M\323F\035\tP\027\000\000\000\000\000\000\000\000\000\000\000\000\000\000\000\000\000\000\000\000\000\000\000\000\000\000\000\000\000\000\000\000P\031-}\351f\032\255\274\334m\326c\017\014ao[\342\230\003\245\245\3341Hm\326^\017jy\335\261s!\003\266z\355\317\337p\211\027\004\376\033=\231\303\247\235\333\200-\342ze\360>\370Z0A\357\271\211NvG0E\002!\000\352\376\037\233fgg*+\332f\324nz\354\253\2154\255\016\276\205\341T\221;\035\271\327}\212\027\002 W\254\0012r\361`\230\331t\t\206\331\204A\202,u\322h\026E W\0325\t\255-w2\035""; ","validation: """"\200\000\000\001&\000\000\000\003)/\351\326b:\023\347P\206+XgcQ\265\274\217{\006\230\301C\037\362\303\203\311@$\357\237S\021\014\376:\n$\006\316\201M\323F\035\tP\027\000\000\000\000\000\000\000\000\000\000\000\000\000\000\000\000\000\000\000\000\000\000\000\000\000\000\000\000\000\000\000\000P\031-}\351f\032\255\274\334m\326c\017\014ao[\342\230\003\245\245\3341Hm\326^\017jy\335\261s!\003\266z\355\317\337p\211\027\004\376\033=\231\303\247\235\333\200-\342ze\360>\370Z0A\357\271\211NvG0E\002!\000\352\376\037\233fgg*+\332f\324nz\354\253\2154\255\016\276\205\341T\221;\035\271\327}\212\027\002 W\254\0012r\361`\230\331t\t\206\331\204A\202,u\322h\026E W\0325\t\255-w2\035""; "
1750538722903,1750538722903,2351,1,0,4,TMStatusChange,"newEvent: neACCEPTED_LEDGER; ledgerSeq: 3; ledgerHash: ""\265\274\217{\006\230\301C\037\362\303\203\311@$\357\237S\021\014\376:\n$\006\316\201M\323F\035\t""; ledgerHashPrevious: ""\310\307\013\377\332\017\177V\203\327_\003z?\001HO\264M\200mz\336\253V\312\221\036<%\014\351""; networkTime: 803853922; firstSeq: 1; lastSeq: 1; ","newEvent: neACCEPTED_LEDGER; ledgerSeq: 3; ledgerHash: ""\265\274\217{\006\230\301C\037\362\303\203\311@$\357\237S\021\014\376:\n$\006\316\201M\323F\035\t""; ledgerHashPrevious: ""\310\307\013\377\332\017\177V\203\327_\003z?\001HO\264M\200mz\336\253V\312\221\036<%\014\351""; networkTime: 803853922; firstSeq: 1; lastSeq: 1; "
1750538722903,1750538722903,3852,1,0,4,TMValidation,"validation: """"\200\000\000\001&\000\000\000\003)/\351\326b:U\220E\316&g\276RQ\265\274\217{\006\230\301C\037\362\303\203\311@$\357\237S\021\014\376:\n$\006\316\201M\323F\035\tP\027\000\000\000\000\000\000\000\000\000\000\000\000\000\000\000\000\000\000\000\000\000\000\000\000\000\000\000\000\000\000\000\000P\031-}\351f\032\255\274\334m\326c\017\014ao[\342\230\003\245\245\3341Hm\326^\017jy\335\261s!\003~\375{L?\027\276\233\213\030\372\276\341\272\320\221I\273\364\302\210&&\024\321t\263~u\021\224\007vG0E\002!\000\364$\302\222\025\201(\317s\005\330\\314N\276\300<\332\215=\342\037\322\206\367\352\n,\327l\332J\002 $7\223c\211h\277t\027\214\230\316\367\376MY\350\262Kt\371\002\027V\231\331\177G\267\351O\260""; ","validation: """"\200\000\000\001&\000\000\000\003)/\351\326b:U\220E\316&g\276RQ\265\274\217{\006\230\301C\037\362\303\203\311@$\357\237S\021\014\376:\n$\006\316\201M\323F\035\tP\027\000\000\000\000\000\000\000\000\000\000\000\000\000\000\000\000\000\000\000\000\000\000\000\000\000\000\000\000\000\000\000\000P\031-}\351f\032\255\274\334m\326c\017\014ao[\342\230\003\245\245\3341Hm\326^\017jy\335\261s!\003~\375{L?\027\276\233\213\030\372\276\341\272\320\221I\273\364\302\210&&\024\321t\263~u\021\224\007vG0E\002!\000\364$\302\222\025\201(\317s\005\330\\314N\276\300<\332\215=\342\037\322\206\367\352\n,\327l\332J\002 $7\223c\211h\277t\027\214\230\316\367\376MY\350\262Kt\371\002\027V\231\331\177G\267\351O\260""; "
1750538722904,1750538722904,3117,1,0,1,TMStatusChange,"newEvent: neACCEPTED_LEDGER; ledgerSeq: 3; ledgerHash: ""\265\274\217{\006\230\301C\037\362\303\203\311@$\357\237S\021\014\376:\n$\006\316\201M\323F\035\t""; ledgerHashPrevious: ""\310\307\013\377\332\017\177V\203\327_\003z?\001HO\264M\200mz\336\253V\312\221\036<%\014\351""; networkTime: 803853922; firstSeq: 1; lastSeq: 1; ","newEvent: neACCEPTED_LEDGER; ledgerSeq: 3; ledgerHash: ""\265\274\217{\006\230\301C\037\362\303\203\311@$\357\237S\021\014\376:\n$\006\316\201M\323F\035\t""; ledgerHashPrevious: ""\310\307\013\377\332\017\177V\203\327_\003z?\001HO\264M\200mz\336\253V\312\221\036<%\014\351""; networkTime: 803853922; firstSeq: 1; lastSeq: 1; "
1750538722904,1750538722904,2722,1,0,1,TMValidation,"validation: """"\200\000\000\001&\000\000\000\003)/\351\326b:U\220E\316&g\276RQ\265\274\217{\006\230\301C\037\362\303\203\311@$\357\237S\021\014\376:\n$\006\316\201M\323F\035\tP\027\000\000\000\000\000\000\000\000\000\000\000\000\000\000\000\000\000\000\000\000\000\000\000\000\000\000\000\000\000\000\000\000P\031-}\351f\032\255\274\334m\326c\017\014ao[\342\230\003\245\245\3341Hm\326^\017jy\335\261s!\003~\375{L?\027\276\233\213\030\372\276\341\272\320\221I\273\364\302\210&&\024\321t\263~u\021\224\007vG0E\002!\000\364$\302\222\025\201(\317s\005\330\\314N\276\300<\332\215=\342\037\322\206\367\352\n,\327l\332J\002 $7\223c\211h\277t\027\214\230\316\367\376MY\350\262Kt\371\002\027V\231\331\177G\267\351O\260""; ","validation: """"\200\000\000\001&\000\000\000\003)/\351\326b:U\220E\316&g\276RQ\265\274\217{\006\230\301C\037\362\303\203\311@$\357\237S\021\014\376:\n$\006\316\201M\323F\035\tP\027\000\000\000\000\000\000\000\000\000\000\000\000\000\000\000\000\000\000\000\000\000\000\000\000\000\000\000\000\000\000\000\000P\031-}\351f\032\255\274\334m\326c\017\014ao[\342\230\003\245\245\3341Hm\326^\017jy\335\261s!\003~\375{L?\027\276\233\213\030\372\276\341\272\320\221I\273\364\302\210&&\024\321t\263~u\021\224\007vG0E\002!\000\364$\302\222\025\201(\317s\005\330\\314N\276\300<\332\215=\342\037\322\206\367\352\n,\327l\332J\002 $7\223c\211h\277t\027\214\230\316\367\376MY\350\262Kt\371\002\027V\231\331\177G\267\351O\260""; "
1750538722904,1750538722904,2635,1,0,3,TMValidation,"validation: """"\200\000\000\001&\000\000\000\003)/\351\326b:U\220E\316&g\276RQ\265\274\217{\006\230\301C\037\362\303\203\311@$\357\237S\021\014\376:\n$\006\316\201M\323F\035\tP\027\000\000\000\000\000\000\000\000\000\000\000\000\000\000\000\000\000\000\000\000\000\000\000\000\000\000\000\000\000\000\000\000P\031-}\351f\032\255\274\334m\326c\017\014ao[\342\230\003\245\245\3341Hm\326^\017jy\335\261s!\003~\375{L?\027\276\233\213\030\372\276\341\272\320\221I\273\364\302\210&&\024\321t\263~u\021\224\007vG0E\002!\000\364$\302\222\025\201(\317s\005\330\\314N\276\300<\332\215=\342\037\322\206\367\352\n,\327l\332J\002 $7\223c\211h\277t\027\214\230\316\367\376MY\350\262Kt\371\002\027V\231\331\177G\267\351O\260""; ","validation: """"\200\000\000\001&\000\000\000\003)/\351\326b:U\220E\316&g\276RQ\265\274\217{\006\230\301C\037\362\303\203\311@$\357\237S\021\014\376:\n$\006\316\201M\323F\035\tP\027\000\000\000\000\000\000\000\000\000\000\000\000\000\000\000\000\000\000\000\000\000\000\000\000\000\000\000\000\000\000\000\000P\031-}\351f\032\255\274\334m\326c\017\014ao[\342\230\003\245\245\3341Hm\326^\017jy\335\261s!\003~\375{L?\027\276\233\213\030\372\276\341\272\320\221I\273\364\302\210&&\024\321t\263~u\021\224\007vG0E\002!\000\364$\302\222\025\201(\317s\005\330\\314N\276\300<\332\215=\342\037\322\206\367\352\n,\327l\332J\002 $7\223c\211h\277t\027\214\230\316\367\376MY\350\262Kt\371\002\027V\231\331\177G\267\351O\260""; "
1750538722905,1750538722905,2898,1,0,2,TMStatusChange,"newEvent: neACCEPTED_LEDGER; ledgerSeq: 3; ledgerHash: ""\265\274\217{\006\230\301C\037\362\303\203\311@$\357\237S\021\014\376:\n$\006\316\201M\323F\035\t""; ledgerHashPrevious: ""\310\307\013\377\332\017\177V\203\327_\003z?\001HO\264M\200mz\336\253V\312\221\036<%\014\351""; networkTime: 803853922; firstSeq: 1; lastSeq: 1; ","newEvent: neACCEPTED_LEDGER; ledgerSeq: 3; ledgerHash: ""\265\274\217{\006\230\301C\037\362\303\203\311@$\357\237S\021\014\376:\n$\006\316\201M\323F\035\t""; ledgerHashPrevious: ""\310\307\013\377\332\017\177V\203\327_\003z?\001HO\264M\200mz\336\253V\312\221\036<%\014\351""; networkTime: 803853922; firstSeq: 1; lastSeq: 1; "
1750538722905,1750538722905,830,1,0,3,TMStatusChange,"newEvent: neACCEPTED_LEDGER; ledgerSeq: 3; ledgerHash: ""\265\274\217{\006\230\301C\037\362\303\203\311@$\357\237S\021\014\376:\n$\006\316\201M\323F\035\t""; ledgerHashPrevious: ""\310\307\013\377\332\017\177V\203\327_\003z?\001HO\264M\200mz\336\253V\312\221\036<%\014\351""; networkTime: 803853922; firstSeq: 1; lastSeq: 1; ","newEvent: neACCEPTED_LEDGER; ledgerSeq: 3; ledgerHash: ""\265\274\217{\006\230\301C\037\362\303\203\311@$\357\237S\021\014\376:\n$\006\316\201M\323F\035\t""; ledgerHashPrevious: ""\310\307\013\377\332\017\177V\203\327_\003z?\001HO\264M\200mz\336\253V\312\221\036<%\014\351""; networkTime: 803853922; firstSeq: 1; lastSeq: 1; "
1750538722905,1750538722905,2225,1,0,2,TMValidation,"validation: """"\200\000\000\001&\000\000\000\003)/\351\326b:U\220E\316&g\276RQ\265\274\217{\006\230\301C\037\362\303\203\311@$\357\237S\021\014\376:\n$\006\316\201M\323F\035\tP\027\000\000\000\000\000\000\000\000\000\000\000\000\000\000\000\000\000\000\000\000\000\000\000\000\000\000\000\000\000\000\000\000P\031-}\351f\032\255\274\334m\326c\017\014ao[\342\230\003\245\245\3341Hm\326^\017jy\335\261s!\003~\375{L?\027\276\233\213\030\372\276\341\272\320\221I\273\364\302\210&&\024\321t\263~u\021\224\007vG0E\002!\000\364$\302\222\025\201(\317s\005\330\\314N\276\300<\332\215=\342\037\322\206\367\352\n,\327l\332J\002 $7\223c\211h\277t\027\214\230\316\367\376MY\350\262Kt\371\002\027V\231\331\177G\267\351O\260""; ","validation: """"\200\000\000\001&\000\000\000\003)/\351\326b:U\220E\316&g\276RQ\265\274\217{\006\230\301C\037\362\303\203\311@$\357\237S\021\014\376:\n$\006\316\201M\323F\035\tP\027\000\000\000\000\000\000\000\000\000\000\000\000\000\000\000\000\000\000\000\000\000\000\000\000\000\000\000\000\000\000\000\000P\031-}\351f\032\255\274\334m\326c\017\014ao[\342\230\003\245\245\3341Hm\326^\017jy\335\261s!\003~\375{L?\027\276\233\213\030\372\276\341\272\320\221I\273\364\302\210&&\024\321t\263~u\021\224\007vG0E\002!\000\364$\302\222\025\201(\317s\005\330\\314N\276\300<\332\215=\342\037\322\206\367\352\n,\327l\332J\002 $7\223c\211h\277t\027\214\230\316\367\376MY\350\262Kt\371\002\027V\231\331\177G\267\351O\260""; "
1750538722914,1750538722914,2904,1,1,4,TMStatusChange,"newEvent: neACCEPTED_LEDGER; ledgerSeq: 3; ledgerHash: ""\265\274\217{\006\230\301C\037\362\303\203\311@$\357\237S\021\014\376:\n$\006\316\201M\323F\035\t""; ledgerHashPrevious: ""\310\307\013\377\332\017\177V\203\327_\003z?\001HO\264M\200mz\336\253V\312\221\036<%\014\351""; networkTime: 803853922; firstSeq: 1; lastSeq: 1; ","newEvent: neACCEPTED_LEDGER; ledgerSeq: 3; ledgerHash: ""\265\274\217{\006\230\301C\037\362\303\203\311@$\357\237S\021\014\376:\n$\006\316\201M\323F\035\t""; ledgerHashPrevious: ""\310\307\013\377\332\017\177V\203\327_\003z?\001HO\264M\200mz\336\253V\312\221\036<%\014\351""; networkTime: 803853922; firstSeq: 1; lastSeq: 1; "
1750538722914,1750538722914,3370,1,1,2,TMValidation,"validation: """"\200\000\000\001&\000\000\000\003)/\351\326b:\232\2111\322\240\222\246\352Q\265\274\217{\006\230\301C\037\362\303\203\311@$\357\237S\021\014\376:\n$\006\316\201M\323F\035\tP\027\000\000\000\000\000\000\000\000\000\000\000\000\000\000\000\000\000\000\000\000\000\000\000\000\000\000\000\000\000\000\000\000P\031-}\351f\032\255\274\334m\326c\017\014ao[\342\230\003\245\245\3341Hm\326^\017jy\335\261s!\003\354*\213M\024\261\231C)\265\233Nk\304>g\222\037\213\224\253\332c\201 \344\373\323\332(\344kvF0D\002 N\274\223\207P4\214\003\324%\355\201\236\342\314\230\252\034\202_d8\210\323\344\361\274\211\036\356\020\241\002 <\251V}\202J\3520\301\241\350\030G\3712}\n%w4+\263\222\236y\034\032\323\304\200\215\323""; ","validation: """"\200\000\000\001&\000\000\000\003)/\351\326b:\232\2111\322\240\222\246\352Q\265\274\217{\006\230\301C\037\362\303\203\311@$\357\237S\021\014\376:\n$\006\316\201M\323F\035\tP\027\000\000\000\000\000\000\000\000\000\000\000\000\000\000\000\000\000\000\000\000\000\000\000\000\000\000\000\000\000\000\000\000P\031-}\351f\032\255\274\334m\326c\017\014ao[\342\230\003\245\245\3341Hm\326^\017jy\335\261s!\003\354*\213M\024\261\231C)\265\233Nk\304>g\222\037\213\224\253\332c\201 \344\373\323\332(\344kvF0D\002 N\274\223\207P4\214\003\324%\355\201\236\342\314\230\252\034\202_d8\210\323\344\361\274\211\036\356\020\241\002 <\251V}\202J\3520\301\241\350\030G\3712}\n%w4+\263\222\236y\034\032\323\304\200\215\323""; "
1750538722916,1750538722916,3018,1,1,0,TMValidation,"validation: """"\200\000\000\001&\000\000\000\003)/\351\326b:\232\2111\322\240\222\246\352Q\265\274\217{\006\230\301C\037\362\303\203\311@$\357\237S\021\014\376:\n$\006\316\201M\323F\035\tP\027\000\000\000\000\000\000\000\000\000\000\000\000\000\000\000\000\000\000\000\000\000\000\000\000\000\000\000\000\000\000\000\000P\031-}\351f\032\255\274\334m\326c\017\014ao[\342\230\003\245\245\3341Hm\326^\017jy\335\261s!\003\354*\213M\024\261\231C)\265\233Nk\304>g\222\037\213\224\253\332c\201 \344\373\323\332(\344kvF0D\002 N\274\223\207P4\214\003\324%\355\201\236\342\314\230\252\034\202_d8\210\323\344\361\274\211\036\356\020\241\002 <\251V}\202J\3520\301\241\350\030G\3712}\n%w4+\263\222\236y\034\032\323\304\200\215\323""; ","validation: """"\200\000\000\001&\000\000\000\003)/\351\326b:\232\2111\322\240\222\246\352Q\265\274\217{\006\230\301C\037\362\303\203\311@$\357\237S\021\014\376:\n$\006\316\201M\323F\035\tP\027\000\000\000\000\000\000\000\000\000\000\000\000\000\000\000\000\000\000\000\000\000\000\000\000\000\000\000\000\000\000\000\000P\031-}\351f\032\255\274\334m\326c\017\014ao[\342\230\003\245\245\3341Hm\326^\017jy\335\261s!\003\354*\213M\024\261\231C)\265\233Nk\304>g\222\037\213\224\253\332c\201 \344\373\323\332(\344kvF0D\002 N\274\223\207P4\214\003\324%\355\201\236\342\314\230\252\034\202_d8\210\323\344\361\274\211\036\356\020\241\002 <\251V}\202J\3520\301\241\350\030G\3712}\n%w4+\263\222\236y\034\032\323\304\200\215\323""; "
1750538722915,1750538722915,3558,1,1,2,TMStatusChange,"newEvent: neACCEPTED_LEDGER; ledgerSeq: 3; ledgerHash: ""\265\274\217{\006\230\301C\037\362\303\203\311@$\357\237S\021\014\376:\n$\006\316\201M\323F\035\t""; ledgerHashPrevious: ""\310\307\013\377\332\017\177V\203\327_\003z?\001HO\264M\200mz\336\253V\312\221\036<%\014\351""; networkTime: 803853922; firstSeq: 1; lastSeq: 1; ","newEvent: neACCEPTED_LEDGER; ledgerSeq: 3; ledgerHash: ""\265\274\217{\006\230\301C\037\362\303\203\311@$\357\237S\021\014\376:\n$\006\316\201M\323F\035\t""; ledgerHashPrevious: ""\310\307\013\377\332\017\177V\203\327_\003z?\001HO\264M\200mz\336\253V\312\221\036<%\014\351""; networkTime: 803853922; firstSeq: 1; lastSeq: 1; "
1750538722916,1750538722916,3103,1,1,3,TMValidation,"validation: """"\200\000\000\001&\000\000\000\003)/\351\326b:\232\2111\322\240\222\246\352Q\265\274\217{\006\230\301C\037\362\303\203\311@$\357\237S\021\014\376:\n$\006\316\201M\323F\035\tP\027\000\000\000\000\000\000\000\000\000\000\000\000\000\000\000\000\000\000\000\000\000\000\000\000\000\000\000\000\000\000\000\000P\031-}\351f\032\255\274\334m\326c\017\014ao[\342\230\003\245\245\3341Hm\326^\017jy\335\261s!\003\354*\213M\024\261\231C)\265\233Nk\304>g\222\037\213\224\253\332c\201 \344\373\323\332(\344kvF0D\002 N\274\223\207P4\214\003\324%\355\201\236\342\314\230\252\034\202_d8\210\323\344\361\274\211\036\356\020\241\002 <\251V}\202J\3520\301\241\350\030G\3712}\n%w4+\263\222\236y\034\032\323\304\200\215\323""; ","validation: """"\200\000\000\001&\000\000\000\003)/\351\326b:\232\2111\322\240\222\246\352Q\265\274\217{\006\230\301C\037\362\303\203\311@$\357\237S\021\014\376:\n$\006\316\201M\323F\035\tP\027\000\000\000\000\000\000\000\000\000\000\000\000\000\000\000\000\000\000\000\000\000\000\000\000\000\000\000\000\000\000\000\000P\031-}\351f\032\255\274\334m\326c\017\014ao[\342\230\003\245\245\3341Hm\326^\017jy\335\261s!\003\354*\213M\024\261\231C)\265\233Nk\304>g\222\037\213\224\253\332c\201 \344\373\323\332(\344kvF0D\002 N\274\223\207P4\214\003\324%\355\201\236\342\314\230\252\034\202_d8\210\323\344\361\274\211\036\356\020\241\002 <\251V}\202J\3520\301\241\350\030G\3712}\n%w4+\263\222\236y\034\032\323\304\200\215\323""; "
1750538722915,1750538722915,1425,1,1,0,TMStatusChange,"newEvent: neACCEPTED_LEDGER; ledgerSeq: 3; ledgerHash: ""\265\274\217{\006\230\301C\037\362\303\203\311@$\357\237S\021\014\376:\n$\006\316\201M\323F\035\t""; ledgerHashPrevious: ""\310\307\013\377\332\017\177V\203\327_\003z?\001HO\264M\200mz\336\253V\312\221\036<%\014\351""; networkTime: 803853922; firstSeq: 1; lastSeq: 1; ","newEvent: neACCEPTED_LEDGER; ledgerSeq: 3; ledgerHash: ""\265\274\217{\006\230\301C\037\362\303\203\311@$\357\237S\021\014\376:\n$\006\316\201M\323F\035\t""; ledgerHashPrevious: ""\310\307\013\377\332\017\177V\203\327_\003z?\001HO\264M\200mz\336\253V\312\221\036<%\014\351""; networkTime: 803853922; firstSeq: 1; lastSeq: 1; "
1750538722917,1750538722917,2304,1,1,3,TMStatusChange,"newEvent: neACCEPTED_LEDGER; ledgerSeq: 3; ledgerHash: ""\265\274\217{\006\230\301C\037\362\303\203\311@$\357\237S\021\014\376:\n$\006\316\201M\323F\035\t""; ledgerHashPrevious: ""\310\307\013\377\332\017\177V\203\327_\003z?\001HO\264M\200mz\336\253V\312\221\036<%\014\351""; networkTime: 803853922; firstSeq: 1; lastSeq: 1; ","newEvent: neACCEPTED_LEDGER; ledgerSeq: 3; ledgerHash: ""\265\274\217{\006\230\301C\037\362\303\203\311@$\357\237S\021\014\376:\n$\006\316\201M\323F\035\t""; ledgerHashPrevious: ""\310\307\013\377\332\017\177V\203\327_\003z?\001HO\264M\200mz\336\253V\312\221\036<%\014\351""; networkTime: 803853922; firstSeq: 1; lastSeq: 1; "
1750538722917,1750538722917,2655,1,1,4,TMValidation,"validation: """"\200\000\000\001&\000\000\000\003)/\351\326b:\232\2111\322\240\222\246\352Q\265\274\217{\006\230\301C\037\362\303\203\311@$\357\237S\021\014\376:\n$\006\316\201M\323F\035\tP\027\000\000\000\000\000\000\000\000\000\000\000\000\000\000\000\000\000\000\000\000\000\000\000\000\000\000\000\000\000\000\000\000P\031-}\351f\032\255\274\334m\326c\017\014ao[\342\230\003\245\245\3341Hm\326^\017jy\335\261s!\003\354*\213M\024\261\231C)\265\233Nk\304>g\222\037\213\224\253\332c\201 \344\373\323\332(\344kvF0D\002 N\274\223\207P4\214\003\324%\355\201\236\342\314\230\252\034\202_d8\210\323\344\361\274\211\036\356\020\241\002 <\251V}\202J\3520\301\241\350\030G\3712}\n%w4+\263\222\236y\034\032\323\304\200\215\323""; ","validation: """"\200\000\000\001&\000\000\000\003)/\351\326b:\232\2111\322\240\222\246\352Q\265\274\217{\006\230\301C\037\362\303\203\311@$\357\237S\021\014\376:\n$\006\316\201M\323F\035\tP\027\000\000\000\000\000\000\000\000\000\000\000\000\000\000\000\000\000\000\000\000\000\000\000\000\000\000\000\000\000\000\000\000P\031-}\351f\032\255\274\334m\326c\017\014ao[\342\230\003\245\245\3341Hm\326^\017jy\335\261s!\003\354*\213M\024\261\231C)\265\233Nk\304>g\222\037\213\224\253\332c\201 \344\373\323\332(\344kvF0D\002 N\274\223\207P4\214\003\324%\355\201\236\342\314\230\252\034\202_d8\210\323\344\361\274\211\036\356\020\241\002 <\251V}\202J\3520\301\241\350\030G\3712}\n%w4+\263\222\236y\034\032\323\304\200\215\323""; "
1750538722947,1750538722947,2699,1,4,3,TMStatusChange,"newEvent: neACCEPTED_LEDGER; ledgerSeq: 3; ledgerHash: ""\265\274\217{\006\230\301C\037\362\303\203\311@$\357\237S\021\014\376:\n$\006\316\201M\323F\035\t""; ledgerHashPrevious: ""\310\307\013\377\332\017\177V\203\327_\003z?\001HO\264M\200mz\336\253V\312\221\036<%\014\351""; networkTime: 803853922; firstSeq: 1; lastSeq: 1; ","newEvent: neACCEPTED_LEDGER; ledgerSeq: 3; ledgerHash: ""\265\274\217{\006\230\301C\037\362\303\203\311@$\357\237S\021\014\376:\n$\006\316\201M\323F\035\t""; ledgerHashPrevious: ""\310\307\013\377\332\017\177V\203\327_\003z?\001HO\264M\200mz\336\253V\312\221\036<%\014\351""; networkTime: 803853922; firstSeq: 1; lastSeq: 1; "
1750538722948,1750538722948,2253,1,4,1,TMValidation,"validation: """"\200\000\000\001&\000\000\000\003)/\351\326b:\303\251\2659\267\306|_Q\265\274\217{\006\230\301C\037\362\303\203\311@$\357\237S\021\014\376:\n$\006\316\201M\323F\035\tP\027\000\000\000\000\000\000\000\000\000\000\000\000\000\000\000\000\000\000\000\000\000\000\000\000\000\000\000\000\000\000\000\000P\031-}\351f\032\255\274\334m\326c\017\014ao[\342\230\003\245\245\3341Hm\326^\017jy\335\261s!\002 \026\333\362W<\375\221\252M\216[;A\212\332\001\245U\216U\016 \210\301)Q5$#\354\322vF0D\002 m'\302\363\236\217\202.A0\205\317W\2150\367\336\256\205\271\332\224\260+o\345[\365\273Q\331\330\002 N\352\217\263-cojL\177\240\300\3175\312\357&\232~L= \246\307\004v;\267\242,\014\037""; ","validation: """"\200\000\000\001&\000\000\000\003)/\351\326b:\303\251\2659\267\306|_Q\265\274\217{\006\230\301C\037\362\303\203\311@$\357\237S\021\014\376:\n$\006\316\201M\323F\035\tP\027\000\000\000\000\000\000\000\000\000\000\000\000\000\000\000\000\000\000\000\000\000\000\000\000\000\000\000\000\000\000\000\000P\031-}\351f\032\255\274\334m\326c\017\014ao[\342\230\003\245\245\3341Hm\326^\017jy\335\261s!\002 \026\333\362W<\375\221\252M\216[;A\212\332\001\245U\216U\016 \210\301)Q5$#\354\322vF0D\002 m'\302\363\236\217\202.A0\205\317W\2150\367\336\256\205\271\332\224\260+o\345[\365\273Q\331\330\002 N\352\217\263-cojL\177\240\300\3175\312\357&\232~L= \246\307\004v;\267\242,\014\037""; "
1750538722948,1750538722948,3061,1,4,3,TMValidation,"validation: """"\200\000\000\001&\000\000\000\003)/\351\326b:\303\251\2659\267\306|_Q\265\274\217{\006\230\301C\037\362\303\203\311@$\357\237S\021\014\376:\n$\006\316\201M\323F\035\tP\027\000\000\000\000\000\000\000\000\000\000\000\000\000\000\000\000\000\000\000\000\000\000\000\000\000\000\000\000\000\000\000\000P\031-}\351f\032\255\274\334m\326c\017\014ao[\342\230\003\245\245\3341Hm\326^\017jy\335\261s!\002 \026\333\362W<\375\221\252M\216[;A\212\332\001\245U\216U\016 \210\301)Q5$#\354\322vF0D\002 m'\302\363\236\217\202.A0\205\317W\2150\367\336\256\205\271\332\224\260+o\345[\365\273Q\331\330\002 N\352\217\263-cojL\177\240\300\3175\312\357&\232~L= \246\307\004v;\267\242,\014\037""; ","validation: """"\200\000\000\001&\000\000\000\003)/\351\326b:\303\251\2659\267\306|_Q\265\274\217{\006\230\301C\037\362\303\203\311@$\357\237S\021\014\376:\n$\006\316\201M\323F\035\tP\027\000\000\000\000\000\000\000\000\000\000\000\000\000\000\000\000\000\000\000\000\000\000\000\000\000\000\000\000\000\000\000\000P\031-}\351f\032\255\274\334m\326c\017\014ao[\342\230\003\245\245\3341Hm\326^\017jy\335\261s!\002 \026\333\362W<\375\221\252M\216[;A\212\332\001\245U\216U\016 \210\301)Q5$#\354\322vF0D\002 m'\302\363\236\217\202.A0\205\317W\2150\367\336\256\205\271\332\224\260+o\345[\365\273Q\331\330\002 N\352\217\263-cojL\177\240\300\3175\312\357&\232~L= \246\307\004v;\267\242,\014\037""; "
1750538722948,1750538722948,323,1,4,0,TMValidation,"validation: """"\200\000\000\001&\000\000\000\003)/\351\326b:\303\251\2659\267\306|_Q\265\274\217{\006\230\301C\037\362\303\203\311@$\357\237S\021\014\376:\n$\006\316\201M\323F\035\tP\027\000\000\000\000\000\000\000\000\000\000\000\000\000\000\000\000\000\000\000\000\000\000\000\000\000\000\000\000\000\000\000\000P\031-}\351f\032\255\274\334m\326c\017\014ao[\342\230\003\245\245\3341Hm\326^\017jy\335\261s!\002 \026\333\362W<\375\221\252M\216[;A\212\332\001\245U\216U\016 \210\301)Q5$#\354\322vF0D\002 m'\302\363\236\217\202.A0\205\317W\2150\367\336\256\205\271\332\224\260+o\345[\365\273Q\331\330\002 N\352\217\263-cojL\177\240\300\3175\312\357&\232~L= \246\307\004v;\267\242,\014\037""; ","validation: """"\200\000\000\001&\000\000\000\003)/\351\326b:\303\251\2659\267\306|_Q\265\274\217{\006\230\301C\037\362\303\203\311@$\357\237S\021\014\376:\n$\006\316\201M\323F\035\tP\027\000\000\000\000\000\000\000\000\000\000\000\000\000\000\000\000\000\000\000\000\000\000\000\000\000\000\000\000\000\000\000\000P\031-}\351f\032\255\274\334m\326c\017\014ao[\342\230\003\245\245\3341Hm\326^\017jy\335\261s!\002 \026\333\362W<\375\221\252M\216[;A\212\332\001\245U\216U\016 \210\301)Q5$#\354\322vF0D\002 m'\302\363\236\217\202.A0\205\317W\2150\367\336\256\205\271\332\224\260+o\345[\365\273Q\331\330\002 N\352\217\263-cojL\177\240\300\3175\312\357&\232~L= \246\307\004v;\267\242,\014\037""; "
1750538722949,1750538722949,1628,1,4,1,TMStatusChange,"newEvent: neACCEPTED_LEDGER; ledgerSeq: 3; ledgerHash: ""\265\274\217{\006\230\301C\037\362\303\203\311@$\357\237S\021\014\376:\n$\006\316\201M\323F\035\t""; ledgerHashPrevious: ""\310\307\013\377\332\017\177V\203\327_\003z?\001HO\264M\200mz\336\253V\312\221\036<%\014\351""; networkTime: 803853922; firstSeq: 1; lastSeq: 1; ","newEvent: neACCEPTED_LEDGER; ledgerSeq: 3; ledgerHash: ""\265\274\217{\006\230\301C\037\362\303\203\311@$\357\237S\021\014\376:\n$\006\316\201M\323F\035\t""; ledgerHashPrevious: ""\310\307\013\377\332\017\177V\203\327_\003z?\001HO\264M\200mz\336\253V\312\221\036<%\014\351""; networkTime: 803853922; firstSeq: 1; lastSeq: 1; "
1750538722949,1750538722949,2311,1,4,0,TMStatusChange,"newEvent: neACCEPTED_LEDGER; ledgerSeq: 3; ledgerHash: ""\265\274\217{\006\230\301C\037\362\303\203\311@$\357\237S\021\014\376:\n$\006\316\201M\323F\035\t""; ledgerHashPrevious: ""\310\307\013\377\332\017\177V\203\327_\003z?\001HO\264M\200mz\336\253V\312\221\036<%\014\351""; networkTime: 803853922; firstSeq: 1; lastSeq: 1; ","newEvent: neACCEPTED_LEDGER; ledgerSeq: 3; ledgerHash: ""\265\274\217{\006\230\301C\037\362\303\203\311@$\357\237S\021\014\376:\n$\006\316\201M\323F\035\t""; ledgerHashPrevious: ""\310\307\013\377\332\017\177V\203\327_\003z?\001HO\264M\200mz\336\253V\312\221\036<%\014\351""; networkTime: 803853922; firstSeq: 1; lastSeq: 1; "
1750538722950,1750538722950,109,1,4,2,TMStatusChange,"newEvent: neACCEPTED_LEDGER; ledgerSeq: 3; ledgerHash: ""\265\274\217{\006\230\301C\037\362\303\203\311@$\357\237S\021\014\376:\n$\006\316\201M\323F\035\t""; ledgerHashPrevious: ""\310\307\013\377\332\017\177V\203\327_\003z?\001HO\264M\200mz\336\253V\312\221\036<%\014\351""; networkTime: 803853922; firstSeq: 1; lastSeq: 1; ","newEvent: neACCEPTED_LEDGER; ledgerSeq: 3; ledgerHash: ""\265\274\217{\006\230\301C\037\362\303\203\311@$\357\237S\021\014\376:\n$\006\316\201M\323F\035\t""; ledgerHashPrevious: ""\310\307\013\377\332\017\177V\203\327_\003z?\001HO\264M\200mz\336\253V\312\221\036<%\014\351""; networkTime: 803853922; firstSeq: 1; lastSeq: 1; "
1750538722950,1750538722950,1612,1,4,2,TMValidation,"validation: """"\200\000\000\001&\000\000\000\003)/\351\326b:\303\251\2659\267\306|_Q\265\274\217{\006\230\301C\037\362\303\203\311@$\357\237S\021\014\376:\n$\006\316\201M\323F\035\tP\027\000\000\000\000\000\000\000\000\000\000\000\000\000\000\000\000\000\000\000\000\000\000\000\000\000\000\000\000\000\000\000\000P\031-}\351f\032\255\274\334m\326c\017\014ao[\342\230\003\245\245\3341Hm\326^\017jy\335\261s!\002 \026\333\362W<\375\221\252M\216[;A\212\332\001\245U\216U\016 \210\301)Q5$#\354\322vF0D\002 m'\302\363\236\217\202.A0\205\317W\2150\367\336\256\205\271\332\224\260+o\345[\365\273Q\331\330\002 N\352\217\263-cojL\177\240\300\3175\312\357&\232~L= \246\307\004v;\267\242,\014\037""; ","validation: """"\200\000\000\001&\000\000\000\003)/\351\326b:\303\251\2659\267\306|_Q\265\274\217{\006\230\301C\037\362\303\203\311@$\357\237S\021\014\376:\n$\006\316\201M\323F\035\tP\027\000\000\000\000\000\000\000\000\000\000\000\000\000\000\000\000\000\000\000\000\000\000\000\000\000\000\000\000\000\000\000\000P\031-}\351f\032\255\274\334m\326c\017\014ao[\342\230\003\245\245\3341Hm\326^\017jy\335\261s!\002 \026\333\362W<\375\221\252M\216[;A\212\332\001\245U\216U\016 \210\301)Q5$#\354\322vF0D\002 m'\302\363\236\217\202.A0\205\317W\2150\367\336\256\205\271\332\224\260+o\345[\365\273Q\331\330\002 N\352\217\263-cojL\177\240\300\3175\312\357&\232~L= \246\307\004v;\267\242,\014\037""; "
1750538723272,1750538723272,2635,1,0,3,TMValidation,"validation: """"\200\000\000\001&\000\000\000\003)/\351\326b:\303\251\2659\267\306|_Q\265\274\217{\006\230\301C\037\362\303\203\311@$\357\237S\021\014\376:\n$\006\316\201M\323F\035\tP\027\000\000\000\000\000\000\000\000\000\000\000\000\000\000\000\000\000\000\000\000\000\000\000\000\000\000\000\000\000\000\000\000P\031-}\351f\032\255\274\334m\326c\017\014ao[\342\230\003\245\245\3341Hm\326^\017jy\335\261s!\002 \026\333\362W<\375\221\252M\216[;A\212\332\001\245U\216U\016 \210\301)Q5$#\354\322vF0D\002 m'\302\363\236\217\202.A0\205\317W\2150\367\336\256\205\271\332\224\260+o\345[\365\273Q\331\330\002 N\352\217\263-cojL\177\240\300\3175\312\357&\232~L= \246\307\004v;\267\242,\014\037""; ","validation: """"\200\000\000\001&\000\000\000\003)/\351\326b:\303\251\2659\267\306|_Q\265\274\217{\006\230\301C\037\362\303\203\311@$\357\237S\021\014\376:\n$\006\316\201M\323F\035\tP\027\000\000\000\000\000\000\000\000\000\000\000\000\000\000\000\000\000\000\000\000\000\000\000\000\000\000\000\000\000\000\000\000P\031-}\351f\032\255\274\334m\326c\017\014ao[\342\230\003\245\245\3341Hm\326^\017jy\335\261s!\002 \026\333\362W<\375\221\252M\216[;A\212\332\001\245U\216U\016 \210\301)Q5$#\354\322vF0D\002 m'\302\363\236\217\202.A0\205\317W\2150\367\336\256\205\271\332\224\260+o\345[\365\273Q\331\330\002 N\352\217\263-cojL\177\240\300\3175\312\357&\232~L= \246\307\004v;\267\242,\014\037""; "
1750538723273,1750538723273,2225,1,0,2,TMValidation,"validation: """"\200\000\000\001&\000\000\000\003)/\351\326b:\303\251\2659\267\306|_Q\265\274\217{\006\230\301C\037\362\303\203\311@$\357\237S\021\014\376:\n$\006\316\201M\323F\035\tP\027\000\000\000\000\000\000\000\000\000\000\000\000\000\000\000\000\000\000\000\000\000\000\000\000\000\000\000\000\000\000\000\000P\031-}\351f\032\255\274\334m\326c\017\014ao[\342\230\003\245\245\3341Hm\326^\017jy\335\261s!\002 \026\333\362W<\375\221\252M\216[;A\212\332\001\245U\216U\016 \210\301)Q5$#\354\322vF0D\002 m'\302\363\236\217\202.A0\205\317W\2150\367\336\256\205\271\332\224\260+o\345[\365\273Q\331\330\002 N\352\217\263-cojL\177\240\300\3175\312\357&\232~L= \246\307\004v;\267\242,\014\037""; ","validation: """"\200\000\000\001&\000\000\000\003)/\351\326b:\303\251\2659\267\306|_Q\265\274\217{\006\230\301C\037\362\303\203\311@$\357\237S\021\014\376:\n$\006\316\201M\323F\035\tP\027\000\000\000\000\000\000\000\000\000\000\000\000\000\000\000\000\000\000\000\000\000\000\000\000\000\000\000\000\000\000\000\000P\031-}\351f\032\255\274\334m\326c\017\014ao[\342\230\003\245\245\3341Hm\326^\017jy\335\261s!\002 \026\333\362W<\375\221\252M\216[;A\212\332\001\245U\216U\016 \210\301)Q5$#\354\322vF0D\002 m'\302\363\236\217\202.A0\205\317W\2150\367\336\256\205\271\332\224\260+o\345[\365\273Q\331\330\002 N\352\217\263-cojL\177\240\300\3175\312\357&\232~L= \246\307\004v;\267\242,\014\037""; "
1750538723273,1750538723273,2722,1,0,1,TMValidation,"validation: """"\200\000\000\001&\000\000\000\003)/\351\326b:\303\251\2659\267\306|_Q\265\274\217{\006\230\301C\037\362\303\203\311@$\357\237S\021\014\376:\n$\006\316\201M\323F\035\tP\027\000\000\000\000\000\000\000\000\000\000\000\000\000\000\000\000\000\000\000\000\000\000\000\000\000\000\000\000\000\000\000\000P\031-}\351f\032\255\274\334m\326c\017\014ao[\342\230\003\245\245\3341Hm\326^\017jy\335\261s!\002 \026\333\362W<\375\221\252M\216[;A\212\332\001\245U\216U\016 \210\301)Q5$#\354\322vF0D\002 m'\302\363\236\217\202.A0\205\317W\2150\367\336\256\205\271\332\224\260+o\345[\365\273Q\331\330\002 N\352\217\263-cojL\177\240\300\3175\312\357&\232~L= \246\307\004v;\267\242,\014\037""; ","validation: """"\200\000\000\001&\000\000\000\003)/\351\326b:\303\251\2659\267\306|_Q\265\274\217{\006\230\301C\037\362\303\203\311@$\357\237S\021\014\376:\n$\006\316\201M\323F\035\tP\027\000\000\000\000\000\000\000\000\000\000\000\000\000\000\000\000\000\000\000\000\000\000\000\000\000\000\000\000\000\000\000\000P\031-}\351f\032\255\274\334m\326c\017\014ao[\342\230\003\245\245\3341Hm\326^\017jy\335\261s!\002 \026\333\362W<\375\221\252M\216[;A\212\332\001\245U\216U\016 \210\301)Q5$#\354\322vF0D\002 m'\302\363\236\217\202.A0\205\317W\2150\367\336\256\205\271\332\224\260+o\345[\365\273Q\331\330\002 N\352\217\263-cojL\177\240\300\3175\312\357&\232~L= \246\307\004v;\267\242,\014\037""; "
1750538723387,1750538723387,2635,1,0,3,TMValidation,"validation: """"\200\000\000\001&\000\000\000\003)/\351\326b:\023\347P\206+XgcQ\265\274\217{\006\230\301C\037\362\303\203\311@$\357\237S\021\014\376:\n$\006\316\201M\323F\035\tP\027\000\000\000\000\000\000\000\000\000\000\000\000\000\000\000\000\000\000\000\000\000\000\000\000\000\000\000\000\000\000\000\000P\031-}\351f\032\255\274\334m\326c\017\014ao[\342\230\003\245\245\3341Hm\326^\017jy\335\261s!\003\266z\355\317\337p\211\027\004\376\033=\231\303\247\235\333\200-\342ze\360>\370Z0A\357\271\211NvG0E\002!\000\352\376\037\233fgg*+\332f\324nz\354\253\2154\255\016\276\205\341T\221;\035\271\327}\212\027\002 W\254\0012r\361`\230\331t\t\206\331\204A\202,u\322h\026E W\0325\t\255-w2\035""; ","validation: """"\200\000\000\001&\000\000\000\003)/\351\326b:\023\347P\206+XgcQ\265\274\217{\006\230\301C\037\362\303\203\311@$\357\237S\021\014\376:\n$\006\316\201M\323F\035\tP\027\000\000\000\000\000\000\000\000\000\000\000\000\000\000\000\000\000\000\000\000\000\000\000\000\000\000\000\000\000\000\000\000P\031-}\351f\032\255\274\334m\326c\017\014ao[\342\230\003\245\245\3341Hm\326^\017jy\335\261s!\003\266z\355\317\337p\211\027\004\376\033=\231\303\247\235\333\200-\342ze\360>\370Z0A\357\271\211NvG0E\002!\000\352\376\037\233fgg*+\332f\324nz\354\253\2154\255\016\276\205\341T\221;\035\271\327}\212\027\002 W\254\0012r\361`\230\331t\t\206\331\204A\202,u\322h\026E W\0325\t\255-w2\035""; "
1750538723387,1750538723387,3852,1,0,4,TMValidation,"validation: """"\200\000\000\001&\000\000\000\003)/\351\326b:\023\347P\206+XgcQ\265\274\217{\006\230\301C\037\362\303\203\311@$\357\237S\021\014\376:\n$\006\316\201M\323F\035\tP\027\000\000\000\000\000\000\000\000\000\000\000\000\000\000\000\000\000\000\000\000\000\000\000\000\000\000\000\000\000\000\000\000P\031-}\351f\032\255\274\334m\326c\017\014ao[\342\230\003\245\245\3341Hm\326^\017jy\335\261s!\003\266z\355\317\337p\211\027\004\376\033=\231\303\247\235\333\200-\342ze\360>\370Z0A\357\271\211NvG0E\002!\000\352\376\037\233fgg*+\332f\324nz\354\253\2154\255\016\276\205\341T\221;\035\271\327}\212\027\002 W\254\0012r\361`\230\331t\t\206\331\204A\202,u\322h\026E W\0325\t\255-w2\035""; ","validation: """"\200\000\000\001&\000\000\000\003)/\351\326b:\023\347P\206+XgcQ\265\274\217{\006\230\301C\037\362\303\203\311@$\357\237S\021\014\376:\n$\006\316\201M\323F\035\tP\027\000\000\000\000\000\000\000\000\000\000\000\000\000\000\000\000\000\000\000\000\000\000\000\000\000\000\000\000\000\000\000\000P\031-}\351f\032\255\274\334m\326c\017\014ao[\342\230\003\245\245\3341Hm\326^\017jy\335\261s!\003\266z\355\317\337p\211\027\004\376\033=\231\303\247\235\333\200-\342ze\360>\370Z0A\357\271\211NvG0E\002!\000\352\376\037\233fgg*+\332f\324nz\354\253\2154\255\016\276\205\341T\221;\035\271\327}\212\027\002 W\254\0012r\361`\230\331t\t\206\331\204A\202,u\322h\026E W\0325\t\255-w2\035""; "
1750538723387,1750538723387,2722,1,0,1,TMValidation,"validation: """"\200\000\000\001&\000\000\000\003)/\351\326b:\023\347P\206+XgcQ\265\274\217{\006\230\301C\037\362\303\203\311@$\357\237S\021\014\376:\n$\006\316\201M\323F\035\tP\027\000\000\000\000\000\000\000\000\000\000\000\000\000\000\000\000\000\000\000\000\000\000\000\000\000\000\000\000\000\000\000\000P\031-}\351f\032\255\274\334m\326c\017\014ao[\342\230\003\245\245\3341Hm\326^\017jy\335\261s!\003\266z\355\317\337p\211\027\004\376\033=\231\303\247\235\333\200-\342ze\360>\370Z0A\357\271\211NvG0E\002!\000\352\376\037\233fgg*+\332f\324nz\354\253\2154\255\016\276\205\341T\221;\035\271\327}\212\027\002 W\254\0012r\361`\230\331t\t\206\331\204A\202,u\322h\026E W\0325\t\255-w2\035""; ","validation: """"\200\000\000\001&\000\000\000\003)/\351\326b:\023\347P\206+XgcQ\265\274\217{\006\230\301C\037\362\303\203\311@$\357\237S\021\014\376:\n$\006\316\201M\323F\035\tP\027\000\000\000\000\000\000\000\000\000\000\000\000\000\000\000\000\000\000\000\000\000\000\000\000\000\000\000\000\000\000\000\000P\031-}\351f\032\255\274\334m\326c\017\014ao[\342\230\003\245\245\3341Hm\326^\017jy\335\261s!\003\266z\355\317\337p\211\027\004\376\033=\231\303\247\235\333\200-\342ze\360>\370Z0A\357\271\211NvG0E\002!\000\352\376\037\233fgg*+\332f\324nz\354\253\2154\255\016\276\205\341T\221;\035\271\327}\212\027\002 W\254\0012r\361`\230\331t\t\206\331\204A\202,u\322h\026E W\0325\t\255-w2\035""; "
1750538723457,1750538723457,1558,1,3,2,TMProposeSet,"proposeSeq: 0; currentTxHash: ""\000\000\000\000\000\000\000\000\000\000\000\000\000\000\000\000\000\000\000\000\000\000\000\000\000\000\000\000\000\000\000\000""; nodePubKey: ""\002 \026\333\362W<\375\221\252M\216[;A\212\332\001\245U\216U\016 \210\301)Q5$#\354\322""; closeTime: 803853920; signature: ""0D\002 a\3205\250\270P\252\257\200\234\264\313[\002\014\3670\237g\223\223\210\004h\356\n~\014\\243p\r\002 }\252\234e\302c\311\003j\322|_690\225\212\352\215\204\341\001\262\177\010\275\270\304\374~i\016""; previousledger: ""\310\307\013\377\332\017\177V\203\327_\003z?\001HO\264M\200mz\336\253V\312\221\036<%\014\351""; ","proposeSeq: 0; currentTxHash: ""\000\000\000\000\000\000\000\000\000\000\000\000\000\000\000\000\000\000\000\000\000\000\000\000\000\000\000\000\000\000\000\000""; nodePubKey: ""\002 \026\333\362W<\375\221\252M\216[;A\212\332\001\245U\216U\016 \210\301)Q5$#\354\322""; closeTime: 803853920; signature: ""0D\002 a\3205\250\270P\252\257\200\234\264\313[\002\014\3670\237g\223\223\210\004h\356\n~\014\\243p\r\002 }\252\234e\302c\311\003j\322|_690\225\212\352\215\204\341\001\262\177\010\275\270\304\374~i\016""; previousledger: ""\310\307\013\377\332\017\177V\203\327_\003z?\001HO\264M\200mz\336\253V\312\221\036<%\014\351""; "
1750538723457,1750538723457,1332,1,3,0,TMProposeSet,"proposeSeq: 0; currentTxHash: ""\000\000\000\000\000\000\000\000\000\000\000\000\000\000\000\000\000\000\000\000\000\000\000\000\000\000\000\000\000\000\000\000""; nodePubKey: ""\002 \026\333\362W<\375\221\252M\216[;A\212\332\001\245U\216U\016 \210\301)Q5$#\354\322""; closeTime: 803853920; signature: ""0D\002 a\3205\250\270P\252\257\200\234\264\313[\002\014\3670\237g\223\223\210\004h\356\n~\014\\243p\r\002 }\252\234e\302c\311\003j\322|_690\225\212\352\215\204\341\001\262\177\010\275\270\304\374~i\016""; previousledger: ""\310\307\013\377\332\017\177V\203\327_\003z?\001HO\264M\200mz\336\253V\312\221\036<%\014\351""; ","proposeSeq: 0; currentTxHash: ""\000\000\000\000\000\000\000\000\000\000\000\000\000\000\000\000\000\000\000\000\000\000\000\000\000\000\000\000\000\000\000\000""; nodePubKey: ""\002 \026\333\362W<\375\221\252M\216[;A\212\332\001\245U\216U\016 \210\301)Q5$#\354\322""; closeTime: 803853920; signature: ""0D\002 a\3205\250\270P\252\257\200\234\264\313[\002\014\3670\237g\223\223\210\004h\356\n~\014\\243p\r\002 }\252\234e\302c\311\003j\322|_690\225\212\352\215\204\341\001\262\177\010\275\270\304\374~i\016""; previousledger: ""\310\307\013\377\332\017\177V\203\327_\003z?\001HO\264M\200mz\336\253V\312\221\036<%\014\351""; "
1750538723458,1750538723458,3537,1,3,1,TMProposeSet,"proposeSeq: 0; currentTxHash: ""\000\000\000\000\000\000\000\000\000\000\000\000\000\000\000\000\000\000\000\000\000\000\000\000\000\000\000\000\000\000\000\000""; nodePubKey: ""\002 \026\333\362W<\375\221\252M\216[;A\212\332\001\245U\216U\016 \210\301)Q5$#\354\322""; closeTime: 803853920; signature: ""0D\002 a\3205\250\270P\252\257\200\234\264\313[\002\014\3670\237g\223\223\210\004h\356\n~\014\\243p\r\002 }\252\234e\302c\311\003j\322|_690\225\212\352\215\204\341\001\262\177\010\275\270\304\374~i\016""; previousledger: ""\310\307\013\377\332\017\177V\203\327_\003z?\001HO\264M\200mz\336\253V\312\221\036<%\014\351""; ","proposeSeq: 0; currentTxHash: ""\000\000\000\000\000\000\000\000\000\000\000\000\000\000\000\000\000\000\000\000\000\000\000\000\000\000\000\000\000\000\000\000""; nodePubKey: ""\002 \026\333\362W<\375\221\252M\216[;A\212\332\001\245U\216U\016 \210\301)Q5$#\354\322""; closeTime: 803853920; signature: ""0D\002 a\3205\250\270P\252\257\200\234\264\313[\002\014\3670\237g\223\223\210\004h\356\n~\014\\243p\r\002 }\252\234e\302c\311\003j\322|_690\225\212\352\215\204\341\001\262\177\010\275\270\304\374~i\016""; previousledger: ""\310\307\013\377\332\017\177V\203\327_\003z?\001HO\264M\200mz\336\253V\312\221\036<%\014\351""; "
1750538723619,1750538723619,1558,1,3,2,TMProposeSet,"proposeSeq: 0; currentTxHash: ""\000\000\000\000\000\000\000\000\000\000\000\000\000\000\000\000\000\000\000\000\000\000\000\000\000\000\000\000\000\000\000\000""; nodePubKey: ""\003\266z\355\317\337p\211\027\004\376\033=\231\303\247\235\333\200-\342ze\360>\370Z0A\357\271\211N""; closeTime: 803853920; signature: ""0E\002!\000\301\202\241+O\323\372(\367':\206x\327\357M\340\251\374|X#\264\3312\223\353j\177L\026%\002 ]#\300Q\303L\231(\220\325\276D\035\361d\260\351\006N\204\217\003\003\206\027j\tU\H\350z""; previousledger: ""\310\307\013\377\332\017\177V\203\327_\003z?\001HO\264M\200mz\336\253V\312\221\036<%\014\351""; ","proposeSeq: 0; currentTxHash: ""\000\000\000\000\000\000\000\000\000\000\000\000\000\000\000\000\000\000\000\000\000\000\000\000\000\000\000\000\000\000\000\000""; nodePubKey: ""\003\266z\355\317\337p\211\027\004\376\033=\231\303\247\235\333\200-\342ze\360>\370Z0A\357\271\211N""; closeTime: 803853920; signature: ""0E\002!\000\301\202\241+O\323\372(\367':\206x\327\357M\340\251\374|X#\264\3312\223\353j\177L\026%\002 ]#\300Q\303L\231(\220\325\276D\035\361d\260\351\006N\204\217\003\003\206\027j\tU\H\350z""; previousledger: ""\310\307\013\377\332\017\177V\203\327_\003z?\001HO\264M\200mz\336\253V\312\221\036<%\014\351""; "
1750538723619,1750538723619,3537,1,3,1,TMProposeSet,"proposeSeq: 0; currentTxHash: ""\000\000\000\000\000\000\000\000\000\000\000\000\000\000\000\000\000\000\000\000\000\000\000\000\000\000\000\000\000\000\000\000""; nodePubKey: ""\003\266z\355\317\337p\211\027\004\376\033=\231\303\247\235\333\200-\342ze\360>\370Z0A\357\271\211N""; closeTime: 803853920; signature: ""0E\002!\000\301\202\241+O\323\372(\367':\206x\327\357M\340\251\374|X#\264\3312\223\353j\177L\026%\002 ]#\300Q\303L\231(\220\325\276D\035\361d\260\351\006N\204\217\003\003\206\027j\tU\H\350z""; previousledger: ""\310\307\013\377\332\017\177V\203\327_\003z?\001HO\264M\200mz\336\253V\312\221\036<%\014\351""; ","proposeSeq: 0; currentTxHash: ""\000\000\000\000\000\000\000\000\000\000\000\000\000\000\000\000\000\000\000\000\000\000\000\000\000\000\000\000\000\000\000\000""; nodePubKey: ""\003\266z\355\317\337p\211\027\004\376\033=\231\303\247\235\333\200-\342ze\360>\370Z0A\357\271\211N""; closeTime: 803853920; signature: ""0E\002!\000\301\202\241+O\323\372(\367':\206x\327\357M\340\251\374|X#\264\3312\223\353j\177L\026%\002 ]#\300Q\303L\231(\220\325\276D\035\361d\260\351\006N\204\217\003\003\206\027j\tU\H\350z""; previousledger: ""\310\307\013\377\332\017\177V\203\327_\003z?\001HO\264M\200mz\336\253V\312\221\036<%\014\351""; "
1750538723619,1750538723619,1332,1,3,0,TMProposeSet,"proposeSeq: 0; currentTxHash: ""\000\000\000\000\000\000\000\000\000\000\000\000\000\000\000\000\000\000\000\000\000\000\000\000\000\000\000\000\000\000\000\000""; nodePubKey: ""\003\266z\355\317\337p\211\027\004\376\033=\231\303\247\235\333\200-\342ze\360>\370Z0A\357\271\211N""; closeTime: 803853920; signature: ""0E\002!\000\301\202\241+O\323\372(\367':\206x\327\357M\340\251\374|X#\264\3312\223\353j\177L\026%\002 ]#\300Q\303L\231(\220\325\276D\035\361d\260\351\006N\204\217\003\003\206\027j\tU\H\350z""; previousledger: ""\310\307\013\377\332\017\177V\203\327_\003z?\001HO\264M\200mz\336\253V\312\221\036<%\014\351""; ","proposeSeq: 0; currentTxHash: ""\000\000\000\000\000\000\000\000\000\000\000\000\000\000\000\000\000\000\000\000\000\000\000\000\000\000\000\000\000\000\000\000""; nodePubKey: ""\003\266z\355\317\337p\211\027\004\376\033=\231\303\247\235\333\200-\342ze\360>\370Z0A\357\271\211N""; closeTime: 803853920; signature: ""0E\002!\000\301\202\241+O\323\372(\367':\206x\327\357M\340\251\374|X#\264\3312\223\353j\177L\026%\002 ]#\300Q\303L\231(\220\325\276D\035\361d\260\351\006N\204\217\003\003\206\027j\tU\H\350z""; previousledger: ""\310\307\013\377\332\017\177V\203\327_\003z?\001HO\264M\200mz\336\253V\312\221\036<%\014\351""; "
1750538723757,1750538723757,1178,1,3,4,TMProposeSet,"proposeSeq: 0; currentTxHash: ""\000\000\000\000\000\000\000\000\000\000\000\000\000\000\000\000\000\000\000\000\000\000\000\000\000\000\000\000\000\000\000\000""; nodePubKey: ""\003\354*\213M\024\261\231C)\265\233Nk\304>g\222\037\213\224\253\332c\201 \344\373\323\332(\344k""; closeTime: 803853920; signature: ""0E\002!\000\207\354\250\375\257\250\244k\360\235\362\347\252\245\332\346\364\314\371\225.\026m\021K\R;\272\374\037\206\002 (\263\022\236~\006{\000\251('\230\302|\006\370\220\265\257\372\030p\202\260M\361\235~|\205\332'""; previousledger: ""\310\307\013\377\332\017\177V\203\327_\003z?\001HO\264M\200mz\336\253V\312\221\036<%\014\351""; ","proposeSeq: 0; currentTxHash: ""\000\000\000\000\000\000\000\000\000\000\000\000\000\000\000\000\000\000\000\000\000\000\000\000\000\000\000\000\000\000\000\000""; nodePubKey: ""\003\354*\213M\024\261\231C)\265\233Nk\304>g\222\037\213\224\253\332c\201 \344\373\323\332(\344k""; closeTime: 803853920; signature: ""0E\002!\000\207\354\250\375\257\250\244k\360\235\362\347\252\245\332\346\364\314\371\225.\026m\021K\R;\272\374\037\206\002 (\263\022\236~\006{\000\251('\230\302|\006\370\220\265\257\372\030p\202\260M\361\235~|\205\332'""; previousledger: ""\310\307\013\377\332\017\177V\203\327_\003z?\001HO\264M\200mz\336\253V\312\221\036<%\014\351""; "
1750538723757,1750538723758,1558,1,3,2,TMProposeSet,"proposeSeq: 0; currentTxHash: ""\000\000\000\000\000\000\000\000\000\000\000\000\000\000\000\000\000\000\000\000\000\000\000\000\000\000\000\000\000\000\000\000""; nodePubKey: ""\003\354*\213M\024\261\231C)\265\233Nk\304>g\222\037\213\224\253\332c\201 \344\373\323\332(\344k""; closeTime: 803853920; signature: ""0E\002!\000\207\354\250\375\257\250\244k\360\235\362\347\252\245\332\346\364\314\371\225.\026m\021K\R;\272\374\037\206\002 (\263\022\236~\006{\000\251('\230\302|\006\370\220\265\257\372\030p\202\260M\361\235~|\205\332'""; previousledger: ""\310\307\013\377\332\017\177V\203\327_\003z?\001HO\264M\200mz\336\253V\312\221\036<%\014\351""; ","proposeSeq: 0; currentTxHash: ""\000\000\000\000\000\000\000\000\000\000\000\000\000\000\000\000\000\000\000\000\000\000\000\000\000\000\000\000\000\000\000\000""; nodePubKey: ""\003\354*\213M\024\261\231C)\265\233Nk\304>g\222\037\213\224\253\332c\201 \344\373\323\332(\344k""; closeTime: 803853920; signature: ""0E\002!\000\207\354\250\375\257\250\244k\360\235\362\347\252\245\332\346\364\314\371\225.\026m\021K\R;\272\374\037\206\002 (\263\022\236~\006{\000\251('\230\302|\006\370\220\265\257\372\030p\202\260M\361\235~|\205\332'""; previousledger: ""\310\307\013\377\332\017\177V\203\327_\003z?\001HO\264M\200mz\336\253V\312\221\036<%\014\351""; "
1750538723758,1750538723758,1332,1,3,0,TMProposeSet,"proposeSeq: 0; currentTxHash: ""\000\000\000\000\000\000\000\000\000\000\000\000\000\000\000\000\000\000\000\000\000\000\000\000\000\000\000\000\000\000\000\000""; nodePubKey: ""\003\354*\213M\024\261\231C)\265\233Nk\304>g\222\037\213\224\253\332c\201 \344\373\323\332(\344k""; closeTime: 803853920; signature: ""0E\002!\000\207\354\250\375\257\250\244k\360\235\362\347\252\245\332\346\364\314\371\225.\026m\021K\R;\272\374\037\206\002 (\263\022\236~\006{\000\251('\230\302|\006\370\220\265\257\372\030p\202\260M\361\235~|\205\332'""; previousledger: ""\310\307\013\377\332\017\177V\203\327_\003z?\001HO\264M\200mz\336\253V\312\221\036<%\014\351""; ","proposeSeq: 0; currentTxHash: ""\000\000\000\000\000\000\000\000\000\000\000\000\000\000\000\000\000\000\000\000\000\000\000\000\000\000\000\000\000\000\000\000""; nodePubKey: ""\003\354*\213M\024\261\231C)\265\233Nk\304>g\222\037\213\224\253\332c\201 \344\373\323\332(\344k""; closeTime: 803853920; signature: ""0E\002!\000\207\354\250\375\257\250\244k\360\235\362\347\252\245\332\346\364\314\371\225.\026m\021K\R;\272\374\037\206\002 (\263\022\236~\006{\000\251('\230\302|\006\370\220\265\257\372\030p\202\260M\361\235~|\205\332'""; previousledger: ""\310\307\013\377\332\017\177V\203\327_\003z?\001HO\264M\200mz\336\253V\312\221\036<%\014\351""; "
1750538723903,1750538723903,3526,1,0,4,TMProposeSet,"proposeSeq: 0; currentTxHash: ""\000\000\000\000\000\000\000\000\000\000\000\000\000\000\000\000\000\000\000\000\000\000\000\000\000\000\000\000\000\000\000\000""; nodePubKey: ""\003~\375{L?\027\276\233\213\030\372\276\341\272\320\221I\273\364\302\210&&\024\321t\263~u\021\224\007""; closeTime: 803853923; signature: ""0E\002!\000\325\243v\t\256i\363\004\237W\261\272\033_\216\331\tS\345w\221\304{\252\251\177Q0M\231h\273\002 j\314\340\257\260r\266\264z\236\211\343\004h\360[\340\256Y[\352G+\003\036\276)\000W8\212\254""; previousledger: ""\265\274\217{\006\230\301C\037\362\303\203\311@$\357\237S\021\014\376:\n$\006\316\201M\323F\035\t""; ","proposeSeq: 0; currentTxHash: ""\000\000\000\000\000\000\000\000\000\000\000\000\000\000\000\000\000\000\000\000\000\000\000\000\000\000\000\000\000\000\000\000""; nodePubKey: ""\003~\375{L?\027\276\233\213\030\372\276\341\272\320\221I\273\364\302\210&&\024\321t\263~u\021\224\007""; closeTime: 803853923; signature: ""0E\002!\000\325\243v\t\256i\363\004\237W\261\272\033_\216\331\tS\345w\221\304{\252\251\177Q0M\231h\273\002 j\314\340\257\260r\266\264z\236\211\343\004h\360[\340\256Y[\352G+\003\036\276)\000W8\212\254""; previousledger: ""\265\274\217{\006\230\301C\037\362\303\203\311@$\357\237S\021\014\376:\n$\006\316\201M\323F\035\t""; "
1750538723904,1750538723904,3392,1,0,3,TMProposeSet,"proposeSeq: 0; currentTxHash: ""\000\000\000\000\000\000\000\000\000\000\000\000\000\000\000\000\000\000\000\000\000\000\000\000\000\000\000\000\000\000\000\000""; nodePubKey: ""\003~\375{L?\027\276\233\213\030\372\276\341\272\320\221I\273\364\302\210&&\024\321t\263~u\021\224\007""; closeTime: 803853923; signature: ""0E\002!\000\325\243v\t\256i\363\004\237W\261\272\033_\216\331\tS\345w\221\304{\252\251\177Q0M\231h\273\002 j\314\340\257\260r\266\264z\236\211\343\004h\360[\340\256Y[\352G+\003\036\276)\000W8\212\254""; previousledger: ""\265\274\217{\006\230\301C\037\362\303\203\311@$\357\237S\021\014\376:\n$\006\316\201M\323F\035\t""; ","proposeSeq: 0; currentTxHash: ""\000\000\000\000\000\000\000\000\000\000\000\000\000\000\000\000\000\000\000\000\000\000\000\000\000\000\000\000\000\000\000\000""; nodePubKey: ""\003~\375{L?\027\276\233\213\030\372\276\341\272\320\221I\273\364\302\210&&\024\321t\263~u\021\224\007""; closeTime: 803853923; signature: ""0E\002!\000\325\243v\t\256i\363\004\237W\261\272\033_\216\331\tS\345w\221\304{\252\251\177Q0M\231h\273\002 j\314\340\257\260r\266\264z\236\211\343\004h\360[\340\256Y[\352G+\003\036\276)\000W8\212\254""; previousledger: ""\265\274\217{\006\230\301C\037\362\303\203\311@$\357\237S\021\014\376:\n$\006\316\201M\323F\035\t""; "
1750538723906,1750538723906,2549,1,0,2,TMProposeSet,"proposeSeq: 0; currentTxHash: ""\000\000\000\000\000\000\000\000\000\000\000\000\000\000\000\000\000\000\000\000\000\000\000\000\000\000\000\000\000\000\000\000""; nodePubKey: ""\003~\375{L?\027\276\233\213\030\372\276\341\272\320\221I\273\364\302\210&&\024\321t\263~u\021\224\007""; closeTime: 803853923; signature: ""0E\002!\000\325\243v\t\256i\363\004\237W\261\272\033_\216\331\tS\345w\221\304{\252\251\177Q0M\231h\273\002 j\314\340\257\260r\266\264z\236\211\343\004h\360[\340\256Y[\352G+\003\036\276)\000W8\212\254""; previousledger: ""\265\274\217{\006\230\301C\037\362\303\203\311@$\357\237S\021\014\376:\n$\006\316\201M\323F\035\t""; ","proposeSeq: 0; currentTxHash: ""\000\000\000\000\000\000\000\000\000\000\000\000\000\000\000\000\000\000\000\000\000\000\000\000\000\000\000\000\000\000\000\000""; nodePubKey: ""\003~\375{L?\027\276\233\213\030\372\276\341\272\320\221I\273\364\302\210&&\024\321t\263~u\021\224\007""; closeTime: 803853923; signature: ""0E\002!\000\325\243v\t\256i\363\004\237W\261\272\033_\216\331\tS\345w\221\304{\252\251\177Q0M\231h\273\002 j\314\340\257\260r\266\264z\236\211\343\004h\360[\340\256Y[\352G+\003\036\276)\000W8\212\254""; previousledger: ""\265\274\217{\006\230\301C\037\362\303\203\311@$\357\237S\021\014\376:\n$\006\316\201M\323F\035\t""; "
1750538723905,1750538723905,2021,1,0,1,TMProposeSet,"proposeSeq: 0; currentTxHash: ""\000\000\000\000\000\000\000\000\000\000\000\000\000\000\000\000\000\000\000\000\000\000\000\000\000\000\000\000\000\000\000\000""; nodePubKey: ""\003~\375{L?\027\276\233\213\030\372\276\341\272\320\221I\273\364\302\210&&\024\321t\263~u\021\224\007""; closeTime: 803853923; signature: ""0E\002!\000\325\243v\t\256i\363\004\237W\261\272\033_\216\331\tS\345w\221\304{\252\251\177Q0M\231h\273\002 j\314\340\257\260r\266\264z\236\211\343\004h\360[\340\256Y[\352G+\003\036\276)\000W8\212\254""; previousledger: ""\265\274\217{\006\230\301C\037\362\303\203\311@$\357\237S\021\014\376:\n$\006\316\201M\323F\035\t""; ","proposeSeq: 0; currentTxHash: ""\000\000\000\000\000\000\000\000\000\000\000\000\000\000\000\000\000\000\000\000\000\000\000\000\000\000\000\000\000\000\000\000""; nodePubKey: ""\003~\375{L?\027\276\233\213\030\372\276\341\272\320\221I\273\364\302\210&&\024\321t\263~u\021\224\007""; closeTime: 803853923; signature: ""0E\002!\000\325\243v\t\256i\363\004\237W\261\272\033_\216\331\tS\345w\221\304{\252\251\177Q0M\231h\273\002 j\314\340\257\260r\266\264z\236\211\343\004h\360[\340\256Y[\352G+\003\036\276)\000W8\212\254""; previousledger: ""\265\274\217{\006\230\301C\037\362\303\203\311@$\357\237S\021\014\376:\n$\006\316\201M\323F\035\t""; "
1750538723904,1750538723941,830,1,0,3,TMStatusChange,"newEvent: neCLOSING_LEDGER; ledgerSeq: 3; ledgerHash: ""\265\274\217{\006\230\301C\037\362\303\203\311@$\357\237S\021\014\376:\n$\006\316\201M\323F\035\t""; ledgerHashPrevious: ""\310\307\013\377\332\017\177V\203\327_\003z?\001HO\264M\200mz\336\253V\312\221\036<%\014\351""; networkTime: 803853923; firstSeq: 1; lastSeq: 3; ","newEvent: neCLOSING_LEDGER; ledgerSeq: 3; ledgerHash: ""\265\274\217{\006\230\301C\037\362\303\203\311@$\357\237S\021\014\376:\n$\006\316\201M\323F\035\t""; ledgerHashPrevious: ""\310\307\013\377\332\017\177V\203\327_\003z?\001HO\264M\200mz\336\253V\312\221\036<%\014\351""; networkTime: 803853923; firstSeq: 1; lastSeq: 3; "
1750538723905,1750538723941,2898,1,0,2,TMStatusChange,"newEvent: neCLOSING_LEDGER; ledgerSeq: 3; ledgerHash: ""\265\274\217{\006\230\301C\037\362\303\203\311@$\357\237S\021\014\376:\n$\006\316\201M\323F\035\t""; ledgerHashPrevious: ""\310\307\013\377\332\017\177V\203\327_\003z?\001HO\264M\200mz\336\253V\312\221\036<%\014\351""; networkTime: 803853923; firstSeq: 1; lastSeq: 3; ","newEvent: neCLOSING_LEDGER; ledgerSeq: 3; ledgerHash: ""\265\274\217{\006\230\301C\037\362\303\203\311@$\357\237S\021\014\376:\n$\006\316\201M\323F\035\t""; ledgerHashPrevious: ""\310\307\013\377\332\017\177V\203\327_\003z?\001HO\264M\200mz\336\253V\312\221\036<%\014\351""; networkTime: 803853923; firstSeq: 1; lastSeq: 3; "
1750538723904,1750538723941,2351,1,0,4,TMStatusChange,"newEvent: neCLOSING_LEDGER; ledgerSeq: 3; ledgerHash: ""\265\274\217{\006\230\301C\037\362\303\203\311@$\357\237S\021\014\376:\n$\006\316\201M\323F\035\t""; ledgerHashPrevious: ""\310\307\013\377\332\017\177V\203\327_\003z?\001HO\264M\200mz\336\253V\312\221\036<%\014\351""; networkTime: 803853923; firstSeq: 1; lastSeq: 3; ","newEvent: neCLOSING_LEDGER; ledgerSeq: 3; ledgerHash: ""\265\274\217{\006\230\301C\037\362\303\203\311@$\357\237S\021\014\376:\n$\006\316\201M\323F\035\t""; ledgerHashPrevious: ""\310\307\013\377\332\017\177V\203\327_\003z?\001HO\264M\200mz\336\253V\312\221\036<%\014\351""; networkTime: 803853923; firstSeq: 1; lastSeq: 3; "
1750538723906,1750538723942,3117,1,0,1,TMStatusChange,"newEvent: neCLOSING_LEDGER; ledgerSeq: 3; ledgerHash: ""\265\274\217{\006\230\301C\037\362\303\203\311@$\357\237S\021\014\376:\n$\006\316\201M\323F\035\t""; ledgerHashPrevious: ""\310\307\013\377\332\017\177V\203\327_\003z?\001HO\264M\200mz\336\253V\312\221\036<%\014\351""; networkTime: 803853923; firstSeq: 1; lastSeq: 3; ","newEvent: neCLOSING_LEDGER; ledgerSeq: 3; ledgerHash: ""\265\274\217{\006\230\301C\037\362\303\203\311@$\357\237S\021\014\376:\n$\006\316\201M\323F\035\t""; ledgerHashPrevious: ""\310\307\013\377\332\017\177V\203\327_\003z?\001HO\264M\200mz\336\253V\312\221\036<%\014\351""; networkTime: 803853923; firstSeq: 1; lastSeq: 3; "
1750538724250,1750538724250,2655,1,1,4,TMValidation,"validation: """"\200\000\000\001&\000\000\000\003)/\351\326b:\023\347P\206+XgcQ\265\274\217{\006\230\301C\037\362\303\203\311@$\357\237S\021\014\376:\n$\006\316\201M\323F\035\tP\027\000\000\000\000\000\000\000\000\000\000\000\000\000\000\000\000\000\000\000\000\000\000\000\000\000\000\000\000\000\000\000\000P\031-}\351f\032\255\274\334m\326c\017\014ao[\342\230\003\245\245\3341Hm\326^\017jy\335\261s!\003\266z\355\317\337p\211\027\004\376\033=\231\303\247\235\333\200-\342ze\360>\370Z0A\357\271\211NvG0E\002!\000\352\376\037\233fgg*+\332f\324nz\354\253\2154\255\016\276\205\341T\221;\035\271\327}\212\027\002 W\254\0012r\361`\230\331t\t\206\331\204A\202,u\322h\026E W\0325\t\255-w2\035""; ","validation: """"\200\000\000\001&\000\000\000\003)/\351\326b:\023\347P\206+XgcQ\265\274\217{\006\230\301C\037\362\303\203\311@$\357\237S\021\014\376:\n$\006\316\201M\323F\035\tP\027\000\000\000\000\000\000\000\000\000\000\000\000\000\000\000\000\000\000\000\000\000\000\000\000\000\000\000\000\000\000\000\000P\031-}\351f\032\255\274\334m\326c\017\014ao[\342\230\003\245\245\3341Hm\326^\017jy\335\261s!\003\266z\355\317\337p\211\027\004\376\033=\231\303\247\235\333\200-\342ze\360>\370Z0A\357\271\211NvG0E\002!\000\352\376\037\233fgg*+\332f\324nz\354\253\2154\255\016\276\205\341T\221;\035\271\327}\212\027\002 W\254\0012r\361`\230\331t\t\206\331\204A\202,u\322h\026E W\0325\t\255-w2\035""; "
1750538724250,1750538724250,3103,1,1,3,TMValidation,"validation: """"\200\000\000\001&\000\000\000\003)/\351\326b:\023\347P\206+XgcQ\265\274\217{\006\230\301C\037\362\303\203\311@$\357\237S\021\014\376:\n$\006\316\201M\323F\035\tP\027\000\000\000\000\000\000\000\000\000\000\000\000\000\000\000\000\000\000\000\000\000\000\000\000\000\000\000\000\000\000\000\000P\031-}\351f\032\255\274\334m\326c\017\014ao[\342\230\003\245\245\3341Hm\326^\017jy\335\261s!\003\266z\355\317\337p\211\027\004\376\033=\231\303\247\235\333\200-\342ze\360>\370Z0A\357\271\211NvG0E\002!\000\352\376\037\233fgg*+\332f\324nz\354\253\2154\255\016\276\205\341T\221;\035\271\327}\212\027\002 W\254\0012r\361`\230\331t\t\206\331\204A\202,u\322h\026E W\0325\t\255-w2\035""; ","validation: """"\200\000\000\001&\000\000\000\003)/\351\326b:\023\347P\206+XgcQ\265\274\217{\006\230\301C\037\362\303\203\311@$\357\237S\021\014\376:\n$\006\316\201M\323F\035\tP\027\000\000\000\000\000\000\000\000\000\000\000\000\000\000\000\000\000\000\000\000\000\000\000\000\000\000\000\000\000\000\000\000P\031-}\351f\032\255\274\334m\326c\017\014ao[\342\230\003\245\245\3341Hm\326^\017jy\335\261s!\003\266z\355\317\337p\211\027\004\376\033=\231\303\247\235\333\200-\342ze\360>\370Z0A\357\271\211NvG0E\002!\000\352\376\037\233fgg*+\332f\324nz\354\253\2154\255\016\276\205\341T\221;\035\271\327}\212\027\002 W\254\0012r\361`\230\331t\t\206\331\204A\202,u\322h\026E W\0325\t\255-w2\035""; "
1750538724250,1750538724250,3018,1,1,0,TMValidation,"validation: """"\200\000\000\001&\000\000\000\003)/\351\326b:\023\347P\206+XgcQ\265\274\217{\006\230\301C\037\362\303\203\311@$\357\237S\021\014\376:\n$\006\316\201M\323F\035\tP\027\000\000\000\000\000\000\000\000\000\000\000\000\000\000\000\000\000\000\000\000\000\000\000\000\000\000\000\000\000\000\000\000P\031-}\351f\032\255\274\334m\326c\017\014ao[\342\230\003\245\245\3341Hm\326^\017jy\335\261s!\003\266z\355\317\337p\211\027\004\376\033=\231\303\247\235\333\200-\342ze\360>\370Z0A\357\271\211NvG0E\002!\000\352\376\037\233fgg*+\332f\324nz\354\253\2154\255\016\276\205\341T\221;\035\271\327}\212\027\002 W\254\0012r\361`\230\331t\t\206\331\204A\202,u\322h\026E W\0325\t\255-w2\035""; ","validation: """"\200\000\000\001&\000\000\000\003)/\351\326b:\023\347P\206+XgcQ\265\274\217{\006\230\301C\037\362\303\203\311@$\357\237S\021\014\376:\n$\006\316\201M\323F\035\tP\027\000\000\000\000\000\000\000\000\000\000\000\000\000\000\000\000\000\000\000\000\000\000\000\000\000\000\000\000\000\000\000\000P\031-}\351f\032\255\274\334m\326c\017\014ao[\342\230\003\245\245\3341Hm\326^\017jy\335\261s!\003\266z\355\317\337p\211\027\004\376\033=\231\303\247\235\333\200-\342ze\360>\370Z0A\357\271\211NvG0E\002!\000\352\376\037\233fgg*+\332f\324nz\354\253\2154\255\016\276\205\341T\221;\035\271\327}\212\027\002 W\254\0012r\361`\230\331t\t\206\331\204A\202,u\322h\026E W\0325\t\255-w2\035""; "
1750538724295,1750538724295,1558,1,3,2,TMProposeSet,"proposeSeq: 0; currentTxHash: ""\000\000\000\000\000\000\000\000\000\000\000\000\000\000\000\000\000\000\000\000\000\000\000\000\000\000\000\000\000\000\000\000""; nodePubKey: ""\003~\375{L?\027\276\233\213\030\372\276\341\272\320\221I\273\364\302\210&&\024\321t\263~u\021\224\007""; closeTime: 803853920; signature: ""0E\002!\000\210\233\260\335f\207\021\320\350\247\357f\301\0277x\032\303zD\332\322}\322\377\010\252MN\020\211\302\002 RWvwi\361\366\236\337:X5\210\367\245\367i\322{\304\365i\244\265W\007>J\310M\303\t""; previousledger: ""\310\307\013\377\332\017\177V\203\327_\003z?\001HO\264M\200mz\336\253V\312\221\036<%\014\351""; ","proposeSeq: 0; currentTxHash: ""\000\000\000\000\000\000\000\000\000\000\000\000\000\000\000\000\000\000\000\000\000\000\000\000\000\000\000\000\000\000\000\000""; nodePubKey: ""\003~\375{L?\027\276\233\213\030\372\276\341\272\320\221I\273\364\302\210&&\024\321t\263~u\021\224\007""; closeTime: 803853920; signature: ""0E\002!\000\210\233\260\335f\207\021\320\350\247\357f\301\0277x\032\303zD\332\322}\322\377\010\252MN\020\211\302\002 RWvwi\361\366\236\337:X5\210\367\245\367i\322{\304\365i\244\265W\007>J\310M\303\t""; previousledger: ""\310\307\013\377\332\017\177V\203\327_\003z?\001HO\264M\200mz\336\253V\312\221\036<%\014\351""; "
1750538724295,1750538724295,1178,1,3,4,TMProposeSet,"proposeSeq: 0; currentTxHash: ""\000\000\000\000\000\000\000\000\000\000\000\000\000\000\000\000\000\000\000\000\000\000\000\000\000\000\000\000\000\000\000\000""; nodePubKey: ""\003~\375{L?\027\276\233\213\030\372\276\341\272\320\221I\273\364\302\210&&\024\321t\263~u\021\224\007""; closeTime: 803853920; signature: ""0E\002!\000\210\233\260\335f\207\021\320\350\247\357f\301\0277x\032\303zD\332\322}\322\377\010\252MN\020\211\302\002 RWvwi\361\366\236\337:X5\210\367\245\367i\322{\304\365i\244\265W\007>J\310M\303\t""; previousledger: ""\310\307\013\377\332\017\177V\203\327_\003z?\001HO\264M\200mz\336\253V\312\221\036<%\014\351""; ","proposeSeq: 0; currentTxHash: ""\000\000\000\000\000\000\000\000\000\000\000\000\000\000\000\000\000\000\000\000\000\000\000\000\000\000\000\000\000\000\000\000""; nodePubKey: ""\003~\375{L?\027\276\233\213\030\372\276\341\272\320\221I\273\364\302\210&&\024\321t\263~u\021\224\007""; closeTime: 803853920; signature: ""0E\002!\000\210\233\260\335f\207\021\320\350\247\357f\301\0277x\032\303zD\332\322}\322\377\010\252MN\020\211\302\002 RWvwi\361\366\236\337:X5\210\367\245\367i\322{\304\365i\244\265W\007>J\310M\303\t""; previousledger: ""\310\307\013\377\332\017\177V\203\327_\003z?\001HO\264M\200mz\336\253V\312\221\036<%\014\351""; "
1750538724296,1750538724296,3537,1,3,1,TMProposeSet,"proposeSeq: 0; currentTxHash: ""\000\000\000\000\000\000\000\000\000\000\000\000\000\000\000\000\000\000\000\000\000\000\000\000\000\000\000\000\000\000\000\000""; nodePubKey: ""\003~\375{L?\027\276\233\213\030\372\276\341\272\320\221I\273\364\302\210&&\024\321t\263~u\021\224\007""; closeTime: 803853920; signature: ""0E\002!\000\210\233\260\335f\207\021\320\350\247\357f\301\0277x\032\303zD\332\322}\322\377\010\252MN\020\211\302\002 RWvwi\361\366\236\337:X5\210\367\245\367i\322{\304\365i\244\265W\007>J\310M\303\t""; previousledger: ""\310\307\013\377\332\017\177V\203\327_\003z?\001HO\264M\200mz\336\253V\312\221\036<%\014\351""; ","proposeSeq: 0; currentTxHash: ""\000\000\000\000\000\000\000\000\000\000\000\000\000\000\000\000\000\000\000\000\000\000\000\000\000\000\000\000\000\000\000\000""; nodePubKey: ""\003~\375{L?\027\276\233\213\030\372\276\341\272\320\221I\273\364\302\210&&\024\321t\263~u\021\224\007""; closeTime: 803853920; signature: ""0E\002!\000\210\233\260\335f\207\021\320\350\247\357f\301\0277x\032\303zD\332\322}\322\377\010\252MN\020\211\302\002 RWvwi\361\366\236\337:X5\210\367\245\367i\322{\304\365i\244\265W\007>J\310M\303\t""; previousledger: ""\310\307\013\377\332\017\177V\203\327_\003z?\001HO\264M\200mz\336\253V\312\221\036<%\014\351""; "
1750538724433,1750538724433,2898,1,3,2,TMValidation,"validation: """"\200\000\000\001&\000\000\000\003)/\351\326d:\204\304\221\024\034\332\267\231Q\265\274\217{\006\230\301C\037\362\303\203\311@$\357\237S\021\014\376:\n$\006\316\201M\323F\035\tP\027\000\000\000\000\000\000\000\000\000\000\000\000\000\000\000\000\000\000\000\000\000\000\000\000\000\000\000\000\000\000\000\000P\031-}\351f\032\255\274\334m\326c\017\014ao[\342\230\003\245\245\3341Hm\326^\017jy\335\261s!\003\327^j^Qa+\317\341Q\3631f \333\346Y\267\203\335X\222<\025-|H@\240\272\315\005vG0E\002!\000\223\376.{k\350\222\256\324!\014\r\365\036?D\342\034]\3771l\333\3463\014\034\322\250vf\036\002 ;\341\305\320\257n\350!\257\340\224~\364\327p#\315\347\231\350\177\360\334\276\263\027\213\321\3250%\003""; ","validation: """"\200\000\000\001&\000\000\000\003)/\351\326d:\204\304\221\024\034\332\267\231Q\265\274\217{\006\230\301C\037\362\303\203\311@$\357\237S\021\014\376:\n$\006\316\201M\323F\035\tP\027\000\000\000\000\000\000\000\000\000\000\000\000\000\000\000\000\000\000\000\000\000\000\000\000\000\000\000\000\000\000\000\000P\031-}\351f\032\255\274\334m\326c\017\014ao[\342\230\003\245\245\3341Hm\326^\017jy\335\261s!\003\327^j^Qa+\317\341Q\3631f \333\346Y\267\203\335X\222<\025-|H@\240\272\315\005vG0E\002!\000\223\376.{k\350\222\256\324!\014\r\365\036?D\342\034]\3771l\333\3463\014\034\322\250vf\036\002 ;\341\305\320\257n\350!\257\340\224~\364\327p#\315\347\231\350\177\360\334\276\263\027\213\321\3250%\003""; "
1750538724433,1750538724434,3709,1,3,2,TMStatusChange,"newEvent: neACCEPTED_LEDGER; ledgerSeq: 3; ledgerHash: ""\265\274\217{\006\230\301C\037\362\303\203\311@$\357\237S\021\014\376:\n$\006\316\201M\323F\035\t""; ledgerHashPrevious: ""\310\307\013\377\332\017\177V\203\327_\003z?\001HO\264M\200mz\336\253V\312\221\036<%\014\351""; networkTime: 803853924; firstSeq: 1; lastSeq: 1; ","newEvent: neACCEPTED_LEDGER; ledgerSeq: 3; ledgerHash: ""\265\274\217{\006\230\301C\037\362\303\203\311@$\357\237S\021\014\376:\n$\006\316\201M\323F\035\t""; ledgerHashPrevious: ""\310\307\013\377\332\017\177V\203\327_\003z?\001HO\264M\200mz\336\253V\312\221\036<%\014\351""; networkTime: 803853924; firstSeq: 1; lastSeq: 1; "
1750538724434,1750538724434,543,1,3,4,TMStatusChange,"newEvent: neACCEPTED_LEDGER; ledgerSeq: 3; ledgerHash: ""\265\274\217{\006\230\301C\037\362\303\203\311@$\357\237S\021\014\376:\n$\006\316\201M\323F\035\t""; ledgerHashPrevious: ""\310\307\013\377\332\017\177V\203\327_\003z?\001HO\264M\200mz\336\253V\312\221\036<%\014\351""; networkTime: 803853924; firstSeq: 1; lastSeq: 1; ","newEvent: neACCEPTED_LEDGER; ledgerSeq: 3; ledgerHash: ""\265\274\217{\006\230\301C\037\362\303\203\311@$\357\237S\021\014\376:\n$\006\316\201M\323F\035\t""; ledgerHashPrevious: ""\310\307\013\377\332\017\177V\203\327_\003z?\001HO\264M\200mz\336\253V\312\221\036<%\014\351""; networkTime: 803853924; firstSeq: 1; lastSeq: 1; "
1750538724434,1750538724434,2257,1,3,0,TMStatusChange,"newEvent: neACCEPTED_LEDGER; ledgerSeq: 3; ledgerHash: ""\265\274\217{\006\230\301C\037\362\303\203\311@$\357\237S\021\014\376:\n$\006\316\201M\323F\035\t""; ledgerHashPrevious: ""\310\307\013\377\332\017\177V\203\327_\003z?\001HO\264M\200mz\336\253V\312\221\036<%\014\351""; networkTime: 803853924; firstSeq: 1; lastSeq: 1; ","newEvent: neACCEPTED_LEDGER; ledgerSeq: 3; ledgerHash: ""\265\274\217{\006\230\301C\037\362\303\203\311@$\357\237S\021\014\376:\n$\006\316\201M\323F\035\t""; ledgerHashPrevious: ""\310\307\013\377\332\017\177V\203\327_\003z?\001HO\264M\200mz\336\253V\312\221\036<%\014\351""; networkTime: 803853924; firstSeq: 1; lastSeq: 1; "
1750538724435,1750538724435,16,1,3,1,TMValidation,"validation: """"\200\000\000\001&\000\000\000\003)/\351\326d:\204\304\221\024\034\332\267\231Q\265\274\217{\006\230\301C\037\362\303\203\311@$\357\237S\021\014\376:\n$\006\316\201M\323F\035\tP\027\000\000\000\000\000\000\000\000\000\000\000\000\000\000\000\000\000\000\000\000\000\000\000\000\000\000\000\000\000\000\000\000P\031-}\351f\032\255\274\334m\326c\017\014ao[\342\230\003\245\245\3341Hm\326^\017jy\335\261s!\003\327^j^Qa+\317\341Q\3631f \333\346Y\267\203\335X\222<\025-|H@\240\272\315\005vG0E\002!\000\223\376.{k\350\222\256\324!\014\r\365\036?D\342\034]\3771l\333\3463\014\034\322\250vf\036\002 ;\341\305\320\257n\350!\257\340\224~\364\327p#\315\347\231\350\177\360\334\276\263\027\213\321\3250%\003""; ","validation: """"\200\000\000\001&\000\000\000\003)/\351\326d:\204\304\221\024\034\332\267\231Q\265\274\217{\006\230\301C\037\362\303\203\311@$\357\237S\021\014\376:\n$\006\316\201M\323F\035\tP\027\000\000\000\000\000\000\000\000\000\000\000\000\000\000\000\000\000\000\000\000\000\000\000\000\000\000\000\000\000\000\000\000P\031-}\351f\032\255\274\334m\326c\017\014ao[\342\230\003\245\245\3341Hm\326^\017jy\335\261s!\003\327^j^Qa+\317\341Q\3631f \333\346Y\267\203\335X\222<\025-|H@\240\272\315\005vG0E\002!\000\223\376.{k\350\222\256\324!\014\r\365\036?D\342\034]\3771l\333\3463\014\034\322\250vf\036\002 ;\341\305\320\257n\350!\257\340\224~\364\327p#\315\347\231\350\177\360\334\276\263\027\213\321\3250%\003""; "
1750538724435,1750538724436,3490,1,3,0,TMValidation,"validation: """"\200\000\000\001&\000\000\000\003)/\351\326d:\204\304\221\024\034\332\267\231Q\265\274\217{\006\230\301C\037\362\303\203\311@$\357\237S\021\014\376:\n$\006\316\201M\323F\035\tP\027\000\000\000\000\000\000\000\000\000\000\000\000\000\000\000\000\000\000\000\000\000\000\000\000\000\000\000\000\000\000\000\000P\031-}\351f\032\255\274\334m\326c\017\014ao[\342\230\003\245\245\3341Hm\326^\017jy\335\261s!\003\327^j^Qa+\317\341Q\3631f \333\346Y\267\203\335X\222<\025-|H@\240\272\315\005vG0E\002!\000\223\376.{k\350\222\256\324!\014\r\365\036?D\342\034]\3771l\333\3463\014\034\322\250vf\036\002 ;\341\305\320\257n\350!\257\340\224~\364\327p#\315\347\231\350\177\360\334\276\263\027\213\321\3250%\003""; ","validation: """"\200\000\000\001&\000\000\000\003)/\351\326d:\204\304\221\024\034\332\267\231Q\265\274\217{\006\230\301C\037\362\303\203\311@$\357\237S\021\014\376:\n$\006\316\201M\323F\035\tP\027\000\000\000\000\000\000\000\000\000\000\000\000\000\000\000\000\000\000\000\000\000\000\000\000\000\000\000\000\000\000\000\000P\031-}\351f\032\255\274\334m\326c\017\014ao[\342\230\003\245\245\3341Hm\326^\017jy\335\261s!\003\327^j^Qa+\317\341Q\3631f \333\346Y\267\203\335X\222<\025-|H@\240\272\315\005vG0E\002!\000\223\376.{k\350\222\256\324!\014\r\365\036?D\342\034]\3771l\333\3463\014\034\322\250vf\036\002 ;\341\305\320\257n\350!\257\340\224~\364\327p#\315\347\231\350\177\360\334\276\263\027\213\321\3250%\003""; "
1750538724436,1750538724436,1138,1,3,4,TMValidation,"validation: """"\200\000\000\001&\000\000\000\003)/\351\326d:\204\304\221\024\034\332\267\231Q\265\274\217{\006\230\301C\037\362\303\203\311@$\357\237S\021\014\376:\n$\006\316\201M\323F\035\tP\027\000\000\000\000\000\000\000\000\000\000\000\000\000\000\000\000\000\000\000\000\000\000\000\000\000\000\000\000\000\000\000\000P\031-}\351f\032\255\274\334m\326c\017\014ao[\342\230\003\245\245\3341Hm\326^\017jy\335\261s!\003\327^j^Qa+\317\341Q\3631f \333\346Y\267\203\335X\222<\025-|H@\240\272\315\005vG0E\002!\000\223\376.{k\350\222\256\324!\014\r\365\036?D\342\034]\3771l\333\3463\014\034\322\250vf\036\002 ;\341\305\320\257n\350!\257\340\224~\364\327p#\315\347\231\350\177\360\334\276\263\027\213\321\3250%\003""; ","validation: """"\200\000\000\001&\000\000\000\003)/\351\326d:\204\304\221\024\034\332\267\231Q\265\274\217{\006\230\301C\037\362\303\203\311@$\357\237S\021\014\376:\n$\006\316\201M\323F\035\tP\027\000\000\000\000\000\000\000\000\000\000\000\000\000\000\000\000\000\000\000\000\000\000\000\000\000\000\000\000\000\000\000\000P\031-}\351f\032\255\274\334m\326c\017\014ao[\342\230\003\245\245\3341Hm\326^\017jy\335\261s!\003\327^j^Qa+\317\341Q\3631f \333\346Y\267\203\335X\222<\025-|H@\240\272\315\005vG0E\002!\000\223\376.{k\350\222\256\324!\014\r\365\036?D\342\034]\3771l\333\3463\014\034\322\250vf\036\002 ;\341\305\320\257n\350!\257\340\224~\364\327p#\315\347\231\350\177\360\334\276\263\027\213\321\3250%\003""; "
1750538724436,1750538724436,930,1,3,1,TMStatusChange,"newEvent: neACCEPTED_LEDGER; ledgerSeq: 3; ledgerHash: ""\265\274\217{\006\230\301C\037\362\303\203\311@$\357\237S\021\014\376:\n$\006\316\201M\323F\035\t""; ledgerHashPrevious: ""\310\307\013\377\332\017\177V\203\327_\003z?\001HO\264M\200mz\336\253V\312\221\036<%\014\351""; networkTime: 803853924; firstSeq: 1; lastSeq: 1; ","newEvent: neACCEPTED_LEDGER; ledgerSeq: 3; ledgerHash: ""\265\274\217{\006\230\301C\037\362\303\203\311@$\357\237S\021\014\376:\n$\006\316\201M\323F\035\t""; ledgerHashPrevious: ""\310\307\013\377\332\017\177V\203\327_\003z?\001HO\264M\200mz\336\253V\312\221\036<%\014\351""; networkTime: 803853924; firstSeq: 1; lastSeq: 1; "
1750538724451,1750538724451,3370,1,1,2,TMValidation,"validation: """"\200\000\000\001&\000\000\000\003)/\351\326d:\204\304\221\024\034\332\267\231Q\265\274\217{\006\230\301C\037\362\303\203\311@$\357\237S\021\014\376:\n$\006\316\201M\323F\035\tP\027\000\000\000\000\000\000\000\000\000\000\000\000\000\000\000\000\000\000\000\000\000\000\000\000\000\000\000\000\000\000\000\000P\031-}\351f\032\255\274\334m\326c\017\014ao[\342\230\003\245\245\3341Hm\326^\017jy\335\261s!\003\327^j^Qa+\317\341Q\3631f \333\346Y\267\203\335X\222<\025-|H@\240\272\315\005vG0E\002!\000\223\376.{k\350\222\256\324!\014\r\365\036?D\342\034]\3771l\333\3463\014\034\322\250vf\036\002 ;\341\305\320\257n\350!\257\340\224~\364\327p#\315\347\231\350\177\360\334\276\263\027\213\321\3250%\003""; ","validation: """"\200\000\000\001&\000\000\000\003)/\351\326d:\204\304\221\024\034\332\267\231Q\265\274\217{\006\230\301C\037\362\303\203\311@$\357\237S\021\014\376:\n$\006\316\201M\323F\035\tP\027\000\000\000\000\000\000\000\000\000\000\000\000\000\000\000\000\000\000\000\000\000\000\000\000\000\000\000\000\000\000\000\000P\031-}\351f\032\255\274\334m\326c\017\014ao[\342\230\003\245\245\3341Hm\326^\017jy\335\261s!\003\327^j^Qa+\317\341Q\3631f \333\346Y\267\203\335X\222<\025-|H@\240\272\315\005vG0E\002!\000\223\376.{k\350\222\256\324!\014\r\365\036?D\342\034]\3771l\333\3463\014\034\322\250vf\036\002 ;\341\305\320\257n\350!\257\340\224~\364\327p#\315\347\231\350\177\360\334\276\263\027\213\321\3250%\003""; "
1750538724453,1750538724453,3018,1,1,0,TMValidation,"validation: """"\200\000\000\001&\000\000\000\003)/\351\326d:\204\304\221\024\034\332\267\231Q\265\274\217{\006\230\301C\037\362\303\203\311@$\357\237S\021\014\376:\n$\006\316\201M\323F\035\tP\027\000\000\000\000\000\000\000\000\000\000\000\000\000\000\000\000\000\000\000\000\000\000\000\000\000\000\000\000\000\000\000\000P\031-}\351f\032\255\274\334m\326c\017\014ao[\342\230\003\245\245\3341Hm\326^\017jy\335\261s!\003\327^j^Qa+\317\341Q\3631f \333\346Y\267\203\335X\222<\025-|H@\240\272\315\005vG0E\002!\000\223\376.{k\350\222\256\324!\014\r\365\036?D\342\034]\3771l\333\3463\014\034\322\250vf\036\002 ;\341\305\320\257n\350!\257\340\224~\364\327p#\315\347\231\350\177\360\334\276\263\027\213\321\3250%\003""; ","validation: """"\200\000\000\001&\000\000\000\003)/\351\326d:\204\304\221\024\034\332\267\231Q\265\274\217{\006\230\301C\037\362\303\203\311@$\357\237S\021\014\376:\n$\006\316\201M\323F\035\tP\027\000\000\000\000\000\000\000\000\000\000\000\000\000\000\000\000\000\000\000\000\000\000\000\000\000\000\000\000\000\000\000\000P\031-}\351f\032\255\274\334m\326c\017\014ao[\342\230\003\245\245\3341Hm\326^\017jy\335\261s!\003\327^j^Qa+\317\341Q\3631f \333\346Y\267\203\335X\222<\025-|H@\240\272\315\005vG0E\002!\000\223\376.{k\350\222\256\324!\014\r\365\036?D\342\034]\3771l\333\3463\014\034\322\250vf\036\002 ;\341\305\320\257n\350!\257\340\224~\364\327p#\315\347\231\350\177\360\334\276\263\027\213\321\3250%\003""; "
1750538724453,1750538724453,2655,1,1,4,TMValidation,"validation: """"\200\000\000\001&\000\000\000\003)/\351\326d:\204\304\221\024\034\332\267\231Q\265\274\217{\006\230\301C\037\362\303\203\311@$\357\237S\021\014\376:\n$\006\316\201M\323F\035\tP\027\000\000\000\000\000\000\000\000\000\000\000\000\000\000\000\000\000\000\000\000\000\000\000\000\000\000\000\000\000\000\000\000P\031-}\351f\032\255\274\334m\326c\017\014ao[\342\230\003\245\245\3341Hm\326^\017jy\335\261s!\003\327^j^Qa+\317\341Q\3631f \333\346Y\267\203\335X\222<\025-|H@\240\272\315\005vG0E\002!\000\223\376.{k\350\222\256\324!\014\r\365\036?D\342\034]\3771l\333\3463\014\034\322\250vf\036\002 ;\341\305\320\257n\350!\257\340\224~\364\327p#\315\347\231\350\177\360\334\276\263\027\213\321\3250%\003""; ","validation: """"\200\000\000\001&\000\000\000\003)/\351\326d:\204\304\221\024\034\332\267\231Q\265\274\217{\006\230\301C\037\362\303\203\311@$\357\237S\021\014\376:\n$\006\316\201M\323F\035\tP\027\000\000\000\000\000\000\000\000\000\000\000\000\000\000\000\000\000\000\000\000\000\000\000\000\000\000\000\000\000\000\000\000P\031-}\351f\032\255\274\334m\326c\017\014ao[\342\230\003\245\245\3341Hm\326^\017jy\335\261s!\003\327^j^Qa+\317\341Q\3631f \333\346Y\267\203\335X\222<\025-|H@\240\272\315\005vG0E\002!\000\223\376.{k\350\222\256\324!\014\r\365\036?D\342\034]\3771l\333\3463\014\034\322\250vf\036\002 ;\341\305\320\257n\350!\257\340\224~\364\327p#\315\347\231\350\177\360\334\276\263\027\213\321\3250%\003""; "
1750538724561,1750538724561,2466,1,2,3,TMValidation,"validation: """"\200\000\000\001&\000\000\000\003)/\351\326b:\303\251\2659\267\306|_Q\265\274\217{\006\230\301C\037\362\303\203\311@$\357\237S\021\014\376:\n$\006\316\201M\323F\035\tP\027\000\000\000\000\000\000\000\000\000\000\000\000\000\000\000\000\000\000\000\000\000\000\000\000\000\000\000\000\000\000\000\000P\031-}\351f\032\255\274\334m\326c\017\014ao[\342\230\003\245\245\3341Hm\326^\017jy\335\261s!\002 \026\333\362W<\375\221\252M\216[;A\212\332\001\245U\216U\016 \210\301)Q5$#\354\322vF0D\002 m'\302\363\236\217\202.A0\205\317W\2150\367\336\256\205\271\332\224\260+o\345[\365\273Q\331\330\002 N\352\217\263-cojL\177\240\300\3175\312\357&\232~L= \246\307\004v;\267\242,\014\037""; ","validation: """"\200\000\000\001&\000\000\000\003)/\351\326b:\303\251\2659\267\306|_Q\265\274\217{\006\230\301C\037\362\303\203\311@$\357\237S\021\014\376:\n$\006\316\201M\323F\035\tP\027\000\000\000\000\000\000\000\000\000\000\000\000\000\000\000\000\000\000\000\000\000\000\000\000\000\000\000\000\000\000\000\000P\031-}\351f\032\255\274\334m\326c\017\014ao[\342\230\003\245\245\3341Hm\326^\017jy\335\261s!\002 \026\333\362W<\375\221\252M\216[;A\212\332\001\245U\216U\016 \210\301)Q5$#\354\322vF0D\002 m'\302\363\236\217\202.A0\205\317W\2150\367\336\256\205\271\332\224\260+o\345[\365\273Q\331\330\002 N\352\217\263-cojL\177\240\300\3175\312\357&\232~L= \246\307\004v;\267\242,\014\037""; "
1750538724561,1750538724561,1733,1,2,1,TMValidation,"validation: """"\200\000\000\001&\000\000\000\003)/\351\326b:\303\251\2659\267\306|_Q\265\274\217{\006\230\301C\037\362\303\203\311@$\357\237S\021\014\376:\n$\006\316\201M\323F\035\tP\027\000\000\000\000\000\000\000\000\000\000\000\000\000\000\000\000\000\000\000\000\000\000\000\000\000\000\000\000\000\000\000\000P\031-}\351f\032\255\274\334m\326c\017\014ao[\342\230\003\245\245\3341Hm\326^\017jy\335\261s!\002 \026\333\362W<\375\221\252M\216[;A\212\332\001\245U\216U\016 \210\301)Q5$#\354\322vF0D\002 m'\302\363\236\217\202.A0\205\317W\2150\367\336\256\205\271\332\224\260+o\345[\365\273Q\331\330\002 N\352\217\263-cojL\177\240\300\3175\312\357&\232~L= \246\307\004v;\267\242,\014\037""; ","validation: """"\200\000\000\001&\000\000\000\003)/\351\326b:\303\251\2659\267\306|_Q\265\274\217{\006\230\301C\037\362\303\203\311@$\357\237S\021\014\376:\n$\006\316\201M\323F\035\tP\027\000\000\000\000\000\000\000\000\000\000\000\000\000\000\000\000\000\000\000\000\000\000\000\000\000\000\000\000\000\000\000\000P\031-}\351f\032\255\274\334m\326c\017\014ao[\342\230\003\245\245\3341Hm\326^\017jy\335\261s!\002 \026\333\362W<\375\221\252M\216[;A\212\332\001\245U\216U\016 \210\301)Q5$#\354\322vF0D\002 m'\302\363\236\217\202.A0\205\317W\2150\367\336\256\205\271\332\224\260+o\345[\365\273Q\331\330\002 N\352\217\263-cojL\177\240\300\3175\312\357&\232~L= \246\307\004v;\267\242,\014\037""; "
1750538724562,1750538724562,870,1,2,0,TMValidation,"validation: """"\200\000\000\001&\000\000\000\003)/\351\326b:\303\251\2659\267\306|_Q\265\274\217{\006\230\301C\037\362\303\203\311@$\357\237S\021\014\376:\n$\006\316\201M\323F\035\tP\027\000\000\000\000\000\000\000\000\000\000\000\000\000\000\000\000\000\000\000\000\000\000\000\000\000\000\000\000\000\000\000\000P\031-}\351f\032\255\274\334m\326c\017\014ao[\342\230\003\245\245\3341Hm\326^\017jy\335\261s!\002 \026\333\362W<\375\221\252M\216[;A\212\332\001\245U\216U\016 \210\301)Q5$#\354\322vF0D\002 m'\302\363\236\217\202.A0\205\317W\2150\367\336\256\205\271\332\224\260+o\345[\365\273Q\331\330\002 N\352\217\263-cojL\177\240\300\3175\312\357&\232~L= \246\307\004v;\267\242,\014\037""; ","validation: """"\200\000\000\001&\000\000\000\003)/\351\326b:\303\251\2659\267\306|_Q\265\274\217{\006\230\301C\037\362\303\203\311@$\357\237S\021\014\376:\n$\006\316\201M\323F\035\tP\027\000\000\000\000\000\000\000\000\000\000\000\000\000\000\000\000\000\000\000\000\000\000\000\000\000\000\000\000\000\000\000\000P\031-}\351f\032\255\274\334m\326c\017\014ao[\342\230\003\245\245\3341Hm\326^\017jy\335\261s!\002 \026\333\362W<\375\221\252M\216[;A\212\332\001\245U\216U\016 \210\301)Q5$#\354\322vF0D\002 m'\302\363\236\217\202.A0\205\317W\2150\367\336\256\205\271\332\224\260+o\345[\365\273Q\331\330\002 N\352\217\263-cojL\177\240\300\3175\312\357&\232~L= \246\307\004v;\267\242,\014\037""; "
1750538724615,1750538724616,886,1,1,0,TMTransaction,"rawTransaction: ""\022\000\000""\000\000\000\000$\000\000\000\001 \033\000\000\000\027a@\000\000\027H\206*@h@\000\000\000\000\000\000\ns!\0030\347\374\235V\273%\326\211;\243\363\027\256[\3173\263)\033\326=\263&T\243\023""/\177\320 tG0E\002!\000\252\020`A\230\243\255\031\024;\023\323\nq\234 d\304\213Hy(\333e\200\270\371?\246\370\356\025\002 5sm\215M\315Y\004\270\231B\270\260F\352\335l\316\235}\244ko\243\360\272\n\360^\302\225\233\201\024\265\367by\212S\325C\240\024\312\370\262\227\317\370\362\3717\350\203\024#%\327l\301-U;\353\303\024KT\200\2052\335\037H\320""; status: tsCURRENT; receiveTimestamp: 803853924; deferred: false; ","rawTransaction: ""\022\000\000""\000\000\000\000$\000\000\000\001 \033\000\000\000\027a@\000\000\027H\206*@h@\000\000\000\000\000\000\ns!\0030\347\374\235V\273%\326\211;\243\363\027\256[\3173\263)\033\326=\263&T\243\023""/\177\320 tG0E\002!\000\252\020`A\230\243\255\031\024;\023\323\nq\234 d\304\213Hy(\333e\200\270\371?\246\370\356\025\002 5sm\215M\315Y\004\270\231B\270\260F\352\335l\316\235}\244ko\243\360\272\n\360^\302\225\233\201\024\265\367by\212S\325C\240\024\312\370\262\227\317\370\362\3717\350\203\024#%\327l\301-U;\353\303\024KT\200\2052\335\037H\320""; status: tsCURRENT; receiveTimestamp: 803853924; deferred: false; "
1750538724615,1750538724617,342,1,1,2,TMTransaction,"rawTransaction: ""\022\000\000""\000\000\000\000$\000\000\000\001 \033\000\000\000\027a@\000\000\027H\206*@h@\000\000\000\000\000\000\ns!\0030\347\374\235V\273%\326\211;\243\363\027\256[\3173\263)\033\326=\263&T\243\023""/\177\320 tG0E\002!\000\252\020`A\230\243\255\031\024;\023\323\nq\234 d\304\213Hy(\333e\200\270\371?\246\370\356\025\002 5sm\215M\315Y\004\270\231B\270\260F\352\335l\316\235}\244ko\243\360\272\n\360^\302\225\233\201\024\265\367by\212S\325C\240\024\312\370\262\227\317\370\362\3717\350\203\024#%\327l\301-U;\353\303\024KT\200\2052\335\037H\320""; status: tsCURRENT; receiveTimestamp: 803853924; deferred: false; ","rawTransaction: ""\022\000\000""\000\000\000\000$\000\000\000\001 \033\000\000\000\027a@\000\000\027H\206*@h@\000\000\000\000\000\000\ns!\0030\347\374\235V\273%\326\211;\243\363\027\256[\3173\263)\033\326=\263&T\243\023""/\177\320 tG0E\002!\000\252\020`A\230\243\255\031\024;\023\323\nq\234 d\304\213Hy(\333e\200\270\371?\246\370\356\025\002 5sm\215M\315Y\004\270\231B\270\260F\352\335l\316\235}\244ko\243\360\272\n\360^\302\225\233\201\024\265\367by\212S\325C\240\024\312\370\262\227\317\370\362\3717\350\203\024#%\327l\301-U;\353\303\024KT\200\2052\335\037H\320""; status: tsCURRENT; receiveTimestamp: 803853924; deferred: false; "
1750538724615,1750538724617,3815,1,1,3,TMTransaction,"rawTransaction: ""\022\000\000""\000\000\000\000$\000\000\000\001 \033\000\000\000\027a@\000\000\027H\206*@h@\000\000\000\000\000\000\ns!\0030\347\374\235V\273%\326\211;\243\363\027\256[\3173\263)\033\326=\263&T\243\023""/\177\320 tG0E\002!\000\252\020`A\230\243\255\031\024;\023\323\nq\234 d\304\213Hy(\333e\200\270\371?\246\370\356\025\002 5sm\215M\315Y\004\270\231B\270\260F\352\335l\316\235}\244ko\243\360\272\n\360^\302\225\233\201\024\265\367by\212S\325C\240\024\312\370\262\227\317\370\362\3717\350\203\024#%\327l\301-U;\353\303\024KT\200\2052\335\037H\320""; status: tsCURRENT; receiveTimestamp: 803853924; deferred: false; ","rawTransaction: ""\022\000\000""\000\000\000\000$\000\000\000\001 \033\000\000\000\027a@\000\000\027H\206*@h@\000\000\000\000\000\000\ns!\0030\347\374\235V\273%\326\211;\243\363\027\256[\3173\263)\033\326=\263&T\243\023""/\177\320 tG0E\002!\000\252\020`A\230\243\255\031\024;\023\323\nq\234 d\304\213Hy(\333e\200\270\371?\246\370\356\025\002 5sm\215M\315Y\004\270\231B\270\260F\352\335l\316\235}\244ko\243\360\272\n\360^\302\225\233\201\024\265\367by\212S\325C\240\024\312\370\262\227\317\370\362\3717\350\203\024#%\327l\301-U;\353\303\024KT\200\2052\335\037H\320""; status: tsCURRENT; receiveTimestamp: 803853924; deferred: false; "
1750538724616,1750538724618,20,1,1,4,TMTransaction,"rawTransaction: ""\022\000\000""\000\000\000\000$\000\000\000\001 \033\000\000\000\027a@\000\000\027H\206*@h@\000\000\000\000\000\000\ns!\0030\347\374\235V\273%\326\211;\243\363\027\256[\3173\263)\033\326=\263&T\243\023""/\177\320 tG0E\002!\000\252\020`A\230\243\255\031\024;\023\323\nq\234 d\304\213Hy(\333e\200\270\371?\246\370\356\025\002 5sm\215M\315Y\004\270\231B\270\260F\352\335l\316\235}\244ko\243\360\272\n\360^\302\225\233\201\024\265\367by\212S\325C\240\024\312\370\262\227\317\370\362\3717\350\203\024#%\327l\301-U;\353\303\024KT\200\2052\335\037H\320""; status: tsCURRENT; receiveTimestamp: 803853924; deferred: false; ","rawTransaction: ""\022\000\000""\000\000\000\000$\000\000\000\001 \033\000\000\000\027a@\000\000\027H\206*@h@\000\000\000\000\000\000\ns!\0030\347\374\235V\273%\326\211;\243\363\027\256[\3173\263)\033\326=\263&T\243\023""/\177\320 tG0E\002!\000\252\020`A\230\243\255\031\024;\023\323\nq\234 d\304\213Hy(\333e\200\270\371?\246\370\356\025\002 5sm\215M\315Y\004\270\231B\270\260F\352\335l\316\235}\244ko\243\360\272\n\360^\302\225\233\201\024\265\367by\212S\325C\240\024\312\370\262\227\317\370\362\3717\350\203\024#%\327l\301-U;\353\303\024KT\200\2052\335\037H\320""; status: tsCURRENT; receiveTimestamp: 803853924; deferred: false; "
1750538724847,1750538724848,20,1,1,4,TMTransaction,"rawTransaction: ""\022\000\000""\000\000\000\000$\000\000\000\002 \033\000\000\000\027a@\000\000\027H\206*@h@\000\000\000\000\000\000\ns!\0030\347\374\235V\273%\326\211;\243\363\027\256[\3173\263)\033\326=\263&T\243\023""/\177\320 tF0D\002 &l\001\201\326\r\256/\375_\206I\323\036K\375\363\255\032_Kq4\307\326\006Tr(w\363\005\002 ]d\352\022\3667\306\226\345)\224\365\226\371\312\256\321\205\362\372T\316\217}\013\265\303L\004?]\022\201\024\265\367by\212S\325C\240\024\312\370\262\227\317\370\362\3717\350\203\024F:\314\247\316\273\334\r\343l\207\264d\266\002K\034\2303\211""; status: tsCURRENT; receiveTimestamp: 803853924; deferred: false; ","rawTransaction: ""\022\000\000""\000\000\000\000$\000\000\000\002 \033\000\000\000\027a@\000\000\027H\206*@h@\000\000\000\000\000\000\ns!\0030\347\374\235V\273%\326\211;\243\363\027\256[\3173\263)\033\326=\263&T\243\023""/\177\320 tF0D\002 &l\001\201\326\r\256/\375_\206I\323\036K\375\363\255\032_Kq4\307\326\006Tr(w\363\005\002 ]d\352\022\3667\306\226\345)\224\365\226\371\312\256\321\205\362\372T\316\217}\013\265\303L\004?]\022\201\024\265\367by\212S\325C\240\024\312\370\262\227\317\370\362\3717\350\203\024F:\314\247\316\273\334\r\343l\207\264d\266\002K\034\2303\211""; status: tsCURRENT; receiveTimestamp: 803853924; deferred: false; "
1750538724848,1750538724849,3815,1,1,3,TMTransaction,"rawTransaction: ""\022\000\000""\000\000\000\000$\000\000\000\002 \033\000\000\000\027a@\000\000\027H\206*@h@\000\000\000\000\000\000\ns!\0030\347\374\235V\273%\326\211;\243\363\027\256[\3173\263)\033\326=\263&T\243\023""/\177\320 tF0D\002 &l\001\201\326\r\256/\375_\206I\323\036K\375\363\255\032_Kq4\307\326\006Tr(w\363\005\002 ]d\352\022\3667\306\226\345)\224\365\226\371\312\256\321\205\362\372T\316\217}\013\265\303L\004?]\022\201\024\265\367by\212S\325C\240\024\312\370\262\227\317\370\362\3717\350\203\024F:\314\247\316\273\334\r\343l\207\264d\266\002K\034\2303\211""; status: tsCURRENT; receiveTimestamp: 803853924; deferred: false; ","rawTransaction: ""\022\000\000""\000\000\000\000$\000\000\000\002 \033\000\000\000\027a@\000\000\027H\206*@h@\000\000\000\000\000\000\ns!\0030\347\374\235V\273%\326\211;\243\363\027\256[\3173\263)\033\326=\263&T\243\023""/\177\320 tF0D\002 &l\001\201\326\r\256/\375_\206I\323\036K\375\363\255\032_Kq4\307\326\006Tr(w\363\005\002 ]d\352\022\3667\306\226\345)\224\365\226\371\312\256\321\205\362\372T\316\217}\013\265\303L\004?]\022\201\024\265\367by\212S\325C\240\024\312\370\262\227\317\370\362\3717\350\203\024F:\314\247\316\273\334\r\343l\207\264d\266\002K\034\2303\211""; status: tsCURRENT; receiveTimestamp: 803853924; deferred: false; "
1750538724848,1750538724849,886,1,1,0,TMTransaction,"rawTransaction: ""\022\000\000""\000\000\000\000$\000\000\000\002 \033\000\000\000\027a@\000\000\027H\206*@h@\000\000\000\000\000\000\ns!\0030\347\374\235V\273%\326\211;\243\363\027\256[\3173\263)\033\326=\263&T\243\023""/\177\320 tF0D\002 &l\001\201\326\r\256/\375_\206I\323\036K\375\363\255\032_Kq4\307\326\006Tr(w\363\005\002 ]d\352\022\3667\306\226\345)\224\365\226\371\312\256\321\205\362\372T\316\217}\013\265\303L\004?]\022\201\024\265\367by\212S\325C\240\024\312\370\262\227\317\370\362\3717\350\203\024F:\314\247\316\273\334\r\343l\207\264d\266\002K\034\2303\211""; status: tsCURRENT; receiveTimestamp: 803853924; deferred: false; ","rawTransaction: ""\022\000\000""\000\000\000\000$\000\000\000\002 \033\000\000\000\027a@\000\000\027H\206*@h@\000\000\000\000\000\000\ns!\0030\347\374\235V\273%\326\211;\243\363\027\256[\3173\263)\033\326=\263&T\243\023""/\177\320 tF0D\002 &l\001\201\326\r\256/\375_\206I\323\036K\375\363\255\032_Kq4\307\326\006Tr(w\363\005\002 ]d\352\022\3667\306\226\345)\224\365\226\371\312\256\321\205\362\372T\316\217}\013\265\303L\004?]\022\201\024\265\367by\212S\325C\240\024\312\370\262\227\317\370\362\3717\350\203\024F:\314\247\316\273\334\r\343l\207\264d\266\002K\034\2303\211""; status: tsCURRENT; receiveTimestamp: 803853924; deferred: false; "
1750538724848,1750538724850,342,1,1,2,TMTransaction,"rawTransaction: ""\022\000\000""\000\000\000\000$\000\000\000\002 \033\000\000\000\027a@\000\000\027H\206*@h@\000\000\000\000\000\000\ns!\0030\347\374\235V\273%\326\211;\243\363\027\256[\3173\263)\033\326=\263&T\243\023""/\177\320 tF0D\002 &l\001\201\326\r\256/\375_\206I\323\036K\375\363\255\032_Kq4\307\326\006Tr(w\363\005\002 ]d\352\022\3667\306\226\345)\224\365\226\371\312\256\321\205\362\372T\316\217}\013\265\303L\004?]\022\201\024\265\367by\212S\325C\240\024\312\370\262\227\317\370\362\3717\350\203\024F:\314\247\316\273\334\r\343l\207\264d\266\002K\034\2303\211""; status: tsCURRENT; receiveTimestamp: 803853924; deferred: false; ","rawTransaction: ""\022\000\000""\000\000\000\000$\000\000\000\002 \033\000\000\000\027a@\000\000\027H\206*@h@\000\000\000\000\000\000\ns!\0030\347\374\235V\273%\326\211;\243\363\027\256[\3173\263)\033\326=\263&T\243\023""/\177\320 tF0D\002 &l\001\201\326\r\256/\375_\206I\323\036K\375\363\255\032_Kq4\307\326\006Tr(w\363\005\002 ]d\352\022\3667\306\226\345)\224\365\226\371\312\256\321\205\362\372T\316\217}\013\265\303L\004?]\022\201\024\265\367by\212S\325C\240\024\312\370\262\227\317\370\362\3717\350\203\024F:\314\247\316\273\334\r\343l\207\264d\266\002K\034\2303\211""; status: tsCURRENT; receiveTimestamp: 803853924; deferred: false; "
1750538724922,1750538724922,2841,1,1,3,TMProposeSet,"proposeSeq: 0; currentTxHash: ""\206\345\0213[\207\344\354!\202\010\276w\257 l,\361\256%\351\364\370Px\007c\272^\330\357\010""; nodePubKey: ""\003\354*\213M\024\261\231C)\265\233Nk\304>g\222\037\213\224\253\332c\201 \344\373\323\332(\344k""; closeTime: 803853924; signature: ""0D\002 F\300#1\363\335\205\361\240Y\033\375I/\362\272@\336c\021:\315\206\204\260cg\212PI)D\002 n&\251t\216\030\321\240\233\224\232s\362\010,\020\346\370\312Z\301\241\277T\r\356\305W\326M\300\254""; previousledger: ""\265\274\217{\006\230\301C\037\362\303\203\311@$\357\237S\021\014\376:\n$\006\316\201M\323F\035\t""; ","proposeSeq: 0; currentTxHash: ""\206\345\0213[\207\344\354!\202\010\276w\257 l,\361\256%\351\364\370Px\007c\272^\330\357\010""; nodePubKey: ""\003\354*\213M\024\261\231C)\265\233Nk\304>g\222\037\213\224\253\332c\201 \344\373\323\332(\344k""; closeTime: 803853924; signature: ""0D\002 F\300#1\363\335\205\361\240Y\033\375I/\362\272@\336c\021:\315\206\204\260cg\212PI)D\002 n&\251t\216\030\321\240\233\224\232s\362\010,\020\346\370\312Z\301\241\277T\r\356\305W\326M\300\254""; previousledger: ""\265\274\217{\006\230\301C\037\362\303\203\311@$\357\237S\021\014\376:\n$\006\316\201M\323F\035\t""; "
1750538724922,1750538724922,2492,1,1,4,TMProposeSet,"proposeSeq: 0; currentTxHash: ""\206\345\0213[\207\344\354!\202\010\276w\257 l,\361\256%\351\364\370Px\007c\272^\330\357\010""; nodePubKey: ""\003\354*\213M\024\261\231C)\265\233Nk\304>g\222\037\213\224\253\332c\201 \344\373\323\332(\344k""; closeTime: 803853924; signature: ""0D\002 F\300#1\363\335\205\361\240Y\033\375I/\362\272@\336c\021:\315\206\204\260cg\212PI)D\002 n&\251t\216\030\321\240\233\224\232s\362\010,\020\346\370\312Z\301\241\277T\r\356\305W\326M\300\254""; previousledger: ""\265\274\217{\006\230\301C\037\362\303\203\311@$\357\237S\021\014\376:\n$\006\316\201M\323F\035\t""; ","proposeSeq: 0; currentTxHash: ""\206\345\0213[\207\344\354!\202\010\276w\257 l,\361\256%\351\364\370Px\007c\272^\330\357\010""; nodePubKey: ""\003\354*\213M\024\261\231C)\265\233Nk\304>g\222\037\213\224\253\332c\201 \344\373\323\332(\344k""; closeTime: 803853924; signature: ""0D\002 F\300#1\363\335\205\361\240Y\033\375I/\362\272@\336c\021:\315\206\204\260cg\212PI)D\002 n&\251t\216\030\321\240\233\224\232s\362\010,\020\346\370\312Z\301\241\277T\r\356\305W\326M\300\254""; previousledger: ""\265\274\217{\006\230\301C\037\362\303\203\311@$\357\237S\021\014\376:\n$\006\316\201M\323F\035\t""; "
1750538724922,1750538724922,63,1,1,3,TMHaveTransactionSet,"status: tsHAVE; hash: ""\206\345\0213[\207\344\354!\202\010\276w\257 l,\361\256%\351\364\370Px\007c\272^\330\357\010""; ","status: tsHAVE; hash: ""\206\345\0213[\207\344\354!\202\010\276w\257 l,\361\256%\351\364\370Px\007c\272^\330\357\010""; "
1750538724923,1750538724923,2352,1,1,2,TMProposeSet,"proposeSeq: 0; currentTxHash: ""\206\345\0213[\207\344\354!\202\010\276w\257 l,\361\256%\351\364\370Px\007c\272^\330\357\010""; nodePubKey: ""\003\354*\213M\024\261\231C)\265\233Nk\304>g\222\037\213\224\253\332c\201 \344\373\323\332(\344k""; closeTime: 803853924; signature: ""0D\002 F\300#1\363\335\205\361\240Y\033\375I/\362\272@\336c\021:\315\206\204\260cg\212PI)D\002 n&\251t\216\030\321\240\233\224\232s\362\010,\020\346\370\312Z\301\241\277T\r\356\305W\326M\300\254""; previousledger: ""\265\274\217{\006\230\301C\037\362\303\203\311@$\357\237S\021\014\376:\n$\006\316\201M\323F\035\t""; ","proposeSeq: 0; currentTxHash: ""\206\345\0213[\207\344\354!\202\010\276w\257 l,\361\256%\351\364\370Px\007c\272^\330\357\010""; nodePubKey: ""\003\354*\213M\024\261\231C)\265\233Nk\304>g\222\037\213\224\253\332c\201 \344\373\323\332(\344k""; closeTime: 803853924; signature: ""0D\002 F\300#1\363\335\205\361\240Y\033\375I/\362\272@\336c\021:\315\206\204\260cg\212PI)D\002 n&\251t\216\030\321\240\233\224\232s\362\010,\020\346\370\312Z\301\241\277T\r\356\305W\326M\300\254""; previousledger: ""\265\274\217{\006\230\301C\037\362\303\203\311@$\357\237S\021\014\376:\n$\006\316\201M\323F\035\t""; "
1750538724924,1750538724924,439,1,1,2,TMHaveTransactionSet,"status: tsHAVE; hash: ""\206\345\0213[\207\344\354!\202\010\276w\257 l,\361\256%\351\364\370Px\007c\272^\330\357\010""; ","status: tsHAVE; hash: ""\206\345\0213[\207\344\354!\202\010\276w\257 l,\361\256%\351\364\370Px\007c\272^\330\357\010""; "
1750538724925,1750538724925,2502,1,1,0,TMHaveTransactionSet,"status: tsHAVE; hash: ""\206\345\0213[\207\344\354!\202\010\276w\257 l,\361\256%\351\364\370Px\007c\272^\330\357\010""; ","status: tsHAVE; hash: ""\206\345\0213[\207\344\354!\202\010\276w\257 l,\361\256%\351\364\370Px\007c\272^\330\357\010""; "
1750538724925,1750538724925,3344,1,1,4,TMHaveTransactionSet,"status: tsHAVE; hash: ""\206\345\0213[\207\344\354!\202\010\276w\257 l,\361\256%\351\364\370Px\007c\272^\330\357\010""; ","status: tsHAVE; hash: ""\206\345\0213[\207\344\354!\202\010\276w\257 l,\361\256%\351\364\370Px\007c\272^\330\357\010""; "
1750538724925,1750538724925,215,1,1,0,TMProposeSet,"proposeSeq: 0; currentTxHash: ""\206\345\0213[\207\344\354!\202\010\276w\257 l,\361\256%\351\364\370Px\007c\272^\330\357\010""; nodePubKey: ""\003\354*\213M\024\261\231C)\265\233Nk\304>g\222\037\213\224\253\332c\201 \344\373\323\332(\344k""; closeTime: 803853924; signature: ""0D\002 F\300#1\363\335\205\361\240Y\033\375I/\362\272@\336c\021:\315\206\204\260cg\212PI)D\002 n&\251t\216\030\321\240\233\224\232s\362\010,\020\346\370\312Z\301\241\277T\r\356\305W\326M\300\254""; previousledger: ""\265\274\217{\006\230\301C\037\362\303\203\311@$\357\237S\021\014\376:\n$\006\316\201M\323F\035\t""; ","proposeSeq: 0; currentTxHash: ""\206\345\0213[\207\344\354!\202\010\276w\257 l,\361\256%\351\364\370Px\007c\272^\330\357\010""; nodePubKey: ""\003\354*\213M\024\261\231C)\265\233Nk\304>g\222\037\213\224\253\332c\201 \344\373\323\332(\344k""; closeTime: 803853924; signature: ""0D\002 F\300#1\363\335\205\361\240Y\033\375I/\362\272@\336c\021:\315\206\204\260cg\212PI)D\002 n&\251t\216\030\321\240\233\224\232s\362\010,\020\346\370\312Z\301\241\277T\r\356\305W\326M\300\254""; previousledger: ""\265\274\217{\006\230\301C\037\362\303\203\311@$\357\237S\021\014\376:\n$\006\316\201M\323F\035\t""; "
1750538724914,1750538724952,2304,1,1,3,TMStatusChange,"newEvent: neCLOSING_LEDGER; ledgerSeq: 3; ledgerHash: ""\265\274\217{\006\230\301C\037\362\303\203\311@$\357\237S\021\014\376:\n$\006\316\201M\323F\035\t""; ledgerHashPrevious: ""\310\307\013\377\332\017\177V\203\327_\003z?\001HO\264M\200mz\336\253V\312\221\036<%\014\351""; networkTime: 803853924; firstSeq: 1; lastSeq: 3; ","newEvent: neCLOSING_LEDGER; ledgerSeq: 3; ledgerHash: ""\265\274\217{\006\230\301C\037\362\303\203\311@$\357\237S\021\014\376:\n$\006\316\201M\323F\035\t""; ledgerHashPrevious: ""\310\307\013\377\332\017\177V\203\327_\003z?\001HO\264M\200mz\336\253V\312\221\036<%\014\351""; networkTime: 803853924; firstSeq: 1; lastSeq: 3; "
1750538724914,1750538724952,2904,1,1,4,TMStatusChange,"newEvent: neCLOSING_LEDGER; ledgerSeq: 3; ledgerHash: ""\265\274\217{\006\230\301C\037\362\303\203\311@$\357\237S\021\014\376:\n$\006\316\201M\323F\035\t""; ledgerHashPrevious: ""\310\307\013\377\332\017\177V\203\327_\003z?\001HO\264M\200mz\336\253V\312\221\036<%\014\351""; networkTime: 803853924; firstSeq: 1; lastSeq: 3; ","newEvent: neCLOSING_LEDGER; ledgerSeq: 3; ledgerHash: ""\265\274\217{\006\230\301C\037\362\303\203\311@$\357\237S\021\014\376:\n$\006\316\201M\323F\035\t""; ledgerHashPrevious: ""\310\307\013\377\332\017\177V\203\327_\003z?\001HO\264M\200mz\336\253V\312\221\036<%\014\351""; networkTime: 803853924; firstSeq: 1; lastSeq: 3; "
1750538724915,1750538724952,3558,1,1,2,TMStatusChange,"newEvent: neCLOSING_LEDGER; ledgerSeq: 3; ledgerHash: ""\265\274\217{\006\230\301C\037\362\303\203\311@$\357\237S\021\014\376:\n$\006\316\201M\323F\035\t""; ledgerHashPrevious: ""\310\307\013\377\332\017\177V\203\327_\003z?\001HO\264M\200mz\336\253V\312\221\036<%\014\351""; networkTime: 803853924; firstSeq: 1; lastSeq: 3; ","newEvent: neCLOSING_LEDGER; ledgerSeq: 3; ledgerHash: ""\265\274\217{\006\230\301C\037\362\303\203\311@$\357\237S\021\014\376:\n$\006\316\201M\323F\035\t""; ledgerHashPrevious: ""\310\307\013\377\332\017\177V\203\327_\003z?\001HO\264M\200mz\336\253V\312\221\036<%\014\351""; networkTime: 803853924; firstSeq: 1; lastSeq: 3; "
1750538724915,1750538724953,1425,1,1,0,TMStatusChange,"newEvent: neCLOSING_LEDGER; ledgerSeq: 3; ledgerHash: ""\265\274\217{\006\230\301C\037\362\303\203\311@$\357\237S\021\014\376:\n$\006\316\201M\323F\035\t""; ledgerHashPrevious: ""\310\307\013\377\332\017\177V\203\327_\003z?\001HO\264M\200mz\336\253V\312\221\036<%\014\351""; networkTime: 803853924; firstSeq: 1; lastSeq: 3; ","newEvent: neCLOSING_LEDGER; ledgerSeq: 3; ledgerHash: ""\265\274\217{\006\230\301C\037\362\303\203\311@$\357\237S\021\014\376:\n$\006\316\201M\323F\035\t""; ledgerHashPrevious: ""\310\307\013\377\332\017\177V\203\327_\003z?\001HO\264M\200mz\336\253V\312\221\036<%\014\351""; networkTime: 803853924; firstSeq: 1; lastSeq: 3; "
1750538724959,1750538724960,1692,1,2,3,TMTransaction,"rawTransaction: ""\022\000\000""\000\000\000\000$\000\000\000\001 \033\000\000\000\027a@\000\000\027H\206*@h@\000\000\000\000\000\000\ns!\0030\347\374\235V\273%\326\211;\243\363\027\256[\3173\263)\033\326=\263&T\243\023""/\177\320 tG0E\002!\000\252\020`A\230\243\255\031\024;\023\323\nq\234 d\304\213Hy(\333e\200\270\371?\246\370\356\025\002 5sm\215M\315Y\004\270\231B\270\260F\352\335l\316\235}\244ko\243\360\272\n\360^\302\225\233\201\024\265\367by\212S\325C\240\024\312\370\262\227\317\370\362\3717\350\203\024#%\327l\301-U;\353\303\024KT\200\2052\335\037H\320""; status: tsCURRENT; receiveTimestamp: 803853924; deferred: false; ","rawTransaction: ""\022\000\000""\000\000\000\000$\000\000\000\001 \033\000\000\000\027a@\000\000\027H\206*@h@\000\000\000\000\000\000\ns!\0030\347\374\235V\273%\326\211;\243\363\027\256[\3173\263)\033\326=\263&T\243\023""/\177\320 tG0E\002!\000\252\020`A\230\243\255\031\024;\023\323\nq\234 d\304\213Hy(\333e\200\270\371?\246\370\356\025\002 5sm\215M\315Y\004\270\231B\270\260F\352\335l\316\235}\244ko\243\360\272\n\360^\302\225\233\201\024\265\367by\212S\325C\240\024\312\370\262\227\317\370\362\3717\350\203\024#%\327l\301-U;\353\303\024KT\200\2052\335\037H\320""; status: tsCURRENT; receiveTimestamp: 803853924; deferred: false; "
1750538724960,1750538724961,543,1,2,4,TMTransaction,"rawTransaction: ""\022\000\000""\000\000\000\000$\000\000\000\001 \033\000\000\000\027a@\000\000\027H\206*@h@\000\000\000\000\000\000\ns!\0030\347\374\235V\273%\326\211;\243\363\027\256[\3173\263)\033\326=\263&T\243\023""/\177\320 tG0E\002!\000\252\020`A\230\243\255\031\024;\023\323\nq\234 d\304\213Hy(\333e\200\270\371?\246\370\356\025\002 5sm\215M\315Y\004\270\231B\270\260F\352\335l\316\235}\244ko\243\360\272\n\360^\302\225\233\201\024\265\367by\212S\325C\240\024\312\370\262\227\317\370\362\3717\350\203\024#%\327l\301-U;\353\303\024KT\200\2052\335\037H\320""; status: tsCURRENT; receiveTimestamp: 803853924; deferred: false; ","rawTransaction: ""\022\000\000""\000\000\000\000$\000\000\000\001 \033\000\000\000\027a@\000\000\027H\206*@h@\000\000\000\000\000\000\ns!\0030\347\374\235V\273%\326\211;\243\363\027\256[\3173\263)\033\326=\263&T\243\023""/\177\320 tG0E\002!\000\252\020`A\230\243\255\031\024;\023\323\nq\234 d\304\213Hy(\333e\200\270\371?\246\370\356\025\002 5sm\215M\315Y\004\270\231B\270\260F\352\335l\316\235}\244ko\243\360\272\n\360^\302\225\233\201\024\265\367by\212S\325C\240\024\312\370\262\227\317\370\362\3717\350\203\024#%\327l\301-U;\353\303\024KT\200\2052\335\037H\320""; status: tsCURRENT; receiveTimestamp: 803853924; deferred: false; "
1750538724960,1750538724962,3531,1,2,0,TMTransaction,"rawTransaction: ""\022\000\000""\000\000\000\000$\000\000\000\001 \033\000\000\000\027a@\000\000\027H\206*@h@\000\000\000\000\000\000\ns!\0030\347\374\235V\273%\326\211;\243\363\027\256[\3173\263)\033\326=\263&T\243\023""/\177\320 tG0E\002!\000\252\020`A\230\243\255\031\024;\023\323\nq\234 d\304\213Hy(\333e\200\270\371?\246\370\356\025\002 5sm\215M\315Y\004\270\231B\270\260F\352\335l\316\235}\244ko\243\360\272\n\360^\302\225\233\201\024\265\367by\212S\325C\240\024\312\370\262\227\317\370\362\3717\350\203\024#%\327l\301-U;\353\303\024KT\200\2052\335\037H\320""; status: tsCURRENT; receiveTimestamp: 803853924; deferred: false; ","rawTransaction: ""\022\000\000""\000\000\000\000$\000\000\000\001 \033\000\000\000\027a@\000\000\027H\206*@h@\000\000\000\000\000\000\ns!\0030\347\374\235V\273%\326\211;\243\363\027\256[\3173\263)\033\326=\263&T\243\023""/\177\320 tG0E\002!\000\252\020`A\230\243\255\031\024;\023\323\nq\234 d\304\213Hy(\333e\200\270\371?\246\370\356\025\002 5sm\215M\315Y\004\270\231B\270\260F\352\335l\316\235}\244ko\243\360\272\n\360^\302\225\233\201\024\265\367by\212S\325C\240\024\312\370\262\227\317\370\362\3717\350\203\024#%\327l\301-U;\353\303\024KT\200\2052\335\037H\320""; status: tsCURRENT; receiveTimestamp: 803853924; deferred: false; "
1750538724983,1750538724983,3490,1,3,0,TMValidation,"validation: """"\200\000\000\001&\000\000\000\003)/\351\326b:\023\347P\206+XgcQ\265\274\217{\006\230\301C\037\362\303\203\311@$\357\237S\021\014\376:\n$\006\316\201M\323F\035\tP\027\000\000\000\000\000\000\000\000\000\000\000\000\000\000\000\000\000\000\000\000\000\000\000\000\000\000\000\000\000\000\000\000P\031-}\351f\032\255\274\334m\326c\017\014ao[\342\230\003\245\245\3341Hm\326^\017jy\335\261s!\003\266z\355\317\337p\211\027\004\376\033=\231\303\247\235\333\200-\342ze\360>\370Z0A\357\271\211NvG0E\002!\000\352\376\037\233fgg*+\332f\324nz\354\253\2154\255\016\276\205\341T\221;\035\271\327}\212\027\002 W\254\0012r\361`\230\331t\t\206\331\204A\202,u\322h\026E W\0325\t\255-w2\035""; ","validation: """"\200\000\000\001&\000\000\000\003)/\351\326b:\023\347P\206+XgcQ\265\274\217{\006\230\301C\037\362\303\203\311@$\357\237S\021\014\376:\n$\006\316\201M\323F\035\tP\027\000\000\000\000\000\000\000\000\000\000\000\000\000\000\000\000\000\000\000\000\000\000\000\000\000\000\000\000\000\000\000\000P\031-}\351f\032\255\274\334m\326c\017\014ao[\342\230\003\245\245\3341Hm\326^\017jy\335\261s!\003\266z\355\317\337p\211\027\004\376\033=\231\303\247\235\333\200-\342ze\360>\370Z0A\357\271\211NvG0E\002!\000\352\376\037\233fgg*+\332f\324nz\354\253\2154\255\016\276\205\341T\221;\035\271\327}\212\027\002 W\254\0012r\361`\230\331t\t\206\331\204A\202,u\322h\026E W\0325\t\255-w2\035""; "
1750538724983,1750538724983,1138,1,3,4,TMValidation,"validation: """"\200\000\000\001&\000\000\000\003)/\351\326b:\023\347P\206+XgcQ\265\274\217{\006\230\301C\037\362\303\203\311@$\357\237S\021\014\376:\n$\006\316\201M\323F\035\tP\027\000\000\000\000\000\000\000\000\000\000\000\000\000\000\000\000\000\000\000\000\000\000\000\000\000\000\000\000\000\000\000\000P\031-}\351f\032\255\274\334m\326c\017\014ao[\342\230\003\245\245\3341Hm\326^\017jy\335\261s!\003\266z\355\317\337p\211\027\004\376\033=\231\303\247\235\333\200-\342ze\360>\370Z0A\357\271\211NvG0E\002!\000\352\376\037\233fgg*+\332f\324nz\354\253\2154\255\016\276\205\341T\221;\035\271\327}\212\027\002 W\254\0012r\361`\230\331t\t\206\331\204A\202,u\322h\026E W\0325\t\255-w2\035""; ","validation: """"\200\000\000\001&\000\000\000\003)/\351\326b:\023\347P\206+XgcQ\265\274\217{\006\230\301C\037\362\303\203\311@$\357\237S\021\014\376:\n$\006\316\201M\323F\035\tP\027\000\000\000\000\000\000\000\000\000\000\000\000\000\000\000\000\000\000\000\000\000\000\000\000\000\000\000\000\000\000\000\000P\031-}\351f\032\255\274\334m\326c\017\014ao[\342\230\003\245\245\3341Hm\326^\017jy\335\261s!\003\266z\355\317\337p\211\027\004\376\033=\231\303\247\235\333\200-\342ze\360>\370Z0A\357\271\211NvG0E\002!\000\352\376\037\233fgg*+\332f\324nz\354\253\2154\255\016\276\205\341T\221;\035\271\327}\212\027\002 W\254\0012r\361`\230\331t\t\206\331\204A\202,u\322h\026E W\0325\t\255-w2\035""; "
1750538724983,1750538724983,16,1,3,1,TMValidation,"validation: """"\200\000\000\001&\000\000\000\003)/\351\326b:\023\347P\206+XgcQ\265\274\217{\006\230\301C\037\362\303\203\311@$\357\237S\021\014\376:\n$\006\316\201M\323F\035\tP\027\000\000\000\000\000\000\000\000\000\000\000\000\000\000\000\000\000\000\000\000\000\000\000\000\000\000\000\000\000\000\000\000P\031-}\351f\032\255\274\334m\326c\017\014ao[\342\230\003\245\245\3341Hm\326^\017jy\335\261s!\003\266z\355\317\337p\211\027\004\376\033=\231\303\247\235\333\200-\342ze\360>\370Z0A\357\271\211NvG0E\002!\000\352\376\037\233fgg*+\332f\324nz\354\253\2154\255\016\276\205\341T\221;\035\271\327}\212\027\002 W\254\0012r\361`\230\331t\t\206\331\204A\202,u\322h\026E W\0325\t\255-w2\035""; ","validation: """"\200\000\000\001&\000\000\000\003)/\351\326b:\023\347P\206+XgcQ\265\274\217{\006\230\301C\037\362\303\203\311@$\357\237S\021\014\376:\n$\006\316\201M\323F\035\tP\027\000\000\000\000\000\000\000\000\000\000\000\000\000\000\000\000\000\000\000\000\000\000\000\000\000\000\000\000\000\000\000\000P\031-}\351f\032\255\274\334m\326c\017\014ao[\342\230\003\245\245\3341Hm\326^\017jy\335\261s!\003\266z\355\317\337p\211\027\004\376\033=\231\303\247\235\333\200-\342ze\360>\370Z0A\357\271\211NvG0E\002!\000\352\376\037\233fgg*+\332f\324nz\354\253\2154\255\016\276\205\341T\221;\035\271\327}\212\027\002 W\254\0012r\361`\230\331t\t\206\331\204A\202,u\322h\026E W\0325\t\255-w2\035""; "
1750538725131,1750538725132,2466,1,2,3,TMValidation,"validation: """"\200\000\000\001&\000\000\000\003)/\351\326b:U\220E\316&g\276RQ\265\274\217{\006\230\301C\037\362\303\203\311@$\357\237S\021\014\376:\n$\006\316\201M\323F\035\tP\027\000\000\000\000\000\000\000\000\000\000\000\000\000\000\000\000\000\000\000\000\000\000\000\000\000\000\000\000\000\000\000\000P\031-}\351f\032\255\274\334m\326c\017\014ao[\342\230\003\245\245\3341Hm\326^\017jy\335\261s!\003~\375{L?\027\276\233\213\030\372\276\341\272\320\221I\273\364\302\210&&\024\321t\263~u\021\224\007vG0E\002!\000\364$\302\222\025\201(\317s\005\330\\314N\276\300<\332\215=\342\037\322\206\367\352\n,\327l\332J\002 $7\223c\211h\277t\027\214\230\316\367\376MY\350\262Kt\371\002\027V\231\331\177G\267\351O\260""; ","validation: """"\200\000\000\001&\000\000\000\003)/\351\326b:U\220E\316&g\276RQ\265\274\217{\006\230\301C\037\362\303\203\311@$\357\237S\021\014\376:\n$\006\316\201M\323F\035\tP\027\000\000\000\000\000\000\000\000\000\000\000\000\000\000\000\000\000\000\000\000\000\000\000\000\000\000\000\000\000\000\000\000P\031-}\351f\032\255\274\334m\326c\017\014ao[\342\230\003\245\245\3341Hm\326^\017jy\335\261s!\003~\375{L?\027\276\233\213\030\372\276\341\272\320\221I\273\364\302\210&&\024\321t\263~u\021\224\007vG0E\002!\000\364$\302\222\025\201(\317s\005\330\\314N\276\300<\332\215=\342\037\322\206\367\352\n,\327l\332J\002 $7\223c\211h\277t\027\214\230\316\367\376MY\350\262Kt\371\002\027V\231\331\177G\267\351O\260""; "
1750538725132,1750538725132,3489,1,2,4,TMValidation,"validation: """"\200\000\000\001&\000\000\000\003)/\351\326b:U\220E\316&g\276RQ\265\274\217{\006\230\301C\037\362\303\203\311@$\357\237S\021\014\376:\n$\006\316\201M\323F\035\tP\027\000\000\000\000\000\000\000\000\000\000\000\000\000\000\000\000\000\000\000\000\000\000\000\000\000\000\000\000\000\000\000\000P\031-}\351f\032\255\274\334m\326c\017\014ao[\342\230\003\245\245\3341Hm\326^\017jy\335\261s!\003~\375{L?\027\276\233\213\030\372\276\341\272\320\221I\273\364\302\210&&\024\321t\263~u\021\224\007vG0E\002!\000\364$\302\222\025\201(\317s\005\330\\314N\276\300<\332\215=\342\037\322\206\367\352\n,\327l\332J\002 $7\223c\211h\277t\027\214\230\316\367\376MY\350\262Kt\371\002\027V\231\331\177G\267\351O\260""; ","validation: """"\200\000\000\001&\000\000\000\003)/\351\326b:U\220E\316&g\276RQ\265\274\217{\006\230\301C\037\362\303\203\311@$\357\237S\021\014\376:\n$\006\316\201M\323F\035\tP\027\000\000\000\000\000\000\000\000\000\000\000\000\000\000\000\000\000\000\000\000\000\000\000\000\000\000\000\000\000\000\000\000P\031-}\351f\032\255\274\334m\326c\017\014ao[\342\230\003\245\245\3341Hm\326^\017jy\335\261s!\003~\375{L?\027\276\233\213\030\372\276\341\272\320\221I\273\364\302\210&&\024\321t\263~u\021\224\007vG0E\002!\000\364$\302\222\025\201(\317s\005\330\\314N\276\300<\332\215=\342\037\322\206\367\352\n,\327l\332J\002 $7\223c\211h\277t\027\214\230\316\367\376MY\350\262Kt\371\002\027V\231\331\177G\267\351O\260""; "
1750538725133,1750538725133,1733,1,2,1,TMValidation,"validation: """"\200\000\000\001&\000\000\000\003)/\351\326b:U\220E\316&g\276RQ\265\274\217{\006\230\301C\037\362\303\203\311@$\357\237S\021\014\376:\n$\006\316\201M\323F\035\tP\027\000\000\000\000\000\000\000\000\000\000\000\000\000\000\000\000\000\000\000\000\000\000\000\000\000\000\000\000\000\000\000\000P\031-}\351f\032\255\274\334m\326c\017\014ao[\342\230\003\245\245\3341Hm\326^\017jy\335\261s!\003~\375{L?\027\276\233\213\030\372\276\341\272\320\221I\273\364\302\210&&\024\321t\263~u\021\224\007vG0E\002!\000\364$\302\222\025\201(\317s\005\330\\314N\276\300<\332\215=\342\037\322\206\367\352\n,\327l\332J\002 $7\223c\211h\277t\027\214\230\316\367\376MY\350\262Kt\371\002\027V\231\331\177G\267\351O\260""; ","validation: """"\200\000\000\001&\000\000\000\003)/\351\326b:U\220E\316&g\276RQ\265\274\217{\006\230\301C\037\362\303\203\311@$\357\237S\021\014\376:\n$\006\316\201M\323F\035\tP\027\000\000\000\000\000\000\000\000\000\000\000\000\000\000\000\000\000\000\000\000\000\000\000\000\000\000\000\000\000\000\000\000P\031-}\351f\032\255\274\334m\326c\017\014ao[\342\230\003\245\245\3341Hm\326^\017jy\335\261s!\003~\375{L?\027\276\233\213\030\372\276\341\272\320\221I\273\364\302\210&&\024\321t\263~u\021\224\007vG0E\002!\000\364$\302\222\025\201(\317s\005\330\\314N\276\300<\332\215=\342\037\322\206\367\352\n,\327l\332J\002 $7\223c\211h\277t\027\214\230\316\367\376MY\350\262Kt\371\002\027V\231\331\177G\267\351O\260""; "
1750538725140,1750538725140,1299,1,0,1,TMGetLedger,"itype: liTS_CANDIDATE; ledgerHash: ""\206\345\0213[\207\344\354!\202\010\276w\257 l,\361\256%\351\364\370Px\007c\272^\330\357\010""; nodeIDs: ""\000\000\000\000\000\000\000\000\000\000\000\000\000\000\000\000\000\000\000\000\000\000\000\000\000\000\000\000\000\000\000\000\000""; queryDepth: 3; ","itype: liTS_CANDIDATE; ledgerHash: ""\206\345\0213[\207\344\354!\202\010\276w\257 l,\361\256%\351\364\370Px\007c\272^\330\357\010""; nodeIDs: ""\000\000\000\000\000\000\000\000\000\000\000\000\000\000\000\000\000\000\000\000\000\000\000\000\000\000\000\000\000\000\000\000\000""; queryDepth: 3; "
1750538725141,1750538725141,3526,1,0,4,TMProposeSet,"proposeSeq: 0; currentTxHash: ""\206\345\0213[\207\344\354!\202\010\276w\257 l,\361\256%\351\364\370Px\007c\272^\330\357\010""; nodePubKey: ""\003\354*\213M\024\261\231C)\265\233Nk\304>g\222\037\213\224\253\332c\201 \344\373\323\332(\344k""; closeTime: 803853924; signature: ""0D\002 F\300#1\363\335\205\361\240Y\033\375I/\362\272@\336c\021:\315\206\204\260cg\212PI)D\002 n&\251t\216\030\321\240\233\224\232s\362\010,\020\346\370\312Z\301\241\277T\r\356\305W\326M\300\254""; previousledger: ""\265\274\217{\006\230\301C\037\362\303\203\311@$\357\237S\021\014\376:\n$\006\316\201M\323F\035\t""; ","proposeSeq: 0; currentTxHash: ""\206\345\0213[\207\344\354!\202\010\276w\257 l,\361\256%\351\364\370Px\007c\272^\330\357\010""; nodePubKey: ""\003\354*\213M\024\261\231C)\265\233Nk\304>g\222\037\213\224\253\332c\201 \344\373\323\332(\344k""; closeTime: 803853924; signature: ""0D\002 F\300#1\363\335\205\361\240Y\033\375I/\362\272@\336c\021:\315\206\204\260cg\212PI)D\002 n&\251t\216\030\321\240\233\224\232s\362\010,\020\346\370\312Z\301\241\277T\r\356\305W\326M\300\254""; previousledger: ""\265\274\217{\006\230\301C\037\362\303\203\311@$\357\237S\021\014\376:\n$\006\316\201M\323F\035\t""; "
1750538725141,1750538725141,3392,1,0,3,TMProposeSet,"proposeSeq: 0; currentTxHash: ""\206\345\0213[\207\344\354!\202\010\276w\257 l,\361\256%\351\364\370Px\007c\272^\330\357\010""; nodePubKey: ""\003\354*\213M\024\261\231C)\265\233Nk\304>g\222\037\213\224\253\332c\201 \344\373\323\332(\344k""; closeTime: 803853924; signature: ""0D\002 F\300#1\363\335\205\361\240Y\033\375I/\362\272@\336c\021:\315\206\204\260cg\212PI)D\002 n&\251t\216\030\321\240\233\224\232s\362\010,\020\346\370\312Z\301\241\277T\r\356\305W\326M\300\254""; previousledger: ""\265\274\217{\006\230\301C\037\362\303\203\311@$\357\237S\021\014\376:\n$\006\316\201M\323F\035\t""; ","proposeSeq: 0; currentTxHash: ""\206\345\0213[\207\344\354!\202\010\276w\257 l,\361\256%\351\364\370Px\007c\272^\330\357\010""; nodePubKey: ""\003\354*\213M\024\261\231C)\265\233Nk\304>g\222\037\213\224\253\332c\201 \344\373\323\332(\344k""; closeTime: 803853924; signature: ""0D\002 F\300#1\363\335\205\361\240Y\033\375I/\362\272@\336c\021:\315\206\204\260cg\212PI)D\002 n&\251t\216\030\321\240\233\224\232s\362\010,\020\346\370\312Z\301\241\277T\r\356\305W\326M\300\254""; previousledger: ""\265\274\217{\006\230\301C\037\362\303\203\311@$\357\237S\021\014\376:\n$\006\316\201M\323F\035\t""; "
1750538725142,1750538725142,2549,1,0,2,TMProposeSet,"proposeSeq: 0; currentTxHash: ""\206\345\0213[\207\344\354!\202\010\276w\257 l,\361\256%\351\364\370Px\007c\272^\330\357\010""; nodePubKey: ""\003\354*\213M\024\261\231C)\265\233Nk\304>g\222\037\213\224\253\332c\201 \344\373\323\332(\344k""; closeTime: 803853924; signature: ""0D\002 F\300#1\363\335\205\361\240Y\033\375I/\362\272@\336c\021:\315\206\204\260cg\212PI)D\002 n&\251t\216\030\321\240\233\224\232s\362\010,\020\346\370\312Z\301\241\277T\r\356\305W\326M\300\254""; previousledger: ""\265\274\217{\006\230\301C\037\362\303\203\311@$\357\237S\021\014\376:\n$\006\316\201M\323F\035\t""; ","proposeSeq: 0; currentTxHash: ""\206\345\0213[\207\344\354!\202\010\276w\257 l,\361\256%\351\364\370Px\007c\272^\330\357\010""; nodePubKey: ""\003\354*\213M\024\261\231C)\265\233Nk\304>g\222\037\213\224\253\332c\201 \344\373\323\332(\344k""; closeTime: 803853924; signature: ""0D\002 F\300#1\363\335\205\361\240Y\033\375I/\362\272@\336c\021:\315\206\204\260cg\212PI)D\002 n&\251t\216\030\321\240\233\224\232s\362\010,\020\346\370\312Z\301\241\277T\r\356\305W\326M\300\254""; previousledger: ""\265\274\217{\006\230\301C\037\362\303\203\311@$\357\237S\021\014\376:\n$\006\316\201M\323F\035\t""; "
1750538725142,1750538725143,3242,1,0,3,TMGetLedger,"itype: liTS_CANDIDATE; ledgerHash: ""\206\345\0213[\207\344\354!\202\010\276w\257 l,\361\256%\351\364\370Px\007c\272^\330\357\010""; nodeIDs: ""\000\000\000\000\000\000\000\000\000\000\000\000\000\000\000\000\000\000\000\000\000\000\000\000\000\000\000\000\000\000\000\000\000""; queryDepth: 3; ","itype: liTS_CANDIDATE; ledgerHash: ""\206\345\0213[\207\344\354!\202\010\276w\257 l,\361\256%\351\364\370Px\007c\272^\330\357\010""; nodeIDs: ""\000\000\000\000\000\000\000\000\000\000\000\000\000\000\000\000\000\000\000\000\000\000\000\000\000\000\000\000\000\000\000\000\000""; queryDepth: 3; "
1750538725189,1750538725190,1692,1,2,3,TMTransaction,"rawTransaction: ""\022\000\000""\000\000\000\000$\000\000\000\002 \033\000\000\000\027a@\000\000\027H\206*@h@\000\000\000\000\000\000\ns!\0030\347\374\235V\273%\326\211;\243\363\027\256[\3173\263)\033\326=\263&T\243\023""/\177\320 tF0D\002 &l\001\201\326\r\256/\375_\206I\323\036K\375\363\255\032_Kq4\307\326\006Tr(w\363\005\002 ]d\352\022\3667\306\226\345)\224\365\226\371\312\256\321\205\362\372T\316\217}\013\265\303L\004?]\022\201\024\265\367by\212S\325C\240\024\312\370\262\227\317\370\362\3717\350\203\024F:\314\247\316\273\334\r\343l\207\264d\266\002K\034\2303\211""; status: tsCURRENT; receiveTimestamp: 803853925; deferred: false; ","rawTransaction: ""\022\000\000""\000\000\000\000$\000\000\000\002 \033\000\000\000\027a@\000\000\027H\206*@h@\000\000\000\000\000\000\ns!\0030\347\374\235V\273%\326\211;\243\363\027\256[\3173\263)\033\326=\263&T\243\023""/\177\320 tF0D\002 &l\001\201\326\r\256/\375_\206I\323\036K\375\363\255\032_Kq4\307\326\006Tr(w\363\005\002 ]d\352\022\3667\306\226\345)\224\365\226\371\312\256\321\205\362\372T\316\217}\013\265\303L\004?]\022\201\024\265\367by\212S\325C\240\024\312\370\262\227\317\370\362\3717\350\203\024F:\314\247\316\273\334\r\343l\207\264d\266\002K\034\2303\211""; status: tsCURRENT; receiveTimestamp: 803853925; deferred: false; "
1750538725189,1750538725190,543,1,2,4,TMTransaction,"rawTransaction: ""\022\000\000""\000\000\000\000$\000\000\000\002 \033\000\000\000\027a@\000\000\027H\206*@h@\000\000\000\000\000\000\ns!\0030\347\374\235V\273%\326\211;\243\363\027\256[\3173\263)\033\326=\263&T\243\023""/\177\320 tF0D\002 &l\001\201\326\r\256/\375_\206I\323\036K\375\363\255\032_Kq4\307\326\006Tr(w\363\005\002 ]d\352\022\3667\306\226\345)\224\365\226\371\312\256\321\205\362\372T\316\217}\013\265\303L\004?]\022\201\024\265\367by\212S\325C\240\024\312\370\262\227\317\370\362\3717\350\203\024F:\314\247\316\273\334\r\343l\207\264d\266\002K\034\2303\211""; status: tsCURRENT; receiveTimestamp: 803853925; deferred: false; ","rawTransaction: ""\022\000\000""\000\000\000\000$\000\000\000\002 \033\000\000\000\027a@\000\000\027H\206*@h@\000\000\000\000\000\000\ns!\0030\347\374\235V\273%\326\211;\243\363\027\256[\3173\263)\033\326=\263&T\243\023""/\177\320 tF0D\002 &l\001\201\326\r\256/\375_\206I\323\036K\375\363\255\032_Kq4\307\326\006Tr(w\363\005\002 ]d\352\022\3667\306\226\345)\224\365\226\371\312\256\321\205\362\372T\316\217}\013\265\303L\004?]\022\201\024\265\367by\212S\325C\240\024\312\370\262\227\317\370\362\3717\350\203\024F:\314\247\316\273\334\r\343l\207\264d\266\002K\034\2303\211""; status: tsCURRENT; receiveTimestamp: 803853925; deferred: false; "
1750538725190,1750538725191,3531,1,2,0,TMTransaction,"rawTransaction: ""\022\000\000""\000\000\000\000$\000\000\000\002 \033\000\000\000\027a@\000\000\027H\206*@h@\000\000\000\000\000\000\ns!\0030\347\374\235V\273%\326\211;\243\363\027\256[\3173\263)\033\326=\263&T\243\023""/\177\320 tF0D\002 &l\001\201\326\r\256/\375_\206I\323\036K\375\363\255\032_Kq4\307\326\006Tr(w\363\005\002 ]d\352\022\3667\306\226\345)\224\365\226\371\312\256\321\205\362\372T\316\217}\013\265\303L\004?]\022\201\024\265\367by\212S\325C\240\024\312\370\262\227\317\370\362\3717\350\203\024F:\314\247\316\273\334\r\343l\207\264d\266\002K\034\2303\211""; status: tsCURRENT; receiveTimestamp: 803853925; deferred: false; ","rawTransaction: ""\022\000\000""\000\000\000\000$\000\000\000\002 \033\000\000\000\027a@\000\000\027H\206*@h@\000\000\000\000\000\000\ns!\0030\347\374\235V\273%\326\211;\243\363\027\256[\3173\263)\033\326=\263&T\243\023""/\177\320 tF0D\002 &l\001\201\326\r\256/\375_\206I\323\036K\375\363\255\032_Kq4\307\326\006Tr(w\363\005\002 ]d\352\022\3667\306\226\345)\224\365\226\371\312\256\321\205\362\372T\316\217}\013\265\303L\004?]\022\201\024\265\367by\212S\325C\240\024\312\370\262\227\317\370\362\3717\350\203\024F:\314\247\316\273\334\r\343l\207\264d\266\002K\034\2303\211""; status: tsCURRENT; receiveTimestamp: 803853925; deferred: false; "
1750538725203,1750538725203,3370,1,1,2,TMValidation,"validation: """"\200\000\000\001&\000\000\000\003)/\351\326b:\303\251\2659\267\306|_Q\265\274\217{\006\230\301C\037\362\303\203\311@$\357\237S\021\014\376:\n$\006\316\201M\323F\035\tP\027\000\000\000\000\000\000\000\000\000\000\000\000\000\000\000\000\000\000\000\000\000\000\000\000\000\000\000\000\000\000\000\000P\031-}\351f\032\255\274\334m\326c\017\014ao[\342\230\003\245\245\3341Hm\326^\017jy\335\261s!\002 \026\333\362W<\375\221\252M\216[;A\212\332\001\245U\216U\016 \210\301)Q5$#\354\322vF0D\002 m'\302\363\236\217\202.A0\205\317W\2150\367\336\256\205\271\332\224\260+o\345[\365\273Q\331\330\002 N\352\217\263-cojL\177\240\300\3175\312\357&\232~L= \246\307\004v;\267\242,\014\037""; ","validation: """"\200\000\000\001&\000\000\000\003)/\351\326b:\303\251\2659\267\306|_Q\265\274\217{\006\230\301C\037\362\303\203\311@$\357\237S\021\014\376:\n$\006\316\201M\323F\035\tP\027\000\000\000\000\000\000\000\000\000\000\000\000\000\000\000\000\000\000\000\000\000\000\000\000\000\000\000\000\000\000\000\000P\031-}\351f\032\255\274\334m\326c\017\014ao[\342\230\003\245\245\3341Hm\326^\017jy\335\261s!\002 \026\333\362W<\375\221\252M\216[;A\212\332\001\245U\216U\016 \210\301)Q5$#\354\322vF0D\002 m'\302\363\236\217\202.A0\205\317W\2150\367\336\256\205\271\332\224\260+o\345[\365\273Q\331\330\002 N\352\217\263-cojL\177\240\300\3175\312\357&\232~L= \246\307\004v;\267\242,\014\037""; "
1750538725203,1750538725203,3018,1,1,0,TMValidation,"validation: """"\200\000\000\001&\000\000\000\003)/\351\326b:\303\251\2659\267\306|_Q\265\274\217{\006\230\301C\037\362\303\203\311@$\357\237S\021\014\376:\n$\006\316\201M\323F\035\tP\027\000\000\000\000\000\000\000\000\000\000\000\000\000\000\000\000\000\000\000\000\000\000\000\000\000\000\000\000\000\000\000\000P\031-}\351f\032\255\274\334m\326c\017\014ao[\342\230\003\245\245\3341Hm\326^\017jy\335\261s!\002 \026\333\362W<\375\221\252M\216[;A\212\332\001\245U\216U\016 \210\301)Q5$#\354\322vF0D\002 m'\302\363\236\217\202.A0\205\317W\2150\367\336\256\205\271\332\224\260+o\345[\365\273Q\331\330\002 N\352\217\263-cojL\177\240\300\3175\312\357&\232~L= \246\307\004v;\267\242,\014\037""; ","validation: """"\200\000\000\001&\000\000\000\003)/\351\326b:\303\251\2659\267\306|_Q\265\274\217{\006\230\301C\037\362\303\203\311@$\357\237S\021\014\376:\n$\006\316\201M\323F\035\tP\027\000\000\000\000\000\000\000\000\000\000\000\000\000\000\000\000\000\000\000\000\000\000\000\000\000\000\000\000\000\000\000\000P\031-}\351f\032\255\274\334m\326c\017\014ao[\342\230\003\245\245\3341Hm\326^\017jy\335\261s!\002 \026\333\362W<\375\221\252M\216[;A\212\332\001\245U\216U\016 \210\301)Q5$#\354\322vF0D\002 m'\302\363\236\217\202.A0\205\317W\2150\367\336\256\205\271\332\224\260+o\345[\365\273Q\331\330\002 N\352\217\263-cojL\177\240\300\3175\312\357&\232~L= \246\307\004v;\267\242,\014\037""; "
1750538725204,1750538725204,3103,1,1,3,TMValidation,"validation: """"\200\000\000\001&\000\000\000\003)/\351\326b:\303\251\2659\267\306|_Q\265\274\217{\006\230\301C\037\362\303\203\311@$\357\237S\021\014\376:\n$\006\316\201M\323F\035\tP\027\000\000\000\000\000\000\000\000\000\000\000\000\000\000\000\000\000\000\000\000\000\000\000\000\000\000\000\000\000\000\000\000P\031-}\351f\032\255\274\334m\326c\017\014ao[\342\230\003\245\245\3341Hm\326^\017jy\335\261s!\002 \026\333\362W<\375\221\252M\216[;A\212\332\001\245U\216U\016 \210\301)Q5$#\354\322vF0D\002 m'\302\363\236\217\202.A0\205\317W\2150\367\336\256\205\271\332\224\260+o\345[\365\273Q\331\330\002 N\352\217\263-cojL\177\240\300\3175\312\357&\232~L= \246\307\004v;\267\242,\014\037""; ","validation: """"\200\000\000\001&\000\000\000\003)/\351\326b:\303\251\2659\267\306|_Q\265\274\217{\006\230\301C\037\362\303\203\311@$\357\237S\021\014\376:\n$\006\316\201M\323F\035\tP\027\000\000\000\000\000\000\000\000\000\000\000\000\000\000\000\000\000\000\000\000\000\000\000\000\000\000\000\000\000\000\000\000P\031-}\351f\032\255\274\334m\326c\017\014ao[\342\230\003\245\245\3341Hm\326^\017jy\335\261s!\002 \026\333\362W<\375\221\252M\216[;A\212\332\001\245U\216U\016 \210\301)Q5$#\354\322vF0D\002 m'\302\363\236\217\202.A0\205\317W\2150\367\336\256\205\271\332\224\260+o\345[\365\273Q\331\330\002 N\352\217\263-cojL\177\240\300\3175\312\357&\232~L= \246\307\004v;\267\242,\014\037""; "
1750538725390,1750538725390,2956,1,0,2,TMGetLedger,"itype: liTS_CANDIDATE; ledgerHash: ""\206\345\0213[\207\344\354!\202\010\276w\257 l,\361\256%\351\364\370Px\007c\272^\330\357\010""; nodeIDs: ""\000\000\000\000\000\000\000\000\000\000\000\000\000\000\000\000\000\000\000\000\000\000\000\000\000\000\000\000\000\000\000\000\000""; queryType: qtINDIRECT; queryDepth: 3; ","itype: liTS_CANDIDATE; ledgerHash: ""\206\345\0213[\207\344\354!\202\010\276w\257 l,\361\256%\351\364\370Px\007c\272^\330\357\010""; nodeIDs: ""\000\000\000\000\000\000\000\000\000\000\000\000\000\000\000\000\000\000\000\000\000\000\000\000\000\000\000\000\000\000\000\000\000""; queryType: qtINDIRECT; queryDepth: 3; "
1750538725503,1750538725504,706,1,0,3,TMTransaction,"rawTransaction: ""\022\000\000""\000\000\000\000$\000\000\000\001 \033\000\000\000\027a@\000\000\027H\206*@h@\000\000\000\000\000\000\ns!\0030\347\374\235V\273%\326\211;\243\363\027\256[\3173\263)\033\326=\263&T\243\023""/\177\320 tG0E\002!\000\252\020`A\230\243\255\031\024;\023\323\nq\234 d\304\213Hy(\333e\200\270\371?\246\370\356\025\002 5sm\215M\315Y\004\270\231B\270\260F\352\335l\316\235}\244ko\243\360\272\n\360^\302\225\233\201\024\265\367by\212S\325C\240\024\312\370\262\227\317\370\362\3717\350\203\024#%\327l\301-U;\353\303\024KT\200\2052\335\037H\320""; status: tsCURRENT; receiveTimestamp: 803853925; deferred: false; ","rawTransaction: ""\022\000\000""\000\000\000\000$\000\000\000\001 \033\000\000\000\027a@\000\000\027H\206*@h@\000\000\000\000\000\000\ns!\0030\347\374\235V\273%\326\211;\243\363\027\256[\3173\263)\033\326=\263&T\243\023""/\177\320 tG0E\002!\000\252\020`A\230\243\255\031\024;\023\323\nq\234 d\304\213Hy(\333e\200\270\371?\246\370\356\025\002 5sm\215M\315Y\004\270\231B\270\260F\352\335l\316\235}\244ko\243\360\272\n\360^\302\225\233\201\024\265\367by\212S\325C\240\024\312\370\262\227\317\370\362\3717\350\203\024#%\327l\301-U;\353\303\024KT\200\2052\335\037H\320""; status: tsCURRENT; receiveTimestamp: 803853925; deferred: false; "
1750538725503,1750538725504,664,1,0,4,TMTransaction,"rawTransaction: ""\022\000\000""\000\000\000\000$\000\000\000\001 \033\000\000\000\027a@\000\000\027H\206*@h@\000\000\000\000\000\000\ns!\0030\347\374\235V\273%\326\211;\243\363\027\256[\3173\263)\033\326=\263&T\243\023""/\177\320 tG0E\002!\000\252\020`A\230\243\255\031\024;\023\323\nq\234 d\304\213Hy(\333e\200\270\371?\246\370\356\025\002 5sm\215M\315Y\004\270\231B\270\260F\352\335l\316\235}\244ko\243\360\272\n\360^\302\225\233\201\024\265\367by\212S\325C\240\024\312\370\262\227\317\370\362\3717\350\203\024#%\327l\301-U;\353\303\024KT\200\2052\335\037H\320""; status: tsCURRENT; receiveTimestamp: 803853925; deferred: false; ","rawTransaction: ""\022\000\000""\000\000\000\000$\000\000\000\001 \033\000\000\000\027a@\000\000\027H\206*@h@\000\000\000\000\000\000\ns!\0030\347\374\235V\273%\326\211;\243\363\027\256[\3173\263)\033\326=\263&T\243\023""/\177\320 tG0E\002!\000\252\020`A\230\243\255\031\024;\023\323\nq\234 d\304\213Hy(\333e\200\270\371?\246\370\356\025\002 5sm\215M\315Y\004\270\231B\270\260F\352\335l\316\235}\244ko\243\360\272\n\360^\302\225\233\201\024\265\367by\212S\325C\240\024\312\370\262\227\317\370\362\3717\350\203\024#%\327l\301-U;\353\303\024KT\200\2052\335\037H\320""; status: tsCURRENT; receiveTimestamp: 803853925; deferred: false; "
1750538725503,1750538725505,111,1,0,2,TMTransaction,"rawTransaction: ""\022\000\000""\000\000\000\000$\000\000\000\001 \033\000\000\000\027a@\000\000\027H\206*@h@\000\000\000\000\000\000\ns!\0030\347\374\235V\273%\326\211;\243\363\027\256[\3173\263)\033\326=\263&T\243\023""/\177\320 tG0E\002!\000\252\020`A\230\243\255\031\024;\023\323\nq\234 d\304\213Hy(\333e\200\270\371?\246\370\356\025\002 5sm\215M\315Y\004\270\231B\270\260F\352\335l\316\235}\244ko\243\360\272\n\360^\302\225\233\201\024\265\367by\212S\325C\240\024\312\370\262\227\317\370\362\3717\350\203\024#%\327l\301-U;\353\303\024KT\200\2052\335\037H\320""; status: tsCURRENT; receiveTimestamp: 803853925; deferred: false; ","rawTransaction: ""\022\000\000""\000\000\000\000$\000\000\000\001 \033\000\000\000\027a@\000\000\027H\206*@h@\000\000\000\000\000\000\ns!\0030\347\374\235V\273%\326\211;\243\363\027\256[\3173\263)\033\326=\263&T\243\023""/\177\320 tG0E\002!\000\252\020`A\230\243\255\031\024;\023\323\nq\234 d\304\213Hy(\333e\200\270\371?\246\370\356\025\002 5sm\215M\315Y\004\270\231B\270\260F\352\335l\316\235}\244ko\243\360\272\n\360^\302\225\233\201\024\265\367by\212S\325C\240\024\312\370\262\227\317\370\362\3717\350\203\024#%\327l\301-U;\353\303\024KT\200\2052\335\037H\320""; status: tsCURRENT; receiveTimestamp: 803853925; deferred: false; "
1750538725521,1750538725521,2207,1,2,4,TMHaveTransactionSet,"status: tsHAVE; hash: ""\206\345\0213[\207\344\354!\202\010\276w\257 l,\361\256%\351\364\370Px\007c\272^\330\357\010""; ","status: tsHAVE; hash: ""\206\345\0213[\207\344\354!\202\010\276w\257 l,\361\256%\351\364\370Px\007c\272^\330\357\010""; "
1750538725522,1750538725522,2386,1,2,1,TMProposeSet,"proposeSeq: 0; currentTxHash: ""\206\345\0213[\207\344\354!\202\010\276w\257 l,\361\256%\351\364\370Px\007c\272^\330\357\010""; nodePubKey: ""\003\266z\355\317\337p\211\027\004\376\033=\231\303\247\235\333\200-\342ze\360>\370Z0A\357\271\211N""; closeTime: 803853925; signature: ""0E\002!\000\356\004\273B\231\005\243\254bj\277\364\253)9'\007\315\353`Lx\231\002\212\315\031\374:\202\362\242\002 \023\233\273DL\334\0235``(\217\373:\210\355\351\264\253\265k\227o'\237\326-\006\323\355\371`""; previousledger: ""\265\274\217{\006\230\301C\037\362\303\203\311@$\357\237S\021\014\376:\n$\006\316\201M\323F\035\t""; ","proposeSeq: 0; currentTxHash: ""\206\345\0213[\207\344\354!\202\010\276w\257 l,\361\256%\351\364\370Px\007c\272^\330\357\010""; nodePubKey: ""\003\266z\355\317\337p\211\027\004\376\033=\231\303\247\235\333\200-\342ze\360>\370Z0A\357\271\211N""; closeTime: 803853925; signature: ""0E\002!\000\356\004\273B\231\005\243\254bj\277\364\253)9'\007\315\353`Lx\231\002\212\315\031\374:\202\362\242\002 \023\233\273DL\334\0235``(\217\373:\210\355\351\264\253\265k\227o'\237\326-\006\323\355\371`""; previousledger: ""\265\274\217{\006\230\301C\037\362\303\203\311@$\357\237S\021\014\376:\n$\006\316\201M\323F\035\t""; "
1750538725522,1750538725522,1500,1,2,1,TMHaveTransactionSet,"status: tsHAVE; hash: ""\206\345\0213[\207\344\354!\202\010\276w\257 l,\361\256%\351\364\370Px\007c\272^\330\357\010""; ","status: tsHAVE; hash: ""\206\345\0213[\207\344\354!\202\010\276w\257 l,\361\256%\351\364\370Px\007c\272^\330\357\010""; "
1750538725523,1750538725523,593,1,2,4,TMProposeSet,"proposeSeq: 0; currentTxHash: ""\206\345\0213[\207\344\354!\202\010\276w\257 l,\361\256%\351\364\370Px\007c\272^\330\357\010""; nodePubKey: ""\003\266z\355\317\337p\211\027\004\376\033=\231\303\247\235\333\200-\342ze\360>\370Z0A\357\271\211N""; closeTime: 803853925; signature: ""0E\002!\000\356\004\273B\231\005\243\254bj\277\364\253)9'\007\315\353`Lx\231\002\212\315\031\374:\202\362\242\002 \023\233\273DL\334\0235``(\217\373:\210\355\351\264\253\265k\227o'\237\326-\006\323\355\371`""; previousledger: ""\265\274\217{\006\230\301C\037\362\303\203\311@$\357\237S\021\014\376:\n$\006\316\201M\323F\035\t""; ","proposeSeq: 0; currentTxHash: ""\206\345\0213[\207\344\354!\202\010\276w\257 l,\361\256%\351\364\370Px\007c\272^\330\357\010""; nodePubKey: ""\003\266z\355\317\337p\211\027\004\376\033=\231\303\247\235\333\200-\342ze\360>\370Z0A\357\271\211N""; closeTime: 803853925; signature: ""0E\002!\000\356\004\273B\231\005\243\254bj\277\364\253)9'\007\315\353`Lx\231\002\212\315\031\374:\202\362\242\002 \023\233\273DL\334\0235``(\217\373:\210\355\351\264\253\265k\227o'\237\326-\006\323\355\371`""; previousledger: ""\265\274\217{\006\230\301C\037\362\303\203\311@$\357\237S\021\014\376:\n$\006\316\201M\323F\035\t""; "
1750538725522,1750538725522,2293,1,2,0,TMProposeSet,"proposeSeq: 0; currentTxHash: ""\206\345\0213[\207\344\354!\202\010\276w\257 l,\361\256%\351\364\370Px\007c\272^\330\357\010""; nodePubKey: ""\003\266z\355\317\337p\211\027\004\376\033=\231\303\247\235\333\200-\342ze\360>\370Z0A\357\271\211N""; closeTime: 803853925; signature: ""0E\002!\000\356\004\273B\231\005\243\254bj\277\364\253)9'\007\315\353`Lx\231\002\212\315\031\374:\202\362\242\002 \023\233\273DL\334\0235``(\217\373:\210\355\351\264\253\265k\227o'\237\326-\006\323\355\371`""; previousledger: ""\265\274\217{\006\230\301C\037\362\303\203\311@$\357\237S\021\014\376:\n$\006\316\201M\323F\035\t""; ","proposeSeq: 0; currentTxHash: ""\206\345\0213[\207\344\354!\202\010\276w\257 l,\361\256%\351\364\370Px\007c\272^\330\357\010""; nodePubKey: ""\003\266z\355\317\337p\211\027\004\376\033=\231\303\247\235\333\200-\342ze\360>\370Z0A\357\271\211N""; closeTime: 803853925; signature: ""0E\002!\000\356\004\273B\231\005\243\254bj\277\364\253)9'\007\315\353`Lx\231\002\212\315\031\374:\202\362\242\002 \023\233\273DL\334\0235``(\217\373:\210\355\351\264\253\265k\227o'\237\326-\006\323\355\371`""; previousledger: ""\265\274\217{\006\230\301C\037\362\303\203\311@$\357\237S\021\014\376:\n$\006\316\201M\323F\035\t""; "
1750538725522,1750538725522,1099,1,2,0,TMHaveTransactionSet,"status: tsHAVE; hash: ""\206\345\0213[\207\344\354!\202\010\276w\257 l,\361\256%\351\364\370Px\007c\272^\330\357\010""; ","status: tsHAVE; hash: ""\206\345\0213[\207\344\354!\202\010\276w\257 l,\361\256%\351\364\370Px\007c\272^\330\357\010""; "
1750538725524,1750538725524,3473,1,2,3,TMProposeSet,"proposeSeq: 0; currentTxHash: ""\206\345\0213[\207\344\354!\202\010\276w\257 l,\361\256%\351\364\370Px\007c\272^\330\357\010""; nodePubKey: ""\003\266z\355\317\337p\211\027\004\376\033=\231\303\247\235\333\200-\342ze\360>\370Z0A\357\271\211N""; closeTime: 803853925; signature: ""0E\002!\000\356\004\273B\231\005\243\254bj\277\364\253)9'\007\315\353`Lx\231\002\212\315\031\374:\202\362\242\002 \023\233\273DL\334\0235``(\217\373:\210\355\351\264\253\265k\227o'\237\326-\006\323\355\371`""; previousledger: ""\265\274\217{\006\230\301C\037\362\303\203\311@$\357\237S\021\014\376:\n$\006\316\201M\323F\035\t""; ","proposeSeq: 0; currentTxHash: ""\206\345\0213[\207\344\354!\202\010\276w\257 l,\361\256%\351\364\370Px\007c\272^\330\357\010""; nodePubKey: ""\003\266z\355\317\337p\211\027\004\376\033=\231\303\247\235\333\200-\342ze\360>\370Z0A\357\271\211N""; closeTime: 803853925; signature: ""0E\002!\000\356\004\273B\231\005\243\254bj\277\364\253)9'\007\315\353`Lx\231\002\212\315\031\374:\202\362\242\002 \023\233\273DL\334\0235``(\217\373:\210\355\351\264\253\265k\227o'\237\326-\006\323\355\371`""; previousledger: ""\265\274\217{\006\230\301C\037\362\303\203\311@$\357\237S\021\014\376:\n$\006\316\201M\323F\035\t""; "
1750538725524,1750538725524,2047,1,2,3,TMHaveTransactionSet,"status: tsHAVE; hash: ""\206\345\0213[\207\344\354!\202\010\276w\257 l,\361\256%\351\364\370Px\007c\272^\330\357\010""; ","status: tsHAVE; hash: ""\206\345\0213[\207\344\354!\202\010\276w\257 l,\361\256%\351\364\370Px\007c\272^\330\357\010""; "
1750538725539,1750538725539,1138,1,3,4,TMValidation,"validation: """"\200\000\000\001&\000\000\000\003)/\351\326b:U\220E\316&g\276RQ\265\274\217{\006\230\301C\037\362\303\203\311@$\357\237S\021\014\376:\n$\006\316\201M\323F\035\tP\027\000\000\000\000\000\000\000\000\000\000\000\000\000\000\000\000\000\000\000\000\000\000\000\000\000\000\000\000\000\000\000\000P\031-}\351f\032\255\274\334m\326c\017\014ao[\342\230\003\245\245\3341Hm\326^\017jy\335\261s!\003~\375{L?\027\276\233\213\030\372\276\341\272\320\221I\273\364\302\210&&\024\321t\263~u\021\224\007vG0E\002!\000\364$\302\222\025\201(\317s\005\330\\314N\276\300<\332\215=\342\037\322\206\367\352\n,\327l\332J\002 $7\223c\211h\277t\027\214\230\316\367\376MY\350\262Kt\371\002\027V\231\331\177G\267\351O\260""; ","validation: """"\200\000\000\001&\000\000\000\003)/\351\326b:U\220E\316&g\276RQ\265\274\217{\006\230\301C\037\362\303\203\311@$\357\237S\021\014\376:\n$\006\316\201M\323F\035\tP\027\000\000\000\000\000\000\000\000\000\000\000\000\000\000\000\000\000\000\000\000\000\000\000\000\000\000\000\000\000\000\000\000P\031-}\351f\032\255\274\334m\326c\017\014ao[\342\230\003\245\245\3341Hm\326^\017jy\335\261s!\003~\375{L?\027\276\233\213\030\372\276\341\272\320\221I\273\364\302\210&&\024\321t\263~u\021\224\007vG0E\002!\000\364$\302\222\025\201(\317s\005\330\\314N\276\300<\332\215=\342\037\322\206\367\352\n,\327l\332J\002 $7\223c\211h\277t\027\214\230\316\367\376MY\350\262Kt\371\002\027V\231\331\177G\267\351O\260""; "
1750538725540,1750538725540,2898,1,3,2,TMValidation,"validation: """"\200\000\000\001&\000\000\000\003)/\351\326b:U\220E\316&g\276RQ\265\274\217{\006\230\301C\037\362\303\203\311@$\357\237S\021\014\376:\n$\006\316\201M\323F\035\tP\027\000\000\000\000\000\000\000\000\000\000\000\000\000\000\000\000\000\000\000\000\000\000\000\000\000\000\000\000\000\000\000\000P\031-}\351f\032\255\274\334m\326c\017\014ao[\342\230\003\245\245\3341Hm\326^\017jy\335\261s!\003~\375{L?\027\276\233\213\030\372\276\341\272\320\221I\273\364\302\210&&\024\321t\263~u\021\224\007vG0E\002!\000\364$\302\222\025\201(\317s\005\330\\314N\276\300<\332\215=\342\037\322\206\367\352\n,\327l\332J\002 $7\223c\211h\277t\027\214\230\316\367\376MY\350\262Kt\371\002\027V\231\331\177G\267\351O\260""; ","validation: """"\200\000\000\001&\000\000\000\003)/\351\326b:U\220E\316&g\276RQ\265\274\217{\006\230\301C\037\362\303\203\311@$\357\237S\021\014\376:\n$\006\316\201M\323F\035\tP\027\000\000\000\000\000\000\000\000\000\000\000\000\000\000\000\000\000\000\000\000\000\000\000\000\000\000\000\000\000\000\000\000P\031-}\351f\032\255\274\334m\326c\017\014ao[\342\230\003\245\245\3341Hm\326^\017jy\335\261s!\003~\375{L?\027\276\233\213\030\372\276\341\272\320\221I\273\364\302\210&&\024\321t\263~u\021\224\007vG0E\002!\000\364$\302\222\025\201(\317s\005\330\\314N\276\300<\332\215=\342\037\322\206\367\352\n,\327l\332J\002 $7\223c\211h\277t\027\214\230\316\367\376MY\350\262Kt\371\002\027V\231\331\177G\267\351O\260""; "
1750538725540,1750538725540,16,1,3,1,TMValidation,"validation: """"\200\000\000\001&\000\000\000\003)/\351\326b:U\220E\316&g\276RQ\265\274\217{\006\230\301C\037\362\303\203\311@$\357\237S\021\014\376:\n$\006\316\201M\323F\035\tP\027\000\000\000\000\000\000\000\000\000\000\000\000\000\000\000\000\000\000\000\000\000\000\000\000\000\000\000\000\000\000\000\000P\031-}\351f\032\255\274\334m\326c\017\014ao[\342\230\003\245\245\3341Hm\326^\017jy\335\261s!\003~\375{L?\027\276\233\213\030\372\276\341\272\320\221I\273\364\302\210&&\024\321t\263~u\021\224\007vG0E\002!\000\364$\302\222\025\201(\317s\005\330\\314N\276\300<\332\215=\342\037\322\206\367\352\n,\327l\332J\002 $7\223c\211h\277t\027\214\230\316\367\376MY\350\262Kt\371\002\027V\231\331\177G\267\351O\260""; ","validation: """"\200\000\000\001&\000\000\000\003)/\351\326b:U\220E\316&g\276RQ\265\274\217{\006\230\301C\037\362\303\203\311@$\357\237S\021\014\376:\n$\006\316\201M\323F\035\tP\027\000\000\000\000\000\000\000\000\000\000\000\000\000\000\000\000\000\000\000\000\000\000\000\000\000\000\000\000\000\000\000\000P\031-}\351f\032\255\274\334m\326c\017\014ao[\342\230\003\245\245\3341Hm\326^\017jy\335\261s!\003~\375{L?\027\276\233\213\030\372\276\341\272\320\221I\273\364\302\210&&\024\321t\263~u\021\224\007vG0E\002!\000\364$\302\222\025\201(\317s\005\330\\314N\276\300<\332\215=\342\037\322\206\367\352\n,\327l\332J\002 $7\223c\211h\277t\027\214\230\316\367\376MY\350\262Kt\371\002\027V\231\331\177G\267\351O\260""; "
1750538725558,1750538725558,2655,1,1,4,TMValidation,"validation: """"\200\000\000\001&\000\000\000\003)/\351\326b:U\220E\316&g\276RQ\265\274\217{\006\230\301C\037\362\303\203\311@$\357\237S\021\014\376:\n$\006\316\201M\323F\035\tP\027\000\000\000\000\000\000\000\000\000\000\000\000\000\000\000\000\000\000\000\000\000\000\000\000\000\000\000\000\000\000\000\000P\031-}\351f\032\255\274\334m\326c\017\014ao[\342\230\003\245\245\3341Hm\326^\017jy\335\261s!\003~\375{L?\027\276\233\213\030\372\276\341\272\320\221I\273\364\302\210&&\024\321t\263~u\021\224\007vG0E\002!\000\364$\302\222\025\201(\317s\005\330\\314N\276\300<\332\215=\342\037\322\206\367\352\n,\327l\332J\002 $7\223c\211h\277t\027\214\230\316\367\376MY\350\262Kt\371\002\027V\231\331\177G\267\351O\260""; ","validation: """"\200\000\000\001&\000\000\000\003)/\351\326b:U\220E\316&g\276RQ\265\274\217{\006\230\301C\037\362\303\203\311@$\357\237S\021\014\376:\n$\006\316\201M\323F\035\tP\027\000\000\000\000\000\000\000\000\000\000\000\000\000\000\000\000\000\000\000\000\000\000\000\000\000\000\000\000\000\000\000\000P\031-}\351f\032\255\274\334m\326c\017\014ao[\342\230\003\245\245\3341Hm\326^\017jy\335\261s!\003~\375{L?\027\276\233\213\030\372\276\341\272\320\221I\273\364\302\210&&\024\321t\263~u\021\224\007vG0E\002!\000\364$\302\222\025\201(\317s\005\330\\314N\276\300<\332\215=\342\037\322\206\367\352\n,\327l\332J\002 $7\223c\211h\277t\027\214\230\316\367\376MY\350\262Kt\371\002\027V\231\331\177G\267\351O\260""; "
1750538725558,1750538725558,3370,1,1,2,TMValidation,"validation: """"\200\000\000\001&\000\000\000\003)/\351\326b:U\220E\316&g\276RQ\265\274\217{\006\230\301C\037\362\303\203\311@$\357\237S\021\014\376:\n$\006\316\201M\323F\035\tP\027\000\000\000\000\000\000\000\000\000\000\000\000\000\000\000\000\000\000\000\000\000\000\000\000\000\000\000\000\000\000\000\000P\031-}\351f\032\255\274\334m\326c\017\014ao[\342\230\003\245\245\3341Hm\326^\017jy\335\261s!\003~\375{L?\027\276\233\213\030\372\276\341\272\320\221I\273\364\302\210&&\024\321t\263~u\021\224\007vG0E\002!\000\364$\302\222\025\201(\317s\005\330\\314N\276\300<\332\215=\342\037\322\206\367\352\n,\327l\332J\002 $7\223c\211h\277t\027\214\230\316\367\376MY\350\262Kt\371\002\027V\231\331\177G\267\351O\260""; ","validation: """"\200\000\000\001&\000\000\000\003)/\351\326b:U\220E\316&g\276RQ\265\274\217{\006\230\301C\037\362\303\203\311@$\357\237S\021\014\376:\n$\006\316\201M\323F\035\tP\027\000\000\000\000\000\000\000\000\000\000\000\000\000\000\000\000\000\000\000\000\000\000\000\000\000\000\000\000\000\000\000\000P\031-}\351f\032\255\274\334m\326c\017\014ao[\342\230\003\245\245\3341Hm\326^\017jy\335\261s!\003~\375{L?\027\276\233\213\030\372\276\341\272\320\221I\273\364\302\210&&\024\321t\263~u\021\224\007vG0E\002!\000\364$\302\222\025\201(\317s\005\330\\314N\276\300<\332\215=\342\037\322\206\367\352\n,\327l\332J\002 $7\223c\211h\277t\027\214\230\316\367\376MY\350\262Kt\371\002\027V\231\331\177G\267\351O\260""; "
1750538725558,1750538725558,3018,1,1,0,TMValidation,"validation: """"\200\000\000\001&\000\000\000\003)/\351\326b:U\220E\316&g\276RQ\265\274\217{\006\230\301C\037\362\303\203\311@$\357\237S\021\014\376:\n$\006\316\201M\323F\035\tP\027\000\000\000\000\000\000\000\000\000\000\000\000\000\000\000\000\000\000\000\000\000\000\000\000\000\000\000\000\000\000\000\000P\031-}\351f\032\255\274\334m\326c\017\014ao[\342\230\003\245\245\3341Hm\326^\017jy\335\261s!\003~\375{L?\027\276\233\213\030\372\276\341\272\320\221I\273\364\302\210&&\024\321t\263~u\021\224\007vG0E\002!\000\364$\302\222\025\201(\317s\005\330\\314N\276\300<\332\215=\342\037\322\206\367\352\n,\327l\332J\002 $7\223c\211h\277t\027\214\230\316\367\376MY\350\262Kt\371\002\027V\231\331\177G\267\351O\260""; ","validation: """"\200\000\000\001&\000\000\000\003)/\351\326b:U\220E\316&g\276RQ\265\274\217{\006\230\301C\037\362\303\203\311@$\357\237S\021\014\376:\n$\006\316\201M\323F\035\tP\027\000\000\000\000\000\000\000\000\000\000\000\000\000\000\000\000\000\000\000\000\000\000\000\000\000\000\000\000\000\000\000\000P\031-}\351f\032\255\274\334m\326c\017\014ao[\342\230\003\245\245\3341Hm\326^\017jy\335\261s!\003~\375{L?\027\276\233\213\030\372\276\341\272\320\221I\273\364\302\210&&\024\321t\263~u\021\224\007vG0E\002!\000\364$\302\222\025\201(\317s\005\330\\314N\276\300<\332\215=\342\037\322\206\367\352\n,\327l\332J\002 $7\223c\211h\277t\027\214\230\316\367\376MY\350\262Kt\371\002\027V\231\331\177G\267\351O\260""; "
1750538725571,1750538725572,1612,1,4,2,TMValidation,"validation: """"\200\000\000\001&\000\000\000\003)/\351\326b:\232\2111\322\240\222\246\352Q\265\274\217{\006\230\301C\037\362\303\203\311@$\357\237S\021\014\376:\n$\006\316\201M\323F\035\tP\027\000\000\000\000\000\000\000\000\000\000\000\000\000\000\000\000\000\000\000\000\000\000\000\000\000\000\000\000\000\000\000\000P\031-}\351f\032\255\274\334m\326c\017\014ao[\342\230\003\245\245\3341Hm\326^\017jy\335\261s!\003\354*\213M\024\261\231C)\265\233Nk\304>g\222\037\213\224\253\332c\201 \344\373\323\332(\344kvF0D\002 N\274\223\207P4\214\003\324%\355\201\236\342\314\230\252\034\202_d8\210\323\344\361\274\211\036\356\020\241\002 <\251V}\202J\3520\301\241\350\030G\3712}\n%w4+\263\222\236y\034\032\323\304\200\215\323""; ","validation: """"\200\000\000\001&\000\000\000\003)/\351\326b:\232\2111\322\240\222\246\352Q\265\274\217{\006\230\301C\037\362\303\203\311@$\357\237S\021\014\376:\n$\006\316\201M\323F\035\tP\027\000\000\000\000\000\000\000\000\000\000\000\000\000\000\000\000\000\000\000\000\000\000\000\000\000\000\000\000\000\000\000\000P\031-}\351f\032\255\274\334m\326c\017\014ao[\342\230\003\245\245\3341Hm\326^\017jy\335\261s!\003\354*\213M\024\261\231C)\265\233Nk\304>g\222\037\213\224\253\332c\201 \344\373\323\332(\344kvF0D\002 N\274\223\207P4\214\003\324%\355\201\236\342\314\230\252\034\202_d8\210\323\344\361\274\211\036\356\020\241\002 <\251V}\202J\3520\301\241\350\030G\3712}\n%w4+\263\222\236y\034\032\323\304\200\215\323""; "
1750538725572,1750538725572,323,1,4,0,TMValidation,"validation: """"\200\000\000\001&\000\000\000\003)/\351\326b:\232\2111\322\240\222\246\352Q\265\274\217{\006\230\301C\037\362\303\203\311@$\357\237S\021\014\376:\n$\006\316\201M\323F\035\tP\027\000\000\000\000\000\000\000\000\000\000\000\000\000\000\000\000\000\000\000\000\000\000\000\000\000\000\000\000\000\000\000\000P\031-}\351f\032\255\274\334m\326c\017\014ao[\342\230\003\245\245\3341Hm\326^\017jy\335\261s!\003\354*\213M\024\261\231C)\265\233Nk\304>g\222\037\213\224\253\332c\201 \344\373\323\332(\344kvF0D\002 N\274\223\207P4\214\003\324%\355\201\236\342\314\230\252\034\202_d8\210\323\344\361\274\211\036\356\020\241\002 <\251V}\202J\3520\301\241\350\030G\3712}\n%w4+\263\222\236y\034\032\323\304\200\215\323""; ","validation: """"\200\000\000\001&\000\000\000\003)/\351\326b:\232\2111\322\240\222\246\352Q\265\274\217{\006\230\301C\037\362\303\203\311@$\357\237S\021\014\376:\n$\006\316\201M\323F\035\tP\027\000\000\000\000\000\000\000\000\000\000\000\000\000\000\000\000\000\000\000\000\000\000\000\000\000\000\000\000\000\000\000\000P\031-}\351f\032\255\274\334m\326c\017\014ao[\342\230\003\245\245\3341Hm\326^\017jy\335\261s!\003\354*\213M\024\261\231C)\265\233Nk\304>g\222\037\213\224\253\332c\201 \344\373\323\332(\344kvF0D\002 N\274\223\207P4\214\003\324%\355\201\236\342\314\230\252\034\202_d8\210\323\344\361\274\211\036\356\020\241\002 <\251V}\202J\3520\301\241\350\030G\3712}\n%w4+\263\222\236y\034\032\323\304\200\215\323""; "
1750538725572,1750538725572,3061,1,4,3,TMValidation,"validation: """"\200\000\000\001&\000\000\000\003)/\351\326b:\232\2111\322\240\222\246\352Q\265\274\217{\006\230\301C\037\362\303\203\311@$\357\237S\021\014\376:\n$\006\316\201M\323F\035\tP\027\000\000\000\000\000\000\000\000\000\000\000\000\000\000\000\000\000\000\000\000\000\000\000\000\000\000\000\000\000\000\000\000P\031-}\351f\032\255\274\334m\326c\017\014ao[\342\230\003\245\245\3341Hm\326^\017jy\335\261s!\003\354*\213M\024\261\231C)\265\233Nk\304>g\222\037\213\224\253\332c\201 \344\373\323\332(\344kvF0D\002 N\274\223\207P4\214\003\324%\355\201\236\342\314\230\252\034\202_d8\210\323\344\361\274\211\036\356\020\241\002 <\251V}\202J\3520\301\241\350\030G\3712}\n%w4+\263\222\236y\034\032\323\304\200\215\323""; ","validation: """"\200\000\000\001&\000\000\000\003)/\351\326b:\232\2111\322\240\222\246\352Q\265\274\217{\006\230\301C\037\362\303\203\311@$\357\237S\021\014\376:\n$\006\316\201M\323F\035\tP\027\000\000\000\000\000\000\000\000\000\000\000\000\000\000\000\000\000\000\000\000\000\000\000\000\000\000\000\000\000\000\000\000P\031-}\351f\032\255\274\334m\326c\017\014ao[\342\230\003\245\245\3341Hm\326^\017jy\335\261s!\003\354*\213M\024\261\231C)\265\233Nk\304>g\222\037\213\224\253\332c\201 \344\373\323\332(\344kvF0D\002 N\274\223\207P4\214\003\324%\355\201\236\342\314\230\252\034\202_d8\210\323\344\361\274\211\036\356\020\241\002 <\251V}\202J\3520\301\241\350\030G\3712}\n%w4+\263\222\236y\034\032\323\304\200\215\323""; "
1750538725574,1750538725574,323,1,4,0,TMValidation,"validation: """"\200\000\000\001&\000\000\000\003)/\351\326d:\204\304\221\024\034\332\267\231Q\265\274\217{\006\230\301C\037\362\303\203\311@$\357\237S\021\014\376:\n$\006\316\201M\323F\035\tP\027\000\000\000\000\000\000\000\000\000\000\000\000\000\000\000\000\000\000\000\000\000\000\000\000\000\000\000\000\000\000\000\000P\031-}\351f\032\255\274\334m\326c\017\014ao[\342\230\003\245\245\3341Hm\326^\017jy\335\261s!\003\327^j^Qa+\317\341Q\3631f \333\346Y\267\203\335X\222<\025-|H@\240\272\315\005vG0E\002!\000\223\376.{k\350\222\256\324!\014\r\365\036?D\342\034]\3771l\333\3463\014\034\322\250vf\036\002 ;\341\305\320\257n\350!\257\340\224~\364\327p#\315\347\231\350\177\360\334\276\263\027\213\321\3250%\003""; ","validation: """"\200\000\000\001&\000\000\000\003)/\351\326d:\204\304\221\024\034\332\267\231Q\265\274\217{\006\230\301C\037\362\303\203\311@$\357\237S\021\014\376:\n$\006\316\201M\323F\035\tP\027\000\000\000\000\000\000\000\000\000\000\000\000\000\000\000\000\000\000\000\000\000\000\000\000\000\000\000\000\000\000\000\000P\031-}\351f\032\255\274\334m\326c\017\014ao[\342\230\003\245\245\3341Hm\326^\017jy\335\261s!\003\327^j^Qa+\317\341Q\3631f \333\346Y\267\203\335X\222<\025-|H@\240\272\315\005vG0E\002!\000\223\376.{k\350\222\256\324!\014\r\365\036?D\342\034]\3771l\333\3463\014\034\322\250vf\036\002 ;\341\305\320\257n\350!\257\340\224~\364\327p#\315\347\231\350\177\360\334\276\263\027\213\321\3250%\003""; "
1750538725575,1750538725575,2253,1,4,1,TMValidation,"validation: """"\200\000\000\001&\000\000\000\003)/\351\326d:\204\304\221\024\034\332\267\231Q\265\274\217{\006\230\301C\037\362\303\203\311@$\357\237S\021\014\376:\n$\006\316\201M\323F\035\tP\027\000\000\000\000\000\000\000\000\000\000\000\000\000\000\000\000\000\000\000\000\000\000\000\000\000\000\000\000\000\000\000\000P\031-}\351f\032\255\274\334m\326c\017\014ao[\342\230\003\245\245\3341Hm\326^\017jy\335\261s!\003\327^j^Qa+\317\341Q\3631f \333\346Y\267\203\335X\222<\025-|H@\240\272\315\005vG0E\002!\000\223\376.{k\350\222\256\324!\014\r\365\036?D\342\034]\3771l\333\3463\014\034\322\250vf\036\002 ;\341\305\320\257n\350!\257\340\224~\364\327p#\315\347\231\350\177\360\334\276\263\027\213\321\3250%\003""; ","validation: """"\200\000\000\001&\000\000\000\003)/\351\326d:\204\304\221\024\034\332\267\231Q\265\274\217{\006\230\301C\037\362\303\203\311@$\357\237S\021\014\376:\n$\006\316\201M\323F\035\tP\027\000\000\000\000\000\000\000\000\000\000\000\000\000\000\000\000\000\000\000\000\000\000\000\000\000\000\000\000\000\000\000\000P\031-}\351f\032\255\274\334m\326c\017\014ao[\342\230\003\245\245\3341Hm\326^\017jy\335\261s!\003\327^j^Qa+\317\341Q\3631f \333\346Y\267\203\335X\222<\025-|H@\240\272\315\005vG0E\002!\000\223\376.{k\350\222\256\324!\014\r\365\036?D\342\034]\3771l\333\3463\014\034\322\250vf\036\002 ;\341\305\320\257n\350!\257\340\224~\364\327p#\315\347\231\350\177\360\334\276\263\027\213\321\3250%\003""; "
1750538725575,1750538725575,1612,1,4,2,TMValidation,"validation: """"\200\000\000\001&\000\000\000\003)/\351\326d:\204\304\221\024\034\332\267\231Q\265\274\217{\006\230\301C\037\362\303\203\311@$\357\237S\021\014\376:\n$\006\316\201M\323F\035\tP\027\000\000\000\000\000\000\000\000\000\000\000\000\000\000\000\000\000\000\000\000\000\000\000\000\000\000\000\000\000\000\000\000P\031-}\351f\032\255\274\334m\326c\017\014ao[\342\230\003\245\245\3341Hm\326^\017jy\335\261s!\003\327^j^Qa+\317\341Q\3631f \333\346Y\267\203\335X\222<\025-|H@\240\272\315\005vG0E\002!\000\223\376.{k\350\222\256\324!\014\r\365\036?D\342\034]\3771l\333\3463\014\034\322\250vf\036\002 ;\341\305\320\257n\350!\257\340\224~\364\327p#\315\347\231\350\177\360\334\276\263\027\213\321\3250%\003""; ","validation: """"\200\000\000\001&\000\000\000\003)/\351\326d:\204\304\221\024\034\332\267\231Q\265\274\217{\006\230\301C\037\362\303\203\311@$\357\237S\021\014\376:\n$\006\316\201M\323F\035\tP\027\000\000\000\000\000\000\000\000\000\000\000\000\000\000\000\000\000\000\000\000\000\000\000\000\000\000\000\000\000\000\000\000P\031-}\351f\032\255\274\334m\326c\017\014ao[\342\230\003\245\245\3341Hm\326^\017jy\335\261s!\003\327^j^Qa+\317\341Q\3631f \333\346Y\267\203\335X\222<\025-|H@\240\272\315\005vG0E\002!\000\223\376.{k\350\222\256\324!\014\r\365\036?D\342\034]\3771l\333\3463\014\034\322\250vf\036\002 ;\341\305\320\257n\350!\257\340\224~\364\327p#\315\347\231\350\177\360\334\276\263\027\213\321\3250%\003""; "
1750538725514,1750538725614,1253,1,2,0,TMStatusChange,"newEvent: neCLOSING_LEDGER; ledgerSeq: 3; ledgerHash: ""\265\274\217{\006\230\301C\037\362\303\203\311@$\357\237S\021\014\376:\n$\006\316\201M\323F\035\t""; ledgerHashPrevious: ""\310\307\013\377\332\017\177V\203\327_\003z?\001HO\264M\200mz\336\253V\312\221\036<%\014\351""; networkTime: 803853925; firstSeq: 1; lastSeq: 3; ","newEvent: neCLOSING_LEDGER; ledgerSeq: 3; ledgerHash: ""\265\274\217{\006\230\301C\037\362\303\203\311@$\357\237S\021\014\376:\n$\006\316\201M\323F\035\t""; ledgerHashPrevious: ""\310\307\013\377\332\017\177V\203\327_\003z?\001HO\264M\200mz\336\253V\312\221\036<%\014\351""; networkTime: 803853925; firstSeq: 1; lastSeq: 3; "
1750538725515,1750538725614,896,1,2,3,TMStatusChange,"newEvent: neCLOSING_LEDGER; ledgerSeq: 3; ledgerHash: ""\265\274\217{\006\230\301C\037\362\303\203\311@$\357\237S\021\014\376:\n$\006\316\201M\323F\035\t""; ledgerHashPrevious: ""\310\307\013\377\332\017\177V\203\327_\003z?\001HO\264M\200mz\336\253V\312\221\036<%\014\351""; networkTime: 803853925; firstSeq: 1; lastSeq: 3; ","newEvent: neCLOSING_LEDGER; ledgerSeq: 3; ledgerHash: ""\265\274\217{\006\230\301C\037\362\303\203\311@$\357\237S\021\014\376:\n$\006\316\201M\323F\035\t""; ledgerHashPrevious: ""\310\307\013\377\332\017\177V\203\327_\003z?\001HO\264M\200mz\336\253V\312\221\036<%\014\351""; networkTime: 803853925; firstSeq: 1; lastSeq: 3; "
1750538725515,1750538725614,3369,1,2,1,TMStatusChange,"newEvent: neCLOSING_LEDGER; ledgerSeq: 3; ledgerHash: ""\265\274\217{\006\230\301C\037\362\303\203\311@$\357\237S\021\014\376:\n$\006\316\201M\323F\035\t""; ledgerHashPrevious: ""\310\307\013\377\332\017\177V\203\327_\003z?\001HO\264M\200mz\336\253V\312\221\036<%\014\351""; networkTime: 803853925; firstSeq: 1; lastSeq: 3; ","newEvent: neCLOSING_LEDGER; ledgerSeq: 3; ledgerHash: ""\265\274\217{\006\230\301C\037\362\303\203\311@$\357\237S\021\014\376:\n$\006\316\201M\323F\035\t""; ledgerHashPrevious: ""\310\307\013\377\332\017\177V\203\327_\003z?\001HO\264M\200mz\336\253V\312\221\036<%\014\351""; networkTime: 803853925; firstSeq: 1; lastSeq: 3; "
1750538725515,1750538725616,288,1,2,4,TMStatusChange,"newEvent: neCLOSING_LEDGER; ledgerSeq: 3; ledgerHash: ""\265\274\217{\006\230\301C\037\362\303\203\311@$\357\237S\021\014\376:\n$\006\316\201M\323F\035\t""; ledgerHashPrevious: ""\310\307\013\377\332\017\177V\203\327_\003z?\001HO\264M\200mz\336\253V\312\221\036<%\014\351""; networkTime: 803853925; firstSeq: 1; lastSeq: 3; ","newEvent: neCLOSING_LEDGER; ledgerSeq: 3; ledgerHash: ""\265\274\217{\006\230\301C\037\362\303\203\311@$\357\237S\021\014\376:\n$\006\316\201M\323F\035\t""; ledgerHashPrevious: ""\310\307\013\377\332\017\177V\203\327_\003z?\001HO\264M\200mz\336\253V\312\221\036<%\014\351""; networkTime: 803853925; firstSeq: 1; lastSeq: 3; "
1750538725640,1750538725640,1662,1,0,4,TMGetLedger,"itype: liTS_CANDIDATE; ledgerHash: ""\206\345\0213[\207\344\354!\202\010\276w\257 l,\361\256%\351\364\370Px\007c\272^\330\357\010""; nodeIDs: ""\000\000\000\000\000\000\000\000\000\000\000\000\000\000\000\000\000\000\000\000\000\000\000\000\000\000\000\000\000\000\000\000\000""; queryType: qtINDIRECT; queryDepth: 3; ","itype: liTS_CANDIDATE; ledgerHash: ""\206\345\0213[\207\344\354!\202\010\276w\257 l,\361\256%\351\364\370Px\007c\272^\330\357\010""; nodeIDs: ""\000\000\000\000\000\000\000\000\000\000\000\000\000\000\000\000\000\000\000\000\000\000\000\000\000\000\000\000\000\000\000\000\000""; queryType: qtINDIRECT; queryDepth: 3; "
1750538725648,1750538725648,20,1,1,4,TMTransaction,"rawTransaction: ""\022\000\000""\000\000\000\000$\000\000\000\003 \033\000\000\000\027a@\000\000\027H\206*@h@\000\000\000\000\000\000\ns!\0030\347\374\235V\273%\326\211;\243\363\027\256[\3173\263)\033\326=\263&T\243\023""/\177\320 tG0E\002!\000\303\372\363\301\215\326\036\274:\0209o+\332\000[\222\177\222\230\351{\360+)qq\365\200\177o\302\002 F\261\205O\263\202\326\034\373\263\n\373Obu\251N*WZ\350\211\246\027\350\330\035\352f(\002\351\201\024\265\367by\212S\325C\240\024\312\370\262\227\317\370\362\3717\350\203\024.t|\034\213R\010\020\215J\n\035\314\210\261\306\350T2-""; status: tsCURRENT; receiveTimestamp: 803853925; deferred: false; ","rawTransaction: ""\022\000\000""\000\000\000\000$\000\000\000\003 \033\000\000\000\027a@\000\000\027H\206*@h@\000\000\000\000\000\000\ns!\0030\347\374\235V\273%\326\211;\243\363\027\256[\3173\263)\033\326=\263&T\243\023""/\177\320 tG0E\002!\000\303\372\363\301\215\326\036\274:\0209o+\332\000[\222\177\222\230\351{\360+)qq\365\200\177o\302\002 F\261\205O\263\202\326\034\373\263\n\373Obu\251N*WZ\350\211\246\027\350\330\035\352f(\002\351\201\024\265\367by\212S\325C\240\024\312\370\262\227\317\370\362\3717\350\203\024.t|\034\213R\010\020\215J\n\035\314\210\261\306\350T2-""; status: tsCURRENT; receiveTimestamp: 803853925; deferred: false; "
1750538725649,1750538725650,886,1,1,0,TMTransaction,"rawTransaction: ""\022\000\000""\000\000\000\000$\000\000\000\003 \033\000\000\000\027a@\000\000\027H\206*@h@\000\000\000\000\000\000\ns!\0030\347\374\235V\273%\326\211;\243\363\027\256[\3173\263)\033\326=\263&T\243\023""/\177\320 tG0E\002!\000\303\372\363\301\215\326\036\274:\0209o+\332\000[\222\177\222\230\351{\360+)qq\365\200\177o\302\002 F\261\205O\263\202\326\034\373\263\n\373Obu\251N*WZ\350\211\246\027\350\330\035\352f(\002\351\201\024\265\367by\212S\325C\240\024\312\370\262\227\317\370\362\3717\350\203\024.t|\034\213R\010\020\215J\n\035\314\210\261\306\350T2-""; status: tsCURRENT; receiveTimestamp: 803853925; deferred: false; ","rawTransaction: ""\022\000\000""\000\000\000\000$\000\000\000\003 \033\000\000\000\027a@\000\000\027H\206*@h@\000\000\000\000\000\000\ns!\0030\347\374\235V\273%\326\211;\243\363\027\256[\3173\263)\033\326=\263&T\243\023""/\177\320 tG0E\002!\000\303\372\363\301\215\326\036\274:\0209o+\332\000[\222\177\222\230\351{\360+)qq\365\200\177o\302\002 F\261\205O\263\202\326\034\373\263\n\373Obu\251N*WZ\350\211\246\027\350\330\035\352f(\002\351\201\024\265\367by\212S\325C\240\024\312\370\262\227\317\370\362\3717\350\203\024.t|\034\213R\010\020\215J\n\035\314\210\261\306\350T2-""; status: tsCURRENT; receiveTimestamp: 803853925; deferred: false; "
1750538725650,1750538725651,342,1,1,2,TMTransaction,"rawTransaction: ""\022\000\000""\000\000\000\000$\000\000\000\003 \033\000\000\000\027a@\000\000\027H\206*@h@\000\000\000\000\000\000\ns!\0030\347\374\235V\273%\326\211;\243\363\027\256[\3173\263)\033\326=\263&T\243\023""/\177\320 tG0E\002!\000\303\372\363\301\215\326\036\274:\0209o+\332\000[\222\177\222\230\351{\360+)qq\365\200\177o\302\002 F\261\205O\263\202\326\034\373\263\n\373Obu\251N*WZ\350\211\246\027\350\330\035\352f(\002\351\201\024\265\367by\212S\325C\240\024\312\370\262\227\317\370\362\3717\350\203\024.t|\034\213R\010\020\215J\n\035\314\210\261\306\350T2-""; status: tsCURRENT; receiveTimestamp: 803853925; deferred: false; ","rawTransaction: ""\022\000\000""\000\000\000\000$\000\000\000\003 \033\000\000\000\027a@\000\000\027H\206*@h@\000\000\000\000\000\000\ns!\0030\347\374\235V\273%\326\211;\243\363\027\256[\3173\263)\033\326=\263&T\243\023""/\177\320 tG0E\002!\000\303\372\363\301\215\326\036\274:\0209o+\332\000[\222\177\222\230\351{\360+)qq\365\200\177o\302\002 F\261\205O\263\202\326\034\373\263\n\373Obu\251N*WZ\350\211\246\027\350\330\035\352f(\002\351\201\024\265\367by\212S\325C\240\024\312\370\262\227\317\370\362\3717\350\203\024.t|\034\213R\010\020\215J\n\035\314\210\261\306\350T2-""; status: tsCURRENT; receiveTimestamp: 803853925; deferred: false; "
1750538725650,1750538725651,3815,1,1,3,TMTransaction,"rawTransaction: ""\022\000\000""\000\000\000\000$\000\000\000\003 \033\000\000\000\027a@\000\000\027H\206*@h@\000\000\000\000\000\000\ns!\0030\347\374\235V\273%\326\211;\243\363\027\256[\3173\263)\033\326=\263&T\243\023""/\177\320 tG0E\002!\000\303\372\363\301\215\326\036\274:\0209o+\332\000[\222\177\222\230\351{\360+)qq\365\200\177o\302\002 F\261\205O\263\202\326\034\373\263\n\373Obu\251N*WZ\350\211\246\027\350\330\035\352f(\002\351\201\024\265\367by\212S\325C\240\024\312\370\262\227\317\370\362\3717\350\203\024.t|\034\213R\010\020\215J\n\035\314\210\261\306\350T2-""; status: tsCURRENT; receiveTimestamp: 803853925; deferred: false; ","rawTransaction: ""\022\000\000""\000\000\000\000$\000\000\000\003 \033\000\000\000\027a@\000\000\027H\206*@h@\000\000\000\000\000\000\ns!\0030\347\374\235V\273%\326\211;\243\363\027\256[\3173\263)\033\326=\263&T\243\023""/\177\320 tG0E\002!\000\303\372\363\301\215\326\036\274:\0209o+\332\000[\222\177\222\230\351{\360+)qq\365\200\177o\302\002 F\261\205O\263\202\326\034\373\263\n\373Obu\251N*WZ\350\211\246\027\350\330\035\352f(\002\351\201\024\265\367by\212S\325C\240\024\312\370\262\227\317\370\362\3717\350\203\024.t|\034\213R\010\020\215J\n\035\314\210\261\306\350T2-""; status: tsCURRENT; receiveTimestamp: 803853925; deferred: false; "
1750538725734,1750538725734,664,1,0,4,TMTransaction,"rawTransaction: ""\022\000\000""\000\000\000\000$\000\000\000\002 \033\000\000\000\027a@\000\000\027H\206*@h@\000\000\000\000\000\000\ns!\0030\347\374\235V\273%\326\211;\243\363\027\256[\3173\263)\033\326=\263&T\243\023""/\177\320 tF0D\002 &l\001\201\326\r\256/\375_\206I\323\036K\375\363\255\032_Kq4\307\326\006Tr(w\363\005\002 ]d\352\022\3667\306\226\345)\224\365\226\371\312\256\321\205\362\372T\316\217}\013\265\303L\004?]\022\201\024\265\367by\212S\325C\240\024\312\370\262\227\317\370\362\3717\350\203\024F:\314\247\316\273\334\r\343l\207\264d\266\002K\034\2303\211""; status: tsCURRENT; receiveTimestamp: 803853925; deferred: false; ","rawTransaction: ""\022\000\000""\000\000\000\000$\000\000\000\002 \033\000\000\000\027a@\000\000\027H\206*@h@\000\000\000\000\000\000\ns!\0030\347\374\235V\273%\326\211;\243\363\027\256[\3173\263)\033\326=\263&T\243\023""/\177\320 tF0D\002 &l\001\201\326\r\256/\375_\206I\323\036K\375\363\255\032_Kq4\307\326\006Tr(w\363\005\002 ]d\352\022\3667\306\226\345)\224\365\226\371\312\256\321\205\362\372T\316\217}\013\265\303L\004?]\022\201\024\265\367by\212S\325C\240\024\312\370\262\227\317\370\362\3717\350\203\024F:\314\247\316\273\334\r\343l\207\264d\266\002K\034\2303\211""; status: tsCURRENT; receiveTimestamp: 803853925; deferred: false; "
1750538725734,1750538725735,706,1,0,3,TMTransaction,"rawTransaction: ""\022\000\000""\000\000\000\000$\000\000\000\002 \033\000\000\000\027a@\000\000\027H\206*@h@\000\000\000\000\000\000\ns!\0030\347\374\235V\273%\326\211;\243\363\027\256[\3173\263)\033\326=\263&T\243\023""/\177\320 tF0D\002 &l\001\201\326\r\256/\375_\206I\323\036K\375\363\255\032_Kq4\307\326\006Tr(w\363\005\002 ]d\352\022\3667\306\226\345)\224\365\226\371\312\256\321\205\362\372T\316\217}\013\265\303L\004?]\022\201\024\265\367by\212S\325C\240\024\312\370\262\227\317\370\362\3717\350\203\024F:\314\247\316\273\334\r\343l\207\264d\266\002K\034\2303\211""; status: tsCURRENT; receiveTimestamp: 803853925; deferred: false; ","rawTransaction: ""\022\000\000""\000\000\000\000$\000\000\000\002 \033\000\000\000\027a@\000\000\027H\206*@h@\000\000\000\000\000\000\ns!\0030\347\374\235V\273%\326\211;\243\363\027\256[\3173\263)\033\326=\263&T\243\023""/\177\320 tF0D\002 &l\001\201\326\r\256/\375_\206I\323\036K\375\363\255\032_Kq4\307\326\006Tr(w\363\005\002 ]d\352\022\3667\306\226\345)\224\365\226\371\312\256\321\205\362\372T\316\217}\013\265\303L\004?]\022\201\024\265\367by\212S\325C\240\024\312\370\262\227\317\370\362\3717\350\203\024F:\314\247\316\273\334\r\343l\207\264d\266\002K\034\2303\211""; status: tsCURRENT; receiveTimestamp: 803853925; deferred: false; "
1750538725735,1750538725736,111,1,0,2,TMTransaction,"rawTransaction: ""\022\000\000""\000\000\000\000$\000\000\000\002 \033\000\000\000\027a@\000\000\027H\206*@h@\000\000\000\000\000\000\ns!\0030\347\374\235V\273%\326\211;\243\363\027\256[\3173\263)\033\326=\263&T\243\023""/\177\320 tF0D\002 &l\001\201\326\r\256/\375_\206I\323\036K\375\363\255\032_Kq4\307\326\006Tr(w\363\005\002 ]d\352\022\3667\306\226\345)\224\365\226\371\312\256\321\205\362\372T\316\217}\013\265\303L\004?]\022\201\024\265\367by\212S\325C\240\024\312\370\262\227\317\370\362\3717\350\203\024F:\314\247\316\273\334\r\343l\207\264d\266\002K\034\2303\211""; status: tsCURRENT; receiveTimestamp: 803853925; deferred: false; ","rawTransaction: ""\022\000\000""\000\000\000\000$\000\000\000\002 \033\000\000\000\027a@\000\000\027H\206*@h@\000\000\000\000\000\000\ns!\0030\347\374\235V\273%\326\211;\243\363\027\256[\3173\263)\033\326=\263&T\243\023""/\177\320 tF0D\002 &l\001\201\326\r\256/\375_\206I\323\036K\375\363\255\032_Kq4\307\326\006Tr(w\363\005\002 ]d\352\022\3667\306\226\345)\224\365\226\371\312\256\321\205\362\372T\316\217}\013\265\303L\004?]\022\201\024\265\367by\212S\325C\240\024\312\370\262\227\317\370\362\3717\350\203\024F:\314\247\316\273\334\r\343l\207\264d\266\002K\034\2303\211""; status: tsCURRENT; receiveTimestamp: 803853925; deferred: false; "
1750538725897,1750538725898,2635,1,0,3,TMValidation,"validation: """"\200\000\000\001&\000\000\000\003)/\351\326b:\232\2111\322\240\222\246\352Q\265\274\217{\006\230\301C\037\362\303\203\311@$\357\237S\021\014\376:\n$\006\316\201M\323F\035\tP\027\000\000\000\000\000\000\000\000\000\000\000\000\000\000\000\000\000\000\000\000\000\000\000\000\000\000\000\000\000\000\000\000P\031-}\351f\032\255\274\334m\326c\017\014ao[\342\230\003\245\245\3341Hm\326^\017jy\335\261s!\003\354*\213M\024\261\231C)\265\233Nk\304>g\222\037\213\224\253\332c\201 \344\373\323\332(\344kvF0D\002 N\274\223\207P4\214\003\324%\355\201\236\342\314\230\252\034\202_d8\210\323\344\361\274\211\036\356\020\241\002 <\251V}\202J\3520\301\241\350\030G\3712}\n%w4+\263\222\236y\034\032\323\304\200\215\323""; ","validation: """"\200\000\000\001&\000\000\000\003)/\351\326b:\232\2111\322\240\222\246\352Q\265\274\217{\006\230\301C\037\362\303\203\311@$\357\237S\021\014\376:\n$\006\316\201M\323F\035\tP\027\000\000\000\000\000\000\000\000\000\000\000\000\000\000\000\000\000\000\000\000\000\000\000\000\000\000\000\000\000\000\000\000P\031-}\351f\032\255\274\334m\326c\017\014ao[\342\230\003\245\245\3341Hm\326^\017jy\335\261s!\003\354*\213M\024\261\231C)\265\233Nk\304>g\222\037\213\224\253\332c\201 \344\373\323\332(\344kvF0D\002 N\274\223\207P4\214\003\324%\355\201\236\342\314\230\252\034\202_d8\210\323\344\361\274\211\036\356\020\241\002 <\251V}\202J\3520\301\241\350\030G\3712}\n%w4+\263\222\236y\034\032\323\304\200\215\323""; "
1750538725898,1750538725898,2225,1,0,2,TMValidation,"validation: """"\200\000\000\001&\000\000\000\003)/\351\326b:\232\2111\322\240\222\246\352Q\265\274\217{\006\230\301C\037\362\303\203\311@$\357\237S\021\014\376:\n$\006\316\201M\323F\035\tP\027\000\000\000\000\000\000\000\000\000\000\000\000\000\000\000\000\000\000\000\000\000\000\000\000\000\000\000\000\000\000\000\000P\031-}\351f\032\255\274\334m\326c\017\014ao[\342\230\003\245\245\3341Hm\326^\017jy\335\261s!\003\354*\213M\024\261\231C)\265\233Nk\304>g\222\037\213\224\253\332c\201 \344\373\323\332(\344kvF0D\002 N\274\223\207P4\214\003\324%\355\201\236\342\314\230\252\034\202_d8\210\323\344\361\274\211\036\356\020\241\002 <\251V}\202J\3520\301\241\350\030G\3712}\n%w4+\263\222\236y\034\032\323\304\200\215\323""; ","validation: """"\200\000\000\001&\000\000\000\003)/\351\326b:\232\2111\322\240\222\246\352Q\265\274\217{\006\230\301C\037\362\303\203\311@$\357\237S\021\014\376:\n$\006\316\201M\323F\035\tP\027\000\000\000\000\000\000\000\000\000\000\000\000\000\000\000\000\000\000\000\000\000\000\000\000\000\000\000\000\000\000\000\000P\031-}\351f\032\255\274\334m\326c\017\014ao[\342\230\003\245\245\3341Hm\326^\017jy\335\261s!\003\354*\213M\024\261\231C)\265\233Nk\304>g\222\037\213\224\253\332c\201 \344\373\323\332(\344kvF0D\002 N\274\223\207P4\214\003\324%\355\201\236\342\314\230\252\034\202_d8\210\323\344\361\274\211\036\356\020\241\002 <\251V}\202J\3520\301\241\350\030G\3712}\n%w4+\263\222\236y\034\032\323\304\200\215\323""; "
1750538725898,1750538725898,2722,1,0,1,TMValidation,"validation: """"\200\000\000\001&\000\000\000\003)/\351\326b:\232\2111\322\240\222\246\352Q\265\274\217{\006\230\301C\037\362\303\203\311@$\357\237S\021\014\376:\n$\006\316\201M\323F\035\tP\027\000\000\000\000\000\000\000\000\000\000\000\000\000\000\000\000\000\000\000\000\000\000\000\000\000\000\000\000\000\000\000\000P\031-}\351f\032\255\274\334m\326c\017\014ao[\342\230\003\245\245\3341Hm\326^\017jy\335\261s!\003\354*\213M\024\261\231C)\265\233Nk\304>g\222\037\213\224\253\332c\201 \344\373\323\332(\344kvF0D\002 N\274\223\207P4\214\003\324%\355\201\236\342\314\230\252\034\202_d8\210\323\344\361\274\211\036\356\020\241\002 <\251V}\202J\3520\301\241\350\030G\3712}\n%w4+\263\222\236y\034\032\323\304\200\215\323""; ","validation: """"\200\000\000\001&\000\000\000\003)/\351\326b:\232\2111\322\240\222\246\352Q\265\274\217{\006\230\301C\037\362\303\203\311@$\357\237S\021\014\376:\n$\006\316\201M\323F\035\tP\027\000\000\000\000\000\000\000\000\000\000\000\000\000\000\000\000\000\000\000\000\000\000\000\000\000\000\000\000\000\000\000\000P\031-}\351f\032\255\274\334m\326c\017\014ao[\342\230\003\245\245\3341Hm\326^\017jy\335\261s!\003\354*\213M\024\261\231C)\265\233Nk\304>g\222\037\213\224\253\332c\201 \344\373\323\332(\344kvF0D\002 N\274\223\207P4\214\003\324%\355\201\236\342\314\230\252\034\202_d8\210\323\344\361\274\211\036\356\020\241\002 <\251V}\202J\3520\301\241\350\030G\3712}\n%w4+\263\222\236y\034\032\323\304\200\215\323""; "
1750538725899,1750538725900,2225,1,0,2,TMValidation,"validation: """"\200\000\000\001&\000\000\000\003)/\351\326d:\204\304\221\024\034\332\267\231Q\265\274\217{\006\230\301C\037\362\303\203\311@$\357\237S\021\014\376:\n$\006\316\201M\323F\035\tP\027\000\000\000\000\000\000\000\000\000\000\000\000\000\000\000\000\000\000\000\000\000\000\000\000\000\000\000\000\000\000\000\000P\031-}\351f\032\255\274\334m\326c\017\014ao[\342\230\003\245\245\3341Hm\326^\017jy\335\261s!\003\327^j^Qa+\317\341Q\3631f \333\346Y\267\203\335X\222<\025-|H@\240\272\315\005vG0E\002!\000\223\376.{k\350\222\256\324!\014\r\365\036?D\342\034]\3771l\333\3463\014\034\322\250vf\036\002 ;\341\305\320\257n\350!\257\340\224~\364\327p#\315\347\231\350\177\360\334\276\263\027\213\321\3250%\003""; ","validation: """"\200\000\000\001&\000\000\000\003)/\351\326d:\204\304\221\024\034\332\267\231Q\265\274\217{\006\230\301C\037\362\303\203\311@$\357\237S\021\014\376:\n$\006\316\201M\323F\035\tP\027\000\000\000\000\000\000\000\000\000\000\000\000\000\000\000\000\000\000\000\000\000\000\000\000\000\000\000\000\000\000\000\000P\031-}\351f\032\255\274\334m\326c\017\014ao[\342\230\003\245\245\3341Hm\326^\017jy\335\261s!\003\327^j^Qa+\317\341Q\3631f \333\346Y\267\203\335X\222<\025-|H@\240\272\315\005vG0E\002!\000\223\376.{k\350\222\256\324!\014\r\365\036?D\342\034]\3771l\333\3463\014\034\322\250vf\036\002 ;\341\305\320\257n\350!\257\340\224~\364\327p#\315\347\231\350\177\360\334\276\263\027\213\321\3250%\003""; "
1750538725900,1750538725900,2635,1,0,3,TMValidation,"validation: """"\200\000\000\001&\000\000\000\003)/\351\326d:\204\304\221\024\034\332\267\231Q\265\274\217{\006\230\301C\037\362\303\203\311@$\357\237S\021\014\376:\n$\006\316\201M\323F\035\tP\027\000\000\000\000\000\000\000\000\000\000\000\000\000\000\000\000\000\000\000\000\000\000\000\000\000\000\000\000\000\000\000\000P\031-}\351f\032\255\274\334m\326c\017\014ao[\342\230\003\245\245\3341Hm\326^\017jy\335\261s!\003\327^j^Qa+\317\341Q\3631f \333\346Y\267\203\335X\222<\025-|H@\240\272\315\005vG0E\002!\000\223\376.{k\350\222\256\324!\014\r\365\036?D\342\034]\3771l\333\3463\014\034\322\250vf\036\002 ;\341\305\320\257n\350!\257\340\224~\364\327p#\315\347\231\350\177\360\334\276\263\027\213\321\3250%\003""; ","validation: """"\200\000\000\001&\000\000\000\003)/\351\326d:\204\304\221\024\034\332\267\231Q\265\274\217{\006\230\301C\037\362\303\203\311@$\357\237S\021\014\376:\n$\006\316\201M\323F\035\tP\027\000\000\000\000\000\000\000\000\000\000\000\000\000\000\000\000\000\000\000\000\000\000\000\000\000\000\000\000\000\000\000\000P\031-}\351f\032\255\274\334m\326c\017\014ao[\342\230\003\245\245\3341Hm\326^\017jy\335\261s!\003\327^j^Qa+\317\341Q\3631f \333\346Y\267\203\335X\222<\025-|H@\240\272\315\005vG0E\002!\000\223\376.{k\350\222\256\324!\014\r\365\036?D\342\034]\3771l\333\3463\014\034\322\250vf\036\002 ;\341\305\320\257n\350!\257\340\224~\364\327p#\315\347\231\350\177\360\334\276\263\027\213\321\3250%\003""; "
1750538725900,1750538725900,2722,1,0,1,TMValidation,"validation: """"\200\000\000\001&\000\000\000\003)/\351\326d:\204\304\221\024\034\332\267\231Q\265\274\217{\006\230\301C\037\362\303\203\311@$\357\237S\021\014\376:\n$\006\316\201M\323F\035\tP\027\000\000\000\000\000\000\000\000\000\000\000\000\000\000\000\000\000\000\000\000\000\000\000\000\000\000\000\000\000\000\000\000P\031-}\351f\032\255\274\334m\326c\017\014ao[\342\230\003\245\245\3341Hm\326^\017jy\335\261s!\003\327^j^Qa+\317\341Q\3631f \333\346Y\267\203\335X\222<\025-|H@\240\272\315\005vG0E\002!\000\223\376.{k\350\222\256\324!\014\r\365\036?D\342\034]\3771l\333\3463\014\034\322\250vf\036\002 ;\341\305\320\257n\350!\257\340\224~\364\327p#\315\347\231\350\177\360\334\276\263\027\213\321\3250%\003""; ","validation: """"\200\000\000\001&\000\000\000\003)/\351\326d:\204\304\221\024\034\332\267\231Q\265\274\217{\006\230\301C\037\362\303\203\311@$\357\237S\021\014\376:\n$\006\316\201M\323F\035\tP\027\000\000\000\000\000\000\000\000\000\000\000\000\000\000\000\000\000\000\000\000\000\000\000\000\000\000\000\000\000\000\000\000P\031-}\351f\032\255\274\334m\326c\017\014ao[\342\230\003\245\245\3341Hm\326^\017jy\335\261s!\003\327^j^Qa+\317\341Q\3631f \333\346Y\267\203\335X\222<\025-|H@\240\272\315\005vG0E\002!\000\223\376.{k\350\222\256\324!\014\r\365\036?D\342\034]\3771l\333\3463\014\034\322\250vf\036\002 ;\341\305\320\257n\350!\257\340\224~\364\327p#\315\347\231\350\177\360\334\276\263\027\213\321\3250%\003""; "
1750538725910,1750538725910,1138,1,3,4,TMValidation,"validation: """"\200\000\000\001&\000\000\000\003)/\351\326b:\303\251\2659\267\306|_Q\265\274\217{\006\230\301C\037\362\303\203\311@$\357\237S\021\014\376:\n$\006\316\201M\323F\035\tP\027\000\000\000\000\000\000\000\000\000\000\000\000\000\000\000\000\000\000\000\000\000\000\000\000\000\000\000\000\000\000\000\000P\031-}\351f\032\255\274\334m\326c\017\014ao[\342\230\003\245\245\3341Hm\326^\017jy\335\261s!\002 \026\333\362W<\375\221\252M\216[;A\212\332\001\245U\216U\016 \210\301)Q5$#\354\322vF0D\002 m'\302\363\236\217\202.A0\205\317W\2150\367\336\256\205\271\332\224\260+o\345[\365\273Q\331\330\002 N\352\217\263-cojL\177\240\300\3175\312\357&\232~L= \246\307\004v;\267\242,\014\037""; ","validation: """"\200\000\000\001&\000\000\000\003)/\351\326b:\303\251\2659\267\306|_Q\265\274\217{\006\230\301C\037\362\303\203\311@$\357\237S\021\014\376:\n$\006\316\201M\323F\035\tP\027\000\000\000\000\000\000\000\000\000\000\000\000\000\000\000\000\000\000\000\000\000\000\000\000\000\000\000\000\000\000\000\000P\031-}\351f\032\255\274\334m\326c\017\014ao[\342\230\003\245\245\3341Hm\326^\017jy\335\261s!\002 \026\333\362W<\375\221\252M\216[;A\212\332\001\245U\216U\016 \210\301)Q5$#\354\322vF0D\002 m'\302\363\236\217\202.A0\205\317W\2150\367\336\256\205\271\332\224\260+o\345[\365\273Q\331\330\002 N\352\217\263-cojL\177\240\300\3175\312\357&\232~L= \246\307\004v;\267\242,\014\037""; "
1750538725910,1750538725910,16,1,3,1,TMValidation,"validation: """"\200\000\000\001&\000\000\000\003)/\351\326b:\303\251\2659\267\306|_Q\265\274\217{\006\230\301C\037\362\303\203\311@$\357\237S\021\014\376:\n$\006\316\201M\323F\035\tP\027\000\000\000\000\000\000\000\000\000\000\000\000\000\000\000\000\000\000\000\000\000\000\000\000\000\000\000\000\000\000\000\000P\031-}\351f\032\255\274\334m\326c\017\014ao[\342\230\003\245\245\3341Hm\326^\017jy\335\261s!\002 \026\333\362W<\375\221\252M\216[;A\212\332\001\245U\216U\016 \210\301)Q5$#\354\322vF0D\002 m'\302\363\236\217\202.A0\205\317W\2150\367\336\256\205\271\332\224\260+o\345[\365\273Q\331\330\002 N\352\217\263-cojL\177\240\300\3175\312\357&\232~L= \246\307\004v;\267\242,\014\037""; ","validation: """"\200\000\000\001&\000\000\000\003)/\351\326b:\303\251\2659\267\306|_Q\265\274\217{\006\230\301C\037\362\303\203\311@$\357\237S\021\014\376:\n$\006\316\201M\323F\035\tP\027\000\000\000\000\000\000\000\000\000\000\000\000\000\000\000\000\000\000\000\000\000\000\000\000\000\000\000\000\000\000\000\000P\031-}\351f\032\255\274\334m\326c\017\014ao[\342\230\003\245\245\3341Hm\326^\017jy\335\261s!\002 \026\333\362W<\375\221\252M\216[;A\212\332\001\245U\216U\016 \210\301)Q5$#\354\322vF0D\002 m'\302\363\236\217\202.A0\205\317W\2150\367\336\256\205\271\332\224\260+o\345[\365\273Q\331\330\002 N\352\217\263-cojL\177\240\300\3175\312\357&\232~L= \246\307\004v;\267\242,\014\037""; "
1750538725910,1750538725911,2898,1,3,2,TMValidation,"validation: """"\200\000\000\001&\000\000\000\003)/\351\326b:\303\251\2659\267\306|_Q\265\274\217{\006\230\301C\037\362\303\203\311@$\357\237S\021\014\376:\n$\006\316\201M\323F\035\tP\027\000\000\000\000\000\000\000\000\000\000\000\000\000\000\000\000\000\000\000\000\000\000\000\000\000\000\000\000\000\000\000\000P\031-}\351f\032\255\274\334m\326c\017\014ao[\342\230\003\245\245\3341Hm\326^\017jy\335\261s!\002 \026\333\362W<\375\221\252M\216[;A\212\332\001\245U\216U\016 \210\301)Q5$#\354\322vF0D\002 m'\302\363\236\217\202.A0\205\317W\2150\367\336\256\205\271\332\224\260+o\345[\365\273Q\331\330\002 N\352\217\263-cojL\177\240\300\3175\312\357&\232~L= \246\307\004v;\267\242,\014\037""; ","validation: """"\200\000\000\001&\000\000\000\003)/\351\326b:\303\251\2659\267\306|_Q\265\274\217{\006\230\301C\037\362\303\203\311@$\357\237S\021\014\376:\n$\006\316\201M\323F\035\tP\027\000\000\000\000\000\000\000\000\000\000\000\000\000\000\000\000\000\000\000\000\000\000\000\000\000\000\000\000\000\000\000\000P\031-}\351f\032\255\274\334m\326c\017\014ao[\342\230\003\245\245\3341Hm\326^\017jy\335\261s!\002 \026\333\362W<\375\221\252M\216[;A\212\332\001\245U\216U\016 \210\301)Q5$#\354\322vF0D\002 m'\302\363\236\217\202.A0\205\317W\2150\367\336\256\205\271\332\224\260+o\345[\365\273Q\331\330\002 N\352\217\263-cojL\177\240\300\3175\312\357&\232~L= \246\307\004v;\267\242,\014\037""; "
1750538725926,1750538725927,2492,1,1,4,TMProposeSet,"proposeSeq: 0; currentTxHash: ""\000\000\000\000\000\000\000\000\000\000\000\000\000\000\000\000\000\000\000\000\000\000\000\000\000\000\000\000\000\000\000\000""; nodePubKey: ""\003~\375{L?\027\276\233\213\030\372\276\341\272\320\221I\273\364\302\210&&\024\321t\263~u\021\224\007""; closeTime: 803853923; signature: ""0E\002!\000\325\243v\t\256i\363\004\237W\261\272\033_\216\331\tS\345w\221\304{\252\251\177Q0M\231h\273\002 j\314\340\257\260r\266\264z\236\211\343\004h\360[\340\256Y[\352G+\003\036\276)\000W8\212\254""; previousledger: ""\265\274\217{\006\230\301C\037\362\303\203\311@$\357\237S\021\014\376:\n$\006\316\201M\323F\035\t""; ","proposeSeq: 0; currentTxHash: ""\000\000\000\000\000\000\000\000\000\000\000\000\000\000\000\000\000\000\000\000\000\000\000\000\000\000\000\000\000\000\000\000""; nodePubKey: ""\003~\375{L?\027\276\233\213\030\372\276\341\272\320\221I\273\364\302\210&&\024\321t\263~u\021\224\007""; closeTime: 803853923; signature: ""0E\002!\000\325\243v\t\256i\363\004\237W\261\272\033_\216\331\tS\345w\221\304{\252\251\177Q0M\231h\273\002 j\314\340\257\260r\266\264z\236\211\343\004h\360[\340\256Y[\352G+\003\036\276)\000W8\212\254""; previousledger: ""\265\274\217{\006\230\301C\037\362\303\203\311@$\357\237S\021\014\376:\n$\006\316\201M\323F\035\t""; "
1750538725927,1750538725927,2352,1,1,2,TMProposeSet,"proposeSeq: 0; currentTxHash: ""\000\000\000\000\000\000\000\000\000\000\000\000\000\000\000\000\000\000\000\000\000\000\000\000\000\000\000\000\000\000\000\000""; nodePubKey: ""\003~\375{L?\027\276\233\213\030\372\276\341\272\320\221I\273\364\302\210&&\024\321t\263~u\021\224\007""; closeTime: 803853923; signature: ""0E\002!\000\325\243v\t\256i\363\004\237W\261\272\033_\216\331\tS\345w\221\304{\252\251\177Q0M\231h\273\002 j\314\340\257\260r\266\264z\236\211\343\004h\360[\340\256Y[\352G+\003\036\276)\000W8\212\254""; previousledger: ""\265\274\217{\006\230\301C\037\362\303\203\311@$\357\237S\021\014\376:\n$\006\316\201M\323F\035\t""; ","proposeSeq: 0; currentTxHash: ""\000\000\000\000\000\000\000\000\000\000\000\000\000\000\000\000\000\000\000\000\000\000\000\000\000\000\000\000\000\000\000\000""; nodePubKey: ""\003~\375{L?\027\276\233\213\030\372\276\341\272\320\221I\273\364\302\210&&\024\321t\263~u\021\224\007""; closeTime: 803853923; signature: ""0E\002!\000\325\243v\t\256i\363\004\237W\261\272\033_\216\331\tS\345w\221\304{\252\251\177Q0M\231h\273\002 j\314\340\257\260r\266\264z\236\211\343\004h\360[\340\256Y[\352G+\003\036\276)\000W8\212\254""; previousledger: ""\265\274\217{\006\230\301C\037\362\303\203\311@$\357\237S\021\014\376:\n$\006\316\201M\323F\035\t""; "
1750538725927,1750538725927,2841,1,1,3,TMProposeSet,"proposeSeq: 0; currentTxHash: ""\000\000\000\000\000\000\000\000\000\000\000\000\000\000\000\000\000\000\000\000\000\000\000\000\000\000\000\000\000\000\000\000""; nodePubKey: ""\003~\375{L?\027\276\233\213\030\372\276\341\272\320\221I\273\364\302\210&&\024\321t\263~u\021\224\007""; closeTime: 803853923; signature: ""0E\002!\000\325\243v\t\256i\363\004\237W\261\272\033_\216\331\tS\345w\221\304{\252\251\177Q0M\231h\273\002 j\314\340\257\260r\266\264z\236\211\343\004h\360[\340\256Y[\352G+\003\036\276)\000W8\212\254""; previousledger: ""\265\274\217{\006\230\301C\037\362\303\203\311@$\357\237S\021\014\376:\n$\006\316\201M\323F\035\t""; ","proposeSeq: 0; currentTxHash: ""\000\000\000\000\000\000\000\000\000\000\000\000\000\000\000\000\000\000\000\000\000\000\000\000\000\000\000\000\000\000\000\000""; nodePubKey: ""\003~\375{L?\027\276\233\213\030\372\276\341\272\320\221I\273\364\302\210&&\024\321t\263~u\021\224\007""; closeTime: 803853923; signature: ""0E\002!\000\325\243v\t\256i\363\004\237W\261\272\033_\216\331\tS\345w\221\304{\252\251\177Q0M\231h\273\002 j\314\340\257\260r\266\264z\236\211\343\004h\360[\340\256Y[\352G+\003\036\276)\000W8\212\254""; previousledger: ""\265\274\217{\006\230\301C\037\362\303\203\311@$\357\237S\021\014\376:\n$\006\316\201M\323F\035\t""; "
1750538725951,1750538725951,881,1,4,1,TMProposeSet,"proposeSeq: 0; currentTxHash: ""\000\000\000\000\000\000\000\000\000\000\000\000\000\000\000\000\000\000\000\000\000\000\000\000\000\000\000\000\000\000\000\000""; nodePubKey: ""\002 \026\333\362W<\375\221\252M\216[;A\212\332\001\245U\216U\016 \210\301)Q5$#\354\322""; closeTime: 803853925; signature: ""0D\002 T\2704\315\352\303W\336\265t\217V\007l\260\014\320qt\200\326l\377\202\342\003v` \334\230\303\002 \021\215\332V\327A\205\245\2627\006\354_\212$\315C\353'\225*\265\007\246\2512\357$\223\002\024\222""; previousledger: ""\265\274\217{\006\230\301C\037\362\303\203\311@$\357\237S\021\014\376:\n$\006\316\201M\323F\035\t""; ","proposeSeq: 0; currentTxHash: ""\000\000\000\000\000\000\000\000\000\000\000\000\000\000\000\000\000\000\000\000\000\000\000\000\000\000\000\000\000\000\000\000""; nodePubKey: ""\002 \026\333\362W<\375\221\252M\216[;A\212\332\001\245U\216U\016 \210\301)Q5$#\354\322""; closeTime: 803853925; signature: ""0D\002 T\2704\315\352\303W\336\265t\217V\007l\260\014\320qt\200\326l\377\202\342\003v` \334\230\303\002 \021\215\332V\327A\205\245\2627\006\354_\212$\315C\353'\225*\265\007\246\2512\357$\223\002\024\222""; previousledger: ""\265\274\217{\006\230\301C\037\362\303\203\311@$\357\237S\021\014\376:\n$\006\316\201M\323F\035\t""; "
1750538725951,1750538725952,379,1,4,2,TMProposeSet,"proposeSeq: 0; currentTxHash: ""\000\000\000\000\000\000\000\000\000\000\000\000\000\000\000\000\000\000\000\000\000\000\000\000\000\000\000\000\000\000\000\000""; nodePubKey: ""\002 \026\333\362W<\375\221\252M\216[;A\212\332\001\245U\216U\016 \210\301)Q5$#\354\322""; closeTime: 803853925; signature: ""0D\002 T\2704\315\352\303W\336\265t\217V\007l\260\014\320qt\200\326l\377\202\342\003v` \334\230\303\002 \021\215\332V\327A\205\245\2627\006\354_\212$\315C\353'\225*\265\007\246\2512\357$\223\002\024\222""; previousledger: ""\265\274\217{\006\230\301C\037\362\303\203\311@$\357\237S\021\014\376:\n$\006\316\201M\323F\035\t""; ","proposeSeq: 0; currentTxHash: ""\000\000\000\000\000\000\000\000\000\000\000\000\000\000\000\000\000\000\000\000\000\000\000\000\000\000\000\000\000\000\000\000""; nodePubKey: ""\002 \026\333\362W<\375\221\252M\216[;A\212\332\001\245U\216U\016 \210\301)Q5$#\354\322""; closeTime: 803853925; signature: ""0D\002 T\2704\315\352\303W\336\265t\217V\007l\260\014\320qt\200\326l\377\202\342\003v` \334\230\303\002 \021\215\332V\327A\205\245\2627\006\354_\212$\315C\353'\225*\265\007\246\2512\357$\223\002\024\222""; previousledger: ""\265\274\217{\006\230\301C\037\362\303\203\311@$\357\237S\021\014\376:\n$\006\316\201M\323F\035\t""; "
1750538725948,1750538725987,2699,1,4,3,TMStatusChange,"newEvent: neCLOSING_LEDGER; ledgerSeq: 3; ledgerHash: ""\265\274\217{\006\230\301C\037\362\303\203\311@$\357\237S\021\014\376:\n$\006\316\201M\323F\035\t""; ledgerHashPrevious: ""\310\307\013\377\332\017\177V\203\327_\003z?\001HO\264M\200mz\336\253V\312\221\036<%\014\351""; networkTime: 803853925; firstSeq: 1; lastSeq: 3; ","newEvent: neCLOSING_LEDGER; ledgerSeq: 3; ledgerHash: ""\265\274\217{\006\230\301C\037\362\303\203\311@$\357\237S\021\014\376:\n$\006\316\201M\323F\035\t""; ledgerHashPrevious: ""\310\307\013\377\332\017\177V\203\327_\003z?\001HO\264M\200mz\336\253V\312\221\036<%\014\351""; networkTime: 803853925; firstSeq: 1; lastSeq: 3; "
1750538725949,1750538725989,2311,1,4,0,TMStatusChange,"newEvent: neCLOSING_LEDGER; ledgerSeq: 3; ledgerHash: ""\265\274\217{\006\230\301C\037\362\303\203\311@$\357\237S\021\014\376:\n$\006\316\201M\323F\035\t""; ledgerHashPrevious: ""\310\307\013\377\332\017\177V\203\327_\003z?\001HO\264M\200mz\336\253V\312\221\036<%\014\351""; networkTime: 803853925; firstSeq: 1; lastSeq: 3; ","newEvent: neCLOSING_LEDGER; ledgerSeq: 3; ledgerHash: ""\265\274\217{\006\230\301C\037\362\303\203\311@$\357\237S\021\014\376:\n$\006\316\201M\323F\035\t""; ledgerHashPrevious: ""\310\307\013\377\332\017\177V\203\327_\003z?\001HO\264M\200mz\336\253V\312\221\036<%\014\351""; networkTime: 803853925; firstSeq: 1; lastSeq: 3; "
1750538725950,1750538725989,1628,1,4,1,TMStatusChange,"newEvent: neCLOSING_LEDGER; ledgerSeq: 3; ledgerHash: ""\265\274\217{\006\230\301C\037\362\303\203\311@$\357\237S\021\014\376:\n$\006\316\201M\323F\035\t""; ledgerHashPrevious: ""\310\307\013\377\332\017\177V\203\327_\003z?\001HO\264M\200mz\336\253V\312\221\036<%\014\351""; networkTime: 803853925; firstSeq: 1; lastSeq: 3; ","newEvent: neCLOSING_LEDGER; ledgerSeq: 3; ledgerHash: ""\265\274\217{\006\230\301C\037\362\303\203\311@$\357\237S\021\014\376:\n$\006\316\201M\323F\035\t""; ledgerHashPrevious: ""\310\307\013\377\332\017\177V\203\327_\003z?\001HO\264M\200mz\336\253V\312\221\036<%\014\351""; networkTime: 803853925; firstSeq: 1; lastSeq: 3; "
1750538725950,1750538725989,109,1,4,2,TMStatusChange,"newEvent: neCLOSING_LEDGER; ledgerSeq: 3; ledgerHash: ""\265\274\217{\006\230\301C\037\362\303\203\311@$\357\237S\021\014\376:\n$\006\316\201M\323F\035\t""; ledgerHashPrevious: ""\310\307\013\377\332\017\177V\203\327_\003z?\001HO\264M\200mz\336\253V\312\221\036<%\014\351""; networkTime: 803853925; firstSeq: 1; lastSeq: 3; ","newEvent: neCLOSING_LEDGER; ledgerSeq: 3; ledgerHash: ""\265\274\217{\006\230\301C\037\362\303\203\311@$\357\237S\021\014\376:\n$\006\316\201M\323F\035\t""; ledgerHashPrevious: ""\310\307\013\377\332\017\177V\203\327_\003z?\001HO\264M\200mz\336\253V\312\221\036<%\014\351""; networkTime: 803853925; firstSeq: 1; lastSeq: 3; "
1750538725990,1750538725991,2508,1,4,3,TMProposeSet,"proposeSeq: 0; currentTxHash: ""\000\000\000\000\000\000\000\000\000\000\000\000\000\000\000\000\000\000\000\000\000\000\000\000\000\000\000\000\000\000\000\000""; nodePubKey: ""\002 \026\333\362W<\375\221\252M\216[;A\212\332\001\245U\216U\016 \210\301)Q5$#\354\322""; closeTime: 803853925; signature: ""0D\002 T\2704\315\352\303W\336\265t\217V\007l\260\014\320qt\200\326l\377\202\342\003v` \334\230\303\002 \021\215\332V\327A\205\245\2627\006\354_\212$\315C\353'\225*\265\007\246\2512\357$\223\002\024\222""; previousledger: ""\265\274\217{\006\230\301C\037\362\303\203\311@$\357\237S\021\014\376:\n$\006\316\201M\323F\035\t""; ","proposeSeq: 0; currentTxHash: ""\000\000\000\000\000\000\000\000\000\000\000\000\000\000\000\000\000\000\000\000\000\000\000\000\000\000\000\000\000\000\000\000""; nodePubKey: ""\002 \026\333\362W<\375\221\252M\216[;A\212\332\001\245U\216U\016 \210\301)Q5$#\354\322""; closeTime: 803853925; signature: ""0D\002 T\2704\315\352\303W\336\265t\217V\007l\260\014\320qt\200\326l\377\202\342\003v` \334\230\303\002 \021\215\332V\327A\205\245\2627\006\354_\212$\315C\353'\225*\265\007\246\2512\357$\223\002\024\222""; previousledger: ""\265\274\217{\006\230\301C\037\362\303\203\311@$\357\237S\021\014\376:\n$\006\316\201M\323F\035\t""; "
1750538725991,1750538725991,1715,1,4,0,TMProposeSet,"proposeSeq: 0; currentTxHash: ""\000\000\000\000\000\000\000\000\000\000\000\000\000\000\000\000\000\000\000\000\000\000\000\000\000\000\000\000\000\000\000\000""; nodePubKey: ""\002 \026\333\362W<\375\221\252M\216[;A\212\332\001\245U\216U\016 \210\301)Q5$#\354\322""; closeTime: 803853925; signature: ""0D\002 T\2704\315\352\303W\336\265t\217V\007l\260\014\320qt\200\326l\377\202\342\003v` \334\230\303\002 \021\215\332V\327A\205\245\2627\006\354_\212$\315C\353'\225*\265\007\246\2512\357$\223\002\024\222""; previousledger: ""\265\274\217{\006\230\301C\037\362\303\203\311@$\357\237S\021\014\376:\n$\006\316\201M\323F\035\t""; ","proposeSeq: 0; currentTxHash: ""\000\000\000\000\000\000\000\000\000\000\000\000\000\000\000\000\000\000\000\000\000\000\000\000\000\000\000\000\000\000\000\000""; nodePubKey: ""\002 \026\333\362W<\375\221\252M\216[;A\212\332\001\245U\216U\016 \210\301)Q5$#\354\322""; closeTime: 803853925; signature: ""0D\002 T\2704\315\352\303W\336\265t\217V\007l\260\014\320qt\200\326l\377\202\342\003v` \334\230\303\002 \021\215\332V\327A\205\245\2627\006\354_\212$\315C\353'\225*\265\007\246\2512\357$\223\002\024\222""; previousledger: ""\265\274\217{\006\230\301C\037\362\303\203\311@$\357\237S\021\014\376:\n$\006\316\201M\323F\035\t""; "
1750538725993,1750538725996,1692,1,2,3,TMTransaction,"rawTransaction: ""\022\000\000""\000\000\000\000$\000\000\000\003 \033\000\000\000\027a@\000\000\027H\206*@h@\000\000\000\000\000\000\ns!\0030\347\374\235V\273%\326\211;\243\363\027\256[\3173\263)\033\326=\263&T\243\023""/\177\320 tG0E\002!\000\303\372\363\301\215\326\036\274:\0209o+\332\000[\222\177\222\230\351{\360+)qq\365\200\177o\302\002 F\261\205O\263\202\326\034\373\263\n\373Obu\251N*WZ\350\211\246\027\350\330\035\352f(\002\351\201\024\265\367by\212S\325C\240\024\312\370\262\227\317\370\362\3717\350\203\024.t|\034\213R\010\020\215J\n\035\314\210\261\306\350T2-""; status: tsCURRENT; receiveTimestamp: 803853925; deferred: false; ","rawTransaction: ""\022\000\000""\000\000\000\000$\000\000\000\003 \033\000\000\000\027a@\000\000\027H\206*@h@\000\000\000\000\000\000\ns!\0030\347\374\235V\273%\326\211;\243\363\027\256[\3173\263)\033\326=\263&T\243\023""/\177\320 tG0E\002!\000\303\372\363\301\215\326\036\274:\0209o+\332\000[\222\177\222\230\351{\360+)qq\365\200\177o\302\002 F\261\205O\263\202\326\034\373\263\n\373Obu\251N*WZ\350\211\246\027\350\330\035\352f(\002\351\201\024\265\367by\212S\325C\240\024\312\370\262\227\317\370\362\3717\350\203\024.t|\034\213R\010\020\215J\n\035\314\210\261\306\350T2-""; status: tsCURRENT; receiveTimestamp: 803853925; deferred: false; "
1750538725994,1750538725997,3531,1,2,0,TMTransaction,"rawTransaction: ""\022\000\000""\000\000\000\000$\000\000\000\003 \033\000\000\000\027a@\000\000\027H\206*@h@\000\000\000\000\000\000\ns!\0030\347\374\235V\273%\326\211;\243\363\027\256[\3173\263)\033\326=\263&T\243\023""/\177\320 tG0E\002!\000\303\372\363\301\215\326\036\274:\0209o+\332\000[\222\177\222\230\351{\360+)qq\365\200\177o\302\002 F\261\205O\263\202\326\034\373\263\n\373Obu\251N*WZ\350\211\246\027\350\330\035\352f(\002\351\201\024\265\367by\212S\325C\240\024\312\370\262\227\317\370\362\3717\350\203\024.t|\034\213R\010\020\215J\n\035\314\210\261\306\350T2-""; status: tsCURRENT; receiveTimestamp: 803853925; deferred: false; ","rawTransaction: ""\022\000\000""\000\000\000\000$\000\000\000\003 \033\000\000\000\027a@\000\000\027H\206*@h@\000\000\000\000\000\000\ns!\0030\347\374\235V\273%\326\211;\243\363\027\256[\3173\263)\033\326=\263&T\243\023""/\177\320 tG0E\002!\000\303\372\363\301\215\326\036\274:\0209o+\332\000[\222\177\222\230\351{\360+)qq\365\200\177o\302\002 F\261\205O\263\202\326\034\373\263\n\373Obu\251N*WZ\350\211\246\027\350\330\035\352f(\002\351\201\024\265\367by\212S\325C\240\024\312\370\262\227\317\370\362\3717\350\203\024.t|\034\213R\010\020\215J\n\035\314\210\261\306\350T2-""; status: tsCURRENT; receiveTimestamp: 803853925; deferred: false; "
1750538725994,1750538726000,543,1,2,4,TMTransaction,"rawTransaction: ""\022\000\000""\000\000\000\000$\000\000\000\003 \033\000\000\000\027a@\000\000\027H\206*@h@\000\000\000\000\000\000\ns!\0030\347\374\235V\273%\326\211;\243\363\027\256[\3173\263)\033\326=\263&T\243\023""/\177\320 tG0E\002!\000\303\372\363\301\215\326\036\274:\0209o+\332\000[\222\177\222\230\351{\360+)qq\365\200\177o\302\002 F\261\205O\263\202\326\034\373\263\n\373Obu\251N*WZ\350\211\246\027\350\330\035\352f(\002\351\201\024\265\367by\212S\325C\240\024\312\370\262\227\317\370\362\3717\350\203\024.t|\034\213R\010\020\215J\n\035\314\210\261\306\350T2-""; status: tsCURRENT; receiveTimestamp: 803853925; deferred: false; ","rawTransaction: ""\022\000\000""\000\000\000\000$\000\000\000\003 \033\000\000\000\027a@\000\000\027H\206*@h@\000\000\000\000\000\000\ns!\0030\347\374\235V\273%\326\211;\243\363\027\256[\3173\263)\033\326=\263&T\243\023""/\177\320 tG0E\002!\000\303\372\363\301\215\326\036\274:\0209o+\332\000[\222\177\222\230\351{\360+)qq\365\200\177o\302\002 F\261\205O\263\202\326\034\373\263\n\373Obu\251N*WZ\350\211\246\027\350\330\035\352f(\002\351\201\024\265\367by\212S\325C\240\024\312\370\262\227\317\370\362\3717\350\203\024.t|\034\213R\010\020\215J\n\035\314\210\261\306\350T2-""; status: tsCURRENT; receiveTimestamp: 803853925; deferred: false; "
1750538726020,1750538726020,2898,1,3,2,TMValidation,"validation: """"\200\000\000\001&\000\000\000\003)/\351\326b:\232\2111\322\240\222\246\352Q\265\274\217{\006\230\301C\037\362\303\203\311@$\357\237S\021\014\376:\n$\006\316\201M\323F\035\tP\027\000\000\000\000\000\000\000\000\000\000\000\000\000\000\000\000\000\000\000\000\000\000\000\000\000\000\000\000\000\000\000\000P\031-}\351f\032\255\274\334m\326c\017\014ao[\342\230\003\245\245\3341Hm\326^\017jy\335\261s!\003\354*\213M\024\261\231C)\265\233Nk\304>g\222\037\213\224\253\332c\201 \344\373\323\332(\344kvF0D\002 N\274\223\207P4\214\003\324%\355\201\236\342\314\230\252\034\202_d8\210\323\344\361\274\211\036\356\020\241\002 <\251V}\202J\3520\301\241\350\030G\3712}\n%w4+\263\222\236y\034\032\323\304\200\215\323""; ","validation: """"\200\000\000\001&\000\000\000\003)/\351\326b:\232\2111\322\240\222\246\352Q\265\274\217{\006\230\301C\037\362\303\203\311@$\357\237S\021\014\376:\n$\006\316\201M\323F\035\tP\027\000\000\000\000\000\000\000\000\000\000\000\000\000\000\000\000\000\000\000\000\000\000\000\000\000\000\000\000\000\000\000\000P\031-}\351f\032\255\274\334m\326c\017\014ao[\342\230\003\245\245\3341Hm\326^\017jy\335\261s!\003\354*\213M\024\261\231C)\265\233Nk\304>g\222\037\213\224\253\332c\201 \344\373\323\332(\344kvF0D\002 N\274\223\207P4\214\003\324%\355\201\236\342\314\230\252\034\202_d8\210\323\344\361\274\211\036\356\020\241\002 <\251V}\202J\3520\301\241\350\030G\3712}\n%w4+\263\222\236y\034\032\323\304\200\215\323""; "
1750538726021,1750538726021,3490,1,3,0,TMValidation,"validation: """"\200\000\000\001&\000\000\000\003)/\351\326b:\232\2111\322\240\222\246\352Q\265\274\217{\006\230\301C\037\362\303\203\311@$\357\237S\021\014\376:\n$\006\316\201M\323F\035\tP\027\000\000\000\000\000\000\000\000\000\000\000\000\000\000\000\000\000\000\000\000\000\000\000\000\000\000\000\000\000\000\000\000P\031-}\351f\032\255\274\334m\326c\017\014ao[\342\230\003\245\245\3341Hm\326^\017jy\335\261s!\003\354*\213M\024\261\231C)\265\233Nk\304>g\222\037\213\224\253\332c\201 \344\373\323\332(\344kvF0D\002 N\274\223\207P4\214\003\324%\355\201\236\342\314\230\252\034\202_d8\210\323\344\361\274\211\036\356\020\241\002 <\251V}\202J\3520\301\241\350\030G\3712}\n%w4+\263\222\236y\034\032\323\304\200\215\323""; ","validation: """"\200\000\000\001&\000\000\000\003)/\351\326b:\232\2111\322\240\222\246\352Q\265\274\217{\006\230\301C\037\362\303\203\311@$\357\237S\021\014\376:\n$\006\316\201M\323F\035\tP\027\000\000\000\000\000\000\000\000\000\000\000\000\000\000\000\000\000\000\000\000\000\000\000\000\000\000\000\000\000\000\000\000P\031-}\351f\032\255\274\334m\326c\017\014ao[\342\230\003\245\245\3341Hm\326^\017jy\335\261s!\003\354*\213M\024\261\231C)\265\233Nk\304>g\222\037\213\224\253\332c\201 \344\373\323\332(\344kvF0D\002 N\274\223\207P4\214\003\324%\355\201\236\342\314\230\252\034\202_d8\210\323\344\361\274\211\036\356\020\241\002 <\251V}\202J\3520\301\241\350\030G\3712}\n%w4+\263\222\236y\034\032\323\304\200\215\323""; "
1750538726020,1750538726021,1138,1,3,4,TMValidation,"validation: """"\200\000\000\001&\000\000\000\003)/\351\326b:\232\2111\322\240\222\246\352Q\265\274\217{\006\230\301C\037\362\303\203\311@$\357\237S\021\014\376:\n$\006\316\201M\323F\035\tP\027\000\000\000\000\000\000\000\000\000\000\000\000\000\000\000\000\000\000\000\000\000\000\000\000\000\000\000\000\000\000\000\000P\031-}\351f\032\255\274\334m\326c\017\014ao[\342\230\003\245\245\3341Hm\326^\017jy\335\261s!\003\354*\213M\024\261\231C)\265\233Nk\304>g\222\037\213\224\253\332c\201 \344\373\323\332(\344kvF0D\002 N\274\223\207P4\214\003\324%\355\201\236\342\314\230\252\034\202_d8\210\323\344\361\274\211\036\356\020\241\002 <\251V}\202J\3520\301\241\350\030G\3712}\n%w4+\263\222\236y\034\032\323\304\200\215\323""; ","validation: """"\200\000\000\001&\000\000\000\003)/\351\326b:\232\2111\322\240\222\246\352Q\265\274\217{\006\230\301C\037\362\303\203\311@$\357\237S\021\014\376:\n$\006\316\201M\323F\035\tP\027\000\000\000\000\000\000\000\000\000\000\000\000\000\000\000\000\000\000\000\000\000\000\000\000\000\000\000\000\000\000\000\000P\031-}\351f\032\255\274\334m\326c\017\014ao[\342\230\003\245\245\3341Hm\326^\017jy\335\261s!\003\354*\213M\024\261\231C)\265\233Nk\304>g\222\037\213\224\253\332c\201 \344\373\323\332(\344kvF0D\002 N\274\223\207P4\214\003\324%\355\201\236\342\314\230\252\034\202_d8\210\323\344\361\274\211\036\356\020\241\002 <\251V}\202J\3520\301\241\350\030G\3712}\n%w4+\263\222\236y\034\032\323\304\200\215\323""; "
1750538726049,1750538726049,3061,1,4,3,TMValidation,"validation: """"\200\000\000\001&\000\000\000\003)/\351\326b:\023\347P\206+XgcQ\265\274\217{\006\230\301C\037\362\303\203\311@$\357\237S\021\014\376:\n$\006\316\201M\323F\035\tP\027\000\000\000\000\000\000\000\000\000\000\000\000\000\000\000\000\000\000\000\000\000\000\000\000\000\000\000\000\000\000\000\000P\031-}\351f\032\255\274\334m\326c\017\014ao[\342\230\003\245\245\3341Hm\326^\017jy\335\261s!\003\266z\355\317\337p\211\027\004\376\033=\231\303\247\235\333\200-\342ze\360>\370Z0A\357\271\211NvG0E\002!\000\352\376\037\233fgg*+\332f\324nz\354\253\2154\255\016\276\205\341T\221;\035\271\327}\212\027\002 W\254\0012r\361`\230\331t\t\206\331\204A\202,u\322h\026E W\0325\t\255-w2\035""; ","validation: """"\200\000\000\001&\000\000\000\003)/\351\326b:\023\347P\206+XgcQ\265\274\217{\006\230\301C\037\362\303\203\311@$\357\237S\021\014\376:\n$\006\316\201M\323F\035\tP\027\000\000\000\000\000\000\000\000\000\000\000\000\000\000\000\000\000\000\000\000\000\000\000\000\000\000\000\000\000\000\000\000P\031-}\351f\032\255\274\334m\326c\017\014ao[\342\230\003\245\245\3341Hm\326^\017jy\335\261s!\003\266z\355\317\337p\211\027\004\376\033=\231\303\247\235\333\200-\342ze\360>\370Z0A\357\271\211NvG0E\002!\000\352\376\037\233fgg*+\332f\324nz\354\253\2154\255\016\276\205\341T\221;\035\271\327}\212\027\002 W\254\0012r\361`\230\331t\t\206\331\204A\202,u\322h\026E W\0325\t\255-w2\035""; "
1750538726050,1750538726050,2253,1,4,1,TMValidation,"validation: """"\200\000\000\001&\000\000\000\003)/\351\326b:\023\347P\206+XgcQ\265\274\217{\006\230\301C\037\362\303\203\311@$\357\237S\021\014\376:\n$\006\316\201M\323F\035\tP\027\000\000\000\000\000\000\000\000\000\000\000\000\000\000\000\000\000\000\000\000\000\000\000\000\000\000\000\000\000\000\000\000P\031-}\351f\032\255\274\334m\326c\017\014ao[\342\230\003\245\245\3341Hm\326^\017jy\335\261s!\003\266z\355\317\337p\211\027\004\376\033=\231\303\247\235\333\200-\342ze\360>\370Z0A\357\271\211NvG0E\002!\000\352\376\037\233fgg*+\332f\324nz\354\253\2154\255\016\276\205\341T\221;\035\271\327}\212\027\002 W\254\0012r\361`\230\331t\t\206\331\204A\202,u\322h\026E W\0325\t\255-w2\035""; ","validation: """"\200\000\000\001&\000\000\000\003)/\351\326b:\023\347P\206+XgcQ\265\274\217{\006\230\301C\037\362\303\203\311@$\357\237S\021\014\376:\n$\006\316\201M\323F\035\tP\027\000\000\000\000\000\000\000\000\000\000\000\000\000\000\000\000\000\000\000\000\000\000\000\000\000\000\000\000\000\000\000\000P\031-}\351f\032\255\274\334m\326c\017\014ao[\342\230\003\245\245\3341Hm\326^\017jy\335\261s!\003\266z\355\317\337p\211\027\004\376\033=\231\303\247\235\333\200-\342ze\360>\370Z0A\357\271\211NvG0E\002!\000\352\376\037\233fgg*+\332f\324nz\354\253\2154\255\016\276\205\341T\221;\035\271\327}\212\027\002 W\254\0012r\361`\230\331t\t\206\331\204A\202,u\322h\026E W\0325\t\255-w2\035""; "
1750538726050,1750538726050,323,1,4,0,TMValidation,"validation: """"\200\000\000\001&\000\000\000\003)/\351\326b:\023\347P\206+XgcQ\265\274\217{\006\230\301C\037\362\303\203\311@$\357\237S\021\014\376:\n$\006\316\201M\323F\035\tP\027\000\000\000\000\000\000\000\000\000\000\000\000\000\000\000\000\000\000\000\000\000\000\000\000\000\000\000\000\000\000\000\000P\031-}\351f\032\255\274\334m\326c\017\014ao[\342\230\003\245\245\3341Hm\326^\017jy\335\261s!\003\266z\355\317\337p\211\027\004\376\033=\231\303\247\235\333\200-\342ze\360>\370Z0A\357\271\211NvG0E\002!\000\352\376\037\233fgg*+\332f\324nz\354\253\2154\255\016\276\205\341T\221;\035\271\327}\212\027\002 W\254\0012r\361`\230\331t\t\206\331\204A\202,u\322h\026E W\0325\t\255-w2\035""; ","validation: """"\200\000\000\001&\000\000\000\003)/\351\326b:\023\347P\206+XgcQ\265\274\217{\006\230\301C\037\362\303\203\311@$\357\237S\021\014\376:\n$\006\316\201M\323F\035\tP\027\000\000\000\000\000\000\000\000\000\000\000\000\000\000\000\000\000\000\000\000\000\000\000\000\000\000\000\000\000\000\000\000P\031-}\351f\032\255\274\334m\326c\017\014ao[\342\230\003\245\245\3341Hm\326^\017jy\335\261s!\003\266z\355\317\337p\211\027\004\376\033=\231\303\247\235\333\200-\342ze\360>\370Z0A\357\271\211NvG0E\002!\000\352\376\037\233fgg*+\332f\324nz\354\253\2154\255\016\276\205\341T\221;\035\271\327}\212\027\002 W\254\0012r\361`\230\331t\t\206\331\204A\202,u\322h\026E W\0325\t\255-w2\035""; "
1750538726117,1750538726117,3442,1,4,3,TMGetLedger,"itype: liTS_CANDIDATE; ledgerHash: ""\206\345\0213[\207\344\354!\202\010\276w\257 l,\361\256%\351\364\370Px\007c\272^\330\357\010""; nodeIDs: ""\000\000\000\000\000\000\000\000\000\000\000\000\000\000\000\000\000\000\000\000\000\000\000\000\000\000\000\000\000\000\000\000\000""; queryDepth: 3; ","itype: liTS_CANDIDATE; ledgerHash: ""\206\345\0213[\207\344\354!\202\010\276w\257 l,\361\256%\351\364\370Px\007c\272^\330\357\010""; nodeIDs: ""\000\000\000\000\000\000\000\000\000\000\000\000\000\000\000\000\000\000\000\000\000\000\000\000\000\000\000\000\000\000\000\000\000""; queryDepth: 3; "
1750538726117,1750538726118,2508,1,4,3,TMProposeSet,"proposeSeq: 0; currentTxHash: ""\206\345\0213[\207\344\354!\202\010\276w\257 l,\361\256%\351\364\370Px\007c\272^\330\357\010""; nodePubKey: ""\003\266z\355\317\337p\211\027\004\376\033=\231\303\247\235\333\200-\342ze\360>\370Z0A\357\271\211N""; closeTime: 803853925; signature: ""0E\002!\000\356\004\273B\231\005\243\254bj\277\364\253)9'\007\315\353`Lx\231\002\212\315\031\374:\202\362\242\002 \023\233\273DL\334\0235``(\217\373:\210\355\351\264\253\265k\227o'\237\326-\006\323\355\371`""; previousledger: ""\265\274\217{\006\230\301C\037\362\303\203\311@$\357\237S\021\014\376:\n$\006\316\201M\323F\035\t""; ","proposeSeq: 0; currentTxHash: ""\206\345\0213[\207\344\354!\202\010\276w\257 l,\361\256%\351\364\370Px\007c\272^\330\357\010""; nodePubKey: ""\003\266z\355\317\337p\211\027\004\376\033=\231\303\247\235\333\200-\342ze\360>\370Z0A\357\271\211N""; closeTime: 803853925; signature: ""0E\002!\000\356\004\273B\231\005\243\254bj\277\364\253)9'\007\315\353`Lx\231\002\212\315\031\374:\202\362\242\002 \023\233\273DL\334\0235``(\217\373:\210\355\351\264\253\265k\227o'\237\326-\006\323\355\371`""; previousledger: ""\265\274\217{\006\230\301C\037\362\303\203\311@$\357\237S\021\014\376:\n$\006\316\201M\323F\035\t""; "
1750538726118,1750538726118,881,1,4,1,TMProposeSet,"proposeSeq: 0; currentTxHash: ""\206\345\0213[\207\344\354!\202\010\276w\257 l,\361\256%\351\364\370Px\007c\272^\330\357\010""; nodePubKey: ""\003\266z\355\317\337p\211\027\004\376\033=\231\303\247\235\333\200-\342ze\360>\370Z0A\357\271\211N""; closeTime: 803853925; signature: ""0E\002!\000\356\004\273B\231\005\243\254bj\277\364\253)9'\007\315\353`Lx\231\002\212\315\031\374:\202\362\242\002 \023\233\273DL\334\0235``(\217\373:\210\355\351\264\253\265k\227o'\237\326-\006\323\355\371`""; previousledger: ""\265\274\217{\006\230\301C\037\362\303\203\311@$\357\237S\021\014\376:\n$\006\316\201M\323F\035\t""; ","proposeSeq: 0; currentTxHash: ""\206\345\0213[\207\344\354!\202\010\276w\257 l,\361\256%\351\364\370Px\007c\272^\330\357\010""; nodePubKey: ""\003\266z\355\317\337p\211\027\004\376\033=\231\303\247\235\333\200-\342ze\360>\370Z0A\357\271\211N""; closeTime: 803853925; signature: ""0E\002!\000\356\004\273B\231\005\243\254bj\277\364\253)9'\007\315\353`Lx\231\002\212\315\031\374:\202\362\242\002 \023\233\273DL\334\0235``(\217\373:\210\355\351\264\253\265k\227o'\237\326-\006\323\355\371`""; previousledger: ""\265\274\217{\006\230\301C\037\362\303\203\311@$\357\237S\021\014\376:\n$\006\316\201M\323F\035\t""; "
1750538726118,1750538726119,1715,1,4,0,TMProposeSet,"proposeSeq: 0; currentTxHash: ""\206\345\0213[\207\344\354!\202\010\276w\257 l,\361\256%\351\364\370Px\007c\272^\330\357\010""; nodePubKey: ""\003\266z\355\317\337p\211\027\004\376\033=\231\303\247\235\333\200-\342ze\360>\370Z0A\357\271\211N""; closeTime: 803853925; signature: ""0E\002!\000\356\004\273B\231\005\243\254bj\277\364\253)9'\007\315\353`Lx\231\002\212\315\031\374:\202\362\242\002 \023\233\273DL\334\0235``(\217\373:\210\355\351\264\253\265k\227o'\237\326-\006\323\355\371`""; previousledger: ""\265\274\217{\006\230\301C\037\362\303\203\311@$\357\237S\021\014\376:\n$\006\316\201M\323F\035\t""; ","proposeSeq: 0; currentTxHash: ""\206\345\0213[\207\344\354!\202\010\276w\257 l,\361\256%\351\364\370Px\007c\272^\330\357\010""; nodePubKey: ""\003\266z\355\317\337p\211\027\004\376\033=\231\303\247\235\333\200-\342ze\360>\370Z0A\357\271\211N""; closeTime: 803853925; signature: ""0E\002!\000\356\004\273B\231\005\243\254bj\277\364\253)9'\007\315\353`Lx\231\002\212\315\031\374:\202\362\242\002 \023\233\273DL\334\0235``(\217\373:\210\355\351\264\253\265k\227o'\237\326-\006\323\355\371`""; previousledger: ""\265\274\217{\006\230\301C\037\362\303\203\311@$\357\237S\021\014\376:\n$\006\316\201M\323F\035\t""; "
1750538726119,1750538726119,1112,1,4,0,TMGetLedger,"itype: liTS_CANDIDATE; ledgerHash: ""\206\345\0213[\207\344\354!\202\010\276w\257 l,\361\256%\351\364\370Px\007c\272^\330\357\010""; nodeIDs: ""\000\000\000\000\000\000\000\000\000\000\000\000\000\000\000\000\000\000\000\000\000\000\000\000\000\000\000\000\000\000\000\000\000""; queryDepth: 3; ","itype: liTS_CANDIDATE; ledgerHash: ""\206\345\0213[\207\344\354!\202\010\276w\257 l,\361\256%\351\364\370Px\007c\272^\330\357\010""; nodeIDs: ""\000\000\000\000\000\000\000\000\000\000\000\000\000\000\000\000\000\000\000\000\000\000\000\000\000\000\000\000\000\000\000\000\000""; queryDepth: 3; "
1750538726141,1750538726141,1299,1,0,1,TMGetLedger,"itype: liTS_CANDIDATE; ledgerHash: ""\206\345\0213[\207\344\354!\202\010\276w\257 l,\361\256%\351\364\370Px\007c\272^\330\357\010""; nodeIDs: ""\000\000\000\000\000\000\000\000\000\000\000\000\000\000\000\000\000\000\000\000\000\000\000\000\000\000\000\000\000\000\000\000\000""; queryType: qtINDIRECT; queryDepth: 3; ","itype: liTS_CANDIDATE; ledgerHash: ""\206\345\0213[\207\344\354!\202\010\276w\257 l,\361\256%\351\364\370Px\007c\272^\330\357\010""; nodeIDs: ""\000\000\000\000\000\000\000\000\000\000\000\000\000\000\000\000\000\000\000\000\000\000\000\000\000\000\000\000\000\000\000\000\000""; queryType: qtINDIRECT; queryDepth: 3; "
1750538726141,1750538726141,3242,1,0,3,TMGetLedger,"itype: liTS_CANDIDATE; ledgerHash: ""\206\345\0213[\207\344\354!\202\010\276w\257 l,\361\256%\351\364\370Px\007c\272^\330\357\010""; nodeIDs: ""\000\000\000\000\000\000\000\000\000\000\000\000\000\000\000\000\000\000\000\000\000\000\000\000\000\000\000\000\000\000\000\000\000""; queryType: qtINDIRECT; queryDepth: 3; ","itype: liTS_CANDIDATE; ledgerHash: ""\206\345\0213[\207\344\354!\202\010\276w\257 l,\361\256%\351\364\370Px\007c\272^\330\357\010""; nodeIDs: ""\000\000\000\000\000\000\000\000\000\000\000\000\000\000\000\000\000\000\000\000\000\000\000\000\000\000\000\000\000\000\000\000\000""; queryType: qtINDIRECT; queryDepth: 3; "
1750538726141,1750538726141,2956,1,0,2,TMGetLedger,"itype: liTS_CANDIDATE; ledgerHash: ""\206\345\0213[\207\344\354!\202\010\276w\257 l,\361\256%\351\364\370Px\007c\272^\330\357\010""; nodeIDs: ""\000\000\000\000\000\000\000\000\000\000\000\000\000\000\000\000\000\000\000\000\000\000\000\000\000\000\000\000\000\000\000\000\000""; queryType: qtINDIRECT; queryDepth: 3; ","itype: liTS_CANDIDATE; ledgerHash: ""\206\345\0213[\207\344\354!\202\010\276w\257 l,\361\256%\351\364\370Px\007c\272^\330\357\010""; nodeIDs: ""\000\000\000\000\000\000\000\000\000\000\000\000\000\000\000\000\000\000\000\000\000\000\000\000\000\000\000\000\000\000\000\000\000""; queryType: qtINDIRECT; queryDepth: 3; "
1750538726141,1750538726141,1662,1,0,4,TMGetLedger,"itype: liTS_CANDIDATE; ledgerHash: ""\206\345\0213[\207\344\354!\202\010\276w\257 l,\361\256%\351\364\370Px\007c\272^\330\357\010""; nodeIDs: ""\000\000\000\000\000\000\000\000\000\000\000\000\000\000\000\000\000\000\000\000\000\000\000\000\000\000\000\000\000\000\000\000\000""; queryType: qtINDIRECT; queryDepth: 3; ","itype: liTS_CANDIDATE; ledgerHash: ""\206\345\0213[\207\344\354!\202\010\276w\257 l,\361\256%\351\364\370Px\007c\272^\330\357\010""; nodeIDs: ""\000\000\000\000\000\000\000\000\000\000\000\000\000\000\000\000\000\000\000\000\000\000\000\000\000\000\000\000\000\000\000\000\000""; queryType: qtINDIRECT; queryDepth: 3; "
1750538726211,1750538726211,1561,1,3,4,TMTransaction,"rawTransaction: ""\022\000\000""\000\000\000\000$\000\000\000\001 \033\000\000\000\027a@\000\000\027H\206*@h@\000\000\000\000\000\000\ns!\0030\347\374\235V\273%\326\211;\243\363\027\256[\3173\263)\033\326=\263&T\243\023""/\177\320 tG0E\002!\000\252\020`A\230\243\255\031\024;\023\323\nq\234 d\304\213Hy(\333e\200\270\371?\246\370\356\025\002 5sm\215M\315Y\004\270\231B\270\260F\352\335l\316\235}\244ko\243\360\272\n\360^\302\225\233\201\024\265\367by\212S\325C\240\024\312\370\262\227\317\370\362\3717\350\203\024#%\327l\301-U;\353\303\024KT\200\2052\335\037H\320""; status: tsCURRENT; receiveTimestamp: 803853926; deferred: false; ","rawTransaction: ""\022\000\000""\000\000\000\000$\000\000\000\001 \033\000\000\000\027a@\000\000\027H\206*@h@\000\000\000\000\000\000\ns!\0030\347\374\235V\273%\326\211;\243\363\027\256[\3173\263)\033\326=\263&T\243\023""/\177\320 tG0E\002!\000\252\020`A\230\243\255\031\024;\023\323\nq\234 d\304\213Hy(\333e\200\270\371?\246\370\356\025\002 5sm\215M\315Y\004\270\231B\270\260F\352\335l\316\235}\244ko\243\360\272\n\360^\302\225\233\201\024\265\367by\212S\325C\240\024\312\370\262\227\317\370\362\3717\350\203\024#%\327l\301-U;\353\303\024KT\200\2052\335\037H\320""; status: tsCURRENT; receiveTimestamp: 803853926; deferred: false; "
1750538726212,1750538726212,2014,1,3,2,TMTransaction,"rawTransaction: ""\022\000\000""\000\000\000\000$\000\000\000\001 \033\000\000\000\027a@\000\000\027H\206*@h@\000\000\000\000\000\000\ns!\0030\347\374\235V\273%\326\211;\243\363\027\256[\3173\263)\033\326=\263&T\243\023""/\177\320 tG0E\002!\000\252\020`A\230\243\255\031\024;\023\323\nq\234 d\304\213Hy(\333e\200\270\371?\246\370\356\025\002 5sm\215M\315Y\004\270\231B\270\260F\352\335l\316\235}\244ko\243\360\272\n\360^\302\225\233\201\024\265\367by\212S\325C\240\024\312\370\262\227\317\370\362\3717\350\203\024#%\327l\301-U;\353\303\024KT\200\2052\335\037H\320""; status: tsCURRENT; receiveTimestamp: 803853926; deferred: false; ","rawTransaction: ""\022\000\000""\000\000\000\000$\000\000\000\001 \033\000\000\000\027a@\000\000\027H\206*@h@\000\000\000\000\000\000\ns!\0030\347\374\235V\273%\326\211;\243\363\027\256[\3173\263)\033\326=\263&T\243\023""/\177\320 tG0E\002!\000\252\020`A\230\243\255\031\024;\023\323\nq\234 d\304\213Hy(\333e\200\270\371?\246\370\356\025\002 5sm\215M\315Y\004\270\231B\270\260F\352\335l\316\235}\244ko\243\360\272\n\360^\302\225\233\201\024\265\367by\212S\325C\240\024\312\370\262\227\317\370\362\3717\350\203\024#%\327l\301-U;\353\303\024KT\200\2052\335\037H\320""; status: tsCURRENT; receiveTimestamp: 803853926; deferred: false; "
1750538726212,1750538726213,1027,1,3,1,TMTransaction,"rawTransaction: ""\022\000\000""\000\000\000\000$\000\000\000\001 \033\000\000\000\027a@\000\000\027H\206*@h@\000\000\000\000\000\000\ns!\0030\347\374\235V\273%\326\211;\243\363\027\256[\3173\263)\033\326=\263&T\243\023""/\177\320 tG0E\002!\000\252\020`A\230\243\255\031\024;\023\323\nq\234 d\304\213Hy(\333e\200\270\371?\246\370\356\025\002 5sm\215M\315Y\004\270\231B\270\260F\352\335l\316\235}\244ko\243\360\272\n\360^\302\225\233\201\024\265\367by\212S\325C\240\024\312\370\262\227\317\370\362\3717\350\203\024#%\327l\301-U;\353\303\024KT\200\2052\335\037H\320""; status: tsCURRENT; receiveTimestamp: 803853926; deferred: false; ","rawTransaction: ""\022\000\000""\000\000\000\000$\000\000\000\001 \033\000\000\000\027a@\000\000\027H\206*@h@\000\000\000\000\000\000\ns!\0030\347\374\235V\273%\326\211;\243\363\027\256[\3173\263)\033\326=\263&T\243\023""/\177\320 tG0E\002!\000\252\020`A\230\243\255\031\024;\023\323\nq\234 d\304\213Hy(\333e\200\270\371?\246\370\356\025\002 5sm\215M\315Y\004\270\231B\270\260F\352\335l\316\235}\244ko\243\360\272\n\360^\302\225\233\201\024\265\367by\212S\325C\240\024\312\370\262\227\317\370\362\3717\350\203\024#%\327l\301-U;\353\303\024KT\200\2052\335\037H\320""; status: tsCURRENT; receiveTimestamp: 803853926; deferred: false; "
1750538726287,1750538726287,3489,1,2,4,TMValidation,"validation: """"\200\000\000\001&\000\000\000\003)/\351\326b:\232\2111\322\240\222\246\352Q\265\274\217{\006\230\301C\037\362\303\203\311@$\357\237S\021\014\376:\n$\006\316\201M\323F\035\tP\027\000\000\000\000\000\000\000\000\000\000\000\000\000\000\000\000\000\000\000\000\000\000\000\000\000\000\000\000\000\000\000\000P\031-}\351f\032\255\274\334m\326c\017\014ao[\342\230\003\245\245\3341Hm\326^\017jy\335\261s!\003\354*\213M\024\261\231C)\265\233Nk\304>g\222\037\213\224\253\332c\201 \344\373\323\332(\344kvF0D\002 N\274\223\207P4\214\003\324%\355\201\236\342\314\230\252\034\202_d8\210\323\344\361\274\211\036\356\020\241\002 <\251V}\202J\3520\301\241\350\030G\3712}\n%w4+\263\222\236y\034\032\323\304\200\215\323""; ","validation: """"\200\000\000\001&\000\000\000\003)/\351\326b:\232\2111\322\240\222\246\352Q\265\274\217{\006\230\301C\037\362\303\203\311@$\357\237S\021\014\376:\n$\006\316\201M\323F\035\tP\027\000\000\000\000\000\000\000\000\000\000\000\000\000\000\000\000\000\000\000\000\000\000\000\000\000\000\000\000\000\000\000\000P\031-}\351f\032\255\274\334m\326c\017\014ao[\342\230\003\245\245\3341Hm\326^\017jy\335\261s!\003\354*\213M\024\261\231C)\265\233Nk\304>g\222\037\213\224\253\332c\201 \344\373\323\332(\344kvF0D\002 N\274\223\207P4\214\003\324%\355\201\236\342\314\230\252\034\202_d8\210\323\344\361\274\211\036\356\020\241\002 <\251V}\202J\3520\301\241\350\030G\3712}\n%w4+\263\222\236y\034\032\323\304\200\215\323""; "
1750538726288,1750538726288,2466,1,2,3,TMValidation,"validation: """"\200\000\000\001&\000\000\000\003)/\351\326b:\232\2111\322\240\222\246\352Q\265\274\217{\006\230\301C\037\362\303\203\311@$\357\237S\021\014\376:\n$\006\316\201M\323F\035\tP\027\000\000\000\000\000\000\000\000\000\000\000\000\000\000\000\000\000\000\000\000\000\000\000\000\000\000\000\000\000\000\000\000P\031-}\351f\032\255\274\334m\326c\017\014ao[\342\230\003\245\245\3341Hm\326^\017jy\335\261s!\003\354*\213M\024\261\231C)\265\233Nk\304>g\222\037\213\224\253\332c\201 \344\373\323\332(\344kvF0D\002 N\274\223\207P4\214\003\324%\355\201\236\342\314\230\252\034\202_d8\210\323\344\361\274\211\036\356\020\241\002 <\251V}\202J\3520\301\241\350\030G\3712}\n%w4+\263\222\236y\034\032\323\304\200\215\323""; ","validation: """"\200\000\000\001&\000\000\000\003)/\351\326b:\232\2111\322\240\222\246\352Q\265\274\217{\006\230\301C\037\362\303\203\311@$\357\237S\021\014\376:\n$\006\316\201M\323F\035\tP\027\000\000\000\000\000\000\000\000\000\000\000\000\000\000\000\000\000\000\000\000\000\000\000\000\000\000\000\000\000\000\000\000P\031-}\351f\032\255\274\334m\326c\017\014ao[\342\230\003\245\245\3341Hm\326^\017jy\335\261s!\003\354*\213M\024\261\231C)\265\233Nk\304>g\222\037\213\224\253\332c\201 \344\373\323\332(\344kvF0D\002 N\274\223\207P4\214\003\324%\355\201\236\342\314\230\252\034\202_d8\210\323\344\361\274\211\036\356\020\241\002 <\251V}\202J\3520\301\241\350\030G\3712}\n%w4+\263\222\236y\034\032\323\304\200\215\323""; "
1750538726288,1750538726288,870,1,2,0,TMValidation,"validation: """"\200\000\000\001&\000\000\000\003)/\351\326b:\232\2111\322\240\222\246\352Q\265\274\217{\006\230\301C\037\362\303\203\311@$\357\237S\021\014\376:\n$\006\316\201M\323F\035\tP\027\000\000\000\000\000\000\000\000\000\000\000\000\000\000\000\000\000\000\000\000\000\000\000\000\000\000\000\000\000\000\000\000P\031-}\351f\032\255\274\334m\326c\017\014ao[\342\230\003\245\245\3341Hm\326^\017jy\335\261s!\003\354*\213M\024\261\231C)\265\233Nk\304>g\222\037\213\224\253\332c\201 \344\373\323\332(\344kvF0D\002 N\274\223\207P4\214\003\324%\355\201\236\342\314\230\252\034\202_d8\210\323\344\361\274\211\036\356\020\241\002 <\251V}\202J\3520\301\241\350\030G\3712}\n%w4+\263\222\236y\034\032\323\304\200\215\323""; ","validation: """"\200\000\000\001&\000\000\000\003)/\351\326b:\232\2111\322\240\222\246\352Q\265\274\217{\006\230\301C\037\362\303\203\311@$\357\237S\021\014\376:\n$\006\316\201M\323F\035\tP\027\000\000\000\000\000\000\000\000\000\000\000\000\000\000\000\000\000\000\000\000\000\000\000\000\000\000\000\000\000\000\000\000P\031-}\351f\032\255\274\334m\326c\017\014ao[\342\230\003\245\245\3341Hm\326^\017jy\335\261s!\003\354*\213M\024\261\231C)\265\233Nk\304>g\222\037\213\224\253\332c\201 \344\373\323\332(\344kvF0D\002 N\274\223\207P4\214\003\324%\355\201\236\342\314\230\252\034\202_d8\210\323\344\361\274\211\036\356\020\241\002 <\251V}\202J\3520\301\241\350\030G\3712}\n%w4+\263\222\236y\034\032\323\304\200\215\323""; "
1750538726328,1750538726328,3473,1,2,3,TMProposeSet,"proposeSeq: 0; currentTxHash: ""\000\000\000\000\000\000\000\000\000\000\000\000\000\000\000\000\000\000\000\000\000\000\000\000\000\000\000\000\000\000\000\000""; nodePubKey: ""\002 \026\333\362W<\375\221\252M\216[;A\212\332\001\245U\216U\016 \210\301)Q5$#\354\322""; closeTime: 803853925; signature: ""0D\002 T\2704\315\352\303W\336\265t\217V\007l\260\014\320qt\200\326l\377\202\342\003v` \334\230\303\002 \021\215\332V\327A\205\245\2627\006\354_\212$\315C\353'\225*\265\007\246\2512\357$\223\002\024\222""; previousledger: ""\265\274\217{\006\230\301C\037\362\303\203\311@$\357\237S\021\014\376:\n$\006\316\201M\323F\035\t""; ","proposeSeq: 0; currentTxHash: ""\000\000\000\000\000\000\000\000\000\000\000\000\000\000\000\000\000\000\000\000\000\000\000\000\000\000\000\000\000\000\000\000""; nodePubKey: ""\002 \026\333\362W<\375\221\252M\216[;A\212\332\001\245U\216U\016 \210\301)Q5$#\354\322""; closeTime: 803853925; signature: ""0D\002 T\2704\315\352\303W\336\265t\217V\007l\260\014\320qt\200\326l\377\202\342\003v` \334\230\303\002 \021\215\332V\327A\205\245\2627\006\354_\212$\315C\353'\225*\265\007\246\2512\357$\223\002\024\222""; previousledger: ""\265\274\217{\006\230\301C\037\362\303\203\311@$\357\237S\021\014\376:\n$\006\316\201M\323F\035\t""; "
1750538726329,1750538726329,2386,1,2,1,TMProposeSet,"proposeSeq: 0; currentTxHash: ""\000\000\000\000\000\000\000\000\000\000\000\000\000\000\000\000\000\000\000\000\000\000\000\000\000\000\000\000\000\000\000\000""; nodePubKey: ""\002 \026\333\362W<\375\221\252M\216[;A\212\332\001\245U\216U\016 \210\301)Q5$#\354\322""; closeTime: 803853925; signature: ""0D\002 T\2704\315\352\303W\336\265t\217V\007l\260\014\320qt\200\326l\377\202\342\003v` \334\230\303\002 \021\215\332V\327A\205\245\2627\006\354_\212$\315C\353'\225*\265\007\246\2512\357$\223\002\024\222""; previousledger: ""\265\274\217{\006\230\301C\037\362\303\203\311@$\357\237S\021\014\376:\n$\006\316\201M\323F\035\t""; ","proposeSeq: 0; currentTxHash: ""\000\000\000\000\000\000\000\000\000\000\000\000\000\000\000\000\000\000\000\000\000\000\000\000\000\000\000\000\000\000\000\000""; nodePubKey: ""\002 \026\333\362W<\375\221\252M\216[;A\212\332\001\245U\216U\016 \210\301)Q5$#\354\322""; closeTime: 803853925; signature: ""0D\002 T\2704\315\352\303W\336\265t\217V\007l\260\014\320qt\200\326l\377\202\342\003v` \334\230\303\002 \021\215\332V\327A\205\245\2627\006\354_\212$\315C\353'\225*\265\007\246\2512\357$\223\002\024\222""; previousledger: ""\265\274\217{\006\230\301C\037\362\303\203\311@$\357\237S\021\014\376:\n$\006\316\201M\323F\035\t""; "
1750538726329,1750538726329,2293,1,2,0,TMProposeSet,"proposeSeq: 0; currentTxHash: ""\000\000\000\000\000\000\000\000\000\000\000\000\000\000\000\000\000\000\000\000\000\000\000\000\000\000\000\000\000\000\000\000""; nodePubKey: ""\002 \026\333\362W<\375\221\252M\216[;A\212\332\001\245U\216U\016 \210\301)Q5$#\354\322""; closeTime: 803853925; signature: ""0D\002 T\2704\315\352\303W\336\265t\217V\007l\260\014\320qt\200\326l\377\202\342\003v` \334\230\303\002 \021\215\332V\327A\205\245\2627\006\354_\212$\315C\353'\225*\265\007\246\2512\357$\223\002\024\222""; previousledger: ""\265\274\217{\006\230\301C\037\362\303\203\311@$\357\237S\021\014\376:\n$\006\316\201M\323F\035\t""; ","proposeSeq: 0; currentTxHash: ""\000\000\000\000\000\000\000\000\000\000\000\000\000\000\000\000\000\000\000\000\000\000\000\000\000\000\000\000\000\000\000\000""; nodePubKey: ""\002 \026\333\362W<\375\221\252M\216[;A\212\332\001\245U\216U\016 \210\301)Q5$#\354\322""; closeTime: 803853925; signature: ""0D\002 T\2704\315\352\303W\336\265t\217V\007l\260\014\320qt\200\326l\377\202\342\003v` \334\230\303\002 \021\215\332V\327A\205\245\2627\006\354_\212$\315C\353'\225*\265\007\246\2512\357$\223\002\024\222""; previousledger: ""\265\274\217{\006\230\301C\037\362\303\203\311@$\357\237S\021\014\376:\n$\006\316\201M\323F\035\t""; "
1750538726367,1750538726367,1466,1,4,1,TMGetLedger,"itype: liTS_CANDIDATE; ledgerHash: ""\206\345\0213[\207\344\354!\202\010\276w\257 l,\361\256%\351\364\370Px\007c\272^\330\357\010""; nodeIDs: ""\000\000\000\000\000\000\000\000\000\000\000\000\000\000\000\000\000\000\000\000\000\000\000\000\000\000\000\000\000\000\000\000\000""; queryType: qtINDIRECT; queryDepth: 3; ","itype: liTS_CANDIDATE; ledgerHash: ""\206\345\0213[\207\344\354!\202\010\276w\257 l,\361\256%\351\364\370Px\007c\272^\330\357\010""; nodeIDs: ""\000\000\000\000\000\000\000\000\000\000\000\000\000\000\000\000\000\000\000\000\000\000\000\000\000\000\000\000\000\000\000\000\000""; queryType: qtINDIRECT; queryDepth: 3; "
1750538726390,1750538726390,1299,1,0,1,TMGetLedger,"itype: liTS_CANDIDATE; ledgerHash: ""\206\345\0213[\207\344\354!\202\010\276w\257 l,\361\256%\351\364\370Px\007c\272^\330\357\010""; nodeIDs: ""\000\000\000\000\000\000\000\000\000\000\000\000\000\000\000\000\000\000\000\000\000\000\000\000\000\000\000\000\000\000\000\000\000""; queryType: qtINDIRECT; queryDepth: 3; ","itype: liTS_CANDIDATE; ledgerHash: ""\206\345\0213[\207\344\354!\202\010\276w\257 l,\361\256%\351\364\370Px\007c\272^\330\357\010""; nodeIDs: ""\000\000\000\000\000\000\000\000\000\000\000\000\000\000\000\000\000\000\000\000\000\000\000\000\000\000\000\000\000\000\000\000\000""; queryType: qtINDIRECT; queryDepth: 3; "
1750538726392,1750538726392,2956,1,0,2,TMGetLedger,"itype: liTS_CANDIDATE; ledgerHash: ""\206\345\0213[\207\344\354!\202\010\276w\257 l,\361\256%\351\364\370Px\007c\272^\330\357\010""; nodeIDs: ""\000\000\000\000\000\000\000\000\000\000\000\000\000\000\000\000\000\000\000\000\000\000\000\000\000\000\000\000\000\000\000\000\000""; queryType: qtINDIRECT; queryDepth: 3; ","itype: liTS_CANDIDATE; ledgerHash: ""\206\345\0213[\207\344\354!\202\010\276w\257 l,\361\256%\351\364\370Px\007c\272^\330\357\010""; nodeIDs: ""\000\000\000\000\000\000\000\000\000\000\000\000\000\000\000\000\000\000\000\000\000\000\000\000\000\000\000\000\000\000\000\000\000""; queryType: qtINDIRECT; queryDepth: 3; "
1750538726392,1750538726392,1662,1,0,4,TMGetLedger,"itype: liTS_CANDIDATE; ledgerHash: ""\206\345\0213[\207\344\354!\202\010\276w\257 l,\361\256%\351\364\370Px\007c\272^\330\357\010""; nodeIDs: ""\000\000\000\000\000\000\000\000\000\000\000\000\000\000\000\000\000\000\000\000\000\000\000\000\000\000\000\000\000\000\000\000\000""; queryType: qtINDIRECT; queryDepth: 3; ","itype: liTS_CANDIDATE; ledgerHash: ""\206\345\0213[\207\344\354!\202\010\276w\257 l,\361\256%\351\364\370Px\007c\272^\330\357\010""; nodeIDs: ""\000\000\000\000\000\000\000\000\000\000\000\000\000\000\000\000\000\000\000\000\000\000\000\000\000\000\000\000\000\000\000\000\000""; queryType: qtINDIRECT; queryDepth: 3; "
1750538726392,1750538726392,3242,1,0,3,TMGetLedger,"itype: liTS_CANDIDATE; ledgerHash: ""\206\345\0213[\207\344\354!\202\010\276w\257 l,\361\256%\351\364\370Px\007c\272^\330\357\010""; nodeIDs: ""\000\000\000\000\000\000\000\000\000\000\000\000\000\000\000\000\000\000\000\000\000\000\000\000\000\000\000\000\000\000\000\000\000""; queryType: qtINDIRECT; queryDepth: 3; ","itype: liTS_CANDIDATE; ledgerHash: ""\206\345\0213[\207\344\354!\202\010\276w\257 l,\361\256%\351\364\370Px\007c\272^\330\357\010""; nodeIDs: ""\000\000\000\000\000\000\000\000\000\000\000\000\000\000\000\000\000\000\000\000\000\000\000\000\000\000\000\000\000\000\000\000\000""; queryType: qtINDIRECT; queryDepth: 3; "
