timestamp,timestamp_sent,action,send_amount,from_node_id,to_node_id,message_type,original_data,possibly_mutated_data
1750534046475,1750534046475,3634,1,2,4,TMStatusChange,"newEvent: neCLOSING_LEDGER; ledgerSeq: 1; ledgerHash: ""-}\351f\032\255\274\334m\326c\017\014ao[\342\230\003\245\245\3341Hm\326^\017jy\335\261""; ledgerHashPrevious: ""\000\000\000\000\000\000\000\000\000\000\000\000\000\000\000\000\000\000\000\000\000\000\000\000\000\000\000\000\000\000\000\000""; networkTime: 803849246; firstSeq: 1; lastSeq: 1; ","newEvent: neCLOSING_LEDGER; ledgerSeq: 1; ledgerHash: ""-}\351f\032\255\274\334m\326c\017\014ao[\342\230\003\245\245\3341Hm\326^\017jy\335\261""; ledgerHashPrevious: ""\000\000\000\000\000\000\000\000\000\000\000\000\000\000\000\000\000\000\000\000\000\000\000\000\000\000\000\000\000\000\000\000""; networkTime: 803849246; firstSeq: 1; lastSeq: 1; "
1750534046476,1750534046476,2653,1,2,0,TMStatusChange,"newEvent: neCLOSING_LEDGER; ledgerSeq: 1; ledgerHash: ""-}\351f\032\255\274\334m\326c\017\014ao[\342\230\003\245\245\3341Hm\326^\017jy\335\261""; ledgerHashPrevious: ""\000\000\000\000\000\000\000\000\000\000\000\000\000\000\000\000\000\000\000\000\000\000\000\000\000\000\000\000\000\000\000\000""; networkTime: 803849246; firstSeq: 1; lastSeq: 1; ","newEvent: neCLOSING_LEDGER; ledgerSeq: 1; ledgerHash: ""-}\351f\032\255\274\334m\326c\017\014ao[\342\230\003\245\245\3341Hm\326^\017jy\335\261""; ledgerHashPrevious: ""\000\000\000\000\000\000\000\000\000\000\000\000\000\000\000\000\000\000\000\000\000\000\000\000\000\000\000\000\000\000\000\000""; networkTime: 803849246; firstSeq: 1; lastSeq: 1; "
1750534046476,1750534046477,2100,1,2,3,TMStatusChange,"newEvent: neCLOSING_LEDGER; ledgerSeq: 1; ledgerHash: ""-}\351f\032\255\274\334m\326c\017\014ao[\342\230\003\245\245\3341Hm\326^\017jy\335\261""; ledgerHashPrevious: ""\000\000\000\000\000\000\000\000\000\000\000\000\000\000\000\000\000\000\000\000\000\000\000\000\000\000\000\000\000\000\000\000""; networkTime: 803849246; firstSeq: 1; lastSeq: 1; ","newEvent: neCLOSING_LEDGER; ledgerSeq: 1; ledgerHash: ""-}\351f\032\255\274\334m\326c\017\014ao[\342\230\003\245\245\3341Hm\326^\017jy\335\261""; ledgerHashPrevious: ""\000\000\000\000\000\000\000\000\000\000\000\000\000\000\000\000\000\000\000\000\000\000\000\000\000\000\000\000\000\000\000\000""; networkTime: 803849246; firstSeq: 1; lastSeq: 1; "
1750534046477,1750534046478,0,1,4,0,TMEndpoints,version: 2; ,version: 2; 
1750534046477,1750534046477,3863,1,4,0,TMStatusChange,"newEvent: neCLOSING_LEDGER; ledgerSeq: 1; ledgerHash: ""-}\351f\032\255\274\334m\326c\017\014ao[\342\230\003\245\245\3341Hm\326^\017jy\335\261""; ledgerHashPrevious: ""\000\000\000\000\000\000\000\000\000\000\000\000\000\000\000\000\000\000\000\000\000\000\000\000\000\000\000\000\000\000\000\000""; networkTime: 803849246; firstSeq: 1; lastSeq: 1; ","newEvent: neCLOSING_LEDGER; ledgerSeq: 1; ledgerHash: ""-}\351f\032\255\274\334m\326c\017\014ao[\342\230\003\245\245\3341Hm\326^\017jy\335\261""; ledgerHashPrevious: ""\000\000\000\000\000\000\000\000\000\000\000\000\000\000\000\000\000\000\000\000\000\000\000\000\000\000\000\000\000\000\000\000""; networkTime: 803849246; firstSeq: 1; lastSeq: 1; "
1750534046478,1750534046478,188,1,2,1,TMStatusChange,"newEvent: neCLOSING_LEDGER; ledgerSeq: 1; ledgerHash: ""-}\351f\032\255\274\334m\326c\017\014ao[\342\230\003\245\245\3341Hm\326^\017jy\335\261""; ledgerHashPrevious: ""\000\000\000\000\000\000\000\000\000\000\000\000\000\000\000\000\000\000\000\000\000\000\000\000\000\000\000\000\000\000\000\000""; networkTime: 803849246; firstSeq: 1; lastSeq: 1; ","newEvent: neCLOSING_LEDGER; ledgerSeq: 1; ledgerHash: ""-}\351f\032\255\274\334m\326c\017\014ao[\342\230\003\245\245\3341Hm\326^\017jy\335\261""; ledgerHashPrevious: ""\000\000\000\000\000\000\000\000\000\000\000\000\000\000\000\000\000\000\000\000\000\000\000\000\000\000\000\000\000\000\000\000""; networkTime: 803849246; firstSeq: 1; lastSeq: 1; "
1750534046590,1750534046590,412,1,3,4,TMStatusChange,"newEvent: neCLOSING_LEDGER; ledgerSeq: 1; ledgerHash: ""-}\351f\032\255\274\334m\326c\017\014ao[\342\230\003\245\245\3341Hm\326^\017jy\335\261""; ledgerHashPrevious: ""\000\000\000\000\000\000\000\000\000\000\000\000\000\000\000\000\000\000\000\000\000\000\000\000\000\000\000\000\000\000\000\000""; networkTime: 803849246; firstSeq: 1; lastSeq: 1; ","newEvent: neCLOSING_LEDGER; ledgerSeq: 1; ledgerHash: ""-}\351f\032\255\274\334m\326c\017\014ao[\342\230\003\245\245\3341Hm\326^\017jy\335\261""; ledgerHashPrevious: ""\000\000\000\000\000\000\000\000\000\000\000\000\000\000\000\000\000\000\000\000\000\000\000\000\000\000\000\000\000\000\000\000""; networkTime: 803849246; firstSeq: 1; lastSeq: 1; "
1750534046591,1750534046591,51,1,3,1,TMStatusChange,"newEvent: neCLOSING_LEDGER; ledgerSeq: 1; ledgerHash: ""-}\351f\032\255\274\334m\326c\017\014ao[\342\230\003\245\245\3341Hm\326^\017jy\335\261""; ledgerHashPrevious: ""\000\000\000\000\000\000\000\000\000\000\000\000\000\000\000\000\000\000\000\000\000\000\000\000\000\000\000\000\000\000\000\000""; networkTime: 803849246; firstSeq: 1; lastSeq: 1; ","newEvent: neCLOSING_LEDGER; ledgerSeq: 1; ledgerHash: ""-}\351f\032\255\274\334m\326c\017\014ao[\342\230\003\245\245\3341Hm\326^\017jy\335\261""; ledgerHashPrevious: ""\000\000\000\000\000\000\000\000\000\000\000\000\000\000\000\000\000\000\000\000\000\000\000\000\000\000\000\000\000\000\000\000""; networkTime: 803849246; firstSeq: 1; lastSeq: 1; "
1750534046591,1750534046591,1774,1,3,2,TMStatusChange,"newEvent: neCLOSING_LEDGER; ledgerSeq: 1; ledgerHash: ""-}\351f\032\255\274\334m\326c\017\014ao[\342\230\003\245\245\3341Hm\326^\017jy\335\261""; ledgerHashPrevious: ""\000\000\000\000\000\000\000\000\000\000\000\000\000\000\000\000\000\000\000\000\000\000\000\000\000\000\000\000\000\000\000\000""; networkTime: 803849246; firstSeq: 1; lastSeq: 1; ","newEvent: neCLOSING_LEDGER; ledgerSeq: 1; ledgerHash: ""-}\351f\032\255\274\334m\326c\017\014ao[\342\230\003\245\245\3341Hm\326^\017jy\335\261""; ledgerHashPrevious: ""\000\000\000\000\000\000\000\000\000\000\000\000\000\000\000\000\000\000\000\000\000\000\000\000\000\000\000\000\000\000\000\000""; networkTime: 803849246; firstSeq: 1; lastSeq: 1; "
1750534046591,1750534046591,1476,1,3,0,TMStatusChange,"newEvent: neCLOSING_LEDGER; ledgerSeq: 1; ledgerHash: ""-}\351f\032\255\274\334m\326c\017\014ao[\342\230\003\245\245\3341Hm\326^\017jy\335\261""; ledgerHashPrevious: ""\000\000\000\000\000\000\000\000\000\000\000\000\000\000\000\000\000\000\000\000\000\000\000\000\000\000\000\000\000\000\000\000""; networkTime: 803849246; firstSeq: 1; lastSeq: 1; ","newEvent: neCLOSING_LEDGER; ledgerSeq: 1; ledgerHash: ""-}\351f\032\255\274\334m\326c\017\014ao[\342\230\003\245\245\3341Hm\326^\017jy\335\261""; ledgerHashPrevious: ""\000\000\000\000\000\000\000\000\000\000\000\000\000\000\000\000\000\000\000\000\000\000\000\000\000\000\000\000\000\000\000\000""; networkTime: 803849246; firstSeq: 1; lastSeq: 1; "
1750534046681,1750534046682,2911,1,1,4,TMStatusChange,"newEvent: neCLOSING_LEDGER; ledgerSeq: 1; ledgerHash: ""-}\351f\032\255\274\334m\326c\017\014ao[\342\230\003\245\245\3341Hm\326^\017jy\335\261""; ledgerHashPrevious: ""\000\000\000\000\000\000\000\000\000\000\000\000\000\000\000\000\000\000\000\000\000\000\000\000\000\000\000\000\000\000\000\000""; networkTime: 803849246; firstSeq: 1; lastSeq: 1; ","newEvent: neCLOSING_LEDGER; ledgerSeq: 1; ledgerHash: ""-}\351f\032\255\274\334m\326c\017\014ao[\342\230\003\245\245\3341Hm\326^\017jy\335\261""; ledgerHashPrevious: ""\000\000\000\000\000\000\000\000\000\000\000\000\000\000\000\000\000\000\000\000\000\000\000\000\000\000\000\000\000\000\000\000""; networkTime: 803849246; firstSeq: 1; lastSeq: 1; "
1750534046682,1750534046682,3926,1,1,0,TMStatusChange,"newEvent: neCLOSING_LEDGER; ledgerSeq: 1; ledgerHash: ""-}\351f\032\255\274\334m\326c\017\014ao[\342\230\003\245\245\3341Hm\326^\017jy\335\261""; ledgerHashPrevious: ""\000\000\000\000\000\000\000\000\000\000\000\000\000\000\000\000\000\000\000\000\000\000\000\000\000\000\000\000\000\000\000\000""; networkTime: 803849246; firstSeq: 1; lastSeq: 1; ","newEvent: neCLOSING_LEDGER; ledgerSeq: 1; ledgerHash: ""-}\351f\032\255\274\334m\326c\017\014ao[\342\230\003\245\245\3341Hm\326^\017jy\335\261""; ledgerHashPrevious: ""\000\000\000\000\000\000\000\000\000\000\000\000\000\000\000\000\000\000\000\000\000\000\000\000\000\000\000\000\000\000\000\000""; networkTime: 803849246; firstSeq: 1; lastSeq: 1; "
1750534046682,1750534046682,1294,1,1,2,TMStatusChange,"newEvent: neCLOSING_LEDGER; ledgerSeq: 1; ledgerHash: ""-}\351f\032\255\274\334m\326c\017\014ao[\342\230\003\245\245\3341Hm\326^\017jy\335\261""; ledgerHashPrevious: ""\000\000\000\000\000\000\000\000\000\000\000\000\000\000\000\000\000\000\000\000\000\000\000\000\000\000\000\000\000\000\000\000""; networkTime: 803849246; firstSeq: 1; lastSeq: 1; ","newEvent: neCLOSING_LEDGER; ledgerSeq: 1; ledgerHash: ""-}\351f\032\255\274\334m\326c\017\014ao[\342\230\003\245\245\3341Hm\326^\017jy\335\261""; ledgerHashPrevious: ""\000\000\000\000\000\000\000\000\000\000\000\000\000\000\000\000\000\000\000\000\000\000\000\000\000\000\000\000\000\000\000\000""; networkTime: 803849246; firstSeq: 1; lastSeq: 1; "
1750534046682,1750534046682,1799,1,1,3,TMStatusChange,"newEvent: neCLOSING_LEDGER; ledgerSeq: 1; ledgerHash: ""-}\351f\032\255\274\334m\326c\017\014ao[\342\230\003\245\245\3341Hm\326^\017jy\335\261""; ledgerHashPrevious: ""\000\000\000\000\000\000\000\000\000\000\000\000\000\000\000\000\000\000\000\000\000\000\000\000\000\000\000\000\000\000\000\000""; networkTime: 803849246; firstSeq: 1; lastSeq: 1; ","newEvent: neCLOSING_LEDGER; ledgerSeq: 1; ledgerHash: ""-}\351f\032\255\274\334m\326c\017\014ao[\342\230\003\245\245\3341Hm\326^\017jy\335\261""; ledgerHashPrevious: ""\000\000\000\000\000\000\000\000\000\000\000\000\000\000\000\000\000\000\000\000\000\000\000\000\000\000\000\000\000\000\000\000""; networkTime: 803849246; firstSeq: 1; lastSeq: 1; "
1750534046752,1750534046752,885,1,0,3,TMStatusChange,"newEvent: neCLOSING_LEDGER; ledgerSeq: 1; ledgerHash: ""-}\351f\032\255\274\334m\326c\017\014ao[\342\230\003\245\245\3341Hm\326^\017jy\335\261""; ledgerHashPrevious: ""\000\000\000\000\000\000\000\000\000\000\000\000\000\000\000\000\000\000\000\000\000\000\000\000\000\000\000\000\000\000\000\000""; networkTime: 803849246; firstSeq: 1; lastSeq: 1; ","newEvent: neCLOSING_LEDGER; ledgerSeq: 1; ledgerHash: ""-}\351f\032\255\274\334m\326c\017\014ao[\342\230\003\245\245\3341Hm\326^\017jy\335\261""; ledgerHashPrevious: ""\000\000\000\000\000\000\000\000\000\000\000\000\000\000\000\000\000\000\000\000\000\000\000\000\000\000\000\000\000\000\000\000""; networkTime: 803849246; firstSeq: 1; lastSeq: 1; "
1750534046753,1750534046753,3074,1,0,4,TMStatusChange,"newEvent: neCLOSING_LEDGER; ledgerSeq: 1; ledgerHash: ""-}\351f\032\255\274\334m\326c\017\014ao[\342\230\003\245\245\3341Hm\326^\017jy\335\261""; ledgerHashPrevious: ""\000\000\000\000\000\000\000\000\000\000\000\000\000\000\000\000\000\000\000\000\000\000\000\000\000\000\000\000\000\000\000\000""; networkTime: 803849246; firstSeq: 1; lastSeq: 1; ","newEvent: neCLOSING_LEDGER; ledgerSeq: 1; ledgerHash: ""-}\351f\032\255\274\334m\326c\017\014ao[\342\230\003\245\245\3341Hm\326^\017jy\335\261""; ledgerHashPrevious: ""\000\000\000\000\000\000\000\000\000\000\000\000\000\000\000\000\000\000\000\000\000\000\000\000\000\000\000\000\000\000\000\000""; networkTime: 803849246; firstSeq: 1; lastSeq: 1; "
1750534046753,1750534046753,2322,1,0,2,TMStatusChange,"newEvent: neCLOSING_LEDGER; ledgerSeq: 1; ledgerHash: ""-}\351f\032\255\274\334m\326c\017\014ao[\342\230\003\245\245\3341Hm\326^\017jy\335\261""; ledgerHashPrevious: ""\000\000\000\000\000\000\000\000\000\000\000\000\000\000\000\000\000\000\000\000\000\000\000\000\000\000\000\000\000\000\000\000""; networkTime: 803849246; firstSeq: 1; lastSeq: 1; ","newEvent: neCLOSING_LEDGER; ledgerSeq: 1; ledgerHash: ""-}\351f\032\255\274\334m\326c\017\014ao[\342\230\003\245\245\3341Hm\326^\017jy\335\261""; ledgerHashPrevious: ""\000\000\000\000\000\000\000\000\000\000\000\000\000\000\000\000\000\000\000\000\000\000\000\000\000\000\000\000\000\000\000\000""; networkTime: 803849246; firstSeq: 1; lastSeq: 1; "
1750534046752,1750534046752,2478,1,0,1,TMStatusChange,"newEvent: neCLOSING_LEDGER; ledgerSeq: 1; ledgerHash: ""-}\351f\032\255\274\334m\326c\017\014ao[\342\230\003\245\245\3341Hm\326^\017jy\335\261""; ledgerHashPrevious: ""\000\000\000\000\000\000\000\000\000\000\000\000\000\000\000\000\000\000\000\000\000\000\000\000\000\000\000\000\000\000\000\000""; networkTime: 803849246; firstSeq: 1; lastSeq: 1; ","newEvent: neCLOSING_LEDGER; ledgerSeq: 1; ledgerHash: ""-}\351f\032\255\274\334m\326c\017\014ao[\342\230\003\245\245\3341Hm\326^\017jy\335\261""; ledgerHashPrevious: ""\000\000\000\000\000\000\000\000\000\000\000\000\000\000\000\000\000\000\000\000\000\000\000\000\000\000\000\000\000\000\000\000""; networkTime: 803849246; firstSeq: 1; lastSeq: 1; "
1750534061259,1750534061259,272,1,4,3,TMValidation,"validation: """"\200\000\000\000&\000\000\000\002)/\351\304-:\2127%d\216O\2029Q\375Tb0K\335\321\024\352,O(gj\245\230\256A>\305\303\246k\022Nn\260\272\033\302\024\214P\027\000\000\000\000\000\000\000\000\000\000\000\000\000\000\000\000\000\000\000\000\000\000\000\000\000\000\000\000\000\000\000\000P\031-}\351f\032\255\274\334m\326c\017\014ao[\342\230\003\245\245\3341Hm\326^\017jy\335\261s!\003\241q\201\005c\265\003\367~\267xq\264\m_\310U\235\3644\246\306\345#""\246\274'%\251)vG0E\002!\000\265\277\314\260\270\307a0\207\260\005\017\033\311\362b\304\002\215\034k\323\023\212\352Z\357\253J\276\317\375\002 %\215\007^\366\245\275E\256Y\005\310\333\007\305e}\366\353e\254\305\013\335\356\266\361\303e\000#\352""; ","validation: """"\200\000\000\000&\000\000\000\002)/\351\304-:\2127%d\216O\2029Q\375Tb0K\335\321\024\352,O(gj\245\230\256A>\305\303\246k\022Nn\260\272\033\302\024\214P\027\000\000\000\000\000\000\000\000\000\000\000\000\000\000\000\000\000\000\000\000\000\000\000\000\000\000\000\000\000\000\000\000P\031-}\351f\032\255\274\334m\326c\017\014ao[\342\230\003\245\245\3341Hm\326^\017jy\335\261s!\003\241q\201\005c\265\003\367~\267xq\264\m_\310U\235\3644\246\306\345#""\246\274'%\251)vG0E\002!\000\265\277\314\260\270\307a0\207\260\005\017\033\311\362b\304\002\215\034k\323\023\212\352Z\357\253J\276\317\375\002 %\215\007^\366\245\275E\256Y\005\310\333\007\305e}\366\353e\254\305\013\335\356\266\361\303e\000#\352""; "
1750534061259,1750534061260,2125,1,4,3,TMStatusChange,"newEvent: neACCEPTED_LEDGER; ledgerSeq: 2; ledgerHash: ""\375Tb0K\335\321\024\352,O(gj\245\230\256A>\305\303\246k\022Nn\260\272\033\302\024\214""; ledgerHashPrevious: ""-}\351f\032\255\274\334m\326c\017\014ao[\342\230\003\245\245\3341Hm\326^\017jy\335\261""; networkTime: 803849261; firstSeq: 1; lastSeq: 1; ","newEvent: neACCEPTED_LEDGER; ledgerSeq: 2; ledgerHash: ""\375Tb0K\335\321\024\352,O(gj\245\230\256A>\305\303\246k\022Nn\260\272\033\302\024\214""; ledgerHashPrevious: ""-}\351f\032\255\274\334m\326c\017\014ao[\342\230\003\245\245\3341Hm\326^\017jy\335\261""; networkTime: 803849261; firstSeq: 1; lastSeq: 1; "
1750534061261,1750534061261,3363,1,4,2,TMStatusChange,"newEvent: neACCEPTED_LEDGER; ledgerSeq: 2; ledgerHash: ""\375Tb0K\335\321\024\352,O(gj\245\230\256A>\305\303\246k\022Nn\260\272\033\302\024\214""; ledgerHashPrevious: ""-}\351f\032\255\274\334m\326c\017\014ao[\342\230\003\245\245\3341Hm\326^\017jy\335\261""; networkTime: 803849261; firstSeq: 1; lastSeq: 1; ","newEvent: neACCEPTED_LEDGER; ledgerSeq: 2; ledgerHash: ""\375Tb0K\335\321\024\352,O(gj\245\230\256A>\305\303\246k\022Nn\260\272\033\302\024\214""; ledgerHashPrevious: ""-}\351f\032\255\274\334m\326c\017\014ao[\342\230\003\245\245\3341Hm\326^\017jy\335\261""; networkTime: 803849261; firstSeq: 1; lastSeq: 1; "
1750534061260,1750534061260,235,1,4,2,TMValidation,"validation: """"\200\000\000\000&\000\000\000\002)/\351\304-:\2127%d\216O\2029Q\375Tb0K\335\321\024\352,O(gj\245\230\256A>\305\303\246k\022Nn\260\272\033\302\024\214P\027\000\000\000\000\000\000\000\000\000\000\000\000\000\000\000\000\000\000\000\000\000\000\000\000\000\000\000\000\000\000\000\000P\031-}\351f\032\255\274\334m\326c\017\014ao[\342\230\003\245\245\3341Hm\326^\017jy\335\261s!\003\241q\201\005c\265\003\367~\267xq\264\m_\310U\235\3644\246\306\345#""\246\274'%\251)vG0E\002!\000\265\277\314\260\270\307a0\207\260\005\017\033\311\362b\304\002\215\034k\323\023\212\352Z\357\253J\276\317\375\002 %\215\007^\366\245\275E\256Y\005\310\333\007\305e}\366\353e\254\305\013\335\356\266\361\303e\000#\352""; ","validation: """"\200\000\000\000&\000\000\000\002)/\351\304-:\2127%d\216O\2029Q\375Tb0K\335\321\024\352,O(gj\245\230\256A>\305\303\246k\022Nn\260\272\033\302\024\214P\027\000\000\000\000\000\000\000\000\000\000\000\000\000\000\000\000\000\000\000\000\000\000\000\000\000\000\000\000\000\000\000\000P\031-}\351f\032\255\274\334m\326c\017\014ao[\342\230\003\245\245\3341Hm\326^\017jy\335\261s!\003\241q\201\005c\265\003\367~\267xq\264\m_\310U\235\3644\246\306\345#""\246\274'%\251)vG0E\002!\000\265\277\314\260\270\307a0\207\260\005\017\033\311\362b\304\002\215\034k\323\023\212\352Z\357\253J\276\317\375\002 %\215\007^\366\245\275E\256Y\005\310\333\007\305e}\366\353e\254\305\013\335\356\266\361\303e\000#\352""; "
1750534061261,1750534061261,2659,1,4,1,TMValidation,"validation: """"\200\000\000\000&\000\000\000\002)/\351\304-:\2127%d\216O\2029Q\375Tb0K\335\321\024\352,O(gj\245\230\256A>\305\303\246k\022Nn\260\272\033\302\024\214P\027\000\000\000\000\000\000\000\000\000\000\000\000\000\000\000\000\000\000\000\000\000\000\000\000\000\000\000\000\000\000\000\000P\031-}\351f\032\255\274\334m\326c\017\014ao[\342\230\003\245\245\3341Hm\326^\017jy\335\261s!\003\241q\201\005c\265\003\367~\267xq\264\m_\310U\235\3644\246\306\345#""\246\274'%\251)vG0E\002!\000\265\277\314\260\270\307a0\207\260\005\017\033\311\362b\304\002\215\034k\323\023\212\352Z\357\253J\276\317\375\002 %\215\007^\366\245\275E\256Y\005\310\333\007\305e}\366\353e\254\305\013\335\356\266\361\303e\000#\352""; ","validation: """"\200\000\000\000&\000\000\000\002)/\351\304-:\2127%d\216O\2029Q\375Tb0K\335\321\024\352,O(gj\245\230\256A>\305\303\246k\022Nn\260\272\033\302\024\214P\027\000\000\000\000\000\000\000\000\000\000\000\000\000\000\000\000\000\000\000\000\000\000\000\000\000\000\000\000\000\000\000\000P\031-}\351f\032\255\274\334m\326c\017\014ao[\342\230\003\245\245\3341Hm\326^\017jy\335\261s!\003\241q\201\005c\265\003\367~\267xq\264\m_\310U\235\3644\246\306\345#""\246\274'%\251)vG0E\002!\000\265\277\314\260\270\307a0\207\260\005\017\033\311\362b\304\002\215\034k\323\023\212\352Z\357\253J\276\317\375\002 %\215\007^\366\245\275E\256Y\005\310\333\007\305e}\366\353e\254\305\013\335\356\266\361\303e\000#\352""; "
1750534061262,1750534061262,2943,1,4,1,TMStatusChange,"newEvent: neACCEPTED_LEDGER; ledgerSeq: 2; ledgerHash: ""\375Tb0K\335\321\024\352,O(gj\245\230\256A>\305\303\246k\022Nn\260\272\033\302\024\214""; ledgerHashPrevious: ""-}\351f\032\255\274\334m\326c\017\014ao[\342\230\003\245\245\3341Hm\326^\017jy\335\261""; networkTime: 803849261; firstSeq: 1; lastSeq: 1; ","newEvent: neACCEPTED_LEDGER; ledgerSeq: 2; ledgerHash: ""\375Tb0K\335\321\024\352,O(gj\245\230\256A>\305\303\246k\022Nn\260\272\033\302\024\214""; ledgerHashPrevious: ""-}\351f\032\255\274\334m\326c\017\014ao[\342\230\003\245\245\3341Hm\326^\017jy\335\261""; networkTime: 803849261; firstSeq: 1; lastSeq: 1; "
1750534061262,1750534061262,2854,1,4,0,TMValidation,"validation: """"\200\000\000\000&\000\000\000\002)/\351\304-:\2127%d\216O\2029Q\375Tb0K\335\321\024\352,O(gj\245\230\256A>\305\303\246k\022Nn\260\272\033\302\024\214P\027\000\000\000\000\000\000\000\000\000\000\000\000\000\000\000\000\000\000\000\000\000\000\000\000\000\000\000\000\000\000\000\000P\031-}\351f\032\255\274\334m\326c\017\014ao[\342\230\003\245\245\3341Hm\326^\017jy\335\261s!\003\241q\201\005c\265\003\367~\267xq\264\m_\310U\235\3644\246\306\345#""\246\274'%\251)vG0E\002!\000\265\277\314\260\270\307a0\207\260\005\017\033\311\362b\304\002\215\034k\323\023\212\352Z\357\253J\276\317\375\002 %\215\007^\366\245\275E\256Y\005\310\333\007\305e}\366\353e\254\305\013\335\356\266\361\303e\000#\352""; ","validation: """"\200\000\000\000&\000\000\000\002)/\351\304-:\2127%d\216O\2029Q\375Tb0K\335\321\024\352,O(gj\245\230\256A>\305\303\246k\022Nn\260\272\033\302\024\214P\027\000\000\000\000\000\000\000\000\000\000\000\000\000\000\000\000\000\000\000\000\000\000\000\000\000\000\000\000\000\000\000\000P\031-}\351f\032\255\274\334m\326c\017\014ao[\342\230\003\245\245\3341Hm\326^\017jy\335\261s!\003\241q\201\005c\265\003\367~\267xq\264\m_\310U\235\3644\246\306\345#""\246\274'%\251)vG0E\002!\000\265\277\314\260\270\307a0\207\260\005\017\033\311\362b\304\002\215\034k\323\023\212\352Z\357\253J\276\317\375\002 %\215\007^\366\245\275E\256Y\005\310\333\007\305e}\366\353e\254\305\013\335\356\266\361\303e\000#\352""; "
1750534061263,1750534061263,3863,1,4,0,TMStatusChange,"newEvent: neACCEPTED_LEDGER; ledgerSeq: 2; ledgerHash: ""\375Tb0K\335\321\024\352,O(gj\245\230\256A>\305\303\246k\022Nn\260\272\033\302\024\214""; ledgerHashPrevious: ""-}\351f\032\255\274\334m\326c\017\014ao[\342\230\003\245\245\3341Hm\326^\017jy\335\261""; networkTime: 803849261; firstSeq: 1; lastSeq: 1; ","newEvent: neACCEPTED_LEDGER; ledgerSeq: 2; ledgerHash: ""\375Tb0K\335\321\024\352,O(gj\245\230\256A>\305\303\246k\022Nn\260\272\033\302\024\214""; ledgerHashPrevious: ""-}\351f\032\255\274\334m\326c\017\014ao[\342\230\003\245\245\3341Hm\326^\017jy\335\261""; networkTime: 803849261; firstSeq: 1; lastSeq: 1; "
1750534061390,1750534061390,2064,1,2,4,TMValidation,"validation: """"\200\000\000\000&\000\000\000\002)/\351\304-:o\206g1\341\2401\207Q\375Tb0K\335\321\024\352,O(gj\245\230\256A>\305\303\246k\022Nn\260\272\033\302\024\214P\027\000\000\000\000\000\000\000\000\000\000\000\000\000\000\000\000\000\000\000\000\000\000\000\000\000\000\000\000\000\000\000\000P\031-}\351f\032\255\274\334m\326c\017\014ao[\342\230\003\245\245\3341Hm\326^\017jy\335\261s!\002\031\356p7g\301C\213'\252;p\007\211\345G\223\330\261\277\313\310Pm\016p|\376\310\342\020\261vF0D\002 #\217\262-e\252x@|\2753\362\344\236kLu`:f\306\205X:Sl\016\272\246\020\360{\002 \032\177a4\013\276\335I\361\0070=\nT{\364\353\351\251$\351{E\252C\213\371#d\000\363\236""; ","validation: """"\200\000\000\000&\000\000\000\002)/\351\304-:o\206g1\341\2401\207Q\375Tb0K\335\321\024\352,O(gj\245\230\256A>\305\303\246k\022Nn\260\272\033\302\024\214P\027\000\000\000\000\000\000\000\000\000\000\000\000\000\000\000\000\000\000\000\000\000\000\000\000\000\000\000\000\000\000\000\000P\031-}\351f\032\255\274\334m\326c\017\014ao[\342\230\003\245\245\3341Hm\326^\017jy\335\261s!\002\031\356p7g\301C\213'\252;p\007\211\345G\223\330\261\277\313\310Pm\016p|\376\310\342\020\261vF0D\002 #\217\262-e\252x@|\2753\362\344\236kLu`:f\306\205X:Sl\016\272\246\020\360{\002 \032\177a4\013\276\335I\361\0070=\nT{\364\353\351\251$\351{E\252C\213\371#d\000\363\236""; "
1750534061390,1750534061390,2970,1,2,3,TMValidation,"validation: """"\200\000\000\000&\000\000\000\002)/\351\304-:o\206g1\341\2401\207Q\375Tb0K\335\321\024\352,O(gj\245\230\256A>\305\303\246k\022Nn\260\272\033\302\024\214P\027\000\000\000\000\000\000\000\000\000\000\000\000\000\000\000\000\000\000\000\000\000\000\000\000\000\000\000\000\000\000\000\000P\031-}\351f\032\255\274\334m\326c\017\014ao[\342\230\003\245\245\3341Hm\326^\017jy\335\261s!\002\031\356p7g\301C\213'\252;p\007\211\345G\223\330\261\277\313\310Pm\016p|\376\310\342\020\261vF0D\002 #\217\262-e\252x@|\2753\362\344\236kLu`:f\306\205X:Sl\016\272\246\020\360{\002 \032\177a4\013\276\335I\361\0070=\nT{\364\353\351\251$\351{E\252C\213\371#d\000\363\236""; ","validation: """"\200\000\000\000&\000\000\000\002)/\351\304-:o\206g1\341\2401\207Q\375Tb0K\335\321\024\352,O(gj\245\230\256A>\305\303\246k\022Nn\260\272\033\302\024\214P\027\000\000\000\000\000\000\000\000\000\000\000\000\000\000\000\000\000\000\000\000\000\000\000\000\000\000\000\000\000\000\000\000P\031-}\351f\032\255\274\334m\326c\017\014ao[\342\230\003\245\245\3341Hm\326^\017jy\335\261s!\002\031\356p7g\301C\213'\252;p\007\211\345G\223\330\261\277\313\310Pm\016p|\376\310\342\020\261vF0D\002 #\217\262-e\252x@|\2753\362\344\236kLu`:f\306\205X:Sl\016\272\246\020\360{\002 \032\177a4\013\276\335I\361\0070=\nT{\364\353\351\251$\351{E\252C\213\371#d\000\363\236""; "
1750534061391,1750534061391,3634,1,2,4,TMStatusChange,"newEvent: neACCEPTED_LEDGER; ledgerSeq: 2; ledgerHash: ""\375Tb0K\335\321\024\352,O(gj\245\230\256A>\305\303\246k\022Nn\260\272\033\302\024\214""; ledgerHashPrevious: ""-}\351f\032\255\274\334m\326c\017\014ao[\342\230\003\245\245\3341Hm\326^\017jy\335\261""; networkTime: 803849261; firstSeq: 1; lastSeq: 1; ","newEvent: neACCEPTED_LEDGER; ledgerSeq: 2; ledgerHash: ""\375Tb0K\335\321\024\352,O(gj\245\230\256A>\305\303\246k\022Nn\260\272\033\302\024\214""; ledgerHashPrevious: ""-}\351f\032\255\274\334m\326c\017\014ao[\342\230\003\245\245\3341Hm\326^\017jy\335\261""; networkTime: 803849261; firstSeq: 1; lastSeq: 1; "
1750534061391,1750534061391,2100,1,2,3,TMStatusChange,"newEvent: neACCEPTED_LEDGER; ledgerSeq: 2; ledgerHash: ""\375Tb0K\335\321\024\352,O(gj\245\230\256A>\305\303\246k\022Nn\260\272\033\302\024\214""; ledgerHashPrevious: ""-}\351f\032\255\274\334m\326c\017\014ao[\342\230\003\245\245\3341Hm\326^\017jy\335\261""; networkTime: 803849261; firstSeq: 1; lastSeq: 1; ","newEvent: neACCEPTED_LEDGER; ledgerSeq: 2; ledgerHash: ""\375Tb0K\335\321\024\352,O(gj\245\230\256A>\305\303\246k\022Nn\260\272\033\302\024\214""; ledgerHashPrevious: ""-}\351f\032\255\274\334m\326c\017\014ao[\342\230\003\245\245\3341Hm\326^\017jy\335\261""; networkTime: 803849261; firstSeq: 1; lastSeq: 1; "
1750534061391,1750534061391,2653,1,2,0,TMStatusChange,"newEvent: neACCEPTED_LEDGER; ledgerSeq: 2; ledgerHash: ""\375Tb0K\335\321\024\352,O(gj\245\230\256A>\305\303\246k\022Nn\260\272\033\302\024\214""; ledgerHashPrevious: ""-}\351f\032\255\274\334m\326c\017\014ao[\342\230\003\245\245\3341Hm\326^\017jy\335\261""; networkTime: 803849261; firstSeq: 1; lastSeq: 1; ","newEvent: neACCEPTED_LEDGER; ledgerSeq: 2; ledgerHash: ""\375Tb0K\335\321\024\352,O(gj\245\230\256A>\305\303\246k\022Nn\260\272\033\302\024\214""; ledgerHashPrevious: ""-}\351f\032\255\274\334m\326c\017\014ao[\342\230\003\245\245\3341Hm\326^\017jy\335\261""; networkTime: 803849261; firstSeq: 1; lastSeq: 1; "
1750534061392,1750534061392,188,1,2,1,TMStatusChange,"newEvent: neACCEPTED_LEDGER; ledgerSeq: 2; ledgerHash: ""\375Tb0K\335\321\024\352,O(gj\245\230\256A>\305\303\246k\022Nn\260\272\033\302\024\214""; ledgerHashPrevious: ""-}\351f\032\255\274\334m\326c\017\014ao[\342\230\003\245\245\3341Hm\326^\017jy\335\261""; networkTime: 803849261; firstSeq: 1; lastSeq: 1; ","newEvent: neACCEPTED_LEDGER; ledgerSeq: 2; ledgerHash: ""\375Tb0K\335\321\024\352,O(gj\245\230\256A>\305\303\246k\022Nn\260\272\033\302\024\214""; ledgerHashPrevious: ""-}\351f\032\255\274\334m\326c\017\014ao[\342\230\003\245\245\3341Hm\326^\017jy\335\261""; networkTime: 803849261; firstSeq: 1; lastSeq: 1; "
1750534061392,1750534061392,1391,1,2,1,TMValidation,"validation: """"\200\000\000\000&\000\000\000\002)/\351\304-:o\206g1\341\2401\207Q\375Tb0K\335\321\024\352,O(gj\245\230\256A>\305\303\246k\022Nn\260\272\033\302\024\214P\027\000\000\000\000\000\000\000\000\000\000\000\000\000\000\000\000\000\000\000\000\000\000\000\000\000\000\000\000\000\000\000\000P\031-}\351f\032\255\274\334m\326c\017\014ao[\342\230\003\245\245\3341Hm\326^\017jy\335\261s!\002\031\356p7g\301C\213'\252;p\007\211\345G\223\330\261\277\313\310Pm\016p|\376\310\342\020\261vF0D\002 #\217\262-e\252x@|\2753\362\344\236kLu`:f\306\205X:Sl\016\272\246\020\360{\002 \032\177a4\013\276\335I\361\0070=\nT{\364\353\351\251$\351{E\252C\213\371#d\000\363\236""; ","validation: """"\200\000\000\000&\000\000\000\002)/\351\304-:o\206g1\341\2401\207Q\375Tb0K\335\321\024\352,O(gj\245\230\256A>\305\303\246k\022Nn\260\272\033\302\024\214P\027\000\000\000\000\000\000\000\000\000\000\000\000\000\000\000\000\000\000\000\000\000\000\000\000\000\000\000\000\000\000\000\000P\031-}\351f\032\255\274\334m\326c\017\014ao[\342\230\003\245\245\3341Hm\326^\017jy\335\261s!\002\031\356p7g\301C\213'\252;p\007\211\345G\223\330\261\277\313\310Pm\016p|\376\310\342\020\261vF0D\002 #\217\262-e\252x@|\2753\362\344\236kLu`:f\306\205X:Sl\016\272\246\020\360{\002 \032\177a4\013\276\335I\361\0070=\nT{\364\353\351\251$\351{E\252C\213\371#d\000\363\236""; "
1750534061392,1750534061392,565,1,2,0,TMValidation,"validation: """"\200\000\000\000&\000\000\000\002)/\351\304-:o\206g1\341\2401\207Q\375Tb0K\335\321\024\352,O(gj\245\230\256A>\305\303\246k\022Nn\260\272\033\302\024\214P\027\000\000\000\000\000\000\000\000\000\000\000\000\000\000\000\000\000\000\000\000\000\000\000\000\000\000\000\000\000\000\000\000P\031-}\351f\032\255\274\334m\326c\017\014ao[\342\230\003\245\245\3341Hm\326^\017jy\335\261s!\002\031\356p7g\301C\213'\252;p\007\211\345G\223\330\261\277\313\310Pm\016p|\376\310\342\020\261vF0D\002 #\217\262-e\252x@|\2753\362\344\236kLu`:f\306\205X:Sl\016\272\246\020\360{\002 \032\177a4\013\276\335I\361\0070=\nT{\364\353\351\251$\351{E\252C\213\371#d\000\363\236""; ","validation: """"\200\000\000\000&\000\000\000\002)/\351\304-:o\206g1\341\2401\207Q\375Tb0K\335\321\024\352,O(gj\245\230\256A>\305\303\246k\022Nn\260\272\033\302\024\214P\027\000\000\000\000\000\000\000\000\000\000\000\000\000\000\000\000\000\000\000\000\000\000\000\000\000\000\000\000\000\000\000\000P\031-}\351f\032\255\274\334m\326c\017\014ao[\342\230\003\245\245\3341Hm\326^\017jy\335\261s!\002\031\356p7g\301C\213'\252;p\007\211\345G\223\330\261\277\313\310Pm\016p|\376\310\342\020\261vF0D\002 #\217\262-e\252x@|\2753\362\344\236kLu`:f\306\205X:Sl\016\272\246\020\360{\002 \032\177a4\013\276\335I\361\0070=\nT{\364\353\351\251$\351{E\252C\213\371#d\000\363\236""; "
1750534061498,1750534061498,2970,1,2,3,TMValidation,"validation: """"\200\000\000\000&\000\000\000\002)/\351\304-:\2127%d\216O\2029Q\375Tb0K\335\321\024\352,O(gj\245\230\256A>\305\303\246k\022Nn\260\272\033\302\024\214P\027\000\000\000\000\000\000\000\000\000\000\000\000\000\000\000\000\000\000\000\000\000\000\000\000\000\000\000\000\000\000\000\000P\031-}\351f\032\255\274\334m\326c\017\014ao[\342\230\003\245\245\3341Hm\326^\017jy\335\261s!\003\241q\201\005c\265\003\367~\267xq\264\m_\310U\235\3644\246\306\345#""\246\274'%\251)vG0E\002!\000\265\277\314\260\270\307a0\207\260\005\017\033\311\362b\304\002\215\034k\323\023\212\352Z\357\253J\276\317\375\002 %\215\007^\366\245\275E\256Y\005\310\333\007\305e}\366\353e\254\305\013\335\356\266\361\303e\000#\352""; ","validation: """"\200\000\000\000&\000\000\000\002)/\351\304-:\2127%d\216O\2029Q\375Tb0K\335\321\024\352,O(gj\245\230\256A>\305\303\246k\022Nn\260\272\033\302\024\214P\027\000\000\000\000\000\000\000\000\000\000\000\000\000\000\000\000\000\000\000\000\000\000\000\000\000\000\000\000\000\000\000\000P\031-}\351f\032\255\274\334m\326c\017\014ao[\342\230\003\245\245\3341Hm\326^\017jy\335\261s!\003\241q\201\005c\265\003\367~\267xq\264\m_\310U\235\3644\246\306\345#""\246\274'%\251)vG0E\002!\000\265\277\314\260\270\307a0\207\260\005\017\033\311\362b\304\002\215\034k\323\023\212\352Z\357\253J\276\317\375\002 %\215\007^\366\245\275E\256Y\005\310\333\007\305e}\366\353e\254\305\013\335\356\266\361\303e\000#\352""; "
1750534061498,1750534061498,565,1,2,0,TMValidation,"validation: """"\200\000\000\000&\000\000\000\002)/\351\304-:\2127%d\216O\2029Q\375Tb0K\335\321\024\352,O(gj\245\230\256A>\305\303\246k\022Nn\260\272\033\302\024\214P\027\000\000\000\000\000\000\000\000\000\000\000\000\000\000\000\000\000\000\000\000\000\000\000\000\000\000\000\000\000\000\000\000P\031-}\351f\032\255\274\334m\326c\017\014ao[\342\230\003\245\245\3341Hm\326^\017jy\335\261s!\003\241q\201\005c\265\003\367~\267xq\264\m_\310U\235\3644\246\306\345#""\246\274'%\251)vG0E\002!\000\265\277\314\260\270\307a0\207\260\005\017\033\311\362b\304\002\215\034k\323\023\212\352Z\357\253J\276\317\375\002 %\215\007^\366\245\275E\256Y\005\310\333\007\305e}\366\353e\254\305\013\335\356\266\361\303e\000#\352""; ","validation: """"\200\000\000\000&\000\000\000\002)/\351\304-:\2127%d\216O\2029Q\375Tb0K\335\321\024\352,O(gj\245\230\256A>\305\303\246k\022Nn\260\272\033\302\024\214P\027\000\000\000\000\000\000\000\000\000\000\000\000\000\000\000\000\000\000\000\000\000\000\000\000\000\000\000\000\000\000\000\000P\031-}\351f\032\255\274\334m\326c\017\014ao[\342\230\003\245\245\3341Hm\326^\017jy\335\261s!\003\241q\201\005c\265\003\367~\267xq\264\m_\310U\235\3644\246\306\345#""\246\274'%\251)vG0E\002!\000\265\277\314\260\270\307a0\207\260\005\017\033\311\362b\304\002\215\034k\323\023\212\352Z\357\253J\276\317\375\002 %\215\007^\366\245\275E\256Y\005\310\333\007\305e}\366\353e\254\305\013\335\356\266\361\303e\000#\352""; "
1750534061498,1750534061498,1391,1,2,1,TMValidation,"validation: """"\200\000\000\000&\000\000\000\002)/\351\304-:\2127%d\216O\2029Q\375Tb0K\335\321\024\352,O(gj\245\230\256A>\305\303\246k\022Nn\260\272\033\302\024\214P\027\000\000\000\000\000\000\000\000\000\000\000\000\000\000\000\000\000\000\000\000\000\000\000\000\000\000\000\000\000\000\000\000P\031-}\351f\032\255\274\334m\326c\017\014ao[\342\230\003\245\245\3341Hm\326^\017jy\335\261s!\003\241q\201\005c\265\003\367~\267xq\264\m_\310U\235\3644\246\306\345#""\246\274'%\251)vG0E\002!\000\265\277\314\260\270\307a0\207\260\005\017\033\311\362b\304\002\215\034k\323\023\212\352Z\357\253J\276\317\375\002 %\215\007^\366\245\275E\256Y\005\310\333\007\305e}\366\353e\254\305\013\335\356\266\361\303e\000#\352""; ","validation: """"\200\000\000\000&\000\000\000\002)/\351\304-:\2127%d\216O\2029Q\375Tb0K\335\321\024\352,O(gj\245\230\256A>\305\303\246k\022Nn\260\272\033\302\024\214P\027\000\000\000\000\000\000\000\000\000\000\000\000\000\000\000\000\000\000\000\000\000\000\000\000\000\000\000\000\000\000\000\000P\031-}\351f\032\255\274\334m\326c\017\014ao[\342\230\003\245\245\3341Hm\326^\017jy\335\261s!\003\241q\201\005c\265\003\367~\267xq\264\m_\310U\235\3644\246\306\345#""\246\274'%\251)vG0E\002!\000\265\277\314\260\270\307a0\207\260\005\017\033\311\362b\304\002\215\034k\323\023\212\352Z\357\253J\276\317\375\002 %\215\007^\366\245\275E\256Y\005\310\333\007\305e}\366\353e\254\305\013\335\356\266\361\303e\000#\352""; "
1750534061533,1750534061533,2007,1,3,2,TMGetLedger,"itype: liBASE; ledgerHash: ""\375Tb0K\335\321\024\352,O(gj\245\230\256A>\305\303\246k\022Nn\260\272\033\302\024\214""; ","itype: liBASE; ledgerHash: ""\375Tb0K\335\321\024\352,O(gj\245\230\256A>\305\303\246k\022Nn\260\272\033\302\024\214""; "
1750534061533,1750534061533,410,1,3,4,TMGetLedger,"itype: liBASE; ledgerHash: ""\375Tb0K\335\321\024\352,O(gj\245\230\256A>\305\303\246k\022Nn\260\272\033\302\024\214""; ","itype: liBASE; ledgerHash: ""\375Tb0K\335\321\024\352,O(gj\245\230\256A>\305\303\246k\022Nn\260\272\033\302\024\214""; "
1750534061533,1750534061534,2019,1,3,1,TMValidation,"validation: """"\200\000\000\000&\000\000\000\002)/\351\304-:\2127%d\216O\2029Q\375Tb0K\335\321\024\352,O(gj\245\230\256A>\305\303\246k\022Nn\260\272\033\302\024\214P\027\000\000\000\000\000\000\000\000\000\000\000\000\000\000\000\000\000\000\000\000\000\000\000\000\000\000\000\000\000\000\000\000P\031-}\351f\032\255\274\334m\326c\017\014ao[\342\230\003\245\245\3341Hm\326^\017jy\335\261s!\003\241q\201\005c\265\003\367~\267xq\264\m_\310U\235\3644\246\306\345#""\246\274'%\251)vG0E\002!\000\265\277\314\260\270\307a0\207\260\005\017\033\311\362b\304\002\215\034k\323\023\212\352Z\357\253J\276\317\375\002 %\215\007^\366\245\275E\256Y\005\310\333\007\305e}\366\353e\254\305\013\335\356\266\361\303e\000#\352""; ","validation: """"\200\000\000\000&\000\000\000\002)/\351\304-:\2127%d\216O\2029Q\375Tb0K\335\321\024\352,O(gj\245\230\256A>\305\303\246k\022Nn\260\272\033\302\024\214P\027\000\000\000\000\000\000\000\000\000\000\000\000\000\000\000\000\000\000\000\000\000\000\000\000\000\000\000\000\000\000\000\000P\031-}\351f\032\255\274\334m\326c\017\014ao[\342\230\003\245\245\3341Hm\326^\017jy\335\261s!\003\241q\201\005c\265\003\367~\267xq\264\m_\310U\235\3644\246\306\345#""\246\274'%\251)vG0E\002!\000\265\277\314\260\270\307a0\207\260\005\017\033\311\362b\304\002\215\034k\323\023\212\352Z\357\253J\276\317\375\002 %\215\007^\366\245\275E\256Y\005\310\333\007\305e}\366\353e\254\305\013\335\356\266\361\303e\000#\352""; "
1750534061534,1750534061534,3709,1,3,2,TMValidation,"validation: """"\200\000\000\000&\000\000\000\002)/\351\304-:\2127%d\216O\2029Q\375Tb0K\335\321\024\352,O(gj\245\230\256A>\305\303\246k\022Nn\260\272\033\302\024\214P\027\000\000\000\000\000\000\000\000\000\000\000\000\000\000\000\000\000\000\000\000\000\000\000\000\000\000\000\000\000\000\000\000P\031-}\351f\032\255\274\334m\326c\017\014ao[\342\230\003\245\245\3341Hm\326^\017jy\335\261s!\003\241q\201\005c\265\003\367~\267xq\264\m_\310U\235\3644\246\306\345#""\246\274'%\251)vG0E\002!\000\265\277\314\260\270\307a0\207\260\005\017\033\311\362b\304\002\215\034k\323\023\212\352Z\357\253J\276\317\375\002 %\215\007^\366\245\275E\256Y\005\310\333\007\305e}\366\353e\254\305\013\335\356\266\361\303e\000#\352""; ","validation: """"\200\000\000\000&\000\000\000\002)/\351\304-:\2127%d\216O\2029Q\375Tb0K\335\321\024\352,O(gj\245\230\256A>\305\303\246k\022Nn\260\272\033\302\024\214P\027\000\000\000\000\000\000\000\000\000\000\000\000\000\000\000\000\000\000\000\000\000\000\000\000\000\000\000\000\000\000\000\000P\031-}\351f\032\255\274\334m\326c\017\014ao[\342\230\003\245\245\3341Hm\326^\017jy\335\261s!\003\241q\201\005c\265\003\367~\267xq\264\m_\310U\235\3644\246\306\345#""\246\274'%\251)vG0E\002!\000\265\277\314\260\270\307a0\207\260\005\017\033\311\362b\304\002\215\034k\323\023\212\352Z\357\253J\276\317\375\002 %\215\007^\366\245\275E\256Y\005\310\333\007\305e}\366\353e\254\305\013\335\356\266\361\303e\000#\352""; "
1750534061534,1750534061534,3593,1,3,1,TMGetLedger,"itype: liBASE; ledgerHash: ""\375Tb0K\335\321\024\352,O(gj\245\230\256A>\305\303\246k\022Nn\260\272\033\302\024\214""; ","itype: liBASE; ledgerHash: ""\375Tb0K\335\321\024\352,O(gj\245\230\256A>\305\303\246k\022Nn\260\272\033\302\024\214""; "
1750534061535,1750534061535,2058,1,3,0,TMValidation,"validation: """"\200\000\000\000&\000\000\000\002)/\351\304-:\2127%d\216O\2029Q\375Tb0K\335\321\024\352,O(gj\245\230\256A>\305\303\246k\022Nn\260\272\033\302\024\214P\027\000\000\000\000\000\000\000\000\000\000\000\000\000\000\000\000\000\000\000\000\000\000\000\000\000\000\000\000\000\000\000\000P\031-}\351f\032\255\274\334m\326c\017\014ao[\342\230\003\245\245\3341Hm\326^\017jy\335\261s!\003\241q\201\005c\265\003\367~\267xq\264\m_\310U\235\3644\246\306\345#""\246\274'%\251)vG0E\002!\000\265\277\314\260\270\307a0\207\260\005\017\033\311\362b\304\002\215\034k\323\023\212\352Z\357\253J\276\317\375\002 %\215\007^\366\245\275E\256Y\005\310\333\007\305e}\366\353e\254\305\013\335\356\266\361\303e\000#\352""; ","validation: """"\200\000\000\000&\000\000\000\002)/\351\304-:\2127%d\216O\2029Q\375Tb0K\335\321\024\352,O(gj\245\230\256A>\305\303\246k\022Nn\260\272\033\302\024\214P\027\000\000\000\000\000\000\000\000\000\000\000\000\000\000\000\000\000\000\000\000\000\000\000\000\000\000\000\000\000\000\000\000P\031-}\351f\032\255\274\334m\326c\017\014ao[\342\230\003\245\245\3341Hm\326^\017jy\335\261s!\003\241q\201\005c\265\003\367~\267xq\264\m_\310U\235\3644\246\306\345#""\246\274'%\251)vG0E\002!\000\265\277\314\260\270\307a0\207\260\005\017\033\311\362b\304\002\215\034k\323\023\212\352Z\357\253J\276\317\375\002 %\215\007^\366\245\275E\256Y\005\310\333\007\305e}\366\353e\254\305\013\335\356\266\361\303e\000#\352""; "
1750534061535,1750534061535,154,1,3,0,TMGetLedger,"itype: liBASE; ledgerHash: ""\375Tb0K\335\321\024\352,O(gj\245\230\256A>\305\303\246k\022Nn\260\272\033\302\024\214""; ","itype: liBASE; ledgerHash: ""\375Tb0K\335\321\024\352,O(gj\245\230\256A>\305\303\246k\022Nn\260\272\033\302\024\214""; "
1750534061535,1750534061535,3593,1,3,1,TMGetLedger,"itype: liBASE; ledgerHash: ""\375Tb0K\335\321\024\352,O(gj\245\230\256A>\305\303\246k\022Nn\260\272\033\302\024\214""; queryType: qtINDIRECT; ","itype: liBASE; ledgerHash: ""\375Tb0K\335\321\024\352,O(gj\245\230\256A>\305\303\246k\022Nn\260\272\033\302\024\214""; queryType: qtINDIRECT; "
1750534061536,1750534061536,154,1,3,0,TMGetLedger,"itype: liBASE; ledgerHash: ""\375Tb0K\335\321\024\352,O(gj\245\230\256A>\305\303\246k\022Nn\260\272\033\302\024\214""; queryType: qtINDIRECT; ","itype: liBASE; ledgerHash: ""\375Tb0K\335\321\024\352,O(gj\245\230\256A>\305\303\246k\022Nn\260\272\033\302\024\214""; queryType: qtINDIRECT; "
1750534061537,1750534061537,2007,1,3,2,TMGetLedger,"itype: liBASE; ledgerHash: ""\375Tb0K\335\321\024\352,O(gj\245\230\256A>\305\303\246k\022Nn\260\272\033\302\024\214""; queryType: qtINDIRECT; ","itype: liBASE; ledgerHash: ""\375Tb0K\335\321\024\352,O(gj\245\230\256A>\305\303\246k\022Nn\260\272\033\302\024\214""; queryType: qtINDIRECT; "
1750534061537,1750534061537,410,1,3,4,TMGetLedger,"itype: liBASE; ledgerHash: ""\375Tb0K\335\321\024\352,O(gj\245\230\256A>\305\303\246k\022Nn\260\272\033\302\024\214""; queryType: qtINDIRECT; ","itype: liBASE; ledgerHash: ""\375Tb0K\335\321\024\352,O(gj\245\230\256A>\305\303\246k\022Nn\260\272\033\302\024\214""; queryType: qtINDIRECT; "
1750534061600,1750534061600,3677,1,3,4,TMValidation,"validation: """"\200\000\000\000&\000\000\000\002)/\351\304-:\362\035\024\354\227\211\220\341Q\375Tb0K\335\321\024\352,O(gj\245\230\256A>\305\303\246k\022Nn\260\272\033\302\024\214P\027\000\000\000\000\000\000\000\000\000\000\000\000\000\000\000\000\000\000\000\000\000\000\000\000\000\000\000\000\000\000\000\000P\031-}\351f\032\255\274\334m\326c\017\014ao[\342\230\003\245\245\3341Hm\326^\017jy\335\261s!\003\246\253M+\327\254x)\270\216\311K-\350#\234\005\242\246\352}{iSd\374\322d\355G\010\240vG0E\002!\000\202e\322\207t\023\341\350\262Q\206)\230\217\017L)\277\006\344\344+[\003\325\027y\036-\340\026\007\002 W,\215\260\205A\256\367Ff?7KB\331\026\314%&u\345\211\265\355~\366\23655\246p\205""; ","validation: """"\200\000\000\000&\000\000\000\002)/\351\304-:\362\035\024\354\227\211\220\341Q\375Tb0K\335\321\024\352,O(gj\245\230\256A>\305\303\246k\022Nn\260\272\033\302\024\214P\027\000\000\000\000\000\000\000\000\000\000\000\000\000\000\000\000\000\000\000\000\000\000\000\000\000\000\000\000\000\000\000\000P\031-}\351f\032\255\274\334m\326c\017\014ao[\342\230\003\245\245\3341Hm\326^\017jy\335\261s!\003\246\253M+\327\254x)\270\216\311K-\350#\234\005\242\246\352}{iSd\374\322d\355G\010\240vG0E\002!\000\202e\322\207t\023\341\350\262Q\206)\230\217\017L)\277\006\344\344+[\003\325\027y\036-\340\026\007\002 W,\215\260\205A\256\367Ff?7KB\331\026\314%&u\345\211\265\355~\366\23655\246p\205""; "
1750534061601,1750534061601,2058,1,3,0,TMValidation,"validation: """"\200\000\000\000&\000\000\000\002)/\351\304-:\362\035\024\354\227\211\220\341Q\375Tb0K\335\321\024\352,O(gj\245\230\256A>\305\303\246k\022Nn\260\272\033\302\024\214P\027\000\000\000\000\000\000\000\000\000\000\000\000\000\000\000\000\000\000\000\000\000\000\000\000\000\000\000\000\000\000\000\000P\031-}\351f\032\255\274\334m\326c\017\014ao[\342\230\003\245\245\3341Hm\326^\017jy\335\261s!\003\246\253M+\327\254x)\270\216\311K-\350#\234\005\242\246\352}{iSd\374\322d\355G\010\240vG0E\002!\000\202e\322\207t\023\341\350\262Q\206)\230\217\017L)\277\006\344\344+[\003\325\027y\036-\340\026\007\002 W,\215\260\205A\256\367Ff?7KB\331\026\314%&u\345\211\265\355~\366\23655\246p\205""; ","validation: """"\200\000\000\000&\000\000\000\002)/\351\304-:\362\035\024\354\227\211\220\341Q\375Tb0K\335\321\024\352,O(gj\245\230\256A>\305\303\246k\022Nn\260\272\033\302\024\214P\027\000\000\000\000\000\000\000\000\000\000\000\000\000\000\000\000\000\000\000\000\000\000\000\000\000\000\000\000\000\000\000\000P\031-}\351f\032\255\274\334m\326c\017\014ao[\342\230\003\245\245\3341Hm\326^\017jy\335\261s!\003\246\253M+\327\254x)\270\216\311K-\350#\234\005\242\246\352}{iSd\374\322d\355G\010\240vG0E\002!\000\202e\322\207t\023\341\350\262Q\206)\230\217\017L)\277\006\344\344+[\003\325\027y\036-\340\026\007\002 W,\215\260\205A\256\367Ff?7KB\331\026\314%&u\345\211\265\355~\366\23655\246p\205""; "
1750534061602,1750534061602,1476,1,3,0,TMStatusChange,"newEvent: neLOST_SYNC; ledgerSeq: 2; ledgerHash: ""\375Tb0K\335\321\024\352,O(gj\245\230\256A>\305\303\246k\022Nn\260\272\033\302\024\214""; ledgerHashPrevious: ""-}\351f\032\255\274\334m\326c\017\014ao[\342\230\003\245\245\3341Hm\326^\017jy\335\261""; networkTime: 803849261; firstSeq: 1; lastSeq: 1; ","newEvent: neLOST_SYNC; ledgerSeq: 2; ledgerHash: ""\375Tb0K\335\321\024\352,O(gj\245\230\256A>\305\303\246k\022Nn\260\272\033\302\024\214""; ledgerHashPrevious: ""-}\351f\032\255\274\334m\326c\017\014ao[\342\230\003\245\245\3341Hm\326^\017jy\335\261""; networkTime: 803849261; firstSeq: 1; lastSeq: 1; "
1750534061602,1750534061602,412,1,3,4,TMStatusChange,"newEvent: neLOST_SYNC; ledgerSeq: 2; ledgerHash: ""\375Tb0K\335\321\024\352,O(gj\245\230\256A>\305\303\246k\022Nn\260\272\033\302\024\214""; ledgerHashPrevious: ""-}\351f\032\255\274\334m\326c\017\014ao[\342\230\003\245\245\3341Hm\326^\017jy\335\261""; networkTime: 803849261; firstSeq: 1; lastSeq: 1; ","newEvent: neLOST_SYNC; ledgerSeq: 2; ledgerHash: ""\375Tb0K\335\321\024\352,O(gj\245\230\256A>\305\303\246k\022Nn\260\272\033\302\024\214""; ledgerHashPrevious: ""-}\351f\032\255\274\334m\326c\017\014ao[\342\230\003\245\245\3341Hm\326^\017jy\335\261""; networkTime: 803849261; firstSeq: 1; lastSeq: 1; "
1750534061602,1750534061603,2019,1,3,1,TMValidation,"validation: """"\200\000\000\000&\000\000\000\002)/\351\304-:\362\035\024\354\227\211\220\341Q\375Tb0K\335\321\024\352,O(gj\245\230\256A>\305\303\246k\022Nn\260\272\033\302\024\214P\027\000\000\000\000\000\000\000\000\000\000\000\000\000\000\000\000\000\000\000\000\000\000\000\000\000\000\000\000\000\000\000\000P\031-}\351f\032\255\274\334m\326c\017\014ao[\342\230\003\245\245\3341Hm\326^\017jy\335\261s!\003\246\253M+\327\254x)\270\216\311K-\350#\234\005\242\246\352}{iSd\374\322d\355G\010\240vG0E\002!\000\202e\322\207t\023\341\350\262Q\206)\230\217\017L)\277\006\344\344+[\003\325\027y\036-\340\026\007\002 W,\215\260\205A\256\367Ff?7KB\331\026\314%&u\345\211\265\355~\366\23655\246p\205""; ","validation: """"\200\000\000\000&\000\000\000\002)/\351\304-:\362\035\024\354\227\211\220\341Q\375Tb0K\335\321\024\352,O(gj\245\230\256A>\305\303\246k\022Nn\260\272\033\302\024\214P\027\000\000\000\000\000\000\000\000\000\000\000\000\000\000\000\000\000\000\000\000\000\000\000\000\000\000\000\000\000\000\000\000P\031-}\351f\032\255\274\334m\326c\017\014ao[\342\230\003\245\245\3341Hm\326^\017jy\335\261s!\003\246\253M+\327\254x)\270\216\311K-\350#\234\005\242\246\352}{iSd\374\322d\355G\010\240vG0E\002!\000\202e\322\207t\023\341\350\262Q\206)\230\217\017L)\277\006\344\344+[\003\325\027y\036-\340\026\007\002 W,\215\260\205A\256\367Ff?7KB\331\026\314%&u\345\211\265\355~\366\23655\246p\205""; "
1750534061604,1750534061604,51,1,3,1,TMStatusChange,"newEvent: neLOST_SYNC; ledgerSeq: 2; ledgerHash: ""\375Tb0K\335\321\024\352,O(gj\245\230\256A>\305\303\246k\022Nn\260\272\033\302\024\214""; ledgerHashPrevious: ""-}\351f\032\255\274\334m\326c\017\014ao[\342\230\003\245\245\3341Hm\326^\017jy\335\261""; networkTime: 803849261; firstSeq: 1; lastSeq: 1; ","newEvent: neLOST_SYNC; ledgerSeq: 2; ledgerHash: ""\375Tb0K\335\321\024\352,O(gj\245\230\256A>\305\303\246k\022Nn\260\272\033\302\024\214""; ledgerHashPrevious: ""-}\351f\032\255\274\334m\326c\017\014ao[\342\230\003\245\245\3341Hm\326^\017jy\335\261""; networkTime: 803849261; firstSeq: 1; lastSeq: 1; "
1750534061603,1750534061603,3709,1,3,2,TMValidation,"validation: """"\200\000\000\000&\000\000\000\002)/\351\304-:\362\035\024\354\227\211\220\341Q\375Tb0K\335\321\024\352,O(gj\245\230\256A>\305\303\246k\022Nn\260\272\033\302\024\214P\027\000\000\000\000\000\000\000\000\000\000\000\000\000\000\000\000\000\000\000\000\000\000\000\000\000\000\000\000\000\000\000\000P\031-}\351f\032\255\274\334m\326c\017\014ao[\342\230\003\245\245\3341Hm\326^\017jy\335\261s!\003\246\253M+\327\254x)\270\216\311K-\350#\234\005\242\246\352}{iSd\374\322d\355G\010\240vG0E\002!\000\202e\322\207t\023\341\350\262Q\206)\230\217\017L)\277\006\344\344+[\003\325\027y\036-\340\026\007\002 W,\215\260\205A\256\367Ff?7KB\331\026\314%&u\345\211\265\355~\366\23655\246p\205""; ","validation: """"\200\000\000\000&\000\000\000\002)/\351\304-:\362\035\024\354\227\211\220\341Q\375Tb0K\335\321\024\352,O(gj\245\230\256A>\305\303\246k\022Nn\260\272\033\302\024\214P\027\000\000\000\000\000\000\000\000\000\000\000\000\000\000\000\000\000\000\000\000\000\000\000\000\000\000\000\000\000\000\000\000P\031-}\351f\032\255\274\334m\326c\017\014ao[\342\230\003\245\245\3341Hm\326^\017jy\335\261s!\003\246\253M+\327\254x)\270\216\311K-\350#\234\005\242\246\352}{iSd\374\322d\355G\010\240vG0E\002!\000\202e\322\207t\023\341\350\262Q\206)\230\217\017L)\277\006\344\344+[\003\325\027y\036-\340\026\007\002 W,\215\260\205A\256\367Ff?7KB\331\026\314%&u\345\211\265\355~\366\23655\246p\205""; "
1750534061603,1750534061603,1774,1,3,2,TMStatusChange,"newEvent: neLOST_SYNC; ledgerSeq: 2; ledgerHash: ""\375Tb0K\335\321\024\352,O(gj\245\230\256A>\305\303\246k\022Nn\260\272\033\302\024\214""; ledgerHashPrevious: ""-}\351f\032\255\274\334m\326c\017\014ao[\342\230\003\245\245\3341Hm\326^\017jy\335\261""; networkTime: 803849261; firstSeq: 1; lastSeq: 1; ","newEvent: neLOST_SYNC; ledgerSeq: 2; ledgerHash: ""\375Tb0K\335\321\024\352,O(gj\245\230\256A>\305\303\246k\022Nn\260\272\033\302\024\214""; ledgerHashPrevious: ""-}\351f\032\255\274\334m\326c\017\014ao[\342\230\003\245\245\3341Hm\326^\017jy\335\261""; networkTime: 803849261; firstSeq: 1; lastSeq: 1; "
1750534061687,1750534061687,1412,1,1,3,TMValidation,"validation: """"\200\000\000\000&\000\000\000\002)/\351\304-:\001\317\351\3603A\3522Q\375Tb0K\335\321\024\352,O(gj\245\230\256A>\305\303\246k\022Nn\260\272\033\302\024\214P\027\000\000\000\000\000\000\000\000\000\000\000\000\000\000\000\000\000\000\000\000\000\000\000\000\000\000\000\000\000\000\000\000P\031-}\351f\032\255\274\334m\326c\017\014ao[\342\230\003\245\245\3341Hm\326^\017jy\335\261s!\003)\036\227\370\t\264\235\206\317\234B\n\230/\375\257\335fo\253d\026_\357K\336\020\302\356\323\222\376vG0E\002!\000\247\323\255EN\357F\232K\353V\236\270\017B\033l\271$\346\247\305/\356*\025j\261|\022\304\340\002 %\374\346|\220~mXQ\345\342C-l\026\222\312\276\306\324\316\303\306\346\276\200\304\301C\325\317\305""; ","validation: """"\200\000\000\000&\000\000\000\002)/\351\304-:\001\317\351\3603A\3522Q\375Tb0K\335\321\024\352,O(gj\245\230\256A>\305\303\246k\022Nn\260\272\033\302\024\214P\027\000\000\000\000\000\000\000\000\000\000\000\000\000\000\000\000\000\000\000\000\000\000\000\000\000\000\000\000\000\000\000\000P\031-}\351f\032\255\274\334m\326c\017\014ao[\342\230\003\245\245\3341Hm\326^\017jy\335\261s!\003)\036\227\370\t\264\235\206\317\234B\n\230/\375\257\335fo\253d\026_\357K\336\020\302\356\323\222\376vG0E\002!\000\247\323\255EN\357F\232K\353V\236\270\017B\033l\271$\346\247\305/\356*\025j\261|\022\304\340\002 %\374\346|\220~mXQ\345\342C-l\026\222\312\276\306\324\316\303\306\346\276\200\304\301C\325\317\305""; "
1750534061688,1750534061688,546,1,1,0,TMValidation,"validation: """"\200\000\000\000&\000\000\000\002)/\351\304-:\001\317\351\3603A\3522Q\375Tb0K\335\321\024\352,O(gj\245\230\256A>\305\303\246k\022Nn\260\272\033\302\024\214P\027\000\000\000\000\000\000\000\000\000\000\000\000\000\000\000\000\000\000\000\000\000\000\000\000\000\000\000\000\000\000\000\000P\031-}\351f\032\255\274\334m\326c\017\014ao[\342\230\003\245\245\3341Hm\326^\017jy\335\261s!\003)\036\227\370\t\264\235\206\317\234B\n\230/\375\257\335fo\253d\026_\357K\336\020\302\356\323\222\376vG0E\002!\000\247\323\255EN\357F\232K\353V\236\270\017B\033l\271$\346\247\305/\356*\025j\261|\022\304\340\002 %\374\346|\220~mXQ\345\342C-l\026\222\312\276\306\324\316\303\306\346\276\200\304\301C\325\317\305""; ","validation: """"\200\000\000\000&\000\000\000\002)/\351\304-:\001\317\351\3603A\3522Q\375Tb0K\335\321\024\352,O(gj\245\230\256A>\305\303\246k\022Nn\260\272\033\302\024\214P\027\000\000\000\000\000\000\000\000\000\000\000\000\000\000\000\000\000\000\000\000\000\000\000\000\000\000\000\000\000\000\000\000P\031-}\351f\032\255\274\334m\326c\017\014ao[\342\230\003\245\245\3341Hm\326^\017jy\335\261s!\003)\036\227\370\t\264\235\206\317\234B\n\230/\375\257\335fo\253d\026_\357K\336\020\302\356\323\222\376vG0E\002!\000\247\323\255EN\357F\232K\353V\236\270\017B\033l\271$\346\247\305/\356*\025j\261|\022\304\340\002 %\374\346|\220~mXQ\345\342C-l\026\222\312\276\306\324\316\303\306\346\276\200\304\301C\325\317\305""; "
1750534061688,1750534061688,1959,1,1,4,TMValidation,"validation: """"\200\000\000\000&\000\000\000\002)/\351\304-:\001\317\351\3603A\3522Q\375Tb0K\335\321\024\352,O(gj\245\230\256A>\305\303\246k\022Nn\260\272\033\302\024\214P\027\000\000\000\000\000\000\000\000\000\000\000\000\000\000\000\000\000\000\000\000\000\000\000\000\000\000\000\000\000\000\000\000P\031-}\351f\032\255\274\334m\326c\017\014ao[\342\230\003\245\245\3341Hm\326^\017jy\335\261s!\003)\036\227\370\t\264\235\206\317\234B\n\230/\375\257\335fo\253d\026_\357K\336\020\302\356\323\222\376vG0E\002!\000\247\323\255EN\357F\232K\353V\236\270\017B\033l\271$\346\247\305/\356*\025j\261|\022\304\340\002 %\374\346|\220~mXQ\345\342C-l\026\222\312\276\306\324\316\303\306\346\276\200\304\301C\325\317\305""; ","validation: """"\200\000\000\000&\000\000\000\002)/\351\304-:\001\317\351\3603A\3522Q\375Tb0K\335\321\024\352,O(gj\245\230\256A>\305\303\246k\022Nn\260\272\033\302\024\214P\027\000\000\000\000\000\000\000\000\000\000\000\000\000\000\000\000\000\000\000\000\000\000\000\000\000\000\000\000\000\000\000\000P\031-}\351f\032\255\274\334m\326c\017\014ao[\342\230\003\245\245\3341Hm\326^\017jy\335\261s!\003)\036\227\370\t\264\235\206\317\234B\n\230/\375\257\335fo\253d\026_\357K\336\020\302\356\323\222\376vG0E\002!\000\247\323\255EN\357F\232K\353V\236\270\017B\033l\271$\346\247\305/\356*\025j\261|\022\304\340\002 %\374\346|\220~mXQ\345\342C-l\026\222\312\276\306\324\316\303\306\346\276\200\304\301C\325\317\305""; "
1750534061688,1750534061688,2911,1,1,4,TMStatusChange,"newEvent: neACCEPTED_LEDGER; ledgerSeq: 2; ledgerHash: ""\375Tb0K\335\321\024\352,O(gj\245\230\256A>\305\303\246k\022Nn\260\272\033\302\024\214""; ledgerHashPrevious: ""-}\351f\032\255\274\334m\326c\017\014ao[\342\230\003\245\245\3341Hm\326^\017jy\335\261""; networkTime: 803849261; firstSeq: 1; lastSeq: 1; ","newEvent: neACCEPTED_LEDGER; ledgerSeq: 2; ledgerHash: ""\375Tb0K\335\321\024\352,O(gj\245\230\256A>\305\303\246k\022Nn\260\272\033\302\024\214""; ledgerHashPrevious: ""-}\351f\032\255\274\334m\326c\017\014ao[\342\230\003\245\245\3341Hm\326^\017jy\335\261""; networkTime: 803849261; firstSeq: 1; lastSeq: 1; "
1750534061687,1750534061687,1799,1,1,3,TMStatusChange,"newEvent: neACCEPTED_LEDGER; ledgerSeq: 2; ledgerHash: ""\375Tb0K\335\321\024\352,O(gj\245\230\256A>\305\303\246k\022Nn\260\272\033\302\024\214""; ledgerHashPrevious: ""-}\351f\032\255\274\334m\326c\017\014ao[\342\230\003\245\245\3341Hm\326^\017jy\335\261""; networkTime: 803849261; firstSeq: 1; lastSeq: 1; ","newEvent: neACCEPTED_LEDGER; ledgerSeq: 2; ledgerHash: ""\375Tb0K\335\321\024\352,O(gj\245\230\256A>\305\303\246k\022Nn\260\272\033\302\024\214""; ledgerHashPrevious: ""-}\351f\032\255\274\334m\326c\017\014ao[\342\230\003\245\245\3341Hm\326^\017jy\335\261""; networkTime: 803849261; firstSeq: 1; lastSeq: 1; "
1750534061688,1750534061688,1294,1,1,2,TMStatusChange,"newEvent: neACCEPTED_LEDGER; ledgerSeq: 2; ledgerHash: ""\375Tb0K\335\321\024\352,O(gj\245\230\256A>\305\303\246k\022Nn\260\272\033\302\024\214""; ledgerHashPrevious: ""-}\351f\032\255\274\334m\326c\017\014ao[\342\230\003\245\245\3341Hm\326^\017jy\335\261""; networkTime: 803849261; firstSeq: 1; lastSeq: 1; ","newEvent: neACCEPTED_LEDGER; ledgerSeq: 2; ledgerHash: ""\375Tb0K\335\321\024\352,O(gj\245\230\256A>\305\303\246k\022Nn\260\272\033\302\024\214""; ledgerHashPrevious: ""-}\351f\032\255\274\334m\326c\017\014ao[\342\230\003\245\245\3341Hm\326^\017jy\335\261""; networkTime: 803849261; firstSeq: 1; lastSeq: 1; "
1750534061688,1750534061688,3926,1,1,0,TMStatusChange,"newEvent: neACCEPTED_LEDGER; ledgerSeq: 2; ledgerHash: ""\375Tb0K\335\321\024\352,O(gj\245\230\256A>\305\303\246k\022Nn\260\272\033\302\024\214""; ledgerHashPrevious: ""-}\351f\032\255\274\334m\326c\017\014ao[\342\230\003\245\245\3341Hm\326^\017jy\335\261""; networkTime: 803849261; firstSeq: 1; lastSeq: 1; ","newEvent: neACCEPTED_LEDGER; ledgerSeq: 2; ledgerHash: ""\375Tb0K\335\321\024\352,O(gj\245\230\256A>\305\303\246k\022Nn\260\272\033\302\024\214""; ledgerHashPrevious: ""-}\351f\032\255\274\334m\326c\017\014ao[\342\230\003\245\245\3341Hm\326^\017jy\335\261""; networkTime: 803849261; firstSeq: 1; lastSeq: 1; "
1750534061689,1750534061689,3986,1,1,2,TMValidation,"validation: """"\200\000\000\000&\000\000\000\002)/\351\304-:\001\317\351\3603A\3522Q\375Tb0K\335\321\024\352,O(gj\245\230\256A>\305\303\246k\022Nn\260\272\033\302\024\214P\027\000\000\000\000\000\000\000\000\000\000\000\000\000\000\000\000\000\000\000\000\000\000\000\000\000\000\000\000\000\000\000\000P\031-}\351f\032\255\274\334m\326c\017\014ao[\342\230\003\245\245\3341Hm\326^\017jy\335\261s!\003)\036\227\370\t\264\235\206\317\234B\n\230/\375\257\335fo\253d\026_\357K\336\020\302\356\323\222\376vG0E\002!\000\247\323\255EN\357F\232K\353V\236\270\017B\033l\271$\346\247\305/\356*\025j\261|\022\304\340\002 %\374\346|\220~mXQ\345\342C-l\026\222\312\276\306\324\316\303\306\346\276\200\304\301C\325\317\305""; ","validation: """"\200\000\000\000&\000\000\000\002)/\351\304-:\001\317\351\3603A\3522Q\375Tb0K\335\321\024\352,O(gj\245\230\256A>\305\303\246k\022Nn\260\272\033\302\024\214P\027\000\000\000\000\000\000\000\000\000\000\000\000\000\000\000\000\000\000\000\000\000\000\000\000\000\000\000\000\000\000\000\000P\031-}\351f\032\255\274\334m\326c\017\014ao[\342\230\003\245\245\3341Hm\326^\017jy\335\261s!\003)\036\227\370\t\264\235\206\317\234B\n\230/\375\257\335fo\253d\026_\357K\336\020\302\356\323\222\376vG0E\002!\000\247\323\255EN\357F\232K\353V\236\270\017B\033l\271$\346\247\305/\356*\025j\261|\022\304\340\002 %\374\346|\220~mXQ\345\342C-l\026\222\312\276\306\324\316\303\306\346\276\200\304\301C\325\317\305""; "
1750534061766,1750534061766,3074,1,0,4,TMStatusChange,"newEvent: neACCEPTED_LEDGER; ledgerSeq: 2; ledgerHash: ""\375Tb0K\335\321\024\352,O(gj\245\230\256A>\305\303\246k\022Nn\260\272\033\302\024\214""; ledgerHashPrevious: ""-}\351f\032\255\274\334m\326c\017\014ao[\342\230\003\245\245\3341Hm\326^\017jy\335\261""; networkTime: 803849261; firstSeq: 1; lastSeq: 1; ","newEvent: neACCEPTED_LEDGER; ledgerSeq: 2; ledgerHash: ""\375Tb0K\335\321\024\352,O(gj\245\230\256A>\305\303\246k\022Nn\260\272\033\302\024\214""; ledgerHashPrevious: ""-}\351f\032\255\274\334m\326c\017\014ao[\342\230\003\245\245\3341Hm\326^\017jy\335\261""; networkTime: 803849261; firstSeq: 1; lastSeq: 1; "
1750534061766,1750534061766,2776,1,0,3,TMValidation,"validation: """"\200\000\000\000&\000\000\000\002)/\351\304-:7\006\273IhO\034\261Q\375Tb0K\335\321\024\352,O(gj\245\230\256A>\305\303\246k\022Nn\260\272\033\302\024\214P\027\000\000\000\000\000\000\000\000\000\000\000\000\000\000\000\000\000\000\000\000\000\000\000\000\000\000\000\000\000\000\000\000P\031-}\351f\032\255\274\334m\326c\017\014ao[\342\230\003\245\245\3341Hm\326^\017jy\335\261s!\002\227gv\346\003n\232f\264\2224\366\324\341o\5\217J\337\2771q\223O\025\217G8\235\301fvF0D\002 >\033 96f}\323\343\370+\335\033*N\347\322Q\334M\204\214\210\201\350Yhn|\\232\365\002 r\335;A\0163\352\024\220\376\311\314)\353\276p\273\234Ps7:\350\251\211\021\212J\223\253\211Q""; ","validation: """"\200\000\000\000&\000\000\000\002)/\351\304-:7\006\273IhO\034\261Q\375Tb0K\335\321\024\352,O(gj\245\230\256A>\305\303\246k\022Nn\260\272\033\302\024\214P\027\000\000\000\000\000\000\000\000\000\000\000\000\000\000\000\000\000\000\000\000\000\000\000\000\000\000\000\000\000\000\000\000P\031-}\351f\032\255\274\334m\326c\017\014ao[\342\230\003\245\245\3341Hm\326^\017jy\335\261s!\002\227gv\346\003n\232f\264\2224\366\324\341o\5\217J\337\2771q\223O\025\217G8\235\301fvF0D\002 >\033 96f}\323\343\370+\335\033*N\347\322Q\334M\204\214\210\201\350Yhn|\\232\365\002 r\335;A\0163\352\024\220\376\311\314)\353\276p\273\234Ps7:\350\251\211\021\212J\223\253\211Q""; "
1750534061766,1750534061766,885,1,0,3,TMStatusChange,"newEvent: neACCEPTED_LEDGER; ledgerSeq: 2; ledgerHash: ""\375Tb0K\335\321\024\352,O(gj\245\230\256A>\305\303\246k\022Nn\260\272\033\302\024\214""; ledgerHashPrevious: ""-}\351f\032\255\274\334m\326c\017\014ao[\342\230\003\245\245\3341Hm\326^\017jy\335\261""; networkTime: 803849261; firstSeq: 1; lastSeq: 1; ","newEvent: neACCEPTED_LEDGER; ledgerSeq: 2; ledgerHash: ""\375Tb0K\335\321\024\352,O(gj\245\230\256A>\305\303\246k\022Nn\260\272\033\302\024\214""; ledgerHashPrevious: ""-}\351f\032\255\274\334m\326c\017\014ao[\342\230\003\245\245\3341Hm\326^\017jy\335\261""; networkTime: 803849261; firstSeq: 1; lastSeq: 1; "
1750534061767,1750534061767,3863,1,0,4,TMValidation,"validation: """"\200\000\000\000&\000\000\000\002)/\351\304-:7\006\273IhO\034\261Q\375Tb0K\335\321\024\352,O(gj\245\230\256A>\305\303\246k\022Nn\260\272\033\302\024\214P\027\000\000\000\000\000\000\000\000\000\000\000\000\000\000\000\000\000\000\000\000\000\000\000\000\000\000\000\000\000\000\000\000P\031-}\351f\032\255\274\334m\326c\017\014ao[\342\230\003\245\245\3341Hm\326^\017jy\335\261s!\002\227gv\346\003n\232f\264\2224\366\324\341o\5\217J\337\2771q\223O\025\217G8\235\301fvF0D\002 >\033 96f}\323\343\370+\335\033*N\347\322Q\334M\204\214\210\201\350Yhn|\\232\365\002 r\335;A\0163\352\024\220\376\311\314)\353\276p\273\234Ps7:\350\251\211\021\212J\223\253\211Q""; ","validation: """"\200\000\000\000&\000\000\000\002)/\351\304-:7\006\273IhO\034\261Q\375Tb0K\335\321\024\352,O(gj\245\230\256A>\305\303\246k\022Nn\260\272\033\302\024\214P\027\000\000\000\000\000\000\000\000\000\000\000\000\000\000\000\000\000\000\000\000\000\000\000\000\000\000\000\000\000\000\000\000P\031-}\351f\032\255\274\334m\326c\017\014ao[\342\230\003\245\245\3341Hm\326^\017jy\335\261s!\002\227gv\346\003n\232f\264\2224\366\324\341o\5\217J\337\2771q\223O\025\217G8\235\301fvF0D\002 >\033 96f}\323\343\370+\335\033*N\347\322Q\334M\204\214\210\201\350Yhn|\\232\365\002 r\335;A\0163\352\024\220\376\311\314)\353\276p\273\234Ps7:\350\251\211\021\212J\223\253\211Q""; "
1750534061767,1750534061767,1927,1,0,2,TMValidation,"validation: """"\200\000\000\000&\000\000\000\002)/\351\304-:7\006\273IhO\034\261Q\375Tb0K\335\321\024\352,O(gj\245\230\256A>\305\303\246k\022Nn\260\272\033\302\024\214P\027\000\000\000\000\000\000\000\000\000\000\000\000\000\000\000\000\000\000\000\000\000\000\000\000\000\000\000\000\000\000\000\000P\031-}\351f\032\255\274\334m\326c\017\014ao[\342\230\003\245\245\3341Hm\326^\017jy\335\261s!\002\227gv\346\003n\232f\264\2224\366\324\341o\5\217J\337\2771q\223O\025\217G8\235\301fvF0D\002 >\033 96f}\323\343\370+\335\033*N\347\322Q\334M\204\214\210\201\350Yhn|\\232\365\002 r\335;A\0163\352\024\220\376\311\314)\353\276p\273\234Ps7:\350\251\211\021\212J\223\253\211Q""; ","validation: """"\200\000\000\000&\000\000\000\002)/\351\304-:7\006\273IhO\034\261Q\375Tb0K\335\321\024\352,O(gj\245\230\256A>\305\303\246k\022Nn\260\272\033\302\024\214P\027\000\000\000\000\000\000\000\000\000\000\000\000\000\000\000\000\000\000\000\000\000\000\000\000\000\000\000\000\000\000\000\000P\031-}\351f\032\255\274\334m\326c\017\014ao[\342\230\003\245\245\3341Hm\326^\017jy\335\261s!\002\227gv\346\003n\232f\264\2224\366\324\341o\5\217J\337\2771q\223O\025\217G8\235\301fvF0D\002 >\033 96f}\323\343\370+\335\033*N\347\322Q\334M\204\214\210\201\350Yhn|\\232\365\002 r\335;A\0163\352\024\220\376\311\314)\353\276p\273\234Ps7:\350\251\211\021\212J\223\253\211Q""; "
1750534061767,1750534061767,2322,1,0,2,TMStatusChange,"newEvent: neACCEPTED_LEDGER; ledgerSeq: 2; ledgerHash: ""\375Tb0K\335\321\024\352,O(gj\245\230\256A>\305\303\246k\022Nn\260\272\033\302\024\214""; ledgerHashPrevious: ""-}\351f\032\255\274\334m\326c\017\014ao[\342\230\003\245\245\3341Hm\326^\017jy\335\261""; networkTime: 803849261; firstSeq: 1; lastSeq: 1; ","newEvent: neACCEPTED_LEDGER; ledgerSeq: 2; ledgerHash: ""\375Tb0K\335\321\024\352,O(gj\245\230\256A>\305\303\246k\022Nn\260\272\033\302\024\214""; ledgerHashPrevious: ""-}\351f\032\255\274\334m\326c\017\014ao[\342\230\003\245\245\3341Hm\326^\017jy\335\261""; networkTime: 803849261; firstSeq: 1; lastSeq: 1; "
1750534061767,1750534061767,2478,1,0,1,TMStatusChange,"newEvent: neACCEPTED_LEDGER; ledgerSeq: 2; ledgerHash: ""\375Tb0K\335\321\024\352,O(gj\245\230\256A>\305\303\246k\022Nn\260\272\033\302\024\214""; ledgerHashPrevious: ""-}\351f\032\255\274\334m\326c\017\014ao[\342\230\003\245\245\3341Hm\326^\017jy\335\261""; networkTime: 803849261; firstSeq: 1; lastSeq: 1; ","newEvent: neACCEPTED_LEDGER; ledgerSeq: 2; ledgerHash: ""\375Tb0K\335\321\024\352,O(gj\245\230\256A>\305\303\246k\022Nn\260\272\033\302\024\214""; ledgerHashPrevious: ""-}\351f\032\255\274\334m\326c\017\014ao[\342\230\003\245\245\3341Hm\326^\017jy\335\261""; networkTime: 803849261; firstSeq: 1; lastSeq: 1; "
1750534061768,1750534061768,127,1,0,1,TMValidation,"validation: """"\200\000\000\000&\000\000\000\002)/\351\304-:7\006\273IhO\034\261Q\375Tb0K\335\321\024\352,O(gj\245\230\256A>\305\303\246k\022Nn\260\272\033\302\024\214P\027\000\000\000\000\000\000\000\000\000\000\000\000\000\000\000\000\000\000\000\000\000\000\000\000\000\000\000\000\000\000\000\000P\031-}\351f\032\255\274\334m\326c\017\014ao[\342\230\003\245\245\3341Hm\326^\017jy\335\261s!\002\227gv\346\003n\232f\264\2224\366\324\341o\5\217J\337\2771q\223O\025\217G8\235\301fvF0D\002 >\033 96f}\323\343\370+\335\033*N\347\322Q\334M\204\214\210\201\350Yhn|\\232\365\002 r\335;A\0163\352\024\220\376\311\314)\353\276p\273\234Ps7:\350\251\211\021\212J\223\253\211Q""; ","validation: """"\200\000\000\000&\000\000\000\002)/\351\304-:7\006\273IhO\034\261Q\375Tb0K\335\321\024\352,O(gj\245\230\256A>\305\303\246k\022Nn\260\272\033\302\024\214P\027\000\000\000\000\000\000\000\000\000\000\000\000\000\000\000\000\000\000\000\000\000\000\000\000\000\000\000\000\000\000\000\000P\031-}\351f\032\255\274\334m\326c\017\014ao[\342\230\003\245\245\3341Hm\326^\017jy\335\261s!\002\227gv\346\003n\232f\264\2224\366\324\341o\5\217J\337\2771q\223O\025\217G8\235\301fvF0D\002 >\033 96f}\323\343\370+\335\033*N\347\322Q\334M\204\214\210\201\350Yhn|\\232\365\002 r\335;A\0163\352\024\220\376\311\314)\353\276p\273\234Ps7:\350\251\211\021\212J\223\253\211Q""; "
1750534061896,1750534061897,1412,1,1,3,TMValidation,"validation: """"\200\000\000\000&\000\000\000\002)/\351\304-:7\006\273IhO\034\261Q\375Tb0K\335\321\024\352,O(gj\245\230\256A>\305\303\246k\022Nn\260\272\033\302\024\214P\027\000\000\000\000\000\000\000\000\000\000\000\000\000\000\000\000\000\000\000\000\000\000\000\000\000\000\000\000\000\000\000\000P\031-}\351f\032\255\274\334m\326c\017\014ao[\342\230\003\245\245\3341Hm\326^\017jy\335\261s!\002\227gv\346\003n\232f\264\2224\366\324\341o\5\217J\337\2771q\223O\025\217G8\235\301fvF0D\002 >\033 96f}\323\343\370+\335\033*N\347\322Q\334M\204\214\210\201\350Yhn|\\232\365\002 r\335;A\0163\352\024\220\376\311\314)\353\276p\273\234Ps7:\350\251\211\021\212J\223\253\211Q""; ","validation: """"\200\000\000\000&\000\000\000\002)/\351\304-:7\006\273IhO\034\261Q\375Tb0K\335\321\024\352,O(gj\245\230\256A>\305\303\246k\022Nn\260\272\033\302\024\214P\027\000\000\000\000\000\000\000\000\000\000\000\000\000\000\000\000\000\000\000\000\000\000\000\000\000\000\000\000\000\000\000\000P\031-}\351f\032\255\274\334m\326c\017\014ao[\342\230\003\245\245\3341Hm\326^\017jy\335\261s!\002\227gv\346\003n\232f\264\2224\366\324\341o\5\217J\337\2771q\223O\025\217G8\235\301fvF0D\002 >\033 96f}\323\343\370+\335\033*N\347\322Q\334M\204\214\210\201\350Yhn|\\232\365\002 r\335;A\0163\352\024\220\376\311\314)\353\276p\273\234Ps7:\350\251\211\021\212J\223\253\211Q""; "
1750534061897,1750534061897,1959,1,1,4,TMValidation,"validation: """"\200\000\000\000&\000\000\000\002)/\351\304-:7\006\273IhO\034\261Q\375Tb0K\335\321\024\352,O(gj\245\230\256A>\305\303\246k\022Nn\260\272\033\302\024\214P\027\000\000\000\000\000\000\000\000\000\000\000\000\000\000\000\000\000\000\000\000\000\000\000\000\000\000\000\000\000\000\000\000P\031-}\351f\032\255\274\334m\326c\017\014ao[\342\230\003\245\245\3341Hm\326^\017jy\335\261s!\002\227gv\346\003n\232f\264\2224\366\324\341o\5\217J\337\2771q\223O\025\217G8\235\301fvF0D\002 >\033 96f}\323\343\370+\335\033*N\347\322Q\334M\204\214\210\201\350Yhn|\\232\365\002 r\335;A\0163\352\024\220\376\311\314)\353\276p\273\234Ps7:\350\251\211\021\212J\223\253\211Q""; ","validation: """"\200\000\000\000&\000\000\000\002)/\351\304-:7\006\273IhO\034\261Q\375Tb0K\335\321\024\352,O(gj\245\230\256A>\305\303\246k\022Nn\260\272\033\302\024\214P\027\000\000\000\000\000\000\000\000\000\000\000\000\000\000\000\000\000\000\000\000\000\000\000\000\000\000\000\000\000\000\000\000P\031-}\351f\032\255\274\334m\326c\017\014ao[\342\230\003\245\245\3341Hm\326^\017jy\335\261s!\002\227gv\346\003n\232f\264\2224\366\324\341o\5\217J\337\2771q\223O\025\217G8\235\301fvF0D\002 >\033 96f}\323\343\370+\335\033*N\347\322Q\334M\204\214\210\201\350Yhn|\\232\365\002 r\335;A\0163\352\024\220\376\311\314)\353\276p\273\234Ps7:\350\251\211\021\212J\223\253\211Q""; "
1750534061897,1750534061897,3986,1,1,2,TMValidation,"validation: """"\200\000\000\000&\000\000\000\002)/\351\304-:7\006\273IhO\034\261Q\375Tb0K\335\321\024\352,O(gj\245\230\256A>\305\303\246k\022Nn\260\272\033\302\024\214P\027\000\000\000\000\000\000\000\000\000\000\000\000\000\000\000\000\000\000\000\000\000\000\000\000\000\000\000\000\000\000\000\000P\031-}\351f\032\255\274\334m\326c\017\014ao[\342\230\003\245\245\3341Hm\326^\017jy\335\261s!\002\227gv\346\003n\232f\264\2224\366\324\341o\5\217J\337\2771q\223O\025\217G8\235\301fvF0D\002 >\033 96f}\323\343\370+\335\033*N\347\322Q\334M\204\214\210\201\350Yhn|\\232\365\002 r\335;A\0163\352\024\220\376\311\314)\353\276p\273\234Ps7:\350\251\211\021\212J\223\253\211Q""; ","validation: """"\200\000\000\000&\000\000\000\002)/\351\304-:7\006\273IhO\034\261Q\375Tb0K\335\321\024\352,O(gj\245\230\256A>\305\303\246k\022Nn\260\272\033\302\024\214P\027\000\000\000\000\000\000\000\000\000\000\000\000\000\000\000\000\000\000\000\000\000\000\000\000\000\000\000\000\000\000\000\000P\031-}\351f\032\255\274\334m\326c\017\014ao[\342\230\003\245\245\3341Hm\326^\017jy\335\261s!\002\227gv\346\003n\232f\264\2224\366\324\341o\5\217J\337\2771q\223O\025\217G8\235\301fvF0D\002 >\033 96f}\323\343\370+\335\033*N\347\322Q\334M\204\214\210\201\350Yhn|\\232\365\002 r\335;A\0163\352\024\220\376\311\314)\353\276p\273\234Ps7:\350\251\211\021\212J\223\253\211Q""; "
1750534061944,1750534061944,1804,1,4,3,TMLedgerData,"ledgerHash: ""\375Tb0K\335\321\024\352,O(gj\245\230\256A>\305\303\246k\022Nn\260\272\033\302\024\214""; ledgerSeq: 2; type: liBASE; nodes {;   nodedata: ""\000\000\000\002\001cEx]\212\000\000-}\351f\032\255\274\334m\326c\017\014ao[\342\230\003\245\245\3341Hm\326^\017jy\335\261\000\000\000\000\000\000\000\000\000\000\000\000\000\000\000\000\000\000\000\000\000\000\000\000\000\000\000\000\000\000\000\000{e\2655L\2440\340\020\277~\333\017WF\230\334\351\277\266\267\357{\321\317\275\374\330\255\231Z\226(\366\274\006/\351\304""\n\000""; }; nodes {;   nodedata: ""\303\016\021\310<Z\337\266>\225@&n\022\246\274\353\220\345b3\035\313\350L\354\254\002\005\305\035\017\002E\344\037@\210\363\010\336T\226\247'\204_{\261\370""1\235\2445\343\033Y!\212\201\341\272\225'\007>L\014O\253g\352\035\214I\361\342\213\274\243\225\r\327qi\207\254\211\347\300?w\214Ha~\260\013\003""; }; ","ledgerHash: ""\375Tb0K\335\321\024\352,O(gj\245\230\256A>\305\303\246k\022Nn\260\272\033\302\024\214""; ledgerSeq: 2; type: liBASE; nodes {;   nodedata: ""\000\000\000\002\001cEx]\212\000\000-}\351f\032\255\274\334m\326c\017\014ao[\342\230\003\245\245\3341Hm\326^\017jy\335\261\000\000\000\000\000\000\000\000\000\000\000\000\000\000\000\000\000\000\000\000\000\000\000\000\000\000\000\000\000\000\000\000{e\2655L\2440\340\020\277~\333\017WF\230\334\351\277\266\267\357{\321\317\275\374\330\255\231Z\226(\366\274\006/\351\304""\n\000""; }; nodes {;   nodedata: ""\303\016\021\310<Z\337\266>\225@&n\022\246\274\353\220\345b3\035\313\350L\354\254\002\005\305\035\017\002E\344\037@\210\363\010\336T\226\247'\204_{\261\370""1\235\2445\343\033Y!\212\201\341\272\225'\007>L\014O\253g\352\035\214I\361\342\213\274\243\225\r\327qi\207\254\211\347\300?w\214Ha~\260\013\003""; }; "
1750534061945,1750534061945,1804,1,4,3,TMLedgerData,"ledgerHash: ""\375Tb0K\335\321\024\352,O(gj\245\230\256A>\305\303\246k\022Nn\260\272\033\302\024\214""; ledgerSeq: 2; type: liBASE; nodes {;   nodedata: ""\000\000\000\002\001cEx]\212\000\000-}\351f\032\255\274\334m\326c\017\014ao[\342\230\003\245\245\3341Hm\326^\017jy\335\261\000\000\000\000\000\000\000\000\000\000\000\000\000\000\000\000\000\000\000\000\000\000\000\000\000\000\000\000\000\000\000\000{e\2655L\2440\340\020\277~\333\017WF\230\334\351\277\266\267\357{\321\317\275\374\330\255\231Z\226(\366\274\006/\351\304""\n\000""; }; nodes {;   nodedata: ""\303\016\021\310<Z\337\266>\225@&n\022\246\274\353\220\345b3\035\313\350L\354\254\002\005\305\035\017\002E\344\037@\210\363\010\336T\226\247'\204_{\261\370""1\235\2445\343\033Y!\212\201\341\272\225'\007>L\014O\253g\352\035\214I\361\342\213\274\243\225\r\327qi\207\254\211\347\300?w\214Ha~\260\013\003""; }; ","ledgerHash: ""\375Tb0K\335\321\024\352,O(gj\245\230\256A>\305\303\246k\022Nn\260\272\033\302\024\214""; ledgerSeq: 2; type: liBASE; nodes {;   nodedata: ""\000\000\000\002\001cEx]\212\000\000-}\351f\032\255\274\334m\326c\017\014ao[\342\230\003\245\245\3341Hm\326^\017jy\335\261\000\000\000\000\000\000\000\000\000\000\000\000\000\000\000\000\000\000\000\000\000\000\000\000\000\000\000\000\000\000\000\000{e\2655L\2440\340\020\277~\333\017WF\230\334\351\277\266\267\357{\321\317\275\374\330\255\231Z\226(\366\274\006/\351\304""\n\000""; }; nodes {;   nodedata: ""\303\016\021\310<Z\337\266>\225@&n\022\246\274\353\220\345b3\035\313\350L\354\254\002\005\305\035\017\002E\344\037@\210\363\010\336T\226\247'\204_{\261\370""1\235\2445\343\033Y!\212\201\341\272\225'\007>L\014O\253g\352\035\214I\361\342\213\274\243\225\r\327qi\207\254\211\347\300?w\214Ha~\260\013\003""; }; "
1750534061957,1750534061957,3863,1,0,4,TMValidation,"validation: """"\200\000\000\000&\000\000\000\002)/\351\304-:o\206g1\341\2401\207Q\375Tb0K\335\321\024\352,O(gj\245\230\256A>\305\303\246k\022Nn\260\272\033\302\024\214P\027\000\000\000\000\000\000\000\000\000\000\000\000\000\000\000\000\000\000\000\000\000\000\000\000\000\000\000\000\000\000\000\000P\031-}\351f\032\255\274\334m\326c\017\014ao[\342\230\003\245\245\3341Hm\326^\017jy\335\261s!\002\031\356p7g\301C\213'\252;p\007\211\345G\223\330\261\277\313\310Pm\016p|\376\310\342\020\261vF0D\002 #\217\262-e\252x@|\2753\362\344\236kLu`:f\306\205X:Sl\016\272\246\020\360{\002 \032\177a4\013\276\335I\361\0070=\nT{\364\353\351\251$\351{E\252C\213\371#d\000\363\236""; ","validation: """"\200\000\000\000&\000\000\000\002)/\351\304-:o\206g1\341\2401\207Q\375Tb0K\335\321\024\352,O(gj\245\230\256A>\305\303\246k\022Nn\260\272\033\302\024\214P\027\000\000\000\000\000\000\000\000\000\000\000\000\000\000\000\000\000\000\000\000\000\000\000\000\000\000\000\000\000\000\000\000P\031-}\351f\032\255\274\334m\326c\017\014ao[\342\230\003\245\245\3341Hm\326^\017jy\335\261s!\002\031\356p7g\301C\213'\252;p\007\211\345G\223\330\261\277\313\310Pm\016p|\376\310\342\020\261vF0D\002 #\217\262-e\252x@|\2753\362\344\236kLu`:f\306\205X:Sl\016\272\246\020\360{\002 \032\177a4\013\276\335I\361\0070=\nT{\364\353\351\251$\351{E\252C\213\371#d\000\363\236""; "
1750534061957,1750534061957,127,1,0,1,TMValidation,"validation: """"\200\000\000\000&\000\000\000\002)/\351\304-:o\206g1\341\2401\207Q\375Tb0K\335\321\024\352,O(gj\245\230\256A>\305\303\246k\022Nn\260\272\033\302\024\214P\027\000\000\000\000\000\000\000\000\000\000\000\000\000\000\000\000\000\000\000\000\000\000\000\000\000\000\000\000\000\000\000\000P\031-}\351f\032\255\274\334m\326c\017\014ao[\342\230\003\245\245\3341Hm\326^\017jy\335\261s!\002\031\356p7g\301C\213'\252;p\007\211\345G\223\330\261\277\313\310Pm\016p|\376\310\342\020\261vF0D\002 #\217\262-e\252x@|\2753\362\344\236kLu`:f\306\205X:Sl\016\272\246\020\360{\002 \032\177a4\013\276\335I\361\0070=\nT{\364\353\351\251$\351{E\252C\213\371#d\000\363\236""; ","validation: """"\200\000\000\000&\000\000\000\002)/\351\304-:o\206g1\341\2401\207Q\375Tb0K\335\321\024\352,O(gj\245\230\256A>\305\303\246k\022Nn\260\272\033\302\024\214P\027\000\000\000\000\000\000\000\000\000\000\000\000\000\000\000\000\000\000\000\000\000\000\000\000\000\000\000\000\000\000\000\000P\031-}\351f\032\255\274\334m\326c\017\014ao[\342\230\003\245\245\3341Hm\326^\017jy\335\261s!\002\031\356p7g\301C\213'\252;p\007\211\345G\223\330\261\277\313\310Pm\016p|\376\310\342\020\261vF0D\002 #\217\262-e\252x@|\2753\362\344\236kLu`:f\306\205X:Sl\016\272\246\020\360{\002 \032\177a4\013\276\335I\361\0070=\nT{\364\353\351\251$\351{E\252C\213\371#d\000\363\236""; "
1750534061957,1750534061957,2776,1,0,3,TMValidation,"validation: """"\200\000\000\000&\000\000\000\002)/\351\304-:o\206g1\341\2401\207Q\375Tb0K\335\321\024\352,O(gj\245\230\256A>\305\303\246k\022Nn\260\272\033\302\024\214P\027\000\000\000\000\000\000\000\000\000\000\000\000\000\000\000\000\000\000\000\000\000\000\000\000\000\000\000\000\000\000\000\000P\031-}\351f\032\255\274\334m\326c\017\014ao[\342\230\003\245\245\3341Hm\326^\017jy\335\261s!\002\031\356p7g\301C\213'\252;p\007\211\345G\223\330\261\277\313\310Pm\016p|\376\310\342\020\261vF0D\002 #\217\262-e\252x@|\2753\362\344\236kLu`:f\306\205X:Sl\016\272\246\020\360{\002 \032\177a4\013\276\335I\361\0070=\nT{\364\353\351\251$\351{E\252C\213\371#d\000\363\236""; ","validation: """"\200\000\000\000&\000\000\000\002)/\351\304-:o\206g1\341\2401\207Q\375Tb0K\335\321\024\352,O(gj\245\230\256A>\305\303\246k\022Nn\260\272\033\302\024\214P\027\000\000\000\000\000\000\000\000\000\000\000\000\000\000\000\000\000\000\000\000\000\000\000\000\000\000\000\000\000\000\000\000P\031-}\351f\032\255\274\334m\326c\017\014ao[\342\230\003\245\245\3341Hm\326^\017jy\335\261s!\002\031\356p7g\301C\213'\252;p\007\211\345G\223\330\261\277\313\310Pm\016p|\376\310\342\020\261vF0D\002 #\217\262-e\252x@|\2753\362\344\236kLu`:f\306\205X:Sl\016\272\246\020\360{\002 \032\177a4\013\276\335I\361\0070=\nT{\364\353\351\251$\351{E\252C\213\371#d\000\363\236""; "
1750534062066,1750534062066,3863,1,0,4,TMValidation,"validation: """"\200\000\000\000&\000\000\000\002)/\351\304-:\2127%d\216O\2029Q\375Tb0K\335\321\024\352,O(gj\245\230\256A>\305\303\246k\022Nn\260\272\033\302\024\214P\027\000\000\000\000\000\000\000\000\000\000\000\000\000\000\000\000\000\000\000\000\000\000\000\000\000\000\000\000\000\000\000\000P\031-}\351f\032\255\274\334m\326c\017\014ao[\342\230\003\245\245\3341Hm\326^\017jy\335\261s!\003\241q\201\005c\265\003\367~\267xq\264\m_\310U\235\3644\246\306\345#""\246\274'%\251)vG0E\002!\000\265\277\314\260\270\307a0\207\260\005\017\033\311\362b\304\002\215\034k\323\023\212\352Z\357\253J\276\317\375\002 %\215\007^\366\245\275E\256Y\005\310\333\007\305e}\366\353e\254\305\013\335\356\266\361\303e\000#\352""; ","validation: """"\200\000\000\000&\000\000\000\002)/\351\304-:\2127%d\216O\2029Q\375Tb0K\335\321\024\352,O(gj\245\230\256A>\305\303\246k\022Nn\260\272\033\302\024\214P\027\000\000\000\000\000\000\000\000\000\000\000\000\000\000\000\000\000\000\000\000\000\000\000\000\000\000\000\000\000\000\000\000P\031-}\351f\032\255\274\334m\326c\017\014ao[\342\230\003\245\245\3341Hm\326^\017jy\335\261s!\003\241q\201\005c\265\003\367~\267xq\264\m_\310U\235\3644\246\306\345#""\246\274'%\251)vG0E\002!\000\265\277\314\260\270\307a0\207\260\005\017\033\311\362b\304\002\215\034k\323\023\212\352Z\357\253J\276\317\375\002 %\215\007^\366\245\275E\256Y\005\310\333\007\305e}\366\353e\254\305\013\335\356\266\361\303e\000#\352""; "
1750534062067,1750534062067,2776,1,0,3,TMValidation,"validation: """"\200\000\000\000&\000\000\000\002)/\351\304-:\2127%d\216O\2029Q\375Tb0K\335\321\024\352,O(gj\245\230\256A>\305\303\246k\022Nn\260\272\033\302\024\214P\027\000\000\000\000\000\000\000\000\000\000\000\000\000\000\000\000\000\000\000\000\000\000\000\000\000\000\000\000\000\000\000\000P\031-}\351f\032\255\274\334m\326c\017\014ao[\342\230\003\245\245\3341Hm\326^\017jy\335\261s!\003\241q\201\005c\265\003\367~\267xq\264\m_\310U\235\3644\246\306\345#""\246\274'%\251)vG0E\002!\000\265\277\314\260\270\307a0\207\260\005\017\033\311\362b\304\002\215\034k\323\023\212\352Z\357\253J\276\317\375\002 %\215\007^\366\245\275E\256Y\005\310\333\007\305e}\366\353e\254\305\013\335\356\266\361\303e\000#\352""; ","validation: """"\200\000\000\000&\000\000\000\002)/\351\304-:\2127%d\216O\2029Q\375Tb0K\335\321\024\352,O(gj\245\230\256A>\305\303\246k\022Nn\260\272\033\302\024\214P\027\000\000\000\000\000\000\000\000\000\000\000\000\000\000\000\000\000\000\000\000\000\000\000\000\000\000\000\000\000\000\000\000P\031-}\351f\032\255\274\334m\326c\017\014ao[\342\230\003\245\245\3341Hm\326^\017jy\335\261s!\003\241q\201\005c\265\003\367~\267xq\264\m_\310U\235\3644\246\306\345#""\246\274'%\251)vG0E\002!\000\265\277\314\260\270\307a0\207\260\005\017\033\311\362b\304\002\215\034k\323\023\212\352Z\357\253J\276\317\375\002 %\215\007^\366\245\275E\256Y\005\310\333\007\305e}\366\353e\254\305\013\335\356\266\361\303e\000#\352""; "
1750534062066,1750534062066,127,1,0,1,TMValidation,"validation: """"\200\000\000\000&\000\000\000\002)/\351\304-:\2127%d\216O\2029Q\375Tb0K\335\321\024\352,O(gj\245\230\256A>\305\303\246k\022Nn\260\272\033\302\024\214P\027\000\000\000\000\000\000\000\000\000\000\000\000\000\000\000\000\000\000\000\000\000\000\000\000\000\000\000\000\000\000\000\000P\031-}\351f\032\255\274\334m\326c\017\014ao[\342\230\003\245\245\3341Hm\326^\017jy\335\261s!\003\241q\201\005c\265\003\367~\267xq\264\m_\310U\235\3644\246\306\345#""\246\274'%\251)vG0E\002!\000\265\277\314\260\270\307a0\207\260\005\017\033\311\362b\304\002\215\034k\323\023\212\352Z\357\253J\276\317\375\002 %\215\007^\366\245\275E\256Y\005\310\333\007\305e}\366\353e\254\305\013\335\356\266\361\303e\000#\352""; ","validation: """"\200\000\000\000&\000\000\000\002)/\351\304-:\2127%d\216O\2029Q\375Tb0K\335\321\024\352,O(gj\245\230\256A>\305\303\246k\022Nn\260\272\033\302\024\214P\027\000\000\000\000\000\000\000\000\000\000\000\000\000\000\000\000\000\000\000\000\000\000\000\000\000\000\000\000\000\000\000\000P\031-}\351f\032\255\274\334m\326c\017\014ao[\342\230\003\245\245\3341Hm\326^\017jy\335\261s!\003\241q\201\005c\265\003\367~\267xq\264\m_\310U\235\3644\246\306\345#""\246\274'%\251)vG0E\002!\000\265\277\314\260\270\307a0\207\260\005\017\033\311\362b\304\002\215\034k\323\023\212\352Z\357\253J\276\317\375\002 %\215\007^\366\245\275E\256Y\005\310\333\007\305e}\366\353e\254\305\013\335\356\266\361\303e\000#\352""; "
1750534062087,1750534062087,1959,1,1,4,TMValidation,"validation: """"\200\000\000\000&\000\000\000\002)/\351\304-:o\206g1\341\2401\207Q\375Tb0K\335\321\024\352,O(gj\245\230\256A>\305\303\246k\022Nn\260\272\033\302\024\214P\027\000\000\000\000\000\000\000\000\000\000\000\000\000\000\000\000\000\000\000\000\000\000\000\000\000\000\000\000\000\000\000\000P\031-}\351f\032\255\274\334m\326c\017\014ao[\342\230\003\245\245\3341Hm\326^\017jy\335\261s!\002\031\356p7g\301C\213'\252;p\007\211\345G\223\330\261\277\313\310Pm\016p|\376\310\342\020\261vF0D\002 #\217\262-e\252x@|\2753\362\344\236kLu`:f\306\205X:Sl\016\272\246\020\360{\002 \032\177a4\013\276\335I\361\0070=\nT{\364\353\351\251$\351{E\252C\213\371#d\000\363\236""; ","validation: """"\200\000\000\000&\000\000\000\002)/\351\304-:o\206g1\341\2401\207Q\375Tb0K\335\321\024\352,O(gj\245\230\256A>\305\303\246k\022Nn\260\272\033\302\024\214P\027\000\000\000\000\000\000\000\000\000\000\000\000\000\000\000\000\000\000\000\000\000\000\000\000\000\000\000\000\000\000\000\000P\031-}\351f\032\255\274\334m\326c\017\014ao[\342\230\003\245\245\3341Hm\326^\017jy\335\261s!\002\031\356p7g\301C\213'\252;p\007\211\345G\223\330\261\277\313\310Pm\016p|\376\310\342\020\261vF0D\002 #\217\262-e\252x@|\2753\362\344\236kLu`:f\306\205X:Sl\016\272\246\020\360{\002 \032\177a4\013\276\335I\361\0070=\nT{\364\353\351\251$\351{E\252C\213\371#d\000\363\236""; "
1750534062087,1750534062087,1412,1,1,3,TMValidation,"validation: """"\200\000\000\000&\000\000\000\002)/\351\304-:o\206g1\341\2401\207Q\375Tb0K\335\321\024\352,O(gj\245\230\256A>\305\303\246k\022Nn\260\272\033\302\024\214P\027\000\000\000\000\000\000\000\000\000\000\000\000\000\000\000\000\000\000\000\000\000\000\000\000\000\000\000\000\000\000\000\000P\031-}\351f\032\255\274\334m\326c\017\014ao[\342\230\003\245\245\3341Hm\326^\017jy\335\261s!\002\031\356p7g\301C\213'\252;p\007\211\345G\223\330\261\277\313\310Pm\016p|\376\310\342\020\261vF0D\002 #\217\262-e\252x@|\2753\362\344\236kLu`:f\306\205X:Sl\016\272\246\020\360{\002 \032\177a4\013\276\335I\361\0070=\nT{\364\353\351\251$\351{E\252C\213\371#d\000\363\236""; ","validation: """"\200\000\000\000&\000\000\000\002)/\351\304-:o\206g1\341\2401\207Q\375Tb0K\335\321\024\352,O(gj\245\230\256A>\305\303\246k\022Nn\260\272\033\302\024\214P\027\000\000\000\000\000\000\000\000\000\000\000\000\000\000\000\000\000\000\000\000\000\000\000\000\000\000\000\000\000\000\000\000P\031-}\351f\032\255\274\334m\326c\017\014ao[\342\230\003\245\245\3341Hm\326^\017jy\335\261s!\002\031\356p7g\301C\213'\252;p\007\211\345G\223\330\261\277\313\310Pm\016p|\376\310\342\020\261vF0D\002 #\217\262-e\252x@|\2753\362\344\236kLu`:f\306\205X:Sl\016\272\246\020\360{\002 \032\177a4\013\276\335I\361\0070=\nT{\364\353\351\251$\351{E\252C\213\371#d\000\363\236""; "
1750534062087,1750534062087,3986,1,1,2,TMValidation,"validation: """"\200\000\000\000&\000\000\000\002)/\351\304-:o\206g1\341\2401\207Q\375Tb0K\335\321\024\352,O(gj\245\230\256A>\305\303\246k\022Nn\260\272\033\302\024\214P\027\000\000\000\000\000\000\000\000\000\000\000\000\000\000\000\000\000\000\000\000\000\000\000\000\000\000\000\000\000\000\000\000P\031-}\351f\032\255\274\334m\326c\017\014ao[\342\230\003\245\245\3341Hm\326^\017jy\335\261s!\002\031\356p7g\301C\213'\252;p\007\211\345G\223\330\261\277\313\310Pm\016p|\376\310\342\020\261vF0D\002 #\217\262-e\252x@|\2753\362\344\236kLu`:f\306\205X:Sl\016\272\246\020\360{\002 \032\177a4\013\276\335I\361\0070=\nT{\364\353\351\251$\351{E\252C\213\371#d\000\363\236""; ","validation: """"\200\000\000\000&\000\000\000\002)/\351\304-:o\206g1\341\2401\207Q\375Tb0K\335\321\024\352,O(gj\245\230\256A>\305\303\246k\022Nn\260\272\033\302\024\214P\027\000\000\000\000\000\000\000\000\000\000\000\000\000\000\000\000\000\000\000\000\000\000\000\000\000\000\000\000\000\000\000\000P\031-}\351f\032\255\274\334m\326c\017\014ao[\342\230\003\245\245\3341Hm\326^\017jy\335\261s!\002\031\356p7g\301C\213'\252;p\007\211\345G\223\330\261\277\313\310Pm\016p|\376\310\342\020\261vF0D\002 #\217\262-e\252x@|\2753\362\344\236kLu`:f\306\205X:Sl\016\272\246\020\360{\002 \032\177a4\013\276\335I\361\0070=\nT{\364\353\351\251$\351{E\252C\213\371#d\000\363\236""; "
1750534062195,1750534062195,1412,1,1,3,TMValidation,"validation: """"\200\000\000\000&\000\000\000\002)/\351\304-:\2127%d\216O\2029Q\375Tb0K\335\321\024\352,O(gj\245\230\256A>\305\303\246k\022Nn\260\272\033\302\024\214P\027\000\000\000\000\000\000\000\000\000\000\000\000\000\000\000\000\000\000\000\000\000\000\000\000\000\000\000\000\000\000\000\000P\031-}\351f\032\255\274\334m\326c\017\014ao[\342\230\003\245\245\3341Hm\326^\017jy\335\261s!\003\241q\201\005c\265\003\367~\267xq\264\m_\310U\235\3644\246\306\345#""\246\274'%\251)vG0E\002!\000\265\277\314\260\270\307a0\207\260\005\017\033\311\362b\304\002\215\034k\323\023\212\352Z\357\253J\276\317\375\002 %\215\007^\366\245\275E\256Y\005\310\333\007\305e}\366\353e\254\305\013\335\356\266\361\303e\000#\352""; ","validation: """"\200\000\000\000&\000\000\000\002)/\351\304-:\2127%d\216O\2029Q\375Tb0K\335\321\024\352,O(gj\245\230\256A>\305\303\246k\022Nn\260\272\033\302\024\214P\027\000\000\000\000\000\000\000\000\000\000\000\000\000\000\000\000\000\000\000\000\000\000\000\000\000\000\000\000\000\000\000\000P\031-}\351f\032\255\274\334m\326c\017\014ao[\342\230\003\245\245\3341Hm\326^\017jy\335\261s!\003\241q\201\005c\265\003\367~\267xq\264\m_\310U\235\3644\246\306\345#""\246\274'%\251)vG0E\002!\000\265\277\314\260\270\307a0\207\260\005\017\033\311\362b\304\002\215\034k\323\023\212\352Z\357\253J\276\317\375\002 %\215\007^\366\245\275E\256Y\005\310\333\007\305e}\366\353e\254\305\013\335\356\266\361\303e\000#\352""; "
1750534062195,1750534062195,1959,1,1,4,TMValidation,"validation: """"\200\000\000\000&\000\000\000\002)/\351\304-:\2127%d\216O\2029Q\375Tb0K\335\321\024\352,O(gj\245\230\256A>\305\303\246k\022Nn\260\272\033\302\024\214P\027\000\000\000\000\000\000\000\000\000\000\000\000\000\000\000\000\000\000\000\000\000\000\000\000\000\000\000\000\000\000\000\000P\031-}\351f\032\255\274\334m\326c\017\014ao[\342\230\003\245\245\3341Hm\326^\017jy\335\261s!\003\241q\201\005c\265\003\367~\267xq\264\m_\310U\235\3644\246\306\345#""\246\274'%\251)vG0E\002!\000\265\277\314\260\270\307a0\207\260\005\017\033\311\362b\304\002\215\034k\323\023\212\352Z\357\253J\276\317\375\002 %\215\007^\366\245\275E\256Y\005\310\333\007\305e}\366\353e\254\305\013\335\356\266\361\303e\000#\352""; ","validation: """"\200\000\000\000&\000\000\000\002)/\351\304-:\2127%d\216O\2029Q\375Tb0K\335\321\024\352,O(gj\245\230\256A>\305\303\246k\022Nn\260\272\033\302\024\214P\027\000\000\000\000\000\000\000\000\000\000\000\000\000\000\000\000\000\000\000\000\000\000\000\000\000\000\000\000\000\000\000\000P\031-}\351f\032\255\274\334m\326c\017\014ao[\342\230\003\245\245\3341Hm\326^\017jy\335\261s!\003\241q\201\005c\265\003\367~\267xq\264\m_\310U\235\3644\246\306\345#""\246\274'%\251)vG0E\002!\000\265\277\314\260\270\307a0\207\260\005\017\033\311\362b\304\002\215\034k\323\023\212\352Z\357\253J\276\317\375\002 %\215\007^\366\245\275E\256Y\005\310\333\007\305e}\366\353e\254\305\013\335\356\266\361\303e\000#\352""; "
1750534062195,1750534062196,3986,1,1,2,TMValidation,"validation: """"\200\000\000\000&\000\000\000\002)/\351\304-:\2127%d\216O\2029Q\375Tb0K\335\321\024\352,O(gj\245\230\256A>\305\303\246k\022Nn\260\272\033\302\024\214P\027\000\000\000\000\000\000\000\000\000\000\000\000\000\000\000\000\000\000\000\000\000\000\000\000\000\000\000\000\000\000\000\000P\031-}\351f\032\255\274\334m\326c\017\014ao[\342\230\003\245\245\3341Hm\326^\017jy\335\261s!\003\241q\201\005c\265\003\367~\267xq\264\m_\310U\235\3644\246\306\345#""\246\274'%\251)vG0E\002!\000\265\277\314\260\270\307a0\207\260\005\017\033\311\362b\304\002\215\034k\323\023\212\352Z\357\253J\276\317\375\002 %\215\007^\366\245\275E\256Y\005\310\333\007\305e}\366\353e\254\305\013\335\356\266\361\303e\000#\352""; ","validation: """"\200\000\000\000&\000\000\000\002)/\351\304-:\2127%d\216O\2029Q\375Tb0K\335\321\024\352,O(gj\245\230\256A>\305\303\246k\022Nn\260\272\033\302\024\214P\027\000\000\000\000\000\000\000\000\000\000\000\000\000\000\000\000\000\000\000\000\000\000\000\000\000\000\000\000\000\000\000\000P\031-}\351f\032\255\274\334m\326c\017\014ao[\342\230\003\245\245\3341Hm\326^\017jy\335\261s!\003\241q\201\005c\265\003\367~\267xq\264\m_\310U\235\3644\246\306\345#""\246\274'%\251)vG0E\002!\000\265\277\314\260\270\307a0\207\260\005\017\033\311\362b\304\002\215\034k\323\023\212\352Z\357\253J\276\317\375\002 %\215\007^\366\245\275E\256Y\005\310\333\007\305e}\366\353e\254\305\013\335\356\266\361\303e\000#\352""; "
1750534062236,1750534062236,3863,1,0,4,TMValidation,"validation: """"\200\000\000\000&\000\000\000\002)/\351\304-:\001\317\351\3603A\3522Q\375Tb0K\335\321\024\352,O(gj\245\230\256A>\305\303\246k\022Nn\260\272\033\302\024\214P\027\000\000\000\000\000\000\000\000\000\000\000\000\000\000\000\000\000\000\000\000\000\000\000\000\000\000\000\000\000\000\000\000P\031-}\351f\032\255\274\334m\326c\017\014ao[\342\230\003\245\245\3341Hm\326^\017jy\335\261s!\003)\036\227\370\t\264\235\206\317\234B\n\230/\375\257\335fo\253d\026_\357K\336\020\302\356\323\222\376vG0E\002!\000\247\323\255EN\357F\232K\353V\236\270\017B\033l\271$\346\247\305/\356*\025j\261|\022\304\340\002 %\374\346|\220~mXQ\345\342C-l\026\222\312\276\306\324\316\303\306\346\276\200\304\301C\325\317\305""; ","validation: """"\200\000\000\000&\000\000\000\002)/\351\304-:\001\317\351\3603A\3522Q\375Tb0K\335\321\024\352,O(gj\245\230\256A>\305\303\246k\022Nn\260\272\033\302\024\214P\027\000\000\000\000\000\000\000\000\000\000\000\000\000\000\000\000\000\000\000\000\000\000\000\000\000\000\000\000\000\000\000\000P\031-}\351f\032\255\274\334m\326c\017\014ao[\342\230\003\245\245\3341Hm\326^\017jy\335\261s!\003)\036\227\370\t\264\235\206\317\234B\n\230/\375\257\335fo\253d\026_\357K\336\020\302\356\323\222\376vG0E\002!\000\247\323\255EN\357F\232K\353V\236\270\017B\033l\271$\346\247\305/\356*\025j\261|\022\304\340\002 %\374\346|\220~mXQ\345\342C-l\026\222\312\276\306\324\316\303\306\346\276\200\304\301C\325\317\305""; "
1750534062236,1750534062236,2776,1,0,3,TMValidation,"validation: """"\200\000\000\000&\000\000\000\002)/\351\304-:\001\317\351\3603A\3522Q\375Tb0K\335\321\024\352,O(gj\245\230\256A>\305\303\246k\022Nn\260\272\033\302\024\214P\027\000\000\000\000\000\000\000\000\000\000\000\000\000\000\000\000\000\000\000\000\000\000\000\000\000\000\000\000\000\000\000\000P\031-}\351f\032\255\274\334m\326c\017\014ao[\342\230\003\245\245\3341Hm\326^\017jy\335\261s!\003)\036\227\370\t\264\235\206\317\234B\n\230/\375\257\335fo\253d\026_\357K\336\020\302\356\323\222\376vG0E\002!\000\247\323\255EN\357F\232K\353V\236\270\017B\033l\271$\346\247\305/\356*\025j\261|\022\304\340\002 %\374\346|\220~mXQ\345\342C-l\026\222\312\276\306\324\316\303\306\346\276\200\304\301C\325\317\305""; ","validation: """"\200\000\000\000&\000\000\000\002)/\351\304-:\001\317\351\3603A\3522Q\375Tb0K\335\321\024\352,O(gj\245\230\256A>\305\303\246k\022Nn\260\272\033\302\024\214P\027\000\000\000\000\000\000\000\000\000\000\000\000\000\000\000\000\000\000\000\000\000\000\000\000\000\000\000\000\000\000\000\000P\031-}\351f\032\255\274\334m\326c\017\014ao[\342\230\003\245\245\3341Hm\326^\017jy\335\261s!\003)\036\227\370\t\264\235\206\317\234B\n\230/\375\257\335fo\253d\026_\357K\336\020\302\356\323\222\376vG0E\002!\000\247\323\255EN\357F\232K\353V\236\270\017B\033l\271$\346\247\305/\356*\025j\261|\022\304\340\002 %\374\346|\220~mXQ\345\342C-l\026\222\312\276\306\324\316\303\306\346\276\200\304\301C\325\317\305""; "
1750534062236,1750534062236,1927,1,0,2,TMValidation,"validation: """"\200\000\000\000&\000\000\000\002)/\351\304-:\001\317\351\3603A\3522Q\375Tb0K\335\321\024\352,O(gj\245\230\256A>\305\303\246k\022Nn\260\272\033\302\024\214P\027\000\000\000\000\000\000\000\000\000\000\000\000\000\000\000\000\000\000\000\000\000\000\000\000\000\000\000\000\000\000\000\000P\031-}\351f\032\255\274\334m\326c\017\014ao[\342\230\003\245\245\3341Hm\326^\017jy\335\261s!\003)\036\227\370\t\264\235\206\317\234B\n\230/\375\257\335fo\253d\026_\357K\336\020\302\356\323\222\376vG0E\002!\000\247\323\255EN\357F\232K\353V\236\270\017B\033l\271$\346\247\305/\356*\025j\261|\022\304\340\002 %\374\346|\220~mXQ\345\342C-l\026\222\312\276\306\324\316\303\306\346\276\200\304\301C\325\317\305""; ","validation: """"\200\000\000\000&\000\000\000\002)/\351\304-:\001\317\351\3603A\3522Q\375Tb0K\335\321\024\352,O(gj\245\230\256A>\305\303\246k\022Nn\260\272\033\302\024\214P\027\000\000\000\000\000\000\000\000\000\000\000\000\000\000\000\000\000\000\000\000\000\000\000\000\000\000\000\000\000\000\000\000P\031-}\351f\032\255\274\334m\326c\017\014ao[\342\230\003\245\245\3341Hm\326^\017jy\335\261s!\003)\036\227\370\t\264\235\206\317\234B\n\230/\375\257\335fo\253d\026_\357K\336\020\302\356\323\222\376vG0E\002!\000\247\323\255EN\357F\232K\353V\236\270\017B\033l\271$\346\247\305/\356*\025j\261|\022\304\340\002 %\374\346|\220~mXQ\345\342C-l\026\222\312\276\306\324\316\303\306\346\276\200\304\301C\325\317\305""; "
1750534063101,1750534063101,3709,1,3,2,TMValidation,"validation: """"\200\000\000\000&\000\000\000\002)/\351\304-:\001\317\351\3603A\3522Q\375Tb0K\335\321\024\352,O(gj\245\230\256A>\305\303\246k\022Nn\260\272\033\302\024\214P\027\000\000\000\000\000\000\000\000\000\000\000\000\000\000\000\000\000\000\000\000\000\000\000\000\000\000\000\000\000\000\000\000P\031-}\351f\032\255\274\334m\326c\017\014ao[\342\230\003\245\245\3341Hm\326^\017jy\335\261s!\003)\036\227\370\t\264\235\206\317\234B\n\230/\375\257\335fo\253d\026_\357K\336\020\302\356\323\222\376vG0E\002!\000\247\323\255EN\357F\232K\353V\236\270\017B\033l\271$\346\247\305/\356*\025j\261|\022\304\340\002 %\374\346|\220~mXQ\345\342C-l\026\222\312\276\306\324\316\303\306\346\276\200\304\301C\325\317\305""; ","validation: """"\200\000\000\000&\000\000\000\002)/\351\304-:\001\317\351\3603A\3522Q\375Tb0K\335\321\024\352,O(gj\245\230\256A>\305\303\246k\022Nn\260\272\033\302\024\214P\027\000\000\000\000\000\000\000\000\000\000\000\000\000\000\000\000\000\000\000\000\000\000\000\000\000\000\000\000\000\000\000\000P\031-}\351f\032\255\274\334m\326c\017\014ao[\342\230\003\245\245\3341Hm\326^\017jy\335\261s!\003)\036\227\370\t\264\235\206\317\234B\n\230/\375\257\335fo\253d\026_\357K\336\020\302\356\323\222\376vG0E\002!\000\247\323\255EN\357F\232K\353V\236\270\017B\033l\271$\346\247\305/\356*\025j\261|\022\304\340\002 %\374\346|\220~mXQ\345\342C-l\026\222\312\276\306\324\316\303\306\346\276\200\304\301C\325\317\305""; "
1750534063102,1750534063102,2058,1,3,0,TMValidation,"validation: """"\200\000\000\000&\000\000\000\002)/\351\304-:\001\317\351\3603A\3522Q\375Tb0K\335\321\024\352,O(gj\245\230\256A>\305\303\246k\022Nn\260\272\033\302\024\214P\027\000\000\000\000\000\000\000\000\000\000\000\000\000\000\000\000\000\000\000\000\000\000\000\000\000\000\000\000\000\000\000\000P\031-}\351f\032\255\274\334m\326c\017\014ao[\342\230\003\245\245\3341Hm\326^\017jy\335\261s!\003)\036\227\370\t\264\235\206\317\234B\n\230/\375\257\335fo\253d\026_\357K\336\020\302\356\323\222\376vG0E\002!\000\247\323\255EN\357F\232K\353V\236\270\017B\033l\271$\346\247\305/\356*\025j\261|\022\304\340\002 %\374\346|\220~mXQ\345\342C-l\026\222\312\276\306\324\316\303\306\346\276\200\304\301C\325\317\305""; ","validation: """"\200\000\000\000&\000\000\000\002)/\351\304-:\001\317\351\3603A\3522Q\375Tb0K\335\321\024\352,O(gj\245\230\256A>\305\303\246k\022Nn\260\272\033\302\024\214P\027\000\000\000\000\000\000\000\000\000\000\000\000\000\000\000\000\000\000\000\000\000\000\000\000\000\000\000\000\000\000\000\000P\031-}\351f\032\255\274\334m\326c\017\014ao[\342\230\003\245\245\3341Hm\326^\017jy\335\261s!\003)\036\227\370\t\264\235\206\317\234B\n\230/\375\257\335fo\253d\026_\357K\336\020\302\356\323\222\376vG0E\002!\000\247\323\255EN\357F\232K\353V\236\270\017B\033l\271$\346\247\305/\356*\025j\261|\022\304\340\002 %\374\346|\220~mXQ\345\342C-l\026\222\312\276\306\324\316\303\306\346\276\200\304\301C\325\317\305""; "
1750534063102,1750534063102,3677,1,3,4,TMValidation,"validation: """"\200\000\000\000&\000\000\000\002)/\351\304-:\001\317\351\3603A\3522Q\375Tb0K\335\321\024\352,O(gj\245\230\256A>\305\303\246k\022Nn\260\272\033\302\024\214P\027\000\000\000\000\000\000\000\000\000\000\000\000\000\000\000\000\000\000\000\000\000\000\000\000\000\000\000\000\000\000\000\000P\031-}\351f\032\255\274\334m\326c\017\014ao[\342\230\003\245\245\3341Hm\326^\017jy\335\261s!\003)\036\227\370\t\264\235\206\317\234B\n\230/\375\257\335fo\253d\026_\357K\336\020\302\356\323\222\376vG0E\002!\000\247\323\255EN\357F\232K\353V\236\270\017B\033l\271$\346\247\305/\356*\025j\261|\022\304\340\002 %\374\346|\220~mXQ\345\342C-l\026\222\312\276\306\324\316\303\306\346\276\200\304\301C\325\317\305""; ","validation: """"\200\000\000\000&\000\000\000\002)/\351\304-:\001\317\351\3603A\3522Q\375Tb0K\335\321\024\352,O(gj\245\230\256A>\305\303\246k\022Nn\260\272\033\302\024\214P\027\000\000\000\000\000\000\000\000\000\000\000\000\000\000\000\000\000\000\000\000\000\000\000\000\000\000\000\000\000\000\000\000P\031-}\351f\032\255\274\334m\326c\017\014ao[\342\230\003\245\245\3341Hm\326^\017jy\335\261s!\003)\036\227\370\t\264\235\206\317\234B\n\230/\375\257\335fo\253d\026_\357K\336\020\302\356\323\222\376vG0E\002!\000\247\323\255EN\357F\232K\353V\236\270\017B\033l\271$\346\247\305/\356*\025j\261|\022\304\340\002 %\374\346|\220~mXQ\345\342C-l\026\222\312\276\306\324\316\303\306\346\276\200\304\301C\325\317\305""; "
1750534063310,1750534063311,3677,1,3,4,TMValidation,"validation: """"\200\000\000\000&\000\000\000\002)/\351\304-:7\006\273IhO\034\261Q\375Tb0K\335\321\024\352,O(gj\245\230\256A>\305\303\246k\022Nn\260\272\033\302\024\214P\027\000\000\000\000\000\000\000\000\000\000\000\000\000\000\000\000\000\000\000\000\000\000\000\000\000\000\000\000\000\000\000\000P\031-}\351f\032\255\274\334m\326c\017\014ao[\342\230\003\245\245\3341Hm\326^\017jy\335\261s!\002\227gv\346\003n\232f\264\2224\366\324\341o\5\217J\337\2771q\223O\025\217G8\235\301fvF0D\002 >\033 96f}\323\343\370+\335\033*N\347\322Q\334M\204\214\210\201\350Yhn|\\232\365\002 r\335;A\0163\352\024\220\376\311\314)\353\276p\273\234Ps7:\350\251\211\021\212J\223\253\211Q""; ","validation: """"\200\000\000\000&\000\000\000\002)/\351\304-:7\006\273IhO\034\261Q\375Tb0K\335\321\024\352,O(gj\245\230\256A>\305\303\246k\022Nn\260\272\033\302\024\214P\027\000\000\000\000\000\000\000\000\000\000\000\000\000\000\000\000\000\000\000\000\000\000\000\000\000\000\000\000\000\000\000\000P\031-}\351f\032\255\274\334m\326c\017\014ao[\342\230\003\245\245\3341Hm\326^\017jy\335\261s!\002\227gv\346\003n\232f\264\2224\366\324\341o\5\217J\337\2771q\223O\025\217G8\235\301fvF0D\002 >\033 96f}\323\343\370+\335\033*N\347\322Q\334M\204\214\210\201\350Yhn|\\232\365\002 r\335;A\0163\352\024\220\376\311\314)\353\276p\273\234Ps7:\350\251\211\021\212J\223\253\211Q""; "
1750534063311,1750534063311,2058,1,3,0,TMValidation,"validation: """"\200\000\000\000&\000\000\000\002)/\351\304-:7\006\273IhO\034\261Q\375Tb0K\335\321\024\352,O(gj\245\230\256A>\305\303\246k\022Nn\260\272\033\302\024\214P\027\000\000\000\000\000\000\000\000\000\000\000\000\000\000\000\000\000\000\000\000\000\000\000\000\000\000\000\000\000\000\000\000P\031-}\351f\032\255\274\334m\326c\017\014ao[\342\230\003\245\245\3341Hm\326^\017jy\335\261s!\002\227gv\346\003n\232f\264\2224\366\324\341o\5\217J\337\2771q\223O\025\217G8\235\301fvF0D\002 >\033 96f}\323\343\370+\335\033*N\347\322Q\334M\204\214\210\201\350Yhn|\\232\365\002 r\335;A\0163\352\024\220\376\311\314)\353\276p\273\234Ps7:\350\251\211\021\212J\223\253\211Q""; ","validation: """"\200\000\000\000&\000\000\000\002)/\351\304-:7\006\273IhO\034\261Q\375Tb0K\335\321\024\352,O(gj\245\230\256A>\305\303\246k\022Nn\260\272\033\302\024\214P\027\000\000\000\000\000\000\000\000\000\000\000\000\000\000\000\000\000\000\000\000\000\000\000\000\000\000\000\000\000\000\000\000P\031-}\351f\032\255\274\334m\326c\017\014ao[\342\230\003\245\245\3341Hm\326^\017jy\335\261s!\002\227gv\346\003n\232f\264\2224\366\324\341o\5\217J\337\2771q\223O\025\217G8\235\301fvF0D\002 >\033 96f}\323\343\370+\335\033*N\347\322Q\334M\204\214\210\201\350Yhn|\\232\365\002 r\335;A\0163\352\024\220\376\311\314)\353\276p\273\234Ps7:\350\251\211\021\212J\223\253\211Q""; "
1750534063311,1750534063311,3709,1,3,2,TMValidation,"validation: """"\200\000\000\000&\000\000\000\002)/\351\304-:7\006\273IhO\034\261Q\375Tb0K\335\321\024\352,O(gj\245\230\256A>\305\303\246k\022Nn\260\272\033\302\024\214P\027\000\000\000\000\000\000\000\000\000\000\000\000\000\000\000\000\000\000\000\000\000\000\000\000\000\000\000\000\000\000\000\000P\031-}\351f\032\255\274\334m\326c\017\014ao[\342\230\003\245\245\3341Hm\326^\017jy\335\261s!\002\227gv\346\003n\232f\264\2224\366\324\341o\5\217J\337\2771q\223O\025\217G8\235\301fvF0D\002 >\033 96f}\323\343\370+\335\033*N\347\322Q\334M\204\214\210\201\350Yhn|\\232\365\002 r\335;A\0163\352\024\220\376\311\314)\353\276p\273\234Ps7:\350\251\211\021\212J\223\253\211Q""; ","validation: """"\200\000\000\000&\000\000\000\002)/\351\304-:7\006\273IhO\034\261Q\375Tb0K\335\321\024\352,O(gj\245\230\256A>\305\303\246k\022Nn\260\272\033\302\024\214P\027\000\000\000\000\000\000\000\000\000\000\000\000\000\000\000\000\000\000\000\000\000\000\000\000\000\000\000\000\000\000\000\000P\031-}\351f\032\255\274\334m\326c\017\014ao[\342\230\003\245\245\3341Hm\326^\017jy\335\261s!\002\227gv\346\003n\232f\264\2224\366\324\341o\5\217J\337\2771q\223O\025\217G8\235\301fvF0D\002 >\033 96f}\323\343\370+\335\033*N\347\322Q\334M\204\214\210\201\350Yhn|\\232\365\002 r\335;A\0163\352\024\220\376\311\314)\353\276p\273\234Ps7:\350\251\211\021\212J\223\253\211Q""; "
1750534063456,1750534063456,272,1,4,3,TMValidation,"validation: """"\200\000\000\000&\000\000\000\002)/\351\304-:o\206g1\341\2401\207Q\375Tb0K\335\321\024\352,O(gj\245\230\256A>\305\303\246k\022Nn\260\272\033\302\024\214P\027\000\000\000\000\000\000\000\000\000\000\000\000\000\000\000\000\000\000\000\000\000\000\000\000\000\000\000\000\000\000\000\000P\031-}\351f\032\255\274\334m\326c\017\014ao[\342\230\003\245\245\3341Hm\326^\017jy\335\261s!\002\031\356p7g\301C\213'\252;p\007\211\345G\223\330\261\277\313\310Pm\016p|\376\310\342\020\261vF0D\002 #\217\262-e\252x@|\2753\362\344\236kLu`:f\306\205X:Sl\016\272\246\020\360{\002 \032\177a4\013\276\335I\361\0070=\nT{\364\353\351\251$\351{E\252C\213\371#d\000\363\236""; ","validation: """"\200\000\000\000&\000\000\000\002)/\351\304-:o\206g1\341\2401\207Q\375Tb0K\335\321\024\352,O(gj\245\230\256A>\305\303\246k\022Nn\260\272\033\302\024\214P\027\000\000\000\000\000\000\000\000\000\000\000\000\000\000\000\000\000\000\000\000\000\000\000\000\000\000\000\000\000\000\000\000P\031-}\351f\032\255\274\334m\326c\017\014ao[\342\230\003\245\245\3341Hm\326^\017jy\335\261s!\002\031\356p7g\301C\213'\252;p\007\211\345G\223\330\261\277\313\310Pm\016p|\376\310\342\020\261vF0D\002 #\217\262-e\252x@|\2753\362\344\236kLu`:f\306\205X:Sl\016\272\246\020\360{\002 \032\177a4\013\276\335I\361\0070=\nT{\364\353\351\251$\351{E\252C\213\371#d\000\363\236""; "
1750534063456,1750534063457,2854,1,4,0,TMValidation,"validation: """"\200\000\000\000&\000\000\000\002)/\351\304-:o\206g1\341\2401\207Q\375Tb0K\335\321\024\352,O(gj\245\230\256A>\305\303\246k\022Nn\260\272\033\302\024\214P\027\000\000\000\000\000\000\000\000\000\000\000\000\000\000\000\000\000\000\000\000\000\000\000\000\000\000\000\000\000\000\000\000P\031-}\351f\032\255\274\334m\326c\017\014ao[\342\230\003\245\245\3341Hm\326^\017jy\335\261s!\002\031\356p7g\301C\213'\252;p\007\211\345G\223\330\261\277\313\310Pm\016p|\376\310\342\020\261vF0D\002 #\217\262-e\252x@|\2753\362\344\236kLu`:f\306\205X:Sl\016\272\246\020\360{\002 \032\177a4\013\276\335I\361\0070=\nT{\364\353\351\251$\351{E\252C\213\371#d\000\363\236""; ","validation: """"\200\000\000\000&\000\000\000\002)/\351\304-:o\206g1\341\2401\207Q\375Tb0K\335\321\024\352,O(gj\245\230\256A>\305\303\246k\022Nn\260\272\033\302\024\214P\027\000\000\000\000\000\000\000\000\000\000\000\000\000\000\000\000\000\000\000\000\000\000\000\000\000\000\000\000\000\000\000\000P\031-}\351f\032\255\274\334m\326c\017\014ao[\342\230\003\245\245\3341Hm\326^\017jy\335\261s!\002\031\356p7g\301C\213'\252;p\007\211\345G\223\330\261\277\313\310Pm\016p|\376\310\342\020\261vF0D\002 #\217\262-e\252x@|\2753\362\344\236kLu`:f\306\205X:Sl\016\272\246\020\360{\002 \032\177a4\013\276\335I\361\0070=\nT{\364\353\351\251$\351{E\252C\213\371#d\000\363\236""; "
1750534063457,1750534063457,2659,1,4,1,TMValidation,"validation: """"\200\000\000\000&\000\000\000\002)/\351\304-:o\206g1\341\2401\207Q\375Tb0K\335\321\024\352,O(gj\245\230\256A>\305\303\246k\022Nn\260\272\033\302\024\214P\027\000\000\000\000\000\000\000\000\000\000\000\000\000\000\000\000\000\000\000\000\000\000\000\000\000\000\000\000\000\000\000\000P\031-}\351f\032\255\274\334m\326c\017\014ao[\342\230\003\245\245\3341Hm\326^\017jy\335\261s!\002\031\356p7g\301C\213'\252;p\007\211\345G\223\330\261\277\313\310Pm\016p|\376\310\342\020\261vF0D\002 #\217\262-e\252x@|\2753\362\344\236kLu`:f\306\205X:Sl\016\272\246\020\360{\002 \032\177a4\013\276\335I\361\0070=\nT{\364\353\351\251$\351{E\252C\213\371#d\000\363\236""; ","validation: """"\200\000\000\000&\000\000\000\002)/\351\304-:o\206g1\341\2401\207Q\375Tb0K\335\321\024\352,O(gj\245\230\256A>\305\303\246k\022Nn\260\272\033\302\024\214P\027\000\000\000\000\000\000\000\000\000\000\000\000\000\000\000\000\000\000\000\000\000\000\000\000\000\000\000\000\000\000\000\000P\031-}\351f\032\255\274\334m\326c\017\014ao[\342\230\003\245\245\3341Hm\326^\017jy\335\261s!\002\031\356p7g\301C\213'\252;p\007\211\345G\223\330\261\277\313\310Pm\016p|\376\310\342\020\261vF0D\002 #\217\262-e\252x@|\2753\362\344\236kLu`:f\306\205X:Sl\016\272\246\020\360{\002 \032\177a4\013\276\335I\361\0070=\nT{\364\353\351\251$\351{E\252C\213\371#d\000\363\236""; "
1750534063500,1750534063500,3709,1,3,2,TMValidation,"validation: """"\200\000\000\000&\000\000\000\002)/\351\304-:o\206g1\341\2401\207Q\375Tb0K\335\321\024\352,O(gj\245\230\256A>\305\303\246k\022Nn\260\272\033\302\024\214P\027\000\000\000\000\000\000\000\000\000\000\000\000\000\000\000\000\000\000\000\000\000\000\000\000\000\000\000\000\000\000\000\000P\031-}\351f\032\255\274\334m\326c\017\014ao[\342\230\003\245\245\3341Hm\326^\017jy\335\261s!\002\031\356p7g\301C\213'\252;p\007\211\345G\223\330\261\277\313\310Pm\016p|\376\310\342\020\261vF0D\002 #\217\262-e\252x@|\2753\362\344\236kLu`:f\306\205X:Sl\016\272\246\020\360{\002 \032\177a4\013\276\335I\361\0070=\nT{\364\353\351\251$\351{E\252C\213\371#d\000\363\236""; ","validation: """"\200\000\000\000&\000\000\000\002)/\351\304-:o\206g1\341\2401\207Q\375Tb0K\335\321\024\352,O(gj\245\230\256A>\305\303\246k\022Nn\260\272\033\302\024\214P\027\000\000\000\000\000\000\000\000\000\000\000\000\000\000\000\000\000\000\000\000\000\000\000\000\000\000\000\000\000\000\000\000P\031-}\351f\032\255\274\334m\326c\017\014ao[\342\230\003\245\245\3341Hm\326^\017jy\335\261s!\002\031\356p7g\301C\213'\252;p\007\211\345G\223\330\261\277\313\310Pm\016p|\376\310\342\020\261vF0D\002 #\217\262-e\252x@|\2753\362\344\236kLu`:f\306\205X:Sl\016\272\246\020\360{\002 \032\177a4\013\276\335I\361\0070=\nT{\364\353\351\251$\351{E\252C\213\371#d\000\363\236""; "
1750534063501,1750534063501,2058,1,3,0,TMValidation,"validation: """"\200\000\000\000&\000\000\000\002)/\351\304-:o\206g1\341\2401\207Q\375Tb0K\335\321\024\352,O(gj\245\230\256A>\305\303\246k\022Nn\260\272\033\302\024\214P\027\000\000\000\000\000\000\000\000\000\000\000\000\000\000\000\000\000\000\000\000\000\000\000\000\000\000\000\000\000\000\000\000P\031-}\351f\032\255\274\334m\326c\017\014ao[\342\230\003\245\245\3341Hm\326^\017jy\335\261s!\002\031\356p7g\301C\213'\252;p\007\211\345G\223\330\261\277\313\310Pm\016p|\376\310\342\020\261vF0D\002 #\217\262-e\252x@|\2753\362\344\236kLu`:f\306\205X:Sl\016\272\246\020\360{\002 \032\177a4\013\276\335I\361\0070=\nT{\364\353\351\251$\351{E\252C\213\371#d\000\363\236""; ","validation: """"\200\000\000\000&\000\000\000\002)/\351\304-:o\206g1\341\2401\207Q\375Tb0K\335\321\024\352,O(gj\245\230\256A>\305\303\246k\022Nn\260\272\033\302\024\214P\027\000\000\000\000\000\000\000\000\000\000\000\000\000\000\000\000\000\000\000\000\000\000\000\000\000\000\000\000\000\000\000\000P\031-}\351f\032\255\274\334m\326c\017\014ao[\342\230\003\245\245\3341Hm\326^\017jy\335\261s!\002\031\356p7g\301C\213'\252;p\007\211\345G\223\330\261\277\313\310Pm\016p|\376\310\342\020\261vF0D\002 #\217\262-e\252x@|\2753\362\344\236kLu`:f\306\205X:Sl\016\272\246\020\360{\002 \032\177a4\013\276\335I\361\0070=\nT{\364\353\351\251$\351{E\252C\213\371#d\000\363\236""; "
1750534063500,1750534063501,3677,1,3,4,TMValidation,"validation: """"\200\000\000\000&\000\000\000\002)/\351\304-:o\206g1\341\2401\207Q\375Tb0K\335\321\024\352,O(gj\245\230\256A>\305\303\246k\022Nn\260\272\033\302\024\214P\027\000\000\000\000\000\000\000\000\000\000\000\000\000\000\000\000\000\000\000\000\000\000\000\000\000\000\000\000\000\000\000\000P\031-}\351f\032\255\274\334m\326c\017\014ao[\342\230\003\245\245\3341Hm\326^\017jy\335\261s!\002\031\356p7g\301C\213'\252;p\007\211\345G\223\330\261\277\313\310Pm\016p|\376\310\342\020\261vF0D\002 #\217\262-e\252x@|\2753\362\344\236kLu`:f\306\205X:Sl\016\272\246\020\360{\002 \032\177a4\013\276\335I\361\0070=\nT{\364\353\351\251$\351{E\252C\213\371#d\000\363\236""; ","validation: """"\200\000\000\000&\000\000\000\002)/\351\304-:o\206g1\341\2401\207Q\375Tb0K\335\321\024\352,O(gj\245\230\256A>\305\303\246k\022Nn\260\272\033\302\024\214P\027\000\000\000\000\000\000\000\000\000\000\000\000\000\000\000\000\000\000\000\000\000\000\000\000\000\000\000\000\000\000\000\000P\031-}\351f\032\255\274\334m\326c\017\014ao[\342\230\003\245\245\3341Hm\326^\017jy\335\261s!\002\031\356p7g\301C\213'\252;p\007\211\345G\223\330\261\277\313\310Pm\016p|\376\310\342\020\261vF0D\002 #\217\262-e\252x@|\2753\362\344\236kLu`:f\306\205X:Sl\016\272\246\020\360{\002 \032\177a4\013\276\335I\361\0070=\nT{\364\353\351\251$\351{E\252C\213\371#d\000\363\236""; "
1750534063542,1750534063542,1066,1,2,3,TMLedgerData,"ledgerHash: ""\375Tb0K\335\321\024\352,O(gj\245\230\256A>\305\303\246k\022Nn\260\272\033\302\024\214""; ledgerSeq: 2; type: liBASE; nodes {;   nodedata: ""\000\000\000\002\001cEx]\212\000\000-}\351f\032\255\274\334m\326c\017\014ao[\342\230\003\245\245\3341Hm\326^\017jy\335\261\000\000\000\000\000\000\000\000\000\000\000\000\000\000\000\000\000\000\000\000\000\000\000\000\000\000\000\000\000\000\000\000{e\2655L\2440\340\020\277~\333\017WF\230\334\351\277\266\267\357{\321\317\275\374\330\255\231Z\226(\366\274\006/\351\304""\n\000""; }; nodes {;   nodedata: ""\303\016\021\310<Z\337\266>\225@&n\022\246\274\353\220\345b3\035\313\350L\354\254\002\005\305\035\017\002E\344\037@\210\363\010\336T\226\247'\204_{\261\370""1\235\2445\343\033Y!\212\201\341\272\225'\007>L\014O\253g\352\035\214I\361\342\213\274\243\225\r\327qi\207\254\211\347\300?w\214Ha~\260\013\003""; }; ","ledgerHash: ""\375Tb0K\335\321\024\352,O(gj\245\230\256A>\305\303\246k\022Nn\260\272\033\302\024\214""; ledgerSeq: 2; type: liBASE; nodes {;   nodedata: ""\000\000\000\002\001cEx]\212\000\000-}\351f\032\255\274\334m\326c\017\014ao[\342\230\003\245\245\3341Hm\326^\017jy\335\261\000\000\000\000\000\000\000\000\000\000\000\000\000\000\000\000\000\000\000\000\000\000\000\000\000\000\000\000\000\000\000\000{e\2655L\2440\340\020\277~\333\017WF\230\334\351\277\266\267\357{\321\317\275\374\330\255\231Z\226(\366\274\006/\351\304""\n\000""; }; nodes {;   nodedata: ""\303\016\021\310<Z\337\266>\225@&n\022\246\274\353\220\345b3\035\313\350L\354\254\002\005\305\035\017\002E\344\037@\210\363\010\336T\226\247'\204_{\261\370""1\235\2445\343\033Y!\212\201\341\272\225'\007>L\014O\253g\352\035\214I\361\342\213\274\243\225\r\327qi\207\254\211\347\300?w\214Ha~\260\013\003""; }; "
1750534063542,1750534063542,1066,1,2,3,TMLedgerData,"ledgerHash: ""\375Tb0K\335\321\024\352,O(gj\245\230\256A>\305\303\246k\022Nn\260\272\033\302\024\214""; ledgerSeq: 2; type: liBASE; nodes {;   nodedata: ""\000\000\000\002\001cEx]\212\000\000-}\351f\032\255\274\334m\326c\017\014ao[\342\230\003\245\245\3341Hm\326^\017jy\335\261\000\000\000\000\000\000\000\000\000\000\000\000\000\000\000\000\000\000\000\000\000\000\000\000\000\000\000\000\000\000\000\000{e\2655L\2440\340\020\277~\333\017WF\230\334\351\277\266\267\357{\321\317\275\374\330\255\231Z\226(\366\274\006/\351\304""\n\000""; }; nodes {;   nodedata: ""\303\016\021\310<Z\337\266>\225@&n\022\246\274\353\220\345b3\035\313\350L\354\254\002\005\305\035\017\002E\344\037@\210\363\010\336T\226\247'\204_{\261\370""1\235\2445\343\033Y!\212\201\341\272\225'\007>L\014O\253g\352\035\214I\361\342\213\274\243\225\r\327qi\207\254\211\347\300?w\214Ha~\260\013\003""; }; ","ledgerHash: ""\375Tb0K\335\321\024\352,O(gj\245\230\256A>\305\303\246k\022Nn\260\272\033\302\024\214""; ledgerSeq: 2; type: liBASE; nodes {;   nodedata: ""\000\000\000\002\001cEx]\212\000\000-}\351f\032\255\274\334m\326c\017\014ao[\342\230\003\245\245\3341Hm\326^\017jy\335\261\000\000\000\000\000\000\000\000\000\000\000\000\000\000\000\000\000\000\000\000\000\000\000\000\000\000\000\000\000\000\000\000{e\2655L\2440\340\020\277~\333\017WF\230\334\351\277\266\267\357{\321\317\275\374\330\255\231Z\226(\366\274\006/\351\304""\n\000""; }; nodes {;   nodedata: ""\303\016\021\310<Z\337\266>\225@&n\022\246\274\353\220\345b3\035\313\350L\354\254\002\005\305\035\017\002E\344\037@\210\363\010\336T\226\247'\204_{\261\370""1\235\2445\343\033Y!\212\201\341\272\225'\007>L\014O\253g\352\035\214I\361\342\213\274\243\225\r\327qi\207\254\211\347\300?w\214Ha~\260\013\003""; }; "
1750534063621,1750534063621,1959,1,1,4,TMValidation,"validation: """"\200\000\000\000&\000\000\000\002)/\351\304-:\362\035\024\354\227\211\220\341Q\375Tb0K\335\321\024\352,O(gj\245\230\256A>\305\303\246k\022Nn\260\272\033\302\024\214P\027\000\000\000\000\000\000\000\000\000\000\000\000\000\000\000\000\000\000\000\000\000\000\000\000\000\000\000\000\000\000\000\000P\031-}\351f\032\255\274\334m\326c\017\014ao[\342\230\003\245\245\3341Hm\326^\017jy\335\261s!\003\246\253M+\327\254x)\270\216\311K-\350#\234\005\242\246\352}{iSd\374\322d\355G\010\240vG0E\002!\000\202e\322\207t\023\341\350\262Q\206)\230\217\017L)\277\006\344\344+[\003\325\027y\036-\340\026\007\002 W,\215\260\205A\256\367Ff?7KB\331\026\314%&u\345\211\265\355~\366\23655\246p\205""; ","validation: """"\200\000\000\000&\000\000\000\002)/\351\304-:\362\035\024\354\227\211\220\341Q\375Tb0K\335\321\024\352,O(gj\245\230\256A>\305\303\246k\022Nn\260\272\033\302\024\214P\027\000\000\000\000\000\000\000\000\000\000\000\000\000\000\000\000\000\000\000\000\000\000\000\000\000\000\000\000\000\000\000\000P\031-}\351f\032\255\274\334m\326c\017\014ao[\342\230\003\245\245\3341Hm\326^\017jy\335\261s!\003\246\253M+\327\254x)\270\216\311K-\350#\234\005\242\246\352}{iSd\374\322d\355G\010\240vG0E\002!\000\202e\322\207t\023\341\350\262Q\206)\230\217\017L)\277\006\344\344+[\003\325\027y\036-\340\026\007\002 W,\215\260\205A\256\367Ff?7KB\331\026\314%&u\345\211\265\355~\366\23655\246p\205""; "
1750534063621,1750534063622,546,1,1,0,TMValidation,"validation: """"\200\000\000\000&\000\000\000\002)/\351\304-:\362\035\024\354\227\211\220\341Q\375Tb0K\335\321\024\352,O(gj\245\230\256A>\305\303\246k\022Nn\260\272\033\302\024\214P\027\000\000\000\000\000\000\000\000\000\000\000\000\000\000\000\000\000\000\000\000\000\000\000\000\000\000\000\000\000\000\000\000P\031-}\351f\032\255\274\334m\326c\017\014ao[\342\230\003\245\245\3341Hm\326^\017jy\335\261s!\003\246\253M+\327\254x)\270\216\311K-\350#\234\005\242\246\352}{iSd\374\322d\355G\010\240vG0E\002!\000\202e\322\207t\023\341\350\262Q\206)\230\217\017L)\277\006\344\344+[\003\325\027y\036-\340\026\007\002 W,\215\260\205A\256\367Ff?7KB\331\026\314%&u\345\211\265\355~\366\23655\246p\205""; ","validation: """"\200\000\000\000&\000\000\000\002)/\351\304-:\362\035\024\354\227\211\220\341Q\375Tb0K\335\321\024\352,O(gj\245\230\256A>\305\303\246k\022Nn\260\272\033\302\024\214P\027\000\000\000\000\000\000\000\000\000\000\000\000\000\000\000\000\000\000\000\000\000\000\000\000\000\000\000\000\000\000\000\000P\031-}\351f\032\255\274\334m\326c\017\014ao[\342\230\003\245\245\3341Hm\326^\017jy\335\261s!\003\246\253M+\327\254x)\270\216\311K-\350#\234\005\242\246\352}{iSd\374\322d\355G\010\240vG0E\002!\000\202e\322\207t\023\341\350\262Q\206)\230\217\017L)\277\006\344\344+[\003\325\027y\036-\340\026\007\002 W,\215\260\205A\256\367Ff?7KB\331\026\314%&u\345\211\265\355~\366\23655\246p\205""; "
1750534063622,1750534063622,3986,1,1,2,TMValidation,"validation: """"\200\000\000\000&\000\000\000\002)/\351\304-:\362\035\024\354\227\211\220\341Q\375Tb0K\335\321\024\352,O(gj\245\230\256A>\305\303\246k\022Nn\260\272\033\302\024\214P\027\000\000\000\000\000\000\000\000\000\000\000\000\000\000\000\000\000\000\000\000\000\000\000\000\000\000\000\000\000\000\000\000P\031-}\351f\032\255\274\334m\326c\017\014ao[\342\230\003\245\245\3341Hm\326^\017jy\335\261s!\003\246\253M+\327\254x)\270\216\311K-\350#\234\005\242\246\352}{iSd\374\322d\355G\010\240vG0E\002!\000\202e\322\207t\023\341\350\262Q\206)\230\217\017L)\277\006\344\344+[\003\325\027y\036-\340\026\007\002 W,\215\260\205A\256\367Ff?7KB\331\026\314%&u\345\211\265\355~\366\23655\246p\205""; ","validation: """"\200\000\000\000&\000\000\000\002)/\351\304-:\362\035\024\354\227\211\220\341Q\375Tb0K\335\321\024\352,O(gj\245\230\256A>\305\303\246k\022Nn\260\272\033\302\024\214P\027\000\000\000\000\000\000\000\000\000\000\000\000\000\000\000\000\000\000\000\000\000\000\000\000\000\000\000\000\000\000\000\000P\031-}\351f\032\255\274\334m\326c\017\014ao[\342\230\003\245\245\3341Hm\326^\017jy\335\261s!\003\246\253M+\327\254x)\270\216\311K-\350#\234\005\242\246\352}{iSd\374\322d\355G\010\240vG0E\002!\000\202e\322\207t\023\341\350\262Q\206)\230\217\017L)\277\006\344\344+[\003\325\027y\036-\340\026\007\002 W,\215\260\205A\256\367Ff?7KB\331\026\314%&u\345\211\265\355~\366\23655\246p\205""; "
1750534063647,1750534063647,272,1,4,3,TMValidation,"validation: """"\200\000\000\000&\000\000\000\002)/\351\304-:\001\317\351\3603A\3522Q\375Tb0K\335\321\024\352,O(gj\245\230\256A>\305\303\246k\022Nn\260\272\033\302\024\214P\027\000\000\000\000\000\000\000\000\000\000\000\000\000\000\000\000\000\000\000\000\000\000\000\000\000\000\000\000\000\000\000\000P\031-}\351f\032\255\274\334m\326c\017\014ao[\342\230\003\245\245\3341Hm\326^\017jy\335\261s!\003)\036\227\370\t\264\235\206\317\234B\n\230/\375\257\335fo\253d\026_\357K\336\020\302\356\323\222\376vG0E\002!\000\247\323\255EN\357F\232K\353V\236\270\017B\033l\271$\346\247\305/\356*\025j\261|\022\304\340\002 %\374\346|\220~mXQ\345\342C-l\026\222\312\276\306\324\316\303\306\346\276\200\304\301C\325\317\305""; ","validation: """"\200\000\000\000&\000\000\000\002)/\351\304-:\001\317\351\3603A\3522Q\375Tb0K\335\321\024\352,O(gj\245\230\256A>\305\303\246k\022Nn\260\272\033\302\024\214P\027\000\000\000\000\000\000\000\000\000\000\000\000\000\000\000\000\000\000\000\000\000\000\000\000\000\000\000\000\000\000\000\000P\031-}\351f\032\255\274\334m\326c\017\014ao[\342\230\003\245\245\3341Hm\326^\017jy\335\261s!\003)\036\227\370\t\264\235\206\317\234B\n\230/\375\257\335fo\253d\026_\357K\336\020\302\356\323\222\376vG0E\002!\000\247\323\255EN\357F\232K\353V\236\270\017B\033l\271$\346\247\305/\356*\025j\261|\022\304\340\002 %\374\346|\220~mXQ\345\342C-l\026\222\312\276\306\324\316\303\306\346\276\200\304\301C\325\317\305""; "
1750534063647,1750534063647,235,1,4,2,TMValidation,"validation: """"\200\000\000\000&\000\000\000\002)/\351\304-:\001\317\351\3603A\3522Q\375Tb0K\335\321\024\352,O(gj\245\230\256A>\305\303\246k\022Nn\260\272\033\302\024\214P\027\000\000\000\000\000\000\000\000\000\000\000\000\000\000\000\000\000\000\000\000\000\000\000\000\000\000\000\000\000\000\000\000P\031-}\351f\032\255\274\334m\326c\017\014ao[\342\230\003\245\245\3341Hm\326^\017jy\335\261s!\003)\036\227\370\t\264\235\206\317\234B\n\230/\375\257\335fo\253d\026_\357K\336\020\302\356\323\222\376vG0E\002!\000\247\323\255EN\357F\232K\353V\236\270\017B\033l\271$\346\247\305/\356*\025j\261|\022\304\340\002 %\374\346|\220~mXQ\345\342C-l\026\222\312\276\306\324\316\303\306\346\276\200\304\301C\325\317\305""; ","validation: """"\200\000\000\000&\000\000\000\002)/\351\304-:\001\317\351\3603A\3522Q\375Tb0K\335\321\024\352,O(gj\245\230\256A>\305\303\246k\022Nn\260\272\033\302\024\214P\027\000\000\000\000\000\000\000\000\000\000\000\000\000\000\000\000\000\000\000\000\000\000\000\000\000\000\000\000\000\000\000\000P\031-}\351f\032\255\274\334m\326c\017\014ao[\342\230\003\245\245\3341Hm\326^\017jy\335\261s!\003)\036\227\370\t\264\235\206\317\234B\n\230/\375\257\335fo\253d\026_\357K\336\020\302\356\323\222\376vG0E\002!\000\247\323\255EN\357F\232K\353V\236\270\017B\033l\271$\346\247\305/\356*\025j\261|\022\304\340\002 %\374\346|\220~mXQ\345\342C-l\026\222\312\276\306\324\316\303\306\346\276\200\304\301C\325\317\305""; "
1750534063647,1750534063647,2854,1,4,0,TMValidation,"validation: """"\200\000\000\000&\000\000\000\002)/\351\304-:\001\317\351\3603A\3522Q\375Tb0K\335\321\024\352,O(gj\245\230\256A>\305\303\246k\022Nn\260\272\033\302\024\214P\027\000\000\000\000\000\000\000\000\000\000\000\000\000\000\000\000\000\000\000\000\000\000\000\000\000\000\000\000\000\000\000\000P\031-}\351f\032\255\274\334m\326c\017\014ao[\342\230\003\245\245\3341Hm\326^\017jy\335\261s!\003)\036\227\370\t\264\235\206\317\234B\n\230/\375\257\335fo\253d\026_\357K\336\020\302\356\323\222\376vG0E\002!\000\247\323\255EN\357F\232K\353V\236\270\017B\033l\271$\346\247\305/\356*\025j\261|\022\304\340\002 %\374\346|\220~mXQ\345\342C-l\026\222\312\276\306\324\316\303\306\346\276\200\304\301C\325\317\305""; ","validation: """"\200\000\000\000&\000\000\000\002)/\351\304-:\001\317\351\3603A\3522Q\375Tb0K\335\321\024\352,O(gj\245\230\256A>\305\303\246k\022Nn\260\272\033\302\024\214P\027\000\000\000\000\000\000\000\000\000\000\000\000\000\000\000\000\000\000\000\000\000\000\000\000\000\000\000\000\000\000\000\000P\031-}\351f\032\255\274\334m\326c\017\014ao[\342\230\003\245\245\3341Hm\326^\017jy\335\261s!\003)\036\227\370\t\264\235\206\317\234B\n\230/\375\257\335fo\253d\026_\357K\336\020\302\356\323\222\376vG0E\002!\000\247\323\255EN\357F\232K\353V\236\270\017B\033l\271$\346\247\305/\356*\025j\261|\022\304\340\002 %\374\346|\220~mXQ\345\342C-l\026\222\312\276\306\324\316\303\306\346\276\200\304\301C\325\317\305""; "
1750534063660,1750534063660,3863,1,0,4,TMValidation,"validation: """"\200\000\000\000&\000\000\000\002)/\351\304-:\362\035\024\354\227\211\220\341Q\375Tb0K\335\321\024\352,O(gj\245\230\256A>\305\303\246k\022Nn\260\272\033\302\024\214P\027\000\000\000\000\000\000\000\000\000\000\000\000\000\000\000\000\000\000\000\000\000\000\000\000\000\000\000\000\000\000\000\000P\031-}\351f\032\255\274\334m\326c\017\014ao[\342\230\003\245\245\3341Hm\326^\017jy\335\261s!\003\246\253M+\327\254x)\270\216\311K-\350#\234\005\242\246\352}{iSd\374\322d\355G\010\240vG0E\002!\000\202e\322\207t\023\341\350\262Q\206)\230\217\017L)\277\006\344\344+[\003\325\027y\036-\340\026\007\002 W,\215\260\205A\256\367Ff?7KB\331\026\314%&u\345\211\265\355~\366\23655\246p\205""; ","validation: """"\200\000\000\000&\000\000\000\002)/\351\304-:\362\035\024\354\227\211\220\341Q\375Tb0K\335\321\024\352,O(gj\245\230\256A>\305\303\246k\022Nn\260\272\033\302\024\214P\027\000\000\000\000\000\000\000\000\000\000\000\000\000\000\000\000\000\000\000\000\000\000\000\000\000\000\000\000\000\000\000\000P\031-}\351f\032\255\274\334m\326c\017\014ao[\342\230\003\245\245\3341Hm\326^\017jy\335\261s!\003\246\253M+\327\254x)\270\216\311K-\350#\234\005\242\246\352}{iSd\374\322d\355G\010\240vG0E\002!\000\202e\322\207t\023\341\350\262Q\206)\230\217\017L)\277\006\344\344+[\003\325\027y\036-\340\026\007\002 W,\215\260\205A\256\367Ff?7KB\331\026\314%&u\345\211\265\355~\366\23655\246p\205""; "
1750534063661,1750534063661,1927,1,0,2,TMValidation,"validation: """"\200\000\000\000&\000\000\000\002)/\351\304-:\362\035\024\354\227\211\220\341Q\375Tb0K\335\321\024\352,O(gj\245\230\256A>\305\303\246k\022Nn\260\272\033\302\024\214P\027\000\000\000\000\000\000\000\000\000\000\000\000\000\000\000\000\000\000\000\000\000\000\000\000\000\000\000\000\000\000\000\000P\031-}\351f\032\255\274\334m\326c\017\014ao[\342\230\003\245\245\3341Hm\326^\017jy\335\261s!\003\246\253M+\327\254x)\270\216\311K-\350#\234\005\242\246\352}{iSd\374\322d\355G\010\240vG0E\002!\000\202e\322\207t\023\341\350\262Q\206)\230\217\017L)\277\006\344\344+[\003\325\027y\036-\340\026\007\002 W,\215\260\205A\256\367Ff?7KB\331\026\314%&u\345\211\265\355~\366\23655\246p\205""; ","validation: """"\200\000\000\000&\000\000\000\002)/\351\304-:\362\035\024\354\227\211\220\341Q\375Tb0K\335\321\024\352,O(gj\245\230\256A>\305\303\246k\022Nn\260\272\033\302\024\214P\027\000\000\000\000\000\000\000\000\000\000\000\000\000\000\000\000\000\000\000\000\000\000\000\000\000\000\000\000\000\000\000\000P\031-}\351f\032\255\274\334m\326c\017\014ao[\342\230\003\245\245\3341Hm\326^\017jy\335\261s!\003\246\253M+\327\254x)\270\216\311K-\350#\234\005\242\246\352}{iSd\374\322d\355G\010\240vG0E\002!\000\202e\322\207t\023\341\350\262Q\206)\230\217\017L)\277\006\344\344+[\003\325\027y\036-\340\026\007\002 W,\215\260\205A\256\367Ff?7KB\331\026\314%&u\345\211\265\355~\366\23655\246p\205""; "
1750534063661,1750534063661,127,1,0,1,TMValidation,"validation: """"\200\000\000\000&\000\000\000\002)/\351\304-:\362\035\024\354\227\211\220\341Q\375Tb0K\335\321\024\352,O(gj\245\230\256A>\305\303\246k\022Nn\260\272\033\302\024\214P\027\000\000\000\000\000\000\000\000\000\000\000\000\000\000\000\000\000\000\000\000\000\000\000\000\000\000\000\000\000\000\000\000P\031-}\351f\032\255\274\334m\326c\017\014ao[\342\230\003\245\245\3341Hm\326^\017jy\335\261s!\003\246\253M+\327\254x)\270\216\311K-\350#\234\005\242\246\352}{iSd\374\322d\355G\010\240vG0E\002!\000\202e\322\207t\023\341\350\262Q\206)\230\217\017L)\277\006\344\344+[\003\325\027y\036-\340\026\007\002 W,\215\260\205A\256\367Ff?7KB\331\026\314%&u\345\211\265\355~\366\23655\246p\205""; ","validation: """"\200\000\000\000&\000\000\000\002)/\351\304-:\362\035\024\354\227\211\220\341Q\375Tb0K\335\321\024\352,O(gj\245\230\256A>\305\303\246k\022Nn\260\272\033\302\024\214P\027\000\000\000\000\000\000\000\000\000\000\000\000\000\000\000\000\000\000\000\000\000\000\000\000\000\000\000\000\000\000\000\000P\031-}\351f\032\255\274\334m\326c\017\014ao[\342\230\003\245\245\3341Hm\326^\017jy\335\261s!\003\246\253M+\327\254x)\270\216\311K-\350#\234\005\242\246\352}{iSd\374\322d\355G\010\240vG0E\002!\000\202e\322\207t\023\341\350\262Q\206)\230\217\017L)\277\006\344\344+[\003\325\027y\036-\340\026\007\002 W,\215\260\205A\256\367Ff?7KB\331\026\314%&u\345\211\265\355~\366\23655\246p\205""; "
1750534063696,1750534063696,2064,1,2,4,TMValidation,"validation: """"\200\000\000\000&\000\000\000\002)/\351\304-:7\006\273IhO\034\261Q\375Tb0K\335\321\024\352,O(gj\245\230\256A>\305\303\246k\022Nn\260\272\033\302\024\214P\027\000\000\000\000\000\000\000\000\000\000\000\000\000\000\000\000\000\000\000\000\000\000\000\000\000\000\000\000\000\000\000\000P\031-}\351f\032\255\274\334m\326c\017\014ao[\342\230\003\245\245\3341Hm\326^\017jy\335\261s!\002\227gv\346\003n\232f\264\2224\366\324\341o\5\217J\337\2771q\223O\025\217G8\235\301fvF0D\002 >\033 96f}\323\343\370+\335\033*N\347\322Q\334M\204\214\210\201\350Yhn|\\232\365\002 r\335;A\0163\352\024\220\376\311\314)\353\276p\273\234Ps7:\350\251\211\021\212J\223\253\211Q""; ","validation: """"\200\000\000\000&\000\000\000\002)/\351\304-:7\006\273IhO\034\261Q\375Tb0K\335\321\024\352,O(gj\245\230\256A>\305\303\246k\022Nn\260\272\033\302\024\214P\027\000\000\000\000\000\000\000\000\000\000\000\000\000\000\000\000\000\000\000\000\000\000\000\000\000\000\000\000\000\000\000\000P\031-}\351f\032\255\274\334m\326c\017\014ao[\342\230\003\245\245\3341Hm\326^\017jy\335\261s!\002\227gv\346\003n\232f\264\2224\366\324\341o\5\217J\337\2771q\223O\025\217G8\235\301fvF0D\002 >\033 96f}\323\343\370+\335\033*N\347\322Q\334M\204\214\210\201\350Yhn|\\232\365\002 r\335;A\0163\352\024\220\376\311\314)\353\276p\273\234Ps7:\350\251\211\021\212J\223\253\211Q""; "
1750534063696,1750534063696,1391,1,2,1,TMValidation,"validation: """"\200\000\000\000&\000\000\000\002)/\351\304-:7\006\273IhO\034\261Q\375Tb0K\335\321\024\352,O(gj\245\230\256A>\305\303\246k\022Nn\260\272\033\302\024\214P\027\000\000\000\000\000\000\000\000\000\000\000\000\000\000\000\000\000\000\000\000\000\000\000\000\000\000\000\000\000\000\000\000P\031-}\351f\032\255\274\334m\326c\017\014ao[\342\230\003\245\245\3341Hm\326^\017jy\335\261s!\002\227gv\346\003n\232f\264\2224\366\324\341o\5\217J\337\2771q\223O\025\217G8\235\301fvF0D\002 >\033 96f}\323\343\370+\335\033*N\347\322Q\334M\204\214\210\201\350Yhn|\\232\365\002 r\335;A\0163\352\024\220\376\311\314)\353\276p\273\234Ps7:\350\251\211\021\212J\223\253\211Q""; ","validation: """"\200\000\000\000&\000\000\000\002)/\351\304-:7\006\273IhO\034\261Q\375Tb0K\335\321\024\352,O(gj\245\230\256A>\305\303\246k\022Nn\260\272\033\302\024\214P\027\000\000\000\000\000\000\000\000\000\000\000\000\000\000\000\000\000\000\000\000\000\000\000\000\000\000\000\000\000\000\000\000P\031-}\351f\032\255\274\334m\326c\017\014ao[\342\230\003\245\245\3341Hm\326^\017jy\335\261s!\002\227gv\346\003n\232f\264\2224\366\324\341o\5\217J\337\2771q\223O\025\217G8\235\301fvF0D\002 >\033 96f}\323\343\370+\335\033*N\347\322Q\334M\204\214\210\201\350Yhn|\\232\365\002 r\335;A\0163\352\024\220\376\311\314)\353\276p\273\234Ps7:\350\251\211\021\212J\223\253\211Q""; "
1750534063696,1750534063697,2970,1,2,3,TMValidation,"validation: """"\200\000\000\000&\000\000\000\002)/\351\304-:7\006\273IhO\034\261Q\375Tb0K\335\321\024\352,O(gj\245\230\256A>\305\303\246k\022Nn\260\272\033\302\024\214P\027\000\000\000\000\000\000\000\000\000\000\000\000\000\000\000\000\000\000\000\000\000\000\000\000\000\000\000\000\000\000\000\000P\031-}\351f\032\255\274\334m\326c\017\014ao[\342\230\003\245\245\3341Hm\326^\017jy\335\261s!\002\227gv\346\003n\232f\264\2224\366\324\341o\5\217J\337\2771q\223O\025\217G8\235\301fvF0D\002 >\033 96f}\323\343\370+\335\033*N\347\322Q\334M\204\214\210\201\350Yhn|\\232\365\002 r\335;A\0163\352\024\220\376\311\314)\353\276p\273\234Ps7:\350\251\211\021\212J\223\253\211Q""; ","validation: """"\200\000\000\000&\000\000\000\002)/\351\304-:7\006\273IhO\034\261Q\375Tb0K\335\321\024\352,O(gj\245\230\256A>\305\303\246k\022Nn\260\272\033\302\024\214P\027\000\000\000\000\000\000\000\000\000\000\000\000\000\000\000\000\000\000\000\000\000\000\000\000\000\000\000\000\000\000\000\000P\031-}\351f\032\255\274\334m\326c\017\014ao[\342\230\003\245\245\3341Hm\326^\017jy\335\261s!\002\227gv\346\003n\232f\264\2224\366\324\341o\5\217J\337\2771q\223O\025\217G8\235\301fvF0D\002 >\033 96f}\323\343\370+\335\033*N\347\322Q\334M\204\214\210\201\350Yhn|\\232\365\002 r\335;A\0163\352\024\220\376\311\314)\353\276p\273\234Ps7:\350\251\211\021\212J\223\253\211Q""; "
1750534063858,1750534063858,235,1,4,2,TMValidation,"validation: """"\200\000\000\000&\000\000\000\002)/\351\304-:7\006\273IhO\034\261Q\375Tb0K\335\321\024\352,O(gj\245\230\256A>\305\303\246k\022Nn\260\272\033\302\024\214P\027\000\000\000\000\000\000\000\000\000\000\000\000\000\000\000\000\000\000\000\000\000\000\000\000\000\000\000\000\000\000\000\000P\031-}\351f\032\255\274\334m\326c\017\014ao[\342\230\003\245\245\3341Hm\326^\017jy\335\261s!\002\227gv\346\003n\232f\264\2224\366\324\341o\5\217J\337\2771q\223O\025\217G8\235\301fvF0D\002 >\033 96f}\323\343\370+\335\033*N\347\322Q\334M\204\214\210\201\350Yhn|\\232\365\002 r\335;A\0163\352\024\220\376\311\314)\353\276p\273\234Ps7:\350\251\211\021\212J\223\253\211Q""; ","validation: """"\200\000\000\000&\000\000\000\002)/\351\304-:7\006\273IhO\034\261Q\375Tb0K\335\321\024\352,O(gj\245\230\256A>\305\303\246k\022Nn\260\272\033\302\024\214P\027\000\000\000\000\000\000\000\000\000\000\000\000\000\000\000\000\000\000\000\000\000\000\000\000\000\000\000\000\000\000\000\000P\031-}\351f\032\255\274\334m\326c\017\014ao[\342\230\003\245\245\3341Hm\326^\017jy\335\261s!\002\227gv\346\003n\232f\264\2224\366\324\341o\5\217J\337\2771q\223O\025\217G8\235\301fvF0D\002 >\033 96f}\323\343\370+\335\033*N\347\322Q\334M\204\214\210\201\350Yhn|\\232\365\002 r\335;A\0163\352\024\220\376\311\314)\353\276p\273\234Ps7:\350\251\211\021\212J\223\253\211Q""; "
1750534063859,1750534063859,2854,1,4,0,TMValidation,"validation: """"\200\000\000\000&\000\000\000\002)/\351\304-:7\006\273IhO\034\261Q\375Tb0K\335\321\024\352,O(gj\245\230\256A>\305\303\246k\022Nn\260\272\033\302\024\214P\027\000\000\000\000\000\000\000\000\000\000\000\000\000\000\000\000\000\000\000\000\000\000\000\000\000\000\000\000\000\000\000\000P\031-}\351f\032\255\274\334m\326c\017\014ao[\342\230\003\245\245\3341Hm\326^\017jy\335\261s!\002\227gv\346\003n\232f\264\2224\366\324\341o\5\217J\337\2771q\223O\025\217G8\235\301fvF0D\002 >\033 96f}\323\343\370+\335\033*N\347\322Q\334M\204\214\210\201\350Yhn|\\232\365\002 r\335;A\0163\352\024\220\376\311\314)\353\276p\273\234Ps7:\350\251\211\021\212J\223\253\211Q""; ","validation: """"\200\000\000\000&\000\000\000\002)/\351\304-:7\006\273IhO\034\261Q\375Tb0K\335\321\024\352,O(gj\245\230\256A>\305\303\246k\022Nn\260\272\033\302\024\214P\027\000\000\000\000\000\000\000\000\000\000\000\000\000\000\000\000\000\000\000\000\000\000\000\000\000\000\000\000\000\000\000\000P\031-}\351f\032\255\274\334m\326c\017\014ao[\342\230\003\245\245\3341Hm\326^\017jy\335\261s!\002\227gv\346\003n\232f\264\2224\366\324\341o\5\217J\337\2771q\223O\025\217G8\235\301fvF0D\002 >\033 96f}\323\343\370+\335\033*N\347\322Q\334M\204\214\210\201\350Yhn|\\232\365\002 r\335;A\0163\352\024\220\376\311\314)\353\276p\273\234Ps7:\350\251\211\021\212J\223\253\211Q""; "
1750534063859,1750534063859,272,1,4,3,TMValidation,"validation: """"\200\000\000\000&\000\000\000\002)/\351\304-:7\006\273IhO\034\261Q\375Tb0K\335\321\024\352,O(gj\245\230\256A>\305\303\246k\022Nn\260\272\033\302\024\214P\027\000\000\000\000\000\000\000\000\000\000\000\000\000\000\000\000\000\000\000\000\000\000\000\000\000\000\000\000\000\000\000\000P\031-}\351f\032\255\274\334m\326c\017\014ao[\342\230\003\245\245\3341Hm\326^\017jy\335\261s!\002\227gv\346\003n\232f\264\2224\366\324\341o\5\217J\337\2771q\223O\025\217G8\235\301fvF0D\002 >\033 96f}\323\343\370+\335\033*N\347\322Q\334M\204\214\210\201\350Yhn|\\232\365\002 r\335;A\0163\352\024\220\376\311\314)\353\276p\273\234Ps7:\350\251\211\021\212J\223\253\211Q""; ","validation: """"\200\000\000\000&\000\000\000\002)/\351\304-:7\006\273IhO\034\261Q\375Tb0K\335\321\024\352,O(gj\245\230\256A>\305\303\246k\022Nn\260\272\033\302\024\214P\027\000\000\000\000\000\000\000\000\000\000\000\000\000\000\000\000\000\000\000\000\000\000\000\000\000\000\000\000\000\000\000\000P\031-}\351f\032\255\274\334m\326c\017\014ao[\342\230\003\245\245\3341Hm\326^\017jy\335\261s!\002\227gv\346\003n\232f\264\2224\366\324\341o\5\217J\337\2771q\223O\025\217G8\235\301fvF0D\002 >\033 96f}\323\343\370+\335\033*N\347\322Q\334M\204\214\210\201\350Yhn|\\232\365\002 r\335;A\0163\352\024\220\376\311\314)\353\276p\273\234Ps7:\350\251\211\021\212J\223\253\211Q""; "
1750534063883,1750534063884,2970,1,2,3,TMValidation,"validation: """"\200\000\000\000&\000\000\000\002)/\351\304-:\001\317\351\3603A\3522Q\375Tb0K\335\321\024\352,O(gj\245\230\256A>\305\303\246k\022Nn\260\272\033\302\024\214P\027\000\000\000\000\000\000\000\000\000\000\000\000\000\000\000\000\000\000\000\000\000\000\000\000\000\000\000\000\000\000\000\000P\031-}\351f\032\255\274\334m\326c\017\014ao[\342\230\003\245\245\3341Hm\326^\017jy\335\261s!\003)\036\227\370\t\264\235\206\317\234B\n\230/\375\257\335fo\253d\026_\357K\336\020\302\356\323\222\376vG0E\002!\000\247\323\255EN\357F\232K\353V\236\270\017B\033l\271$\346\247\305/\356*\025j\261|\022\304\340\002 %\374\346|\220~mXQ\345\342C-l\026\222\312\276\306\324\316\303\306\346\276\200\304\301C\325\317\305""; ","validation: """"\200\000\000\000&\000\000\000\002)/\351\304-:\001\317\351\3603A\3522Q\375Tb0K\335\321\024\352,O(gj\245\230\256A>\305\303\246k\022Nn\260\272\033\302\024\214P\027\000\000\000\000\000\000\000\000\000\000\000\000\000\000\000\000\000\000\000\000\000\000\000\000\000\000\000\000\000\000\000\000P\031-}\351f\032\255\274\334m\326c\017\014ao[\342\230\003\245\245\3341Hm\326^\017jy\335\261s!\003)\036\227\370\t\264\235\206\317\234B\n\230/\375\257\335fo\253d\026_\357K\336\020\302\356\323\222\376vG0E\002!\000\247\323\255EN\357F\232K\353V\236\270\017B\033l\271$\346\247\305/\356*\025j\261|\022\304\340\002 %\374\346|\220~mXQ\345\342C-l\026\222\312\276\306\324\316\303\306\346\276\200\304\301C\325\317\305""; "
1750534063884,1750534063884,1391,1,2,1,TMValidation,"validation: """"\200\000\000\000&\000\000\000\002)/\351\304-:\001\317\351\3603A\3522Q\375Tb0K\335\321\024\352,O(gj\245\230\256A>\305\303\246k\022Nn\260\272\033\302\024\214P\027\000\000\000\000\000\000\000\000\000\000\000\000\000\000\000\000\000\000\000\000\000\000\000\000\000\000\000\000\000\000\000\000P\031-}\351f\032\255\274\334m\326c\017\014ao[\342\230\003\245\245\3341Hm\326^\017jy\335\261s!\003)\036\227\370\t\264\235\206\317\234B\n\230/\375\257\335fo\253d\026_\357K\336\020\302\356\323\222\376vG0E\002!\000\247\323\255EN\357F\232K\353V\236\270\017B\033l\271$\346\247\305/\356*\025j\261|\022\304\340\002 %\374\346|\220~mXQ\345\342C-l\026\222\312\276\306\324\316\303\306\346\276\200\304\301C\325\317\305""; ","validation: """"\200\000\000\000&\000\000\000\002)/\351\304-:\001\317\351\3603A\3522Q\375Tb0K\335\321\024\352,O(gj\245\230\256A>\305\303\246k\022Nn\260\272\033\302\024\214P\027\000\000\000\000\000\000\000\000\000\000\000\000\000\000\000\000\000\000\000\000\000\000\000\000\000\000\000\000\000\000\000\000P\031-}\351f\032\255\274\334m\326c\017\014ao[\342\230\003\245\245\3341Hm\326^\017jy\335\261s!\003)\036\227\370\t\264\235\206\317\234B\n\230/\375\257\335fo\253d\026_\357K\336\020\302\356\323\222\376vG0E\002!\000\247\323\255EN\357F\232K\353V\236\270\017B\033l\271$\346\247\305/\356*\025j\261|\022\304\340\002 %\374\346|\220~mXQ\345\342C-l\026\222\312\276\306\324\316\303\306\346\276\200\304\301C\325\317\305""; "
1750534063884,1750534063884,565,1,2,0,TMValidation,"validation: """"\200\000\000\000&\000\000\000\002)/\351\304-:\001\317\351\3603A\3522Q\375Tb0K\335\321\024\352,O(gj\245\230\256A>\305\303\246k\022Nn\260\272\033\302\024\214P\027\000\000\000\000\000\000\000\000\000\000\000\000\000\000\000\000\000\000\000\000\000\000\000\000\000\000\000\000\000\000\000\000P\031-}\351f\032\255\274\334m\326c\017\014ao[\342\230\003\245\245\3341Hm\326^\017jy\335\261s!\003)\036\227\370\t\264\235\206\317\234B\n\230/\375\257\335fo\253d\026_\357K\336\020\302\356\323\222\376vG0E\002!\000\247\323\255EN\357F\232K\353V\236\270\017B\033l\271$\346\247\305/\356*\025j\261|\022\304\340\002 %\374\346|\220~mXQ\345\342C-l\026\222\312\276\306\324\316\303\306\346\276\200\304\301C\325\317\305""; ","validation: """"\200\000\000\000&\000\000\000\002)/\351\304-:\001\317\351\3603A\3522Q\375Tb0K\335\321\024\352,O(gj\245\230\256A>\305\303\246k\022Nn\260\272\033\302\024\214P\027\000\000\000\000\000\000\000\000\000\000\000\000\000\000\000\000\000\000\000\000\000\000\000\000\000\000\000\000\000\000\000\000P\031-}\351f\032\255\274\334m\326c\017\014ao[\342\230\003\245\245\3341Hm\326^\017jy\335\261s!\003)\036\227\370\t\264\235\206\317\234B\n\230/\375\257\335fo\253d\026_\357K\336\020\302\356\323\222\376vG0E\002!\000\247\323\255EN\357F\232K\353V\236\270\017B\033l\271$\346\247\305/\356*\025j\261|\022\304\340\002 %\374\346|\220~mXQ\345\342C-l\026\222\312\276\306\324\316\303\306\346\276\200\304\301C\325\317\305""; "
1750534065127,1750534065128,265,1,1,3,TMLedgerData,"ledgerHash: ""\375Tb0K\335\321\024\352,O(gj\245\230\256A>\305\303\246k\022Nn\260\272\033\302\024\214""; ledgerSeq: 2; type: liBASE; nodes {;   nodedata: ""\000\000\000\002\001cEx]\212\000\000-}\351f\032\255\274\334m\326c\017\014ao[\342\230\003\245\245\3341Hm\326^\017jy\335\261\000\000\000\000\000\000\000\000\000\000\000\000\000\000\000\000\000\000\000\000\000\000\000\000\000\000\000\000\000\000\000\000{e\2655L\2440\340\020\277~\333\017WF\230\334\351\277\266\267\357{\321\317\275\374\330\255\231Z\226(\366\274\006/\351\304""\n\000""; }; nodes {;   nodedata: ""\303\016\021\310<Z\337\266>\225@&n\022\246\274\353\220\345b3\035\313\350L\354\254\002\005\305\035\017\002E\344\037@\210\363\010\336T\226\247'\204_{\261\370""1\235\2445\343\033Y!\212\201\341\272\225'\007>L\014O\253g\352\035\214I\361\342\213\274\243\225\r\327qi\207\254\211\347\300?w\214Ha~\260\013\003""; }; ","ledgerHash: ""\375Tb0K\335\321\024\352,O(gj\245\230\256A>\305\303\246k\022Nn\260\272\033\302\024\214""; ledgerSeq: 2; type: liBASE; nodes {;   nodedata: ""\000\000\000\002\001cEx]\212\000\000-}\351f\032\255\274\334m\326c\017\014ao[\342\230\003\245\245\3341Hm\326^\017jy\335\261\000\000\000\000\000\000\000\000\000\000\000\000\000\000\000\000\000\000\000\000\000\000\000\000\000\000\000\000\000\000\000\000{e\2655L\2440\340\020\277~\333\017WF\230\334\351\277\266\267\357{\321\317\275\374\330\255\231Z\226(\366\274\006/\351\304""\n\000""; }; nodes {;   nodedata: ""\303\016\021\310<Z\337\266>\225@&n\022\246\274\353\220\345b3\035\313\350L\354\254\002\005\305\035\017\002E\344\037@\210\363\010\336T\226\247'\204_{\261\370""1\235\2445\343\033Y!\212\201\341\272\225'\007>L\014O\253g\352\035\214I\361\342\213\274\243\225\r\327qi\207\254\211\347\300?w\214Ha~\260\013\003""; }; "
1750534065129,1750534065129,265,1,1,3,TMLedgerData,"ledgerHash: ""\375Tb0K\335\321\024\352,O(gj\245\230\256A>\305\303\246k\022Nn\260\272\033\302\024\214""; ledgerSeq: 2; type: liBASE; nodes {;   nodedata: ""\000\000\000\002\001cEx]\212\000\000-}\351f\032\255\274\334m\326c\017\014ao[\342\230\003\245\245\3341Hm\326^\017jy\335\261\000\000\000\000\000\000\000\000\000\000\000\000\000\000\000\000\000\000\000\000\000\000\000\000\000\000\000\000\000\000\000\000{e\2655L\2440\340\020\277~\333\017WF\230\334\351\277\266\267\357{\321\317\275\374\330\255\231Z\226(\366\274\006/\351\304""\n\000""; }; nodes {;   nodedata: ""\303\016\021\310<Z\337\266>\225@&n\022\246\274\353\220\345b3\035\313\350L\354\254\002\005\305\035\017\002E\344\037@\210\363\010\336T\226\247'\204_{\261\370""1\235\2445\343\033Y!\212\201\341\272\225'\007>L\014O\253g\352\035\214I\361\342\213\274\243\225\r\327qi\207\254\211\347\300?w\214Ha~\260\013\003""; }; ","ledgerHash: ""\375Tb0K\335\321\024\352,O(gj\245\230\256A>\305\303\246k\022Nn\260\272\033\302\024\214""; ledgerSeq: 2; type: liBASE; nodes {;   nodedata: ""\000\000\000\002\001cEx]\212\000\000-}\351f\032\255\274\334m\326c\017\014ao[\342\230\003\245\245\3341Hm\326^\017jy\335\261\000\000\000\000\000\000\000\000\000\000\000\000\000\000\000\000\000\000\000\000\000\000\000\000\000\000\000\000\000\000\000\000{e\2655L\2440\340\020\277~\333\017WF\230\334\351\277\266\267\357{\321\317\275\374\330\255\231Z\226(\366\274\006/\351\304""\n\000""; }; nodes {;   nodedata: ""\303\016\021\310<Z\337\266>\225@&n\022\246\274\353\220\345b3\035\313\350L\354\254\002\005\305\035\017\002E\344\037@\210\363\010\336T\226\247'\204_{\261\370""1\235\2445\343\033Y!\212\201\341\272\225'\007>L\014O\253g\352\035\214I\361\342\213\274\243\225\r\327qi\207\254\211\347\300?w\214Ha~\260\013\003""; }; "
1750534065280,1750534065280,235,1,4,2,TMValidation,"validation: """"\200\000\000\000&\000\000\000\002)/\351\304-:\362\035\024\354\227\211\220\341Q\375Tb0K\335\321\024\352,O(gj\245\230\256A>\305\303\246k\022Nn\260\272\033\302\024\214P\027\000\000\000\000\000\000\000\000\000\000\000\000\000\000\000\000\000\000\000\000\000\000\000\000\000\000\000\000\000\000\000\000P\031-}\351f\032\255\274\334m\326c\017\014ao[\342\230\003\245\245\3341Hm\326^\017jy\335\261s!\003\246\253M+\327\254x)\270\216\311K-\350#\234\005\242\246\352}{iSd\374\322d\355G\010\240vG0E\002!\000\202e\322\207t\023\341\350\262Q\206)\230\217\017L)\277\006\344\344+[\003\325\027y\036-\340\026\007\002 W,\215\260\205A\256\367Ff?7KB\331\026\314%&u\345\211\265\355~\366\23655\246p\205""; ","validation: """"\200\000\000\000&\000\000\000\002)/\351\304-:\362\035\024\354\227\211\220\341Q\375Tb0K\335\321\024\352,O(gj\245\230\256A>\305\303\246k\022Nn\260\272\033\302\024\214P\027\000\000\000\000\000\000\000\000\000\000\000\000\000\000\000\000\000\000\000\000\000\000\000\000\000\000\000\000\000\000\000\000P\031-}\351f\032\255\274\334m\326c\017\014ao[\342\230\003\245\245\3341Hm\326^\017jy\335\261s!\003\246\253M+\327\254x)\270\216\311K-\350#\234\005\242\246\352}{iSd\374\322d\355G\010\240vG0E\002!\000\202e\322\207t\023\341\350\262Q\206)\230\217\017L)\277\006\344\344+[\003\325\027y\036-\340\026\007\002 W,\215\260\205A\256\367Ff?7KB\331\026\314%&u\345\211\265\355~\366\23655\246p\205""; "
1750534065280,1750534065280,2659,1,4,1,TMValidation,"validation: """"\200\000\000\000&\000\000\000\002)/\351\304-:\362\035\024\354\227\211\220\341Q\375Tb0K\335\321\024\352,O(gj\245\230\256A>\305\303\246k\022Nn\260\272\033\302\024\214P\027\000\000\000\000\000\000\000\000\000\000\000\000\000\000\000\000\000\000\000\000\000\000\000\000\000\000\000\000\000\000\000\000P\031-}\351f\032\255\274\334m\326c\017\014ao[\342\230\003\245\245\3341Hm\326^\017jy\335\261s!\003\246\253M+\327\254x)\270\216\311K-\350#\234\005\242\246\352}{iSd\374\322d\355G\010\240vG0E\002!\000\202e\322\207t\023\341\350\262Q\206)\230\217\017L)\277\006\344\344+[\003\325\027y\036-\340\026\007\002 W,\215\260\205A\256\367Ff?7KB\331\026\314%&u\345\211\265\355~\366\23655\246p\205""; ","validation: """"\200\000\000\000&\000\000\000\002)/\351\304-:\362\035\024\354\227\211\220\341Q\375Tb0K\335\321\024\352,O(gj\245\230\256A>\305\303\246k\022Nn\260\272\033\302\024\214P\027\000\000\000\000\000\000\000\000\000\000\000\000\000\000\000\000\000\000\000\000\000\000\000\000\000\000\000\000\000\000\000\000P\031-}\351f\032\255\274\334m\326c\017\014ao[\342\230\003\245\245\3341Hm\326^\017jy\335\261s!\003\246\253M+\327\254x)\270\216\311K-\350#\234\005\242\246\352}{iSd\374\322d\355G\010\240vG0E\002!\000\202e\322\207t\023\341\350\262Q\206)\230\217\017L)\277\006\344\344+[\003\325\027y\036-\340\026\007\002 W,\215\260\205A\256\367Ff?7KB\331\026\314%&u\345\211\265\355~\366\23655\246p\205""; "
1750534065280,1750534065281,2854,1,4,0,TMValidation,"validation: """"\200\000\000\000&\000\000\000\002)/\351\304-:\362\035\024\354\227\211\220\341Q\375Tb0K\335\321\024\352,O(gj\245\230\256A>\305\303\246k\022Nn\260\272\033\302\024\214P\027\000\000\000\000\000\000\000\000\000\000\000\000\000\000\000\000\000\000\000\000\000\000\000\000\000\000\000\000\000\000\000\000P\031-}\351f\032\255\274\334m\326c\017\014ao[\342\230\003\245\245\3341Hm\326^\017jy\335\261s!\003\246\253M+\327\254x)\270\216\311K-\350#\234\005\242\246\352}{iSd\374\322d\355G\010\240vG0E\002!\000\202e\322\207t\023\341\350\262Q\206)\230\217\017L)\277\006\344\344+[\003\325\027y\036-\340\026\007\002 W,\215\260\205A\256\367Ff?7KB\331\026\314%&u\345\211\265\355~\366\23655\246p\205""; ","validation: """"\200\000\000\000&\000\000\000\002)/\351\304-:\362\035\024\354\227\211\220\341Q\375Tb0K\335\321\024\352,O(gj\245\230\256A>\305\303\246k\022Nn\260\272\033\302\024\214P\027\000\000\000\000\000\000\000\000\000\000\000\000\000\000\000\000\000\000\000\000\000\000\000\000\000\000\000\000\000\000\000\000P\031-}\351f\032\255\274\334m\326c\017\014ao[\342\230\003\245\245\3341Hm\326^\017jy\335\261s!\003\246\253M+\327\254x)\270\216\311K-\350#\234\005\242\246\352}{iSd\374\322d\355G\010\240vG0E\002!\000\202e\322\207t\023\341\350\262Q\206)\230\217\017L)\277\006\344\344+[\003\325\027y\036-\340\026\007\002 W,\215\260\205A\256\367Ff?7KB\331\026\314%&u\345\211\265\355~\366\23655\246p\205""; "
1750534065310,1750534065311,1391,1,2,1,TMValidation,"validation: """"\200\000\000\000&\000\000\000\002)/\351\304-:\362\035\024\354\227\211\220\341Q\375Tb0K\335\321\024\352,O(gj\245\230\256A>\305\303\246k\022Nn\260\272\033\302\024\214P\027\000\000\000\000\000\000\000\000\000\000\000\000\000\000\000\000\000\000\000\000\000\000\000\000\000\000\000\000\000\000\000\000P\031-}\351f\032\255\274\334m\326c\017\014ao[\342\230\003\245\245\3341Hm\326^\017jy\335\261s!\003\246\253M+\327\254x)\270\216\311K-\350#\234\005\242\246\352}{iSd\374\322d\355G\010\240vG0E\002!\000\202e\322\207t\023\341\350\262Q\206)\230\217\017L)\277\006\344\344+[\003\325\027y\036-\340\026\007\002 W,\215\260\205A\256\367Ff?7KB\331\026\314%&u\345\211\265\355~\366\23655\246p\205""; ","validation: """"\200\000\000\000&\000\000\000\002)/\351\304-:\362\035\024\354\227\211\220\341Q\375Tb0K\335\321\024\352,O(gj\245\230\256A>\305\303\246k\022Nn\260\272\033\302\024\214P\027\000\000\000\000\000\000\000\000\000\000\000\000\000\000\000\000\000\000\000\000\000\000\000\000\000\000\000\000\000\000\000\000P\031-}\351f\032\255\274\334m\326c\017\014ao[\342\230\003\245\245\3341Hm\326^\017jy\335\261s!\003\246\253M+\327\254x)\270\216\311K-\350#\234\005\242\246\352}{iSd\374\322d\355G\010\240vG0E\002!\000\202e\322\207t\023\341\350\262Q\206)\230\217\017L)\277\006\344\344+[\003\325\027y\036-\340\026\007\002 W,\215\260\205A\256\367Ff?7KB\331\026\314%&u\345\211\265\355~\366\23655\246p\205""; "
1750534065311,1750534065311,2064,1,2,4,TMValidation,"validation: """"\200\000\000\000&\000\000\000\002)/\351\304-:\362\035\024\354\227\211\220\341Q\375Tb0K\335\321\024\352,O(gj\245\230\256A>\305\303\246k\022Nn\260\272\033\302\024\214P\027\000\000\000\000\000\000\000\000\000\000\000\000\000\000\000\000\000\000\000\000\000\000\000\000\000\000\000\000\000\000\000\000P\031-}\351f\032\255\274\334m\326c\017\014ao[\342\230\003\245\245\3341Hm\326^\017jy\335\261s!\003\246\253M+\327\254x)\270\216\311K-\350#\234\005\242\246\352}{iSd\374\322d\355G\010\240vG0E\002!\000\202e\322\207t\023\341\350\262Q\206)\230\217\017L)\277\006\344\344+[\003\325\027y\036-\340\026\007\002 W,\215\260\205A\256\367Ff?7KB\331\026\314%&u\345\211\265\355~\366\23655\246p\205""; ","validation: """"\200\000\000\000&\000\000\000\002)/\351\304-:\362\035\024\354\227\211\220\341Q\375Tb0K\335\321\024\352,O(gj\245\230\256A>\305\303\246k\022Nn\260\272\033\302\024\214P\027\000\000\000\000\000\000\000\000\000\000\000\000\000\000\000\000\000\000\000\000\000\000\000\000\000\000\000\000\000\000\000\000P\031-}\351f\032\255\274\334m\326c\017\014ao[\342\230\003\245\245\3341Hm\326^\017jy\335\261s!\003\246\253M+\327\254x)\270\216\311K-\350#\234\005\242\246\352}{iSd\374\322d\355G\010\240vG0E\002!\000\202e\322\207t\023\341\350\262Q\206)\230\217\017L)\277\006\344\344+[\003\325\027y\036-\340\026\007\002 W,\215\260\205A\256\367Ff?7KB\331\026\314%&u\345\211\265\355~\366\23655\246p\205""; "
1750534065312,1750534065312,565,1,2,0,TMValidation,"validation: """"\200\000\000\000&\000\000\000\002)/\351\304-:\362\035\024\354\227\211\220\341Q\375Tb0K\335\321\024\352,O(gj\245\230\256A>\305\303\246k\022Nn\260\272\033\302\024\214P\027\000\000\000\000\000\000\000\000\000\000\000\000\000\000\000\000\000\000\000\000\000\000\000\000\000\000\000\000\000\000\000\000P\031-}\351f\032\255\274\334m\326c\017\014ao[\342\230\003\245\245\3341Hm\326^\017jy\335\261s!\003\246\253M+\327\254x)\270\216\311K-\350#\234\005\242\246\352}{iSd\374\322d\355G\010\240vG0E\002!\000\202e\322\207t\023\341\350\262Q\206)\230\217\017L)\277\006\344\344+[\003\325\027y\036-\340\026\007\002 W,\215\260\205A\256\367Ff?7KB\331\026\314%&u\345\211\265\355~\366\23655\246p\205""; ","validation: """"\200\000\000\000&\000\000\000\002)/\351\304-:\362\035\024\354\227\211\220\341Q\375Tb0K\335\321\024\352,O(gj\245\230\256A>\305\303\246k\022Nn\260\272\033\302\024\214P\027\000\000\000\000\000\000\000\000\000\000\000\000\000\000\000\000\000\000\000\000\000\000\000\000\000\000\000\000\000\000\000\000P\031-}\351f\032\255\274\334m\326c\017\014ao[\342\230\003\245\245\3341Hm\326^\017jy\335\261s!\003\246\253M+\327\254x)\270\216\311K-\350#\234\005\242\246\352}{iSd\374\322d\355G\010\240vG0E\002!\000\202e\322\207t\023\341\350\262Q\206)\230\217\017L)\277\006\344\344+[\003\325\027y\036-\340\026\007\002 W,\215\260\205A\256\367Ff?7KB\331\026\314%&u\345\211\265\355~\366\23655\246p\205""; "
1750534070261,1750534070261,3949,1,4,3,TMProposeSet,"proposeSeq: 0; currentTxHash: ""\000\000\000\000\000\000\000\000\000\000\000\000\000\000\000\000\000\000\000\000\000\000\000\000\000\000\000\000\000\000\000\000""; nodePubKey: ""\003\241q\201\005c\265\003\367~\267xq\264\m_\310U\235\3644\246\306\345#""\246\274'%\251)""; closeTime: 803849270; signature: ""0E\002!\000\263<\265<\031\374 \250^H\t\342\304\007\370ij\202\327I$\313\261Y3\035f\206M\341\037\376\002 \020db\216\302-\335)\216z\216\3145~>\\247\013\034\000\r\242c,\273\265\260\301\236\\207\340""; previousledger: ""\375Tb0K\335\321\024\352,O(gj\245\230\256A>\305\303\246k\022Nn\260\272\033\302\024\214""; ","proposeSeq: 0; currentTxHash: ""\000\000\000\000\000\000\000\000\000\000\000\000\000\000\000\000\000\000\000\000\000\000\000\000\000\000\000\000\000\000\000\000""; nodePubKey: ""\003\241q\201\005c\265\003\367~\267xq\264\m_\310U\235\3644\246\306\345#""\246\274'%\251)""; closeTime: 803849270; signature: ""0E\002!\000\263<\265<\031\374 \250^H\t\342\304\007\370ij\202\327I$\313\261Y3\035f\206M\341\037\376\002 \020db\216\302-\335)\216z\216\3145~>\\247\013\034\000\r\242c,\273\265\260\301\236\\207\340""; previousledger: ""\375Tb0K\335\321\024\352,O(gj\245\230\256A>\305\303\246k\022Nn\260\272\033\302\024\214""; "
1750534070261,1750534070261,657,1,4,2,TMProposeSet,"proposeSeq: 0; currentTxHash: ""\000\000\000\000\000\000\000\000\000\000\000\000\000\000\000\000\000\000\000\000\000\000\000\000\000\000\000\000\000\000\000\000""; nodePubKey: ""\003\241q\201\005c\265\003\367~\267xq\264\m_\310U\235\3644\246\306\345#""\246\274'%\251)""; closeTime: 803849270; signature: ""0E\002!\000\263<\265<\031\374 \250^H\t\342\304\007\370ij\202\327I$\313\261Y3\035f\206M\341\037\376\002 \020db\216\302-\335)\216z\216\3145~>\\247\013\034\000\r\242c,\273\265\260\301\236\\207\340""; previousledger: ""\375Tb0K\335\321\024\352,O(gj\245\230\256A>\305\303\246k\022Nn\260\272\033\302\024\214""; ","proposeSeq: 0; currentTxHash: ""\000\000\000\000\000\000\000\000\000\000\000\000\000\000\000\000\000\000\000\000\000\000\000\000\000\000\000\000\000\000\000\000""; nodePubKey: ""\003\241q\201\005c\265\003\367~\267xq\264\m_\310U\235\3644\246\306\345#""\246\274'%\251)""; closeTime: 803849270; signature: ""0E\002!\000\263<\265<\031\374 \250^H\t\342\304\007\370ij\202\327I$\313\261Y3\035f\206M\341\037\376\002 \020db\216\302-\335)\216z\216\3145~>\\247\013\034\000\r\242c,\273\265\260\301\236\\207\340""; previousledger: ""\375Tb0K\335\321\024\352,O(gj\245\230\256A>\305\303\246k\022Nn\260\272\033\302\024\214""; "
1750534070263,1750534070263,467,1,4,0,TMProposeSet,"proposeSeq: 0; currentTxHash: ""\000\000\000\000\000\000\000\000\000\000\000\000\000\000\000\000\000\000\000\000\000\000\000\000\000\000\000\000\000\000\000\000""; nodePubKey: ""\003\241q\201\005c\265\003\367~\267xq\264\m_\310U\235\3644\246\306\345#""\246\274'%\251)""; closeTime: 803849270; signature: ""0E\002!\000\263<\265<\031\374 \250^H\t\342\304\007\370ij\202\327I$\313\261Y3\035f\206M\341\037\376\002 \020db\216\302-\335)\216z\216\3145~>\\247\013\034\000\r\242c,\273\265\260\301\236\\207\340""; previousledger: ""\375Tb0K\335\321\024\352,O(gj\245\230\256A>\305\303\246k\022Nn\260\272\033\302\024\214""; ","proposeSeq: 0; currentTxHash: ""\000\000\000\000\000\000\000\000\000\000\000\000\000\000\000\000\000\000\000\000\000\000\000\000\000\000\000\000\000\000\000\000""; nodePubKey: ""\003\241q\201\005c\265\003\367~\267xq\264\m_\310U\235\3644\246\306\345#""\246\274'%\251)""; closeTime: 803849270; signature: ""0E\002!\000\263<\265<\031\374 \250^H\t\342\304\007\370ij\202\327I$\313\261Y3\035f\206M\341\037\376\002 \020db\216\302-\335)\216z\216\3145~>\\247\013\034\000\r\242c,\273\265\260\301\236\\207\340""; previousledger: ""\375Tb0K\335\321\024\352,O(gj\245\230\256A>\305\303\246k\022Nn\260\272\033\302\024\214""; "
1750534070263,1750534070263,2150,1,4,1,TMProposeSet,"proposeSeq: 0; currentTxHash: ""\000\000\000\000\000\000\000\000\000\000\000\000\000\000\000\000\000\000\000\000\000\000\000\000\000\000\000\000\000\000\000\000""; nodePubKey: ""\003\241q\201\005c\265\003\367~\267xq\264\m_\310U\235\3644\246\306\345#""\246\274'%\251)""; closeTime: 803849270; signature: ""0E\002!\000\263<\265<\031\374 \250^H\t\342\304\007\370ij\202\327I$\313\261Y3\035f\206M\341\037\376\002 \020db\216\302-\335)\216z\216\3145~>\\247\013\034\000\r\242c,\273\265\260\301\236\\207\340""; previousledger: ""\375Tb0K\335\321\024\352,O(gj\245\230\256A>\305\303\246k\022Nn\260\272\033\302\024\214""; ","proposeSeq: 0; currentTxHash: ""\000\000\000\000\000\000\000\000\000\000\000\000\000\000\000\000\000\000\000\000\000\000\000\000\000\000\000\000\000\000\000\000""; nodePubKey: ""\003\241q\201\005c\265\003\367~\267xq\264\m_\310U\235\3644\246\306\345#""\246\274'%\251)""; closeTime: 803849270; signature: ""0E\002!\000\263<\265<\031\374 \250^H\t\342\304\007\370ij\202\327I$\313\261Y3\035f\206M\341\037\376\002 \020db\216\302-\335)\216z\216\3145~>\\247\013\034\000\r\242c,\273\265\260\301\236\\207\340""; previousledger: ""\375Tb0K\335\321\024\352,O(gj\245\230\256A>\305\303\246k\022Nn\260\272\033\302\024\214""; "
1750534070264,1750534070338,3363,1,4,2,TMStatusChange,"newEvent: neCLOSING_LEDGER; ledgerSeq: 2; ledgerHash: ""\375Tb0K\335\321\024\352,O(gj\245\230\256A>\305\303\246k\022Nn\260\272\033\302\024\214""; ledgerHashPrevious: ""-}\351f\032\255\274\334m\326c\017\014ao[\342\230\003\245\245\3341Hm\326^\017jy\335\261""; networkTime: 803849270; firstSeq: 1; lastSeq: 1; ","newEvent: neCLOSING_LEDGER; ledgerSeq: 2; ledgerHash: ""\375Tb0K\335\321\024\352,O(gj\245\230\256A>\305\303\246k\022Nn\260\272\033\302\024\214""; ledgerHashPrevious: ""-}\351f\032\255\274\334m\326c\017\014ao[\342\230\003\245\245\3341Hm\326^\017jy\335\261""; networkTime: 803849270; firstSeq: 1; lastSeq: 1; "
1750534070269,1750534070339,3863,1,4,0,TMStatusChange,"newEvent: neCLOSING_LEDGER; ledgerSeq: 2; ledgerHash: ""\375Tb0K\335\321\024\352,O(gj\245\230\256A>\305\303\246k\022Nn\260\272\033\302\024\214""; ledgerHashPrevious: ""-}\351f\032\255\274\334m\326c\017\014ao[\342\230\003\245\245\3341Hm\326^\017jy\335\261""; networkTime: 803849270; firstSeq: 1; lastSeq: 1; ","newEvent: neCLOSING_LEDGER; ledgerSeq: 2; ledgerHash: ""\375Tb0K\335\321\024\352,O(gj\245\230\256A>\305\303\246k\022Nn\260\272\033\302\024\214""; ledgerHashPrevious: ""-}\351f\032\255\274\334m\326c\017\014ao[\342\230\003\245\245\3341Hm\326^\017jy\335\261""; networkTime: 803849270; firstSeq: 1; lastSeq: 1; "
1750534070265,1750534070338,2125,1,4,3,TMStatusChange,"newEvent: neCLOSING_LEDGER; ledgerSeq: 2; ledgerHash: ""\375Tb0K\335\321\024\352,O(gj\245\230\256A>\305\303\246k\022Nn\260\272\033\302\024\214""; ledgerHashPrevious: ""-}\351f\032\255\274\334m\326c\017\014ao[\342\230\003\245\245\3341Hm\326^\017jy\335\261""; networkTime: 803849270; firstSeq: 1; lastSeq: 1; ","newEvent: neCLOSING_LEDGER; ledgerSeq: 2; ledgerHash: ""\375Tb0K\335\321\024\352,O(gj\245\230\256A>\305\303\246k\022Nn\260\272\033\302\024\214""; ledgerHashPrevious: ""-}\351f\032\255\274\334m\326c\017\014ao[\342\230\003\245\245\3341Hm\326^\017jy\335\261""; networkTime: 803849270; firstSeq: 1; lastSeq: 1; "
1750534070265,1750534070338,2943,1,4,1,TMStatusChange,"newEvent: neCLOSING_LEDGER; ledgerSeq: 2; ledgerHash: ""\375Tb0K\335\321\024\352,O(gj\245\230\256A>\305\303\246k\022Nn\260\272\033\302\024\214""; ledgerHashPrevious: ""-}\351f\032\255\274\334m\326c\017\014ao[\342\230\003\245\245\3341Hm\326^\017jy\335\261""; networkTime: 803849270; firstSeq: 1; lastSeq: 1; ","newEvent: neCLOSING_LEDGER; ledgerSeq: 2; ledgerHash: ""\375Tb0K\335\321\024\352,O(gj\245\230\256A>\305\303\246k\022Nn\260\272\033\302\024\214""; ledgerHashPrevious: ""-}\351f\032\255\274\334m\326c\017\014ao[\342\230\003\245\245\3341Hm\326^\017jy\335\261""; networkTime: 803849270; firstSeq: 1; lastSeq: 1; "
1750534070392,1750534070392,1643,1,2,4,TMProposeSet,"proposeSeq: 0; currentTxHash: ""\000\000\000\000\000\000\000\000\000\000\000\000\000\000\000\000\000\000\000\000\000\000\000\000\000\000\000\000\000\000\000\000""; nodePubKey: ""\002\031\356p7g\301C\213'\252;p\007\211\345G\223\330\261\277\313\310Pm\016p|\376\310\342\020\261""; closeTime: 803849270; signature: ""0E\002!\000\331\361\333@\234HrCv\367%\325\300@\000\275#\255;]\355\202z+M5\325\303\263\214\025}\002 A\251\306\024\030O\315-\305\001\270\256\342L1\231\320\317\313\234\240\206T\211\2648\014Q\216\254e\313""; previousledger: ""\375Tb0K\335\321\024\352,O(gj\245\230\256A>\305\303\246k\022Nn\260\272\033\302\024\214""; ","proposeSeq: 0; currentTxHash: ""\000\000\000\000\000\000\000\000\000\000\000\000\000\000\000\000\000\000\000\000\000\000\000\000\000\000\000\000\000\000\000\000""; nodePubKey: ""\002\031\356p7g\301C\213'\252;p\007\211\345G\223\330\261\277\313\310Pm\016p|\376\310\342\020\261""; closeTime: 803849270; signature: ""0E\002!\000\331\361\333@\234HrCv\367%\325\300@\000\275#\255;]\355\202z+M5\325\303\263\214\025}\002 A\251\306\024\030O\315-\305\001\270\256\342L1\231\320\317\313\234\240\206T\211\2648\014Q\216\254e\313""; previousledger: ""\375Tb0K\335\321\024\352,O(gj\245\230\256A>\305\303\246k\022Nn\260\272\033\302\024\214""; "
1750534070392,1750534070392,2401,1,2,0,TMProposeSet,"proposeSeq: 0; currentTxHash: ""\000\000\000\000\000\000\000\000\000\000\000\000\000\000\000\000\000\000\000\000\000\000\000\000\000\000\000\000\000\000\000\000""; nodePubKey: ""\002\031\356p7g\301C\213'\252;p\007\211\345G\223\330\261\277\313\310Pm\016p|\376\310\342\020\261""; closeTime: 803849270; signature: ""0E\002!\000\331\361\333@\234HrCv\367%\325\300@\000\275#\255;]\355\202z+M5\325\303\263\214\025}\002 A\251\306\024\030O\315-\305\001\270\256\342L1\231\320\317\313\234\240\206T\211\2648\014Q\216\254e\313""; previousledger: ""\375Tb0K\335\321\024\352,O(gj\245\230\256A>\305\303\246k\022Nn\260\272\033\302\024\214""; ","proposeSeq: 0; currentTxHash: ""\000\000\000\000\000\000\000\000\000\000\000\000\000\000\000\000\000\000\000\000\000\000\000\000\000\000\000\000\000\000\000\000""; nodePubKey: ""\002\031\356p7g\301C\213'\252;p\007\211\345G\223\330\261\277\313\310Pm\016p|\376\310\342\020\261""; closeTime: 803849270; signature: ""0E\002!\000\331\361\333@\234HrCv\367%\325\300@\000\275#\255;]\355\202z+M5\325\303\263\214\025}\002 A\251\306\024\030O\315-\305\001\270\256\342L1\231\320\317\313\234\240\206T\211\2648\014Q\216\254e\313""; previousledger: ""\375Tb0K\335\321\024\352,O(gj\245\230\256A>\305\303\246k\022Nn\260\272\033\302\024\214""; "
1750534070394,1750534070394,606,1,2,3,TMProposeSet,"proposeSeq: 0; currentTxHash: ""\000\000\000\000\000\000\000\000\000\000\000\000\000\000\000\000\000\000\000\000\000\000\000\000\000\000\000\000\000\000\000\000""; nodePubKey: ""\002\031\356p7g\301C\213'\252;p\007\211\345G\223\330\261\277\313\310Pm\016p|\376\310\342\020\261""; closeTime: 803849270; signature: ""0E\002!\000\331\361\333@\234HrCv\367%\325\300@\000\275#\255;]\355\202z+M5\325\303\263\214\025}\002 A\251\306\024\030O\315-\305\001\270\256\342L1\231\320\317\313\234\240\206T\211\2648\014Q\216\254e\313""; previousledger: ""\375Tb0K\335\321\024\352,O(gj\245\230\256A>\305\303\246k\022Nn\260\272\033\302\024\214""; ","proposeSeq: 0; currentTxHash: ""\000\000\000\000\000\000\000\000\000\000\000\000\000\000\000\000\000\000\000\000\000\000\000\000\000\000\000\000\000\000\000\000""; nodePubKey: ""\002\031\356p7g\301C\213'\252;p\007\211\345G\223\330\261\277\313\310Pm\016p|\376\310\342\020\261""; closeTime: 803849270; signature: ""0E\002!\000\331\361\333@\234HrCv\367%\325\300@\000\275#\255;]\355\202z+M5\325\303\263\214\025}\002 A\251\306\024\030O\315-\305\001\270\256\342L1\231\320\317\313\234\240\206T\211\2648\014Q\216\254e\313""; previousledger: ""\375Tb0K\335\321\024\352,O(gj\245\230\256A>\305\303\246k\022Nn\260\272\033\302\024\214""; "
1750534070394,1750534070394,1165,1,2,1,TMProposeSet,"proposeSeq: 0; currentTxHash: ""\000\000\000\000\000\000\000\000\000\000\000\000\000\000\000\000\000\000\000\000\000\000\000\000\000\000\000\000\000\000\000\000""; nodePubKey: ""\002\031\356p7g\301C\213'\252;p\007\211\345G\223\330\261\277\313\310Pm\016p|\376\310\342\020\261""; closeTime: 803849270; signature: ""0E\002!\000\331\361\333@\234HrCv\367%\325\300@\000\275#\255;]\355\202z+M5\325\303\263\214\025}\002 A\251\306\024\030O\315-\305\001\270\256\342L1\231\320\317\313\234\240\206T\211\2648\014Q\216\254e\313""; previousledger: ""\375Tb0K\335\321\024\352,O(gj\245\230\256A>\305\303\246k\022Nn\260\272\033\302\024\214""; ","proposeSeq: 0; currentTxHash: ""\000\000\000\000\000\000\000\000\000\000\000\000\000\000\000\000\000\000\000\000\000\000\000\000\000\000\000\000\000\000\000\000""; nodePubKey: ""\002\031\356p7g\301C\213'\252;p\007\211\345G\223\330\261\277\313\310Pm\016p|\376\310\342\020\261""; closeTime: 803849270; signature: ""0E\002!\000\331\361\333@\234HrCv\367%\325\300@\000\275#\255;]\355\202z+M5\325\303\263\214\025}\002 A\251\306\024\030O\315-\305\001\270\256\342L1\231\320\317\313\234\240\206T\211\2648\014Q\216\254e\313""; previousledger: ""\375Tb0K\335\321\024\352,O(gj\245\230\256A>\305\303\246k\022Nn\260\272\033\302\024\214""; "
1750534070392,1750534070430,2653,1,2,0,TMStatusChange,"newEvent: neCLOSING_LEDGER; ledgerSeq: 2; ledgerHash: ""\375Tb0K\335\321\024\352,O(gj\245\230\256A>\305\303\246k\022Nn\260\272\033\302\024\214""; ledgerHashPrevious: ""-}\351f\032\255\274\334m\326c\017\014ao[\342\230\003\245\245\3341Hm\326^\017jy\335\261""; networkTime: 803849270; firstSeq: 1; lastSeq: 1; ","newEvent: neCLOSING_LEDGER; ledgerSeq: 2; ledgerHash: ""\375Tb0K\335\321\024\352,O(gj\245\230\256A>\305\303\246k\022Nn\260\272\033\302\024\214""; ledgerHashPrevious: ""-}\351f\032\255\274\334m\326c\017\014ao[\342\230\003\245\245\3341Hm\326^\017jy\335\261""; networkTime: 803849270; firstSeq: 1; lastSeq: 1; "
1750534070393,1750534070430,3634,1,2,4,TMStatusChange,"newEvent: neCLOSING_LEDGER; ledgerSeq: 2; ledgerHash: ""\375Tb0K\335\321\024\352,O(gj\245\230\256A>\305\303\246k\022Nn\260\272\033\302\024\214""; ledgerHashPrevious: ""-}\351f\032\255\274\334m\326c\017\014ao[\342\230\003\245\245\3341Hm\326^\017jy\335\261""; networkTime: 803849270; firstSeq: 1; lastSeq: 1; ","newEvent: neCLOSING_LEDGER; ledgerSeq: 2; ledgerHash: ""\375Tb0K\335\321\024\352,O(gj\245\230\256A>\305\303\246k\022Nn\260\272\033\302\024\214""; ledgerHashPrevious: ""-}\351f\032\255\274\334m\326c\017\014ao[\342\230\003\245\245\3341Hm\326^\017jy\335\261""; networkTime: 803849270; firstSeq: 1; lastSeq: 1; "
1750534070394,1750534070431,188,1,2,1,TMStatusChange,"newEvent: neCLOSING_LEDGER; ledgerSeq: 2; ledgerHash: ""\375Tb0K\335\321\024\352,O(gj\245\230\256A>\305\303\246k\022Nn\260\272\033\302\024\214""; ledgerHashPrevious: ""-}\351f\032\255\274\334m\326c\017\014ao[\342\230\003\245\245\3341Hm\326^\017jy\335\261""; networkTime: 803849270; firstSeq: 1; lastSeq: 1; ","newEvent: neCLOSING_LEDGER; ledgerSeq: 2; ledgerHash: ""\375Tb0K\335\321\024\352,O(gj\245\230\256A>\305\303\246k\022Nn\260\272\033\302\024\214""; ledgerHashPrevious: ""-}\351f\032\255\274\334m\326c\017\014ao[\342\230\003\245\245\3341Hm\326^\017jy\335\261""; networkTime: 803849270; firstSeq: 1; lastSeq: 1; "
1750534070394,1750534070431,2100,1,2,3,TMStatusChange,"newEvent: neCLOSING_LEDGER; ledgerSeq: 2; ledgerHash: ""\375Tb0K\335\321\024\352,O(gj\245\230\256A>\305\303\246k\022Nn\260\272\033\302\024\214""; ledgerHashPrevious: ""-}\351f\032\255\274\334m\326c\017\014ao[\342\230\003\245\245\3341Hm\326^\017jy\335\261""; networkTime: 803849270; firstSeq: 1; lastSeq: 1; ","newEvent: neCLOSING_LEDGER; ledgerSeq: 2; ledgerHash: ""\375Tb0K\335\321\024\352,O(gj\245\230\256A>\305\303\246k\022Nn\260\272\033\302\024\214""; ledgerHashPrevious: ""-}\351f\032\255\274\334m\326c\017\014ao[\342\230\003\245\245\3341Hm\326^\017jy\335\261""; networkTime: 803849270; firstSeq: 1; lastSeq: 1; "
1750534070603,1750534070603,2364,1,3,4,TMProposeSet,"proposeSeq: 0; currentTxHash: ""\000\000\000\000\000\000\000\000\000\000\000\000\000\000\000\000\000\000\000\000\000\000\000\000\000\000\000\000\000\000\000\000""; nodePubKey: ""\003\246\253M+\327\254x)\270\216\311K-\350#\234\005\242\246\352}{iSd\374\322d\355G\010\240""; closeTime: 803849270; signature: ""0E\002!\000\237mAh5}\347\324\001O\221\330\246I]\307\344!\310\311\0342\336hb?\370&\274Qu\251\002 \013\374\304Mj]._\236\202\234\017:\t\317ZK\r\321\243C""hT\000\350\307\315Eq\n*""; previousledger: ""\375Tb0K\335\321\024\352,O(gj\245\230\256A>\305\303\246k\022Nn\260\272\033\302\024\214""; ","proposeSeq: 0; currentTxHash: ""\000\000\000\000\000\000\000\000\000\000\000\000\000\000\000\000\000\000\000\000\000\000\000\000\000\000\000\000\000\000\000\000""; nodePubKey: ""\003\246\253M+\327\254x)\270\216\311K-\350#\234\005\242\246\352}{iSd\374\322d\355G\010\240""; closeTime: 803849270; signature: ""0E\002!\000\237mAh5}\347\324\001O\221\330\246I]\307\344!\310\311\0342\336hb?\370&\274Qu\251\002 \013\374\304Mj]._\236\202\234\017:\t\317ZK\r\321\243C""hT\000\350\307\315Eq\n*""; previousledger: ""\375Tb0K\335\321\024\352,O(gj\245\230\256A>\305\303\246k\022Nn\260\272\033\302\024\214""; "
1750534070605,1750534070605,1696,1,3,0,TMProposeSet,"proposeSeq: 0; currentTxHash: ""\000\000\000\000\000\000\000\000\000\000\000\000\000\000\000\000\000\000\000\000\000\000\000\000\000\000\000\000\000\000\000\000""; nodePubKey: ""\003\246\253M+\327\254x)\270\216\311K-\350#\234\005\242\246\352}{iSd\374\322d\355G\010\240""; closeTime: 803849270; signature: ""0E\002!\000\237mAh5}\347\324\001O\221\330\246I]\307\344!\310\311\0342\336hb?\370&\274Qu\251\002 \013\374\304Mj]._\236\202\234\017:\t\317ZK\r\321\243C""hT\000\350\307\315Eq\n*""; previousledger: ""\375Tb0K\335\321\024\352,O(gj\245\230\256A>\305\303\246k\022Nn\260\272\033\302\024\214""; ","proposeSeq: 0; currentTxHash: ""\000\000\000\000\000\000\000\000\000\000\000\000\000\000\000\000\000\000\000\000\000\000\000\000\000\000\000\000\000\000\000\000""; nodePubKey: ""\003\246\253M+\327\254x)\270\216\311K-\350#\234\005\242\246\352}{iSd\374\322d\355G\010\240""; closeTime: 803849270; signature: ""0E\002!\000\237mAh5}\347\324\001O\221\330\246I]\307\344!\310\311\0342\336hb?\370&\274Qu\251\002 \013\374\304Mj]._\236\202\234\017:\t\317ZK\r\321\243C""hT\000\350\307\315Eq\n*""; previousledger: ""\375Tb0K\335\321\024\352,O(gj\245\230\256A>\305\303\246k\022Nn\260\272\033\302\024\214""; "
1750534070606,1750534070606,2898,1,3,2,TMProposeSet,"proposeSeq: 0; currentTxHash: ""\000\000\000\000\000\000\000\000\000\000\000\000\000\000\000\000\000\000\000\000\000\000\000\000\000\000\000\000\000\000\000\000""; nodePubKey: ""\003\246\253M+\327\254x)\270\216\311K-\350#\234\005\242\246\352}{iSd\374\322d\355G\010\240""; closeTime: 803849270; signature: ""0E\002!\000\237mAh5}\347\324\001O\221\330\246I]\307\344!\310\311\0342\336hb?\370&\274Qu\251\002 \013\374\304Mj]._\236\202\234\017:\t\317ZK\r\321\243C""hT\000\350\307\315Eq\n*""; previousledger: ""\375Tb0K\335\321\024\352,O(gj\245\230\256A>\305\303\246k\022Nn\260\272\033\302\024\214""; ","proposeSeq: 0; currentTxHash: ""\000\000\000\000\000\000\000\000\000\000\000\000\000\000\000\000\000\000\000\000\000\000\000\000\000\000\000\000\000\000\000\000""; nodePubKey: ""\003\246\253M+\327\254x)\270\216\311K-\350#\234\005\242\246\352}{iSd\374\322d\355G\010\240""; closeTime: 803849270; signature: ""0E\002!\000\237mAh5}\347\324\001O\221\330\246I]\307\344!\310\311\0342\336hb?\370&\274Qu\251\002 \013\374\304Mj]._\236\202\234\017:\t\317ZK\r\321\243C""hT\000\350\307\315Eq\n*""; previousledger: ""\375Tb0K\335\321\024\352,O(gj\245\230\256A>\305\303\246k\022Nn\260\272\033\302\024\214""; "
1750534070606,1750534070606,2365,1,3,1,TMProposeSet,"proposeSeq: 0; currentTxHash: ""\000\000\000\000\000\000\000\000\000\000\000\000\000\000\000\000\000\000\000\000\000\000\000\000\000\000\000\000\000\000\000\000""; nodePubKey: ""\003\246\253M+\327\254x)\270\216\311K-\350#\234\005\242\246\352}{iSd\374\322d\355G\010\240""; closeTime: 803849270; signature: ""0E\002!\000\237mAh5}\347\324\001O\221\330\246I]\307\344!\310\311\0342\336hb?\370&\274Qu\251\002 \013\374\304Mj]._\236\202\234\017:\t\317ZK\r\321\243C""hT\000\350\307\315Eq\n*""; previousledger: ""\375Tb0K\335\321\024\352,O(gj\245\230\256A>\305\303\246k\022Nn\260\272\033\302\024\214""; ","proposeSeq: 0; currentTxHash: ""\000\000\000\000\000\000\000\000\000\000\000\000\000\000\000\000\000\000\000\000\000\000\000\000\000\000\000\000\000\000\000\000""; nodePubKey: ""\003\246\253M+\327\254x)\270\216\311K-\350#\234\005\242\246\352}{iSd\374\322d\355G\010\240""; closeTime: 803849270; signature: ""0E\002!\000\237mAh5}\347\324\001O\221\330\246I]\307\344!\310\311\0342\336hb?\370&\274Qu\251\002 \013\374\304Mj]._\236\202\234\017:\t\317ZK\r\321\243C""hT\000\350\307\315Eq\n*""; previousledger: ""\375Tb0K\335\321\024\352,O(gj\245\230\256A>\305\303\246k\022Nn\260\272\033\302\024\214""; "
1750534070603,1750534070675,412,1,3,4,TMStatusChange,"newEvent: neCLOSING_LEDGER; ledgerSeq: 2; ledgerHash: ""\375Tb0K\335\321\024\352,O(gj\245\230\256A>\305\303\246k\022Nn\260\272\033\302\024\214""; ledgerHashPrevious: ""-}\351f\032\255\274\334m\326c\017\014ao[\342\230\003\245\245\3341Hm\326^\017jy\335\261""; networkTime: 803849270; firstSeq: 1; lastSeq: 1; ","newEvent: neCLOSING_LEDGER; ledgerSeq: 2; ledgerHash: ""\375Tb0K\335\321\024\352,O(gj\245\230\256A>\305\303\246k\022Nn\260\272\033\302\024\214""; ledgerHashPrevious: ""-}\351f\032\255\274\334m\326c\017\014ao[\342\230\003\245\245\3341Hm\326^\017jy\335\261""; networkTime: 803849270; firstSeq: 1; lastSeq: 1; "
1750534070606,1750534070675,1476,1,3,0,TMStatusChange,"newEvent: neCLOSING_LEDGER; ledgerSeq: 2; ledgerHash: ""\375Tb0K\335\321\024\352,O(gj\245\230\256A>\305\303\246k\022Nn\260\272\033\302\024\214""; ledgerHashPrevious: ""-}\351f\032\255\274\334m\326c\017\014ao[\342\230\003\245\245\3341Hm\326^\017jy\335\261""; networkTime: 803849270; firstSeq: 1; lastSeq: 1; ","newEvent: neCLOSING_LEDGER; ledgerSeq: 2; ledgerHash: ""\375Tb0K\335\321\024\352,O(gj\245\230\256A>\305\303\246k\022Nn\260\272\033\302\024\214""; ledgerHashPrevious: ""-}\351f\032\255\274\334m\326c\017\014ao[\342\230\003\245\245\3341Hm\326^\017jy\335\261""; networkTime: 803849270; firstSeq: 1; lastSeq: 1; "
1750534070606,1750534070676,51,1,3,1,TMStatusChange,"newEvent: neCLOSING_LEDGER; ledgerSeq: 2; ledgerHash: ""\375Tb0K\335\321\024\352,O(gj\245\230\256A>\305\303\246k\022Nn\260\272\033\302\024\214""; ledgerHashPrevious: ""-}\351f\032\255\274\334m\326c\017\014ao[\342\230\003\245\245\3341Hm\326^\017jy\335\261""; networkTime: 803849270; firstSeq: 1; lastSeq: 1; ","newEvent: neCLOSING_LEDGER; ledgerSeq: 2; ledgerHash: ""\375Tb0K\335\321\024\352,O(gj\245\230\256A>\305\303\246k\022Nn\260\272\033\302\024\214""; ledgerHashPrevious: ""-}\351f\032\255\274\334m\326c\017\014ao[\342\230\003\245\245\3341Hm\326^\017jy\335\261""; networkTime: 803849270; firstSeq: 1; lastSeq: 1; "
1750534070607,1750534070676,1774,1,3,2,TMStatusChange,"newEvent: neCLOSING_LEDGER; ledgerSeq: 2; ledgerHash: ""\375Tb0K\335\321\024\352,O(gj\245\230\256A>\305\303\246k\022Nn\260\272\033\302\024\214""; ledgerHashPrevious: ""-}\351f\032\255\274\334m\326c\017\014ao[\342\230\003\245\245\3341Hm\326^\017jy\335\261""; networkTime: 803849270; firstSeq: 1; lastSeq: 1; ","newEvent: neCLOSING_LEDGER; ledgerSeq: 2; ledgerHash: ""\375Tb0K\335\321\024\352,O(gj\245\230\256A>\305\303\246k\022Nn\260\272\033\302\024\214""; ledgerHashPrevious: ""-}\351f\032\255\274\334m\326c\017\014ao[\342\230\003\245\245\3341Hm\326^\017jy\335\261""; networkTime: 803849270; firstSeq: 1; lastSeq: 1; "
1750534070689,1750534070689,391,1,1,4,TMProposeSet,"proposeSeq: 0; currentTxHash: ""\000\000\000\000\000\000\000\000\000\000\000\000\000\000\000\000\000\000\000\000\000\000\000\000\000\000\000\000\000\000\000\000""; nodePubKey: ""\003)\036\227\370\t\264\235\206\317\234B\n\230/\375\257\335fo\253d\026_\357K\336\020\302\356\323\222\376""; closeTime: 803849270; signature: ""0E\002!\000\353\235\375\272\333\224\241\275\026&\335$\321\257\023\207\254\231\023\352\263\271Z#\317u\013\347\274E\320\r\002 S-\224\n\3566\r\320\314\220_j\027\010\224\213\020Kb\363\335\264\305],\263\315l\351\330\244\225""; previousledger: ""\375Tb0K\335\321\024\352,O(gj\245\230\256A>\305\303\246k\022Nn\260\272\033\302\024\214""; ","proposeSeq: 0; currentTxHash: ""\000\000\000\000\000\000\000\000\000\000\000\000\000\000\000\000\000\000\000\000\000\000\000\000\000\000\000\000\000\000\000\000""; nodePubKey: ""\003)\036\227\370\t\264\235\206\317\234B\n\230/\375\257\335fo\253d\026_\357K\336\020\302\356\323\222\376""; closeTime: 803849270; signature: ""0E\002!\000\353\235\375\272\333\224\241\275\026&\335$\321\257\023\207\254\231\023\352\263\271Z#\317u\013\347\274E\320\r\002 S-\224\n\3566\r\320\314\220_j\027\010\224\213\020Kb\363\335\264\305],\263\315l\351\330\244\225""; previousledger: ""\375Tb0K\335\321\024\352,O(gj\245\230\256A>\305\303\246k\022Nn\260\272\033\302\024\214""; "
1750534070691,1750534070691,1191,1,1,2,TMProposeSet,"proposeSeq: 0; currentTxHash: ""\000\000\000\000\000\000\000\000\000\000\000\000\000\000\000\000\000\000\000\000\000\000\000\000\000\000\000\000\000\000\000\000""; nodePubKey: ""\003)\036\227\370\t\264\235\206\317\234B\n\230/\375\257\335fo\253d\026_\357K\336\020\302\356\323\222\376""; closeTime: 803849270; signature: ""0E\002!\000\353\235\375\272\333\224\241\275\026&\335$\321\257\023\207\254\231\023\352\263\271Z#\317u\013\347\274E\320\r\002 S-\224\n\3566\r\320\314\220_j\027\010\224\213\020Kb\363\335\264\305],\263\315l\351\330\244\225""; previousledger: ""\375Tb0K\335\321\024\352,O(gj\245\230\256A>\305\303\246k\022Nn\260\272\033\302\024\214""; ","proposeSeq: 0; currentTxHash: ""\000\000\000\000\000\000\000\000\000\000\000\000\000\000\000\000\000\000\000\000\000\000\000\000\000\000\000\000\000\000\000\000""; nodePubKey: ""\003)\036\227\370\t\264\235\206\317\234B\n\230/\375\257\335fo\253d\026_\357K\336\020\302\356\323\222\376""; closeTime: 803849270; signature: ""0E\002!\000\353\235\375\272\333\224\241\275\026&\335$\321\257\023\207\254\231\023\352\263\271Z#\317u\013\347\274E\320\r\002 S-\224\n\3566\r\320\314\220_j\027\010\224\213\020Kb\363\335\264\305],\263\315l\351\330\244\225""; previousledger: ""\375Tb0K\335\321\024\352,O(gj\245\230\256A>\305\303\246k\022Nn\260\272\033\302\024\214""; "
1750534070692,1750534070692,2750,1,1,3,TMProposeSet,"proposeSeq: 0; currentTxHash: ""\000\000\000\000\000\000\000\000\000\000\000\000\000\000\000\000\000\000\000\000\000\000\000\000\000\000\000\000\000\000\000\000""; nodePubKey: ""\003)\036\227\370\t\264\235\206\317\234B\n\230/\375\257\335fo\253d\026_\357K\336\020\302\356\323\222\376""; closeTime: 803849270; signature: ""0E\002!\000\353\235\375\272\333\224\241\275\026&\335$\321\257\023\207\254\231\023\352\263\271Z#\317u\013\347\274E\320\r\002 S-\224\n\3566\r\320\314\220_j\027\010\224\213\020Kb\363\335\264\305],\263\315l\351\330\244\225""; previousledger: ""\375Tb0K\335\321\024\352,O(gj\245\230\256A>\305\303\246k\022Nn\260\272\033\302\024\214""; ","proposeSeq: 0; currentTxHash: ""\000\000\000\000\000\000\000\000\000\000\000\000\000\000\000\000\000\000\000\000\000\000\000\000\000\000\000\000\000\000\000\000""; nodePubKey: ""\003)\036\227\370\t\264\235\206\317\234B\n\230/\375\257\335fo\253d\026_\357K\336\020\302\356\323\222\376""; closeTime: 803849270; signature: ""0E\002!\000\353\235\375\272\333\224\241\275\026&\335$\321\257\023\207\254\231\023\352\263\271Z#\317u\013\347\274E\320\r\002 S-\224\n\3566\r\320\314\220_j\027\010\224\213\020Kb\363\335\264\305],\263\315l\351\330\244\225""; previousledger: ""\375Tb0K\335\321\024\352,O(gj\245\230\256A>\305\303\246k\022Nn\260\272\033\302\024\214""; "
1750534070692,1750534070692,747,1,1,0,TMProposeSet,"proposeSeq: 0; currentTxHash: ""\000\000\000\000\000\000\000\000\000\000\000\000\000\000\000\000\000\000\000\000\000\000\000\000\000\000\000\000\000\000\000\000""; nodePubKey: ""\003)\036\227\370\t\264\235\206\317\234B\n\230/\375\257\335fo\253d\026_\357K\336\020\302\356\323\222\376""; closeTime: 803849270; signature: ""0E\002!\000\353\235\375\272\333\224\241\275\026&\335$\321\257\023\207\254\231\023\352\263\271Z#\317u\013\347\274E\320\r\002 S-\224\n\3566\r\320\314\220_j\027\010\224\213\020Kb\363\335\264\305],\263\315l\351\330\244\225""; previousledger: ""\375Tb0K\335\321\024\352,O(gj\245\230\256A>\305\303\246k\022Nn\260\272\033\302\024\214""; ","proposeSeq: 0; currentTxHash: ""\000\000\000\000\000\000\000\000\000\000\000\000\000\000\000\000\000\000\000\000\000\000\000\000\000\000\000\000\000\000\000\000""; nodePubKey: ""\003)\036\227\370\t\264\235\206\317\234B\n\230/\375\257\335fo\253d\026_\357K\336\020\302\356\323\222\376""; closeTime: 803849270; signature: ""0E\002!\000\353\235\375\272\333\224\241\275\026&\335$\321\257\023\207\254\231\023\352\263\271Z#\317u\013\347\274E\320\r\002 S-\224\n\3566\r\320\314\220_j\027\010\224\213\020Kb\363\335\264\305],\263\315l\351\330\244\225""; previousledger: ""\375Tb0K\335\321\024\352,O(gj\245\230\256A>\305\303\246k\022Nn\260\272\033\302\024\214""; "
1750534070730,1750534070730,2102,1,0,3,TMProposeSet,"proposeSeq: 0; currentTxHash: ""\000\000\000\000\000\000\000\000\000\000\000\000\000\000\000\000\000\000\000\000\000\000\000\000\000\000\000\000\000\000\000\000""; nodePubKey: ""\003\241q\201\005c\265\003\367~\267xq\264\m_\310U\235\3644\246\306\345#""\246\274'%\251)""; closeTime: 803849270; signature: ""0E\002!\000\263<\265<\031\374 \250^H\t\342\304\007\370ij\202\327I$\313\261Y3\035f\206M\341\037\376\002 \020db\216\302-\335)\216z\216\3145~>\\247\013\034\000\r\242c,\273\265\260\301\236\\207\340""; previousledger: ""\375Tb0K\335\321\024\352,O(gj\245\230\256A>\305\303\246k\022Nn\260\272\033\302\024\214""; ","proposeSeq: 0; currentTxHash: ""\000\000\000\000\000\000\000\000\000\000\000\000\000\000\000\000\000\000\000\000\000\000\000\000\000\000\000\000\000\000\000\000""; nodePubKey: ""\003\241q\201\005c\265\003\367~\267xq\264\m_\310U\235\3644\246\306\345#""\246\274'%\251)""; closeTime: 803849270; signature: ""0E\002!\000\263<\265<\031\374 \250^H\t\342\304\007\370ij\202\327I$\313\261Y3\035f\206M\341\037\376\002 \020db\216\302-\335)\216z\216\3145~>\\247\013\034\000\r\242c,\273\265\260\301\236\\207\340""; previousledger: ""\375Tb0K\335\321\024\352,O(gj\245\230\256A>\305\303\246k\022Nn\260\272\033\302\024\214""; "
1750534070730,1750534070730,2193,1,0,2,TMProposeSet,"proposeSeq: 0; currentTxHash: ""\000\000\000\000\000\000\000\000\000\000\000\000\000\000\000\000\000\000\000\000\000\000\000\000\000\000\000\000\000\000\000\000""; nodePubKey: ""\003\241q\201\005c\265\003\367~\267xq\264\m_\310U\235\3644\246\306\345#""\246\274'%\251)""; closeTime: 803849270; signature: ""0E\002!\000\263<\265<\031\374 \250^H\t\342\304\007\370ij\202\327I$\313\261Y3\035f\206M\341\037\376\002 \020db\216\302-\335)\216z\216\3145~>\\247\013\034\000\r\242c,\273\265\260\301\236\\207\340""; previousledger: ""\375Tb0K\335\321\024\352,O(gj\245\230\256A>\305\303\246k\022Nn\260\272\033\302\024\214""; ","proposeSeq: 0; currentTxHash: ""\000\000\000\000\000\000\000\000\000\000\000\000\000\000\000\000\000\000\000\000\000\000\000\000\000\000\000\000\000\000\000\000""; nodePubKey: ""\003\241q\201\005c\265\003\367~\267xq\264\m_\310U\235\3644\246\306\345#""\246\274'%\251)""; closeTime: 803849270; signature: ""0E\002!\000\263<\265<\031\374 \250^H\t\342\304\007\370ij\202\327I$\313\261Y3\035f\206M\341\037\376\002 \020db\216\302-\335)\216z\216\3145~>\\247\013\034\000\r\242c,\273\265\260\301\236\\207\340""; previousledger: ""\375Tb0K\335\321\024\352,O(gj\245\230\256A>\305\303\246k\022Nn\260\272\033\302\024\214""; "
1750534070731,1750534070731,764,1,0,1,TMProposeSet,"proposeSeq: 0; currentTxHash: ""\000\000\000\000\000\000\000\000\000\000\000\000\000\000\000\000\000\000\000\000\000\000\000\000\000\000\000\000\000\000\000\000""; nodePubKey: ""\003\241q\201\005c\265\003\367~\267xq\264\m_\310U\235\3644\246\306\345#""\246\274'%\251)""; closeTime: 803849270; signature: ""0E\002!\000\263<\265<\031\374 \250^H\t\342\304\007\370ij\202\327I$\313\261Y3\035f\206M\341\037\376\002 \020db\216\302-\335)\216z\216\3145~>\\247\013\034\000\r\242c,\273\265\260\301\236\\207\340""; previousledger: ""\375Tb0K\335\321\024\352,O(gj\245\230\256A>\305\303\246k\022Nn\260\272\033\302\024\214""; ","proposeSeq: 0; currentTxHash: ""\000\000\000\000\000\000\000\000\000\000\000\000\000\000\000\000\000\000\000\000\000\000\000\000\000\000\000\000\000\000\000\000""; nodePubKey: ""\003\241q\201\005c\265\003\367~\267xq\264\m_\310U\235\3644\246\306\345#""\246\274'%\251)""; closeTime: 803849270; signature: ""0E\002!\000\263<\265<\031\374 \250^H\t\342\304\007\370ij\202\327I$\313\261Y3\035f\206M\341\037\376\002 \020db\216\302-\335)\216z\216\3145~>\\247\013\034\000\r\242c,\273\265\260\301\236\\207\340""; previousledger: ""\375Tb0K\335\321\024\352,O(gj\245\230\256A>\305\303\246k\022Nn\260\272\033\302\024\214""; "
1750534070689,1750534070748,2911,1,1,4,TMStatusChange,"newEvent: neCLOSING_LEDGER; ledgerSeq: 2; ledgerHash: ""\375Tb0K\335\321\024\352,O(gj\245\230\256A>\305\303\246k\022Nn\260\272\033\302\024\214""; ledgerHashPrevious: ""-}\351f\032\255\274\334m\326c\017\014ao[\342\230\003\245\245\3341Hm\326^\017jy\335\261""; networkTime: 803849270; firstSeq: 1; lastSeq: 1; ","newEvent: neCLOSING_LEDGER; ledgerSeq: 2; ledgerHash: ""\375Tb0K\335\321\024\352,O(gj\245\230\256A>\305\303\246k\022Nn\260\272\033\302\024\214""; ledgerHashPrevious: ""-}\351f\032\255\274\334m\326c\017\014ao[\342\230\003\245\245\3341Hm\326^\017jy\335\261""; networkTime: 803849270; firstSeq: 1; lastSeq: 1; "
1750534070690,1750534070748,1294,1,1,2,TMStatusChange,"newEvent: neCLOSING_LEDGER; ledgerSeq: 2; ledgerHash: ""\375Tb0K\335\321\024\352,O(gj\245\230\256A>\305\303\246k\022Nn\260\272\033\302\024\214""; ledgerHashPrevious: ""-}\351f\032\255\274\334m\326c\017\014ao[\342\230\003\245\245\3341Hm\326^\017jy\335\261""; networkTime: 803849270; firstSeq: 1; lastSeq: 1; ","newEvent: neCLOSING_LEDGER; ledgerSeq: 2; ledgerHash: ""\375Tb0K\335\321\024\352,O(gj\245\230\256A>\305\303\246k\022Nn\260\272\033\302\024\214""; ledgerHashPrevious: ""-}\351f\032\255\274\334m\326c\017\014ao[\342\230\003\245\245\3341Hm\326^\017jy\335\261""; networkTime: 803849270; firstSeq: 1; lastSeq: 1; "
1750534070691,1750534070749,1799,1,1,3,TMStatusChange,"newEvent: neCLOSING_LEDGER; ledgerSeq: 2; ledgerHash: ""\375Tb0K\335\321\024\352,O(gj\245\230\256A>\305\303\246k\022Nn\260\272\033\302\024\214""; ledgerHashPrevious: ""-}\351f\032\255\274\334m\326c\017\014ao[\342\230\003\245\245\3341Hm\326^\017jy\335\261""; networkTime: 803849270; firstSeq: 1; lastSeq: 1; ","newEvent: neCLOSING_LEDGER; ledgerSeq: 2; ledgerHash: ""\375Tb0K\335\321\024\352,O(gj\245\230\256A>\305\303\246k\022Nn\260\272\033\302\024\214""; ledgerHashPrevious: ""-}\351f\032\255\274\334m\326c\017\014ao[\342\230\003\245\245\3341Hm\326^\017jy\335\261""; networkTime: 803849270; firstSeq: 1; lastSeq: 1; "
1750534070692,1750534070749,3926,1,1,0,TMStatusChange,"newEvent: neCLOSING_LEDGER; ledgerSeq: 2; ledgerHash: ""\375Tb0K\335\321\024\352,O(gj\245\230\256A>\305\303\246k\022Nn\260\272\033\302\024\214""; ledgerHashPrevious: ""-}\351f\032\255\274\334m\326c\017\014ao[\342\230\003\245\245\3341Hm\326^\017jy\335\261""; networkTime: 803849270; firstSeq: 1; lastSeq: 1; ","newEvent: neCLOSING_LEDGER; ledgerSeq: 2; ledgerHash: ""\375Tb0K\335\321\024\352,O(gj\245\230\256A>\305\303\246k\022Nn\260\272\033\302\024\214""; ledgerHashPrevious: ""-}\351f\032\255\274\334m\326c\017\014ao[\342\230\003\245\245\3341Hm\326^\017jy\335\261""; networkTime: 803849270; firstSeq: 1; lastSeq: 1; "
1750534070768,1750534070768,3754,1,0,4,TMProposeSet,"proposeSeq: 0; currentTxHash: ""\000\000\000\000\000\000\000\000\000\000\000\000\000\000\000\000\000\000\000\000\000\000\000\000\000\000\000\000\000\000\000\000""; nodePubKey: ""\002\227gv\346\003n\232f\264\2224\366\324\341o\5\217J\337\2771q\223O\025\217G8\235\301f""; closeTime: 803849270; signature: ""0D\002 t\274D\356\305730I\373\035\267a\350^\335\201\310\211\364\267\200\337\010n\201\216K\t\273H-\002 \007W&\235\234I_\262\252\364\251\304y\271<\343""\031\205(c@a1\343Z\343m\r\366\262%""; previousledger: ""\375Tb0K\335\321\024\352,O(gj\245\230\256A>\305\303\246k\022Nn\260\272\033\302\024\214""; ","proposeSeq: 0; currentTxHash: ""\000\000\000\000\000\000\000\000\000\000\000\000\000\000\000\000\000\000\000\000\000\000\000\000\000\000\000\000\000\000\000\000""; nodePubKey: ""\002\227gv\346\003n\232f\264\2224\366\324\341o\5\217J\337\2771q\223O\025\217G8\235\301f""; closeTime: 803849270; signature: ""0D\002 t\274D\356\305730I\373\035\267a\350^\335\201\310\211\364\267\200\337\010n\201\216K\t\273H-\002 \007W&\235\234I_\262\252\364\251\304y\271<\343""\031\205(c@a1\343Z\343m\r\366\262%""; previousledger: ""\375Tb0K\335\321\024\352,O(gj\245\230\256A>\305\303\246k\022Nn\260\272\033\302\024\214""; "
1750534070770,1750534070770,2102,1,0,3,TMProposeSet,"proposeSeq: 0; currentTxHash: ""\000\000\000\000\000\000\000\000\000\000\000\000\000\000\000\000\000\000\000\000\000\000\000\000\000\000\000\000\000\000\000\000""; nodePubKey: ""\002\227gv\346\003n\232f\264\2224\366\324\341o\5\217J\337\2771q\223O\025\217G8\235\301f""; closeTime: 803849270; signature: ""0D\002 t\274D\356\305730I\373\035\267a\350^\335\201\310\211\364\267\200\337\010n\201\216K\t\273H-\002 \007W&\235\234I_\262\252\364\251\304y\271<\343""\031\205(c@a1\343Z\343m\r\366\262%""; previousledger: ""\375Tb0K\335\321\024\352,O(gj\245\230\256A>\305\303\246k\022Nn\260\272\033\302\024\214""; ","proposeSeq: 0; currentTxHash: ""\000\000\000\000\000\000\000\000\000\000\000\000\000\000\000\000\000\000\000\000\000\000\000\000\000\000\000\000\000\000\000\000""; nodePubKey: ""\002\227gv\346\003n\232f\264\2224\366\324\341o\5\217J\337\2771q\223O\025\217G8\235\301f""; closeTime: 803849270; signature: ""0D\002 t\274D\356\305730I\373\035\267a\350^\335\201\310\211\364\267\200\337\010n\201\216K\t\273H-\002 \007W&\235\234I_\262\252\364\251\304y\271<\343""\031\205(c@a1\343Z\343m\r\366\262%""; previousledger: ""\375Tb0K\335\321\024\352,O(gj\245\230\256A>\305\303\246k\022Nn\260\272\033\302\024\214""; "
1750534070770,1750534070770,2193,1,0,2,TMProposeSet,"proposeSeq: 0; currentTxHash: ""\000\000\000\000\000\000\000\000\000\000\000\000\000\000\000\000\000\000\000\000\000\000\000\000\000\000\000\000\000\000\000\000""; nodePubKey: ""\002\227gv\346\003n\232f\264\2224\366\324\341o\5\217J\337\2771q\223O\025\217G8\235\301f""; closeTime: 803849270; signature: ""0D\002 t\274D\356\305730I\373\035\267a\350^\335\201\310\211\364\267\200\337\010n\201\216K\t\273H-\002 \007W&\235\234I_\262\252\364\251\304y\271<\343""\031\205(c@a1\343Z\343m\r\366\262%""; previousledger: ""\375Tb0K\335\321\024\352,O(gj\245\230\256A>\305\303\246k\022Nn\260\272\033\302\024\214""; ","proposeSeq: 0; currentTxHash: ""\000\000\000\000\000\000\000\000\000\000\000\000\000\000\000\000\000\000\000\000\000\000\000\000\000\000\000\000\000\000\000\000""; nodePubKey: ""\002\227gv\346\003n\232f\264\2224\366\324\341o\5\217J\337\2771q\223O\025\217G8\235\301f""; closeTime: 803849270; signature: ""0D\002 t\274D\356\305730I\373\035\267a\350^\335\201\310\211\364\267\200\337\010n\201\216K\t\273H-\002 \007W&\235\234I_\262\252\364\251\304y\271<\343""\031\205(c@a1\343Z\343m\r\366\262%""; previousledger: ""\375Tb0K\335\321\024\352,O(gj\245\230\256A>\305\303\246k\022Nn\260\272\033\302\024\214""; "
1750534070770,1750534070770,764,1,0,1,TMProposeSet,"proposeSeq: 0; currentTxHash: ""\000\000\000\000\000\000\000\000\000\000\000\000\000\000\000\000\000\000\000\000\000\000\000\000\000\000\000\000\000\000\000\000""; nodePubKey: ""\002\227gv\346\003n\232f\264\2224\366\324\341o\5\217J\337\2771q\223O\025\217G8\235\301f""; closeTime: 803849270; signature: ""0D\002 t\274D\356\305730I\373\035\267a\350^\335\201\310\211\364\267\200\337\010n\201\216K\t\273H-\002 \007W&\235\234I_\262\252\364\251\304y\271<\343""\031\205(c@a1\343Z\343m\r\366\262%""; previousledger: ""\375Tb0K\335\321\024\352,O(gj\245\230\256A>\305\303\246k\022Nn\260\272\033\302\024\214""; ","proposeSeq: 0; currentTxHash: ""\000\000\000\000\000\000\000\000\000\000\000\000\000\000\000\000\000\000\000\000\000\000\000\000\000\000\000\000\000\000\000\000""; nodePubKey: ""\002\227gv\346\003n\232f\264\2224\366\324\341o\5\217J\337\2771q\223O\025\217G8\235\301f""; closeTime: 803849270; signature: ""0D\002 t\274D\356\305730I\373\035\267a\350^\335\201\310\211\364\267\200\337\010n\201\216K\t\273H-\002 \007W&\235\234I_\262\252\364\251\304y\271<\343""\031\205(c@a1\343Z\343m\r\366\262%""; previousledger: ""\375Tb0K\335\321\024\352,O(gj\245\230\256A>\305\303\246k\022Nn\260\272\033\302\024\214""; "
1750534070767,1750534070813,885,1,0,3,TMStatusChange,"newEvent: neCLOSING_LEDGER; ledgerSeq: 2; ledgerHash: ""\375Tb0K\335\321\024\352,O(gj\245\230\256A>\305\303\246k\022Nn\260\272\033\302\024\214""; ledgerHashPrevious: ""-}\351f\032\255\274\334m\326c\017\014ao[\342\230\003\245\245\3341Hm\326^\017jy\335\261""; networkTime: 803849270; firstSeq: 1; lastSeq: 1; ","newEvent: neCLOSING_LEDGER; ledgerSeq: 2; ledgerHash: ""\375Tb0K\335\321\024\352,O(gj\245\230\256A>\305\303\246k\022Nn\260\272\033\302\024\214""; ledgerHashPrevious: ""-}\351f\032\255\274\334m\326c\017\014ao[\342\230\003\245\245\3341Hm\326^\017jy\335\261""; networkTime: 803849270; firstSeq: 1; lastSeq: 1; "
1750534070770,1750534070814,2478,1,0,1,TMStatusChange,"newEvent: neCLOSING_LEDGER; ledgerSeq: 2; ledgerHash: ""\375Tb0K\335\321\024\352,O(gj\245\230\256A>\305\303\246k\022Nn\260\272\033\302\024\214""; ledgerHashPrevious: ""-}\351f\032\255\274\334m\326c\017\014ao[\342\230\003\245\245\3341Hm\326^\017jy\335\261""; networkTime: 803849270; firstSeq: 1; lastSeq: 1; ","newEvent: neCLOSING_LEDGER; ledgerSeq: 2; ledgerHash: ""\375Tb0K\335\321\024\352,O(gj\245\230\256A>\305\303\246k\022Nn\260\272\033\302\024\214""; ledgerHashPrevious: ""-}\351f\032\255\274\334m\326c\017\014ao[\342\230\003\245\245\3341Hm\326^\017jy\335\261""; networkTime: 803849270; firstSeq: 1; lastSeq: 1; "
1750534070769,1750534070813,3074,1,0,4,TMStatusChange,"newEvent: neCLOSING_LEDGER; ledgerSeq: 2; ledgerHash: ""\375Tb0K\335\321\024\352,O(gj\245\230\256A>\305\303\246k\022Nn\260\272\033\302\024\214""; ledgerHashPrevious: ""-}\351f\032\255\274\334m\326c\017\014ao[\342\230\003\245\245\3341Hm\326^\017jy\335\261""; networkTime: 803849270; firstSeq: 1; lastSeq: 1; ","newEvent: neCLOSING_LEDGER; ledgerSeq: 2; ledgerHash: ""\375Tb0K\335\321\024\352,O(gj\245\230\256A>\305\303\246k\022Nn\260\272\033\302\024\214""; ledgerHashPrevious: ""-}\351f\032\255\274\334m\326c\017\014ao[\342\230\003\245\245\3341Hm\326^\017jy\335\261""; networkTime: 803849270; firstSeq: 1; lastSeq: 1; "
1750534070769,1750534070813,2322,1,0,2,TMStatusChange,"newEvent: neCLOSING_LEDGER; ledgerSeq: 2; ledgerHash: ""\375Tb0K\335\321\024\352,O(gj\245\230\256A>\305\303\246k\022Nn\260\272\033\302\024\214""; ledgerHashPrevious: ""-}\351f\032\255\274\334m\326c\017\014ao[\342\230\003\245\245\3341Hm\326^\017jy\335\261""; networkTime: 803849270; firstSeq: 1; lastSeq: 1; ","newEvent: neCLOSING_LEDGER; ledgerSeq: 2; ledgerHash: ""\375Tb0K\335\321\024\352,O(gj\245\230\256A>\305\303\246k\022Nn\260\272\033\302\024\214""; ledgerHashPrevious: ""-}\351f\032\255\274\334m\326c\017\014ao[\342\230\003\245\245\3341Hm\326^\017jy\335\261""; networkTime: 803849270; firstSeq: 1; lastSeq: 1; "
1750534070920,1750534070920,606,1,2,3,TMProposeSet,"proposeSeq: 0; currentTxHash: ""\000\000\000\000\000\000\000\000\000\000\000\000\000\000\000\000\000\000\000\000\000\000\000\000\000\000\000\000\000\000\000\000""; nodePubKey: ""\003\241q\201\005c\265\003\367~\267xq\264\m_\310U\235\3644\246\306\345#""\246\274'%\251)""; closeTime: 803849270; signature: ""0E\002!\000\263<\265<\031\374 \250^H\t\342\304\007\370ij\202\327I$\313\261Y3\035f\206M\341\037\376\002 \020db\216\302-\335)\216z\216\3145~>\\247\013\034\000\r\242c,\273\265\260\301\236\\207\340""; previousledger: ""\375Tb0K\335\321\024\352,O(gj\245\230\256A>\305\303\246k\022Nn\260\272\033\302\024\214""; ","proposeSeq: 0; currentTxHash: ""\000\000\000\000\000\000\000\000\000\000\000\000\000\000\000\000\000\000\000\000\000\000\000\000\000\000\000\000\000\000\000\000""; nodePubKey: ""\003\241q\201\005c\265\003\367~\267xq\264\m_\310U\235\3644\246\306\345#""\246\274'%\251)""; closeTime: 803849270; signature: ""0E\002!\000\263<\265<\031\374 \250^H\t\342\304\007\370ij\202\327I$\313\261Y3\035f\206M\341\037\376\002 \020db\216\302-\335)\216z\216\3145~>\\247\013\034\000\r\242c,\273\265\260\301\236\\207\340""; previousledger: ""\375Tb0K\335\321\024\352,O(gj\245\230\256A>\305\303\246k\022Nn\260\272\033\302\024\214""; "
1750534070920,1750534070920,1165,1,2,1,TMProposeSet,"proposeSeq: 0; currentTxHash: ""\000\000\000\000\000\000\000\000\000\000\000\000\000\000\000\000\000\000\000\000\000\000\000\000\000\000\000\000\000\000\000\000""; nodePubKey: ""\003\241q\201\005c\265\003\367~\267xq\264\m_\310U\235\3644\246\306\345#""\246\274'%\251)""; closeTime: 803849270; signature: ""0E\002!\000\263<\265<\031\374 \250^H\t\342\304\007\370ij\202\327I$\313\261Y3\035f\206M\341\037\376\002 \020db\216\302-\335)\216z\216\3145~>\\247\013\034\000\r\242c,\273\265\260\301\236\\207\340""; previousledger: ""\375Tb0K\335\321\024\352,O(gj\245\230\256A>\305\303\246k\022Nn\260\272\033\302\024\214""; ","proposeSeq: 0; currentTxHash: ""\000\000\000\000\000\000\000\000\000\000\000\000\000\000\000\000\000\000\000\000\000\000\000\000\000\000\000\000\000\000\000\000""; nodePubKey: ""\003\241q\201\005c\265\003\367~\267xq\264\m_\310U\235\3644\246\306\345#""\246\274'%\251)""; closeTime: 803849270; signature: ""0E\002!\000\263<\265<\031\374 \250^H\t\342\304\007\370ij\202\327I$\313\261Y3\035f\206M\341\037\376\002 \020db\216\302-\335)\216z\216\3145~>\\247\013\034\000\r\242c,\273\265\260\301\236\\207\340""; previousledger: ""\375Tb0K\335\321\024\352,O(gj\245\230\256A>\305\303\246k\022Nn\260\272\033\302\024\214""; "
1750534070920,1750534070920,2401,1,2,0,TMProposeSet,"proposeSeq: 0; currentTxHash: ""\000\000\000\000\000\000\000\000\000\000\000\000\000\000\000\000\000\000\000\000\000\000\000\000\000\000\000\000\000\000\000\000""; nodePubKey: ""\003\241q\201\005c\265\003\367~\267xq\264\m_\310U\235\3644\246\306\345#""\246\274'%\251)""; closeTime: 803849270; signature: ""0E\002!\000\263<\265<\031\374 \250^H\t\342\304\007\370ij\202\327I$\313\261Y3\035f\206M\341\037\376\002 \020db\216\302-\335)\216z\216\3145~>\\247\013\034\000\r\242c,\273\265\260\301\236\\207\340""; previousledger: ""\375Tb0K\335\321\024\352,O(gj\245\230\256A>\305\303\246k\022Nn\260\272\033\302\024\214""; ","proposeSeq: 0; currentTxHash: ""\000\000\000\000\000\000\000\000\000\000\000\000\000\000\000\000\000\000\000\000\000\000\000\000\000\000\000\000\000\000\000\000""; nodePubKey: ""\003\241q\201\005c\265\003\367~\267xq\264\m_\310U\235\3644\246\306\345#""\246\274'%\251)""; closeTime: 803849270; signature: ""0E\002!\000\263<\265<\031\374 \250^H\t\342\304\007\370ij\202\327I$\313\261Y3\035f\206M\341\037\376\002 \020db\216\302-\335)\216z\216\3145~>\\247\013\034\000\r\242c,\273\265\260\301\236\\207\340""; previousledger: ""\375Tb0K\335\321\024\352,O(gj\245\230\256A>\305\303\246k\022Nn\260\272\033\302\024\214""; "
1750534070999,1750534071000,2364,1,3,4,TMProposeSet,"proposeSeq: 0; currentTxHash: ""\000\000\000\000\000\000\000\000\000\000\000\000\000\000\000\000\000\000\000\000\000\000\000\000\000\000\000\000\000\000\000\000""; nodePubKey: ""\002\031\356p7g\301C\213'\252;p\007\211\345G\223\330\261\277\313\310Pm\016p|\376\310\342\020\261""; closeTime: 803849270; signature: ""0E\002!\000\331\361\333@\234HrCv\367%\325\300@\000\275#\255;]\355\202z+M5\325\303\263\214\025}\002 A\251\306\024\030O\315-\305\001\270\256\342L1\231\320\317\313\234\240\206T\211\2648\014Q\216\254e\313""; previousledger: ""\375Tb0K\335\321\024\352,O(gj\245\230\256A>\305\303\246k\022Nn\260\272\033\302\024\214""; ","proposeSeq: 0; currentTxHash: ""\000\000\000\000\000\000\000\000\000\000\000\000\000\000\000\000\000\000\000\000\000\000\000\000\000\000\000\000\000\000\000\000""; nodePubKey: ""\002\031\356p7g\301C\213'\252;p\007\211\345G\223\330\261\277\313\310Pm\016p|\376\310\342\020\261""; closeTime: 803849270; signature: ""0E\002!\000\331\361\333@\234HrCv\367%\325\300@\000\275#\255;]\355\202z+M5\325\303\263\214\025}\002 A\251\306\024\030O\315-\305\001\270\256\342L1\231\320\317\313\234\240\206T\211\2648\014Q\216\254e\313""; previousledger: ""\375Tb0K\335\321\024\352,O(gj\245\230\256A>\305\303\246k\022Nn\260\272\033\302\024\214""; "
1750534071000,1750534071000,1696,1,3,0,TMProposeSet,"proposeSeq: 0; currentTxHash: ""\000\000\000\000\000\000\000\000\000\000\000\000\000\000\000\000\000\000\000\000\000\000\000\000\000\000\000\000\000\000\000\000""; nodePubKey: ""\002\031\356p7g\301C\213'\252;p\007\211\345G\223\330\261\277\313\310Pm\016p|\376\310\342\020\261""; closeTime: 803849270; signature: ""0E\002!\000\331\361\333@\234HrCv\367%\325\300@\000\275#\255;]\355\202z+M5\325\303\263\214\025}\002 A\251\306\024\030O\315-\305\001\270\256\342L1\231\320\317\313\234\240\206T\211\2648\014Q\216\254e\313""; previousledger: ""\375Tb0K\335\321\024\352,O(gj\245\230\256A>\305\303\246k\022Nn\260\272\033\302\024\214""; ","proposeSeq: 0; currentTxHash: ""\000\000\000\000\000\000\000\000\000\000\000\000\000\000\000\000\000\000\000\000\000\000\000\000\000\000\000\000\000\000\000\000""; nodePubKey: ""\002\031\356p7g\301C\213'\252;p\007\211\345G\223\330\261\277\313\310Pm\016p|\376\310\342\020\261""; closeTime: 803849270; signature: ""0E\002!\000\331\361\333@\234HrCv\367%\325\300@\000\275#\255;]\355\202z+M5\325\303\263\214\025}\002 A\251\306\024\030O\315-\305\001\270\256\342L1\231\320\317\313\234\240\206T\211\2648\014Q\216\254e\313""; previousledger: ""\375Tb0K\335\321\024\352,O(gj\245\230\256A>\305\303\246k\022Nn\260\272\033\302\024\214""; "
1750534071000,1750534071000,2365,1,3,1,TMProposeSet,"proposeSeq: 0; currentTxHash: ""\000\000\000\000\000\000\000\000\000\000\000\000\000\000\000\000\000\000\000\000\000\000\000\000\000\000\000\000\000\000\000\000""; nodePubKey: ""\002\031\356p7g\301C\213'\252;p\007\211\345G\223\330\261\277\313\310Pm\016p|\376\310\342\020\261""; closeTime: 803849270; signature: ""0E\002!\000\331\361\333@\234HrCv\367%\325\300@\000\275#\255;]\355\202z+M5\325\303\263\214\025}\002 A\251\306\024\030O\315-\305\001\270\256\342L1\231\320\317\313\234\240\206T\211\2648\014Q\216\254e\313""; previousledger: ""\375Tb0K\335\321\024\352,O(gj\245\230\256A>\305\303\246k\022Nn\260\272\033\302\024\214""; ","proposeSeq: 0; currentTxHash: ""\000\000\000\000\000\000\000\000\000\000\000\000\000\000\000\000\000\000\000\000\000\000\000\000\000\000\000\000\000\000\000\000""; nodePubKey: ""\002\031\356p7g\301C\213'\252;p\007\211\345G\223\330\261\277\313\310Pm\016p|\376\310\342\020\261""; closeTime: 803849270; signature: ""0E\002!\000\331\361\333@\234HrCv\367%\325\300@\000\275#\255;]\355\202z+M5\325\303\263\214\025}\002 A\251\306\024\030O\315-\305\001\270\256\342L1\231\320\317\313\234\240\206T\211\2648\014Q\216\254e\313""; previousledger: ""\375Tb0K\335\321\024\352,O(gj\245\230\256A>\305\303\246k\022Nn\260\272\033\302\024\214""; "
1750534071082,1750534071082,3949,1,4,3,TMProposeSet,"proposeSeq: 0; currentTxHash: ""\000\000\000\000\000\000\000\000\000\000\000\000\000\000\000\000\000\000\000\000\000\000\000\000\000\000\000\000\000\000\000\000""; nodePubKey: ""\003)\036\227\370\t\264\235\206\317\234B\n\230/\375\257\335fo\253d\026_\357K\336\020\302\356\323\222\376""; closeTime: 803849270; signature: ""0E\002!\000\353\235\375\272\333\224\241\275\026&\335$\321\257\023\207\254\231\023\352\263\271Z#\317u\013\347\274E\320\r\002 S-\224\n\3566\r\320\314\220_j\027\010\224\213\020Kb\363\335\264\305],\263\315l\351\330\244\225""; previousledger: ""\375Tb0K\335\321\024\352,O(gj\245\230\256A>\305\303\246k\022Nn\260\272\033\302\024\214""; ","proposeSeq: 0; currentTxHash: ""\000\000\000\000\000\000\000\000\000\000\000\000\000\000\000\000\000\000\000\000\000\000\000\000\000\000\000\000\000\000\000\000""; nodePubKey: ""\003)\036\227\370\t\264\235\206\317\234B\n\230/\375\257\335fo\253d\026_\357K\336\020\302\356\323\222\376""; closeTime: 803849270; signature: ""0E\002!\000\353\235\375\272\333\224\241\275\026&\335$\321\257\023\207\254\231\023\352\263\271Z#\317u\013\347\274E\320\r\002 S-\224\n\3566\r\320\314\220_j\027\010\224\213\020Kb\363\335\264\305],\263\315l\351\330\244\225""; previousledger: ""\375Tb0K\335\321\024\352,O(gj\245\230\256A>\305\303\246k\022Nn\260\272\033\302\024\214""; "
1750534071083,1750534071083,657,1,4,2,TMProposeSet,"proposeSeq: 0; currentTxHash: ""\000\000\000\000\000\000\000\000\000\000\000\000\000\000\000\000\000\000\000\000\000\000\000\000\000\000\000\000\000\000\000\000""; nodePubKey: ""\003)\036\227\370\t\264\235\206\317\234B\n\230/\375\257\335fo\253d\026_\357K\336\020\302\356\323\222\376""; closeTime: 803849270; signature: ""0E\002!\000\353\235\375\272\333\224\241\275\026&\335$\321\257\023\207\254\231\023\352\263\271Z#\317u\013\347\274E\320\r\002 S-\224\n\3566\r\320\314\220_j\027\010\224\213\020Kb\363\335\264\305],\263\315l\351\330\244\225""; previousledger: ""\375Tb0K\335\321\024\352,O(gj\245\230\256A>\305\303\246k\022Nn\260\272\033\302\024\214""; ","proposeSeq: 0; currentTxHash: ""\000\000\000\000\000\000\000\000\000\000\000\000\000\000\000\000\000\000\000\000\000\000\000\000\000\000\000\000\000\000\000\000""; nodePubKey: ""\003)\036\227\370\t\264\235\206\317\234B\n\230/\375\257\335fo\253d\026_\357K\336\020\302\356\323\222\376""; closeTime: 803849270; signature: ""0E\002!\000\353\235\375\272\333\224\241\275\026&\335$\321\257\023\207\254\231\023\352\263\271Z#\317u\013\347\274E\320\r\002 S-\224\n\3566\r\320\314\220_j\027\010\224\213\020Kb\363\335\264\305],\263\315l\351\330\244\225""; previousledger: ""\375Tb0K\335\321\024\352,O(gj\245\230\256A>\305\303\246k\022Nn\260\272\033\302\024\214""; "
1750534071083,1750534071083,467,1,4,0,TMProposeSet,"proposeSeq: 0; currentTxHash: ""\000\000\000\000\000\000\000\000\000\000\000\000\000\000\000\000\000\000\000\000\000\000\000\000\000\000\000\000\000\000\000\000""; nodePubKey: ""\003)\036\227\370\t\264\235\206\317\234B\n\230/\375\257\335fo\253d\026_\357K\336\020\302\356\323\222\376""; closeTime: 803849270; signature: ""0E\002!\000\353\235\375\272\333\224\241\275\026&\335$\321\257\023\207\254\231\023\352\263\271Z#\317u\013\347\274E\320\r\002 S-\224\n\3566\r\320\314\220_j\027\010\224\213\020Kb\363\335\264\305],\263\315l\351\330\244\225""; previousledger: ""\375Tb0K\335\321\024\352,O(gj\245\230\256A>\305\303\246k\022Nn\260\272\033\302\024\214""; ","proposeSeq: 0; currentTxHash: ""\000\000\000\000\000\000\000\000\000\000\000\000\000\000\000\000\000\000\000\000\000\000\000\000\000\000\000\000\000\000\000\000""; nodePubKey: ""\003)\036\227\370\t\264\235\206\317\234B\n\230/\375\257\335fo\253d\026_\357K\336\020\302\356\323\222\376""; closeTime: 803849270; signature: ""0E\002!\000\353\235\375\272\333\224\241\275\026&\335$\321\257\023\207\254\231\023\352\263\271Z#\317u\013\347\274E\320\r\002 S-\224\n\3566\r\320\314\220_j\027\010\224\213\020Kb\363\335\264\305],\263\315l\351\330\244\225""; previousledger: ""\375Tb0K\335\321\024\352,O(gj\245\230\256A>\305\303\246k\022Nn\260\272\033\302\024\214""; "
1750534071439,1750534071440,3754,1,0,4,TMProposeSet,"proposeSeq: 0; currentTxHash: ""\000\000\000\000\000\000\000\000\000\000\000\000\000\000\000\000\000\000\000\000\000\000\000\000\000\000\000\000\000\000\000\000""; nodePubKey: ""\003)\036\227\370\t\264\235\206\317\234B\n\230/\375\257\335fo\253d\026_\357K\336\020\302\356\323\222\376""; closeTime: 803849270; signature: ""0E\002!\000\353\235\375\272\333\224\241\275\026&\335$\321\257\023\207\254\231\023\352\263\271Z#\317u\013\347\274E\320\r\002 S-\224\n\3566\r\320\314\220_j\027\010\224\213\020Kb\363\335\264\305],\263\315l\351\330\244\225""; previousledger: ""\375Tb0K\335\321\024\352,O(gj\245\230\256A>\305\303\246k\022Nn\260\272\033\302\024\214""; ","proposeSeq: 0; currentTxHash: ""\000\000\000\000\000\000\000\000\000\000\000\000\000\000\000\000\000\000\000\000\000\000\000\000\000\000\000\000\000\000\000\000""; nodePubKey: ""\003)\036\227\370\t\264\235\206\317\234B\n\230/\375\257\335fo\253d\026_\357K\336\020\302\356\323\222\376""; closeTime: 803849270; signature: ""0E\002!\000\353\235\375\272\333\224\241\275\026&\335$\321\257\023\207\254\231\023\352\263\271Z#\317u\013\347\274E\320\r\002 S-\224\n\3566\r\320\314\220_j\027\010\224\213\020Kb\363\335\264\305],\263\315l\351\330\244\225""; previousledger: ""\375Tb0K\335\321\024\352,O(gj\245\230\256A>\305\303\246k\022Nn\260\272\033\302\024\214""; "
1750534071440,1750534071440,2102,1,0,3,TMProposeSet,"proposeSeq: 0; currentTxHash: ""\000\000\000\000\000\000\000\000\000\000\000\000\000\000\000\000\000\000\000\000\000\000\000\000\000\000\000\000\000\000\000\000""; nodePubKey: ""\003)\036\227\370\t\264\235\206\317\234B\n\230/\375\257\335fo\253d\026_\357K\336\020\302\356\323\222\376""; closeTime: 803849270; signature: ""0E\002!\000\353\235\375\272\333\224\241\275\026&\335$\321\257\023\207\254\231\023\352\263\271Z#\317u\013\347\274E\320\r\002 S-\224\n\3566\r\320\314\220_j\027\010\224\213\020Kb\363\335\264\305],\263\315l\351\330\244\225""; previousledger: ""\375Tb0K\335\321\024\352,O(gj\245\230\256A>\305\303\246k\022Nn\260\272\033\302\024\214""; ","proposeSeq: 0; currentTxHash: ""\000\000\000\000\000\000\000\000\000\000\000\000\000\000\000\000\000\000\000\000\000\000\000\000\000\000\000\000\000\000\000\000""; nodePubKey: ""\003)\036\227\370\t\264\235\206\317\234B\n\230/\375\257\335fo\253d\026_\357K\336\020\302\356\323\222\376""; closeTime: 803849270; signature: ""0E\002!\000\353\235\375\272\333\224\241\275\026&\335$\321\257\023\207\254\231\023\352\263\271Z#\317u\013\347\274E\320\r\002 S-\224\n\3566\r\320\314\220_j\027\010\224\213\020Kb\363\335\264\305],\263\315l\351\330\244\225""; previousledger: ""\375Tb0K\335\321\024\352,O(gj\245\230\256A>\305\303\246k\022Nn\260\272\033\302\024\214""; "
1750534071440,1750534071440,2193,1,0,2,TMProposeSet,"proposeSeq: 0; currentTxHash: ""\000\000\000\000\000\000\000\000\000\000\000\000\000\000\000\000\000\000\000\000\000\000\000\000\000\000\000\000\000\000\000\000""; nodePubKey: ""\003)\036\227\370\t\264\235\206\317\234B\n\230/\375\257\335fo\253d\026_\357K\336\020\302\356\323\222\376""; closeTime: 803849270; signature: ""0E\002!\000\353\235\375\272\333\224\241\275\026&\335$\321\257\023\207\254\231\023\352\263\271Z#\317u\013\347\274E\320\r\002 S-\224\n\3566\r\320\314\220_j\027\010\224\213\020Kb\363\335\264\305],\263\315l\351\330\244\225""; previousledger: ""\375Tb0K\335\321\024\352,O(gj\245\230\256A>\305\303\246k\022Nn\260\272\033\302\024\214""; ","proposeSeq: 0; currentTxHash: ""\000\000\000\000\000\000\000\000\000\000\000\000\000\000\000\000\000\000\000\000\000\000\000\000\000\000\000\000\000\000\000\000""; nodePubKey: ""\003)\036\227\370\t\264\235\206\317\234B\n\230/\375\257\335fo\253d\026_\357K\336\020\302\356\323\222\376""; closeTime: 803849270; signature: ""0E\002!\000\353\235\375\272\333\224\241\275\026&\335$\321\257\023\207\254\231\023\352\263\271Z#\317u\013\347\274E\320\r\002 S-\224\n\3566\r\320\314\220_j\027\010\224\213\020Kb\363\335\264\305],\263\315l\351\330\244\225""; previousledger: ""\375Tb0K\335\321\024\352,O(gj\245\230\256A>\305\303\246k\022Nn\260\272\033\302\024\214""; "
1750534071496,1750534071496,391,1,1,4,TMProposeSet,"proposeSeq: 0; currentTxHash: ""\000\000\000\000\000\000\000\000\000\000\000\000\000\000\000\000\000\000\000\000\000\000\000\000\000\000\000\000\000\000\000\000""; nodePubKey: ""\003\241q\201\005c\265\003\367~\267xq\264\m_\310U\235\3644\246\306\345#""\246\274'%\251)""; closeTime: 803849270; signature: ""0E\002!\000\263<\265<\031\374 \250^H\t\342\304\007\370ij\202\327I$\313\261Y3\035f\206M\341\037\376\002 \020db\216\302-\335)\216z\216\3145~>\\247\013\034\000\r\242c,\273\265\260\301\236\\207\340""; previousledger: ""\375Tb0K\335\321\024\352,O(gj\245\230\256A>\305\303\246k\022Nn\260\272\033\302\024\214""; ","proposeSeq: 0; currentTxHash: ""\000\000\000\000\000\000\000\000\000\000\000\000\000\000\000\000\000\000\000\000\000\000\000\000\000\000\000\000\000\000\000\000""; nodePubKey: ""\003\241q\201\005c\265\003\367~\267xq\264\m_\310U\235\3644\246\306\345#""\246\274'%\251)""; closeTime: 803849270; signature: ""0E\002!\000\263<\265<\031\374 \250^H\t\342\304\007\370ij\202\327I$\313\261Y3\035f\206M\341\037\376\002 \020db\216\302-\335)\216z\216\3145~>\\247\013\034\000\r\242c,\273\265\260\301\236\\207\340""; previousledger: ""\375Tb0K\335\321\024\352,O(gj\245\230\256A>\305\303\246k\022Nn\260\272\033\302\024\214""; "
1750534071497,1750534071497,2750,1,1,3,TMProposeSet,"proposeSeq: 0; currentTxHash: ""\000\000\000\000\000\000\000\000\000\000\000\000\000\000\000\000\000\000\000\000\000\000\000\000\000\000\000\000\000\000\000\000""; nodePubKey: ""\003\241q\201\005c\265\003\367~\267xq\264\m_\310U\235\3644\246\306\345#""\246\274'%\251)""; closeTime: 803849270; signature: ""0E\002!\000\263<\265<\031\374 \250^H\t\342\304\007\370ij\202\327I$\313\261Y3\035f\206M\341\037\376\002 \020db\216\302-\335)\216z\216\3145~>\\247\013\034\000\r\242c,\273\265\260\301\236\\207\340""; previousledger: ""\375Tb0K\335\321\024\352,O(gj\245\230\256A>\305\303\246k\022Nn\260\272\033\302\024\214""; ","proposeSeq: 0; currentTxHash: ""\000\000\000\000\000\000\000\000\000\000\000\000\000\000\000\000\000\000\000\000\000\000\000\000\000\000\000\000\000\000\000\000""; nodePubKey: ""\003\241q\201\005c\265\003\367~\267xq\264\m_\310U\235\3644\246\306\345#""\246\274'%\251)""; closeTime: 803849270; signature: ""0E\002!\000\263<\265<\031\374 \250^H\t\342\304\007\370ij\202\327I$\313\261Y3\035f\206M\341\037\376\002 \020db\216\302-\335)\216z\216\3145~>\\247\013\034\000\r\242c,\273\265\260\301\236\\207\340""; previousledger: ""\375Tb0K\335\321\024\352,O(gj\245\230\256A>\305\303\246k\022Nn\260\272\033\302\024\214""; "
1750534071497,1750534071497,1191,1,1,2,TMProposeSet,"proposeSeq: 0; currentTxHash: ""\000\000\000\000\000\000\000\000\000\000\000\000\000\000\000\000\000\000\000\000\000\000\000\000\000\000\000\000\000\000\000\000""; nodePubKey: ""\003\241q\201\005c\265\003\367~\267xq\264\m_\310U\235\3644\246\306\345#""\246\274'%\251)""; closeTime: 803849270; signature: ""0E\002!\000\263<\265<\031\374 \250^H\t\342\304\007\370ij\202\327I$\313\261Y3\035f\206M\341\037\376\002 \020db\216\302-\335)\216z\216\3145~>\\247\013\034\000\r\242c,\273\265\260\301\236\\207\340""; previousledger: ""\375Tb0K\335\321\024\352,O(gj\245\230\256A>\305\303\246k\022Nn\260\272\033\302\024\214""; ","proposeSeq: 0; currentTxHash: ""\000\000\000\000\000\000\000\000\000\000\000\000\000\000\000\000\000\000\000\000\000\000\000\000\000\000\000\000\000\000\000\000""; nodePubKey: ""\003\241q\201\005c\265\003\367~\267xq\264\m_\310U\235\3644\246\306\345#""\246\274'%\251)""; closeTime: 803849270; signature: ""0E\002!\000\263<\265<\031\374 \250^H\t\342\304\007\370ij\202\327I$\313\261Y3\035f\206M\341\037\376\002 \020db\216\302-\335)\216z\216\3145~>\\247\013\034\000\r\242c,\273\265\260\301\236\\207\340""; previousledger: ""\375Tb0K\335\321\024\352,O(gj\245\230\256A>\305\303\246k\022Nn\260\272\033\302\024\214""; "
1750534071528,1750534071528,2364,1,3,4,TMProposeSet,"proposeSeq: 0; currentTxHash: ""\000\000\000\000\000\000\000\000\000\000\000\000\000\000\000\000\000\000\000\000\000\000\000\000\000\000\000\000\000\000\000\000""; nodePubKey: ""\003\241q\201\005c\265\003\367~\267xq\264\m_\310U\235\3644\246\306\345#""\246\274'%\251)""; closeTime: 803849270; signature: ""0E\002!\000\263<\265<\031\374 \250^H\t\342\304\007\370ij\202\327I$\313\261Y3\035f\206M\341\037\376\002 \020db\216\302-\335)\216z\216\3145~>\\247\013\034\000\r\242c,\273\265\260\301\236\\207\340""; previousledger: ""\375Tb0K\335\321\024\352,O(gj\245\230\256A>\305\303\246k\022Nn\260\272\033\302\024\214""; ","proposeSeq: 0; currentTxHash: ""\000\000\000\000\000\000\000\000\000\000\000\000\000\000\000\000\000\000\000\000\000\000\000\000\000\000\000\000\000\000\000\000""; nodePubKey: ""\003\241q\201\005c\265\003\367~\267xq\264\m_\310U\235\3644\246\306\345#""\246\274'%\251)""; closeTime: 803849270; signature: ""0E\002!\000\263<\265<\031\374 \250^H\t\342\304\007\370ij\202\327I$\313\261Y3\035f\206M\341\037\376\002 \020db\216\302-\335)\216z\216\3145~>\\247\013\034\000\r\242c,\273\265\260\301\236\\207\340""; previousledger: ""\375Tb0K\335\321\024\352,O(gj\245\230\256A>\305\303\246k\022Nn\260\272\033\302\024\214""; "
1750534071529,1750534071529,2365,1,3,1,TMProposeSet,"proposeSeq: 0; currentTxHash: ""\000\000\000\000\000\000\000\000\000\000\000\000\000\000\000\000\000\000\000\000\000\000\000\000\000\000\000\000\000\000\000\000""; nodePubKey: ""\003\241q\201\005c\265\003\367~\267xq\264\m_\310U\235\3644\246\306\345#""\246\274'%\251)""; closeTime: 803849270; signature: ""0E\002!\000\263<\265<\031\374 \250^H\t\342\304\007\370ij\202\327I$\313\261Y3\035f\206M\341\037\376\002 \020db\216\302-\335)\216z\216\3145~>\\247\013\034\000\r\242c,\273\265\260\301\236\\207\340""; previousledger: ""\375Tb0K\335\321\024\352,O(gj\245\230\256A>\305\303\246k\022Nn\260\272\033\302\024\214""; ","proposeSeq: 0; currentTxHash: ""\000\000\000\000\000\000\000\000\000\000\000\000\000\000\000\000\000\000\000\000\000\000\000\000\000\000\000\000\000\000\000\000""; nodePubKey: ""\003\241q\201\005c\265\003\367~\267xq\264\m_\310U\235\3644\246\306\345#""\246\274'%\251)""; closeTime: 803849270; signature: ""0E\002!\000\263<\265<\031\374 \250^H\t\342\304\007\370ij\202\327I$\313\261Y3\035f\206M\341\037\376\002 \020db\216\302-\335)\216z\216\3145~>\\247\013\034\000\r\242c,\273\265\260\301\236\\207\340""; previousledger: ""\375Tb0K\335\321\024\352,O(gj\245\230\256A>\305\303\246k\022Nn\260\272\033\302\024\214""; "
1750534071529,1750534071529,1696,1,3,0,TMProposeSet,"proposeSeq: 0; currentTxHash: ""\000\000\000\000\000\000\000\000\000\000\000\000\000\000\000\000\000\000\000\000\000\000\000\000\000\000\000\000\000\000\000\000""; nodePubKey: ""\003\241q\201\005c\265\003\367~\267xq\264\m_\310U\235\3644\246\306\345#""\246\274'%\251)""; closeTime: 803849270; signature: ""0E\002!\000\263<\265<\031\374 \250^H\t\342\304\007\370ij\202\327I$\313\261Y3\035f\206M\341\037\376\002 \020db\216\302-\335)\216z\216\3145~>\\247\013\034\000\r\242c,\273\265\260\301\236\\207\340""; previousledger: ""\375Tb0K\335\321\024\352,O(gj\245\230\256A>\305\303\246k\022Nn\260\272\033\302\024\214""; ","proposeSeq: 0; currentTxHash: ""\000\000\000\000\000\000\000\000\000\000\000\000\000\000\000\000\000\000\000\000\000\000\000\000\000\000\000\000\000\000\000\000""; nodePubKey: ""\003\241q\201\005c\265\003\367~\267xq\264\m_\310U\235\3644\246\306\345#""\246\274'%\251)""; closeTime: 803849270; signature: ""0E\002!\000\263<\265<\031\374 \250^H\t\342\304\007\370ij\202\327I$\313\261Y3\035f\206M\341\037\376\002 \020db\216\302-\335)\216z\216\3145~>\\247\013\034\000\r\242c,\273\265\260\301\236\\207\340""; previousledger: ""\375Tb0K\335\321\024\352,O(gj\245\230\256A>\305\303\246k\022Nn\260\272\033\302\024\214""; "
1750534071534,1750534071534,2750,1,1,3,TMProposeSet,"proposeSeq: 0; currentTxHash: ""\000\000\000\000\000\000\000\000\000\000\000\000\000\000\000\000\000\000\000\000\000\000\000\000\000\000\000\000\000\000\000\000""; nodePubKey: ""\002\227gv\346\003n\232f\264\2224\366\324\341o\5\217J\337\2771q\223O\025\217G8\235\301f""; closeTime: 803849270; signature: ""0D\002 t\274D\356\305730I\373\035\267a\350^\335\201\310\211\364\267\200\337\010n\201\216K\t\273H-\002 \007W&\235\234I_\262\252\364\251\304y\271<\343""\031\205(c@a1\343Z\343m\r\366\262%""; previousledger: ""\375Tb0K\335\321\024\352,O(gj\245\230\256A>\305\303\246k\022Nn\260\272\033\302\024\214""; ","proposeSeq: 0; currentTxHash: ""\000\000\000\000\000\000\000\000\000\000\000\000\000\000\000\000\000\000\000\000\000\000\000\000\000\000\000\000\000\000\000\000""; nodePubKey: ""\002\227gv\346\003n\232f\264\2224\366\324\341o\5\217J\337\2771q\223O\025\217G8\235\301f""; closeTime: 803849270; signature: ""0D\002 t\274D\356\305730I\373\035\267a\350^\335\201\310\211\364\267\200\337\010n\201\216K\t\273H-\002 \007W&\235\234I_\262\252\364\251\304y\271<\343""\031\205(c@a1\343Z\343m\r\366\262%""; previousledger: ""\375Tb0K\335\321\024\352,O(gj\245\230\256A>\305\303\246k\022Nn\260\272\033\302\024\214""; "
1750534071535,1750534071535,391,1,1,4,TMProposeSet,"proposeSeq: 0; currentTxHash: ""\000\000\000\000\000\000\000\000\000\000\000\000\000\000\000\000\000\000\000\000\000\000\000\000\000\000\000\000\000\000\000\000""; nodePubKey: ""\002\227gv\346\003n\232f\264\2224\366\324\341o\5\217J\337\2771q\223O\025\217G8\235\301f""; closeTime: 803849270; signature: ""0D\002 t\274D\356\305730I\373\035\267a\350^\335\201\310\211\364\267\200\337\010n\201\216K\t\273H-\002 \007W&\235\234I_\262\252\364\251\304y\271<\343""\031\205(c@a1\343Z\343m\r\366\262%""; previousledger: ""\375Tb0K\335\321\024\352,O(gj\245\230\256A>\305\303\246k\022Nn\260\272\033\302\024\214""; ","proposeSeq: 0; currentTxHash: ""\000\000\000\000\000\000\000\000\000\000\000\000\000\000\000\000\000\000\000\000\000\000\000\000\000\000\000\000\000\000\000\000""; nodePubKey: ""\002\227gv\346\003n\232f\264\2224\366\324\341o\5\217J\337\2771q\223O\025\217G8\235\301f""; closeTime: 803849270; signature: ""0D\002 t\274D\356\305730I\373\035\267a\350^\335\201\310\211\364\267\200\337\010n\201\216K\t\273H-\002 \007W&\235\234I_\262\252\364\251\304y\271<\343""\031\205(c@a1\343Z\343m\r\366\262%""; previousledger: ""\375Tb0K\335\321\024\352,O(gj\245\230\256A>\305\303\246k\022Nn\260\272\033\302\024\214""; "
1750534071535,1750534071535,1191,1,1,2,TMProposeSet,"proposeSeq: 0; currentTxHash: ""\000\000\000\000\000\000\000\000\000\000\000\000\000\000\000\000\000\000\000\000\000\000\000\000\000\000\000\000\000\000\000\000""; nodePubKey: ""\002\227gv\346\003n\232f\264\2224\366\324\341o\5\217J\337\2771q\223O\025\217G8\235\301f""; closeTime: 803849270; signature: ""0D\002 t\274D\356\305730I\373\035\267a\350^\335\201\310\211\364\267\200\337\010n\201\216K\t\273H-\002 \007W&\235\234I_\262\252\364\251\304y\271<\343""\031\205(c@a1\343Z\343m\r\366\262%""; previousledger: ""\375Tb0K\335\321\024\352,O(gj\245\230\256A>\305\303\246k\022Nn\260\272\033\302\024\214""; ","proposeSeq: 0; currentTxHash: ""\000\000\000\000\000\000\000\000\000\000\000\000\000\000\000\000\000\000\000\000\000\000\000\000\000\000\000\000\000\000\000\000""; nodePubKey: ""\002\227gv\346\003n\232f\264\2224\366\324\341o\5\217J\337\2771q\223O\025\217G8\235\301f""; closeTime: 803849270; signature: ""0D\002 t\274D\356\305730I\373\035\267a\350^\335\201\310\211\364\267\200\337\010n\201\216K\t\273H-\002 \007W&\235\234I_\262\252\364\251\304y\271<\343""\031\205(c@a1\343Z\343m\r\366\262%""; previousledger: ""\375Tb0K\335\321\024\352,O(gj\245\230\256A>\305\303\246k\022Nn\260\272\033\302\024\214""; "
1750534071560,1750534071560,2750,1,1,3,TMProposeSet,"proposeSeq: 0; currentTxHash: ""\000\000\000\000\000\000\000\000\000\000\000\000\000\000\000\000\000\000\000\000\000\000\000\000\000\000\000\000\000\000\000\000""; nodePubKey: ""\002\031\356p7g\301C\213'\252;p\007\211\345G\223\330\261\277\313\310Pm\016p|\376\310\342\020\261""; closeTime: 803849270; signature: ""0E\002!\000\331\361\333@\234HrCv\367%\325\300@\000\275#\255;]\355\202z+M5\325\303\263\214\025}\002 A\251\306\024\030O\315-\305\001\270\256\342L1\231\320\317\313\234\240\206T\211\2648\014Q\216\254e\313""; previousledger: ""\375Tb0K\335\321\024\352,O(gj\245\230\256A>\305\303\246k\022Nn\260\272\033\302\024\214""; ","proposeSeq: 0; currentTxHash: ""\000\000\000\000\000\000\000\000\000\000\000\000\000\000\000\000\000\000\000\000\000\000\000\000\000\000\000\000\000\000\000\000""; nodePubKey: ""\002\031\356p7g\301C\213'\252;p\007\211\345G\223\330\261\277\313\310Pm\016p|\376\310\342\020\261""; closeTime: 803849270; signature: ""0E\002!\000\331\361\333@\234HrCv\367%\325\300@\000\275#\255;]\355\202z+M5\325\303\263\214\025}\002 A\251\306\024\030O\315-\305\001\270\256\342L1\231\320\317\313\234\240\206T\211\2648\014Q\216\254e\313""; previousledger: ""\375Tb0K\335\321\024\352,O(gj\245\230\256A>\305\303\246k\022Nn\260\272\033\302\024\214""; "
1750534071560,1750534071561,391,1,1,4,TMProposeSet,"proposeSeq: 0; currentTxHash: ""\000\000\000\000\000\000\000\000\000\000\000\000\000\000\000\000\000\000\000\000\000\000\000\000\000\000\000\000\000\000\000\000""; nodePubKey: ""\002\031\356p7g\301C\213'\252;p\007\211\345G\223\330\261\277\313\310Pm\016p|\376\310\342\020\261""; closeTime: 803849270; signature: ""0E\002!\000\331\361\333@\234HrCv\367%\325\300@\000\275#\255;]\355\202z+M5\325\303\263\214\025}\002 A\251\306\024\030O\315-\305\001\270\256\342L1\231\320\317\313\234\240\206T\211\2648\014Q\216\254e\313""; previousledger: ""\375Tb0K\335\321\024\352,O(gj\245\230\256A>\305\303\246k\022Nn\260\272\033\302\024\214""; ","proposeSeq: 0; currentTxHash: ""\000\000\000\000\000\000\000\000\000\000\000\000\000\000\000\000\000\000\000\000\000\000\000\000\000\000\000\000\000\000\000\000""; nodePubKey: ""\002\031\356p7g\301C\213'\252;p\007\211\345G\223\330\261\277\313\310Pm\016p|\376\310\342\020\261""; closeTime: 803849270; signature: ""0E\002!\000\331\361\333@\234HrCv\367%\325\300@\000\275#\255;]\355\202z+M5\325\303\263\214\025}\002 A\251\306\024\030O\315-\305\001\270\256\342L1\231\320\317\313\234\240\206T\211\2648\014Q\216\254e\313""; previousledger: ""\375Tb0K\335\321\024\352,O(gj\245\230\256A>\305\303\246k\022Nn\260\272\033\302\024\214""; "
1750534071561,1750534071561,747,1,1,0,TMProposeSet,"proposeSeq: 0; currentTxHash: ""\000\000\000\000\000\000\000\000\000\000\000\000\000\000\000\000\000\000\000\000\000\000\000\000\000\000\000\000\000\000\000\000""; nodePubKey: ""\002\031\356p7g\301C\213'\252;p\007\211\345G\223\330\261\277\313\310Pm\016p|\376\310\342\020\261""; closeTime: 803849270; signature: ""0E\002!\000\331\361\333@\234HrCv\367%\325\300@\000\275#\255;]\355\202z+M5\325\303\263\214\025}\002 A\251\306\024\030O\315-\305\001\270\256\342L1\231\320\317\313\234\240\206T\211\2648\014Q\216\254e\313""; previousledger: ""\375Tb0K\335\321\024\352,O(gj\245\230\256A>\305\303\246k\022Nn\260\272\033\302\024\214""; ","proposeSeq: 0; currentTxHash: ""\000\000\000\000\000\000\000\000\000\000\000\000\000\000\000\000\000\000\000\000\000\000\000\000\000\000\000\000\000\000\000\000""; nodePubKey: ""\002\031\356p7g\301C\213'\252;p\007\211\345G\223\330\261\277\313\310Pm\016p|\376\310\342\020\261""; closeTime: 803849270; signature: ""0E\002!\000\331\361\333@\234HrCv\367%\325\300@\000\275#\255;]\355\202z+M5\325\303\263\214\025}\002 A\251\306\024\030O\315-\305\001\270\256\342L1\231\320\317\313\234\240\206T\211\2648\014Q\216\254e\313""; previousledger: ""\375Tb0K\335\321\024\352,O(gj\245\230\256A>\305\303\246k\022Nn\260\272\033\302\024\214""; "
1750534071742,1750534071742,606,1,2,3,TMProposeSet,"proposeSeq: 0; currentTxHash: ""\000\000\000\000\000\000\000\000\000\000\000\000\000\000\000\000\000\000\000\000\000\000\000\000\000\000\000\000\000\000\000\000""; nodePubKey: ""\003)\036\227\370\t\264\235\206\317\234B\n\230/\375\257\335fo\253d\026_\357K\336\020\302\356\323\222\376""; closeTime: 803849270; signature: ""0E\002!\000\353\235\375\272\333\224\241\275\026&\335$\321\257\023\207\254\231\023\352\263\271Z#\317u\013\347\274E\320\r\002 S-\224\n\3566\r\320\314\220_j\027\010\224\213\020Kb\363\335\264\305],\263\315l\351\330\244\225""; previousledger: ""\375Tb0K\335\321\024\352,O(gj\245\230\256A>\305\303\246k\022Nn\260\272\033\302\024\214""; ","proposeSeq: 0; currentTxHash: ""\000\000\000\000\000\000\000\000\000\000\000\000\000\000\000\000\000\000\000\000\000\000\000\000\000\000\000\000\000\000\000\000""; nodePubKey: ""\003)\036\227\370\t\264\235\206\317\234B\n\230/\375\257\335fo\253d\026_\357K\336\020\302\356\323\222\376""; closeTime: 803849270; signature: ""0E\002!\000\353\235\375\272\333\224\241\275\026&\335$\321\257\023\207\254\231\023\352\263\271Z#\317u\013\347\274E\320\r\002 S-\224\n\3566\r\320\314\220_j\027\010\224\213\020Kb\363\335\264\305],\263\315l\351\330\244\225""; previousledger: ""\375Tb0K\335\321\024\352,O(gj\245\230\256A>\305\303\246k\022Nn\260\272\033\302\024\214""; "
1750534071744,1750534071744,2401,1,2,0,TMProposeSet,"proposeSeq: 0; currentTxHash: ""\000\000\000\000\000\000\000\000\000\000\000\000\000\000\000\000\000\000\000\000\000\000\000\000\000\000\000\000\000\000\000\000""; nodePubKey: ""\003)\036\227\370\t\264\235\206\317\234B\n\230/\375\257\335fo\253d\026_\357K\336\020\302\356\323\222\376""; closeTime: 803849270; signature: ""0E\002!\000\353\235\375\272\333\224\241\275\026&\335$\321\257\023\207\254\231\023\352\263\271Z#\317u\013\347\274E\320\r\002 S-\224\n\3566\r\320\314\220_j\027\010\224\213\020Kb\363\335\264\305],\263\315l\351\330\244\225""; previousledger: ""\375Tb0K\335\321\024\352,O(gj\245\230\256A>\305\303\246k\022Nn\260\272\033\302\024\214""; ","proposeSeq: 0; currentTxHash: ""\000\000\000\000\000\000\000\000\000\000\000\000\000\000\000\000\000\000\000\000\000\000\000\000\000\000\000\000\000\000\000\000""; nodePubKey: ""\003)\036\227\370\t\264\235\206\317\234B\n\230/\375\257\335fo\253d\026_\357K\336\020\302\356\323\222\376""; closeTime: 803849270; signature: ""0E\002!\000\353\235\375\272\333\224\241\275\026&\335$\321\257\023\207\254\231\023\352\263\271Z#\317u\013\347\274E\320\r\002 S-\224\n\3566\r\320\314\220_j\027\010\224\213\020Kb\363\335\264\305],\263\315l\351\330\244\225""; previousledger: ""\375Tb0K\335\321\024\352,O(gj\245\230\256A>\305\303\246k\022Nn\260\272\033\302\024\214""; "
1750534071743,1750534071743,1165,1,2,1,TMProposeSet,"proposeSeq: 0; currentTxHash: ""\000\000\000\000\000\000\000\000\000\000\000\000\000\000\000\000\000\000\000\000\000\000\000\000\000\000\000\000\000\000\000\000""; nodePubKey: ""\003)\036\227\370\t\264\235\206\317\234B\n\230/\375\257\335fo\253d\026_\357K\336\020\302\356\323\222\376""; closeTime: 803849270; signature: ""0E\002!\000\353\235\375\272\333\224\241\275\026&\335$\321\257\023\207\254\231\023\352\263\271Z#\317u\013\347\274E\320\r\002 S-\224\n\3566\r\320\314\220_j\027\010\224\213\020Kb\363\335\264\305],\263\315l\351\330\244\225""; previousledger: ""\375Tb0K\335\321\024\352,O(gj\245\230\256A>\305\303\246k\022Nn\260\272\033\302\024\214""; ","proposeSeq: 0; currentTxHash: ""\000\000\000\000\000\000\000\000\000\000\000\000\000\000\000\000\000\000\000\000\000\000\000\000\000\000\000\000\000\000\000\000""; nodePubKey: ""\003)\036\227\370\t\264\235\206\317\234B\n\230/\375\257\335fo\253d\026_\357K\336\020\302\356\323\222\376""; closeTime: 803849270; signature: ""0E\002!\000\353\235\375\272\333\224\241\275\026&\335$\321\257\023\207\254\231\023\352\263\271Z#\317u\013\347\274E\320\r\002 S-\224\n\3566\r\320\314\220_j\027\010\224\213\020Kb\363\335\264\305],\263\315l\351\330\244\225""; previousledger: ""\375Tb0K\335\321\024\352,O(gj\245\230\256A>\305\303\246k\022Nn\260\272\033\302\024\214""; "
1750534071928,1750534071928,3949,1,4,3,TMProposeSet,"proposeSeq: 0; currentTxHash: ""\000\000\000\000\000\000\000\000\000\000\000\000\000\000\000\000\000\000\000\000\000\000\000\000\000\000\000\000\000\000\000\000""; nodePubKey: ""\002\227gv\346\003n\232f\264\2224\366\324\341o\5\217J\337\2771q\223O\025\217G8\235\301f""; closeTime: 803849270; signature: ""0D\002 t\274D\356\305730I\373\035\267a\350^\335\201\310\211\364\267\200\337\010n\201\216K\t\273H-\002 \007W&\235\234I_\262\252\364\251\304y\271<\343""\031\205(c@a1\343Z\343m\r\366\262%""; previousledger: ""\375Tb0K\335\321\024\352,O(gj\245\230\256A>\305\303\246k\022Nn\260\272\033\302\024\214""; ","proposeSeq: 0; currentTxHash: ""\000\000\000\000\000\000\000\000\000\000\000\000\000\000\000\000\000\000\000\000\000\000\000\000\000\000\000\000\000\000\000\000""; nodePubKey: ""\002\227gv\346\003n\232f\264\2224\366\324\341o\5\217J\337\2771q\223O\025\217G8\235\301f""; closeTime: 803849270; signature: ""0D\002 t\274D\356\305730I\373\035\267a\350^\335\201\310\211\364\267\200\337\010n\201\216K\t\273H-\002 \007W&\235\234I_\262\252\364\251\304y\271<\343""\031\205(c@a1\343Z\343m\r\366\262%""; previousledger: ""\375Tb0K\335\321\024\352,O(gj\245\230\256A>\305\303\246k\022Nn\260\272\033\302\024\214""; "
1750534071928,1750534071929,657,1,4,2,TMProposeSet,"proposeSeq: 0; currentTxHash: ""\000\000\000\000\000\000\000\000\000\000\000\000\000\000\000\000\000\000\000\000\000\000\000\000\000\000\000\000\000\000\000\000""; nodePubKey: ""\002\227gv\346\003n\232f\264\2224\366\324\341o\5\217J\337\2771q\223O\025\217G8\235\301f""; closeTime: 803849270; signature: ""0D\002 t\274D\356\305730I\373\035\267a\350^\335\201\310\211\364\267\200\337\010n\201\216K\t\273H-\002 \007W&\235\234I_\262\252\364\251\304y\271<\343""\031\205(c@a1\343Z\343m\r\366\262%""; previousledger: ""\375Tb0K\335\321\024\352,O(gj\245\230\256A>\305\303\246k\022Nn\260\272\033\302\024\214""; ","proposeSeq: 0; currentTxHash: ""\000\000\000\000\000\000\000\000\000\000\000\000\000\000\000\000\000\000\000\000\000\000\000\000\000\000\000\000\000\000\000\000""; nodePubKey: ""\002\227gv\346\003n\232f\264\2224\366\324\341o\5\217J\337\2771q\223O\025\217G8\235\301f""; closeTime: 803849270; signature: ""0D\002 t\274D\356\305730I\373\035\267a\350^\335\201\310\211\364\267\200\337\010n\201\216K\t\273H-\002 \007W&\235\234I_\262\252\364\251\304y\271<\343""\031\205(c@a1\343Z\343m\r\366\262%""; previousledger: ""\375Tb0K\335\321\024\352,O(gj\245\230\256A>\305\303\246k\022Nn\260\272\033\302\024\214""; "
1750534071929,1750534071929,467,1,4,0,TMProposeSet,"proposeSeq: 0; currentTxHash: ""\000\000\000\000\000\000\000\000\000\000\000\000\000\000\000\000\000\000\000\000\000\000\000\000\000\000\000\000\000\000\000\000""; nodePubKey: ""\002\227gv\346\003n\232f\264\2224\366\324\341o\5\217J\337\2771q\223O\025\217G8\235\301f""; closeTime: 803849270; signature: ""0D\002 t\274D\356\305730I\373\035\267a\350^\335\201\310\211\364\267\200\337\010n\201\216K\t\273H-\002 \007W&\235\234I_\262\252\364\251\304y\271<\343""\031\205(c@a1\343Z\343m\r\366\262%""; previousledger: ""\375Tb0K\335\321\024\352,O(gj\245\230\256A>\305\303\246k\022Nn\260\272\033\302\024\214""; ","proposeSeq: 0; currentTxHash: ""\000\000\000\000\000\000\000\000\000\000\000\000\000\000\000\000\000\000\000\000\000\000\000\000\000\000\000\000\000\000\000\000""; nodePubKey: ""\002\227gv\346\003n\232f\264\2224\366\324\341o\5\217J\337\2771q\223O\025\217G8\235\301f""; closeTime: 803849270; signature: ""0D\002 t\274D\356\305730I\373\035\267a\350^\335\201\310\211\364\267\200\337\010n\201\216K\t\273H-\002 \007W&\235\234I_\262\252\364\251\304y\271<\343""\031\205(c@a1\343Z\343m\r\366\262%""; previousledger: ""\375Tb0K\335\321\024\352,O(gj\245\230\256A>\305\303\246k\022Nn\260\272\033\302\024\214""; "
1750534071953,1750534071953,3949,1,4,3,TMProposeSet,"proposeSeq: 0; currentTxHash: ""\000\000\000\000\000\000\000\000\000\000\000\000\000\000\000\000\000\000\000\000\000\000\000\000\000\000\000\000\000\000\000\000""; nodePubKey: ""\002\031\356p7g\301C\213'\252;p\007\211\345G\223\330\261\277\313\310Pm\016p|\376\310\342\020\261""; closeTime: 803849270; signature: ""0E\002!\000\331\361\333@\234HrCv\367%\325\300@\000\275#\255;]\355\202z+M5\325\303\263\214\025}\002 A\251\306\024\030O\315-\305\001\270\256\342L1\231\320\317\313\234\240\206T\211\2648\014Q\216\254e\313""; previousledger: ""\375Tb0K\335\321\024\352,O(gj\245\230\256A>\305\303\246k\022Nn\260\272\033\302\024\214""; ","proposeSeq: 0; currentTxHash: ""\000\000\000\000\000\000\000\000\000\000\000\000\000\000\000\000\000\000\000\000\000\000\000\000\000\000\000\000\000\000\000\000""; nodePubKey: ""\002\031\356p7g\301C\213'\252;p\007\211\345G\223\330\261\277\313\310Pm\016p|\376\310\342\020\261""; closeTime: 803849270; signature: ""0E\002!\000\331\361\333@\234HrCv\367%\325\300@\000\275#\255;]\355\202z+M5\325\303\263\214\025}\002 A\251\306\024\030O\315-\305\001\270\256\342L1\231\320\317\313\234\240\206T\211\2648\014Q\216\254e\313""; previousledger: ""\375Tb0K\335\321\024\352,O(gj\245\230\256A>\305\303\246k\022Nn\260\272\033\302\024\214""; "
1750534071954,1750534071954,657,1,4,2,TMProposeSet,"proposeSeq: 0; currentTxHash: ""\000\000\000\000\000\000\000\000\000\000\000\000\000\000\000\000\000\000\000\000\000\000\000\000\000\000\000\000\000\000\000\000""; nodePubKey: ""\002\031\356p7g\301C\213'\252;p\007\211\345G\223\330\261\277\313\310Pm\016p|\376\310\342\020\261""; closeTime: 803849270; signature: ""0E\002!\000\331\361\333@\234HrCv\367%\325\300@\000\275#\255;]\355\202z+M5\325\303\263\214\025}\002 A\251\306\024\030O\315-\305\001\270\256\342L1\231\320\317\313\234\240\206T\211\2648\014Q\216\254e\313""; previousledger: ""\375Tb0K\335\321\024\352,O(gj\245\230\256A>\305\303\246k\022Nn\260\272\033\302\024\214""; ","proposeSeq: 0; currentTxHash: ""\000\000\000\000\000\000\000\000\000\000\000\000\000\000\000\000\000\000\000\000\000\000\000\000\000\000\000\000\000\000\000\000""; nodePubKey: ""\002\031\356p7g\301C\213'\252;p\007\211\345G\223\330\261\277\313\310Pm\016p|\376\310\342\020\261""; closeTime: 803849270; signature: ""0E\002!\000\331\361\333@\234HrCv\367%\325\300@\000\275#\255;]\355\202z+M5\325\303\263\214\025}\002 A\251\306\024\030O\315-\305\001\270\256\342L1\231\320\317\313\234\240\206T\211\2648\014Q\216\254e\313""; previousledger: ""\375Tb0K\335\321\024\352,O(gj\245\230\256A>\305\303\246k\022Nn\260\272\033\302\024\214""; "
1750534071954,1750534071954,467,1,4,0,TMProposeSet,"proposeSeq: 0; currentTxHash: ""\000\000\000\000\000\000\000\000\000\000\000\000\000\000\000\000\000\000\000\000\000\000\000\000\000\000\000\000\000\000\000\000""; nodePubKey: ""\002\031\356p7g\301C\213'\252;p\007\211\345G\223\330\261\277\313\310Pm\016p|\376\310\342\020\261""; closeTime: 803849270; signature: ""0E\002!\000\331\361\333@\234HrCv\367%\325\300@\000\275#\255;]\355\202z+M5\325\303\263\214\025}\002 A\251\306\024\030O\315-\305\001\270\256\342L1\231\320\317\313\234\240\206T\211\2648\014Q\216\254e\313""; previousledger: ""\375Tb0K\335\321\024\352,O(gj\245\230\256A>\305\303\246k\022Nn\260\272\033\302\024\214""; ","proposeSeq: 0; currentTxHash: ""\000\000\000\000\000\000\000\000\000\000\000\000\000\000\000\000\000\000\000\000\000\000\000\000\000\000\000\000\000\000\000\000""; nodePubKey: ""\002\031\356p7g\301C\213'\252;p\007\211\345G\223\330\261\277\313\310Pm\016p|\376\310\342\020\261""; closeTime: 803849270; signature: ""0E\002!\000\331\361\333@\234HrCv\367%\325\300@\000\275#\255;]\355\202z+M5\325\303\263\214\025}\002 A\251\306\024\030O\315-\305\001\270\256\342L1\231\320\317\313\234\240\206T\211\2648\014Q\216\254e\313""; previousledger: ""\375Tb0K\335\321\024\352,O(gj\245\230\256A>\305\303\246k\022Nn\260\272\033\302\024\214""; "
1750534072261,1750534072261,235,1,4,2,TMValidation,"validation: """"\200\000\000\001&\000\000\000\003)/\351\3048:\2127%d\216O\2029Q\264\245)G\023\327P\311\336[\273\333d\336I\305\256\302\316\214\303'\253!\303]\007\314T\207!3P\027\000\000\000\000\000\000\000\000\000\000\000\000\000\000\000\000\000\000\000\000\000\000\000\000\000\000\000\000\000\000\000\000P\031-}\351f\032\255\274\334m\326c\017\014ao[\342\230\003\245\245\3341Hm\326^\017jy\335\261s!\003\241q\201\005c\265\003\367~\267xq\264\m_\310U\235\3644\246\306\345#""\246\274'%\251)vF0D\002 t`r\307\334\031sN\024\372%\300)I\005?\307""\367Y@i\332Rr;E\234\231++\233\002 x2>\363\177\035 \002\264\032\326\000\311\360(\252\272\031n\026\373\377D$\327I\232\373\201\273r\223""; ","validation: """"\200\000\000\001&\000\000\000\003)/\351\3048:\2127%d\216O\2029Q\264\245)G\023\327P\311\336[\273\333d\336I\305\256\302\316\214\303'\253!\303]\007\314T\207!3P\027\000\000\000\000\000\000\000\000\000\000\000\000\000\000\000\000\000\000\000\000\000\000\000\000\000\000\000\000\000\000\000\000P\031-}\351f\032\255\274\334m\326c\017\014ao[\342\230\003\245\245\3341Hm\326^\017jy\335\261s!\003\241q\201\005c\265\003\367~\267xq\264\m_\310U\235\3644\246\306\345#""\246\274'%\251)vF0D\002 t`r\307\334\031sN\024\372%\300)I\005?\307""\367Y@i\332Rr;E\234\231++\233\002 x2>\363\177\035 \002\264\032\326\000\311\360(\252\272\031n\026\373\377D$\327I\232\373\201\273r\223""; "
1750534072261,1750534072261,2659,1,4,1,TMValidation,"validation: """"\200\000\000\001&\000\000\000\003)/\351\3048:\2127%d\216O\2029Q\264\245)G\023\327P\311\336[\273\333d\336I\305\256\302\316\214\303'\253!\303]\007\314T\207!3P\027\000\000\000\000\000\000\000\000\000\000\000\000\000\000\000\000\000\000\000\000\000\000\000\000\000\000\000\000\000\000\000\000P\031-}\351f\032\255\274\334m\326c\017\014ao[\342\230\003\245\245\3341Hm\326^\017jy\335\261s!\003\241q\201\005c\265\003\367~\267xq\264\m_\310U\235\3644\246\306\345#""\246\274'%\251)vF0D\002 t`r\307\334\031sN\024\372%\300)I\005?\307""\367Y@i\332Rr;E\234\231++\233\002 x2>\363\177\035 \002\264\032\326\000\311\360(\252\272\031n\026\373\377D$\327I\232\373\201\273r\223""; ","validation: """"\200\000\000\001&\000\000\000\003)/\351\3048:\2127%d\216O\2029Q\264\245)G\023\327P\311\336[\273\333d\336I\305\256\302\316\214\303'\253!\303]\007\314T\207!3P\027\000\000\000\000\000\000\000\000\000\000\000\000\000\000\000\000\000\000\000\000\000\000\000\000\000\000\000\000\000\000\000\000P\031-}\351f\032\255\274\334m\326c\017\014ao[\342\230\003\245\245\3341Hm\326^\017jy\335\261s!\003\241q\201\005c\265\003\367~\267xq\264\m_\310U\235\3644\246\306\345#""\246\274'%\251)vF0D\002 t`r\307\334\031sN\024\372%\300)I\005?\307""\367Y@i\332Rr;E\234\231++\233\002 x2>\363\177\035 \002\264\032\326\000\311\360(\252\272\031n\026\373\377D$\327I\232\373\201\273r\223""; "
1750534072263,1750534072263,2943,1,4,1,TMStatusChange,"newEvent: neACCEPTED_LEDGER; ledgerSeq: 3; ledgerHash: ""\264\245)G\023\327P\311\336[\273\333d\336I\305\256\302\316\214\303'\253!\303]\007\314T\207!3""; ledgerHashPrevious: ""\375Tb0K\335\321\024\352,O(gj\245\230\256A>\305\303\246k\022Nn\260\272\033\302\024\214""; networkTime: 803849272; firstSeq: 1; lastSeq: 1; ","newEvent: neACCEPTED_LEDGER; ledgerSeq: 3; ledgerHash: ""\264\245)G\023\327P\311\336[\273\333d\336I\305\256\302\316\214\303'\253!\303]\007\314T\207!3""; ledgerHashPrevious: ""\375Tb0K\335\321\024\352,O(gj\245\230\256A>\305\303\246k\022Nn\260\272\033\302\024\214""; networkTime: 803849272; firstSeq: 1; lastSeq: 1; "
1750534072263,1750534072263,272,1,4,3,TMValidation,"validation: """"\200\000\000\001&\000\000\000\003)/\351\3048:\2127%d\216O\2029Q\264\245)G\023\327P\311\336[\273\333d\336I\305\256\302\316\214\303'\253!\303]\007\314T\207!3P\027\000\000\000\000\000\000\000\000\000\000\000\000\000\000\000\000\000\000\000\000\000\000\000\000\000\000\000\000\000\000\000\000P\031-}\351f\032\255\274\334m\326c\017\014ao[\342\230\003\245\245\3341Hm\326^\017jy\335\261s!\003\241q\201\005c\265\003\367~\267xq\264\m_\310U\235\3644\246\306\345#""\246\274'%\251)vF0D\002 t`r\307\334\031sN\024\372%\300)I\005?\307""\367Y@i\332Rr;E\234\231++\233\002 x2>\363\177\035 \002\264\032\326\000\311\360(\252\272\031n\026\373\377D$\327I\232\373\201\273r\223""; ","validation: """"\200\000\000\001&\000\000\000\003)/\351\3048:\2127%d\216O\2029Q\264\245)G\023\327P\311\336[\273\333d\336I\305\256\302\316\214\303'\253!\303]\007\314T\207!3P\027\000\000\000\000\000\000\000\000\000\000\000\000\000\000\000\000\000\000\000\000\000\000\000\000\000\000\000\000\000\000\000\000P\031-}\351f\032\255\274\334m\326c\017\014ao[\342\230\003\245\245\3341Hm\326^\017jy\335\261s!\003\241q\201\005c\265\003\367~\267xq\264\m_\310U\235\3644\246\306\345#""\246\274'%\251)vF0D\002 t`r\307\334\031sN\024\372%\300)I\005?\307""\367Y@i\332Rr;E\234\231++\233\002 x2>\363\177\035 \002\264\032\326\000\311\360(\252\272\031n\026\373\377D$\327I\232\373\201\273r\223""; "
1750534072263,1750534072263,2125,1,4,3,TMStatusChange,"newEvent: neACCEPTED_LEDGER; ledgerSeq: 3; ledgerHash: ""\264\245)G\023\327P\311\336[\273\333d\336I\305\256\302\316\214\303'\253!\303]\007\314T\207!3""; ledgerHashPrevious: ""\375Tb0K\335\321\024\352,O(gj\245\230\256A>\305\303\246k\022Nn\260\272\033\302\024\214""; networkTime: 803849272; firstSeq: 1; lastSeq: 1; ","newEvent: neACCEPTED_LEDGER; ledgerSeq: 3; ledgerHash: ""\264\245)G\023\327P\311\336[\273\333d\336I\305\256\302\316\214\303'\253!\303]\007\314T\207!3""; ledgerHashPrevious: ""\375Tb0K\335\321\024\352,O(gj\245\230\256A>\305\303\246k\022Nn\260\272\033\302\024\214""; networkTime: 803849272; firstSeq: 1; lastSeq: 1; "
1750534072264,1750534072264,3363,1,4,2,TMStatusChange,"newEvent: neACCEPTED_LEDGER; ledgerSeq: 3; ledgerHash: ""\264\245)G\023\327P\311\336[\273\333d\336I\305\256\302\316\214\303'\253!\303]\007\314T\207!3""; ledgerHashPrevious: ""\375Tb0K\335\321\024\352,O(gj\245\230\256A>\305\303\246k\022Nn\260\272\033\302\024\214""; networkTime: 803849272; firstSeq: 1; lastSeq: 1; ","newEvent: neACCEPTED_LEDGER; ledgerSeq: 3; ledgerHash: ""\264\245)G\023\327P\311\336[\273\333d\336I\305\256\302\316\214\303'\253!\303]\007\314T\207!3""; ledgerHashPrevious: ""\375Tb0K\335\321\024\352,O(gj\245\230\256A>\305\303\246k\022Nn\260\272\033\302\024\214""; networkTime: 803849272; firstSeq: 1; lastSeq: 1; "
1750534072264,1750534072264,2854,1,4,0,TMValidation,"validation: """"\200\000\000\001&\000\000\000\003)/\351\3048:\2127%d\216O\2029Q\264\245)G\023\327P\311\336[\273\333d\336I\305\256\302\316\214\303'\253!\303]\007\314T\207!3P\027\000\000\000\000\000\000\000\000\000\000\000\000\000\000\000\000\000\000\000\000\000\000\000\000\000\000\000\000\000\000\000\000P\031-}\351f\032\255\274\334m\326c\017\014ao[\342\230\003\245\245\3341Hm\326^\017jy\335\261s!\003\241q\201\005c\265\003\367~\267xq\264\m_\310U\235\3644\246\306\345#""\246\274'%\251)vF0D\002 t`r\307\334\031sN\024\372%\300)I\005?\307""\367Y@i\332Rr;E\234\231++\233\002 x2>\363\177\035 \002\264\032\326\000\311\360(\252\272\031n\026\373\377D$\327I\232\373\201\273r\223""; ","validation: """"\200\000\000\001&\000\000\000\003)/\351\3048:\2127%d\216O\2029Q\264\245)G\023\327P\311\336[\273\333d\336I\305\256\302\316\214\303'\253!\303]\007\314T\207!3P\027\000\000\000\000\000\000\000\000\000\000\000\000\000\000\000\000\000\000\000\000\000\000\000\000\000\000\000\000\000\000\000\000P\031-}\351f\032\255\274\334m\326c\017\014ao[\342\230\003\245\245\3341Hm\326^\017jy\335\261s!\003\241q\201\005c\265\003\367~\267xq\264\m_\310U\235\3644\246\306\345#""\246\274'%\251)vF0D\002 t`r\307\334\031sN\024\372%\300)I\005?\307""\367Y@i\332Rr;E\234\231++\233\002 x2>\363\177\035 \002\264\032\326\000\311\360(\252\272\031n\026\373\377D$\327I\232\373\201\273r\223""; "
1750534072264,1750534072265,3863,1,4,0,TMStatusChange,"newEvent: neACCEPTED_LEDGER; ledgerSeq: 3; ledgerHash: ""\264\245)G\023\327P\311\336[\273\333d\336I\305\256\302\316\214\303'\253!\303]\007\314T\207!3""; ledgerHashPrevious: ""\375Tb0K\335\321\024\352,O(gj\245\230\256A>\305\303\246k\022Nn\260\272\033\302\024\214""; networkTime: 803849272; firstSeq: 1; lastSeq: 1; ","newEvent: neACCEPTED_LEDGER; ledgerSeq: 3; ledgerHash: ""\264\245)G\023\327P\311\336[\273\333d\336I\305\256\302\316\214\303'\253!\303]\007\314T\207!3""; ledgerHashPrevious: ""\375Tb0K\335\321\024\352,O(gj\245\230\256A>\305\303\246k\022Nn\260\272\033\302\024\214""; networkTime: 803849272; firstSeq: 1; lastSeq: 1; "
1750534072300,1750534072300,2193,1,0,2,TMProposeSet,"proposeSeq: 0; currentTxHash: ""\000\000\000\000\000\000\000\000\000\000\000\000\000\000\000\000\000\000\000\000\000\000\000\000\000\000\000\000\000\000\000\000""; nodePubKey: ""\003\246\253M+\327\254x)\270\216\311K-\350#\234\005\242\246\352}{iSd\374\322d\355G\010\240""; closeTime: 803849270; signature: ""0E\002!\000\237mAh5}\347\324\001O\221\330\246I]\307\344!\310\311\0342\336hb?\370&\274Qu\251\002 \013\374\304Mj]._\236\202\234\017:\t\317ZK\r\321\243C""hT\000\350\307\315Eq\n*""; previousledger: ""\375Tb0K\335\321\024\352,O(gj\245\230\256A>\305\303\246k\022Nn\260\272\033\302\024\214""; ","proposeSeq: 0; currentTxHash: ""\000\000\000\000\000\000\000\000\000\000\000\000\000\000\000\000\000\000\000\000\000\000\000\000\000\000\000\000\000\000\000\000""; nodePubKey: ""\003\246\253M+\327\254x)\270\216\311K-\350#\234\005\242\246\352}{iSd\374\322d\355G\010\240""; closeTime: 803849270; signature: ""0E\002!\000\237mAh5}\347\324\001O\221\330\246I]\307\344!\310\311\0342\336hb?\370&\274Qu\251\002 \013\374\304Mj]._\236\202\234\017:\t\317ZK\r\321\243C""hT\000\350\307\315Eq\n*""; previousledger: ""\375Tb0K\335\321\024\352,O(gj\245\230\256A>\305\303\246k\022Nn\260\272\033\302\024\214""; "
1750534072301,1750534072301,3754,1,0,4,TMProposeSet,"proposeSeq: 0; currentTxHash: ""\000\000\000\000\000\000\000\000\000\000\000\000\000\000\000\000\000\000\000\000\000\000\000\000\000\000\000\000\000\000\000\000""; nodePubKey: ""\003\246\253M+\327\254x)\270\216\311K-\350#\234\005\242\246\352}{iSd\374\322d\355G\010\240""; closeTime: 803849270; signature: ""0E\002!\000\237mAh5}\347\324\001O\221\330\246I]\307\344!\310\311\0342\336hb?\370&\274Qu\251\002 \013\374\304Mj]._\236\202\234\017:\t\317ZK\r\321\243C""hT\000\350\307\315Eq\n*""; previousledger: ""\375Tb0K\335\321\024\352,O(gj\245\230\256A>\305\303\246k\022Nn\260\272\033\302\024\214""; ","proposeSeq: 0; currentTxHash: ""\000\000\000\000\000\000\000\000\000\000\000\000\000\000\000\000\000\000\000\000\000\000\000\000\000\000\000\000\000\000\000\000""; nodePubKey: ""\003\246\253M+\327\254x)\270\216\311K-\350#\234\005\242\246\352}{iSd\374\322d\355G\010\240""; closeTime: 803849270; signature: ""0E\002!\000\237mAh5}\347\324\001O\221\330\246I]\307\344!\310\311\0342\336hb?\370&\274Qu\251\002 \013\374\304Mj]._\236\202\234\017:\t\317ZK\r\321\243C""hT\000\350\307\315Eq\n*""; previousledger: ""\375Tb0K\335\321\024\352,O(gj\245\230\256A>\305\303\246k\022Nn\260\272\033\302\024\214""; "
1750534072301,1750534072301,764,1,0,1,TMProposeSet,"proposeSeq: 0; currentTxHash: ""\000\000\000\000\000\000\000\000\000\000\000\000\000\000\000\000\000\000\000\000\000\000\000\000\000\000\000\000\000\000\000\000""; nodePubKey: ""\003\246\253M+\327\254x)\270\216\311K-\350#\234\005\242\246\352}{iSd\374\322d\355G\010\240""; closeTime: 803849270; signature: ""0E\002!\000\237mAh5}\347\324\001O\221\330\246I]\307\344!\310\311\0342\336hb?\370&\274Qu\251\002 \013\374\304Mj]._\236\202\234\017:\t\317ZK\r\321\243C""hT\000\350\307\315Eq\n*""; previousledger: ""\375Tb0K\335\321\024\352,O(gj\245\230\256A>\305\303\246k\022Nn\260\272\033\302\024\214""; ","proposeSeq: 0; currentTxHash: ""\000\000\000\000\000\000\000\000\000\000\000\000\000\000\000\000\000\000\000\000\000\000\000\000\000\000\000\000\000\000\000\000""; nodePubKey: ""\003\246\253M+\327\254x)\270\216\311K-\350#\234\005\242\246\352}{iSd\374\322d\355G\010\240""; closeTime: 803849270; signature: ""0E\002!\000\237mAh5}\347\324\001O\221\330\246I]\307\344!\310\311\0342\336hb?\370&\274Qu\251\002 \013\374\304Mj]._\236\202\234\017:\t\317ZK\r\321\243C""hT\000\350\307\315Eq\n*""; previousledger: ""\375Tb0K\335\321\024\352,O(gj\245\230\256A>\305\303\246k\022Nn\260\272\033\302\024\214""; "
1750534072310,1750534072310,2102,1,0,3,TMProposeSet,"proposeSeq: 0; currentTxHash: ""\000\000\000\000\000\000\000\000\000\000\000\000\000\000\000\000\000\000\000\000\000\000\000\000\000\000\000\000\000\000\000\000""; nodePubKey: ""\002\031\356p7g\301C\213'\252;p\007\211\345G\223\330\261\277\313\310Pm\016p|\376\310\342\020\261""; closeTime: 803849270; signature: ""0E\002!\000\331\361\333@\234HrCv\367%\325\300@\000\275#\255;]\355\202z+M5\325\303\263\214\025}\002 A\251\306\024\030O\315-\305\001\270\256\342L1\231\320\317\313\234\240\206T\211\2648\014Q\216\254e\313""; previousledger: ""\375Tb0K\335\321\024\352,O(gj\245\230\256A>\305\303\246k\022Nn\260\272\033\302\024\214""; ","proposeSeq: 0; currentTxHash: ""\000\000\000\000\000\000\000\000\000\000\000\000\000\000\000\000\000\000\000\000\000\000\000\000\000\000\000\000\000\000\000\000""; nodePubKey: ""\002\031\356p7g\301C\213'\252;p\007\211\345G\223\330\261\277\313\310Pm\016p|\376\310\342\020\261""; closeTime: 803849270; signature: ""0E\002!\000\331\361\333@\234HrCv\367%\325\300@\000\275#\255;]\355\202z+M5\325\303\263\214\025}\002 A\251\306\024\030O\315-\305\001\270\256\342L1\231\320\317\313\234\240\206T\211\2648\014Q\216\254e\313""; previousledger: ""\375Tb0K\335\321\024\352,O(gj\245\230\256A>\305\303\246k\022Nn\260\272\033\302\024\214""; "
1750534072311,1750534072311,2193,1,0,2,TMProposeSet,"proposeSeq: 0; currentTxHash: ""\000\000\000\000\000\000\000\000\000\000\000\000\000\000\000\000\000\000\000\000\000\000\000\000\000\000\000\000\000\000\000\000""; nodePubKey: ""\002\031\356p7g\301C\213'\252;p\007\211\345G\223\330\261\277\313\310Pm\016p|\376\310\342\020\261""; closeTime: 803849270; signature: ""0E\002!\000\331\361\333@\234HrCv\367%\325\300@\000\275#\255;]\355\202z+M5\325\303\263\214\025}\002 A\251\306\024\030O\315-\305\001\270\256\342L1\231\320\317\313\234\240\206T\211\2648\014Q\216\254e\313""; previousledger: ""\375Tb0K\335\321\024\352,O(gj\245\230\256A>\305\303\246k\022Nn\260\272\033\302\024\214""; ","proposeSeq: 0; currentTxHash: ""\000\000\000\000\000\000\000\000\000\000\000\000\000\000\000\000\000\000\000\000\000\000\000\000\000\000\000\000\000\000\000\000""; nodePubKey: ""\002\031\356p7g\301C\213'\252;p\007\211\345G\223\330\261\277\313\310Pm\016p|\376\310\342\020\261""; closeTime: 803849270; signature: ""0E\002!\000\331\361\333@\234HrCv\367%\325\300@\000\275#\255;]\355\202z+M5\325\303\263\214\025}\002 A\251\306\024\030O\315-\305\001\270\256\342L1\231\320\317\313\234\240\206T\211\2648\014Q\216\254e\313""; previousledger: ""\375Tb0K\335\321\024\352,O(gj\245\230\256A>\305\303\246k\022Nn\260\272\033\302\024\214""; "
1750534072310,1750534072310,3754,1,0,4,TMProposeSet,"proposeSeq: 0; currentTxHash: ""\000\000\000\000\000\000\000\000\000\000\000\000\000\000\000\000\000\000\000\000\000\000\000\000\000\000\000\000\000\000\000\000""; nodePubKey: ""\002\031\356p7g\301C\213'\252;p\007\211\345G\223\330\261\277\313\310Pm\016p|\376\310\342\020\261""; closeTime: 803849270; signature: ""0E\002!\000\331\361\333@\234HrCv\367%\325\300@\000\275#\255;]\355\202z+M5\325\303\263\214\025}\002 A\251\306\024\030O\315-\305\001\270\256\342L1\231\320\317\313\234\240\206T\211\2648\014Q\216\254e\313""; previousledger: ""\375Tb0K\335\321\024\352,O(gj\245\230\256A>\305\303\246k\022Nn\260\272\033\302\024\214""; ","proposeSeq: 0; currentTxHash: ""\000\000\000\000\000\000\000\000\000\000\000\000\000\000\000\000\000\000\000\000\000\000\000\000\000\000\000\000\000\000\000\000""; nodePubKey: ""\002\031\356p7g\301C\213'\252;p\007\211\345G\223\330\261\277\313\310Pm\016p|\376\310\342\020\261""; closeTime: 803849270; signature: ""0E\002!\000\331\361\333@\234HrCv\367%\325\300@\000\275#\255;]\355\202z+M5\325\303\263\214\025}\002 A\251\306\024\030O\315-\305\001\270\256\342L1\231\320\317\313\234\240\206T\211\2648\014Q\216\254e\313""; previousledger: ""\375Tb0K\335\321\024\352,O(gj\245\230\256A>\305\303\246k\022Nn\260\272\033\302\024\214""; "
1750534072350,1750534072350,2365,1,3,1,TMProposeSet,"proposeSeq: 0; currentTxHash: ""\000\000\000\000\000\000\000\000\000\000\000\000\000\000\000\000\000\000\000\000\000\000\000\000\000\000\000\000\000\000\000\000""; nodePubKey: ""\003)\036\227\370\t\264\235\206\317\234B\n\230/\375\257\335fo\253d\026_\357K\336\020\302\356\323\222\376""; closeTime: 803849270; signature: ""0E\002!\000\353\235\375\272\333\224\241\275\026&\335$\321\257\023\207\254\231\023\352\263\271Z#\317u\013\347\274E\320\r\002 S-\224\n\3566\r\320\314\220_j\027\010\224\213\020Kb\363\335\264\305],\263\315l\351\330\244\225""; previousledger: ""\375Tb0K\335\321\024\352,O(gj\245\230\256A>\305\303\246k\022Nn\260\272\033\302\024\214""; ","proposeSeq: 0; currentTxHash: ""\000\000\000\000\000\000\000\000\000\000\000\000\000\000\000\000\000\000\000\000\000\000\000\000\000\000\000\000\000\000\000\000""; nodePubKey: ""\003)\036\227\370\t\264\235\206\317\234B\n\230/\375\257\335fo\253d\026_\357K\336\020\302\356\323\222\376""; closeTime: 803849270; signature: ""0E\002!\000\353\235\375\272\333\224\241\275\026&\335$\321\257\023\207\254\231\023\352\263\271Z#\317u\013\347\274E\320\r\002 S-\224\n\3566\r\320\314\220_j\027\010\224\213\020Kb\363\335\264\305],\263\315l\351\330\244\225""; previousledger: ""\375Tb0K\335\321\024\352,O(gj\245\230\256A>\305\303\246k\022Nn\260\272\033\302\024\214""; "
1750534072350,1750534072351,2364,1,3,4,TMProposeSet,"proposeSeq: 0; currentTxHash: ""\000\000\000\000\000\000\000\000\000\000\000\000\000\000\000\000\000\000\000\000\000\000\000\000\000\000\000\000\000\000\000\000""; nodePubKey: ""\003)\036\227\370\t\264\235\206\317\234B\n\230/\375\257\335fo\253d\026_\357K\336\020\302\356\323\222\376""; closeTime: 803849270; signature: ""0E\002!\000\353\235\375\272\333\224\241\275\026&\335$\321\257\023\207\254\231\023\352\263\271Z#\317u\013\347\274E\320\r\002 S-\224\n\3566\r\320\314\220_j\027\010\224\213\020Kb\363\335\264\305],\263\315l\351\330\244\225""; previousledger: ""\375Tb0K\335\321\024\352,O(gj\245\230\256A>\305\303\246k\022Nn\260\272\033\302\024\214""; ","proposeSeq: 0; currentTxHash: ""\000\000\000\000\000\000\000\000\000\000\000\000\000\000\000\000\000\000\000\000\000\000\000\000\000\000\000\000\000\000\000\000""; nodePubKey: ""\003)\036\227\370\t\264\235\206\317\234B\n\230/\375\257\335fo\253d\026_\357K\336\020\302\356\323\222\376""; closeTime: 803849270; signature: ""0E\002!\000\353\235\375\272\333\224\241\275\026&\335$\321\257\023\207\254\231\023\352\263\271Z#\317u\013\347\274E\320\r\002 S-\224\n\3566\r\320\314\220_j\027\010\224\213\020Kb\363\335\264\305],\263\315l\351\330\244\225""; previousledger: ""\375Tb0K\335\321\024\352,O(gj\245\230\256A>\305\303\246k\022Nn\260\272\033\302\024\214""; "
1750534072351,1750534072351,1696,1,3,0,TMProposeSet,"proposeSeq: 0; currentTxHash: ""\000\000\000\000\000\000\000\000\000\000\000\000\000\000\000\000\000\000\000\000\000\000\000\000\000\000\000\000\000\000\000\000""; nodePubKey: ""\003)\036\227\370\t\264\235\206\317\234B\n\230/\375\257\335fo\253d\026_\357K\336\020\302\356\323\222\376""; closeTime: 803849270; signature: ""0E\002!\000\353\235\375\272\333\224\241\275\026&\335$\321\257\023\207\254\231\023\352\263\271Z#\317u\013\347\274E\320\r\002 S-\224\n\3566\r\320\314\220_j\027\010\224\213\020Kb\363\335\264\305],\263\315l\351\330\244\225""; previousledger: ""\375Tb0K\335\321\024\352,O(gj\245\230\256A>\305\303\246k\022Nn\260\272\033\302\024\214""; ","proposeSeq: 0; currentTxHash: ""\000\000\000\000\000\000\000\000\000\000\000\000\000\000\000\000\000\000\000\000\000\000\000\000\000\000\000\000\000\000\000\000""; nodePubKey: ""\003)\036\227\370\t\264\235\206\317\234B\n\230/\375\257\335fo\253d\026_\357K\336\020\302\356\323\222\376""; closeTime: 803849270; signature: ""0E\002!\000\353\235\375\272\333\224\241\275\026&\335$\321\257\023\207\254\231\023\352\263\271Z#\317u\013\347\274E\320\r\002 S-\224\n\3566\r\320\314\220_j\027\010\224\213\020Kb\363\335\264\305],\263\315l\351\330\244\225""; previousledger: ""\375Tb0K\335\321\024\352,O(gj\245\230\256A>\305\303\246k\022Nn\260\272\033\302\024\214""; "
1750534072397,1750534072397,2064,1,2,4,TMValidation,"validation: """"\200\000\000\001&\000\000\000\003)/\351\3048:o\206g1\341\2401\207Q\264\245)G\023\327P\311\336[\273\333d\336I\305\256\302\316\214\303'\253!\303]\007\314T\207!3P\027\000\000\000\000\000\000\000\000\000\000\000\000\000\000\000\000\000\000\000\000\000\000\000\000\000\000\000\000\000\000\000\000P\031-}\351f\032\255\274\334m\326c\017\014ao[\342\230\003\245\245\3341Hm\326^\017jy\335\261s!\002\031\356p7g\301C\213'\252;p\007\211\345G\223\330\261\277\313\310Pm\016p|\376\310\342\020\261vG0E\002!\000\246\327H\322p\021Ze\367\253Jw\274\211\003\321h/\216\3459\312u\037\274\373,6\227\326H\234\002 \032UU\245\205\216\025\016\000\221\265\270\210mY\342\t\371\020\341""Q\272\014\204\205M\373}\353\201\227""; ","validation: """"\200\000\000\001&\000\000\000\003)/\351\3048:o\206g1\341\2401\207Q\264\245)G\023\327P\311\336[\273\333d\336I\305\256\302\316\214\303'\253!\303]\007\314T\207!3P\027\000\000\000\000\000\000\000\000\000\000\000\000\000\000\000\000\000\000\000\000\000\000\000\000\000\000\000\000\000\000\000\000P\031-}\351f\032\255\274\334m\326c\017\014ao[\342\230\003\245\245\3341Hm\326^\017jy\335\261s!\002\031\356p7g\301C\213'\252;p\007\211\345G\223\330\261\277\313\310Pm\016p|\376\310\342\020\261vG0E\002!\000\246\327H\322p\021Ze\367\253Jw\274\211\003\321h/\216\3459\312u\037\274\373,6\227\326H\234\002 \032UU\245\205\216\025\016\000\221\265\270\210mY\342\t\371\020\341""Q\272\014\204\205M\373}\353\201\227""; "
1750534072398,1750534072398,3634,1,2,4,TMStatusChange,"newEvent: neACCEPTED_LEDGER; ledgerSeq: 3; ledgerHash: ""\264\245)G\023\327P\311\336[\273\333d\336I\305\256\302\316\214\303'\253!\303]\007\314T\207!3""; ledgerHashPrevious: ""\375Tb0K\335\321\024\352,O(gj\245\230\256A>\305\303\246k\022Nn\260\272\033\302\024\214""; networkTime: 803849272; firstSeq: 1; lastSeq: 1; ","newEvent: neACCEPTED_LEDGER; ledgerSeq: 3; ledgerHash: ""\264\245)G\023\327P\311\336[\273\333d\336I\305\256\302\316\214\303'\253!\303]\007\314T\207!3""; ledgerHashPrevious: ""\375Tb0K\335\321\024\352,O(gj\245\230\256A>\305\303\246k\022Nn\260\272\033\302\024\214""; networkTime: 803849272; firstSeq: 1; lastSeq: 1; "
1750534072398,1750534072398,2100,1,2,3,TMStatusChange,"newEvent: neACCEPTED_LEDGER; ledgerSeq: 3; ledgerHash: ""\264\245)G\023\327P\311\336[\273\333d\336I\305\256\302\316\214\303'\253!\303]\007\314T\207!3""; ledgerHashPrevious: ""\375Tb0K\335\321\024\352,O(gj\245\230\256A>\305\303\246k\022Nn\260\272\033\302\024\214""; networkTime: 803849272; firstSeq: 1; lastSeq: 1; ","newEvent: neACCEPTED_LEDGER; ledgerSeq: 3; ledgerHash: ""\264\245)G\023\327P\311\336[\273\333d\336I\305\256\302\316\214\303'\253!\303]\007\314T\207!3""; ledgerHashPrevious: ""\375Tb0K\335\321\024\352,O(gj\245\230\256A>\305\303\246k\022Nn\260\272\033\302\024\214""; networkTime: 803849272; firstSeq: 1; lastSeq: 1; "
1750534072399,1750534072399,188,1,2,1,TMStatusChange,"newEvent: neACCEPTED_LEDGER; ledgerSeq: 3; ledgerHash: ""\264\245)G\023\327P\311\336[\273\333d\336I\305\256\302\316\214\303'\253!\303]\007\314T\207!3""; ledgerHashPrevious: ""\375Tb0K\335\321\024\352,O(gj\245\230\256A>\305\303\246k\022Nn\260\272\033\302\024\214""; networkTime: 803849272; firstSeq: 1; lastSeq: 1; ","newEvent: neACCEPTED_LEDGER; ledgerSeq: 3; ledgerHash: ""\264\245)G\023\327P\311\336[\273\333d\336I\305\256\302\316\214\303'\253!\303]\007\314T\207!3""; ledgerHashPrevious: ""\375Tb0K\335\321\024\352,O(gj\245\230\256A>\305\303\246k\022Nn\260\272\033\302\024\214""; networkTime: 803849272; firstSeq: 1; lastSeq: 1; "
1750534072399,1750534072400,1391,1,2,1,TMValidation,"validation: """"\200\000\000\001&\000\000\000\003)/\351\3048:o\206g1\341\2401\207Q\264\245)G\023\327P\311\336[\273\333d\336I\305\256\302\316\214\303'\253!\303]\007\314T\207!3P\027\000\000\000\000\000\000\000\000\000\000\000\000\000\000\000\000\000\000\000\000\000\000\000\000\000\000\000\000\000\000\000\000P\031-}\351f\032\255\274\334m\326c\017\014ao[\342\230\003\245\245\3341Hm\326^\017jy\335\261s!\002\031\356p7g\301C\213'\252;p\007\211\345G\223\330\261\277\313\310Pm\016p|\376\310\342\020\261vG0E\002!\000\246\327H\322p\021Ze\367\253Jw\274\211\003\321h/\216\3459\312u\037\274\373,6\227\326H\234\002 \032UU\245\205\216\025\016\000\221\265\270\210mY\342\t\371\020\341""Q\272\014\204\205M\373}\353\201\227""; ","validation: """"\200\000\000\001&\000\000\000\003)/\351\3048:o\206g1\341\2401\207Q\264\245)G\023\327P\311\336[\273\333d\336I\305\256\302\316\214\303'\253!\303]\007\314T\207!3P\027\000\000\000\000\000\000\000\000\000\000\000\000\000\000\000\000\000\000\000\000\000\000\000\000\000\000\000\000\000\000\000\000P\031-}\351f\032\255\274\334m\326c\017\014ao[\342\230\003\245\245\3341Hm\326^\017jy\335\261s!\002\031\356p7g\301C\213'\252;p\007\211\345G\223\330\261\277\313\310Pm\016p|\376\310\342\020\261vG0E\002!\000\246\327H\322p\021Ze\367\253Jw\274\211\003\321h/\216\3459\312u\037\274\373,6\227\326H\234\002 \032UU\245\205\216\025\016\000\221\265\270\210mY\342\t\371\020\341""Q\272\014\204\205M\373}\353\201\227""; "
1750534072400,1750534072400,565,1,2,0,TMValidation,"validation: """"\200\000\000\001&\000\000\000\003)/\351\3048:o\206g1\341\2401\207Q\264\245)G\023\327P\311\336[\273\333d\336I\305\256\302\316\214\303'\253!\303]\007\314T\207!3P\027\000\000\000\000\000\000\000\000\000\000\000\000\000\000\000\000\000\000\000\000\000\000\000\000\000\000\000\000\000\000\000\000P\031-}\351f\032\255\274\334m\326c\017\014ao[\342\230\003\245\245\3341Hm\326^\017jy\335\261s!\002\031\356p7g\301C\213'\252;p\007\211\345G\223\330\261\277\313\310Pm\016p|\376\310\342\020\261vG0E\002!\000\246\327H\322p\021Ze\367\253Jw\274\211\003\321h/\216\3459\312u\037\274\373,6\227\326H\234\002 \032UU\245\205\216\025\016\000\221\265\270\210mY\342\t\371\020\341""Q\272\014\204\205M\373}\353\201\227""; ","validation: """"\200\000\000\001&\000\000\000\003)/\351\3048:o\206g1\341\2401\207Q\264\245)G\023\327P\311\336[\273\333d\336I\305\256\302\316\214\303'\253!\303]\007\314T\207!3P\027\000\000\000\000\000\000\000\000\000\000\000\000\000\000\000\000\000\000\000\000\000\000\000\000\000\000\000\000\000\000\000\000P\031-}\351f\032\255\274\334m\326c\017\014ao[\342\230\003\245\245\3341Hm\326^\017jy\335\261s!\002\031\356p7g\301C\213'\252;p\007\211\345G\223\330\261\277\313\310Pm\016p|\376\310\342\020\261vG0E\002!\000\246\327H\322p\021Ze\367\253Jw\274\211\003\321h/\216\3459\312u\037\274\373,6\227\326H\234\002 \032UU\245\205\216\025\016\000\221\265\270\210mY\342\t\371\020\341""Q\272\014\204\205M\373}\353\201\227""; "
1750534072400,1750534072400,2970,1,2,3,TMValidation,"validation: """"\200\000\000\001&\000\000\000\003)/\351\3048:o\206g1\341\2401\207Q\264\245)G\023\327P\311\336[\273\333d\336I\305\256\302\316\214\303'\253!\303]\007\314T\207!3P\027\000\000\000\000\000\000\000\000\000\000\000\000\000\000\000\000\000\000\000\000\000\000\000\000\000\000\000\000\000\000\000\000P\031-}\351f\032\255\274\334m\326c\017\014ao[\342\230\003\245\245\3341Hm\326^\017jy\335\261s!\002\031\356p7g\301C\213'\252;p\007\211\345G\223\330\261\277\313\310Pm\016p|\376\310\342\020\261vG0E\002!\000\246\327H\322p\021Ze\367\253Jw\274\211\003\321h/\216\3459\312u\037\274\373,6\227\326H\234\002 \032UU\245\205\216\025\016\000\221\265\270\210mY\342\t\371\020\341""Q\272\014\204\205M\373}\353\201\227""; ","validation: """"\200\000\000\001&\000\000\000\003)/\351\3048:o\206g1\341\2401\207Q\264\245)G\023\327P\311\336[\273\333d\336I\305\256\302\316\214\303'\253!\303]\007\314T\207!3P\027\000\000\000\000\000\000\000\000\000\000\000\000\000\000\000\000\000\000\000\000\000\000\000\000\000\000\000\000\000\000\000\000P\031-}\351f\032\255\274\334m\326c\017\014ao[\342\230\003\245\245\3341Hm\326^\017jy\335\261s!\002\031\356p7g\301C\213'\252;p\007\211\345G\223\330\261\277\313\310Pm\016p|\376\310\342\020\261vG0E\002!\000\246\327H\322p\021Ze\367\253Jw\274\211\003\321h/\216\3459\312u\037\274\373,6\227\326H\234\002 \032UU\245\205\216\025\016\000\221\265\270\210mY\342\t\371\020\341""Q\272\014\204\205M\373}\353\201\227""; "
1750534072400,1750534072400,2653,1,2,0,TMStatusChange,"newEvent: neACCEPTED_LEDGER; ledgerSeq: 3; ledgerHash: ""\264\245)G\023\327P\311\336[\273\333d\336I\305\256\302\316\214\303'\253!\303]\007\314T\207!3""; ledgerHashPrevious: ""\375Tb0K\335\321\024\352,O(gj\245\230\256A>\305\303\246k\022Nn\260\272\033\302\024\214""; networkTime: 803849272; firstSeq: 1; lastSeq: 1; ","newEvent: neACCEPTED_LEDGER; ledgerSeq: 3; ledgerHash: ""\264\245)G\023\327P\311\336[\273\333d\336I\305\256\302\316\214\303'\253!\303]\007\314T\207!3""; ledgerHashPrevious: ""\375Tb0K\335\321\024\352,O(gj\245\230\256A>\305\303\246k\022Nn\260\272\033\302\024\214""; networkTime: 803849272; firstSeq: 1; lastSeq: 1; "
1750534072498,1750534072498,2970,1,2,3,TMValidation,"validation: """"\200\000\000\001&\000\000\000\003)/\351\3048:\2127%d\216O\2029Q\264\245)G\023\327P\311\336[\273\333d\336I\305\256\302\316\214\303'\253!\303]\007\314T\207!3P\027\000\000\000\000\000\000\000\000\000\000\000\000\000\000\000\000\000\000\000\000\000\000\000\000\000\000\000\000\000\000\000\000P\031-}\351f\032\255\274\334m\326c\017\014ao[\342\230\003\245\245\3341Hm\326^\017jy\335\261s!\003\241q\201\005c\265\003\367~\267xq\264\m_\310U\235\3644\246\306\345#""\246\274'%\251)vF0D\002 t`r\307\334\031sN\024\372%\300)I\005?\307""\367Y@i\332Rr;E\234\231++\233\002 x2>\363\177\035 \002\264\032\326\000\311\360(\252\272\031n\026\373\377D$\327I\232\373\201\273r\223""; ","validation: """"\200\000\000\001&\000\000\000\003)/\351\3048:\2127%d\216O\2029Q\264\245)G\023\327P\311\336[\273\333d\336I\305\256\302\316\214\303'\253!\303]\007\314T\207!3P\027\000\000\000\000\000\000\000\000\000\000\000\000\000\000\000\000\000\000\000\000\000\000\000\000\000\000\000\000\000\000\000\000P\031-}\351f\032\255\274\334m\326c\017\014ao[\342\230\003\245\245\3341Hm\326^\017jy\335\261s!\003\241q\201\005c\265\003\367~\267xq\264\m_\310U\235\3644\246\306\345#""\246\274'%\251)vF0D\002 t`r\307\334\031sN\024\372%\300)I\005?\307""\367Y@i\332Rr;E\234\231++\233\002 x2>\363\177\035 \002\264\032\326\000\311\360(\252\272\031n\026\373\377D$\327I\232\373\201\273r\223""; "
1750534072498,1750534072498,1391,1,2,1,TMValidation,"validation: """"\200\000\000\001&\000\000\000\003)/\351\3048:\2127%d\216O\2029Q\264\245)G\023\327P\311\336[\273\333d\336I\305\256\302\316\214\303'\253!\303]\007\314T\207!3P\027\000\000\000\000\000\000\000\000\000\000\000\000\000\000\000\000\000\000\000\000\000\000\000\000\000\000\000\000\000\000\000\000P\031-}\351f\032\255\274\334m\326c\017\014ao[\342\230\003\245\245\3341Hm\326^\017jy\335\261s!\003\241q\201\005c\265\003\367~\267xq\264\m_\310U\235\3644\246\306\345#""\246\274'%\251)vF0D\002 t`r\307\334\031sN\024\372%\300)I\005?\307""\367Y@i\332Rr;E\234\231++\233\002 x2>\363\177\035 \002\264\032\326\000\311\360(\252\272\031n\026\373\377D$\327I\232\373\201\273r\223""; ","validation: """"\200\000\000\001&\000\000\000\003)/\351\3048:\2127%d\216O\2029Q\264\245)G\023\327P\311\336[\273\333d\336I\305\256\302\316\214\303'\253!\303]\007\314T\207!3P\027\000\000\000\000\000\000\000\000\000\000\000\000\000\000\000\000\000\000\000\000\000\000\000\000\000\000\000\000\000\000\000\000P\031-}\351f\032\255\274\334m\326c\017\014ao[\342\230\003\245\245\3341Hm\326^\017jy\335\261s!\003\241q\201\005c\265\003\367~\267xq\264\m_\310U\235\3644\246\306\345#""\246\274'%\251)vF0D\002 t`r\307\334\031sN\024\372%\300)I\005?\307""\367Y@i\332Rr;E\234\231++\233\002 x2>\363\177\035 \002\264\032\326\000\311\360(\252\272\031n\026\373\377D$\327I\232\373\201\273r\223""; "
1750534072499,1750534072499,565,1,2,0,TMValidation,"validation: """"\200\000\000\001&\000\000\000\003)/\351\3048:\2127%d\216O\2029Q\264\245)G\023\327P\311\336[\273\333d\336I\305\256\302\316\214\303'\253!\303]\007\314T\207!3P\027\000\000\000\000\000\000\000\000\000\000\000\000\000\000\000\000\000\000\000\000\000\000\000\000\000\000\000\000\000\000\000\000P\031-}\351f\032\255\274\334m\326c\017\014ao[\342\230\003\245\245\3341Hm\326^\017jy\335\261s!\003\241q\201\005c\265\003\367~\267xq\264\m_\310U\235\3644\246\306\345#""\246\274'%\251)vF0D\002 t`r\307\334\031sN\024\372%\300)I\005?\307""\367Y@i\332Rr;E\234\231++\233\002 x2>\363\177\035 \002\264\032\326\000\311\360(\252\272\031n\026\373\377D$\327I\232\373\201\273r\223""; ","validation: """"\200\000\000\001&\000\000\000\003)/\351\3048:\2127%d\216O\2029Q\264\245)G\023\327P\311\336[\273\333d\336I\305\256\302\316\214\303'\253!\303]\007\314T\207!3P\027\000\000\000\000\000\000\000\000\000\000\000\000\000\000\000\000\000\000\000\000\000\000\000\000\000\000\000\000\000\000\000\000P\031-}\351f\032\255\274\334m\326c\017\014ao[\342\230\003\245\245\3341Hm\326^\017jy\335\261s!\003\241q\201\005c\265\003\367~\267xq\264\m_\310U\235\3644\246\306\345#""\246\274'%\251)vF0D\002 t`r\307\334\031sN\024\372%\300)I\005?\307""\367Y@i\332Rr;E\234\231++\233\002 x2>\363\177\035 \002\264\032\326\000\311\360(\252\272\031n\026\373\377D$\327I\232\373\201\273r\223""; "
1750534072536,1750534072536,2007,1,3,2,TMGetLedger,"itype: liBASE; ledgerHash: ""\264\245)G\023\327P\311\336[\273\333d\336I\305\256\302\316\214\303'\253!\303]\007\314T\207!3""; ","itype: liBASE; ledgerHash: ""\264\245)G\023\327P\311\336[\273\333d\336I\305\256\302\316\214\303'\253!\303]\007\314T\207!3""; "
1750534072536,1750534072537,410,1,3,4,TMGetLedger,"itype: liBASE; ledgerHash: ""\264\245)G\023\327P\311\336[\273\333d\336I\305\256\302\316\214\303'\253!\303]\007\314T\207!3""; ","itype: liBASE; ledgerHash: ""\264\245)G\023\327P\311\336[\273\333d\336I\305\256\302\316\214\303'\253!\303]\007\314T\207!3""; "
1750534072537,1750534072537,2019,1,3,1,TMValidation,"validation: """"\200\000\000\001&\000\000\000\003)/\351\3048:\2127%d\216O\2029Q\264\245)G\023\327P\311\336[\273\333d\336I\305\256\302\316\214\303'\253!\303]\007\314T\207!3P\027\000\000\000\000\000\000\000\000\000\000\000\000\000\000\000\000\000\000\000\000\000\000\000\000\000\000\000\000\000\000\000\000P\031-}\351f\032\255\274\334m\326c\017\014ao[\342\230\003\245\245\3341Hm\326^\017jy\335\261s!\003\241q\201\005c\265\003\367~\267xq\264\m_\310U\235\3644\246\306\345#""\246\274'%\251)vF0D\002 t`r\307\334\031sN\024\372%\300)I\005?\307""\367Y@i\332Rr;E\234\231++\233\002 x2>\363\177\035 \002\264\032\326\000\311\360(\252\272\031n\026\373\377D$\327I\232\373\201\273r\223""; ","validation: """"\200\000\000\001&\000\000\000\003)/\351\3048:\2127%d\216O\2029Q\264\245)G\023\327P\311\336[\273\333d\336I\305\256\302\316\214\303'\253!\303]\007\314T\207!3P\027\000\000\000\000\000\000\000\000\000\000\000\000\000\000\000\000\000\000\000\000\000\000\000\000\000\000\000\000\000\000\000\000P\031-}\351f\032\255\274\334m\326c\017\014ao[\342\230\003\245\245\3341Hm\326^\017jy\335\261s!\003\241q\201\005c\265\003\367~\267xq\264\m_\310U\235\3644\246\306\345#""\246\274'%\251)vF0D\002 t`r\307\334\031sN\024\372%\300)I\005?\307""\367Y@i\332Rr;E\234\231++\233\002 x2>\363\177\035 \002\264\032\326\000\311\360(\252\272\031n\026\373\377D$\327I\232\373\201\273r\223""; "
1750534072537,1750534072537,3709,1,3,2,TMValidation,"validation: """"\200\000\000\001&\000\000\000\003)/\351\3048:\2127%d\216O\2029Q\264\245)G\023\327P\311\336[\273\333d\336I\305\256\302\316\214\303'\253!\303]\007\314T\207!3P\027\000\000\000\000\000\000\000\000\000\000\000\000\000\000\000\000\000\000\000\000\000\000\000\000\000\000\000\000\000\000\000\000P\031-}\351f\032\255\274\334m\326c\017\014ao[\342\230\003\245\245\3341Hm\326^\017jy\335\261s!\003\241q\201\005c\265\003\367~\267xq\264\m_\310U\235\3644\246\306\345#""\246\274'%\251)vF0D\002 t`r\307\334\031sN\024\372%\300)I\005?\307""\367Y@i\332Rr;E\234\231++\233\002 x2>\363\177\035 \002\264\032\326\000\311\360(\252\272\031n\026\373\377D$\327I\232\373\201\273r\223""; ","validation: """"\200\000\000\001&\000\000\000\003)/\351\3048:\2127%d\216O\2029Q\264\245)G\023\327P\311\336[\273\333d\336I\305\256\302\316\214\303'\253!\303]\007\314T\207!3P\027\000\000\000\000\000\000\000\000\000\000\000\000\000\000\000\000\000\000\000\000\000\000\000\000\000\000\000\000\000\000\000\000P\031-}\351f\032\255\274\334m\326c\017\014ao[\342\230\003\245\245\3341Hm\326^\017jy\335\261s!\003\241q\201\005c\265\003\367~\267xq\264\m_\310U\235\3644\246\306\345#""\246\274'%\251)vF0D\002 t`r\307\334\031sN\024\372%\300)I\005?\307""\367Y@i\332Rr;E\234\231++\233\002 x2>\363\177\035 \002\264\032\326\000\311\360(\252\272\031n\026\373\377D$\327I\232\373\201\273r\223""; "
1750534072538,1750534072538,154,1,3,0,TMGetLedger,"itype: liBASE; ledgerHash: ""\264\245)G\023\327P\311\336[\273\333d\336I\305\256\302\316\214\303'\253!\303]\007\314T\207!3""; ","itype: liBASE; ledgerHash: ""\264\245)G\023\327P\311\336[\273\333d\336I\305\256\302\316\214\303'\253!\303]\007\314T\207!3""; "
1750534072539,1750534072539,2058,1,3,0,TMValidation,"validation: """"\200\000\000\001&\000\000\000\003)/\351\3048:\2127%d\216O\2029Q\264\245)G\023\327P\311\336[\273\333d\336I\305\256\302\316\214\303'\253!\303]\007\314T\207!3P\027\000\000\000\000\000\000\000\000\000\000\000\000\000\000\000\000\000\000\000\000\000\000\000\000\000\000\000\000\000\000\000\000P\031-}\351f\032\255\274\334m\326c\017\014ao[\342\230\003\245\245\3341Hm\326^\017jy\335\261s!\003\241q\201\005c\265\003\367~\267xq\264\m_\310U\235\3644\246\306\345#""\246\274'%\251)vF0D\002 t`r\307\334\031sN\024\372%\300)I\005?\307""\367Y@i\332Rr;E\234\231++\233\002 x2>\363\177\035 \002\264\032\326\000\311\360(\252\272\031n\026\373\377D$\327I\232\373\201\273r\223""; ","validation: """"\200\000\000\001&\000\000\000\003)/\351\3048:\2127%d\216O\2029Q\264\245)G\023\327P\311\336[\273\333d\336I\305\256\302\316\214\303'\253!\303]\007\314T\207!3P\027\000\000\000\000\000\000\000\000\000\000\000\000\000\000\000\000\000\000\000\000\000\000\000\000\000\000\000\000\000\000\000\000P\031-}\351f\032\255\274\334m\326c\017\014ao[\342\230\003\245\245\3341Hm\326^\017jy\335\261s!\003\241q\201\005c\265\003\367~\267xq\264\m_\310U\235\3644\246\306\345#""\246\274'%\251)vF0D\002 t`r\307\334\031sN\024\372%\300)I\005?\307""\367Y@i\332Rr;E\234\231++\233\002 x2>\363\177\035 \002\264\032\326\000\311\360(\252\272\031n\026\373\377D$\327I\232\373\201\273r\223""; "
1750534072539,1750534072539,3593,1,3,1,TMGetLedger,"itype: liBASE; ledgerHash: ""\264\245)G\023\327P\311\336[\273\333d\336I\305\256\302\316\214\303'\253!\303]\007\314T\207!3""; ","itype: liBASE; ledgerHash: ""\264\245)G\023\327P\311\336[\273\333d\336I\305\256\302\316\214\303'\253!\303]\007\314T\207!3""; "
1750534072540,1750534072540,154,1,3,0,TMGetLedger,"itype: liBASE; ledgerHash: ""\264\245)G\023\327P\311\336[\273\333d\336I\305\256\302\316\214\303'\253!\303]\007\314T\207!3""; queryType: qtINDIRECT; ","itype: liBASE; ledgerHash: ""\264\245)G\023\327P\311\336[\273\333d\336I\305\256\302\316\214\303'\253!\303]\007\314T\207!3""; queryType: qtINDIRECT; "
1750534072540,1750534072541,3593,1,3,1,TMGetLedger,"itype: liBASE; ledgerHash: ""\264\245)G\023\327P\311\336[\273\333d\336I\305\256\302\316\214\303'\253!\303]\007\314T\207!3""; queryType: qtINDIRECT; ","itype: liBASE; ledgerHash: ""\264\245)G\023\327P\311\336[\273\333d\336I\305\256\302\316\214\303'\253!\303]\007\314T\207!3""; queryType: qtINDIRECT; "
1750534072541,1750534072541,2007,1,3,2,TMGetLedger,"itype: liBASE; ledgerHash: ""\264\245)G\023\327P\311\336[\273\333d\336I\305\256\302\316\214\303'\253!\303]\007\314T\207!3""; queryType: qtINDIRECT; ","itype: liBASE; ledgerHash: ""\264\245)G\023\327P\311\336[\273\333d\336I\305\256\302\316\214\303'\253!\303]\007\314T\207!3""; queryType: qtINDIRECT; "
1750534072578,1750534072578,410,1,3,4,TMGetLedger,"itype: liBASE; ledgerHash: ""\264\245)G\023\327P\311\336[\273\333d\336I\305\256\302\316\214\303'\253!\303]\007\314T\207!3""; queryType: qtINDIRECT; ","itype: liBASE; ledgerHash: ""\264\245)G\023\327P\311\336[\273\333d\336I\305\256\302\316\214\303'\253!\303]\007\314T\207!3""; queryType: qtINDIRECT; "
1750534072604,1750534072604,3677,1,3,4,TMValidation,"validation: """"\200\000\000\001&\000\000\000\003)/\351\3048:\362\035\024\354\227\211\220\341Q\264\245)G\023\327P\311\336[\273\333d\336I\305\256\302\316\214\303'\253!\303]\007\314T\207!3P\027\000\000\000\000\000\000\000\000\000\000\000\000\000\000\000\000\000\000\000\000\000\000\000\000\000\000\000\000\000\000\000\000P\031-}\351f\032\255\274\334m\326c\017\014ao[\342\230\003\245\245\3341Hm\326^\017jy\335\261s!\003\246\253M+\327\254x)\270\216\311K-\350#\234\005\242\246\352}{iSd\374\322d\355G\010\240vF0D\002 ~\300-\322\031R\240c7\027\312P\323\014SL\342\214\344K\220\300O\326k]\366\017i\232\\313\002 R\362\320VG\375\323u\341\253\006>af\221\331j\245\365-\224'\252\214\212C\340v\311\256\370\226""; ","validation: """"\200\000\000\001&\000\000\000\003)/\351\3048:\362\035\024\354\227\211\220\341Q\264\245)G\023\327P\311\336[\273\333d\336I\305\256\302\316\214\303'\253!\303]\007\314T\207!3P\027\000\000\000\000\000\000\000\000\000\000\000\000\000\000\000\000\000\000\000\000\000\000\000\000\000\000\000\000\000\000\000\000P\031-}\351f\032\255\274\334m\326c\017\014ao[\342\230\003\245\245\3341Hm\326^\017jy\335\261s!\003\246\253M+\327\254x)\270\216\311K-\350#\234\005\242\246\352}{iSd\374\322d\355G\010\240vF0D\002 ~\300-\322\031R\240c7\027\312P\323\014SL\342\214\344K\220\300O\326k]\366\017i\232\\313\002 R\362\320VG\375\323u\341\253\006>af\221\331j\245\365-\224'\252\214\212C\340v\311\256\370\226""; "
1750534072604,1750534072604,3709,1,3,2,TMValidation,"validation: """"\200\000\000\001&\000\000\000\003)/\351\3048:\362\035\024\354\227\211\220\341Q\264\245)G\023\327P\311\336[\273\333d\336I\305\256\302\316\214\303'\253!\303]\007\314T\207!3P\027\000\000\000\000\000\000\000\000\000\000\000\000\000\000\000\000\000\000\000\000\000\000\000\000\000\000\000\000\000\000\000\000P\031-}\351f\032\255\274\334m\326c\017\014ao[\342\230\003\245\245\3341Hm\326^\017jy\335\261s!\003\246\253M+\327\254x)\270\216\311K-\350#\234\005\242\246\352}{iSd\374\322d\355G\010\240vF0D\002 ~\300-\322\031R\240c7\027\312P\323\014SL\342\214\344K\220\300O\326k]\366\017i\232\\313\002 R\362\320VG\375\323u\341\253\006>af\221\331j\245\365-\224'\252\214\212C\340v\311\256\370\226""; ","validation: """"\200\000\000\001&\000\000\000\003)/\351\3048:\362\035\024\354\227\211\220\341Q\264\245)G\023\327P\311\336[\273\333d\336I\305\256\302\316\214\303'\253!\303]\007\314T\207!3P\027\000\000\000\000\000\000\000\000\000\000\000\000\000\000\000\000\000\000\000\000\000\000\000\000\000\000\000\000\000\000\000\000P\031-}\351f\032\255\274\334m\326c\017\014ao[\342\230\003\245\245\3341Hm\326^\017jy\335\261s!\003\246\253M+\327\254x)\270\216\311K-\350#\234\005\242\246\352}{iSd\374\322d\355G\010\240vF0D\002 ~\300-\322\031R\240c7\027\312P\323\014SL\342\214\344K\220\300O\326k]\366\017i\232\\313\002 R\362\320VG\375\323u\341\253\006>af\221\331j\245\365-\224'\252\214\212C\340v\311\256\370\226""; "
1750534072605,1750534072605,412,1,3,4,TMStatusChange,"newEvent: neACCEPTED_LEDGER; ledgerSeq: 3; ledgerHash: ""\264\245)G\023\327P\311\336[\273\333d\336I\305\256\302\316\214\303'\253!\303]\007\314T\207!3""; ledgerHashPrevious: ""\375Tb0K\335\321\024\352,O(gj\245\230\256A>\305\303\246k\022Nn\260\272\033\302\024\214""; networkTime: 803849272; firstSeq: 1; lastSeq: 1; ","newEvent: neACCEPTED_LEDGER; ledgerSeq: 3; ledgerHash: ""\264\245)G\023\327P\311\336[\273\333d\336I\305\256\302\316\214\303'\253!\303]\007\314T\207!3""; ledgerHashPrevious: ""\375Tb0K\335\321\024\352,O(gj\245\230\256A>\305\303\246k\022Nn\260\272\033\302\024\214""; networkTime: 803849272; firstSeq: 1; lastSeq: 1; "
1750534072605,1750534072606,1774,1,3,2,TMStatusChange,"newEvent: neACCEPTED_LEDGER; ledgerSeq: 3; ledgerHash: ""\264\245)G\023\327P\311\336[\273\333d\336I\305\256\302\316\214\303'\253!\303]\007\314T\207!3""; ledgerHashPrevious: ""\375Tb0K\335\321\024\352,O(gj\245\230\256A>\305\303\246k\022Nn\260\272\033\302\024\214""; networkTime: 803849272; firstSeq: 1; lastSeq: 1; ","newEvent: neACCEPTED_LEDGER; ledgerSeq: 3; ledgerHash: ""\264\245)G\023\327P\311\336[\273\333d\336I\305\256\302\316\214\303'\253!\303]\007\314T\207!3""; ledgerHashPrevious: ""\375Tb0K\335\321\024\352,O(gj\245\230\256A>\305\303\246k\022Nn\260\272\033\302\024\214""; networkTime: 803849272; firstSeq: 1; lastSeq: 1; "
1750534072606,1750534072606,51,1,3,1,TMStatusChange,"newEvent: neACCEPTED_LEDGER; ledgerSeq: 3; ledgerHash: ""\264\245)G\023\327P\311\336[\273\333d\336I\305\256\302\316\214\303'\253!\303]\007\314T\207!3""; ledgerHashPrevious: ""\375Tb0K\335\321\024\352,O(gj\245\230\256A>\305\303\246k\022Nn\260\272\033\302\024\214""; networkTime: 803849272; firstSeq: 1; lastSeq: 1; ","newEvent: neACCEPTED_LEDGER; ledgerSeq: 3; ledgerHash: ""\264\245)G\023\327P\311\336[\273\333d\336I\305\256\302\316\214\303'\253!\303]\007\314T\207!3""; ledgerHashPrevious: ""\375Tb0K\335\321\024\352,O(gj\245\230\256A>\305\303\246k\022Nn\260\272\033\302\024\214""; networkTime: 803849272; firstSeq: 1; lastSeq: 1; "
1750534072607,1750534072607,1476,1,3,0,TMStatusChange,"newEvent: neACCEPTED_LEDGER; ledgerSeq: 3; ledgerHash: ""\264\245)G\023\327P\311\336[\273\333d\336I\305\256\302\316\214\303'\253!\303]\007\314T\207!3""; ledgerHashPrevious: ""\375Tb0K\335\321\024\352,O(gj\245\230\256A>\305\303\246k\022Nn\260\272\033\302\024\214""; networkTime: 803849272; firstSeq: 1; lastSeq: 1; ","newEvent: neACCEPTED_LEDGER; ledgerSeq: 3; ledgerHash: ""\264\245)G\023\327P\311\336[\273\333d\336I\305\256\302\316\214\303'\253!\303]\007\314T\207!3""; ledgerHashPrevious: ""\375Tb0K\335\321\024\352,O(gj\245\230\256A>\305\303\246k\022Nn\260\272\033\302\024\214""; networkTime: 803849272; firstSeq: 1; lastSeq: 1; "
1750534072607,1750534072607,2058,1,3,0,TMValidation,"validation: """"\200\000\000\001&\000\000\000\003)/\351\3048:\362\035\024\354\227\211\220\341Q\264\245)G\023\327P\311\336[\273\333d\336I\305\256\302\316\214\303'\253!\303]\007\314T\207!3P\027\000\000\000\000\000\000\000\000\000\000\000\000\000\000\000\000\000\000\000\000\000\000\000\000\000\000\000\000\000\000\000\000P\031-}\351f\032\255\274\334m\326c\017\014ao[\342\230\003\245\245\3341Hm\326^\017jy\335\261s!\003\246\253M+\327\254x)\270\216\311K-\350#\234\005\242\246\352}{iSd\374\322d\355G\010\240vF0D\002 ~\300-\322\031R\240c7\027\312P\323\014SL\342\214\344K\220\300O\326k]\366\017i\232\\313\002 R\362\320VG\375\323u\341\253\006>af\221\331j\245\365-\224'\252\214\212C\340v\311\256\370\226""; ","validation: """"\200\000\000\001&\000\000\000\003)/\351\3048:\362\035\024\354\227\211\220\341Q\264\245)G\023\327P\311\336[\273\333d\336I\305\256\302\316\214\303'\253!\303]\007\314T\207!3P\027\000\000\000\000\000\000\000\000\000\000\000\000\000\000\000\000\000\000\000\000\000\000\000\000\000\000\000\000\000\000\000\000P\031-}\351f\032\255\274\334m\326c\017\014ao[\342\230\003\245\245\3341Hm\326^\017jy\335\261s!\003\246\253M+\327\254x)\270\216\311K-\350#\234\005\242\246\352}{iSd\374\322d\355G\010\240vF0D\002 ~\300-\322\031R\240c7\027\312P\323\014SL\342\214\344K\220\300O\326k]\366\017i\232\\313\002 R\362\320VG\375\323u\341\253\006>af\221\331j\245\365-\224'\252\214\212C\340v\311\256\370\226""; "
1750534072607,1750534072607,2019,1,3,1,TMValidation,"validation: """"\200\000\000\001&\000\000\000\003)/\351\3048:\362\035\024\354\227\211\220\341Q\264\245)G\023\327P\311\336[\273\333d\336I\305\256\302\316\214\303'\253!\303]\007\314T\207!3P\027\000\000\000\000\000\000\000\000\000\000\000\000\000\000\000\000\000\000\000\000\000\000\000\000\000\000\000\000\000\000\000\000P\031-}\351f\032\255\274\334m\326c\017\014ao[\342\230\003\245\245\3341Hm\326^\017jy\335\261s!\003\246\253M+\327\254x)\270\216\311K-\350#\234\005\242\246\352}{iSd\374\322d\355G\010\240vF0D\002 ~\300-\322\031R\240c7\027\312P\323\014SL\342\214\344K\220\300O\326k]\366\017i\232\\313\002 R\362\320VG\375\323u\341\253\006>af\221\331j\245\365-\224'\252\214\212C\340v\311\256\370\226""; ","validation: """"\200\000\000\001&\000\000\000\003)/\351\3048:\362\035\024\354\227\211\220\341Q\264\245)G\023\327P\311\336[\273\333d\336I\305\256\302\316\214\303'\253!\303]\007\314T\207!3P\027\000\000\000\000\000\000\000\000\000\000\000\000\000\000\000\000\000\000\000\000\000\000\000\000\000\000\000\000\000\000\000\000P\031-}\351f\032\255\274\334m\326c\017\014ao[\342\230\003\245\245\3341Hm\326^\017jy\335\261s!\003\246\253M+\327\254x)\270\216\311K-\350#\234\005\242\246\352}{iSd\374\322d\355G\010\240vF0D\002 ~\300-\322\031R\240c7\027\312P\323\014SL\342\214\344K\220\300O\326k]\366\017i\232\\313\002 R\362\320VG\375\323u\341\253\006>af\221\331j\245\365-\224'\252\214\212C\340v\311\256\370\226""; "
1750534072690,1750534072690,1799,1,1,3,TMStatusChange,"newEvent: neACCEPTED_LEDGER; ledgerSeq: 3; ledgerHash: ""\264\245)G\023\327P\311\336[\273\333d\336I\305\256\302\316\214\303'\253!\303]\007\314T\207!3""; ledgerHashPrevious: ""\375Tb0K\335\321\024\352,O(gj\245\230\256A>\305\303\246k\022Nn\260\272\033\302\024\214""; networkTime: 803849272; firstSeq: 1; lastSeq: 1; ","newEvent: neACCEPTED_LEDGER; ledgerSeq: 3; ledgerHash: ""\264\245)G\023\327P\311\336[\273\333d\336I\305\256\302\316\214\303'\253!\303]\007\314T\207!3""; ledgerHashPrevious: ""\375Tb0K\335\321\024\352,O(gj\245\230\256A>\305\303\246k\022Nn\260\272\033\302\024\214""; networkTime: 803849272; firstSeq: 1; lastSeq: 1; "
1750534072691,1750534072691,1959,1,1,4,TMValidation,"validation: """"\200\000\000\001&\000\000\000\003)/\351\3048:\001\317\351\3603A\3522Q\264\245)G\023\327P\311\336[\273\333d\336I\305\256\302\316\214\303'\253!\303]\007\314T\207!3P\027\000\000\000\000\000\000\000\000\000\000\000\000\000\000\000\000\000\000\000\000\000\000\000\000\000\000\000\000\000\000\000\000P\031-}\351f\032\255\274\334m\326c\017\014ao[\342\230\003\245\245\3341Hm\326^\017jy\335\261s!\003)\036\227\370\t\264\235\206\317\234B\n\230/\375\257\335fo\253d\026_\357K\336\020\302\356\323\222\376vG0E\002!\000\357t\027\026l'\332s!\376T\205\251E>>\001\367\241Zj[vB\213\3104\253\r\206w\234\002 R:\031y\251\317\371b\342J\276\tpX\376'\t\347\020]\215\n\234\310\312Su\232t<>2""; ","validation: """"\200\000\000\001&\000\000\000\003)/\351\3048:\001\317\351\3603A\3522Q\264\245)G\023\327P\311\336[\273\333d\336I\305\256\302\316\214\303'\253!\303]\007\314T\207!3P\027\000\000\000\000\000\000\000\000\000\000\000\000\000\000\000\000\000\000\000\000\000\000\000\000\000\000\000\000\000\000\000\000P\031-}\351f\032\255\274\334m\326c\017\014ao[\342\230\003\245\245\3341Hm\326^\017jy\335\261s!\003)\036\227\370\t\264\235\206\317\234B\n\230/\375\257\335fo\253d\026_\357K\336\020\302\356\323\222\376vG0E\002!\000\357t\027\026l'\332s!\376T\205\251E>>\001\367\241Zj[vB\213\3104\253\r\206w\234\002 R:\031y\251\317\371b\342J\276\tpX\376'\t\347\020]\215\n\234\310\312Su\232t<>2""; "
1750534072692,1750534072692,2911,1,1,4,TMStatusChange,"newEvent: neACCEPTED_LEDGER; ledgerSeq: 3; ledgerHash: ""\264\245)G\023\327P\311\336[\273\333d\336I\305\256\302\316\214\303'\253!\303]\007\314T\207!3""; ledgerHashPrevious: ""\375Tb0K\335\321\024\352,O(gj\245\230\256A>\305\303\246k\022Nn\260\272\033\302\024\214""; networkTime: 803849272; firstSeq: 1; lastSeq: 1; ","newEvent: neACCEPTED_LEDGER; ledgerSeq: 3; ledgerHash: ""\264\245)G\023\327P\311\336[\273\333d\336I\305\256\302\316\214\303'\253!\303]\007\314T\207!3""; ledgerHashPrevious: ""\375Tb0K\335\321\024\352,O(gj\245\230\256A>\305\303\246k\022Nn\260\272\033\302\024\214""; networkTime: 803849272; firstSeq: 1; lastSeq: 1; "
1750534072692,1750534072692,1412,1,1,3,TMValidation,"validation: """"\200\000\000\001&\000\000\000\003)/\351\3048:\001\317\351\3603A\3522Q\264\245)G\023\327P\311\336[\273\333d\336I\305\256\302\316\214\303'\253!\303]\007\314T\207!3P\027\000\000\000\000\000\000\000\000\000\000\000\000\000\000\000\000\000\000\000\000\000\000\000\000\000\000\000\000\000\000\000\000P\031-}\351f\032\255\274\334m\326c\017\014ao[\342\230\003\245\245\3341Hm\326^\017jy\335\261s!\003)\036\227\370\t\264\235\206\317\234B\n\230/\375\257\335fo\253d\026_\357K\336\020\302\356\323\222\376vG0E\002!\000\357t\027\026l'\332s!\376T\205\251E>>\001\367\241Zj[vB\213\3104\253\r\206w\234\002 R:\031y\251\317\371b\342J\276\tpX\376'\t\347\020]\215\n\234\310\312Su\232t<>2""; ","validation: """"\200\000\000\001&\000\000\000\003)/\351\3048:\001\317\351\3603A\3522Q\264\245)G\023\327P\311\336[\273\333d\336I\305\256\302\316\214\303'\253!\303]\007\314T\207!3P\027\000\000\000\000\000\000\000\000\000\000\000\000\000\000\000\000\000\000\000\000\000\000\000\000\000\000\000\000\000\000\000\000P\031-}\351f\032\255\274\334m\326c\017\014ao[\342\230\003\245\245\3341Hm\326^\017jy\335\261s!\003)\036\227\370\t\264\235\206\317\234B\n\230/\375\257\335fo\253d\026_\357K\336\020\302\356\323\222\376vG0E\002!\000\357t\027\026l'\332s!\376T\205\251E>>\001\367\241Zj[vB\213\3104\253\r\206w\234\002 R:\031y\251\317\371b\342J\276\tpX\376'\t\347\020]\215\n\234\310\312Su\232t<>2""; "
1750534072693,1750534072693,546,1,1,0,TMValidation,"validation: """"\200\000\000\001&\000\000\000\003)/\351\3048:\001\317\351\3603A\3522Q\264\245)G\023\327P\311\336[\273\333d\336I\305\256\302\316\214\303'\253!\303]\007\314T\207!3P\027\000\000\000\000\000\000\000\000\000\000\000\000\000\000\000\000\000\000\000\000\000\000\000\000\000\000\000\000\000\000\000\000P\031-}\351f\032\255\274\334m\326c\017\014ao[\342\230\003\245\245\3341Hm\326^\017jy\335\261s!\003)\036\227\370\t\264\235\206\317\234B\n\230/\375\257\335fo\253d\026_\357K\336\020\302\356\323\222\376vG0E\002!\000\357t\027\026l'\332s!\376T\205\251E>>\001\367\241Zj[vB\213\3104\253\r\206w\234\002 R:\031y\251\317\371b\342J\276\tpX\376'\t\347\020]\215\n\234\310\312Su\232t<>2""; ","validation: """"\200\000\000\001&\000\000\000\003)/\351\3048:\001\317\351\3603A\3522Q\264\245)G\023\327P\311\336[\273\333d\336I\305\256\302\316\214\303'\253!\303]\007\314T\207!3P\027\000\000\000\000\000\000\000\000\000\000\000\000\000\000\000\000\000\000\000\000\000\000\000\000\000\000\000\000\000\000\000\000P\031-}\351f\032\255\274\334m\326c\017\014ao[\342\230\003\245\245\3341Hm\326^\017jy\335\261s!\003)\036\227\370\t\264\235\206\317\234B\n\230/\375\257\335fo\253d\026_\357K\336\020\302\356\323\222\376vG0E\002!\000\357t\027\026l'\332s!\376T\205\251E>>\001\367\241Zj[vB\213\3104\253\r\206w\234\002 R:\031y\251\317\371b\342J\276\tpX\376'\t\347\020]\215\n\234\310\312Su\232t<>2""; "
1750534072693,1750534072694,1294,1,1,2,TMStatusChange,"newEvent: neACCEPTED_LEDGER; ledgerSeq: 3; ledgerHash: ""\264\245)G\023\327P\311\336[\273\333d\336I\305\256\302\316\214\303'\253!\303]\007\314T\207!3""; ledgerHashPrevious: ""\375Tb0K\335\321\024\352,O(gj\245\230\256A>\305\303\246k\022Nn\260\272\033\302\024\214""; networkTime: 803849272; firstSeq: 1; lastSeq: 1; ","newEvent: neACCEPTED_LEDGER; ledgerSeq: 3; ledgerHash: ""\264\245)G\023\327P\311\336[\273\333d\336I\305\256\302\316\214\303'\253!\303]\007\314T\207!3""; ledgerHashPrevious: ""\375Tb0K\335\321\024\352,O(gj\245\230\256A>\305\303\246k\022Nn\260\272\033\302\024\214""; networkTime: 803849272; firstSeq: 1; lastSeq: 1; "
1750534072694,1750534072694,3926,1,1,0,TMStatusChange,"newEvent: neACCEPTED_LEDGER; ledgerSeq: 3; ledgerHash: ""\264\245)G\023\327P\311\336[\273\333d\336I\305\256\302\316\214\303'\253!\303]\007\314T\207!3""; ledgerHashPrevious: ""\375Tb0K\335\321\024\352,O(gj\245\230\256A>\305\303\246k\022Nn\260\272\033\302\024\214""; networkTime: 803849272; firstSeq: 1; lastSeq: 1; ","newEvent: neACCEPTED_LEDGER; ledgerSeq: 3; ledgerHash: ""\264\245)G\023\327P\311\336[\273\333d\336I\305\256\302\316\214\303'\253!\303]\007\314T\207!3""; ledgerHashPrevious: ""\375Tb0K\335\321\024\352,O(gj\245\230\256A>\305\303\246k\022Nn\260\272\033\302\024\214""; networkTime: 803849272; firstSeq: 1; lastSeq: 1; "
1750534072734,1750534072734,3986,1,1,2,TMValidation,"validation: """"\200\000\000\001&\000\000\000\003)/\351\3048:\001\317\351\3603A\3522Q\264\245)G\023\327P\311\336[\273\333d\336I\305\256\302\316\214\303'\253!\303]\007\314T\207!3P\027\000\000\000\000\000\000\000\000\000\000\000\000\000\000\000\000\000\000\000\000\000\000\000\000\000\000\000\000\000\000\000\000P\031-}\351f\032\255\274\334m\326c\017\014ao[\342\230\003\245\245\3341Hm\326^\017jy\335\261s!\003)\036\227\370\t\264\235\206\317\234B\n\230/\375\257\335fo\253d\026_\357K\336\020\302\356\323\222\376vG0E\002!\000\357t\027\026l'\332s!\376T\205\251E>>\001\367\241Zj[vB\213\3104\253\r\206w\234\002 R:\031y\251\317\371b\342J\276\tpX\376'\t\347\020]\215\n\234\310\312Su\232t<>2""; ","validation: """"\200\000\000\001&\000\000\000\003)/\351\3048:\001\317\351\3603A\3522Q\264\245)G\023\327P\311\336[\273\333d\336I\305\256\302\316\214\303'\253!\303]\007\314T\207!3P\027\000\000\000\000\000\000\000\000\000\000\000\000\000\000\000\000\000\000\000\000\000\000\000\000\000\000\000\000\000\000\000\000P\031-}\351f\032\255\274\334m\326c\017\014ao[\342\230\003\245\245\3341Hm\326^\017jy\335\261s!\003)\036\227\370\t\264\235\206\317\234B\n\230/\375\257\335fo\253d\026_\357K\336\020\302\356\323\222\376vG0E\002!\000\357t\027\026l'\332s!\376T\205\251E>>\001\367\241Zj[vB\213\3104\253\r\206w\234\002 R:\031y\251\317\371b\342J\276\tpX\376'\t\347\020]\215\n\234\310\312Su\232t<>2""; "
1750534072770,1750534072770,2776,1,0,3,TMValidation,"validation: """"\200\000\000\001&\000\000\000\003)/\351\3048:7\006\273IhO\034\261Q\264\245)G\023\327P\311\336[\273\333d\336I\305\256\302\316\214\303'\253!\303]\007\314T\207!3P\027\000\000\000\000\000\000\000\000\000\000\000\000\000\000\000\000\000\000\000\000\000\000\000\000\000\000\000\000\000\000\000\000P\031-}\351f\032\255\274\334m\326c\017\014ao[\342\230\003\245\245\3341Hm\326^\017jy\335\261s!\002\227gv\346\003n\232f\264\2224\366\324\341o\5\217J\337\2771q\223O\025\217G8\235\301fvF0D\002 H\372\211L\3420\013\266~\203\305\351\003\006Q_\234A""\027\373\266\341d;\312\311\204BYbL\002 \013\244\222\207[\017p\375g\356\241V\372\335A/\372o-\345\234\264G9\361\363\020\264\200\331~\370""; ","validation: """"\200\000\000\001&\000\000\000\003)/\351\3048:7\006\273IhO\034\261Q\264\245)G\023\327P\311\336[\273\333d\336I\305\256\302\316\214\303'\253!\303]\007\314T\207!3P\027\000\000\000\000\000\000\000\000\000\000\000\000\000\000\000\000\000\000\000\000\000\000\000\000\000\000\000\000\000\000\000\000P\031-}\351f\032\255\274\334m\326c\017\014ao[\342\230\003\245\245\3341Hm\326^\017jy\335\261s!\002\227gv\346\003n\232f\264\2224\366\324\341o\5\217J\337\2771q\223O\025\217G8\235\301fvF0D\002 H\372\211L\3420\013\266~\203\305\351\003\006Q_\234A""\027\373\266\341d;\312\311\204BYbL\002 \013\244\222\207[\017p\375g\356\241V\372\335A/\372o-\345\234\264G9\361\363\020\264\200\331~\370""; "
1750534072770,1750534072770,3074,1,0,4,TMStatusChange,"newEvent: neACCEPTED_LEDGER; ledgerSeq: 3; ledgerHash: ""\264\245)G\023\327P\311\336[\273\333d\336I\305\256\302\316\214\303'\253!\303]\007\314T\207!3""; ledgerHashPrevious: ""\375Tb0K\335\321\024\352,O(gj\245\230\256A>\305\303\246k\022Nn\260\272\033\302\024\214""; networkTime: 803849272; firstSeq: 1; lastSeq: 1; ","newEvent: neACCEPTED_LEDGER; ledgerSeq: 3; ledgerHash: ""\264\245)G\023\327P\311\336[\273\333d\336I\305\256\302\316\214\303'\253!\303]\007\314T\207!3""; ledgerHashPrevious: ""\375Tb0K\335\321\024\352,O(gj\245\230\256A>\305\303\246k\022Nn\260\272\033\302\024\214""; networkTime: 803849272; firstSeq: 1; lastSeq: 1; "
1750534072770,1750534072770,3863,1,0,4,TMValidation,"validation: """"\200\000\000\001&\000\000\000\003)/\351\3048:7\006\273IhO\034\261Q\264\245)G\023\327P\311\336[\273\333d\336I\305\256\302\316\214\303'\253!\303]\007\314T\207!3P\027\000\000\000\000\000\000\000\000\000\000\000\000\000\000\000\000\000\000\000\000\000\000\000\000\000\000\000\000\000\000\000\000P\031-}\351f\032\255\274\334m\326c\017\014ao[\342\230\003\245\245\3341Hm\326^\017jy\335\261s!\002\227gv\346\003n\232f\264\2224\366\324\341o\5\217J\337\2771q\223O\025\217G8\235\301fvF0D\002 H\372\211L\3420\013\266~\203\305\351\003\006Q_\234A""\027\373\266\341d;\312\311\204BYbL\002 \013\244\222\207[\017p\375g\356\241V\372\335A/\372o-\345\234\264G9\361\363\020\264\200\331~\370""; ","validation: """"\200\000\000\001&\000\000\000\003)/\351\3048:7\006\273IhO\034\261Q\264\245)G\023\327P\311\336[\273\333d\336I\305\256\302\316\214\303'\253!\303]\007\314T\207!3P\027\000\000\000\000\000\000\000\000\000\000\000\000\000\000\000\000\000\000\000\000\000\000\000\000\000\000\000\000\000\000\000\000P\031-}\351f\032\255\274\334m\326c\017\014ao[\342\230\003\245\245\3341Hm\326^\017jy\335\261s!\002\227gv\346\003n\232f\264\2224\366\324\341o\5\217J\337\2771q\223O\025\217G8\235\301fvF0D\002 H\372\211L\3420\013\266~\203\305\351\003\006Q_\234A""\027\373\266\341d;\312\311\204BYbL\002 \013\244\222\207[\017p\375g\356\241V\372\335A/\372o-\345\234\264G9\361\363\020\264\200\331~\370""; "
1750534072771,1750534072771,885,1,0,3,TMStatusChange,"newEvent: neACCEPTED_LEDGER; ledgerSeq: 3; ledgerHash: ""\264\245)G\023\327P\311\336[\273\333d\336I\305\256\302\316\214\303'\253!\303]\007\314T\207!3""; ledgerHashPrevious: ""\375Tb0K\335\321\024\352,O(gj\245\230\256A>\305\303\246k\022Nn\260\272\033\302\024\214""; networkTime: 803849272; firstSeq: 1; lastSeq: 1; ","newEvent: neACCEPTED_LEDGER; ledgerSeq: 3; ledgerHash: ""\264\245)G\023\327P\311\336[\273\333d\336I\305\256\302\316\214\303'\253!\303]\007\314T\207!3""; ledgerHashPrevious: ""\375Tb0K\335\321\024\352,O(gj\245\230\256A>\305\303\246k\022Nn\260\272\033\302\024\214""; networkTime: 803849272; firstSeq: 1; lastSeq: 1; "
1750534072772,1750534072772,2322,1,0,2,TMStatusChange,"newEvent: neACCEPTED_LEDGER; ledgerSeq: 3; ledgerHash: ""\264\245)G\023\327P\311\336[\273\333d\336I\305\256\302\316\214\303'\253!\303]\007\314T\207!3""; ledgerHashPrevious: ""\375Tb0K\335\321\024\352,O(gj\245\230\256A>\305\303\246k\022Nn\260\272\033\302\024\214""; networkTime: 803849272; firstSeq: 1; lastSeq: 1; ","newEvent: neACCEPTED_LEDGER; ledgerSeq: 3; ledgerHash: ""\264\245)G\023\327P\311\336[\273\333d\336I\305\256\302\316\214\303'\253!\303]\007\314T\207!3""; ledgerHashPrevious: ""\375Tb0K\335\321\024\352,O(gj\245\230\256A>\305\303\246k\022Nn\260\272\033\302\024\214""; networkTime: 803849272; firstSeq: 1; lastSeq: 1; "
1750534072772,1750534072772,2478,1,0,1,TMStatusChange,"newEvent: neACCEPTED_LEDGER; ledgerSeq: 3; ledgerHash: ""\264\245)G\023\327P\311\336[\273\333d\336I\305\256\302\316\214\303'\253!\303]\007\314T\207!3""; ledgerHashPrevious: ""\375Tb0K\335\321\024\352,O(gj\245\230\256A>\305\303\246k\022Nn\260\272\033\302\024\214""; networkTime: 803849272; firstSeq: 1; lastSeq: 1; ","newEvent: neACCEPTED_LEDGER; ledgerSeq: 3; ledgerHash: ""\264\245)G\023\327P\311\336[\273\333d\336I\305\256\302\316\214\303'\253!\303]\007\314T\207!3""; ledgerHashPrevious: ""\375Tb0K\335\321\024\352,O(gj\245\230\256A>\305\303\246k\022Nn\260\272\033\302\024\214""; networkTime: 803849272; firstSeq: 1; lastSeq: 1; "
1750534072772,1750534072773,1927,1,0,2,TMValidation,"validation: """"\200\000\000\001&\000\000\000\003)/\351\3048:7\006\273IhO\034\261Q\264\245)G\023\327P\311\336[\273\333d\336I\305\256\302\316\214\303'\253!\303]\007\314T\207!3P\027\000\000\000\000\000\000\000\000\000\000\000\000\000\000\000\000\000\000\000\000\000\000\000\000\000\000\000\000\000\000\000\000P\031-}\351f\032\255\274\334m\326c\017\014ao[\342\230\003\245\245\3341Hm\326^\017jy\335\261s!\002\227gv\346\003n\232f\264\2224\366\324\341o\5\217J\337\2771q\223O\025\217G8\235\301fvF0D\002 H\372\211L\3420\013\266~\203\305\351\003\006Q_\234A""\027\373\266\341d;\312\311\204BYbL\002 \013\244\222\207[\017p\375g\356\241V\372\335A/\372o-\345\234\264G9\361\363\020\264\200\331~\370""; ","validation: """"\200\000\000\001&\000\000\000\003)/\351\3048:7\006\273IhO\034\261Q\264\245)G\023\327P\311\336[\273\333d\336I\305\256\302\316\214\303'\253!\303]\007\314T\207!3P\027\000\000\000\000\000\000\000\000\000\000\000\000\000\000\000\000\000\000\000\000\000\000\000\000\000\000\000\000\000\000\000\000P\031-}\351f\032\255\274\334m\326c\017\014ao[\342\230\003\245\245\3341Hm\326^\017jy\335\261s!\002\227gv\346\003n\232f\264\2224\366\324\341o\5\217J\337\2771q\223O\025\217G8\235\301fvF0D\002 H\372\211L\3420\013\266~\203\305\351\003\006Q_\234A""\027\373\266\341d;\312\311\204BYbL\002 \013\244\222\207[\017p\375g\356\241V\372\335A/\372o-\345\234\264G9\361\363\020\264\200\331~\370""; "
1750534072810,1750534072810,127,1,0,1,TMValidation,"validation: """"\200\000\000\001&\000\000\000\003)/\351\3048:7\006\273IhO\034\261Q\264\245)G\023\327P\311\336[\273\333d\336I\305\256\302\316\214\303'\253!\303]\007\314T\207!3P\027\000\000\000\000\000\000\000\000\000\000\000\000\000\000\000\000\000\000\000\000\000\000\000\000\000\000\000\000\000\000\000\000P\031-}\351f\032\255\274\334m\326c\017\014ao[\342\230\003\245\245\3341Hm\326^\017jy\335\261s!\002\227gv\346\003n\232f\264\2224\366\324\341o\5\217J\337\2771q\223O\025\217G8\235\301fvF0D\002 H\372\211L\3420\013\266~\203\305\351\003\006Q_\234A""\027\373\266\341d;\312\311\204BYbL\002 \013\244\222\207[\017p\375g\356\241V\372\335A/\372o-\345\234\264G9\361\363\020\264\200\331~\370""; ","validation: """"\200\000\000\001&\000\000\000\003)/\351\3048:7\006\273IhO\034\261Q\264\245)G\023\327P\311\336[\273\333d\336I\305\256\302\316\214\303'\253!\303]\007\314T\207!3P\027\000\000\000\000\000\000\000\000\000\000\000\000\000\000\000\000\000\000\000\000\000\000\000\000\000\000\000\000\000\000\000\000P\031-}\351f\032\255\274\334m\326c\017\014ao[\342\230\003\245\245\3341Hm\326^\017jy\335\261s!\002\227gv\346\003n\232f\264\2224\366\324\341o\5\217J\337\2771q\223O\025\217G8\235\301fvF0D\002 H\372\211L\3420\013\266~\203\305\351\003\006Q_\234A""\027\373\266\341d;\312\311\204BYbL\002 \013\244\222\207[\017p\375g\356\241V\372\335A/\372o-\345\234\264G9\361\363\020\264\200\331~\370""; "
1750534072939,1750534072939,1959,1,1,4,TMValidation,"validation: """"\200\000\000\001&\000\000\000\003)/\351\3048:7\006\273IhO\034\261Q\264\245)G\023\327P\311\336[\273\333d\336I\305\256\302\316\214\303'\253!\303]\007\314T\207!3P\027\000\000\000\000\000\000\000\000\000\000\000\000\000\000\000\000\000\000\000\000\000\000\000\000\000\000\000\000\000\000\000\000P\031-}\351f\032\255\274\334m\326c\017\014ao[\342\230\003\245\245\3341Hm\326^\017jy\335\261s!\002\227gv\346\003n\232f\264\2224\366\324\341o\5\217J\337\2771q\223O\025\217G8\235\301fvF0D\002 H\372\211L\3420\013\266~\203\305\351\003\006Q_\234A""\027\373\266\341d;\312\311\204BYbL\002 \013\244\222\207[\017p\375g\356\241V\372\335A/\372o-\345\234\264G9\361\363\020\264\200\331~\370""; ","validation: """"\200\000\000\001&\000\000\000\003)/\351\3048:7\006\273IhO\034\261Q\264\245)G\023\327P\311\336[\273\333d\336I\305\256\302\316\214\303'\253!\303]\007\314T\207!3P\027\000\000\000\000\000\000\000\000\000\000\000\000\000\000\000\000\000\000\000\000\000\000\000\000\000\000\000\000\000\000\000\000P\031-}\351f\032\255\274\334m\326c\017\014ao[\342\230\003\245\245\3341Hm\326^\017jy\335\261s!\002\227gv\346\003n\232f\264\2224\366\324\341o\5\217J\337\2771q\223O\025\217G8\235\301fvF0D\002 H\372\211L\3420\013\266~\203\305\351\003\006Q_\234A""\027\373\266\341d;\312\311\204BYbL\002 \013\244\222\207[\017p\375g\356\241V\372\335A/\372o-\345\234\264G9\361\363\020\264\200\331~\370""; "
1750534072940,1750534072940,1412,1,1,3,TMValidation,"validation: """"\200\000\000\001&\000\000\000\003)/\351\3048:7\006\273IhO\034\261Q\264\245)G\023\327P\311\336[\273\333d\336I\305\256\302\316\214\303'\253!\303]\007\314T\207!3P\027\000\000\000\000\000\000\000\000\000\000\000\000\000\000\000\000\000\000\000\000\000\000\000\000\000\000\000\000\000\000\000\000P\031-}\351f\032\255\274\334m\326c\017\014ao[\342\230\003\245\245\3341Hm\326^\017jy\335\261s!\002\227gv\346\003n\232f\264\2224\366\324\341o\5\217J\337\2771q\223O\025\217G8\235\301fvF0D\002 H\372\211L\3420\013\266~\203\305\351\003\006Q_\234A""\027\373\266\341d;\312\311\204BYbL\002 \013\244\222\207[\017p\375g\356\241V\372\335A/\372o-\345\234\264G9\361\363\020\264\200\331~\370""; ","validation: """"\200\000\000\001&\000\000\000\003)/\351\3048:7\006\273IhO\034\261Q\264\245)G\023\327P\311\336[\273\333d\336I\305\256\302\316\214\303'\253!\303]\007\314T\207!3P\027\000\000\000\000\000\000\000\000\000\000\000\000\000\000\000\000\000\000\000\000\000\000\000\000\000\000\000\000\000\000\000\000P\031-}\351f\032\255\274\334m\326c\017\014ao[\342\230\003\245\245\3341Hm\326^\017jy\335\261s!\002\227gv\346\003n\232f\264\2224\366\324\341o\5\217J\337\2771q\223O\025\217G8\235\301fvF0D\002 H\372\211L\3420\013\266~\203\305\351\003\006Q_\234A""\027\373\266\341d;\312\311\204BYbL\002 \013\244\222\207[\017p\375g\356\241V\372\335A/\372o-\345\234\264G9\361\363\020\264\200\331~\370""; "
1750534072940,1750534072940,3986,1,1,2,TMValidation,"validation: """"\200\000\000\001&\000\000\000\003)/\351\3048:7\006\273IhO\034\261Q\264\245)G\023\327P\311\336[\273\333d\336I\305\256\302\316\214\303'\253!\303]\007\314T\207!3P\027\000\000\000\000\000\000\000\000\000\000\000\000\000\000\000\000\000\000\000\000\000\000\000\000\000\000\000\000\000\000\000\000P\031-}\351f\032\255\274\334m\326c\017\014ao[\342\230\003\245\245\3341Hm\326^\017jy\335\261s!\002\227gv\346\003n\232f\264\2224\366\324\341o\5\217J\337\2771q\223O\025\217G8\235\301fvF0D\002 H\372\211L\3420\013\266~\203\305\351\003\006Q_\234A""\027\373\266\341d;\312\311\204BYbL\002 \013\244\222\207[\017p\375g\356\241V\372\335A/\372o-\345\234\264G9\361\363\020\264\200\331~\370""; ","validation: """"\200\000\000\001&\000\000\000\003)/\351\3048:7\006\273IhO\034\261Q\264\245)G\023\327P\311\336[\273\333d\336I\305\256\302\316\214\303'\253!\303]\007\314T\207!3P\027\000\000\000\000\000\000\000\000\000\000\000\000\000\000\000\000\000\000\000\000\000\000\000\000\000\000\000\000\000\000\000\000P\031-}\351f\032\255\274\334m\326c\017\014ao[\342\230\003\245\245\3341Hm\326^\017jy\335\261s!\002\227gv\346\003n\232f\264\2224\366\324\341o\5\217J\337\2771q\223O\025\217G8\235\301fvF0D\002 H\372\211L\3420\013\266~\203\305\351\003\006Q_\234A""\027\373\266\341d;\312\311\204BYbL\002 \013\244\222\207[\017p\375g\356\241V\372\335A/\372o-\345\234\264G9\361\363\020\264\200\331~\370""; "
1750534072949,1750534072950,1804,1,4,3,TMLedgerData,"ledgerHash: ""\264\245)G\023\327P\311\336[\273\333d\336I\305\256\302\316\214\303'\253!\303]\007\314T\207!3""; ledgerSeq: 3; type: liBASE; nodes {;   nodedata: ""\000\000\000\003\001cEx]\212\000\000\375Tb0K\335\321\024\352,O(gj\245\230\256A>\305\303\246k\022Nn\260\272\033\302\024\214\000\000\000\000\000\000\000\000\000\000\000\000\000\000\000\000\000\000\000\000\000\000\000\000\000\000\000\000\000\000\000\000g$\204\311\250\013Gs\341\371\312\3371*\032,\316x\320x\021\202\356\334$\317\017\n\346\264:\274/\351\304""/\351\3046\n\000""; }; nodes {;   nodedata: ""\303\016\021\310<Z\337\266>\225@&n\022\246\274\353\220\345b3\035\313\350L\354\254\002\005\305\035\017\002E\344\037@\210\363\010\336T\226\247'\204_{\261\370""1\235\2445\343\033Y!\212\201\341\272\225'\007\264K\024\3128PB\265\273\374\373\245\020H\200\222\364\344\234\r \033}uf\013\033Gi\367l\263\013\003""; }; ","ledgerHash: ""\264\245)G\023\327P\311\336[\273\333d\336I\305\256\302\316\214\303'\253!\303]\007\314T\207!3""; ledgerSeq: 3; type: liBASE; nodes {;   nodedata: ""\000\000\000\003\001cEx]\212\000\000\375Tb0K\335\321\024\352,O(gj\245\230\256A>\305\303\246k\022Nn\260\272\033\302\024\214\000\000\000\000\000\000\000\000\000\000\000\000\000\000\000\000\000\000\000\000\000\000\000\000\000\000\000\000\000\000\000\000g$\204\311\250\013Gs\341\371\312\3371*\032,\316x\320x\021\202\356\334$\317\017\n\346\264:\274/\351\304""/\351\3046\n\000""; }; nodes {;   nodedata: ""\303\016\021\310<Z\337\266>\225@&n\022\246\274\353\220\345b3\035\313\350L\354\254\002\005\305\035\017\002E\344\037@\210\363\010\336T\226\247'\204_{\261\370""1\235\2445\343\033Y!\212\201\341\272\225'\007\264K\024\3128PB\265\273\374\373\245\020H\200\222\364\344\234\r \033}uf\013\033Gi\367l\263\013\003""; }; "
1750534072965,1750534072965,3863,1,0,4,TMValidation,"validation: """"\200\000\000\001&\000\000\000\003)/\351\3048:o\206g1\341\2401\207Q\264\245)G\023\327P\311\336[\273\333d\336I\305\256\302\316\214\303'\253!\303]\007\314T\207!3P\027\000\000\000\000\000\000\000\000\000\000\000\000\000\000\000\000\000\000\000\000\000\000\000\000\000\000\000\000\000\000\000\000P\031-}\351f\032\255\274\334m\326c\017\014ao[\342\230\003\245\245\3341Hm\326^\017jy\335\261s!\002\031\356p7g\301C\213'\252;p\007\211\345G\223\330\261\277\313\310Pm\016p|\376\310\342\020\261vG0E\002!\000\246\327H\322p\021Ze\367\253Jw\274\211\003\321h/\216\3459\312u\037\274\373,6\227\326H\234\002 \032UU\245\205\216\025\016\000\221\265\270\210mY\342\t\371\020\341""Q\272\014\204\205M\373}\353\201\227""; ","validation: """"\200\000\000\001&\000\000\000\003)/\351\3048:o\206g1\341\2401\207Q\264\245)G\023\327P\311\336[\273\333d\336I\305\256\302\316\214\303'\253!\303]\007\314T\207!3P\027\000\000\000\000\000\000\000\000\000\000\000\000\000\000\000\000\000\000\000\000\000\000\000\000\000\000\000\000\000\000\000\000P\031-}\351f\032\255\274\334m\326c\017\014ao[\342\230\003\245\245\3341Hm\326^\017jy\335\261s!\002\031\356p7g\301C\213'\252;p\007\211\345G\223\330\261\277\313\310Pm\016p|\376\310\342\020\261vG0E\002!\000\246\327H\322p\021Ze\367\253Jw\274\211\003\321h/\216\3459\312u\037\274\373,6\227\326H\234\002 \032UU\245\205\216\025\016\000\221\265\270\210mY\342\t\371\020\341""Q\272\014\204\205M\373}\353\201\227""; "
1750534072966,1750534072966,2776,1,0,3,TMValidation,"validation: """"\200\000\000\001&\000\000\000\003)/\351\3048:o\206g1\341\2401\207Q\264\245)G\023\327P\311\336[\273\333d\336I\305\256\302\316\214\303'\253!\303]\007\314T\207!3P\027\000\000\000\000\000\000\000\000\000\000\000\000\000\000\000\000\000\000\000\000\000\000\000\000\000\000\000\000\000\000\000\000P\031-}\351f\032\255\274\334m\326c\017\014ao[\342\230\003\245\245\3341Hm\326^\017jy\335\261s!\002\031\356p7g\301C\213'\252;p\007\211\345G\223\330\261\277\313\310Pm\016p|\376\310\342\020\261vG0E\002!\000\246\327H\322p\021Ze\367\253Jw\274\211\003\321h/\216\3459\312u\037\274\373,6\227\326H\234\002 \032UU\245\205\216\025\016\000\221\265\270\210mY\342\t\371\020\341""Q\272\014\204\205M\373}\353\201\227""; ","validation: """"\200\000\000\001&\000\000\000\003)/\351\3048:o\206g1\341\2401\207Q\264\245)G\023\327P\311\336[\273\333d\336I\305\256\302\316\214\303'\253!\303]\007\314T\207!3P\027\000\000\000\000\000\000\000\000\000\000\000\000\000\000\000\000\000\000\000\000\000\000\000\000\000\000\000\000\000\000\000\000P\031-}\351f\032\255\274\334m\326c\017\014ao[\342\230\003\245\245\3341Hm\326^\017jy\335\261s!\002\031\356p7g\301C\213'\252;p\007\211\345G\223\330\261\277\313\310Pm\016p|\376\310\342\020\261vG0E\002!\000\246\327H\322p\021Ze\367\253Jw\274\211\003\321h/\216\3459\312u\037\274\373,6\227\326H\234\002 \032UU\245\205\216\025\016\000\221\265\270\210mY\342\t\371\020\341""Q\272\014\204\205M\373}\353\201\227""; "
1750534072965,1750534072966,127,1,0,1,TMValidation,"validation: """"\200\000\000\001&\000\000\000\003)/\351\3048:o\206g1\341\2401\207Q\264\245)G\023\327P\311\336[\273\333d\336I\305\256\302\316\214\303'\253!\303]\007\314T\207!3P\027\000\000\000\000\000\000\000\000\000\000\000\000\000\000\000\000\000\000\000\000\000\000\000\000\000\000\000\000\000\000\000\000P\031-}\351f\032\255\274\334m\326c\017\014ao[\342\230\003\245\245\3341Hm\326^\017jy\335\261s!\002\031\356p7g\301C\213'\252;p\007\211\345G\223\330\261\277\313\310Pm\016p|\376\310\342\020\261vG0E\002!\000\246\327H\322p\021Ze\367\253Jw\274\211\003\321h/\216\3459\312u\037\274\373,6\227\326H\234\002 \032UU\245\205\216\025\016\000\221\265\270\210mY\342\t\371\020\341""Q\272\014\204\205M\373}\353\201\227""; ","validation: """"\200\000\000\001&\000\000\000\003)/\351\3048:o\206g1\341\2401\207Q\264\245)G\023\327P\311\336[\273\333d\336I\305\256\302\316\214\303'\253!\303]\007\314T\207!3P\027\000\000\000\000\000\000\000\000\000\000\000\000\000\000\000\000\000\000\000\000\000\000\000\000\000\000\000\000\000\000\000\000P\031-}\351f\032\255\274\334m\326c\017\014ao[\342\230\003\245\245\3341Hm\326^\017jy\335\261s!\002\031\356p7g\301C\213'\252;p\007\211\345G\223\330\261\277\313\310Pm\016p|\376\310\342\020\261vG0E\002!\000\246\327H\322p\021Ze\367\253Jw\274\211\003\321h/\216\3459\312u\037\274\373,6\227\326H\234\002 \032UU\245\205\216\025\016\000\221\265\270\210mY\342\t\371\020\341""Q\272\014\204\205M\373}\353\201\227""; "
1750534072990,1750534072991,1804,1,4,3,TMLedgerData,"ledgerHash: ""\264\245)G\023\327P\311\336[\273\333d\336I\305\256\302\316\214\303'\253!\303]\007\314T\207!3""; ledgerSeq: 3; type: liBASE; nodes {;   nodedata: ""\000\000\000\003\001cEx]\212\000\000\375Tb0K\335\321\024\352,O(gj\245\230\256A>\305\303\246k\022Nn\260\272\033\302\024\214\000\000\000\000\000\000\000\000\000\000\000\000\000\000\000\000\000\000\000\000\000\000\000\000\000\000\000\000\000\000\000\000g$\204\311\250\013Gs\341\371\312\3371*\032,\316x\320x\021\202\356\334$\317\017\n\346\264:\274/\351\304""/\351\3046\n\000""; }; nodes {;   nodedata: ""\303\016\021\310<Z\337\266>\225@&n\022\246\274\353\220\345b3\035\313\350L\354\254\002\005\305\035\017\002E\344\037@\210\363\010\336T\226\247'\204_{\261\370""1\235\2445\343\033Y!\212\201\341\272\225'\007\264K\024\3128PB\265\273\374\373\245\020H\200\222\364\344\234\r \033}uf\013\033Gi\367l\263\013\003""; }; ","ledgerHash: ""\264\245)G\023\327P\311\336[\273\333d\336I\305\256\302\316\214\303'\253!\303]\007\314T\207!3""; ledgerSeq: 3; type: liBASE; nodes {;   nodedata: ""\000\000\000\003\001cEx]\212\000\000\375Tb0K\335\321\024\352,O(gj\245\230\256A>\305\303\246k\022Nn\260\272\033\302\024\214\000\000\000\000\000\000\000\000\000\000\000\000\000\000\000\000\000\000\000\000\000\000\000\000\000\000\000\000\000\000\000\000g$\204\311\250\013Gs\341\371\312\3371*\032,\316x\320x\021\202\356\334$\317\017\n\346\264:\274/\351\304""/\351\3046\n\000""; }; nodes {;   nodedata: ""\303\016\021\310<Z\337\266>\225@&n\022\246\274\353\220\345b3\035\313\350L\354\254\002\005\305\035\017\002E\344\037@\210\363\010\336T\226\247'\204_{\261\370""1\235\2445\343\033Y!\212\201\341\272\225'\007\264K\024\3128PB\265\273\374\373\245\020H\200\222\364\344\234\r \033}uf\013\033Gi\367l\263\013\003""; }; "
1750534073065,1750534073065,3863,1,0,4,TMValidation,"validation: """"\200\000\000\001&\000\000\000\003)/\351\3048:\2127%d\216O\2029Q\264\245)G\023\327P\311\336[\273\333d\336I\305\256\302\316\214\303'\253!\303]\007\314T\207!3P\027\000\000\000\000\000\000\000\000\000\000\000\000\000\000\000\000\000\000\000\000\000\000\000\000\000\000\000\000\000\000\000\000P\031-}\351f\032\255\274\334m\326c\017\014ao[\342\230\003\245\245\3341Hm\326^\017jy\335\261s!\003\241q\201\005c\265\003\367~\267xq\264\m_\310U\235\3644\246\306\345#""\246\274'%\251)vF0D\002 t`r\307\334\031sN\024\372%\300)I\005?\307""\367Y@i\332Rr;E\234\231++\233\002 x2>\363\177\035 \002\264\032\326\000\311\360(\252\272\031n\026\373\377D$\327I\232\373\201\273r\223""; ","validation: """"\200\000\000\001&\000\000\000\003)/\351\3048:\2127%d\216O\2029Q\264\245)G\023\327P\311\336[\273\333d\336I\305\256\302\316\214\303'\253!\303]\007\314T\207!3P\027\000\000\000\000\000\000\000\000\000\000\000\000\000\000\000\000\000\000\000\000\000\000\000\000\000\000\000\000\000\000\000\000P\031-}\351f\032\255\274\334m\326c\017\014ao[\342\230\003\245\245\3341Hm\326^\017jy\335\261s!\003\241q\201\005c\265\003\367~\267xq\264\m_\310U\235\3644\246\306\345#""\246\274'%\251)vF0D\002 t`r\307\334\031sN\024\372%\300)I\005?\307""\367Y@i\332Rr;E\234\231++\233\002 x2>\363\177\035 \002\264\032\326\000\311\360(\252\272\031n\026\373\377D$\327I\232\373\201\273r\223""; "
1750534073066,1750534073066,2776,1,0,3,TMValidation,"validation: """"\200\000\000\001&\000\000\000\003)/\351\3048:\2127%d\216O\2029Q\264\245)G\023\327P\311\336[\273\333d\336I\305\256\302\316\214\303'\253!\303]\007\314T\207!3P\027\000\000\000\000\000\000\000\000\000\000\000\000\000\000\000\000\000\000\000\000\000\000\000\000\000\000\000\000\000\000\000\000P\031-}\351f\032\255\274\334m\326c\017\014ao[\342\230\003\245\245\3341Hm\326^\017jy\335\261s!\003\241q\201\005c\265\003\367~\267xq\264\m_\310U\235\3644\246\306\345#""\246\274'%\251)vF0D\002 t`r\307\334\031sN\024\372%\300)I\005?\307""\367Y@i\332Rr;E\234\231++\233\002 x2>\363\177\035 \002\264\032\326\000\311\360(\252\272\031n\026\373\377D$\327I\232\373\201\273r\223""; ","validation: """"\200\000\000\001&\000\000\000\003)/\351\3048:\2127%d\216O\2029Q\264\245)G\023\327P\311\336[\273\333d\336I\305\256\302\316\214\303'\253!\303]\007\314T\207!3P\027\000\000\000\000\000\000\000\000\000\000\000\000\000\000\000\000\000\000\000\000\000\000\000\000\000\000\000\000\000\000\000\000P\031-}\351f\032\255\274\334m\326c\017\014ao[\342\230\003\245\245\3341Hm\326^\017jy\335\261s!\003\241q\201\005c\265\003\367~\267xq\264\m_\310U\235\3644\246\306\345#""\246\274'%\251)vF0D\002 t`r\307\334\031sN\024\372%\300)I\005?\307""\367Y@i\332Rr;E\234\231++\233\002 x2>\363\177\035 \002\264\032\326\000\311\360(\252\272\031n\026\373\377D$\327I\232\373\201\273r\223""; "
1750534073066,1750534073066,127,1,0,1,TMValidation,"validation: """"\200\000\000\001&\000\000\000\003)/\351\3048:\2127%d\216O\2029Q\264\245)G\023\327P\311\336[\273\333d\336I\305\256\302\316\214\303'\253!\303]\007\314T\207!3P\027\000\000\000\000\000\000\000\000\000\000\000\000\000\000\000\000\000\000\000\000\000\000\000\000\000\000\000\000\000\000\000\000P\031-}\351f\032\255\274\334m\326c\017\014ao[\342\230\003\245\245\3341Hm\326^\017jy\335\261s!\003\241q\201\005c\265\003\367~\267xq\264\m_\310U\235\3644\246\306\345#""\246\274'%\251)vF0D\002 t`r\307\334\031sN\024\372%\300)I\005?\307""\367Y@i\332Rr;E\234\231++\233\002 x2>\363\177\035 \002\264\032\326\000\311\360(\252\272\031n\026\373\377D$\327I\232\373\201\273r\223""; ","validation: """"\200\000\000\001&\000\000\000\003)/\351\3048:\2127%d\216O\2029Q\264\245)G\023\327P\311\336[\273\333d\336I\305\256\302\316\214\303'\253!\303]\007\314T\207!3P\027\000\000\000\000\000\000\000\000\000\000\000\000\000\000\000\000\000\000\000\000\000\000\000\000\000\000\000\000\000\000\000\000P\031-}\351f\032\255\274\334m\326c\017\014ao[\342\230\003\245\245\3341Hm\326^\017jy\335\261s!\003\241q\201\005c\265\003\367~\267xq\264\m_\310U\235\3644\246\306\345#""\246\274'%\251)vF0D\002 t`r\307\334\031sN\024\372%\300)I\005?\307""\367Y@i\332Rr;E\234\231++\233\002 x2>\363\177\035 \002\264\032\326\000\311\360(\252\272\031n\026\373\377D$\327I\232\373\201\273r\223""; "
1750534073095,1750534073095,1412,1,1,3,TMValidation,"validation: """"\200\000\000\001&\000\000\000\003)/\351\3048:o\206g1\341\2401\207Q\264\245)G\023\327P\311\336[\273\333d\336I\305\256\302\316\214\303'\253!\303]\007\314T\207!3P\027\000\000\000\000\000\000\000\000\000\000\000\000\000\000\000\000\000\000\000\000\000\000\000\000\000\000\000\000\000\000\000\000P\031-}\351f\032\255\274\334m\326c\017\014ao[\342\230\003\245\245\3341Hm\326^\017jy\335\261s!\002\031\356p7g\301C\213'\252;p\007\211\345G\223\330\261\277\313\310Pm\016p|\376\310\342\020\261vG0E\002!\000\246\327H\322p\021Ze\367\253Jw\274\211\003\321h/\216\3459\312u\037\274\373,6\227\326H\234\002 \032UU\245\205\216\025\016\000\221\265\270\210mY\342\t\371\020\341""Q\272\014\204\205M\373}\353\201\227""; ","validation: """"\200\000\000\001&\000\000\000\003)/\351\3048:o\206g1\341\2401\207Q\264\245)G\023\327P\311\336[\273\333d\336I\305\256\302\316\214\303'\253!\303]\007\314T\207!3P\027\000\000\000\000\000\000\000\000\000\000\000\000\000\000\000\000\000\000\000\000\000\000\000\000\000\000\000\000\000\000\000\000P\031-}\351f\032\255\274\334m\326c\017\014ao[\342\230\003\245\245\3341Hm\326^\017jy\335\261s!\002\031\356p7g\301C\213'\252;p\007\211\345G\223\330\261\277\313\310Pm\016p|\376\310\342\020\261vG0E\002!\000\246\327H\322p\021Ze\367\253Jw\274\211\003\321h/\216\3459\312u\037\274\373,6\227\326H\234\002 \032UU\245\205\216\025\016\000\221\265\270\210mY\342\t\371\020\341""Q\272\014\204\205M\373}\353\201\227""; "
1750534073096,1750534073096,3986,1,1,2,TMValidation,"validation: """"\200\000\000\001&\000\000\000\003)/\351\3048:o\206g1\341\2401\207Q\264\245)G\023\327P\311\336[\273\333d\336I\305\256\302\316\214\303'\253!\303]\007\314T\207!3P\027\000\000\000\000\000\000\000\000\000\000\000\000\000\000\000\000\000\000\000\000\000\000\000\000\000\000\000\000\000\000\000\000P\031-}\351f\032\255\274\334m\326c\017\014ao[\342\230\003\245\245\3341Hm\326^\017jy\335\261s!\002\031\356p7g\301C\213'\252;p\007\211\345G\223\330\261\277\313\310Pm\016p|\376\310\342\020\261vG0E\002!\000\246\327H\322p\021Ze\367\253Jw\274\211\003\321h/\216\3459\312u\037\274\373,6\227\326H\234\002 \032UU\245\205\216\025\016\000\221\265\270\210mY\342\t\371\020\341""Q\272\014\204\205M\373}\353\201\227""; ","validation: """"\200\000\000\001&\000\000\000\003)/\351\3048:o\206g1\341\2401\207Q\264\245)G\023\327P\311\336[\273\333d\336I\305\256\302\316\214\303'\253!\303]\007\314T\207!3P\027\000\000\000\000\000\000\000\000\000\000\000\000\000\000\000\000\000\000\000\000\000\000\000\000\000\000\000\000\000\000\000\000P\031-}\351f\032\255\274\334m\326c\017\014ao[\342\230\003\245\245\3341Hm\326^\017jy\335\261s!\002\031\356p7g\301C\213'\252;p\007\211\345G\223\330\261\277\313\310Pm\016p|\376\310\342\020\261vG0E\002!\000\246\327H\322p\021Ze\367\253Jw\274\211\003\321h/\216\3459\312u\037\274\373,6\227\326H\234\002 \032UU\245\205\216\025\016\000\221\265\270\210mY\342\t\371\020\341""Q\272\014\204\205M\373}\353\201\227""; "
1750534073096,1750534073096,1959,1,1,4,TMValidation,"validation: """"\200\000\000\001&\000\000\000\003)/\351\3048:o\206g1\341\2401\207Q\264\245)G\023\327P\311\336[\273\333d\336I\305\256\302\316\214\303'\253!\303]\007\314T\207!3P\027\000\000\000\000\000\000\000\000\000\000\000\000\000\000\000\000\000\000\000\000\000\000\000\000\000\000\000\000\000\000\000\000P\031-}\351f\032\255\274\334m\326c\017\014ao[\342\230\003\245\245\3341Hm\326^\017jy\335\261s!\002\031\356p7g\301C\213'\252;p\007\211\345G\223\330\261\277\313\310Pm\016p|\376\310\342\020\261vG0E\002!\000\246\327H\322p\021Ze\367\253Jw\274\211\003\321h/\216\3459\312u\037\274\373,6\227\326H\234\002 \032UU\245\205\216\025\016\000\221\265\270\210mY\342\t\371\020\341""Q\272\014\204\205M\373}\353\201\227""; ","validation: """"\200\000\000\001&\000\000\000\003)/\351\3048:o\206g1\341\2401\207Q\264\245)G\023\327P\311\336[\273\333d\336I\305\256\302\316\214\303'\253!\303]\007\314T\207!3P\027\000\000\000\000\000\000\000\000\000\000\000\000\000\000\000\000\000\000\000\000\000\000\000\000\000\000\000\000\000\000\000\000P\031-}\351f\032\255\274\334m\326c\017\014ao[\342\230\003\245\245\3341Hm\326^\017jy\335\261s!\002\031\356p7g\301C\213'\252;p\007\211\345G\223\330\261\277\313\310Pm\016p|\376\310\342\020\261vG0E\002!\000\246\327H\322p\021Ze\367\253Jw\274\211\003\321h/\216\3459\312u\037\274\373,6\227\326H\234\002 \032UU\245\205\216\025\016\000\221\265\270\210mY\342\t\371\020\341""Q\272\014\204\205M\373}\353\201\227""; "
1750534073195,1750534073195,1959,1,1,4,TMValidation,"validation: """"\200\000\000\001&\000\000\000\003)/\351\3048:\2127%d\216O\2029Q\264\245)G\023\327P\311\336[\273\333d\336I\305\256\302\316\214\303'\253!\303]\007\314T\207!3P\027\000\000\000\000\000\000\000\000\000\000\000\000\000\000\000\000\000\000\000\000\000\000\000\000\000\000\000\000\000\000\000\000P\031-}\351f\032\255\274\334m\326c\017\014ao[\342\230\003\245\245\3341Hm\326^\017jy\335\261s!\003\241q\201\005c\265\003\367~\267xq\264\m_\310U\235\3644\246\306\345#""\246\274'%\251)vF0D\002 t`r\307\334\031sN\024\372%\300)I\005?\307""\367Y@i\332Rr;E\234\231++\233\002 x2>\363\177\035 \002\264\032\326\000\311\360(\252\272\031n\026\373\377D$\327I\232\373\201\273r\223""; ","validation: """"\200\000\000\001&\000\000\000\003)/\351\3048:\2127%d\216O\2029Q\264\245)G\023\327P\311\336[\273\333d\336I\305\256\302\316\214\303'\253!\303]\007\314T\207!3P\027\000\000\000\000\000\000\000\000\000\000\000\000\000\000\000\000\000\000\000\000\000\000\000\000\000\000\000\000\000\000\000\000P\031-}\351f\032\255\274\334m\326c\017\014ao[\342\230\003\245\245\3341Hm\326^\017jy\335\261s!\003\241q\201\005c\265\003\367~\267xq\264\m_\310U\235\3644\246\306\345#""\246\274'%\251)vF0D\002 t`r\307\334\031sN\024\372%\300)I\005?\307""\367Y@i\332Rr;E\234\231++\233\002 x2>\363\177\035 \002\264\032\326\000\311\360(\252\272\031n\026\373\377D$\327I\232\373\201\273r\223""; "
1750534073195,1750534073196,3986,1,1,2,TMValidation,"validation: """"\200\000\000\001&\000\000\000\003)/\351\3048:\2127%d\216O\2029Q\264\245)G\023\327P\311\336[\273\333d\336I\305\256\302\316\214\303'\253!\303]\007\314T\207!3P\027\000\000\000\000\000\000\000\000\000\000\000\000\000\000\000\000\000\000\000\000\000\000\000\000\000\000\000\000\000\000\000\000P\031-}\351f\032\255\274\334m\326c\017\014ao[\342\230\003\245\245\3341Hm\326^\017jy\335\261s!\003\241q\201\005c\265\003\367~\267xq\264\m_\310U\235\3644\246\306\345#""\246\274'%\251)vF0D\002 t`r\307\334\031sN\024\372%\300)I\005?\307""\367Y@i\332Rr;E\234\231++\233\002 x2>\363\177\035 \002\264\032\326\000\311\360(\252\272\031n\026\373\377D$\327I\232\373\201\273r\223""; ","validation: """"\200\000\000\001&\000\000\000\003)/\351\3048:\2127%d\216O\2029Q\264\245)G\023\327P\311\336[\273\333d\336I\305\256\302\316\214\303'\253!\303]\007\314T\207!3P\027\000\000\000\000\000\000\000\000\000\000\000\000\000\000\000\000\000\000\000\000\000\000\000\000\000\000\000\000\000\000\000\000P\031-}\351f\032\255\274\334m\326c\017\014ao[\342\230\003\245\245\3341Hm\326^\017jy\335\261s!\003\241q\201\005c\265\003\367~\267xq\264\m_\310U\235\3644\246\306\345#""\246\274'%\251)vF0D\002 t`r\307\334\031sN\024\372%\300)I\005?\307""\367Y@i\332Rr;E\234\231++\233\002 x2>\363\177\035 \002\264\032\326\000\311\360(\252\272\031n\026\373\377D$\327I\232\373\201\273r\223""; "
1750534073196,1750534073196,1412,1,1,3,TMValidation,"validation: """"\200\000\000\001&\000\000\000\003)/\351\3048:\2127%d\216O\2029Q\264\245)G\023\327P\311\336[\273\333d\336I\305\256\302\316\214\303'\253!\303]\007\314T\207!3P\027\000\000\000\000\000\000\000\000\000\000\000\000\000\000\000\000\000\000\000\000\000\000\000\000\000\000\000\000\000\000\000\000P\031-}\351f\032\255\274\334m\326c\017\014ao[\342\230\003\245\245\3341Hm\326^\017jy\335\261s!\003\241q\201\005c\265\003\367~\267xq\264\m_\310U\235\3644\246\306\345#""\246\274'%\251)vF0D\002 t`r\307\334\031sN\024\372%\300)I\005?\307""\367Y@i\332Rr;E\234\231++\233\002 x2>\363\177\035 \002\264\032\326\000\311\360(\252\272\031n\026\373\377D$\327I\232\373\201\273r\223""; ","validation: """"\200\000\000\001&\000\000\000\003)/\351\3048:\2127%d\216O\2029Q\264\245)G\023\327P\311\336[\273\333d\336I\305\256\302\316\214\303'\253!\303]\007\314T\207!3P\027\000\000\000\000\000\000\000\000\000\000\000\000\000\000\000\000\000\000\000\000\000\000\000\000\000\000\000\000\000\000\000\000P\031-}\351f\032\255\274\334m\326c\017\014ao[\342\230\003\245\245\3341Hm\326^\017jy\335\261s!\003\241q\201\005c\265\003\367~\267xq\264\m_\310U\235\3644\246\306\345#""\246\274'%\251)vF0D\002 t`r\307\334\031sN\024\372%\300)I\005?\307""\367Y@i\332Rr;E\234\231++\233\002 x2>\363\177\035 \002\264\032\326\000\311\360(\252\272\031n\026\373\377D$\327I\232\373\201\273r\223""; "
1750534073240,1750534073240,2776,1,0,3,TMValidation,"validation: """"\200\000\000\001&\000\000\000\003)/\351\3048:\001\317\351\3603A\3522Q\264\245)G\023\327P\311\336[\273\333d\336I\305\256\302\316\214\303'\253!\303]\007\314T\207!3P\027\000\000\000\000\000\000\000\000\000\000\000\000\000\000\000\000\000\000\000\000\000\000\000\000\000\000\000\000\000\000\000\000P\031-}\351f\032\255\274\334m\326c\017\014ao[\342\230\003\245\245\3341Hm\326^\017jy\335\261s!\003)\036\227\370\t\264\235\206\317\234B\n\230/\375\257\335fo\253d\026_\357K\336\020\302\356\323\222\376vG0E\002!\000\357t\027\026l'\332s!\376T\205\251E>>\001\367\241Zj[vB\213\3104\253\r\206w\234\002 R:\031y\251\317\371b\342J\276\tpX\376'\t\347\020]\215\n\234\310\312Su\232t<>2""; ","validation: """"\200\000\000\001&\000\000\000\003)/\351\3048:\001\317\351\3603A\3522Q\264\245)G\023\327P\311\336[\273\333d\336I\305\256\302\316\214\303'\253!\303]\007\314T\207!3P\027\000\000\000\000\000\000\000\000\000\000\000\000\000\000\000\000\000\000\000\000\000\000\000\000\000\000\000\000\000\000\000\000P\031-}\351f\032\255\274\334m\326c\017\014ao[\342\230\003\245\245\3341Hm\326^\017jy\335\261s!\003)\036\227\370\t\264\235\206\317\234B\n\230/\375\257\335fo\253d\026_\357K\336\020\302\356\323\222\376vG0E\002!\000\357t\027\026l'\332s!\376T\205\251E>>\001\367\241Zj[vB\213\3104\253\r\206w\234\002 R:\031y\251\317\371b\342J\276\tpX\376'\t\347\020]\215\n\234\310\312Su\232t<>2""; "
1750534073242,1750534073242,3863,1,0,4,TMValidation,"validation: """"\200\000\000\001&\000\000\000\003)/\351\3048:\001\317\351\3603A\3522Q\264\245)G\023\327P\311\336[\273\333d\336I\305\256\302\316\214\303'\253!\303]\007\314T\207!3P\027\000\000\000\000\000\000\000\000\000\000\000\000\000\000\000\000\000\000\000\000\000\000\000\000\000\000\000\000\000\000\000\000P\031-}\351f\032\255\274\334m\326c\017\014ao[\342\230\003\245\245\3341Hm\326^\017jy\335\261s!\003)\036\227\370\t\264\235\206\317\234B\n\230/\375\257\335fo\253d\026_\357K\336\020\302\356\323\222\376vG0E\002!\000\357t\027\026l'\332s!\376T\205\251E>>\001\367\241Zj[vB\213\3104\253\r\206w\234\002 R:\031y\251\317\371b\342J\276\tpX\376'\t\347\020]\215\n\234\310\312Su\232t<>2""; ","validation: """"\200\000\000\001&\000\000\000\003)/\351\3048:\001\317\351\3603A\3522Q\264\245)G\023\327P\311\336[\273\333d\336I\305\256\302\316\214\303'\253!\303]\007\314T\207!3P\027\000\000\000\000\000\000\000\000\000\000\000\000\000\000\000\000\000\000\000\000\000\000\000\000\000\000\000\000\000\000\000\000P\031-}\351f\032\255\274\334m\326c\017\014ao[\342\230\003\245\245\3341Hm\326^\017jy\335\261s!\003)\036\227\370\t\264\235\206\317\234B\n\230/\375\257\335fo\253d\026_\357K\336\020\302\356\323\222\376vG0E\002!\000\357t\027\026l'\332s!\376T\205\251E>>\001\367\241Zj[vB\213\3104\253\r\206w\234\002 R:\031y\251\317\371b\342J\276\tpX\376'\t\347\020]\215\n\234\310\312Su\232t<>2""; "
1750534073242,1750534073242,1927,1,0,2,TMValidation,"validation: """"\200\000\000\001&\000\000\000\003)/\351\3048:\001\317\351\3603A\3522Q\264\245)G\023\327P\311\336[\273\333d\336I\305\256\302\316\214\303'\253!\303]\007\314T\207!3P\027\000\000\000\000\000\000\000\000\000\000\000\000\000\000\000\000\000\000\000\000\000\000\000\000\000\000\000\000\000\000\000\000P\031-}\351f\032\255\274\334m\326c\017\014ao[\342\230\003\245\245\3341Hm\326^\017jy\335\261s!\003)\036\227\370\t\264\235\206\317\234B\n\230/\375\257\335fo\253d\026_\357K\336\020\302\356\323\222\376vG0E\002!\000\357t\027\026l'\332s!\376T\205\251E>>\001\367\241Zj[vB\213\3104\253\r\206w\234\002 R:\031y\251\317\371b\342J\276\tpX\376'\t\347\020]\215\n\234\310\312Su\232t<>2""; ","validation: """"\200\000\000\001&\000\000\000\003)/\351\3048:\001\317\351\3603A\3522Q\264\245)G\023\327P\311\336[\273\333d\336I\305\256\302\316\214\303'\253!\303]\007\314T\207!3P\027\000\000\000\000\000\000\000\000\000\000\000\000\000\000\000\000\000\000\000\000\000\000\000\000\000\000\000\000\000\000\000\000P\031-}\351f\032\255\274\334m\326c\017\014ao[\342\230\003\245\245\3341Hm\326^\017jy\335\261s!\003)\036\227\370\t\264\235\206\317\234B\n\230/\375\257\335fo\253d\026_\357K\336\020\302\356\323\222\376vG0E\002!\000\357t\027\026l'\332s!\376T\205\251E>>\001\367\241Zj[vB\213\3104\253\r\206w\234\002 R:\031y\251\317\371b\342J\276\tpX\376'\t\347\020]\215\n\234\310\312Su\232t<>2""; "
1750534073456,1750534073456,1643,1,2,4,TMProposeSet,"proposeSeq: 0; currentTxHash: ""\000\000\000\000\000\000\000\000\000\000\000\000\000\000\000\000\000\000\000\000\000\000\000\000\000\000\000\000\000\000\000\000""; nodePubKey: ""\002\031\356p7g\301C\213'\252;p\007\211\345G\223\330\261\277\313\310Pm\016p|\376\310\342\020\261""; closeTime: 803849273; signature: ""0D\002 [\335?zTM3\252b\314J7\272\213B\310\245H_\266{\202\026[Ff*X\366\314\375\314\002 \030\237b\364\261a\211\301^\341)\374g2g\362f\270\262\235\r\361\210{\324\344\\216\\264~\323""; previousledger: ""\264\245)G\023\327P\311\336[\273\333d\336I\305\256\302\316\214\303'\253!\303]\007\314T\207!3""; ","proposeSeq: 0; currentTxHash: ""\000\000\000\000\000\000\000\000\000\000\000\000\000\000\000\000\000\000\000\000\000\000\000\000\000\000\000\000\000\000\000\000""; nodePubKey: ""\002\031\356p7g\301C\213'\252;p\007\211\345G\223\330\261\277\313\310Pm\016p|\376\310\342\020\261""; closeTime: 803849273; signature: ""0D\002 [\335?zTM3\252b\314J7\272\213B\310\245H_\266{\202\026[Ff*X\366\314\375\314\002 \030\237b\364\261a\211\301^\341)\374g2g\362f\270\262\235\r\361\210{\324\344\\216\\264~\323""; previousledger: ""\264\245)G\023\327P\311\336[\273\333d\336I\305\256\302\316\214\303'\253!\303]\007\314T\207!3""; "
1750534073456,1750534073456,1165,1,2,1,TMProposeSet,"proposeSeq: 0; currentTxHash: ""\000\000\000\000\000\000\000\000\000\000\000\000\000\000\000\000\000\000\000\000\000\000\000\000\000\000\000\000\000\000\000\000""; nodePubKey: ""\002\031\356p7g\301C\213'\252;p\007\211\345G\223\330\261\277\313\310Pm\016p|\376\310\342\020\261""; closeTime: 803849273; signature: ""0D\002 [\335?zTM3\252b\314J7\272\213B\310\245H_\266{\202\026[Ff*X\366\314\375\314\002 \030\237b\364\261a\211\301^\341)\374g2g\362f\270\262\235\r\361\210{\324\344\\216\\264~\323""; previousledger: ""\264\245)G\023\327P\311\336[\273\333d\336I\305\256\302\316\214\303'\253!\303]\007\314T\207!3""; ","proposeSeq: 0; currentTxHash: ""\000\000\000\000\000\000\000\000\000\000\000\000\000\000\000\000\000\000\000\000\000\000\000\000\000\000\000\000\000\000\000\000""; nodePubKey: ""\002\031\356p7g\301C\213'\252;p\007\211\345G\223\330\261\277\313\310Pm\016p|\376\310\342\020\261""; closeTime: 803849273; signature: ""0D\002 [\335?zTM3\252b\314J7\272\213B\310\245H_\266{\202\026[Ff*X\366\314\375\314\002 \030\237b\364\261a\211\301^\341)\374g2g\362f\270\262\235\r\361\210{\324\344\\216\\264~\323""; previousledger: ""\264\245)G\023\327P\311\336[\273\333d\336I\305\256\302\316\214\303'\253!\303]\007\314T\207!3""; "
1750534073459,1750534073459,2401,1,2,0,TMProposeSet,"proposeSeq: 0; currentTxHash: ""\000\000\000\000\000\000\000\000\000\000\000\000\000\000\000\000\000\000\000\000\000\000\000\000\000\000\000\000\000\000\000\000""; nodePubKey: ""\002\031\356p7g\301C\213'\252;p\007\211\345G\223\330\261\277\313\310Pm\016p|\376\310\342\020\261""; closeTime: 803849273; signature: ""0D\002 [\335?zTM3\252b\314J7\272\213B\310\245H_\266{\202\026[Ff*X\366\314\375\314\002 \030\237b\364\261a\211\301^\341)\374g2g\362f\270\262\235\r\361\210{\324\344\\216\\264~\323""; previousledger: ""\264\245)G\023\327P\311\336[\273\333d\336I\305\256\302\316\214\303'\253!\303]\007\314T\207!3""; ","proposeSeq: 0; currentTxHash: ""\000\000\000\000\000\000\000\000\000\000\000\000\000\000\000\000\000\000\000\000\000\000\000\000\000\000\000\000\000\000\000\000""; nodePubKey: ""\002\031\356p7g\301C\213'\252;p\007\211\345G\223\330\261\277\313\310Pm\016p|\376\310\342\020\261""; closeTime: 803849273; signature: ""0D\002 [\335?zTM3\252b\314J7\272\213B\310\245H_\266{\202\026[Ff*X\366\314\375\314\002 \030\237b\364\261a\211\301^\341)\374g2g\362f\270\262\235\r\361\210{\324\344\\216\\264~\323""; previousledger: ""\264\245)G\023\327P\311\336[\273\333d\336I\305\256\302\316\214\303'\253!\303]\007\314T\207!3""; "
1750534073464,1750534073464,606,1,2,3,TMProposeSet,"proposeSeq: 0; currentTxHash: ""\000\000\000\000\000\000\000\000\000\000\000\000\000\000\000\000\000\000\000\000\000\000\000\000\000\000\000\000\000\000\000\000""; nodePubKey: ""\002\031\356p7g\301C\213'\252;p\007\211\345G\223\330\261\277\313\310Pm\016p|\376\310\342\020\261""; closeTime: 803849273; signature: ""0D\002 [\335?zTM3\252b\314J7\272\213B\310\245H_\266{\202\026[Ff*X\366\314\375\314\002 \030\237b\364\261a\211\301^\341)\374g2g\362f\270\262\235\r\361\210{\324\344\\216\\264~\323""; previousledger: ""\264\245)G\023\327P\311\336[\273\333d\336I\305\256\302\316\214\303'\253!\303]\007\314T\207!3""; ","proposeSeq: 0; currentTxHash: ""\000\000\000\000\000\000\000\000\000\000\000\000\000\000\000\000\000\000\000\000\000\000\000\000\000\000\000\000\000\000\000\000""; nodePubKey: ""\002\031\356p7g\301C\213'\252;p\007\211\345G\223\330\261\277\313\310Pm\016p|\376\310\342\020\261""; closeTime: 803849273; signature: ""0D\002 [\335?zTM3\252b\314J7\272\213B\310\245H_\266{\202\026[Ff*X\366\314\375\314\002 \030\237b\364\261a\211\301^\341)\374g2g\362f\270\262\235\r\361\210{\324\344\\216\\264~\323""; previousledger: ""\264\245)G\023\327P\311\336[\273\333d\336I\305\256\302\316\214\303'\253!\303]\007\314T\207!3""; "
1750534073604,1750534073604,2364,1,3,4,TMProposeSet,"proposeSeq: 0; currentTxHash: ""\000\000\000\000\000\000\000\000\000\000\000\000\000\000\000\000\000\000\000\000\000\000\000\000\000\000\000\000\000\000\000\000""; nodePubKey: ""\003\246\253M+\327\254x)\270\216\311K-\350#\234\005\242\246\352}{iSd\374\322d\355G\010\240""; closeTime: 803849273; signature: ""0D\002 K\335\323\177#\233\3013Y\373\306:\374PoW\216\272a[Ne\346U\372\220\212|o\246{4\002 6 ZRs6\206\235\267oR\334\225i\253\332\232\rtK4:9j\216\353\t\277i\256q\303""; previousledger: ""\264\245)G\023\327P\311\336[\273\333d\336I\305\256\302\316\214\303'\253!\303]\007\314T\207!3""; ","proposeSeq: 0; currentTxHash: ""\000\000\000\000\000\000\000\000\000\000\000\000\000\000\000\000\000\000\000\000\000\000\000\000\000\000\000\000\000\000\000\000""; nodePubKey: ""\003\246\253M+\327\254x)\270\216\311K-\350#\234\005\242\246\352}{iSd\374\322d\355G\010\240""; closeTime: 803849273; signature: ""0D\002 K\335\323\177#\233\3013Y\373\306:\374PoW\216\272a[Ne\346U\372\220\212|o\246{4\002 6 ZRs6\206\235\267oR\334\225i\253\332\232\rtK4:9j\216\353\t\277i\256q\303""; previousledger: ""\264\245)G\023\327P\311\336[\273\333d\336I\305\256\302\316\214\303'\253!\303]\007\314T\207!3""; "
1750534073606,1750534073606,1696,1,3,0,TMProposeSet,"proposeSeq: 0; currentTxHash: ""\000\000\000\000\000\000\000\000\000\000\000\000\000\000\000\000\000\000\000\000\000\000\000\000\000\000\000\000\000\000\000\000""; nodePubKey: ""\003\246\253M+\327\254x)\270\216\311K-\350#\234\005\242\246\352}{iSd\374\322d\355G\010\240""; closeTime: 803849273; signature: ""0D\002 K\335\323\177#\233\3013Y\373\306:\374PoW\216\272a[Ne\346U\372\220\212|o\246{4\002 6 ZRs6\206\235\267oR\334\225i\253\332\232\rtK4:9j\216\353\t\277i\256q\303""; previousledger: ""\264\245)G\023\327P\311\336[\273\333d\336I\305\256\302\316\214\303'\253!\303]\007\314T\207!3""; ","proposeSeq: 0; currentTxHash: ""\000\000\000\000\000\000\000\000\000\000\000\000\000\000\000\000\000\000\000\000\000\000\000\000\000\000\000\000\000\000\000\000""; nodePubKey: ""\003\246\253M+\327\254x)\270\216\311K-\350#\234\005\242\246\352}{iSd\374\322d\355G\010\240""; closeTime: 803849273; signature: ""0D\002 K\335\323\177#\233\3013Y\373\306:\374PoW\216\272a[Ne\346U\372\220\212|o\246{4\002 6 ZRs6\206\235\267oR\334\225i\253\332\232\rtK4:9j\216\353\t\277i\256q\303""; previousledger: ""\264\245)G\023\327P\311\336[\273\333d\336I\305\256\302\316\214\303'\253!\303]\007\314T\207!3""; "
1750534073607,1750534073607,2898,1,3,2,TMProposeSet,"proposeSeq: 0; currentTxHash: ""\000\000\000\000\000\000\000\000\000\000\000\000\000\000\000\000\000\000\000\000\000\000\000\000\000\000\000\000\000\000\000\000""; nodePubKey: ""\003\246\253M+\327\254x)\270\216\311K-\350#\234\005\242\246\352}{iSd\374\322d\355G\010\240""; closeTime: 803849273; signature: ""0D\002 K\335\323\177#\233\3013Y\373\306:\374PoW\216\272a[Ne\346U\372\220\212|o\246{4\002 6 ZRs6\206\235\267oR\334\225i\253\332\232\rtK4:9j\216\353\t\277i\256q\303""; previousledger: ""\264\245)G\023\327P\311\336[\273\333d\336I\305\256\302\316\214\303'\253!\303]\007\314T\207!3""; ","proposeSeq: 0; currentTxHash: ""\000\000\000\000\000\000\000\000\000\000\000\000\000\000\000\000\000\000\000\000\000\000\000\000\000\000\000\000\000\000\000\000""; nodePubKey: ""\003\246\253M+\327\254x)\270\216\311K-\350#\234\005\242\246\352}{iSd\374\322d\355G\010\240""; closeTime: 803849273; signature: ""0D\002 K\335\323\177#\233\3013Y\373\306:\374PoW\216\272a[Ne\346U\372\220\212|o\246{4\002 6 ZRs6\206\235\267oR\334\225i\253\332\232\rtK4:9j\216\353\t\277i\256q\303""; previousledger: ""\264\245)G\023\327P\311\336[\273\333d\336I\305\256\302\316\214\303'\253!\303]\007\314T\207!3""; "
1750534073607,1750534073607,2365,1,3,1,TMProposeSet,"proposeSeq: 0; currentTxHash: ""\000\000\000\000\000\000\000\000\000\000\000\000\000\000\000\000\000\000\000\000\000\000\000\000\000\000\000\000\000\000\000\000""; nodePubKey: ""\003\246\253M+\327\254x)\270\216\311K-\350#\234\005\242\246\352}{iSd\374\322d\355G\010\240""; closeTime: 803849273; signature: ""0D\002 K\335\323\177#\233\3013Y\373\306:\374PoW\216\272a[Ne\346U\372\220\212|o\246{4\002 6 ZRs6\206\235\267oR\334\225i\253\332\232\rtK4:9j\216\353\t\277i\256q\303""; previousledger: ""\264\245)G\023\327P\311\336[\273\333d\336I\305\256\302\316\214\303'\253!\303]\007\314T\207!3""; ","proposeSeq: 0; currentTxHash: ""\000\000\000\000\000\000\000\000\000\000\000\000\000\000\000\000\000\000\000\000\000\000\000\000\000\000\000\000\000\000\000\000""; nodePubKey: ""\003\246\253M+\327\254x)\270\216\311K-\350#\234\005\242\246\352}{iSd\374\322d\355G\010\240""; closeTime: 803849273; signature: ""0D\002 K\335\323\177#\233\3013Y\373\306:\374PoW\216\272a[Ne\346U\372\220\212|o\246{4\002 6 ZRs6\206\235\267oR\334\225i\253\332\232\rtK4:9j\216\353\t\277i\256q\303""; previousledger: ""\264\245)G\023\327P\311\336[\273\333d\336I\305\256\302\316\214\303'\253!\303]\007\314T\207!3""; "
1750534073398,1750534073680,3634,1,2,4,TMStatusChange,"newEvent: neCLOSING_LEDGER; ledgerSeq: 3; ledgerHash: ""\264\245)G\023\327P\311\336[\273\333d\336I\305\256\302\316\214\303'\253!\303]\007\314T\207!3""; ledgerHashPrevious: ""\375Tb0K\335\321\024\352,O(gj\245\230\256A>\305\303\246k\022Nn\260\272\033\302\024\214""; networkTime: 803849273; firstSeq: 1; lastSeq: 3; ","newEvent: neCLOSING_LEDGER; ledgerSeq: 3; ledgerHash: ""\264\245)G\023\327P\311\336[\273\333d\336I\305\256\302\316\214\303'\253!\303]\007\314T\207!3""; ledgerHashPrevious: ""\375Tb0K\335\321\024\352,O(gj\245\230\256A>\305\303\246k\022Nn\260\272\033\302\024\214""; networkTime: 803849273; firstSeq: 1; lastSeq: 3; "
1750534073461,1750534073682,2100,1,2,3,TMStatusChange,"newEvent: neCLOSING_LEDGER; ledgerSeq: 3; ledgerHash: ""\264\245)G\023\327P\311\336[\273\333d\336I\305\256\302\316\214\303'\253!\303]\007\314T\207!3""; ledgerHashPrevious: ""\375Tb0K\335\321\024\352,O(gj\245\230\256A>\305\303\246k\022Nn\260\272\033\302\024\214""; networkTime: 803849273; firstSeq: 1; lastSeq: 3; ","newEvent: neCLOSING_LEDGER; ledgerSeq: 3; ledgerHash: ""\264\245)G\023\327P\311\336[\273\333d\336I\305\256\302\316\214\303'\253!\303]\007\314T\207!3""; ledgerHashPrevious: ""\375Tb0K\335\321\024\352,O(gj\245\230\256A>\305\303\246k\022Nn\260\272\033\302\024\214""; networkTime: 803849273; firstSeq: 1; lastSeq: 3; "
1750534073459,1750534073681,2653,1,2,0,TMStatusChange,"newEvent: neCLOSING_LEDGER; ledgerSeq: 3; ledgerHash: ""\264\245)G\023\327P\311\336[\273\333d\336I\305\256\302\316\214\303'\253!\303]\007\314T\207!3""; ledgerHashPrevious: ""\375Tb0K\335\321\024\352,O(gj\245\230\256A>\305\303\246k\022Nn\260\272\033\302\024\214""; networkTime: 803849273; firstSeq: 1; lastSeq: 3; ","newEvent: neCLOSING_LEDGER; ledgerSeq: 3; ledgerHash: ""\264\245)G\023\327P\311\336[\273\333d\336I\305\256\302\316\214\303'\253!\303]\007\314T\207!3""; ledgerHashPrevious: ""\375Tb0K\335\321\024\352,O(gj\245\230\256A>\305\303\246k\022Nn\260\272\033\302\024\214""; networkTime: 803849273; firstSeq: 1; lastSeq: 3; "
1750534073458,1750534073681,188,1,2,1,TMStatusChange,"newEvent: neCLOSING_LEDGER; ledgerSeq: 3; ledgerHash: ""\264\245)G\023\327P\311\336[\273\333d\336I\305\256\302\316\214\303'\253!\303]\007\314T\207!3""; ledgerHashPrevious: ""\375Tb0K\335\321\024\352,O(gj\245\230\256A>\305\303\246k\022Nn\260\272\033\302\024\214""; networkTime: 803849273; firstSeq: 1; lastSeq: 3; ","newEvent: neCLOSING_LEDGER; ledgerSeq: 3; ledgerHash: ""\264\245)G\023\327P\311\336[\273\333d\336I\305\256\302\316\214\303'\253!\303]\007\314T\207!3""; ledgerHashPrevious: ""\375Tb0K\335\321\024\352,O(gj\245\230\256A>\305\303\246k\022Nn\260\272\033\302\024\214""; networkTime: 803849273; firstSeq: 1; lastSeq: 3; "
1750534073690,1750534073690,747,1,1,0,TMProposeSet,"proposeSeq: 0; currentTxHash: ""\000\000\000\000\000\000\000\000\000\000\000\000\000\000\000\000\000\000\000\000\000\000\000\000\000\000\000\000\000\000\000\000""; nodePubKey: ""\003)\036\227\370\t\264\235\206\317\234B\n\230/\375\257\335fo\253d\026_\357K\336\020\302\356\323\222\376""; closeTime: 803849273; signature: ""0D\002 \033\263.\240R\014\032\230\020m\360\350rg\210xu\273\030\367H\247\341\255W-\006 \t\374\243\372\002 \036\302\267r\346\247\272\017\030\370\214\363]\213e?V\335\001\320\240\334)5cdd\003\246v\321f""; previousledger: ""\264\245)G\023\327P\311\336[\273\333d\336I\305\256\302\316\214\303'\253!\303]\007\314T\207!3""; ","proposeSeq: 0; currentTxHash: ""\000\000\000\000\000\000\000\000\000\000\000\000\000\000\000\000\000\000\000\000\000\000\000\000\000\000\000\000\000\000\000\000""; nodePubKey: ""\003)\036\227\370\t\264\235\206\317\234B\n\230/\375\257\335fo\253d\026_\357K\336\020\302\356\323\222\376""; closeTime: 803849273; signature: ""0D\002 \033\263.\240R\014\032\230\020m\360\350rg\210xu\273\030\367H\247\341\255W-\006 \t\374\243\372\002 \036\302\267r\346\247\272\017\030\370\214\363]\213e?V\335\001\320\240\334)5cdd\003\246v\321f""; previousledger: ""\264\245)G\023\327P\311\336[\273\333d\336I\305\256\302\316\214\303'\253!\303]\007\314T\207!3""; "
1750534073691,1750534073691,2750,1,1,3,TMProposeSet,"proposeSeq: 0; currentTxHash: ""\000\000\000\000\000\000\000\000\000\000\000\000\000\000\000\000\000\000\000\000\000\000\000\000\000\000\000\000\000\000\000\000""; nodePubKey: ""\003)\036\227\370\t\264\235\206\317\234B\n\230/\375\257\335fo\253d\026_\357K\336\020\302\356\323\222\376""; closeTime: 803849273; signature: ""0D\002 \033\263.\240R\014\032\230\020m\360\350rg\210xu\273\030\367H\247\341\255W-\006 \t\374\243\372\002 \036\302\267r\346\247\272\017\030\370\214\363]\213e?V\335\001\320\240\334)5cdd\003\246v\321f""; previousledger: ""\264\245)G\023\327P\311\336[\273\333d\336I\305\256\302\316\214\303'\253!\303]\007\314T\207!3""; ","proposeSeq: 0; currentTxHash: ""\000\000\000\000\000\000\000\000\000\000\000\000\000\000\000\000\000\000\000\000\000\000\000\000\000\000\000\000\000\000\000\000""; nodePubKey: ""\003)\036\227\370\t\264\235\206\317\234B\n\230/\375\257\335fo\253d\026_\357K\336\020\302\356\323\222\376""; closeTime: 803849273; signature: ""0D\002 \033\263.\240R\014\032\230\020m\360\350rg\210xu\273\030\367H\247\341\255W-\006 \t\374\243\372\002 \036\302\267r\346\247\272\017\030\370\214\363]\213e?V\335\001\320\240\334)5cdd\003\246v\321f""; previousledger: ""\264\245)G\023\327P\311\336[\273\333d\336I\305\256\302\316\214\303'\253!\303]\007\314T\207!3""; "
1750534073692,1750534073692,1191,1,1,2,TMProposeSet,"proposeSeq: 0; currentTxHash: ""\000\000\000\000\000\000\000\000\000\000\000\000\000\000\000\000\000\000\000\000\000\000\000\000\000\000\000\000\000\000\000\000""; nodePubKey: ""\003)\036\227\370\t\264\235\206\317\234B\n\230/\375\257\335fo\253d\026_\357K\336\020\302\356\323\222\376""; closeTime: 803849273; signature: ""0D\002 \033\263.\240R\014\032\230\020m\360\350rg\210xu\273\030\367H\247\341\255W-\006 \t\374\243\372\002 \036\302\267r\346\247\272\017\030\370\214\363]\213e?V\335\001\320\240\334)5cdd\003\246v\321f""; previousledger: ""\264\245)G\023\327P\311\336[\273\333d\336I\305\256\302\316\214\303'\253!\303]\007\314T\207!3""; ","proposeSeq: 0; currentTxHash: ""\000\000\000\000\000\000\000\000\000\000\000\000\000\000\000\000\000\000\000\000\000\000\000\000\000\000\000\000\000\000\000\000""; nodePubKey: ""\003)\036\227\370\t\264\235\206\317\234B\n\230/\375\257\335fo\253d\026_\357K\336\020\302\356\323\222\376""; closeTime: 803849273; signature: ""0D\002 \033\263.\240R\014\032\230\020m\360\350rg\210xu\273\030\367H\247\341\255W-\006 \t\374\243\372\002 \036\302\267r\346\247\272\017\030\370\214\363]\213e?V\335\001\320\240\334)5cdd\003\246v\321f""; previousledger: ""\264\245)G\023\327P\311\336[\273\333d\336I\305\256\302\316\214\303'\253!\303]\007\314T\207!3""; "
1750534073730,1750534073730,391,1,1,4,TMProposeSet,"proposeSeq: 0; currentTxHash: ""\000\000\000\000\000\000\000\000\000\000\000\000\000\000\000\000\000\000\000\000\000\000\000\000\000\000\000\000\000\000\000\000""; nodePubKey: ""\003)\036\227\370\t\264\235\206\317\234B\n\230/\375\257\335fo\253d\026_\357K\336\020\302\356\323\222\376""; closeTime: 803849273; signature: ""0D\002 \033\263.\240R\014\032\230\020m\360\350rg\210xu\273\030\367H\247\341\255W-\006 \t\374\243\372\002 \036\302\267r\346\247\272\017\030\370\214\363]\213e?V\335\001\320\240\334)5cdd\003\246v\321f""; previousledger: ""\264\245)G\023\327P\311\336[\273\333d\336I\305\256\302\316\214\303'\253!\303]\007\314T\207!3""; ","proposeSeq: 0; currentTxHash: ""\000\000\000\000\000\000\000\000\000\000\000\000\000\000\000\000\000\000\000\000\000\000\000\000\000\000\000\000\000\000\000\000""; nodePubKey: ""\003)\036\227\370\t\264\235\206\317\234B\n\230/\375\257\335fo\253d\026_\357K\336\020\302\356\323\222\376""; closeTime: 803849273; signature: ""0D\002 \033\263.\240R\014\032\230\020m\360\350rg\210xu\273\030\367H\247\341\255W-\006 \t\374\243\372\002 \036\302\267r\346\247\272\017\030\370\214\363]\213e?V\335\001\320\240\334)5cdd\003\246v\321f""; previousledger: ""\264\245)G\023\327P\311\336[\273\333d\336I\305\256\302\316\214\303'\253!\303]\007\314T\207!3""; "
1750534073769,1750534073769,3754,1,0,4,TMProposeSet,"proposeSeq: 0; currentTxHash: ""\000\000\000\000\000\000\000\000\000\000\000\000\000\000\000\000\000\000\000\000\000\000\000\000\000\000\000\000\000\000\000\000""; nodePubKey: ""\002\227gv\346\003n\232f\264\2224\366\324\341o\5\217J\337\2771q\223O\025\217G8\235\301f""; closeTime: 803849273; signature: ""0D\002 t\371\017\215\303\241~\220\326\312\230\255\r\223Q\363\r\204J\265\r\r\230\225\364\252\276\226\340v6y\002 l\250\267\007>\346\2109,T\330\345\367\006y\317F5\265\315\227\302\026b\336[\351\037\352\374\263\322""; previousledger: ""\264\245)G\023\327P\311\336[\273\333d\336I\305\256\302\316\214\303'\253!\303]\007\314T\207!3""; ","proposeSeq: 0; currentTxHash: ""\000\000\000\000\000\000\000\000\000\000\000\000\000\000\000\000\000\000\000\000\000\000\000\000\000\000\000\000\000\000\000\000""; nodePubKey: ""\002\227gv\346\003n\232f\264\2224\366\324\341o\5\217J\337\2771q\223O\025\217G8\235\301f""; closeTime: 803849273; signature: ""0D\002 t\371\017\215\303\241~\220\326\312\230\255\r\223Q\363\r\204J\265\r\r\230\225\364\252\276\226\340v6y\002 l\250\267\007>\346\2109,T\330\345\367\006y\317F5\265\315\227\302\026b\336[\351\037\352\374\263\322""; previousledger: ""\264\245)G\023\327P\311\336[\273\333d\336I\305\256\302\316\214\303'\253!\303]\007\314T\207!3""; "
1750534073770,1750534073770,2193,1,0,2,TMProposeSet,"proposeSeq: 0; currentTxHash: ""\000\000\000\000\000\000\000\000\000\000\000\000\000\000\000\000\000\000\000\000\000\000\000\000\000\000\000\000\000\000\000\000""; nodePubKey: ""\002\227gv\346\003n\232f\264\2224\366\324\341o\5\217J\337\2771q\223O\025\217G8\235\301f""; closeTime: 803849273; signature: ""0D\002 t\371\017\215\303\241~\220\326\312\230\255\r\223Q\363\r\204J\265\r\r\230\225\364\252\276\226\340v6y\002 l\250\267\007>\346\2109,T\330\345\367\006y\317F5\265\315\227\302\026b\336[\351\037\352\374\263\322""; previousledger: ""\264\245)G\023\327P\311\336[\273\333d\336I\305\256\302\316\214\303'\253!\303]\007\314T\207!3""; ","proposeSeq: 0; currentTxHash: ""\000\000\000\000\000\000\000\000\000\000\000\000\000\000\000\000\000\000\000\000\000\000\000\000\000\000\000\000\000\000\000\000""; nodePubKey: ""\002\227gv\346\003n\232f\264\2224\366\324\341o\5\217J\337\2771q\223O\025\217G8\235\301f""; closeTime: 803849273; signature: ""0D\002 t\371\017\215\303\241~\220\326\312\230\255\r\223Q\363\r\204J\265\r\r\230\225\364\252\276\226\340v6y\002 l\250\267\007>\346\2109,T\330\345\367\006y\317F5\265\315\227\302\026b\336[\351\037\352\374\263\322""; previousledger: ""\264\245)G\023\327P\311\336[\273\333d\336I\305\256\302\316\214\303'\253!\303]\007\314T\207!3""; "
1750534073605,1750534073861,412,1,3,4,TMStatusChange,"newEvent: neCLOSING_LEDGER; ledgerSeq: 3; ledgerHash: ""\264\245)G\023\327P\311\336[\273\333d\336I\305\256\302\316\214\303'\253!\303]\007\314T\207!3""; ledgerHashPrevious: ""\375Tb0K\335\321\024\352,O(gj\245\230\256A>\305\303\246k\022Nn\260\272\033\302\024\214""; networkTime: 803849273; firstSeq: 1; lastSeq: 3; ","newEvent: neCLOSING_LEDGER; ledgerSeq: 3; ledgerHash: ""\264\245)G\023\327P\311\336[\273\333d\336I\305\256\302\316\214\303'\253!\303]\007\314T\207!3""; ledgerHashPrevious: ""\375Tb0K\335\321\024\352,O(gj\245\230\256A>\305\303\246k\022Nn\260\272\033\302\024\214""; networkTime: 803849273; firstSeq: 1; lastSeq: 3; "
1750534073605,1750534073861,1476,1,3,0,TMStatusChange,"newEvent: neCLOSING_LEDGER; ledgerSeq: 3; ledgerHash: ""\264\245)G\023\327P\311\336[\273\333d\336I\305\256\302\316\214\303'\253!\303]\007\314T\207!3""; ledgerHashPrevious: ""\375Tb0K\335\321\024\352,O(gj\245\230\256A>\305\303\246k\022Nn\260\272\033\302\024\214""; networkTime: 803849273; firstSeq: 1; lastSeq: 3; ","newEvent: neCLOSING_LEDGER; ledgerSeq: 3; ledgerHash: ""\264\245)G\023\327P\311\336[\273\333d\336I\305\256\302\316\214\303'\253!\303]\007\314T\207!3""; ledgerHashPrevious: ""\375Tb0K\335\321\024\352,O(gj\245\230\256A>\305\303\246k\022Nn\260\272\033\302\024\214""; networkTime: 803849273; firstSeq: 1; lastSeq: 3; "
1750534073607,1750534073861,51,1,3,1,TMStatusChange,"newEvent: neCLOSING_LEDGER; ledgerSeq: 3; ledgerHash: ""\264\245)G\023\327P\311\336[\273\333d\336I\305\256\302\316\214\303'\253!\303]\007\314T\207!3""; ledgerHashPrevious: ""\375Tb0K\335\321\024\352,O(gj\245\230\256A>\305\303\246k\022Nn\260\272\033\302\024\214""; networkTime: 803849273; firstSeq: 1; lastSeq: 3; ","newEvent: neCLOSING_LEDGER; ledgerSeq: 3; ledgerHash: ""\264\245)G\023\327P\311\336[\273\333d\336I\305\256\302\316\214\303'\253!\303]\007\314T\207!3""; ledgerHashPrevious: ""\375Tb0K\335\321\024\352,O(gj\245\230\256A>\305\303\246k\022Nn\260\272\033\302\024\214""; networkTime: 803849273; firstSeq: 1; lastSeq: 3; "
1750534073608,1750534073862,1774,1,3,2,TMStatusChange,"newEvent: neCLOSING_LEDGER; ledgerSeq: 3; ledgerHash: ""\264\245)G\023\327P\311\336[\273\333d\336I\305\256\302\316\214\303'\253!\303]\007\314T\207!3""; ledgerHashPrevious: ""\375Tb0K\335\321\024\352,O(gj\245\230\256A>\305\303\246k\022Nn\260\272\033\302\024\214""; networkTime: 803849273; firstSeq: 1; lastSeq: 3; ","newEvent: neCLOSING_LEDGER; ledgerSeq: 3; ledgerHash: ""\264\245)G\023\327P\311\336[\273\333d\336I\305\256\302\316\214\303'\253!\303]\007\314T\207!3""; ledgerHashPrevious: ""\375Tb0K\335\321\024\352,O(gj\245\230\256A>\305\303\246k\022Nn\260\272\033\302\024\214""; networkTime: 803849273; firstSeq: 1; lastSeq: 3; "
1750534073864,1750534073865,764,1,0,1,TMProposeSet,"proposeSeq: 0; currentTxHash: ""\000\000\000\000\000\000\000\000\000\000\000\000\000\000\000\000\000\000\000\000\000\000\000\000\000\000\000\000\000\000\000\000""; nodePubKey: ""\002\227gv\346\003n\232f\264\2224\366\324\341o\5\217J\337\2771q\223O\025\217G8\235\301f""; closeTime: 803849273; signature: ""0D\002 t\371\017\215\303\241~\220\326\312\230\255\r\223Q\363\r\204J\265\r\r\230\225\364\252\276\226\340v6y\002 l\250\267\007>\346\2109,T\330\345\367\006y\317F5\265\315\227\302\026b\336[\351\037\352\374\263\322""; previousledger: ""\264\245)G\023\327P\311\336[\273\333d\336I\305\256\302\316\214\303'\253!\303]\007\314T\207!3""; ","proposeSeq: 0; currentTxHash: ""\000\000\000\000\000\000\000\000\000\000\000\000\000\000\000\000\000\000\000\000\000\000\000\000\000\000\000\000\000\000\000\000""; nodePubKey: ""\002\227gv\346\003n\232f\264\2224\366\324\341o\5\217J\337\2771q\223O\025\217G8\235\301f""; closeTime: 803849273; signature: ""0D\002 t\371\017\215\303\241~\220\326\312\230\255\r\223Q\363\r\204J\265\r\r\230\225\364\252\276\226\340v6y\002 l\250\267\007>\346\2109,T\330\345\367\006y\317F5\265\315\227\302\026b\336[\351\037\352\374\263\322""; previousledger: ""\264\245)G\023\327P\311\336[\273\333d\336I\305\256\302\316\214\303'\253!\303]\007\314T\207!3""; "
1750534073867,1750534073867,2102,1,0,3,TMProposeSet,"proposeSeq: 0; currentTxHash: ""\000\000\000\000\000\000\000\000\000\000\000\000\000\000\000\000\000\000\000\000\000\000\000\000\000\000\000\000\000\000\000\000""; nodePubKey: ""\002\227gv\346\003n\232f\264\2224\366\324\341o\5\217J\337\2771q\223O\025\217G8\235\301f""; closeTime: 803849273; signature: ""0D\002 t\371\017\215\303\241~\220\326\312\230\255\r\223Q\363\r\204J\265\r\r\230\225\364\252\276\226\340v6y\002 l\250\267\007>\346\2109,T\330\345\367\006y\317F5\265\315\227\302\026b\336[\351\037\352\374\263\322""; previousledger: ""\264\245)G\023\327P\311\336[\273\333d\336I\305\256\302\316\214\303'\253!\303]\007\314T\207!3""; ","proposeSeq: 0; currentTxHash: ""\000\000\000\000\000\000\000\000\000\000\000\000\000\000\000\000\000\000\000\000\000\000\000\000\000\000\000\000\000\000\000\000""; nodePubKey: ""\002\227gv\346\003n\232f\264\2224\366\324\341o\5\217J\337\2771q\223O\025\217G8\235\301f""; closeTime: 803849273; signature: ""0D\002 t\371\017\215\303\241~\220\326\312\230\255\r\223Q\363\r\204J\265\r\r\230\225\364\252\276\226\340v6y\002 l\250\267\007>\346\2109,T\330\345\367\006y\317F5\265\315\227\302\026b\336[\351\037\352\374\263\322""; previousledger: ""\264\245)G\023\327P\311\336[\273\333d\336I\305\256\302\316\214\303'\253!\303]\007\314T\207!3""; "
1750534073869,1750534073870,3498,1,1,3,TMTransaction,"rawTransaction: ""\022\000\000""\000\000\000\000$\000\000\000\001 \033\000\000\000\027a@\000\000\027H\206*@h@\000\000\000\000\000\000\ns!\0030\347\374\235V\273%\326\211;\243\363\027\256[\3173\263)\033\326=\263&T\243\023""/\177\320 tG0E\002!\000\303\032hdq\207\324~|{\251\221\300\007\014\014\273\234\237\252\301\256V\312a\315|h\216\374\022\335\002 <\023\246\007\372*\264\203\255h@\273\374^\315\032\0210\346\2356s\317T\233\320rS*[/F\201\024\265\367by\212S\325C\240\024\312\370\262\227\317\370\362\3717\350\203\024\300@\251.\340>\356w\245\353E\302\237.g\324\331\306\220+""; status: tsCURRENT; receiveTimestamp: 803849273; deferred: false; ","rawTransaction: ""\022\000\000""\000\000\000\000$\000\000\000\001 \033\000\000\000\027a@\000\000\027H\206*@h@\000\000\000\000\000\000\ns!\0030\347\374\235V\273%\326\211;\243\363\027\256[\3173\263)\033\326=\263&T\243\023""/\177\320 tG0E\002!\000\303\032hdq\207\324~|{\251\221\300\007\014\014\273\234\237\252\301\256V\312a\315|h\216\374\022\335\002 <\023\246\007\372*\264\203\255h@\273\374^\315\032\0210\346\2356s\317T\233\320rS*[/F\201\024\265\367by\212S\325C\240\024\312\370\262\227\317\370\362\3717\350\203\024\300@\251.\340>\356w\245\353E\302\237.g\324\331\306\220+""; status: tsCURRENT; receiveTimestamp: 803849273; deferred: false; "
1750534073871,1750534073872,1293,1,1,0,TMTransaction,"rawTransaction: ""\022\000\000""\000\000\000\000$\000\000\000\001 \033\000\000\000\027a@\000\000\027H\206*@h@\000\000\000\000\000\000\ns!\0030\347\374\235V\273%\326\211;\243\363\027\256[\3173\263)\033\326=\263&T\243\023""/\177\320 tG0E\002!\000\303\032hdq\207\324~|{\251\221\300\007\014\014\273\234\237\252\301\256V\312a\315|h\216\374\022\335\002 <\023\246\007\372*\264\203\255h@\273\374^\315\032\0210\346\2356s\317T\233\320rS*[/F\201\024\265\367by\212S\325C\240\024\312\370\262\227\317\370\362\3717\350\203\024\300@\251.\340>\356w\245\353E\302\237.g\324\331\306\220+""; status: tsCURRENT; receiveTimestamp: 803849273; deferred: false; ","rawTransaction: ""\022\000\000""\000\000\000\000$\000\000\000\001 \033\000\000\000\027a@\000\000\027H\206*@h@\000\000\000\000\000\000\ns!\0030\347\374\235V\273%\326\211;\243\363\027\256[\3173\263)\033\326=\263&T\243\023""/\177\320 tG0E\002!\000\303\032hdq\207\324~|{\251\221\300\007\014\014\273\234\237\252\301\256V\312a\315|h\216\374\022\335\002 <\023\246\007\372*\264\203\255h@\273\374^\315\032\0210\346\2356s\317T\233\320rS*[/F\201\024\265\367by\212S\325C\240\024\312\370\262\227\317\370\362\3717\350\203\024\300@\251.\340>\356w\245\353E\302\237.g\324\331\306\220+""; status: tsCURRENT; receiveTimestamp: 803849273; deferred: false; "
1750534073872,1750534073873,2761,1,1,2,TMTransaction,"rawTransaction: ""\022\000\000""\000\000\000\000$\000\000\000\001 \033\000\000\000\027a@\000\000\027H\206*@h@\000\000\000\000\000\000\ns!\0030\347\374\235V\273%\326\211;\243\363\027\256[\3173\263)\033\326=\263&T\243\023""/\177\320 tG0E\002!\000\303\032hdq\207\324~|{\251\221\300\007\014\014\273\234\237\252\301\256V\312a\315|h\216\374\022\335\002 <\023\246\007\372*\264\203\255h@\273\374^\315\032\0210\346\2356s\317T\233\320rS*[/F\201\024\265\367by\212S\325C\240\024\312\370\262\227\317\370\362\3717\350\203\024\300@\251.\340>\356w\245\353E\302\237.g\324\331\306\220+""; status: tsCURRENT; receiveTimestamp: 803849273; deferred: false; ","rawTransaction: ""\022\000\000""\000\000\000\000$\000\000\000\001 \033\000\000\000\027a@\000\000\027H\206*@h@\000\000\000\000\000\000\ns!\0030\347\374\235V\273%\326\211;\243\363\027\256[\3173\263)\033\326=\263&T\243\023""/\177\320 tG0E\002!\000\303\032hdq\207\324~|{\251\221\300\007\014\014\273\234\237\252\301\256V\312a\315|h\216\374\022\335\002 <\023\246\007\372*\264\203\255h@\273\374^\315\032\0210\346\2356s\317T\233\320rS*[/F\201\024\265\367by\212S\325C\240\024\312\370\262\227\317\370\362\3717\350\203\024\300@\251.\340>\356w\245\353E\302\237.g\324\331\306\220+""; status: tsCURRENT; receiveTimestamp: 803849273; deferred: false; "
1750534073874,1750534073874,563,1,1,4,TMTransaction,"rawTransaction: ""\022\000\000""\000\000\000\000$\000\000\000\001 \033\000\000\000\027a@\000\000\027H\206*@h@\000\000\000\000\000\000\ns!\0030\347\374\235V\273%\326\211;\243\363\027\256[\3173\263)\033\326=\263&T\243\023""/\177\320 tG0E\002!\000\303\032hdq\207\324~|{\251\221\300\007\014\014\273\234\237\252\301\256V\312a\315|h\216\374\022\335\002 <\023\246\007\372*\264\203\255h@\273\374^\315\032\0210\346\2356s\317T\233\320rS*[/F\201\024\265\367by\212S\325C\240\024\312\370\262\227\317\370\362\3717\350\203\024\300@\251.\340>\356w\245\353E\302\237.g\324\331\306\220+""; status: tsCURRENT; receiveTimestamp: 803849273; deferred: false; ","rawTransaction: ""\022\000\000""\000\000\000\000$\000\000\000\001 \033\000\000\000\027a@\000\000\027H\206*@h@\000\000\000\000\000\000\ns!\0030\347\374\235V\273%\326\211;\243\363\027\256[\3173\263)\033\326=\263&T\243\023""/\177\320 tG0E\002!\000\303\032hdq\207\324~|{\251\221\300\007\014\014\273\234\237\252\301\256V\312a\315|h\216\374\022\335\002 <\023\246\007\372*\264\203\255h@\273\374^\315\032\0210\346\2356s\317T\233\320rS*[/F\201\024\265\367by\212S\325C\240\024\312\370\262\227\317\370\362\3717\350\203\024\300@\251.\340>\356w\245\353E\302\237.g\324\331\306\220+""; status: tsCURRENT; receiveTimestamp: 803849273; deferred: false; "
1750534073689,1750534073957,2911,1,1,4,TMStatusChange,"newEvent: neCLOSING_LEDGER; ledgerSeq: 3; ledgerHash: ""\264\245)G\023\327P\311\336[\273\333d\336I\305\256\302\316\214\303'\253!\303]\007\314T\207!3""; ledgerHashPrevious: ""\375Tb0K\335\321\024\352,O(gj\245\230\256A>\305\303\246k\022Nn\260\272\033\302\024\214""; networkTime: 803849273; firstSeq: 1; lastSeq: 3; ","newEvent: neCLOSING_LEDGER; ledgerSeq: 3; ledgerHash: ""\264\245)G\023\327P\311\336[\273\333d\336I\305\256\302\316\214\303'\253!\303]\007\314T\207!3""; ledgerHashPrevious: ""\375Tb0K\335\321\024\352,O(gj\245\230\256A>\305\303\246k\022Nn\260\272\033\302\024\214""; networkTime: 803849273; firstSeq: 1; lastSeq: 3; "
1750534073691,1750534073957,3926,1,1,0,TMStatusChange,"newEvent: neCLOSING_LEDGER; ledgerSeq: 3; ledgerHash: ""\264\245)G\023\327P\311\336[\273\333d\336I\305\256\302\316\214\303'\253!\303]\007\314T\207!3""; ledgerHashPrevious: ""\375Tb0K\335\321\024\352,O(gj\245\230\256A>\305\303\246k\022Nn\260\272\033\302\024\214""; networkTime: 803849273; firstSeq: 1; lastSeq: 3; ","newEvent: neCLOSING_LEDGER; ledgerSeq: 3; ledgerHash: ""\264\245)G\023\327P\311\336[\273\333d\336I\305\256\302\316\214\303'\253!\303]\007\314T\207!3""; ledgerHashPrevious: ""\375Tb0K\335\321\024\352,O(gj\245\230\256A>\305\303\246k\022Nn\260\272\033\302\024\214""; networkTime: 803849273; firstSeq: 1; lastSeq: 3; "
1750534073691,1750534073957,1799,1,1,3,TMStatusChange,"newEvent: neCLOSING_LEDGER; ledgerSeq: 3; ledgerHash: ""\264\245)G\023\327P\311\336[\273\333d\336I\305\256\302\316\214\303'\253!\303]\007\314T\207!3""; ledgerHashPrevious: ""\375Tb0K\335\321\024\352,O(gj\245\230\256A>\305\303\246k\022Nn\260\272\033\302\024\214""; networkTime: 803849273; firstSeq: 1; lastSeq: 3; ","newEvent: neCLOSING_LEDGER; ledgerSeq: 3; ledgerHash: ""\264\245)G\023\327P\311\336[\273\333d\336I\305\256\302\316\214\303'\253!\303]\007\314T\207!3""; ledgerHashPrevious: ""\375Tb0K\335\321\024\352,O(gj\245\230\256A>\305\303\246k\022Nn\260\272\033\302\024\214""; networkTime: 803849273; firstSeq: 1; lastSeq: 3; "
1750534073692,1750534073958,1294,1,1,2,TMStatusChange,"newEvent: neCLOSING_LEDGER; ledgerSeq: 3; ledgerHash: ""\264\245)G\023\327P\311\336[\273\333d\336I\305\256\302\316\214\303'\253!\303]\007\314T\207!3""; ledgerHashPrevious: ""\375Tb0K\335\321\024\352,O(gj\245\230\256A>\305\303\246k\022Nn\260\272\033\302\024\214""; networkTime: 803849273; firstSeq: 1; lastSeq: 3; ","newEvent: neCLOSING_LEDGER; ledgerSeq: 3; ledgerHash: ""\264\245)G\023\327P\311\336[\273\333d\336I\305\256\302\316\214\303'\253!\303]\007\314T\207!3""; ledgerHashPrevious: ""\375Tb0K\335\321\024\352,O(gj\245\230\256A>\305\303\246k\022Nn\260\272\033\302\024\214""; networkTime: 803849273; firstSeq: 1; lastSeq: 3; "
1750534073769,1750534073994,3074,1,0,4,TMStatusChange,"newEvent: neCLOSING_LEDGER; ledgerSeq: 3; ledgerHash: ""\264\245)G\023\327P\311\336[\273\333d\336I\305\256\302\316\214\303'\253!\303]\007\314T\207!3""; ledgerHashPrevious: ""\375Tb0K\335\321\024\352,O(gj\245\230\256A>\305\303\246k\022Nn\260\272\033\302\024\214""; networkTime: 803849273; firstSeq: 1; lastSeq: 3; ","newEvent: neCLOSING_LEDGER; ledgerSeq: 3; ledgerHash: ""\264\245)G\023\327P\311\336[\273\333d\336I\305\256\302\316\214\303'\253!\303]\007\314T\207!3""; ledgerHashPrevious: ""\375Tb0K\335\321\024\352,O(gj\245\230\256A>\305\303\246k\022Nn\260\272\033\302\024\214""; networkTime: 803849273; firstSeq: 1; lastSeq: 3; "
1750534073770,1750534073994,2322,1,0,2,TMStatusChange,"newEvent: neCLOSING_LEDGER; ledgerSeq: 3; ledgerHash: ""\264\245)G\023\327P\311\336[\273\333d\336I\305\256\302\316\214\303'\253!\303]\007\314T\207!3""; ledgerHashPrevious: ""\375Tb0K\335\321\024\352,O(gj\245\230\256A>\305\303\246k\022Nn\260\272\033\302\024\214""; networkTime: 803849273; firstSeq: 1; lastSeq: 3; ","newEvent: neCLOSING_LEDGER; ledgerSeq: 3; ledgerHash: ""\264\245)G\023\327P\311\336[\273\333d\336I\305\256\302\316\214\303'\253!\303]\007\314T\207!3""; ledgerHashPrevious: ""\375Tb0K\335\321\024\352,O(gj\245\230\256A>\305\303\246k\022Nn\260\272\033\302\024\214""; networkTime: 803849273; firstSeq: 1; lastSeq: 3; "
1750534073863,1750534073995,2478,1,0,1,TMStatusChange,"newEvent: neCLOSING_LEDGER; ledgerSeq: 3; ledgerHash: ""\264\245)G\023\327P\311\336[\273\333d\336I\305\256\302\316\214\303'\253!\303]\007\314T\207!3""; ledgerHashPrevious: ""\375Tb0K\335\321\024\352,O(gj\245\230\256A>\305\303\246k\022Nn\260\272\033\302\024\214""; networkTime: 803849273; firstSeq: 1; lastSeq: 3; ","newEvent: neCLOSING_LEDGER; ledgerSeq: 3; ledgerHash: ""\264\245)G\023\327P\311\336[\273\333d\336I\305\256\302\316\214\303'\253!\303]\007\314T\207!3""; ledgerHashPrevious: ""\375Tb0K\335\321\024\352,O(gj\245\230\256A>\305\303\246k\022Nn\260\272\033\302\024\214""; networkTime: 803849273; firstSeq: 1; lastSeq: 3; "
1750534073865,1750534073995,885,1,0,3,TMStatusChange,"newEvent: neCLOSING_LEDGER; ledgerSeq: 3; ledgerHash: ""\264\245)G\023\327P\311\336[\273\333d\336I\305\256\302\316\214\303'\253!\303]\007\314T\207!3""; ledgerHashPrevious: ""\375Tb0K\335\321\024\352,O(gj\245\230\256A>\305\303\246k\022Nn\260\272\033\302\024\214""; networkTime: 803849273; firstSeq: 1; lastSeq: 3; ","newEvent: neCLOSING_LEDGER; ledgerSeq: 3; ledgerHash: ""\264\245)G\023\327P\311\336[\273\333d\336I\305\256\302\316\214\303'\253!\303]\007\314T\207!3""; ledgerHashPrevious: ""\375Tb0K\335\321\024\352,O(gj\245\230\256A>\305\303\246k\022Nn\260\272\033\302\024\214""; networkTime: 803849273; firstSeq: 1; lastSeq: 3; "
1750534074006,1750534074007,2365,1,3,1,TMProposeSet,"proposeSeq: 0; currentTxHash: ""\000\000\000\000\000\000\000\000\000\000\000\000\000\000\000\000\000\000\000\000\000\000\000\000\000\000\000\000\000\000\000\000""; nodePubKey: ""\002\031\356p7g\301C\213'\252;p\007\211\345G\223\330\261\277\313\310Pm\016p|\376\310\342\020\261""; closeTime: 803849273; signature: ""0D\002 [\335?zTM3\252b\314J7\272\213B\310\245H_\266{\202\026[Ff*X\366\314\375\314\002 \030\237b\364\261a\211\301^\341)\374g2g\362f\270\262\235\r\361\210{\324\344\\216\\264~\323""; previousledger: ""\264\245)G\023\327P\311\336[\273\333d\336I\305\256\302\316\214\303'\253!\303]\007\314T\207!3""; ","proposeSeq: 0; currentTxHash: ""\000\000\000\000\000\000\000\000\000\000\000\000\000\000\000\000\000\000\000\000\000\000\000\000\000\000\000\000\000\000\000\000""; nodePubKey: ""\002\031\356p7g\301C\213'\252;p\007\211\345G\223\330\261\277\313\310Pm\016p|\376\310\342\020\261""; closeTime: 803849273; signature: ""0D\002 [\335?zTM3\252b\314J7\272\213B\310\245H_\266{\202\026[Ff*X\366\314\375\314\002 \030\237b\364\261a\211\301^\341)\374g2g\362f\270\262\235\r\361\210{\324\344\\216\\264~\323""; previousledger: ""\264\245)G\023\327P\311\336[\273\333d\336I\305\256\302\316\214\303'\253!\303]\007\314T\207!3""; "
1750534074007,1750534074007,2364,1,3,4,TMProposeSet,"proposeSeq: 0; currentTxHash: ""\000\000\000\000\000\000\000\000\000\000\000\000\000\000\000\000\000\000\000\000\000\000\000\000\000\000\000\000\000\000\000\000""; nodePubKey: ""\002\031\356p7g\301C\213'\252;p\007\211\345G\223\330\261\277\313\310Pm\016p|\376\310\342\020\261""; closeTime: 803849273; signature: ""0D\002 [\335?zTM3\252b\314J7\272\213B\310\245H_\266{\202\026[Ff*X\366\314\375\314\002 \030\237b\364\261a\211\301^\341)\374g2g\362f\270\262\235\r\361\210{\324\344\\216\\264~\323""; previousledger: ""\264\245)G\023\327P\311\336[\273\333d\336I\305\256\302\316\214\303'\253!\303]\007\314T\207!3""; ","proposeSeq: 0; currentTxHash: ""\000\000\000\000\000\000\000\000\000\000\000\000\000\000\000\000\000\000\000\000\000\000\000\000\000\000\000\000\000\000\000\000""; nodePubKey: ""\002\031\356p7g\301C\213'\252;p\007\211\345G\223\330\261\277\313\310Pm\016p|\376\310\342\020\261""; closeTime: 803849273; signature: ""0D\002 [\335?zTM3\252b\314J7\272\213B\310\245H_\266{\202\026[Ff*X\366\314\375\314\002 \030\237b\364\261a\211\301^\341)\374g2g\362f\270\262\235\r\361\210{\324\344\\216\\264~\323""; previousledger: ""\264\245)G\023\327P\311\336[\273\333d\336I\305\256\302\316\214\303'\253!\303]\007\314T\207!3""; "
1750534074007,1750534074007,1696,1,3,0,TMProposeSet,"proposeSeq: 0; currentTxHash: ""\000\000\000\000\000\000\000\000\000\000\000\000\000\000\000\000\000\000\000\000\000\000\000\000\000\000\000\000\000\000\000\000""; nodePubKey: ""\002\031\356p7g\301C\213'\252;p\007\211\345G\223\330\261\277\313\310Pm\016p|\376\310\342\020\261""; closeTime: 803849273; signature: ""0D\002 [\335?zTM3\252b\314J7\272\213B\310\245H_\266{\202\026[Ff*X\366\314\375\314\002 \030\237b\364\261a\211\301^\341)\374g2g\362f\270\262\235\r\361\210{\324\344\\216\\264~\323""; previousledger: ""\264\245)G\023\327P\311\336[\273\333d\336I\305\256\302\316\214\303'\253!\303]\007\314T\207!3""; ","proposeSeq: 0; currentTxHash: ""\000\000\000\000\000\000\000\000\000\000\000\000\000\000\000\000\000\000\000\000\000\000\000\000\000\000\000\000\000\000\000\000""; nodePubKey: ""\002\031\356p7g\301C\213'\252;p\007\211\345G\223\330\261\277\313\310Pm\016p|\376\310\342\020\261""; closeTime: 803849273; signature: ""0D\002 [\335?zTM3\252b\314J7\272\213B\310\245H_\266{\202\026[Ff*X\366\314\375\314\002 \030\237b\364\261a\211\301^\341)\374g2g\362f\270\262\235\r\361\210{\324\344\\216\\264~\323""; previousledger: ""\264\245)G\023\327P\311\336[\273\333d\336I\305\256\302\316\214\303'\253!\303]\007\314T\207!3""; "
1750534074104,1750534074104,3709,1,3,2,TMValidation,"validation: """"\200\000\000\001&\000\000\000\003)/\351\3048:\001\317\351\3603A\3522Q\264\245)G\023\327P\311\336[\273\333d\336I\305\256\302\316\214\303'\253!\303]\007\314T\207!3P\027\000\000\000\000\000\000\000\000\000\000\000\000\000\000\000\000\000\000\000\000\000\000\000\000\000\000\000\000\000\000\000\000P\031-}\351f\032\255\274\334m\326c\017\014ao[\342\230\003\245\245\3341Hm\326^\017jy\335\261s!\003)\036\227\370\t\264\235\206\317\234B\n\230/\375\257\335fo\253d\026_\357K\336\020\302\356\323\222\376vG0E\002!\000\357t\027\026l'\332s!\376T\205\251E>>\001\367\241Zj[vB\213\3104\253\r\206w\234\002 R:\031y\251\317\371b\342J\276\tpX\376'\t\347\020]\215\n\234\310\312Su\232t<>2""; ","validation: """"\200\000\000\001&\000\000\000\003)/\351\3048:\001\317\351\3603A\3522Q\264\245)G\023\327P\311\336[\273\333d\336I\305\256\302\316\214\303'\253!\303]\007\314T\207!3P\027\000\000\000\000\000\000\000\000\000\000\000\000\000\000\000\000\000\000\000\000\000\000\000\000\000\000\000\000\000\000\000\000P\031-}\351f\032\255\274\334m\326c\017\014ao[\342\230\003\245\245\3341Hm\326^\017jy\335\261s!\003)\036\227\370\t\264\235\206\317\234B\n\230/\375\257\335fo\253d\026_\357K\336\020\302\356\323\222\376vG0E\002!\000\357t\027\026l'\332s!\376T\205\251E>>\001\367\241Zj[vB\213\3104\253\r\206w\234\002 R:\031y\251\317\371b\342J\276\tpX\376'\t\347\020]\215\n\234\310\312Su\232t<>2""; "
1750534074105,1750534074105,2058,1,3,0,TMValidation,"validation: """"\200\000\000\001&\000\000\000\003)/\351\3048:\001\317\351\3603A\3522Q\264\245)G\023\327P\311\336[\273\333d\336I\305\256\302\316\214\303'\253!\303]\007\314T\207!3P\027\000\000\000\000\000\000\000\000\000\000\000\000\000\000\000\000\000\000\000\000\000\000\000\000\000\000\000\000\000\000\000\000P\031-}\351f\032\255\274\334m\326c\017\014ao[\342\230\003\245\245\3341Hm\326^\017jy\335\261s!\003)\036\227\370\t\264\235\206\317\234B\n\230/\375\257\335fo\253d\026_\357K\336\020\302\356\323\222\376vG0E\002!\000\357t\027\026l'\332s!\376T\205\251E>>\001\367\241Zj[vB\213\3104\253\r\206w\234\002 R:\031y\251\317\371b\342J\276\tpX\376'\t\347\020]\215\n\234\310\312Su\232t<>2""; ","validation: """"\200\000\000\001&\000\000\000\003)/\351\3048:\001\317\351\3603A\3522Q\264\245)G\023\327P\311\336[\273\333d\336I\305\256\302\316\214\303'\253!\303]\007\314T\207!3P\027\000\000\000\000\000\000\000\000\000\000\000\000\000\000\000\000\000\000\000\000\000\000\000\000\000\000\000\000\000\000\000\000P\031-}\351f\032\255\274\334m\326c\017\014ao[\342\230\003\245\245\3341Hm\326^\017jy\335\261s!\003)\036\227\370\t\264\235\206\317\234B\n\230/\375\257\335fo\253d\026_\357K\336\020\302\356\323\222\376vG0E\002!\000\357t\027\026l'\332s!\376T\205\251E>>\001\367\241Zj[vB\213\3104\253\r\206w\234\002 R:\031y\251\317\371b\342J\276\tpX\376'\t\347\020]\215\n\234\310\312Su\232t<>2""; "
1750534074105,1750534074105,3677,1,3,4,TMValidation,"validation: """"\200\000\000\001&\000\000\000\003)/\351\3048:\001\317\351\3603A\3522Q\264\245)G\023\327P\311\336[\273\333d\336I\305\256\302\316\214\303'\253!\303]\007\314T\207!3P\027\000\000\000\000\000\000\000\000\000\000\000\000\000\000\000\000\000\000\000\000\000\000\000\000\000\000\000\000\000\000\000\000P\031-}\351f\032\255\274\334m\326c\017\014ao[\342\230\003\245\245\3341Hm\326^\017jy\335\261s!\003)\036\227\370\t\264\235\206\317\234B\n\230/\375\257\335fo\253d\026_\357K\336\020\302\356\323\222\376vG0E\002!\000\357t\027\026l'\332s!\376T\205\251E>>\001\367\241Zj[vB\213\3104\253\r\206w\234\002 R:\031y\251\317\371b\342J\276\tpX\376'\t\347\020]\215\n\234\310\312Su\232t<>2""; ","validation: """"\200\000\000\001&\000\000\000\003)/\351\3048:\001\317\351\3603A\3522Q\264\245)G\023\327P\311\336[\273\333d\336I\305\256\302\316\214\303'\253!\303]\007\314T\207!3P\027\000\000\000\000\000\000\000\000\000\000\000\000\000\000\000\000\000\000\000\000\000\000\000\000\000\000\000\000\000\000\000\000P\031-}\351f\032\255\274\334m\326c\017\014ao[\342\230\003\245\245\3341Hm\326^\017jy\335\261s!\003)\036\227\370\t\264\235\206\317\234B\n\230/\375\257\335fo\253d\026_\357K\336\020\302\356\323\222\376vG0E\002!\000\357t\027\026l'\332s!\376T\205\251E>>\001\367\241Zj[vB\213\3104\253\r\206w\234\002 R:\031y\251\317\371b\342J\276\tpX\376'\t\347\020]\215\n\234\310\312Su\232t<>2""; "
1750534074124,1750534074124,467,1,4,0,TMProposeSet,"proposeSeq: 0; currentTxHash: ""\000\000\000\000\000\000\000\000\000\000\000\000\000\000\000\000\000\000\000\000\000\000\000\000\000\000\000\000\000\000\000\000""; nodePubKey: ""\003)\036\227\370\t\264\235\206\317\234B\n\230/\375\257\335fo\253d\026_\357K\336\020\302\356\323\222\376""; closeTime: 803849273; signature: ""0D\002 \033\263.\240R\014\032\230\020m\360\350rg\210xu\273\030\367H\247\341\255W-\006 \t\374\243\372\002 \036\302\267r\346\247\272\017\030\370\214\363]\213e?V\335\001\320\240\334)5cdd\003\246v\321f""; previousledger: ""\264\245)G\023\327P\311\336[\273\333d\336I\305\256\302\316\214\303'\253!\303]\007\314T\207!3""; ","proposeSeq: 0; currentTxHash: ""\000\000\000\000\000\000\000\000\000\000\000\000\000\000\000\000\000\000\000\000\000\000\000\000\000\000\000\000\000\000\000\000""; nodePubKey: ""\003)\036\227\370\t\264\235\206\317\234B\n\230/\375\257\335fo\253d\026_\357K\336\020\302\356\323\222\376""; closeTime: 803849273; signature: ""0D\002 \033\263.\240R\014\032\230\020m\360\350rg\210xu\273\030\367H\247\341\255W-\006 \t\374\243\372\002 \036\302\267r\346\247\272\017\030\370\214\363]\213e?V\335\001\320\240\334)5cdd\003\246v\321f""; previousledger: ""\264\245)G\023\327P\311\336[\273\333d\336I\305\256\302\316\214\303'\253!\303]\007\314T\207!3""; "
1750534074124,1750534074124,657,1,4,2,TMProposeSet,"proposeSeq: 0; currentTxHash: ""\000\000\000\000\000\000\000\000\000\000\000\000\000\000\000\000\000\000\000\000\000\000\000\000\000\000\000\000\000\000\000\000""; nodePubKey: ""\003)\036\227\370\t\264\235\206\317\234B\n\230/\375\257\335fo\253d\026_\357K\336\020\302\356\323\222\376""; closeTime: 803849273; signature: ""0D\002 \033\263.\240R\014\032\230\020m\360\350rg\210xu\273\030\367H\247\341\255W-\006 \t\374\243\372\002 \036\302\267r\346\247\272\017\030\370\214\363]\213e?V\335\001\320\240\334)5cdd\003\246v\321f""; previousledger: ""\264\245)G\023\327P\311\336[\273\333d\336I\305\256\302\316\214\303'\253!\303]\007\314T\207!3""; ","proposeSeq: 0; currentTxHash: ""\000\000\000\000\000\000\000\000\000\000\000\000\000\000\000\000\000\000\000\000\000\000\000\000\000\000\000\000\000\000\000\000""; nodePubKey: ""\003)\036\227\370\t\264\235\206\317\234B\n\230/\375\257\335fo\253d\026_\357K\336\020\302\356\323\222\376""; closeTime: 803849273; signature: ""0D\002 \033\263.\240R\014\032\230\020m\360\350rg\210xu\273\030\367H\247\341\255W-\006 \t\374\243\372\002 \036\302\267r\346\247\272\017\030\370\214\363]\213e?V\335\001\320\240\334)5cdd\003\246v\321f""; previousledger: ""\264\245)G\023\327P\311\336[\273\333d\336I\305\256\302\316\214\303'\253!\303]\007\314T\207!3""; "
1750534074125,1750534074125,3949,1,4,3,TMProposeSet,"proposeSeq: 0; currentTxHash: ""\000\000\000\000\000\000\000\000\000\000\000\000\000\000\000\000\000\000\000\000\000\000\000\000\000\000\000\000\000\000\000\000""; nodePubKey: ""\003)\036\227\370\t\264\235\206\317\234B\n\230/\375\257\335fo\253d\026_\357K\336\020\302\356\323\222\376""; closeTime: 803849273; signature: ""0D\002 \033\263.\240R\014\032\230\020m\360\350rg\210xu\273\030\367H\247\341\255W-\006 \t\374\243\372\002 \036\302\267r\346\247\272\017\030\370\214\363]\213e?V\335\001\320\240\334)5cdd\003\246v\321f""; previousledger: ""\264\245)G\023\327P\311\336[\273\333d\336I\305\256\302\316\214\303'\253!\303]\007\314T\207!3""; ","proposeSeq: 0; currentTxHash: ""\000\000\000\000\000\000\000\000\000\000\000\000\000\000\000\000\000\000\000\000\000\000\000\000\000\000\000\000\000\000\000\000""; nodePubKey: ""\003)\036\227\370\t\264\235\206\317\234B\n\230/\375\257\335fo\253d\026_\357K\336\020\302\356\323\222\376""; closeTime: 803849273; signature: ""0D\002 \033\263.\240R\014\032\230\020m\360\350rg\210xu\273\030\367H\247\341\255W-\006 \t\374\243\372\002 \036\302\267r\346\247\272\017\030\370\214\363]\213e?V\335\001\320\240\334)5cdd\003\246v\321f""; previousledger: ""\264\245)G\023\327P\311\336[\273\333d\336I\305\256\302\316\214\303'\253!\303]\007\314T\207!3""; "
1750534074261,1750534074261,3949,1,4,3,TMProposeSet,"proposeSeq: 0; currentTxHash: ""\000\000\000\000\000\000\000\000\000\000\000\000\000\000\000\000\000\000\000\000\000\000\000\000\000\000\000\000\000\000\000\000""; nodePubKey: ""\003\241q\201\005c\265\003\367~\267xq\264\m_\310U\235\3644\246\306\345#""\246\274'%\251)""; closeTime: 803849274; signature: ""0D\002 yM\246\372 ^\353\373]\302\221[\304\233\371\263\234\r\0237f\221\000\305-w\233}\2552\002z\002 (\353\376\t\207]L_\275\336\244\363,\315\305\251\032\023s,w\t\301\023\360\026\257\344\231\221\322\n""; previousledger: ""\264\245)G\023\327P\311\336[\273\333d\336I\305\256\302\316\214\303'\253!\303]\007\314T\207!3""; ","proposeSeq: 0; currentTxHash: ""\000\000\000\000\000\000\000\000\000\000\000\000\000\000\000\000\000\000\000\000\000\000\000\000\000\000\000\000\000\000\000\000""; nodePubKey: ""\003\241q\201\005c\265\003\367~\267xq\264\m_\310U\235\3644\246\306\345#""\246\274'%\251)""; closeTime: 803849274; signature: ""0D\002 yM\246\372 ^\353\373]\302\221[\304\233\371\263\234\r\0237f\221\000\305-w\233}\2552\002z\002 (\353\376\t\207]L_\275\336\244\363,\315\305\251\032\023s,w\t\301\023\360\026\257\344\231\221\322\n""; previousledger: ""\264\245)G\023\327P\311\336[\273\333d\336I\305\256\302\316\214\303'\253!\303]\007\314T\207!3""; "
1750534074263,1750534074263,467,1,4,0,TMProposeSet,"proposeSeq: 0; currentTxHash: ""\000\000\000\000\000\000\000\000\000\000\000\000\000\000\000\000\000\000\000\000\000\000\000\000\000\000\000\000\000\000\000\000""; nodePubKey: ""\003\241q\201\005c\265\003\367~\267xq\264\m_\310U\235\3644\246\306\345#""\246\274'%\251)""; closeTime: 803849274; signature: ""0D\002 yM\246\372 ^\353\373]\302\221[\304\233\371\263\234\r\0237f\221\000\305-w\233}\2552\002z\002 (\353\376\t\207]L_\275\336\244\363,\315\305\251\032\023s,w\t\301\023\360\026\257\344\231\221\322\n""; previousledger: ""\264\245)G\023\327P\311\336[\273\333d\336I\305\256\302\316\214\303'\253!\303]\007\314T\207!3""; ","proposeSeq: 0; currentTxHash: ""\000\000\000\000\000\000\000\000\000\000\000\000\000\000\000\000\000\000\000\000\000\000\000\000\000\000\000\000\000\000\000\000""; nodePubKey: ""\003\241q\201\005c\265\003\367~\267xq\264\m_\310U\235\3644\246\306\345#""\246\274'%\251)""; closeTime: 803849274; signature: ""0D\002 yM\246\372 ^\353\373]\302\221[\304\233\371\263\234\r\0237f\221\000\305-w\233}\2552\002z\002 (\353\376\t\207]L_\275\336\244\363,\315\305\251\032\023s,w\t\301\023\360\026\257\344\231\221\322\n""; previousledger: ""\264\245)G\023\327P\311\336[\273\333d\336I\305\256\302\316\214\303'\253!\303]\007\314T\207!3""; "
1750534074262,1750534074263,657,1,4,2,TMProposeSet,"proposeSeq: 0; currentTxHash: ""\000\000\000\000\000\000\000\000\000\000\000\000\000\000\000\000\000\000\000\000\000\000\000\000\000\000\000\000\000\000\000\000""; nodePubKey: ""\003\241q\201\005c\265\003\367~\267xq\264\m_\310U\235\3644\246\306\345#""\246\274'%\251)""; closeTime: 803849274; signature: ""0D\002 yM\246\372 ^\353\373]\302\221[\304\233\371\263\234\r\0237f\221\000\305-w\233}\2552\002z\002 (\353\376\t\207]L_\275\336\244\363,\315\305\251\032\023s,w\t\301\023\360\026\257\344\231\221\322\n""; previousledger: ""\264\245)G\023\327P\311\336[\273\333d\336I\305\256\302\316\214\303'\253!\303]\007\314T\207!3""; ","proposeSeq: 0; currentTxHash: ""\000\000\000\000\000\000\000\000\000\000\000\000\000\000\000\000\000\000\000\000\000\000\000\000\000\000\000\000\000\000\000\000""; nodePubKey: ""\003\241q\201\005c\265\003\367~\267xq\264\m_\310U\235\3644\246\306\345#""\246\274'%\251)""; closeTime: 803849274; signature: ""0D\002 yM\246\372 ^\353\373]\302\221[\304\233\371\263\234\r\0237f\221\000\305-w\233}\2552\002z\002 (\353\376\t\207]L_\275\336\244\363,\315\305\251\032\023s,w\t\301\023\360\026\257\344\231\221\322\n""; previousledger: ""\264\245)G\023\327P\311\336[\273\333d\336I\305\256\302\316\214\303'\253!\303]\007\314T\207!3""; "
1750534074265,1750534074265,2150,1,4,1,TMProposeSet,"proposeSeq: 0; currentTxHash: ""\000\000\000\000\000\000\000\000\000\000\000\000\000\000\000\000\000\000\000\000\000\000\000\000\000\000\000\000\000\000\000\000""; nodePubKey: ""\003\241q\201\005c\265\003\367~\267xq\264\m_\310U\235\3644\246\306\345#""\246\274'%\251)""; closeTime: 803849274; signature: ""0D\002 yM\246\372 ^\353\373]\302\221[\304\233\371\263\234\r\0237f\221\000\305-w\233}\2552\002z\002 (\353\376\t\207]L_\275\336\244\363,\315\305\251\032\023s,w\t\301\023\360\026\257\344\231\221\322\n""; previousledger: ""\264\245)G\023\327P\311\336[\273\333d\336I\305\256\302\316\214\303'\253!\303]\007\314T\207!3""; ","proposeSeq: 0; currentTxHash: ""\000\000\000\000\000\000\000\000\000\000\000\000\000\000\000\000\000\000\000\000\000\000\000\000\000\000\000\000\000\000\000\000""; nodePubKey: ""\003\241q\201\005c\265\003\367~\267xq\264\m_\310U\235\3644\246\306\345#""\246\274'%\251)""; closeTime: 803849274; signature: ""0D\002 yM\246\372 ^\353\373]\302\221[\304\233\371\263\234\r\0237f\221\000\305-w\233}\2552\002z\002 (\353\376\t\207]L_\275\336\244\363,\315\305\251\032\023s,w\t\301\023\360\026\257\344\231\221\322\n""; previousledger: ""\264\245)G\023\327P\311\336[\273\333d\336I\305\256\302\316\214\303'\253!\303]\007\314T\207!3""; "
1750534074262,1750534074303,2125,1,4,3,TMStatusChange,"newEvent: neCLOSING_LEDGER; ledgerSeq: 3; ledgerHash: ""\264\245)G\023\327P\311\336[\273\333d\336I\305\256\302\316\214\303'\253!\303]\007\314T\207!3""; ledgerHashPrevious: ""\375Tb0K\335\321\024\352,O(gj\245\230\256A>\305\303\246k\022Nn\260\272\033\302\024\214""; networkTime: 803849274; firstSeq: 1; lastSeq: 1; ","newEvent: neCLOSING_LEDGER; ledgerSeq: 3; ledgerHash: ""\264\245)G\023\327P\311\336[\273\333d\336I\305\256\302\316\214\303'\253!\303]\007\314T\207!3""; ledgerHashPrevious: ""\375Tb0K\335\321\024\352,O(gj\245\230\256A>\305\303\246k\022Nn\260\272\033\302\024\214""; networkTime: 803849274; firstSeq: 1; lastSeq: 1; "
1750534074265,1750534074304,3863,1,4,0,TMStatusChange,"newEvent: neCLOSING_LEDGER; ledgerSeq: 3; ledgerHash: ""\264\245)G\023\327P\311\336[\273\333d\336I\305\256\302\316\214\303'\253!\303]\007\314T\207!3""; ledgerHashPrevious: ""\375Tb0K\335\321\024\352,O(gj\245\230\256A>\305\303\246k\022Nn\260\272\033\302\024\214""; networkTime: 803849274; firstSeq: 1; lastSeq: 1; ","newEvent: neCLOSING_LEDGER; ledgerSeq: 3; ledgerHash: ""\264\245)G\023\327P\311\336[\273\333d\336I\305\256\302\316\214\303'\253!\303]\007\314T\207!3""; ledgerHashPrevious: ""\375Tb0K\335\321\024\352,O(gj\245\230\256A>\305\303\246k\022Nn\260\272\033\302\024\214""; networkTime: 803849274; firstSeq: 1; lastSeq: 1; "
1750534074264,1750534074304,3363,1,4,2,TMStatusChange,"newEvent: neCLOSING_LEDGER; ledgerSeq: 3; ledgerHash: ""\264\245)G\023\327P\311\336[\273\333d\336I\305\256\302\316\214\303'\253!\303]\007\314T\207!3""; ledgerHashPrevious: ""\375Tb0K\335\321\024\352,O(gj\245\230\256A>\305\303\246k\022Nn\260\272\033\302\024\214""; networkTime: 803849274; firstSeq: 1; lastSeq: 1; ","newEvent: neCLOSING_LEDGER; ledgerSeq: 3; ledgerHash: ""\264\245)G\023\327P\311\336[\273\333d\336I\305\256\302\316\214\303'\253!\303]\007\314T\207!3""; ledgerHashPrevious: ""\375Tb0K\335\321\024\352,O(gj\245\230\256A>\305\303\246k\022Nn\260\272\033\302\024\214""; networkTime: 803849274; firstSeq: 1; lastSeq: 1; "
1750534074264,1750534074303,2943,1,4,1,TMStatusChange,"newEvent: neCLOSING_LEDGER; ledgerSeq: 3; ledgerHash: ""\264\245)G\023\327P\311\336[\273\333d\336I\305\256\302\316\214\303'\253!\303]\007\314T\207!3""; ledgerHashPrevious: ""\375Tb0K\335\321\024\352,O(gj\245\230\256A>\305\303\246k\022Nn\260\272\033\302\024\214""; networkTime: 803849274; firstSeq: 1; lastSeq: 1; ","newEvent: neCLOSING_LEDGER; ledgerSeq: 3; ledgerHash: ""\264\245)G\023\327P\311\336[\273\333d\336I\305\256\302\316\214\303'\253!\303]\007\314T\207!3""; ledgerHashPrevious: ""\375Tb0K\335\321\024\352,O(gj\245\230\256A>\305\303\246k\022Nn\260\272\033\302\024\214""; networkTime: 803849274; firstSeq: 1; lastSeq: 1; "
1750534074354,1750534074354,3677,1,3,4,TMValidation,"validation: """"\200\000\000\001&\000\000\000\003)/\351\3048:7\006\273IhO\034\261Q\264\245)G\023\327P\311\336[\273\333d\336I\305\256\302\316\214\303'\253!\303]\007\314T\207!3P\027\000\000\000\000\000\000\000\000\000\000\000\000\000\000\000\000\000\000\000\000\000\000\000\000\000\000\000\000\000\000\000\000P\031-}\351f\032\255\274\334m\326c\017\014ao[\342\230\003\245\245\3341Hm\326^\017jy\335\261s!\002\227gv\346\003n\232f\264\2224\366\324\341o\5\217J\337\2771q\223O\025\217G8\235\301fvF0D\002 H\372\211L\3420\013\266~\203\305\351\003\006Q_\234A""\027\373\266\341d;\312\311\204BYbL\002 \013\244\222\207[\017p\375g\356\241V\372\335A/\372o-\345\234\264G9\361\363\020\264\200\331~\370""; ","validation: """"\200\000\000\001&\000\000\000\003)/\351\3048:7\006\273IhO\034\261Q\264\245)G\023\327P\311\336[\273\333d\336I\305\256\302\316\214\303'\253!\303]\007\314T\207!3P\027\000\000\000\000\000\000\000\000\000\000\000\000\000\000\000\000\000\000\000\000\000\000\000\000\000\000\000\000\000\000\000\000P\031-}\351f\032\255\274\334m\326c\017\014ao[\342\230\003\245\245\3341Hm\326^\017jy\335\261s!\002\227gv\346\003n\232f\264\2224\366\324\341o\5\217J\337\2771q\223O\025\217G8\235\301fvF0D\002 H\372\211L\3420\013\266~\203\305\351\003\006Q_\234A""\027\373\266\341d;\312\311\204BYbL\002 \013\244\222\207[\017p\375g\356\241V\372\335A/\372o-\345\234\264G9\361\363\020\264\200\331~\370""; "
1750534074354,1750534074354,2058,1,3,0,TMValidation,"validation: """"\200\000\000\001&\000\000\000\003)/\351\3048:7\006\273IhO\034\261Q\264\245)G\023\327P\311\336[\273\333d\336I\305\256\302\316\214\303'\253!\303]\007\314T\207!3P\027\000\000\000\000\000\000\000\000\000\000\000\000\000\000\000\000\000\000\000\000\000\000\000\000\000\000\000\000\000\000\000\000P\031-}\351f\032\255\274\334m\326c\017\014ao[\342\230\003\245\245\3341Hm\326^\017jy\335\261s!\002\227gv\346\003n\232f\264\2224\366\324\341o\5\217J\337\2771q\223O\025\217G8\235\301fvF0D\002 H\372\211L\3420\013\266~\203\305\351\003\006Q_\234A""\027\373\266\341d;\312\311\204BYbL\002 \013\244\222\207[\017p\375g\356\241V\372\335A/\372o-\345\234\264G9\361\363\020\264\200\331~\370""; ","validation: """"\200\000\000\001&\000\000\000\003)/\351\3048:7\006\273IhO\034\261Q\264\245)G\023\327P\311\336[\273\333d\336I\305\256\302\316\214\303'\253!\303]\007\314T\207!3P\027\000\000\000\000\000\000\000\000\000\000\000\000\000\000\000\000\000\000\000\000\000\000\000\000\000\000\000\000\000\000\000\000P\031-}\351f\032\255\274\334m\326c\017\014ao[\342\230\003\245\245\3341Hm\326^\017jy\335\261s!\002\227gv\346\003n\232f\264\2224\366\324\341o\5\217J\337\2771q\223O\025\217G8\235\301fvF0D\002 H\372\211L\3420\013\266~\203\305\351\003\006Q_\234A""\027\373\266\341d;\312\311\204BYbL\002 \013\244\222\207[\017p\375g\356\241V\372\335A/\372o-\345\234\264G9\361\363\020\264\200\331~\370""; "
1750534074355,1750534074355,3709,1,3,2,TMValidation,"validation: """"\200\000\000\001&\000\000\000\003)/\351\3048:7\006\273IhO\034\261Q\264\245)G\023\327P\311\336[\273\333d\336I\305\256\302\316\214\303'\253!\303]\007\314T\207!3P\027\000\000\000\000\000\000\000\000\000\000\000\000\000\000\000\000\000\000\000\000\000\000\000\000\000\000\000\000\000\000\000\000P\031-}\351f\032\255\274\334m\326c\017\014ao[\342\230\003\245\245\3341Hm\326^\017jy\335\261s!\002\227gv\346\003n\232f\264\2224\366\324\341o\5\217J\337\2771q\223O\025\217G8\235\301fvF0D\002 H\372\211L\3420\013\266~\203\305\351\003\006Q_\234A""\027\373\266\341d;\312\311\204BYbL\002 \013\244\222\207[\017p\375g\356\241V\372\335A/\372o-\345\234\264G9\361\363\020\264\200\331~\370""; ","validation: """"\200\000\000\001&\000\000\000\003)/\351\3048:7\006\273IhO\034\261Q\264\245)G\023\327P\311\336[\273\333d\336I\305\256\302\316\214\303'\253!\303]\007\314T\207!3P\027\000\000\000\000\000\000\000\000\000\000\000\000\000\000\000\000\000\000\000\000\000\000\000\000\000\000\000\000\000\000\000\000P\031-}\351f\032\255\274\334m\326c\017\014ao[\342\230\003\245\245\3341Hm\326^\017jy\335\261s!\002\227gv\346\003n\232f\264\2224\366\324\341o\5\217J\337\2771q\223O\025\217G8\235\301fvF0D\002 H\372\211L\3420\013\266~\203\305\351\003\006Q_\234A""\027\373\266\341d;\312\311\204BYbL\002 \013\244\222\207[\017p\375g\356\241V\372\335A/\372o-\345\234\264G9\361\363\020\264\200\331~\370""; "
1750534074455,1750534074455,3754,1,0,4,TMProposeSet,"proposeSeq: 0; currentTxHash: ""\000\000\000\000\000\000\000\000\000\000\000\000\000\000\000\000\000\000\000\000\000\000\000\000\000\000\000\000\000\000\000\000""; nodePubKey: ""\003)\036\227\370\t\264\235\206\317\234B\n\230/\375\257\335fo\253d\026_\357K\336\020\302\356\323\222\376""; closeTime: 803849273; signature: ""0D\002 \033\263.\240R\014\032\230\020m\360\350rg\210xu\273\030\367H\247\341\255W-\006 \t\374\243\372\002 \036\302\267r\346\247\272\017\030\370\214\363]\213e?V\335\001\320\240\334)5cdd\003\246v\321f""; previousledger: ""\264\245)G\023\327P\311\336[\273\333d\336I\305\256\302\316\214\303'\253!\303]\007\314T\207!3""; ","proposeSeq: 0; currentTxHash: ""\000\000\000\000\000\000\000\000\000\000\000\000\000\000\000\000\000\000\000\000\000\000\000\000\000\000\000\000\000\000\000\000""; nodePubKey: ""\003)\036\227\370\t\264\235\206\317\234B\n\230/\375\257\335fo\253d\026_\357K\336\020\302\356\323\222\376""; closeTime: 803849273; signature: ""0D\002 \033\263.\240R\014\032\230\020m\360\350rg\210xu\273\030\367H\247\341\255W-\006 \t\374\243\372\002 \036\302\267r\346\247\272\017\030\370\214\363]\213e?V\335\001\320\240\334)5cdd\003\246v\321f""; previousledger: ""\264\245)G\023\327P\311\336[\273\333d\336I\305\256\302\316\214\303'\253!\303]\007\314T\207!3""; "
1750534074456,1750534074456,2102,1,0,3,TMProposeSet,"proposeSeq: 0; currentTxHash: ""\000\000\000\000\000\000\000\000\000\000\000\000\000\000\000\000\000\000\000\000\000\000\000\000\000\000\000\000\000\000\000\000""; nodePubKey: ""\003)\036\227\370\t\264\235\206\317\234B\n\230/\375\257\335fo\253d\026_\357K\336\020\302\356\323\222\376""; closeTime: 803849273; signature: ""0D\002 \033\263.\240R\014\032\230\020m\360\350rg\210xu\273\030\367H\247\341\255W-\006 \t\374\243\372\002 \036\302\267r\346\247\272\017\030\370\214\363]\213e?V\335\001\320\240\334)5cdd\003\246v\321f""; previousledger: ""\264\245)G\023\327P\311\336[\273\333d\336I\305\256\302\316\214\303'\253!\303]\007\314T\207!3""; ","proposeSeq: 0; currentTxHash: ""\000\000\000\000\000\000\000\000\000\000\000\000\000\000\000\000\000\000\000\000\000\000\000\000\000\000\000\000\000\000\000\000""; nodePubKey: ""\003)\036\227\370\t\264\235\206\317\234B\n\230/\375\257\335fo\253d\026_\357K\336\020\302\356\323\222\376""; closeTime: 803849273; signature: ""0D\002 \033\263.\240R\014\032\230\020m\360\350rg\210xu\273\030\367H\247\341\255W-\006 \t\374\243\372\002 \036\302\267r\346\247\272\017\030\370\214\363]\213e?V\335\001\320\240\334)5cdd\003\246v\321f""; previousledger: ""\264\245)G\023\327P\311\336[\273\333d\336I\305\256\302\316\214\303'\253!\303]\007\314T\207!3""; "
1750534074458,1750534074458,2193,1,0,2,TMProposeSet,"proposeSeq: 0; currentTxHash: ""\000\000\000\000\000\000\000\000\000\000\000\000\000\000\000\000\000\000\000\000\000\000\000\000\000\000\000\000\000\000\000\000""; nodePubKey: ""\003)\036\227\370\t\264\235\206\317\234B\n\230/\375\257\335fo\253d\026_\357K\336\020\302\356\323\222\376""; closeTime: 803849273; signature: ""0D\002 \033\263.\240R\014\032\230\020m\360\350rg\210xu\273\030\367H\247\341\255W-\006 \t\374\243\372\002 \036\302\267r\346\247\272\017\030\370\214\363]\213e?V\335\001\320\240\334)5cdd\003\246v\321f""; previousledger: ""\264\245)G\023\327P\311\336[\273\333d\336I\305\256\302\316\214\303'\253!\303]\007\314T\207!3""; ","proposeSeq: 0; currentTxHash: ""\000\000\000\000\000\000\000\000\000\000\000\000\000\000\000\000\000\000\000\000\000\000\000\000\000\000\000\000\000\000\000\000""; nodePubKey: ""\003)\036\227\370\t\264\235\206\317\234B\n\230/\375\257\335fo\253d\026_\357K\336\020\302\356\323\222\376""; closeTime: 803849273; signature: ""0D\002 \033\263.\240R\014\032\230\020m\360\350rg\210xu\273\030\367H\247\341\255W-\006 \t\374\243\372\002 \036\302\267r\346\247\272\017\030\370\214\363]\213e?V\335\001\320\240\334)5cdd\003\246v\321f""; previousledger: ""\264\245)G\023\327P\311\336[\273\333d\336I\305\256\302\316\214\303'\253!\303]\007\314T\207!3""; "
1750534074465,1750534074465,2854,1,4,0,TMValidation,"validation: """"\200\000\000\001&\000\000\000\003)/\351\3048:o\206g1\341\2401\207Q\264\245)G\023\327P\311\336[\273\333d\336I\305\256\302\316\214\303'\253!\303]\007\314T\207!3P\027\000\000\000\000\000\000\000\000\000\000\000\000\000\000\000\000\000\000\000\000\000\000\000\000\000\000\000\000\000\000\000\000P\031-}\351f\032\255\274\334m\326c\017\014ao[\342\230\003\245\245\3341Hm\326^\017jy\335\261s!\002\031\356p7g\301C\213'\252;p\007\211\345G\223\330\261\277\313\310Pm\016p|\376\310\342\020\261vG0E\002!\000\246\327H\322p\021Ze\367\253Jw\274\211\003\321h/\216\3459\312u\037\274\373,6\227\326H\234\002 \032UU\245\205\216\025\016\000\221\265\270\210mY\342\t\371\020\341""Q\272\014\204\205M\373}\353\201\227""; ","validation: """"\200\000\000\001&\000\000\000\003)/\351\3048:o\206g1\341\2401\207Q\264\245)G\023\327P\311\336[\273\333d\336I\305\256\302\316\214\303'\253!\303]\007\314T\207!3P\027\000\000\000\000\000\000\000\000\000\000\000\000\000\000\000\000\000\000\000\000\000\000\000\000\000\000\000\000\000\000\000\000P\031-}\351f\032\255\274\334m\326c\017\014ao[\342\230\003\245\245\3341Hm\326^\017jy\335\261s!\002\031\356p7g\301C\213'\252;p\007\211\345G\223\330\261\277\313\310Pm\016p|\376\310\342\020\261vG0E\002!\000\246\327H\322p\021Ze\367\253Jw\274\211\003\321h/\216\3459\312u\037\274\373,6\227\326H\234\002 \032UU\245\205\216\025\016\000\221\265\270\210mY\342\t\371\020\341""Q\272\014\204\205M\373}\353\201\227""; "
1750534074465,1750534074465,272,1,4,3,TMValidation,"validation: """"\200\000\000\001&\000\000\000\003)/\351\3048:o\206g1\341\2401\207Q\264\245)G\023\327P\311\336[\273\333d\336I\305\256\302\316\214\303'\253!\303]\007\314T\207!3P\027\000\000\000\000\000\000\000\000\000\000\000\000\000\000\000\000\000\000\000\000\000\000\000\000\000\000\000\000\000\000\000\000P\031-}\351f\032\255\274\334m\326c\017\014ao[\342\230\003\245\245\3341Hm\326^\017jy\335\261s!\002\031\356p7g\301C\213'\252;p\007\211\345G\223\330\261\277\313\310Pm\016p|\376\310\342\020\261vG0E\002!\000\246\327H\322p\021Ze\367\253Jw\274\211\003\321h/\216\3459\312u\037\274\373,6\227\326H\234\002 \032UU\245\205\216\025\016\000\221\265\270\210mY\342\t\371\020\341""Q\272\014\204\205M\373}\353\201\227""; ","validation: """"\200\000\000\001&\000\000\000\003)/\351\3048:o\206g1\341\2401\207Q\264\245)G\023\327P\311\336[\273\333d\336I\305\256\302\316\214\303'\253!\303]\007\314T\207!3P\027\000\000\000\000\000\000\000\000\000\000\000\000\000\000\000\000\000\000\000\000\000\000\000\000\000\000\000\000\000\000\000\000P\031-}\351f\032\255\274\334m\326c\017\014ao[\342\230\003\245\245\3341Hm\326^\017jy\335\261s!\002\031\356p7g\301C\213'\252;p\007\211\345G\223\330\261\277\313\310Pm\016p|\376\310\342\020\261vG0E\002!\000\246\327H\322p\021Ze\367\253Jw\274\211\003\321h/\216\3459\312u\037\274\373,6\227\326H\234\002 \032UU\245\205\216\025\016\000\221\265\270\210mY\342\t\371\020\341""Q\272\014\204\205M\373}\353\201\227""; "
1750534074465,1750534074465,2659,1,4,1,TMValidation,"validation: """"\200\000\000\001&\000\000\000\003)/\351\3048:o\206g1\341\2401\207Q\264\245)G\023\327P\311\336[\273\333d\336I\305\256\302\316\214\303'\253!\303]\007\314T\207!3P\027\000\000\000\000\000\000\000\000\000\000\000\000\000\000\000\000\000\000\000\000\000\000\000\000\000\000\000\000\000\000\000\000P\031-}\351f\032\255\274\334m\326c\017\014ao[\342\230\003\245\245\3341Hm\326^\017jy\335\261s!\002\031\356p7g\301C\213'\252;p\007\211\345G\223\330\261\277\313\310Pm\016p|\376\310\342\020\261vG0E\002!\000\246\327H\322p\021Ze\367\253Jw\274\211\003\321h/\216\3459\312u\037\274\373,6\227\326H\234\002 \032UU\245\205\216\025\016\000\221\265\270\210mY\342\t\371\020\341""Q\272\014\204\205M\373}\353\201\227""; ","validation: """"\200\000\000\001&\000\000\000\003)/\351\3048:o\206g1\341\2401\207Q\264\245)G\023\327P\311\336[\273\333d\336I\305\256\302\316\214\303'\253!\303]\007\314T\207!3P\027\000\000\000\000\000\000\000\000\000\000\000\000\000\000\000\000\000\000\000\000\000\000\000\000\000\000\000\000\000\000\000\000P\031-}\351f\032\255\274\334m\326c\017\014ao[\342\230\003\245\245\3341Hm\326^\017jy\335\261s!\002\031\356p7g\301C\213'\252;p\007\211\345G\223\330\261\277\313\310Pm\016p|\376\310\342\020\261vG0E\002!\000\246\327H\322p\021Ze\367\253Jw\274\211\003\321h/\216\3459\312u\037\274\373,6\227\326H\234\002 \032UU\245\205\216\025\016\000\221\265\270\210mY\342\t\371\020\341""Q\272\014\204\205M\373}\353\201\227""; "
1750534074509,1750534074509,3677,1,3,4,TMValidation,"validation: """"\200\000\000\001&\000\000\000\003)/\351\3048:o\206g1\341\2401\207Q\264\245)G\023\327P\311\336[\273\333d\336I\305\256\302\316\214\303'\253!\303]\007\314T\207!3P\027\000\000\000\000\000\000\000\000\000\000\000\000\000\000\000\000\000\000\000\000\000\000\000\000\000\000\000\000\000\000\000\000P\031-}\351f\032\255\274\334m\326c\017\014ao[\342\230\003\245\245\3341Hm\326^\017jy\335\261s!\002\031\356p7g\301C\213'\252;p\007\211\345G\223\330\261\277\313\310Pm\016p|\376\310\342\020\261vG0E\002!\000\246\327H\322p\021Ze\367\253Jw\274\211\003\321h/\216\3459\312u\037\274\373,6\227\326H\234\002 \032UU\245\205\216\025\016\000\221\265\270\210mY\342\t\371\020\341""Q\272\014\204\205M\373}\353\201\227""; ","validation: """"\200\000\000\001&\000\000\000\003)/\351\3048:o\206g1\341\2401\207Q\264\245)G\023\327P\311\336[\273\333d\336I\305\256\302\316\214\303'\253!\303]\007\314T\207!3P\027\000\000\000\000\000\000\000\000\000\000\000\000\000\000\000\000\000\000\000\000\000\000\000\000\000\000\000\000\000\000\000\000P\031-}\351f\032\255\274\334m\326c\017\014ao[\342\230\003\245\245\3341Hm\326^\017jy\335\261s!\002\031\356p7g\301C\213'\252;p\007\211\345G\223\330\261\277\313\310Pm\016p|\376\310\342\020\261vG0E\002!\000\246\327H\322p\021Ze\367\253Jw\274\211\003\321h/\216\3459\312u\037\274\373,6\227\326H\234\002 \032UU\245\205\216\025\016\000\221\265\270\210mY\342\t\371\020\341""Q\272\014\204\205M\373}\353\201\227""; "
1750534074509,1750534074509,2058,1,3,0,TMValidation,"validation: """"\200\000\000\001&\000\000\000\003)/\351\3048:o\206g1\341\2401\207Q\264\245)G\023\327P\311\336[\273\333d\336I\305\256\302\316\214\303'\253!\303]\007\314T\207!3P\027\000\000\000\000\000\000\000\000\000\000\000\000\000\000\000\000\000\000\000\000\000\000\000\000\000\000\000\000\000\000\000\000P\031-}\351f\032\255\274\334m\326c\017\014ao[\342\230\003\245\245\3341Hm\326^\017jy\335\261s!\002\031\356p7g\301C\213'\252;p\007\211\345G\223\330\261\277\313\310Pm\016p|\376\310\342\020\261vG0E\002!\000\246\327H\322p\021Ze\367\253Jw\274\211\003\321h/\216\3459\312u\037\274\373,6\227\326H\234\002 \032UU\245\205\216\025\016\000\221\265\270\210mY\342\t\371\020\341""Q\272\014\204\205M\373}\353\201\227""; ","validation: """"\200\000\000\001&\000\000\000\003)/\351\3048:o\206g1\341\2401\207Q\264\245)G\023\327P\311\336[\273\333d\336I\305\256\302\316\214\303'\253!\303]\007\314T\207!3P\027\000\000\000\000\000\000\000\000\000\000\000\000\000\000\000\000\000\000\000\000\000\000\000\000\000\000\000\000\000\000\000\000P\031-}\351f\032\255\274\334m\326c\017\014ao[\342\230\003\245\245\3341Hm\326^\017jy\335\261s!\002\031\356p7g\301C\213'\252;p\007\211\345G\223\330\261\277\313\310Pm\016p|\376\310\342\020\261vG0E\002!\000\246\327H\322p\021Ze\367\253Jw\274\211\003\321h/\216\3459\312u\037\274\373,6\227\326H\234\002 \032UU\245\205\216\025\016\000\221\265\270\210mY\342\t\371\020\341""Q\272\014\204\205M\373}\353\201\227""; "
1750534074510,1750534074510,3709,1,3,2,TMValidation,"validation: """"\200\000\000\001&\000\000\000\003)/\351\3048:o\206g1\341\2401\207Q\264\245)G\023\327P\311\336[\273\333d\336I\305\256\302\316\214\303'\253!\303]\007\314T\207!3P\027\000\000\000\000\000\000\000\000\000\000\000\000\000\000\000\000\000\000\000\000\000\000\000\000\000\000\000\000\000\000\000\000P\031-}\351f\032\255\274\334m\326c\017\014ao[\342\230\003\245\245\3341Hm\326^\017jy\335\261s!\002\031\356p7g\301C\213'\252;p\007\211\345G\223\330\261\277\313\310Pm\016p|\376\310\342\020\261vG0E\002!\000\246\327H\322p\021Ze\367\253Jw\274\211\003\321h/\216\3459\312u\037\274\373,6\227\326H\234\002 \032UU\245\205\216\025\016\000\221\265\270\210mY\342\t\371\020\341""Q\272\014\204\205M\373}\353\201\227""; ","validation: """"\200\000\000\001&\000\000\000\003)/\351\3048:o\206g1\341\2401\207Q\264\245)G\023\327P\311\336[\273\333d\336I\305\256\302\316\214\303'\253!\303]\007\314T\207!3P\027\000\000\000\000\000\000\000\000\000\000\000\000\000\000\000\000\000\000\000\000\000\000\000\000\000\000\000\000\000\000\000\000P\031-}\351f\032\255\274\334m\326c\017\014ao[\342\230\003\245\245\3341Hm\326^\017jy\335\261s!\002\031\356p7g\301C\213'\252;p\007\211\345G\223\330\261\277\313\310Pm\016p|\376\310\342\020\261vG0E\002!\000\246\327H\322p\021Ze\367\253Jw\274\211\003\321h/\216\3459\312u\037\274\373,6\227\326H\234\002 \032UU\245\205\216\025\016\000\221\265\270\210mY\342\t\371\020\341""Q\272\014\204\205M\373}\353\201\227""; "
1750534074534,1750534074535,2750,1,1,3,TMProposeSet,"proposeSeq: 0; currentTxHash: ""\000\000\000\000\000\000\000\000\000\000\000\000\000\000\000\000\000\000\000\000\000\000\000\000\000\000\000\000\000\000\000\000""; nodePubKey: ""\002\227gv\346\003n\232f\264\2224\366\324\341o\5\217J\337\2771q\223O\025\217G8\235\301f""; closeTime: 803849273; signature: ""0D\002 t\371\017\215\303\241~\220\326\312\230\255\r\223Q\363\r\204J\265\r\r\230\225\364\252\276\226\340v6y\002 l\250\267\007>\346\2109,T\330\345\367\006y\317F5\265\315\227\302\026b\336[\351\037\352\374\263\322""; previousledger: ""\264\245)G\023\327P\311\336[\273\333d\336I\305\256\302\316\214\303'\253!\303]\007\314T\207!3""; ","proposeSeq: 0; currentTxHash: ""\000\000\000\000\000\000\000\000\000\000\000\000\000\000\000\000\000\000\000\000\000\000\000\000\000\000\000\000\000\000\000\000""; nodePubKey: ""\002\227gv\346\003n\232f\264\2224\366\324\341o\5\217J\337\2771q\223O\025\217G8\235\301f""; closeTime: 803849273; signature: ""0D\002 t\371\017\215\303\241~\220\326\312\230\255\r\223Q\363\r\204J\265\r\r\230\225\364\252\276\226\340v6y\002 l\250\267\007>\346\2109,T\330\345\367\006y\317F5\265\315\227\302\026b\336[\351\037\352\374\263\322""; previousledger: ""\264\245)G\023\327P\311\336[\273\333d\336I\305\256\302\316\214\303'\253!\303]\007\314T\207!3""; "
1750534074535,1750534074535,391,1,1,4,TMProposeSet,"proposeSeq: 0; currentTxHash: ""\000\000\000\000\000\000\000\000\000\000\000\000\000\000\000\000\000\000\000\000\000\000\000\000\000\000\000\000\000\000\000\000""; nodePubKey: ""\002\227gv\346\003n\232f\264\2224\366\324\341o\5\217J\337\2771q\223O\025\217G8\235\301f""; closeTime: 803849273; signature: ""0D\002 t\371\017\215\303\241~\220\326\312\230\255\r\223Q\363\r\204J\265\r\r\230\225\364\252\276\226\340v6y\002 l\250\267\007>\346\2109,T\330\345\367\006y\317F5\265\315\227\302\026b\336[\351\037\352\374\263\322""; previousledger: ""\264\245)G\023\327P\311\336[\273\333d\336I\305\256\302\316\214\303'\253!\303]\007\314T\207!3""; ","proposeSeq: 0; currentTxHash: ""\000\000\000\000\000\000\000\000\000\000\000\000\000\000\000\000\000\000\000\000\000\000\000\000\000\000\000\000\000\000\000\000""; nodePubKey: ""\002\227gv\346\003n\232f\264\2224\366\324\341o\5\217J\337\2771q\223O\025\217G8\235\301f""; closeTime: 803849273; signature: ""0D\002 t\371\017\215\303\241~\220\326\312\230\255\r\223Q\363\r\204J\265\r\r\230\225\364\252\276\226\340v6y\002 l\250\267\007>\346\2109,T\330\345\367\006y\317F5\265\315\227\302\026b\336[\351\037\352\374\263\322""; previousledger: ""\264\245)G\023\327P\311\336[\273\333d\336I\305\256\302\316\214\303'\253!\303]\007\314T\207!3""; "
1750534074535,1750534074536,1191,1,1,2,TMProposeSet,"proposeSeq: 0; currentTxHash: ""\000\000\000\000\000\000\000\000\000\000\000\000\000\000\000\000\000\000\000\000\000\000\000\000\000\000\000\000\000\000\000\000""; nodePubKey: ""\002\227gv\346\003n\232f\264\2224\366\324\341o\5\217J\337\2771q\223O\025\217G8\235\301f""; closeTime: 803849273; signature: ""0D\002 t\371\017\215\303\241~\220\326\312\230\255\r\223Q\363\r\204J\265\r\r\230\225\364\252\276\226\340v6y\002 l\250\267\007>\346\2109,T\330\345\367\006y\317F5\265\315\227\302\026b\336[\351\037\352\374\263\322""; previousledger: ""\264\245)G\023\327P\311\336[\273\333d\336I\305\256\302\316\214\303'\253!\303]\007\314T\207!3""; ","proposeSeq: 0; currentTxHash: ""\000\000\000\000\000\000\000\000\000\000\000\000\000\000\000\000\000\000\000\000\000\000\000\000\000\000\000\000\000\000\000\000""; nodePubKey: ""\002\227gv\346\003n\232f\264\2224\366\324\341o\5\217J\337\2771q\223O\025\217G8\235\301f""; closeTime: 803849273; signature: ""0D\002 t\371\017\215\303\241~\220\326\312\230\255\r\223Q\363\r\204J\265\r\r\230\225\364\252\276\226\340v6y\002 l\250\267\007>\346\2109,T\330\345\367\006y\317F5\265\315\227\302\026b\336[\351\037\352\374\263\322""; previousledger: ""\264\245)G\023\327P\311\336[\273\333d\336I\305\256\302\316\214\303'\253!\303]\007\314T\207!3""; "
1750534074545,1750534074545,1066,1,2,3,TMLedgerData,"ledgerHash: ""\264\245)G\023\327P\311\336[\273\333d\336I\305\256\302\316\214\303'\253!\303]\007\314T\207!3""; ledgerSeq: 3; type: liBASE; nodes {;   nodedata: ""\000\000\000\003\001cEx]\212\000\000\375Tb0K\335\321\024\352,O(gj\245\230\256A>\305\303\246k\022Nn\260\272\033\302\024\214\000\000\000\000\000\000\000\000\000\000\000\000\000\000\000\000\000\000\000\000\000\000\000\000\000\000\000\000\000\000\000\000g$\204\311\250\013Gs\341\371\312\3371*\032,\316x\320x\021\202\356\334$\317\017\n\346\264:\274/\351\304""/\351\3046\n\000""; }; nodes {;   nodedata: ""\303\016\021\310<Z\337\266>\225@&n\022\246\274\353\220\345b3\035\313\350L\354\254\002\005\305\035\017\002E\344\037@\210\363\010\336T\226\247'\204_{\261\370""1\235\2445\343\033Y!\212\201\341\272\225'\007\264K\024\3128PB\265\273\374\373\245\020H\200\222\364\344\234\r \033}uf\013\033Gi\367l\263\013\003""; }; ","ledgerHash: ""\264\245)G\023\327P\311\336[\273\333d\336I\305\256\302\316\214\303'\253!\303]\007\314T\207!3""; ledgerSeq: 3; type: liBASE; nodes {;   nodedata: ""\000\000\000\003\001cEx]\212\000\000\375Tb0K\335\321\024\352,O(gj\245\230\256A>\305\303\246k\022Nn\260\272\033\302\024\214\000\000\000\000\000\000\000\000\000\000\000\000\000\000\000\000\000\000\000\000\000\000\000\000\000\000\000\000\000\000\000\000g$\204\311\250\013Gs\341\371\312\3371*\032,\316x\320x\021\202\356\334$\317\017\n\346\264:\274/\351\304""/\351\3046\n\000""; }; nodes {;   nodedata: ""\303\016\021\310<Z\337\266>\225@&n\022\246\274\353\220\345b3\035\313\350L\354\254\002\005\305\035\017\002E\344\037@\210\363\010\336T\226\247'\204_{\261\370""1\235\2445\343\033Y!\212\201\341\272\225'\007\264K\024\3128PB\265\273\374\373\245\020H\200\222\364\344\234\r \033}uf\013\033Gi\367l\263\013\003""; }; "
1750534074546,1750534074546,1066,1,2,3,TMLedgerData,"ledgerHash: ""\264\245)G\023\327P\311\336[\273\333d\336I\305\256\302\316\214\303'\253!\303]\007\314T\207!3""; ledgerSeq: 3; type: liBASE; nodes {;   nodedata: ""\000\000\000\003\001cEx]\212\000\000\375Tb0K\335\321\024\352,O(gj\245\230\256A>\305\303\246k\022Nn\260\272\033\302\024\214\000\000\000\000\000\000\000\000\000\000\000\000\000\000\000\000\000\000\000\000\000\000\000\000\000\000\000\000\000\000\000\000g$\204\311\250\013Gs\341\371\312\3371*\032,\316x\320x\021\202\356\334$\317\017\n\346\264:\274/\351\304""/\351\3046\n\000""; }; nodes {;   nodedata: ""\303\016\021\310<Z\337\266>\225@&n\022\246\274\353\220\345b3\035\313\350L\354\254\002\005\305\035\017\002E\344\037@\210\363\010\336T\226\247'\204_{\261\370""1\235\2445\343\033Y!\212\201\341\272\225'\007\264K\024\3128PB\265\273\374\373\245\020H\200\222\364\344\234\r \033}uf\013\033Gi\367l\263\013\003""; }; ","ledgerHash: ""\264\245)G\023\327P\311\336[\273\333d\336I\305\256\302\316\214\303'\253!\303]\007\314T\207!3""; ledgerSeq: 3; type: liBASE; nodes {;   nodedata: ""\000\000\000\003\001cEx]\212\000\000\375Tb0K\335\321\024\352,O(gj\245\230\256A>\305\303\246k\022Nn\260\272\033\302\024\214\000\000\000\000\000\000\000\000\000\000\000\000\000\000\000\000\000\000\000\000\000\000\000\000\000\000\000\000\000\000\000\000g$\204\311\250\013Gs\341\371\312\3371*\032,\316x\320x\021\202\356\334$\317\017\n\346\264:\274/\351\304""/\351\3046\n\000""; }; nodes {;   nodedata: ""\303\016\021\310<Z\337\266>\225@&n\022\246\274\353\220\345b3\035\313\350L\354\254\002\005\305\035\017\002E\344\037@\210\363\010\336T\226\247'\204_{\261\370""1\235\2445\343\033Y!\212\201\341\272\225'\007\264K\024\3128PB\265\273\374\373\245\020H\200\222\364\344\234\r \033}uf\013\033Gi\367l\263\013\003""; }; "
1750534074565,1750534074565,2750,1,1,3,TMProposeSet,"proposeSeq: 0; currentTxHash: ""\000\000\000\000\000\000\000\000\000\000\000\000\000\000\000\000\000\000\000\000\000\000\000\000\000\000\000\000\000\000\000\000""; nodePubKey: ""\002\031\356p7g\301C\213'\252;p\007\211\345G\223\330\261\277\313\310Pm\016p|\376\310\342\020\261""; closeTime: 803849273; signature: ""0D\002 [\335?zTM3\252b\314J7\272\213B\310\245H_\266{\202\026[Ff*X\366\314\375\314\002 \030\237b\364\261a\211\301^\341)\374g2g\362f\270\262\235\r\361\210{\324\344\\216\\264~\323""; previousledger: ""\264\245)G\023\327P\311\336[\273\333d\336I\305\256\302\316\214\303'\253!\303]\007\314T\207!3""; ","proposeSeq: 0; currentTxHash: ""\000\000\000\000\000\000\000\000\000\000\000\000\000\000\000\000\000\000\000\000\000\000\000\000\000\000\000\000\000\000\000\000""; nodePubKey: ""\002\031\356p7g\301C\213'\252;p\007\211\345G\223\330\261\277\313\310Pm\016p|\376\310\342\020\261""; closeTime: 803849273; signature: ""0D\002 [\335?zTM3\252b\314J7\272\213B\310\245H_\266{\202\026[Ff*X\366\314\375\314\002 \030\237b\364\261a\211\301^\341)\374g2g\362f\270\262\235\r\361\210{\324\344\\216\\264~\323""; previousledger: ""\264\245)G\023\327P\311\336[\273\333d\336I\305\256\302\316\214\303'\253!\303]\007\314T\207!3""; "
1750534074566,1750534074566,747,1,1,0,TMProposeSet,"proposeSeq: 0; currentTxHash: ""\000\000\000\000\000\000\000\000\000\000\000\000\000\000\000\000\000\000\000\000\000\000\000\000\000\000\000\000\000\000\000\000""; nodePubKey: ""\002\031\356p7g\301C\213'\252;p\007\211\345G\223\330\261\277\313\310Pm\016p|\376\310\342\020\261""; closeTime: 803849273; signature: ""0D\002 [\335?zTM3\252b\314J7\272\213B\310\245H_\266{\202\026[Ff*X\366\314\375\314\002 \030\237b\364\261a\211\301^\341)\374g2g\362f\270\262\235\r\361\210{\324\344\\216\\264~\323""; previousledger: ""\264\245)G\023\327P\311\336[\273\333d\336I\305\256\302\316\214\303'\253!\303]\007\314T\207!3""; ","proposeSeq: 0; currentTxHash: ""\000\000\000\000\000\000\000\000\000\000\000\000\000\000\000\000\000\000\000\000\000\000\000\000\000\000\000\000\000\000\000\000""; nodePubKey: ""\002\031\356p7g\301C\213'\252;p\007\211\345G\223\330\261\277\313\310Pm\016p|\376\310\342\020\261""; closeTime: 803849273; signature: ""0D\002 [\335?zTM3\252b\314J7\272\213B\310\245H_\266{\202\026[Ff*X\366\314\375\314\002 \030\237b\364\261a\211\301^\341)\374g2g\362f\270\262\235\r\361\210{\324\344\\216\\264~\323""; previousledger: ""\264\245)G\023\327P\311\336[\273\333d\336I\305\256\302\316\214\303'\253!\303]\007\314T\207!3""; "
1750534074566,1750534074566,391,1,1,4,TMProposeSet,"proposeSeq: 0; currentTxHash: ""\000\000\000\000\000\000\000\000\000\000\000\000\000\000\000\000\000\000\000\000\000\000\000\000\000\000\000\000\000\000\000\000""; nodePubKey: ""\002\031\356p7g\301C\213'\252;p\007\211\345G\223\330\261\277\313\310Pm\016p|\376\310\342\020\261""; closeTime: 803849273; signature: ""0D\002 [\335?zTM3\252b\314J7\272\213B\310\245H_\266{\202\026[Ff*X\366\314\375\314\002 \030\237b\364\261a\211\301^\341)\374g2g\362f\270\262\235\r\361\210{\324\344\\216\\264~\323""; previousledger: ""\264\245)G\023\327P\311\336[\273\333d\336I\305\256\302\316\214\303'\253!\303]\007\314T\207!3""; ","proposeSeq: 0; currentTxHash: ""\000\000\000\000\000\000\000\000\000\000\000\000\000\000\000\000\000\000\000\000\000\000\000\000\000\000\000\000\000\000\000\000""; nodePubKey: ""\002\031\356p7g\301C\213'\252;p\007\211\345G\223\330\261\277\313\310Pm\016p|\376\310\342\020\261""; closeTime: 803849273; signature: ""0D\002 [\335?zTM3\252b\314J7\272\213B\310\245H_\266{\202\026[Ff*X\366\314\375\314\002 \030\237b\364\261a\211\301^\341)\374g2g\362f\270\262\235\r\361\210{\324\344\\216\\264~\323""; previousledger: ""\264\245)G\023\327P\311\336[\273\333d\336I\305\256\302\316\214\303'\253!\303]\007\314T\207!3""; "
1750534074625,1750534074625,1959,1,1,4,TMValidation,"validation: """"\200\000\000\001&\000\000\000\003)/\351\3048:\362\035\024\354\227\211\220\341Q\264\245)G\023\327P\311\336[\273\333d\336I\305\256\302\316\214\303'\253!\303]\007\314T\207!3P\027\000\000\000\000\000\000\000\000\000\000\000\000\000\000\000\000\000\000\000\000\000\000\000\000\000\000\000\000\000\000\000\000P\031-}\351f\032\255\274\334m\326c\017\014ao[\342\230\003\245\245\3341Hm\326^\017jy\335\261s!\003\246\253M+\327\254x)\270\216\311K-\350#\234\005\242\246\352}{iSd\374\322d\355G\010\240vF0D\002 ~\300-\322\031R\240c7\027\312P\323\014SL\342\214\344K\220\300O\326k]\366\017i\232\\313\002 R\362\320VG\375\323u\341\253\006>af\221\331j\245\365-\224'\252\214\212C\340v\311\256\370\226""; ","validation: """"\200\000\000\001&\000\000\000\003)/\351\3048:\362\035\024\354\227\211\220\341Q\264\245)G\023\327P\311\336[\273\333d\336I\305\256\302\316\214\303'\253!\303]\007\314T\207!3P\027\000\000\000\000\000\000\000\000\000\000\000\000\000\000\000\000\000\000\000\000\000\000\000\000\000\000\000\000\000\000\000\000P\031-}\351f\032\255\274\334m\326c\017\014ao[\342\230\003\245\245\3341Hm\326^\017jy\335\261s!\003\246\253M+\327\254x)\270\216\311K-\350#\234\005\242\246\352}{iSd\374\322d\355G\010\240vF0D\002 ~\300-\322\031R\240c7\027\312P\323\014SL\342\214\344K\220\300O\326k]\366\017i\232\\313\002 R\362\320VG\375\323u\341\253\006>af\221\331j\245\365-\224'\252\214\212C\340v\311\256\370\226""; "
1750534074625,1750534074625,546,1,1,0,TMValidation,"validation: """"\200\000\000\001&\000\000\000\003)/\351\3048:\362\035\024\354\227\211\220\341Q\264\245)G\023\327P\311\336[\273\333d\336I\305\256\302\316\214\303'\253!\303]\007\314T\207!3P\027\000\000\000\000\000\000\000\000\000\000\000\000\000\000\000\000\000\000\000\000\000\000\000\000\000\000\000\000\000\000\000\000P\031-}\351f\032\255\274\334m\326c\017\014ao[\342\230\003\245\245\3341Hm\326^\017jy\335\261s!\003\246\253M+\327\254x)\270\216\311K-\350#\234\005\242\246\352}{iSd\374\322d\355G\010\240vF0D\002 ~\300-\322\031R\240c7\027\312P\323\014SL\342\214\344K\220\300O\326k]\366\017i\232\\313\002 R\362\320VG\375\323u\341\253\006>af\221\331j\245\365-\224'\252\214\212C\340v\311\256\370\226""; ","validation: """"\200\000\000\001&\000\000\000\003)/\351\3048:\362\035\024\354\227\211\220\341Q\264\245)G\023\327P\311\336[\273\333d\336I\305\256\302\316\214\303'\253!\303]\007\314T\207!3P\027\000\000\000\000\000\000\000\000\000\000\000\000\000\000\000\000\000\000\000\000\000\000\000\000\000\000\000\000\000\000\000\000P\031-}\351f\032\255\274\334m\326c\017\014ao[\342\230\003\245\245\3341Hm\326^\017jy\335\261s!\003\246\253M+\327\254x)\270\216\311K-\350#\234\005\242\246\352}{iSd\374\322d\355G\010\240vF0D\002 ~\300-\322\031R\240c7\027\312P\323\014SL\342\214\344K\220\300O\326k]\366\017i\232\\313\002 R\362\320VG\375\323u\341\253\006>af\221\331j\245\365-\224'\252\214\212C\340v\311\256\370\226""; "
1750534074626,1750534074626,3986,1,1,2,TMValidation,"validation: """"\200\000\000\001&\000\000\000\003)/\351\3048:\362\035\024\354\227\211\220\341Q\264\245)G\023\327P\311\336[\273\333d\336I\305\256\302\316\214\303'\253!\303]\007\314T\207!3P\027\000\000\000\000\000\000\000\000\000\000\000\000\000\000\000\000\000\000\000\000\000\000\000\000\000\000\000\000\000\000\000\000P\031-}\351f\032\255\274\334m\326c\017\014ao[\342\230\003\245\245\3341Hm\326^\017jy\335\261s!\003\246\253M+\327\254x)\270\216\311K-\350#\234\005\242\246\352}{iSd\374\322d\355G\010\240vF0D\002 ~\300-\322\031R\240c7\027\312P\323\014SL\342\214\344K\220\300O\326k]\366\017i\232\\313\002 R\362\320VG\375\323u\341\253\006>af\221\331j\245\365-\224'\252\214\212C\340v\311\256\370\226""; ","validation: """"\200\000\000\001&\000\000\000\003)/\351\3048:\362\035\024\354\227\211\220\341Q\264\245)G\023\327P\311\336[\273\333d\336I\305\256\302\316\214\303'\253!\303]\007\314T\207!3P\027\000\000\000\000\000\000\000\000\000\000\000\000\000\000\000\000\000\000\000\000\000\000\000\000\000\000\000\000\000\000\000\000P\031-}\351f\032\255\274\334m\326c\017\014ao[\342\230\003\245\245\3341Hm\326^\017jy\335\261s!\003\246\253M+\327\254x)\270\216\311K-\350#\234\005\242\246\352}{iSd\374\322d\355G\010\240vF0D\002 ~\300-\322\031R\240c7\027\312P\323\014SL\342\214\344K\220\300O\326k]\366\017i\232\\313\002 R\362\320VG\375\323u\341\253\006>af\221\331j\245\365-\224'\252\214\212C\340v\311\256\370\226""; "
1750534074656,1750534074656,272,1,4,3,TMValidation,"validation: """"\200\000\000\001&\000\000\000\003)/\351\3048:\001\317\351\3603A\3522Q\264\245)G\023\327P\311\336[\273\333d\336I\305\256\302\316\214\303'\253!\303]\007\314T\207!3P\027\000\000\000\000\000\000\000\000\000\000\000\000\000\000\000\000\000\000\000\000\000\000\000\000\000\000\000\000\000\000\000\000P\031-}\351f\032\255\274\334m\326c\017\014ao[\342\230\003\245\245\3341Hm\326^\017jy\335\261s!\003)\036\227\370\t\264\235\206\317\234B\n\230/\375\257\335fo\253d\026_\357K\336\020\302\356\323\222\376vG0E\002!\000\357t\027\026l'\332s!\376T\205\251E>>\001\367\241Zj[vB\213\3104\253\r\206w\234\002 R:\031y\251\317\371b\342J\276\tpX\376'\t\347\020]\215\n\234\310\312Su\232t<>2""; ","validation: """"\200\000\000\001&\000\000\000\003)/\351\3048:\001\317\351\3603A\3522Q\264\245)G\023\327P\311\336[\273\333d\336I\305\256\302\316\214\303'\253!\303]\007\314T\207!3P\027\000\000\000\000\000\000\000\000\000\000\000\000\000\000\000\000\000\000\000\000\000\000\000\000\000\000\000\000\000\000\000\000P\031-}\351f\032\255\274\334m\326c\017\014ao[\342\230\003\245\245\3341Hm\326^\017jy\335\261s!\003)\036\227\370\t\264\235\206\317\234B\n\230/\375\257\335fo\253d\026_\357K\336\020\302\356\323\222\376vG0E\002!\000\357t\027\026l'\332s!\376T\205\251E>>\001\367\241Zj[vB\213\3104\253\r\206w\234\002 R:\031y\251\317\371b\342J\276\tpX\376'\t\347\020]\215\n\234\310\312Su\232t<>2""; "
1750534074658,1750534074658,2854,1,4,0,TMValidation,"validation: """"\200\000\000\001&\000\000\000\003)/\351\3048:\001\317\351\3603A\3522Q\264\245)G\023\327P\311\336[\273\333d\336I\305\256\302\316\214\303'\253!\303]\007\314T\207!3P\027\000\000\000\000\000\000\000\000\000\000\000\000\000\000\000\000\000\000\000\000\000\000\000\000\000\000\000\000\000\000\000\000P\031-}\351f\032\255\274\334m\326c\017\014ao[\342\230\003\245\245\3341Hm\326^\017jy\335\261s!\003)\036\227\370\t\264\235\206\317\234B\n\230/\375\257\335fo\253d\026_\357K\336\020\302\356\323\222\376vG0E\002!\000\357t\027\026l'\332s!\376T\205\251E>>\001\367\241Zj[vB\213\3104\253\r\206w\234\002 R:\031y\251\317\371b\342J\276\tpX\376'\t\347\020]\215\n\234\310\312Su\232t<>2""; ","validation: """"\200\000\000\001&\000\000\000\003)/\351\3048:\001\317\351\3603A\3522Q\264\245)G\023\327P\311\336[\273\333d\336I\305\256\302\316\214\303'\253!\303]\007\314T\207!3P\027\000\000\000\000\000\000\000\000\000\000\000\000\000\000\000\000\000\000\000\000\000\000\000\000\000\000\000\000\000\000\000\000P\031-}\351f\032\255\274\334m\326c\017\014ao[\342\230\003\245\245\3341Hm\326^\017jy\335\261s!\003)\036\227\370\t\264\235\206\317\234B\n\230/\375\257\335fo\253d\026_\357K\336\020\302\356\323\222\376vG0E\002!\000\357t\027\026l'\332s!\376T\205\251E>>\001\367\241Zj[vB\213\3104\253\r\206w\234\002 R:\031y\251\317\371b\342J\276\tpX\376'\t\347\020]\215\n\234\310\312Su\232t<>2""; "
1750534074658,1750534074658,235,1,4,2,TMValidation,"validation: """"\200\000\000\001&\000\000\000\003)/\351\3048:\001\317\351\3603A\3522Q\264\245)G\023\327P\311\336[\273\333d\336I\305\256\302\316\214\303'\253!\303]\007\314T\207!3P\027\000\000\000\000\000\000\000\000\000\000\000\000\000\000\000\000\000\000\000\000\000\000\000\000\000\000\000\000\000\000\000\000P\031-}\351f\032\255\274\334m\326c\017\014ao[\342\230\003\245\245\3341Hm\326^\017jy\335\261s!\003)\036\227\370\t\264\235\206\317\234B\n\230/\375\257\335fo\253d\026_\357K\336\020\302\356\323\222\376vG0E\002!\000\357t\027\026l'\332s!\376T\205\251E>>\001\367\241Zj[vB\213\3104\253\r\206w\234\002 R:\031y\251\317\371b\342J\276\tpX\376'\t\347\020]\215\n\234\310\312Su\232t<>2""; ","validation: """"\200\000\000\001&\000\000\000\003)/\351\3048:\001\317\351\3603A\3522Q\264\245)G\023\327P\311\336[\273\333d\336I\305\256\302\316\214\303'\253!\303]\007\314T\207!3P\027\000\000\000\000\000\000\000\000\000\000\000\000\000\000\000\000\000\000\000\000\000\000\000\000\000\000\000\000\000\000\000\000P\031-}\351f\032\255\274\334m\326c\017\014ao[\342\230\003\245\245\3341Hm\326^\017jy\335\261s!\003)\036\227\370\t\264\235\206\317\234B\n\230/\375\257\335fo\253d\026_\357K\336\020\302\356\323\222\376vG0E\002!\000\357t\027\026l'\332s!\376T\205\251E>>\001\367\241Zj[vB\213\3104\253\r\206w\234\002 R:\031y\251\317\371b\342J\276\tpX\376'\t\347\020]\215\n\234\310\312Su\232t<>2""; "
1750534074665,1750534074665,1927,1,0,2,TMValidation,"validation: """"\200\000\000\001&\000\000\000\003)/\351\3048:\362\035\024\354\227\211\220\341Q\264\245)G\023\327P\311\336[\273\333d\336I\305\256\302\316\214\303'\253!\303]\007\314T\207!3P\027\000\000\000\000\000\000\000\000\000\000\000\000\000\000\000\000\000\000\000\000\000\000\000\000\000\000\000\000\000\000\000\000P\031-}\351f\032\255\274\334m\326c\017\014ao[\342\230\003\245\245\3341Hm\326^\017jy\335\261s!\003\246\253M+\327\254x)\270\216\311K-\350#\234\005\242\246\352}{iSd\374\322d\355G\010\240vF0D\002 ~\300-\322\031R\240c7\027\312P\323\014SL\342\214\344K\220\300O\326k]\366\017i\232\\313\002 R\362\320VG\375\323u\341\253\006>af\221\331j\245\365-\224'\252\214\212C\340v\311\256\370\226""; ","validation: """"\200\000\000\001&\000\000\000\003)/\351\3048:\362\035\024\354\227\211\220\341Q\264\245)G\023\327P\311\336[\273\333d\336I\305\256\302\316\214\303'\253!\303]\007\314T\207!3P\027\000\000\000\000\000\000\000\000\000\000\000\000\000\000\000\000\000\000\000\000\000\000\000\000\000\000\000\000\000\000\000\000P\031-}\351f\032\255\274\334m\326c\017\014ao[\342\230\003\245\245\3341Hm\326^\017jy\335\261s!\003\246\253M+\327\254x)\270\216\311K-\350#\234\005\242\246\352}{iSd\374\322d\355G\010\240vF0D\002 ~\300-\322\031R\240c7\027\312P\323\014SL\342\214\344K\220\300O\326k]\366\017i\232\\313\002 R\362\320VG\375\323u\341\253\006>af\221\331j\245\365-\224'\252\214\212C\340v\311\256\370\226""; "
1750534074665,1750534074665,3863,1,0,4,TMValidation,"validation: """"\200\000\000\001&\000\000\000\003)/\351\3048:\362\035\024\354\227\211\220\341Q\264\245)G\023\327P\311\336[\273\333d\336I\305\256\302\316\214\303'\253!\303]\007\314T\207!3P\027\000\000\000\000\000\000\000\000\000\000\000\000\000\000\000\000\000\000\000\000\000\000\000\000\000\000\000\000\000\000\000\000P\031-}\351f\032\255\274\334m\326c\017\014ao[\342\230\003\245\245\3341Hm\326^\017jy\335\261s!\003\246\253M+\327\254x)\270\216\311K-\350#\234\005\242\246\352}{iSd\374\322d\355G\010\240vF0D\002 ~\300-\322\031R\240c7\027\312P\323\014SL\342\214\344K\220\300O\326k]\366\017i\232\\313\002 R\362\320VG\375\323u\341\253\006>af\221\331j\245\365-\224'\252\214\212C\340v\311\256\370\226""; ","validation: """"\200\000\000\001&\000\000\000\003)/\351\3048:\362\035\024\354\227\211\220\341Q\264\245)G\023\327P\311\336[\273\333d\336I\305\256\302\316\214\303'\253!\303]\007\314T\207!3P\027\000\000\000\000\000\000\000\000\000\000\000\000\000\000\000\000\000\000\000\000\000\000\000\000\000\000\000\000\000\000\000\000P\031-}\351f\032\255\274\334m\326c\017\014ao[\342\230\003\245\245\3341Hm\326^\017jy\335\261s!\003\246\253M+\327\254x)\270\216\311K-\350#\234\005\242\246\352}{iSd\374\322d\355G\010\240vF0D\002 ~\300-\322\031R\240c7\027\312P\323\014SL\342\214\344K\220\300O\326k]\366\017i\232\\313\002 R\362\320VG\375\323u\341\253\006>af\221\331j\245\365-\224'\252\214\212C\340v\311\256\370\226""; "
1750534074667,1750534074667,127,1,0,1,TMValidation,"validation: """"\200\000\000\001&\000\000\000\003)/\351\3048:\362\035\024\354\227\211\220\341Q\264\245)G\023\327P\311\336[\273\333d\336I\305\256\302\316\214\303'\253!\303]\007\314T\207!3P\027\000\000\000\000\000\000\000\000\000\000\000\000\000\000\000\000\000\000\000\000\000\000\000\000\000\000\000\000\000\000\000\000P\031-}\351f\032\255\274\334m\326c\017\014ao[\342\230\003\245\245\3341Hm\326^\017jy\335\261s!\003\246\253M+\327\254x)\270\216\311K-\350#\234\005\242\246\352}{iSd\374\322d\355G\010\240vF0D\002 ~\300-\322\031R\240c7\027\312P\323\014SL\342\214\344K\220\300O\326k]\366\017i\232\\313\002 R\362\320VG\375\323u\341\253\006>af\221\331j\245\365-\224'\252\214\212C\340v\311\256\370\226""; ","validation: """"\200\000\000\001&\000\000\000\003)/\351\3048:\362\035\024\354\227\211\220\341Q\264\245)G\023\327P\311\336[\273\333d\336I\305\256\302\316\214\303'\253!\303]\007\314T\207!3P\027\000\000\000\000\000\000\000\000\000\000\000\000\000\000\000\000\000\000\000\000\000\000\000\000\000\000\000\000\000\000\000\000P\031-}\351f\032\255\274\334m\326c\017\014ao[\342\230\003\245\245\3341Hm\326^\017jy\335\261s!\003\246\253M+\327\254x)\270\216\311K-\350#\234\005\242\246\352}{iSd\374\322d\355G\010\240vF0D\002 ~\300-\322\031R\240c7\027\312P\323\014SL\342\214\344K\220\300O\326k]\366\017i\232\\313\002 R\362\320VG\375\323u\341\253\006>af\221\331j\245\365-\224'\252\214\212C\340v\311\256\370\226""; "
1750534074698,1750534074698,2064,1,2,4,TMValidation,"validation: """"\200\000\000\001&\000\000\000\003)/\351\3048:7\006\273IhO\034\261Q\264\245)G\023\327P\311\336[\273\333d\336I\305\256\302\316\214\303'\253!\303]\007\314T\207!3P\027\000\000\000\000\000\000\000\000\000\000\000\000\000\000\000\000\000\000\000\000\000\000\000\000\000\000\000\000\000\000\000\000P\031-}\351f\032\255\274\334m\326c\017\014ao[\342\230\003\245\245\3341Hm\326^\017jy\335\261s!\002\227gv\346\003n\232f\264\2224\366\324\341o\5\217J\337\2771q\223O\025\217G8\235\301fvF0D\002 H\372\211L\3420\013\266~\203\305\351\003\006Q_\234A""\027\373\266\341d;\312\311\204BYbL\002 \013\244\222\207[\017p\375g\356\241V\372\335A/\372o-\345\234\264G9\361\363\020\264\200\331~\370""; ","validation: """"\200\000\000\001&\000\000\000\003)/\351\3048:7\006\273IhO\034\261Q\264\245)G\023\327P\311\336[\273\333d\336I\305\256\302\316\214\303'\253!\303]\007\314T\207!3P\027\000\000\000\000\000\000\000\000\000\000\000\000\000\000\000\000\000\000\000\000\000\000\000\000\000\000\000\000\000\000\000\000P\031-}\351f\032\255\274\334m\326c\017\014ao[\342\230\003\245\245\3341Hm\326^\017jy\335\261s!\002\227gv\346\003n\232f\264\2224\366\324\341o\5\217J\337\2771q\223O\025\217G8\235\301fvF0D\002 H\372\211L\3420\013\266~\203\305\351\003\006Q_\234A""\027\373\266\341d;\312\311\204BYbL\002 \013\244\222\207[\017p\375g\356\241V\372\335A/\372o-\345\234\264G9\361\363\020\264\200\331~\370""; "
1750534074699,1750534074699,2970,1,2,3,TMValidation,"validation: """"\200\000\000\001&\000\000\000\003)/\351\3048:7\006\273IhO\034\261Q\264\245)G\023\327P\311\336[\273\333d\336I\305\256\302\316\214\303'\253!\303]\007\314T\207!3P\027\000\000\000\000\000\000\000\000\000\000\000\000\000\000\000\000\000\000\000\000\000\000\000\000\000\000\000\000\000\000\000\000P\031-}\351f\032\255\274\334m\326c\017\014ao[\342\230\003\245\245\3341Hm\326^\017jy\335\261s!\002\227gv\346\003n\232f\264\2224\366\324\341o\5\217J\337\2771q\223O\025\217G8\235\301fvF0D\002 H\372\211L\3420\013\266~\203\305\351\003\006Q_\234A""\027\373\266\341d;\312\311\204BYbL\002 \013\244\222\207[\017p\375g\356\241V\372\335A/\372o-\345\234\264G9\361\363\020\264\200\331~\370""; ","validation: """"\200\000\000\001&\000\000\000\003)/\351\3048:7\006\273IhO\034\261Q\264\245)G\023\327P\311\336[\273\333d\336I\305\256\302\316\214\303'\253!\303]\007\314T\207!3P\027\000\000\000\000\000\000\000\000\000\000\000\000\000\000\000\000\000\000\000\000\000\000\000\000\000\000\000\000\000\000\000\000P\031-}\351f\032\255\274\334m\326c\017\014ao[\342\230\003\245\245\3341Hm\326^\017jy\335\261s!\002\227gv\346\003n\232f\264\2224\366\324\341o\5\217J\337\2771q\223O\025\217G8\235\301fvF0D\002 H\372\211L\3420\013\266~\203\305\351\003\006Q_\234A""\027\373\266\341d;\312\311\204BYbL\002 \013\244\222\207[\017p\375g\356\241V\372\335A/\372o-\345\234\264G9\361\363\020\264\200\331~\370""; "
1750534074699,1750534074699,1391,1,2,1,TMValidation,"validation: """"\200\000\000\001&\000\000\000\003)/\351\3048:7\006\273IhO\034\261Q\264\245)G\023\327P\311\336[\273\333d\336I\305\256\302\316\214\303'\253!\303]\007\314T\207!3P\027\000\000\000\000\000\000\000\000\000\000\000\000\000\000\000\000\000\000\000\000\000\000\000\000\000\000\000\000\000\000\000\000P\031-}\351f\032\255\274\334m\326c\017\014ao[\342\230\003\245\245\3341Hm\326^\017jy\335\261s!\002\227gv\346\003n\232f\264\2224\366\324\341o\5\217J\337\2771q\223O\025\217G8\235\301fvF0D\002 H\372\211L\3420\013\266~\203\305\351\003\006Q_\234A""\027\373\266\341d;\312\311\204BYbL\002 \013\244\222\207[\017p\375g\356\241V\372\335A/\372o-\345\234\264G9\361\363\020\264\200\331~\370""; ","validation: """"\200\000\000\001&\000\000\000\003)/\351\3048:7\006\273IhO\034\261Q\264\245)G\023\327P\311\336[\273\333d\336I\305\256\302\316\214\303'\253!\303]\007\314T\207!3P\027\000\000\000\000\000\000\000\000\000\000\000\000\000\000\000\000\000\000\000\000\000\000\000\000\000\000\000\000\000\000\000\000P\031-}\351f\032\255\274\334m\326c\017\014ao[\342\230\003\245\245\3341Hm\326^\017jy\335\261s!\002\227gv\346\003n\232f\264\2224\366\324\341o\5\217J\337\2771q\223O\025\217G8\235\301fvF0D\002 H\372\211L\3420\013\266~\203\305\351\003\006Q_\234A""\027\373\266\341d;\312\311\204BYbL\002 \013\244\222\207[\017p\375g\356\241V\372\335A/\372o-\345\234\264G9\361\363\020\264\200\331~\370""; "
1750534074717,1750534074718,563,1,1,4,TMTransaction,"rawTransaction: ""\022\000\000""\000\000\000\000$\000\000\000\002 \033\000\000\000\027a@\000\000\027H\206*@h@\000\000\000\000\000\000\ns!\0030\347\374\235V\273%\326\211;\243\363\027\256[\3173\263)\033\326=\263&T\243\023""/\177\320 tF0D\002 e\310d\304\242\007(p\302p\004\345\250\275U\340\365\235\_\250\354\204\020\003{\356\235\341U{\276\002 \031\001\235C\356%Kp\216d\r\031\201\001\337mYDSX\002\240G@x\020\267\264\357\353a\231\201\024\265\367by\212S\325C\240\024\312\370\262\227\317\370\362\3717\350\203\024\306\n\344D\377\362=\277\\260\3771\372aJ\311\247\nlF""; status: tsCURRENT; receiveTimestamp: 803849274; deferred: false; ","rawTransaction: ""\022\000\000""\000\000\000\000$\000\000\000\002 \033\000\000\000\027a@\000\000\027H\206*@h@\000\000\000\000\000\000\ns!\0030\347\374\235V\273%\326\211;\243\363\027\256[\3173\263)\033\326=\263&T\243\023""/\177\320 tF0D\002 e\310d\304\242\007(p\302p\004\345\250\275U\340\365\235\_\250\354\204\020\003{\356\235\341U{\276\002 \031\001\235C\356%Kp\216d\r\031\201\001\337mYDSX\002\240G@x\020\267\264\357\353a\231\201\024\265\367by\212S\325C\240\024\312\370\262\227\317\370\362\3717\350\203\024\306\n\344D\377\362=\277\\260\3771\372aJ\311\247\nlF""; status: tsCURRENT; receiveTimestamp: 803849274; deferred: false; "
1750534074718,1750534074719,2761,1,1,2,TMTransaction,"rawTransaction: ""\022\000\000""\000\000\000\000$\000\000\000\002 \033\000\000\000\027a@\000\000\027H\206*@h@\000\000\000\000\000\000\ns!\0030\347\374\235V\273%\326\211;\243\363\027\256[\3173\263)\033\326=\263&T\243\023""/\177\320 tF0D\002 e\310d\304\242\007(p\302p\004\345\250\275U\340\365\235\_\250\354\204\020\003{\356\235\341U{\276\002 \031\001\235C\356%Kp\216d\r\031\201\001\337mYDSX\002\240G@x\020\267\264\357\353a\231\201\024\265\367by\212S\325C\240\024\312\370\262\227\317\370\362\3717\350\203\024\306\n\344D\377\362=\277\\260\3771\372aJ\311\247\nlF""; status: tsCURRENT; receiveTimestamp: 803849274; deferred: false; ","rawTransaction: ""\022\000\000""\000\000\000\000$\000\000\000\002 \033\000\000\000\027a@\000\000\027H\206*@h@\000\000\000\000\000\000\ns!\0030\347\374\235V\273%\326\211;\243\363\027\256[\3173\263)\033\326=\263&T\243\023""/\177\320 tF0D\002 e\310d\304\242\007(p\302p\004\345\250\275U\340\365\235\_\250\354\204\020\003{\356\235\341U{\276\002 \031\001\235C\356%Kp\216d\r\031\201\001\337mYDSX\002\240G@x\020\267\264\357\353a\231\201\024\265\367by\212S\325C\240\024\312\370\262\227\317\370\362\3717\350\203\024\306\n\344D\377\362=\277\\260\3771\372aJ\311\247\nlF""; status: tsCURRENT; receiveTimestamp: 803849274; deferred: false; "
1750534074718,1750534074719,3498,1,1,3,TMTransaction,"rawTransaction: ""\022\000\000""\000\000\000\000$\000\000\000\002 \033\000\000\000\027a@\000\000\027H\206*@h@\000\000\000\000\000\000\ns!\0030\347\374\235V\273%\326\211;\243\363\027\256[\3173\263)\033\326=\263&T\243\023""/\177\320 tF0D\002 e\310d\304\242\007(p\302p\004\345\250\275U\340\365\235\_\250\354\204\020\003{\356\235\341U{\276\002 \031\001\235C\356%Kp\216d\r\031\201\001\337mYDSX\002\240G@x\020\267\264\357\353a\231\201\024\265\367by\212S\325C\240\024\312\370\262\227\317\370\362\3717\350\203\024\306\n\344D\377\362=\277\\260\3771\372aJ\311\247\nlF""; status: tsCURRENT; receiveTimestamp: 803849274; deferred: false; ","rawTransaction: ""\022\000\000""\000\000\000\000$\000\000\000\002 \033\000\000\000\027a@\000\000\027H\206*@h@\000\000\000\000\000\000\ns!\0030\347\374\235V\273%\326\211;\243\363\027\256[\3173\263)\033\326=\263&T\243\023""/\177\320 tF0D\002 e\310d\304\242\007(p\302p\004\345\250\275U\340\365\235\_\250\354\204\020\003{\356\235\341U{\276\002 \031\001\235C\356%Kp\216d\r\031\201\001\337mYDSX\002\240G@x\020\267\264\357\353a\231\201\024\265\367by\212S\325C\240\024\312\370\262\227\317\370\362\3717\350\203\024\306\n\344D\377\362=\277\\260\3771\372aJ\311\247\nlF""; status: tsCURRENT; receiveTimestamp: 803849274; deferred: false; "
1750534074718,1750534074720,1293,1,1,0,TMTransaction,"rawTransaction: ""\022\000\000""\000\000\000\000$\000\000\000\002 \033\000\000\000\027a@\000\000\027H\206*@h@\000\000\000\000\000\000\ns!\0030\347\374\235V\273%\326\211;\243\363\027\256[\3173\263)\033\326=\263&T\243\023""/\177\320 tF0D\002 e\310d\304\242\007(p\302p\004\345\250\275U\340\365\235\_\250\354\204\020\003{\356\235\341U{\276\002 \031\001\235C\356%Kp\216d\r\031\201\001\337mYDSX\002\240G@x\020\267\264\357\353a\231\201\024\265\367by\212S\325C\240\024\312\370\262\227\317\370\362\3717\350\203\024\306\n\344D\377\362=\277\\260\3771\372aJ\311\247\nlF""; status: tsCURRENT; receiveTimestamp: 803849274; deferred: false; ","rawTransaction: ""\022\000\000""\000\000\000\000$\000\000\000\002 \033\000\000\000\027a@\000\000\027H\206*@h@\000\000\000\000\000\000\ns!\0030\347\374\235V\273%\326\211;\243\363\027\256[\3173\263)\033\326=\263&T\243\023""/\177\320 tF0D\002 e\310d\304\242\007(p\302p\004\345\250\275U\340\365\235\_\250\354\204\020\003{\356\235\341U{\276\002 \031\001\235C\356%Kp\216d\r\031\201\001\337mYDSX\002\240G@x\020\267\264\357\353a\231\201\024\265\367by\212S\325C\240\024\312\370\262\227\317\370\362\3717\350\203\024\306\n\344D\377\362=\277\\260\3771\372aJ\311\247\nlF""; status: tsCURRENT; receiveTimestamp: 803849274; deferred: false; "
1750534074730,1750534074730,764,1,0,1,TMProposeSet,"proposeSeq: 0; currentTxHash: ""\000\000\000\000\000\000\000\000\000\000\000\000\000\000\000\000\000\000\000\000\000\000\000\000\000\000\000\000\000\000\000\000""; nodePubKey: ""\003\241q\201\005c\265\003\367~\267xq\264\m_\310U\235\3644\246\306\345#""\246\274'%\251)""; closeTime: 803849274; signature: ""0D\002 yM\246\372 ^\353\373]\302\221[\304\233\371\263\234\r\0237f\221\000\305-w\233}\2552\002z\002 (\353\376\t\207]L_\275\336\244\363,\315\305\251\032\023s,w\t\301\023\360\026\257\344\231\221\322\n""; previousledger: ""\264\245)G\023\327P\311\336[\273\333d\336I\305\256\302\316\214\303'\253!\303]\007\314T\207!3""; ","proposeSeq: 0; currentTxHash: ""\000\000\000\000\000\000\000\000\000\000\000\000\000\000\000\000\000\000\000\000\000\000\000\000\000\000\000\000\000\000\000\000""; nodePubKey: ""\003\241q\201\005c\265\003\367~\267xq\264\m_\310U\235\3644\246\306\345#""\246\274'%\251)""; closeTime: 803849274; signature: ""0D\002 yM\246\372 ^\353\373]\302\221[\304\233\371\263\234\r\0237f\221\000\305-w\233}\2552\002z\002 (\353\376\t\207]L_\275\336\244\363,\315\305\251\032\023s,w\t\301\023\360\026\257\344\231\221\322\n""; previousledger: ""\264\245)G\023\327P\311\336[\273\333d\336I\305\256\302\316\214\303'\253!\303]\007\314T\207!3""; "
1750534074730,1750534074730,2193,1,0,2,TMProposeSet,"proposeSeq: 0; currentTxHash: ""\000\000\000\000\000\000\000\000\000\000\000\000\000\000\000\000\000\000\000\000\000\000\000\000\000\000\000\000\000\000\000\000""; nodePubKey: ""\003\241q\201\005c\265\003\367~\267xq\264\m_\310U\235\3644\246\306\345#""\246\274'%\251)""; closeTime: 803849274; signature: ""0D\002 yM\246\372 ^\353\373]\302\221[\304\233\371\263\234\r\0237f\221\000\305-w\233}\2552\002z\002 (\353\376\t\207]L_\275\336\244\363,\315\305\251\032\023s,w\t\301\023\360\026\257\344\231\221\322\n""; previousledger: ""\264\245)G\023\327P\311\336[\273\333d\336I\305\256\302\316\214\303'\253!\303]\007\314T\207!3""; ","proposeSeq: 0; currentTxHash: ""\000\000\000\000\000\000\000\000\000\000\000\000\000\000\000\000\000\000\000\000\000\000\000\000\000\000\000\000\000\000\000\000""; nodePubKey: ""\003\241q\201\005c\265\003\367~\267xq\264\m_\310U\235\3644\246\306\345#""\246\274'%\251)""; closeTime: 803849274; signature: ""0D\002 yM\246\372 ^\353\373]\302\221[\304\233\371\263\234\r\0237f\221\000\305-w\233}\2552\002z\002 (\353\376\t\207]L_\275\336\244\363,\315\305\251\032\023s,w\t\301\023\360\026\257\344\231\221\322\n""; previousledger: ""\264\245)G\023\327P\311\336[\273\333d\336I\305\256\302\316\214\303'\253!\303]\007\314T\207!3""; "
1750534074730,1750534074730,2102,1,0,3,TMProposeSet,"proposeSeq: 0; currentTxHash: ""\000\000\000\000\000\000\000\000\000\000\000\000\000\000\000\000\000\000\000\000\000\000\000\000\000\000\000\000\000\000\000\000""; nodePubKey: ""\003\241q\201\005c\265\003\367~\267xq\264\m_\310U\235\3644\246\306\345#""\246\274'%\251)""; closeTime: 803849274; signature: ""0D\002 yM\246\372 ^\353\373]\302\221[\304\233\371\263\234\r\0237f\221\000\305-w\233}\2552\002z\002 (\353\376\t\207]L_\275\336\244\363,\315\305\251\032\023s,w\t\301\023\360\026\257\344\231\221\322\n""; previousledger: ""\264\245)G\023\327P\311\336[\273\333d\336I\305\256\302\316\214\303'\253!\303]\007\314T\207!3""; ","proposeSeq: 0; currentTxHash: ""\000\000\000\000\000\000\000\000\000\000\000\000\000\000\000\000\000\000\000\000\000\000\000\000\000\000\000\000\000\000\000\000""; nodePubKey: ""\003\241q\201\005c\265\003\367~\267xq\264\m_\310U\235\3644\246\306\345#""\246\274'%\251)""; closeTime: 803849274; signature: ""0D\002 yM\246\372 ^\353\373]\302\221[\304\233\371\263\234\r\0237f\221\000\305-w\233}\2552\002z\002 (\353\376\t\207]L_\275\336\244\363,\315\305\251\032\023s,w\t\301\023\360\026\257\344\231\221\322\n""; previousledger: ""\264\245)G\023\327P\311\336[\273\333d\336I\305\256\302\316\214\303'\253!\303]\007\314T\207!3""; "
1750534074782,1750534074782,2401,1,2,0,TMProposeSet,"proposeSeq: 0; currentTxHash: ""\000\000\000\000\000\000\000\000\000\000\000\000\000\000\000\000\000\000\000\000\000\000\000\000\000\000\000\000\000\000\000\000""; nodePubKey: ""\003)\036\227\370\t\264\235\206\317\234B\n\230/\375\257\335fo\253d\026_\357K\336\020\302\356\323\222\376""; closeTime: 803849273; signature: ""0D\002 \033\263.\240R\014\032\230\020m\360\350rg\210xu\273\030\367H\247\341\255W-\006 \t\374\243\372\002 \036\302\267r\346\247\272\017\030\370\214\363]\213e?V\335\001\320\240\334)5cdd\003\246v\321f""; previousledger: ""\264\245)G\023\327P\311\336[\273\333d\336I\305\256\302\316\214\303'\253!\303]\007\314T\207!3""; ","proposeSeq: 0; currentTxHash: ""\000\000\000\000\000\000\000\000\000\000\000\000\000\000\000\000\000\000\000\000\000\000\000\000\000\000\000\000\000\000\000\000""; nodePubKey: ""\003)\036\227\370\t\264\235\206\317\234B\n\230/\375\257\335fo\253d\026_\357K\336\020\302\356\323\222\376""; closeTime: 803849273; signature: ""0D\002 \033\263.\240R\014\032\230\020m\360\350rg\210xu\273\030\367H\247\341\255W-\006 \t\374\243\372\002 \036\302\267r\346\247\272\017\030\370\214\363]\213e?V\335\001\320\240\334)5cdd\003\246v\321f""; previousledger: ""\264\245)G\023\327P\311\336[\273\333d\336I\305\256\302\316\214\303'\253!\303]\007\314T\207!3""; "
1750534074783,1750534074783,1165,1,2,1,TMProposeSet,"proposeSeq: 0; currentTxHash: ""\000\000\000\000\000\000\000\000\000\000\000\000\000\000\000\000\000\000\000\000\000\000\000\000\000\000\000\000\000\000\000\000""; nodePubKey: ""\003)\036\227\370\t\264\235\206\317\234B\n\230/\375\257\335fo\253d\026_\357K\336\020\302\356\323\222\376""; closeTime: 803849273; signature: ""0D\002 \033\263.\240R\014\032\230\020m\360\350rg\210xu\273\030\367H\247\341\255W-\006 \t\374\243\372\002 \036\302\267r\346\247\272\017\030\370\214\363]\213e?V\335\001\320\240\334)5cdd\003\246v\321f""; previousledger: ""\264\245)G\023\327P\311\336[\273\333d\336I\305\256\302\316\214\303'\253!\303]\007\314T\207!3""; ","proposeSeq: 0; currentTxHash: ""\000\000\000\000\000\000\000\000\000\000\000\000\000\000\000\000\000\000\000\000\000\000\000\000\000\000\000\000\000\000\000\000""; nodePubKey: ""\003)\036\227\370\t\264\235\206\317\234B\n\230/\375\257\335fo\253d\026_\357K\336\020\302\356\323\222\376""; closeTime: 803849273; signature: ""0D\002 \033\263.\240R\014\032\230\020m\360\350rg\210xu\273\030\367H\247\341\255W-\006 \t\374\243\372\002 \036\302\267r\346\247\272\017\030\370\214\363]\213e?V\335\001\320\240\334)5cdd\003\246v\321f""; previousledger: ""\264\245)G\023\327P\311\336[\273\333d\336I\305\256\302\316\214\303'\253!\303]\007\314T\207!3""; "
1750534074783,1750534074783,606,1,2,3,TMProposeSet,"proposeSeq: 0; currentTxHash: ""\000\000\000\000\000\000\000\000\000\000\000\000\000\000\000\000\000\000\000\000\000\000\000\000\000\000\000\000\000\000\000\000""; nodePubKey: ""\003)\036\227\370\t\264\235\206\317\234B\n\230/\375\257\335fo\253d\026_\357K\336\020\302\356\323\222\376""; closeTime: 803849273; signature: ""0D\002 \033\263.\240R\014\032\230\020m\360\350rg\210xu\273\030\367H\247\341\255W-\006 \t\374\243\372\002 \036\302\267r\346\247\272\017\030\370\214\363]\213e?V\335\001\320\240\334)5cdd\003\246v\321f""; previousledger: ""\264\245)G\023\327P\311\336[\273\333d\336I\305\256\302\316\214\303'\253!\303]\007\314T\207!3""; ","proposeSeq: 0; currentTxHash: ""\000\000\000\000\000\000\000\000\000\000\000\000\000\000\000\000\000\000\000\000\000\000\000\000\000\000\000\000\000\000\000\000""; nodePubKey: ""\003)\036\227\370\t\264\235\206\317\234B\n\230/\375\257\335fo\253d\026_\357K\336\020\302\356\323\222\376""; closeTime: 803849273; signature: ""0D\002 \033\263.\240R\014\032\230\020m\360\350rg\210xu\273\030\367H\247\341\255W-\006 \t\374\243\372\002 \036\302\267r\346\247\272\017\030\370\214\363]\213e?V\335\001\320\240\334)5cdd\003\246v\321f""; previousledger: ""\264\245)G\023\327P\311\336[\273\333d\336I\305\256\302\316\214\303'\253!\303]\007\314T\207!3""; "
1750534074888,1750534074888,2970,1,2,3,TMValidation,"validation: """"\200\000\000\001&\000\000\000\003)/\351\3048:\001\317\351\3603A\3522Q\264\245)G\023\327P\311\336[\273\333d\336I\305\256\302\316\214\303'\253!\303]\007\314T\207!3P\027\000\000\000\000\000\000\000\000\000\000\000\000\000\000\000\000\000\000\000\000\000\000\000\000\000\000\000\000\000\000\000\000P\031-}\351f\032\255\274\334m\326c\017\014ao[\342\230\003\245\245\3341Hm\326^\017jy\335\261s!\003)\036\227\370\t\264\235\206\317\234B\n\230/\375\257\335fo\253d\026_\357K\336\020\302\356\323\222\376vG0E\002!\000\357t\027\026l'\332s!\376T\205\251E>>\001\367\241Zj[vB\213\3104\253\r\206w\234\002 R:\031y\251\317\371b\342J\276\tpX\376'\t\347\020]\215\n\234\310\312Su\232t<>2""; ","validation: """"\200\000\000\001&\000\000\000\003)/\351\3048:\001\317\351\3603A\3522Q\264\245)G\023\327P\311\336[\273\333d\336I\305\256\302\316\214\303'\253!\303]\007\314T\207!3P\027\000\000\000\000\000\000\000\000\000\000\000\000\000\000\000\000\000\000\000\000\000\000\000\000\000\000\000\000\000\000\000\000P\031-}\351f\032\255\274\334m\326c\017\014ao[\342\230\003\245\245\3341Hm\326^\017jy\335\261s!\003)\036\227\370\t\264\235\206\317\234B\n\230/\375\257\335fo\253d\026_\357K\336\020\302\356\323\222\376vG0E\002!\000\357t\027\026l'\332s!\376T\205\251E>>\001\367\241Zj[vB\213\3104\253\r\206w\234\002 R:\031y\251\317\371b\342J\276\tpX\376'\t\347\020]\215\n\234\310\312Su\232t<>2""; "
1750534074888,1750534074889,565,1,2,0,TMValidation,"validation: """"\200\000\000\001&\000\000\000\003)/\351\3048:\001\317\351\3603A\3522Q\264\245)G\023\327P\311\336[\273\333d\336I\305\256\302\316\214\303'\253!\303]\007\314T\207!3P\027\000\000\000\000\000\000\000\000\000\000\000\000\000\000\000\000\000\000\000\000\000\000\000\000\000\000\000\000\000\000\000\000P\031-}\351f\032\255\274\334m\326c\017\014ao[\342\230\003\245\245\3341Hm\326^\017jy\335\261s!\003)\036\227\370\t\264\235\206\317\234B\n\230/\375\257\335fo\253d\026_\357K\336\020\302\356\323\222\376vG0E\002!\000\357t\027\026l'\332s!\376T\205\251E>>\001\367\241Zj[vB\213\3104\253\r\206w\234\002 R:\031y\251\317\371b\342J\276\tpX\376'\t\347\020]\215\n\234\310\312Su\232t<>2""; ","validation: """"\200\000\000\001&\000\000\000\003)/\351\3048:\001\317\351\3603A\3522Q\264\245)G\023\327P\311\336[\273\333d\336I\305\256\302\316\214\303'\253!\303]\007\314T\207!3P\027\000\000\000\000\000\000\000\000\000\000\000\000\000\000\000\000\000\000\000\000\000\000\000\000\000\000\000\000\000\000\000\000P\031-}\351f\032\255\274\334m\326c\017\014ao[\342\230\003\245\245\3341Hm\326^\017jy\335\261s!\003)\036\227\370\t\264\235\206\317\234B\n\230/\375\257\335fo\253d\026_\357K\336\020\302\356\323\222\376vG0E\002!\000\357t\027\026l'\332s!\376T\205\251E>>\001\367\241Zj[vB\213\3104\253\r\206w\234\002 R:\031y\251\317\371b\342J\276\tpX\376'\t\347\020]\215\n\234\310\312Su\232t<>2""; "
1750534074889,1750534074889,1391,1,2,1,TMValidation,"validation: """"\200\000\000\001&\000\000\000\003)/\351\3048:\001\317\351\3603A\3522Q\264\245)G\023\327P\311\336[\273\333d\336I\305\256\302\316\214\303'\253!\303]\007\314T\207!3P\027\000\000\000\000\000\000\000\000\000\000\000\000\000\000\000\000\000\000\000\000\000\000\000\000\000\000\000\000\000\000\000\000P\031-}\351f\032\255\274\334m\326c\017\014ao[\342\230\003\245\245\3341Hm\326^\017jy\335\261s!\003)\036\227\370\t\264\235\206\317\234B\n\230/\375\257\335fo\253d\026_\357K\336\020\302\356\323\222\376vG0E\002!\000\357t\027\026l'\332s!\376T\205\251E>>\001\367\241Zj[vB\213\3104\253\r\206w\234\002 R:\031y\251\317\371b\342J\276\tpX\376'\t\347\020]\215\n\234\310\312Su\232t<>2""; ","validation: """"\200\000\000\001&\000\000\000\003)/\351\3048:\001\317\351\3603A\3522Q\264\245)G\023\327P\311\336[\273\333d\336I\305\256\302\316\214\303'\253!\303]\007\314T\207!3P\027\000\000\000\000\000\000\000\000\000\000\000\000\000\000\000\000\000\000\000\000\000\000\000\000\000\000\000\000\000\000\000\000P\031-}\351f\032\255\274\334m\326c\017\014ao[\342\230\003\245\245\3341Hm\326^\017jy\335\261s!\003)\036\227\370\t\264\235\206\317\234B\n\230/\375\257\335fo\253d\026_\357K\336\020\302\356\323\222\376vG0E\002!\000\357t\027\026l'\332s!\376T\205\251E>>\001\367\241Zj[vB\213\3104\253\r\206w\234\002 R:\031y\251\317\371b\342J\276\tpX\376'\t\347\020]\215\n\234\310\312Su\232t<>2""; "
1750534074901,1750534074901,2854,1,4,0,TMValidation,"validation: """"\200\000\000\001&\000\000\000\003)/\351\3048:7\006\273IhO\034\261Q\264\245)G\023\327P\311\336[\273\333d\336I\305\256\302\316\214\303'\253!\303]\007\314T\207!3P\027\000\000\000\000\000\000\000\000\000\000\000\000\000\000\000\000\000\000\000\000\000\000\000\000\000\000\000\000\000\000\000\000P\031-}\351f\032\255\274\334m\326c\017\014ao[\342\230\003\245\245\3341Hm\326^\017jy\335\261s!\002\227gv\346\003n\232f\264\2224\366\324\341o\5\217J\337\2771q\223O\025\217G8\235\301fvF0D\002 H\372\211L\3420\013\266~\203\305\351\003\006Q_\234A""\027\373\266\341d;\312\311\204BYbL\002 \013\244\222\207[\017p\375g\356\241V\372\335A/\372o-\345\234\264G9\361\363\020\264\200\331~\370""; ","validation: """"\200\000\000\001&\000\000\000\003)/\351\3048:7\006\273IhO\034\261Q\264\245)G\023\327P\311\336[\273\333d\336I\305\256\302\316\214\303'\253!\303]\007\314T\207!3P\027\000\000\000\000\000\000\000\000\000\000\000\000\000\000\000\000\000\000\000\000\000\000\000\000\000\000\000\000\000\000\000\000P\031-}\351f\032\255\274\334m\326c\017\014ao[\342\230\003\245\245\3341Hm\326^\017jy\335\261s!\002\227gv\346\003n\232f\264\2224\366\324\341o\5\217J\337\2771q\223O\025\217G8\235\301fvF0D\002 H\372\211L\3420\013\266~\203\305\351\003\006Q_\234A""\027\373\266\341d;\312\311\204BYbL\002 \013\244\222\207[\017p\375g\356\241V\372\335A/\372o-\345\234\264G9\361\363\020\264\200\331~\370""; "
1750534074901,1750534074902,235,1,4,2,TMValidation,"validation: """"\200\000\000\001&\000\000\000\003)/\351\3048:7\006\273IhO\034\261Q\264\245)G\023\327P\311\336[\273\333d\336I\305\256\302\316\214\303'\253!\303]\007\314T\207!3P\027\000\000\000\000\000\000\000\000\000\000\000\000\000\000\000\000\000\000\000\000\000\000\000\000\000\000\000\000\000\000\000\000P\031-}\351f\032\255\274\334m\326c\017\014ao[\342\230\003\245\245\3341Hm\326^\017jy\335\261s!\002\227gv\346\003n\232f\264\2224\366\324\341o\5\217J\337\2771q\223O\025\217G8\235\301fvF0D\002 H\372\211L\3420\013\266~\203\305\351\003\006Q_\234A""\027\373\266\341d;\312\311\204BYbL\002 \013\244\222\207[\017p\375g\356\241V\372\335A/\372o-\345\234\264G9\361\363\020\264\200\331~\370""; ","validation: """"\200\000\000\001&\000\000\000\003)/\351\3048:7\006\273IhO\034\261Q\264\245)G\023\327P\311\336[\273\333d\336I\305\256\302\316\214\303'\253!\303]\007\314T\207!3P\027\000\000\000\000\000\000\000\000\000\000\000\000\000\000\000\000\000\000\000\000\000\000\000\000\000\000\000\000\000\000\000\000P\031-}\351f\032\255\274\334m\326c\017\014ao[\342\230\003\245\245\3341Hm\326^\017jy\335\261s!\002\227gv\346\003n\232f\264\2224\366\324\341o\5\217J\337\2771q\223O\025\217G8\235\301fvF0D\002 H\372\211L\3420\013\266~\203\305\351\003\006Q_\234A""\027\373\266\341d;\312\311\204BYbL\002 \013\244\222\207[\017p\375g\356\241V\372\335A/\372o-\345\234\264G9\361\363\020\264\200\331~\370""; "
1750534074902,1750534074902,272,1,4,3,TMValidation,"validation: """"\200\000\000\001&\000\000\000\003)/\351\3048:7\006\273IhO\034\261Q\264\245)G\023\327P\311\336[\273\333d\336I\305\256\302\316\214\303'\253!\303]\007\314T\207!3P\027\000\000\000\000\000\000\000\000\000\000\000\000\000\000\000\000\000\000\000\000\000\000\000\000\000\000\000\000\000\000\000\000P\031-}\351f\032\255\274\334m\326c\017\014ao[\342\230\003\245\245\3341Hm\326^\017jy\335\261s!\002\227gv\346\003n\232f\264\2224\366\324\341o\5\217J\337\2771q\223O\025\217G8\235\301fvF0D\002 H\372\211L\3420\013\266~\203\305\351\003\006Q_\234A""\027\373\266\341d;\312\311\204BYbL\002 \013\244\222\207[\017p\375g\356\241V\372\335A/\372o-\345\234\264G9\361\363\020\264\200\331~\370""; ","validation: """"\200\000\000\001&\000\000\000\003)/\351\3048:7\006\273IhO\034\261Q\264\245)G\023\327P\311\336[\273\333d\336I\305\256\302\316\214\303'\253!\303]\007\314T\207!3P\027\000\000\000\000\000\000\000\000\000\000\000\000\000\000\000\000\000\000\000\000\000\000\000\000\000\000\000\000\000\000\000\000P\031-}\351f\032\255\274\334m\326c\017\014ao[\342\230\003\245\245\3341Hm\326^\017jy\335\261s!\002\227gv\346\003n\232f\264\2224\366\324\341o\5\217J\337\2771q\223O\025\217G8\235\301fvF0D\002 H\372\211L\3420\013\266~\203\305\351\003\006Q_\234A""\027\373\266\341d;\312\311\204BYbL\002 \013\244\222\207[\017p\375g\356\241V\372\335A/\372o-\345\234\264G9\361\363\020\264\200\331~\370""; "
1750534074920,1750534074920,606,1,2,3,TMProposeSet,"proposeSeq: 0; currentTxHash: ""\000\000\000\000\000\000\000\000\000\000\000\000\000\000\000\000\000\000\000\000\000\000\000\000\000\000\000\000\000\000\000\000""; nodePubKey: ""\003\241q\201\005c\265\003\367~\267xq\264\m_\310U\235\3644\246\306\345#""\246\274'%\251)""; closeTime: 803849274; signature: ""0D\002 yM\246\372 ^\353\373]\302\221[\304\233\371\263\234\r\0237f\221\000\305-w\233}\2552\002z\002 (\353\376\t\207]L_\275\336\244\363,\315\305\251\032\023s,w\t\301\023\360\026\257\344\231\221\322\n""; previousledger: ""\264\245)G\023\327P\311\336[\273\333d\336I\305\256\302\316\214\303'\253!\303]\007\314T\207!3""; ","proposeSeq: 0; currentTxHash: ""\000\000\000\000\000\000\000\000\000\000\000\000\000\000\000\000\000\000\000\000\000\000\000\000\000\000\000\000\000\000\000\000""; nodePubKey: ""\003\241q\201\005c\265\003\367~\267xq\264\m_\310U\235\3644\246\306\345#""\246\274'%\251)""; closeTime: 803849274; signature: ""0D\002 yM\246\372 ^\353\373]\302\221[\304\233\371\263\234\r\0237f\221\000\305-w\233}\2552\002z\002 (\353\376\t\207]L_\275\336\244\363,\315\305\251\032\023s,w\t\301\023\360\026\257\344\231\221\322\n""; previousledger: ""\264\245)G\023\327P\311\336[\273\333d\336I\305\256\302\316\214\303'\253!\303]\007\314T\207!3""; "
1750534074920,1750534074921,2401,1,2,0,TMProposeSet,"proposeSeq: 0; currentTxHash: ""\000\000\000\000\000\000\000\000\000\000\000\000\000\000\000\000\000\000\000\000\000\000\000\000\000\000\000\000\000\000\000\000""; nodePubKey: ""\003\241q\201\005c\265\003\367~\267xq\264\m_\310U\235\3644\246\306\345#""\246\274'%\251)""; closeTime: 803849274; signature: ""0D\002 yM\246\372 ^\353\373]\302\221[\304\233\371\263\234\r\0237f\221\000\305-w\233}\2552\002z\002 (\353\376\t\207]L_\275\336\244\363,\315\305\251\032\023s,w\t\301\023\360\026\257\344\231\221\322\n""; previousledger: ""\264\245)G\023\327P\311\336[\273\333d\336I\305\256\302\316\214\303'\253!\303]\007\314T\207!3""; ","proposeSeq: 0; currentTxHash: ""\000\000\000\000\000\000\000\000\000\000\000\000\000\000\000\000\000\000\000\000\000\000\000\000\000\000\000\000\000\000\000\000""; nodePubKey: ""\003\241q\201\005c\265\003\367~\267xq\264\m_\310U\235\3644\246\306\345#""\246\274'%\251)""; closeTime: 803849274; signature: ""0D\002 yM\246\372 ^\353\373]\302\221[\304\233\371\263\234\r\0237f\221\000\305-w\233}\2552\002z\002 (\353\376\t\207]L_\275\336\244\363,\315\305\251\032\023s,w\t\301\023\360\026\257\344\231\221\322\n""; previousledger: ""\264\245)G\023\327P\311\336[\273\333d\336I\305\256\302\316\214\303'\253!\303]\007\314T\207!3""; "
1750534074921,1750534074921,1165,1,2,1,TMProposeSet,"proposeSeq: 0; currentTxHash: ""\000\000\000\000\000\000\000\000\000\000\000\000\000\000\000\000\000\000\000\000\000\000\000\000\000\000\000\000\000\000\000\000""; nodePubKey: ""\003\241q\201\005c\265\003\367~\267xq\264\m_\310U\235\3644\246\306\345#""\246\274'%\251)""; closeTime: 803849274; signature: ""0D\002 yM\246\372 ^\353\373]\302\221[\304\233\371\263\234\r\0237f\221\000\305-w\233}\2552\002z\002 (\353\376\t\207]L_\275\336\244\363,\315\305\251\032\023s,w\t\301\023\360\026\257\344\231\221\322\n""; previousledger: ""\264\245)G\023\327P\311\336[\273\333d\336I\305\256\302\316\214\303'\253!\303]\007\314T\207!3""; ","proposeSeq: 0; currentTxHash: ""\000\000\000\000\000\000\000\000\000\000\000\000\000\000\000\000\000\000\000\000\000\000\000\000\000\000\000\000\000\000\000\000""; nodePubKey: ""\003\241q\201\005c\265\003\367~\267xq\264\m_\310U\235\3644\246\306\345#""\246\274'%\251)""; closeTime: 803849274; signature: ""0D\002 yM\246\372 ^\353\373]\302\221[\304\233\371\263\234\r\0237f\221\000\305-w\233}\2552\002z\002 (\353\376\t\207]L_\275\336\244\363,\315\305\251\032\023s,w\t\301\023\360\026\257\344\231\221\322\n""; previousledger: ""\264\245)G\023\327P\311\336[\273\333d\336I\305\256\302\316\214\303'\253!\303]\007\314T\207!3""; "
1750534074928,1750534074928,3949,1,4,3,TMProposeSet,"proposeSeq: 0; currentTxHash: ""\000\000\000\000\000\000\000\000\000\000\000\000\000\000\000\000\000\000\000\000\000\000\000\000\000\000\000\000\000\000\000\000""; nodePubKey: ""\002\227gv\346\003n\232f\264\2224\366\324\341o\5\217J\337\2771q\223O\025\217G8\235\301f""; closeTime: 803849273; signature: ""0D\002 t\371\017\215\303\241~\220\326\312\230\255\r\223Q\363\r\204J\265\r\r\230\225\364\252\276\226\340v6y\002 l\250\267\007>\346\2109,T\330\345\367\006y\317F5\265\315\227\302\026b\336[\351\037\352\374\263\322""; previousledger: ""\264\245)G\023\327P\311\336[\273\333d\336I\305\256\302\316\214\303'\253!\303]\007\314T\207!3""; ","proposeSeq: 0; currentTxHash: ""\000\000\000\000\000\000\000\000\000\000\000\000\000\000\000\000\000\000\000\000\000\000\000\000\000\000\000\000\000\000\000\000""; nodePubKey: ""\002\227gv\346\003n\232f\264\2224\366\324\341o\5\217J\337\2771q\223O\025\217G8\235\301f""; closeTime: 803849273; signature: ""0D\002 t\371\017\215\303\241~\220\326\312\230\255\r\223Q\363\r\204J\265\r\r\230\225\364\252\276\226\340v6y\002 l\250\267\007>\346\2109,T\330\345\367\006y\317F5\265\315\227\302\026b\336[\351\037\352\374\263\322""; previousledger: ""\264\245)G\023\327P\311\336[\273\333d\336I\305\256\302\316\214\303'\253!\303]\007\314T\207!3""; "
1750534074928,1750534074928,467,1,4,0,TMProposeSet,"proposeSeq: 0; currentTxHash: ""\000\000\000\000\000\000\000\000\000\000\000\000\000\000\000\000\000\000\000\000\000\000\000\000\000\000\000\000\000\000\000\000""; nodePubKey: ""\002\227gv\346\003n\232f\264\2224\366\324\341o\5\217J\337\2771q\223O\025\217G8\235\301f""; closeTime: 803849273; signature: ""0D\002 t\371\017\215\303\241~\220\326\312\230\255\r\223Q\363\r\204J\265\r\r\230\225\364\252\276\226\340v6y\002 l\250\267\007>\346\2109,T\330\345\367\006y\317F5\265\315\227\302\026b\336[\351\037\352\374\263\322""; previousledger: ""\264\245)G\023\327P\311\336[\273\333d\336I\305\256\302\316\214\303'\253!\303]\007\314T\207!3""; ","proposeSeq: 0; currentTxHash: ""\000\000\000\000\000\000\000\000\000\000\000\000\000\000\000\000\000\000\000\000\000\000\000\000\000\000\000\000\000\000\000\000""; nodePubKey: ""\002\227gv\346\003n\232f\264\2224\366\324\341o\5\217J\337\2771q\223O\025\217G8\235\301f""; closeTime: 803849273; signature: ""0D\002 t\371\017\215\303\241~\220\326\312\230\255\r\223Q\363\r\204J\265\r\r\230\225\364\252\276\226\340v6y\002 l\250\267\007>\346\2109,T\330\345\367\006y\317F5\265\315\227\302\026b\336[\351\037\352\374\263\322""; previousledger: ""\264\245)G\023\327P\311\336[\273\333d\336I\305\256\302\316\214\303'\253!\303]\007\314T\207!3""; "
1750534074928,1750534074928,657,1,4,2,TMProposeSet,"proposeSeq: 0; currentTxHash: ""\000\000\000\000\000\000\000\000\000\000\000\000\000\000\000\000\000\000\000\000\000\000\000\000\000\000\000\000\000\000\000\000""; nodePubKey: ""\002\227gv\346\003n\232f\264\2224\366\324\341o\5\217J\337\2771q\223O\025\217G8\235\301f""; closeTime: 803849273; signature: ""0D\002 t\371\017\215\303\241~\220\326\312\230\255\r\223Q\363\r\204J\265\r\r\230\225\364\252\276\226\340v6y\002 l\250\267\007>\346\2109,T\330\345\367\006y\317F5\265\315\227\302\026b\336[\351\037\352\374\263\322""; previousledger: ""\264\245)G\023\327P\311\336[\273\333d\336I\305\256\302\316\214\303'\253!\303]\007\314T\207!3""; ","proposeSeq: 0; currentTxHash: ""\000\000\000\000\000\000\000\000\000\000\000\000\000\000\000\000\000\000\000\000\000\000\000\000\000\000\000\000\000\000\000\000""; nodePubKey: ""\002\227gv\346\003n\232f\264\2224\366\324\341o\5\217J\337\2771q\223O\025\217G8\235\301f""; closeTime: 803849273; signature: ""0D\002 t\371\017\215\303\241~\220\326\312\230\255\r\223Q\363\r\204J\265\r\r\230\225\364\252\276\226\340v6y\002 l\250\267\007>\346\2109,T\330\345\367\006y\317F5\265\315\227\302\026b\336[\351\037\352\374\263\322""; previousledger: ""\264\245)G\023\327P\311\336[\273\333d\336I\305\256\302\316\214\303'\253!\303]\007\314T\207!3""; "
1750534074957,1750534074958,3949,1,4,3,TMProposeSet,"proposeSeq: 0; currentTxHash: ""\000\000\000\000\000\000\000\000\000\000\000\000\000\000\000\000\000\000\000\000\000\000\000\000\000\000\000\000\000\000\000\000""; nodePubKey: ""\002\031\356p7g\301C\213'\252;p\007\211\345G\223\330\261\277\313\310Pm\016p|\376\310\342\020\261""; closeTime: 803849273; signature: ""0D\002 [\335?zTM3\252b\314J7\272\213B\310\245H_\266{\202\026[Ff*X\366\314\375\314\002 \030\237b\364\261a\211\301^\341)\374g2g\362f\270\262\235\r\361\210{\324\344\\216\\264~\323""; previousledger: ""\264\245)G\023\327P\311\336[\273\333d\336I\305\256\302\316\214\303'\253!\303]\007\314T\207!3""; ","proposeSeq: 0; currentTxHash: ""\000\000\000\000\000\000\000\000\000\000\000\000\000\000\000\000\000\000\000\000\000\000\000\000\000\000\000\000\000\000\000\000""; nodePubKey: ""\002\031\356p7g\301C\213'\252;p\007\211\345G\223\330\261\277\313\310Pm\016p|\376\310\342\020\261""; closeTime: 803849273; signature: ""0D\002 [\335?zTM3\252b\314J7\272\213B\310\245H_\266{\202\026[Ff*X\366\314\375\314\002 \030\237b\364\261a\211\301^\341)\374g2g\362f\270\262\235\r\361\210{\324\344\\216\\264~\323""; previousledger: ""\264\245)G\023\327P\311\336[\273\333d\336I\305\256\302\316\214\303'\253!\303]\007\314T\207!3""; "
1750534074958,1750534074958,657,1,4,2,TMProposeSet,"proposeSeq: 0; currentTxHash: ""\000\000\000\000\000\000\000\000\000\000\000\000\000\000\000\000\000\000\000\000\000\000\000\000\000\000\000\000\000\000\000\000""; nodePubKey: ""\002\031\356p7g\301C\213'\252;p\007\211\345G\223\330\261\277\313\310Pm\016p|\376\310\342\020\261""; closeTime: 803849273; signature: ""0D\002 [\335?zTM3\252b\314J7\272\213B\310\245H_\266{\202\026[Ff*X\366\314\375\314\002 \030\237b\364\261a\211\301^\341)\374g2g\362f\270\262\235\r\361\210{\324\344\\216\\264~\323""; previousledger: ""\264\245)G\023\327P\311\336[\273\333d\336I\305\256\302\316\214\303'\253!\303]\007\314T\207!3""; ","proposeSeq: 0; currentTxHash: ""\000\000\000\000\000\000\000\000\000\000\000\000\000\000\000\000\000\000\000\000\000\000\000\000\000\000\000\000\000\000\000\000""; nodePubKey: ""\002\031\356p7g\301C\213'\252;p\007\211\345G\223\330\261\277\313\310Pm\016p|\376\310\342\020\261""; closeTime: 803849273; signature: ""0D\002 [\335?zTM3\252b\314J7\272\213B\310\245H_\266{\202\026[Ff*X\366\314\375\314\002 \030\237b\364\261a\211\301^\341)\374g2g\362f\270\262\235\r\361\210{\324\344\\216\\264~\323""; previousledger: ""\264\245)G\023\327P\311\336[\273\333d\336I\305\256\302\316\214\303'\253!\303]\007\314T\207!3""; "
1750534074959,1750534074959,467,1,4,0,TMProposeSet,"proposeSeq: 0; currentTxHash: ""\000\000\000\000\000\000\000\000\000\000\000\000\000\000\000\000\000\000\000\000\000\000\000\000\000\000\000\000\000\000\000\000""; nodePubKey: ""\002\031\356p7g\301C\213'\252;p\007\211\345G\223\330\261\277\313\310Pm\016p|\376\310\342\020\261""; closeTime: 803849273; signature: ""0D\002 [\335?zTM3\252b\314J7\272\213B\310\245H_\266{\202\026[Ff*X\366\314\375\314\002 \030\237b\364\261a\211\301^\341)\374g2g\362f\270\262\235\r\361\210{\324\344\\216\\264~\323""; previousledger: ""\264\245)G\023\327P\311\336[\273\333d\336I\305\256\302\316\214\303'\253!\303]\007\314T\207!3""; ","proposeSeq: 0; currentTxHash: ""\000\000\000\000\000\000\000\000\000\000\000\000\000\000\000\000\000\000\000\000\000\000\000\000\000\000\000\000\000\000\000\000""; nodePubKey: ""\002\031\356p7g\301C\213'\252;p\007\211\345G\223\330\261\277\313\310Pm\016p|\376\310\342\020\261""; closeTime: 803849273; signature: ""0D\002 [\335?zTM3\252b\314J7\272\213B\310\245H_\266{\202\026[Ff*X\366\314\375\314\002 \030\237b\364\261a\211\301^\341)\374g2g\362f\270\262\235\r\361\210{\324\344\\216\\264~\323""; previousledger: ""\264\245)G\023\327P\311\336[\273\333d\336I\305\256\302\316\214\303'\253!\303]\007\314T\207!3""; "
1750534075137,1750534075138,2802,1,0,3,TMTransaction,"rawTransaction: ""\022\000\000""\000\000\000\000$\000\000\000\001 \033\000\000\000\027a@\000\000\027H\206*@h@\000\000\000\000\000\000\ns!\0030\347\374\235V\273%\326\211;\243\363\027\256[\3173\263)\033\326=\263&T\243\023""/\177\320 tG0E\002!\000\303\032hdq\207\324~|{\251\221\300\007\014\014\273\234\237\252\301\256V\312a\315|h\216\374\022\335\002 <\023\246\007\372*\264\203\255h@\273\374^\315\032\0210\346\2356s\317T\233\320rS*[/F\201\024\265\367by\212S\325C\240\024\312\370\262\227\317\370\362\3717\350\203\024\300@\251.\340>\356w\245\353E\302\237.g\324\331\306\220+""; status: tsCURRENT; receiveTimestamp: 803849275; deferred: false; ","rawTransaction: ""\022\000\000""\000\000\000\000$\000\000\000\001 \033\000\000\000\027a@\000\000\027H\206*@h@\000\000\000\000\000\000\ns!\0030\347\374\235V\273%\326\211;\243\363\027\256[\3173\263)\033\326=\263&T\243\023""/\177\320 tG0E\002!\000\303\032hdq\207\324~|{\251\221\300\007\014\014\273\234\237\252\301\256V\312a\315|h\216\374\022\335\002 <\023\246\007\372*\264\203\255h@\273\374^\315\032\0210\346\2356s\317T\233\320rS*[/F\201\024\265\367by\212S\325C\240\024\312\370\262\227\317\370\362\3717\350\203\024\300@\251.\340>\356w\245\353E\302\237.g\324\331\306\220+""; status: tsCURRENT; receiveTimestamp: 803849275; deferred: false; "
1750534075138,1750534075138,707,1,0,2,TMTransaction,"rawTransaction: ""\022\000\000""\000\000\000\000$\000\000\000\001 \033\000\000\000\027a@\000\000\027H\206*@h@\000\000\000\000\000\000\ns!\0030\347\374\235V\273%\326\211;\243\363\027\256[\3173\263)\033\326=\263&T\243\023""/\177\320 tG0E\002!\000\303\032hdq\207\324~|{\251\221\300\007\014\014\273\234\237\252\301\256V\312a\315|h\216\374\022\335\002 <\023\246\007\372*\264\203\255h@\273\374^\315\032\0210\346\2356s\317T\233\320rS*[/F\201\024\265\367by\212S\325C\240\024\312\370\262\227\317\370\362\3717\350\203\024\300@\251.\340>\356w\245\353E\302\237.g\324\331\306\220+""; status: tsCURRENT; receiveTimestamp: 803849275; deferred: false; ","rawTransaction: ""\022\000\000""\000\000\000\000$\000\000\000\001 \033\000\000\000\027a@\000\000\027H\206*@h@\000\000\000\000\000\000\ns!\0030\347\374\235V\273%\326\211;\243\363\027\256[\3173\263)\033\326=\263&T\243\023""/\177\320 tG0E\002!\000\303\032hdq\207\324~|{\251\221\300\007\014\014\273\234\237\252\301\256V\312a\315|h\216\374\022\335\002 <\023\246\007\372*\264\203\255h@\273\374^\315\032\0210\346\2356s\317T\233\320rS*[/F\201\024\265\367by\212S\325C\240\024\312\370\262\227\317\370\362\3717\350\203\024\300@\251.\340>\356w\245\353E\302\237.g\324\331\306\220+""; status: tsCURRENT; receiveTimestamp: 803849275; deferred: false; "
1750534075137,1750534075139,3406,1,0,4,TMTransaction,"rawTransaction: ""\022\000\000""\000\000\000\000$\000\000\000\001 \033\000\000\000\027a@\000\000\027H\206*@h@\000\000\000\000\000\000\ns!\0030\347\374\235V\273%\326\211;\243\363\027\256[\3173\263)\033\326=\263&T\243\023""/\177\320 tG0E\002!\000\303\032hdq\207\324~|{\251\221\300\007\014\014\273\234\237\252\301\256V\312a\315|h\216\374\022\335\002 <\023\246\007\372*\264\203\255h@\273\374^\315\032\0210\346\2356s\317T\233\320rS*[/F\201\024\265\367by\212S\325C\240\024\312\370\262\227\317\370\362\3717\350\203\024\300@\251.\340>\356w\245\353E\302\237.g\324\331\306\220+""; status: tsCURRENT; receiveTimestamp: 803849275; deferred: false; ","rawTransaction: ""\022\000\000""\000\000\000\000$\000\000\000\001 \033\000\000\000\027a@\000\000\027H\206*@h@\000\000\000\000\000\000\ns!\0030\347\374\235V\273%\326\211;\243\363\027\256[\3173\263)\033\326=\263&T\243\023""/\177\320 tG0E\002!\000\303\032hdq\207\324~|{\251\221\300\007\014\014\273\234\237\252\301\256V\312a\315|h\216\374\022\335\002 <\023\246\007\372*\264\203\255h@\273\374^\315\032\0210\346\2356s\317T\233\320rS*[/F\201\024\265\367by\212S\325C\240\024\312\370\262\227\317\370\362\3717\350\203\024\300@\251.\340>\356w\245\353E\302\237.g\324\331\306\220+""; status: tsCURRENT; receiveTimestamp: 803849275; deferred: false; "
1750534075301,1750534075301,3754,1,0,4,TMProposeSet,"proposeSeq: 0; currentTxHash: ""\000\000\000\000\000\000\000\000\000\000\000\000\000\000\000\000\000\000\000\000\000\000\000\000\000\000\000\000\000\000\000\000""; nodePubKey: ""\003\246\253M+\327\254x)\270\216\311K-\350#\234\005\242\246\352}{iSd\374\322d\355G\010\240""; closeTime: 803849273; signature: ""0D\002 K\335\323\177#\233\3013Y\373\306:\374PoW\216\272a[Ne\346U\372\220\212|o\246{4\002 6 ZRs6\206\235\267oR\334\225i\253\332\232\rtK4:9j\216\353\t\277i\256q\303""; previousledger: ""\264\245)G\023\327P\311\336[\273\333d\336I\305\256\302\316\214\303'\253!\303]\007\314T\207!3""; ","proposeSeq: 0; currentTxHash: ""\000\000\000\000\000\000\000\000\000\000\000\000\000\000\000\000\000\000\000\000\000\000\000\000\000\000\000\000\000\000\000\000""; nodePubKey: ""\003\246\253M+\327\254x)\270\216\311K-\350#\234\005\242\246\352}{iSd\374\322d\355G\010\240""; closeTime: 803849273; signature: ""0D\002 K\335\323\177#\233\3013Y\373\306:\374PoW\216\272a[Ne\346U\372\220\212|o\246{4\002 6 ZRs6\206\235\267oR\334\225i\253\332\232\rtK4:9j\216\353\t\277i\256q\303""; previousledger: ""\264\245)G\023\327P\311\336[\273\333d\336I\305\256\302\316\214\303'\253!\303]\007\314T\207!3""; "
1750534075302,1750534075302,2193,1,0,2,TMProposeSet,"proposeSeq: 0; currentTxHash: ""\000\000\000\000\000\000\000\000\000\000\000\000\000\000\000\000\000\000\000\000\000\000\000\000\000\000\000\000\000\000\000\000""; nodePubKey: ""\003\246\253M+\327\254x)\270\216\311K-\350#\234\005\242\246\352}{iSd\374\322d\355G\010\240""; closeTime: 803849273; signature: ""0D\002 K\335\323\177#\233\3013Y\373\306:\374PoW\216\272a[Ne\346U\372\220\212|o\246{4\002 6 ZRs6\206\235\267oR\334\225i\253\332\232\rtK4:9j\216\353\t\277i\256q\303""; previousledger: ""\264\245)G\023\327P\311\336[\273\333d\336I\305\256\302\316\214\303'\253!\303]\007\314T\207!3""; ","proposeSeq: 0; currentTxHash: ""\000\000\000\000\000\000\000\000\000\000\000\000\000\000\000\000\000\000\000\000\000\000\000\000\000\000\000\000\000\000\000\000""; nodePubKey: ""\003\246\253M+\327\254x)\270\216\311K-\350#\234\005\242\246\352}{iSd\374\322d\355G\010\240""; closeTime: 803849273; signature: ""0D\002 K\335\323\177#\233\3013Y\373\306:\374PoW\216\272a[Ne\346U\372\220\212|o\246{4\002 6 ZRs6\206\235\267oR\334\225i\253\332\232\rtK4:9j\216\353\t\277i\256q\303""; previousledger: ""\264\245)G\023\327P\311\336[\273\333d\336I\305\256\302\316\214\303'\253!\303]\007\314T\207!3""; "
1750534075303,1750534075303,764,1,0,1,TMProposeSet,"proposeSeq: 0; currentTxHash: ""\000\000\000\000\000\000\000\000\000\000\000\000\000\000\000\000\000\000\000\000\000\000\000\000\000\000\000\000\000\000\000\000""; nodePubKey: ""\003\246\253M+\327\254x)\270\216\311K-\350#\234\005\242\246\352}{iSd\374\322d\355G\010\240""; closeTime: 803849273; signature: ""0D\002 K\335\323\177#\233\3013Y\373\306:\374PoW\216\272a[Ne\346U\372\220\212|o\246{4\002 6 ZRs6\206\235\267oR\334\225i\253\332\232\rtK4:9j\216\353\t\277i\256q\303""; previousledger: ""\264\245)G\023\327P\311\336[\273\333d\336I\305\256\302\316\214\303'\253!\303]\007\314T\207!3""; ","proposeSeq: 0; currentTxHash: ""\000\000\000\000\000\000\000\000\000\000\000\000\000\000\000\000\000\000\000\000\000\000\000\000\000\000\000\000\000\000\000\000""; nodePubKey: ""\003\246\253M+\327\254x)\270\216\311K-\350#\234\005\242\246\352}{iSd\374\322d\355G\010\240""; closeTime: 803849273; signature: ""0D\002 K\335\323\177#\233\3013Y\373\306:\374PoW\216\272a[Ne\346U\372\220\212|o\246{4\002 6 ZRs6\206\235\267oR\334\225i\253\332\232\rtK4:9j\216\353\t\277i\256q\303""; previousledger: ""\264\245)G\023\327P\311\336[\273\333d\336I\305\256\302\316\214\303'\253!\303]\007\314T\207!3""; "
1750534075314,1750534075314,2102,1,0,3,TMProposeSet,"proposeSeq: 0; currentTxHash: ""\000\000\000\000\000\000\000\000\000\000\000\000\000\000\000\000\000\000\000\000\000\000\000\000\000\000\000\000\000\000\000\000""; nodePubKey: ""\002\031\356p7g\301C\213'\252;p\007\211\345G\223\330\261\277\313\310Pm\016p|\376\310\342\020\261""; closeTime: 803849273; signature: ""0D\002 [\335?zTM3\252b\314J7\272\213B\310\245H_\266{\202\026[Ff*X\366\314\375\314\002 \030\237b\364\261a\211\301^\341)\374g2g\362f\270\262\235\r\361\210{\324\344\\216\\264~\323""; previousledger: ""\264\245)G\023\327P\311\336[\273\333d\336I\305\256\302\316\214\303'\253!\303]\007\314T\207!3""; ","proposeSeq: 0; currentTxHash: ""\000\000\000\000\000\000\000\000\000\000\000\000\000\000\000\000\000\000\000\000\000\000\000\000\000\000\000\000\000\000\000\000""; nodePubKey: ""\002\031\356p7g\301C\213'\252;p\007\211\345G\223\330\261\277\313\310Pm\016p|\376\310\342\020\261""; closeTime: 803849273; signature: ""0D\002 [\335?zTM3\252b\314J7\272\213B\310\245H_\266{\202\026[Ff*X\366\314\375\314\002 \030\237b\364\261a\211\301^\341)\374g2g\362f\270\262\235\r\361\210{\324\344\\216\\264~\323""; previousledger: ""\264\245)G\023\327P\311\336[\273\333d\336I\305\256\302\316\214\303'\253!\303]\007\314T\207!3""; "
1750534075315,1750534075315,3754,1,0,4,TMProposeSet,"proposeSeq: 0; currentTxHash: ""\000\000\000\000\000\000\000\000\000\000\000\000\000\000\000\000\000\000\000\000\000\000\000\000\000\000\000\000\000\000\000\000""; nodePubKey: ""\002\031\356p7g\301C\213'\252;p\007\211\345G\223\330\261\277\313\310Pm\016p|\376\310\342\020\261""; closeTime: 803849273; signature: ""0D\002 [\335?zTM3\252b\314J7\272\213B\310\245H_\266{\202\026[Ff*X\366\314\375\314\002 \030\237b\364\261a\211\301^\341)\374g2g\362f\270\262\235\r\361\210{\324\344\\216\\264~\323""; previousledger: ""\264\245)G\023\327P\311\336[\273\333d\336I\305\256\302\316\214\303'\253!\303]\007\314T\207!3""; ","proposeSeq: 0; currentTxHash: ""\000\000\000\000\000\000\000\000\000\000\000\000\000\000\000\000\000\000\000\000\000\000\000\000\000\000\000\000\000\000\000\000""; nodePubKey: ""\002\031\356p7g\301C\213'\252;p\007\211\345G\223\330\261\277\313\310Pm\016p|\376\310\342\020\261""; closeTime: 803849273; signature: ""0D\002 [\335?zTM3\252b\314J7\272\213B\310\245H_\266{\202\026[Ff*X\366\314\375\314\002 \030\237b\364\261a\211\301^\341)\374g2g\362f\270\262\235\r\361\210{\324\344\\216\\264~\323""; previousledger: ""\264\245)G\023\327P\311\336[\273\333d\336I\305\256\302\316\214\303'\253!\303]\007\314T\207!3""; "
1750534075315,1750534075315,2193,1,0,2,TMProposeSet,"proposeSeq: 0; currentTxHash: ""\000\000\000\000\000\000\000\000\000\000\000\000\000\000\000\000\000\000\000\000\000\000\000\000\000\000\000\000\000\000\000\000""; nodePubKey: ""\002\031\356p7g\301C\213'\252;p\007\211\345G\223\330\261\277\313\310Pm\016p|\376\310\342\020\261""; closeTime: 803849273; signature: ""0D\002 [\335?zTM3\252b\314J7\272\213B\310\245H_\266{\202\026[Ff*X\366\314\375\314\002 \030\237b\364\261a\211\301^\341)\374g2g\362f\270\262\235\r\361\210{\324\344\\216\\264~\323""; previousledger: ""\264\245)G\023\327P\311\336[\273\333d\336I\305\256\302\316\214\303'\253!\303]\007\314T\207!3""; ","proposeSeq: 0; currentTxHash: ""\000\000\000\000\000\000\000\000\000\000\000\000\000\000\000\000\000\000\000\000\000\000\000\000\000\000\000\000\000\000\000\000""; nodePubKey: ""\002\031\356p7g\301C\213'\252;p\007\211\345G\223\330\261\277\313\310Pm\016p|\376\310\342\020\261""; closeTime: 803849273; signature: ""0D\002 [\335?zTM3\252b\314J7\272\213B\310\245H_\266{\202\026[Ff*X\366\314\375\314\002 \030\237b\364\261a\211\301^\341)\374g2g\362f\270\262\235\r\361\210{\324\344\\216\\264~\323""; previousledger: ""\264\245)G\023\327P\311\336[\273\333d\336I\305\256\302\316\214\303'\253!\303]\007\314T\207!3""; "
1750534075391,1750534075391,2365,1,3,1,TMProposeSet,"proposeSeq: 0; currentTxHash: ""\000\000\000\000\000\000\000\000\000\000\000\000\000\000\000\000\000\000\000\000\000\000\000\000\000\000\000\000\000\000\000\000""; nodePubKey: ""\003)\036\227\370\t\264\235\206\317\234B\n\230/\375\257\335fo\253d\026_\357K\336\020\302\356\323\222\376""; closeTime: 803849273; signature: ""0D\002 \033\263.\240R\014\032\230\020m\360\350rg\210xu\273\030\367H\247\341\255W-\006 \t\374\243\372\002 \036\302\267r\346\247\272\017\030\370\214\363]\213e?V\335\001\320\240\334)5cdd\003\246v\321f""; previousledger: ""\264\245)G\023\327P\311\336[\273\333d\336I\305\256\302\316\214\303'\253!\303]\007\314T\207!3""; ","proposeSeq: 0; currentTxHash: ""\000\000\000\000\000\000\000\000\000\000\000\000\000\000\000\000\000\000\000\000\000\000\000\000\000\000\000\000\000\000\000\000""; nodePubKey: ""\003)\036\227\370\t\264\235\206\317\234B\n\230/\375\257\335fo\253d\026_\357K\336\020\302\356\323\222\376""; closeTime: 803849273; signature: ""0D\002 \033\263.\240R\014\032\230\020m\360\350rg\210xu\273\030\367H\247\341\255W-\006 \t\374\243\372\002 \036\302\267r\346\247\272\017\030\370\214\363]\213e?V\335\001\320\240\334)5cdd\003\246v\321f""; previousledger: ""\264\245)G\023\327P\311\336[\273\333d\336I\305\256\302\316\214\303'\253!\303]\007\314T\207!3""; "
1750534075392,1750534075392,2364,1,3,4,TMProposeSet,"proposeSeq: 0; currentTxHash: ""\000\000\000\000\000\000\000\000\000\000\000\000\000\000\000\000\000\000\000\000\000\000\000\000\000\000\000\000\000\000\000\000""; nodePubKey: ""\003)\036\227\370\t\264\235\206\317\234B\n\230/\375\257\335fo\253d\026_\357K\336\020\302\356\323\222\376""; closeTime: 803849273; signature: ""0D\002 \033\263.\240R\014\032\230\020m\360\350rg\210xu\273\030\367H\247\341\255W-\006 \t\374\243\372\002 \036\302\267r\346\247\272\017\030\370\214\363]\213e?V\335\001\320\240\334)5cdd\003\246v\321f""; previousledger: ""\264\245)G\023\327P\311\336[\273\333d\336I\305\256\302\316\214\303'\253!\303]\007\314T\207!3""; ","proposeSeq: 0; currentTxHash: ""\000\000\000\000\000\000\000\000\000\000\000\000\000\000\000\000\000\000\000\000\000\000\000\000\000\000\000\000\000\000\000\000""; nodePubKey: ""\003)\036\227\370\t\264\235\206\317\234B\n\230/\375\257\335fo\253d\026_\357K\336\020\302\356\323\222\376""; closeTime: 803849273; signature: ""0D\002 \033\263.\240R\014\032\230\020m\360\350rg\210xu\273\030\367H\247\341\255W-\006 \t\374\243\372\002 \036\302\267r\346\247\272\017\030\370\214\363]\213e?V\335\001\320\240\334)5cdd\003\246v\321f""; previousledger: ""\264\245)G\023\327P\311\336[\273\333d\336I\305\256\302\316\214\303'\253!\303]\007\314T\207!3""; "
1750534075392,1750534075392,1696,1,3,0,TMProposeSet,"proposeSeq: 0; currentTxHash: ""\000\000\000\000\000\000\000\000\000\000\000\000\000\000\000\000\000\000\000\000\000\000\000\000\000\000\000\000\000\000\000\000""; nodePubKey: ""\003)\036\227\370\t\264\235\206\317\234B\n\230/\375\257\335fo\253d\026_\357K\336\020\302\356\323\222\376""; closeTime: 803849273; signature: ""0D\002 \033\263.\240R\014\032\230\020m\360\350rg\210xu\273\030\367H\247\341\255W-\006 \t\374\243\372\002 \036\302\267r\346\247\272\017\030\370\214\363]\213e?V\335\001\320\240\334)5cdd\003\246v\321f""; previousledger: ""\264\245)G\023\327P\311\336[\273\333d\336I\305\256\302\316\214\303'\253!\303]\007\314T\207!3""; ","proposeSeq: 0; currentTxHash: ""\000\000\000\000\000\000\000\000\000\000\000\000\000\000\000\000\000\000\000\000\000\000\000\000\000\000\000\000\000\000\000\000""; nodePubKey: ""\003)\036\227\370\t\264\235\206\317\234B\n\230/\375\257\335fo\253d\026_\357K\336\020\302\356\323\222\376""; closeTime: 803849273; signature: ""0D\002 \033\263.\240R\014\032\230\020m\360\350rg\210xu\273\030\367H\247\341\255W-\006 \t\374\243\372\002 \036\302\267r\346\247\272\017\030\370\214\363]\213e?V\335\001\320\240\334)5cdd\003\246v\321f""; previousledger: ""\264\245)G\023\327P\311\336[\273\333d\336I\305\256\302\316\214\303'\253!\303]\007\314T\207!3""; "
1750534075408,1750534075408,2064,1,2,4,TMValidation,"validation: """"\200\000\000\001&\000\000\000\004)/\351\304;:o\206g1\341\2401\207QJ:\r\252\311\206\246\024\266\316^\037\202\007\350j&@r\370\202\254\005\212\230<\357\242\216\001\030\235P\027\000\000\000\000\000\000\000\000\000\000\000\000\000\000\000\000\000\000\000\000\000\000\000\000\000\000\000\000\000\000\000\000P\031\264\245)G\023\327P\311\336[\273\333d\336I\305\256\302\316\214\303'\253!\303]\007\314T\207!3s!\002\031\356p7g\301C\213'\252;p\007\211\345G\223\330\261\277\313\310Pm\016p|\376\310\342\020\261vF0D\002 N\273R\027Cx\3458\227\017$\301(\020\003o(j0\311n\037H\376cJ\236NI{~M\002 _\262\267\205l/V\254M@\001\370\031\370&\233D\014""O \003\351\304\333n]\343t\366a\017""; ","validation: """"\200\000\000\001&\000\000\000\004)/\351\304;:o\206g1\341\2401\207QJ:\r\252\311\206\246\024\266\316^\037\202\007\350j&@r\370\202\254\005\212\230<\357\242\216\001\030\235P\027\000\000\000\000\000\000\000\000\000\000\000\000\000\000\000\000\000\000\000\000\000\000\000\000\000\000\000\000\000\000\000\000P\031\264\245)G\023\327P\311\336[\273\333d\336I\305\256\302\316\214\303'\253!\303]\007\314T\207!3s!\002\031\356p7g\301C\213'\252;p\007\211\345G\223\330\261\277\313\310Pm\016p|\376\310\342\020\261vF0D\002 N\273R\027Cx\3458\227\017$\301(\020\003o(j0\311n\037H\376cJ\236NI{~M\002 _\262\267\205l/V\254M@\001\370\031\370&\233D\014""O \003\351\304\333n]\343t\366a\017""; "
1750534075409,1750534075409,1391,1,2,1,TMValidation,"validation: """"\200\000\000\001&\000\000\000\004)/\351\304;:o\206g1\341\2401\207QJ:\r\252\311\206\246\024\266\316^\037\202\007\350j&@r\370\202\254\005\212\230<\357\242\216\001\030\235P\027\000\000\000\000\000\000\000\000\000\000\000\000\000\000\000\000\000\000\000\000\000\000\000\000\000\000\000\000\000\000\000\000P\031\264\245)G\023\327P\311\336[\273\333d\336I\305\256\302\316\214\303'\253!\303]\007\314T\207!3s!\002\031\356p7g\301C\213'\252;p\007\211\345G\223\330\261\277\313\310Pm\016p|\376\310\342\020\261vF0D\002 N\273R\027Cx\3458\227\017$\301(\020\003o(j0\311n\037H\376cJ\236NI{~M\002 _\262\267\205l/V\254M@\001\370\031\370&\233D\014""O \003\351\304\333n]\343t\366a\017""; ","validation: """"\200\000\000\001&\000\000\000\004)/\351\304;:o\206g1\341\2401\207QJ:\r\252\311\206\246\024\266\316^\037\202\007\350j&@r\370\202\254\005\212\230<\357\242\216\001\030\235P\027\000\000\000\000\000\000\000\000\000\000\000\000\000\000\000\000\000\000\000\000\000\000\000\000\000\000\000\000\000\000\000\000P\031\264\245)G\023\327P\311\336[\273\333d\336I\305\256\302\316\214\303'\253!\303]\007\314T\207!3s!\002\031\356p7g\301C\213'\252;p\007\211\345G\223\330\261\277\313\310Pm\016p|\376\310\342\020\261vF0D\002 N\273R\027Cx\3458\227\017$\301(\020\003o(j0\311n\037H\376cJ\236NI{~M\002 _\262\267\205l/V\254M@\001\370\031\370&\233D\014""O \003\351\304\333n]\343t\366a\017""; "
1750534075409,1750534075410,3634,1,2,4,TMStatusChange,"newEvent: neACCEPTED_LEDGER; ledgerSeq: 4; ledgerHash: ""J:\r\252\311\206\246\024\266\316^\037\202\007\350j&@r\370\202\254\005\212\230<\357\242\216\001\030\235""; ledgerHashPrevious: ""\264\245)G\023\327P\311\336[\273\333d\336I\305\256\302\316\214\303'\253!\303]\007\314T\207!3""; networkTime: 803849275; firstSeq: 1; lastSeq: 3; ","newEvent: neACCEPTED_LEDGER; ledgerSeq: 4; ledgerHash: ""J:\r\252\311\206\246\024\266\316^\037\202\007\350j&@r\370\202\254\005\212\230<\357\242\216\001\030\235""; ledgerHashPrevious: ""\264\245)G\023\327P\311\336[\273\333d\336I\305\256\302\316\214\303'\253!\303]\007\314T\207!3""; networkTime: 803849275; firstSeq: 1; lastSeq: 3; "
1750534075410,1750534075410,2653,1,2,0,TMStatusChange,"newEvent: neACCEPTED_LEDGER; ledgerSeq: 4; ledgerHash: ""J:\r\252\311\206\246\024\266\316^\037\202\007\350j&@r\370\202\254\005\212\230<\357\242\216\001\030\235""; ledgerHashPrevious: ""\264\245)G\023\327P\311\336[\273\333d\336I\305\256\302\316\214\303'\253!\303]\007\314T\207!3""; networkTime: 803849275; firstSeq: 1; lastSeq: 3; ","newEvent: neACCEPTED_LEDGER; ledgerSeq: 4; ledgerHash: ""J:\r\252\311\206\246\024\266\316^\037\202\007\350j&@r\370\202\254\005\212\230<\357\242\216\001\030\235""; ledgerHashPrevious: ""\264\245)G\023\327P\311\336[\273\333d\336I\305\256\302\316\214\303'\253!\303]\007\314T\207!3""; networkTime: 803849275; firstSeq: 1; lastSeq: 3; "
1750534075410,1750534075410,188,1,2,1,TMStatusChange,"newEvent: neACCEPTED_LEDGER; ledgerSeq: 4; ledgerHash: ""J:\r\252\311\206\246\024\266\316^\037\202\007\350j&@r\370\202\254\005\212\230<\357\242\216\001\030\235""; ledgerHashPrevious: ""\264\245)G\023\327P\311\336[\273\333d\336I\305\256\302\316\214\303'\253!\303]\007\314T\207!3""; networkTime: 803849275; firstSeq: 1; lastSeq: 3; ","newEvent: neACCEPTED_LEDGER; ledgerSeq: 4; ledgerHash: ""J:\r\252\311\206\246\024\266\316^\037\202\007\350j&@r\370\202\254\005\212\230<\357\242\216\001\030\235""; ledgerHashPrevious: ""\264\245)G\023\327P\311\336[\273\333d\336I\305\256\302\316\214\303'\253!\303]\007\314T\207!3""; networkTime: 803849275; firstSeq: 1; lastSeq: 3; "
1750534075410,1750534075411,565,1,2,0,TMValidation,"validation: """"\200\000\000\001&\000\000\000\004)/\351\304;:o\206g1\341\2401\207QJ:\r\252\311\206\246\024\266\316^\037\202\007\350j&@r\370\202\254\005\212\230<\357\242\216\001\030\235P\027\000\000\000\000\000\000\000\000\000\000\000\000\000\000\000\000\000\000\000\000\000\000\000\000\000\000\000\000\000\000\000\000P\031\264\245)G\023\327P\311\336[\273\333d\336I\305\256\302\316\214\303'\253!\303]\007\314T\207!3s!\002\031\356p7g\301C\213'\252;p\007\211\345G\223\330\261\277\313\310Pm\016p|\376\310\342\020\261vF0D\002 N\273R\027Cx\3458\227\017$\301(\020\003o(j0\311n\037H\376cJ\236NI{~M\002 _\262\267\205l/V\254M@\001\370\031\370&\233D\014""O \003\351\304\333n]\343t\366a\017""; ","validation: """"\200\000\000\001&\000\000\000\004)/\351\304;:o\206g1\341\2401\207QJ:\r\252\311\206\246\024\266\316^\037\202\007\350j&@r\370\202\254\005\212\230<\357\242\216\001\030\235P\027\000\000\000\000\000\000\000\000\000\000\000\000\000\000\000\000\000\000\000\000\000\000\000\000\000\000\000\000\000\000\000\000P\031\264\245)G\023\327P\311\336[\273\333d\336I\305\256\302\316\214\303'\253!\303]\007\314T\207!3s!\002\031\356p7g\301C\213'\252;p\007\211\345G\223\330\261\277\313\310Pm\016p|\376\310\342\020\261vF0D\002 N\273R\027Cx\3458\227\017$\301(\020\003o(j0\311n\037H\376cJ\236NI{~M\002 _\262\267\205l/V\254M@\001\370\031\370&\233D\014""O \003\351\304\333n]\343t\366a\017""; "
1750534075411,1750534075411,2100,1,2,3,TMStatusChange,"newEvent: neACCEPTED_LEDGER; ledgerSeq: 4; ledgerHash: ""J:\r\252\311\206\246\024\266\316^\037\202\007\350j&@r\370\202\254\005\212\230<\357\242\216\001\030\235""; ledgerHashPrevious: ""\264\245)G\023\327P\311\336[\273\333d\336I\305\256\302\316\214\303'\253!\303]\007\314T\207!3""; networkTime: 803849275; firstSeq: 1; lastSeq: 3; ","newEvent: neACCEPTED_LEDGER; ledgerSeq: 4; ledgerHash: ""J:\r\252\311\206\246\024\266\316^\037\202\007\350j&@r\370\202\254\005\212\230<\357\242\216\001\030\235""; ledgerHashPrevious: ""\264\245)G\023\327P\311\336[\273\333d\336I\305\256\302\316\214\303'\253!\303]\007\314T\207!3""; networkTime: 803849275; firstSeq: 1; lastSeq: 3; "
1750534075412,1750534075412,2970,1,2,3,TMValidation,"validation: """"\200\000\000\001&\000\000\000\004)/\351\304;:o\206g1\341\2401\207QJ:\r\252\311\206\246\024\266\316^\037\202\007\350j&@r\370\202\254\005\212\230<\357\242\216\001\030\235P\027\000\000\000\000\000\000\000\000\000\000\000\000\000\000\000\000\000\000\000\000\000\000\000\000\000\000\000\000\000\000\000\000P\031\264\245)G\023\327P\311\336[\273\333d\336I\305\256\302\316\214\303'\253!\303]\007\314T\207!3s!\002\031\356p7g\301C\213'\252;p\007\211\345G\223\330\261\277\313\310Pm\016p|\376\310\342\020\261vF0D\002 N\273R\027Cx\3458\227\017$\301(\020\003o(j0\311n\037H\376cJ\236NI{~M\002 _\262\267\205l/V\254M@\001\370\031\370&\233D\014""O \003\351\304\333n]\343t\366a\017""; ","validation: """"\200\000\000\001&\000\000\000\004)/\351\304;:o\206g1\341\2401\207QJ:\r\252\311\206\246\024\266\316^\037\202\007\350j&@r\370\202\254\005\212\230<\357\242\216\001\030\235P\027\000\000\000\000\000\000\000\000\000\000\000\000\000\000\000\000\000\000\000\000\000\000\000\000\000\000\000\000\000\000\000\000P\031\264\245)G\023\327P\311\336[\273\333d\336I\305\256\302\316\214\303'\253!\303]\007\314T\207!3s!\002\031\356p7g\301C\213'\252;p\007\211\345G\223\330\261\277\313\310Pm\016p|\376\310\342\020\261vF0D\002 N\273R\027Cx\3458\227\017$\301(\020\003o(j0\311n\037H\376cJ\236NI{~M\002 _\262\267\205l/V\254M@\001\370\031\370&\233D\014""O \003\351\304\333n]\343t\366a\017""; "
1750534075496,1750534075496,391,1,1,4,TMProposeSet,"proposeSeq: 0; currentTxHash: ""\000\000\000\000\000\000\000\000\000\000\000\000\000\000\000\000\000\000\000\000\000\000\000\000\000\000\000\000\000\000\000\000""; nodePubKey: ""\003\241q\201\005c\265\003\367~\267xq\264\m_\310U\235\3644\246\306\345#""\246\274'%\251)""; closeTime: 803849274; signature: ""0D\002 yM\246\372 ^\353\373]\302\221[\304\233\371\263\234\r\0237f\221\000\305-w\233}\2552\002z\002 (\353\376\t\207]L_\275\336\244\363,\315\305\251\032\023s,w\t\301\023\360\026\257\344\231\221\322\n""; previousledger: ""\264\245)G\023\327P\311\336[\273\333d\336I\305\256\302\316\214\303'\253!\303]\007\314T\207!3""; ","proposeSeq: 0; currentTxHash: ""\000\000\000\000\000\000\000\000\000\000\000\000\000\000\000\000\000\000\000\000\000\000\000\000\000\000\000\000\000\000\000\000""; nodePubKey: ""\003\241q\201\005c\265\003\367~\267xq\264\m_\310U\235\3644\246\306\345#""\246\274'%\251)""; closeTime: 803849274; signature: ""0D\002 yM\246\372 ^\353\373]\302\221[\304\233\371\263\234\r\0237f\221\000\305-w\233}\2552\002z\002 (\353\376\t\207]L_\275\336\244\363,\315\305\251\032\023s,w\t\301\023\360\026\257\344\231\221\322\n""; previousledger: ""\264\245)G\023\327P\311\336[\273\333d\336I\305\256\302\316\214\303'\253!\303]\007\314T\207!3""; "
1750534075496,1750534075496,2750,1,1,3,TMProposeSet,"proposeSeq: 0; currentTxHash: ""\000\000\000\000\000\000\000\000\000\000\000\000\000\000\000\000\000\000\000\000\000\000\000\000\000\000\000\000\000\000\000\000""; nodePubKey: ""\003\241q\201\005c\265\003\367~\267xq\264\m_\310U\235\3644\246\306\345#""\246\274'%\251)""; closeTime: 803849274; signature: ""0D\002 yM\246\372 ^\353\373]\302\221[\304\233\371\263\234\r\0237f\221\000\305-w\233}\2552\002z\002 (\353\376\t\207]L_\275\336\244\363,\315\305\251\032\023s,w\t\301\023\360\026\257\344\231\221\322\n""; previousledger: ""\264\245)G\023\327P\311\336[\273\333d\336I\305\256\302\316\214\303'\253!\303]\007\314T\207!3""; ","proposeSeq: 0; currentTxHash: ""\000\000\000\000\000\000\000\000\000\000\000\000\000\000\000\000\000\000\000\000\000\000\000\000\000\000\000\000\000\000\000\000""; nodePubKey: ""\003\241q\201\005c\265\003\367~\267xq\264\m_\310U\235\3644\246\306\345#""\246\274'%\251)""; closeTime: 803849274; signature: ""0D\002 yM\246\372 ^\353\373]\302\221[\304\233\371\263\234\r\0237f\221\000\305-w\233}\2552\002z\002 (\353\376\t\207]L_\275\336\244\363,\315\305\251\032\023s,w\t\301\023\360\026\257\344\231\221\322\n""; previousledger: ""\264\245)G\023\327P\311\336[\273\333d\336I\305\256\302\316\214\303'\253!\303]\007\314T\207!3""; "
1750534075496,1750534075497,1191,1,1,2,TMProposeSet,"proposeSeq: 0; currentTxHash: ""\000\000\000\000\000\000\000\000\000\000\000\000\000\000\000\000\000\000\000\000\000\000\000\000\000\000\000\000\000\000\000\000""; nodePubKey: ""\003\241q\201\005c\265\003\367~\267xq\264\m_\310U\235\3644\246\306\345#""\246\274'%\251)""; closeTime: 803849274; signature: ""0D\002 yM\246\372 ^\353\373]\302\221[\304\233\371\263\234\r\0237f\221\000\305-w\233}\2552\002z\002 (\353\376\t\207]L_\275\336\244\363,\315\305\251\032\023s,w\t\301\023\360\026\257\344\231\221\322\n""; previousledger: ""\264\245)G\023\327P\311\336[\273\333d\336I\305\256\302\316\214\303'\253!\303]\007\314T\207!3""; ","proposeSeq: 0; currentTxHash: ""\000\000\000\000\000\000\000\000\000\000\000\000\000\000\000\000\000\000\000\000\000\000\000\000\000\000\000\000\000\000\000\000""; nodePubKey: ""\003\241q\201\005c\265\003\367~\267xq\264\m_\310U\235\3644\246\306\345#""\246\274'%\251)""; closeTime: 803849274; signature: ""0D\002 yM\246\372 ^\353\373]\302\221[\304\233\371\263\234\r\0237f\221\000\305-w\233}\2552\002z\002 (\353\376\t\207]L_\275\336\244\363,\315\305\251\032\023s,w\t\301\023\360\026\257\344\231\221\322\n""; previousledger: ""\264\245)G\023\327P\311\336[\273\333d\336I\305\256\302\316\214\303'\253!\303]\007\314T\207!3""; "
1750534075528,1750534075528,2365,1,3,1,TMProposeSet,"proposeSeq: 0; currentTxHash: ""\000\000\000\000\000\000\000\000\000\000\000\000\000\000\000\000\000\000\000\000\000\000\000\000\000\000\000\000\000\000\000\000""; nodePubKey: ""\003\241q\201\005c\265\003\367~\267xq\264\m_\310U\235\3644\246\306\345#""\246\274'%\251)""; closeTime: 803849274; signature: ""0D\002 yM\246\372 ^\353\373]\302\221[\304\233\371\263\234\r\0237f\221\000\305-w\233}\2552\002z\002 (\353\376\t\207]L_\275\336\244\363,\315\305\251\032\023s,w\t\301\023\360\026\257\344\231\221\322\n""; previousledger: ""\264\245)G\023\327P\311\336[\273\333d\336I\305\256\302\316\214\303'\253!\303]\007\314T\207!3""; ","proposeSeq: 0; currentTxHash: ""\000\000\000\000\000\000\000\000\000\000\000\000\000\000\000\000\000\000\000\000\000\000\000\000\000\000\000\000\000\000\000\000""; nodePubKey: ""\003\241q\201\005c\265\003\367~\267xq\264\m_\310U\235\3644\246\306\345#""\246\274'%\251)""; closeTime: 803849274; signature: ""0D\002 yM\246\372 ^\353\373]\302\221[\304\233\371\263\234\r\0237f\221\000\305-w\233}\2552\002z\002 (\353\376\t\207]L_\275\336\244\363,\315\305\251\032\023s,w\t\301\023\360\026\257\344\231\221\322\n""; previousledger: ""\264\245)G\023\327P\311\336[\273\333d\336I\305\256\302\316\214\303'\253!\303]\007\314T\207!3""; "
1750534075530,1750534075530,2364,1,3,4,TMProposeSet,"proposeSeq: 0; currentTxHash: ""\000\000\000\000\000\000\000\000\000\000\000\000\000\000\000\000\000\000\000\000\000\000\000\000\000\000\000\000\000\000\000\000""; nodePubKey: ""\003\241q\201\005c\265\003\367~\267xq\264\m_\310U\235\3644\246\306\345#""\246\274'%\251)""; closeTime: 803849274; signature: ""0D\002 yM\246\372 ^\353\373]\302\221[\304\233\371\263\234\r\0237f\221\000\305-w\233}\2552\002z\002 (\353\376\t\207]L_\275\336\244\363,\315\305\251\032\023s,w\t\301\023\360\026\257\344\231\221\322\n""; previousledger: ""\264\245)G\023\327P\311\336[\273\333d\336I\305\256\302\316\214\303'\253!\303]\007\314T\207!3""; ","proposeSeq: 0; currentTxHash: ""\000\000\000\000\000\000\000\000\000\000\000\000\000\000\000\000\000\000\000\000\000\000\000\000\000\000\000\000\000\000\000\000""; nodePubKey: ""\003\241q\201\005c\265\003\367~\267xq\264\m_\310U\235\3644\246\306\345#""\246\274'%\251)""; closeTime: 803849274; signature: ""0D\002 yM\246\372 ^\353\373]\302\221[\304\233\371\263\234\r\0237f\221\000\305-w\233}\2552\002z\002 (\353\376\t\207]L_\275\336\244\363,\315\305\251\032\023s,w\t\301\023\360\026\257\344\231\221\322\n""; previousledger: ""\264\245)G\023\327P\311\336[\273\333d\336I\305\256\302\316\214\303'\253!\303]\007\314T\207!3""; "
1750534075531,1750534075531,1696,1,3,0,TMProposeSet,"proposeSeq: 0; currentTxHash: ""\000\000\000\000\000\000\000\000\000\000\000\000\000\000\000\000\000\000\000\000\000\000\000\000\000\000\000\000\000\000\000\000""; nodePubKey: ""\003\241q\201\005c\265\003\367~\267xq\264\m_\310U\235\3644\246\306\345#""\246\274'%\251)""; closeTime: 803849274; signature: ""0D\002 yM\246\372 ^\353\373]\302\221[\304\233\371\263\234\r\0237f\221\000\305-w\233}\2552\002z\002 (\353\376\t\207]L_\275\336\244\363,\315\305\251\032\023s,w\t\301\023\360\026\257\344\231\221\322\n""; previousledger: ""\264\245)G\023\327P\311\336[\273\333d\336I\305\256\302\316\214\303'\253!\303]\007\314T\207!3""; ","proposeSeq: 0; currentTxHash: ""\000\000\000\000\000\000\000\000\000\000\000\000\000\000\000\000\000\000\000\000\000\000\000\000\000\000\000\000\000\000\000\000""; nodePubKey: ""\003\241q\201\005c\265\003\367~\267xq\264\m_\310U\235\3644\246\306\345#""\246\274'%\251)""; closeTime: 803849274; signature: ""0D\002 yM\246\372 ^\353\373]\302\221[\304\233\371\263\234\r\0237f\221\000\305-w\233}\2552\002z\002 (\353\376\t\207]L_\275\336\244\363,\315\305\251\032\023s,w\t\301\023\360\026\257\344\231\221\322\n""; previousledger: ""\264\245)G\023\327P\311\336[\273\333d\336I\305\256\302\316\214\303'\253!\303]\007\314T\207!3""; "
1750534075531,1750534075532,563,1,1,4,TMTransaction,"rawTransaction: ""\022\000\000""\000\000\000\000$\000\000\000\003 \033\000\000\000\027a@\000\000\027H\206*@h@\000\000\000\000\000\000\ns!\0030\347\374\235V\273%\326\211;\243\363\027\256[\3173\263)\033\326=\263&T\243\023""/\177\320 tF0D\002 \030y9\315\353\250Ah.! \355\203\274WC\225\204\252\2624\245\202\206\001\227\316\336\231\263\0007\002 nr[\331\366\200/\014\277Y\374.;\201\250\232\267\332\255W\374a\272\246\002\357\364\215\277\030Z\260\201\024\265\367by\212S\325C\240\024\312\370\262\227\317\370\362\3717\350\203\024\305D\224\002x\311\246\303\226jd\355\030\na\255\340\022\342\021""; status: tsCURRENT; receiveTimestamp: 803849275; deferred: false; ","rawTransaction: ""\022\000\000""\000\000\000\000$\000\000\000\003 \033\000\000\000\027a@\000\000\027H\206*@h@\000\000\000\000\000\000\ns!\0030\347\374\235V\273%\326\211;\243\363\027\256[\3173\263)\033\326=\263&T\243\023""/\177\320 tF0D\002 \030y9\315\353\250Ah.! \355\203\274WC\225\204\252\2624\245\202\206\001\227\316\336\231\263\0007\002 nr[\331\366\200/\014\277Y\374.;\201\250\232\267\332\255W\374a\272\246\002\357\364\215\277\030Z\260\201\024\265\367by\212S\325C\240\024\312\370\262\227\317\370\362\3717\350\203\024\305D\224\002x\311\246\303\226jd\355\030\na\255\340\022\342\021""; status: tsCURRENT; receiveTimestamp: 803849275; deferred: false; "
1750534075532,1750534075533,1293,1,1,0,TMTransaction,"rawTransaction: ""\022\000\000""\000\000\000\000$\000\000\000\003 \033\000\000\000\027a@\000\000\027H\206*@h@\000\000\000\000\000\000\ns!\0030\347\374\235V\273%\326\211;\243\363\027\256[\3173\263)\033\326=\263&T\243\023""/\177\320 tF0D\002 \030y9\315\353\250Ah.! \355\203\274WC\225\204\252\2624\245\202\206\001\227\316\336\231\263\0007\002 nr[\331\366\200/\014\277Y\374.;\201\250\232\267\332\255W\374a\272\246\002\357\364\215\277\030Z\260\201\024\265\367by\212S\325C\240\024\312\370\262\227\317\370\362\3717\350\203\024\305D\224\002x\311\246\303\226jd\355\030\na\255\340\022\342\021""; status: tsCURRENT; receiveTimestamp: 803849275; deferred: false; ","rawTransaction: ""\022\000\000""\000\000\000\000$\000\000\000\003 \033\000\000\000\027a@\000\000\027H\206*@h@\000\000\000\000\000\000\ns!\0030\347\374\235V\273%\326\211;\243\363\027\256[\3173\263)\033\326=\263&T\243\023""/\177\320 tF0D\002 \030y9\315\353\250Ah.! \355\203\274WC\225\204\252\2624\245\202\206\001\227\316\336\231\263\0007\002 nr[\331\366\200/\014\277Y\374.;\201\250\232\267\332\255W\374a\272\246\002\357\364\215\277\030Z\260\201\024\265\367by\212S\325C\240\024\312\370\262\227\317\370\362\3717\350\203\024\305D\224\002x\311\246\303\226jd\355\030\na\255\340\022\342\021""; status: tsCURRENT; receiveTimestamp: 803849275; deferred: false; "
1750534075531,1750534075534,2761,1,1,2,TMTransaction,"rawTransaction: ""\022\000\000""\000\000\000\000$\000\000\000\003 \033\000\000\000\027a@\000\000\027H\206*@h@\000\000\000\000\000\000\ns!\0030\347\374\235V\273%\326\211;\243\363\027\256[\3173\263)\033\326=\263&T\243\023""/\177\320 tF0D\002 \030y9\315\353\250Ah.! \355\203\274WC\225\204\252\2624\245\202\206\001\227\316\336\231\263\0007\002 nr[\331\366\200/\014\277Y\374.;\201\250\232\267\332\255W\374a\272\246\002\357\364\215\277\030Z\260\201\024\265\367by\212S\325C\240\024\312\370\262\227\317\370\362\3717\350\203\024\305D\224\002x\311\246\303\226jd\355\030\na\255\340\022\342\021""; status: tsCURRENT; receiveTimestamp: 803849275; deferred: false; ","rawTransaction: ""\022\000\000""\000\000\000\000$\000\000\000\003 \033\000\000\000\027a@\000\000\027H\206*@h@\000\000\000\000\000\000\ns!\0030\347\374\235V\273%\326\211;\243\363\027\256[\3173\263)\033\326=\263&T\243\023""/\177\320 tF0D\002 \030y9\315\353\250Ah.! \355\203\274WC\225\204\252\2624\245\202\206\001\227\316\336\231\263\0007\002 nr[\331\366\200/\014\277Y\374.;\201\250\232\267\332\255W\374a\272\246\002\357\364\215\277\030Z\260\201\024\265\367by\212S\325C\240\024\312\370\262\227\317\370\362\3717\350\203\024\305D\224\002x\311\246\303\226jd\355\030\na\255\340\022\342\021""; status: tsCURRENT; receiveTimestamp: 803849275; deferred: false; "
1750534075538,1750534075538,3498,1,1,3,TMTransaction,"rawTransaction: ""\022\000\000""\000\000\000\000$\000\000\000\003 \033\000\000\000\027a@\000\000\027H\206*@h@\000\000\000\000\000\000\ns!\0030\347\374\235V\273%\326\211;\243\363\027\256[\3173\263)\033\326=\263&T\243\023""/\177\320 tF0D\002 \030y9\315\353\250Ah.! \355\203\274WC\225\204\252\2624\245\202\206\001\227\316\336\231\263\0007\002 nr[\331\366\200/\014\277Y\374.;\201\250\232\267\332\255W\374a\272\246\002\357\364\215\277\030Z\260\201\024\265\367by\212S\325C\240\024\312\370\262\227\317\370\362\3717\350\203\024\305D\224\002x\311\246\303\226jd\355\030\na\255\340\022\342\021""; status: tsCURRENT; receiveTimestamp: 803849275; deferred: false; ","rawTransaction: ""\022\000\000""\000\000\000\000$\000\000\000\003 \033\000\000\000\027a@\000\000\027H\206*@h@\000\000\000\000\000\000\ns!\0030\347\374\235V\273%\326\211;\243\363\027\256[\3173\263)\033\326=\263&T\243\023""/\177\320 tF0D\002 \030y9\315\353\250Ah.! \355\203\274WC\225\204\252\2624\245\202\206\001\227\316\336\231\263\0007\002 nr[\331\366\200/\014\277Y\374.;\201\250\232\267\332\255W\374a\272\246\002\357\364\215\277\030Z\260\201\024\265\367by\212S\325C\240\024\312\370\262\227\317\370\362\3717\350\203\024\305D\224\002x\311\246\303\226jd\355\030\na\255\340\022\342\021""; status: tsCURRENT; receiveTimestamp: 803849275; deferred: false; "
1750534075612,1750534075612,412,1,3,4,TMStatusChange,"newEvent: neACCEPTED_LEDGER; ledgerSeq: 4; ledgerHash: ""J:\r\252\311\206\246\024\266\316^\037\202\007\350j&@r\370\202\254\005\212\230<\357\242\216\001\030\235""; ledgerHashPrevious: ""\264\245)G\023\327P\311\336[\273\333d\336I\305\256\302\316\214\303'\253!\303]\007\314T\207!3""; networkTime: 803849275; firstSeq: 1; lastSeq: 3; ","newEvent: neACCEPTED_LEDGER; ledgerSeq: 4; ledgerHash: ""J:\r\252\311\206\246\024\266\316^\037\202\007\350j&@r\370\202\254\005\212\230<\357\242\216\001\030\235""; ledgerHashPrevious: ""\264\245)G\023\327P\311\336[\273\333d\336I\305\256\302\316\214\303'\253!\303]\007\314T\207!3""; networkTime: 803849275; firstSeq: 1; lastSeq: 3; "
1750534075613,1750534075613,3677,1,3,4,TMValidation,"validation: """"\200\000\000\001&\000\000\000\004)/\351\304;:\362\035\024\354\227\211\220\341QJ:\r\252\311\206\246\024\266\316^\037\202\007\350j&@r\370\202\254\005\212\230<\357\242\216\001\030\235P\027\000\000\000\000\000\000\000\000\000\000\000\000\000\000\000\000\000\000\000\000\000\000\000\000\000\000\000\000\000\000\000\000P\031\264\245)G\023\327P\311\336[\273\333d\336I\305\256\302\316\214\303'\253!\303]\007\314T\207!3s!\003\246\253M+\327\254x)\270\216\311K-\350#\234\005\242\246\352}{iSd\374\322d\355G\010\240vG0E\002!\000\315\327W.B\366\376\244\363\034\233\257\233\014\366\260\2765\225t\302\251\\024\221\242r\243\317H\257\317\002 'U\307+='4\357\276\343k\331\330A{\035u;\243]\025\246\204\270\364\010M\364\177\255\243\365""; ","validation: """"\200\000\000\001&\000\000\000\004)/\351\304;:\362\035\024\354\227\211\220\341QJ:\r\252\311\206\246\024\266\316^\037\202\007\350j&@r\370\202\254\005\212\230<\357\242\216\001\030\235P\027\000\000\000\000\000\000\000\000\000\000\000\000\000\000\000\000\000\000\000\000\000\000\000\000\000\000\000\000\000\000\000\000P\031\264\245)G\023\327P\311\336[\273\333d\336I\305\256\302\316\214\303'\253!\303]\007\314T\207!3s!\003\246\253M+\327\254x)\270\216\311K-\350#\234\005\242\246\352}{iSd\374\322d\355G\010\240vG0E\002!\000\315\327W.B\366\376\244\363\034\233\257\233\014\366\260\2765\225t\302\251\\024\221\242r\243\317H\257\317\002 'U\307+='4\357\276\343k\331\330A{\035u;\243]\025\246\204\270\364\010M\364\177\255\243\365""; "
1750534075613,1750534075613,2019,1,3,1,TMValidation,"validation: """"\200\000\000\001&\000\000\000\004)/\351\304;:\362\035\024\354\227\211\220\341QJ:\r\252\311\206\246\024\266\316^\037\202\007\350j&@r\370\202\254\005\212\230<\357\242\216\001\030\235P\027\000\000\000\000\000\000\000\000\000\000\000\000\000\000\000\000\000\000\000\000\000\000\000\000\000\000\000\000\000\000\000\000P\031\264\245)G\023\327P\311\336[\273\333d\336I\305\256\302\316\214\303'\253!\303]\007\314T\207!3s!\003\246\253M+\327\254x)\270\216\311K-\350#\234\005\242\246\352}{iSd\374\322d\355G\010\240vG0E\002!\000\315\327W.B\366\376\244\363\034\233\257\233\014\366\260\2765\225t\302\251\\024\221\242r\243\317H\257\317\002 'U\307+='4\357\276\343k\331\330A{\035u;\243]\025\246\204\270\364\010M\364\177\255\243\365""; ","validation: """"\200\000\000\001&\000\000\000\004)/\351\304;:\362\035\024\354\227\211\220\341QJ:\r\252\311\206\246\024\266\316^\037\202\007\350j&@r\370\202\254\005\212\230<\357\242\216\001\030\235P\027\000\000\000\000\000\000\000\000\000\000\000\000\000\000\000\000\000\000\000\000\000\000\000\000\000\000\000\000\000\000\000\000P\031\264\245)G\023\327P\311\336[\273\333d\336I\305\256\302\316\214\303'\253!\303]\007\314T\207!3s!\003\246\253M+\327\254x)\270\216\311K-\350#\234\005\242\246\352}{iSd\374\322d\355G\010\240vG0E\002!\000\315\327W.B\366\376\244\363\034\233\257\233\014\366\260\2765\225t\302\251\\024\221\242r\243\317H\257\317\002 'U\307+='4\357\276\343k\331\330A{\035u;\243]\025\246\204\270\364\010M\364\177\255\243\365""; "
1750534075615,1750534075615,1476,1,3,0,TMStatusChange,"newEvent: neACCEPTED_LEDGER; ledgerSeq: 4; ledgerHash: ""J:\r\252\311\206\246\024\266\316^\037\202\007\350j&@r\370\202\254\005\212\230<\357\242\216\001\030\235""; ledgerHashPrevious: ""\264\245)G\023\327P\311\336[\273\333d\336I\305\256\302\316\214\303'\253!\303]\007\314T\207!3""; networkTime: 803849275; firstSeq: 1; lastSeq: 3; ","newEvent: neACCEPTED_LEDGER; ledgerSeq: 4; ledgerHash: ""J:\r\252\311\206\246\024\266\316^\037\202\007\350j&@r\370\202\254\005\212\230<\357\242\216\001\030\235""; ledgerHashPrevious: ""\264\245)G\023\327P\311\336[\273\333d\336I\305\256\302\316\214\303'\253!\303]\007\314T\207!3""; networkTime: 803849275; firstSeq: 1; lastSeq: 3; "
1750534075614,1750534075614,51,1,3,1,TMStatusChange,"newEvent: neACCEPTED_LEDGER; ledgerSeq: 4; ledgerHash: ""J:\r\252\311\206\246\024\266\316^\037\202\007\350j&@r\370\202\254\005\212\230<\357\242\216\001\030\235""; ledgerHashPrevious: ""\264\245)G\023\327P\311\336[\273\333d\336I\305\256\302\316\214\303'\253!\303]\007\314T\207!3""; networkTime: 803849275; firstSeq: 1; lastSeq: 3; ","newEvent: neACCEPTED_LEDGER; ledgerSeq: 4; ledgerHash: ""J:\r\252\311\206\246\024\266\316^\037\202\007\350j&@r\370\202\254\005\212\230<\357\242\216\001\030\235""; ledgerHashPrevious: ""\264\245)G\023\327P\311\336[\273\333d\336I\305\256\302\316\214\303'\253!\303]\007\314T\207!3""; networkTime: 803849275; firstSeq: 1; lastSeq: 3; "
1750534075615,1750534075615,3709,1,3,2,TMValidation,"validation: """"\200\000\000\001&\000\000\000\004)/\351\304;:\362\035\024\354\227\211\220\341QJ:\r\252\311\206\246\024\266\316^\037\202\007\350j&@r\370\202\254\005\212\230<\357\242\216\001\030\235P\027\000\000\000\000\000\000\000\000\000\000\000\000\000\000\000\000\000\000\000\000\000\000\000\000\000\000\000\000\000\000\000\000P\031\264\245)G\023\327P\311\336[\273\333d\336I\305\256\302\316\214\303'\253!\303]\007\314T\207!3s!\003\246\253M+\327\254x)\270\216\311K-\350#\234\005\242\246\352}{iSd\374\322d\355G\010\240vG0E\002!\000\315\327W.B\366\376\244\363\034\233\257\233\014\366\260\2765\225t\302\251\\024\221\242r\243\317H\257\317\002 'U\307+='4\357\276\343k\331\330A{\035u;\243]\025\246\204\270\364\010M\364\177\255\243\365""; ","validation: """"\200\000\000\001&\000\000\000\004)/\351\304;:\362\035\024\354\227\211\220\341QJ:\r\252\311\206\246\024\266\316^\037\202\007\350j&@r\370\202\254\005\212\230<\357\242\216\001\030\235P\027\000\000\000\000\000\000\000\000\000\000\000\000\000\000\000\000\000\000\000\000\000\000\000\000\000\000\000\000\000\000\000\000P\031\264\245)G\023\327P\311\336[\273\333d\336I\305\256\302\316\214\303'\253!\303]\007\314T\207!3s!\003\246\253M+\327\254x)\270\216\311K-\350#\234\005\242\246\352}{iSd\374\322d\355G\010\240vG0E\002!\000\315\327W.B\366\376\244\363\034\233\257\233\014\366\260\2765\225t\302\251\\024\221\242r\243\317H\257\317\002 'U\307+='4\357\276\343k\331\330A{\035u;\243]\025\246\204\270\364\010M\364\177\255\243\365""; "
1750534075614,1750534075614,1774,1,3,2,TMStatusChange,"newEvent: neACCEPTED_LEDGER; ledgerSeq: 4; ledgerHash: ""J:\r\252\311\206\246\024\266\316^\037\202\007\350j&@r\370\202\254\005\212\230<\357\242\216\001\030\235""; ledgerHashPrevious: ""\264\245)G\023\327P\311\336[\273\333d\336I\305\256\302\316\214\303'\253!\303]\007\314T\207!3""; networkTime: 803849275; firstSeq: 1; lastSeq: 3; ","newEvent: neACCEPTED_LEDGER; ledgerSeq: 4; ledgerHash: ""J:\r\252\311\206\246\024\266\316^\037\202\007\350j&@r\370\202\254\005\212\230<\357\242\216\001\030\235""; ledgerHashPrevious: ""\264\245)G\023\327P\311\336[\273\333d\336I\305\256\302\316\214\303'\253!\303]\007\314T\207!3""; networkTime: 803849275; firstSeq: 1; lastSeq: 3; "
1750534075654,1750534075654,2058,1,3,0,TMValidation,"validation: """"\200\000\000\001&\000\000\000\004)/\351\304;:\362\035\024\354\227\211\220\341QJ:\r\252\311\206\246\024\266\316^\037\202\007\350j&@r\370\202\254\005\212\230<\357\242\216\001\030\235P\027\000\000\000\000\000\000\000\000\000\000\000\000\000\000\000\000\000\000\000\000\000\000\000\000\000\000\000\000\000\000\000\000P\031\264\245)G\023\327P\311\336[\273\333d\336I\305\256\302\316\214\303'\253!\303]\007\314T\207!3s!\003\246\253M+\327\254x)\270\216\311K-\350#\234\005\242\246\352}{iSd\374\322d\355G\010\240vG0E\002!\000\315\327W.B\366\376\244\363\034\233\257\233\014\366\260\2765\225t\302\251\\024\221\242r\243\317H\257\317\002 'U\307+='4\357\276\343k\331\330A{\035u;\243]\025\246\204\270\364\010M\364\177\255\243\365""; ","validation: """"\200\000\000\001&\000\000\000\004)/\351\304;:\362\035\024\354\227\211\220\341QJ:\r\252\311\206\246\024\266\316^\037\202\007\350j&@r\370\202\254\005\212\230<\357\242\216\001\030\235P\027\000\000\000\000\000\000\000\000\000\000\000\000\000\000\000\000\000\000\000\000\000\000\000\000\000\000\000\000\000\000\000\000P\031\264\245)G\023\327P\311\336[\273\333d\336I\305\256\302\316\214\303'\253!\303]\007\314T\207!3s!\003\246\253M+\327\254x)\270\216\311K-\350#\234\005\242\246\352}{iSd\374\322d\355G\010\240vG0E\002!\000\315\327W.B\366\376\244\363\034\233\257\233\014\366\260\2765\225t\302\251\\024\221\242r\243\317H\257\317\002 'U\307+='4\357\276\343k\331\330A{\035u;\243]\025\246\204\270\364\010M\364\177\255\243\365""; "
1750534075696,1750534075696,2911,1,1,4,TMStatusChange,"newEvent: neACCEPTED_LEDGER; ledgerSeq: 4; ledgerHash: ""J:\r\252\311\206\246\024\266\316^\037\202\007\350j&@r\370\202\254\005\212\230<\357\242\216\001\030\235""; ledgerHashPrevious: ""\264\245)G\023\327P\311\336[\273\333d\336I\305\256\302\316\214\303'\253!\303]\007\314T\207!3""; networkTime: 803849275; firstSeq: 1; lastSeq: 3; ","newEvent: neACCEPTED_LEDGER; ledgerSeq: 4; ledgerHash: ""J:\r\252\311\206\246\024\266\316^\037\202\007\350j&@r\370\202\254\005\212\230<\357\242\216\001\030\235""; ledgerHashPrevious: ""\264\245)G\023\327P\311\336[\273\333d\336I\305\256\302\316\214\303'\253!\303]\007\314T\207!3""; networkTime: 803849275; firstSeq: 1; lastSeq: 3; "
1750534075697,1750534075697,1959,1,1,4,TMValidation,"validation: """"\200\000\000\001&\000\000\000\004)/\351\304;:\001\317\351\3603A\3522QJ:\r\252\311\206\246\024\266\316^\037\202\007\350j&@r\370\202\254\005\212\230<\357\242\216\001\030\235P\027\000\000\000\000\000\000\000\000\000\000\000\000\000\000\000\000\000\000\000\000\000\000\000\000\000\000\000\000\000\000\000\000P\031\264\245)G\023\327P\311\336[\273\333d\336I\305\256\302\316\214\303'\253!\303]\007\314T\207!3s!\003)\036\227\370\t\264\235\206\317\234B\n\230/\375\257\335fo\253d\026_\357K\336\020\302\356\323\222\376vF0D\002 \037&H[\036o\r\304\364 /\027s\251\302\336\340O}I\024)7vebh\276\243e\002\215\002 \031\353// \316\304\230pbMBY\017EPq\315X\002\372\320\314\200\365\3066!\364R9\353""; ","validation: """"\200\000\000\001&\000\000\000\004)/\351\304;:\001\317\351\3603A\3522QJ:\r\252\311\206\246\024\266\316^\037\202\007\350j&@r\370\202\254\005\212\230<\357\242\216\001\030\235P\027\000\000\000\000\000\000\000\000\000\000\000\000\000\000\000\000\000\000\000\000\000\000\000\000\000\000\000\000\000\000\000\000P\031\264\245)G\023\327P\311\336[\273\333d\336I\305\256\302\316\214\303'\253!\303]\007\314T\207!3s!\003)\036\227\370\t\264\235\206\317\234B\n\230/\375\257\335fo\253d\026_\357K\336\020\302\356\323\222\376vF0D\002 \037&H[\036o\r\304\364 /\027s\251\302\336\340O}I\024)7vebh\276\243e\002\215\002 \031\353// \316\304\230pbMBY\017EPq\315X\002\372\320\314\200\365\3066!\364R9\353""; "
1750534075698,1750534075698,3926,1,1,0,TMStatusChange,"newEvent: neACCEPTED_LEDGER; ledgerSeq: 4; ledgerHash: ""J:\r\252\311\206\246\024\266\316^\037\202\007\350j&@r\370\202\254\005\212\230<\357\242\216\001\030\235""; ledgerHashPrevious: ""\264\245)G\023\327P\311\336[\273\333d\336I\305\256\302\316\214\303'\253!\303]\007\314T\207!3""; networkTime: 803849275; firstSeq: 1; lastSeq: 3; ","newEvent: neACCEPTED_LEDGER; ledgerSeq: 4; ledgerHash: ""J:\r\252\311\206\246\024\266\316^\037\202\007\350j&@r\370\202\254\005\212\230<\357\242\216\001\030\235""; ledgerHashPrevious: ""\264\245)G\023\327P\311\336[\273\333d\336I\305\256\302\316\214\303'\253!\303]\007\314T\207!3""; networkTime: 803849275; firstSeq: 1; lastSeq: 3; "
1750534075698,1750534075699,1799,1,1,3,TMStatusChange,"newEvent: neACCEPTED_LEDGER; ledgerSeq: 4; ledgerHash: ""J:\r\252\311\206\246\024\266\316^\037\202\007\350j&@r\370\202\254\005\212\230<\357\242\216\001\030\235""; ledgerHashPrevious: ""\264\245)G\023\327P\311\336[\273\333d\336I\305\256\302\316\214\303'\253!\303]\007\314T\207!3""; networkTime: 803849275; firstSeq: 1; lastSeq: 3; ","newEvent: neACCEPTED_LEDGER; ledgerSeq: 4; ledgerHash: ""J:\r\252\311\206\246\024\266\316^\037\202\007\350j&@r\370\202\254\005\212\230<\357\242\216\001\030\235""; ledgerHashPrevious: ""\264\245)G\023\327P\311\336[\273\333d\336I\305\256\302\316\214\303'\253!\303]\007\314T\207!3""; networkTime: 803849275; firstSeq: 1; lastSeq: 3; "
1750534075699,1750534075699,546,1,1,0,TMValidation,"validation: """"\200\000\000\001&\000\000\000\004)/\351\304;:\001\317\351\3603A\3522QJ:\r\252\311\206\246\024\266\316^\037\202\007\350j&@r\370\202\254\005\212\230<\357\242\216\001\030\235P\027\000\000\000\000\000\000\000\000\000\000\000\000\000\000\000\000\000\000\000\000\000\000\000\000\000\000\000\000\000\000\000\000P\031\264\245)G\023\327P\311\336[\273\333d\336I\305\256\302\316\214\303'\253!\303]\007\314T\207!3s!\003)\036\227\370\t\264\235\206\317\234B\n\230/\375\257\335fo\253d\026_\357K\336\020\302\356\323\222\376vF0D\002 \037&H[\036o\r\304\364 /\027s\251\302\336\340O}I\024)7vebh\276\243e\002\215\002 \031\353// \316\304\230pbMBY\017EPq\315X\002\372\320\314\200\365\3066!\364R9\353""; ","validation: """"\200\000\000\001&\000\000\000\004)/\351\304;:\001\317\351\3603A\3522QJ:\r\252\311\206\246\024\266\316^\037\202\007\350j&@r\370\202\254\005\212\230<\357\242\216\001\030\235P\027\000\000\000\000\000\000\000\000\000\000\000\000\000\000\000\000\000\000\000\000\000\000\000\000\000\000\000\000\000\000\000\000P\031\264\245)G\023\327P\311\336[\273\333d\336I\305\256\302\316\214\303'\253!\303]\007\314T\207!3s!\003)\036\227\370\t\264\235\206\317\234B\n\230/\375\257\335fo\253d\026_\357K\336\020\302\356\323\222\376vF0D\002 \037&H[\036o\r\304\364 /\027s\251\302\336\340O}I\024)7vebh\276\243e\002\215\002 \031\353// \316\304\230pbMBY\017EPq\315X\002\372\320\314\200\365\3066!\364R9\353""; "
1750534075699,1750534075699,1412,1,1,3,TMValidation,"validation: """"\200\000\000\001&\000\000\000\004)/\351\304;:\001\317\351\3603A\3522QJ:\r\252\311\206\246\024\266\316^\037\202\007\350j&@r\370\202\254\005\212\230<\357\242\216\001\030\235P\027\000\000\000\000\000\000\000\000\000\000\000\000\000\000\000\000\000\000\000\000\000\000\000\000\000\000\000\000\000\000\000\000P\031\264\245)G\023\327P\311\336[\273\333d\336I\305\256\302\316\214\303'\253!\303]\007\314T\207!3s!\003)\036\227\370\t\264\235\206\317\234B\n\230/\375\257\335fo\253d\026_\357K\336\020\302\356\323\222\376vF0D\002 \037&H[\036o\r\304\364 /\027s\251\302\336\340O}I\024)7vebh\276\243e\002\215\002 \031\353// \316\304\230pbMBY\017EPq\315X\002\372\320\314\200\365\3066!\364R9\353""; ","validation: """"\200\000\000\001&\000\000\000\004)/\351\304;:\001\317\351\3603A\3522QJ:\r\252\311\206\246\024\266\316^\037\202\007\350j&@r\370\202\254\005\212\230<\357\242\216\001\030\235P\027\000\000\000\000\000\000\000\000\000\000\000\000\000\000\000\000\000\000\000\000\000\000\000\000\000\000\000\000\000\000\000\000P\031\264\245)G\023\327P\311\336[\273\333d\336I\305\256\302\316\214\303'\253!\303]\007\314T\207!3s!\003)\036\227\370\t\264\235\206\317\234B\n\230/\375\257\335fo\253d\026_\357K\336\020\302\356\323\222\376vF0D\002 \037&H[\036o\r\304\364 /\027s\251\302\336\340O}I\024)7vebh\276\243e\002\215\002 \031\353// \316\304\230pbMBY\017EPq\315X\002\372\320\314\200\365\3066!\364R9\353""; "
1750534075700,1750534075700,3986,1,1,2,TMValidation,"validation: """"\200\000\000\001&\000\000\000\004)/\351\304;:\001\317\351\3603A\3522QJ:\r\252\311\206\246\024\266\316^\037\202\007\350j&@r\370\202\254\005\212\230<\357\242\216\001\030\235P\027\000\000\000\000\000\000\000\000\000\000\000\000\000\000\000\000\000\000\000\000\000\000\000\000\000\000\000\000\000\000\000\000P\031\264\245)G\023\327P\311\336[\273\333d\336I\305\256\302\316\214\303'\253!\303]\007\314T\207!3s!\003)\036\227\370\t\264\235\206\317\234B\n\230/\375\257\335fo\253d\026_\357K\336\020\302\356\323\222\376vF0D\002 \037&H[\036o\r\304\364 /\027s\251\302\336\340O}I\024)7vebh\276\243e\002\215\002 \031\353// \316\304\230pbMBY\017EPq\315X\002\372\320\314\200\365\3066!\364R9\353""; ","validation: """"\200\000\000\001&\000\000\000\004)/\351\304;:\001\317\351\3603A\3522QJ:\r\252\311\206\246\024\266\316^\037\202\007\350j&@r\370\202\254\005\212\230<\357\242\216\001\030\235P\027\000\000\000\000\000\000\000\000\000\000\000\000\000\000\000\000\000\000\000\000\000\000\000\000\000\000\000\000\000\000\000\000P\031\264\245)G\023\327P\311\336[\273\333d\336I\305\256\302\316\214\303'\253!\303]\007\314T\207!3s!\003)\036\227\370\t\264\235\206\317\234B\n\230/\375\257\335fo\253d\026_\357K\336\020\302\356\323\222\376vF0D\002 \037&H[\036o\r\304\364 /\027s\251\302\336\340O}I\024)7vebh\276\243e\002\215\002 \031\353// \316\304\230pbMBY\017EPq\315X\002\372\320\314\200\365\3066!\364R9\353""; "
1750534075700,1750534075700,1294,1,1,2,TMStatusChange,"newEvent: neACCEPTED_LEDGER; ledgerSeq: 4; ledgerHash: ""J:\r\252\311\206\246\024\266\316^\037\202\007\350j&@r\370\202\254\005\212\230<\357\242\216\001\030\235""; ledgerHashPrevious: ""\264\245)G\023\327P\311\336[\273\333d\336I\305\256\302\316\214\303'\253!\303]\007\314T\207!3""; networkTime: 803849275; firstSeq: 1; lastSeq: 3; ","newEvent: neACCEPTED_LEDGER; ledgerSeq: 4; ledgerHash: ""J:\r\252\311\206\246\024\266\316^\037\202\007\350j&@r\370\202\254\005\212\230<\357\242\216\001\030\235""; ledgerHashPrevious: ""\264\245)G\023\327P\311\336[\273\333d\336I\305\256\302\316\214\303'\253!\303]\007\314T\207!3""; networkTime: 803849275; firstSeq: 1; lastSeq: 3; "
1750534075776,1750534075776,2776,1,0,3,TMValidation,"validation: """"\200\000\000\001&\000\000\000\004)/\351\304;:7\006\273IhO\034\261QJ:\r\252\311\206\246\024\266\316^\037\202\007\350j&@r\370\202\254\005\212\230<\357\242\216\001\030\235P\027\000\000\000\000\000\000\000\000\000\000\000\000\000\000\000\000\000\000\000\000\000\000\000\000\000\000\000\000\000\000\000\000P\031\264\245)G\023\327P\311\336[\273\333d\336I\305\256\302\316\214\303'\253!\303]\007\314T\207!3s!\002\227gv\346\003n\232f\264\2224\366\324\341o\5\217J\337\2771q\223O\025\217G8\235\301fvG0E\002!\000\226\033!><Mb\240\316\371Z-[\204\313vb\350\305\007\237$\314\212F\2479T\322\004""\266\002 .k\255\3707\231s\265\274\366\234\024\333J\310\215\340\360D\245I\266qB\363\220\353\250u\010\250\257""; ","validation: """"\200\000\000\001&\000\000\000\004)/\351\304;:7\006\273IhO\034\261QJ:\r\252\311\206\246\024\266\316^\037\202\007\350j&@r\370\202\254\005\212\230<\357\242\216\001\030\235P\027\000\000\000\000\000\000\000\000\000\000\000\000\000\000\000\000\000\000\000\000\000\000\000\000\000\000\000\000\000\000\000\000P\031\264\245)G\023\327P\311\336[\273\333d\336I\305\256\302\316\214\303'\253!\303]\007\314T\207!3s!\002\227gv\346\003n\232f\264\2224\366\324\341o\5\217J\337\2771q\223O\025\217G8\235\301fvG0E\002!\000\226\033!><Mb\240\316\371Z-[\204\313vb\350\305\007\237$\314\212F\2479T\322\004""\266\002 .k\255\3707\231s\265\274\366\234\024\333J\310\215\340\360D\245I\266qB\363\220\353\250u\010\250\257""; "
1750534075776,1750534075776,3863,1,0,4,TMValidation,"validation: """"\200\000\000\001&\000\000\000\004)/\351\304;:7\006\273IhO\034\261QJ:\r\252\311\206\246\024\266\316^\037\202\007\350j&@r\370\202\254\005\212\230<\357\242\216\001\030\235P\027\000\000\000\000\000\000\000\000\000\000\000\000\000\000\000\000\000\000\000\000\000\000\000\000\000\000\000\000\000\000\000\000P\031\264\245)G\023\327P\311\336[\273\333d\336I\305\256\302\316\214\303'\253!\303]\007\314T\207!3s!\002\227gv\346\003n\232f\264\2224\366\324\341o\5\217J\337\2771q\223O\025\217G8\235\301fvG0E\002!\000\226\033!><Mb\240\316\371Z-[\204\313vb\350\305\007\237$\314\212F\2479T\322\004""\266\002 .k\255\3707\231s\265\274\366\234\024\333J\310\215\340\360D\245I\266qB\363\220\353\250u\010\250\257""; ","validation: """"\200\000\000\001&\000\000\000\004)/\351\304;:7\006\273IhO\034\261QJ:\r\252\311\206\246\024\266\316^\037\202\007\350j&@r\370\202\254\005\212\230<\357\242\216\001\030\235P\027\000\000\000\000\000\000\000\000\000\000\000\000\000\000\000\000\000\000\000\000\000\000\000\000\000\000\000\000\000\000\000\000P\031\264\245)G\023\327P\311\336[\273\333d\336I\305\256\302\316\214\303'\253!\303]\007\314T\207!3s!\002\227gv\346\003n\232f\264\2224\366\324\341o\5\217J\337\2771q\223O\025\217G8\235\301fvG0E\002!\000\226\033!><Mb\240\316\371Z-[\204\313vb\350\305\007\237$\314\212F\2479T\322\004""\266\002 .k\255\3707\231s\265\274\366\234\024\333J\310\215\340\360D\245I\266qB\363\220\353\250u\010\250\257""; "
1750534075776,1750534075776,885,1,0,3,TMStatusChange,"newEvent: neACCEPTED_LEDGER; ledgerSeq: 4; ledgerHash: ""J:\r\252\311\206\246\024\266\316^\037\202\007\350j&@r\370\202\254\005\212\230<\357\242\216\001\030\235""; ledgerHashPrevious: ""\264\245)G\023\327P\311\336[\273\333d\336I\305\256\302\316\214\303'\253!\303]\007\314T\207!3""; networkTime: 803849275; firstSeq: 1; lastSeq: 3; ","newEvent: neACCEPTED_LEDGER; ledgerSeq: 4; ledgerHash: ""J:\r\252\311\206\246\024\266\316^\037\202\007\350j&@r\370\202\254\005\212\230<\357\242\216\001\030\235""; ledgerHashPrevious: ""\264\245)G\023\327P\311\336[\273\333d\336I\305\256\302\316\214\303'\253!\303]\007\314T\207!3""; networkTime: 803849275; firstSeq: 1; lastSeq: 3; "
1750534075778,1750534075778,3074,1,0,4,TMStatusChange,"newEvent: neACCEPTED_LEDGER; ledgerSeq: 4; ledgerHash: ""J:\r\252\311\206\246\024\266\316^\037\202\007\350j&@r\370\202\254\005\212\230<\357\242\216\001\030\235""; ledgerHashPrevious: ""\264\245)G\023\327P\311\336[\273\333d\336I\305\256\302\316\214\303'\253!\303]\007\314T\207!3""; networkTime: 803849275; firstSeq: 1; lastSeq: 3; ","newEvent: neACCEPTED_LEDGER; ledgerSeq: 4; ledgerHash: ""J:\r\252\311\206\246\024\266\316^\037\202\007\350j&@r\370\202\254\005\212\230<\357\242\216\001\030\235""; ledgerHashPrevious: ""\264\245)G\023\327P\311\336[\273\333d\336I\305\256\302\316\214\303'\253!\303]\007\314T\207!3""; networkTime: 803849275; firstSeq: 1; lastSeq: 3; "
1750534075778,1750534075778,2322,1,0,2,TMStatusChange,"newEvent: neACCEPTED_LEDGER; ledgerSeq: 4; ledgerHash: ""J:\r\252\311\206\246\024\266\316^\037\202\007\350j&@r\370\202\254\005\212\230<\357\242\216\001\030\235""; ledgerHashPrevious: ""\264\245)G\023\327P\311\336[\273\333d\336I\305\256\302\316\214\303'\253!\303]\007\314T\207!3""; networkTime: 803849275; firstSeq: 1; lastSeq: 3; ","newEvent: neACCEPTED_LEDGER; ledgerSeq: 4; ledgerHash: ""J:\r\252\311\206\246\024\266\316^\037\202\007\350j&@r\370\202\254\005\212\230<\357\242\216\001\030\235""; ledgerHashPrevious: ""\264\245)G\023\327P\311\336[\273\333d\336I\305\256\302\316\214\303'\253!\303]\007\314T\207!3""; networkTime: 803849275; firstSeq: 1; lastSeq: 3; "
1750534075778,1750534075778,1927,1,0,2,TMValidation,"validation: """"\200\000\000\001&\000\000\000\004)/\351\304;:7\006\273IhO\034\261QJ:\r\252\311\206\246\024\266\316^\037\202\007\350j&@r\370\202\254\005\212\230<\357\242\216\001\030\235P\027\000\000\000\000\000\000\000\000\000\000\000\000\000\000\000\000\000\000\000\000\000\000\000\000\000\000\000\000\000\000\000\000P\031\264\245)G\023\327P\311\336[\273\333d\336I\305\256\302\316\214\303'\253!\303]\007\314T\207!3s!\002\227gv\346\003n\232f\264\2224\366\324\341o\5\217J\337\2771q\223O\025\217G8\235\301fvG0E\002!\000\226\033!><Mb\240\316\371Z-[\204\313vb\350\305\007\237$\314\212F\2479T\322\004""\266\002 .k\255\3707\231s\265\274\366\234\024\333J\310\215\340\360D\245I\266qB\363\220\353\250u\010\250\257""; ","validation: """"\200\000\000\001&\000\000\000\004)/\351\304;:7\006\273IhO\034\261QJ:\r\252\311\206\246\024\266\316^\037\202\007\350j&@r\370\202\254\005\212\230<\357\242\216\001\030\235P\027\000\000\000\000\000\000\000\000\000\000\000\000\000\000\000\000\000\000\000\000\000\000\000\000\000\000\000\000\000\000\000\000P\031\264\245)G\023\327P\311\336[\273\333d\336I\305\256\302\316\214\303'\253!\303]\007\314T\207!3s!\002\227gv\346\003n\232f\264\2224\366\324\341o\5\217J\337\2771q\223O\025\217G8\235\301fvG0E\002!\000\226\033!><Mb\240\316\371Z-[\204\313vb\350\305\007\237$\314\212F\2479T\322\004""\266\002 .k\255\3707\231s\265\274\366\234\024\333J\310\215\340\360D\245I\266qB\363\220\353\250u\010\250\257""; "
1750534075778,1750534075778,2478,1,0,1,TMStatusChange,"newEvent: neACCEPTED_LEDGER; ledgerSeq: 4; ledgerHash: ""J:\r\252\311\206\246\024\266\316^\037\202\007\350j&@r\370\202\254\005\212\230<\357\242\216\001\030\235""; ledgerHashPrevious: ""\264\245)G\023\327P\311\336[\273\333d\336I\305\256\302\316\214\303'\253!\303]\007\314T\207!3""; networkTime: 803849275; firstSeq: 1; lastSeq: 3; ","newEvent: neACCEPTED_LEDGER; ledgerSeq: 4; ledgerHash: ""J:\r\252\311\206\246\024\266\316^\037\202\007\350j&@r\370\202\254\005\212\230<\357\242\216\001\030\235""; ledgerHashPrevious: ""\264\245)G\023\327P\311\336[\273\333d\336I\305\256\302\316\214\303'\253!\303]\007\314T\207!3""; networkTime: 803849275; firstSeq: 1; lastSeq: 3; "
1750534075818,1750534075818,127,1,0,1,TMValidation,"validation: """"\200\000\000\001&\000\000\000\004)/\351\304;:7\006\273IhO\034\261QJ:\r\252\311\206\246\024\266\316^\037\202\007\350j&@r\370\202\254\005\212\230<\357\242\216\001\030\235P\027\000\000\000\000\000\000\000\000\000\000\000\000\000\000\000\000\000\000\000\000\000\000\000\000\000\000\000\000\000\000\000\000P\031\264\245)G\023\327P\311\336[\273\333d\336I\305\256\302\316\214\303'\253!\303]\007\314T\207!3s!\002\227gv\346\003n\232f\264\2224\366\324\341o\5\217J\337\2771q\223O\025\217G8\235\301fvG0E\002!\000\226\033!><Mb\240\316\371Z-[\204\313vb\350\305\007\237$\314\212F\2479T\322\004""\266\002 .k\255\3707\231s\265\274\366\234\024\333J\310\215\340\360D\245I\266qB\363\220\353\250u\010\250\257""; ","validation: """"\200\000\000\001&\000\000\000\004)/\351\304;:7\006\273IhO\034\261QJ:\r\252\311\206\246\024\266\316^\037\202\007\350j&@r\370\202\254\005\212\230<\357\242\216\001\030\235P\027\000\000\000\000\000\000\000\000\000\000\000\000\000\000\000\000\000\000\000\000\000\000\000\000\000\000\000\000\000\000\000\000P\031\264\245)G\023\327P\311\336[\273\333d\336I\305\256\302\316\214\303'\253!\303]\007\314T\207!3s!\002\227gv\346\003n\232f\264\2224\366\324\341o\5\217J\337\2771q\223O\025\217G8\235\301fvG0E\002!\000\226\033!><Mb\240\316\371Z-[\204\313vb\350\305\007\237$\314\212F\2479T\322\004""\266\002 .k\255\3707\231s\265\274\366\234\024\333J\310\215\340\360D\245I\266qB\363\220\353\250u\010\250\257""; "
1750534075846,1750534075847,1739,1,2,4,TMTransaction,"rawTransaction: ""\022\000\000""\000\000\000\000$\000\000\000\001 \033\000\000\000\027a@\000\000\027H\206*@h@\000\000\000\000\000\000\ns!\0030\347\374\235V\273%\326\211;\243\363\027\256[\3173\263)\033\326=\263&T\243\023""/\177\320 tG0E\002!\000\303\032hdq\207\324~|{\251\221\300\007\014\014\273\234\237\252\301\256V\312a\315|h\216\374\022\335\002 <\023\246\007\372*\264\203\255h@\273\374^\315\032\0210\346\2356s\317T\233\320rS*[/F\201\024\265\367by\212S\325C\240\024\312\370\262\227\317\370\362\3717\350\203\024\300@\251.\340>\356w\245\353E\302\237.g\324\331\306\220+""; status: tsCURRENT; receiveTimestamp: 803849275; deferred: false; ","rawTransaction: ""\022\000\000""\000\000\000\000$\000\000\000\001 \033\000\000\000\027a@\000\000\027H\206*@h@\000\000\000\000\000\000\ns!\0030\347\374\235V\273%\326\211;\243\363\027\256[\3173\263)\033\326=\263&T\243\023""/\177\320 tG0E\002!\000\303\032hdq\207\324~|{\251\221\300\007\014\014\273\234\237\252\301\256V\312a\315|h\216\374\022\335\002 <\023\246\007\372*\264\203\255h@\273\374^\315\032\0210\346\2356s\317T\233\320rS*[/F\201\024\265\367by\212S\325C\240\024\312\370\262\227\317\370\362\3717\350\203\024\300@\251.\340>\356w\245\353E\302\237.g\324\331\306\220+""; status: tsCURRENT; receiveTimestamp: 803849275; deferred: false; "
1750534075847,1750534075848,2308,1,2,3,TMTransaction,"rawTransaction: ""\022\000\000""\000\000\000\000$\000\000\000\001 \033\000\000\000\027a@\000\000\027H\206*@h@\000\000\000\000\000\000\ns!\0030\347\374\235V\273%\326\211;\243\363\027\256[\3173\263)\033\326=\263&T\243\023""/\177\320 tG0E\002!\000\303\032hdq\207\324~|{\251\221\300\007\014\014\273\234\237\252\301\256V\312a\315|h\216\374\022\335\002 <\023\246\007\372*\264\203\255h@\273\374^\315\032\0210\346\2356s\317T\233\320rS*[/F\201\024\265\367by\212S\325C\240\024\312\370\262\227\317\370\362\3717\350\203\024\300@\251.\340>\356w\245\353E\302\237.g\324\331\306\220+""; status: tsCURRENT; receiveTimestamp: 803849275; deferred: false; ","rawTransaction: ""\022\000\000""\000\000\000\000$\000\000\000\001 \033\000\000\000\027a@\000\000\027H\206*@h@\000\000\000\000\000\000\ns!\0030\347\374\235V\273%\326\211;\243\363\027\256[\3173\263)\033\326=\263&T\243\023""/\177\320 tG0E\002!\000\303\032hdq\207\324~|{\251\221\300\007\014\014\273\234\237\252\301\256V\312a\315|h\216\374\022\335\002 <\023\246\007\372*\264\203\255h@\273\374^\315\032\0210\346\2356s\317T\233\320rS*[/F\201\024\265\367by\212S\325C\240\024\312\370\262\227\317\370\362\3717\350\203\024\300@\251.\340>\356w\245\353E\302\237.g\324\331\306\220+""; status: tsCURRENT; receiveTimestamp: 803849275; deferred: false; "
1750534075848,1750534075848,3680,1,2,1,TMTransaction,"rawTransaction: ""\022\000\000""\000\000\000\000$\000\000\000\001 \033\000\000\000\027a@\000\000\027H\206*@h@\000\000\000\000\000\000\ns!\0030\347\374\235V\273%\326\211;\243\363\027\256[\3173\263)\033\326=\263&T\243\023""/\177\320 tG0E\002!\000\303\032hdq\207\324~|{\251\221\300\007\014\014\273\234\237\252\301\256V\312a\315|h\216\374\022\335\002 <\023\246\007\372*\264\203\255h@\273\374^\315\032\0210\346\2356s\317T\233\320rS*[/F\201\024\265\367by\212S\325C\240\024\312\370\262\227\317\370\362\3717\350\203\024\300@\251.\340>\356w\245\353E\302\237.g\324\331\306\220+""; status: tsCURRENT; receiveTimestamp: 803849275; deferred: false; ","rawTransaction: ""\022\000\000""\000\000\000\000$\000\000\000\001 \033\000\000\000\027a@\000\000\027H\206*@h@\000\000\000\000\000\000\ns!\0030\347\374\235V\273%\326\211;\243\363\027\256[\3173\263)\033\326=\263&T\243\023""/\177\320 tG0E\002!\000\303\032hdq\207\324~|{\251\221\300\007\014\014\273\234\237\252\301\256V\312a\315|h\216\374\022\335\002 <\023\246\007\372*\264\203\255h@\273\374^\315\032\0210\346\2356s\317T\233\320rS*[/F\201\024\265\367by\212S\325C\240\024\312\370\262\227\317\370\362\3717\350\203\024\300@\251.\340>\356w\245\353E\302\237.g\324\331\306\220+""; status: tsCURRENT; receiveTimestamp: 803849275; deferred: false; "
1750534075947,1750534075947,1959,1,1,4,TMValidation,"validation: """"\200\000\000\001&\000\000\000\004)/\351\304;:7\006\273IhO\034\261QJ:\r\252\311\206\246\024\266\316^\037\202\007\350j&@r\370\202\254\005\212\230<\357\242\216\001\030\235P\027\000\000\000\000\000\000\000\000\000\000\000\000\000\000\000\000\000\000\000\000\000\000\000\000\000\000\000\000\000\000\000\000P\031\264\245)G\023\327P\311\336[\273\333d\336I\305\256\302\316\214\303'\253!\303]\007\314T\207!3s!\002\227gv\346\003n\232f\264\2224\366\324\341o\5\217J\337\2771q\223O\025\217G8\235\301fvG0E\002!\000\226\033!><Mb\240\316\371Z-[\204\313vb\350\305\007\237$\314\212F\2479T\322\004""\266\002 .k\255\3707\231s\265\274\366\234\024\333J\310\215\340\360D\245I\266qB\363\220\353\250u\010\250\257""; ","validation: """"\200\000\000\001&\000\000\000\004)/\351\304;:7\006\273IhO\034\261QJ:\r\252\311\206\246\024\266\316^\037\202\007\350j&@r\370\202\254\005\212\230<\357\242\216\001\030\235P\027\000\000\000\000\000\000\000\000\000\000\000\000\000\000\000\000\000\000\000\000\000\000\000\000\000\000\000\000\000\000\000\000P\031\264\245)G\023\327P\311\336[\273\333d\336I\305\256\302\316\214\303'\253!\303]\007\314T\207!3s!\002\227gv\346\003n\232f\264\2224\366\324\341o\5\217J\337\2771q\223O\025\217G8\235\301fvG0E\002!\000\226\033!><Mb\240\316\371Z-[\204\313vb\350\305\007\237$\314\212F\2479T\322\004""\266\002 .k\255\3707\231s\265\274\366\234\024\333J\310\215\340\360D\245I\266qB\363\220\353\250u\010\250\257""; "
1750534075948,1750534075948,3986,1,1,2,TMValidation,"validation: """"\200\000\000\001&\000\000\000\004)/\351\304;:7\006\273IhO\034\261QJ:\r\252\311\206\246\024\266\316^\037\202\007\350j&@r\370\202\254\005\212\230<\357\242\216\001\030\235P\027\000\000\000\000\000\000\000\000\000\000\000\000\000\000\000\000\000\000\000\000\000\000\000\000\000\000\000\000\000\000\000\000P\031\264\245)G\023\327P\311\336[\273\333d\336I\305\256\302\316\214\303'\253!\303]\007\314T\207!3s!\002\227gv\346\003n\232f\264\2224\366\324\341o\5\217J\337\2771q\223O\025\217G8\235\301fvG0E\002!\000\226\033!><Mb\240\316\371Z-[\204\313vb\350\305\007\237$\314\212F\2479T\322\004""\266\002 .k\255\3707\231s\265\274\366\234\024\333J\310\215\340\360D\245I\266qB\363\220\353\250u\010\250\257""; ","validation: """"\200\000\000\001&\000\000\000\004)/\351\304;:7\006\273IhO\034\261QJ:\r\252\311\206\246\024\266\316^\037\202\007\350j&@r\370\202\254\005\212\230<\357\242\216\001\030\235P\027\000\000\000\000\000\000\000\000\000\000\000\000\000\000\000\000\000\000\000\000\000\000\000\000\000\000\000\000\000\000\000\000P\031\264\245)G\023\327P\311\336[\273\333d\336I\305\256\302\316\214\303'\253!\303]\007\314T\207!3s!\002\227gv\346\003n\232f\264\2224\366\324\341o\5\217J\337\2771q\223O\025\217G8\235\301fvG0E\002!\000\226\033!><Mb\240\316\371Z-[\204\313vb\350\305\007\237$\314\212F\2479T\322\004""\266\002 .k\255\3707\231s\265\274\366\234\024\333J\310\215\340\360D\245I\266qB\363\220\353\250u\010\250\257""; "
1750534075948,1750534075948,1412,1,1,3,TMValidation,"validation: """"\200\000\000\001&\000\000\000\004)/\351\304;:7\006\273IhO\034\261QJ:\r\252\311\206\246\024\266\316^\037\202\007\350j&@r\370\202\254\005\212\230<\357\242\216\001\030\235P\027\000\000\000\000\000\000\000\000\000\000\000\000\000\000\000\000\000\000\000\000\000\000\000\000\000\000\000\000\000\000\000\000P\031\264\245)G\023\327P\311\336[\273\333d\336I\305\256\302\316\214\303'\253!\303]\007\314T\207!3s!\002\227gv\346\003n\232f\264\2224\366\324\341o\5\217J\337\2771q\223O\025\217G8\235\301fvG0E\002!\000\226\033!><Mb\240\316\371Z-[\204\313vb\350\305\007\237$\314\212F\2479T\322\004""\266\002 .k\255\3707\231s\265\274\366\234\024\333J\310\215\340\360D\245I\266qB\363\220\353\250u\010\250\257""; ","validation: """"\200\000\000\001&\000\000\000\004)/\351\304;:7\006\273IhO\034\261QJ:\r\252\311\206\246\024\266\316^\037\202\007\350j&@r\370\202\254\005\212\230<\357\242\216\001\030\235P\027\000\000\000\000\000\000\000\000\000\000\000\000\000\000\000\000\000\000\000\000\000\000\000\000\000\000\000\000\000\000\000\000P\031\264\245)G\023\327P\311\336[\273\333d\336I\305\256\302\316\214\303'\253!\303]\007\314T\207!3s!\002\227gv\346\003n\232f\264\2224\366\324\341o\5\217J\337\2771q\223O\025\217G8\235\301fvG0E\002!\000\226\033!><Mb\240\316\371Z-[\204\313vb\350\305\007\237$\314\212F\2479T\322\004""\266\002 .k\255\3707\231s\265\274\366\234\024\333J\310\215\340\360D\245I\266qB\363\220\353\250u\010\250\257""; "
1750534075970,1750534075971,467,1,4,0,TMProposeSet,"proposeSeq: 0; currentTxHash: ""\000\000\000\000\000\000\000\000\000\000\000\000\000\000\000\000\000\000\000\000\000\000\000\000\000\000\000\000\000\000\000\000""; nodePubKey: ""\003\246\253M+\327\254x)\270\216\311K-\350#\234\005\242\246\352}{iSd\374\322d\355G\010\240""; closeTime: 803849273; signature: ""0D\002 K\335\323\177#\233\3013Y\373\306:\374PoW\216\272a[Ne\346U\372\220\212|o\246{4\002 6 ZRs6\206\235\267oR\334\225i\253\332\232\rtK4:9j\216\353\t\277i\256q\303""; previousledger: ""\264\245)G\023\327P\311\336[\273\333d\336I\305\256\302\316\214\303'\253!\303]\007\314T\207!3""; ","proposeSeq: 0; currentTxHash: ""\000\000\000\000\000\000\000\000\000\000\000\000\000\000\000\000\000\000\000\000\000\000\000\000\000\000\000\000\000\000\000\000""; nodePubKey: ""\003\246\253M+\327\254x)\270\216\311K-\350#\234\005\242\246\352}{iSd\374\322d\355G\010\240""; closeTime: 803849273; signature: ""0D\002 K\335\323\177#\233\3013Y\373\306:\374PoW\216\272a[Ne\346U\372\220\212|o\246{4\002 6 ZRs6\206\235\267oR\334\225i\253\332\232\rtK4:9j\216\353\t\277i\256q\303""; previousledger: ""\264\245)G\023\327P\311\336[\273\333d\336I\305\256\302\316\214\303'\253!\303]\007\314T\207!3""; "
1750534075971,1750534075971,657,1,4,2,TMProposeSet,"proposeSeq: 0; currentTxHash: ""\000\000\000\000\000\000\000\000\000\000\000\000\000\000\000\000\000\000\000\000\000\000\000\000\000\000\000\000\000\000\000\000""; nodePubKey: ""\003\246\253M+\327\254x)\270\216\311K-\350#\234\005\242\246\352}{iSd\374\322d\355G\010\240""; closeTime: 803849273; signature: ""0D\002 K\335\323\177#\233\3013Y\373\306:\374PoW\216\272a[Ne\346U\372\220\212|o\246{4\002 6 ZRs6\206\235\267oR\334\225i\253\332\232\rtK4:9j\216\353\t\277i\256q\303""; previousledger: ""\264\245)G\023\327P\311\336[\273\333d\336I\305\256\302\316\214\303'\253!\303]\007\314T\207!3""; ","proposeSeq: 0; currentTxHash: ""\000\000\000\000\000\000\000\000\000\000\000\000\000\000\000\000\000\000\000\000\000\000\000\000\000\000\000\000\000\000\000\000""; nodePubKey: ""\003\246\253M+\327\254x)\270\216\311K-\350#\234\005\242\246\352}{iSd\374\322d\355G\010\240""; closeTime: 803849273; signature: ""0D\002 K\335\323\177#\233\3013Y\373\306:\374PoW\216\272a[Ne\346U\372\220\212|o\246{4\002 6 ZRs6\206\235\267oR\334\225i\253\332\232\rtK4:9j\216\353\t\277i\256q\303""; previousledger: ""\264\245)G\023\327P\311\336[\273\333d\336I\305\256\302\316\214\303'\253!\303]\007\314T\207!3""; "
1750534075971,1750534075971,2150,1,4,1,TMProposeSet,"proposeSeq: 0; currentTxHash: ""\000\000\000\000\000\000\000\000\000\000\000\000\000\000\000\000\000\000\000\000\000\000\000\000\000\000\000\000\000\000\000\000""; nodePubKey: ""\003\246\253M+\327\254x)\270\216\311K-\350#\234\005\242\246\352}{iSd\374\322d\355G\010\240""; closeTime: 803849273; signature: ""0D\002 K\335\323\177#\233\3013Y\373\306:\374PoW\216\272a[Ne\346U\372\220\212|o\246{4\002 6 ZRs6\206\235\267oR\334\225i\253\332\232\rtK4:9j\216\353\t\277i\256q\303""; previousledger: ""\264\245)G\023\327P\311\336[\273\333d\336I\305\256\302\316\214\303'\253!\303]\007\314T\207!3""; ","proposeSeq: 0; currentTxHash: ""\000\000\000\000\000\000\000\000\000\000\000\000\000\000\000\000\000\000\000\000\000\000\000\000\000\000\000\000\000\000\000\000""; nodePubKey: ""\003\246\253M+\327\254x)\270\216\311K-\350#\234\005\242\246\352}{iSd\374\322d\355G\010\240""; closeTime: 803849273; signature: ""0D\002 K\335\323\177#\233\3013Y\373\306:\374PoW\216\272a[Ne\346U\372\220\212|o\246{4\002 6 ZRs6\206\235\267oR\334\225i\253\332\232\rtK4:9j\216\353\t\277i\256q\303""; previousledger: ""\264\245)G\023\327P\311\336[\273\333d\336I\305\256\302\316\214\303'\253!\303]\007\314T\207!3""; "
1750534075981,1750534075981,127,1,0,1,TMValidation,"validation: """"\200\000\000\001&\000\000\000\004)/\351\304;:o\206g1\341\2401\207QJ:\r\252\311\206\246\024\266\316^\037\202\007\350j&@r\370\202\254\005\212\230<\357\242\216\001\030\235P\027\000\000\000\000\000\000\000\000\000\000\000\000\000\000\000\000\000\000\000\000\000\000\000\000\000\000\000\000\000\000\000\000P\031\264\245)G\023\327P\311\336[\273\333d\336I\305\256\302\316\214\303'\253!\303]\007\314T\207!3s!\002\031\356p7g\301C\213'\252;p\007\211\345G\223\330\261\277\313\310Pm\016p|\376\310\342\020\261vF0D\002 N\273R\027Cx\3458\227\017$\301(\020\003o(j0\311n\037H\376cJ\236NI{~M\002 _\262\267\205l/V\254M@\001\370\031\370&\233D\014""O \003\351\304\333n]\343t\366a\017""; ","validation: """"\200\000\000\001&\000\000\000\004)/\351\304;:o\206g1\341\2401\207QJ:\r\252\311\206\246\024\266\316^\037\202\007\350j&@r\370\202\254\005\212\230<\357\242\216\001\030\235P\027\000\000\000\000\000\000\000\000\000\000\000\000\000\000\000\000\000\000\000\000\000\000\000\000\000\000\000\000\000\000\000\000P\031\264\245)G\023\327P\311\336[\273\333d\336I\305\256\302\316\214\303'\253!\303]\007\314T\207!3s!\002\031\356p7g\301C\213'\252;p\007\211\345G\223\330\261\277\313\310Pm\016p|\376\310\342\020\261vF0D\002 N\273R\027Cx\3458\227\017$\301(\020\003o(j0\311n\037H\376cJ\236NI{~M\002 _\262\267\205l/V\254M@\001\370\031\370&\233D\014""O \003\351\304\333n]\343t\366a\017""; "
1750534075982,1750534075982,2776,1,0,3,TMValidation,"validation: """"\200\000\000\001&\000\000\000\004)/\351\304;:o\206g1\341\2401\207QJ:\r\252\311\206\246\024\266\316^\037\202\007\350j&@r\370\202\254\005\212\230<\357\242\216\001\030\235P\027\000\000\000\000\000\000\000\000\000\000\000\000\000\000\000\000\000\000\000\000\000\000\000\000\000\000\000\000\000\000\000\000P\031\264\245)G\023\327P\311\336[\273\333d\336I\305\256\302\316\214\303'\253!\303]\007\314T\207!3s!\002\031\356p7g\301C\213'\252;p\007\211\345G\223\330\261\277\313\310Pm\016p|\376\310\342\020\261vF0D\002 N\273R\027Cx\3458\227\017$\301(\020\003o(j0\311n\037H\376cJ\236NI{~M\002 _\262\267\205l/V\254M@\001\370\031\370&\233D\014""O \003\351\304\333n]\343t\366a\017""; ","validation: """"\200\000\000\001&\000\000\000\004)/\351\304;:o\206g1\341\2401\207QJ:\r\252\311\206\246\024\266\316^\037\202\007\350j&@r\370\202\254\005\212\230<\357\242\216\001\030\235P\027\000\000\000\000\000\000\000\000\000\000\000\000\000\000\000\000\000\000\000\000\000\000\000\000\000\000\000\000\000\000\000\000P\031\264\245)G\023\327P\311\336[\273\333d\336I\305\256\302\316\214\303'\253!\303]\007\314T\207!3s!\002\031\356p7g\301C\213'\252;p\007\211\345G\223\330\261\277\313\310Pm\016p|\376\310\342\020\261vF0D\002 N\273R\027Cx\3458\227\017$\301(\020\003o(j0\311n\037H\376cJ\236NI{~M\002 _\262\267\205l/V\254M@\001\370\031\370&\233D\014""O \003\351\304\333n]\343t\366a\017""; "
1750534075981,1750534075981,3863,1,0,4,TMValidation,"validation: """"\200\000\000\001&\000\000\000\004)/\351\304;:o\206g1\341\2401\207QJ:\r\252\311\206\246\024\266\316^\037\202\007\350j&@r\370\202\254\005\212\230<\357\242\216\001\030\235P\027\000\000\000\000\000\000\000\000\000\000\000\000\000\000\000\000\000\000\000\000\000\000\000\000\000\000\000\000\000\000\000\000P\031\264\245)G\023\327P\311\336[\273\333d\336I\305\256\302\316\214\303'\253!\303]\007\314T\207!3s!\002\031\356p7g\301C\213'\252;p\007\211\345G\223\330\261\277\313\310Pm\016p|\376\310\342\020\261vF0D\002 N\273R\027Cx\3458\227\017$\301(\020\003o(j0\311n\037H\376cJ\236NI{~M\002 _\262\267\205l/V\254M@\001\370\031\370&\233D\014""O \003\351\304\333n]\343t\366a\017""; ","validation: """"\200\000\000\001&\000\000\000\004)/\351\304;:o\206g1\341\2401\207QJ:\r\252\311\206\246\024\266\316^\037\202\007\350j&@r\370\202\254\005\212\230<\357\242\216\001\030\235P\027\000\000\000\000\000\000\000\000\000\000\000\000\000\000\000\000\000\000\000\000\000\000\000\000\000\000\000\000\000\000\000\000P\031\264\245)G\023\327P\311\336[\273\333d\336I\305\256\302\316\214\303'\253!\303]\007\314T\207!3s!\002\031\356p7g\301C\213'\252;p\007\211\345G\223\330\261\277\313\310Pm\016p|\376\310\342\020\261vF0D\002 N\273R\027Cx\3458\227\017$\301(\020\003o(j0\311n\037H\376cJ\236NI{~M\002 _\262\267\205l/V\254M@\001\370\031\370&\233D\014""O \003\351\304\333n]\343t\366a\017""; "
1750534076012,1750534076012,2802,1,0,3,TMTransaction,"rawTransaction: ""\022\000\000""\000\000\000\000$\000\000\000\002 \033\000\000\000\027a@\000\000\027H\206*@h@\000\000\000\000\000\000\ns!\0030\347\374\235V\273%\326\211;\243\363\027\256[\3173\263)\033\326=\263&T\243\023""/\177\320 tF0D\002 e\310d\304\242\007(p\302p\004\345\250\275U\340\365\235\_\250\354\204\020\003{\356\235\341U{\276\002 \031\001\235C\356%Kp\216d\r\031\201\001\337mYDSX\002\240G@x\020\267\264\357\353a\231\201\024\265\367by\212S\325C\240\024\312\370\262\227\317\370\362\3717\350\203\024\306\n\344D\377\362=\277\\260\3771\372aJ\311\247\nlF""; status: tsCURRENT; receiveTimestamp: 803849276; deferred: false; ","rawTransaction: ""\022\000\000""\000\000\000\000$\000\000\000\002 \033\000\000\000\027a@\000\000\027H\206*@h@\000\000\000\000\000\000\ns!\0030\347\374\235V\273%\326\211;\243\363\027\256[\3173\263)\033\326=\263&T\243\023""/\177\320 tF0D\002 e\310d\304\242\007(p\302p\004\345\250\275U\340\365\235\_\250\354\204\020\003{\356\235\341U{\276\002 \031\001\235C\356%Kp\216d\r\031\201\001\337mYDSX\002\240G@x\020\267\264\357\353a\231\201\024\265\367by\212S\325C\240\024\312\370\262\227\317\370\362\3717\350\203\024\306\n\344D\377\362=\277\\260\3771\372aJ\311\247\nlF""; status: tsCURRENT; receiveTimestamp: 803849276; deferred: false; "
1750534076013,1750534076013,707,1,0,2,TMTransaction,"rawTransaction: ""\022\000\000""\000\000\000\000$\000\000\000\002 \033\000\000\000\027a@\000\000\027H\206*@h@\000\000\000\000\000\000\ns!\0030\347\374\235V\273%\326\211;\243\363\027\256[\3173\263)\033\326=\263&T\243\023""/\177\320 tF0D\002 e\310d\304\242\007(p\302p\004\345\250\275U\340\365\235\_\250\354\204\020\003{\356\235\341U{\276\002 \031\001\235C\356%Kp\216d\r\031\201\001\337mYDSX\002\240G@x\020\267\264\357\353a\231\201\024\265\367by\212S\325C\240\024\312\370\262\227\317\370\362\3717\350\203\024\306\n\344D\377\362=\277\\260\3771\372aJ\311\247\nlF""; status: tsCURRENT; receiveTimestamp: 803849276; deferred: false; ","rawTransaction: ""\022\000\000""\000\000\000\000$\000\000\000\002 \033\000\000\000\027a@\000\000\027H\206*@h@\000\000\000\000\000\000\ns!\0030\347\374\235V\273%\326\211;\243\363\027\256[\3173\263)\033\326=\263&T\243\023""/\177\320 tF0D\002 e\310d\304\242\007(p\302p\004\345\250\275U\340\365\235\_\250\354\204\020\003{\356\235\341U{\276\002 \031\001\235C\356%Kp\216d\r\031\201\001\337mYDSX\002\240G@x\020\267\264\357\353a\231\201\024\265\367by\212S\325C\240\024\312\370\262\227\317\370\362\3717\350\203\024\306\n\344D\377\362=\277\\260\3771\372aJ\311\247\nlF""; status: tsCURRENT; receiveTimestamp: 803849276; deferred: false; "
1750534076012,1750534076014,3406,1,0,4,TMTransaction,"rawTransaction: ""\022\000\000""\000\000\000\000$\000\000\000\002 \033\000\000\000\027a@\000\000\027H\206*@h@\000\000\000\000\000\000\ns!\0030\347\374\235V\273%\326\211;\243\363\027\256[\3173\263)\033\326=\263&T\243\023""/\177\320 tF0D\002 e\310d\304\242\007(p\302p\004\345\250\275U\340\365\235\_\250\354\204\020\003{\356\235\341U{\276\002 \031\001\235C\356%Kp\216d\r\031\201\001\337mYDSX\002\240G@x\020\267\264\357\353a\231\201\024\265\367by\212S\325C\240\024\312\370\262\227\317\370\362\3717\350\203\024\306\n\344D\377\362=\277\\260\3771\372aJ\311\247\nlF""; status: tsCURRENT; receiveTimestamp: 803849276; deferred: false; ","rawTransaction: ""\022\000\000""\000\000\000\000$\000\000\000\002 \033\000\000\000\027a@\000\000\027H\206*@h@\000\000\000\000\000\000\ns!\0030\347\374\235V\273%\326\211;\243\363\027\256[\3173\263)\033\326=\263&T\243\023""/\177\320 tF0D\002 e\310d\304\242\007(p\302p\004\345\250\275U\340\365\235\_\250\354\204\020\003{\356\235\341U{\276\002 \031\001\235C\356%Kp\216d\r\031\201\001\337mYDSX\002\240G@x\020\267\264\357\353a\231\201\024\265\367by\212S\325C\240\024\312\370\262\227\317\370\362\3717\350\203\024\306\n\344D\377\362=\277\\260\3771\372aJ\311\247\nlF""; status: tsCURRENT; receiveTimestamp: 803849276; deferred: false; "
1750534076111,1750534076111,3986,1,1,2,TMValidation,"validation: """"\200\000\000\001&\000\000\000\004)/\351\304;:o\206g1\341\2401\207QJ:\r\252\311\206\246\024\266\316^\037\202\007\350j&@r\370\202\254\005\212\230<\357\242\216\001\030\235P\027\000\000\000\000\000\000\000\000\000\000\000\000\000\000\000\000\000\000\000\000\000\000\000\000\000\000\000\000\000\000\000\000P\031\264\245)G\023\327P\311\336[\273\333d\336I\305\256\302\316\214\303'\253!\303]\007\314T\207!3s!\002\031\356p7g\301C\213'\252;p\007\211\345G\223\330\261\277\313\310Pm\016p|\376\310\342\020\261vF0D\002 N\273R\027Cx\3458\227\017$\301(\020\003o(j0\311n\037H\376cJ\236NI{~M\002 _\262\267\205l/V\254M@\001\370\031\370&\233D\014""O \003\351\304\333n]\343t\366a\017""; ","validation: """"\200\000\000\001&\000\000\000\004)/\351\304;:o\206g1\341\2401\207QJ:\r\252\311\206\246\024\266\316^\037\202\007\350j&@r\370\202\254\005\212\230<\357\242\216\001\030\235P\027\000\000\000\000\000\000\000\000\000\000\000\000\000\000\000\000\000\000\000\000\000\000\000\000\000\000\000\000\000\000\000\000P\031\264\245)G\023\327P\311\336[\273\333d\336I\305\256\302\316\214\303'\253!\303]\007\314T\207!3s!\002\031\356p7g\301C\213'\252;p\007\211\345G\223\330\261\277\313\310Pm\016p|\376\310\342\020\261vF0D\002 N\273R\027Cx\3458\227\017$\301(\020\003o(j0\311n\037H\376cJ\236NI{~M\002 _\262\267\205l/V\254M@\001\370\031\370&\233D\014""O \003\351\304\333n]\343t\366a\017""; "
1750534076111,1750534076111,1959,1,1,4,TMValidation,"validation: """"\200\000\000\001&\000\000\000\004)/\351\304;:o\206g1\341\2401\207QJ:\r\252\311\206\246\024\266\316^\037\202\007\350j&@r\370\202\254\005\212\230<\357\242\216\001\030\235P\027\000\000\000\000\000\000\000\000\000\000\000\000\000\000\000\000\000\000\000\000\000\000\000\000\000\000\000\000\000\000\000\000P\031\264\245)G\023\327P\311\336[\273\333d\336I\305\256\302\316\214\303'\253!\303]\007\314T\207!3s!\002\031\356p7g\301C\213'\252;p\007\211\345G\223\330\261\277\313\310Pm\016p|\376\310\342\020\261vF0D\002 N\273R\027Cx\3458\227\017$\301(\020\003o(j0\311n\037H\376cJ\236NI{~M\002 _\262\267\205l/V\254M@\001\370\031\370&\233D\014""O \003\351\304\333n]\343t\366a\017""; ","validation: """"\200\000\000\001&\000\000\000\004)/\351\304;:o\206g1\341\2401\207QJ:\r\252\311\206\246\024\266\316^\037\202\007\350j&@r\370\202\254\005\212\230<\357\242\216\001\030\235P\027\000\000\000\000\000\000\000\000\000\000\000\000\000\000\000\000\000\000\000\000\000\000\000\000\000\000\000\000\000\000\000\000P\031\264\245)G\023\327P\311\336[\273\333d\336I\305\256\302\316\214\303'\253!\303]\007\314T\207!3s!\002\031\356p7g\301C\213'\252;p\007\211\345G\223\330\261\277\313\310Pm\016p|\376\310\342\020\261vF0D\002 N\273R\027Cx\3458\227\017$\301(\020\003o(j0\311n\037H\376cJ\236NI{~M\002 _\262\267\205l/V\254M@\001\370\031\370&\233D\014""O \003\351\304\333n]\343t\366a\017""; "
1750534076112,1750534076112,1412,1,1,3,TMValidation,"validation: """"\200\000\000\001&\000\000\000\004)/\351\304;:o\206g1\341\2401\207QJ:\r\252\311\206\246\024\266\316^\037\202\007\350j&@r\370\202\254\005\212\230<\357\242\216\001\030\235P\027\000\000\000\000\000\000\000\000\000\000\000\000\000\000\000\000\000\000\000\000\000\000\000\000\000\000\000\000\000\000\000\000P\031\264\245)G\023\327P\311\336[\273\333d\336I\305\256\302\316\214\303'\253!\303]\007\314T\207!3s!\002\031\356p7g\301C\213'\252;p\007\211\345G\223\330\261\277\313\310Pm\016p|\376\310\342\020\261vF0D\002 N\273R\027Cx\3458\227\017$\301(\020\003o(j0\311n\037H\376cJ\236NI{~M\002 _\262\267\205l/V\254M@\001\370\031\370&\233D\014""O \003\351\304\333n]\343t\366a\017""; ","validation: """"\200\000\000\001&\000\000\000\004)/\351\304;:o\206g1\341\2401\207QJ:\r\252\311\206\246\024\266\316^\037\202\007\350j&@r\370\202\254\005\212\230<\357\242\216\001\030\235P\027\000\000\000\000\000\000\000\000\000\000\000\000\000\000\000\000\000\000\000\000\000\000\000\000\000\000\000\000\000\000\000\000P\031\264\245)G\023\327P\311\336[\273\333d\336I\305\256\302\316\214\303'\253!\303]\007\314T\207!3s!\002\031\356p7g\301C\213'\252;p\007\211\345G\223\330\261\277\313\310Pm\016p|\376\310\342\020\261vF0D\002 N\273R\027Cx\3458\227\017$\301(\020\003o(j0\311n\037H\376cJ\236NI{~M\002 _\262\267\205l/V\254M@\001\370\031\370&\233D\014""O \003\351\304\333n]\343t\366a\017""; "
1750534076130,1750534076130,265,1,1,3,TMLedgerData,"ledgerHash: ""\264\245)G\023\327P\311\336[\273\333d\336I\305\256\302\316\214\303'\253!\303]\007\314T\207!3""; ledgerSeq: 3; type: liBASE; nodes {;   nodedata: ""\000\000\000\003\001cEx]\212\000\000\375Tb0K\335\321\024\352,O(gj\245\230\256A>\305\303\246k\022Nn\260\272\033\302\024\214\000\000\000\000\000\000\000\000\000\000\000\000\000\000\000\000\000\000\000\000\000\000\000\000\000\000\000\000\000\000\000\000g$\204\311\250\013Gs\341\371\312\3371*\032,\316x\320x\021\202\356\334$\317\017\n\346\264:\274/\351\304""/\351\3046\n\000""; }; nodes {;   nodedata: ""\303\016\021\310<Z\337\266>\225@&n\022\246\274\353\220\345b3\035\313\350L\354\254\002\005\305\035\017\002E\344\037@\210\363\010\336T\226\247'\204_{\261\370""1\235\2445\343\033Y!\212\201\341\272\225'\007\264K\024\3128PB\265\273\374\373\245\020H\200\222\364\344\234\r \033}uf\013\033Gi\367l\263\013\003""; }; ","ledgerHash: ""\264\245)G\023\327P\311\336[\273\333d\336I\305\256\302\316\214\303'\253!\303]\007\314T\207!3""; ledgerSeq: 3; type: liBASE; nodes {;   nodedata: ""\000\000\000\003\001cEx]\212\000\000\375Tb0K\335\321\024\352,O(gj\245\230\256A>\305\303\246k\022Nn\260\272\033\302\024\214\000\000\000\000\000\000\000\000\000\000\000\000\000\000\000\000\000\000\000\000\000\000\000\000\000\000\000\000\000\000\000\000g$\204\311\250\013Gs\341\371\312\3371*\032,\316x\320x\021\202\356\334$\317\017\n\346\264:\274/\351\304""/\351\3046\n\000""; }; nodes {;   nodedata: ""\303\016\021\310<Z\337\266>\225@&n\022\246\274\353\220\345b3\035\313\350L\354\254\002\005\305\035\017\002E\344\037@\210\363\010\336T\226\247'\204_{\261\370""1\235\2445\343\033Y!\212\201\341\272\225'\007\264K\024\3128PB\265\273\374\373\245\020H\200\222\364\344\234\r \033}uf\013\033Gi\367l\263\013\003""; }; "
1750534076131,1750534076131,265,1,1,3,TMLedgerData,"ledgerHash: ""\264\245)G\023\327P\311\336[\273\333d\336I\305\256\302\316\214\303'\253!\303]\007\314T\207!3""; ledgerSeq: 3; type: liBASE; nodes {;   nodedata: ""\000\000\000\003\001cEx]\212\000\000\375Tb0K\335\321\024\352,O(gj\245\230\256A>\305\303\246k\022Nn\260\272\033\302\024\214\000\000\000\000\000\000\000\000\000\000\000\000\000\000\000\000\000\000\000\000\000\000\000\000\000\000\000\000\000\000\000\000g$\204\311\250\013Gs\341\371\312\3371*\032,\316x\320x\021\202\356\334$\317\017\n\346\264:\274/\351\304""/\351\3046\n\000""; }; nodes {;   nodedata: ""\303\016\021\310<Z\337\266>\225@&n\022\246\274\353\220\345b3\035\313\350L\354\254\002\005\305\035\017\002E\344\037@\210\363\010\336T\226\247'\204_{\261\370""1\235\2445\343\033Y!\212\201\341\272\225'\007\264K\024\3128PB\265\273\374\373\245\020H\200\222\364\344\234\r \033}uf\013\033Gi\367l\263\013\003""; }; ","ledgerHash: ""\264\245)G\023\327P\311\336[\273\333d\336I\305\256\302\316\214\303'\253!\303]\007\314T\207!3""; ledgerSeq: 3; type: liBASE; nodes {;   nodedata: ""\000\000\000\003\001cEx]\212\000\000\375Tb0K\335\321\024\352,O(gj\245\230\256A>\305\303\246k\022Nn\260\272\033\302\024\214\000\000\000\000\000\000\000\000\000\000\000\000\000\000\000\000\000\000\000\000\000\000\000\000\000\000\000\000\000\000\000\000g$\204\311\250\013Gs\341\371\312\3371*\032,\316x\320x\021\202\356\334$\317\017\n\346\264:\274/\351\304""/\351\3046\n\000""; }; nodes {;   nodedata: ""\303\016\021\310<Z\337\266>\225@&n\022\246\274\353\220\345b3\035\313\350L\354\254\002\005\305\035\017\002E\344\037@\210\363\010\336T\226\247'\204_{\261\370""1\235\2445\343\033Y!\212\201\341\272\225'\007\264K\024\3128PB\265\273\374\373\245\020H\200\222\364\344\234\r \033}uf\013\033Gi\367l\263\013\003""; }; "
1750534076245,1750534076245,2776,1,0,3,TMValidation,"validation: """"\200\000\000\001&\000\000\000\004)/\351\304;:\001\317\351\3603A\3522QJ:\r\252\311\206\246\024\266\316^\037\202\007\350j&@r\370\202\254\005\212\230<\357\242\216\001\030\235P\027\000\000\000\000\000\000\000\000\000\000\000\000\000\000\000\000\000\000\000\000\000\000\000\000\000\000\000\000\000\000\000\000P\031\264\245)G\023\327P\311\336[\273\333d\336I\305\256\302\316\214\303'\253!\303]\007\314T\207!3s!\003)\036\227\370\t\264\235\206\317\234B\n\230/\375\257\335fo\253d\026_\357K\336\020\302\356\323\222\376vF0D\002 \037&H[\036o\r\304\364 /\027s\251\302\336\340O}I\024)7vebh\276\243e\002\215\002 \031\353// \316\304\230pbMBY\017EPq\315X\002\372\320\314\200\365\3066!\364R9\353""; ","validation: """"\200\000\000\001&\000\000\000\004)/\351\304;:\001\317\351\3603A\3522QJ:\r\252\311\206\246\024\266\316^\037\202\007\350j&@r\370\202\254\005\212\230<\357\242\216\001\030\235P\027\000\000\000\000\000\000\000\000\000\000\000\000\000\000\000\000\000\000\000\000\000\000\000\000\000\000\000\000\000\000\000\000P\031\264\245)G\023\327P\311\336[\273\333d\336I\305\256\302\316\214\303'\253!\303]\007\314T\207!3s!\003)\036\227\370\t\264\235\206\317\234B\n\230/\375\257\335fo\253d\026_\357K\336\020\302\356\323\222\376vF0D\002 \037&H[\036o\r\304\364 /\027s\251\302\336\340O}I\024)7vebh\276\243e\002\215\002 \031\353// \316\304\230pbMBY\017EPq\315X\002\372\320\314\200\365\3066!\364R9\353""; "
1750534076245,1750534076245,1927,1,0,2,TMValidation,"validation: """"\200\000\000\001&\000\000\000\004)/\351\304;:\001\317\351\3603A\3522QJ:\r\252\311\206\246\024\266\316^\037\202\007\350j&@r\370\202\254\005\212\230<\357\242\216\001\030\235P\027\000\000\000\000\000\000\000\000\000\000\000\000\000\000\000\000\000\000\000\000\000\000\000\000\000\000\000\000\000\000\000\000P\031\264\245)G\023\327P\311\336[\273\333d\336I\305\256\302\316\214\303'\253!\303]\007\314T\207!3s!\003)\036\227\370\t\264\235\206\317\234B\n\230/\375\257\335fo\253d\026_\357K\336\020\302\356\323\222\376vF0D\002 \037&H[\036o\r\304\364 /\027s\251\302\336\340O}I\024)7vebh\276\243e\002\215\002 \031\353// \316\304\230pbMBY\017EPq\315X\002\372\320\314\200\365\3066!\364R9\353""; ","validation: """"\200\000\000\001&\000\000\000\004)/\351\304;:\001\317\351\3603A\3522QJ:\r\252\311\206\246\024\266\316^\037\202\007\350j&@r\370\202\254\005\212\230<\357\242\216\001\030\235P\027\000\000\000\000\000\000\000\000\000\000\000\000\000\000\000\000\000\000\000\000\000\000\000\000\000\000\000\000\000\000\000\000P\031\264\245)G\023\327P\311\336[\273\333d\336I\305\256\302\316\214\303'\253!\303]\007\314T\207!3s!\003)\036\227\370\t\264\235\206\317\234B\n\230/\375\257\335fo\253d\026_\357K\336\020\302\356\323\222\376vF0D\002 \037&H[\036o\r\304\364 /\027s\251\302\336\340O}I\024)7vebh\276\243e\002\215\002 \031\353// \316\304\230pbMBY\017EPq\315X\002\372\320\314\200\365\3066!\364R9\353""; "
1750534076246,1750534076246,3863,1,0,4,TMValidation,"validation: """"\200\000\000\001&\000\000\000\004)/\351\304;:\001\317\351\3603A\3522QJ:\r\252\311\206\246\024\266\316^\037\202\007\350j&@r\370\202\254\005\212\230<\357\242\216\001\030\235P\027\000\000\000\000\000\000\000\000\000\000\000\000\000\000\000\000\000\000\000\000\000\000\000\000\000\000\000\000\000\000\000\000P\031\264\245)G\023\327P\311\336[\273\333d\336I\305\256\302\316\214\303'\253!\303]\007\314T\207!3s!\003)\036\227\370\t\264\235\206\317\234B\n\230/\375\257\335fo\253d\026_\357K\336\020\302\356\323\222\376vF0D\002 \037&H[\036o\r\304\364 /\027s\251\302\336\340O}I\024)7vebh\276\243e\002\215\002 \031\353// \316\304\230pbMBY\017EPq\315X\002\372\320\314\200\365\3066!\364R9\353""; ","validation: """"\200\000\000\001&\000\000\000\004)/\351\304;:\001\317\351\3603A\3522QJ:\r\252\311\206\246\024\266\316^\037\202\007\350j&@r\370\202\254\005\212\230<\357\242\216\001\030\235P\027\000\000\000\000\000\000\000\000\000\000\000\000\000\000\000\000\000\000\000\000\000\000\000\000\000\000\000\000\000\000\000\000P\031\264\245)G\023\327P\311\336[\273\333d\336I\305\256\302\316\214\303'\253!\303]\007\314T\207!3s!\003)\036\227\370\t\264\235\206\317\234B\n\230/\375\257\335fo\253d\026_\357K\336\020\302\356\323\222\376vF0D\002 \037&H[\036o\r\304\364 /\027s\251\302\336\340O}I\024)7vebh\276\243e\002\215\002 \031\353// \316\304\230pbMBY\017EPq\315X\002\372\320\314\200\365\3066!\364R9\353""; "
1750534076270,1750534076270,2943,1,4,1,TMStatusChange,"newEvent: neACCEPTED_LEDGER; ledgerSeq: 4; ledgerHash: ""J:\r\252\311\206\246\024\266\316^\037\202\007\350j&@r\370\202\254\005\212\230<\357\242\216\001\030\235""; ledgerHashPrevious: ""\264\245)G\023\327P\311\336[\273\333d\336I\305\256\302\316\214\303'\253!\303]\007\314T\207!3""; networkTime: 803849276; firstSeq: 1; lastSeq: 3; ","newEvent: neACCEPTED_LEDGER; ledgerSeq: 4; ledgerHash: ""J:\r\252\311\206\246\024\266\316^\037\202\007\350j&@r\370\202\254\005\212\230<\357\242\216\001\030\235""; ledgerHashPrevious: ""\264\245)G\023\327P\311\336[\273\333d\336I\305\256\302\316\214\303'\253!\303]\007\314T\207!3""; networkTime: 803849276; firstSeq: 1; lastSeq: 3; "
1750534076270,1750534076270,3363,1,4,2,TMStatusChange,"newEvent: neACCEPTED_LEDGER; ledgerSeq: 4; ledgerHash: ""J:\r\252\311\206\246\024\266\316^\037\202\007\350j&@r\370\202\254\005\212\230<\357\242\216\001\030\235""; ledgerHashPrevious: ""\264\245)G\023\327P\311\336[\273\333d\336I\305\256\302\316\214\303'\253!\303]\007\314T\207!3""; networkTime: 803849276; firstSeq: 1; lastSeq: 3; ","newEvent: neACCEPTED_LEDGER; ledgerSeq: 4; ledgerHash: ""J:\r\252\311\206\246\024\266\316^\037\202\007\350j&@r\370\202\254\005\212\230<\357\242\216\001\030\235""; ledgerHashPrevious: ""\264\245)G\023\327P\311\336[\273\333d\336I\305\256\302\316\214\303'\253!\303]\007\314T\207!3""; networkTime: 803849276; firstSeq: 1; lastSeq: 3; "
1750534076271,1750534076271,272,1,4,3,TMValidation,"validation: """"\200\000\000\001&\000\000\000\004)/\351\304<:\2127%d\216O\2029QJ:\r\252\311\206\246\024\266\316^\037\202\007\350j&@r\370\202\254\005\212\230<\357\242\216\001\030\235P\027\000\000\000\000\000\000\000\000\000\000\000\000\000\000\000\000\000\000\000\000\000\000\000\000\000\000\000\000\000\000\000\000P\031\264\245)G\023\327P\311\336[\273\333d\336I\305\256\302\316\214\303'\253!\303]\007\314T\207!3s!\003\241q\201\005c\265\003\367~\267xq\264\m_\310U\235\3644\246\306\345#""\246\274'%\251)vG0E\002!\000\257\037\306\246\221\356\027\350{6\375\207\271\rP\306\253\262\205\247\010\220\350\256*9\224#\363\033\374\267\002 -\232\213&\261QF\027B70\250\361\316\246\310\234t\020\275I\204\344]Rb\002\351D\336S_""; ","validation: """"\200\000\000\001&\000\000\000\004)/\351\304<:\2127%d\216O\2029QJ:\r\252\311\206\246\024\266\316^\037\202\007\350j&@r\370\202\254\005\212\230<\357\242\216\001\030\235P\027\000\000\000\000\000\000\000\000\000\000\000\000\000\000\000\000\000\000\000\000\000\000\000\000\000\000\000\000\000\000\000\000P\031\264\245)G\023\327P\311\336[\273\333d\336I\305\256\302\316\214\303'\253!\303]\007\314T\207!3s!\003\241q\201\005c\265\003\367~\267xq\264\m_\310U\235\3644\246\306\345#""\246\274'%\251)vG0E\002!\000\257\037\306\246\221\356\027\350{6\375\207\271\rP\306\253\262\205\247\010\220\350\256*9\224#\363\033\374\267\002 -\232\213&\261QF\027B70\250\361\316\246\310\234t\020\275I\204\344]Rb\002\351D\336S_""; "
1750534076271,1750534076271,2854,1,4,0,TMValidation,"validation: """"\200\000\000\001&\000\000\000\004)/\351\304<:\2127%d\216O\2029QJ:\r\252\311\206\246\024\266\316^\037\202\007\350j&@r\370\202\254\005\212\230<\357\242\216\001\030\235P\027\000\000\000\000\000\000\000\000\000\000\000\000\000\000\000\000\000\000\000\000\000\000\000\000\000\000\000\000\000\000\000\000P\031\264\245)G\023\327P\311\336[\273\333d\336I\305\256\302\316\214\303'\253!\303]\007\314T\207!3s!\003\241q\201\005c\265\003\367~\267xq\264\m_\310U\235\3644\246\306\345#""\246\274'%\251)vG0E\002!\000\257\037\306\246\221\356\027\350{6\375\207\271\rP\306\253\262\205\247\010\220\350\256*9\224#\363\033\374\267\002 -\232\213&\261QF\027B70\250\361\316\246\310\234t\020\275I\204\344]Rb\002\351D\336S_""; ","validation: """"\200\000\000\001&\000\000\000\004)/\351\304<:\2127%d\216O\2029QJ:\r\252\311\206\246\024\266\316^\037\202\007\350j&@r\370\202\254\005\212\230<\357\242\216\001\030\235P\027\000\000\000\000\000\000\000\000\000\000\000\000\000\000\000\000\000\000\000\000\000\000\000\000\000\000\000\000\000\000\000\000P\031\264\245)G\023\327P\311\336[\273\333d\336I\305\256\302\316\214\303'\253!\303]\007\314T\207!3s!\003\241q\201\005c\265\003\367~\267xq\264\m_\310U\235\3644\246\306\345#""\246\274'%\251)vG0E\002!\000\257\037\306\246\221\356\027\350{6\375\207\271\rP\306\253\262\205\247\010\220\350\256*9\224#\363\033\374\267\002 -\232\213&\261QF\027B70\250\361\316\246\310\234t\020\275I\204\344]Rb\002\351D\336S_""; "
1750534076273,1750534076273,3863,1,4,0,TMStatusChange,"newEvent: neACCEPTED_LEDGER; ledgerSeq: 4; ledgerHash: ""J:\r\252\311\206\246\024\266\316^\037\202\007\350j&@r\370\202\254\005\212\230<\357\242\216\001\030\235""; ledgerHashPrevious: ""\264\245)G\023\327P\311\336[\273\333d\336I\305\256\302\316\214\303'\253!\303]\007\314T\207!3""; networkTime: 803849276; firstSeq: 1; lastSeq: 3; ","newEvent: neACCEPTED_LEDGER; ledgerSeq: 4; ledgerHash: ""J:\r\252\311\206\246\024\266\316^\037\202\007\350j&@r\370\202\254\005\212\230<\357\242\216\001\030\235""; ledgerHashPrevious: ""\264\245)G\023\327P\311\336[\273\333d\336I\305\256\302\316\214\303'\253!\303]\007\314T\207!3""; networkTime: 803849276; firstSeq: 1; lastSeq: 3; "
1750534076273,1750534076273,2659,1,4,1,TMValidation,"validation: """"\200\000\000\001&\000\000\000\004)/\351\304<:\2127%d\216O\2029QJ:\r\252\311\206\246\024\266\316^\037\202\007\350j&@r\370\202\254\005\212\230<\357\242\216\001\030\235P\027\000\000\000\000\000\000\000\000\000\000\000\000\000\000\000\000\000\000\000\000\000\000\000\000\000\000\000\000\000\000\000\000P\031\264\245)G\023\327P\311\336[\273\333d\336I\305\256\302\316\214\303'\253!\303]\007\314T\207!3s!\003\241q\201\005c\265\003\367~\267xq\264\m_\310U\235\3644\246\306\345#""\246\274'%\251)vG0E\002!\000\257\037\306\246\221\356\027\350{6\375\207\271\rP\306\253\262\205\247\010\220\350\256*9\224#\363\033\374\267\002 -\232\213&\261QF\027B70\250\361\316\246\310\234t\020\275I\204\344]Rb\002\351D\336S_""; ","validation: """"\200\000\000\001&\000\000\000\004)/\351\304<:\2127%d\216O\2029QJ:\r\252\311\206\246\024\266\316^\037\202\007\350j&@r\370\202\254\005\212\230<\357\242\216\001\030\235P\027\000\000\000\000\000\000\000\000\000\000\000\000\000\000\000\000\000\000\000\000\000\000\000\000\000\000\000\000\000\000\000\000P\031\264\245)G\023\327P\311\336[\273\333d\336I\305\256\302\316\214\303'\253!\303]\007\314T\207!3s!\003\241q\201\005c\265\003\367~\267xq\264\m_\310U\235\3644\246\306\345#""\246\274'%\251)vG0E\002!\000\257\037\306\246\221\356\027\350{6\375\207\271\rP\306\253\262\205\247\010\220\350\256*9\224#\363\033\374\267\002 -\232\213&\261QF\027B70\250\361\316\246\310\234t\020\275I\204\344]Rb\002\351D\336S_""; "
1750534076273,1750534076273,235,1,4,2,TMValidation,"validation: """"\200\000\000\001&\000\000\000\004)/\351\304<:\2127%d\216O\2029QJ:\r\252\311\206\246\024\266\316^\037\202\007\350j&@r\370\202\254\005\212\230<\357\242\216\001\030\235P\027\000\000\000\000\000\000\000\000\000\000\000\000\000\000\000\000\000\000\000\000\000\000\000\000\000\000\000\000\000\000\000\000P\031\264\245)G\023\327P\311\336[\273\333d\336I\305\256\302\316\214\303'\253!\303]\007\314T\207!3s!\003\241q\201\005c\265\003\367~\267xq\264\m_\310U\235\3644\246\306\345#""\246\274'%\251)vG0E\002!\000\257\037\306\246\221\356\027\350{6\375\207\271\rP\306\253\262\205\247\010\220\350\256*9\224#\363\033\374\267\002 -\232\213&\261QF\027B70\250\361\316\246\310\234t\020\275I\204\344]Rb\002\351D\336S_""; ","validation: """"\200\000\000\001&\000\000\000\004)/\351\304<:\2127%d\216O\2029QJ:\r\252\311\206\246\024\266\316^\037\202\007\350j&@r\370\202\254\005\212\230<\357\242\216\001\030\235P\027\000\000\000\000\000\000\000\000\000\000\000\000\000\000\000\000\000\000\000\000\000\000\000\000\000\000\000\000\000\000\000\000P\031\264\245)G\023\327P\311\336[\273\333d\336I\305\256\302\316\214\303'\253!\303]\007\314T\207!3s!\003\241q\201\005c\265\003\367~\267xq\264\m_\310U\235\3644\246\306\345#""\246\274'%\251)vG0E\002!\000\257\037\306\246\221\356\027\350{6\375\207\271\rP\306\253\262\205\247\010\220\350\256*9\224#\363\033\374\267\002 -\232\213&\261QF\027B70\250\361\316\246\310\234t\020\275I\204\344]Rb\002\351D\336S_""; "
1750534076274,1750534076274,2125,1,4,3,TMStatusChange,"newEvent: neACCEPTED_LEDGER; ledgerSeq: 4; ledgerHash: ""J:\r\252\311\206\246\024\266\316^\037\202\007\350j&@r\370\202\254\005\212\230<\357\242\216\001\030\235""; ledgerHashPrevious: ""\264\245)G\023\327P\311\336[\273\333d\336I\305\256\302\316\214\303'\253!\303]\007\314T\207!3""; networkTime: 803849276; firstSeq: 1; lastSeq: 3; ","newEvent: neACCEPTED_LEDGER; ledgerSeq: 4; ledgerHash: ""J:\r\252\311\206\246\024\266\316^\037\202\007\350j&@r\370\202\254\005\212\230<\357\242\216\001\030\235""; ledgerHashPrevious: ""\264\245)G\023\327P\311\336[\273\333d\336I\305\256\302\316\214\303'\253!\303]\007\314T\207!3""; networkTime: 803849276; firstSeq: 1; lastSeq: 3; "
1750534076284,1750534076284,2659,1,4,1,TMValidation,"validation: """"\200\000\000\001&\000\000\000\003)/\351\3048:\362\035\024\354\227\211\220\341Q\264\245)G\023\327P\311\336[\273\333d\336I\305\256\302\316\214\303'\253!\303]\007\314T\207!3P\027\000\000\000\000\000\000\000\000\000\000\000\000\000\000\000\000\000\000\000\000\000\000\000\000\000\000\000\000\000\000\000\000P\031-}\351f\032\255\274\334m\326c\017\014ao[\342\230\003\245\245\3341Hm\326^\017jy\335\261s!\003\246\253M+\327\254x)\270\216\311K-\350#\234\005\242\246\352}{iSd\374\322d\355G\010\240vF0D\002 ~\300-\322\031R\240c7\027\312P\323\014SL\342\214\344K\220\300O\326k]\366\017i\232\\313\002 R\362\320VG\375\323u\341\253\006>af\221\331j\245\365-\224'\252\214\212C\340v\311\256\370\226""; ","validation: """"\200\000\000\001&\000\000\000\003)/\351\3048:\362\035\024\354\227\211\220\341Q\264\245)G\023\327P\311\336[\273\333d\336I\305\256\302\316\214\303'\253!\303]\007\314T\207!3P\027\000\000\000\000\000\000\000\000\000\000\000\000\000\000\000\000\000\000\000\000\000\000\000\000\000\000\000\000\000\000\000\000P\031-}\351f\032\255\274\334m\326c\017\014ao[\342\230\003\245\245\3341Hm\326^\017jy\335\261s!\003\246\253M+\327\254x)\270\216\311K-\350#\234\005\242\246\352}{iSd\374\322d\355G\010\240vF0D\002 ~\300-\322\031R\240c7\027\312P\323\014SL\342\214\344K\220\300O\326k]\366\017i\232\\313\002 R\362\320VG\375\323u\341\253\006>af\221\331j\245\365-\224'\252\214\212C\340v\311\256\370\226""; "
1750534076285,1750534076285,235,1,4,2,TMValidation,"validation: """"\200\000\000\001&\000\000\000\003)/\351\3048:\362\035\024\354\227\211\220\341Q\264\245)G\023\327P\311\336[\273\333d\336I\305\256\302\316\214\303'\253!\303]\007\314T\207!3P\027\000\000\000\000\000\000\000\000\000\000\000\000\000\000\000\000\000\000\000\000\000\000\000\000\000\000\000\000\000\000\000\000P\031-}\351f\032\255\274\334m\326c\017\014ao[\342\230\003\245\245\3341Hm\326^\017jy\335\261s!\003\246\253M+\327\254x)\270\216\311K-\350#\234\005\242\246\352}{iSd\374\322d\355G\010\240vF0D\002 ~\300-\322\031R\240c7\027\312P\323\014SL\342\214\344K\220\300O\326k]\366\017i\232\\313\002 R\362\320VG\375\323u\341\253\006>af\221\331j\245\365-\224'\252\214\212C\340v\311\256\370\226""; ","validation: """"\200\000\000\001&\000\000\000\003)/\351\3048:\362\035\024\354\227\211\220\341Q\264\245)G\023\327P\311\336[\273\333d\336I\305\256\302\316\214\303'\253!\303]\007\314T\207!3P\027\000\000\000\000\000\000\000\000\000\000\000\000\000\000\000\000\000\000\000\000\000\000\000\000\000\000\000\000\000\000\000\000P\031-}\351f\032\255\274\334m\326c\017\014ao[\342\230\003\245\245\3341Hm\326^\017jy\335\261s!\003\246\253M+\327\254x)\270\216\311K-\350#\234\005\242\246\352}{iSd\374\322d\355G\010\240vF0D\002 ~\300-\322\031R\240c7\027\312P\323\014SL\342\214\344K\220\300O\326k]\366\017i\232\\313\002 R\362\320VG\375\323u\341\253\006>af\221\331j\245\365-\224'\252\214\212C\340v\311\256\370\226""; "
1750534076285,1750534076285,2854,1,4,0,TMValidation,"validation: """"\200\000\000\001&\000\000\000\003)/\351\3048:\362\035\024\354\227\211\220\341Q\264\245)G\023\327P\311\336[\273\333d\336I\305\256\302\316\214\303'\253!\303]\007\314T\207!3P\027\000\000\000\000\000\000\000\000\000\000\000\000\000\000\000\000\000\000\000\000\000\000\000\000\000\000\000\000\000\000\000\000P\031-}\351f\032\255\274\334m\326c\017\014ao[\342\230\003\245\245\3341Hm\326^\017jy\335\261s!\003\246\253M+\327\254x)\270\216\311K-\350#\234\005\242\246\352}{iSd\374\322d\355G\010\240vF0D\002 ~\300-\322\031R\240c7\027\312P\323\014SL\342\214\344K\220\300O\326k]\366\017i\232\\313\002 R\362\320VG\375\323u\341\253\006>af\221\331j\245\365-\224'\252\214\212C\340v\311\256\370\226""; ","validation: """"\200\000\000\001&\000\000\000\003)/\351\3048:\362\035\024\354\227\211\220\341Q\264\245)G\023\327P\311\336[\273\333d\336I\305\256\302\316\214\303'\253!\303]\007\314T\207!3P\027\000\000\000\000\000\000\000\000\000\000\000\000\000\000\000\000\000\000\000\000\000\000\000\000\000\000\000\000\000\000\000\000P\031-}\351f\032\255\274\334m\326c\017\014ao[\342\230\003\245\245\3341Hm\326^\017jy\335\261s!\003\246\253M+\327\254x)\270\216\311K-\350#\234\005\242\246\352}{iSd\374\322d\355G\010\240vF0D\002 ~\300-\322\031R\240c7\027\312P\323\014SL\342\214\344K\220\300O\326k]\366\017i\232\\313\002 R\362\320VG\375\323u\341\253\006>af\221\331j\245\365-\224'\252\214\212C\340v\311\256\370\226""; "
1750534076315,1750534076315,2064,1,2,4,TMValidation,"validation: """"\200\000\000\001&\000\000\000\003)/\351\3048:\362\035\024\354\227\211\220\341Q\264\245)G\023\327P\311\336[\273\333d\336I\305\256\302\316\214\303'\253!\303]\007\314T\207!3P\027\000\000\000\000\000\000\000\000\000\000\000\000\000\000\000\000\000\000\000\000\000\000\000\000\000\000\000\000\000\000\000\000P\031-}\351f\032\255\274\334m\326c\017\014ao[\342\230\003\245\245\3341Hm\326^\017jy\335\261s!\003\246\253M+\327\254x)\270\216\311K-\350#\234\005\242\246\352}{iSd\374\322d\355G\010\240vF0D\002 ~\300-\322\031R\240c7\027\312P\323\014SL\342\214\344K\220\300O\326k]\366\017i\232\\313\002 R\362\320VG\375\323u\341\253\006>af\221\331j\245\365-\224'\252\214\212C\340v\311\256\370\226""; ","validation: """"\200\000\000\001&\000\000\000\003)/\351\3048:\362\035\024\354\227\211\220\341Q\264\245)G\023\327P\311\336[\273\333d\336I\305\256\302\316\214\303'\253!\303]\007\314T\207!3P\027\000\000\000\000\000\000\000\000\000\000\000\000\000\000\000\000\000\000\000\000\000\000\000\000\000\000\000\000\000\000\000\000P\031-}\351f\032\255\274\334m\326c\017\014ao[\342\230\003\245\245\3341Hm\326^\017jy\335\261s!\003\246\253M+\327\254x)\270\216\311K-\350#\234\005\242\246\352}{iSd\374\322d\355G\010\240vF0D\002 ~\300-\322\031R\240c7\027\312P\323\014SL\342\214\344K\220\300O\326k]\366\017i\232\\313\002 R\362\320VG\375\323u\341\253\006>af\221\331j\245\365-\224'\252\214\212C\340v\311\256\370\226""; "
1750534076316,1750534076316,565,1,2,0,TMValidation,"validation: """"\200\000\000\001&\000\000\000\003)/\351\3048:\362\035\024\354\227\211\220\341Q\264\245)G\023\327P\311\336[\273\333d\336I\305\256\302\316\214\303'\253!\303]\007\314T\207!3P\027\000\000\000\000\000\000\000\000\000\000\000\000\000\000\000\000\000\000\000\000\000\000\000\000\000\000\000\000\000\000\000\000P\031-}\351f\032\255\274\334m\326c\017\014ao[\342\230\003\245\245\3341Hm\326^\017jy\335\261s!\003\246\253M+\327\254x)\270\216\311K-\350#\234\005\242\246\352}{iSd\374\322d\355G\010\240vF0D\002 ~\300-\322\031R\240c7\027\312P\323\014SL\342\214\344K\220\300O\326k]\366\017i\232\\313\002 R\362\320VG\375\323u\341\253\006>af\221\331j\245\365-\224'\252\214\212C\340v\311\256\370\226""; ","validation: """"\200\000\000\001&\000\000\000\003)/\351\3048:\362\035\024\354\227\211\220\341Q\264\245)G\023\327P\311\336[\273\333d\336I\305\256\302\316\214\303'\253!\303]\007\314T\207!3P\027\000\000\000\000\000\000\000\000\000\000\000\000\000\000\000\000\000\000\000\000\000\000\000\000\000\000\000\000\000\000\000\000P\031-}\351f\032\255\274\334m\326c\017\014ao[\342\230\003\245\245\3341Hm\326^\017jy\335\261s!\003\246\253M+\327\254x)\270\216\311K-\350#\234\005\242\246\352}{iSd\374\322d\355G\010\240vF0D\002 ~\300-\322\031R\240c7\027\312P\323\014SL\342\214\344K\220\300O\326k]\366\017i\232\\313\002 R\362\320VG\375\323u\341\253\006>af\221\331j\245\365-\224'\252\214\212C\340v\311\256\370\226""; "
1750534076316,1750534076316,1391,1,2,1,TMValidation,"validation: """"\200\000\000\001&\000\000\000\003)/\351\3048:\362\035\024\354\227\211\220\341Q\264\245)G\023\327P\311\336[\273\333d\336I\305\256\302\316\214\303'\253!\303]\007\314T\207!3P\027\000\000\000\000\000\000\000\000\000\000\000\000\000\000\000\000\000\000\000\000\000\000\000\000\000\000\000\000\000\000\000\000P\031-}\351f\032\255\274\334m\326c\017\014ao[\342\230\003\245\245\3341Hm\326^\017jy\335\261s!\003\246\253M+\327\254x)\270\216\311K-\350#\234\005\242\246\352}{iSd\374\322d\355G\010\240vF0D\002 ~\300-\322\031R\240c7\027\312P\323\014SL\342\214\344K\220\300O\326k]\366\017i\232\\313\002 R\362\320VG\375\323u\341\253\006>af\221\331j\245\365-\224'\252\214\212C\340v\311\256\370\226""; ","validation: """"\200\000\000\001&\000\000\000\003)/\351\3048:\362\035\024\354\227\211\220\341Q\264\245)G\023\327P\311\336[\273\333d\336I\305\256\302\316\214\303'\253!\303]\007\314T\207!3P\027\000\000\000\000\000\000\000\000\000\000\000\000\000\000\000\000\000\000\000\000\000\000\000\000\000\000\000\000\000\000\000\000P\031-}\351f\032\255\274\334m\326c\017\014ao[\342\230\003\245\245\3341Hm\326^\017jy\335\261s!\003\246\253M+\327\254x)\270\216\311K-\350#\234\005\242\246\352}{iSd\374\322d\355G\010\240vF0D\002 ~\300-\322\031R\240c7\027\312P\323\014SL\342\214\344K\220\300O\326k]\366\017i\232\\313\002 R\362\320VG\375\323u\341\253\006>af\221\331j\245\365-\224'\252\214\212C\340v\311\256\370\226""; "
1750534076508,1750534076509,565,1,2,0,TMValidation,"validation: """"\200\000\000\001&\000\000\000\004)/\351\304<:\2127%d\216O\2029QJ:\r\252\311\206\246\024\266\316^\037\202\007\350j&@r\370\202\254\005\212\230<\357\242\216\001\030\235P\027\000\000\000\000\000\000\000\000\000\000\000\000\000\000\000\000\000\000\000\000\000\000\000\000\000\000\000\000\000\000\000\000P\031\264\245)G\023\327P\311\336[\273\333d\336I\305\256\302\316\214\303'\253!\303]\007\314T\207!3s!\003\241q\201\005c\265\003\367~\267xq\264\m_\310U\235\3644\246\306\345#""\246\274'%\251)vG0E\002!\000\257\037\306\246\221\356\027\350{6\375\207\271\rP\306\253\262\205\247\010\220\350\256*9\224#\363\033\374\267\002 -\232\213&\261QF\027B70\250\361\316\246\310\234t\020\275I\204\344]Rb\002\351D\336S_""; ","validation: """"\200\000\000\001&\000\000\000\004)/\351\304<:\2127%d\216O\2029QJ:\r\252\311\206\246\024\266\316^\037\202\007\350j&@r\370\202\254\005\212\230<\357\242\216\001\030\235P\027\000\000\000\000\000\000\000\000\000\000\000\000\000\000\000\000\000\000\000\000\000\000\000\000\000\000\000\000\000\000\000\000P\031\264\245)G\023\327P\311\336[\273\333d\336I\305\256\302\316\214\303'\253!\303]\007\314T\207!3s!\003\241q\201\005c\265\003\367~\267xq\264\m_\310U\235\3644\246\306\345#""\246\274'%\251)vG0E\002!\000\257\037\306\246\221\356\027\350{6\375\207\271\rP\306\253\262\205\247\010\220\350\256*9\224#\363\033\374\267\002 -\232\213&\261QF\027B70\250\361\316\246\310\234t\020\275I\204\344]Rb\002\351D\336S_""; "
1750534076509,1750534076509,2970,1,2,3,TMValidation,"validation: """"\200\000\000\001&\000\000\000\004)/\351\304<:\2127%d\216O\2029QJ:\r\252\311\206\246\024\266\316^\037\202\007\350j&@r\370\202\254\005\212\230<\357\242\216\001\030\235P\027\000\000\000\000\000\000\000\000\000\000\000\000\000\000\000\000\000\000\000\000\000\000\000\000\000\000\000\000\000\000\000\000P\031\264\245)G\023\327P\311\336[\273\333d\336I\305\256\302\316\214\303'\253!\303]\007\314T\207!3s!\003\241q\201\005c\265\003\367~\267xq\264\m_\310U\235\3644\246\306\345#""\246\274'%\251)vG0E\002!\000\257\037\306\246\221\356\027\350{6\375\207\271\rP\306\253\262\205\247\010\220\350\256*9\224#\363\033\374\267\002 -\232\213&\261QF\027B70\250\361\316\246\310\234t\020\275I\204\344]Rb\002\351D\336S_""; ","validation: """"\200\000\000\001&\000\000\000\004)/\351\304<:\2127%d\216O\2029QJ:\r\252\311\206\246\024\266\316^\037\202\007\350j&@r\370\202\254\005\212\230<\357\242\216\001\030\235P\027\000\000\000\000\000\000\000\000\000\000\000\000\000\000\000\000\000\000\000\000\000\000\000\000\000\000\000\000\000\000\000\000P\031\264\245)G\023\327P\311\336[\273\333d\336I\305\256\302\316\214\303'\253!\303]\007\314T\207!3s!\003\241q\201\005c\265\003\367~\267xq\264\m_\310U\235\3644\246\306\345#""\246\274'%\251)vG0E\002!\000\257\037\306\246\221\356\027\350{6\375\207\271\rP\306\253\262\205\247\010\220\350\256*9\224#\363\033\374\267\002 -\232\213&\261QF\027B70\250\361\316\246\310\234t\020\275I\204\344]Rb\002\351D\336S_""; "
1750534076509,1750534076509,1391,1,2,1,TMValidation,"validation: """"\200\000\000\001&\000\000\000\004)/\351\304<:\2127%d\216O\2029QJ:\r\252\311\206\246\024\266\316^\037\202\007\350j&@r\370\202\254\005\212\230<\357\242\216\001\030\235P\027\000\000\000\000\000\000\000\000\000\000\000\000\000\000\000\000\000\000\000\000\000\000\000\000\000\000\000\000\000\000\000\000P\031\264\245)G\023\327P\311\336[\273\333d\336I\305\256\302\316\214\303'\253!\303]\007\314T\207!3s!\003\241q\201\005c\265\003\367~\267xq\264\m_\310U\235\3644\246\306\345#""\246\274'%\251)vG0E\002!\000\257\037\306\246\221\356\027\350{6\375\207\271\rP\306\253\262\205\247\010\220\350\256*9\224#\363\033\374\267\002 -\232\213&\261QF\027B70\250\361\316\246\310\234t\020\275I\204\344]Rb\002\351D\336S_""; ","validation: """"\200\000\000\001&\000\000\000\004)/\351\304<:\2127%d\216O\2029QJ:\r\252\311\206\246\024\266\316^\037\202\007\350j&@r\370\202\254\005\212\230<\357\242\216\001\030\235P\027\000\000\000\000\000\000\000\000\000\000\000\000\000\000\000\000\000\000\000\000\000\000\000\000\000\000\000\000\000\000\000\000P\031\264\245)G\023\327P\311\336[\273\333d\336I\305\256\302\316\214\303'\253!\303]\007\314T\207!3s!\003\241q\201\005c\265\003\367~\267xq\264\m_\310U\235\3644\246\306\345#""\246\274'%\251)vG0E\002!\000\257\037\306\246\221\356\027\350{6\375\207\271\rP\306\253\262\205\247\010\220\350\256*9\224#\363\033\374\267\002 -\232\213&\261QF\027B70\250\361\316\246\310\234t\020\275I\204\344]Rb\002\351D\336S_""; "
1750534076545,1750534076545,3709,1,3,2,TMValidation,"validation: """"\200\000\000\001&\000\000\000\004)/\351\304<:\2127%d\216O\2029QJ:\r\252\311\206\246\024\266\316^\037\202\007\350j&@r\370\202\254\005\212\230<\357\242\216\001\030\235P\027\000\000\000\000\000\000\000\000\000\000\000\000\000\000\000\000\000\000\000\000\000\000\000\000\000\000\000\000\000\000\000\000P\031\264\245)G\023\327P\311\336[\273\333d\336I\305\256\302\316\214\303'\253!\303]\007\314T\207!3s!\003\241q\201\005c\265\003\367~\267xq\264\m_\310U\235\3644\246\306\345#""\246\274'%\251)vG0E\002!\000\257\037\306\246\221\356\027\350{6\375\207\271\rP\306\253\262\205\247\010\220\350\256*9\224#\363\033\374\267\002 -\232\213&\261QF\027B70\250\361\316\246\310\234t\020\275I\204\344]Rb\002\351D\336S_""; ","validation: """"\200\000\000\001&\000\000\000\004)/\351\304<:\2127%d\216O\2029QJ:\r\252\311\206\246\024\266\316^\037\202\007\350j&@r\370\202\254\005\212\230<\357\242\216\001\030\235P\027\000\000\000\000\000\000\000\000\000\000\000\000\000\000\000\000\000\000\000\000\000\000\000\000\000\000\000\000\000\000\000\000P\031\264\245)G\023\327P\311\336[\273\333d\336I\305\256\302\316\214\303'\253!\303]\007\314T\207!3s!\003\241q\201\005c\265\003\367~\267xq\264\m_\310U\235\3644\246\306\345#""\246\274'%\251)vG0E\002!\000\257\037\306\246\221\356\027\350{6\375\207\271\rP\306\253\262\205\247\010\220\350\256*9\224#\363\033\374\267\002 -\232\213&\261QF\027B70\250\361\316\246\310\234t\020\275I\204\344]Rb\002\351D\336S_""; "
1750534076545,1750534076545,2019,1,3,1,TMValidation,"validation: """"\200\000\000\001&\000\000\000\004)/\351\304<:\2127%d\216O\2029QJ:\r\252\311\206\246\024\266\316^\037\202\007\350j&@r\370\202\254\005\212\230<\357\242\216\001\030\235P\027\000\000\000\000\000\000\000\000\000\000\000\000\000\000\000\000\000\000\000\000\000\000\000\000\000\000\000\000\000\000\000\000P\031\264\245)G\023\327P\311\336[\273\333d\336I\305\256\302\316\214\303'\253!\303]\007\314T\207!3s!\003\241q\201\005c\265\003\367~\267xq\264\m_\310U\235\3644\246\306\345#""\246\274'%\251)vG0E\002!\000\257\037\306\246\221\356\027\350{6\375\207\271\rP\306\253\262\205\247\010\220\350\256*9\224#\363\033\374\267\002 -\232\213&\261QF\027B70\250\361\316\246\310\234t\020\275I\204\344]Rb\002\351D\336S_""; ","validation: """"\200\000\000\001&\000\000\000\004)/\351\304<:\2127%d\216O\2029QJ:\r\252\311\206\246\024\266\316^\037\202\007\350j&@r\370\202\254\005\212\230<\357\242\216\001\030\235P\027\000\000\000\000\000\000\000\000\000\000\000\000\000\000\000\000\000\000\000\000\000\000\000\000\000\000\000\000\000\000\000\000P\031\264\245)G\023\327P\311\336[\273\333d\336I\305\256\302\316\214\303'\253!\303]\007\314T\207!3s!\003\241q\201\005c\265\003\367~\267xq\264\m_\310U\235\3644\246\306\345#""\246\274'%\251)vG0E\002!\000\257\037\306\246\221\356\027\350{6\375\207\271\rP\306\253\262\205\247\010\220\350\256*9\224#\363\033\374\267\002 -\232\213&\261QF\027B70\250\361\316\246\310\234t\020\275I\204\344]Rb\002\351D\336S_""; "
1750534076545,1750534076545,2058,1,3,0,TMValidation,"validation: """"\200\000\000\001&\000\000\000\004)/\351\304<:\2127%d\216O\2029QJ:\r\252\311\206\246\024\266\316^\037\202\007\350j&@r\370\202\254\005\212\230<\357\242\216\001\030\235P\027\000\000\000\000\000\000\000\000\000\000\000\000\000\000\000\000\000\000\000\000\000\000\000\000\000\000\000\000\000\000\000\000P\031\264\245)G\023\327P\311\336[\273\333d\336I\305\256\302\316\214\303'\253!\303]\007\314T\207!3s!\003\241q\201\005c\265\003\367~\267xq\264\m_\310U\235\3644\246\306\345#""\246\274'%\251)vG0E\002!\000\257\037\306\246\221\356\027\350{6\375\207\271\rP\306\253\262\205\247\010\220\350\256*9\224#\363\033\374\267\002 -\232\213&\261QF\027B70\250\361\316\246\310\234t\020\275I\204\344]Rb\002\351D\336S_""; ","validation: """"\200\000\000\001&\000\000\000\004)/\351\304<:\2127%d\216O\2029QJ:\r\252\311\206\246\024\266\316^\037\202\007\350j&@r\370\202\254\005\212\230<\357\242\216\001\030\235P\027\000\000\000\000\000\000\000\000\000\000\000\000\000\000\000\000\000\000\000\000\000\000\000\000\000\000\000\000\000\000\000\000P\031\264\245)G\023\327P\311\336[\273\333d\336I\305\256\302\316\214\303'\253!\303]\007\314T\207!3s!\003\241q\201\005c\265\003\367~\267xq\264\m_\310U\235\3644\246\306\345#""\246\274'%\251)vG0E\002!\000\257\037\306\246\221\356\027\350{6\375\207\271\rP\306\253\262\205\247\010\220\350\256*9\224#\363\033\374\267\002 -\232\213&\261QF\027B70\250\361\316\246\310\234t\020\275I\204\344]Rb\002\351D\336S_""; "
1750534076606,1750534076607,2364,1,3,4,TMProposeSet,"proposeSeq: 0; currentTxHash: ""\000\000\000\000\000\000\000\000\000\000\000\000\000\000\000\000\000\000\000\000\000\000\000\000\000\000\000\000\000\000\000\000""; nodePubKey: ""\003\246\253M+\327\254x)\270\216\311K-\350#\234\005\242\246\352}{iSd\374\322d\355G\010\240""; closeTime: 803849276; signature: ""0D\002 m\304Q\352\211\341&\337\277\346\014\324$\317\237j\036\246v\005\274\t_u\013\341\313\275\213F\264\356\002 '\2331\356i\025\352[d\273\225g""iC\030\217\360\211\231\320\240`\260\005\366\326^(\325;\022""; previousledger: ""J:\r\252\311\206\246\024\266\316^\037\202\007\350j&@r\370\202\254\005\212\230<\357\242\216\001\030\235""; ","proposeSeq: 0; currentTxHash: ""\000\000\000\000\000\000\000\000\000\000\000\000\000\000\000\000\000\000\000\000\000\000\000\000\000\000\000\000\000\000\000\000""; nodePubKey: ""\003\246\253M+\327\254x)\270\216\311K-\350#\234\005\242\246\352}{iSd\374\322d\355G\010\240""; closeTime: 803849276; signature: ""0D\002 m\304Q\352\211\341&\337\277\346\014\324$\317\237j\036\246v\005\274\t_u\013\341\313\275\213F\264\356\002 '\2331\356i\025\352[d\273\225g""iC\030\217\360\211\231\320\240`\260\005\366\326^(\325;\022""; previousledger: ""J:\r\252\311\206\246\024\266\316^\037\202\007\350j&@r\370\202\254\005\212\230<\357\242\216\001\030\235""; "
1750534076607,1750534076607,2898,1,3,2,TMProposeSet,"proposeSeq: 0; currentTxHash: ""\000\000\000\000\000\000\000\000\000\000\000\000\000\000\000\000\000\000\000\000\000\000\000\000\000\000\000\000\000\000\000\000""; nodePubKey: ""\003\246\253M+\327\254x)\270\216\311K-\350#\234\005\242\246\352}{iSd\374\322d\355G\010\240""; closeTime: 803849276; signature: ""0D\002 m\304Q\352\211\341&\337\277\346\014\324$\317\237j\036\246v\005\274\t_u\013\341\313\275\213F\264\356\002 '\2331\356i\025\352[d\273\225g""iC\030\217\360\211\231\320\240`\260\005\366\326^(\325;\022""; previousledger: ""J:\r\252\311\206\246\024\266\316^\037\202\007\350j&@r\370\202\254\005\212\230<\357\242\216\001\030\235""; ","proposeSeq: 0; currentTxHash: ""\000\000\000\000\000\000\000\000\000\000\000\000\000\000\000\000\000\000\000\000\000\000\000\000\000\000\000\000\000\000\000\000""; nodePubKey: ""\003\246\253M+\327\254x)\270\216\311K-\350#\234\005\242\246\352}{iSd\374\322d\355G\010\240""; closeTime: 803849276; signature: ""0D\002 m\304Q\352\211\341&\337\277\346\014\324$\317\237j\036\246v\005\274\t_u\013\341\313\275\213F\264\356\002 '\2331\356i\025\352[d\273\225g""iC\030\217\360\211\231\320\240`\260\005\366\326^(\325;\022""; previousledger: ""J:\r\252\311\206\246\024\266\316^\037\202\007\350j&@r\370\202\254\005\212\230<\357\242\216\001\030\235""; "
1750534076609,1750534076609,2365,1,3,1,TMProposeSet,"proposeSeq: 0; currentTxHash: ""\000\000\000\000\000\000\000\000\000\000\000\000\000\000\000\000\000\000\000\000\000\000\000\000\000\000\000\000\000\000\000\000""; nodePubKey: ""\003\246\253M+\327\254x)\270\216\311K-\350#\234\005\242\246\352}{iSd\374\322d\355G\010\240""; closeTime: 803849276; signature: ""0D\002 m\304Q\352\211\341&\337\277\346\014\324$\317\237j\036\246v\005\274\t_u\013\341\313\275\213F\264\356\002 '\2331\356i\025\352[d\273\225g""iC\030\217\360\211\231\320\240`\260\005\366\326^(\325;\022""; previousledger: ""J:\r\252\311\206\246\024\266\316^\037\202\007\350j&@r\370\202\254\005\212\230<\357\242\216\001\030\235""; ","proposeSeq: 0; currentTxHash: ""\000\000\000\000\000\000\000\000\000\000\000\000\000\000\000\000\000\000\000\000\000\000\000\000\000\000\000\000\000\000\000\000""; nodePubKey: ""\003\246\253M+\327\254x)\270\216\311K-\350#\234\005\242\246\352}{iSd\374\322d\355G\010\240""; closeTime: 803849276; signature: ""0D\002 m\304Q\352\211\341&\337\277\346\014\324$\317\237j\036\246v\005\274\t_u\013\341\313\275\213F\264\356\002 '\2331\356i\025\352[d\273\225g""iC\030\217\360\211\231\320\240`\260\005\366\326^(\325;\022""; previousledger: ""J:\r\252\311\206\246\024\266\316^\037\202\007\350j&@r\370\202\254\005\212\230<\357\242\216\001\030\235""; "
1750534076610,1750534076610,1696,1,3,0,TMProposeSet,"proposeSeq: 0; currentTxHash: ""\000\000\000\000\000\000\000\000\000\000\000\000\000\000\000\000\000\000\000\000\000\000\000\000\000\000\000\000\000\000\000\000""; nodePubKey: ""\003\246\253M+\327\254x)\270\216\311K-\350#\234\005\242\246\352}{iSd\374\322d\355G\010\240""; closeTime: 803849276; signature: ""0D\002 m\304Q\352\211\341&\337\277\346\014\324$\317\237j\036\246v\005\274\t_u\013\341\313\275\213F\264\356\002 '\2331\356i\025\352[d\273\225g""iC\030\217\360\211\231\320\240`\260\005\366\326^(\325;\022""; previousledger: ""J:\r\252\311\206\246\024\266\316^\037\202\007\350j&@r\370\202\254\005\212\230<\357\242\216\001\030\235""; ","proposeSeq: 0; currentTxHash: ""\000\000\000\000\000\000\000\000\000\000\000\000\000\000\000\000\000\000\000\000\000\000\000\000\000\000\000\000\000\000\000\000""; nodePubKey: ""\003\246\253M+\327\254x)\270\216\311K-\350#\234\005\242\246\352}{iSd\374\322d\355G\010\240""; closeTime: 803849276; signature: ""0D\002 m\304Q\352\211\341&\337\277\346\014\324$\317\237j\036\246v\005\274\t_u\013\341\313\275\213F\264\356\002 '\2331\356i\025\352[d\273\225g""iC\030\217\360\211\231\320\240`\260\005\366\326^(\325;\022""; previousledger: ""J:\r\252\311\206\246\024\266\316^\037\202\007\350j&@r\370\202\254\005\212\230<\357\242\216\001\030\235""; "
1750534076605,1750534076678,412,1,3,4,TMStatusChange,"newEvent: neCLOSING_LEDGER; ledgerSeq: 4; ledgerHash: ""J:\r\252\311\206\246\024\266\316^\037\202\007\350j&@r\370\202\254\005\212\230<\357\242\216\001\030\235""; ledgerHashPrevious: ""\264\245)G\023\327P\311\336[\273\333d\336I\305\256\302\316\214\303'\253!\303]\007\314T\207!3""; networkTime: 803849276; firstSeq: 1; lastSeq: 4; ","newEvent: neCLOSING_LEDGER; ledgerSeq: 4; ledgerHash: ""J:\r\252\311\206\246\024\266\316^\037\202\007\350j&@r\370\202\254\005\212\230<\357\242\216\001\030\235""; ledgerHashPrevious: ""\264\245)G\023\327P\311\336[\273\333d\336I\305\256\302\316\214\303'\253!\303]\007\314T\207!3""; networkTime: 803849276; firstSeq: 1; lastSeq: 4; "
1750534076609,1750534076680,51,1,3,1,TMStatusChange,"newEvent: neCLOSING_LEDGER; ledgerSeq: 4; ledgerHash: ""J:\r\252\311\206\246\024\266\316^\037\202\007\350j&@r\370\202\254\005\212\230<\357\242\216\001\030\235""; ledgerHashPrevious: ""\264\245)G\023\327P\311\336[\273\333d\336I\305\256\302\316\214\303'\253!\303]\007\314T\207!3""; networkTime: 803849276; firstSeq: 1; lastSeq: 4; ","newEvent: neCLOSING_LEDGER; ledgerSeq: 4; ledgerHash: ""J:\r\252\311\206\246\024\266\316^\037\202\007\350j&@r\370\202\254\005\212\230<\357\242\216\001\030\235""; ledgerHashPrevious: ""\264\245)G\023\327P\311\336[\273\333d\336I\305\256\302\316\214\303'\253!\303]\007\314T\207!3""; networkTime: 803849276; firstSeq: 1; lastSeq: 4; "
1750534076608,1750534076679,1476,1,3,0,TMStatusChange,"newEvent: neCLOSING_LEDGER; ledgerSeq: 4; ledgerHash: ""J:\r\252\311\206\246\024\266\316^\037\202\007\350j&@r\370\202\254\005\212\230<\357\242\216\001\030\235""; ledgerHashPrevious: ""\264\245)G\023\327P\311\336[\273\333d\336I\305\256\302\316\214\303'\253!\303]\007\314T\207!3""; networkTime: 803849276; firstSeq: 1; lastSeq: 4; ","newEvent: neCLOSING_LEDGER; ledgerSeq: 4; ledgerHash: ""J:\r\252\311\206\246\024\266\316^\037\202\007\350j&@r\370\202\254\005\212\230<\357\242\216\001\030\235""; ledgerHashPrevious: ""\264\245)G\023\327P\311\336[\273\333d\336I\305\256\302\316\214\303'\253!\303]\007\314T\207!3""; networkTime: 803849276; firstSeq: 1; lastSeq: 4; "
1750534076607,1750534076679,1774,1,3,2,TMStatusChange,"newEvent: neCLOSING_LEDGER; ledgerSeq: 4; ledgerHash: ""J:\r\252\311\206\246\024\266\316^\037\202\007\350j&@r\370\202\254\005\212\230<\357\242\216\001\030\235""; ledgerHashPrevious: ""\264\245)G\023\327P\311\336[\273\333d\336I\305\256\302\316\214\303'\253!\303]\007\314T\207!3""; networkTime: 803849276; firstSeq: 1; lastSeq: 4; ","newEvent: neCLOSING_LEDGER; ledgerSeq: 4; ledgerHash: ""J:\r\252\311\206\246\024\266\316^\037\202\007\350j&@r\370\202\254\005\212\230<\357\242\216\001\030\235""; ledgerHashPrevious: ""\264\245)G\023\327P\311\336[\273\333d\336I\305\256\302\316\214\303'\253!\303]\007\314T\207!3""; networkTime: 803849276; firstSeq: 1; lastSeq: 4; "
1750534076692,1750534076692,2026,1,1,3,TMHaveTransactionSet,"status: tsHAVE; hash: ""\334~\226\217To9\305K\273\251\310C\346\240\200y\255\257[\242\221\010\215\235<BXHG\345s""; ","status: tsHAVE; hash: ""\334~\226\217To9\305K\273\251\310C\346\240\200y\255\257[\242\221\010\215\235<BXHG\345s""; "
1750534076693,1750534076693,2881,1,1,4,TMHaveTransactionSet,"status: tsHAVE; hash: ""\334~\226\217To9\305K\273\251\310C\346\240\200y\255\257[\242\221\010\215\235<BXHG\345s""; ","status: tsHAVE; hash: ""\334~\226\217To9\305K\273\251\310C\346\240\200y\255\257[\242\221\010\215\235<BXHG\345s""; "
1750534076693,1750534076693,1282,1,1,2,TMHaveTransactionSet,"status: tsHAVE; hash: ""\334~\226\217To9\305K\273\251\310C\346\240\200y\255\257[\242\221\010\215\235<BXHG\345s""; ","status: tsHAVE; hash: ""\334~\226\217To9\305K\273\251\310C\346\240\200y\255\257[\242\221\010\215\235<BXHG\345s""; "
1750534076740,1750534076740,1191,1,1,2,TMProposeSet,"proposeSeq: 0; currentTxHash: ""\334~\226\217To9\305K\273\251\310C\346\240\200y\255\257[\242\221\010\215\235<BXHG\345s""; nodePubKey: ""\003)\036\227\370\t\264\235\206\317\234B\n\230/\375\257\335fo\253d\026_\357K\336\020\302\356\323\222\376""; closeTime: 803849276; signature: ""0E\002!\000\343i1\252j\252\t)\207\2623\032:\243'\003\013?U\244\326\34123\353S\337\033\227\354N\340\002 -\254<\245\204\312e\322g\204+\206k\203\274+KQ\354\273-\023\\262\231Vy~Gv\240\241""; previousledger: ""J:\r\252\311\206\246\024\266\316^\037\202\007\350j&@r\370\202\254\005\212\230<\357\242\216\001\030\235""; ","proposeSeq: 0; currentTxHash: ""\334~\226\217To9\305K\273\251\310C\346\240\200y\255\257[\242\221\010\215\235<BXHG\345s""; nodePubKey: ""\003)\036\227\370\t\264\235\206\317\234B\n\230/\375\257\335fo\253d\026_\357K\336\020\302\356\323\222\376""; closeTime: 803849276; signature: ""0E\002!\000\343i1\252j\252\t)\207\2623\032:\243'\003\013?U\244\326\34123\353S\337\033\227\354N\340\002 -\254<\245\204\312e\322g\204+\206k\203\274+KQ\354\273-\023\\262\231Vy~Gv\240\241""; previousledger: ""J:\r\252\311\206\246\024\266\316^\037\202\007\350j&@r\370\202\254\005\212\230<\357\242\216\001\030\235""; "
1750534076740,1750534076740,3124,1,1,0,TMHaveTransactionSet,"status: tsHAVE; hash: ""\334~\226\217To9\305K\273\251\310C\346\240\200y\255\257[\242\221\010\215\235<BXHG\345s""; ","status: tsHAVE; hash: ""\334~\226\217To9\305K\273\251\310C\346\240\200y\255\257[\242\221\010\215\235<BXHG\345s""; "
1750534076741,1750534076741,2750,1,1,3,TMProposeSet,"proposeSeq: 0; currentTxHash: ""\334~\226\217To9\305K\273\251\310C\346\240\200y\255\257[\242\221\010\215\235<BXHG\345s""; nodePubKey: ""\003)\036\227\370\t\264\235\206\317\234B\n\230/\375\257\335fo\253d\026_\357K\336\020\302\356\323\222\376""; closeTime: 803849276; signature: ""0E\002!\000\343i1\252j\252\t)\207\2623\032:\243'\003\013?U\244\326\34123\353S\337\033\227\354N\340\002 -\254<\245\204\312e\322g\204+\206k\203\274+KQ\354\273-\023\\262\231Vy~Gv\240\241""; previousledger: ""J:\r\252\311\206\246\024\266\316^\037\202\007\350j&@r\370\202\254\005\212\230<\357\242\216\001\030\235""; ","proposeSeq: 0; currentTxHash: ""\334~\226\217To9\305K\273\251\310C\346\240\200y\255\257[\242\221\010\215\235<BXHG\345s""; nodePubKey: ""\003)\036\227\370\t\264\235\206\317\234B\n\230/\375\257\335fo\253d\026_\357K\336\020\302\356\323\222\376""; closeTime: 803849276; signature: ""0E\002!\000\343i1\252j\252\t)\207\2623\032:\243'\003\013?U\244\326\34123\353S\337\033\227\354N\340\002 -\254<\245\204\312e\322g\204+\206k\203\274+KQ\354\273-\023\\262\231Vy~Gv\240\241""; previousledger: ""J:\r\252\311\206\246\024\266\316^\037\202\007\350j&@r\370\202\254\005\212\230<\357\242\216\001\030\235""; "
1750534076741,1750534076742,391,1,1,4,TMProposeSet,"proposeSeq: 0; currentTxHash: ""\334~\226\217To9\305K\273\251\310C\346\240\200y\255\257[\242\221\010\215\235<BXHG\345s""; nodePubKey: ""\003)\036\227\370\t\264\235\206\317\234B\n\230/\375\257\335fo\253d\026_\357K\336\020\302\356\323\222\376""; closeTime: 803849276; signature: ""0E\002!\000\343i1\252j\252\t)\207\2623\032:\243'\003\013?U\244\326\34123\353S\337\033\227\354N\340\002 -\254<\245\204\312e\322g\204+\206k\203\274+KQ\354\273-\023\\262\231Vy~Gv\240\241""; previousledger: ""J:\r\252\311\206\246\024\266\316^\037\202\007\350j&@r\370\202\254\005\212\230<\357\242\216\001\030\235""; ","proposeSeq: 0; currentTxHash: ""\334~\226\217To9\305K\273\251\310C\346\240\200y\255\257[\242\221\010\215\235<BXHG\345s""; nodePubKey: ""\003)\036\227\370\t\264\235\206\317\234B\n\230/\375\257\335fo\253d\026_\357K\336\020\302\356\323\222\376""; closeTime: 803849276; signature: ""0E\002!\000\343i1\252j\252\t)\207\2623\032:\243'\003\013?U\244\326\34123\353S\337\033\227\354N\340\002 -\254<\245\204\312e\322g\204+\206k\203\274+KQ\354\273-\023\\262\231Vy~Gv\240\241""; previousledger: ""J:\r\252\311\206\246\024\266\316^\037\202\007\350j&@r\370\202\254\005\212\230<\357\242\216\001\030\235""; "
1750534076744,1750534076744,747,1,1,0,TMProposeSet,"proposeSeq: 0; currentTxHash: ""\334~\226\217To9\305K\273\251\310C\346\240\200y\255\257[\242\221\010\215\235<BXHG\345s""; nodePubKey: ""\003)\036\227\370\t\264\235\206\317\234B\n\230/\375\257\335fo\253d\026_\357K\336\020\302\356\323\222\376""; closeTime: 803849276; signature: ""0E\002!\000\343i1\252j\252\t)\207\2623\032:\243'\003\013?U\244\326\34123\353S\337\033\227\354N\340\002 -\254<\245\204\312e\322g\204+\206k\203\274+KQ\354\273-\023\\262\231Vy~Gv\240\241""; previousledger: ""J:\r\252\311\206\246\024\266\316^\037\202\007\350j&@r\370\202\254\005\212\230<\357\242\216\001\030\235""; ","proposeSeq: 0; currentTxHash: ""\334~\226\217To9\305K\273\251\310C\346\240\200y\255\257[\242\221\010\215\235<BXHG\345s""; nodePubKey: ""\003)\036\227\370\t\264\235\206\317\234B\n\230/\375\257\335fo\253d\026_\357K\336\020\302\356\323\222\376""; closeTime: 803849276; signature: ""0E\002!\000\343i1\252j\252\t)\207\2623\032:\243'\003\013?U\244\326\34123\353S\337\033\227\354N\340\002 -\254<\245\204\312e\322g\204+\206k\203\274+KQ\354\273-\023\\262\231Vy~Gv\240\241""; previousledger: ""J:\r\252\311\206\246\024\266\316^\037\202\007\350j&@r\370\202\254\005\212\230<\357\242\216\001\030\235""; "
1750534076747,1750534076747,1739,1,2,4,TMTransaction,"rawTransaction: ""\022\000\000""\000\000\000\000$\000\000\000\002 \033\000\000\000\027a@\000\000\027H\206*@h@\000\000\000\000\000\000\ns!\0030\347\374\235V\273%\326\211;\243\363\027\256[\3173\263)\033\326=\263&T\243\023""/\177\320 tF0D\002 e\310d\304\242\007(p\302p\004\345\250\275U\340\365\235\_\250\354\204\020\003{\356\235\341U{\276\002 \031\001\235C\356%Kp\216d\r\031\201\001\337mYDSX\002\240G@x\020\267\264\357\353a\231\201\024\265\367by\212S\325C\240\024\312\370\262\227\317\370\362\3717\350\203\024\306\n\344D\377\362=\277\\260\3771\372aJ\311\247\nlF""; status: tsCURRENT; receiveTimestamp: 803849276; deferred: false; ","rawTransaction: ""\022\000\000""\000\000\000\000$\000\000\000\002 \033\000\000\000\027a@\000\000\027H\206*@h@\000\000\000\000\000\000\ns!\0030\347\374\235V\273%\326\211;\243\363\027\256[\3173\263)\033\326=\263&T\243\023""/\177\320 tF0D\002 e\310d\304\242\007(p\302p\004\345\250\275U\340\365\235\_\250\354\204\020\003{\356\235\341U{\276\002 \031\001\235C\356%Kp\216d\r\031\201\001\337mYDSX\002\240G@x\020\267\264\357\353a\231\201\024\265\367by\212S\325C\240\024\312\370\262\227\317\370\362\3717\350\203\024\306\n\344D\377\362=\277\\260\3771\372aJ\311\247\nlF""; status: tsCURRENT; receiveTimestamp: 803849276; deferred: false; "
1750534076691,1750534076749,2911,1,1,4,TMStatusChange,"newEvent: neCLOSING_LEDGER; ledgerSeq: 4; ledgerHash: ""J:\r\252\311\206\246\024\266\316^\037\202\007\350j&@r\370\202\254\005\212\230<\357\242\216\001\030\235""; ledgerHashPrevious: ""\264\245)G\023\327P\311\336[\273\333d\336I\305\256\302\316\214\303'\253!\303]\007\314T\207!3""; networkTime: 803849276; firstSeq: 1; lastSeq: 4; ","newEvent: neCLOSING_LEDGER; ledgerSeq: 4; ledgerHash: ""J:\r\252\311\206\246\024\266\316^\037\202\007\350j&@r\370\202\254\005\212\230<\357\242\216\001\030\235""; ledgerHashPrevious: ""\264\245)G\023\327P\311\336[\273\333d\336I\305\256\302\316\214\303'\253!\303]\007\314T\207!3""; networkTime: 803849276; firstSeq: 1; lastSeq: 4; "
1750534076707,1750534076749,3926,1,1,0,TMStatusChange,"newEvent: neCLOSING_LEDGER; ledgerSeq: 4; ledgerHash: ""J:\r\252\311\206\246\024\266\316^\037\202\007\350j&@r\370\202\254\005\212\230<\357\242\216\001\030\235""; ledgerHashPrevious: ""\264\245)G\023\327P\311\336[\273\333d\336I\305\256\302\316\214\303'\253!\303]\007\314T\207!3""; networkTime: 803849276; firstSeq: 1; lastSeq: 4; ","newEvent: neCLOSING_LEDGER; ledgerSeq: 4; ledgerHash: ""J:\r\252\311\206\246\024\266\316^\037\202\007\350j&@r\370\202\254\005\212\230<\357\242\216\001\030\235""; ledgerHashPrevious: ""\264\245)G\023\327P\311\336[\273\333d\336I\305\256\302\316\214\303'\253!\303]\007\314T\207!3""; networkTime: 803849276; firstSeq: 1; lastSeq: 4; "
1750534076740,1750534076750,1799,1,1,3,TMStatusChange,"newEvent: neCLOSING_LEDGER; ledgerSeq: 4; ledgerHash: ""J:\r\252\311\206\246\024\266\316^\037\202\007\350j&@r\370\202\254\005\212\230<\357\242\216\001\030\235""; ledgerHashPrevious: ""\264\245)G\023\327P\311\336[\273\333d\336I\305\256\302\316\214\303'\253!\303]\007\314T\207!3""; networkTime: 803849276; firstSeq: 1; lastSeq: 4; ","newEvent: neCLOSING_LEDGER; ledgerSeq: 4; ledgerHash: ""J:\r\252\311\206\246\024\266\316^\037\202\007\350j&@r\370\202\254\005\212\230<\357\242\216\001\030\235""; ledgerHashPrevious: ""\264\245)G\023\327P\311\336[\273\333d\336I\305\256\302\316\214\303'\253!\303]\007\314T\207!3""; networkTime: 803849276; firstSeq: 1; lastSeq: 4; "
1750534076740,1750534076750,1294,1,1,2,TMStatusChange,"newEvent: neCLOSING_LEDGER; ledgerSeq: 4; ledgerHash: ""J:\r\252\311\206\246\024\266\316^\037\202\007\350j&@r\370\202\254\005\212\230<\357\242\216\001\030\235""; ledgerHashPrevious: ""\264\245)G\023\327P\311\336[\273\333d\336I\305\256\302\316\214\303'\253!\303]\007\314T\207!3""; networkTime: 803849276; firstSeq: 1; lastSeq: 4; ","newEvent: neCLOSING_LEDGER; ledgerSeq: 4; ledgerHash: ""J:\r\252\311\206\246\024\266\316^\037\202\007\350j&@r\370\202\254\005\212\230<\357\242\216\001\030\235""; ledgerHashPrevious: ""\264\245)G\023\327P\311\336[\273\333d\336I\305\256\302\316\214\303'\253!\303]\007\314T\207!3""; networkTime: 803849276; firstSeq: 1; lastSeq: 4; "
1750534076747,1750534076751,2308,1,2,3,TMTransaction,"rawTransaction: ""\022\000\000""\000\000\000\000$\000\000\000\002 \033\000\000\000\027a@\000\000\027H\206*@h@\000\000\000\000\000\000\ns!\0030\347\374\235V\273%\326\211;\243\363\027\256[\3173\263)\033\326=\263&T\243\023""/\177\320 tF0D\002 e\310d\304\242\007(p\302p\004\345\250\275U\340\365\235\_\250\354\204\020\003{\356\235\341U{\276\002 \031\001\235C\356%Kp\216d\r\031\201\001\337mYDSX\002\240G@x\020\267\264\357\353a\231\201\024\265\367by\212S\325C\240\024\312\370\262\227\317\370\362\3717\350\203\024\306\n\344D\377\362=\277\\260\3771\372aJ\311\247\nlF""; status: tsCURRENT; receiveTimestamp: 803849276; deferred: false; ","rawTransaction: ""\022\000\000""\000\000\000\000$\000\000\000\002 \033\000\000\000\027a@\000\000\027H\206*@h@\000\000\000\000\000\000\ns!\0030\347\374\235V\273%\326\211;\243\363\027\256[\3173\263)\033\326=\263&T\243\023""/\177\320 tF0D\002 e\310d\304\242\007(p\302p\004\345\250\275U\340\365\235\_\250\354\204\020\003{\356\235\341U{\276\002 \031\001\235C\356%Kp\216d\r\031\201\001\337mYDSX\002\240G@x\020\267\264\357\353a\231\201\024\265\367by\212S\325C\240\024\312\370\262\227\317\370\362\3717\350\203\024\306\n\344D\377\362=\277\\260\3771\372aJ\311\247\nlF""; status: tsCURRENT; receiveTimestamp: 803849276; deferred: false; "
1750534076749,1750534076751,3680,1,2,1,TMTransaction,"rawTransaction: ""\022\000\000""\000\000\000\000$\000\000\000\002 \033\000\000\000\027a@\000\000\027H\206*@h@\000\000\000\000\000\000\ns!\0030\347\374\235V\273%\326\211;\243\363\027\256[\3173\263)\033\326=\263&T\243\023""/\177\320 tF0D\002 e\310d\304\242\007(p\302p\004\345\250\275U\340\365\235\_\250\354\204\020\003{\356\235\341U{\276\002 \031\001\235C\356%Kp\216d\r\031\201\001\337mYDSX\002\240G@x\020\267\264\357\353a\231\201\024\265\367by\212S\325C\240\024\312\370\262\227\317\370\362\3717\350\203\024\306\n\344D\377\362=\277\\260\3771\372aJ\311\247\nlF""; status: tsCURRENT; receiveTimestamp: 803849276; deferred: false; ","rawTransaction: ""\022\000\000""\000\000\000\000$\000\000\000\002 \033\000\000\000\027a@\000\000\027H\206*@h@\000\000\000\000\000\000\ns!\0030\347\374\235V\273%\326\211;\243\363\027\256[\3173\263)\033\326=\263&T\243\023""/\177\320 tF0D\002 e\310d\304\242\007(p\302p\004\345\250\275U\340\365\235\_\250\354\204\020\003{\356\235\341U{\276\002 \031\001\235C\356%Kp\216d\r\031\201\001\337mYDSX\002\240G@x\020\267\264\357\353a\231\201\024\265\367by\212S\325C\240\024\312\370\262\227\317\370\362\3717\350\203\024\306\n\344D\377\362=\277\\260\3771\372aJ\311\247\nlF""; status: tsCURRENT; receiveTimestamp: 803849276; deferred: false; "
1750534076770,1750534076770,744,1,0,3,TMHaveTransactionSet,"status: tsHAVE; hash: ""N*\343\035DQ\037\327\260\207=\214\227\252\244\265\245\321\265v\200dSd\365\213|\n\352S\362\370""; ","status: tsHAVE; hash: ""N*\343\035DQ\037\327\260\207=\214\227\252\244\265\245\321\265v\200dSd\365\213|\n\352S\362\370""; "
1750534076772,1750534076772,2102,1,0,3,TMProposeSet,"proposeSeq: 0; currentTxHash: ""N*\343\035DQ\037\327\260\207=\214\227\252\244\265\245\321\265v\200dSd\365\213|\n\352S\362\370""; nodePubKey: ""\002\227gv\346\003n\232f\264\2224\366\324\341o\5\217J\337\2771q\223O\025\217G8\235\301f""; closeTime: 803849276; signature: ""0E\002!\000\241\201sEKO\317\224\227\277\007\370\333\276\260\020obH\313\362\245\n\375\215&\375\374\341\272\366\266\002 {\376\002\317%\367f\333\226\263\344\2420\266.\302\007\304\017\351\303\331\235\226\3759\320D*\241IB""; previousledger: ""J:\r\252\311\206\246\024\266\316^\037\202\007\350j&@r\370\202\254\005\212\230<\357\242\216\001\030\235""; ","proposeSeq: 0; currentTxHash: ""N*\343\035DQ\037\327\260\207=\214\227\252\244\265\245\321\265v\200dSd\365\213|\n\352S\362\370""; nodePubKey: ""\002\227gv\346\003n\232f\264\2224\366\324\341o\5\217J\337\2771q\223O\025\217G8\235\301f""; closeTime: 803849276; signature: ""0E\002!\000\241\201sEKO\317\224\227\277\007\370\333\276\260\020obH\313\362\245\n\375\215&\375\374\341\272\366\266\002 {\376\002\317%\367f\333\226\263\344\2420\266.\302\007\304\017\351\303\331\235\226\3759\320D*\241IB""; previousledger: ""J:\r\252\311\206\246\024\266\316^\037\202\007\350j&@r\370\202\254\005\212\230<\357\242\216\001\030\235""; "
1750534076773,1750534076773,1478,1,0,2,TMHaveTransactionSet,"status: tsHAVE; hash: ""N*\343\035DQ\037\327\260\207=\214\227\252\244\265\245\321\265v\200dSd\365\213|\n\352S\362\370""; ","status: tsHAVE; hash: ""N*\343\035DQ\037\327\260\207=\214\227\252\244\265\245\321\265v\200dSd\365\213|\n\352S\362\370""; "
1750534076775,1750534076775,133,1,0,4,TMHaveTransactionSet,"status: tsHAVE; hash: ""N*\343\035DQ\037\327\260\207=\214\227\252\244\265\245\321\265v\200dSd\365\213|\n\352S\362\370""; ","status: tsHAVE; hash: ""N*\343\035DQ\037\327\260\207=\214\227\252\244\265\245\321\265v\200dSd\365\213|\n\352S\362\370""; "
1750534076775,1750534076775,2193,1,0,2,TMProposeSet,"proposeSeq: 0; currentTxHash: ""N*\343\035DQ\037\327\260\207=\214\227\252\244\265\245\321\265v\200dSd\365\213|\n\352S\362\370""; nodePubKey: ""\002\227gv\346\003n\232f\264\2224\366\324\341o\5\217J\337\2771q\223O\025\217G8\235\301f""; closeTime: 803849276; signature: ""0E\002!\000\241\201sEKO\317\224\227\277\007\370\333\276\260\020obH\313\362\245\n\375\215&\375\374\341\272\366\266\002 {\376\002\317%\367f\333\226\263\344\2420\266.\302\007\304\017\351\303\331\235\226\3759\320D*\241IB""; previousledger: ""J:\r\252\311\206\246\024\266\316^\037\202\007\350j&@r\370\202\254\005\212\230<\357\242\216\001\030\235""; ","proposeSeq: 0; currentTxHash: ""N*\343\035DQ\037\327\260\207=\214\227\252\244\265\245\321\265v\200dSd\365\213|\n\352S\362\370""; nodePubKey: ""\002\227gv\346\003n\232f\264\2224\366\324\341o\5\217J\337\2771q\223O\025\217G8\235\301f""; closeTime: 803849276; signature: ""0E\002!\000\241\201sEKO\317\224\227\277\007\370\333\276\260\020obH\313\362\245\n\375\215&\375\374\341\272\366\266\002 {\376\002\317%\367f\333\226\263\344\2420\266.\302\007\304\017\351\303\331\235\226\3759\320D*\241IB""; previousledger: ""J:\r\252\311\206\246\024\266\316^\037\202\007\350j&@r\370\202\254\005\212\230<\357\242\216\001\030\235""; "
1750534076775,1750534076775,3754,1,0,4,TMProposeSet,"proposeSeq: 0; currentTxHash: ""N*\343\035DQ\037\327\260\207=\214\227\252\244\265\245\321\265v\200dSd\365\213|\n\352S\362\370""; nodePubKey: ""\002\227gv\346\003n\232f\264\2224\366\324\341o\5\217J\337\2771q\223O\025\217G8\235\301f""; closeTime: 803849276; signature: ""0E\002!\000\241\201sEKO\317\224\227\277\007\370\333\276\260\020obH\313\362\245\n\375\215&\375\374\341\272\366\266\002 {\376\002\317%\367f\333\226\263\344\2420\266.\302\007\304\017\351\303\331\235\226\3759\320D*\241IB""; previousledger: ""J:\r\252\311\206\246\024\266\316^\037\202\007\350j&@r\370\202\254\005\212\230<\357\242\216\001\030\235""; ","proposeSeq: 0; currentTxHash: ""N*\343\035DQ\037\327\260\207=\214\227\252\244\265\245\321\265v\200dSd\365\213|\n\352S\362\370""; nodePubKey: ""\002\227gv\346\003n\232f\264\2224\366\324\341o\5\217J\337\2771q\223O\025\217G8\235\301f""; closeTime: 803849276; signature: ""0E\002!\000\241\201sEKO\317\224\227\277\007\370\333\276\260\020obH\313\362\245\n\375\215&\375\374\341\272\366\266\002 {\376\002\317%\367f\333\226\263\344\2420\266.\302\007\304\017\351\303\331\235\226\3759\320D*\241IB""; previousledger: ""J:\r\252\311\206\246\024\266\316^\037\202\007\350j&@r\370\202\254\005\212\230<\357\242\216\001\030\235""; "
1750534076814,1750534076814,764,1,0,1,TMProposeSet,"proposeSeq: 0; currentTxHash: ""N*\343\035DQ\037\327\260\207=\214\227\252\244\265\245\321\265v\200dSd\365\213|\n\352S\362\370""; nodePubKey: ""\002\227gv\346\003n\232f\264\2224\366\324\341o\5\217J\337\2771q\223O\025\217G8\235\301f""; closeTime: 803849276; signature: ""0E\002!\000\241\201sEKO\317\224\227\277\007\370\333\276\260\020obH\313\362\245\n\375\215&\375\374\341\272\366\266\002 {\376\002\317%\367f\333\226\263\344\2420\266.\302\007\304\017\351\303\331\235\226\3759\320D*\241IB""; previousledger: ""J:\r\252\311\206\246\024\266\316^\037\202\007\350j&@r\370\202\254\005\212\230<\357\242\216\001\030\235""; ","proposeSeq: 0; currentTxHash: ""N*\343\035DQ\037\327\260\207=\214\227\252\244\265\245\321\265v\200dSd\365\213|\n\352S\362\370""; nodePubKey: ""\002\227gv\346\003n\232f\264\2224\366\324\341o\5\217J\337\2771q\223O\025\217G8\235\301f""; closeTime: 803849276; signature: ""0E\002!\000\241\201sEKO\317\224\227\277\007\370\333\276\260\020obH\313\362\245\n\375\215&\375\374\341\272\366\266\002 {\376\002\317%\367f\333\226\263\344\2420\266.\302\007\304\017\351\303\331\235\226\3759\320D*\241IB""; previousledger: ""J:\r\252\311\206\246\024\266\316^\037\202\007\350j&@r\370\202\254\005\212\230<\357\242\216\001\030\235""; "
1750534076814,1750534076814,33,1,0,1,TMHaveTransactionSet,"status: tsHAVE; hash: ""N*\343\035DQ\037\327\260\207=\214\227\252\244\265\245\321\265v\200dSd\365\213|\n\352S\362\370""; ","status: tsHAVE; hash: ""N*\343\035DQ\037\327\260\207=\214\227\252\244\265\245\321\265v\200dSd\365\213|\n\352S\362\370""; "
1750534076824,1750534076825,2802,1,0,3,TMTransaction,"rawTransaction: ""\022\000\000""\000\000\000\000$\000\000\000\003 \033\000\000\000\027a@\000\000\027H\206*@h@\000\000\000\000\000\000\ns!\0030\347\374\235V\273%\326\211;\243\363\027\256[\3173\263)\033\326=\263&T\243\023""/\177\320 tF0D\002 \030y9\315\353\250Ah.! \355\203\274WC\225\204\252\2624\245\202\206\001\227\316\336\231\263\0007\002 nr[\331\366\200/\014\277Y\374.;\201\250\232\267\332\255W\374a\272\246\002\357\364\215\277\030Z\260\201\024\265\367by\212S\325C\240\024\312\370\262\227\317\370\362\3717\350\203\024\305D\224\002x\311\246\303\226jd\355\030\na\255\340\022\342\021""; status: tsCURRENT; receiveTimestamp: 803849276; deferred: false; ","rawTransaction: ""\022\000\000""\000\000\000\000$\000\000\000\003 \033\000\000\000\027a@\000\000\027H\206*@h@\000\000\000\000\000\000\ns!\0030\347\374\235V\273%\326\211;\243\363\027\256[\3173\263)\033\326=\263&T\243\023""/\177\320 tF0D\002 \030y9\315\353\250Ah.! \355\203\274WC\225\204\252\2624\245\202\206\001\227\316\336\231\263\0007\002 nr[\331\366\200/\014\277Y\374.;\201\250\232\267\332\255W\374a\272\246\002\357\364\215\277\030Z\260\201\024\265\367by\212S\325C\240\024\312\370\262\227\317\370\362\3717\350\203\024\305D\224\002x\311\246\303\226jd\355\030\na\255\340\022\342\021""; status: tsCURRENT; receiveTimestamp: 803849276; deferred: false; "
1750534076826,1750534076826,707,1,0,2,TMTransaction,"rawTransaction: ""\022\000\000""\000\000\000\000$\000\000\000\003 \033\000\000\000\027a@\000\000\027H\206*@h@\000\000\000\000\000\000\ns!\0030\347\374\235V\273%\326\211;\243\363\027\256[\3173\263)\033\326=\263&T\243\023""/\177\320 tF0D\002 \030y9\315\353\250Ah.! \355\203\274WC\225\204\252\2624\245\202\206\001\227\316\336\231\263\0007\002 nr[\331\366\200/\014\277Y\374.;\201\250\232\267\332\255W\374a\272\246\002\357\364\215\277\030Z\260\201\024\265\367by\212S\325C\240\024\312\370\262\227\317\370\362\3717\350\203\024\305D\224\002x\311\246\303\226jd\355\030\na\255\340\022\342\021""; status: tsCURRENT; receiveTimestamp: 803849276; deferred: false; ","rawTransaction: ""\022\000\000""\000\000\000\000$\000\000\000\003 \033\000\000\000\027a@\000\000\027H\206*@h@\000\000\000\000\000\000\ns!\0030\347\374\235V\273%\326\211;\243\363\027\256[\3173\263)\033\326=\263&T\243\023""/\177\320 tF0D\002 \030y9\315\353\250Ah.! \355\203\274WC\225\204\252\2624\245\202\206\001\227\316\336\231\263\0007\002 nr[\331\366\200/\014\277Y\374.;\201\250\232\267\332\255W\374a\272\246\002\357\364\215\277\030Z\260\201\024\265\367by\212S\325C\240\024\312\370\262\227\317\370\362\3717\350\203\024\305D\224\002x\311\246\303\226jd\355\030\na\255\340\022\342\021""; status: tsCURRENT; receiveTimestamp: 803849276; deferred: false; "
1750534076826,1750534076827,3406,1,0,4,TMTransaction,"rawTransaction: ""\022\000\000""\000\000\000\000$\000\000\000\003 \033\000\000\000\027a@\000\000\027H\206*@h@\000\000\000\000\000\000\ns!\0030\347\374\235V\273%\326\211;\243\363\027\256[\3173\263)\033\326=\263&T\243\023""/\177\320 tF0D\002 \030y9\315\353\250Ah.! \355\203\274WC\225\204\252\2624\245\202\206\001\227\316\336\231\263\0007\002 nr[\331\366\200/\014\277Y\374.;\201\250\232\267\332\255W\374a\272\246\002\357\364\215\277\030Z\260\201\024\265\367by\212S\325C\240\024\312\370\262\227\317\370\362\3717\350\203\024\305D\224\002x\311\246\303\226jd\355\030\na\255\340\022\342\021""; status: tsCURRENT; receiveTimestamp: 803849276; deferred: false; ","rawTransaction: ""\022\000\000""\000\000\000\000$\000\000\000\003 \033\000\000\000\027a@\000\000\027H\206*@h@\000\000\000\000\000\000\ns!\0030\347\374\235V\273%\326\211;\243\363\027\256[\3173\263)\033\326=\263&T\243\023""/\177\320 tF0D\002 \030y9\315\353\250Ah.! \355\203\274WC\225\204\252\2624\245\202\206\001\227\316\336\231\263\0007\002 nr[\331\366\200/\014\277Y\374.;\201\250\232\267\332\255W\374a\272\246\002\357\364\215\277\030Z\260\201\024\265\367by\212S\325C\240\024\312\370\262\227\317\370\362\3717\350\203\024\305D\224\002x\311\246\303\226jd\355\030\na\255\340\022\342\021""; status: tsCURRENT; receiveTimestamp: 803849276; deferred: false; "
1750534076771,1750534076845,2478,1,0,1,TMStatusChange,"newEvent: neCLOSING_LEDGER; ledgerSeq: 4; ledgerHash: ""J:\r\252\311\206\246\024\266\316^\037\202\007\350j&@r\370\202\254\005\212\230<\357\242\216\001\030\235""; ledgerHashPrevious: ""\264\245)G\023\327P\311\336[\273\333d\336I\305\256\302\316\214\303'\253!\303]\007\314T\207!3""; networkTime: 803849276; firstSeq: 1; lastSeq: 4; ","newEvent: neCLOSING_LEDGER; ledgerSeq: 4; ledgerHash: ""J:\r\252\311\206\246\024\266\316^\037\202\007\350j&@r\370\202\254\005\212\230<\357\242\216\001\030\235""; ledgerHashPrevious: ""\264\245)G\023\327P\311\336[\273\333d\336I\305\256\302\316\214\303'\253!\303]\007\314T\207!3""; networkTime: 803849276; firstSeq: 1; lastSeq: 4; "
1750534076773,1750534076846,3074,1,0,4,TMStatusChange,"newEvent: neCLOSING_LEDGER; ledgerSeq: 4; ledgerHash: ""J:\r\252\311\206\246\024\266\316^\037\202\007\350j&@r\370\202\254\005\212\230<\357\242\216\001\030\235""; ledgerHashPrevious: ""\264\245)G\023\327P\311\336[\273\333d\336I\305\256\302\316\214\303'\253!\303]\007\314T\207!3""; networkTime: 803849276; firstSeq: 1; lastSeq: 4; ","newEvent: neCLOSING_LEDGER; ledgerSeq: 4; ledgerHash: ""J:\r\252\311\206\246\024\266\316^\037\202\007\350j&@r\370\202\254\005\212\230<\357\242\216\001\030\235""; ledgerHashPrevious: ""\264\245)G\023\327P\311\336[\273\333d\336I\305\256\302\316\214\303'\253!\303]\007\314T\207!3""; networkTime: 803849276; firstSeq: 1; lastSeq: 4; "
1750534076774,1750534076846,2322,1,0,2,TMStatusChange,"newEvent: neCLOSING_LEDGER; ledgerSeq: 4; ledgerHash: ""J:\r\252\311\206\246\024\266\316^\037\202\007\350j&@r\370\202\254\005\212\230<\357\242\216\001\030\235""; ledgerHashPrevious: ""\264\245)G\023\327P\311\336[\273\333d\336I\305\256\302\316\214\303'\253!\303]\007\314T\207!3""; networkTime: 803849276; firstSeq: 1; lastSeq: 4; ","newEvent: neCLOSING_LEDGER; ledgerSeq: 4; ledgerHash: ""J:\r\252\311\206\246\024\266\316^\037\202\007\350j&@r\370\202\254\005\212\230<\357\242\216\001\030\235""; ledgerHashPrevious: ""\264\245)G\023\327P\311\336[\273\333d\336I\305\256\302\316\214\303'\253!\303]\007\314T\207!3""; networkTime: 803849276; firstSeq: 1; lastSeq: 4; "
1750534076773,1750534076845,885,1,0,3,TMStatusChange,"newEvent: neCLOSING_LEDGER; ledgerSeq: 4; ledgerHash: ""J:\r\252\311\206\246\024\266\316^\037\202\007\350j&@r\370\202\254\005\212\230<\357\242\216\001\030\235""; ledgerHashPrevious: ""\264\245)G\023\327P\311\336[\273\333d\336I\305\256\302\316\214\303'\253!\303]\007\314T\207!3""; networkTime: 803849276; firstSeq: 1; lastSeq: 4; ","newEvent: neCLOSING_LEDGER; ledgerSeq: 4; ledgerHash: ""J:\r\252\311\206\246\024\266\316^\037\202\007\350j&@r\370\202\254\005\212\230<\357\242\216\001\030\235""; ledgerHashPrevious: ""\264\245)G\023\327P\311\336[\273\333d\336I\305\256\302\316\214\303'\253!\303]\007\314T\207!3""; networkTime: 803849276; firstSeq: 1; lastSeq: 4; "
1750534077076,1750534077076,3863,1,0,4,TMValidation,"validation: """"\200\000\000\001&\000\000\000\004)/\351\304<:\2127%d\216O\2029QJ:\r\252\311\206\246\024\266\316^\037\202\007\350j&@r\370\202\254\005\212\230<\357\242\216\001\030\235P\027\000\000\000\000\000\000\000\000\000\000\000\000\000\000\000\000\000\000\000\000\000\000\000\000\000\000\000\000\000\000\000\000P\031\264\245)G\023\327P\311\336[\273\333d\336I\305\256\302\316\214\303'\253!\303]\007\314T\207!3s!\003\241q\201\005c\265\003\367~\267xq\264\m_\310U\235\3644\246\306\345#""\246\274'%\251)vG0E\002!\000\257\037\306\246\221\356\027\350{6\375\207\271\rP\306\253\262\205\247\010\220\350\256*9\224#\363\033\374\267\002 -\232\213&\261QF\027B70\250\361\316\246\310\234t\020\275I\204\344]Rb\002\351D\336S_""; ","validation: """"\200\000\000\001&\000\000\000\004)/\351\304<:\2127%d\216O\2029QJ:\r\252\311\206\246\024\266\316^\037\202\007\350j&@r\370\202\254\005\212\230<\357\242\216\001\030\235P\027\000\000\000\000\000\000\000\000\000\000\000\000\000\000\000\000\000\000\000\000\000\000\000\000\000\000\000\000\000\000\000\000P\031\264\245)G\023\327P\311\336[\273\333d\336I\305\256\302\316\214\303'\253!\303]\007\314T\207!3s!\003\241q\201\005c\265\003\367~\267xq\264\m_\310U\235\3644\246\306\345#""\246\274'%\251)vG0E\002!\000\257\037\306\246\221\356\027\350{6\375\207\271\rP\306\253\262\205\247\010\220\350\256*9\224#\363\033\374\267\002 -\232\213&\261QF\027B70\250\361\316\246\310\234t\020\275I\204\344]Rb\002\351D\336S_""; "
1750534077077,1750534077077,127,1,0,1,TMValidation,"validation: """"\200\000\000\001&\000\000\000\004)/\351\304<:\2127%d\216O\2029QJ:\r\252\311\206\246\024\266\316^\037\202\007\350j&@r\370\202\254\005\212\230<\357\242\216\001\030\235P\027\000\000\000\000\000\000\000\000\000\000\000\000\000\000\000\000\000\000\000\000\000\000\000\000\000\000\000\000\000\000\000\000P\031\264\245)G\023\327P\311\336[\273\333d\336I\305\256\302\316\214\303'\253!\303]\007\314T\207!3s!\003\241q\201\005c\265\003\367~\267xq\264\m_\310U\235\3644\246\306\345#""\246\274'%\251)vG0E\002!\000\257\037\306\246\221\356\027\350{6\375\207\271\rP\306\253\262\205\247\010\220\350\256*9\224#\363\033\374\267\002 -\232\213&\261QF\027B70\250\361\316\246\310\234t\020\275I\204\344]Rb\002\351D\336S_""; ","validation: """"\200\000\000\001&\000\000\000\004)/\351\304<:\2127%d\216O\2029QJ:\r\252\311\206\246\024\266\316^\037\202\007\350j&@r\370\202\254\005\212\230<\357\242\216\001\030\235P\027\000\000\000\000\000\000\000\000\000\000\000\000\000\000\000\000\000\000\000\000\000\000\000\000\000\000\000\000\000\000\000\000P\031\264\245)G\023\327P\311\336[\273\333d\336I\305\256\302\316\214\303'\253!\303]\007\314T\207!3s!\003\241q\201\005c\265\003\367~\267xq\264\m_\310U\235\3644\246\306\345#""\246\274'%\251)vG0E\002!\000\257\037\306\246\221\356\027\350{6\375\207\271\rP\306\253\262\205\247\010\220\350\256*9\224#\363\033\374\267\002 -\232\213&\261QF\027B70\250\361\316\246\310\234t\020\275I\204\344]Rb\002\351D\336S_""; "
1750534077077,1750534077077,2776,1,0,3,TMValidation,"validation: """"\200\000\000\001&\000\000\000\004)/\351\304<:\2127%d\216O\2029QJ:\r\252\311\206\246\024\266\316^\037\202\007\350j&@r\370\202\254\005\212\230<\357\242\216\001\030\235P\027\000\000\000\000\000\000\000\000\000\000\000\000\000\000\000\000\000\000\000\000\000\000\000\000\000\000\000\000\000\000\000\000P\031\264\245)G\023\327P\311\336[\273\333d\336I\305\256\302\316\214\303'\253!\303]\007\314T\207!3s!\003\241q\201\005c\265\003\367~\267xq\264\m_\310U\235\3644\246\306\345#""\246\274'%\251)vG0E\002!\000\257\037\306\246\221\356\027\350{6\375\207\271\rP\306\253\262\205\247\010\220\350\256*9\224#\363\033\374\267\002 -\232\213&\261QF\027B70\250\361\316\246\310\234t\020\275I\204\344]Rb\002\351D\336S_""; ","validation: """"\200\000\000\001&\000\000\000\004)/\351\304<:\2127%d\216O\2029QJ:\r\252\311\206\246\024\266\316^\037\202\007\350j&@r\370\202\254\005\212\230<\357\242\216\001\030\235P\027\000\000\000\000\000\000\000\000\000\000\000\000\000\000\000\000\000\000\000\000\000\000\000\000\000\000\000\000\000\000\000\000P\031\264\245)G\023\327P\311\336[\273\333d\336I\305\256\302\316\214\303'\253!\303]\007\314T\207!3s!\003\241q\201\005c\265\003\367~\267xq\264\m_\310U\235\3644\246\306\345#""\246\274'%\251)vG0E\002!\000\257\037\306\246\221\356\027\350{6\375\207\271\rP\306\253\262\205\247\010\220\350\256*9\224#\363\033\374\267\002 -\232\213&\261QF\027B70\250\361\316\246\310\234t\020\275I\204\344]Rb\002\351D\336S_""; "
1750534077084,1750534077085,467,1,4,0,TMProposeSet,"proposeSeq: 0; currentTxHash: ""\334~\226\217To9\305K\273\251\310C\346\240\200y\255\257[\242\221\010\215\235<BXHG\345s""; nodePubKey: ""\003)\036\227\370\t\264\235\206\317\234B\n\230/\375\257\335fo\253d\026_\357K\336\020\302\356\323\222\376""; closeTime: 803849276; signature: ""0E\002!\000\343i1\252j\252\t)\207\2623\032:\243'\003\013?U\244\326\34123\353S\337\033\227\354N\340\002 -\254<\245\204\312e\322g\204+\206k\203\274+KQ\354\273-\023\\262\231Vy~Gv\240\241""; previousledger: ""J:\r\252\311\206\246\024\266\316^\037\202\007\350j&@r\370\202\254\005\212\230<\357\242\216\001\030\235""; ","proposeSeq: 0; currentTxHash: ""\334~\226\217To9\305K\273\251\310C\346\240\200y\255\257[\242\221\010\215\235<BXHG\345s""; nodePubKey: ""\003)\036\227\370\t\264\235\206\317\234B\n\230/\375\257\335fo\253d\026_\357K\336\020\302\356\323\222\376""; closeTime: 803849276; signature: ""0E\002!\000\343i1\252j\252\t)\207\2623\032:\243'\003\013?U\244\326\34123\353S\337\033\227\354N\340\002 -\254<\245\204\312e\322g\204+\206k\203\274+KQ\354\273-\023\\262\231Vy~Gv\240\241""; previousledger: ""J:\r\252\311\206\246\024\266\316^\037\202\007\350j&@r\370\202\254\005\212\230<\357\242\216\001\030\235""; "
1750534077085,1750534077086,560,1,4,3,TMGetLedger,"itype: liTS_CANDIDATE; ledgerHash: ""\334~\226\217To9\305K\273\251\310C\346\240\200y\255\257[\242\221\010\215\235<BXHG\345s""; nodeIDs: ""\000\000\000\000\000\000\000\000\000\000\000\000\000\000\000\000\000\000\000\000\000\000\000\000\000\000\000\000\000\000\000\000\000""; queryDepth: 3; ","itype: liTS_CANDIDATE; ledgerHash: ""\334~\226\217To9\305K\273\251\310C\346\240\200y\255\257[\242\221\010\215\235<BXHG\345s""; nodeIDs: ""\000\000\000\000\000\000\000\000\000\000\000\000\000\000\000\000\000\000\000\000\000\000\000\000\000\000\000\000\000\000\000\000\000""; queryDepth: 3; "
1750534077086,1750534077086,657,1,4,2,TMProposeSet,"proposeSeq: 0; currentTxHash: ""\334~\226\217To9\305K\273\251\310C\346\240\200y\255\257[\242\221\010\215\235<BXHG\345s""; nodePubKey: ""\003)\036\227\370\t\264\235\206\317\234B\n\230/\375\257\335fo\253d\026_\357K\336\020\302\356\323\222\376""; closeTime: 803849276; signature: ""0E\002!\000\343i1\252j\252\t)\207\2623\032:\243'\003\013?U\244\326\34123\353S\337\033\227\354N\340\002 -\254<\245\204\312e\322g\204+\206k\203\274+KQ\354\273-\023\\262\231Vy~Gv\240\241""; previousledger: ""J:\r\252\311\206\246\024\266\316^\037\202\007\350j&@r\370\202\254\005\212\230<\357\242\216\001\030\235""; ","proposeSeq: 0; currentTxHash: ""\334~\226\217To9\305K\273\251\310C\346\240\200y\255\257[\242\221\010\215\235<BXHG\345s""; nodePubKey: ""\003)\036\227\370\t\264\235\206\317\234B\n\230/\375\257\335fo\253d\026_\357K\336\020\302\356\323\222\376""; closeTime: 803849276; signature: ""0E\002!\000\343i1\252j\252\t)\207\2623\032:\243'\003\013?U\244\326\34123\353S\337\033\227\354N\340\002 -\254<\245\204\312e\322g\204+\206k\203\274+KQ\354\273-\023\\262\231Vy~Gv\240\241""; previousledger: ""J:\r\252\311\206\246\024\266\316^\037\202\007\350j&@r\370\202\254\005\212\230<\357\242\216\001\030\235""; "
1750534077085,1750534077085,2873,1,4,0,TMGetLedger,"itype: liTS_CANDIDATE; ledgerHash: ""\334~\226\217To9\305K\273\251\310C\346\240\200y\255\257[\242\221\010\215\235<BXHG\345s""; nodeIDs: ""\000\000\000\000\000\000\000\000\000\000\000\000\000\000\000\000\000\000\000\000\000\000\000\000\000\000\000\000\000\000\000\000\000""; queryDepth: 3; ","itype: liTS_CANDIDATE; ledgerHash: ""\334~\226\217To9\305K\273\251\310C\346\240\200y\255\257[\242\221\010\215\235<BXHG\345s""; nodeIDs: ""\000\000\000\000\000\000\000\000\000\000\000\000\000\000\000\000\000\000\000\000\000\000\000\000\000\000\000\000\000\000\000\000\000""; queryDepth: 3; "
1750534077111,1750534077111,2058,1,3,0,TMValidation,"validation: """"\200\000\000\001&\000\000\000\004)/\351\304;:\001\317\351\3603A\3522QJ:\r\252\311\206\246\024\266\316^\037\202\007\350j&@r\370\202\254\005\212\230<\357\242\216\001\030\235P\027\000\000\000\000\000\000\000\000\000\000\000\000\000\000\000\000\000\000\000\000\000\000\000\000\000\000\000\000\000\000\000\000P\031\264\245)G\023\327P\311\336[\273\333d\336I\305\256\302\316\214\303'\253!\303]\007\314T\207!3s!\003)\036\227\370\t\264\235\206\317\234B\n\230/\375\257\335fo\253d\026_\357K\336\020\302\356\323\222\376vF0D\002 \037&H[\036o\r\304\364 /\027s\251\302\336\340O}I\024)7vebh\276\243e\002\215\002 \031\353// \316\304\230pbMBY\017EPq\315X\002\372\320\314\200\365\3066!\364R9\353""; ","validation: """"\200\000\000\001&\000\000\000\004)/\351\304;:\001\317\351\3603A\3522QJ:\r\252\311\206\246\024\266\316^\037\202\007\350j&@r\370\202\254\005\212\230<\357\242\216\001\030\235P\027\000\000\000\000\000\000\000\000\000\000\000\000\000\000\000\000\000\000\000\000\000\000\000\000\000\000\000\000\000\000\000\000P\031\264\245)G\023\327P\311\336[\273\333d\336I\305\256\302\316\214\303'\253!\303]\007\314T\207!3s!\003)\036\227\370\t\264\235\206\317\234B\n\230/\375\257\335fo\253d\026_\357K\336\020\302\356\323\222\376vF0D\002 \037&H[\036o\r\304\364 /\027s\251\302\336\340O}I\024)7vebh\276\243e\002\215\002 \031\353// \316\304\230pbMBY\017EPq\315X\002\372\320\314\200\365\3066!\364R9\353""; "
1750534077112,1750534077112,3677,1,3,4,TMValidation,"validation: """"\200\000\000\001&\000\000\000\004)/\351\304;:\001\317\351\3603A\3522QJ:\r\252\311\206\246\024\266\316^\037\202\007\350j&@r\370\202\254\005\212\230<\357\242\216\001\030\235P\027\000\000\000\000\000\000\000\000\000\000\000\000\000\000\000\000\000\000\000\000\000\000\000\000\000\000\000\000\000\000\000\000P\031\264\245)G\023\327P\311\336[\273\333d\336I\305\256\302\316\214\303'\253!\303]\007\314T\207!3s!\003)\036\227\370\t\264\235\206\317\234B\n\230/\375\257\335fo\253d\026_\357K\336\020\302\356\323\222\376vF0D\002 \037&H[\036o\r\304\364 /\027s\251\302\336\340O}I\024)7vebh\276\243e\002\215\002 \031\353// \316\304\230pbMBY\017EPq\315X\002\372\320\314\200\365\3066!\364R9\353""; ","validation: """"\200\000\000\001&\000\000\000\004)/\351\304;:\001\317\351\3603A\3522QJ:\r\252\311\206\246\024\266\316^\037\202\007\350j&@r\370\202\254\005\212\230<\357\242\216\001\030\235P\027\000\000\000\000\000\000\000\000\000\000\000\000\000\000\000\000\000\000\000\000\000\000\000\000\000\000\000\000\000\000\000\000P\031\264\245)G\023\327P\311\336[\273\333d\336I\305\256\302\316\214\303'\253!\303]\007\314T\207!3s!\003)\036\227\370\t\264\235\206\317\234B\n\230/\375\257\335fo\253d\026_\357K\336\020\302\356\323\222\376vF0D\002 \037&H[\036o\r\304\364 /\027s\251\302\336\340O}I\024)7vebh\276\243e\002\215\002 \031\353// \316\304\230pbMBY\017EPq\315X\002\372\320\314\200\365\3066!\364R9\353""; "
1750534077111,1750534077112,3709,1,3,2,TMValidation,"validation: """"\200\000\000\001&\000\000\000\004)/\351\304;:\001\317\351\3603A\3522QJ:\r\252\311\206\246\024\266\316^\037\202\007\350j&@r\370\202\254\005\212\230<\357\242\216\001\030\235P\027\000\000\000\000\000\000\000\000\000\000\000\000\000\000\000\000\000\000\000\000\000\000\000\000\000\000\000\000\000\000\000\000P\031\264\245)G\023\327P\311\336[\273\333d\336I\305\256\302\316\214\303'\253!\303]\007\314T\207!3s!\003)\036\227\370\t\264\235\206\317\234B\n\230/\375\257\335fo\253d\026_\357K\336\020\302\356\323\222\376vF0D\002 \037&H[\036o\r\304\364 /\027s\251\302\336\340O}I\024)7vebh\276\243e\002\215\002 \031\353// \316\304\230pbMBY\017EPq\315X\002\372\320\314\200\365\3066!\364R9\353""; ","validation: """"\200\000\000\001&\000\000\000\004)/\351\304;:\001\317\351\3603A\3522QJ:\r\252\311\206\246\024\266\316^\037\202\007\350j&@r\370\202\254\005\212\230<\357\242\216\001\030\235P\027\000\000\000\000\000\000\000\000\000\000\000\000\000\000\000\000\000\000\000\000\000\000\000\000\000\000\000\000\000\000\000\000P\031\264\245)G\023\327P\311\336[\273\333d\336I\305\256\302\316\214\303'\253!\303]\007\314T\207!3s!\003)\036\227\370\t\264\235\206\317\234B\n\230/\375\257\335fo\253d\026_\357K\336\020\302\356\323\222\376vF0D\002 \037&H[\036o\r\304\364 /\027s\251\302\336\340O}I\024)7vebh\276\243e\002\215\002 \031\353// \316\304\230pbMBY\017EPq\315X\002\372\320\314\200\365\3066!\364R9\353""; "
1750534077126,1750534077126,3949,1,4,3,TMProposeSet,"proposeSeq: 0; currentTxHash: ""\334~\226\217To9\305K\273\251\310C\346\240\200y\255\257[\242\221\010\215\235<BXHG\345s""; nodePubKey: ""\003)\036\227\370\t\264\235\206\317\234B\n\230/\375\257\335fo\253d\026_\357K\336\020\302\356\323\222\376""; closeTime: 803849276; signature: ""0E\002!\000\343i1\252j\252\t)\207\2623\032:\243'\003\013?U\244\326\34123\353S\337\033\227\354N\340\002 -\254<\245\204\312e\322g\204+\206k\203\274+KQ\354\273-\023\\262\231Vy~Gv\240\241""; previousledger: ""J:\r\252\311\206\246\024\266\316^\037\202\007\350j&@r\370\202\254\005\212\230<\357\242\216\001\030\235""; ","proposeSeq: 0; currentTxHash: ""\334~\226\217To9\305K\273\251\310C\346\240\200y\255\257[\242\221\010\215\235<BXHG\345s""; nodePubKey: ""\003)\036\227\370\t\264\235\206\317\234B\n\230/\375\257\335fo\253d\026_\357K\336\020\302\356\323\222\376""; closeTime: 803849276; signature: ""0E\002!\000\343i1\252j\252\t)\207\2623\032:\243'\003\013?U\244\326\34123\353S\337\033\227\354N\340\002 -\254<\245\204\312e\322g\204+\206k\203\274+KQ\354\273-\023\\262\231Vy~Gv\240\241""; previousledger: ""J:\r\252\311\206\246\024\266\316^\037\202\007\350j&@r\370\202\254\005\212\230<\357\242\216\001\030\235""; "
1750534077206,1750534077206,1412,1,1,3,TMValidation,"validation: """"\200\000\000\001&\000\000\000\004)/\351\304<:\2127%d\216O\2029QJ:\r\252\311\206\246\024\266\316^\037\202\007\350j&@r\370\202\254\005\212\230<\357\242\216\001\030\235P\027\000\000\000\000\000\000\000\000\000\000\000\000\000\000\000\000\000\000\000\000\000\000\000\000\000\000\000\000\000\000\000\000P\031\264\245)G\023\327P\311\336[\273\333d\336I\305\256\302\316\214\303'\253!\303]\007\314T\207!3s!\003\241q\201\005c\265\003\367~\267xq\264\m_\310U\235\3644\246\306\345#""\246\274'%\251)vG0E\002!\000\257\037\306\246\221\356\027\350{6\375\207\271\rP\306\253\262\205\247\010\220\350\256*9\224#\363\033\374\267\002 -\232\213&\261QF\027B70\250\361\316\246\310\234t\020\275I\204\344]Rb\002\351D\336S_""; ","validation: """"\200\000\000\001&\000\000\000\004)/\351\304<:\2127%d\216O\2029QJ:\r\252\311\206\246\024\266\316^\037\202\007\350j&@r\370\202\254\005\212\230<\357\242\216\001\030\235P\027\000\000\000\000\000\000\000\000\000\000\000\000\000\000\000\000\000\000\000\000\000\000\000\000\000\000\000\000\000\000\000\000P\031\264\245)G\023\327P\311\336[\273\333d\336I\305\256\302\316\214\303'\253!\303]\007\314T\207!3s!\003\241q\201\005c\265\003\367~\267xq\264\m_\310U\235\3644\246\306\345#""\246\274'%\251)vG0E\002!\000\257\037\306\246\221\356\027\350{6\375\207\271\rP\306\253\262\205\247\010\220\350\256*9\224#\363\033\374\267\002 -\232\213&\261QF\027B70\250\361\316\246\310\234t\020\275I\204\344]Rb\002\351D\336S_""; "
1750534077206,1750534077206,3986,1,1,2,TMValidation,"validation: """"\200\000\000\001&\000\000\000\004)/\351\304<:\2127%d\216O\2029QJ:\r\252\311\206\246\024\266\316^\037\202\007\350j&@r\370\202\254\005\212\230<\357\242\216\001\030\235P\027\000\000\000\000\000\000\000\000\000\000\000\000\000\000\000\000\000\000\000\000\000\000\000\000\000\000\000\000\000\000\000\000P\031\264\245)G\023\327P\311\336[\273\333d\336I\305\256\302\316\214\303'\253!\303]\007\314T\207!3s!\003\241q\201\005c\265\003\367~\267xq\264\m_\310U\235\3644\246\306\345#""\246\274'%\251)vG0E\002!\000\257\037\306\246\221\356\027\350{6\375\207\271\rP\306\253\262\205\247\010\220\350\256*9\224#\363\033\374\267\002 -\232\213&\261QF\027B70\250\361\316\246\310\234t\020\275I\204\344]Rb\002\351D\336S_""; ","validation: """"\200\000\000\001&\000\000\000\004)/\351\304<:\2127%d\216O\2029QJ:\r\252\311\206\246\024\266\316^\037\202\007\350j&@r\370\202\254\005\212\230<\357\242\216\001\030\235P\027\000\000\000\000\000\000\000\000\000\000\000\000\000\000\000\000\000\000\000\000\000\000\000\000\000\000\000\000\000\000\000\000P\031\264\245)G\023\327P\311\336[\273\333d\336I\305\256\302\316\214\303'\253!\303]\007\314T\207!3s!\003\241q\201\005c\265\003\367~\267xq\264\m_\310U\235\3644\246\306\345#""\246\274'%\251)vG0E\002!\000\257\037\306\246\221\356\027\350{6\375\207\271\rP\306\253\262\205\247\010\220\350\256*9\224#\363\033\374\267\002 -\232\213&\261QF\027B70\250\361\316\246\310\234t\020\275I\204\344]Rb\002\351D\336S_""; "
1750534077206,1750534077206,1959,1,1,4,TMValidation,"validation: """"\200\000\000\001&\000\000\000\004)/\351\304<:\2127%d\216O\2029QJ:\r\252\311\206\246\024\266\316^\037\202\007\350j&@r\370\202\254\005\212\230<\357\242\216\001\030\235P\027\000\000\000\000\000\000\000\000\000\000\000\000\000\000\000\000\000\000\000\000\000\000\000\000\000\000\000\000\000\000\000\000P\031\264\245)G\023\327P\311\336[\273\333d\336I\305\256\302\316\214\303'\253!\303]\007\314T\207!3s!\003\241q\201\005c\265\003\367~\267xq\264\m_\310U\235\3644\246\306\345#""\246\274'%\251)vG0E\002!\000\257\037\306\246\221\356\027\350{6\375\207\271\rP\306\253\262\205\247\010\220\350\256*9\224#\363\033\374\267\002 -\232\213&\261QF\027B70\250\361\316\246\310\234t\020\275I\204\344]Rb\002\351D\336S_""; ","validation: """"\200\000\000\001&\000\000\000\004)/\351\304<:\2127%d\216O\2029QJ:\r\252\311\206\246\024\266\316^\037\202\007\350j&@r\370\202\254\005\212\230<\357\242\216\001\030\235P\027\000\000\000\000\000\000\000\000\000\000\000\000\000\000\000\000\000\000\000\000\000\000\000\000\000\000\000\000\000\000\000\000P\031\264\245)G\023\327P\311\336[\273\333d\336I\305\256\302\316\214\303'\253!\303]\007\314T\207!3s!\003\241q\201\005c\265\003\367~\267xq\264\m_\310U\235\3644\246\306\345#""\246\274'%\251)vG0E\002!\000\257\037\306\246\221\356\027\350{6\375\207\271\rP\306\253\262\205\247\010\220\350\256*9\224#\363\033\374\267\002 -\232\213&\261QF\027B70\250\361\316\246\310\234t\020\275I\204\344]Rb\002\351D\336S_""; "
1750534077334,1750534077334,3502,1,4,1,TMGetLedger,"itype: liTS_CANDIDATE; ledgerHash: ""\334~\226\217To9\305K\273\251\310C\346\240\200y\255\257[\242\221\010\215\235<BXHG\345s""; nodeIDs: ""\000\000\000\000\000\000\000\000\000\000\000\000\000\000\000\000\000\000\000\000\000\000\000\000\000\000\000\000\000\000\000\000\000""; queryType: qtINDIRECT; queryDepth: 3; ","itype: liTS_CANDIDATE; ledgerHash: ""\334~\226\217To9\305K\273\251\310C\346\240\200y\255\257[\242\221\010\215\235<BXHG\345s""; nodeIDs: ""\000\000\000\000\000\000\000\000\000\000\000\000\000\000\000\000\000\000\000\000\000\000\000\000\000\000\000\000\000\000\000\000\000""; queryType: qtINDIRECT; queryDepth: 3; "
1750534077341,1750534077342,1595,1,3,4,TMTransaction,"rawTransaction: ""\022\000\000""\000\000\000\000$\000\000\000\001 \033\000\000\000\027a@\000\000\027H\206*@h@\000\000\000\000\000\000\ns!\0030\347\374\235V\273%\326\211;\243\363\027\256[\3173\263)\033\326=\263&T\243\023""/\177\320 tG0E\002!\000\303\032hdq\207\324~|{\251\221\300\007\014\014\273\234\237\252\301\256V\312a\315|h\216\374\022\335\002 <\023\246\007\372*\264\203\255h@\273\374^\315\032\0210\346\2356s\317T\233\320rS*[/F\201\024\265\367by\212S\325C\240\024\312\370\262\227\317\370\362\3717\350\203\024\300@\251.\340>\356w\245\353E\302\237.g\324\331\306\220+""; status: tsCURRENT; receiveTimestamp: 803849277; deferred: false; ","rawTransaction: ""\022\000\000""\000\000\000\000$\000\000\000\001 \033\000\000\000\027a@\000\000\027H\206*@h@\000\000\000\000\000\000\ns!\0030\347\374\235V\273%\326\211;\243\363\027\256[\3173\263)\033\326=\263&T\243\023""/\177\320 tG0E\002!\000\303\032hdq\207\324~|{\251\221\300\007\014\014\273\234\237\252\301\256V\312a\315|h\216\374\022\335\002 <\023\246\007\372*\264\203\255h@\273\374^\315\032\0210\346\2356s\317T\233\320rS*[/F\201\024\265\367by\212S\325C\240\024\312\370\262\227\317\370\362\3717\350\203\024\300@\251.\340>\356w\245\353E\302\237.g\324\331\306\220+""; status: tsCURRENT; receiveTimestamp: 803849277; deferred: false; "
1750534077341,1750534077343,14,1,3,2,TMTransaction,"rawTransaction: ""\022\000\000""\000\000\000\000$\000\000\000\001 \033\000\000\000\027a@\000\000\027H\206*@h@\000\000\000\000\000\000\ns!\0030\347\374\235V\273%\326\211;\243\363\027\256[\3173\263)\033\326=\263&T\243\023""/\177\320 tG0E\002!\000\303\032hdq\207\324~|{\251\221\300\007\014\014\273\234\237\252\301\256V\312a\315|h\216\374\022\335\002 <\023\246\007\372*\264\203\255h@\273\374^\315\032\0210\346\2356s\317T\233\320rS*[/F\201\024\265\367by\212S\325C\240\024\312\370\262\227\317\370\362\3717\350\203\024\300@\251.\340>\356w\245\353E\302\237.g\324\331\306\220+""; status: tsCURRENT; receiveTimestamp: 803849277; deferred: false; ","rawTransaction: ""\022\000\000""\000\000\000\000$\000\000\000\001 \033\000\000\000\027a@\000\000\027H\206*@h@\000\000\000\000\000\000\ns!\0030\347\374\235V\273%\326\211;\243\363\027\256[\3173\263)\033\326=\263&T\243\023""/\177\320 tG0E\002!\000\303\032hdq\207\324~|{\251\221\300\007\014\014\273\234\237\252\301\256V\312a\315|h\216\374\022\335\002 <\023\246\007\372*\264\203\255h@\273\374^\315\032\0210\346\2356s\317T\233\320rS*[/F\201\024\265\367by\212S\325C\240\024\312\370\262\227\317\370\362\3717\350\203\024\300@\251.\340>\356w\245\353E\302\237.g\324\331\306\220+""; status: tsCURRENT; receiveTimestamp: 803849277; deferred: false; "
1750534077342,1750534077343,408,1,3,0,TMTransaction,"rawTransaction: ""\022\000\000""\000\000\000\000$\000\000\000\001 \033\000\000\000\027a@\000\000\027H\206*@h@\000\000\000\000\000\000\ns!\0030\347\374\235V\273%\326\211;\243\363\027\256[\3173\263)\033\326=\263&T\243\023""/\177\320 tG0E\002!\000\303\032hdq\207\324~|{\251\221\300\007\014\014\273\234\237\252\301\256V\312a\315|h\216\374\022\335\002 <\023\246\007\372*\264\203\255h@\273\374^\315\032\0210\346\2356s\317T\233\320rS*[/F\201\024\265\367by\212S\325C\240\024\312\370\262\227\317\370\362\3717\350\203\024\300@\251.\340>\356w\245\353E\302\237.g\324\331\306\220+""; status: tsCURRENT; receiveTimestamp: 803849277; deferred: false; ","rawTransaction: ""\022\000\000""\000\000\000\000$\000\000\000\001 \033\000\000\000\027a@\000\000\027H\206*@h@\000\000\000\000\000\000\ns!\0030\347\374\235V\273%\326\211;\243\363\027\256[\3173\263)\033\326=\263&T\243\023""/\177\320 tG0E\002!\000\303\032hdq\207\324~|{\251\221\300\007\014\014\273\234\237\252\301\256V\312a\315|h\216\374\022\335\002 <\023\246\007\372*\264\203\255h@\273\374^\315\032\0210\346\2356s\317T\233\320rS*[/F\201\024\265\367by\212S\325C\240\024\312\370\262\227\317\370\362\3717\350\203\024\300@\251.\340>\356w\245\353E\302\237.g\324\331\306\220+""; status: tsCURRENT; receiveTimestamp: 803849277; deferred: false; "
1750534077361,1750534077362,3677,1,3,4,TMValidation,"validation: """"\200\000\000\001&\000\000\000\004)/\351\304;:7\006\273IhO\034\261QJ:\r\252\311\206\246\024\266\316^\037\202\007\350j&@r\370\202\254\005\212\230<\357\242\216\001\030\235P\027\000\000\000\000\000\000\000\000\000\000\000\000\000\000\000\000\000\000\000\000\000\000\000\000\000\000\000\000\000\000\000\000P\031\264\245)G\023\327P\311\336[\273\333d\336I\305\256\302\316\214\303'\253!\303]\007\314T\207!3s!\002\227gv\346\003n\232f\264\2224\366\324\341o\5\217J\337\2771q\223O\025\217G8\235\301fvG0E\002!\000\226\033!><Mb\240\316\371Z-[\204\313vb\350\305\007\237$\314\212F\2479T\322\004""\266\002 .k\255\3707\231s\265\274\366\234\024\333J\310\215\340\360D\245I\266qB\363\220\353\250u\010\250\257""; ","validation: """"\200\000\000\001&\000\000\000\004)/\351\304;:7\006\273IhO\034\261QJ:\r\252\311\206\246\024\266\316^\037\202\007\350j&@r\370\202\254\005\212\230<\357\242\216\001\030\235P\027\000\000\000\000\000\000\000\000\000\000\000\000\000\000\000\000\000\000\000\000\000\000\000\000\000\000\000\000\000\000\000\000P\031\264\245)G\023\327P\311\336[\273\333d\336I\305\256\302\316\214\303'\253!\303]\007\314T\207!3s!\002\227gv\346\003n\232f\264\2224\366\324\341o\5\217J\337\2771q\223O\025\217G8\235\301fvG0E\002!\000\226\033!><Mb\240\316\371Z-[\204\313vb\350\305\007\237$\314\212F\2479T\322\004""\266\002 .k\255\3707\231s\265\274\366\234\024\333J\310\215\340\360D\245I\266qB\363\220\353\250u\010\250\257""; "
1750534077362,1750534077363,2058,1,3,0,TMValidation,"validation: """"\200\000\000\001&\000\000\000\004)/\351\304;:7\006\273IhO\034\261QJ:\r\252\311\206\246\024\266\316^\037\202\007\350j&@r\370\202\254\005\212\230<\357\242\216\001\030\235P\027\000\000\000\000\000\000\000\000\000\000\000\000\000\000\000\000\000\000\000\000\000\000\000\000\000\000\000\000\000\000\000\000P\031\264\245)G\023\327P\311\336[\273\333d\336I\305\256\302\316\214\303'\253!\303]\007\314T\207!3s!\002\227gv\346\003n\232f\264\2224\366\324\341o\5\217J\337\2771q\223O\025\217G8\235\301fvG0E\002!\000\226\033!><Mb\240\316\371Z-[\204\313vb\350\305\007\237$\314\212F\2479T\322\004""\266\002 .k\255\3707\231s\265\274\366\234\024\333J\310\215\340\360D\245I\266qB\363\220\353\250u\010\250\257""; ","validation: """"\200\000\000\001&\000\000\000\004)/\351\304;:7\006\273IhO\034\261QJ:\r\252\311\206\246\024\266\316^\037\202\007\350j&@r\370\202\254\005\212\230<\357\242\216\001\030\235P\027\000\000\000\000\000\000\000\000\000\000\000\000\000\000\000\000\000\000\000\000\000\000\000\000\000\000\000\000\000\000\000\000P\031\264\245)G\023\327P\311\336[\273\333d\336I\305\256\302\316\214\303'\253!\303]\007\314T\207!3s!\002\227gv\346\003n\232f\264\2224\366\324\341o\5\217J\337\2771q\223O\025\217G8\235\301fvG0E\002!\000\226\033!><Mb\240\316\371Z-[\204\313vb\350\305\007\237$\314\212F\2479T\322\004""\266\002 .k\255\3707\231s\265\274\366\234\024\333J\310\215\340\360D\245I\266qB\363\220\353\250u\010\250\257""; "
1750534077363,1750534077363,3709,1,3,2,TMValidation,"validation: """"\200\000\000\001&\000\000\000\004)/\351\304;:7\006\273IhO\034\261QJ:\r\252\311\206\246\024\266\316^\037\202\007\350j&@r\370\202\254\005\212\230<\357\242\216\001\030\235P\027\000\000\000\000\000\000\000\000\000\000\000\000\000\000\000\000\000\000\000\000\000\000\000\000\000\000\000\000\000\000\000\000P\031\264\245)G\023\327P\311\336[\273\333d\336I\305\256\302\316\214\303'\253!\303]\007\314T\207!3s!\002\227gv\346\003n\232f\264\2224\366\324\341o\5\217J\337\2771q\223O\025\217G8\235\301fvG0E\002!\000\226\033!><Mb\240\316\371Z-[\204\313vb\350\305\007\237$\314\212F\2479T\322\004""\266\002 .k\255\3707\231s\265\274\366\234\024\333J\310\215\340\360D\245I\266qB\363\220\353\250u\010\250\257""; ","validation: """"\200\000\000\001&\000\000\000\004)/\351\304;:7\006\273IhO\034\261QJ:\r\252\311\206\246\024\266\316^\037\202\007\350j&@r\370\202\254\005\212\230<\357\242\216\001\030\235P\027\000\000\000\000\000\000\000\000\000\000\000\000\000\000\000\000\000\000\000\000\000\000\000\000\000\000\000\000\000\000\000\000P\031\264\245)G\023\327P\311\336[\273\333d\336I\305\256\302\316\214\303'\253!\303]\007\314T\207!3s!\002\227gv\346\003n\232f\264\2224\366\324\341o\5\217J\337\2771q\223O\025\217G8\235\301fvG0E\002!\000\226\033!><Mb\240\316\371Z-[\204\313vb\350\305\007\237$\314\212F\2479T\322\004""\266\002 .k\255\3707\231s\265\274\366\234\024\333J\310\215\340\360D\245I\266qB\363\220\353\250u\010\250\257""; "
1750534077400,1750534077400,1643,1,2,4,TMProposeSet,"proposeSeq: 0; currentTxHash: ""N*\343\035DQ\037\327\260\207=\214\227\252\244\265\245\321\265v\200dSd\365\213|\n\352S\362\370""; nodePubKey: ""\002\031\356p7g\301C\213'\252;p\007\211\345G\223\330\261\277\313\310Pm\016p|\376\310\342\020\261""; closeTime: 803849277; signature: ""0E\002!\000\246j\302\206y\005\366\356\2608\345\324\227d,?\030\302+\243\2732/y\341R\322wWS\236\030\002 \0040\345x9s\243n\200\215x\n\227\206\367\370\003bs\222,\003\303\001`\017\332\224\\017W\200""; previousledger: ""J:\r\252\311\206\246\024\266\316^\037\202\007\350j&@r\370\202\254\005\212\230<\357\242\216\001\030\235""; ","proposeSeq: 0; currentTxHash: ""N*\343\035DQ\037\327\260\207=\214\227\252\244\265\245\321\265v\200dSd\365\213|\n\352S\362\370""; nodePubKey: ""\002\031\356p7g\301C\213'\252;p\007\211\345G\223\330\261\277\313\310Pm\016p|\376\310\342\020\261""; closeTime: 803849277; signature: ""0E\002!\000\246j\302\206y\005\366\356\2608\345\324\227d,?\030\302+\243\2732/y\341R\322wWS\236\030\002 \0040\345x9s\243n\200\215x\n\227\206\367\370\003bs\222,\003\303\001`\017\332\224\\017W\200""; previousledger: ""J:\r\252\311\206\246\024\266\316^\037\202\007\350j&@r\370\202\254\005\212\230<\357\242\216\001\030\235""; "
1750534077402,1750534077402,606,1,2,3,TMProposeSet,"proposeSeq: 0; currentTxHash: ""N*\343\035DQ\037\327\260\207=\214\227\252\244\265\245\321\265v\200dSd\365\213|\n\352S\362\370""; nodePubKey: ""\002\031\356p7g\301C\213'\252;p\007\211\345G\223\330\261\277\313\310Pm\016p|\376\310\342\020\261""; closeTime: 803849277; signature: ""0E\002!\000\246j\302\206y\005\366\356\2608\345\324\227d,?\030\302+\243\2732/y\341R\322wWS\236\030\002 \0040\345x9s\243n\200\215x\n\227\206\367\370\003bs\222,\003\303\001`\017\332\224\\017W\200""; previousledger: ""J:\r\252\311\206\246\024\266\316^\037\202\007\350j&@r\370\202\254\005\212\230<\357\242\216\001\030\235""; ","proposeSeq: 0; currentTxHash: ""N*\343\035DQ\037\327\260\207=\214\227\252\244\265\245\321\265v\200dSd\365\213|\n\352S\362\370""; nodePubKey: ""\002\031\356p7g\301C\213'\252;p\007\211\345G\223\330\261\277\313\310Pm\016p|\376\310\342\020\261""; closeTime: 803849277; signature: ""0E\002!\000\246j\302\206y\005\366\356\2608\345\324\227d,?\030\302+\243\2732/y\341R\322wWS\236\030\002 \0040\345x9s\243n\200\215x\n\227\206\367\370\003bs\222,\003\303\001`\017\332\224\\017W\200""; previousledger: ""J:\r\252\311\206\246\024\266\316^\037\202\007\350j&@r\370\202\254\005\212\230<\357\242\216\001\030\235""; "
1750534077403,1750534077403,2437,1,2,4,TMHaveTransactionSet,"status: tsHAVE; hash: ""N*\343\035DQ\037\327\260\207=\214\227\252\244\265\245\321\265v\200dSd\365\213|\n\352S\362\370""; ","status: tsHAVE; hash: ""N*\343\035DQ\037\327\260\207=\214\227\252\244\265\245\321\265v\200dSd\365\213|\n\352S\362\370""; "
1750534077403,1750534077403,469,1,2,3,TMHaveTransactionSet,"status: tsHAVE; hash: ""N*\343\035DQ\037\327\260\207=\214\227\252\244\265\245\321\265v\200dSd\365\213|\n\352S\362\370""; ","status: tsHAVE; hash: ""N*\343\035DQ\037\327\260\207=\214\227\252\244\265\245\321\265v\200dSd\365\213|\n\352S\362\370""; "
1750534077405,1750534077405,10,1,2,0,TMHaveTransactionSet,"status: tsHAVE; hash: ""N*\343\035DQ\037\327\260\207=\214\227\252\244\265\245\321\265v\200dSd\365\213|\n\352S\362\370""; ","status: tsHAVE; hash: ""N*\343\035DQ\037\327\260\207=\214\227\252\244\265\245\321\265v\200dSd\365\213|\n\352S\362\370""; "
1750534077406,1750534077406,2401,1,2,0,TMProposeSet,"proposeSeq: 0; currentTxHash: ""N*\343\035DQ\037\327\260\207=\214\227\252\244\265\245\321\265v\200dSd\365\213|\n\352S\362\370""; nodePubKey: ""\002\031\356p7g\301C\213'\252;p\007\211\345G\223\330\261\277\313\310Pm\016p|\376\310\342\020\261""; closeTime: 803849277; signature: ""0E\002!\000\246j\302\206y\005\366\356\2608\345\324\227d,?\030\302+\243\2732/y\341R\322wWS\236\030\002 \0040\345x9s\243n\200\215x\n\227\206\367\370\003bs\222,\003\303\001`\017\332\224\\017W\200""; previousledger: ""J:\r\252\311\206\246\024\266\316^\037\202\007\350j&@r\370\202\254\005\212\230<\357\242\216\001\030\235""; ","proposeSeq: 0; currentTxHash: ""N*\343\035DQ\037\327\260\207=\214\227\252\244\265\245\321\265v\200dSd\365\213|\n\352S\362\370""; nodePubKey: ""\002\031\356p7g\301C\213'\252;p\007\211\345G\223\330\261\277\313\310Pm\016p|\376\310\342\020\261""; closeTime: 803849277; signature: ""0E\002!\000\246j\302\206y\005\366\356\2608\345\324\227d,?\030\302+\243\2732/y\341R\322wWS\236\030\002 \0040\345x9s\243n\200\215x\n\227\206\367\370\003bs\222,\003\303\001`\017\332\224\\017W\200""; previousledger: ""J:\r\252\311\206\246\024\266\316^\037\202\007\350j&@r\370\202\254\005\212\230<\357\242\216\001\030\235""; "
1750534077440,1750534077440,654,1,0,1,TMGetLedger,"itype: liTS_CANDIDATE; ledgerHash: ""\334~\226\217To9\305K\273\251\310C\346\240\200y\255\257[\242\221\010\215\235<BXHG\345s""; nodeIDs: ""\000\000\000\000\000\000\000\000\000\000\000\000\000\000\000\000\000\000\000\000\000\000\000\000\000\000\000\000\000\000\000\000\000""; queryDepth: 3; ","itype: liTS_CANDIDATE; ledgerHash: ""\334~\226\217To9\305K\273\251\310C\346\240\200y\255\257[\242\221\010\215\235<BXHG\345s""; nodeIDs: ""\000\000\000\000\000\000\000\000\000\000\000\000\000\000\000\000\000\000\000\000\000\000\000\000\000\000\000\000\000\000\000\000\000""; queryDepth: 3; "
1750534077441,1750534077441,3754,1,0,4,TMProposeSet,"proposeSeq: 0; currentTxHash: ""\334~\226\217To9\305K\273\251\310C\346\240\200y\255\257[\242\221\010\215\235<BXHG\345s""; nodePubKey: ""\003)\036\227\370\t\264\235\206\317\234B\n\230/\375\257\335fo\253d\026_\357K\336\020\302\356\323\222\376""; closeTime: 803849276; signature: ""0E\002!\000\343i1\252j\252\t)\207\2623\032:\243'\003\013?U\244\326\34123\353S\337\033\227\354N\340\002 -\254<\245\204\312e\322g\204+\206k\203\274+KQ\354\273-\023\\262\231Vy~Gv\240\241""; previousledger: ""J:\r\252\311\206\246\024\266\316^\037\202\007\350j&@r\370\202\254\005\212\230<\357\242\216\001\030\235""; ","proposeSeq: 0; currentTxHash: ""\334~\226\217To9\305K\273\251\310C\346\240\200y\255\257[\242\221\010\215\235<BXHG\345s""; nodePubKey: ""\003)\036\227\370\t\264\235\206\317\234B\n\230/\375\257\335fo\253d\026_\357K\336\020\302\356\323\222\376""; closeTime: 803849276; signature: ""0E\002!\000\343i1\252j\252\t)\207\2623\032:\243'\003\013?U\244\326\34123\353S\337\033\227\354N\340\002 -\254<\245\204\312e\322g\204+\206k\203\274+KQ\354\273-\023\\262\231Vy~Gv\240\241""; previousledger: ""J:\r\252\311\206\246\024\266\316^\037\202\007\350j&@r\370\202\254\005\212\230<\357\242\216\001\030\235""; "
1750534077442,1750534077442,2839,1,0,4,TMGetLedger,"itype: liTS_CANDIDATE; ledgerHash: ""\334~\226\217To9\305K\273\251\310C\346\240\200y\255\257[\242\221\010\215\235<BXHG\345s""; nodeIDs: ""\000\000\000\000\000\000\000\000\000\000\000\000\000\000\000\000\000\000\000\000\000\000\000\000\000\000\000\000\000\000\000\000\000""; queryDepth: 3; ","itype: liTS_CANDIDATE; ledgerHash: ""\334~\226\217To9\305K\273\251\310C\346\240\200y\255\257[\242\221\010\215\235<BXHG\345s""; nodeIDs: ""\000\000\000\000\000\000\000\000\000\000\000\000\000\000\000\000\000\000\000\000\000\000\000\000\000\000\000\000\000\000\000\000\000""; queryDepth: 3; "
1750534077442,1750534077442,2102,1,0,3,TMProposeSet,"proposeSeq: 0; currentTxHash: ""\334~\226\217To9\305K\273\251\310C\346\240\200y\255\257[\242\221\010\215\235<BXHG\345s""; nodePubKey: ""\003)\036\227\370\t\264\235\206\317\234B\n\230/\375\257\335fo\253d\026_\357K\336\020\302\356\323\222\376""; closeTime: 803849276; signature: ""0E\002!\000\343i1\252j\252\t)\207\2623\032:\243'\003\013?U\244\326\34123\353S\337\033\227\354N\340\002 -\254<\245\204\312e\322g\204+\206k\203\274+KQ\354\273-\023\\262\231Vy~Gv\240\241""; previousledger: ""J:\r\252\311\206\246\024\266\316^\037\202\007\350j&@r\370\202\254\005\212\230<\357\242\216\001\030\235""; ","proposeSeq: 0; currentTxHash: ""\334~\226\217To9\305K\273\251\310C\346\240\200y\255\257[\242\221\010\215\235<BXHG\345s""; nodePubKey: ""\003)\036\227\370\t\264\235\206\317\234B\n\230/\375\257\335fo\253d\026_\357K\336\020\302\356\323\222\376""; closeTime: 803849276; signature: ""0E\002!\000\343i1\252j\252\t)\207\2623\032:\243'\003\013?U\244\326\34123\353S\337\033\227\354N\340\002 -\254<\245\204\312e\322g\204+\206k\203\274+KQ\354\273-\023\\262\231Vy~Gv\240\241""; previousledger: ""J:\r\252\311\206\246\024\266\316^\037\202\007\350j&@r\370\202\254\005\212\230<\357\242\216\001\030\235""; "
1750534077443,1750534077443,2193,1,0,2,TMProposeSet,"proposeSeq: 0; currentTxHash: ""\334~\226\217To9\305K\273\251\310C\346\240\200y\255\257[\242\221\010\215\235<BXHG\345s""; nodePubKey: ""\003)\036\227\370\t\264\235\206\317\234B\n\230/\375\257\335fo\253d\026_\357K\336\020\302\356\323\222\376""; closeTime: 803849276; signature: ""0E\002!\000\343i1\252j\252\t)\207\2623\032:\243'\003\013?U\244\326\34123\353S\337\033\227\354N\340\002 -\254<\245\204\312e\322g\204+\206k\203\274+KQ\354\273-\023\\262\231Vy~Gv\240\241""; previousledger: ""J:\r\252\311\206\246\024\266\316^\037\202\007\350j&@r\370\202\254\005\212\230<\357\242\216\001\030\235""; ","proposeSeq: 0; currentTxHash: ""\334~\226\217To9\305K\273\251\310C\346\240\200y\255\257[\242\221\010\215\235<BXHG\345s""; nodePubKey: ""\003)\036\227\370\t\264\235\206\317\234B\n\230/\375\257\335fo\253d\026_\357K\336\020\302\356\323\222\376""; closeTime: 803849276; signature: ""0E\002!\000\343i1\252j\252\t)\207\2623\032:\243'\003\013?U\244\326\34123\353S\337\033\227\354N\340\002 -\254<\245\204\312e\322g\204+\206k\203\274+KQ\354\273-\023\\262\231Vy~Gv\240\241""; previousledger: ""J:\r\252\311\206\246\024\266\316^\037\202\007\350j&@r\370\202\254\005\212\230<\357\242\216\001\030\235""; "
1750534077443,1750534077443,1165,1,2,1,TMProposeSet,"proposeSeq: 0; currentTxHash: ""N*\343\035DQ\037\327\260\207=\214\227\252\244\265\245\321\265v\200dSd\365\213|\n\352S\362\370""; nodePubKey: ""\002\031\356p7g\301C\213'\252;p\007\211\345G\223\330\261\277\313\310Pm\016p|\376\310\342\020\261""; closeTime: 803849277; signature: ""0E\002!\000\246j\302\206y\005\366\356\2608\345\324\227d,?\030\302+\243\2732/y\341R\322wWS\236\030\002 \0040\345x9s\243n\200\215x\n\227\206\367\370\003bs\222,\003\303\001`\017\332\224\\017W\200""; previousledger: ""J:\r\252\311\206\246\024\266\316^\037\202\007\350j&@r\370\202\254\005\212\230<\357\242\216\001\030\235""; ","proposeSeq: 0; currentTxHash: ""N*\343\035DQ\037\327\260\207=\214\227\252\244\265\245\321\265v\200dSd\365\213|\n\352S\362\370""; nodePubKey: ""\002\031\356p7g\301C\213'\252;p\007\211\345G\223\330\261\277\313\310Pm\016p|\376\310\342\020\261""; closeTime: 803849277; signature: ""0E\002!\000\246j\302\206y\005\366\356\2608\345\324\227d,?\030\302+\243\2732/y\341R\322wWS\236\030\002 \0040\345x9s\243n\200\215x\n\227\206\367\370\003bs\222,\003\303\001`\017\332\224\\017W\200""; previousledger: ""J:\r\252\311\206\246\024\266\316^\037\202\007\350j&@r\370\202\254\005\212\230<\357\242\216\001\030\235""; "
1750534077443,1750534077443,950,1,2,1,TMHaveTransactionSet,"status: tsHAVE; hash: ""N*\343\035DQ\037\327\260\207=\214\227\252\244\265\245\321\265v\200dSd\365\213|\n\352S\362\370""; ","status: tsHAVE; hash: ""N*\343\035DQ\037\327\260\207=\214\227\252\244\265\245\321\265v\200dSd\365\213|\n\352S\362\370""; "
1750534077400,1750534077472,3634,1,2,4,TMStatusChange,"newEvent: neCLOSING_LEDGER; ledgerSeq: 4; ledgerHash: ""J:\r\252\311\206\246\024\266\316^\037\202\007\350j&@r\370\202\254\005\212\230<\357\242\216\001\030\235""; ledgerHashPrevious: ""\264\245)G\023\327P\311\336[\273\333d\336I\305\256\302\316\214\303'\253!\303]\007\314T\207!3""; networkTime: 803849277; firstSeq: 1; lastSeq: 4; ","newEvent: neCLOSING_LEDGER; ledgerSeq: 4; ledgerHash: ""J:\r\252\311\206\246\024\266\316^\037\202\007\350j&@r\370\202\254\005\212\230<\357\242\216\001\030\235""; ledgerHashPrevious: ""\264\245)G\023\327P\311\336[\273\333d\336I\305\256\302\316\214\303'\253!\303]\007\314T\207!3""; networkTime: 803849277; firstSeq: 1; lastSeq: 4; "
1750534077401,1750534077472,2100,1,2,3,TMStatusChange,"newEvent: neCLOSING_LEDGER; ledgerSeq: 4; ledgerHash: ""J:\r\252\311\206\246\024\266\316^\037\202\007\350j&@r\370\202\254\005\212\230<\357\242\216\001\030\235""; ledgerHashPrevious: ""\264\245)G\023\327P\311\336[\273\333d\336I\305\256\302\316\214\303'\253!\303]\007\314T\207!3""; networkTime: 803849277; firstSeq: 1; lastSeq: 4; ","newEvent: neCLOSING_LEDGER; ledgerSeq: 4; ledgerHash: ""J:\r\252\311\206\246\024\266\316^\037\202\007\350j&@r\370\202\254\005\212\230<\357\242\216\001\030\235""; ledgerHashPrevious: ""\264\245)G\023\327P\311\336[\273\333d\336I\305\256\302\316\214\303'\253!\303]\007\314T\207!3""; networkTime: 803849277; firstSeq: 1; lastSeq: 4; "
1750534077404,1750534077472,2653,1,2,0,TMStatusChange,"newEvent: neCLOSING_LEDGER; ledgerSeq: 4; ledgerHash: ""J:\r\252\311\206\246\024\266\316^\037\202\007\350j&@r\370\202\254\005\212\230<\357\242\216\001\030\235""; ledgerHashPrevious: ""\264\245)G\023\327P\311\336[\273\333d\336I\305\256\302\316\214\303'\253!\303]\007\314T\207!3""; networkTime: 803849277; firstSeq: 1; lastSeq: 4; ","newEvent: neCLOSING_LEDGER; ledgerSeq: 4; ledgerHash: ""J:\r\252\311\206\246\024\266\316^\037\202\007\350j&@r\370\202\254\005\212\230<\357\242\216\001\030\235""; ledgerHashPrevious: ""\264\245)G\023\327P\311\336[\273\333d\336I\305\256\302\316\214\303'\253!\303]\007\314T\207!3""; networkTime: 803849277; firstSeq: 1; lastSeq: 4; "
1750534077406,1750534077473,188,1,2,1,TMStatusChange,"newEvent: neCLOSING_LEDGER; ledgerSeq: 4; ledgerHash: ""J:\r\252\311\206\246\024\266\316^\037\202\007\350j&@r\370\202\254\005\212\230<\357\242\216\001\030\235""; ledgerHashPrevious: ""\264\245)G\023\327P\311\336[\273\333d\336I\305\256\302\316\214\303'\253!\303]\007\314T\207!3""; networkTime: 803849277; firstSeq: 1; lastSeq: 4; ","newEvent: neCLOSING_LEDGER; ledgerSeq: 4; ledgerHash: ""J:\r\252\311\206\246\024\266\316^\037\202\007\350j&@r\370\202\254\005\212\230<\357\242\216\001\030\235""; ledgerHashPrevious: ""\264\245)G\023\327P\311\336[\273\333d\336I\305\256\302\316\214\303'\253!\303]\007\314T\207!3""; networkTime: 803849277; firstSeq: 1; lastSeq: 4; "
1750534077475,1750534077475,2659,1,4,1,TMValidation,"validation: """"\200\000\000\001&\000\000\000\004)/\351\304;:o\206g1\341\2401\207QJ:\r\252\311\206\246\024\266\316^\037\202\007\350j&@r\370\202\254\005\212\230<\357\242\216\001\030\235P\027\000\000\000\000\000\000\000\000\000\000\000\000\000\000\000\000\000\000\000\000\000\000\000\000\000\000\000\000\000\000\000\000P\031\264\245)G\023\327P\311\336[\273\333d\336I\305\256\302\316\214\303'\253!\303]\007\314T\207!3s!\002\031\356p7g\301C\213'\252;p\007\211\345G\223\330\261\277\313\310Pm\016p|\376\310\342\020\261vF0D\002 N\273R\027Cx\3458\227\017$\301(\020\003o(j0\311n\037H\376cJ\236NI{~M\002 _\262\267\205l/V\254M@\001\370\031\370&\233D\014""O \003\351\304\333n]\343t\366a\017""; ","validation: """"\200\000\000\001&\000\000\000\004)/\351\304;:o\206g1\341\2401\207QJ:\r\252\311\206\246\024\266\316^\037\202\007\350j&@r\370\202\254\005\212\230<\357\242\216\001\030\235P\027\000\000\000\000\000\000\000\000\000\000\000\000\000\000\000\000\000\000\000\000\000\000\000\000\000\000\000\000\000\000\000\000P\031\264\245)G\023\327P\311\336[\273\333d\336I\305\256\302\316\214\303'\253!\303]\007\314T\207!3s!\002\031\356p7g\301C\213'\252;p\007\211\345G\223\330\261\277\313\310Pm\016p|\376\310\342\020\261vF0D\002 N\273R\027Cx\3458\227\017$\301(\020\003o(j0\311n\037H\376cJ\236NI{~M\002 _\262\267\205l/V\254M@\001\370\031\370&\233D\014""O \003\351\304\333n]\343t\366a\017""; "
1750534077476,1750534077476,272,1,4,3,TMValidation,"validation: """"\200\000\000\001&\000\000\000\004)/\351\304;:o\206g1\341\2401\207QJ:\r\252\311\206\246\024\266\316^\037\202\007\350j&@r\370\202\254\005\212\230<\357\242\216\001\030\235P\027\000\000\000\000\000\000\000\000\000\000\000\000\000\000\000\000\000\000\000\000\000\000\000\000\000\000\000\000\000\000\000\000P\031\264\245)G\023\327P\311\336[\273\333d\336I\305\256\302\316\214\303'\253!\303]\007\314T\207!3s!\002\031\356p7g\301C\213'\252;p\007\211\345G\223\330\261\277\313\310Pm\016p|\376\310\342\020\261vF0D\002 N\273R\027Cx\3458\227\017$\301(\020\003o(j0\311n\037H\376cJ\236NI{~M\002 _\262\267\205l/V\254M@\001\370\031\370&\233D\014""O \003\351\304\333n]\343t\366a\017""; ","validation: """"\200\000\000\001&\000\000\000\004)/\351\304;:o\206g1\341\2401\207QJ:\r\252\311\206\246\024\266\316^\037\202\007\350j&@r\370\202\254\005\212\230<\357\242\216\001\030\235P\027\000\000\000\000\000\000\000\000\000\000\000\000\000\000\000\000\000\000\000\000\000\000\000\000\000\000\000\000\000\000\000\000P\031\264\245)G\023\327P\311\336[\273\333d\336I\305\256\302\316\214\303'\253!\303]\007\314T\207!3s!\002\031\356p7g\301C\213'\252;p\007\211\345G\223\330\261\277\313\310Pm\016p|\376\310\342\020\261vF0D\002 N\273R\027Cx\3458\227\017$\301(\020\003o(j0\311n\037H\376cJ\236NI{~M\002 _\262\267\205l/V\254M@\001\370\031\370&\233D\014""O \003\351\304\333n]\343t\366a\017""; "
1750534077477,1750534077477,2854,1,4,0,TMValidation,"validation: """"\200\000\000\001&\000\000\000\004)/\351\304;:o\206g1\341\2401\207QJ:\r\252\311\206\246\024\266\316^\037\202\007\350j&@r\370\202\254\005\212\230<\357\242\216\001\030\235P\027\000\000\000\000\000\000\000\000\000\000\000\000\000\000\000\000\000\000\000\000\000\000\000\000\000\000\000\000\000\000\000\000P\031\264\245)G\023\327P\311\336[\273\333d\336I\305\256\302\316\214\303'\253!\303]\007\314T\207!3s!\002\031\356p7g\301C\213'\252;p\007\211\345G\223\330\261\277\313\310Pm\016p|\376\310\342\020\261vF0D\002 N\273R\027Cx\3458\227\017$\301(\020\003o(j0\311n\037H\376cJ\236NI{~M\002 _\262\267\205l/V\254M@\001\370\031\370&\233D\014""O \003\351\304\333n]\343t\366a\017""; ","validation: """"\200\000\000\001&\000\000\000\004)/\351\304;:o\206g1\341\2401\207QJ:\r\252\311\206\246\024\266\316^\037\202\007\350j&@r\370\202\254\005\212\230<\357\242\216\001\030\235P\027\000\000\000\000\000\000\000\000\000\000\000\000\000\000\000\000\000\000\000\000\000\000\000\000\000\000\000\000\000\000\000\000P\031\264\245)G\023\327P\311\336[\273\333d\336I\305\256\302\316\214\303'\253!\303]\007\314T\207!3s!\002\031\356p7g\301C\213'\252;p\007\211\345G\223\330\261\277\313\310Pm\016p|\376\310\342\020\261vF0D\002 N\273R\027Cx\3458\227\017$\301(\020\003o(j0\311n\037H\376cJ\236NI{~M\002 _\262\267\205l/V\254M@\001\370\031\370&\233D\014""O \003\351\304\333n]\343t\366a\017""; "
1750534077526,1750534077526,3709,1,3,2,TMValidation,"validation: """"\200\000\000\001&\000\000\000\004)/\351\304;:o\206g1\341\2401\207QJ:\r\252\311\206\246\024\266\316^\037\202\007\350j&@r\370\202\254\005\212\230<\357\242\216\001\030\235P\027\000\000\000\000\000\000\000\000\000\000\000\000\000\000\000\000\000\000\000\000\000\000\000\000\000\000\000\000\000\000\000\000P\031\264\245)G\023\327P\311\336[\273\333d\336I\305\256\302\316\214\303'\253!\303]\007\314T\207!3s!\002\031\356p7g\301C\213'\252;p\007\211\345G\223\330\261\277\313\310Pm\016p|\376\310\342\020\261vF0D\002 N\273R\027Cx\3458\227\017$\301(\020\003o(j0\311n\037H\376cJ\236NI{~M\002 _\262\267\205l/V\254M@\001\370\031\370&\233D\014""O \003\351\304\333n]\343t\366a\017""; ","validation: """"\200\000\000\001&\000\000\000\004)/\351\304;:o\206g1\341\2401\207QJ:\r\252\311\206\246\024\266\316^\037\202\007\350j&@r\370\202\254\005\212\230<\357\242\216\001\030\235P\027\000\000\000\000\000\000\000\000\000\000\000\000\000\000\000\000\000\000\000\000\000\000\000\000\000\000\000\000\000\000\000\000P\031\264\245)G\023\327P\311\336[\273\333d\336I\305\256\302\316\214\303'\253!\303]\007\314T\207!3s!\002\031\356p7g\301C\213'\252;p\007\211\345G\223\330\261\277\313\310Pm\016p|\376\310\342\020\261vF0D\002 N\273R\027Cx\3458\227\017$\301(\020\003o(j0\311n\037H\376cJ\236NI{~M\002 _\262\267\205l/V\254M@\001\370\031\370&\233D\014""O \003\351\304\333n]\343t\366a\017""; "
1750534077527,1750534077527,3677,1,3,4,TMValidation,"validation: """"\200\000\000\001&\000\000\000\004)/\351\304;:o\206g1\341\2401\207QJ:\r\252\311\206\246\024\266\316^\037\202\007\350j&@r\370\202\254\005\212\230<\357\242\216\001\030\235P\027\000\000\000\000\000\000\000\000\000\000\000\000\000\000\000\000\000\000\000\000\000\000\000\000\000\000\000\000\000\000\000\000P\031\264\245)G\023\327P\311\336[\273\333d\336I\305\256\302\316\214\303'\253!\303]\007\314T\207!3s!\002\031\356p7g\301C\213'\252;p\007\211\345G\223\330\261\277\313\310Pm\016p|\376\310\342\020\261vF0D\002 N\273R\027Cx\3458\227\017$\301(\020\003o(j0\311n\037H\376cJ\236NI{~M\002 _\262\267\205l/V\254M@\001\370\031\370&\233D\014""O \003\351\304\333n]\343t\366a\017""; ","validation: """"\200\000\000\001&\000\000\000\004)/\351\304;:o\206g1\341\2401\207QJ:\r\252\311\206\246\024\266\316^\037\202\007\350j&@r\370\202\254\005\212\230<\357\242\216\001\030\235P\027\000\000\000\000\000\000\000\000\000\000\000\000\000\000\000\000\000\000\000\000\000\000\000\000\000\000\000\000\000\000\000\000P\031\264\245)G\023\327P\311\336[\273\333d\336I\305\256\302\316\214\303'\253!\303]\007\314T\207!3s!\002\031\356p7g\301C\213'\252;p\007\211\345G\223\330\261\277\313\310Pm\016p|\376\310\342\020\261vF0D\002 N\273R\027Cx\3458\227\017$\301(\020\003o(j0\311n\037H\376cJ\236NI{~M\002 _\262\267\205l/V\254M@\001\370\031\370&\233D\014""O \003\351\304\333n]\343t\366a\017""; "
1750534077527,1750534077527,2058,1,3,0,TMValidation,"validation: """"\200\000\000\001&\000\000\000\004)/\351\304;:o\206g1\341\2401\207QJ:\r\252\311\206\246\024\266\316^\037\202\007\350j&@r\370\202\254\005\212\230<\357\242\216\001\030\235P\027\000\000\000\000\000\000\000\000\000\000\000\000\000\000\000\000\000\000\000\000\000\000\000\000\000\000\000\000\000\000\000\000P\031\264\245)G\023\327P\311\336[\273\333d\336I\305\256\302\316\214\303'\253!\303]\007\314T\207!3s!\002\031\356p7g\301C\213'\252;p\007\211\345G\223\330\261\277\313\310Pm\016p|\376\310\342\020\261vF0D\002 N\273R\027Cx\3458\227\017$\301(\020\003o(j0\311n\037H\376cJ\236NI{~M\002 _\262\267\205l/V\254M@\001\370\031\370&\233D\014""O \003\351\304\333n]\343t\366a\017""; ","validation: """"\200\000\000\001&\000\000\000\004)/\351\304;:o\206g1\341\2401\207QJ:\r\252\311\206\246\024\266\316^\037\202\007\350j&@r\370\202\254\005\212\230<\357\242\216\001\030\235P\027\000\000\000\000\000\000\000\000\000\000\000\000\000\000\000\000\000\000\000\000\000\000\000\000\000\000\000\000\000\000\000\000P\031\264\245)G\023\327P\311\336[\273\333d\336I\305\256\302\316\214\303'\253!\303]\007\314T\207!3s!\002\031\356p7g\301C\213'\252;p\007\211\345G\223\330\261\277\313\310Pm\016p|\376\310\342\020\261vF0D\002 N\273R\027Cx\3458\227\017$\301(\020\003o(j0\311n\037H\376cJ\236NI{~M\002 _\262\267\205l/V\254M@\001\370\031\370&\233D\014""O \003\351\304\333n]\343t\366a\017""; "
1750534077535,1750534077536,2308,1,2,3,TMTransaction,"rawTransaction: ""\022\000\000""\000\000\000\000$\000\000\000\003 \033\000\000\000\027a@\000\000\027H\206*@h@\000\000\000\000\000\000\ns!\0030\347\374\235V\273%\326\211;\243\363\027\256[\3173\263)\033\326=\263&T\243\023""/\177\320 tF0D\002 \030y9\315\353\250Ah.! \355\203\274WC\225\204\252\2624\245\202\206\001\227\316\336\231\263\0007\002 nr[\331\366\200/\014\277Y\374.;\201\250\232\267\332\255W\374a\272\246\002\357\364\215\277\030Z\260\201\024\265\367by\212S\325C\240\024\312\370\262\227\317\370\362\3717\350\203\024\305D\224\002x\311\246\303\226jd\355\030\na\255\340\022\342\021""; status: tsCURRENT; receiveTimestamp: 803849277; deferred: false; ","rawTransaction: ""\022\000\000""\000\000\000\000$\000\000\000\003 \033\000\000\000\027a@\000\000\027H\206*@h@\000\000\000\000\000\000\ns!\0030\347\374\235V\273%\326\211;\243\363\027\256[\3173\263)\033\326=\263&T\243\023""/\177\320 tF0D\002 \030y9\315\353\250Ah.! \355\203\274WC\225\204\252\2624\245\202\206\001\227\316\336\231\263\0007\002 nr[\331\366\200/\014\277Y\374.;\201\250\232\267\332\255W\374a\272\246\002\357\364\215\277\030Z\260\201\024\265\367by\212S\325C\240\024\312\370\262\227\317\370\362\3717\350\203\024\305D\224\002x\311\246\303\226jd\355\030\na\255\340\022\342\021""; status: tsCURRENT; receiveTimestamp: 803849277; deferred: false; "
1750534077535,1750534077536,3680,1,2,1,TMTransaction,"rawTransaction: ""\022\000\000""\000\000\000\000$\000\000\000\003 \033\000\000\000\027a@\000\000\027H\206*@h@\000\000\000\000\000\000\ns!\0030\347\374\235V\273%\326\211;\243\363\027\256[\3173\263)\033\326=\263&T\243\023""/\177\320 tF0D\002 \030y9\315\353\250Ah.! \355\203\274WC\225\204\252\2624\245\202\206\001\227\316\336\231\263\0007\002 nr[\331\366\200/\014\277Y\374.;\201\250\232\267\332\255W\374a\272\246\002\357\364\215\277\030Z\260\201\024\265\367by\212S\325C\240\024\312\370\262\227\317\370\362\3717\350\203\024\305D\224\002x\311\246\303\226jd\355\030\na\255\340\022\342\021""; status: tsCURRENT; receiveTimestamp: 803849277; deferred: false; ","rawTransaction: ""\022\000\000""\000\000\000\000$\000\000\000\003 \033\000\000\000\027a@\000\000\027H\206*@h@\000\000\000\000\000\000\ns!\0030\347\374\235V\273%\326\211;\243\363\027\256[\3173\263)\033\326=\263&T\243\023""/\177\320 tF0D\002 \030y9\315\353\250Ah.! \355\203\274WC\225\204\252\2624\245\202\206\001\227\316\336\231\263\0007\002 nr[\331\366\200/\014\277Y\374.;\201\250\232\267\332\255W\374a\272\246\002\357\364\215\277\030Z\260\201\024\265\367by\212S\325C\240\024\312\370\262\227\317\370\362\3717\350\203\024\305D\224\002x\311\246\303\226jd\355\030\na\255\340\022\342\021""; status: tsCURRENT; receiveTimestamp: 803849277; deferred: false; "
1750534077535,1750534077537,1739,1,2,4,TMTransaction,"rawTransaction: ""\022\000\000""\000\000\000\000$\000\000\000\003 \033\000\000\000\027a@\000\000\027H\206*@h@\000\000\000\000\000\000\ns!\0030\347\374\235V\273%\326\211;\243\363\027\256[\3173\263)\033\326=\263&T\243\023""/\177\320 tF0D\002 \030y9\315\353\250Ah.! \355\203\274WC\225\204\252\2624\245\202\206\001\227\316\336\231\263\0007\002 nr[\331\366\200/\014\277Y\374.;\201\250\232\267\332\255W\374a\272\246\002\357\364\215\277\030Z\260\201\024\265\367by\212S\325C\240\024\312\370\262\227\317\370\362\3717\350\203\024\305D\224\002x\311\246\303\226jd\355\030\na\255\340\022\342\021""; status: tsCURRENT; receiveTimestamp: 803849277; deferred: false; ","rawTransaction: ""\022\000\000""\000\000\000\000$\000\000\000\003 \033\000\000\000\027a@\000\000\027H\206*@h@\000\000\000\000\000\000\ns!\0030\347\374\235V\273%\326\211;\243\363\027\256[\3173\263)\033\326=\263&T\243\023""/\177\320 tF0D\002 \030y9\315\353\250Ah.! \355\203\274WC\225\204\252\2624\245\202\206\001\227\316\336\231\263\0007\002 nr[\331\366\200/\014\277Y\374.;\201\250\232\267\332\255W\374a\272\246\002\357\364\215\277\030Z\260\201\024\265\367by\212S\325C\240\024\312\370\262\227\317\370\362\3717\350\203\024\305D\224\002x\311\246\303\226jd\355\030\na\255\340\022\342\021""; status: tsCURRENT; receiveTimestamp: 803849277; deferred: false; "
1750534077580,1750534077580,3483,1,1,0,TMGetLedger,"itype: liTS_CANDIDATE; ledgerHash: ""N*\343\035DQ\037\327\260\207=\214\227\252\244\265\245\321\265v\200dSd\365\213|\n\352S\362\370""; nodeIDs: ""\000\000\000\000\000\000\000\000\000\000\000\000\000\000\000\000\000\000\000\000\000\000\000\000\000\000\000\000\000\000\000\000\000""; queryDepth: 3; ","itype: liTS_CANDIDATE; ledgerHash: ""N*\343\035DQ\037\327\260\207=\214\227\252\244\265\245\321\265v\200dSd\365\213|\n\352S\362\370""; nodeIDs: ""\000\000\000\000\000\000\000\000\000\000\000\000\000\000\000\000\000\000\000\000\000\000\000\000\000\000\000\000\000\000\000\000\000""; queryDepth: 3; "
1750534077581,1750534077581,2750,1,1,3,TMProposeSet,"proposeSeq: 0; currentTxHash: ""N*\343\035DQ\037\327\260\207=\214\227\252\244\265\245\321\265v\200dSd\365\213|\n\352S\362\370""; nodePubKey: ""\002\227gv\346\003n\232f\264\2224\366\324\341o\5\217J\337\2771q\223O\025\217G8\235\301f""; closeTime: 803849276; signature: ""0E\002!\000\241\201sEKO\317\224\227\277\007\370\333\276\260\020obH\313\362\245\n\375\215&\375\374\341\272\366\266\002 {\376\002\317%\367f\333\226\263\344\2420\266.\302\007\304\017\351\303\331\235\226\3759\320D*\241IB""; previousledger: ""J:\r\252\311\206\246\024\266\316^\037\202\007\350j&@r\370\202\254\005\212\230<\357\242\216\001\030\235""; ","proposeSeq: 0; currentTxHash: ""N*\343\035DQ\037\327\260\207=\214\227\252\244\265\245\321\265v\200dSd\365\213|\n\352S\362\370""; nodePubKey: ""\002\227gv\346\003n\232f\264\2224\366\324\341o\5\217J\337\2771q\223O\025\217G8\235\301f""; closeTime: 803849276; signature: ""0E\002!\000\241\201sEKO\317\224\227\277\007\370\333\276\260\020obH\313\362\245\n\375\215&\375\374\341\272\366\266\002 {\376\002\317%\367f\333\226\263\344\2420\266.\302\007\304\017\351\303\331\235\226\3759\320D*\241IB""; previousledger: ""J:\r\252\311\206\246\024\266\316^\037\202\007\350j&@r\370\202\254\005\212\230<\357\242\216\001\030\235""; "
1750534077582,1750534077582,391,1,1,4,TMProposeSet,"proposeSeq: 0; currentTxHash: ""N*\343\035DQ\037\327\260\207=\214\227\252\244\265\245\321\265v\200dSd\365\213|\n\352S\362\370""; nodePubKey: ""\002\227gv\346\003n\232f\264\2224\366\324\341o\5\217J\337\2771q\223O\025\217G8\235\301f""; closeTime: 803849276; signature: ""0E\002!\000\241\201sEKO\317\224\227\277\007\370\333\276\260\020obH\313\362\245\n\375\215&\375\374\341\272\366\266\002 {\376\002\317%\367f\333\226\263\344\2420\266.\302\007\304\017\351\303\331\235\226\3759\320D*\241IB""; previousledger: ""J:\r\252\311\206\246\024\266\316^\037\202\007\350j&@r\370\202\254\005\212\230<\357\242\216\001\030\235""; ","proposeSeq: 0; currentTxHash: ""N*\343\035DQ\037\327\260\207=\214\227\252\244\265\245\321\265v\200dSd\365\213|\n\352S\362\370""; nodePubKey: ""\002\227gv\346\003n\232f\264\2224\366\324\341o\5\217J\337\2771q\223O\025\217G8\235\301f""; closeTime: 803849276; signature: ""0E\002!\000\241\201sEKO\317\224\227\277\007\370\333\276\260\020obH\313\362\245\n\375\215&\375\374\341\272\366\266\002 {\376\002\317%\367f\333\226\263\344\2420\266.\302\007\304\017\351\303\331\235\226\3759\320D*\241IB""; previousledger: ""J:\r\252\311\206\246\024\266\316^\037\202\007\350j&@r\370\202\254\005\212\230<\357\242\216\001\030\235""; "
1750534077582,1750534077583,671,1,1,2,TMGetLedger,"itype: liTS_CANDIDATE; ledgerHash: ""N*\343\035DQ\037\327\260\207=\214\227\252\244\265\245\321\265v\200dSd\365\213|\n\352S\362\370""; nodeIDs: ""\000\000\000\000\000\000\000\000\000\000\000\000\000\000\000\000\000\000\000\000\000\000\000\000\000\000\000\000\000\000\000\000\000""; queryDepth: 3; ","itype: liTS_CANDIDATE; ledgerHash: ""N*\343\035DQ\037\327\260\207=\214\227\252\244\265\245\321\265v\200dSd\365\213|\n\352S\362\370""; nodeIDs: ""\000\000\000\000\000\000\000\000\000\000\000\000\000\000\000\000\000\000\000\000\000\000\000\000\000\000\000\000\000\000\000\000\000""; queryDepth: 3; "
1750534077583,1750534077583,1191,1,1,2,TMProposeSet,"proposeSeq: 0; currentTxHash: ""N*\343\035DQ\037\327\260\207=\214\227\252\244\265\245\321\265v\200dSd\365\213|\n\352S\362\370""; nodePubKey: ""\002\227gv\346\003n\232f\264\2224\366\324\341o\5\217J\337\2771q\223O\025\217G8\235\301f""; closeTime: 803849276; signature: ""0E\002!\000\241\201sEKO\317\224\227\277\007\370\333\276\260\020obH\313\362\245\n\375\215&\375\374\341\272\366\266\002 {\376\002\317%\367f\333\226\263\344\2420\266.\302\007\304\017\351\303\331\235\226\3759\320D*\241IB""; previousledger: ""J:\r\252\311\206\246\024\266\316^\037\202\007\350j&@r\370\202\254\005\212\230<\357\242\216\001\030\235""; ","proposeSeq: 0; currentTxHash: ""N*\343\035DQ\037\327\260\207=\214\227\252\244\265\245\321\265v\200dSd\365\213|\n\352S\362\370""; nodePubKey: ""\002\227gv\346\003n\232f\264\2224\366\324\341o\5\217J\337\2771q\223O\025\217G8\235\301f""; closeTime: 803849276; signature: ""0E\002!\000\241\201sEKO\317\224\227\277\007\370\333\276\260\020obH\313\362\245\n\375\215&\375\374\341\272\366\266\002 {\376\002\317%\367f\333\226\263\344\2420\266.\302\007\304\017\351\303\331\235\226\3759\320D*\241IB""; previousledger: ""J:\r\252\311\206\246\024\266\316^\037\202\007\350j&@r\370\202\254\005\212\230<\357\242\216\001\030\235""; "
1750534077585,1750534077585,2574,1,4,2,TMGetLedger,"itype: liTS_CANDIDATE; ledgerHash: ""\334~\226\217To9\305K\273\251\310C\346\240\200y\255\257[\242\221\010\215\235<BXHG\345s""; nodeIDs: ""\000\000\000\000\000\000\000\000\000\000\000\000\000\000\000\000\000\000\000\000\000\000\000\000\000\000\000\000\000\000\000\000\000""; queryType: qtINDIRECT; queryDepth: 3; ","itype: liTS_CANDIDATE; ledgerHash: ""\334~\226\217To9\305K\273\251\310C\346\240\200y\255\257[\242\221\010\215\235<BXHG\345s""; nodeIDs: ""\000\000\000\000\000\000\000\000\000\000\000\000\000\000\000\000\000\000\000\000\000\000\000\000\000\000\000\000\000\000\000\000\000""; queryType: qtINDIRECT; queryDepth: 3; "
1750534077634,1750534077634,3986,1,1,2,TMValidation,"validation: """"\200\000\000\001&\000\000\000\004)/\351\304;:\362\035\024\354\227\211\220\341QJ:\r\252\311\206\246\024\266\316^\037\202\007\350j&@r\370\202\254\005\212\230<\357\242\216\001\030\235P\027\000\000\000\000\000\000\000\000\000\000\000\000\000\000\000\000\000\000\000\000\000\000\000\000\000\000\000\000\000\000\000\000P\031\264\245)G\023\327P\311\336[\273\333d\336I\305\256\302\316\214\303'\253!\303]\007\314T\207!3s!\003\246\253M+\327\254x)\270\216\311K-\350#\234\005\242\246\352}{iSd\374\322d\355G\010\240vG0E\002!\000\315\327W.B\366\376\244\363\034\233\257\233\014\366\260\2765\225t\302\251\\024\221\242r\243\317H\257\317\002 'U\307+='4\357\276\343k\331\330A{\035u;\243]\025\246\204\270\364\010M\364\177\255\243\365""; ","validation: """"\200\000\000\001&\000\000\000\004)/\351\304;:\362\035\024\354\227\211\220\341QJ:\r\252\311\206\246\024\266\316^\037\202\007\350j&@r\370\202\254\005\212\230<\357\242\216\001\030\235P\027\000\000\000\000\000\000\000\000\000\000\000\000\000\000\000\000\000\000\000\000\000\000\000\000\000\000\000\000\000\000\000\000P\031\264\245)G\023\327P\311\336[\273\333d\336I\305\256\302\316\214\303'\253!\303]\007\314T\207!3s!\003\246\253M+\327\254x)\270\216\311K-\350#\234\005\242\246\352}{iSd\374\322d\355G\010\240vG0E\002!\000\315\327W.B\366\376\244\363\034\233\257\233\014\366\260\2765\225t\302\251\\024\221\242r\243\317H\257\317\002 'U\307+='4\357\276\343k\331\330A{\035u;\243]\025\246\204\270\364\010M\364\177\255\243\365""; "
1750534077634,1750534077634,546,1,1,0,TMValidation,"validation: """"\200\000\000\001&\000\000\000\004)/\351\304;:\362\035\024\354\227\211\220\341QJ:\r\252\311\206\246\024\266\316^\037\202\007\350j&@r\370\202\254\005\212\230<\357\242\216\001\030\235P\027\000\000\000\000\000\000\000\000\000\000\000\000\000\000\000\000\000\000\000\000\000\000\000\000\000\000\000\000\000\000\000\000P\031\264\245)G\023\327P\311\336[\273\333d\336I\305\256\302\316\214\303'\253!\303]\007\314T\207!3s!\003\246\253M+\327\254x)\270\216\311K-\350#\234\005\242\246\352}{iSd\374\322d\355G\010\240vG0E\002!\000\315\327W.B\366\376\244\363\034\233\257\233\014\366\260\2765\225t\302\251\\024\221\242r\243\317H\257\317\002 'U\307+='4\357\276\343k\331\330A{\035u;\243]\025\246\204\270\364\010M\364\177\255\243\365""; ","validation: """"\200\000\000\001&\000\000\000\004)/\351\304;:\362\035\024\354\227\211\220\341QJ:\r\252\311\206\246\024\266\316^\037\202\007\350j&@r\370\202\254\005\212\230<\357\242\216\001\030\235P\027\000\000\000\000\000\000\000\000\000\000\000\000\000\000\000\000\000\000\000\000\000\000\000\000\000\000\000\000\000\000\000\000P\031\264\245)G\023\327P\311\336[\273\333d\336I\305\256\302\316\214\303'\253!\303]\007\314T\207!3s!\003\246\253M+\327\254x)\270\216\311K-\350#\234\005\242\246\352}{iSd\374\322d\355G\010\240vG0E\002!\000\315\327W.B\366\376\244\363\034\233\257\233\014\366\260\2765\225t\302\251\\024\221\242r\243\317H\257\317\002 'U\307+='4\357\276\343k\331\330A{\035u;\243]\025\246\204\270\364\010M\364\177\255\243\365""; "
1750534077635,1750534077635,1959,1,1,4,TMValidation,"validation: """"\200\000\000\001&\000\000\000\004)/\351\304;:\362\035\024\354\227\211\220\341QJ:\r\252\311\206\246\024\266\316^\037\202\007\350j&@r\370\202\254\005\212\230<\357\242\216\001\030\235P\027\000\000\000\000\000\000\000\000\000\000\000\000\000\000\000\000\000\000\000\000\000\000\000\000\000\000\000\000\000\000\000\000P\031\264\245)G\023\327P\311\336[\273\333d\336I\305\256\302\316\214\303'\253!\303]\007\314T\207!3s!\003\246\253M+\327\254x)\270\216\311K-\350#\234\005\242\246\352}{iSd\374\322d\355G\010\240vG0E\002!\000\315\327W.B\366\376\244\363\034\233\257\233\014\366\260\2765\225t\302\251\\024\221\242r\243\317H\257\317\002 'U\307+='4\357\276\343k\331\330A{\035u;\243]\025\246\204\270\364\010M\364\177\255\243\365""; ","validation: """"\200\000\000\001&\000\000\000\004)/\351\304;:\362\035\024\354\227\211\220\341QJ:\r\252\311\206\246\024\266\316^\037\202\007\350j&@r\370\202\254\005\212\230<\357\242\216\001\030\235P\027\000\000\000\000\000\000\000\000\000\000\000\000\000\000\000\000\000\000\000\000\000\000\000\000\000\000\000\000\000\000\000\000P\031\264\245)G\023\327P\311\336[\273\333d\336I\305\256\302\316\214\303'\253!\303]\007\314T\207!3s!\003\246\253M+\327\254x)\270\216\311K-\350#\234\005\242\246\352}{iSd\374\322d\355G\010\240vG0E\002!\000\315\327W.B\366\376\244\363\034\233\257\233\014\366\260\2765\225t\302\251\\024\221\242r\243\317H\257\317\002 'U\307+='4\357\276\343k\331\330A{\035u;\243]\025\246\204\270\364\010M\364\177\255\243\365""; "
1750534077657,1750534077658,272,1,4,3,TMValidation,"validation: """"\200\000\000\001&\000\000\000\004)/\351\304;:\001\317\351\3603A\3522QJ:\r\252\311\206\246\024\266\316^\037\202\007\350j&@r\370\202\254\005\212\230<\357\242\216\001\030\235P\027\000\000\000\000\000\000\000\000\000\000\000\000\000\000\000\000\000\000\000\000\000\000\000\000\000\000\000\000\000\000\000\000P\031\264\245)G\023\327P\311\336[\273\333d\336I\305\256\302\316\214\303'\253!\303]\007\314T\207!3s!\003)\036\227\370\t\264\235\206\317\234B\n\230/\375\257\335fo\253d\026_\357K\336\020\302\356\323\222\376vF0D\002 \037&H[\036o\r\304\364 /\027s\251\302\336\340O}I\024)7vebh\276\243e\002\215\002 \031\353// \316\304\230pbMBY\017EPq\315X\002\372\320\314\200\365\3066!\364R9\353""; ","validation: """"\200\000\000\001&\000\000\000\004)/\351\304;:\001\317\351\3603A\3522QJ:\r\252\311\206\246\024\266\316^\037\202\007\350j&@r\370\202\254\005\212\230<\357\242\216\001\030\235P\027\000\000\000\000\000\000\000\000\000\000\000\000\000\000\000\000\000\000\000\000\000\000\000\000\000\000\000\000\000\000\000\000P\031\264\245)G\023\327P\311\336[\273\333d\336I\305\256\302\316\214\303'\253!\303]\007\314T\207!3s!\003)\036\227\370\t\264\235\206\317\234B\n\230/\375\257\335fo\253d\026_\357K\336\020\302\356\323\222\376vF0D\002 \037&H[\036o\r\304\364 /\027s\251\302\336\340O}I\024)7vebh\276\243e\002\215\002 \031\353// \316\304\230pbMBY\017EPq\315X\002\372\320\314\200\365\3066!\364R9\353""; "
1750534077659,1750534077659,235,1,4,2,TMValidation,"validation: """"\200\000\000\001&\000\000\000\004)/\351\304;:\001\317\351\3603A\3522QJ:\r\252\311\206\246\024\266\316^\037\202\007\350j&@r\370\202\254\005\212\230<\357\242\216\001\030\235P\027\000\000\000\000\000\000\000\000\000\000\000\000\000\000\000\000\000\000\000\000\000\000\000\000\000\000\000\000\000\000\000\000P\031\264\245)G\023\327P\311\336[\273\333d\336I\305\256\302\316\214\303'\253!\303]\007\314T\207!3s!\003)\036\227\370\t\264\235\206\317\234B\n\230/\375\257\335fo\253d\026_\357K\336\020\302\356\323\222\376vF0D\002 \037&H[\036o\r\304\364 /\027s\251\302\336\340O}I\024)7vebh\276\243e\002\215\002 \031\353// \316\304\230pbMBY\017EPq\315X\002\372\320\314\200\365\3066!\364R9\353""; ","validation: """"\200\000\000\001&\000\000\000\004)/\351\304;:\001\317\351\3603A\3522QJ:\r\252\311\206\246\024\266\316^\037\202\007\350j&@r\370\202\254\005\212\230<\357\242\216\001\030\235P\027\000\000\000\000\000\000\000\000\000\000\000\000\000\000\000\000\000\000\000\000\000\000\000\000\000\000\000\000\000\000\000\000P\031\264\245)G\023\327P\311\336[\273\333d\336I\305\256\302\316\214\303'\253!\303]\007\314T\207!3s!\003)\036\227\370\t\264\235\206\317\234B\n\230/\375\257\335fo\253d\026_\357K\336\020\302\356\323\222\376vF0D\002 \037&H[\036o\r\304\364 /\027s\251\302\336\340O}I\024)7vebh\276\243e\002\215\002 \031\353// \316\304\230pbMBY\017EPq\315X\002\372\320\314\200\365\3066!\364R9\353""; "
1750534077658,1750534077659,2854,1,4,0,TMValidation,"validation: """"\200\000\000\001&\000\000\000\004)/\351\304;:\001\317\351\3603A\3522QJ:\r\252\311\206\246\024\266\316^\037\202\007\350j&@r\370\202\254\005\212\230<\357\242\216\001\030\235P\027\000\000\000\000\000\000\000\000\000\000\000\000\000\000\000\000\000\000\000\000\000\000\000\000\000\000\000\000\000\000\000\000P\031\264\245)G\023\327P\311\336[\273\333d\336I\305\256\302\316\214\303'\253!\303]\007\314T\207!3s!\003)\036\227\370\t\264\235\206\317\234B\n\230/\375\257\335fo\253d\026_\357K\336\020\302\356\323\222\376vF0D\002 \037&H[\036o\r\304\364 /\027s\251\302\336\340O}I\024)7vebh\276\243e\002\215\002 \031\353// \316\304\230pbMBY\017EPq\315X\002\372\320\314\200\365\3066!\364R9\353""; ","validation: """"\200\000\000\001&\000\000\000\004)/\351\304;:\001\317\351\3603A\3522QJ:\r\252\311\206\246\024\266\316^\037\202\007\350j&@r\370\202\254\005\212\230<\357\242\216\001\030\235P\027\000\000\000\000\000\000\000\000\000\000\000\000\000\000\000\000\000\000\000\000\000\000\000\000\000\000\000\000\000\000\000\000P\031\264\245)G\023\327P\311\336[\273\333d\336I\305\256\302\316\214\303'\253!\303]\007\314T\207!3s!\003)\036\227\370\t\264\235\206\317\234B\n\230/\375\257\335fo\253d\026_\357K\336\020\302\356\323\222\376vF0D\002 \037&H[\036o\r\304\364 /\027s\251\302\336\340O}I\024)7vebh\276\243e\002\215\002 \031\353// \316\304\230pbMBY\017EPq\315X\002\372\320\314\200\365\3066!\364R9\353""; "
1750534077690,1750534077690,964,1,0,3,TMGetLedger,"itype: liTS_CANDIDATE; ledgerHash: ""\334~\226\217To9\305K\273\251\310C\346\240\200y\255\257[\242\221\010\215\235<BXHG\345s""; nodeIDs: ""\000\000\000\000\000\000\000\000\000\000\000\000\000\000\000\000\000\000\000\000\000\000\000\000\000\000\000\000\000\000\000\000\000""; queryType: qtINDIRECT; queryDepth: 3; ","itype: liTS_CANDIDATE; ledgerHash: ""\334~\226\217To9\305K\273\251\310C\346\240\200y\255\257[\242\221\010\215\235<BXHG\345s""; nodeIDs: ""\000\000\000\000\000\000\000\000\000\000\000\000\000\000\000\000\000\000\000\000\000\000\000\000\000\000\000\000\000\000\000\000\000""; queryType: qtINDIRECT; queryDepth: 3; "
1750534077705,1750534077705,2970,1,2,3,TMValidation,"validation: """"\200\000\000\001&\000\000\000\004)/\351\304;:7\006\273IhO\034\261QJ:\r\252\311\206\246\024\266\316^\037\202\007\350j&@r\370\202\254\005\212\230<\357\242\216\001\030\235P\027\000\000\000\000\000\000\000\000\000\000\000\000\000\000\000\000\000\000\000\000\000\000\000\000\000\000\000\000\000\000\000\000P\031\264\245)G\023\327P\311\336[\273\333d\336I\305\256\302\316\214\303'\253!\303]\007\314T\207!3s!\002\227gv\346\003n\232f\264\2224\366\324\341o\5\217J\337\2771q\223O\025\217G8\235\301fvG0E\002!\000\226\033!><Mb\240\316\371Z-[\204\313vb\350\305\007\237$\314\212F\2479T\322\004""\266\002 .k\255\3707\231s\265\274\366\234\024\333J\310\215\340\360D\245I\266qB\363\220\353\250u\010\250\257""; ","validation: """"\200\000\000\001&\000\000\000\004)/\351\304;:7\006\273IhO\034\261QJ:\r\252\311\206\246\024\266\316^\037\202\007\350j&@r\370\202\254\005\212\230<\357\242\216\001\030\235P\027\000\000\000\000\000\000\000\000\000\000\000\000\000\000\000\000\000\000\000\000\000\000\000\000\000\000\000\000\000\000\000\000P\031\264\245)G\023\327P\311\336[\273\333d\336I\305\256\302\316\214\303'\253!\303]\007\314T\207!3s!\002\227gv\346\003n\232f\264\2224\366\324\341o\5\217J\337\2771q\223O\025\217G8\235\301fvG0E\002!\000\226\033!><Mb\240\316\371Z-[\204\313vb\350\305\007\237$\314\212F\2479T\322\004""\266\002 .k\255\3707\231s\265\274\366\234\024\333J\310\215\340\360D\245I\266qB\363\220\353\250u\010\250\257""; "
1750534077705,1750534077706,1391,1,2,1,TMValidation,"validation: """"\200\000\000\001&\000\000\000\004)/\351\304;:7\006\273IhO\034\261QJ:\r\252\311\206\246\024\266\316^\037\202\007\350j&@r\370\202\254\005\212\230<\357\242\216\001\030\235P\027\000\000\000\000\000\000\000\000\000\000\000\000\000\000\000\000\000\000\000\000\000\000\000\000\000\000\000\000\000\000\000\000P\031\264\245)G\023\327P\311\336[\273\333d\336I\305\256\302\316\214\303'\253!\303]\007\314T\207!3s!\002\227gv\346\003n\232f\264\2224\366\324\341o\5\217J\337\2771q\223O\025\217G8\235\301fvG0E\002!\000\226\033!><Mb\240\316\371Z-[\204\313vb\350\305\007\237$\314\212F\2479T\322\004""\266\002 .k\255\3707\231s\265\274\366\234\024\333J\310\215\340\360D\245I\266qB\363\220\353\250u\010\250\257""; ","validation: """"\200\000\000\001&\000\000\000\004)/\351\304;:7\006\273IhO\034\261QJ:\r\252\311\206\246\024\266\316^\037\202\007\350j&@r\370\202\254\005\212\230<\357\242\216\001\030\235P\027\000\000\000\000\000\000\000\000\000\000\000\000\000\000\000\000\000\000\000\000\000\000\000\000\000\000\000\000\000\000\000\000P\031\264\245)G\023\327P\311\336[\273\333d\336I\305\256\302\316\214\303'\253!\303]\007\314T\207!3s!\002\227gv\346\003n\232f\264\2224\366\324\341o\5\217J\337\2771q\223O\025\217G8\235\301fvG0E\002!\000\226\033!><Mb\240\316\371Z-[\204\313vb\350\305\007\237$\314\212F\2479T\322\004""\266\002 .k\255\3707\231s\265\274\366\234\024\333J\310\215\340\360D\245I\266qB\363\220\353\250u\010\250\257""; "
1750534077706,1750534077706,2064,1,2,4,TMValidation,"validation: """"\200\000\000\001&\000\000\000\004)/\351\304;:7\006\273IhO\034\261QJ:\r\252\311\206\246\024\266\316^\037\202\007\350j&@r\370\202\254\005\212\230<\357\242\216\001\030\235P\027\000\000\000\000\000\000\000\000\000\000\000\000\000\000\000\000\000\000\000\000\000\000\000\000\000\000\000\000\000\000\000\000P\031\264\245)G\023\327P\311\336[\273\333d\336I\305\256\302\316\214\303'\253!\303]\007\314T\207!3s!\002\227gv\346\003n\232f\264\2224\366\324\341o\5\217J\337\2771q\223O\025\217G8\235\301fvG0E\002!\000\226\033!><Mb\240\316\371Z-[\204\313vb\350\305\007\237$\314\212F\2479T\322\004""\266\002 .k\255\3707\231s\265\274\366\234\024\333J\310\215\340\360D\245I\266qB\363\220\353\250u\010\250\257""; ","validation: """"\200\000\000\001&\000\000\000\004)/\351\304;:7\006\273IhO\034\261QJ:\r\252\311\206\246\024\266\316^\037\202\007\350j&@r\370\202\254\005\212\230<\357\242\216\001\030\235P\027\000\000\000\000\000\000\000\000\000\000\000\000\000\000\000\000\000\000\000\000\000\000\000\000\000\000\000\000\000\000\000\000P\031\264\245)G\023\327P\311\336[\273\333d\336I\305\256\302\316\214\303'\253!\303]\007\314T\207!3s!\002\227gv\346\003n\232f\264\2224\366\324\341o\5\217J\337\2771q\223O\025\217G8\235\301fvG0E\002!\000\226\033!><Mb\240\316\371Z-[\204\313vb\350\305\007\237$\314\212F\2479T\322\004""\266\002 .k\255\3707\231s\265\274\366\234\024\333J\310\215\340\360D\245I\266qB\363\220\353\250u\010\250\257""; "
1750534077714,1750534077714,127,1,0,1,TMValidation,"validation: """"\200\000\000\001&\000\000\000\004)/\351\304;:\362\035\024\354\227\211\220\341QJ:\r\252\311\206\246\024\266\316^\037\202\007\350j&@r\370\202\254\005\212\230<\357\242\216\001\030\235P\027\000\000\000\000\000\000\000\000\000\000\000\000\000\000\000\000\000\000\000\000\000\000\000\000\000\000\000\000\000\000\000\000P\031\264\245)G\023\327P\311\336[\273\333d\336I\305\256\302\316\214\303'\253!\303]\007\314T\207!3s!\003\246\253M+\327\254x)\270\216\311K-\350#\234\005\242\246\352}{iSd\374\322d\355G\010\240vG0E\002!\000\315\327W.B\366\376\244\363\034\233\257\233\014\366\260\2765\225t\302\251\\024\221\242r\243\317H\257\317\002 'U\307+='4\357\276\343k\331\330A{\035u;\243]\025\246\204\270\364\010M\364\177\255\243\365""; ","validation: """"\200\000\000\001&\000\000\000\004)/\351\304;:\362\035\024\354\227\211\220\341QJ:\r\252\311\206\246\024\266\316^\037\202\007\350j&@r\370\202\254\005\212\230<\357\242\216\001\030\235P\027\000\000\000\000\000\000\000\000\000\000\000\000\000\000\000\000\000\000\000\000\000\000\000\000\000\000\000\000\000\000\000\000P\031\264\245)G\023\327P\311\336[\273\333d\336I\305\256\302\316\214\303'\253!\303]\007\314T\207!3s!\003\246\253M+\327\254x)\270\216\311K-\350#\234\005\242\246\352}{iSd\374\322d\355G\010\240vG0E\002!\000\315\327W.B\366\376\244\363\034\233\257\233\014\366\260\2765\225t\302\251\\024\221\242r\243\317H\257\317\002 'U\307+='4\357\276\343k\331\330A{\035u;\243]\025\246\204\270\364\010M\364\177\255\243\365""; "
1750534077714,1750534077714,3863,1,0,4,TMValidation,"validation: """"\200\000\000\001&\000\000\000\004)/\351\304;:\362\035\024\354\227\211\220\341QJ:\r\252\311\206\246\024\266\316^\037\202\007\350j&@r\370\202\254\005\212\230<\357\242\216\001\030\235P\027\000\000\000\000\000\000\000\000\000\000\000\000\000\000\000\000\000\000\000\000\000\000\000\000\000\000\000\000\000\000\000\000P\031\264\245)G\023\327P\311\336[\273\333d\336I\305\256\302\316\214\303'\253!\303]\007\314T\207!3s!\003\246\253M+\327\254x)\270\216\311K-\350#\234\005\242\246\352}{iSd\374\322d\355G\010\240vG0E\002!\000\315\327W.B\366\376\244\363\034\233\257\233\014\366\260\2765\225t\302\251\\024\221\242r\243\317H\257\317\002 'U\307+='4\357\276\343k\331\330A{\035u;\243]\025\246\204\270\364\010M\364\177\255\243\365""; ","validation: """"\200\000\000\001&\000\000\000\004)/\351\304;:\362\035\024\354\227\211\220\341QJ:\r\252\311\206\246\024\266\316^\037\202\007\350j&@r\370\202\254\005\212\230<\357\242\216\001\030\235P\027\000\000\000\000\000\000\000\000\000\000\000\000\000\000\000\000\000\000\000\000\000\000\000\000\000\000\000\000\000\000\000\000P\031\264\245)G\023\327P\311\336[\273\333d\336I\305\256\302\316\214\303'\253!\303]\007\314T\207!3s!\003\246\253M+\327\254x)\270\216\311K-\350#\234\005\242\246\352}{iSd\374\322d\355G\010\240vG0E\002!\000\315\327W.B\366\376\244\363\034\233\257\233\014\366\260\2765\225t\302\251\\024\221\242r\243\317H\257\317\002 'U\307+='4\357\276\343k\331\330A{\035u;\243]\025\246\204\270\364\010M\364\177\255\243\365""; "
1750534077715,1750534077715,1927,1,0,2,TMValidation,"validation: """"\200\000\000\001&\000\000\000\004)/\351\304;:\362\035\024\354\227\211\220\341QJ:\r\252\311\206\246\024\266\316^\037\202\007\350j&@r\370\202\254\005\212\230<\357\242\216\001\030\235P\027\000\000\000\000\000\000\000\000\000\000\000\000\000\000\000\000\000\000\000\000\000\000\000\000\000\000\000\000\000\000\000\000P\031\264\245)G\023\327P\311\336[\273\333d\336I\305\256\302\316\214\303'\253!\303]\007\314T\207!3s!\003\246\253M+\327\254x)\270\216\311K-\350#\234\005\242\246\352}{iSd\374\322d\355G\010\240vG0E\002!\000\315\327W.B\366\376\244\363\034\233\257\233\014\366\260\2765\225t\302\251\\024\221\242r\243\317H\257\317\002 'U\307+='4\357\276\343k\331\330A{\035u;\243]\025\246\204\270\364\010M\364\177\255\243\365""; ","validation: """"\200\000\000\001&\000\000\000\004)/\351\304;:\362\035\024\354\227\211\220\341QJ:\r\252\311\206\246\024\266\316^\037\202\007\350j&@r\370\202\254\005\212\230<\357\242\216\001\030\235P\027\000\000\000\000\000\000\000\000\000\000\000\000\000\000\000\000\000\000\000\000\000\000\000\000\000\000\000\000\000\000\000\000P\031\264\245)G\023\327P\311\336[\273\333d\336I\305\256\302\316\214\303'\253!\303]\007\314T\207!3s!\003\246\253M+\327\254x)\270\216\311K-\350#\234\005\242\246\352}{iSd\374\322d\355G\010\240vG0E\002!\000\315\327W.B\366\376\244\363\034\233\257\233\014\366\260\2765\225t\302\251\\024\221\242r\243\317H\257\317\002 'U\307+='4\357\276\343k\331\330A{\035u;\243]\025\246\204\270\364\010M\364\177\255\243\365""; "
1750534077744,1750534077744,2894,1,2,4,TMGetLedger,"itype: liTS_CANDIDATE; ledgerHash: ""\334~\226\217To9\305K\273\251\310C\346\240\200y\255\257[\242\221\010\215\235<BXHG\345s""; nodeIDs: ""\000\000\000\000\000\000\000\000\000\000\000\000\000\000\000\000\000\000\000\000\000\000\000\000\000\000\000\000\000\000\000\000\000""; queryDepth: 3; ","itype: liTS_CANDIDATE; ledgerHash: ""\334~\226\217To9\305K\273\251\310C\346\240\200y\255\257[\242\221\010\215\235<BXHG\345s""; nodeIDs: ""\000\000\000\000\000\000\000\000\000\000\000\000\000\000\000\000\000\000\000\000\000\000\000\000\000\000\000\000\000\000\000\000\000""; queryDepth: 3; "
1750534077745,1750534077745,2425,1,2,3,TMGetLedger,"itype: liTS_CANDIDATE; ledgerHash: ""\334~\226\217To9\305K\273\251\310C\346\240\200y\255\257[\242\221\010\215\235<BXHG\345s""; nodeIDs: ""\000\000\000\000\000\000\000\000\000\000\000\000\000\000\000\000\000\000\000\000\000\000\000\000\000\000\000\000\000\000\000\000\000""; queryDepth: 3; ","itype: liTS_CANDIDATE; ledgerHash: ""\334~\226\217To9\305K\273\251\310C\346\240\200y\255\257[\242\221\010\215\235<BXHG\345s""; nodeIDs: ""\000\000\000\000\000\000\000\000\000\000\000\000\000\000\000\000\000\000\000\000\000\000\000\000\000\000\000\000\000\000\000\000\000""; queryDepth: 3; "
1750534077746,1750534077747,2401,1,2,0,TMProposeSet,"proposeSeq: 0; currentTxHash: ""\334~\226\217To9\305K\273\251\310C\346\240\200y\255\257[\242\221\010\215\235<BXHG\345s""; nodePubKey: ""\003)\036\227\370\t\264\235\206\317\234B\n\230/\375\257\335fo\253d\026_\357K\336\020\302\356\323\222\376""; closeTime: 803849276; signature: ""0E\002!\000\343i1\252j\252\t)\207\2623\032:\243'\003\013?U\244\326\34123\353S\337\033\227\354N\340\002 -\254<\245\204\312e\322g\204+\206k\203\274+KQ\354\273-\023\\262\231Vy~Gv\240\241""; previousledger: ""J:\r\252\311\206\246\024\266\316^\037\202\007\350j&@r\370\202\254\005\212\230<\357\242\216\001\030\235""; ","proposeSeq: 0; currentTxHash: ""\334~\226\217To9\305K\273\251\310C\346\240\200y\255\257[\242\221\010\215\235<BXHG\345s""; nodePubKey: ""\003)\036\227\370\t\264\235\206\317\234B\n\230/\375\257\335fo\253d\026_\357K\336\020\302\356\323\222\376""; closeTime: 803849276; signature: ""0E\002!\000\343i1\252j\252\t)\207\2623\032:\243'\003\013?U\244\326\34123\353S\337\033\227\354N\340\002 -\254<\245\204\312e\322g\204+\206k\203\274+KQ\354\273-\023\\262\231Vy~Gv\240\241""; previousledger: ""J:\r\252\311\206\246\024\266\316^\037\202\007\350j&@r\370\202\254\005\212\230<\357\242\216\001\030\235""; "
1750534077746,1750534077746,1165,1,2,1,TMProposeSet,"proposeSeq: 0; currentTxHash: ""\334~\226\217To9\305K\273\251\310C\346\240\200y\255\257[\242\221\010\215\235<BXHG\345s""; nodePubKey: ""\003)\036\227\370\t\264\235\206\317\234B\n\230/\375\257\335fo\253d\026_\357K\336\020\302\356\323\222\376""; closeTime: 803849276; signature: ""0E\002!\000\343i1\252j\252\t)\207\2623\032:\243'\003\013?U\244\326\34123\353S\337\033\227\354N\340\002 -\254<\245\204\312e\322g\204+\206k\203\274+KQ\354\273-\023\\262\231Vy~Gv\240\241""; previousledger: ""J:\r\252\311\206\246\024\266\316^\037\202\007\350j&@r\370\202\254\005\212\230<\357\242\216\001\030\235""; ","proposeSeq: 0; currentTxHash: ""\334~\226\217To9\305K\273\251\310C\346\240\200y\255\257[\242\221\010\215\235<BXHG\345s""; nodePubKey: ""\003)\036\227\370\t\264\235\206\317\234B\n\230/\375\257\335fo\253d\026_\357K\336\020\302\356\323\222\376""; closeTime: 803849276; signature: ""0E\002!\000\343i1\252j\252\t)\207\2623\032:\243'\003\013?U\244\326\34123\353S\337\033\227\354N\340\002 -\254<\245\204\312e\322g\204+\206k\203\274+KQ\354\273-\023\\262\231Vy~Gv\240\241""; previousledger: ""J:\r\252\311\206\246\024\266\316^\037\202\007\350j&@r\370\202\254\005\212\230<\357\242\216\001\030\235""; "
1750534077745,1750534077745,606,1,2,3,TMProposeSet,"proposeSeq: 0; currentTxHash: ""\334~\226\217To9\305K\273\251\310C\346\240\200y\255\257[\242\221\010\215\235<BXHG\345s""; nodePubKey: ""\003)\036\227\370\t\264\235\206\317\234B\n\230/\375\257\335fo\253d\026_\357K\336\020\302\356\323\222\376""; closeTime: 803849276; signature: ""0E\002!\000\343i1\252j\252\t)\207\2623\032:\243'\003\013?U\244\326\34123\353S\337\033\227\354N\340\002 -\254<\245\204\312e\322g\204+\206k\203\274+KQ\354\273-\023\\262\231Vy~Gv\240\241""; previousledger: ""J:\r\252\311\206\246\024\266\316^\037\202\007\350j&@r\370\202\254\005\212\230<\357\242\216\001\030\235""; ","proposeSeq: 0; currentTxHash: ""\334~\226\217To9\305K\273\251\310C\346\240\200y\255\257[\242\221\010\215\235<BXHG\345s""; nodePubKey: ""\003)\036\227\370\t\264\235\206\317\234B\n\230/\375\257\335fo\253d\026_\357K\336\020\302\356\323\222\376""; closeTime: 803849276; signature: ""0E\002!\000\343i1\252j\252\t)\207\2623\032:\243'\003\013?U\244\326\34123\353S\337\033\227\354N\340\002 -\254<\245\204\312e\322g\204+\206k\203\274+KQ\354\273-\023\\262\231Vy~Gv\240\241""; previousledger: ""J:\r\252\311\206\246\024\266\316^\037\202\007\350j&@r\370\202\254\005\212\230<\357\242\216\001\030\235""; "
1750534077830,1750534077830,2853,1,1,3,TMGetLedger,"itype: liTS_CANDIDATE; ledgerHash: ""N*\343\035DQ\037\327\260\207=\214\227\252\244\265\245\321\265v\200dSd\365\213|\n\352S\362\370""; nodeIDs: ""\000\000\000\000\000\000\000\000\000\000\000\000\000\000\000\000\000\000\000\000\000\000\000\000\000\000\000\000\000\000\000\000\000""; queryType: qtINDIRECT; queryDepth: 3; ","itype: liTS_CANDIDATE; ledgerHash: ""N*\343\035DQ\037\327\260\207=\214\227\252\244\265\245\321\265v\200dSd\365\213|\n\352S\362\370""; nodeIDs: ""\000\000\000\000\000\000\000\000\000\000\000\000\000\000\000\000\000\000\000\000\000\000\000\000\000\000\000\000\000\000\000\000\000""; queryType: qtINDIRECT; queryDepth: 3; "
1750534077895,1750534077895,1391,1,2,1,TMValidation,"validation: """"\200\000\000\001&\000\000\000\004)/\351\304;:\001\317\351\3603A\3522QJ:\r\252\311\206\246\024\266\316^\037\202\007\350j&@r\370\202\254\005\212\230<\357\242\216\001\030\235P\027\000\000\000\000\000\000\000\000\000\000\000\000\000\000\000\000\000\000\000\000\000\000\000\000\000\000\000\000\000\000\000\000P\031\264\245)G\023\327P\311\336[\273\333d\336I\305\256\302\316\214\303'\253!\303]\007\314T\207!3s!\003)\036\227\370\t\264\235\206\317\234B\n\230/\375\257\335fo\253d\026_\357K\336\020\302\356\323\222\376vF0D\002 \037&H[\036o\r\304\364 /\027s\251\302\336\340O}I\024)7vebh\276\243e\002\215\002 \031\353// \316\304\230pbMBY\017EPq\315X\002\372\320\314\200\365\3066!\364R9\353""; ","validation: """"\200\000\000\001&\000\000\000\004)/\351\304;:\001\317\351\3603A\3522QJ:\r\252\311\206\246\024\266\316^\037\202\007\350j&@r\370\202\254\005\212\230<\357\242\216\001\030\235P\027\000\000\000\000\000\000\000\000\000\000\000\000\000\000\000\000\000\000\000\000\000\000\000\000\000\000\000\000\000\000\000\000P\031\264\245)G\023\327P\311\336[\273\333d\336I\305\256\302\316\214\303'\253!\303]\007\314T\207!3s!\003)\036\227\370\t\264\235\206\317\234B\n\230/\375\257\335fo\253d\026_\357K\336\020\302\356\323\222\376vF0D\002 \037&H[\036o\r\304\364 /\027s\251\302\336\340O}I\024)7vebh\276\243e\002\215\002 \031\353// \316\304\230pbMBY\017EPq\315X\002\372\320\314\200\365\3066!\364R9\353""; "
1750534077895,1750534077896,565,1,2,0,TMValidation,"validation: """"\200\000\000\001&\000\000\000\004)/\351\304;:\001\317\351\3603A\3522QJ:\r\252\311\206\246\024\266\316^\037\202\007\350j&@r\370\202\254\005\212\230<\357\242\216\001\030\235P\027\000\000\000\000\000\000\000\000\000\000\000\000\000\000\000\000\000\000\000\000\000\000\000\000\000\000\000\000\000\000\000\000P\031\264\245)G\023\327P\311\336[\273\333d\336I\305\256\302\316\214\303'\253!\303]\007\314T\207!3s!\003)\036\227\370\t\264\235\206\317\234B\n\230/\375\257\335fo\253d\026_\357K\336\020\302\356\323\222\376vF0D\002 \037&H[\036o\r\304\364 /\027s\251\302\336\340O}I\024)7vebh\276\243e\002\215\002 \031\353// \316\304\230pbMBY\017EPq\315X\002\372\320\314\200\365\3066!\364R9\353""; ","validation: """"\200\000\000\001&\000\000\000\004)/\351\304;:\001\317\351\3603A\3522QJ:\r\252\311\206\246\024\266\316^\037\202\007\350j&@r\370\202\254\005\212\230<\357\242\216\001\030\235P\027\000\000\000\000\000\000\000\000\000\000\000\000\000\000\000\000\000\000\000\000\000\000\000\000\000\000\000\000\000\000\000\000P\031\264\245)G\023\327P\311\336[\273\333d\336I\305\256\302\316\214\303'\253!\303]\007\314T\207!3s!\003)\036\227\370\t\264\235\206\317\234B\n\230/\375\257\335fo\253d\026_\357K\336\020\302\356\323\222\376vF0D\002 \037&H[\036o\r\304\364 /\027s\251\302\336\340O}I\024)7vebh\276\243e\002\215\002 \031\353// \316\304\230pbMBY\017EPq\315X\002\372\320\314\200\365\3066!\364R9\353""; "
1750534077896,1750534077896,2970,1,2,3,TMValidation,"validation: """"\200\000\000\001&\000\000\000\004)/\351\304;:\001\317\351\3603A\3522QJ:\r\252\311\206\246\024\266\316^\037\202\007\350j&@r\370\202\254\005\212\230<\357\242\216\001\030\235P\027\000\000\000\000\000\000\000\000\000\000\000\000\000\000\000\000\000\000\000\000\000\000\000\000\000\000\000\000\000\000\000\000P\031\264\245)G\023\327P\311\336[\273\333d\336I\305\256\302\316\214\303'\253!\303]\007\314T\207!3s!\003)\036\227\370\t\264\235\206\317\234B\n\230/\375\257\335fo\253d\026_\357K\336\020\302\356\323\222\376vF0D\002 \037&H[\036o\r\304\364 /\027s\251\302\336\340O}I\024)7vebh\276\243e\002\215\002 \031\353// \316\304\230pbMBY\017EPq\315X\002\372\320\314\200\365\3066!\364R9\353""; ","validation: """"\200\000\000\001&\000\000\000\004)/\351\304;:\001\317\351\3603A\3522QJ:\r\252\311\206\246\024\266\316^\037\202\007\350j&@r\370\202\254\005\212\230<\357\242\216\001\030\235P\027\000\000\000\000\000\000\000\000\000\000\000\000\000\000\000\000\000\000\000\000\000\000\000\000\000\000\000\000\000\000\000\000P\031\264\245)G\023\327P\311\336[\273\333d\336I\305\256\302\316\214\303'\253!\303]\007\314T\207!3s!\003)\036\227\370\t\264\235\206\317\234B\n\230/\375\257\335fo\253d\026_\357K\336\020\302\356\323\222\376vF0D\002 \037&H[\036o\r\304\364 /\027s\251\302\336\340O}I\024)7vebh\276\243e\002\215\002 \031\353// \316\304\230pbMBY\017EPq\315X\002\372\320\314\200\365\3066!\364R9\353""; "
1750534077909,1750534077909,272,1,4,3,TMValidation,"validation: """"\200\000\000\001&\000\000\000\004)/\351\304;:7\006\273IhO\034\261QJ:\r\252\311\206\246\024\266\316^\037\202\007\350j&@r\370\202\254\005\212\230<\357\242\216\001\030\235P\027\000\000\000\000\000\000\000\000\000\000\000\000\000\000\000\000\000\000\000\000\000\000\000\000\000\000\000\000\000\000\000\000P\031\264\245)G\023\327P\311\336[\273\333d\336I\305\256\302\316\214\303'\253!\303]\007\314T\207!3s!\002\227gv\346\003n\232f\264\2224\366\324\341o\5\217J\337\2771q\223O\025\217G8\235\301fvG0E\002!\000\226\033!><Mb\240\316\371Z-[\204\313vb\350\305\007\237$\314\212F\2479T\322\004""\266\002 .k\255\3707\231s\265\274\366\234\024\333J\310\215\340\360D\245I\266qB\363\220\353\250u\010\250\257""; ","validation: """"\200\000\000\001&\000\000\000\004)/\351\304;:7\006\273IhO\034\261QJ:\r\252\311\206\246\024\266\316^\037\202\007\350j&@r\370\202\254\005\212\230<\357\242\216\001\030\235P\027\000\000\000\000\000\000\000\000\000\000\000\000\000\000\000\000\000\000\000\000\000\000\000\000\000\000\000\000\000\000\000\000P\031\264\245)G\023\327P\311\336[\273\333d\336I\305\256\302\316\214\303'\253!\303]\007\314T\207!3s!\002\227gv\346\003n\232f\264\2224\366\324\341o\5\217J\337\2771q\223O\025\217G8\235\301fvG0E\002!\000\226\033!><Mb\240\316\371Z-[\204\313vb\350\305\007\237$\314\212F\2479T\322\004""\266\002 .k\255\3707\231s\265\274\366\234\024\333J\310\215\340\360D\245I\266qB\363\220\353\250u\010\250\257""; "
1750534077910,1750534077910,235,1,4,2,TMValidation,"validation: """"\200\000\000\001&\000\000\000\004)/\351\304;:7\006\273IhO\034\261QJ:\r\252\311\206\246\024\266\316^\037\202\007\350j&@r\370\202\254\005\212\230<\357\242\216\001\030\235P\027\000\000\000\000\000\000\000\000\000\000\000\000\000\000\000\000\000\000\000\000\000\000\000\000\000\000\000\000\000\000\000\000P\031\264\245)G\023\327P\311\336[\273\333d\336I\305\256\302\316\214\303'\253!\303]\007\314T\207!3s!\002\227gv\346\003n\232f\264\2224\366\324\341o\5\217J\337\2771q\223O\025\217G8\235\301fvG0E\002!\000\226\033!><Mb\240\316\371Z-[\204\313vb\350\305\007\237$\314\212F\2479T\322\004""\266\002 .k\255\3707\231s\265\274\366\234\024\333J\310\215\340\360D\245I\266qB\363\220\353\250u\010\250\257""; ","validation: """"\200\000\000\001&\000\000\000\004)/\351\304;:7\006\273IhO\034\261QJ:\r\252\311\206\246\024\266\316^\037\202\007\350j&@r\370\202\254\005\212\230<\357\242\216\001\030\235P\027\000\000\000\000\000\000\000\000\000\000\000\000\000\000\000\000\000\000\000\000\000\000\000\000\000\000\000\000\000\000\000\000P\031\264\245)G\023\327P\311\336[\273\333d\336I\305\256\302\316\214\303'\253!\303]\007\314T\207!3s!\002\227gv\346\003n\232f\264\2224\366\324\341o\5\217J\337\2771q\223O\025\217G8\235\301fvG0E\002!\000\226\033!><Mb\240\316\371Z-[\204\313vb\350\305\007\237$\314\212F\2479T\322\004""\266\002 .k\255\3707\231s\265\274\366\234\024\333J\310\215\340\360D\245I\266qB\363\220\353\250u\010\250\257""; "
1750534077909,1750534077909,2854,1,4,0,TMValidation,"validation: """"\200\000\000\001&\000\000\000\004)/\351\304;:7\006\273IhO\034\261QJ:\r\252\311\206\246\024\266\316^\037\202\007\350j&@r\370\202\254\005\212\230<\357\242\216\001\030\235P\027\000\000\000\000\000\000\000\000\000\000\000\000\000\000\000\000\000\000\000\000\000\000\000\000\000\000\000\000\000\000\000\000P\031\264\245)G\023\327P\311\336[\273\333d\336I\305\256\302\316\214\303'\253!\303]\007\314T\207!3s!\002\227gv\346\003n\232f\264\2224\366\324\341o\5\217J\337\2771q\223O\025\217G8\235\301fvG0E\002!\000\226\033!><Mb\240\316\371Z-[\204\313vb\350\305\007\237$\314\212F\2479T\322\004""\266\002 .k\255\3707\231s\265\274\366\234\024\333J\310\215\340\360D\245I\266qB\363\220\353\250u\010\250\257""; ","validation: """"\200\000\000\001&\000\000\000\004)/\351\304;:7\006\273IhO\034\261QJ:\r\252\311\206\246\024\266\316^\037\202\007\350j&@r\370\202\254\005\212\230<\357\242\216\001\030\235P\027\000\000\000\000\000\000\000\000\000\000\000\000\000\000\000\000\000\000\000\000\000\000\000\000\000\000\000\000\000\000\000\000P\031\264\245)G\023\327P\311\336[\273\333d\336I\305\256\302\316\214\303'\253!\303]\007\314T\207!3s!\002\227gv\346\003n\232f\264\2224\366\324\341o\5\217J\337\2771q\223O\025\217G8\235\301fvG0E\002!\000\226\033!><Mb\240\316\371Z-[\204\313vb\350\305\007\237$\314\212F\2479T\322\004""\266\002 .k\255\3707\231s\265\274\366\234\024\333J\310\215\340\360D\245I\266qB\363\220\353\250u\010\250\257""; "
1750534077940,1750534077940,547,1,0,2,TMGetLedger,"itype: liTS_CANDIDATE; ledgerHash: ""\334~\226\217To9\305K\273\251\310C\346\240\200y\255\257[\242\221\010\215\235<BXHG\345s""; nodeIDs: ""\000\000\000\000\000\000\000\000\000\000\000\000\000\000\000\000\000\000\000\000\000\000\000\000\000\000\000\000\000\000\000\000\000""; queryType: qtINDIRECT; queryDepth: 3; ","itype: liTS_CANDIDATE; ledgerHash: ""\334~\226\217To9\305K\273\251\310C\346\240\200y\255\257[\242\221\010\215\235<BXHG\345s""; nodeIDs: ""\000\000\000\000\000\000\000\000\000\000\000\000\000\000\000\000\000\000\000\000\000\000\000\000\000\000\000\000\000\000\000\000\000""; queryType: qtINDIRECT; queryDepth: 3; "
1750534077974,1750534077974,3502,1,4,1,TMGetLedger,"itype: liTS_CANDIDATE; ledgerHash: ""N*\343\035DQ\037\327\260\207=\214\227\252\244\265\245\321\265v\200dSd\365\213|\n\352S\362\370""; nodeIDs: ""\000\000\000\000\000\000\000\000\000\000\000\000\000\000\000\000\000\000\000\000\000\000\000\000\000\000\000\000\000\000\000\000\000""; queryDepth: 3; ","itype: liTS_CANDIDATE; ledgerHash: ""N*\343\035DQ\037\327\260\207=\214\227\252\244\265\245\321\265v\200dSd\365\213|\n\352S\362\370""; nodeIDs: ""\000\000\000\000\000\000\000\000\000\000\000\000\000\000\000\000\000\000\000\000\000\000\000\000\000\000\000\000\000\000\000\000\000""; queryDepth: 3; "
1750534077975,1750534077975,3949,1,4,3,TMProposeSet,"proposeSeq: 0; currentTxHash: ""N*\343\035DQ\037\327\260\207=\214\227\252\244\265\245\321\265v\200dSd\365\213|\n\352S\362\370""; nodePubKey: ""\002\227gv\346\003n\232f\264\2224\366\324\341o\5\217J\337\2771q\223O\025\217G8\235\301f""; closeTime: 803849276; signature: ""0E\002!\000\241\201sEKO\317\224\227\277\007\370\333\276\260\020obH\313\362\245\n\375\215&\375\374\341\272\366\266\002 {\376\002\317%\367f\333\226\263\344\2420\266.\302\007\304\017\351\303\331\235\226\3759\320D*\241IB""; previousledger: ""J:\r\252\311\206\246\024\266\316^\037\202\007\350j&@r\370\202\254\005\212\230<\357\242\216\001\030\235""; ","proposeSeq: 0; currentTxHash: ""N*\343\035DQ\037\327\260\207=\214\227\252\244\265\245\321\265v\200dSd\365\213|\n\352S\362\370""; nodePubKey: ""\002\227gv\346\003n\232f\264\2224\366\324\341o\5\217J\337\2771q\223O\025\217G8\235\301f""; closeTime: 803849276; signature: ""0E\002!\000\241\201sEKO\317\224\227\277\007\370\333\276\260\020obH\313\362\245\n\375\215&\375\374\341\272\366\266\002 {\376\002\317%\367f\333\226\263\344\2420\266.\302\007\304\017\351\303\331\235\226\3759\320D*\241IB""; previousledger: ""J:\r\252\311\206\246\024\266\316^\037\202\007\350j&@r\370\202\254\005\212\230<\357\242\216\001\030\235""; "
1750534077975,1750534077975,2873,1,4,0,TMGetLedger,"itype: liTS_CANDIDATE; ledgerHash: ""N*\343\035DQ\037\327\260\207=\214\227\252\244\265\245\321\265v\200dSd\365\213|\n\352S\362\370""; nodeIDs: ""\000\000\000\000\000\000\000\000\000\000\000\000\000\000\000\000\000\000\000\000\000\000\000\000\000\000\000\000\000\000\000\000\000""; queryDepth: 3; ","itype: liTS_CANDIDATE; ledgerHash: ""N*\343\035DQ\037\327\260\207=\214\227\252\244\265\245\321\265v\200dSd\365\213|\n\352S\362\370""; nodeIDs: ""\000\000\000\000\000\000\000\000\000\000\000\000\000\000\000\000\000\000\000\000\000\000\000\000\000\000\000\000\000\000\000\000\000""; queryDepth: 3; "
1750534077976,1750534077976,657,1,4,2,TMProposeSet,"proposeSeq: 0; currentTxHash: ""N*\343\035DQ\037\327\260\207=\214\227\252\244\265\245\321\265v\200dSd\365\213|\n\352S\362\370""; nodePubKey: ""\002\227gv\346\003n\232f\264\2224\366\324\341o\5\217J\337\2771q\223O\025\217G8\235\301f""; closeTime: 803849276; signature: ""0E\002!\000\241\201sEKO\317\224\227\277\007\370\333\276\260\020obH\313\362\245\n\375\215&\375\374\341\272\366\266\002 {\376\002\317%\367f\333\226\263\344\2420\266.\302\007\304\017\351\303\331\235\226\3759\320D*\241IB""; previousledger: ""J:\r\252\311\206\246\024\266\316^\037\202\007\350j&@r\370\202\254\005\212\230<\357\242\216\001\030\235""; ","proposeSeq: 0; currentTxHash: ""N*\343\035DQ\037\327\260\207=\214\227\252\244\265\245\321\265v\200dSd\365\213|\n\352S\362\370""; nodePubKey: ""\002\227gv\346\003n\232f\264\2224\366\324\341o\5\217J\337\2771q\223O\025\217G8\235\301f""; closeTime: 803849276; signature: ""0E\002!\000\241\201sEKO\317\224\227\277\007\370\333\276\260\020obH\313\362\245\n\375\215&\375\374\341\272\366\266\002 {\376\002\317%\367f\333\226\263\344\2420\266.\302\007\304\017\351\303\331\235\226\3759\320D*\241IB""; previousledger: ""J:\r\252\311\206\246\024\266\316^\037\202\007\350j&@r\370\202\254\005\212\230<\357\242\216\001\030\235""; "
1750534077974,1750534077974,467,1,4,0,TMProposeSet,"proposeSeq: 0; currentTxHash: ""N*\343\035DQ\037\327\260\207=\214\227\252\244\265\245\321\265v\200dSd\365\213|\n\352S\362\370""; nodePubKey: ""\002\227gv\346\003n\232f\264\2224\366\324\341o\5\217J\337\2771q\223O\025\217G8\235\301f""; closeTime: 803849276; signature: ""0E\002!\000\241\201sEKO\317\224\227\277\007\370\333\276\260\020obH\313\362\245\n\375\215&\375\374\341\272\366\266\002 {\376\002\317%\367f\333\226\263\344\2420\266.\302\007\304\017\351\303\331\235\226\3759\320D*\241IB""; previousledger: ""J:\r\252\311\206\246\024\266\316^\037\202\007\350j&@r\370\202\254\005\212\230<\357\242\216\001\030\235""; ","proposeSeq: 0; currentTxHash: ""N*\343\035DQ\037\327\260\207=\214\227\252\244\265\245\321\265v\200dSd\365\213|\n\352S\362\370""; nodePubKey: ""\002\227gv\346\003n\232f\264\2224\366\324\341o\5\217J\337\2771q\223O\025\217G8\235\301f""; closeTime: 803849276; signature: ""0E\002!\000\241\201sEKO\317\224\227\277\007\370\333\276\260\020obH\313\362\245\n\375\215&\375\374\341\272\366\266\002 {\376\002\317%\367f\333\226\263\344\2420\266.\302\007\304\017\351\303\331\235\226\3759\320D*\241IB""; previousledger: ""J:\r\252\311\206\246\024\266\316^\037\202\007\350j&@r\370\202\254\005\212\230<\357\242\216\001\030\235""; "
1750534077994,1750534077994,3260,1,2,1,TMGetLedger,"itype: liTS_CANDIDATE; ledgerHash: ""\334~\226\217To9\305K\273\251\310C\346\240\200y\255\257[\242\221\010\215\235<BXHG\345s""; nodeIDs: ""\000\000\000\000\000\000\000\000\000\000\000\000\000\000\000\000\000\000\000\000\000\000\000\000\000\000\000\000\000\000\000\000\000""; queryType: qtINDIRECT; queryDepth: 3; ","itype: liTS_CANDIDATE; ledgerHash: ""\334~\226\217To9\305K\273\251\310C\346\240\200y\255\257[\242\221\010\215\235<BXHG\345s""; nodeIDs: ""\000\000\000\000\000\000\000\000\000\000\000\000\000\000\000\000\000\000\000\000\000\000\000\000\000\000\000\000\000\000\000\000\000""; queryType: qtINDIRECT; queryDepth: 3; "
1750534078007,1750534078007,2007,1,3,2,TMGetLedger,"itype: liTS_CANDIDATE; ledgerHash: ""N*\343\035DQ\037\327\260\207=\214\227\252\244\265\245\321\265v\200dSd\365\213|\n\352S\362\370""; nodeIDs: ""\000\000\000\000\000\000\000\000\000\000\000\000\000\000\000\000\000\000\000\000\000\000\000\000\000\000\000\000\000\000\000\000\000""; queryDepth: 3; ","itype: liTS_CANDIDATE; ledgerHash: ""N*\343\035DQ\037\327\260\207=\214\227\252\244\265\245\321\265v\200dSd\365\213|\n\352S\362\370""; nodeIDs: ""\000\000\000\000\000\000\000\000\000\000\000\000\000\000\000\000\000\000\000\000\000\000\000\000\000\000\000\000\000\000\000\000\000""; queryDepth: 3; "
1750534078008,1750534078008,1696,1,3,0,TMProposeSet,"proposeSeq: 0; currentTxHash: ""N*\343\035DQ\037\327\260\207=\214\227\252\244\265\245\321\265v\200dSd\365\213|\n\352S\362\370""; nodePubKey: ""\002\031\356p7g\301C\213'\252;p\007\211\345G\223\330\261\277\313\310Pm\016p|\376\310\342\020\261""; closeTime: 803849277; signature: ""0E\002!\000\246j\302\206y\005\366\356\2608\345\324\227d,?\030\302+\243\2732/y\341R\322wWS\236\030\002 \0040\345x9s\243n\200\215x\n\227\206\367\370\003bs\222,\003\303\001`\017\332\224\\017W\200""; previousledger: ""J:\r\252\311\206\246\024\266\316^\037\202\007\350j&@r\370\202\254\005\212\230<\357\242\216\001\030\235""; ","proposeSeq: 0; currentTxHash: ""N*\343\035DQ\037\327\260\207=\214\227\252\244\265\245\321\265v\200dSd\365\213|\n\352S\362\370""; nodePubKey: ""\002\031\356p7g\301C\213'\252;p\007\211\345G\223\330\261\277\313\310Pm\016p|\376\310\342\020\261""; closeTime: 803849277; signature: ""0E\002!\000\246j\302\206y\005\366\356\2608\345\324\227d,?\030\302+\243\2732/y\341R\322wWS\236\030\002 \0040\345x9s\243n\200\215x\n\227\206\367\370\003bs\222,\003\303\001`\017\332\224\\017W\200""; previousledger: ""J:\r\252\311\206\246\024\266\316^\037\202\007\350j&@r\370\202\254\005\212\230<\357\242\216\001\030\235""; "
1750534078009,1750534078010,2364,1,3,4,TMProposeSet,"proposeSeq: 0; currentTxHash: ""N*\343\035DQ\037\327\260\207=\214\227\252\244\265\245\321\265v\200dSd\365\213|\n\352S\362\370""; nodePubKey: ""\002\031\356p7g\301C\213'\252;p\007\211\345G\223\330\261\277\313\310Pm\016p|\376\310\342\020\261""; closeTime: 803849277; signature: ""0E\002!\000\246j\302\206y\005\366\356\2608\345\324\227d,?\030\302+\243\2732/y\341R\322wWS\236\030\002 \0040\345x9s\243n\200\215x\n\227\206\367\370\003bs\222,\003\303\001`\017\332\224\\017W\200""; previousledger: ""J:\r\252\311\206\246\024\266\316^\037\202\007\350j&@r\370\202\254\005\212\230<\357\242\216\001\030\235""; ","proposeSeq: 0; currentTxHash: ""N*\343\035DQ\037\327\260\207=\214\227\252\244\265\245\321\265v\200dSd\365\213|\n\352S\362\370""; nodePubKey: ""\002\031\356p7g\301C\213'\252;p\007\211\345G\223\330\261\277\313\310Pm\016p|\376\310\342\020\261""; closeTime: 803849277; signature: ""0E\002!\000\246j\302\206y\005\366\356\2608\345\324\227d,?\030\302+\243\2732/y\341R\322wWS\236\030\002 \0040\345x9s\243n\200\215x\n\227\206\367\370\003bs\222,\003\303\001`\017\332\224\\017W\200""; previousledger: ""J:\r\252\311\206\246\024\266\316^\037\202\007\350j&@r\370\202\254\005\212\230<\357\242\216\001\030\235""; "
1750534078009,1750534078009,2365,1,3,1,TMProposeSet,"proposeSeq: 0; currentTxHash: ""N*\343\035DQ\037\327\260\207=\214\227\252\244\265\245\321\265v\200dSd\365\213|\n\352S\362\370""; nodePubKey: ""\002\031\356p7g\301C\213'\252;p\007\211\345G\223\330\261\277\313\310Pm\016p|\376\310\342\020\261""; closeTime: 803849277; signature: ""0E\002!\000\246j\302\206y\005\366\356\2608\345\324\227d,?\030\302+\243\2732/y\341R\322wWS\236\030\002 \0040\345x9s\243n\200\215x\n\227\206\367\370\003bs\222,\003\303\001`\017\332\224\\017W\200""; previousledger: ""J:\r\252\311\206\246\024\266\316^\037\202\007\350j&@r\370\202\254\005\212\230<\357\242\216\001\030\235""; ","proposeSeq: 0; currentTxHash: ""N*\343\035DQ\037\327\260\207=\214\227\252\244\265\245\321\265v\200dSd\365\213|\n\352S\362\370""; nodePubKey: ""\002\031\356p7g\301C\213'\252;p\007\211\345G\223\330\261\277\313\310Pm\016p|\376\310\342\020\261""; closeTime: 803849277; signature: ""0E\002!\000\246j\302\206y\005\366\356\2608\345\324\227d,?\030\302+\243\2732/y\341R\322wWS\236\030\002 \0040\345x9s\243n\200\215x\n\227\206\367\370\003bs\222,\003\303\001`\017\332\224\\017W\200""; previousledger: ""J:\r\252\311\206\246\024\266\316^\037\202\007\350j&@r\370\202\254\005\212\230<\357\242\216\001\030\235""; "
1750534078009,1750534078009,154,1,3,0,TMGetLedger,"itype: liTS_CANDIDATE; ledgerHash: ""N*\343\035DQ\037\327\260\207=\214\227\252\244\265\245\321\265v\200dSd\365\213|\n\352S\362\370""; nodeIDs: ""\000\000\000\000\000\000\000\000\000\000\000\000\000\000\000\000\000\000\000\000\000\000\000\000\000\000\000\000\000\000\000\000\000""; queryDepth: 3; ","itype: liTS_CANDIDATE; ledgerHash: ""N*\343\035DQ\037\327\260\207=\214\227\252\244\265\245\321\265v\200dSd\365\213|\n\352S\362\370""; nodeIDs: ""\000\000\000\000\000\000\000\000\000\000\000\000\000\000\000\000\000\000\000\000\000\000\000\000\000\000\000\000\000\000\000\000\000""; queryDepth: 3; "
1750534078080,1750534078080,2028,1,1,4,TMGetLedger,"itype: liTS_CANDIDATE; ledgerHash: ""N*\343\035DQ\037\327\260\207=\214\227\252\244\265\245\321\265v\200dSd\365\213|\n\352S\362\370""; nodeIDs: ""\000\000\000\000\000\000\000\000\000\000\000\000\000\000\000\000\000\000\000\000\000\000\000\000\000\000\000\000\000\000\000\000\000""; queryType: qtINDIRECT; queryDepth: 3; ","itype: liTS_CANDIDATE; ledgerHash: ""N*\343\035DQ\037\327\260\207=\214\227\252\244\265\245\321\265v\200dSd\365\213|\n\352S\362\370""; nodeIDs: ""\000\000\000\000\000\000\000\000\000\000\000\000\000\000\000\000\000\000\000\000\000\000\000\000\000\000\000\000\000\000\000\000\000""; queryType: qtINDIRECT; queryDepth: 3; "
1750534078086,1750534078086,3502,1,4,1,TMGetLedger,"itype: liTS_CANDIDATE; ledgerHash: ""\334~\226\217To9\305K\273\251\310C\346\240\200y\255\257[\242\221\010\215\235<BXHG\345s""; nodeIDs: ""\000\000\000\000\000\000\000\000\000\000\000\000\000\000\000\000\000\000\000\000\000\000\000\000\000\000\000\000\000\000\000\000\000""; queryType: qtINDIRECT; queryDepth: 3; ","itype: liTS_CANDIDATE; ledgerHash: ""\334~\226\217To9\305K\273\251\310C\346\240\200y\255\257[\242\221\010\215\235<BXHG\345s""; nodeIDs: ""\000\000\000\000\000\000\000\000\000\000\000\000\000\000\000\000\000\000\000\000\000\000\000\000\000\000\000\000\000\000\000\000\000""; queryType: qtINDIRECT; queryDepth: 3; "
1750534078087,1750534078087,2574,1,4,2,TMGetLedger,"itype: liTS_CANDIDATE; ledgerHash: ""\334~\226\217To9\305K\273\251\310C\346\240\200y\255\257[\242\221\010\215\235<BXHG\345s""; nodeIDs: ""\000\000\000\000\000\000\000\000\000\000\000\000\000\000\000\000\000\000\000\000\000\000\000\000\000\000\000\000\000\000\000\000\000""; queryType: qtINDIRECT; queryDepth: 3; ","itype: liTS_CANDIDATE; ledgerHash: ""\334~\226\217To9\305K\273\251\310C\346\240\200y\255\257[\242\221\010\215\235<BXHG\345s""; nodeIDs: ""\000\000\000\000\000\000\000\000\000\000\000\000\000\000\000\000\000\000\000\000\000\000\000\000\000\000\000\000\000\000\000\000\000""; queryType: qtINDIRECT; queryDepth: 3; "
1750534078087,1750534078087,2873,1,4,0,TMGetLedger,"itype: liTS_CANDIDATE; ledgerHash: ""\334~\226\217To9\305K\273\251\310C\346\240\200y\255\257[\242\221\010\215\235<BXHG\345s""; nodeIDs: ""\000\000\000\000\000\000\000\000\000\000\000\000\000\000\000\000\000\000\000\000\000\000\000\000\000\000\000\000\000\000\000\000\000""; queryType: qtINDIRECT; queryDepth: 3; ","itype: liTS_CANDIDATE; ledgerHash: ""\334~\226\217To9\305K\273\251\310C\346\240\200y\255\257[\242\221\010\215\235<BXHG\345s""; nodeIDs: ""\000\000\000\000\000\000\000\000\000\000\000\000\000\000\000\000\000\000\000\000\000\000\000\000\000\000\000\000\000\000\000\000\000""; queryType: qtINDIRECT; queryDepth: 3; "
1750534078086,1750534078086,560,1,4,3,TMGetLedger,"itype: liTS_CANDIDATE; ledgerHash: ""\334~\226\217To9\305K\273\251\310C\346\240\200y\255\257[\242\221\010\215\235<BXHG\345s""; nodeIDs: ""\000\000\000\000\000\000\000\000\000\000\000\000\000\000\000\000\000\000\000\000\000\000\000\000\000\000\000\000\000\000\000\000\000""; queryType: qtINDIRECT; queryDepth: 3; ","itype: liTS_CANDIDATE; ledgerHash: ""\334~\226\217To9\305K\273\251\310C\346\240\200y\255\257[\242\221\010\215\235<BXHG\345s""; nodeIDs: ""\000\000\000\000\000\000\000\000\000\000\000\000\000\000\000\000\000\000\000\000\000\000\000\000\000\000\000\000\000\000\000\000\000""; queryType: qtINDIRECT; queryDepth: 3; "
1750534078096,1750534078096,1064,1,1,0,TMLedgerData,"ledgerHash: ""\334~\226\217To9\305K\273\251\310C\346\240\200y\255\257[\242\221\010\215\235<BXHG\345s""; ledgerSeq: 0; type: liTS_CANDIDATE; nodes {;   nodedata: ""\212E\024\245\177Gt@\0016\263\323P\034\372\262\304\234\272\267\261\301\354}U\256\005""!&?\374\010\252\227\335C\245><\260o.\314q\300\360\306\353\3007w\177k\003\262\334\033f\316\261\024\r~\306\n\271\2308u\204$\232\233\200\350\017\307\016\321\211I\374\320\031\261\321\255\265G\351:\311\244\341e\335\343\013\003"";   nodeid: ""\000\000\000\000\000\000\000\000\000\000\000\000\000\000\000\000\000\000\000\000\000\000\000\000\000\000\000\000\000\000\000\000\000""; }; ","ledgerHash: ""\334~\226\217To9\305K\273\251\310C\346\240\200y\255\257[\242\221\010\215\235<BXHG\345s""; ledgerSeq: 0; type: liTS_CANDIDATE; nodes {;   nodedata: ""\212E\024\245\177Gt@\0016\263\323P\034\372\262\304\234\272\267\261\301\354}U\256\005""!&?\374\010\252\227\335C\245><\260o.\314q\300\360\306\353\3007w\177k\003\262\334\033f\316\261\024\r~\306\n\271\2308u\204$\232\233\200\350\017\307\016\321\211I\374\320\031\261\321\255\265G\351:\311\244\341e\335\343\013\003"";   nodeid: ""\000\000\000\000\000\000\000\000\000\000\000\000\000\000\000\000\000\000\000\000\000\000\000\000\000\000\000\000\000\000\000\000\000""; }; "
1750534078164,1750534078164,2605,1,0,3,TMLedgerData,"ledgerHash: ""N*\343\035DQ\037\327\260\207=\214\227\252\244\265\245\321\265v\200dSd\365\213|\n\352S\362\370""; ledgerSeq: 0; type: liTS_CANDIDATE; nodes {;   nodedata: ""\212E\024\245\177Gt@\0016\263\323P\034\372\262\304\234\272\267\261\301\354}U\256\005""!&?\374\010\271\2308u\204$\232\233\200\350\017\307\016\321\211I\374\320\031\261\321\255\265G\351:\311\244\341e\335\343\013\003"";   nodeid: ""\000\000\000\000\000\000\000\000\000\000\000\000\000\000\000\000\000\000\000\000\000\000\000\000\000\000\000\000\000\000\000\000\000""; }; ","ledgerHash: ""N*\343\035DQ\037\327\260\207=\214\227\252\244\265\245\321\265v\200dSd\365\213|\n\352S\362\370""; ledgerSeq: 0; type: liTS_CANDIDATE; nodes {;   nodedata: ""\212E\024\245\177Gt@\0016\263\323P\034\372\262\304\234\272\267\261\301\354}U\256\005""!&?\374\010\271\2308u\204$\232\233\200\350\017\307\016\321\211I\374\320\031\261\321\255\265G\351:\311\244\341e\335\343\013\003"";   nodeid: ""\000\000\000\000\000\000\000\000\000\000\000\000\000\000\000\000\000\000\000\000\000\000\000\000\000\000\000\000\000\000\000\000\000""; }; "
